date,tmax,tmin,rain,rhmean,wmax,et0
2016-10-03,28.3,20.6,0.0,76,16.9,4.09
2016-10-04,28.4,22.3,0.0,77,14.8,3.36
2016-10-05,27.7,21.7,0.0,77,19.8,3.85
2016-10-06,27.8,22.6,0.4,78,15.6,3.19
2016-10-07,28.6,22.2,1.1,78,16.9,3.67
2016-10-08,26.4,22.5,18.4,88,15.5,2.2
2016-10-09,27.4,22.4,10.9,87,19.3,2.63
2016-10-10,29.5,22.0,0.3,81,18.0,3.95
2016-10-11,29.7,22.4,0.3,84,11.5,3.8
2016-10-12,30.4,21.1,0.0,74,10.3,4.62
2016-10-13,29.8,19.7,0.0,70,10.6,4.72
2016-10-14,29.2,18.7,0.0,64,11.1,4.92
2016-10-15,28.7,17.7,0.0,60,10.2,4.91
2016-10-16,28.5,17.7,0.0,60,10.0,4.55
2016-10-17,29.0,16.6,0.0,63,13.2,4.9
2016-10-18,28.8,18.1,0.0,64,12.1,4.85
2016-10-19,29.0,17.6,0.0,63,12.1,4.88
2016-10-20,29.1,17.7,0.0,64,13.0,4.85
2016-10-21,28.9,17.6,0.0,61,15.3,4.9
2016-10-22,28.9,16.6,0.0,63,13.4,4.79
2016-10-23,29.0,17.2,0.0,58,10.2,4.72
2016-10-24,29.2,19.1,0.0,59,9.5,4.52
2016-10-25,29.0,18.9,0.0,60,12.7,4.35
2016-10-26,29.0,17.5,0.0,61,15.6,4.8
2016-10-27,29.0,17.3,0.0,61,18.1,5.01
2016-10-28,29.1,18.3,0.0,59,14.4,4.63
2016-10-29,27.1,21.3,0.0,71,7.7,2.86
2016-10-30,28.5,20.7,1.1,82,11.6,3.21
2016-10-31,28.1,21.1,4.0,87,10.0,2.47
2016-11-01,29.1,20.1,0.0,72,14.0,4.22
2016-11-02,29.1,19.9,0.0,62,13.7,4.5
2016-11-03,29.7,20.0,0.0,65,11.0,4.55
2016-11-04,29.1,19.7,0.0,61,14.4,4.86
2016-11-05,28.4,19.0,0.0,59,14.0,4.03
2016-11-06,28.0,20.0,0.0,62,12.0,3.75
2016-11-07,28.3,17.1,0.0,53,16.4,5.15
2016-11-08,28.4,15.1,0.0,49,14.0,5.11
2016-11-09,28.3,14.4,0.0,53,11.0,4.7
2016-11-10,28.3,15.0,0.0,49,10.7,4.79
2016-11-11,28.4,14.1,0.0,52,10.3,4.79
2016-11-12,28.0,14.9,0.0,57,9.7,4.42
2016-11-13,28.6,17.0,0.0,66,10.0,4.15
2016-11-14,28.3,18.7,0.0,73,11.5,3.15
2016-11-15,28.7,19.7,0.6,79,8.1,3.44
2016-11-16,29.4,18.4,0.0,70,10.5,4.19
2016-11-17,28.7,19.2,0.0,63,11.0,4.28
2016-11-18,28.2,18.4,0.0,56,14.4,4.64
2016-11-19,28.2,15.2,0.0,52,12.5,4.6
2016-11-20,28.3,15.7,0.0,55,9.0,4.46
2016-11-21,28.6,15.0,0.0,54,10.9,4.57
2016-11-22,28.9,14.4,0.0,51,10.0,4.54
2016-11-23,28.9,14.7,0.0,52,10.0,4.69
2016-11-24,28.7,14.8,0.0,53,11.0,4.56
2016-11-25,29.3,14.4,0.0,53,12.2,4.75
2016-11-26,29.6,13.8,0.0,52,10.5,4.76
2016-11-27,30.5,14.1,0.0,52,14.0,4.92
2016-11-28,30.5,14.5,0.0,53,13.8,4.84
2016-11-29,30.1,14.6,0.0,52,10.2,4.57
2016-11-30,29.1,14.9,0.0,55,10.0,4.34
2016-12-01,29.4,16.6,0.0,60,13.5,4.22
2016-12-02,28.2,17.5,0.0,62,12.6,3.78
2016-12-03,27.6,20.7,1.8,76,13.6,2.82
2016-12-04,27.8,20.0,0.0,78,10.5,2.77
2016-12-05,28.6,18.5,0.0,65,13.0,4.13
2016-12-06,27.7,15.4,0.0,59,10.7,4.11
2016-12-07,28.1,15.4,0.0,62,10.7,4.01
2016-12-08,27.8,14.4,0.0,58,10.5,4.27
2016-12-09,27.3,13.5,0.0,55,11.8,4.3
2016-12-10,27.2,12.8,0.0,53,12.9,4.33
2016-12-11,28.7,14.9,0.0,50,14.5,4.66
2016-12-12,28.4,18.1,0.0,50,17.4,4.66
2016-12-13,26.3,19.4,0.3,69,22.1,2.86
2016-12-14,25.3,20.7,2.4,86,13.6,1.79
2016-12-15,28.0,19.0,0.0,75,11.5,3.04
2016-12-16,28.0,18.1,0.0,73,9.1,3.17
2016-12-17,28.7,17.3,0.0,60,10.5,4.17
2016-12-18,28.2,15.1,0.0,52,12.1,4.42
2016-12-19,27.6,13.7,0.0,49,9.7,4.33
2016-12-20,27.2,12.5,0.0,52,9.6,4.18
2016-12-21,28.2,15.7,0.0,47,10.9,4.46
2016-12-22,29.1,12.4,0.0,50,11.1,4.64
2016-12-23,29.0,13.0,0.0,50,11.7,4.65
2016-12-24,28.3,14.9,0.0,44,10.7,4.67
2016-12-25,28.6,12.6,0.0,52,9.4,4.23
2016-12-26,29.1,15.4,0.0,60,11.0,4.25
2016-12-27,27.7,14.9,0.0,47,12.2,4.56
2016-12-28,27.1,12.6,0.0,49,10.2,4.29
2016-12-29,27.1,14.2,0.0,66,11.2,3.88
2016-12-30,28.2,15.7,0.0,64,9.4,3.97
2016-12-31,28.0,14.7,0.0,65,10.2,4.06
2017-01-01,28.4,15.4,0.0,61,9.6,4.09
2017-01-02,29.0,16.7,0.0,58,9.0,3.95
2017-01-03,28.3,16.3,0.0,57,10.4,4.19
2017-01-04,27.2,14.0,0.0,52,9.6,4.14
2017-01-05,27.8,15.2,0.0,50,9.2,4.27
2017-01-06,27.9,12.7,0.0,44,9.4,3.85
2017-01-07,28.5,13.9,0.0,55,10.9,4.21
2017-01-08,28.0,16.2,0.0,65,11.9,3.83
2017-01-09,28.1,16.5,0.0,58,13.6,3.97
2017-01-10,27.6,16.4,0.0,55,10.0,3.72
2017-01-11,27.2,16.5,0.0,50,11.5,4.33
2017-01-12,26.4,14.4,0.0,53,10.5,4.06
2017-01-13,26.8,14.6,0.0,56,11.6,4.01
2017-01-14,26.5,16.3,0.0,55,14.6,3.95
2017-01-15,27.5,16.0,0.0,59,16.3,4.27
2017-01-16,28.4,15.7,0.0,54,9.8,4.39
2017-01-17,28.4,15.1,0.0,51,12.2,4.7
2017-01-18,27.8,15.7,0.0,54,15.0,4.72
2017-01-19,26.8,15.2,0.0,62,13.7,4.21
2017-01-20,28.1,15.2,0.0,58,13.1,4.56
2017-01-21,29.0,15.8,0.0,50,15.7,4.96
2017-01-22,29.6,16.9,0.0,48,12.0,4.7
2017-01-23,30.1,17.1,0.0,55,13.6,4.79
2017-01-24,29.5,16.9,0.0,56,14.3,4.86
2017-01-25,28.6,16.2,0.0,59,12.3,4.6
2017-01-26,26.5,18.1,0.0,66,12.1,2.5
2017-01-27,28.3,17.9,0.0,63,8.4,3.13
2017-01-28,29.7,18.1,0.0,60,10.3,4.27
2017-01-29,29.8,18.4,0.0,50,11.5,4.66
2017-01-30,30.0,16.1,0.0,44,11.1,5.15
2017-01-31,30.8,17.3,0.0,49,9.4,4.77
2017-02-01,31.1,18.2,0.0,50,11.6,5.1
2017-02-02,30.5,17.4,0.0,54,13.5,5.1
2017-02-03,30.4,17.3,0.0,56,11.6,4.93
2017-02-04,30.6,17.5,0.0,46,12.8,5.23
2017-02-05,30.3,15.6,0.0,55,10.3,4.92
2017-02-06,31.1,17.0,0.0,51,8.9,4.73
2017-02-07,31.2,17.8,0.0,48,10.1,5.05
2017-02-08,31.5,18.3,0.0,47,11.6,5.26
2017-02-09,31.6,18.0,0.0,46,10.0,5.2
2017-02-10,31.7,18.8,0.0,43,13.8,5.75
2017-02-11,31.1,17.9,0.0,41,17.1,6.26
2017-02-12,29.0,17.5,0.0,49,14.9,5.43
2017-02-13,29.5,17.1,0.0,56,17.1,5.25
2017-02-14,30.0,17.1,0.0,53,14.1,5.26
2017-02-15,30.0,18.0,0.0,54,14.6,5.18
2017-02-16,30.9,16.8,0.0,50,12.8,5.4
2017-02-17,31.4,17.5,0.0,48,18.2,5.82
2017-02-18,31.9,17.7,0.0,46,15.5,5.76
2017-02-19,32.8,17.0,0.0,48,13.0,5.82
2017-02-20,34.6,17.0,0.0,41,11.2,5.8
2017-02-21,34.5,17.8,0.0,38,12.0,5.95
2017-02-22,34.8,19.0,0.0,40,11.0,6.0
2017-02-23,34.8,22.1,0.0,39,10.5,5.84
2017-02-24,34.7,19.8,0.0,34,10.7,6.21
2017-02-25,33.0,19.0,0.0,34,11.8,6.43
2017-02-26,33.0,17.4,0.0,29,15.0,6.82
2017-02-27,32.8,19.0,0.0,34,15.0,6.15
2017-02-28,33.8,17.6,0.0,39,14.5,6.26
2017-03-01,33.2,18.4,0.0,35,11.5,6.33
2017-03-02,33.5,18.1,0.0,36,14.4,6.72
2017-03-03,33.8,19.2,0.0,24,17.4,7.44
2017-03-04,33.8,17.6,0.0,42,13.3,6.18
2017-03-05,33.1,19.4,0.0,59,14.7,4.98
2017-03-06,33.0,20.6,0.0,57,17.6,4.99
2017-03-07,32.6,21.9,0.2,62,17.6,5.21
2017-03-08,34.3,21.5,0.0,52,17.1,6.25
2017-03-09,34.1,20.0,0.0,57,16.3,5.79
2017-03-10,33.8,21.8,0.0,51,19.7,6.62
2017-03-11,32.3,19.8,0.0,30,16.7,7.3
2017-03-12,31.5,17.1,0.0,35,14.1,6.28
2017-03-13,33.2,17.9,0.0,37,10.0,6.13
2017-03-14,31.9,20.8,0.0,50,16.9,5.38
2017-03-15,31.5,21.8,0.2,64,13.5,4.55
2017-03-16,32.0,22.2,3.4,59,10.8,4.8
2017-03-17,32.2,21.0,1.5,59,10.6,4.9
2017-03-18,33.7,19.0,0.0,44,15.3,6.48
2017-03-19,34.3,20.6,0.0,43,13.9,6.36
2017-03-20,33.8,22.0,0.0,40,13.6,6.74
2017-03-21,34.2,20.5,0.0,37,11.9,6.62
2017-03-22,34.7,19.6,0.0,35,10.6,6.75
2017-03-23,35.8,20.2,0.0,41,11.2,6.75
2017-03-24,36.5,21.5,0.0,39,10.8,6.69
2017-03-25,36.0,22.5,0.0,36,10.7,6.12
2017-03-26,37.6,22.7,0.0,39,13.3,6.41
2017-03-27,37.0,23.2,0.0,38,13.3,6.73
2017-03-28,37.0,24.0,0.0,34,10.5,6.58
2017-03-29,37.7,23.2,0.0,42,11.7,6.58
2017-03-30,36.6,24.2,0.0,39,14.5,6.05
2017-03-31,38.8,24.4,0.0,39,16.3,7.41
2017-04-01,37.4,25.0,0.0,38,17.6,6.65
2017-04-02,37.5,24.8,0.0,41,15.2,6.25
2017-04-03,37.0,23.9,0.3,43,11.4,6.28
2017-04-04,36.5,23.8,0.4,51,11.8,6.05
2017-04-05,36.5,24.3,1.5,53,14.4,5.93
2017-04-06,37.4,24.4,0.0,45,13.0,6.55
2017-04-07,35.8,25.0,0.4,51,11.9,5.33
2017-04-08,36.3,24.7,0.0,48,11.1,6.18
2017-04-09,38.0,25.0,0.0,43,10.0,6.36
2017-04-10,37.7,24.6,0.5,40,12.3,6.35
2017-04-11,38.1,22.4,0.0,27,16.0,8.07
2017-04-12,37.9,20.8,0.0,28,12.0,7.47
2017-04-13,38.5,20.8,0.0,29,10.6,7.56
2017-04-14,37.4,22.3,0.0,33,10.5,6.78
2017-04-15,38.5,24.4,0.1,32,12.4,7.45
2017-04-16,40.0,23.6,0.0,28,12.6,7.77
2017-04-17,40.5,25.5,0.0,23,17.7,8.9
2017-04-18,39.7,23.9,0.0,28,13.6,7.97
2017-04-19,38.0,24.2,0.0,41,13.4,6.1
2017-04-20,39.7,24.0,0.0,33,13.9,6.36
2017-04-21,39.2,25.5,0.0,28,17.6,8.11
2017-04-22,38.8,26.3,0.0,25,17.2,8.62
2017-04-23,38.5,25.8,0.0,24,17.7,8.5
2017-04-24,38.8,26.5,0.0,25,18.6,8.52
2017-04-25,38.4,23.8,0.0,27,15.1,7.81
2017-04-26,38.5,24.6,0.0,25,14.8,7.4
2017-04-27,37.5,24.6,0.0,29,13.4,6.3
2017-04-28,36.9,23.8,1.6,36,16.8,6.78
2017-04-29,37.0,24.9,0.0,36,18.2,6.8
2017-04-30,36.5,24.5,0.3,39,14.1,6.14
2017-05-01,35.8,23.6,2.2,43,16.3,6.19
2017-05-02,35.9,23.1,0.3,49,12.8,6.58
2017-05-03,36.3,25.0,0.2,47,13.3,6.59
2017-05-04,38.7,25.2,0.0,40,16.4,6.43
2017-05-05,38.0,25.9,0.1,36,10.5,6.37
2017-05-06,38.1,25.8,0.5,42,22.1,6.67
2017-05-07,36.5,25.4,0.0,48,14.0,6.13
2017-05-08,37.8,25.1,0.0,46,13.7,5.97
2017-05-09,38.7,25.6,0.0,42,11.1,6.27
2017-05-10,36.9,24.9,0.2,48,11.9,6.12
2017-05-11,35.8,25.3,1.4,52,10.8,5.64
2017-05-12,36.3,25.9,0.1,51,12.5,6.0
2017-05-13,38.2,25.6,0.1,43,10.8,6.66
2017-05-14,38.7,26.5,0.5,43,14.2,6.3
2017-05-15,39.1,27.7,0.0,41,21.4,7.7
2017-05-16,40.0,28.2,0.1,37,17.7,7.57
2017-05-17,38.9,28.6,0.1,36,18.4,7.8
2017-05-18,39.2,28.0,0.0,35,18.6,7.75
2017-05-19,39.9,27.9,0.0,30,20.5,7.82
2017-05-20,40.1,27.4,0.2,28,19.4,8.09
2017-05-21,40.2,26.3,0.0,27,14.1,7.57
2017-05-22,38.8,28.0,0.1,29,15.6,7.66
2017-05-23,39.9,28.1,0.0,27,18.4,8.03
2017-05-24,40.7,27.8,0.0,29,15.0,7.69
2017-05-25,39.8,28.7,0.0,37,12.4,6.53
2017-05-26,39.3,28.5,0.0,37,23.4,6.32
2017-05-27,38.7,28.0,4.5,43,22.0,7.17
2017-05-28,37.7,26.4,3.1,47,20.3,5.82
2017-05-29,37.9,27.5,0.1,44,25.2,8.11
2017-05-30,37.0,27.0,0.0,46,25.8,8.82
2017-05-31,36.3,26.5,0.0,49,19.0,7.47
2017-06-01,36.5,27.2,0.0,50,16.0,6.44
2017-06-02,36.5,28.2,0.6,47,14.3,5.99
2017-06-03,37.0,25.4,5.1,51,21.7,6.42
2017-06-04,34.8,25.3,1.8,64,22.1,5.07
2017-06-05,36.0,25.3,4.1,58,22.0,6.4
2017-06-06,33.0,24.6,3.5,68,20.6,5.16
2017-06-07,31.3,24.0,12.5,75,21.9,4.66
2017-06-08,31.0,23.4,6.0,75,23.1,3.8
2017-06-09,30.5,24.4,7.6,72,22.6,4.01
2017-06-10,31.1,24.0,3.6,75,16.7,4.11
2017-06-11,31.5,23.9,5.1,77,18.0,3.75
2017-06-12,29.0,23.7,2.8,76,23.6,3.66
2017-06-13,27.8,23.7,15.4,84,18.7,2.36
2017-06-14,30.0,23.6,5.3,82,16.9,3.37
2017-06-15,30.6,24.2,24.3,85,17.6,3.01
2017-06-16,28.1,23.0,18.0,85,15.5,1.92
2017-06-17,29.5,23.2,10.4,83,14.4,3.07
2017-06-18,29.7,24.0,10.8,80,16.5,3.65
2017-06-19,29.8,23.8,8.5,84,19.0,3.24
2017-06-20,29.4,23.8,4.6,76,23.4,4.05
2017-06-21,31.2,24.0,1.1,70,22.3,5.46
2017-06-22,30.8,24.0,0.1,65,24.4,5.7
2017-06-23,29.5,24.5,2.0,71,21.4,4.86
2017-06-24,30.6,24.4,2.1,71,24.1,4.94
2017-06-25,30.1,24.1,6.3,74,21.4,4.24
2017-06-26,27.5,23.1,5.4,82,22.3,2.62
2017-06-27,28.8,22.8,6.9,77,26.0,3.24
2017-06-28,26.6,22.6,2.8,80,29.0,2.54
2017-06-29,29.9,22.9,0.7,75,29.5,4.05
2017-06-30,29.7,23.9,6.7,70,29.9,4.81
2017-07-01,28.9,23.9,0.4,71,25.1,3.7
2017-07-02,28.9,23.6,1.2,71,27.7,3.65
2017-07-03,29.9,23.8,0.4,69,24.9,4.3
2017-07-04,30.0,23.2,0.4,67,26.6,5.08
2017-07-05,30.8,23.8,0.5,68,24.5,5.17
2017-07-06,29.4,23.5,3.8,78,21.2,3.13
2017-07-07,30.1,23.9,1.5,72,19.7,4.54
2017-07-08,30.5,23.6,0.0,72,21.9,4.7
2017-07-09,29.6,23.5,4.2,74,18.0,4.27
2017-07-10,30.7,23.5,11.9,79,18.5,3.99
2017-07-11,28.1,24.0,6.1,77,16.8,3.03
2017-07-12,29.0,23.7,0.2,70,25.0,4.28
2017-07-13,27.6,23.5,3.1,73,26.6,3.55
2017-07-14,27.5,23.0,3.7,77,28.1,3.3
2017-07-15,30.0,22.5,0.8,71,29.9,4.25
2017-07-16,25.7,22.4,10.6,83,25.2,1.98
2017-07-17,24.4,22.5,30.0,88,25.2,1.66
2017-07-18,24.4,22.0,38.8,91,28.1,1.25
2017-07-19,27.1,22.1,11.5,84,33.2,3.37
2017-07-20,28.2,23.1,3.1,78,29.1,3.59
2017-07-21,30.0,23.8,0.1,71,32.1,5.01
2017-07-22,30.4,23.6,0.0,68,30.7,5.31
2017-07-23,29.5,23.2,0.0,67,30.7,5.33
2017-07-24,29.9,23.0,1.1,70,28.7,4.93
2017-07-25,30.0,23.0,0.3,69,28.1,5.08
2017-07-26,29.8,23.0,0.5,69,27.4,4.66
2017-07-27,29.6,23.3,0.8,70,25.0,4.66
2017-07-28,28.5,23.9,4.1,74,21.3,4.14
2017-07-29,29.5,23.6,0.7,73,19.2,4.37
2017-07-30,30.4,24.1,0.0,73,19.0,4.9
2017-07-31,30.7,24.6,0.2,69,19.5,5.41
2017-08-01,31.0,24.8,0.0,69,17.9,5.38
2017-08-02,30.2,25.0,0.1,68,18.3,5.12
2017-08-03,30.1,24.4,0.9,69,22.3,5.05
2017-08-04,28.5,24.0,1.7,75,20.3,3.22
2017-08-05,27.9,24.2,0.3,73,22.9,3.1
2017-08-06,30.1,24.0,0.5,74,19.2,4.13
2017-08-07,28.4,23.2,1.0,80,16.5,3.14
2017-08-08,28.9,23.2,3.7,81,16.8,2.9
2017-08-09,26.4,23.6,16.3,88,14.9,1.14
2017-08-10,29.6,22.6,1.3,83,15.5,3.82
2017-08-11,29.2,22.7,8.4,82,15.8,3.6
2017-08-12,28.4,23.0,3.2,80,17.2,3.25
2017-08-13,27.2,23.3,3.4,83,17.8,2.43
2017-08-14,27.5,22.6,0.9,81,12.3,2.75
2017-08-15,29.0,22.1,1.8,80,14.8,3.95
2017-08-16,28.2,23.0,1.6,81,16.9,3.63
2017-08-17,28.8,24.0,3.2,80,17.6,3.22
2017-08-18,24.9,23.0,17.2,86,18.8,1.59
2017-08-19,24.2,22.4,33.3,88,28.4,1.43
2017-08-20,26.4,21.6,7.2,81,31.4,3.61
2017-08-21,27.8,21.9,11.6,80,21.0,3.58
2017-08-22,29.6,22.3,6.2,82,17.0,3.7
2017-08-23,29.6,22.7,5.7,81,16.9,3.88
2017-08-24,28.9,23.1,10.6,82,19.1,3.59
2017-08-25,28.8,22.9,0.9,79,19.1,3.66
2017-08-26,28.2,22.8,5.7,84,20.5,3.61
2017-08-27,26.9,22.9,4.0,88,17.7,1.85
2017-08-28,25.9,22.6,26.5,91,19.0,1.61
2017-08-29,28.0,22.5,30.1,85,24.5,2.79
2017-08-30,29.5,22.8,0.0,77,21.3,4.19
2017-08-31,29.3,22.8,0.0,75,18.7,4.53
2017-09-01,30.0,22.7,0.0,75,15.0,4.49
2017-09-02,30.0,22.3,0.3,76,11.5,4.63
2017-09-03,29.8,22.8,0.5,80,13.9,4.25
2017-09-04,29.5,23.4,0.9,81,12.8,3.96
2017-09-05,28.8,23.1,3.3,85,11.8,3.1
2017-09-06,29.0,23.5,7.5,87,10.6,2.71
2017-09-07,30.1,22.9,3.9,85,11.4,3.99
2017-09-08,29.5,23.0,4.9,82,9.5,3.9
2017-09-09,30.7,22.7,0.0,78,10.6,4.89
2017-09-10,30.5,23.2,0.0,78,15.9,4.68
2017-09-11,30.0,23.2,0.2,81,18.3,4.11
2017-09-12,29.7,23.3,0.5,81,15.3,4.04
2017-09-13,30.9,23.0,9.5,82,11.8,4.01
2017-09-14,29.6,23.0,4.3,83,11.9,3.33
2017-09-15,28.4,22.8,2.2,84,14.7,3.16
2017-09-16,30.0,22.8,1.9,82,11.2,3.99
2017-09-17,29.6,22.8,4.0,83,19.3,3.4
2017-09-18,27.7,22.5,3.7,81,25.2,3.41
2017-09-19,27.4,22.5,1.4,79,27.8,3.37
2017-09-20,27.0,22.7,0.1,78,23.4,2.83
2017-09-21,27.0,22.6,1.4,78,24.5,3.15
2017-09-22,29.2,21.9,1.0,77,15.6,3.77
2017-09-23,29.6,22.5,2.8,81,10.8,3.77
2017-09-24,30.5,22.5,0.4,77,10.8,4.06
2017-09-25,29.0,23.0,0.2,80,12.4,2.78
2017-09-26,30.8,22.6,6.5,81,11.5,3.31
2017-09-27,30.4,22.9,1.9,79,12.9,3.69
2017-09-28,28.7,22.9,11.8,88,8.6,2.7
2017-09-29,27.9,22.2,8.6,88,8.0,2.71
2017-09-30,30.5,22.4,6.0,86,11.5,3.33
2017-10-01,30.5,22.8,4.0,81,9.2,3.65
2017-10-02,29.2,22.6,12.5,88,12.8,3.1
2017-10-03,28.6,22.1,3.4,89,8.3,2.54
2017-10-04,29.0,21.5,7.5,88,7.9,2.74
2017-10-05,28.0,22.6,11.8,88,10.7,2.5
2017-10-06,28.4,22.1,5.1,89,11.4,3.19
2017-10-07,29.0,22.0,7.4,88,10.9,3.41
2017-10-08,27.8,22.7,3.1,88,10.0,2.84
2017-10-09,29.2,22.2,19.8,85,11.2,3.07
2017-10-10,28.6,22.2,7.4,88,10.1,2.61
2017-10-11,28.5,21.9,9.8,88,6.9,2.76
2017-10-12,29.4,21.6,1.1,86,8.0,3.42
2017-10-13,28.6,22.1,7.0,88,6.5,2.9
2017-10-14,29.6,22.8,0.7,85,8.0,3.49
2017-10-15,30.0,22.9,2.4,87,9.7,3.56
2017-10-16,30.7,22.4,0.4,81,13.0,4.07
2017-10-17,30.6,21.4,0.0,74,12.6,4.27
2017-10-18,31.0,20.4,0.0,64,15.7,5.08
2017-10-19,29.8,19.0,0.0,64,13.0,4.67
2017-10-20,30.1,20.9,0.0,64,12.4,4.12
2017-10-21,27.3,22.8,0.0,66,13.8,3.02
2017-10-22,29.8,22.2,1.8,79,10.4,3.71
2017-10-23,29.9,22.2,2.2,83,10.9,3.63
2017-10-24,30.5,22.2,0.2,77,11.0,4.01
2017-10-25,28.5,21.4,0.5,79,14.1,3.63
2017-10-26,28.6,20.6,0.2,77,11.5,3.62
2017-10-27,29.4,20.3,0.0,70,8.3,4.27
2017-10-28,29.1,20.2,0.0,69,9.4,3.77
2017-10-29,28.6,18.3,0.0,67,11.0,4.37
2017-10-30,29.2,18.2,0.0,62,13.8,4.77
2017-10-31,28.8,18.9,0.0,59,15.7,4.82
2017-11-01,29.0,17.9,0.0,56,13.9,4.94
2017-11-02,28.3,17.0,0.0,58,13.0,4.83
2017-11-03,28.1,17.5,0.0,58,15.0,4.77
2017-11-04,28.2,18.4,0.0,59,13.4,4.7
2017-11-05,29.2,19.2,0.0,60,15.6,4.63
2017-11-06,29.4,18.5,0.0,62,12.2,4.52
2017-11-07,29.1,17.7,0.0,60,9.7,4.46
2017-11-08,28.8,18.4,0.0,61,11.4,4.2
2017-11-09,29.1,17.8,0.0,57,10.0,4.51
2017-11-10,28.6,16.9,0.0,55,10.6,4.65
2017-11-11,28.4,17.1,0.0,52,12.8,4.88
2017-11-12,29.1,15.7,0.0,57,10.8,4.46
2017-11-13,29.6,18.2,0.0,52,11.8,4.68
2017-11-14,30.5,19.2,0.0,62,10.1,3.71
2017-11-15,30.0,21.5,0.1,62,17.1,4.29
2017-11-16,31.0,20.5,0.2,62,13.3,4.6
2017-11-17,30.4,18.9,0.0,69,9.1,4.06
2017-11-18,29.9,20.4,0.0,66,8.8,3.45
2017-11-19,29.6,22.2,0.0,67,12.5,3.35
2017-11-20,30.1,20.0,0.1,66,10.4,3.87
2017-11-21,29.9,21.0,0.3,72,13.4,3.58
2017-11-22,30.5,20.5,0.0,68,10.7,3.82
2017-11-23,30.1,20.5,0.0,65,11.3,3.68
2017-11-24,30.6,20.6,0.0,65,11.6,3.77
2017-11-25,29.7,19.4,0.0,61,12.6,4.29
2017-11-26,28.8,17.0,0.0,64,10.1,4.07
2017-11-27,29.1,16.9,0.0,57,10.2,4.28
2017-11-28,28.6,16.0,0.0,53,9.3,4.23
2017-11-29,27.8,15.1,0.0,63,11.4,4.14
2017-11-30,28.5,15.9,0.0,64,10.5,4.12
2017-12-01,27.6,18.2,0.0,65,13.7,3.83
2017-12-02,26.9,17.5,0.0,70,15.5,3.75
2017-12-03,27.0,15.6,0.0,69,14.7,3.92
2017-12-04,27.4,17.0,0.0,69,13.3,3.79
2017-12-05,27.8,17.5,0.0,68,16.4,4.0
2017-12-06,28.7,18.0,0.0,69,14.3,3.47
2017-12-07,29.2,17.7,0.0,68,9.5,3.84
2017-12-08,30.2,18.5,0.0,56,14.4,4.5
2017-12-09,29.4,18.8,0.0,54,14.7,4.51
2017-12-10,29.0,17.1,0.0,54,11.3,4.33
2017-12-11,29.1,14.9,0.0,50,10.0,4.02
2017-12-12,29.5,15.9,0.0,51,9.1,3.96
2017-12-13,29.5,16.1,0.0,61,10.5,3.93
2017-12-14,29.4,17.6,0.0,63,14.4,3.9
2017-12-15,28.2,17.8,0.0,69,12.9,3.76
2017-12-16,27.6,16.2,0.0,65,13.9,3.89
2017-12-17,27.7,16.1,0.0,61,14.4,4.07
2017-12-18,27.1,16.7,0.0,56,16.1,4.21
2017-12-19,27.5,14.8,0.0,49,13.7,4.41
2017-12-20,27.3,14.9,0.0,54,10.8,4.16
2017-12-21,27.2,13.4,0.0,55,10.3,4.04
2017-12-22,27.9,14.4,0.0,54,10.5,4.02
2017-12-23,28.0,14.9,0.0,58,9.5,3.96
2017-12-24,27.5,14.2,0.0,68,10.0,3.65
2017-12-25,28.8,16.3,0.0,64,10.1,3.88
2017-12-26,28.1,15.1,0.0,54,12.6,4.38
2017-12-27,27.0,12.9,0.0,49,10.9,4.33
2017-12-28,27.1,14.1,0.0,51,10.8,4.18
2017-12-29,26.6,12.1,0.0,60,11.8,3.99
2017-12-30,26.8,12.8,0.0,58,10.9,4.02
2017-12-31,27.3,14.9,0.0,56,8.8,3.72
2018-01-01,28.0,16.6,0.0,56,9.8,3.74
2018-01-02,27.9,17.2,0.0,54,8.7,3.69
2018-01-03,26.9,16.7,0.0,57,11.0,3.33
2018-01-04,27.2,15.1,0.0,52,13.8,4.16
2018-01-05,27.2,14.1,0.0,52,9.7,4.04
2018-01-06,26.8,15.8,0.0,52,10.3,3.86
2018-01-07,27.0,13.6,0.0,54,9.3,3.9
2018-01-08,26.5,14.4,0.0,55,12.5,4.14
2018-01-09,26.7,14.4,0.0,64,11.6,3.75
2018-01-10,28.5,16.0,0.0,62,13.0,4.0
2018-01-11,29.5,16.9,0.0,66,9.4,3.67
2018-01-12,30.5,17.8,0.0,53,9.5,4.31
2018-01-13,30.5,17.6,0.0,49,13.1,4.66
2018-01-14,30.6,16.9,0.0,49,10.2,4.62
2018-01-15,29.8,19.2,0.0,59,9.6,3.58
2018-01-16,29.8,17.0,0.0,54,10.5,4.36
2018-01-17,29.5,16.5,0.0,53,11.2,4.5
2018-01-18,28.7,17.3,0.0,52,13.4,4.43
2018-01-19,28.7,16.5,0.0,49,9.6,4.43
2018-01-20,28.0,15.8,0.0,45,10.1,4.35
2018-01-21,28.0,14.2,0.0,52,10.3,4.46
2018-01-22,27.7,14.1,0.0,60,10.6,4.19
2018-01-23,28.4,15.2,0.0,58,11.1,4.08
2018-01-24,28.6,15.4,0.0,57,14.1,4.16
2018-01-25,28.8,15.4,0.0,47,10.1,4.45
2018-01-26,28.5,14.8,0.0,45,10.2,4.42
2018-01-27,28.2,14.8,0.0,51,10.4,4.27
2018-01-28,28.6,15.6,0.0,53,10.2,4.52
2018-01-29,28.6,15.9,0.0,57,10.8,4.51
2018-01-30,29.3,14.6,0.0,46,13.2,5.04
2018-01-31,30.1,14.6,0.0,38,12.2,5.11
2018-02-01,30.2,14.3,0.0,38,13.4,5.27
2018-02-02,30.2,13.7,0.0,36,11.8,5.06
2018-02-03,29.9,16.4,0.0,38,11.8,5.35
2018-02-04,29.9,15.6,0.0,41,12.5,5.17
2018-02-05,29.1,15.4,0.0,50,15.0,4.8
2018-02-06,28.2,14.6,0.0,54,16.7,4.62
2018-02-07,28.8,18.0,0.3,53,14.5,3.16
2018-02-08,30.8,17.8,0.0,54,7.8,4.4
2018-02-09,30.7,18.5,0.0,46,12.5,4.86
2018-02-10,29.5,18.4,0.1,54,11.5,3.39
2018-02-11,30.0,19.1,0.1,55,18.4,4.88
2018-02-12,30.0,18.3,0.1,63,15.6,4.62
2018-02-13,30.2,18.2,0.0,56,13.9,4.88
2018-02-14,29.8,18.5,0.0,53,15.3,5.16
2018-02-15,30.0,17.2,0.0,53,13.7,4.92
2018-02-16,30.5,17.6,0.0,44,10.5,5.11
2018-02-17,31.8,16.7,0.0,40,10.7,5.43
2018-02-18,32.0,18.1,0.0,43,11.4,5.2
2018-02-19,32.2,18.1,0.0,49,13.3,5.21
2018-02-20,32.0,18.6,0.0,48,12.0,4.83
2018-02-21,31.8,19.3,0.0,47,13.0,5.03
2018-02-22,31.6,18.9,0.0,46,12.2,4.84
2018-02-23,32.2,18.5,0.0,43,11.5,5.81
2018-02-24,31.5,18.7,0.0,41,17.1,6.13
2018-02-25,31.9,17.3,0.0,41,16.4,6.2
2018-02-26,33.0,17.7,0.0,35,12.6,6.15
2018-02-27,33.2,18.6,0.0,34,15.8,6.03
2018-02-28,34.0,18.1,0.0,37,10.9,5.86
2018-03-01,33.7,18.0,0.0,34,11.4,6.12
2018-03-02,34.2,18.6,0.0,34,11.5,6.24
2018-03-03,34.5,20.2,0.0,32,11.3,6.15
2018-03-04,35.5,20.8,0.0,28,11.9,6.36
2018-03-05,35.2,19.5,0.0,28,12.6,6.72
2018-03-06,34.6,20.6,0.0,28,11.5,6.44
2018-03-07,34.9,19.6,0.0,28,16.6,7.2
2018-03-08,34.6,20.8,0.0,25,14.4,7.11
2018-03-09,34.8,19.5,0.0,33,11.4,6.56
2018-03-10,34.3,20.5,0.0,39,15.6,6.1
2018-03-11,33.4,22.3,0.0,39,10.5,5.56
2018-03-12,35.2,20.8,0.0,37,14.3,6.44
2018-03-13,34.8,20.8,0.0,38,13.7,6.53
2018-03-14,35.1,20.5,0.0,33,14.4,6.79
2018-03-15,34.0,24.0,0.0,39,16.9,5.29
2018-03-16,29.0,20.5,2.9,63,21.3,3.27
2018-03-17,29.0,19.4,0.1,72,11.0,3.87
2018-03-18,31.1,19.9,0.0,64,12.8,5.09
2018-03-19,33.0,19.9,0.0,55,10.4,5.42
2018-03-20,34.3,20.9,0.0,44,13.4,5.8
2018-03-21,34.0,23.0,0.4,44,16.8,5.68
2018-03-22,35.5,22.8,0.0,37,15.7,6.78
2018-03-23,35.7,21.6,0.0,31,13.2,6.78
2018-03-24,36.2,20.9,0.0,35,10.5,6.08
2018-03-25,35.8,21.5,0.0,44,14.6,6.26
2018-03-26,36.0,22.0,0.0,49,9.4,5.9
2018-03-27,36.5,22.0,0.0,40,10.6,6.36
2018-03-28,36.9,22.8,0.0,40,13.4,6.3
2018-03-29,37.0,23.0,0.0,48,10.9,5.95
2018-03-30,36.8,22.8,0.0,48,11.0,5.37
2018-03-31,36.7,22.2,0.3,49,18.4,5.92
2018-04-01,35.7,22.2,2.4,59,17.7,5.8
2018-04-02,34.5,22.8,0.1,64,18.7,5.26
2018-04-03,34.8,22.2,0.1,55,12.8,5.32
2018-04-04,34.8,21.8,0.9,56,11.3,5.41
2018-04-05,34.5,22.4,1.1,57,18.2,5.18
2018-04-06,34.4,22.4,3.2,57,16.0,5.03
2018-04-07,32.4,23.1,2.7,57,10.9,4.58
2018-04-08,32.9,20.5,1.7,65,15.5,4.33
2018-04-09,32.5,21.4,0.6,58,9.9,5.17
2018-04-10,33.0,22.0,0.3,55,11.7,5.29
2018-04-11,33.5,21.8,0.0,60,9.0,5.17
2018-04-12,34.3,22.1,2.2,56,7.7,5.3
2018-04-13,34.2,22.7,0.3,50,9.5,5.45
2018-04-14,34.8,23.5,0.1,55,10.1,5.2
2018-04-15,33.0,24.7,5.3,64,15.9,4.41
2018-04-16,34.8,23.3,0.0,56,9.7,5.4
2018-04-17,37.3,24.0,0.4,47,14.3,5.92
2018-04-18,37.1,24.6,0.3,48,9.4,5.79
2018-04-19,38.6,25.0,0.2,43,13.2,6.57
2018-04-20,38.5,25.7,0.0,36,17.4,7.51
2018-04-21,38.7,24.0,0.0,37,13.4,7.15
2018-04-22,37.0,23.9,0.0,50,15.1,6.27
2018-04-23,37.0,24.8,0.0,43,10.0,5.75
2018-04-24,38.5,25.1,0.0,36,16.1,6.36
2018-04-25,36.8,23.2,0.0,49,13.0,6.0
2018-04-26,37.0,25.1,0.4,47,14.8,5.83
2018-04-27,36.8,25.0,0.0,44,13.3,6.22
2018-04-28,36.2,23.5,0.1,44,15.3,5.94
2018-04-29,38.3,24.4,0.0,43,15.9,6.66
2018-04-30,39.8,26.4,0.0,33,16.3,7.52
2018-05-01,39.5,25.8,0.0,41,19.7,6.49
2018-05-02,38.2,25.0,0.0,54,17.1,5.99
2018-05-03,36.5,25.5,3.5,63,23.6,5.88
2018-05-04,35.2,23.3,0.0,59,14.1,5.6
2018-05-05,36.1,25.0,0.0,49,12.4,5.75
2018-05-06,36.8,25.3,0.0,45,15.7,6.11
2018-05-07,37.5,26.5,0.0,44,11.5,5.98
2018-05-08,38.3,26.6,0.6,44,16.1,6.43
2018-05-09,37.7,26.7,0.2,50,15.3,5.99
2018-05-10,37.1,26.7,0.3,49,16.4,6.31
2018-05-11,36.7,25.2,0.1,44,14.0,5.41
2018-05-12,37.2,25.3,0.2,47,15.8,6.23
2018-05-13,37.5,25.0,0.1,46,10.7,6.01
2018-05-14,36.5,25.2,0.7,48,11.4,6.19
2018-05-15,36.0,24.8,0.3,54,15.3,5.94
2018-05-16,36.5,24.9,0.3,50,11.7,5.93
2018-05-17,37.8,25.8,0.4,48,13.2,5.96
2018-05-18,35.2,25.5,1.0,53,18.1,5.68
2018-05-19,38.9,26.0,0.0,43,14.0,6.91
2018-05-20,38.5,26.0,0.0,42,15.6,6.7
2018-05-21,38.2,26.2,0.0,44,13.7,6.45
2018-05-22,37.5,26.8,2.1,49,12.1,5.88
2018-05-23,36.2,25.4,1.6,53,14.9,5.48
2018-05-24,36.9,26.4,3.4,54,14.3,5.5
2018-05-25,39.1,26.1,0.0,44,13.0,6.46
2018-05-26,38.3,25.6,0.3,48,15.2,6.9
2018-05-27,37.5,25.6,0.0,50,12.0,6.23
2018-05-28,38.5,26.7,0.2,44,10.6,6.43
2018-05-29,39.2,27.7,0.5,44,16.9,7.15
2018-05-30,38.8,27.5,0.2,48,17.3,6.59
2018-05-31,38.7,25.2,9.2,54,17.1,6.05
2018-06-01,35.0,24.9,4.1,62,11.8,4.69
2018-06-02,35.5,24.3,4.0,65,13.3,4.6
2018-06-03,35.8,25.8,2.3,57,14.0,5.99
2018-06-04,36.2,24.5,1.9,58,14.8,6.02
2018-06-05,36.0,25.1,1.2,64,15.5,5.78
2018-06-06,33.5,25.0,5.0,71,17.5,4.41
2018-06-07,30.1,23.4,11.6,80,18.2,3.34
2018-06-08,29.0,23.5,6.3,83,18.0,2.63
2018-06-09,29.6,23.6,2.2,78,19.8,3.78
2018-06-10,28.6,23.4,2.6,79,28.1,3.7
2018-06-11,28.6,23.5,8.8,81,25.6,2.41
2018-06-12,30.2,24.5,1.7,74,25.3,4.32
2018-06-13,31.9,24.2,0.0,66,27.9,5.47
2018-06-14,31.6,24.4,0.0,65,22.3,5.53
2018-06-15,33.0,24.5,0.0,65,20.3,6.38
2018-06-16,32.0,24.6,0.0,63,21.3,5.93
2018-06-17,30.0,24.9,0.4,64,24.5,5.21
2018-06-18,31.5,23.9,2.1,67,24.8,5.54
2018-06-19,32.2,23.4,0.0,65,22.4,5.63
2018-06-20,33.8,24.5,0.0,61,16.1,6.13
2018-06-21,33.6,25.1,1.3,62,15.0,5.52
2018-06-22,31.0,24.0,8.0,79,17.5,3.19
2018-06-23,29.4,23.0,9.0,81,16.7,3.63
2018-06-24,31.3,23.4,1.0,70,21.6,5.12
2018-06-25,31.5,23.5,0.4,70,28.3,5.42
2018-06-26,30.5,23.7,0.2,68,27.2,5.18
2018-06-27,28.1,23.5,2.1,74,23.4,3.11
2018-06-28,29.6,22.8,6.9,77,20.9,3.45
2018-06-29,30.8,23.7,0.1,68,15.8,4.44
2018-06-30,31.4,23.9,0.1,65,14.8,4.98
2018-07-01,32.0,24.3,0.0,64,14.5,5.01
2018-07-02,32.5,24.2,0.0,64,16.6,5.64
2018-07-03,31.0,23.5,2.7,69,23.1,5.04
2018-07-04,31.0,23.9,0.4,64,28.1,5.38
2018-07-05,31.0,23.5,0.1,67,28.8,5.0
2018-07-06,28.5,22.5,7.2,82,26.6,2.61
2018-07-07,27.2,22.9,13.9,85,25.8,2.34
2018-07-08,28.1,22.8,3.4,83,28.5,2.49
2018-07-09,28.0,22.2,19.2,86,30.1,2.83
2018-07-10,26.8,22.2,3.6,80,25.6,2.76
2018-07-11,26.5,22.6,15.5,86,25.0,2.48
2018-07-12,24.6,22.1,32.8,92,28.2,1.33
2018-07-13,27.8,22.5,2.7,83,26.4,2.7
2018-07-14,25.5,22.0,12.4,90,24.2,1.54
2018-07-15,25.1,22.4,15.8,90,28.7,1.67
2018-07-16,26.0,22.2,14.2,89,30.5,1.9
2018-07-17,29.2,22.2,5.2,80,35.4,4.62
2018-07-18,30.1,23.1,0.4,72,30.6,5.02
2018-07-19,29.8,23.0,2.6,74,30.3,4.83
2018-07-20,25.0,22.5,15.7,88,24.9,1.59
2018-07-21,26.8,22.0,9.4,86,23.8,1.92
2018-07-22,28.2,22.6,0.1,74,29.5,3.87
2018-07-23,29.0,22.8,0.8,76,24.2,4.27
2018-07-24,30.0,22.8,1.3,74,23.6,4.98
2018-07-25,30.0,23.1,1.0,71,25.9,4.97
2018-07-26,29.2,23.1,0.5,71,27.7,4.75
2018-07-27,28.6,22.4,3.3,76,24.5,3.59
2018-07-28,30.1,22.7,1.2,72,23.5,4.26
2018-07-29,30.6,23.2,0.1,69,25.2,4.94
2018-07-30,30.4,23.4,0.0,66,23.4,5.38
2018-07-31,30.2,23.2,0.5,67,24.8,5.44
2018-08-01,30.4,22.9,1.6,71,25.3,4.77
2018-08-02,30.1,23.0,1.1,71,27.9,4.61
2018-08-03,30.5,23.6,0.5,68,25.3,5.28
2018-08-04,31.1,23.4,1.2,70,26.4,5.16
2018-08-05,30.3,23.2,0.8,67,26.8,5.41
2018-08-06,29.7,23.4,0.6,67,27.6,4.97
2018-08-07,28.7,23.6,1.6,68,28.1,4.24
2018-08-08,25.0,22.1,7.6,85,24.1,1.85
2018-08-09,30.2,22.5,2.1,75,23.9,4.45
2018-08-10,30.0,22.8,4.0,75,28.1,4.28
2018-08-11,25.1,22.5,31.3,87,25.9,1.94
2018-08-12,25.0,22.0,31.3,88,29.3,1.72
2018-08-13,26.9,21.6,7.7,84,31.0,3.07
2018-08-14,27.1,22.0,4.0,85,27.8,2.54
2018-08-15,25.5,22.4,36.7,91,20.5,1.38
2018-08-16,24.0,22.4,38.7,90,34.1,1.56
2018-08-17,26.9,22.6,0.4,81,28.4,2.75
2018-08-18,27.7,22.5,0.4,76,29.5,3.22
2018-08-19,27.2,22.5,23.6,87,27.3,2.27
2018-08-20,23.3,22.0,54.4,92,27.0,1.06
2018-08-21,27.3,21.7,4.5,82,31.4,3.56
2018-08-22,29.3,21.9,1.6,78,27.0,4.26
2018-08-23,27.3,22.5,0.1,80,27.1,3.01
2018-08-24,28.8,22.9,0.4,76,26.2,4.18
2018-08-25,28.1,22.8,0.1,77,24.2,4.01
2018-08-26,28.0,22.5,8.2,81,24.9,3.21
2018-08-27,26.2,21.9,5.8,86,22.9,2.37
2018-08-28,28.6,22.1,1.2,81,23.8,4.16
2018-08-29,29.1,22.0,0.5,77,18.9,4.27
2018-08-30,29.0,22.6,0.3,75,20.6,4.62
2018-08-31,28.8,22.6,3.4,77,19.7,3.74
2018-09-01,28.6,22.4,0.2,75,19.4,4.09
2018-09-02,29.0,22.8,0.2,75,20.1,4.51
2018-09-03,29.2,22.5,0.0,76,21.0,4.14
2018-09-04,28.9,22.4,0.9,72,19.9,4.99
2018-09-05,28.8,22.9,0.6,69,23.8,5.27
2018-09-06,27.9,22.7,0.0,70,25.4,4.2
2018-09-07,29.1,22.6,0.0,68,25.7,5.09
2018-09-08,29.2,21.1,0.0,69,18.5,5.05
2018-09-09,30.1,19.6,0.2,71,12.0,4.75
2018-09-10,30.2,20.5,0.2,71,8.0,4.45
2018-09-11,30.2,22.5,1.9,79,9.7,3.8
2018-09-12,29.4,22.3,5.4,83,11.3,3.91
2018-09-13,29.9,21.7,0.6,77,8.3,3.83
2018-09-14,30.2,21.8,0.6,75,6.9,4.07
2018-09-15,29.8,22.8,5.1,76,6.8,3.87
2018-09-16,30.7,22.1,0.6,70,12.4,4.52
2018-09-17,30.6,22.8,2.5,80,13.1,3.67
2018-09-18,30.6,22.5,0.8,81,16.1,4.22
2018-09-19,28.6,23.1,2.5,80,17.3,2.61
2018-09-20,29.5,22.5,0.5,78,16.0,3.11
2018-09-21,24.6,22.0,25.6,86,22.4,1.35
2018-09-22,30.4,22.2,0.9,77,20.9,4.74
2018-09-23,30.0,21.5,0.1,77,8.7,4.3
2018-09-24,30.5,21.6,1.8,78,9.0,4.29
2018-09-25,30.5,22.6,8.2,81,8.6,4.25
2018-09-26,29.3,22.2,7.1,86,9.9,3.35
2018-09-27,30.2,22.0,1.8,83,9.0,3.91
2018-09-28,30.0,21.7,4.4,84,10.1,4.03
2018-09-29,29.9,21.8,1.5,85,13.1,4.05
2018-09-30,30.6,22.0,2.1,81,12.3,4.22
2018-10-01,31.2,22.8,2.7,82,13.0,4.4
2018-10-02,30.8,22.8,0.1,78,9.7,4.39
2018-10-03,31.0,21.9,0.0,77,11.0,4.55
2018-10-04,31.0,22.0,0.1,76,15.2,4.69
2018-10-05,31.0,21.4,0.0,70,16.6,5.21
2018-10-06,30.0,19.8,0.2,70,14.8,4.72
2018-10-07,30.5,20.7,0.9,71,14.6,4.69
2018-10-08,31.2,21.1,0.0,67,13.2,4.88
2018-10-09,31.8,20.0,0.0,61,15.7,5.25
2018-10-10,32.2,20.4,0.0,53,22.5,5.99
2018-10-11,31.8,22.0,0.0,50,20.6,5.66
2018-10-12,31.8,20.9,0.0,62,15.7,5.37
2018-10-13,31.2,20.1,0.0,67,9.5,4.44
2018-10-14,31.5,21.4,0.1,63,10.1,4.54
2018-10-15,30.5,21.5,5.2,74,12.0,3.4
2018-10-16,30.6,22.0,5.4,79,12.7,3.87
2018-10-17,29.5,22.1,4.0,85,17.6,2.84
2018-10-18,28.8,21.8,1.4,82,10.6,2.88
2018-10-19,29.9,19.5,0.0,71,12.8,4.5
2018-10-20,31.0,20.4,0.0,64,13.7,4.82
2018-10-21,31.0,21.2,0.0,64,12.0,4.56
2018-10-22,32.1,20.5,0.0,63,8.5,4.44
2018-10-23,32.2,21.4,0.1,62,8.0,4.41
2018-10-24,29.9,21.5,2.1,72,12.5,3.42
2018-10-25,31.0,20.0,0.0,63,11.2,4.62
2018-10-26,31.0,19.8,0.0,56,17.0,5.27
2018-10-27,31.4,19.0,0.0,49,15.8,5.3
2018-10-28,31.0,18.9,0.0,46,21.1,5.86
2018-10-29,29.5,18.9,0.0,45,19.7,5.84
2018-10-30,29.9,18.9,0.0,48,14.8,5.44
2018-10-31,30.3,18.1,0.0,52,14.5,5.21
2018-11-01,28.5,18.1,1.7,70,11.9,3.41
2018-11-02,29.8,21.1,0.1,72,15.5,3.73
2018-11-03,30.1,21.7,0.9,71,14.2,4.07
2018-11-04,30.2,21.5,0.2,70,15.3,4.19
2018-11-05,31.0,21.1,0.1,69,9.2,3.89
2018-11-06,30.5,20.6,0.8,66,10.8,3.9
2018-11-07,31.2,21.4,0.5,63,10.1,4.25
2018-11-08,30.7,20.3,0.4,64,9.2,4.21
2018-11-09,31.3,19.3,0.0,61,8.3,4.27
2018-11-10,31.5,19.6,0.0,54,10.8,4.89
2018-11-11,31.2,17.2,0.0,45,11.9,5.15
2018-11-12,30.4,17.0,0.0,42,15.0,5.57
2018-11-13,30.2,15.7,0.0,47,11.9,5.03
2018-11-14,30.6,17.0,0.0,47,10.3,4.85
2018-11-15,31.6,16.4,0.0,48,13.0,5.18
2018-11-16,31.3,18.9,0.0,60,14.1,4.0
2018-11-17,30.8,21.6,0.6,74,12.6,3.58
2018-11-18,30.6,21.6,0.5,74,13.4,3.66
2018-11-19,30.0,21.0,0.1,73,13.6,3.68
2018-11-20,30.6,20.5,0.0,67,12.2,4.07
2018-11-21,31.0,19.3,0.0,61,15.6,4.76
2018-11-22,29.4,19.1,0.0,64,16.4,4.4
2018-11-23,29.4,20.0,0.0,61,10.6,3.2
2018-11-24,30.0,18.5,0.0,56,13.4,4.47
2018-11-25,29.8,17.6,0.0,46,11.2,4.81
2018-11-26,29.6,15.9,0.0,45,10.7,4.79
2018-11-27,28.5,15.3,0.0,53,11.5,4.38
2018-11-28,28.4,15.9,0.0,59,13.9,4.32
2018-11-29,28.9,15.8,0.0,58,9.2,4.1
2018-11-30,28.5,16.4,0.0,52,9.0,4.27
2018-12-01,28.3,17.4,0.0,53,10.1,4.25
2018-12-02,28.1,16.0,0.0,61,10.1,3.92
2018-12-03,27.5,16.5,0.0,63,11.2,3.62
2018-12-04,28.4,17.5,0.0,67,14.2,2.94
2018-12-05,29.5,19.0,0.2,70,11.9,3.64
2018-12-06,27.9,19.6,1.1,76,10.7,2.68
2018-12-07,29.8,18.8,0.1,72,10.4,3.6
2018-12-08,29.0,20.1,0.5,74,10.9,3.38
2018-12-09,28.9,20.4,0.2,71,12.4,3.13
2018-12-10,28.2,19.7,0.4,72,13.0,3.07
2018-12-11,29.0,19.2,1.1,74,10.1,2.7
2018-12-12,30.0,19.5,0.0,67,12.9,3.59
2018-12-13,27.5,19.5,0.7,71,12.0,3.06
2018-12-14,25.5,18.6,0.0,79,13.0,2.54
2018-12-15,27.1,18.5,0.2,62,17.2,3.98
2018-12-16,25.6,17.4,0.0,52,16.0,4.27
2018-12-17,23.4,16.4,0.5,70,18.6,2.49
2018-12-18,22.7,15.6,1.9,77,18.9,2.68
2018-12-19,25.3,13.6,0.0,75,15.0,3.17
2018-12-20,25.6,15.1,0.0,73,10.8,2.88
2018-12-21,27.6,15.0,0.0,69,10.0,3.27
2018-12-22,28.0,15.7,0.0,68,10.1,3.61
2018-12-23,28.0,16.9,0.0,73,11.1,3.21
2018-12-24,28.4,16.5,0.0,67,9.5,3.77
2018-12-25,29.6,16.0,0.0,58,12.8,3.97
2018-12-26,30.3,17.7,0.0,62,17.6,3.59
2018-12-27,28.2,17.0,0.1,60,12.7,3.7
2018-12-28,26.0,13.3,0.0,45,11.8,4.29
2018-12-29,25.6,12.7,0.0,47,13.0,4.16
2018-12-30,25.4,11.6,0.0,53,11.5,3.94
2018-12-31,25.7,11.9,0.0,49,10.2,4.0
2019-01-01,27.6,11.2,0.0,44,10.8,4.45
2019-01-02,28.2,13.9,0.0,47,9.9,4.13
2019-01-03,29.4,14.1,0.0,51,10.1,4.12
2019-01-04,28.5,15.6,0.0,56,12.3,4.28
2019-01-05,28.5,13.6,0.0,62,10.2,4.0
2019-01-06,28.5,14.4,0.0,65,10.8,4.0
2019-01-07,28.9,14.6,0.0,62,9.8,4.05
2019-01-08,27.5,14.6,0.0,56,10.1,4.03
2019-01-09,28.4,12.2,0.0,46,9.7,3.98
2019-01-10,28.0,12.8,0.0,46,10.6,4.38
2019-01-11,28.3,12.9,0.0,62,11.5,4.02
2019-01-12,28.9,15.6,0.0,64,12.7,4.11
2019-01-13,28.6,15.8,0.0,60,11.7,4.3
2019-01-14,28.7,14.9,0.0,61,13.0,4.28
2019-01-15,28.4,16.9,0.0,57,11.3,4.26
2019-01-16,28.5,16.0,0.0,51,9.6,4.23
2019-01-17,29.4,16.1,0.0,50,9.5,4.31
2019-01-18,29.9,16.2,0.0,56,9.2,4.33
2019-01-19,28.5,14.2,0.0,59,10.4,4.22
2019-01-20,29.2,16.2,0.0,55,10.2,4.37
2019-01-21,29.7,15.6,0.0,54,13.2,4.77
2019-01-22,29.4,14.9,0.0,42,12.6,4.99
2019-01-23,28.8,15.9,0.0,60,11.3,4.1
2019-01-24,30.0,18.4,0.0,58,13.8,3.89
2019-01-25,29.4,18.5,0.0,60,18.1,4.21
2019-01-26,23.6,18.8,10.0,86,13.0,1.61
2019-01-27,22.7,17.9,21.3,91,15.3,1.19
2019-01-28,24.2,16.9,1.5,77,12.2,2.73
2019-01-29,24.9,12.9,0.0,62,10.8,4.11
2019-01-30,25.2,10.9,0.0,51,10.1,4.14
2019-01-31,25.5,11.6,0.0,65,16.4,3.97
2019-02-01,26.9,14.2,0.0,70,13.3,3.91
2019-02-02,27.9,14.9,0.0,63,10.5,4.35
2019-02-03,27.2,14.9,0.0,67,14.5,4.15
2019-02-04,28.0,15.8,0.0,67,16.0,4.36
2019-02-05,29.0,16.2,0.0,61,10.7,4.48
2019-02-06,30.5,16.5,0.0,58,12.7,4.7
2019-02-07,31.0,19.2,0.0,55,16.1,5.02
2019-02-08,28.5,18.6,0.0,65,11.0,3.37
2019-02-09,28.8,17.0,0.0,52,12.2,4.77
2019-02-10,29.1,14.2,0.0,44,12.7,4.98
2019-02-11,29.4,18.0,0.0,61,16.4,4.41
2019-02-12,30.2,18.3,0.0,65,13.7,4.88
2019-02-13,30.4,16.6,0.0,59,10.9,4.81
2019-02-14,32.0,17.2,0.0,57,12.5,5.16
2019-02-15,31.5,19.3,0.0,48,14.0,5.07
2019-02-16,32.1,20.0,0.0,52,11.9,4.88
2019-02-17,32.0,19.8,0.1,61,15.6,4.88
2019-02-18,31.6,17.5,0.0,59,10.3,4.7
2019-02-19,32.8,19.2,0.0,58,12.3,4.83
2019-02-20,32.6,20.8,0.0,61,15.9,5.13
2019-02-21,33.2,19.2,0.0,51,13.2,5.66
2019-02-22,34.4,20.0,0.0,46,9.7,5.49
2019-02-23,35.0,20.5,0.0,42,10.2,5.42
2019-02-24,34.8,21.5,0.0,36,10.4,5.94
2019-02-25,34.5,22.0,0.0,34,18.1,6.68
2019-02-26,33.5,18.9,0.0,40,11.3,5.89
2019-02-27,33.2,19.1,0.0,62,18.7,4.8
2019-02-28,31.5,20.2,0.3,51,13.7,5.29
2019-03-01,32.7,18.6,0.1,58,15.7,4.81
2019-03-02,32.2,21.2,0.0,63,19.9,5.05
2019-03-03,33.0,21.0,0.1,59,13.9,4.85
2019-03-04,35.2,21.1,0.0,51,17.1,6.16
2019-03-05,34.8,22.2,0.0,43,17.4,6.2
2019-03-06,33.5,19.8,0.0,38,11.5,6.11
2019-03-07,33.3,18.1,0.0,35,10.5,5.9
2019-03-08,34.1,18.7,0.0,47,10.2,5.43
2019-03-09,34.0,20.0,0.0,50,10.4,5.25
2019-03-10,34.7,21.1,0.0,51,13.4,5.43
2019-03-11,34.5,21.6,0.0,54,17.1,5.59
2019-03-12,34.8,22.3,0.0,44,13.9,5.66
2019-03-13,35.5,21.4,0.0,38,17.9,6.95
2019-03-14,35.3,21.4,0.0,33,14.0,6.87
2019-03-15,35.6,22.5,0.0,29,13.5,7.08
2019-03-16,35.7,21.8,0.0,28,18.1,7.71
2019-03-17,35.3,21.8,0.0,36,14.1,7.33
2019-03-18,34.5,20.9,0.0,34,19.9,6.62
2019-03-19,35.2,20.4,0.0,51,14.8,5.94
2019-03-20,34.2,22.0,0.2,54,17.3,5.64
2019-03-21,34.0,21.3,0.0,52,19.1,5.87
2019-03-22,34.7,21.1,0.0,49,15.5,5.54
2019-03-23,35.4,22.2,0.0,52,10.5,5.37
2019-03-24,35.3,23.8,0.0,47,10.6,5.67
2019-03-25,35.7,22.9,0.0,43,13.5,6.26
2019-03-26,35.5,22.6,0.0,43,12.9,5.62
2019-03-27,35.3,23.0,0.0,43,15.2,5.39
2019-03-28,36.6,23.5,0.0,40,9.7,5.74
2019-03-29,36.7,23.4,0.0,40,11.2,6.19
2019-03-30,37.8,22.2,0.0,40,10.4,6.38
2019-03-31,37.7,23.6,0.0,37,19.2,6.56
2019-04-01,37.8,24.7,0.0,34,12.6,6.2
2019-04-02,36.8,23.9,0.0,37,17.3,6.33
2019-04-03,36.7,22.8,0.1,54,11.4,5.48
2019-04-04,36.5,22.8,0.0,47,16.5,5.89
2019-04-05,36.3,22.1,0.0,42,21.4,6.09
2019-04-06,36.1,22.6,0.0,37,14.7,6.23
2019-04-07,37.1,23.6,0.0,38,16.5,6.49
2019-04-08,37.1,23.1,0.1,50,23.9,6.09
2019-04-09,35.8,23.0,0.3,52,15.3,5.92
2019-04-10,36.7,23.3,1.3,53,28.5,5.44
2019-04-11,37.3,23.2,0.0,46,15.5,6.58
2019-04-12,37.3,23.6,0.0,41,17.1,6.23
2019-04-13,38.0,24.1,0.0,40,19.2,6.45
2019-04-14,37.5,24.2,0.0,37,13.7,6.5
2019-04-15,37.8,24.5,0.0,33,12.8,6.65
2019-04-16,36.5,24.1,0.0,31,11.8,6.93
2019-04-17,35.2,24.7,0.0,40,9.8,5.64
2019-04-18,35.8,24.7,0.0,49,17.4,5.68
2019-04-19,36.0,24.8,1.7,58,16.6,5.86
2019-04-20,36.3,24.5,0.0,54,18.8,6.0
2019-04-21,36.6,25.1,0.0,48,16.0,5.73
2019-04-22,36.0,24.0,0.0,50,20.2,5.68
2019-04-23,36.3,23.9,0.1,48,20.2,6.06
2019-04-24,37.3,23.8,0.0,44,13.7,6.56
2019-04-25,38.3,24.5,0.0,35,11.6,6.33
2019-04-26,38.6,25.4,0.0,35,13.8,6.98
2019-04-27,38.5,25.6,0.0,39,15.5,6.04
2019-04-28,38.6,26.1,0.0,40,17.4,6.44
2019-04-29,38.5,27.2,0.0,40,14.2,5.91
2019-04-30,37.7,27.6,0.0,42,20.9,6.22
2019-05-01,39.8,26.8,0.0,35,13.6,6.84
2019-05-02,39.0,26.7,0.0,30,23.3,8.23
2019-05-03,37.8,26.9,0.0,26,20.3,9.11
2019-05-04,37.3,25.9,0.0,31,19.3,8.3
2019-05-05,37.8,25.1,0.0,32,18.7,7.51
2019-05-06,38.8,25.3,0.0,29,16.3,7.14
2019-05-07,39.0,25.1,0.0,29,10.7,6.56
2019-05-08,39.8,28.0,0.0,27,20.9,8.03
2019-05-09,38.8,26.0,0.0,29,19.9,7.7
2019-05-10,38.5,27.7,0.0,29,19.8,7.32
2019-05-11,38.0,26.5,0.0,34,13.7,6.3
2019-05-12,37.9,26.6,0.0,40,15.6,6.28
2019-05-13,37.8,26.8,0.2,41,14.9,6.07
2019-05-14,38.5,26.6,0.2,37,14.8,6.85
2019-05-15,38.6,26.4,0.0,38,10.8,6.16
2019-05-16,38.2,25.8,0.2,38,14.7,6.27
2019-05-17,37.5,26.1,0.0,38,9.7,5.78
2019-05-18,39.0,25.6,0.0,35,15.2,6.81
2019-05-19,39.5,27.1,0.1,30,11.5,6.76
2019-05-20,37.1,26.8,0.0,39,11.3,5.95
2019-05-21,38.0,26.3,0.0,40,14.3,6.24
2019-05-22,39.1,26.5,0.0,40,15.3,6.57
2019-05-23,38.8,27.6,0.2,45,14.7,6.31
2019-05-24,39.4,27.2,0.0,42,9.2,6.05
2019-05-25,39.3,28.6,0.0,35,18.5,7.52
2019-05-26,39.9,27.8,0.0,32,17.3,7.25
2019-05-27,40.5,28.5,0.0,34,17.8,7.22
2019-05-28,40.5,29.0,0.0,34,9.9,6.85
2019-05-29,39.9,28.6,0.0,32,15.4,6.82
2019-05-30,39.5,27.5,0.0,43,14.0,6.35
2019-05-31,38.6,28.6,0.0,45,12.0,6.33
2019-06-01,37.7,27.6,2.0,49,15.7,5.98
2019-06-02,40.0,27.8,0.0,44,17.3,6.51
2019-06-03,37.2,28.2,0.3,53,17.0,6.85
2019-06-04,37.3,25.5,0.0,54,14.4,5.93
2019-06-05,38.8,27.6,0.0,47,11.7,6.48
2019-06-06,37.5,27.9,0.1,49,22.6,6.41
2019-06-07,38.1,26.2,0.9,53,11.5,5.89
2019-06-08,36.7,24.9,0.0,58,21.6,6.1
2019-06-09,36.4,28.2,0.1,52,14.0,6.08
2019-06-10,36.8,26.2,0.9,53,17.4,6.53
2019-06-11,37.0,27.1,0.0,50,20.1,7.76
2019-06-12,36.2,26.8,1.0,54,21.4,7.3
2019-06-13,33.7,25.9,0.2,58,24.9,5.92
2019-06-14,35.0,25.1,0.0,57,26.5,6.12
2019-06-15,36.2,26.5,0.1,49,22.6,7.99
2019-06-16,36.3,27.0,0.0,45,21.1,7.86
2019-06-17,35.5,28.1,0.0,46,23.0,7.0
2019-06-18,36.3,27.0,0.0,42,19.5,7.81
2019-06-19,36.8,27.0,0.0,47,21.0,8.12
2019-06-20,35.2,26.6,3.7,60,22.6,5.69
2019-06-21,30.6,24.8,2.6,72,15.9,2.86
2019-06-22,26.5,23.8,13.6,89,18.5,1.45
2019-06-23,31.4,23.8,5.3,79,13.3,3.5
2019-06-24,31.6,23.5,3.0,79,15.3,4.47
2019-06-25,31.8,23.3,11.8,79,12.0,4.49
2019-06-26,31.6,24.3,3.3,71,17.4,4.97
2019-06-27,32.8,24.4,0.6,67,22.8,5.29
2019-06-28,32.9,24.5,1.1,70,28.8,4.9
2019-06-29,28.4,23.5,15.9,86,30.0,2.25
2019-06-30,27.2,23.0,6.6,85,27.4,2.3
2019-07-01,27.0,22.9,33.7,91,20.3,1.56
2019-07-02,26.4,23.2,11.1,90,22.3,1.63
2019-07-03,27.6,23.0,7.4,86,23.3,2.08
2019-07-04,30.4,23.7,2.0,76,27.0,4.3
2019-07-05,29.8,24.0,2.8,75,27.8,4.16
2019-07-06,28.5,24.3,0.8,72,29.8,3.62
2019-07-07,29.1,24.2,0.6,72,31.3,4.81
2019-07-08,31.3,24.0,0.4,70,28.3,5.54
2019-07-09,29.8,24.1,0.1,70,29.5,4.07
2019-07-10,31.5,23.8,4.1,69,28.2,5.35
2019-07-11,30.5,24.1,5.5,75,24.6,4.15
2019-07-12,31.1,23.5,1.2,71,20.5,4.97
2019-07-13,32.0,24.0,0.2,69,22.4,4.64
2019-07-14,31.8,24.0,2.3,71,19.5,4.94
2019-07-15,32.2,23.5,1.5,74,19.4,5.41
2019-07-16,32.3,24.5,0.1,67,18.8,5.63
2019-07-17,33.2,24.8,0.3,65,18.4,5.93
2019-07-18,33.3,24.6,2.0,69,16.3,4.97
2019-07-19,28.5,23.9,7.1,84,13.0,1.99
2019-07-20,29.3,22.5,6.9,86,14.1,2.86
2019-07-21,31.7,23.0,0.3,73,13.6,4.37
2019-07-22,31.0,23.2,1.9,77,13.8,4.15
2019-07-23,30.5,23.5,2.2,77,13.3,4.27
2019-07-24,31.1,23.5,2.7,74,19.1,4.56
2019-07-25,31.2,23.8,2.0,73,25.2,4.62
2019-07-26,26.9,22.6,11.9,87,22.8,1.84
2019-07-27,26.1,22.4,10.0,86,30.3,2.48
2019-07-28,25.9,22.1,16.3,89,26.0,2.02
2019-07-29,24.0,22.2,34.7,92,23.9,1.25
2019-07-30,25.2,22.0,14.5,89,27.2,1.94
2019-07-31,29.1,22.0,6.0,80,28.6,3.72
2019-08-01,27.4,22.8,5.8,84,27.3,2.85
2019-08-02,23.4,22.0,42.8,91,27.1,1.3
2019-08-03,23.5,22.0,32.4,90,28.9,1.5
2019-08-04,26.7,21.9,6.4,83,30.1,2.83
2019-08-05,27.3,22.0,5.1,84,32.2,3.59
2019-08-06,26.0,22.5,6.9,87,29.0,2.18
2019-08-07,26.9,22.6,14.2,87,33.8,2.18
2019-08-08,28.9,22.5,4.1,83,33.3,3.76
2019-08-09,29.1,24.1,1.2,75,30.9,4.58
2019-08-10,29.5,23.4,0.4,74,26.9,4.44
2019-08-11,29.5,23.0,0.3,74,27.0,4.5
2019-08-12,29.6,23.1,1.0,77,22.7,4.46
2019-08-13,29.0,23.7,1.9,81,20.5,3.47
2019-08-14,29.4,23.1,1.5,80,19.5,3.75
2019-08-15,30.1,22.8,4.3,78,19.2,4.65
2019-08-16,30.4,23.5,0.0,76,18.5,5.07
2019-08-17,30.2,23.8,0.4,73,18.2,4.58
2019-08-18,28.7,23.5,3.8,82,16.6,2.75
2019-08-19,29.6,22.5,2.3,83,13.0,4.12
2019-08-20,28.7,23.9,3.0,80,17.3,3.69
2019-08-21,27.2,23.6,10.8,87,17.6,2.28
2019-08-22,29.1,22.5,13.1,84,21.3,4.04
2019-08-23,26.6,22.6,5.5,87,22.2,2.11
2019-08-24,29.2,22.9,0.7,79,21.4,4.17
2019-08-25,28.4,22.7,0.5,77,22.1,3.68
2019-08-26,29.1,22.9,0.0,70,23.6,4.66
2019-08-27,30.0,22.2,0.0,69,23.7,5.44
2019-08-28,30.1,23.0,0.0,70,18.3,5.27
2019-08-29,30.4,23.5,0.3,74,18.0,4.8
2019-08-30,29.8,23.3,3.9,79,20.9,3.76
2019-08-31,27.4,23.0,5.3,87,22.1,2.55
2019-09-01,26.7,22.5,13.9,90,19.1,2.03
2019-09-02,25.0,22.2,11.9,90,19.8,1.6
2019-09-03,26.6,22.4,5.8,87,22.1,2.29
2019-09-04,25.5,22.5,15.0,91,24.9,1.81
2019-09-05,27.6,22.6,4.6,82,26.7,3.42
2019-09-06,27.2,23.1,2.3,83,26.4,2.57
2019-09-07,25.8,22.6,10.8,88,25.6,2.07
2019-09-08,28.5,22.8,4.6,81,26.8,3.56
2019-09-09,29.2,23.1,1.3,77,29.3,4.24
2019-09-10,29.3,22.8,0.2,76,23.6,4.33
2019-09-11,29.0,23.2,0.0,74,24.6,4.05
2019-09-12,28.0,23.2,0.7,78,22.5,3.42
2019-09-13,28.5,22.7,1.9,80,21.3,3.26
2019-09-14,29.5,22.8,1.6,78,18.0,4.08
2019-09-15,29.8,22.4,0.3,79,18.5,3.67
2019-09-16,29.2,22.8,0.8,81,16.9,3.79
2019-09-17,28.4,22.9,7.3,86,16.4,3.02
2019-09-18,27.8,22.5,11.0,88,8.2,2.73
2019-09-19,28.0,22.6,9.3,91,12.2,2.83
2019-09-20,27.1,22.2,6.4,88,11.5,2.21
2019-09-21,28.7,22.0,7.4,87,7.6,3.34
2019-09-22,29.0,22.6,20.2,90,11.1,2.85
2019-09-23,29.7,22.2,4.5,86,6.3,3.88
2019-09-24,28.2,22.7,9.4,90,9.2,2.77
2019-09-25,27.5,22.1,11.3,88,15.1,2.52
2019-09-26,28.5,22.5,1.5,84,17.8,3.14
2019-09-27,28.6,22.0,6.4,86,10.0,3.28
2019-09-28,28.5,22.5,1.9,86,11.3,3.33
2019-09-29,29.0,22.5,5.2,86,11.8,3.3
2019-09-30,29.2,21.5,11.3,86,10.2,3.29
2019-10-01,29.7,21.5,7.5,85,11.9,3.82
2019-10-02,29.7,22.8,2.2,80,10.5,3.97
2019-10-03,29.2,22.4,2.6,84,8.0,3.6
2019-10-04,28.8,21.7,4.2,87,11.9,2.97
2019-10-05,29.0,21.6,9.5,86,9.8,3.67
2019-10-06,29.1,21.6,4.9,88,13.0,3.46
2019-10-07,29.1,21.0,4.2,86,7.6,3.92
2019-10-08,28.8,22.2,3.4,88,9.7,3.32
2019-10-09,29.0,22.1,4.7,86,7.6,3.51
2019-10-10,28.4,22.1,3.7,86,7.1,3.27
2019-10-11,28.2,21.6,13.6,90,12.0,2.99
2019-10-12,28.4,21.5,4.0,88,10.2,2.79
2019-10-13,28.6,21.7,3.6,87,8.3,3.23
2019-10-14,28.5,21.5,2.0,87,9.8,3.48
2019-10-15,28.8,22.1,4.2,85,11.2,3.68
2019-10-16,27.5,21.7,7.8,87,14.8,2.91
2019-10-17,27.1,21.4,8.4,91,12.0,2.36
2019-10-18,27.5,21.9,5.4,88,15.3,2.62
2019-10-19,27.1,21.4,2.0,88,13.3,2.85
2019-10-20,27.0,21.5,4.0,91,12.7,2.7
2019-10-21,25.3,21.5,3.2,90,10.5,1.24
2019-10-22,26.5,21.7,6.7,89,8.4,1.81
2019-10-23,26.6,21.3,7.1,87,10.1,1.93
2019-10-24,27.6,21.5,6.2,89,12.4,2.48
2019-10-25,28.0,21.6,7.3,88,9.0,2.64
2019-10-26,28.1,21.5,10.2,85,13.5,2.73
2019-10-27,28.0,21.5,11.4,87,16.1,2.81
2019-10-28,28.3,20.8,0.5,87,14.9,3.43
2019-10-29,27.8,21.1,3.4,88,13.9,3.17
2019-10-30,27.1,21.7,1.9,88,16.6,2.8
2019-10-31,27.3,21.6,1.6,85,18.7,2.66
2019-11-01,28.2,21.9,1.6,85,13.3,3.29
2019-11-02,28.8,21.1,1.9,83,12.1,3.6
2019-11-03,29.1,20.6,0.9,86,8.6,3.6
2019-11-04,29.7,21.1,0.2,80,8.2,3.98
2019-11-05,29.4,21.2,0.0,75,7.9,3.83
2019-11-06,28.4,20.2,1.4,80,7.6,3.43
2019-11-07,29.6,20.9,0.0,75,7.9,3.81
2019-11-08,29.3,21.6,0.3,76,7.6,3.72
2019-11-09,29.2,20.8,0.0,76,10.1,3.73
2019-11-10,29.2,19.6,0.0,72,11.3,4.32
2019-11-11,29.1,19.1,0.1,74,11.5,3.69
2019-11-12,29.0,18.9,0.0,72,10.5,3.93
2019-11-13,28.0,18.0,0.0,70,11.9,3.98
2019-11-14,26.5,19.9,1.0,75,12.4,3.02
2019-11-15,28.0,21.5,1.0,75,12.0,2.79
2019-11-16,29.4,20.0,0.0,72,9.7,3.77
2019-11-17,30.6,19.3,0.0,66,14.3,4.24
2019-11-18,30.1,19.5,0.0,65,12.4,4.24
2019-11-19,27.7,19.1,1.3,77,8.0,3.0
2019-11-20,28.5,20.0,0.1,77,12.0,3.28
2019-11-21,28.4,19.3,0.1,74,14.8,3.41
2019-11-22,28.5,18.5,0.0,73,10.4,3.96
2019-11-23,28.1,17.9,0.0,69,12.2,4.04
2019-11-24,28.2,16.6,0.0,69,11.3,4.0
2019-11-25,28.4,16.4,0.0,74,15.5,3.96
2019-11-26,27.9,17.5,0.0,75,16.0,3.66
2019-11-27,28.2,17.4,0.0,73,15.2,3.68
2019-11-28,27.9,18.1,0.2,73,15.0,3.06
2019-11-29,28.9,18.6,0.0,74,11.3,3.42
2019-11-30,29.0,18.0,0.0,73,14.5,3.24
2019-12-01,27.5,19.8,0.0,73,15.9,2.9
2019-12-02,24.8,20.2,6.3,87,14.5,1.47
2019-12-03,26.5,19.8,0.5,81,15.1,2.47
2019-12-04,26.5,19.2,0.0,77,20.0,2.82
2019-12-05,26.2,17.9,0.3,77,11.3,2.65
2019-12-06,25.9,17.0,0.3,77,15.0,2.66
2019-12-07,26.8,16.2,0.0,71,11.9,3.82
2019-12-08,25.9,17.8,0.3,75,12.9,2.43
2019-12-09,26.1,17.8,0.3,78,12.0,2.7
2019-12-10,27.2,16.6,0.0,74,9.8,3.41
2019-12-11,27.4,17.0,0.0,71,10.8,3.36
2019-12-12,26.8,16.0,0.0,71,12.3,3.6
2019-12-13,28.4,17.8,0.0,72,12.9,3.6
2019-12-14,28.0,18.9,0.0,75,12.4,3.49
2019-12-15,27.6,18.1,0.0,74,13.1,3.59
2019-12-16,27.6,16.8,0.0,75,13.6,3.28
2019-12-17,27.0,16.5,0.0,74,13.0,3.36
2019-12-18,26.4,16.6,0.1,74,10.8,2.97
2019-12-19,26.6,16.4,0.0,76,11.0,2.69
2019-12-20,27.6,16.5,0.0,71,8.2,3.59
2019-12-21,27.2,16.7,0.0,73,12.0,3.31
2019-12-22,27.0,15.9,0.0,73,16.5,3.14
2019-12-23,25.0,16.5,0.0,76,15.6,2.55
2019-12-24,26.9,17.5,0.0,74,16.2,3.5
2019-12-25,27.6,17.6,0.0,72,15.1,3.71
2019-12-26,28.7,18.5,0.1,70,9.7,2.63
2019-12-27,26.5,18.9,1.3,78,12.8,2.53
2019-12-28,25.9,17.2,0.0,66,13.1,3.37
2019-12-29,26.5,15.3,0.0,70,14.5,3.27
2019-12-30,25.2,16.4,0.1,74,18.1,2.58
2019-12-31,24.9,19.0,1.5,83,17.8,2.12
2020-01-01,26.7,18.6,0.2,79,20.1,2.47
2020-01-02,26.6,20.0,0.5,84,18.1,2.64
2020-01-03,27.2,19.9,0.7,82,13.2,2.55
2020-01-04,26.7,18.6,0.4,80,8.9,2.18
2020-01-05,25.5,17.0,0.0,74,12.8,3.0
2020-01-06,25.9,16.7,0.0,70,14.1,2.99
2020-01-07,27.2,19.5,0.0,79,15.5,2.73
2020-01-08,28.9,19.5,0.0,74,16.8,3.32
2020-01-09,27.7,18.9,0.3,78,11.3,2.52
2020-01-10,26.5,19.0,0.3,76,14.2,2.97
2020-01-11,26.9,15.8,0.0,68,11.3,3.81
2020-01-12,27.5,15.1,0.0,67,8.4,3.8
2020-01-13,28.6,16.1,0.0,61,8.4,3.81
2020-01-14,28.8,15.6,0.0,65,11.5,4.18
2020-01-15,27.6,17.0,0.0,67,16.2,4.29
2020-01-16,27.9,16.5,0.0,66,15.5,4.04
2020-01-17,27.9,17.1,0.0,69,14.9,3.12
2020-01-18,28.5,18.5,0.0,70,15.4,3.59
2020-01-19,28.8,18.6,0.0,69,11.0,3.28
2020-01-20,28.1,18.6,0.1,70,11.7,3.15
2020-01-21,28.6,18.4,0.0,68,17.9,4.21
2020-01-22,28.6,17.8,0.0,68,15.1,4.18
2020-01-23,28.5,15.8,0.0,71,11.1,4.05
2020-01-24,29.2,18.2,0.0,62,11.5,4.31
2020-01-25,29.4,17.2,0.0,65,9.5,4.1
2020-01-26,30.4,17.6,0.0,61,8.4,4.17
2020-01-27,30.9,17.4,0.0,62,9.8,4.36
2020-01-28,30.4,18.6,0.0,61,15.6,4.41
2020-01-29,30.6,19.1,0.0,64,11.8,4.12
2020-01-30,29.8,18.7,0.0,65,11.4,4.19
2020-01-31,29.4,17.4,0.0,65,13.3,3.96
2020-02-01,29.2,19.4,0.0,64,13.7,4.13
2020-02-02,28.5,19.6,0.2,69,16.8,3.6
2020-02-03,29.3,19.0,0.0,68,12.5,3.9
2020-02-04,30.1,18.5,0.0,60,15.8,4.72
2020-02-05,29.2,17.9,0.0,65,10.6,3.78
2020-02-06,30.8,18.5,0.0,56,16.5,4.58
2020-02-07,29.4,19.6,0.2,67,15.8,4.05
2020-02-08,27.1,18.9,3.2,80,13.6,3.1
2020-02-09,21.5,18.5,17.0,91,15.5,1.23
2020-02-10,25.0,18.2,1.1,83,17.6,2.72
2020-02-11,26.1,19.2,0.6,79,17.4,2.97
2020-02-12,26.9,18.0,0.2,78,13.9,3.04
2020-02-13,29.4,17.9,0.0,63,13.5,4.86
2020-02-14,29.9,15.9,0.0,53,11.4,4.98
2020-02-15,31.0,15.7,0.0,54,9.4,4.82
2020-02-16,30.5,16.8,0.0,54,11.4,5.02
2020-02-17,30.7,16.5,0.0,57,10.5,4.91
2020-02-18,30.3,17.6,0.0,48,10.8,5.35
2020-02-19,30.5,15.4,0.0,55,10.6,5.03
2020-02-20,30.0,18.0,0.0,66,16.5,4.92
2020-02-21,29.5,17.3,0.0,61,17.9,5.05
2020-02-22,30.1,16.4,0.0,58,16.3,5.21
2020-02-23,30.0,17.2,0.0,56,15.9,5.33
2020-02-24,31.4,17.6,0.0,51,13.9,5.55
2020-02-25,31.0,19.8,0.0,60,11.9,4.66
2020-02-26,29.5,18.9,0.0,57,14.8,5.08
2020-02-27,29.9,18.1,0.0,44,15.2,5.68
2020-02-28,30.1,16.8,0.0,59,14.3,4.79
2020-02-29,29.5,19.0,0.0,65,14.0,4.53
2020-03-01,30.6,19.1,0.0,64,11.1,4.74
2020-03-02,29.9,21.2,0.0,61,8.8,3.9
2020-03-03,30.9,19.5,0.5,61,7.9,4.28
2020-03-04,33.0,20.3,0.0,50,15.3,5.7
2020-03-05,31.6,18.8,0.0,51,11.4,5.15
2020-03-06,31.7,20.4,0.3,64,18.2,5.19
2020-03-07,31.2,21.2,0.2,72,12.1,4.06
2020-03-08,30.0,21.3,0.0,75,12.3,3.67
2020-03-09,30.2,20.8,0.5,69,12.6,4.25
2020-03-10,31.9,20.9,0.6,58,14.3,5.09
2020-03-11,31.5,21.5,0.6,64,14.8,4.53
2020-03-12,31.5,21.1,0.5,66,14.9,4.53
2020-03-13,32.6,21.2,0.0,61,14.8,5.4
2020-03-14,33.2,20.0,0.0,61,12.9,5.08
2020-03-15,31.7,20.2,0.0,60,11.8,5.48
2020-03-16,32.1,20.1,0.0,61,14.5,5.41
2020-03-17,33.4,21.5,0.0,50,17.2,6.3
2020-03-18,33.5,20.2,0.0,50,10.6,5.28
2020-03-19,32.8,22.1,0.0,57,16.2,4.66
2020-03-20,33.0,21.8,0.0,51,11.5,4.87
2020-03-21,31.2,20.6,0.5,65,9.7,4.51
2020-03-22,32.4,20.6,0.0,62,9.0,4.94
2020-03-23,31.8,21.0,0.5,62,10.8,4.91
2020-03-24,32.5,21.4,0.0,56,12.0,5.35
2020-03-25,32.6,21.5,0.0,57,13.6,5.52
2020-03-26,33.0,21.5,0.0,52,14.1,5.9
2020-03-27,34.3,22.1,0.0,45,14.5,6.55
2020-03-28,34.7,21.5,0.0,44,10.5,6.05
2020-03-29,35.0,23.0,0.0,46,9.4,5.76
2020-03-30,34.3,22.2,0.0,49,9.7,5.82
2020-03-31,34.9,21.4,0.0,51,8.9,5.51
2020-04-01,33.9,23.0,0.0,51,8.7,4.68
2020-04-02,34.0,24.0,0.0,47,12.8,4.83
2020-04-03,34.8,23.1,0.0,44,10.8,5.52
2020-04-04,34.1,23.4,0.0,46,10.3,4.99
2020-04-05,35.0,23.0,0.0,47,12.2,5.91
2020-04-06,33.9,24.1,0.0,58,9.1,4.93
2020-04-07,35.0,23.0,0.1,55,16.2,5.48
2020-04-08,35.6,23.9,0.0,50,17.6,5.91
2020-04-09,34.3,22.8,0.2,58,18.9,5.37
2020-04-10,34.5,21.4,0.0,58,14.8,5.77
2020-04-11,34.7,21.3,0.0,49,11.5,6.14
2020-04-12,35.3,22.5,0.0,45,12.7,5.92
2020-04-13,35.9,22.6,0.0,41,12.2,6.06
2020-04-14,35.8,22.4,0.0,39,11.2,6.36
2020-04-15,36.0,22.9,0.0,39,10.9,6.11
2020-04-16,35.4,23.1,0.0,40,13.0,6.17
2020-04-17,35.7,23.0,0.0,45,14.5,6.04
2020-04-18,35.9,23.6,0.2,53,11.2,5.55
2020-04-19,35.5,23.3,0.0,53,9.8,5.94
2020-04-20,36.2,23.5,2.4,57,13.4,5.36
2020-04-21,35.9,24.1,0.0,48,17.8,5.91
2020-04-22,35.4,24.4,0.0,46,13.4,5.79
2020-04-23,37.5,24.3,0.0,51,12.4,6.27
2020-04-24,35.3,25.8,0.0,58,17.3,5.69
2020-04-25,36.3,26.0,0.0,46,16.7,6.39
2020-04-26,34.8,25.5,0.0,61,10.6,5.27
2020-04-27,35.0,24.9,0.1,60,22.6,5.89
2020-04-28,34.6,24.7,0.0,61,18.5,5.42
2020-04-29,33.3,24.1,0.4,62,10.7,5.12
2020-04-30,35.8,23.9,0.0,46,7.9,5.66
2020-05-01,36.8,24.8,0.0,51,19.0,6.17
2020-05-02,35.8,23.6,0.1,49,8.4,5.61
2020-05-03,37.3,24.5,0.0,44,10.1,6.29
2020-05-04,37.2,25.1,0.0,47,15.8,6.18
2020-05-05,36.8,25.1,0.0,51,9.9,5.78
2020-05-06,36.7,25.2,0.0,50,14.3,6.07
2020-05-07,36.4,25.0,0.1,59,14.6,5.65
2020-05-08,35.5,25.6,0.1,55,11.4,5.64
2020-05-09,36.5,27.7,0.0,49,14.9,5.96
2020-05-10,36.2,25.1,0.4,55,10.7,5.38
2020-05-11,35.0,24.0,0.0,54,11.5,5.92
2020-05-12,35.8,24.9,0.0,51,9.7,5.69
2020-05-13,35.9,24.5,0.0,52,12.3,5.88
2020-05-14,36.4,24.9,0.0,51,12.3,6.31
2020-05-15,36.2,25.0,0.2,52,12.7,5.71
2020-05-16,36.0,26.0,0.4,56,13.0,5.44
2020-05-17,36.7,25.1,0.0,57,12.5,5.83
2020-05-18,36.2,25.7,0.2,54,22.1,6.15
2020-05-19,37.0,25.6,0.0,43,21.2,6.8
2020-05-20,38.2,25.2,0.0,35,20.2,8.01
2020-05-21,39.3,26.0,0.0,30,21.4,8.84
2020-05-22,38.8,23.0,0.0,29,15.7,7.83
2020-05-23,39.3,23.4,0.0,32,14.7,8.01
2020-05-24,39.0,25.0,0.0,39,12.5,6.47
2020-05-25,38.2,25.9,0.2,47,15.0,6.27
2020-05-26,38.1,26.6,0.1,50,11.8,6.27
2020-05-27,38.2,28.0,0.1,46,12.3,6.34
2020-05-28,39.7,28.4,0.0,40,13.2,7.22
2020-05-29,38.5,27.5,0.0,35,16.3,7.36
2020-05-30,36.8,26.9,0.0,46,13.6,6.19
2020-05-31,35.0,26.8,3.0,57,11.6,4.91
2020-06-01,32.8,24.1,6.0,71,13.7,4.33
2020-06-02,33.7,23.9,8.0,77,11.6,4.49
2020-06-03,31.9,23.6,3.8,69,20.4,4.86
2020-06-04,31.8,24.6,0.0,61,27.2,6.15
2020-06-05,33.7,25.1,0.1,57,18.7,6.6
2020-06-06,34.0,24.8,0.5,54,16.1,6.52
2020-06-07,34.7,25.4,0.0,54,18.4,6.58
2020-06-08,35.5,25.9,0.2,49,19.4,7.26
2020-06-09,35.4,26.1,0.2,53,21.3,6.61
2020-06-10,31.9,24.5,13.2,74,18.4,4.31
2020-06-11,26.8,23.4,19.7,90,18.5,1.72
2020-06-12,26.1,23.0,36.0,90,20.2,1.74
2020-06-13,30.2,23.4,3.1,77,23.2,3.87
2020-06-14,31.4,24.0,2.4,73,22.2,4.81
2020-06-15,30.5,24.6,2.4,74,24.9,4.23
2020-06-16,29.1,24.0,24.7,82,24.8,3.35
2020-06-17,28.5,23.1,18.5,88,22.4,2.55
2020-06-18,29.1,23.3,4.0,83,23.3,2.85
2020-06-19,30.0,23.2,2.7,77,23.1,4.02
2020-06-20,31.5,24.3,1.2,72,24.1,5.28
2020-06-21,26.8,23.9,6.4,83,20.6,2.0
2020-06-22,28.4,23.6,0.3,76,22.9,3.38
2020-06-23,32.0,23.6,0.1,70,18.8,5.53
2020-06-24,31.5,23.6,0.5,74,12.6,4.85
2020-06-25,32.2,23.1,4.7,71,12.7,5.31
2020-06-26,32.4,23.5,0.2,68,12.4,5.22
2020-06-27,32.2,24.4,15.4,75,15.9,4.5
2020-06-28,31.4,24.0,8.5,81,16.9,4.19
2020-06-29,31.3,23.6,4.2,83,13.5,4.14
2020-06-30,30.5,23.4,2.6,80,9.1,3.66
2020-07-01,31.4,23.5,1.0,77,15.0,4.78
2020-07-02,30.0,23.5,2.7,79,20.7,3.88
2020-07-03,31.3,23.5,2.9,79,22.1,4.66
2020-07-04,26.5,22.7,9.5,89,19.6,1.78
2020-07-05,24.5,22.8,41.5,91,22.6,1.21
2020-07-06,25.6,23.1,4.4,88,21.3,1.57
2020-07-07,30.5,23.5,0.9,76,25.0,4.1
2020-07-08,30.5,23.2,0.9,76,17.1,4.46
2020-07-09,27.8,23.1,15.4,89,15.1,1.63
2020-07-10,26.8,23.0,2.2,85,19.3,2.36
2020-07-11,29.8,22.6,1.0,80,18.0,3.52
2020-07-12,30.1,23.5,0.4,76,19.9,4.21
2020-07-13,28.6,23.4,4.7,84,14.0,3.04
2020-07-14,28.4,22.9,15.1,87,13.0,2.77
2020-07-15,25.4,22.6,17.6,93,15.5,1.36
2020-07-16,26.7,22.4,1.8,85,22.1,2.23
2020-07-17,29.5,22.8,12.6,82,21.1,3.64
2020-07-18,30.5,23.0,0.6,78,16.6,4.15
2020-07-19,30.4,23.4,12.0,85,15.5,3.44
2020-07-20,28.5,23.0,5.0,84,13.2,3.21
2020-07-21,30.6,23.4,1.1,79,11.3,4.45
2020-07-22,31.3,23.7,1.1,78,11.2,4.14
2020-07-23,26.8,23.2,18.0,93,14.0,1.46
2020-07-24,30.1,23.5,0.3,83,13.5,3.62
2020-07-25,27.1,22.6,0.5,86,11.0,1.93
2020-07-26,30.9,22.4,0.0,74,14.2,5.07
2020-07-27,30.7,23.0,3.1,73,19.6,5.11
2020-07-28,31.0,23.0,4.9,82,17.4,4.05
2020-07-29,31.0,23.1,17.5,84,11.0,4.34
2020-07-30,30.6,22.7,0.2,79,9.0,4.53
2020-07-31,31.0,23.6,4.2,83,10.6,4.43
2020-08-01,31.5,22.6,8.6,85,12.5,4.34
2020-08-02,31.0,23.2,3.3,79,14.8,4.79
2020-08-03,29.0,23.4,2.9,82,27.8,3.75
2020-08-04,24.9,23.2,6.9,87,28.0,1.98
2020-08-05,27.2,22.6,13.8,86,30.7,2.89
2020-08-06,28.6,22.9,2.4,80,25.3,4.0
2020-08-07,29.8,23.1,0.3,76,25.8,4.75
2020-08-08,29.1,23.5,5.9,77,23.4,4.11
2020-08-09,29.0,23.0,11.5,80,26.3,3.8
2020-08-10,26.4,22.8,9.9,89,20.2,1.96
2020-08-11,28.4,22.6,1.4,82,26.8,3.56
2020-08-12,26.5,23.4,4.1,84,26.3,2.26
2020-08-13,24.0,22.2,25.8,92,24.6,1.31
2020-08-14,24.1,21.9,17.8,90,26.2,1.64
2020-08-15,23.5,21.8,35.3,92,23.9,1.12
2020-08-16,24.2,22.0,22.5,92,26.8,1.37
2020-08-17,27.2,22.2,12.5,89,22.0,2.12
2020-08-18,26.9,22.8,3.7,85,24.5,2.06
2020-08-19,24.9,22.5,32.8,92,19.1,1.14
2020-08-20,23.8,22.0,31.7,93,22.0,1.08
2020-08-21,26.0,22.2,10.6,90,21.7,1.84
2020-08-22,29.1,22.7,0.8,81,22.0,3.62
2020-08-23,29.1,22.1,0.6,81,17.6,3.97
2020-08-24,29.3,22.9,0.4,78,19.6,4.33
2020-08-25,29.9,22.9,0.2,77,15.7,4.79
2020-08-26,29.5,23.4,0.9,82,13.9,3.8
2020-08-27,26.5,23.3,5.1,87,19.1,1.81
2020-08-28,28.4,22.2,0.4,80,19.8,3.77
2020-08-29,29.2,22.7,0.0,78,21.6,4.17
2020-08-30,29.8,22.4,0.0,76,18.1,4.4
2020-08-31,30.8,22.6,0.0,75,12.6,5.16
2020-09-01,30.4,23.1,0.6,77,13.2,4.26
2020-09-02,29.8,23.6,5.2,82,13.3,3.36
2020-09-03,29.5,22.2,1.2,84,10.0,4.18
2020-09-04,30.4,22.9,0.0,78,14.0,4.4
2020-09-05,31.1,22.6,0.0,78,9.7,4.87
2020-09-06,31.0,23.0,0.7,75,10.0,4.76
2020-09-07,31.0,23.2,2.7,80,8.9,4.53
2020-09-08,31.1,23.3,1.1,79,6.6,4.58
2020-09-09,30.9,23.5,4.3,82,7.8,4.2
2020-09-10,30.6,23.0,2.5,81,11.5,4.22
2020-09-11,30.0,23.4,2.1,83,9.2,3.43
2020-09-12,29.5,22.6,1.1,79,13.4,3.59
2020-09-13,28.3,22.6,6.2,86,20.5,2.63
2020-09-14,26.4,22.2,22.3,90,18.2,1.91
2020-09-15,28.8,22.3,33.8,89,14.0,2.86
2020-09-16,28.0,22.2,11.8,90,13.3,2.64
2020-09-17,29.3,22.0,5.5,87,14.2,3.44
2020-09-18,30.0,22.6,13.7,87,13.2,3.49
2020-09-19,28.8,22.5,8.0,88,12.4,2.79
2020-09-20,29.6,22.4,14.1,87,16.7,3.09
2020-09-21,27.6,22.5,4.0,86,20.2,3.13
2020-09-22,29.0,22.9,2.0,82,20.9,3.65
2020-09-23,28.7,22.4,0.0,79,29.1,3.67
2020-09-24,28.9,22.5,0.0,79,23.3,3.16
2020-09-25,28.9,22.9,17.0,86,15.9,2.94
2020-09-26,25.4,22.2,19.8,92,18.9,1.48
2020-09-27,27.5,21.6,3.9,83,17.0,2.88
2020-09-28,29.2,20.8,2.7,82,12.1,4.0
2020-09-29,29.1,22.1,6.3,84,13.5,3.55
2020-09-30,28.9,22.3,11.0,83,13.2,3.16
2020-10-01,28.1,22.9,2.6,85,16.3,2.32
2020-10-02,30.3,22.3,0.0,76,15.1,4.7
2020-10-03,31.5,23.0,0.0,70,14.3,4.69
2020-10-04,30.5,22.8,0.0,67,17.8,4.36
2020-10-05,30.1,22.1,0.0,67,17.3,4.85
2020-10-06,31.4,21.9,0.0,67,14.9,4.84
2020-10-07,28.4,21.9,1.0,72,18.8,3.47
2020-10-08,28.8,21.1,2.5,82,8.4,3.25
2020-10-09,29.5,22.2,8.2,87,8.1,3.16
2020-10-10,29.5,22.0,5.9,87,9.2,3.11
2020-10-11,26.5,22.2,40.7,93,14.3,1.62
2020-10-12,26.4,22.3,11.7,91,15.9,1.99
2020-10-13,24.0,22.1,80.5,94,22.3,0.8
2020-10-14,27.7,22.2,13.7,89,25.7,2.27
2020-10-15,28.0,22.2,1.4,83,14.4,2.98
2020-10-16,29.4,22.0,0.0,81,10.2,3.87
2020-10-17,28.9,21.2,2.3,82,8.6,3.48
2020-10-18,29.2,22.2,3.8,87,6.2,3.33
2020-10-19,29.4,22.1,1.1,85,9.7,3.57
2020-10-20,28.0,22.4,13.3,89,13.0,2.0
2020-10-21,27.8,22.4,8.1,87,8.1,2.29
2020-10-22,30.0,21.1,0.0,78,10.5,4.41
2020-10-23,30.4,20.1,0.0,73,8.9,4.55
2020-10-24,30.5,20.3,0.0,71,8.4,4.46
2020-10-25,29.5,22.0,0.0,69,10.5,4.15
2020-10-26,29.5,20.5,0.0,68,12.6,4.24
2020-10-27,28.5,19.0,0.0,70,13.6,4.16
2020-10-28,29.2,19.0,0.0,65,9.1,4.12
2020-10-29,29.0,18.7,0.0,66,8.8,4.14
2020-10-30,28.4,20.9,0.0,66,12.9,3.47
2020-10-31,29.5,19.8,0.0,65,12.8,4.55
2020-11-01,29.8,19.4,0.0,62,10.0,4.67
2020-11-02,30.5,18.9,0.0,62,12.0,4.66
2020-11-03,30.1,20.0,0.0,63,13.0,4.54
2020-11-04,29.8,19.0,0.0,56,12.9,4.88
2020-11-05,29.7,17.4,0.0,51,11.2,4.96
2020-11-06,29.2,17.1,0.0,62,11.1,4.42
2020-11-07,30.0,20.0,0.0,73,13.2,4.19
2020-11-08,29.5,18.1,0.0,55,12.2,4.96
2020-11-09,28.1,15.4,0.0,48,11.8,5.09
2020-11-10,27.6,15.8,0.0,52,13.7,4.81
2020-11-11,28.9,14.2,0.0,57,12.1,4.68
2020-11-12,27.9,19.4,0.9,78,19.1,3.04
2020-11-13,29.1,20.5,0.1,76,17.2,3.77
2020-11-14,30.0,18.5,0.0,69,14.1,4.43
2020-11-15,29.6,18.0,0.0,70,19.1,4.13
2020-11-16,28.0,20.6,0.0,71,18.4,3.62
2020-11-17,29.9,19.0,0.0,65,18.7,4.75
2020-11-18,29.9,18.5,0.0,76,13.9,4.04
2020-11-19,29.5,21.0,0.0,74,12.7,3.88
2020-11-20,30.4,17.9,0.0,63,8.8,4.36
2020-11-21,30.0,18.2,0.0,60,8.9,3.99
2020-11-22,28.6,19.0,0.2,72,9.2,3.4
2020-11-23,29.0,18.9,0.0,65,12.4,4.24
2020-11-24,28.6,16.9,0.0,55,14.3,4.57
2020-11-25,28.2,16.3,0.0,56,13.6,4.5
2020-11-26,26.1,19.4,2.1,78,24.1,2.39
2020-11-27,20.1,18.0,13.1,89,18.7,1.05
2020-11-28,24.9,17.7,7.7,89,17.6,1.81
2020-11-29,26.5,18.7,0.0,81,17.1,2.96
2020-11-30,27.5,18.1,0.0,75,8.2,3.21
2020-12-01,27.1,17.1,0.0,78,9.8,3.47
2020-12-02,27.8,15.7,0.0,68,9.8,3.92
2020-12-03,28.0,14.9,0.0,65,9.9,3.93
2020-12-04,28.0,15.6,0.0,61,10.8,4.08
2020-12-05,27.7,14.4,0.0,56,10.8,4.22
2020-12-06,27.5,14.1,0.0,64,12.6,4.04
2020-12-07,28.0,15.8,0.0,66,13.0,4.02
2020-12-08,27.6,15.6,0.0,62,15.4,4.19
2020-12-09,27.6,17.1,0.0,55,12.1,4.13
2020-12-10,27.8,15.6,0.0,59,10.4,3.98
2020-12-11,28.5,15.1,0.0,62,9.4,3.99
2020-12-12,28.2,16.1,0.0,68,10.8,3.89
2020-12-13,27.9,15.4,0.0,69,9.9,3.87
2020-12-14,28.4,15.4,0.0,65,13.9,4.09
2020-12-15,27.5,15.6,0.0,71,14.9,3.89
2020-12-16,27.6,16.9,0.0,73,14.0,3.62
2020-12-17,28.4,16.5,0.0,69,9.4,3.38
2020-12-18,27.9,17.9,0.0,62,10.1,3.67
2020-12-19,27.3,16.4,0.0,57,12.4,4.15
2020-12-20,27.0,15.2,0.0,52,11.9,4.34
2020-12-21,26.7,13.0,0.0,49,11.7,4.35
2020-12-22,26.2,11.6,0.0,52,10.6,3.99
2020-12-23,26.4,13.2,0.0,59,10.1,3.84
2020-12-24,26.6,14.2,0.0,66,10.3,3.78
2020-12-25,26.0,13.9,0.0,71,10.8,3.56
2020-12-26,26.6,15.9,0.0,70,9.0,3.55
2020-12-27,27.4,16.1,0.0,66,9.7,3.69
2020-12-28,28.1,14.2,0.0,64,10.0,3.82
2020-12-29,27.9,15.1,0.0,64,10.5,3.99
2020-12-30,27.3,14.6,0.0,71,12.7,3.81
2020-12-31,26.4,17.0,0.0,73,16.0,3.04
2021-01-01,26.7,17.8,0.0,72,13.4,3.44
2021-01-02,26.1,14.4,0.0,72,13.0,3.63
2021-01-03,26.2,14.1,0.0,71,13.4,3.68
2021-01-04,26.2,15.6,0.0,67,19.7,4.07
2021-01-05,27.1,14.9,0.0,74,12.6,3.62
2021-01-06,24.7,19.6,1.2,86,12.8,1.51
2021-01-07,24.0,18.5,3.4,82,9.4,1.93
2021-01-08,28.8,17.6,0.0,77,14.9,3.75
2021-01-09,27.5,18.0,0.0,71,13.7,3.85
2021-01-10,28.4,16.8,0.0,65,12.6,4.12
2021-01-11,29.4,17.5,0.0,57,10.5,4.11
2021-01-12,29.4,16.9,0.0,67,10.8,3.86
2021-01-13,28.6,17.2,0.0,65,9.5,3.95
2021-01-14,28.3,18.0,0.0,65,9.7,3.99
2021-01-15,28.0,17.3,0.0,67,9.4,3.86
2021-01-16,28.4,16.0,0.0,70,10.0,3.86
2021-01-17,28.1,17.2,0.0,68,13.1,3.94
2021-01-18,27.4,16.9,0.0,72,11.8,3.74
2021-01-19,28.0,15.5,0.0,68,9.9,3.95
2021-01-20,29.2,15.6,0.0,62,9.6,4.25
2021-01-21,29.7,16.5,0.0,61,9.8,4.03
2021-01-22,29.2,19.4,0.0,61,10.2,4.04
2021-01-23,29.4,18.4,0.0,64,9.2,4.05
2021-01-24,29.2,16.5,0.0,65,10.2,4.08
2021-01-25,29.7,16.8,0.0,61,9.7,4.28
2021-01-26,29.5,17.2,0.0,60,9.4,4.21
2021-01-27,29.2,17.4,0.0,59,9.9,4.26
2021-01-28,28.5,18.9,0.0,61,13.6,4.26
2021-01-29,28.9,16.5,0.0,64,10.2,4.28
2021-01-30,28.0,17.0,0.0,62,9.4,3.43
2021-01-31,27.5,18.6,0.0,64,10.2,3.61
2021-02-01,26.9,17.7,0.0,66,10.9,3.76
2021-02-02,27.9,15.1,0.0,57,11.2,4.57
2021-02-03,28.0,14.7,0.0,55,11.2,4.6
2021-02-04,27.5,14.8,0.0,52,11.2,4.66
2021-02-05,28.0,14.3,0.0,54,10.8,4.49
2021-02-06,28.5,15.0,0.0,55,10.8,4.62
2021-02-07,27.6,16.5,0.0,52,11.9,4.69
2021-02-08,27.4,14.4,0.0,47,11.3,4.97
2021-02-09,28.4,16.5,0.0,49,10.7,4.62
2021-02-10,29.0,14.6,0.0,50,10.7,4.72
2021-02-11,29.8,15.4,0.0,52,10.1,4.98
2021-02-12,29.2,16.1,0.0,55,10.0,4.81
2021-02-13,29.4,15.8,0.0,56,10.7,4.94
2021-02-14,30.0,15.6,0.0,51,10.5,5.02
2021-02-15,30.8,17.4,0.0,47,10.1,5.17
2021-02-16,31.1,18.5,0.0,42,14.2,5.63
2021-02-17,30.8,16.9,0.0,42,16.1,5.67
2021-02-18,28.9,17.6,0.0,50,16.6,5.52
2021-02-19,27.1,17.6,0.5,61,16.9,4.21
2021-02-20,28.0,17.2,0.0,54,12.6,4.37
2021-02-21,27.2,17.5,0.0,69,15.1,4.0
2021-02-22,30.4,18.6,0.0,59,7.9,4.56
2021-02-23,31.2,17.1,0.0,51,10.4,5.16
2021-02-24,31.8,16.6,0.0,44,11.2,5.35
2021-02-25,32.7,16.8,0.0,46,11.4,5.65
2021-02-26,33.2,17.0,0.0,43,9.4,5.65
2021-02-27,33.5,19.3,0.0,41,9.5,5.64
2021-02-28,34.0,17.9,0.0,42,10.4,5.51
2021-03-01,33.9,18.6,0.0,41,10.8,5.25
2021-03-02,33.7,20.1,0.0,43,15.1,5.52
2021-03-03,33.7,18.2,0.0,44,13.0,6.2
2021-03-04,33.4,20.5,0.0,35,12.6,6.1
2021-03-05,34.0,18.2,0.0,31,13.6,6.55
2021-03-06,34.3,17.5,0.0,32,11.3,6.43
2021-03-07,34.3,19.4,0.0,34,11.8,6.41
2021-03-08,34.2,20.5,0.0,33,13.7,6.72
2021-03-09,33.8,19.1,0.0,38,14.8,6.37
2021-03-10,34.3,19.2,0.0,38,14.0,6.76
2021-03-11,34.5,19.4,0.0,36,16.1,7.0
2021-03-12,34.0,19.8,0.0,39,15.3,6.6
2021-03-13,33.2,16.2,0.0,31,12.7,6.82
2021-03-14,33.5,18.2,0.0,32,12.8,6.66
2021-03-15,34.2,18.3,0.0,34,11.4,6.67
2021-03-16,34.7,20.0,0.0,37,13.2,6.52
2021-03-17,35.2,20.5,0.0,42,10.3,5.67
2021-03-18,34.7,21.2,0.0,41,13.3,6.26
2021-03-19,35.1,21.3,0.0,34,12.5,6.37
2021-03-20,34.2,20.5,0.0,38,13.4,6.61
2021-03-21,35.0,20.4,0.0,40,8.6,6.16
2021-03-22,35.2,21.9,0.0,40,13.4,5.95
2021-03-23,34.6,22.9,0.0,45,14.3,6.63
2021-03-24,34.9,22.4,0.0,45,13.1,6.11
2021-03-25,35.4,22.8,0.0,38,10.2,6.11
2021-03-26,36.5,22.1,0.0,37,12.1,6.61
2021-03-27,36.8,22.2,0.0,36,14.5,6.52
2021-03-28,36.5,22.7,0.0,34,9.7,6.39
2021-03-29,37.5,21.9,0.0,34,11.1,6.66
2021-03-30,38.0,23.8,0.0,30,19.3,7.56
2021-03-31,38.2,23.1,0.0,26,16.9,8.08
2021-04-01,37.5,20.5,0.0,30,18.1,7.58
2021-04-02,37.0,21.2,0.0,30,17.9,7.5
2021-04-03,38.2,21.0,0.0,31,8.5,6.31
2021-04-04,36.7,22.5,0.0,35,11.3,6.29
2021-04-05,36.0,22.1,0.0,41,14.2,6.58
2021-04-06,37.6,22.3,0.0,42,14.9,7.05
2021-04-07,35.8,22.4,0.0,43,9.6,5.35
2021-04-08,36.3,23.6,0.0,39,15.6,5.57
2021-04-09,35.5,23.0,0.0,44,13.4,5.48
2021-04-10,35.0,25.0,0.0,45,14.4,6.52
2021-04-11,35.4,22.9,0.0,50,11.5,6.06
2021-04-12,34.9,23.5,0.1,54,14.6,5.36
2021-04-13,34.5,23.5,2.9,60,13.9,5.26
2021-04-14,31.6,21.3,1.8,66,9.4,3.05
2021-04-15,33.2,20.7,0.0,55,10.6,5.41
2021-04-16,35.0,21.1,0.0,50,11.9,6.07
2021-04-17,35.2,21.9,0.0,49,12.3,5.97
2021-04-18,35.2,23.3,0.0,45,8.9,5.43
2021-04-19,35.3,23.2,0.0,44,11.8,5.81
2021-04-20,34.9,24.2,0.0,45,10.4,5.85
2021-04-21,35.9,23.9,0.1,53,14.4,5.81
2021-04-22,34.5,22.9,0.0,58,8.7,5.53
2021-04-23,35.0,23.8,0.0,55,10.6,5.59
2021-04-24,35.5,23.5,0.0,48,11.5,6.14
2021-04-25,36.0,23.1,0.0,45,12.6,6.3
2021-04-26,35.1,24.3,0.0,43,10.7,5.85
2021-04-27,36.0,24.0,0.0,44,11.0,6.11
2021-04-28,36.3,23.7,0.0,42,15.5,6.07
2021-04-29,36.3,23.4,0.0,47,16.6,5.34
2021-04-30,36.2,22.5,0.0,47,11.5,6.12
2021-05-01,36.4,22.9,0.0,47,13.6,6.56
2021-05-02,34.8,22.9,0.0,49,10.3,6.14
2021-05-03,34.3,23.5,0.0,55,9.8,5.61
2021-05-04,34.6,23.5,0.0,56,6.1,4.93
2021-05-05,35.4,24.2,0.0,53,12.7,5.75
2021-05-06,34.8,25.1,0.0,51,15.8,6.07
2021-05-07,34.5,24.0,0.0,57,13.8,5.64
2021-05-08,35.2,25.0,0.0,55,10.2,5.82
2021-05-09,35.2,25.0,0.1,54,11.0,5.74
2021-05-10,35.0,25.5,0.1,56,8.8,5.14
2021-05-11,35.7,25.9,0.9,57,10.1,5.33
2021-05-12,37.0,25.2,0.0,52,12.0,6.47
2021-05-13,35.5,27.0,0.1,48,15.3,6.07
2021-05-14,35.2,26.8,0.4,58,21.5,5.2
2021-05-15,34.2,24.6,0.7,68,27.2,6.0
2021-05-16,32.8,24.2,11.3,77,22.8,4.51
2021-05-17,33.8,23.6,0.7,70,15.2,5.52
2021-05-18,33.8,24.0,2.2,64,16.7,5.78
2021-05-19,34.8,25.4,0.1,57,17.3,6.38
2021-05-20,34.0,24.1,0.3,62,17.4,5.83
2021-05-21,35.5,24.9,0.0,53,14.0,6.13
2021-05-22,35.5,24.2,0.0,53,17.6,5.65
2021-05-23,36.2,26.0,0.0,45,18.5,6.97
2021-05-24,36.7,25.1,0.0,45,21.9,7.33
2021-05-25,36.7,26.0,0.0,38,20.7,8.0
2021-05-26,37.0,26.0,0.0,37,25.6,7.86
2021-05-27,35.5,26.0,0.0,43,24.4,8.3
2021-05-28,34.4,25.6,0.5,55,21.3,6.61
2021-05-29,36.5,25.1,0.2,57,17.5,6.01
2021-05-30,35.8,24.9,0.0,56,17.4,6.27
2021-05-31,35.8,26.5,1.2,56,16.8,5.97
2021-06-01,35.4,25.1,1.3,62,14.8,5.67
2021-06-02,32.9,23.7,12.4,76,12.4,4.1
2021-06-03,30.8,23.8,2.5,82,10.0,2.9
2021-06-04,31.8,23.2,0.0,74,9.4,4.01
2021-06-05,32.2,23.9,1.9,73,15.0,4.79
2021-06-06,32.0,22.9,2.1,73,10.5,4.95
2021-06-07,32.0,24.3,2.1,67,16.2,5.24
2021-06-08,33.2,24.5,1.3,58,17.8,6.01
2021-06-09,31.0,23.7,3.8,72,22.4,4.17
2021-06-10,31.4,23.4,0.3,68,28.1,5.34
2021-06-11,29.0,22.4,2.2,73,28.7,3.73
2021-06-12,32.5,23.1,1.2,69,30.0,5.44
2021-06-13,32.0,23.3,2.2,74,24.6,4.05
2021-06-14,30.9,23.0,10.3,78,22.9,3.47
2021-06-15,31.5,24.0,1.0,72,23.5,4.69
2021-06-16,28.4,23.0,2.9,78,27.3,3.04
2021-06-17,29.0,22.6,3.4,78,26.8,3.12
2021-06-18,29.2,23.2,0.7,73,25.4,4.07
2021-06-19,29.0,23.5,0.8,73,27.9,4.19
2021-06-20,31.6,23.1,0.0,65,29.5,5.65
2021-06-21,32.4,22.7,0.0,61,20.6,6.46
2021-06-22,33.3,24.8,0.0,57,18.1,6.32
2021-06-23,32.4,24.8,0.3,63,16.2,4.92
2021-06-24,28.9,23.2,3.7,75,20.6,2.54
2021-06-25,29.9,23.0,0.2,72,25.2,4.52
2021-06-26,32.0,24.0,1.6,69,21.1,4.84
2021-06-27,28.2,22.2,8.2,84,19.9,3.0
2021-06-28,31.5,22.3,2.3,76,13.5,4.19
2021-06-29,32.9,23.5,0.0,64,12.2,5.35
2021-06-30,33.8,24.6,0.1,62,16.6,5.89
2021-07-01,31.5,24.9,1.6,70,15.2,3.46
2021-07-02,28.4,22.6,23.8,85,16.1,2.22
2021-07-03,32.1,24.0,0.0,68,15.6,4.98
2021-07-04,32.5,24.5,0.0,64,15.6,5.18
2021-07-05,32.3,24.6,0.0,68,13.2,4.63
2021-07-06,31.9,23.7,0.9,76,12.8,4.69
2021-07-07,32.2,23.9,7.7,78,14.9,4.25
2021-07-08,26.1,23.3,19.4,92,16.0,1.44
2021-07-09,28.8,23.2,14.4,88,17.8,2.95
2021-07-10,29.2,22.6,5.2,84,13.9,3.51
2021-07-11,29.1,23.1,9.3,87,18.9,2.73
2021-07-12,28.7,22.6,14.1,85,18.4,2.94
2021-07-13,28.2,22.4,13.1,86,22.3,3.45
2021-07-14,27.1,22.4,4.5,86,26.7,2.94
2021-07-15,27.7,22.1,4.5,84,20.3,3.4
2021-07-16,29.8,22.5,5.0,85,9.9,3.29
2021-07-17,30.1,22.6,7.7,83,11.8,4.2
2021-07-18,30.2,22.5,9.2,85,12.3,4.06
2021-07-19,28.1,22.9,1.3,81,23.4,4.24
2021-07-20,29.3,23.0,1.6,78,28.1,4.37
2021-07-21,24.2,22.5,43.8,91,29.2,1.46
2021-07-22,24.7,21.9,39.3,91,28.8,1.39
2021-07-23,25.8,21.9,7.4,87,27.1,2.05
2021-07-24,29.4,22.2,0.2,77,28.1,4.34
2021-07-25,29.9,22.6,1.7,77,27.7,4.47
2021-07-26,30.0,22.8,0.0,72,30.9,5.18
2021-07-27,29.5,22.7,0.2,70,29.6,5.17
2021-07-28,29.0,22.5,0.1,70,31.0,4.98
2021-07-29,28.7,23.0,0.0,72,29.2,4.26
2021-07-30,29.0,23.0,0.5,75,29.5,3.88
2021-07-31,29.6,22.3,1.1,74,30.2,4.55
2021-08-01,28.5,22.5,0.4,73,30.6,4.16
2021-08-02,29.8,22.1,0.7,73,28.8,4.75
2021-08-03,29.5,22.0,0.3,72,26.8,4.7
2021-08-04,29.6,22.9,1.0,74,27.8,4.79
2021-08-05,29.1,23.0,2.6,74,24.5,4.35
2021-08-06,29.8,22.9,0.5,72,23.4,4.6
2021-08-07,31.4,23.4,0.0,70,18.8,5.37
2021-08-08,30.2,23.4,1.7,76,14.8,4.53
2021-08-09,31.3,23.4,1.2,75,13.2,4.81
2021-08-10,31.2,24.2,0.2,73,16.1,4.93
2021-08-11,31.6,24.5,0.3,69,18.9,5.28
2021-08-12,30.0,24.4,7.5,75,18.1,4.21
2021-08-13,29.5,23.2,0.4,76,16.7,3.83
2021-08-14,31.3,24.0,0.0,65,20.0,5.4
2021-08-15,30.4,23.2,2.2,73,20.5,4.82
2021-08-16,27.0,22.8,4.9,86,18.8,2.02
2021-08-17,24.4,22.5,22.5,94,16.7,1.19
2021-08-18,27.9,22.2,2.9,84,22.1,2.98
2021-08-19,29.3,22.5,0.9,77,25.9,4.57
2021-08-20,28.2,22.4,1.4,81,18.6,3.47
2021-08-21,28.0,22.2,6.1,85,11.0,3.07
2021-08-22,30.0,22.1,2.4,82,11.2,4.63
2021-08-23,30.8,22.2,0.6,76,10.9,4.8
2021-08-24,30.7,22.8,1.3,80,9.4,4.51
2021-08-25,30.0,23.4,2.9,83,12.0,3.83
2021-08-26,29.6,22.3,9.4,85,17.0,3.64
2021-08-27,29.5,23.0,6.1,84,12.4,3.59
2021-08-28,27.4,22.9,9.9,88,12.3,2.25
2021-08-29,28.8,22.3,3.0,85,15.5,3.54
2021-08-30,26.5,22.4,8.8,89,19.0,2.18
2021-08-31,28.0,22.3,10.2,86,19.3,3.01
2021-09-01,28.7,22.2,2.5,86,9.9,3.42
2021-09-02,29.5,22.0,3.1,86,11.0,3.85
2021-09-03,28.1,22.5,6.6,85,11.3,2.65
2021-09-04,28.1,22.2,9.9,87,15.6,3.15
2021-09-05,28.4,22.1,3.3,86,18.2,3.53
2021-09-06,25.8,22.4,9.3,91,18.5,1.82
2021-09-07,24.5,22.0,47.8,91,26.1,1.26
2021-09-08,28.6,22.5,3.9,79,29.3,4.08
2021-09-09,29.4,22.2,0.0,76,26.7,4.34
2021-09-10,29.0,22.4,0.2,77,23.3,4.11
2021-09-11,28.0,22.6,0.4,78,22.7,3.37
2021-09-12,29.6,22.5,1.2,79,24.9,4.04
2021-09-13,29.0,23.1,3.3,81,25.6,3.44
2021-09-14,28.5,22.7,2.1,81,25.5,3.33
2021-09-15,28.8,22.4,0.0,75,22.7,4.09
2021-09-16,28.8,22.0,0.0,74,20.5,4.34
2021-09-17,29.5,21.8,0.0,73,17.0,4.5
2021-09-18,28.6,22.9,0.0,74,13.7,2.98
2021-09-19,29.0,22.9,12.9,79,9.8,3.55
2021-09-20,29.0,23.0,14.9,87,12.7,3.11
2021-09-21,26.6,22.1,7.3,87,14.8,2.8
2021-09-22,27.7,22.2,4.9,88,19.8,2.96
2021-09-23,27.1,22.1,20.2,91,12.6,2.27
2021-09-24,28.7,22.1,1.8,83,14.4,3.55
2021-09-25,28.6,22.6,6.1,84,15.0,3.53
2021-09-26,28.1,22.2,6.5,84,15.1,3.07
2021-09-27,24.2,22.5,39.2,94,20.0,1.09
2021-09-28,27.8,22.0,9.0,84,25.5,2.89
2021-09-29,28.9,21.5,0.4,81,16.6,3.67
2021-09-30,28.9,22.3,4.6,84,9.5,3.65
2021-10-01,29.9,22.5,5.3,85,8.4,4.09
2021-10-02,29.5,22.2,2.8,83,9.4,3.92
2021-10-03,29.5,22.9,2.1,82,8.5,3.9
2021-10-04,30.2,23.1,5.1,84,9.3,4.01
2021-10-05,29.9,22.4,4.0,86,12.9,3.8
2021-10-06,29.2,22.8,2.1,85,18.0,3.8
2021-10-07,29.9,22.5,0.4,82,14.5,3.72
2021-10-08,29.9,22.8,12.4,86,10.0,3.48
2021-10-09,29.3,22.5,8.5,85,13.0,3.39
2021-10-10,29.4,22.5,4.6,85,13.6,3.65
2021-10-11,30.5,21.6,0.0,72,14.7,4.69
2021-10-12,30.0,19.2,0.0,64,9.5,4.19
2021-10-13,30.7,20.8,0.0,65,10.7,4.11
2021-10-14,31.3,22.0,0.0,66,11.6,4.24
2021-10-15,30.8,22.0,0.0,61,12.4,4.43
2021-10-16,28.0,22.1,11.6,86,15.0,2.34
2021-10-17,29.5,21.5,1.6,84,16.7,3.23
2021-10-18,30.9,22.9,0.0,69,17.1,5.02
2021-10-19,31.5,21.9,0.0,67,14.8,4.56
2021-10-20,31.5,20.4,0.0,62,10.1,4.63
2021-10-21,30.9,19.9,0.0,58,12.7,4.99
2021-10-22,30.9,19.7,0.0,57,9.6,4.85
2021-10-23,31.2,19.7,0.0,55,14.8,4.95
2021-10-24,30.9,20.4,0.0,61,11.4,4.14
2021-10-25,30.3,19.9,0.0,58,12.1,5.02
2021-10-26,29.8,18.0,0.0,55,14.2,5.26
2021-10-27,29.7,18.1,0.0,53,17.7,5.49
2021-10-28,29.9,18.5,0.0,56,14.7,4.35
2021-10-29,30.9,21.2,0.0,56,17.5,5.03
2021-10-30,30.4,21.4,1.0,68,16.0,4.01
2021-10-31,31.3,21.0,0.0,71,13.2,4.05
2021-11-01,29.7,20.3,0.1,73,12.6,4.08
2021-11-02,29.1,21.4,16.2,83,15.2,3.11
2021-11-03,28.4,21.2,1.4,82,17.3,2.94
2021-11-04,29.1,20.7,1.0,79,13.4,3.61
2021-11-05,29.2,20.2,0.0,75,16.2,3.69
2021-11-06,29.7,18.9,0.0,70,11.4,4.46
2021-11-07,29.1,17.8,0.0,59,13.0,4.44
2021-11-08,29.0,17.9,0.0,55,11.2,4.69
2021-11-09,29.1,18.4,0.0,50,16.1,4.96
2021-11-10,29.9,19.0,0.0,51,15.0,4.88
2021-11-11,26.3,19.9,3.9,59,14.2,3.01
2021-11-12,26.2,19.6,2.0,81,18.7,2.13
2021-11-13,28.4,21.1,1.2,84,14.0,2.98
2021-11-14,29.4,21.6,4.4,84,13.0,2.95
2021-11-15,29.8,21.8,1.0,81,16.2,3.72
2021-11-16,27.2,21.6,5.0,85,21.0,2.88
2021-11-17,28.6,21.0,1.8,85,17.7,2.81
2021-11-18,26.2,20.0,1.3,87,10.0,1.65
2021-11-19,25.0,21.1,4.9,91,20.9,1.61
2021-11-20,27.8,21.3,4.9,90,20.4,2.28
2021-11-21,27.2,21.8,3.8,88,20.3,2.62
2021-11-22,30.0,21.8,0.7,79,12.2,3.34
2021-11-23,29.8,20.8,1.0,79,7.4,3.49
2021-11-24,30.1,20.8,0.0,77,14.1,3.97
2021-11-25,30.1,19.6,0.0,72,10.5,4.07
2021-11-26,29.8,17.8,0.0,59,12.6,4.58
2021-11-27,28.8,17.6,0.0,59,14.6,4.48
2021-11-28,29.0,17.6,0.0,62,15.9,4.04
2021-11-29,25.8,20.1,0.3,81,15.0,1.9
2021-11-30,28.6,19.5,0.0,71,13.4,3.56
2021-12-01,29.0,18.2,0.0,69,12.8,3.64
2021-12-02,28.8,18.6,0.0,71,15.7,3.36
2021-12-03,29.2,18.9,0.0,67,12.6,3.77
2021-12-04,30.9,19.1,0.0,60,15.0,4.2
2021-12-05,30.9,19.1,0.0,57,10.2,4.33
2021-12-06,30.5,18.1,0.0,56,10.5,4.3
2021-12-07,30.0,20.1,0.0,57,13.1,4.37
2021-12-08,29.5,18.4,0.0,64,12.4,3.74
2021-12-09,29.0,18.7,0.7,71,10.9,3.55
2021-12-10,28.1,20.6,0.8,76,14.4,3.27
2021-12-11,28.9,19.5,0.1,71,12.6,3.55
2021-12-12,29.4,17.9,0.0,59,14.4,4.23
2021-12-13,28.6,17.9,0.0,67,11.6,3.42
2021-12-14,27.2,18.0,0.1,71,11.1,3.07
2021-12-15,26.9,17.2,0.0,56,11.2,3.73
2021-12-16,27.8,15.0,0.0,51,12.2,4.31
2021-12-17,28.0,13.6,0.0,52,13.6,4.33
2021-12-18,27.3,13.0,0.0,52,13.5,4.5
2021-12-19,26.7,13.9,0.0,60,11.3,3.95
2021-12-20,26.5,13.6,0.0,58,9.0,3.78
2021-12-21,27.1,12.3,0.0,53,8.3,3.8
2021-12-22,27.5,12.8,0.0,49,10.2,3.88
2021-12-23,28.7,15.3,0.0,46,8.0,3.75
2021-12-24,29.6,16.2,0.0,51,11.6,4.08
2021-12-25,30.0,15.9,0.0,59,9.7,4.09
2021-12-26,29.7,16.2,0.0,63,13.4,3.83
2021-12-27,29.0,17.3,0.0,68,11.2,3.82
2021-12-28,28.6,16.7,0.0,67,14.3,4.09
2021-12-29,27.4,16.6,0.0,67,11.7,3.64
2021-12-30,26.5,17.5,0.3,72,16.0,3.44
2021-12-31,27.9,16.7,0.0,70,13.8,3.8
2022-01-01,27.8,16.9,0.0,66,11.3,3.69
2022-01-02,27.0,16.9,0.0,66,9.5,3.64
2022-01-03,27.2,15.3,0.0,63,10.7,3.84
2022-01-04,27.0,14.9,0.0,64,11.9,3.9
2022-01-05,27.6,14.8,0.0,69,12.0,3.84
2022-01-06,27.5,14.7,0.0,68,14.4,4.04
2022-01-07,27.6,16.9,0.0,68,13.6,3.94
2022-01-08,27.6,18.0,0.3,73,16.3,2.83
2022-01-09,28.7,18.0,0.4,71,13.0,3.52
2022-01-10,26.5,18.2,3.0,80,11.7,2.76
2022-01-11,26.6,17.3,4.9,83,15.2,2.37
2022-01-12,26.1,17.0,1.5,84,12.6,2.81
2022-01-13,24.0,18.0,1.1,86,14.7,1.74
2022-01-14,27.3,18.2,1.2,78,17.7,3.25
2022-01-15,25.2,16.8,1.0,81,12.4,2.88
2022-01-16,26.5,16.8,0.1,78,14.8,3.31
2022-01-17,24.9,15.8,0.8,81,10.1,2.87
2022-01-18,27.0,16.5,0.0,68,8.2,3.81
2022-01-19,27.5,14.6,0.0,59,11.2,4.18
2022-01-20,29.2,14.9,0.0,58,10.3,4.19
2022-01-21,29.9,15.4,0.0,57,16.6,4.76
2022-01-22,31.0,15.8,0.0,53,15.1,4.56
2022-01-23,28.8,16.6,0.0,53,19.6,4.79
2022-01-24,26.5,16.0,0.0,53,11.4,4.32
2022-01-25,26.9,14.9,0.0,56,9.7,4.16
2022-01-26,27.3,15.0,0.0,55,12.0,4.2
2022-01-27,26.9,15.6,0.0,54,13.4,4.59
2022-01-28,26.4,13.6,0.0,48,12.0,4.52
2022-01-29,27.5,11.9,0.0,47,9.2,4.51
2022-01-30,28.9,12.2,0.0,46,10.1,4.46
2022-01-31,30.1,16.6,0.0,42,9.8,4.58
2022-02-01,31.0,17.3,0.0,44,10.4,4.75
2022-02-02,31.2,15.9,0.0,52,13.4,4.63
2022-02-03,30.8,17.0,0.0,58,17.5,5.18
2022-02-04,28.2,17.1,0.0,41,15.1,5.39
2022-02-05,28.4,13.9,0.0,44,11.0,4.9
2022-02-06,28.7,14.8,0.0,49,14.7,4.9
2022-02-07,30.7,16.3,0.0,63,9.9,4.36
2022-02-08,30.5,17.7,0.0,58,14.5,4.41
2022-02-09,30.5,18.5,0.0,60,16.0,4.83
2022-02-10,30.0,17.6,0.0,59,12.4,4.26
2022-02-11,29.3,18.8,0.0,57,14.2,4.68
2022-02-12,29.2,17.0,0.0,47,13.0,5.21
2022-02-13,28.9,15.1,0.0,45,12.8,5.19
2022-02-14,29.5,15.2,0.0,55,11.5,4.81
2022-02-15,30.1,17.2,0.0,59,14.9,4.54
2022-02-16,30.1,18.0,0.0,59,12.1,4.45
2022-02-17,30.6,18.5,0.0,48,16.6,5.17
2022-02-18,30.5,19.0,0.0,53,14.7,4.7
2022-02-19,31.4,17.4,0.0,44,13.0,5.63
2022-02-20,32.4,19.1,0.0,42,17.2,5.75
2022-02-21,32.5,18.1,0.0,43,12.0,5.58
2022-02-22,32.8,17.6,0.0,42,11.8,5.9
2022-02-23,32.0,18.1,0.0,57,13.3,5.3
2022-02-24,33.0,18.5,0.0,47,13.9,5.97
2022-02-25,33.5,18.2,0.0,39,15.5,6.18
2022-02-26,32.0,17.7,0.0,42,18.8,6.39
2022-02-27,32.2,18.4,0.0,43,15.8,6.21
2022-02-28,32.8,17.8,0.0,33,15.8,6.69
2022-03-01,33.3,18.4,0.0,30,13.1,6.79
2022-03-02,33.3,18.4,0.0,34,14.1,6.04
2022-03-03,33.0,19.2,0.0,33,15.8,6.7
2022-03-04,33.5,19.3,0.0,36,14.5,6.54
2022-03-05,34.1,19.6,0.0,37,13.0,6.26
2022-03-06,33.1,19.4,0.0,44,17.0,5.96
2022-03-07,33.1,18.9,0.0,45,14.0,5.75
2022-03-08,33.7,20.4,0.0,40,11.3,5.29
2022-03-09,34.5,20.7,0.0,34,12.5,5.72
2022-03-10,33.8,20.2,0.0,35,9.8,5.42
2022-03-11,34.2,21.5,0.0,38,11.6,5.28
2022-03-12,33.8,22.4,0.0,40,10.2,4.98
2022-03-13,34.8,20.6,0.0,36,15.0,6.21
2022-03-14,35.3,20.4,0.0,28,12.6,7.01
2022-03-15,36.3,17.9,0.0,26,13.9,7.01
2022-03-16,37.2,19.8,0.0,29,14.1,7.08
2022-03-17,38.3,20.9,0.0,27,15.1,7.4
2022-03-18,37.8,22.7,0.0,27,12.0,6.49
2022-03-19,35.3,21.5,0.0,40,13.6,5.79
2022-03-20,34.6,20.3,1.6,47,23.7,5.43
2022-03-21,36.5,23.6,0.0,41,18.2,6.5
2022-03-22,36.1,23.0,0.0,43,14.9,5.59
2022-03-23,36.9,22.6,0.0,36,13.2,5.6
2022-03-24,35.8,21.9,0.0,45,14.5,5.86
2022-03-25,36.8,21.9,0.0,48,15.9,5.71
2022-03-26,36.8,22.9,0.0,50,20.6,5.59
2022-03-27,37.8,22.7,0.0,45,14.7,5.63
2022-03-28,38.3,23.5,0.0,42,11.1,5.81
2022-03-29,38.3,23.4,0.0,34,11.7,6.92
2022-03-30,38.4,22.5,0.0,34,11.5,6.72
2022-03-31,38.7,22.7,0.0,35,12.3,6.67
2022-04-01,38.0,22.9,0.0,45,17.7,6.26
2022-04-02,37.1,23.4,0.0,51,13.3,6.47
2022-04-03,37.7,22.9,0.0,49,13.8,6.34
2022-04-04,37.0,24.5,0.0,43,15.7,6.25
2022-04-05,37.8,23.9,0.0,45,12.8,6.4
2022-04-06,37.4,23.0,0.0,43,13.1,6.4
2022-04-07,37.1,23.9,0.0,42,15.2,6.4
2022-04-08,38.0,23.9,0.0,40,14.5,7.23
2022-04-09,37.3,23.2,0.0,44,12.0,6.27
2022-04-10,37.3,23.8,0.0,45,14.1,6.57
2022-04-11,38.0,24.1,0.0,43,16.7,6.57
2022-04-12,38.8,23.5,0.0,39,17.1,7.26
2022-04-13,38.0,23.5,0.0,38,16.1,7.16
2022-04-14,38.8,23.6,0.0,43,13.6,5.95
2022-04-15,38.0,25.1,2.7,47,27.7,5.09
2022-04-16,37.6,26.2,0.0,39,17.4,6.0
2022-04-17,37.6,25.4,0.0,43,21.8,6.09
2022-04-18,37.9,24.8,0.0,41,12.0,6.4
2022-04-19,38.8,24.7,0.0,36,13.7,6.87
2022-04-20,39.6,24.9,0.0,34,15.0,6.82
2022-04-21,36.6,24.4,0.6,46,11.8,5.41
2022-04-22,37.0,24.8,0.1,58,27.9,5.41
2022-04-23,35.6,24.4,0.0,55,9.1,5.69
2022-04-24,35.3,24.3,0.1,44,15.9,6.74
2022-04-25,38.0,25.5,0.0,41,13.0,6.35
2022-04-26,37.0,24.5,0.0,44,11.3,5.63
2022-04-27,37.5,25.2,0.0,41,13.3,6.19
2022-04-28,38.5,24.5,0.0,39,9.4,6.56
2022-04-29,39.2,24.5,0.0,38,13.8,7.12
2022-04-30,39.3,25.1,0.0,37,13.8,7.23
2022-05-01,38.6,26.1,0.0,32,12.7,6.65
2022-05-02,38.7,25.5,0.0,31,19.0,8.06
2022-05-03,38.2,26.2,0.0,39,18.6,6.47
2022-05-04,36.7,25.9,1.9,60,19.6,5.52
2022-05-05,37.0,25.4,0.0,48,12.1,6.13
2022-05-06,38.7,26.6,0.0,37,21.0,7.25
2022-05-07,37.8,24.5,0.0,43,14.7,6.47
2022-05-08,37.1,26.9,0.0,41,23.6,5.71
2022-05-09,39.0,25.1,0.0,39,18.0,6.82
2022-05-10,36.9,23.5,0.0,42,21.5,6.16
2022-05-11,29.4,24.3,6.4,68,12.3,2.29
2022-05-12,33.0,25.5,0.2,68,14.1,4.2
2022-05-13,36.7,23.6,0.6,64,15.0,5.86
2022-05-14,38.0,26.0,0.1,56,14.0,6.47
2022-05-15,37.2,25.4,0.1,56,15.1,6.28
2022-05-16,36.0,25.6,0.0,61,14.1,5.92
2022-05-17,35.2,22.8,1.2,66,20.6,4.7
2022-05-18,34.8,25.4,0.5,68,17.8,5.31
2022-05-19,32.4,24.2,2.9,73,13.1,3.87
2022-05-20,33.6,24.2,3.6,72,15.6,4.95
2022-05-21,35.1,23.6,0.0,62,20.6,6.74
2022-05-22,34.8,24.0,0.0,55,25.7,7.9
2022-05-23,35.3,24.5,0.0,52,23.4,7.85
2022-05-24,36.7,25.7,0.0,49,20.9,7.57
2022-05-25,35.9,25.6,0.0,47,15.8,6.74
2022-05-26,36.7,26.1,0.3,49,21.0,6.89
2022-05-27,36.1,25.3,0.1,46,18.4,7.15
2022-05-28,36.7,25.5,0.0,42,20.8,8.04
2022-05-29,37.2,26.3,0.0,40,22.5,8.11
2022-05-30,37.2,26.7,0.0,42,19.5,7.44
2022-05-31,36.2,24.5,1.1,58,20.2,5.93
2022-06-01,35.6,23.0,8.2,59,20.8,6.37
2022-06-02,37.8,25.5,0.0,51,25.9,6.93
2022-06-03,37.9,25.0,0.0,49,20.8,7.21
2022-06-04,38.5,27.2,0.0,41,20.6,7.72
2022-06-05,38.3,26.5,0.0,43,15.8,6.69
2022-06-06,37.7,26.5,0.8,49,19.3,7.45
2022-06-07,38.0,24.6,0.4,53,22.0,7.46
2022-06-08,33.8,26.4,0.0,55,20.2,4.53
2022-06-09,35.8,24.8,0.5,54,18.8,6.89
2022-06-10,35.7,25.9,0.0,53,17.8,7.19
2022-06-11,34.1,25.0,0.0,58,18.5,6.8
2022-06-12,33.8,24.5,0.4,59,16.1,6.04
2022-06-13,33.6,25.3,0.5,56,16.2,5.53
2022-06-14,33.7,23.6,0.7,62,16.6,5.91
2022-06-15,32.5,22.7,11.5,75,15.0,4.46
2022-06-16,33.0,23.5,7.8,75,13.5,4.33
2022-06-17,33.0,23.0,1.0,69,12.7,5.13
2022-06-18,33.0,23.0,3.8,70,10.2,4.59
2022-06-19,31.6,23.5,1.6,72,14.8,4.53
2022-06-20,31.8,23.9,1.8,69,23.4,4.7
2022-06-21,32.0,22.9,10.7,75,18.8,4.11
2022-06-22,31.2,23.2,0.3,72,16.9,4.09
2022-06-23,31.8,23.5,0.2,66,16.6,4.86
2022-06-24,32.0,24.6,0.1,64,19.2,4.65
2022-06-25,30.5,24.4,6.5,70,22.0,3.84
2022-06-26,27.8,22.9,23.6,82,21.4,2.83
2022-06-27,28.1,22.9,12.7,81,21.5,2.53
2022-06-28,29.2,22.8,7.9,76,23.8,3.83
2022-06-29,31.3,23.5,1.1,72,21.3,4.89
2022-06-30,30.3,23.0,2.6,76,20.2,4.21
2022-07-01,31.5,23.2,0.6,76,21.4,4.78
2022-07-02,31.4,23.1,2.9,73,22.8,4.43
2022-07-03,30.8,23.6,3.6,73,20.3,4.04
2022-07-04,29.4,22.9,6.1,79,22.0,3.75
2022-07-05,27.0,22.9,10.0,85,23.2,2.2
2022-07-06,26.0,22.4,20.3,90,19.6,1.5
2022-07-07,28.9,22.8,21.0,84,23.9,3.17
2022-07-08,24.1,22.5,27.4,91,22.7,1.07
2022-07-09,23.5,22.2,55.8,92,27.0,1.16
2022-07-10,23.1,21.9,39.9,91,29.8,1.1
2022-07-11,26.4,21.9,10.5,84,37.9,2.47
2022-07-12,23.0,21.6,36.3,91,33.1,1.31
2022-07-13,24.0,21.6,21.3,90,33.6,1.86
2022-07-14,26.5,21.9,2.0,81,37.9,3.14
2022-07-15,27.9,22.5,0.7,77,33.6,4.19
2022-07-16,29.9,22.6,3.3,77,26.7,4.36
2022-07-17,26.3,22.8,13.6,87,21.7,1.87
2022-07-18,28.7,22.8,8.8,87,25.3,3.02
2022-07-19,29.9,22.2,1.3,77,25.1,4.56
2022-07-20,30.6,22.9,0.2,75,19.6,5.34
2022-07-21,29.0,23.0,0.4,78,19.8,4.45
2022-07-22,28.2,23.0,22.8,87,19.4,2.31
2022-07-23,26.5,22.2,16.2,90,22.3,2.35
2022-07-24,26.5,22.1,2.0,86,20.6,2.11
2022-07-25,28.0,22.1,13.1,86,16.6,2.38
2022-07-26,28.0,22.0,3.0,86,17.6,3.38
2022-07-27,29.8,21.5,2.3,83,8.4,4.63
2022-07-28,29.9,21.8,1.6,85,9.2,4.27
2022-07-29,30.2,21.9,2.3,84,9.4,4.88
2022-07-30,29.6,22.6,3.8,83,8.7,4.29
2022-07-31,29.5,22.9,0.5,84,9.7,3.7
2022-08-01,29.5,22.8,5.0,84,10.1,3.71
2022-08-02,30.1,22.6,6.2,84,10.9,4.25
2022-08-03,29.9,23.0,3.4,84,12.2,3.8
2022-08-04,30.0,22.6,7.3,86,12.5,4.27
2022-08-05,29.0,22.4,6.4,85,19.2,3.03
2022-08-06,29.5,22.8,20.2,83,24.9,4.01
2022-08-07,28.3,22.5,12.7,86,23.1,2.89
2022-08-08,24.5,22.1,22.7,92,26.1,1.52
2022-08-09,25.0,22.1,6.2,85,33.2,2.32
2022-08-10,28.5,22.0,0.3,74,36.9,4.51
2022-08-11,28.8,23.1,0.9,74,31.3,4.5
2022-08-12,29.2,23.2,0.5,73,28.8,4.94
2022-08-13,28.4,22.6,0.2,76,29.9,4.28
2022-08-14,25.9,22.5,7.0,84,27.4,2.16
2022-08-15,27.0,21.8,7.4,85,25.8,2.58
2022-08-16,29.4,21.8,0.0,77,19.3,4.54
2022-08-17,29.9,22.1,0.0,75,18.0,5.3
2022-08-18,30.5,22.8,0.1,75,19.8,5.13
2022-08-19,29.5,23.4,0.1,74,21.7,4.68
2022-08-20,29.1,23.4,0.9,76,25.1,4.39
2022-08-21,29.6,23.1,0.5,74,23.9,5.26
2022-08-22,29.6,22.3,0.2,75,26.7,4.4
2022-08-23,30.0,22.2,0.3,76,20.5,4.34
2022-08-24,30.2,22.8,1.6,76,18.2,5.04
2022-08-25,30.0,22.0,4.2,80,17.6,3.87
2022-08-26,30.7,21.9,1.0,76,11.7,4.82
2022-08-27,30.4,22.6,1.7,78,15.4,4.61
2022-08-28,30.0,21.7,0.6,76,15.1,4.51
2022-08-29,30.0,23.0,8.8,82,10.5,3.66
2022-08-30,30.5,21.8,0.7,81,13.5,4.64
2022-08-31,30.6,22.3,8.7,82,12.7,4.23
2022-09-01,30.5,22.8,7.2,84,13.5,4.2
2022-09-02,30.4,22.1,0.4,81,14.5,4.22
2022-09-03,31.2,22.1,2.6,79,9.6,4.95
2022-09-04,30.0,22.2,10.5,81,13.4,3.82
2022-09-05,30.4,21.9,2.5,83,14.8,4.7
2022-09-06,30.0,22.0,10.9,86,11.5,4.25
2022-09-07,30.2,22.1,19.5,86,11.8,3.94
2022-09-08,28.5,21.9,10.9,88,11.8,2.84
2022-09-09,28.1,22.5,24.5,89,9.4,2.71
2022-09-10,27.9,22.5,20.3,90,16.6,2.24
2022-09-11,26.1,22.2,9.2,90,21.3,1.72
2022-09-12,27.2,22.4,1.6,84,24.3,3.18
2022-09-13,28.8,22.9,0.5,78,26.6,4.0
2022-09-14,29.1,22.0,0.9,78,24.0,4.13
2022-09-15,29.1,22.2,0.2,77,23.8,4.31
2022-09-16,29.1,22.4,0.0,76,28.6,4.41
2022-09-17,29.6,22.2,0.3,78,20.6,4.42
2022-09-18,29.4,22.5,0.1,77,19.7,4.26
2022-09-19,29.0,22.8,3.2,75,19.8,4.11
2022-09-20,26.1,22.1,1.8,83,20.4,2.35
2022-09-21,28.8,21.7,0.8,79,20.8,3.91
2022-09-22,27.9,22.3,3.6,79,19.4,3.47
2022-09-23,28.3,21.8,0.8,76,16.9,4.12
2022-09-24,29.1,21.6,0.0,76,16.6,4.54
2022-09-25,29.3,21.3,0.7,78,11.6,4.41
2022-09-26,30.1,21.6,3.1,80,12.6,3.96
2022-09-27,29.4,22.2,2.2,83,11.4,3.82
2022-09-28,29.2,21.7,14.6,85,8.6,3.36
2022-09-29,29.0,21.9,25.5,89,12.0,2.82
2022-09-30,29.2,22.1,8.5,84,14.6,3.83
2022-10-01,29.5,22.0,1.3,80,14.6,3.47
2022-10-02,30.0,21.0,0.0,76,18.6,4.65
2022-10-03,30.3,22.8,0.1,69,18.9,5.07
2022-10-04,30.1,22.8,0.0,67,18.0,4.35
2022-10-05,28.6,22.3,10.9,81,12.8,3.11
2022-10-06,25.6,21.5,21.1,92,12.9,1.74
2022-10-07,28.6,20.7,2.3,82,14.1,3.76
2022-10-08,28.9,21.1,3.5,82,9.2,3.74
2022-10-09,28.0,21.4,2.6,87,14.8,3.29
2022-10-10,27.9,22.0,1.5,88,14.5,3.22
2022-10-11,28.5,22.0,3.2,85,15.3,3.52
2022-10-12,29.1,21.6,11.8,86,10.5,3.64
2022-10-13,29.0,21.0,3.8,86,8.0,3.76
2022-10-14,28.0,21.0,2.0,88,12.6,2.5
2022-10-15,26.8,20.9,5.0,88,15.5,2.67
2022-10-16,26.7,20.9,6.0,92,15.3,2.2
2022-10-17,28.7,21.2,2.0,84,12.2,3.63
2022-10-18,28.5,21.2,0.4,84,8.8,3.42
2022-10-19,29.3,21.1,1.1,83,10.0,3.82
2022-10-20,28.4,21.1,2.8,86,12.6,3.23
2022-10-21,29.0,20.0,0.0,78,13.7,4.26
2022-10-22,27.9,18.9,0.0,60,16.5,5.05
2022-10-23,27.8,17.7,0.0,58,22.1,5.15
2022-10-24,28.0,16.8,0.0,57,17.5,5.12
2022-10-25,28.2,16.4,0.0,64,9.8,4.65
2022-10-26,28.1,15.6,0.0,63,10.3,4.65
2022-10-27,28.1,17.0,0.0,65,9.3,4.43
2022-10-28,28.9,16.5,0.0,57,13.1,4.84
2022-10-29,28.5,18.5,0.0,48,16.3,5.42
2022-10-30,28.5,17.4,0.0,51,14.5,5.23
2022-10-31,28.0,16.9,0.0,58,12.8,4.73
2022-11-01,27.1,17.8,0.2,67,11.7,3.13
2022-11-02,27.5,18.6,0.0,75,11.3,2.28
2022-11-03,29.8,19.3,0.3,72,12.8,4.19
2022-11-04,29.3,19.4,0.6,76,10.8,4.06
2022-11-05,29.9,18.9,0.0,68,9.2,4.47
2022-11-06,29.4,17.4,0.0,62,10.6,4.57
2022-11-07,29.7,16.5,0.0,61,10.2,4.6
2022-11-08,29.5,16.7,0.0,60,9.3,4.55
2022-11-09,29.0,15.9,0.0,54,9.9,4.65
2022-11-10,29.1,16.6,0.0,52,11.8,5.0
2022-11-11,29.4,19.3,0.0,51,19.1,5.49
2022-11-12,29.4,18.8,0.0,53,14.9,5.01
2022-11-13,29.6,18.1,0.0,61,13.0,4.18
2022-11-14,29.9,17.8,0.0,65,10.3,3.94
2022-11-15,29.7,18.2,0.0,57,12.1,4.52
2022-11-16,28.9,14.6,0.0,53,9.8,4.48
2022-11-17,29.0,14.4,0.0,51,10.9,4.82
2022-11-18,28.4,16.6,0.0,48,16.5,5.15
2022-11-19,26.8,16.5,0.0,51,17.4,4.82
2022-11-20,26.4,14.9,0.0,52,11.4,4.5
2022-11-21,29.2,17.5,0.0,49,13.5,4.62
2022-11-22,30.1,20.9,0.0,56,16.0,4.47
2022-11-23,29.9,20.4,0.0,70,14.8,3.34
2022-11-24,28.6,20.0,0.8,75,10.8,3.4
2022-11-25,30.5,20.0,0.0,65,11.8,4.01
2022-11-26,30.2,18.3,0.0,54,10.2,4.39
2022-11-27,30.0,16.9,0.0,55,13.4,4.21
2022-11-28,29.5,17.4,0.0,54,10.5,4.27
2022-11-29,28.5,15.4,0.0,50,9.7,4.43
2022-11-30,28.1,13.7,0.0,56,8.9,4.15
2022-12-01,29.4,17.0,0.0,60,8.9,3.9
2022-12-02,29.2,17.7,0.0,70,9.7,3.34
2022-12-03,29.3,19.0,0.1,73,9.1,3.6
2022-12-04,29.8,19.0,0.0,70,9.0,3.81
2022-12-05,28.8,17.3,0.0,60,10.9,4.1
2022-12-06,29.8,15.9,0.0,54,12.5,4.51
2022-12-07,28.9,16.8,0.0,57,14.4,4.15
2022-12-08,26.9,15.8,0.0,52,16.0,4.55
2022-12-09,27.5,15.6,0.0,47,12.8,4.27
2022-12-10,27.0,17.9,3.8,70,19.2,3.01
2022-12-11,25.8,20.1,11.1,89,22.6,1.89
2022-12-12,26.9,20.1,1.3,85,19.2,2.84
2022-12-13,27.0,20.8,2.3,84,16.6,2.77
2022-12-14,28.5,19.5,0.0,79,14.0,3.45
2022-12-15,28.9,18.9,0.0,72,8.4,3.57
2022-12-16,29.9,18.9,0.0,69,8.9,3.69
2022-12-17,29.9,19.1,0.0,69,11.6,3.59
2022-12-18,28.3,17.4,0.0,60,12.0,4.2
2022-12-19,28.0,15.1,0.0,57,10.9,4.04
2022-12-20,28.9,15.3,0.0,62,10.9,4.02
2022-12-21,29.3,15.6,0.0,58,9.3,3.98
2022-12-22,29.4,16.0,0.0,54,10.8,4.18
2022-12-23,30.2,15.1,0.0,59,12.5,4.26
2022-12-24,29.6,14.9,0.0,56,10.8,4.27
2022-12-25,29.0,14.6,0.0,66,13.5,4.11
2022-12-26,28.6,18.1,0.3,78,15.1,2.68
2022-12-27,30.1,19.4,0.0,72,8.9,3.61
2022-12-28,31.0,18.8,0.0,66,9.0,3.64
2022-12-29,30.5,18.9,0.0,62,8.4,3.67
2022-12-30,30.4,19.1,0.0,60,8.3,3.56
2022-12-31,30.8,18.7,0.0,56,8.1,3.7
2023-01-01,30.0,20.0,0.0,58,9.2,3.87
2023-01-02,29.4,18.5,0.0,62,10.7,3.97
2023-01-03,28.6,18.0,0.0,67,8.4,3.57
2023-01-04,28.6,18.0,0.0,67,11.5,3.7
2023-01-05,26.8,17.8,0.9,76,12.5,3.12
2023-01-06,27.1,18.0,0.3,76,10.8,3.32
2023-01-07,27.0,16.8,0.0,64,12.9,3.93
2023-01-08,26.1,13.1,0.0,54,11.5,4.23
2023-01-09,27.0,11.1,0.0,52,10.2,4.14
2023-01-10,28.3,13.8,0.0,50,9.0,4.22
2023-01-11,28.2,12.6,0.0,55,10.8,3.89
2023-01-12,29.0,13.4,0.0,57,8.9,4.07
2023-01-13,29.0,14.6,0.0,58,8.7,3.92
2023-01-14,29.3,16.2,0.0,56,10.3,4.02
2023-01-15,29.2,16.2,0.0,59,10.3,4.17
2023-01-16,29.6,15.9,0.0,54,10.7,4.4
2023-01-17,29.5,15.1,0.0,49,10.6,4.56
2023-01-18,29.5,14.9,0.0,57,9.9,4.4
2023-01-19,28.8,15.0,0.0,59,10.8,4.39
2023-01-20,28.1,16.5,0.0,61,11.3,4.26
2023-01-21,28.2,15.9,0.0,59,9.5,4.24
2023-01-22,28.4,15.0,0.0,61,10.0,4.36
2023-01-23,27.8,15.8,0.0,66,13.7,4.26
2023-01-24,29.0,16.8,0.0,63,13.8,4.43
2023-01-25,28.4,16.5,0.0,62,15.3,4.37
2023-01-26,29.0,14.6,0.0,60,14.3,4.58
2023-01-27,28.8,15.4,0.0,55,12.2,4.5
2023-01-28,29.8,15.5,0.0,53,10.5,4.66
2023-01-29,29.1,15.1,0.0,56,16.1,4.9
2023-01-30,29.2,17.0,0.0,68,17.9,4.26
2023-01-31,30.0,18.3,0.0,60,11.2,4.28
2023-02-01,29.9,17.0,0.0,57,16.1,4.84
2023-02-02,29.3,17.6,0.0,48,16.9,5.37
2023-02-03,29.8,15.1,0.0,37,10.5,5.21
2023-02-04,30.3,15.9,0.0,43,11.5,4.92
2023-02-05,30.4,15.6,0.0,44,11.5,4.81
2023-02-06,30.7,15.9,0.0,49,10.5,4.91
2023-02-07,31.4,17.4,0.0,51,10.1,4.83
2023-02-08,32.5,18.5,0.0,53,10.5,4.83
2023-02-09,32.3,17.6,0.0,50,8.8,4.91
2023-02-10,32.8,17.9,0.0,38,11.8,5.47
2023-02-11,33.5,16.5,0.0,38,9.4,5.18
2023-02-12,33.2,17.2,0.0,36,12.9,5.94
2023-02-13,31.6,17.4,0.0,35,15.3,6.16
2023-02-14,31.6,14.4,0.0,34,11.6,5.9
2023-02-15,32.8,15.8,0.0,32,13.8,6.22
2023-02-16,33.3,17.7,0.0,31,18.1,6.66
2023-02-17,32.5,17.3,0.0,35,11.6,5.77
2023-02-18,31.5,17.5,0.0,41,9.7,5.17
2023-02-19,31.6,18.9,0.0,46,10.8,5.35
2023-02-20,32.8,16.9,0.0,47,9.5,5.13
2023-02-21,34.2,17.0,0.0,38,10.5,5.57
2023-02-22,34.8,17.4,0.0,36,10.0,5.78
2023-02-23,34.3,17.3,0.0,39,11.6,5.92
2023-02-24,34.4,20.0,0.0,35,11.2,6.07
2023-02-25,34.6,20.6,0.0,31,11.3,6.32
2023-02-26,33.7,18.9,0.0,31,11.7,6.35
2023-02-27,33.2,17.8,0.0,35,14.5,6.21
2023-02-28,32.9,18.5,0.0,35,15.4,6.6
2023-03-01,32.8,19.0,0.0,32,15.8,6.84
2023-03-02,33.2,18.4,0.0,30,14.2,6.69
2023-03-03,34.2,18.0,0.0,35,17.9,6.42
2023-03-04,34.0,20.8,0.0,29,13.7,6.56
2023-03-05,34.0,18.6,0.0,34,13.7,6.49
2023-03-06,34.4,18.2,0.0,33,14.9,6.65
2023-03-07,32.0,19.7,0.0,37,18.0,6.32
2023-03-08,33.2,19.0,0.0,40,11.2,5.88
2023-03-09,33.5,19.8,0.0,35,12.6,6.17
2023-03-10,33.8,19.8,0.0,36,11.2,6.01
2023-03-11,33.3,19.2,0.0,40,13.7,6.46
2023-03-12,33.7,19.4,0.0,39,15.6,6.61
2023-03-13,33.8,18.8,0.0,35,12.4,6.5
2023-03-14,34.5,19.6,0.0,26,13.1,6.06
2023-03-15,34.8,18.5,0.0,32,14.3,6.39
2023-03-16,31.0,20.3,9.7,69,15.1,4.26
2023-03-17,26.8,18.9,29.6,81,18.0,3.1
2023-03-18,26.5,19.1,17.6,86,14.8,2.95
2023-03-19,29.0,17.6,0.3,73,14.0,4.66
2023-03-20,29.5,18.5,0.0,67,9.4,4.9
2023-03-21,29.9,16.9,0.0,59,9.2,5.02
2023-03-22,30.9,18.3,0.0,58,12.3,5.33
2023-03-23,31.1,18.8,0.0,59,13.2,5.15
2023-03-24,32.2,19.6,0.0,62,9.2,5.08
2023-03-25,31.1,20.9,0.7,69,12.7,4.21
2023-03-26,33.2,21.2,0.0,65,11.4,5.25
2023-03-27,33.6,20.8,0.0,55,14.4,6.05
2023-03-28,34.3,20.5,0.0,53,11.6,5.78
2023-03-29,34.8,21.0,0.0,55,13.9,6.2
2023-03-30,35.0,21.3,0.0,49,13.7,6.48
2023-03-31,33.6,21.5,0.0,52,15.6,5.67
2023-04-01,33.2,21.1,0.0,52,14.8,5.78
2023-04-02,33.4,20.8,0.5,60,9.1,5.08
2023-04-03,34.2,21.4,0.0,54,12.3,5.67
2023-04-04,35.1,22.4,0.0,52,16.3,5.71
2023-04-05,34.3,21.4,0.0,52,9.0,5.49
2023-04-06,33.7,22.5,2.5,57,20.8,4.51
2023-04-07,34.8,22.9,1.5,62,20.4,4.59
2023-04-08,33.2,21.8,0.1,57,21.3,5.87
2023-04-09,34.4,22.4,0.0,47,11.9,6.39
2023-04-10,35.7,21.4,0.0,38,10.1,6.64
2023-04-11,36.6,21.8,0.0,39,11.2,6.93
2023-04-12,37.1,22.4,0.0,38,10.6,6.34
2023-04-13,37.6,23.5,0.0,37,10.7,6.12
2023-04-14,37.0,24.3,0.0,41,19.4,5.98
2023-04-15,36.3,24.0,0.0,41,19.2,6.78
2023-04-16,36.5,23.4,0.0,41,10.2,6.09
2023-04-17,37.0,24.5,0.0,38,10.0,5.81
2023-04-18,38.5,24.9,0.0,31,12.7,6.57
2023-04-19,38.0,22.9,0.0,35,11.3,6.11
2023-04-20,37.8,24.1,0.0,34,16.4,6.39
2023-04-21,35.0,23.1,1.6,47,13.5,6.4
2023-04-22,35.1,22.6,0.0,51,11.1,5.97
2023-04-23,35.0,21.9,0.0,50,19.5,6.13
2023-04-24,33.0,23.6,4.2,65,15.3,5.14
2023-04-25,33.8,23.9,16.2,68,20.4,5.44
2023-04-26,32.2,21.5,2.5,68,13.8,5.38
2023-04-27,30.3,23.1,17.3,74,25.1,3.81
2023-04-28,31.1,22.0,0.5,68,11.9,4.84
2023-04-29,30.1,21.4,19.4,74,20.6,4.72
2023-04-30,29.6,21.5,17.7,79,18.1,3.86
2023-05-01,29.9,20.0,9.9,80,14.8,4.06
2023-05-02,30.1,22.3,7.0,80,16.2,3.66
2023-05-03,30.4,22.3,1.0,75,13.3,4.04
2023-05-04,31.4,21.5,0.2,74,10.7,4.79
2023-05-05,29.6,21.1,8.7,78,15.5,3.07
2023-05-06,32.0,21.8,1.8,72,10.7,4.73
2023-05-07,32.7,24.6,0.0,68,16.0,5.29
2023-05-08,34.1,23.8,0.0,66,10.8,5.51
2023-05-09,32.2,23.9,4.3,77,15.5,3.98
2023-05-10,33.3,24.1,15.3,78,12.2,3.74
2023-05-11,36.2,24.0,0.2,60,16.6,5.91
2023-05-12,37.4,22.4,0.0,49,12.8,6.63
2023-05-13,38.3,22.4,0.0,45,18.2,7.1
2023-05-14,37.8,22.2,0.0,40,25.2,8.13
2023-05-15,37.2,24.5,0.0,42,22.1,7.61
2023-05-16,36.7,23.9,0.0,43,19.4,7.41
2023-05-17,36.6,21.4,0.0,46,17.3,6.96
2023-05-18,36.9,23.5,0.0,44,10.1,5.91
2023-05-19,37.7,24.9,0.0,42,14.8,6.23
2023-05-20,36.5,24.1,0.1,51,22.2,6.1
2023-05-21,36.8,24.2,0.0,49,15.7,6.08
2023-05-22,36.2,22.5,15.1,56,14.7,5.78
2023-05-23,36.3,23.5,0.0,47,9.7,6.23
2023-05-24,36.4,24.1,3.4,51,18.6,6.37
2023-05-25,35.8,25.6,1.0,52,20.8,6.1
2023-05-26,36.2,25.2,0.0,46,19.5,7.0
2023-05-27,36.0,25.0,0.0,44,18.5,7.1
2023-05-28,36.7,24.1,0.0,44,17.6,6.84
2023-05-29,35.8,23.9,9.0,52,21.0,5.84
2023-05-30,33.9,22.5,11.0,62,19.8,4.23
2023-05-31,37.1,25.1,0.0,50,16.6,6.61
2023-06-01,38.0,25.5,0.0,43,15.9,7.04
2023-06-02,38.2,26.2,0.0,39,20.2,7.94
2023-06-03,37.5,26.0,0.0,40,16.1,7.01
2023-06-04,34.7,24.2,6.3,63,23.4,4.39
2023-06-05,35.0,23.8,0.0,57,18.8,6.46
2023-06-06,35.0,25.8,1.9,56,26.7,6.11
2023-06-07,37.0,27.1,0.1,49,19.6,7.11
2023-06-08,36.6,27.6,0.0,49,24.1,7.42
2023-06-09,37.1,26.9,0.0,51,21.2,7.83
2023-06-10,36.8,27.0,0.3,51,22.3,7.55
2023-06-11,35.0,27.0,0.0,55,20.1,6.31
2023-06-12,36.1,26.9,0.0,52,21.1,7.04
2023-06-13,36.8,26.9,0.0,45,22.0,8.09
2023-06-14,36.6,26.9,0.0,46,23.4,8.17
2023-06-15,36.3,26.9,0.0,46,21.8,8.1
2023-06-16,36.8,27.1,0.0,42,19.7,8.17
2023-06-17,36.7,27.3,0.0,47,24.6,7.88
2023-06-18,36.5,28.0,0.0,46,21.9,7.57
2023-06-19,36.3,27.9,0.1,48,19.6,6.4
2023-06-20,36.2,27.2,0.4,51,18.8,6.19
2023-06-21,35.3,24.4,9.3,60,21.7,5.87
2023-06-22,34.3,24.4,4.7,72,18.4,4.48
2023-06-23,33.2,24.4,11.2,72,19.8,3.37
2023-06-24,29.3,23.5,16.5,81,20.2,2.51
2023-06-25,31.6,23.4,3.9,76,22.8,4.59
2023-06-26,30.5,24.0,3.1,82,23.8,2.92
2023-06-27,31.9,24.1,1.0,71,25.3,5.03
2023-06-28,31.5,23.6,1.6,72,21.7,4.83
2023-06-29,32.1,23.9,0.1,67,24.5,5.7
2023-06-30,32.3,23.8,0.3,66,28.1,5.59
2023-07-01,33.1,24.5,0.3,64,23.4,6.48
2023-07-02,33.0,24.1,0.8,67,22.4,5.78
2023-07-03,32.7,23.7,1.9,72,23.4,5.21
2023-07-04,32.7,25.0,0.2,69,20.6,5.32
2023-07-05,30.2,23.6,3.3,77,19.5,3.61
2023-07-06,28.0,23.5,10.9,85,22.4,2.3
2023-07-07,29.8,22.9,2.9,74,27.1,4.62
2023-07-08,31.0,23.8,0.8,75,24.1,4.2
2023-07-09,31.2,23.6,1.2,74,20.9,5.01
2023-07-10,30.4,24.7,0.1,69,21.3,4.66
2023-07-11,29.1,24.4,0.0,71,21.1,3.94
2023-07-12,30.7,23.7,1.8,72,19.2,4.18
2023-07-13,31.5,23.2,0.7,73,17.1,5.04
2023-07-14,31.4,23.1,1.4,76,16.9,4.47
2023-07-15,30.5,23.7,0.9,72,23.5,4.4
2023-07-16,27.3,23.7,7.0,82,17.9,2.14
2023-07-17,29.1,23.0,6.4,82,27.7,2.76
2023-07-18,25.7,22.6,29.1,88,27.8,2.0
2023-07-19,26.4,22.2,28.8,88,32.4,2.29
2023-07-20,24.0,22.4,28.9,92,27.0,1.31
2023-07-21,27.5,22.6,17.8,86,31.4,2.92
2023-07-22,28.7,23.0,4.0,84,26.5,3.05
2023-07-23,28.5,23.1,17.4,85,23.5,2.94
2023-07-24,27.9,22.9,9.9,87,25.6,2.6
2023-07-25,27.4,22.5,16.1,87,27.7,2.5
2023-07-26,26.9,22.9,23.8,87,26.4,2.31
2023-07-27,24.1,22.5,82.7,90,30.1,1.1
2023-07-28,29.4,22.8,0.8,79,33.5,4.06
2023-07-29,29.8,23.2,0.8,78,27.0,4.46
2023-07-30,30.0,22.9,2.9,77,27.9,4.53
2023-07-31,27.8,23.5,1.1,79,24.0,3.47
2023-08-01,28.9,23.5,1.6,78,28.6,4.55
2023-08-02,28.6,23.4,0.2,75,30.3,3.93
2023-08-03,29.5,23.0,0.7,75,31.0,4.69
2023-08-04,30.0,22.6,1.7,76,27.4,5.04
2023-08-05,30.7,22.8,0.4,74,25.7,5.42
2023-08-06,30.5,22.9,0.4,73,25.8,5.37
2023-08-07,30.0,23.1,0.3,72,25.9,4.9
2023-08-08,29.9,22.8,0.0,72,21.5,4.67
2023-08-09,30.5,23.2,0.4,76,17.9,5.05
2023-08-10,30.8,23.4,0.7,75,16.5,4.95
2023-08-11,30.7,23.1,0.3,74,14.5,5.04
2023-08-12,31.2,23.8,0.1,70,18.6,5.05
2023-08-13,30.6,23.6,0.0,68,17.7,5.37
2023-08-14,30.8,23.6,0.1,70,17.6,4.99
2023-08-15,30.2,23.1,3.8,72,15.0,4.75
2023-08-16,29.5,23.4,3.8,72,17.6,4.61
2023-08-17,29.5,23.8,0.9,71,18.3,4.06
2023-08-18,28.5,23.4,3.3,76,20.0,3.14
2023-08-19,27.2,22.3,5.2,85,26.3,3.38
2023-08-20,29.9,22.0,1.4,80,20.0,4.57
2023-08-21,30.4,22.8,0.0,75,17.6,4.89
2023-08-22,29.8,22.7,2.0,78,14.2,3.87
2023-08-23,30.6,23.2,0.0,74,17.4,4.57
2023-08-24,31.0,23.5,0.3,67,17.5,5.27
2023-08-25,31.4,24.1,4.4,72,16.6,5.19
2023-08-26,31.0,22.7,0.7,77,18.8,4.36
2023-08-27,31.6,23.3,0.0,72,18.7,5.31
2023-08-28,31.2,23.5,0.6,73,19.5,5.26
2023-08-29,30.5,22.6,0.5,78,15.1,4.83
2023-08-30,31.3,22.0,0.1,72,14.3,5.29
2023-08-31,31.8,22.2,0.0,69,15.0,5.43
2023-09-01,32.3,22.6,8.9,76,12.6,4.93
2023-09-02,31.0,22.7,23.3,80,19.8,3.76
2023-09-03,29.2,22.8,27.9,89,18.1,2.47
2023-09-04,24.7,22.3,30.0,94,18.8,1.16
2023-09-05,26.3,22.0,27.0,91,22.0,1.31
2023-09-06,27.8,22.5,9.7,84,22.2,2.71
2023-09-07,29.1,23.0,1.7,81,26.3,4.01
2023-09-08,28.8,23.1,8.5,80,27.8,4.27
2023-09-09,29.5,23.0,3.3,82,25.4,4.17
2023-09-10,29.3,22.8,14.1,85,23.4,3.87
2023-09-11,29.4,23.1,0.0,79,22.1,3.88
2023-09-12,29.5,22.6,0.2,79,20.8,4.2
2023-09-13,29.9,22.9,0.2,75,18.0,4.97
2023-09-14,28.5,23.8,0.1,77,20.8,3.39
2023-09-15,29.8,23.6,0.1,71,21.7,4.78
2023-09-16,29.6,23.6,1.1,76,23.0,4.55
2023-09-17,29.6,22.8,0.1,76,20.5,4.22
2023-09-18,30.8,23.2,0.7,73,16.3,5.14
2023-09-19,31.3,23.4,0.0,73,17.3,5.18
2023-09-20,31.0,24.0,3.2,75,19.3,4.54
2023-09-21,29.6,23.0,3.8,84,14.0,3.1
2023-09-22,29.1,22.6,1.9,86,15.2,3.42
2023-09-23,29.4,22.6,8.2,85,13.0,3.72
2023-09-24,28.4,22.1,3.1,87,15.7,3.02
2023-09-25,29.0,22.5,3.3,86,16.6,3.26
2023-09-26,30.0,22.4,7.7,84,10.5,4.14
2023-09-27,30.1,22.1,5.7,87,8.9,3.79
2023-09-28,30.9,22.1,17.0,86,11.0,4.17
2023-09-29,30.1,22.4,30.9,86,12.4,4.15
2023-09-30,30.0,21.9,1.9,83,16.9,4.13
2023-10-01,30.2,22.6,6.9,82,17.5,4.28
2023-10-02,30.5,22.8,0.8,79,15.3,3.97
2023-10-03,31.4,24.6,0.0,73,17.7,5.06
2023-10-04,31.4,23.1,0.0,63,13.4,4.91
2023-10-05,31.5,21.5,0.0,60,13.7,5.42
2023-10-06,31.6,20.9,0.0,63,17.3,5.47
2023-10-07,31.9,20.8,0.0,61,14.8,5.35
2023-10-08,31.9,19.9,0.0,63,10.0,4.78
2023-10-09,32.6,20.8,0.0,66,14.3,4.68
2023-10-10,32.0,21.7,24.6,72,12.2,4.61
2023-10-11,33.4,20.6,0.0,65,13.9,4.97
2023-10-12,32.6,21.6,0.0,59,11.8,5.14
2023-10-13,32.3,21.1,0.0,60,11.2,5.02
2023-10-14,32.0,22.6,0.0,60,11.3,5.06
2023-10-15,32.3,21.5,0.0,60,10.3,4.83
2023-10-16,31.0,22.4,0.8,62,9.8,4.61
2023-10-17,31.4,21.5,0.2,62,9.7,4.81
2023-10-18,31.4,22.0,0.1,62,11.9,4.89
2023-10-19,32.6,20.0,0.0,61,16.2,5.02
2023-10-20,32.3,20.7,0.0,59,12.4,5.21
2023-10-21,31.1,20.8,0.0,62,12.2,5.0
2023-10-22,31.5,20.2,0.0,49,18.9,5.75
2023-10-23,30.7,18.4,0.0,50,16.9,5.61
2023-10-24,30.7,16.6,0.0,52,16.3,5.53
2023-10-25,30.9,17.1,0.0,51,14.9,5.53
2023-10-26,30.2,17.2,0.0,49,15.8,5.66
2023-10-27,30.6,16.6,0.0,44,17.6,5.83
2023-10-28,30.9,17.0,0.1,56,14.0,4.62
2023-10-29,31.1,20.1,1.8,74,10.4,4.33
2023-10-30,29.6,19.9,0.3,77,12.2,4.06
2023-10-31,29.9,20.1,0.0,70,11.8,4.28
2023-11-01,30.7,20.1,0.0,68,8.9,4.27
2023-11-02,30.5,19.9,4.5,75,18.4,3.99
2023-11-03,30.8,20.4,1.9,81,11.8,3.68
2023-11-04,30.0,20.4,1.7,77,12.7,3.82
2023-11-05,30.0,20.0,0.0,74,12.8,4.14
2023-11-06,30.1,21.3,6.5,82,13.8,3.47
2023-11-07,29.5,21.0,8.3,83,14.2,3.38
2023-11-08,29.5,21.1,9.0,86,11.2,3.33
2023-11-09,28.9,20.9,0.0,75,11.3,3.56
2023-11-10,29.4,20.6,0.0,69,11.1,4.16
2023-11-11,29.6,19.0,0.0,65,10.5,4.32
2023-11-12,30.7,19.9,0.0,64,11.8,4.48
2023-11-13,30.0,18.8,0.0,64,9.4,4.23
2023-11-14,29.7,19.2,0.0,68,9.7,3.87
2023-11-15,29.4,18.5,0.0,64,11.3,4.32
2023-11-16,29.5,18.8,0.0,59,10.7,4.59
2023-11-17,29.8,18.1,0.0,64,9.6,4.24
2023-11-18,29.7,18.5,0.0,70,10.7,4.21
2023-11-19,29.8,18.9,0.0,70,13.4,4.14
2023-11-20,29.9,18.5,0.0,64,10.7,4.05
2023-11-21,28.8,19.5,0.9,74,12.9,3.59
2023-11-22,29.0,19.5,0.9,79,11.6,3.41
2023-11-23,27.6,20.2,1.2,86,17.7,2.69
2023-11-24,27.1,20.5,7.2,86,16.4,2.45
2023-11-25,28.5,19.8,0.0,78,17.1,3.73
2023-11-26,28.4,20.6,0.2,77,16.0,3.4
2023-11-27,29.0,19.6,0.0,72,13.8,3.92
2023-11-28,29.5,20.1,5.9,78,14.1,3.56
2023-11-29,28.9,20.0,0.8,71,15.5,4.02
2023-11-30,29.3,20.2,0.0,73,15.6,3.91
2023-12-01,29.2,19.2,0.0,66,14.4,4.24
2023-12-02,29.6,17.9,0.0,65,14.8,4.28
2023-12-03,30.2,19.4,0.0,66,16.5,4.16
2023-12-04,28.0,20.8,1.0,71,18.2,2.84
2023-12-05,25.5,20.6,6.2,86,24.2,1.81
2023-12-06,28.8,19.5,3.1,81,17.7,3.24
2023-12-07,27.9,18.6,0.0,82,11.4,3.21
2023-12-08,28.2,16.7,0.0,75,11.3,3.54
2023-12-09,28.6,17.2,0.0,70,9.0,3.65
2023-12-10,28.4,16.8,0.0,63,10.5,3.82
2023-12-11,27.6,16.2,0.0,63,10.1,3.78
2023-12-12,27.5,15.6,0.0,64,9.7,3.88
2023-12-13,27.3,15.6,0.0,66,11.2,3.89
2023-12-14,26.4,16.0,0.0,67,12.0,3.73
2023-12-15,26.6,15.9,0.0,68,9.9,3.69
2023-12-16,26.5,17.1,0.0,75,10.3,2.19
2023-12-17,27.3,17.6,0.0,64,15.3,3.92
2023-12-18,27.1,17.1,0.0,58,14.2,3.81
2023-12-19,26.8,16.8,0.0,58,12.0,3.97
2023-12-20,26.9,15.9,0.0,56,10.1,3.89
2023-12-21,27.9,13.8,0.0,56,9.4,3.97
2023-12-22,28.1,13.2,0.0,61,10.1,3.78
2023-12-23,28.1,16.5,0.0,66,13.0,3.83
2023-12-24,28.4,16.0,0.0,69,11.3,3.79
2023-12-25,28.3,16.4,0.0,74,9.7,3.66
2023-12-26,29.2,16.6,0.0,68,8.9,3.87
2023-12-27,28.2,16.9,0.0,67,10.9,3.89
2023-12-28,27.5,15.4,0.0,73,12.4,3.72
2023-12-29,27.5,14.3,0.0,73,11.8,3.7
2023-12-30,28.0,14.6,0.0,67,10.8,3.83
2023-12-31,27.9,15.1,0.0,70,10.0,3.85
2024-01-01,27.7,14.6,0.0,72,11.4,3.79
2024-01-02,27.2,14.6,0.0,74,12.1,3.57
2024-01-03,27.1,17.1,0.0,70,14.7,3.79
2024-01-04,27.6,18.2,0.0,70,16.6,3.84
2024-01-05,27.5,17.0,0.0,68,15.6,4.0
2024-01-06,27.9,16.9,0.0,70,18.1,3.86
2024-01-07,27.0,17.5,0.0,71,17.1,3.68
2024-01-08,27.4,16.5,0.0,66,18.5,4.19
2024-01-09,28.2,17.0,0.0,62,19.4,4.31
2024-01-10,26.0,17.6,0.5,69,11.4,2.6
2024-01-11,29.5,17.7,0.0,63,11.0,4.04
2024-01-12,30.0,18.6,0.0,65,10.0,4.07
2024-01-13,30.0,17.5,0.0,69,9.4,3.52
2024-01-14,30.3,17.6,0.0,60,8.4,4.14
2024-01-15,29.2,17.2,0.0,58,9.0,3.8
2024-01-16,29.8,18.3,0.0,63,11.3,4.15
2024-01-17,29.8,17.7,0.0,63,14.0,4.36
2024-01-18,28.5,18.0,0.0,62,12.7,3.75
2024-01-19,29.9,17.0,0.0,60,13.9,4.08
2024-01-20,29.0,18.9,0.0,61,14.0,4.19
2024-01-21,30.1,18.1,0.0,60,13.4,4.19
2024-01-22,31.0,20.2,0.0,61,13.1,4.16
2024-01-23,30.7,19.0,0.0,62,17.4,4.59
2024-01-24,29.6,19.1,0.0,65,13.5,3.87
2024-01-25,28.3,18.0,0.0,70,12.3,3.39
2024-01-26,29.6,17.8,0.0,66,10.9,3.98
2024-01-27,29.0,17.5,0.0,68,12.6,3.97
2024-01-28,29.0,16.4,0.0,60,10.9,4.56
2024-01-29,29.1,15.9,0.0,64,11.1,4.34
2024-01-30,29.2,16.5,0.0,63,13.2,4.5
2024-01-31,30.8,16.8,0.0,55,12.9,4.61
2024-02-01,31.0,18.2,0.0,57,14.3,5.03
2024-02-02,30.8,17.1,0.0,60,9.3,4.18
2024-02-03,29.9,19.4,0.2,67,13.0,4.27
2024-02-04,31.2,20.4,0.0,61,10.8,4.76
2024-02-05,32.3,19.0,0.0,59,9.6,4.54
2024-02-06,32.8,20.1,0.0,54,10.8,4.54
2024-02-07,33.3,20.2,0.0,54,9.2,4.56
2024-02-08,33.1,20.5,0.0,52,9.9,4.87
2024-02-09,32.3,19.3,0.0,49,15.5,5.17
2024-02-10,32.2,20.5,0.0,62,17.9,4.84
2024-02-11,32.7,19.8,0.0,61,18.2,5.31
2024-02-12,32.0,19.0,0.0,58,14.8,5.46
2024-02-13,32.3,18.0,0.0,54,14.7,5.47
2024-02-14,32.5,18.9,0.0,53,13.3,5.51
2024-02-15,32.2,18.2,0.0,49,14.3,5.72
2024-02-16,32.0,16.6,0.0,43,16.7,5.99
2024-02-17,33.0,17.2,0.0,35,14.6,5.96
2024-02-18,33.5,17.7,0.0,32,19.5,6.05
2024-02-19,33.5,18.5,0.0,37,16.2,6.0
2024-02-20,33.3,19.7,0.0,40,12.7,5.42
2024-02-21,33.3,19.9,0.0,39,15.5,6.03
2024-02-22,33.0,19.0,0.0,39,12.8,5.71
2024-02-23,32.5,19.3,0.0,42,14.2,5.62
2024-02-24,33.7,18.7,0.1,59,20.7,5.16
2024-02-25,32.0,22.3,0.4,67,15.9,4.65
2024-02-26,32.3,20.7,0.1,61,19.9,5.53
2024-02-27,33.3,19.5,0.0,56,14.6,5.7
2024-02-28,32.9,20.2,0.0,48,12.8,5.6
2024-02-29,33.7,19.6,0.0,45,13.4,5.75
2024-03-01,34.3,20.2,0.0,44,17.0,5.98
2024-03-02,35.4,20.7,0.0,38,15.0,6.59
2024-03-03,35.0,21.4,0.0,42,16.3,6.23
2024-03-04,34.8,21.0,0.0,46,16.3,5.77
2024-03-05,34.5,20.9,0.0,43,20.5,5.69
2024-03-06,36.3,23.0,0.0,42,14.6,6.01
2024-03-07,36.0,22.5,0.0,41,13.8,6.25
2024-03-08,35.8,20.8,0.0,45,16.2,6.22
2024-03-09,36.2,21.7,0.0,46,13.8,5.22
2024-03-10,34.8,23.0,0.2,53,19.1,5.27
2024-03-11,35.5,23.0,0.0,46,18.4,5.01
2024-03-12,36.3,22.6,0.0,45,12.6,5.6
2024-03-13,37.3,25.9,0.0,37,16.6,6.38
2024-03-14,35.4,23.0,0.0,49,12.2,5.52
2024-03-15,37.8,22.2,0.0,43,21.3,6.47
2024-03-16,35.1,22.3,0.4,58,19.5,5.61
2024-03-17,34.8,22.8,5.7,64,17.7,4.42
2024-03-18,34.2,23.4,0.9,55,13.5,3.71
2024-03-19,34.9,22.3,0.2,47,16.0,5.61
2024-03-20,30.8,21.8,0.2,57,18.7,5.82
2024-03-21,33.0,20.4,0.0,52,14.8,5.98
2024-03-22,35.1,19.8,0.0,44,9.8,5.8
2024-03-23,35.3,20.9,0.0,40,13.4,5.95
2024-03-24,35.3,23.0,0.0,42,14.6,6.2
2024-03-25,35.5,23.0,0.0,42,12.5,5.37
2024-03-26,36.8,22.6,0.0,37,16.9,6.81
2024-03-27,37.2,22.4,0.0,32,13.1,7.18
2024-03-28,38.2,21.9,0.0,41,16.6,6.83
2024-03-29,38.7,23.7,0.0,37,16.2,7.38
2024-03-30,38.4,23.0,0.0,38,13.7,6.83
2024-03-31,37.5,23.0,0.0,37,13.7,6.54
2024-04-01,38.0,22.6,0.0,36,17.3,6.84
2024-04-02,37.7,23.9,0.0,41,10.6,5.96
2024-04-03,38.4,24.5,0.0,39,17.1,6.07
2024-04-04,38.8,23.6,0.0,41,14.2,6.34
2024-04-05,39.2,25.8,0.0,35,10.1,6.78
2024-04-06,38.7,26.4,0.0,31,13.1,7.16
2024-04-07,39.5,25.0,0.0,31,16.6,7.73
2024-04-08,37.3,25.8,0.0,39,22.8,8.13
2024-04-09,35.0,23.8,0.0,58,21.5,6.63
2024-04-10,35.6,24.2,0.0,45,18.4,7.07
2024-04-11,35.3,24.4,0.0,45,21.9,6.93
2024-04-12,31.2,23.7,6.3,63,17.3,5.23
2024-04-13,33.0,22.5,1.8,53,17.6,5.1
2024-04-14,36.5,23.8,0.0,48,13.0,6.5
2024-04-15,37.7,23.8,0.0,40,14.9,6.83
2024-04-16,37.8,24.4,0.0,37,13.4,7.1
2024-04-17,37.8,24.9,0.1,41,9.1,6.18
2024-04-18,38.5,26.4,0.0,42,11.2,5.97
2024-04-19,37.8,26.1,0.1,42,19.1,6.07
2024-04-20,36.4,25.8,0.5,52,17.1,5.18
2024-04-21,36.9,26.2,1.7,50,22.8,5.95
2024-04-22,37.0,25.7,0.0,44,23.1,6.41
2024-04-23,39.0,23.4,0.0,44,12.3,6.21
2024-04-24,38.7,22.9,0.0,33,16.1,7.36
2024-04-25,39.0,25.5,0.0,32,12.0,7.16
2024-04-26,40.4,23.8,0.0,34,10.2,6.51
2024-04-27,38.7,24.6,0.0,36,13.4,6.88
2024-04-28,40.5,25.8,0.0,34,16.9,7.76
2024-04-29,39.6,25.5,0.0,34,14.1,6.77
2024-04-30,39.9,25.8,0.0,36,13.4,6.76
2024-05-01,40.5,28.0,0.0,29,16.1,8.26
2024-05-02,39.5,25.2,0.0,27,17.0,7.99
2024-05-03,40.4,24.0,0.0,26,13.4,7.82
2024-05-04,41.4,24.9,0.0,41,14.7,7.21
2024-05-05,40.0,26.0,0.0,44,16.0,7.6
2024-05-06,40.8,25.9,0.0,44,15.3,7.29
2024-05-07,35.0,23.9,1.6,64,24.5,5.67
2024-05-08,36.5,23.4,0.8,58,19.7,5.96
2024-05-09,36.2,23.6,0.8,62,22.9,5.72
2024-05-10,34.8,22.0,22.9,74,15.1,4.38
2024-05-11,37.2,24.2,0.0,54,13.8,6.47
2024-05-12,35.8,24.2,5.1,57,18.4,5.75
2024-05-13,34.9,24.9,1.6,58,11.7,5.08
2024-05-14,35.0,24.4,0.5,59,16.9,5.82
2024-05-15,36.1,24.5,1.0,61,14.6,5.89
2024-05-16,32.8,23.6,13.5,66,19.2,5.0
2024-05-17,32.5,23.0,2.3,73,18.7,4.81
2024-05-18,33.0,24.1,10.7,78,19.3,4.06
2024-05-19,32.8,23.7,10.3,80,11.4,4.14
2024-05-20,32.7,23.1,9.2,74,12.5,4.7
2024-05-21,34.5,24.7,0.2,63,14.6,5.66
2024-05-22,35.2,24.4,5.5,67,15.1,5.22
2024-05-23,36.2,25.0,0.0,60,11.2,5.17
2024-05-24,38.6,26.4,0.0,50,17.2,6.76
2024-05-25,37.0,27.3,0.5,51,16.9,4.98
2024-05-26,37.6,28.2,0.2,46,26.6,8.3
2024-05-27,38.0,27.9,0.0,55,24.3,7.63
2024-05-28,37.0,26.8,0.0,52,22.3,7.3
2024-05-29,38.5,27.0,0.0,46,24.5,8.23
2024-05-30,38.4,27.9,0.0,42,19.4,7.86
2024-05-31,39.5,28.0,0.0,38,20.5,7.97
2024-06-01,39.2,27.6,0.0,41,15.6,6.89
2024-06-02,37.2,26.1,25.2,65,16.2,4.64
2024-06-03,33.6,22.7,11.9,69,15.5,4.06
2024-06-04,33.5,25.2,7.4,68,14.4,3.6
2024-06-05,32.2,24.1,34.1,83,14.4,3.36
2024-06-06,34.0,23.6,38.3,80,16.5,4.55
2024-06-07,32.0,23.2,4.5,77,17.8,3.65
2024-06-08,31.3,24.0,6.3,79,15.9,3.61
2024-06-09,30.9,23.3,1.6,77,14.3,3.99
2024-06-10,29.2,23.4,10.6,83,19.5,3.1
2024-06-11,31.0,23.0,6.0,85,18.9,3.15
2024-06-12,31.1,22.5,6.2,82,20.2,3.43
2024-06-13,32.0,23.4,32.4,83,20.7,4.22
2024-06-14,30.4,23.2,8.7,82,23.7,3.91
2024-06-15,31.6,23.5,0.8,74,21.7,5.0
2024-06-16,31.1,23.9,2.1,72,19.1,4.39
2024-06-17,32.4,23.5,2.8,73,17.6,4.57
2024-06-18,32.5,23.8,0.4,72,18.9,4.85
2024-06-19,30.3,23.8,6.5,72,19.7,4.3
2024-06-20,32.1,24.5,0.6,65,23.7,5.42
2024-06-21,32.2,24.5,2.8,71,22.8,4.81
2024-06-22,29.0,23.9,15.8,81,16.6,1.87
2024-06-23,31.9,23.1,2.5,74,20.5,4.9
2024-06-24,31.5,23.8,0.1,67,16.5,4.74
2024-06-25,32.5,24.1,7.9,74,22.3,4.69
2024-06-26,31.6,24.0,7.4,77,25.8,4.16
2024-06-27,27.5,23.5,28.0,86,21.8,2.61
2024-06-28,28.9,23.0,8.9,84,25.7,2.9
2024-06-29,30.0,23.4,2.2,75,25.8,4.02
2024-06-30,28.5,23.6,11.8,85,19.7,2.22
2024-07-01,28.9,23.4,1.0,77,26.8,3.16
2024-07-02,30.9,23.6,1.8,72,30.9,4.58
2024-07-03,30.7,23.5,0.0,73,25.1,4.03
2024-07-04,31.2,24.0,0.1,71,24.5,4.56
2024-07-05,30.8,23.7,2.4,77,25.1,4.0
2024-07-06,29.6,23.2,9.9,80,27.6,3.47
2024-07-07,28.9,22.8,9.3,82,19.5,3.26
2024-07-08,29.1,22.6,25.9,86,15.3,2.78
2024-07-09,29.3,23.0,8.6,83,17.9,3.49
2024-07-10,31.1,22.6,2.1,73,20.1,4.54
2024-07-11,31.0,23.0,12.0,76,21.6,4.31
2024-07-12,30.9,23.3,3.3,76,24.5,5.01
2024-07-13,30.5,23.1,3.6,78,28.2,4.29
2024-07-14,26.2,23.0,17.7,88,23.0,1.79
2024-07-15,29.1,23.2,5.4,87,23.0,2.9
2024-07-16,29.8,23.0,8.8,81,23.9,4.15
2024-07-17,28.6,22.9,3.6,81,28.7,3.2
2024-07-18,27.5,23.0,10.8,85,26.7,2.79
2024-07-19,27.5,22.4,28.3,90,27.9,2.05
2024-07-20,25.9,22.6,20.6,91,34.2,1.84
2024-07-21,27.6,22.4,13.5,86,28.4,2.61
2024-07-22,25.8,22.8,10.2,88,28.2,1.83
2024-07-23,26.6,23.0,11.9,87,32.2,2.23
2024-07-24,24.5,22.4,25.7,90,28.4,1.4
2024-07-25,24.9,22.4,18.2,91,28.9,1.52
2024-07-26,27.2,22.0,13.5,85,29.6,2.33
2024-07-27,25.5,22.9,10.5,88,27.8,1.99
2024-07-28,28.6,22.6,4.8,81,32.4,4.19
2024-07-29,29.3,23.3,3.8,82,24.0,3.86
2024-07-30,29.9,23.4,0.0,78,25.1,3.76
2024-07-31,29.6,23.4,1.5,77,26.3,4.27
2024-08-01,29.0,23.7,3.7,81,23.4,3.1
2024-08-02,27.4,22.9,11.5,85,29.2,2.57
2024-08-03,28.1,23.0,0.4,77,30.3,3.52
2024-08-04,29.0,22.9,4.9,80,24.9,3.86
2024-08-05,30.2,22.6,0.5,77,21.4,4.34
2024-08-06,29.0,22.5,5.5,82,21.5,3.73
2024-08-07,25.0,22.6,22.2,92,18.9,1.55
2024-08-08,29.0,22.0,7.9,83,18.5,3.67
2024-08-09,30.3,21.9,3.6,81,15.6,4.21
2024-08-10,30.3,22.8,0.4,78,14.8,5.02
2024-08-11,29.4,22.9,0.2,76,16.1,4.43
2024-08-12,28.1,23.0,39.0,85,11.7,2.98
2024-08-13,30.4,22.6,2.2,82,10.2,4.59
2024-08-14,30.8,23.5,0.2,80,10.1,4.31
2024-08-15,31.0,23.2,1.1,83,11.4,4.45
2024-08-16,31.1,23.0,26.6,88,20.0,3.13
2024-08-17,30.4,22.8,3.2,82,10.8,4.19
2024-08-18,31.1,23.5,7.8,83,9.3,4.32
2024-08-19,28.8,23.5,17.3,90,8.0,2.45
2024-08-20,29.9,23.0,8.2,85,7.6,3.26
2024-08-21,31.2,23.0,7.4,81,12.0,4.82
2024-08-22,30.0,22.6,6.9,82,17.5,3.92
2024-08-23,28.4,23.2,0.2,79,22.2,3.09
2024-08-24,27.2,22.9,12.7,85,27.2,2.55
2024-08-25,27.0,22.0,9.1,85,26.9,2.72
2024-08-26,29.2,22.4,1.8,80,28.0,4.44
2024-08-27,29.6,22.4,4.0,79,26.4,4.34
2024-08-28,29.2,22.4,3.3,78,27.4,4.36
2024-08-29,29.2,22.3,1.0,78,22.2,4.14
2024-08-30,24.8,22.9,15.9,90,19.8,1.33
2024-08-31,25.1,21.9,25.0,91,27.1,1.32
2024-09-01,23.1,21.7,72.0,92,28.3,1.01
2024-09-02,25.1,22.0,19.6,86,26.8,1.97
2024-09-03,27.5,22.8,8.8,84,25.0,2.93
2024-09-04,28.1,22.5,7.9,86,28.2,3.13
2024-09-05,29.4,22.6,3.7,83,23.2,3.69
2024-09-06,29.0,22.6,2.9,83,21.4,3.79
2024-09-07,26.5,22.8,10.3,89,21.7,2.0
2024-09-08,26.4,22.6,16.1,91,18.4,1.44
2024-09-09,25.0,22.6,12.9,91,22.0,1.33
2024-09-10,29.2,22.4,2.5,81,24.2,3.69
2024-09-11,29.4,22.0,0.1,76,24.9,4.44
2024-09-12,28.7,22.1,0.0,75,23.8,4.36
2024-09-13,28.6,21.9,0.0,73,21.5,5.04
2024-09-14,29.1,21.6,0.0,74,21.9,4.81
2024-09-15,29.4,21.8,0.0,73,20.8,5.15
2024-09-16,27.8,22.1,0.8,76,21.2,3.95
2024-09-17,29.8,22.0,0.0,72,21.7,5.2
2024-09-18,29.5,21.0,0.1,74,14.7,4.86
2024-09-19,30.4,21.1,0.0,74,8.5,4.93
2024-09-20,30.9,22.0,0.4,77,14.7,4.75
2024-09-21,29.5,22.3,6.1,85,16.1,3.25
2024-09-22,29.3,22.1,2.4,86,17.3,3.13
2024-09-23,29.2,22.1,20.0,88,11.7,2.69
2024-09-24,29.2,22.5,13.6,85,11.1,2.91
2024-09-25,28.7,22.7,14.6,88,13.9,3.2
2024-09-26,27.8,22.9,8.6,85,20.2,2.67
2024-09-27,29.0,22.8,0.0,79,18.8,3.51
2024-09-28,29.6,22.2,0.0,79,13.9,3.92
2024-09-29,30.7,22.0,0.8,79,6.1,4.28
2024-09-30,29.9,22.5,3.7,85,8.3,3.84
2024-10-01,31.2,22.6,2.7,82,11.2,4.44
2024-10-02,31.8,22.4,3.1,81,19.5,4.65
2024-10-03,31.5,22.5,1.1,81,14.8,4.59
2024-10-04,30.6,22.4,0.1,81,12.3,4.41
2024-10-05,30.4,22.2,2.2,85,18.2,4.2
2024-10-06,30.7,22.2,1.4,82,19.8,4.17
2024-10-07,30.0,21.6,2.1,79,15.3,4.16
2024-10-08,29.6,21.6,0.2,79,12.2,4.41
2024-10-09,30.1,22.4,2.7,82,15.7,4.1
2024-10-10,29.1,22.5,1.4,83,16.3,3.9
2024-10-11,29.6,22.5,1.7,85,19.7,3.57
2024-10-12,29.5,22.3,4.4,85,16.1,3.3
2024-10-13,29.6,22.2,2.7,83,13.8,3.59
2024-10-14,28.5,21.0,0.2,83,10.6,3.33
2024-10-15,29.4,22.0,11.0,85,15.0,2.94
2024-10-16,29.4,21.9,6.6,86,15.9,3.21
2024-10-17,29.0,22.6,7.8,86,20.5,3.21
2024-10-18,28.8,23.0,2.6,86,18.4,3.24
2024-10-19,30.2,22.0,0.9,83,19.1,3.93
2024-10-20,29.4,21.4,5.9,85,14.3,3.36
2024-10-21,29.5,20.8,1.2,83,11.6,3.75
2024-10-22,29.5,20.9,6.1,86,10.0,3.19
2024-10-23,30.5,21.0,0.0,73,13.3,4.67
2024-10-24,30.7,19.5,0.0,70,11.3,4.51
2024-10-25,30.1,19.9,0.0,62,15.1,4.92
2024-10-26,30.1,20.3,0.4,65,19.2,4.63
2024-10-27,30.5,18.7,0.0,66,12.5,4.43
2024-10-28,30.2,19.5,0.0,66,7.2,3.86
2024-10-29,30.5,20.0,0.1,68,8.3,4.07
2024-10-30,30.2,21.5,6.5,82,16.4,3.18
2024-10-31,28.7,21.1,11.3,84,10.4,2.89
2024-11-01,30.1,21.3,6.1,84,12.2,3.53
2024-11-02,29.1,20.6,1.6,83,14.1,3.4
2024-11-03,28.4,20.5,1.2,79,14.2,3.33
2024-11-04,29.5,20.4,0.0,73,10.5,4.02
2024-11-05,29.7,18.5,0.0,67,11.2,4.56
2024-11-06,30.2,18.1,0.0,61,12.7,4.83
2024-11-07,29.8,17.8,0.0,61,9.5,4.56
2024-11-08,29.5,17.5,0.0,65,10.3,4.15
2024-11-09,29.8,18.1,0.0,66,11.0,4.32
2024-11-10,29.9,18.5,0.0,59,12.4,4.86
2024-11-11,29.3,18.8,0.0,61,14.5,4.7
2024-11-12,29.9,20.5,0.0,59,12.9,4.72
2024-11-13,30.3,22.5,0.0,57,11.8,4.15
2024-11-14,29.5,21.9,1.0,76,11.6,2.55
2024-11-15,30.6,21.6,1.4,67,10.1,4.12
2024-11-16,30.6,21.9,0.0,49,9.9,4.92
2024-11-17,29.5,20.8,0.0,47,10.0,5.01
2024-11-18,28.5,19.9,0.0,50,9.8,4.76
2024-11-19,28.3,19.6,0.0,49,10.2,4.65
2024-11-20,28.1,18.8,0.0,49,8.6,4.52
2024-11-21,28.3,19.2,0.0,49,7.5,4.41
2024-11-22,28.5,19.1,0.0,49,9.6,4.53
2024-11-23,28.3,19.0,0.0,51,8.3,4.11
2024-11-24,28.4,19.4,0.0,53,9.6,4.25
2024-11-25,27.5,18.6,0.0,52,10.4,4.42
2024-11-26,28.8,18.5,0.0,50,12.2,4.47
2024-11-27,27.5,18.9,0.0,45,10.7,4.57
2024-11-28,26.9,18.0,0.0,44,15.7,5.09
2024-11-29,29.0,17.9,0.0,53,10.8,4.31
2024-11-30,29.0,21.1,0.0,64,14.9,3.52
2024-12-01,28.0,22.1,0.7,76,14.5,2.88
2024-12-02,27.2,21.6,4.2,85,12.8,2.07
2024-12-03,27.4,21.3,3.5,86,13.5,2.65
2024-12-04,28.2,21.8,0.8,80,11.2,3.13
2024-12-05,27.4,21.1,12.2,85,8.7,2.23
2024-12-06,29.1,21.5,3.1,78,10.3,3.26
2024-12-07,30.0,21.1,1.4,73,8.7,2.9
2024-12-08,28.6,21.8,1.1,78,8.3,2.66
2024-12-09,27.8,21.4,1.0,77,8.3,3.04
2024-12-10,28.2,21.0,0.6,72,13.0,3.31
2024-12-11,27.1,18.5,0.0,56,9.3,3.97
2024-12-12,27.4,17.5,0.0,53,7.7,3.63
2024-12-13,26.9,18.0,0.0,53,8.8,3.97
2024-12-14,26.6,17.5,0.0,54,8.8,4.08
2024-12-15,26.5,16.9,0.0,51,8.0,4.04
2024-12-16,27.0,15.4,0.0,47,7.1,4.02
2024-12-17,27.5,15.2,0.0,53,7.5,3.81
2024-12-18,28.0,16.6,0.0,53,8.3,3.99
2024-12-19,28.9,18.5,0.0,58,9.6,3.71
2024-12-20,29.4,20.9,0.0,72,8.1,2.77
2024-12-21,29.9,20.0,0.0,69,9.3,3.72
2024-12-22,28.5,20.1,0.0,65,10.9,3.43
2024-12-23,28.5,19.8,0.0,63,8.9,3.87
2024-12-24,28.5,21.0,0.0,59,13.2,3.69
2024-12-25,27.7,20.0,0.1,75,12.1,2.9
2024-12-26,25.9,20.6,0.5,84,14.1,2.03
2024-12-27,26.4,20.6,1.9,77,17.2,2.71
2024-12-28,27.9,18.8,0.0,72,12.1,3.68
2024-12-29,28.9,19.2,0.0,67,9.4,3.89
2024-12-30,30.0,19.4,0.0,54,9.0,4.21
2024-12-31,28.7,19.9,0.0,57,8.2,4.01
2025-01-01,28.5,20.5,0.0,57,10.2,4.09
2025-01-02,28.1,18.6,0.0,48,9.7,4.34
2025-01-03,28.9,18.1,0.0,40,9.4,4.61
2025-01-04,28.9,18.5,0.0,40,9.9,4.64
2025-01-05,28.1,16.4,0.0,56,9.5,4.1
2025-01-06,27.5,17.6,0.0,57,8.8,3.98
2025-01-07,28.5,18.0,0.0,53,10.4,4.26
2025-01-08,27.1,18.6,0.0,46,9.2,4.43
2025-01-09,25.8,17.0,0.0,50,11.3,4.17
2025-01-10,26.4,17.3,0.0,60,12.5,4.04
2025-01-11,26.8,17.8,0.0,62,12.5,4.04
2025-01-12,27.7,18.0,0.0,65,11.0,3.78
2025-01-13,28.6,19.0,0.0,58,11.7,4.08
2025-01-14,28.5,18.4,0.0,61,10.8,4.17
2025-01-15,28.0,18.7,0.0,65,12.2,3.9
2025-01-16,28.2,18.9,0.0,63,10.8,3.89
2025-01-17,28.4,18.9,0.0,62,12.0,4.17
2025-01-18,26.9,18.5,0.0,63,10.9,3.9
2025-01-19,29.3,19.0,0.0,51,9.7,4.35
2025-01-20,29.5,19.1,0.0,44,9.7,4.71
2025-01-21,30.5,18.2,0.0,38,9.6,4.73
2025-01-22,30.0,18.5,0.0,47,9.9,4.69
2025-01-23,29.6,18.5,0.0,61,11.6,4.33
2025-01-24,30.5,19.0,0.0,57,10.1,4.62
2025-01-25,31.3,18.3,0.0,52,9.8,4.64
2025-01-26,30.1,19.5,0.0,46,9.5,4.79
2025-01-27,31.2,19.1,0.0,49,9.9,4.58
2025-01-28,31.0,19.2,0.0,47,10.9,4.77
2025-01-29,30.5,19.8,0.0,51,10.9,4.65
2025-01-30,31.0,19.2,0.0,53,9.2,4.66
2025-01-31,32.3,19.6,0.0,48,10.7,4.91
2025-02-01,32.2,21.0,0.0,44,9.7,5.22
2025-02-02,32.3,21.3,0.0,42,11.0,5.18
2025-02-03,32.2,20.9,0.0,42,11.2,5.19
2025-02-04,33.1,20.0,0.0,42,10.2,5.26
2025-02-05,33.3,22.0,0.0,38,12.4,5.43
2025-02-06,32.3,21.5,0.0,41,12.7,5.3
2025-02-07,32.0,21.9,0.0,46,10.7,4.76
2025-02-08,32.2,22.1,0.0,45,11.2,5.03
2025-02-09,31.5,22.0,0.0,42,10.3,5.44
2025-02-10,32.2,21.4,0.0,48,12.2,5.21
2025-02-11,33.7,21.5,0.0,44,12.0,5.23
2025-02-12,34.3,22.0,0.0,41,10.9,5.3
2025-02-13,33.5,21.5,0.0,39,9.8,5.22
2025-02-14,32.8,22.4,0.0,37,6.4,4.9
2025-02-15,32.9,20.5,0.0,35,10.9,5.4
2025-02-16,33.5,20.4,0.0,33,8.8,5.31
2025-02-17,34.3,21.4,0.0,32,11.6,5.39
2025-02-18,34.7,21.9,0.0,38,11.8,5.55
2025-02-19,34.0,23.0,0.0,37,9.3,5.75
2025-02-20,33.9,23.4,0.5,42,8.6,5.06
2025-02-21,32.8,23.2,0.0,48,9.6,4.67
2025-02-22,33.8,22.2,0.0,41,11.0,5.26
2025-02-23,33.2,23.0,0.0,36,12.9,5.83
2025-02-24,32.3,22.6,0.0,29,10.9,6.47
2025-02-25,31.8,21.0,0.0,43,10.8,5.83
2025-02-26,31.8,21.6,0.0,44,10.7,5.68
2025-02-27,32.3,21.6,0.0,44,10.2,5.61
2025-02-28,32.5,21.6,0.0,48,10.1,5.64
2025-03-01,32.8,21.5,0.0,44,11.6,5.98
2025-03-02,34.5,22.5,0.0,37,11.7,5.97
2025-03-03,35.6,23.5,0.0,29,11.9,6.13
2025-03-04,36.0,22.8,0.0,32,13.5,5.97
2025-03-05,33.7,23.9,0.0,31,11.5,6.26
2025-03-06,32.5,21.0,0.0,23,11.1,6.42
2025-03-07,33.3,19.2,0.0,27,9.7,6.04
2025-03-08,35.8,19.8,0.0,28,9.9,5.79
2025-03-09,34.7,22.5,0.0,34,12.7,6.44
2025-03-10,32.6,20.6,0.0,53,12.2,5.78
2025-03-11,33.6,22.0,0.0,46,13.4,6.0
2025-03-12,35.8,22.4,0.0,38,10.8,6.17
2025-03-13,37.6,23.6,0.0,33,9.4,6.39
2025-03-14,37.3,25.5,0.0,30,10.5,6.45
2025-03-15,37.4,26.0,0.0,27,13.9,7.18
2025-03-16,37.2,25.8,0.0,22,12.7,7.88
2025-03-17,37.6,24.9,0.0,25,12.1,6.87
2025-03-18,37.0,26.1,0.0,28,13.6,7.0
2025-03-19,36.0,24.5,0.0,33,13.9,7.51
2025-03-20,35.3,22.0,0.0,52,13.8,6.23
2025-03-21,35.8,22.4,0.0,49,18.1,6.01
2025-03-22,33.8,23.0,0.5,61,11.3,5.11
2025-03-23,32.2,22.8,0.1,63,9.1,4.7
2025-03-24,33.2,22.8,0.0,56,9.4,5.44
2025-03-25,34.5,23.0,0.0,44,10.1,5.87
2025-03-26,36.2,24.0,0.0,35,13.1,6.64
2025-03-27,37.5,25.0,0.0,33,15.4,6.8
2025-03-28,37.8,26.0,0.0,31,8.4,5.87
2025-03-29,37.6,26.2,0.0,31,8.0,5.84
2025-03-30,38.0,26.8,0.0,29,13.3,6.59
2025-03-31,37.0,26.0,0.0,28,11.7,6.84
2025-04-01,35.2,23.8,0.0,47,12.3,6.16
2025-04-02,32.8,23.3,0.0,55,11.8,5.67
2025-04-03,30.2,21.5,9.4,71,11.3,4.21
2025-04-04,30.5,21.4,3.0,74,11.7,4.82
2025-04-05,32.5,23.5,0.0,63,6.6,5.31
2025-04-06,34.5,23.1,0.0,54,8.3,5.6
2025-04-07,36.0,23.8,0.0,41,11.5,6.4
2025-04-08,35.6,23.9,0.1,47,10.4,5.97
2025-04-09,36.8,23.8,0.0,47,13.1,6.11
2025-04-10,37.1,25.4,0.0,39,11.9,6.14
2025-04-11,37.0,24.2,0.0,35,16.4,6.93
2025-04-12,37.1,25.2,0.0,27,14.1,7.23
2025-04-13,37.0,25.0,0.0,28,10.4,6.64
2025-04-14,36.9,24.9,0.0,34,10.9,6.35
2025-04-15,36.2,25.6,0.0,35,11.2,6.51
2025-04-16,36.2,24.2,0.0,51,15.1,6.33
2025-04-17,35.9,25.1,0.3,54,10.3,5.69
2025-04-18,37.2,25.6,0.0,44,10.1,6.13
2025-04-19,35.3,26.7,1.7,50,8.6,5.34
2025-04-20,37.8,27.2,0.0,39,9.4,6.11
2025-04-21,37.8,26.7,0.1,42,11.5,6.36
2025-04-22,38.5,27.7,0.1,38,9.0,6.07
2025-04-23,38.3,28.0,0.0,37,9.9,6.82
2025-04-24,38.7,27.8,0.0,32,11.9,7.04
2025-04-25,38.4,28.9,0.0,35,9.8,6.5
2025-04-26,37.5,27.0,0.0,42,9.6,5.92
2025-04-27,32.9,24.6,8.2,62,11.1,3.8
2025-04-28,37.0,24.9,0.0,48,9.5,5.98
2025-04-29,36.9,25.0,0.0,44,11.1,6.44
2025-04-30,38.4,25.6,0.0,41,12.2,6.86
2025-05-01,37.9,25.1,0.0,50,11.9,6.12
2025-05-02,38.7,25.5,0.0,45,12.6,6.58
2025-05-03,38.5,26.1,0.0,41,12.1,6.91
2025-05-04,38.5,26.1,0.0,39,14.5,6.67
2025-05-05,37.5,23.9,0.0,43,10.6,6.62
2025-05-06,36.8,24.9,0.0,39,9.2,5.96
2025-05-07,36.0,24.8,0.8,38,11.9,6.84
2025-05-08,35.2,26.4,0.0,36,9.9,6.37
2025-05-09,35.6,25.0,0.0,40,12.8,6.45
2025-05-10,36.5,26.7,0.0,39,10.0,6.28
2025-05-11,37.5,27.4,0.2,41,10.4,6.46
2025-05-12,37.0,26.2,0.0,43,12.6,6.48
2025-05-13,36.5,26.0,0.0,49,11.9,5.75
2025-05-14,36.9,25.5,0.2,51,12.2,5.55
2025-05-15,33.6,22.8,11.5,61,10.4,5.25
2025-05-16,35.5,25.0,0.3,57,9.9,4.68
2025-05-17,34.9,26.0,0.6,57,9.9,5.5
2025-05-18,35.2,25.0,1.5,62,10.9,5.15
2025-05-19,34.0,23.5,8.8,68,14.7,5.16
2025-05-20,34.5,25.6,1.9,65,13.8,5.08
2025-05-21,30.1,24.0,24.5,82,10.1,3.78
2025-05-22,30.8,23.6,5.4,78,12.5,3.95
2025-05-23,31.5,24.0,1.0,69,17.2,4.63
2025-05-24,31.0,24.5,1.6,74,10.9,4.22
2025-05-25,30.4,23.1,2.6,77,16.3,4.58
2025-05-26,28.8,23.6,2.0,81,10.1,3.13
2025-05-27,30.7,23.4,1.5,81,14.8,3.92
2025-05-28,28.0,23.8,3.5,84,17.9,2.96
2025-05-29,30.9,23.5,4.5,82,13.7,2.38
2025-05-30,32.2,23.5,1.8,71,17.3,5.39
2025-05-31,33.5,24.5,0.0,59,16.5,6.53
2025-06-01,33.0,24.3,0.2,62,16.4,6.27
2025-06-02,31.9,24.0,1.1,66,17.7,5.37
2025-06-03,31.8,24.0,0.2,65,13.9,5.14
2025-06-04,33.0,23.9,0.1,59,13.1,6.2
2025-06-05,32.5,23.9,0.7,62,10.1,5.08
2025-06-06,33.8,23.8,0.2,61,8.5,5.4
2025-06-07,35.3,25.5,0.0,56,12.3,6.18
2025-06-08,35.1,25.5,0.6,60,12.6,5.66
2025-06-09,28.6,24.7,6.2,77,14.4,2.5
2025-06-10,31.5,24.6,1.6,70,15.2,4.25
2025-06-11,30.1,23.9,2.6,75,15.7,3.92
2025-06-12,31.1,22.6,10.0,80,10.1,4.27
2025-06-13,32.0,24.1,0.9,77,8.0,4.89
2025-06-14,31.4,24.6,1.6,74,11.4,5.14
2025-06-15,30.9,23.8,5.4,77,16.9,4.52
2025-06-16,30.1,23.8,1.6,75,25.1,4.82
2025-06-17,31.8,24.1,0.1,66,21.0,5.32
2025-06-18,31.4,23.6,0.2,66,21.1,5.26
2025-06-19,31.5,24.1,2.3,68,26.7,5.25
2025-06-20,31.5,24.1,0.2,67,20.6,5.02
2025-06-21,32.5,23.7,0.3,64,19.3,6.17
2025-06-22,33.0,23.6,1.0,61,21.8,6.14
2025-06-23,31.7,24.0,0.5,67,22.9,4.39
2025-06-24,29.4,23.4,12.4,74,23.8,3.82
2025-06-25,28.9,23.6,7.2,74,19.4,3.31
2025-06-26,30.0,22.8,9.8,74,18.2,4.09
2025-06-27,30.4,23.3,1.6,69,20.3,4.65
2025-06-28,32.0,23.4,0.3,64,23.0,5.23
2025-06-29,32.0,23.8,1.5,65,23.3,5.61
2025-06-30,30.5,23.0,8.7,75,24.1,3.89
2025-07-01,28.0,22.6,9.6,83,19.1,2.51
2025-07-02,27.8,22.6,4.9,85,15.7,2.02
2025-07-03,27.6,23.4,1.8,78,20.0,3.16
2025-07-04,29.9,23.5,11.5,75,23.5,4.18
2025-07-05,29.9,23.9,2.9,75,23.3,4.69
2025-07-06,30.8,23.4,2.4,69,22.9,5.02
2025-07-07,28.9,23.2,3.0,76,20.7,3.68
2025-07-08,29.8,23.2,1.7,74,22.8,4.87
2025-07-09,29.9,23.6,0.6,73,20.8,4.6
2025-07-10,31.4,22.9,0.7,70,16.8,5.36
2025-07-11,31.6,23.4,0.3,68,13.1,5.44
2025-07-12,32.2,23.7,1.3,67,16.2,5.72
2025-07-13,32.0,24.4,0.0,63,16.9,5.57
2025-07-14,32.3,24.1,1.2,62,19.4,5.91
2025-07-15,31.1,24.0,2.7,71,20.0,4.49
2025-07-16,32.2,23.8,4.3,69,14.2,4.89
2025-07-17,31.2,22.8,7.0,77,12.8,4.64
2025-07-18,31.1,22.7,12.5,82,9.9,4.25
2025-07-19,30.2,22.5,8.5,83,9.8,4.12
2025-07-20,29.5,23.6,2.1,78,11.8,4.21
2025-07-21,30.3,23.5,3.0,79,13.4,4.25
2025-07-22,29.0,23.0,5.5,84,16.7,3.24
2025-07-23,27.5,23.0,8.1,87,19.0,2.46
2025-07-24,25.6,22.8,8.5,87,18.0,1.97
2025-07-25,26.5,22.9,14.9,88,20.9,1.84
2025-07-26,24.5,22.5,23.5,90,22.8,1.41
2025-07-27,29.3,23.0,0.9,73,27.1,5.08
2025-07-28,29.9,22.5,0.0,70,27.2,5.03
2025-07-29,29.5,23.1,0.5,71,27.2,5.22
2025-07-30,28.5,23.1,2.9,77,22.1,4.56
2025-07-31,29.3,23.0,1.0,74,20.6,4.39
2025-08-01,30.3,23.2,0.0,73,18.2,4.59
2025-08-02,30.8,23.6,0.2,71,11.9,5.16
2025-08-03,30.7,23.4,0.6,76,9.2,4.77
2025-08-04,31.0,23.4,4.1,80,6.2,3.96
2025-08-05,29.6,23.5,6.6,79,7.3,4.03
2025-08-06,31.5,22.8,7.0,79,9.6,4.86
2025-08-07,30.0,24.1,23.7,83,7.6,3.59
2025-08-08,29.5,22.5,3.9,80,7.2,4.33
2025-08-09,28.1,21.8,5.4,85,9.8,3.31
2025-08-10,28.5,22.8,15.0,86,11.7,3.42
2025-08-11,28.5,22.2,9.7,84,14.1,3.82
2025-08-12,28.5,22.2,4.4,83,16.4,3.92
2025-08-13,26.2,22.1,11.8,88,17.3,2.89
2025-08-14,27.4,21.9,8.8,85,14.2,2.82
2025-08-15,27.6,22.3,4.8,85,18.1,2.85
2025-08-16,26.9,22.5,2.0,86,21.2,2.87
2025-08-17,26.6,22.5,7.5,88,17.4,2.17
2025-08-18,25.7,22.4,15.6,88,23.4,2.24
2025-08-19,26.9,22.0,7.4,85,25.5,3.23
2025-08-20,27.5,22.7,2.8,82,21.8,3.42
2025-08-21,29.4,22.4,0.1,76,20.8,4.55
2025-08-22,28.9,22.7,0.1,75,19.1,4.27
2025-08-23,28.8,22.4,0.1,74,20.9,4.59
2025-08-24,29.1,22.1,0.1,72,21.1,5.09
2025-08-25,29.4,21.9,0.1,71,21.0,5.01
2025-08-26,26.7,22.7,19.8,84,18.3,2.65
2025-08-27,26.7,22.2,25.8,91,17.0,1.64
2025-08-28,26.5,21.8,17.6,89,19.3,2.93
2025-08-29,28.6,21.8,1.7,81,18.2,4.19
2025-08-30,29.5,22.5,0.4,77,17.8,4.38
2025-08-31,28.0,22.9,2.9,84,16.2,3.17
2025-09-01,27.9,22.7,8.7,83,18.3,3.09
2025-09-02,27.0,22.7,4.5,84,21.0,2.81
2025-09-03,28.8,22.2,0.2,79,16.7,3.55
2025-09-04,29.4,22.1,0.3,76,18.7,4.64
2025-09-05,29.0,22.1,0.6,75,15.8,4.7
2025-09-06,28.9,22.8,0.2,78,13.9,4.38
2025-09-07,29.3,22.5,0.0,73,13.6,5.04
2025-09-08,30.0,22.7,0.5,73,9.7,4.79
2025-09-09,31.8,22.1,0.9,67,8.7,5.2
2025-09-10,30.6,22.6,12.2,79,10.4,4.0
2025-09-11,26.6,22.7,20.5,87,14.7,2.41
2025-09-12,25.6,21.9,6.6,89,12.8,2.07
2025-09-13,27.2,22.5,11.5,89,9.6,2.29
2025-09-14,29.2,21.7,7.2,85,10.1,4.16
2025-09-15,28.9,22.5,4.5,84,13.4,3.7
2025-09-16,29.4,22.9,7.6,85,10.1,3.52
2025-09-17,28.8,22.5,1.2,85,7.2,3.37
2025-09-18,30.0,21.9,6.3,83,10.0,4.42
2025-09-19,30.3,22.0,16.2,82,11.2,4.44
2025-09-20,30.0,21.9,2.2,82,11.6,4.31
2025-09-21,29.6,22.4,9.3,84,11.6,4.02
2025-09-22,28.4,22.4,6.8,87,11.7,3.08
2025-09-23,28.6,22.6,10.2,86,16.8,3.59
2025-09-24,28.3,22.5,0.0,80,19.1,3.91
2025-09-25,25.6,22.2,6.0,84,18.0,2.0
2025-09-26,27.6,21.6,16.9,88,17.8,2.4
2025-09-27,25.0,22.0,10.5,92,14.5,1.72
2025-09-28,27.0,21.7,3.3,82,19.2,3.16
2025-09-29,29.1,21.5,0.0,76,14.8,4.38
2025-09-30,28.4,22.0,0.1,79,13.6,4.15
2025-10-01,29.1,22.4,0.2,75,16.4,4.61
2025-10-02,27.9,23.0,0.0,78,13.5,2.98
2025-10-03,29.7,23.0,0.0,76,15.9,4.46
2025-10-04,29.7,23.5,0.8,79,11.6,4.09
2025-10-05,29.5,22.2,2.3,80,12.4,4.06
2025-10-06,29.5,21.5,10.2,82,12.2,3.7
2025-10-07,28.5,21.8,3.4,82,9.5,3.82
2025-10-08,30.4,22.6,0.7,75,9.5,4.45
2025-10-09,29.2,22.0,1.1,76,8.4,4.23
2025-10-10,30.6,22.8,0.0,60,9.7,5.04
2025-10-11,30.8,21.8,0.0,57,12.9,5.16
2025-10-12,31.4,22.3,0.0,57,9.4,5.24
2025-10-13,28.1,23.7,0.2,70,10.4,2.12
2025-10-14,28.9,22.5,2.1,82,12.5,3.68
2025-10-15,29.7,22.2,0.7,75,13.0,4.48
2025-10-16,31.0,22.5,0.0,66,13.9,4.93
2025-10-17,31.1,22.7,0.7,65,14.0,4.89
2025-10-18,31.7,22.5,0.0,60,11.2,5.05
2025-10-19,31.0,22.5,1.3,68,13.8,4.7
2025-10-20,29.8,22.5,10.8,74,9.4,3.71
2025-10-21,30.4,22.8,2.2,77,14.7,3.85
2025-10-22,29.8,22.6,5.1,81,15.5,3.41
2025-10-23,26.7,22.5,5.5,89,17.3,2.2
2025-10-24,25.6,21.9,12.0,91,10.8,2.23
2025-10-25,27.0,21.5,20.4,89,10.0,2.4
2025-10-26,28.0,21.5,1.0,84,10.9,3.1
2025-10-27,28.8,21.2,2.3,79,7.0,3.68
2025-10-28,27.8,22.0,16.8,89,16.2,1.99
2025-10-29,23.8,21.6,26.7,91,18.2,0.89
2025-10-30,28.4,22.3,0.2,74,19.5,3.69
2025-10-31,28.5,20.9,0.0,71,14.3,4.11
2025-11-01,28.7,22.0,0.1,80,9.0,3.72
2025-11-02,29.1,22.5,0.4,81,13.8,3.55
2025-11-03,28.8,22.4,1.0,81,12.6,3.37
2025-11-04,28.2,22.2,1.6,85,10.1,3.31
2025-11-05,29.6,21.7,0.0,74,9.7,3.89
2025-11-06,28.7,21.6,0.0,65,8.5,3.27
2025-11-07,29.5,21.5,0.0,58,9.9,4.67
2025-11-08,28.9,20.2,0.0,50,8.9,4.74
2025-11-09,28.0,18.3,0.0,54,8.3,4.49
2025-11-10,28.8,18.0,0.0,51,6.5,4.24
2025-11-11,29.2,19.1,0.0,49,9.7,4.45
2025-11-12,29.5,19.3,0.0,48,9.3,4.68
2025-11-13,29.0,18.7,0.0,45,9.8,4.83
