DDate,AmcCode,AmcName,YardCode,YardName,CommCode,CommName,VarityCode,VarityName,ProgArrivals,Arrivals,Minimum,Maximum,Model,Valuation,MarketFee
2021-04-01 00:00:00+05:30,324,Bowenpally,3,Bowenpally,55,Onions,55,Common,0.0,560.0,700.0,1300.0,1000.0,0.0,0.0
2021-04-01 00:00:00+05:30,323,Gaddiannaram,2,L.B Nagar,98,Cabbage,98,Common,0.0,80.0,500.0,700.0,600.0,0.0,0.0
2021-04-01 00:00:00+05:30,325,Hyderabad,6,Madannapeta,98,Cabbage,98,Common,0.0,20.0,600.0,600.0,600.0,0.0,0.0
2021-04-01 00:00:00+05:30,323,Gaddiannaram,1,Gaddiannaram,76,Mango,291,Benishan,0.0,10160.0,1400.0,5100.0,3050.0,0.0,0.0
2021-04-01 00:00:00+05:30,325,Hyderabad,7,Meeralamandi,98,Cabbage,98,Common,0.0,5.0,600.0,800.0,700.0,0.0,0.0
2021-04-01 00:00:00+05:30,325,Hyderabad,5,Mahabubmansion,54,Chillies(Dry),219,No.I,0.0,1774.0,12000.0,14000.0,13000.0,0.0,0.0
2021-04-01 00:00:00+05:30,279,Thirumalagiri,9,Tirmalagiri,1,Paddy,237,Grade-A(IR64),0.0,2497.0,1349.0,1522.0,1409.0,0.0,0.0
2021-04-01 00:00:00+05:30,192,Jainath,26,Jainath,14,Bengal Gram,14,Common,0.0,501.5,5100.0,5100.0,5100.0,0.0,0.0
2021-04-01 00:00:00+05:30,313,Ibrahimpatnam(RR),42,Ibrahimpatnam,111,Brinjal,111,Common,0.0,12.0,600.0,1000.0,800.0,0.0,0.0
2021-04-01 00:00:00+05:30,204,Bodhan,1081,Bodhan,1,Paddy,195,Grade-A,0.0,1965.0,1888.0,1888.0,1888.0,0.0,0.0
2021-04-01 00:00:00+05:30,278,Suryapet,1091,Suryapet,1,Paddy,195,Grade-A,0.0,459.0,1339.0,1789.0,1759.0,0.0,0.0
2021-04-01 00:00:00+05:30,263,Alair,1102,Alair,1,Paddy,195,Grade-A,0.0,1.0,1888.0,1888.0,1888.0,0.0,0.0
2021-04-01 00:00:00+05:30,302,Gadwal,1328,Gadwal,1,Paddy,271,Common (Hamsa),0.0,13.0,1161.0,1161.0,1161.0,0.0,0.0
2021-04-01 00:00:00+05:30,309,Narayanpet,1342,Narayanpet,1,Paddy,271,Common (Hamsa),0.0,21.6,1250.0,1260.0,1260.0,0.0,0.0
2021-04-01 00:00:00+05:30,192,Jainath,1567,Bela,14,Bengal Gram,14,Common,0.0,1028.5,5100.0,5100.0,5100.0,0.0,0.0
2021-04-01 00:00:00+05:30,350,Birkur,1624,Birkur,1,Paddy,270,Grade-A (1010),0.0,1829.0,1800.0,1868.0,1868.0,0.0,0.0
2021-04-01 00:00:00+05:30,351,Kotagiri,1676,Kotagiri,1,Paddy,195,Grade-A,0.0,340.0,1888.0,1888.0,1888.0,0.0,0.0
2021-04-02 00:00:00+05:30,323,Gaddiannaram,1,Gaddiannaram,76,Mango,291,Benishan,0.0,12616.0,1350.0,5100.0,3000.0,0.0,0.0
2021-04-02 00:00:00+05:30,323,Gaddiannaram,2,L.B Nagar,98,Cabbage,98,Common,0.0,81.0,500.0,700.0,600.0,0.0,0.0
2021-04-02 00:00:00+05:30,324,Bowenpally,3,Bowenpally,55,Onions,55,Common,0.0,583.0,600.0,1200.0,1100.0,0.0,0.0
2021-04-02 00:00:00+05:30,325,Hyderabad,6,Madannapeta,98,Cabbage,98,Common,0.0,15.0,800.0,1000.0,900.0,0.0,0.0
2021-04-02 00:00:00+05:30,325,Hyderabad,5,Mahabubmansion,54,Chillies(Dry),219,No.I,0.0,1153.0,12000.0,14000.0,13000.0,0.0,0.0
2021-04-02 00:00:00+05:30,192,Jainath,26,Jainath,14,Bengal Gram,14,Common,0.0,2509.5,5100.0,5100.0,5100.0,0.0,0.0
2021-04-02 00:00:00+05:30,313,Ibrahimpatnam(RR),42,Ibrahimpatnam,111,Brinjal,111,Common,0.0,15.0,1000.0,1500.0,1200.0,0.0,0.0
2021-04-02 00:00:00+05:30,204,Bodhan,1081,Bodhan,1,Paddy,195,Grade-A,0.0,1191.0,1888.0,1888.0,1888.0,0.0,0.0
2021-04-02 00:00:00+05:30,263,Alair,1102,Alair,1,Paddy,195,Grade-A,0.0,1.0,1888.0,1888.0,1888.0,0.0,0.0
2021-04-02 00:00:00+05:30,367,Gudimalkapur,1571,Gudumalkapur,55,Onions,55,Common,0.0,1878.0,500.0,1200.0,900.0,0.0,0.0
2021-04-02 00:00:00+05:30,350,Birkur,1624,Birkur,1,Paddy,270,Grade-A (1010),0.0,631.0,1800.0,1868.0,1868.0,0.0,0.0
2021-04-02 00:00:00+05:30,351,Kotagiri,1676,Kotagiri,1,Paddy,195,Grade-A,0.0,540.0,1888.0,1888.0,1888.0,0.0,0.0
2021-04-03 00:00:00+05:30,323,Gaddiannaram,1,Gaddiannaram,76,Mango,291,Benishan,0.0,7791.0,1350.0,5000.0,3000.0,0.0,0.0
2021-04-03 00:00:00+05:30,323,Gaddiannaram,2,L.B Nagar,98,Cabbage,98,Common,0.0,60.0,500.0,700.0,600.0,0.0,0.0
2021-04-03 00:00:00+05:30,324,Bowenpally,3,Bowenpally,55,Onions,55,Common,0.0,744.0,800.0,1200.0,1000.0,0.0,0.0
2021-04-03 00:00:00+05:30,325,Hyderabad,5,Mahabubmansion,54,Chillies(Dry),219,No.I,0.0,666.0,11000.0,14000.0,12000.0,0.0,0.0
2021-04-03 00:00:00+05:30,325,Hyderabad,6,Madannapeta,98,Cabbage,98,Common,0.0,25.0,400.0,600.0,500.0,0.0,0.0
2021-04-03 00:00:00+05:30,325,Hyderabad,7,Meeralamandi,98,Cabbage,98,Common,0.0,4.0,600.0,800.0,700.0,0.0,0.0
2021-04-03 00:00:00+05:30,279,Thirumalagiri,9,Tirmalagiri,1,Paddy,237,Grade-A(IR64),0.0,6677.0,1301.0,1541.0,1409.0,0.0,0.0
2021-04-03 00:00:00+05:30,313,Ibrahimpatnam(RR),42,Ibrahimpatnam,111,Brinjal,111,Common,0.0,12.0,600.0,1500.0,1000.0,0.0,0.0
2021-04-03 00:00:00+05:30,192,Jainath,26,Jainath,14,Bengal Gram,14,Common,0.0,1664.5,5100.0,5100.0,5100.0,0.0,0.0
2021-04-03 00:00:00+05:30,316,Narsingi,49,Babbuguda,168,Cattle(All),168,Common,0.0,45.0,10000.0,20000.0,20000.0,0.0,0.0
2021-04-03 00:00:00+05:30,278,Suryapet,1091,Suryapet,1,Paddy,195,Grade-A,0.0,869.0,1506.0,1816.0,1786.0,0.0,0.0
2021-04-03 00:00:00+05:30,263,Alair,1102,Alair,1,Paddy,195,Grade-A,0.0,1.0,1888.0,1888.0,1888.0,0.0,0.0
2021-04-03 00:00:00+05:30,309,Narayanpet,1342,Narayanpet,1,Paddy,271,Common (Hamsa),0.0,4.2,1271.0,1271.0,1271.0,0.0,0.0
2021-04-03 00:00:00+05:30,192,Jainath,1567,Bela,14,Bengal Gram,14,Common,0.0,1318.0,5100.0,5100.0,5100.0,0.0,0.0
2021-04-03 00:00:00+05:30,367,Gudimalkapur,1571,Gudumalkapur,55,Onions,55,Common,0.0,574.0,500.0,1200.0,900.0,0.0,0.0
2021-04-03 00:00:00+05:30,350,Birkur,1624,Birkur,1,Paddy,270,Grade-A (1010),0.0,2158.0,1850.0,1888.0,1888.0,0.0,0.0
2021-04-03 00:00:00+05:30,351,Kotagiri,1676,Kotagiri,1,Paddy,195,Grade-A,0.0,250.0,1888.0,1888.0,1888.0,0.0,0.0
2021-04-04 00:00:00+05:30,323,Gaddiannaram,1,Gaddiannaram,76,Mango,291,Benishan,0.0,5987.0,1350.0,5000.0,2900.0,0.0,0.0
2021-04-04 00:00:00+05:30,324,Bowenpally,3,Bowenpally,55,Onions,55,Common,0.0,908.0,600.0,1200.0,1100.0,0.0,0.0
2021-04-04 00:00:00+05:30,323,Gaddiannaram,2,L.B Nagar,98,Cabbage,98,Common,0.0,36.0,500.0,800.0,600.0,0.0,0.0
2021-04-04 00:00:00+05:30,325,Hyderabad,6,Madannapeta,98,Cabbage,98,Common,0.0,27.0,400.0,600.0,500.0,0.0,0.0
2021-04-04 00:00:00+05:30,192,Jainath,26,Jainath,14,Bengal Gram,14,Common,0.0,1266.0,5100.0,5100.0,5100.0,0.0,0.0
2021-04-04 00:00:00+05:30,313,Ibrahimpatnam(RR),42,Ibrahimpatnam,111,Brinjal,111,Common,0.0,12.0,1000.0,1500.0,1200.0,0.0,0.0
2021-04-04 00:00:00+05:30,263,Alair,1102,Alair,1,Paddy,195,Grade-A,0.0,1.0,1888.0,1888.0,1888.0,0.0,0.0
2021-04-04 00:00:00+05:30,367,Gudimalkapur,1571,Gudumalkapur,55,Onions,55,Common,0.0,2112.0,500.0,1200.0,900.0,0.0,0.0
2021-04-04 00:00:00+05:30,350,Birkur,1624,Birkur,1,Paddy,270,Grade-A (1010),0.0,1087.0,1800.0,1888.0,1888.0,0.0,0.0
2021-04-04 00:00:00+05:30,351,Kotagiri,1676,Kotagiri,1,Paddy,195,Grade-A,0.0,300.0,1868.0,1888.0,1888.0,0.0,0.0
2021-04-05 00:00:00+05:30,323,Gaddiannaram,1,Gaddiannaram,76,Mango,291,Benishan,0.0,32977.0,1300.0,5000.0,2800.0,0.0,0.0
2021-04-05 00:00:00+05:30,323,Gaddiannaram,2,L.B Nagar,98,Cabbage,98,Common,0.0,44.0,500.0,700.0,600.0,0.0,0.0
2021-04-05 00:00:00+05:30,325,Hyderabad,6,Madannapeta,98,Cabbage,98,Common,0.0,22.0,600.0,600.0,600.0,0.0,0.0
2021-04-04 00:00:00+05:30,316,Narsingi,49,Babbuguda,168,Cattle(All),168,Common,0.0,189.0,10000.0,50000.0,25000.0,0.0,0.0
2021-04-04 00:00:00+05:30,204,Bodhan,1081,Bodhan,1,Paddy,195,Grade-A,0.0,667.0,1888.0,1888.0,1888.0,0.0,0.0
2021-04-05 00:00:00+05:30,325,Hyderabad,5,Mahabubmansion,54,Chillies(Dry),219,No.I,0.0,791.0,11000.0,14000.0,12000.0,0.0,0.0
2021-04-05 00:00:00+05:30,192,Jainath,26,Jainath,14,Bengal Gram,14,Common,0.0,1798.0,5100.0,5100.0,5100.0,0.0,0.0
2021-04-05 00:00:00+05:30,313,Ibrahimpatnam(RR),42,Ibrahimpatnam,111,Brinjal,111,Common,0.0,12.0,1000.0,1500.0,1200.0,0.0,0.0
2021-04-05 00:00:00+05:30,204,Bodhan,1081,Bodhan,1,Paddy,195,Grade-A,0.0,1853.0,1888.0,1888.0,1888.0,0.0,0.0
2021-04-05 00:00:00+05:30,263,Alair,1102,Alair,1,Paddy,195,Grade-A,0.0,1.0,1888.0,1888.0,1888.0,0.0,0.0
2021-04-05 00:00:00+05:30,224,Korutla,1136,Korutla,1,Paddy,195,Grade-A,0.0,300.0,1888.0,1888.0,1888.0,0.0,0.0
2021-04-05 00:00:00+05:30,367,Gudimalkapur,1571,Gudumalkapur,55,Onions,55,Common,0.0,739.0,500.0,1200.0,900.0,0.0,0.0
2021-04-05 00:00:00+05:30,350,Birkur,1624,Birkur,1,Paddy,270,Grade-A (1010),0.0,1079.0,1800.0,1888.0,1888.0,0.0,0.0
2021-04-05 00:00:00+05:30,351,Kotagiri,1676,Kotagiri,1,Paddy,195,Grade-A,0.0,180.0,1888.0,1888.0,1888.0,0.0,0.0
2021-04-06 00:00:00+05:30,323,Gaddiannaram,1,Gaddiannaram,76,Mango,291,Benishan,0.0,9951.0,1300.0,5000.0,2750.0,0.0,0.0
2021-04-06 00:00:00+05:30,323,Gaddiannaram,2,L.B Nagar,98,Cabbage,98,Common,0.0,43.0,500.0,600.0,550.0,0.0,0.0
2021-04-06 00:00:00+05:30,324,Bowenpally,3,Bowenpally,55,Onions,55,Common,0.0,2093.0,600.0,1200.0,1100.0,0.0,0.0
2021-04-06 00:00:00+05:30,325,Hyderabad,6,Madannapeta,98,Cabbage,98,Common,0.0,30.0,600.0,600.0,600.0,0.0,0.0
2021-04-06 00:00:00+05:30,325,Hyderabad,5,Mahabubmansion,54,Chillies(Dry),219,No.I,0.0,842.0,12000.0,14000.0,13000.0,0.0,0.0
2021-04-06 00:00:00+05:30,279,Thirumalagiri,9,Tirmalagiri,1,Paddy,237,Grade-A(IR64),0.0,14605.0,1252.0,1503.0,1429.0,0.0,0.0
2021-04-06 00:00:00+05:30,192,Jainath,26,Jainath,14,Bengal Gram,14,Common,0.0,1787.0,5100.0,5100.0,5100.0,0.0,0.0
2021-04-06 00:00:00+05:30,313,Ibrahimpatnam(RR),42,Ibrahimpatnam,111,Brinjal,111,Common,0.0,10.0,1000.0,1500.0,1200.0,0.0,0.0
2021-04-06 00:00:00+05:30,278,Suryapet,1091,Suryapet,1,Paddy,195,Grade-A,0.0,2086.0,1369.0,1849.0,1829.0,0.0,0.0
2021-04-06 00:00:00+05:30,263,Alair,1102,Alair,1,Paddy,195,Grade-A,0.0,1.0,1888.0,1888.0,1888.0,0.0,0.0
2021-04-06 00:00:00+05:30,224,Korutla,1136,Korutla,1,Paddy,195,Grade-A,0.0,100.0,1888.0,1888.0,1888.0,0.0,0.0
2021-04-06 00:00:00+05:30,241,Mahabubabad,1177,Mahabubabad,1,Paddy,1,Common,0.0,38.0,1601.0,1891.0,1815.0,0.0,0.0
2021-04-06 00:00:00+05:30,306,Mahbubnagar,1326,Mahaboobnagar,1,Paddy,271,Common (Hamsa),0.0,40.0,1588.0,1701.0,1654.0,0.0,0.0
2021-04-06 00:00:00+05:30,192,Jainath,1567,Bela,14,Bengal Gram,14,Common,0.0,423.5,5100.0,5100.0,5100.0,0.0,0.0
2021-04-06 00:00:00+05:30,367,Gudimalkapur,1571,Gudumalkapur,55,Onions,55,Common,0.0,1865.0,1000.0,400.0,600.0,0.0,0.0
2021-04-06 00:00:00+05:30,351,Kotagiri,1676,Kotagiri,1,Paddy,195,Grade-A,0.0,496.0,1868.0,1888.0,1888.0,0.0,0.0
2021-04-07 00:00:00+05:30,323,Gaddiannaram,1,Gaddiannaram,76,Mango,291,Benishan,0.0,12558.0,1200.0,4900.0,2700.0,0.0,0.0
2021-04-07 00:00:00+05:30,323,Gaddiannaram,2,L.B Nagar,98,Cabbage,98,Common,0.0,15.0,500.0,500.0,500.0,0.0,0.0
2021-04-07 00:00:00+05:30,324,Bowenpally,3,Bowenpally,55,Onions,55,Common,0.0,1235.0,500.0,1000.0,800.0,0.0,0.0
2021-04-06 00:00:00+05:30,301,Devarakadra,1352,Devarakadra,1,Paddy,271,Common (Hamsa),0.0,9.0,1300.0,1300.0,1300.0,0.0,0.0
2021-04-07 00:00:00+05:30,325,Hyderabad,6,Madannapeta,98,Cabbage,98,Common,0.0,30.0,600.0,600.0,600.0,0.0,0.0
2021-04-07 00:00:00+05:30,325,Hyderabad,5,Mahabubmansion,54,Chillies(Dry),219,No.I,0.0,862.0,11000.0,14000.0,12000.0,0.0,0.0
2021-04-07 00:00:00+05:30,192,Jainath,26,Jainath,14,Bengal Gram,14,Common,0.0,311.5,5100.0,5100.0,5100.0,0.0,0.0
2021-04-07 00:00:00+05:30,313,Ibrahimpatnam(RR),42,Ibrahimpatnam,111,Brinjal,111,Common,0.0,12.0,1200.0,1500.0,1000.0,0.0,0.0
2021-04-07 00:00:00+05:30,204,Bodhan,1081,Bodhan,1,Paddy,195,Grade-A,0.0,1054.0,1888.0,1888.0,1888.0,0.0,0.0
2021-04-07 00:00:00+05:30,278,Suryapet,1091,Suryapet,1,Paddy,195,Grade-A,0.0,2486.0,1339.0,1806.0,1766.0,0.0,0.0
2021-04-07 00:00:00+05:30,263,Alair,1102,Alair,1,Paddy,195,Grade-A,0.0,1.0,1888.0,1888.0,1888.0,0.0,0.0
2021-04-07 00:00:00+05:30,224,Korutla,1136,Korutla,1,Paddy,195,Grade-A,0.0,100.0,1888.0,1888.0,1888.0,0.0,0.0
2021-04-07 00:00:00+05:30,241,Mahabubabad,1177,Mahabubabad,1,Paddy,1,Common,0.0,129.0,1511.0,2201.0,1635.0,0.0,0.0
2021-04-07 00:00:00+05:30,306,Mahbubnagar,1326,Mahaboobnagar,1,Paddy,271,Common (Hamsa),0.0,10.0,1551.0,1551.0,1551.0,0.0,0.0
2021-04-07 00:00:00+05:30,192,Jainath,1567,Bela,14,Bengal Gram,14,Common,0.0,855.5,5100.0,5100.0,5100.0,0.0,0.0
2021-04-07 00:00:00+05:30,367,Gudimalkapur,1571,Gudumalkapur,55,Onions,55,Common,0.0,1288.0,400.0,1000.0,600.0,0.0,0.0
2021-04-07 00:00:00+05:30,351,Kotagiri,1676,Kotagiri,1,Paddy,195,Grade-A,0.0,552.0,1888.0,1888.0,1888.0,0.0,0.0
2021-04-08 00:00:00+05:30,323,Gaddiannaram,1,Gaddiannaram,76,Mango,291,Benishan,0.0,13749.0,1100.0,4800.0,2600.0,0.0,0.0
2021-04-08 00:00:00+05:30,324,Bowenpally,3,Bowenpally,55,Onions,55,Common,0.0,858.0,400.0,1000.0,700.0,0.0,0.0
2021-04-08 00:00:00+05:30,323,Gaddiannaram,2,L.B Nagar,98,Cabbage,98,Common,0.0,44.0,500.0,600.0,550.0,0.0,0.0
2021-04-08 00:00:00+05:30,325,Hyderabad,5,Mahabubmansion,54,Chillies(Dry),219,No.I,0.0,804.0,11000.0,13000.0,12000.0,0.0,0.0
2021-04-08 00:00:00+05:30,325,Hyderabad,6,Madannapeta,98,Cabbage,98,Common,0.0,35.0,600.0,600.0,600.0,0.0,0.0
2021-04-08 00:00:00+05:30,325,Hyderabad,7,Meeralamandi,98,Cabbage,98,Common,0.0,5.0,800.0,1000.0,900.0,0.0,0.0
2021-04-08 00:00:00+05:30,192,Jainath,26,Jainath,14,Bengal Gram,14,Common,0.0,1025.5,5100.0,5100.0,5100.0,0.0,0.0
2021-04-08 00:00:00+05:30,313,Ibrahimpatnam(RR),42,Ibrahimpatnam,111,Brinjal,111,Common,0.0,12.0,1000.0,1500.0,1200.0,0.0,0.0
2021-04-08 00:00:00+05:30,204,Bodhan,1081,Bodhan,1,Paddy,195,Grade-A,0.0,784.0,1888.0,1888.0,1888.0,0.0,0.0
2021-04-08 00:00:00+05:30,278,Suryapet,1091,Suryapet,1,Paddy,195,Grade-A,0.0,2999.0,1311.0,1788.0,1626.0,0.0,0.0
2021-04-08 00:00:00+05:30,263,Alair,1102,Alair,1,Paddy,195,Grade-A,0.0,1.0,1888.0,1888.0,1888.0,0.0,0.0
2021-04-08 00:00:00+05:30,241,Mahabubabad,1177,Mahabubabad,1,Paddy,1,Common,0.0,59.0,1480.0,1560.0,1510.0,0.0,0.0
2021-04-08 00:00:00+05:30,286,Narayankhed,1212,Narayankhed,1,Paddy,1,Common,0.0,100.0,1888.0,1888.0,1888.0,0.0,0.0
2021-04-08 00:00:00+05:30,306,Mahbubnagar,1326,Mahaboobnagar,1,Paddy,271,Common (Hamsa),0.0,9.0,1558.0,1558.0,1558.0,0.0,0.0
2021-04-08 00:00:00+05:30,192,Jainath,1567,Bela,14,Bengal Gram,14,Common,0.0,813.5,5100.0,5100.0,5100.0,0.0,0.0
2021-04-08 00:00:00+05:30,367,Gudimalkapur,1571,Gudumalkapur,55,Onions,55,Common,0.0,1458.0,600.0,1200.0,900.0,0.0,0.0
2021-04-08 00:00:00+05:30,309,Narayanpet,1342,Narayanpet,1,Paddy,271,Common (Hamsa),0.0,111.6,1140.0,1360.0,1310.0,0.0,0.0
2021-04-08 00:00:00+05:30,301,Devarakadra,1352,Devarakadra,1,Paddy,271,Common (Hamsa),0.0,24.0,1309.0,1329.0,1319.0,0.0,0.0
2021-04-08 00:00:00+05:30,349,Bicknoor,1623,Bicknoor,1,Paddy,270,Grade-A (1010),0.0,10346.0,1835.0,1888.0,1835.0,0.0,0.0
2021-04-08 00:00:00+05:30,351,Kotagiri,1676,Kotagiri,1,Paddy,195,Grade-A,0.0,380.0,1888.0,1888.0,1888.0,0.0,0.0
2021-04-09 00:00:00+05:30,323,Gaddiannaram,1,Gaddiannaram,76,Mango,291,Benishan,0.0,12441.0,1200.0,4900.0,2600.0,0.0,0.0
2021-04-09 00:00:00+05:30,323,Gaddiannaram,2,L.B Nagar,98,Cabbage,98,Common,0.0,20.0,500.0,600.0,550.0,0.0,0.0
2021-04-09 00:00:00+05:30,324,Bowenpally,3,Bowenpally,55,Onions,55,Common,0.0,1002.0,400.0,1000.0,800.0,0.0,0.0
2021-04-09 00:00:00+05:30,325,Hyderabad,6,Madannapeta,98,Cabbage,98,Common,0.0,40.0,400.0,600.0,500.0,0.0,0.0
2021-04-09 00:00:00+05:30,325,Hyderabad,5,Mahabubmansion,54,Chillies(Dry),219,No.I,0.0,762.0,11000.0,13000.0,12000.0,0.0,0.0
2021-04-09 00:00:00+05:30,279,Thirumalagiri,9,Tirmalagiri,1,Paddy,237,Grade-A(IR64),0.0,13744.0,1254.0,1463.0,1389.0,0.0,0.0
2021-04-09 00:00:00+05:30,192,Jainath,26,Jainath,14,Bengal Gram,14,Common,0.0,1959.5,5100.0,5100.0,5100.0,0.0,0.0
2021-04-09 00:00:00+05:30,317,Pargi,39,Pargi,1,Paddy,270,Grade-A (1010),0.0,7.6,1550.0,1550.0,1550.0,0.0,0.0
2021-04-09 00:00:00+05:30,313,Ibrahimpatnam(RR),42,Ibrahimpatnam,111,Brinjal,111,Common,0.0,12.0,1200.0,1600.0,1400.0,0.0,0.0
2021-04-09 00:00:00+05:30,204,Bodhan,1081,Bodhan,1,Paddy,195,Grade-A,0.0,842.0,1888.0,1888.0,1888.0,0.0,0.0
2021-04-09 00:00:00+05:30,272,Miryalguda,1090,Miryalguda,1,Paddy,270,Grade-A (1010),0.0,1600.0,1888.0,1888.0,1888.0,0.0,0.0
2021-04-09 00:00:00+05:30,278,Suryapet,1091,Suryapet,1,Paddy,195,Grade-A,0.0,2696.0,1319.0,1789.0,1729.0,0.0,0.0
2021-04-09 00:00:00+05:30,263,Alair,1102,Alair,1,Paddy,195,Grade-A,0.0,1.0,1888.0,1888.0,1888.0,0.0,0.0
2021-04-09 00:00:00+05:30,264,Bhongir,1100,Bhongir,1,Paddy,237,Grade-A(IR64),0.0,19400.0,1280.0,1280.0,1280.0,0.0,0.0
2021-04-09 00:00:00+05:30,241,Mahabubabad,1177,Mahabubabad,1,Paddy,1,Common,0.0,68.0,1615.0,1865.0,1701.0,0.0,0.0
2021-04-09 00:00:00+05:30,286,Narayankhed,1212,Narayankhed,1,Paddy,1,Common,0.0,200.0,1888.0,1888.0,1888.0,0.0,0.0
2021-04-09 00:00:00+05:30,306,Mahbubnagar,1326,Mahaboobnagar,1,Paddy,271,Common (Hamsa),0.0,47.0,1512.0,1561.0,1521.0,0.0,0.0
2021-04-09 00:00:00+05:30,192,Jainath,1567,Bela,14,Bengal Gram,14,Common,0.0,670.5,5100.0,5100.0,5100.0,0.0,0.0
2021-04-09 00:00:00+05:30,367,Gudimalkapur,1571,Gudumalkapur,55,Onions,55,Common,0.0,1184.0,500.0,1200.0,800.0,0.0,0.0
2021-04-09 00:00:00+05:30,309,Narayanpet,1342,Narayanpet,1,Paddy,271,Common (Hamsa),0.0,47.4,1260.0,1320.0,1320.0,0.0,0.0
2021-04-09 00:00:00+05:30,351,Kotagiri,1676,Kotagiri,1,Paddy,195,Grade-A,0.0,605.0,1888.0,1888.0,1888.0,0.0,0.0
2021-04-10 00:00:00+05:30,323,Gaddiannaram,1,Gaddiannaram,76,Mango,291,Benishan,0.0,11081.0,1100.0,4800.0,2500.0,0.0,0.0
2021-04-10 00:00:00+05:30,324,Bowenpally,3,Bowenpally,55,Onions,55,Common,0.0,537.0,600.0,1000.0,800.0,0.0,0.0
2021-04-10 00:00:00+05:30,325,Hyderabad,6,Madannapeta,98,Cabbage,98,Common,0.0,40.0,600.0,600.0,600.0,0.0,0.0
2021-04-10 00:00:00+05:30,325,Hyderabad,5,Mahabubmansion,54,Chillies(Dry),219,No.I,0.0,470.0,11000.0,14000.0,12000.0,0.0,0.0
2021-04-09 00:00:00+05:30,312,Wanaparthy Town,1344,W.P.Town,1,Paddy,271,Common (Hamsa),0.0,7.0,1202.0,1202.0,1202.0,0.0,0.0
2021-04-09 00:00:00+05:30,350,Birkur,1624,Birkur,1,Paddy,270,Grade-A (1010),0.0,1670.0,1800.0,1888.0,1888.0,0.0,0.0
2021-04-10 00:00:00+05:30,192,Jainath,26,Jainath,14,Bengal Gram,14,Common,0.0,809.0,5100.0,5100.0,5100.0,0.0,0.0
2021-04-10 00:00:00+05:30,313,Ibrahimpatnam(RR),42,Ibrahimpatnam,111,Brinjal,111,Common,0.0,12.0,600.0,1200.0,900.0,0.0,0.0
2021-04-10 00:00:00+05:30,316,Narsingi,49,Babbuguda,168,Cattle(All),168,Common,0.0,50.0,5000.0,20000.0,10000.0,0.0,0.0
2021-04-10 00:00:00+05:30,204,Bodhan,1081,Bodhan,1,Paddy,195,Grade-A,0.0,2192.0,1888.0,1888.0,1888.0,0.0,0.0
2021-04-10 00:00:00+05:30,272,Miryalguda,1090,Miryalguda,1,Paddy,270,Grade-A (1010),0.0,2934.0,1888.0,1888.0,1888.0,0.0,0.0
2021-04-10 00:00:00+05:30,278,Suryapet,1091,Suryapet,1,Paddy,195,Grade-A,0.0,3083.0,1329.0,1752.0,1717.0,0.0,0.0
2021-04-10 00:00:00+05:30,263,Alair,1102,Alair,1,Paddy,195,Grade-A,0.0,1.0,1888.0,1888.0,1888.0,0.0,0.0
2021-04-10 00:00:00+05:30,264,Bhongir,1100,Bhongir,1,Paddy,237,Grade-A(IR64),0.0,1534.0,1300.0,1280.0,1310.0,0.0,0.0
2021-04-10 00:00:00+05:30,306,Mahbubnagar,1326,Mahaboobnagar,1,Paddy,271,Common (Hamsa),0.0,109.0,1512.0,1573.0,1512.0,0.0,0.0
2021-04-10 00:00:00+05:30,367,Gudimalkapur,1571,Gudumalkapur,55,Onions,55,Common,0.0,1213.0,500.0,1200.0,800.0,0.0,0.0
2021-04-10 00:00:00+05:30,309,Narayanpet,1342,Narayanpet,1,Paddy,271,Common (Hamsa),0.0,36.78,1100.0,1302.0,1100.0,0.0,0.0
2021-04-10 00:00:00+05:30,312,Wanaparthy Town,1344,W.P.Town,1,Paddy,271,Common (Hamsa),0.0,80.0,1251.0,1551.0,1509.0,0.0,0.0
2021-04-10 00:00:00+05:30,350,Birkur,1624,Birkur,1,Paddy,270,Grade-A (1010),0.0,1430.0,1800.0,1868.0,1868.0,0.0,0.0
2021-04-11 00:00:00+05:30,323,Gaddiannaram,2,L.B Nagar,98,Cabbage,98,Common,0.0,31.0,500.0,600.0,550.0,0.0,0.0
2021-04-11 00:00:00+05:30,324,Bowenpally,3,Bowenpally,55,Onions,55,Common,0.0,235.0,400.0,800.0,700.0,0.0,0.0
2021-04-11 00:00:00+05:30,325,Hyderabad,6,Madannapeta,98,Cabbage,98,Common,0.0,35.0,400.0,600.0,500.0,0.0,0.0
2021-04-10 00:00:00+05:30,351,Kotagiri,1676,Kotagiri,1,Paddy,195,Grade-A,0.0,520.0,1888.0,1888.0,1888.0,0.0,0.0
2021-04-11 00:00:00+05:30,323,Gaddiannaram,1,Gaddiannaram,76,Mango,291,Benishan,0.0,9796.0,1300.0,4700.0,2000.0,0.0,0.0
2021-04-11 00:00:00+05:30,313,Ibrahimpatnam(RR),42,Ibrahimpatnam,111,Brinjal,111,Common,0.0,12.0,1000.0,1500.0,1200.0,0.0,0.0
2021-04-11 00:00:00+05:30,316,Narsingi,49,Babbuguda,168,Cattle(All),168,Common,0.0,206.0,10000.0,50000.0,25000.0,0.0,0.0
2021-04-11 00:00:00+05:30,274,Nakrekal,1098,Nakrekal,1,Paddy,270,Grade-A (1010),0.0,1180.0,1888.0,1888.0,1888.0,0.0,0.0
2021-04-11 00:00:00+05:30,274,Nakrekal,1098,Nakrekal,1,Paddy,270,Grade-A (1010),0.0,1180.0,1888.0,1888.0,1888.0,0.0,0.0
2021-04-11 00:00:00+05:30,263,Alair,1102,Alair,1,Paddy,195,Grade-A,0.0,1.0,1888.0,1888.0,1888.0,0.0,0.0
2021-04-11 00:00:00+05:30,367,Gudimalkapur,1571,Gudumalkapur,55,Onions,55,Common,0.0,720.0,600.0,1200.0,900.0,0.0,0.0
2021-04-11 00:00:00+05:30,350,Birkur,1624,Birkur,1,Paddy,270,Grade-A (1010),0.0,184.0,1800.0,1868.0,1868.0,0.0,0.0
2021-04-11 00:00:00+05:30,351,Kotagiri,1676,Kotagiri,1,Paddy,195,Grade-A,0.0,315.0,1888.0,1888.0,1888.0,0.0,0.0
2021-04-12 00:00:00+05:30,323,Gaddiannaram,1,Gaddiannaram,76,Mango,291,Benishan,0.0,10003.0,1300.0,4700.0,2100.0,0.0,0.0
2021-04-12 00:00:00+05:30,324,Bowenpally,3,Bowenpally,55,Onions,55,Common,0.0,267.0,400.0,1000.0,800.0,0.0,0.0
2021-04-12 00:00:00+05:30,323,Gaddiannaram,2,L.B Nagar,98,Cabbage,98,Common,0.0,30.0,500.0,600.0,550.0,0.0,0.0
2021-04-12 00:00:00+05:30,325,Hyderabad,6,Madannapeta,98,Cabbage,98,Common,0.0,40.0,600.0,600.0,600.0,0.0,0.0
2021-04-12 00:00:00+05:30,313,Ibrahimpatnam(RR),42,Ibrahimpatnam,111,Brinjal,111,Common,0.0,10.0,800.0,1500.0,1000.0,0.0,0.0
2021-04-12 00:00:00+05:30,272,Miryalguda,1090,Miryalguda,1,Paddy,270,Grade-A (1010),0.0,2904.0,1888.0,1888.0,1888.0,0.0,0.0
2021-04-12 00:00:00+05:30,278,Suryapet,1091,Suryapet,1,Paddy,195,Grade-A,0.0,2671.0,1356.0,1789.0,1759.0,0.0,0.0
2021-04-12 00:00:00+05:30,263,Alair,1102,Alair,1,Paddy,195,Grade-A,0.0,1.0,1888.0,1888.0,1888.0,0.0,0.0
2021-04-12 00:00:00+05:30,219,Jagtial,1125,Jagtial,1,Paddy,238,Grade-A (BPT),0.0,9.0,1255.0,1255.0,1255.0,0.0,0.0
2021-04-12 00:00:00+05:30,367,Gudimalkapur,1571,Gudumalkapur,55,Onions,55,Common,0.0,387.0,400.0,1000.0,600.0,0.0,0.0
2021-04-12 00:00:00+05:30,312,Wanaparthy Town,1344,W.P.Town,1,Paddy,271,Common (Hamsa),0.0,73.0,1490.0,1530.0,1501.0,0.0,0.0
2021-04-12 00:00:00+05:30,349,Bicknoor,1623,Bicknoor,1,Paddy,270,Grade-A (1010),0.0,130.0,1888.0,1960.0,1923.0,0.0,0.0
2021-04-12 00:00:00+05:30,350,Birkur,1624,Birkur,1,Paddy,270,Grade-A (1010),0.0,1394.0,1800.0,1868.0,1868.0,0.0,0.0
2021-04-12 00:00:00+05:30,351,Kotagiri,1676,Kotagiri,1,Paddy,195,Grade-A,0.0,440.0,1868.0,1888.0,1888.0,0.0,0.0
2021-04-13 00:00:00+05:30,323,Gaddiannaram,1,Gaddiannaram,76,Mango,291,Benishan,0.0,4526.0,1100.0,4800.0,2500.0,0.0,0.0
2021-04-13 00:00:00+05:30,204,Bodhan,1081,Bodhan,1,Paddy,195,Grade-A,0.0,837.0,1888.0,1888.0,1888.0,0.0,0.0
2021-04-13 00:00:00+05:30,263,Alair,1102,Alair,1,Paddy,195,Grade-A,0.0,1.0,1888.0,1888.0,1888.0,0.0,0.0
2021-04-13 00:00:00+05:30,351,Kotagiri,1676,Kotagiri,1,Paddy,195,Grade-A,0.0,610.0,1888.0,1888.0,1888.0,0.0,0.0
2021-04-14 00:00:00+05:30,323,Gaddiannaram,1,Gaddiannaram,76,Mango,291,Benishan,0.0,2146.0,1100.0,4700.0,2520.0,0.0,0.0
2021-04-14 00:00:00+05:30,324,Bowenpally,3,Bowenpally,55,Onions,55,Common,0.0,238.0,400.0,1200.0,1000.0,0.0,0.0
2021-04-14 00:00:00+05:30,323,Gaddiannaram,2,L.B Nagar,98,Cabbage,98,Common,0.0,32.0,500.0,600.0,550.0,0.0,0.0
2021-04-14 00:00:00+05:30,325,Hyderabad,6,Madannapeta,98,Cabbage,98,Common,0.0,40.0,600.0,600.0,600.0,0.0,0.0
2021-04-14 00:00:00+05:30,313,Ibrahimpatnam(RR),42,Ibrahimpatnam,111,Brinjal,111,Common,0.0,10.0,500.0,1500.0,1000.0,0.0,0.0
2021-04-14 00:00:00+05:30,263,Alair,1102,Alair,1,Paddy,195,Grade-A,0.0,1.0,1888.0,1888.0,1888.0,0.0,0.0
2021-04-14 00:00:00+05:30,204,Bodhan,1081,Bodhan,1,Paddy,195,Grade-A,0.0,423.0,1888.0,1888.0,1888.0,0.0,0.0
2021-04-14 00:00:00+05:30,367,Gudimalkapur,1571,Gudumalkapur,55,Onions,55,Common,0.0,2132.0,600.0,1000.0,800.0,0.0,0.0
2021-04-14 00:00:00+05:30,350,Birkur,1624,Birkur,1,Paddy,270,Grade-A (1010),0.0,1090.0,1800.0,1868.0,1868.0,0.0,0.0
2021-04-14 00:00:00+05:30,351,Kotagiri,1676,Kotagiri,1,Paddy,195,Grade-A,0.0,955.0,1888.0,1888.0,1888.0,0.0,0.0
2021-04-15 00:00:00+05:30,323,Gaddiannaram,1,Gaddiannaram,76,Mango,291,Benishan,0.0,5299.0,1100.0,4800.0,2500.0,0.0,0.0
2021-04-15 00:00:00+05:30,324,Bowenpally,3,Bowenpally,55,Onions,55,Common,0.0,524.0,400.0,1200.0,1000.0,0.0,0.0
2021-04-15 00:00:00+05:30,323,Gaddiannaram,2,L.B Nagar,98,Cabbage,98,Common,0.0,26.0,500.0,600.0,550.0,0.0,0.0
2021-04-15 00:00:00+05:30,325,Hyderabad,6,Madannapeta,98,Cabbage,98,Common,0.0,40.0,600.0,600.0,600.0,0.0,0.0
2021-04-15 00:00:00+05:30,325,Hyderabad,5,Mahabubmansion,54,Chillies(Dry),219,No.I,0.0,478.0,12000.0,14000.0,13000.0,0.0,0.0
2021-04-15 00:00:00+05:30,279,Thirumalagiri,9,Tirmalagiri,1,Paddy,237,Grade-A(IR64),0.0,14224.0,1256.0,1486.0,1389.0,0.0,0.0
2021-04-15 00:00:00+05:30,313,Ibrahimpatnam(RR),42,Ibrahimpatnam,111,Brinjal,111,Common,0.0,12.0,500.0,1500.0,1000.0,0.0,0.0
2021-04-15 00:00:00+05:30,204,Bodhan,1081,Bodhan,1,Paddy,195,Grade-A,0.0,1059.0,1888.0,1888.0,1888.0,0.0,0.0
2021-04-15 00:00:00+05:30,272,Miryalguda,1090,Miryalguda,1,Paddy,270,Grade-A (1010),0.0,3168.0,1888.0,1888.0,1888.0,0.0,0.0
2021-04-15 00:00:00+05:30,278,Suryapet,1091,Suryapet,1,Paddy,195,Grade-A,0.0,3954.0,1319.0,1826.0,1789.0,0.0,0.0
2021-04-15 00:00:00+05:30,274,Nakrekal,1098,Nakrekal,1,Paddy,270,Grade-A (1010),0.0,2759.0,1888.0,1888.0,1888.0,0.0,0.0
2021-04-15 00:00:00+05:30,274,Nakrekal,1098,Nakrekal,1,Paddy,270,Grade-A (1010),0.0,2759.0,1888.0,1888.0,1888.0,0.0,0.0
2021-04-15 00:00:00+05:30,264,Bhongir,1100,Bhongir,1,Paddy,237,Grade-A(IR64),0.0,5880.0,1370.0,1370.0,1370.0,0.0,0.0
2021-04-15 00:00:00+05:30,263,Alair,1102,Alair,1,Paddy,195,Grade-A,0.0,1.0,1888.0,1888.0,1888.0,0.0,0.0
2021-04-15 00:00:00+05:30,306,Mahbubnagar,1326,Mahaboobnagar,1,Paddy,271,Common (Hamsa),0.0,198.0,1401.0,1610.0,1516.0,0.0,0.0
2021-04-15 00:00:00+05:30,367,Gudimalkapur,1571,Gudumalkapur,55,Onions,55,Common,0.0,471.0,600.0,1000.0,800.0,0.0,0.0
2021-04-15 00:00:00+05:30,350,Birkur,1624,Birkur,1,Paddy,270,Grade-A (1010),0.0,1036.0,1800.0,1868.0,1868.0,0.0,0.0
2021-04-15 00:00:00+05:30,351,Kotagiri,1676,Kotagiri,1,Paddy,195,Grade-A,0.0,305.0,1888.0,1888.0,1888.0,0.0,0.0
2021-04-16 00:00:00+05:30,323,Gaddiannaram,1,Gaddiannaram,76,Mango,291,Benishan,0.0,15375.0,1000.0,4500.0,2400.0,0.0,0.0
2021-04-16 00:00:00+05:30,324,Bowenpally,3,Bowenpally,55,Onions,55,Common,0.0,721.0,500.0,1000.0,800.0,0.0,0.0
2021-04-16 00:00:00+05:30,323,Gaddiannaram,2,L.B Nagar,98,Cabbage,98,Common,0.0,69.0,500.0,600.0,550.0,0.0,0.0
2021-04-15 00:00:00+05:30,309,Narayanpet,1342,Narayanpet,1,Paddy,271,Common (Hamsa),0.0,97.2,1250.0,1389.0,1389.0,0.0,0.0
2021-04-16 00:00:00+05:30,325,Hyderabad,5,Mahabubmansion,54,Chillies(Dry),219,No.I,0.0,1033.0,1200.0,14000.0,13000.0,0.0,0.0
2021-04-16 00:00:00+05:30,325,Hyderabad,6,Madannapeta,98,Cabbage,98,Common,0.0,35.0,500.0,700.0,600.0,0.0,0.0
2021-04-15 00:00:00+05:30,301,Devarakadra,1352,Devarakadra,1,Paddy,271,Common (Hamsa),0.0,21.0,1401.0,1401.0,1401.0,0.0,0.0
2021-04-16 00:00:00+05:30,317,Pargi,39,Pargi,1,Paddy,270,Grade-A (1010),0.0,40.0,1375.0,1375.0,1375.0,0.0,0.0
2021-04-16 00:00:00+05:30,313,Ibrahimpatnam(RR),42,Ibrahimpatnam,111,Brinjal,111,Common,0.0,10.0,600.0,800.0,700.0,0.0,0.0
2021-04-16 00:00:00+05:30,204,Bodhan,1081,Bodhan,1,Paddy,195,Grade-A,0.0,1370.0,1888.0,1888.0,1888.0,0.0,0.0
2021-04-16 00:00:00+05:30,203,Banswada,1085,Banswada,1,Paddy,270,Grade-A (1010),0.0,1791.0,1888.0,1888.0,1888.0,0.0,0.0
2021-04-16 00:00:00+05:30,272,Miryalguda,1090,Miryalguda,1,Paddy,270,Grade-A (1010),0.0,3224.0,1888.0,1888.0,1888.0,0.0,0.0
2021-04-16 00:00:00+05:30,278,Suryapet,1091,Suryapet,1,Paddy,195,Grade-A,0.0,3684.0,1329.0,1796.0,1769.0,0.0,0.0
2021-04-16 00:00:00+05:30,263,Alair,1102,Alair,1,Paddy,195,Grade-A,0.0,1.0,1888.0,1888.0,1888.0,0.0,0.0
2021-04-16 00:00:00+05:30,264,Bhongir,1100,Bhongir,1,Paddy,237,Grade-A(IR64),0.0,5005.0,1370.0,1370.0,1370.0,0.0,0.0
2021-04-16 00:00:00+05:30,241,Mahabubabad,1177,Mahabubabad,1,Paddy,1,Common,0.0,55.0,1201.0,1580.0,1400.0,0.0,0.0
2021-04-16 00:00:00+05:30,306,Mahbubnagar,1326,Mahaboobnagar,1,Paddy,271,Common (Hamsa),0.0,168.0,1473.0,1569.0,1557.0,0.0,0.0
2021-04-16 00:00:00+05:30,308,Nagarkurnool,1334,Nagarkurnool,1,Paddy,270,Grade-A (1010),0.0,36.0,1701.0,1701.0,1701.0,0.0,0.0
2021-04-16 00:00:00+05:30,367,Gudimalkapur,1571,Gudumalkapur,55,Onions,55,Common,0.0,2018.0,600.0,1000.0,800.0,0.0,0.0
2021-04-16 00:00:00+05:30,350,Birkur,1624,Birkur,1,Paddy,270,Grade-A (1010),0.0,1500.0,1800.0,1868.0,1868.0,0.0,0.0
2021-04-16 00:00:00+05:30,351,Kotagiri,1676,Kotagiri,1,Paddy,195,Grade-A,0.0,105.0,1888.0,1888.0,1888.0,0.0,0.0
2021-04-17 00:00:00+05:30,323,Gaddiannaram,1,Gaddiannaram,76,Mango,291,Benishan,0.0,30044.0,1000.0,4400.0,2350.0,0.0,0.0
2021-04-17 00:00:00+05:30,323,Gaddiannaram,2,L.B Nagar,98,Cabbage,98,Common,0.0,59.0,500.0,600.0,550.0,0.0,0.0
2021-04-17 00:00:00+05:30,324,Bowenpally,3,Bowenpally,55,Onions,55,Common,0.0,594.0,500.0,1100.0,800.0,0.0,0.0
2021-04-17 00:00:00+05:30,325,Hyderabad,5,Mahabubmansion,54,Chillies(Dry),219,No.I,0.0,872.0,10000.0,13000.0,12000.0,0.0,0.0
2021-04-16 00:00:00+05:30,309,Narayanpet,1342,Narayanpet,1,Paddy,271,Common (Hamsa),0.0,154.2,1320.0,1430.0,1410.0,0.0,0.0
2021-04-17 00:00:00+05:30,279,Thirumalagiri,9,Tirmalagiri,1,Paddy,237,Grade-A(IR64),0.0,14999.0,1226.0,1509.0,1386.0,0.0,0.0
2021-04-17 00:00:00+05:30,313,Ibrahimpatnam(RR),42,Ibrahimpatnam,111,Brinjal,111,Common,0.0,10.0,1000.0,1500.0,1200.0,0.0,0.0
2021-04-17 00:00:00+05:30,316,Narsingi,49,Babbuguda,168,Cattle(All),168,Common,0.0,54.0,5000.0,10000.0,10000.0,0.0,0.0
2021-04-17 00:00:00+05:30,204,Bodhan,1081,Bodhan,1,Paddy,195,Grade-A,0.0,100.0,1888.0,1888.0,1888.0,0.0,0.0
2021-04-17 00:00:00+05:30,272,Miryalguda,1090,Miryalguda,1,Paddy,270,Grade-A (1010),0.0,5029.0,1888.0,1888.0,1888.0,0.0,0.0
2021-04-17 00:00:00+05:30,278,Suryapet,1091,Suryapet,1,Paddy,195,Grade-A,0.0,3814.0,1468.0,1789.0,1759.0,0.0,0.0
2021-04-17 00:00:00+05:30,263,Alair,1102,Alair,1,Paddy,195,Grade-A,0.0,1.0,1888.0,1888.0,1888.0,0.0,0.0
2021-04-16 00:00:00+05:30,301,Devarakadra,1352,Devarakadra,1,Paddy,271,Common (Hamsa),0.0,26.0,1309.0,1449.0,1379.0,0.0,0.0
2021-04-17 00:00:00+05:30,306,Mahbubnagar,1326,Mahaboobnagar,1,Paddy,271,Common (Hamsa),0.0,179.0,1487.0,1557.0,1557.0,0.0,0.0
2021-04-17 00:00:00+05:30,367,Gudimalkapur,1571,Gudumalkapur,55,Onions,55,Common,0.0,823.0,400.0,1200.0,800.0,0.0,0.0
2021-04-17 00:00:00+05:30,309,Narayanpet,1342,Narayanpet,1,Paddy,271,Common (Hamsa),0.0,446.4,1250.0,1623.0,1346.0,0.0,0.0
2021-04-17 00:00:00+05:30,312,Wanaparthy Town,1344,W.P.Town,1,Paddy,271,Common (Hamsa),0.0,187.0,1201.0,1541.0,1230.0,0.0,0.0
2021-04-17 00:00:00+05:30,301,Devarakadra,1352,Devarakadra,1,Paddy,271,Common (Hamsa),0.0,21.0,1331.0,1351.0,1341.0,0.0,0.0
2021-04-17 00:00:00+05:30,349,Bicknoor,1623,Bicknoor,1,Paddy,270,Grade-A (1010),0.0,220.0,1888.0,1960.0,1909.0,0.0,0.0
2021-04-17 00:00:00+05:30,350,Birkur,1624,Birkur,1,Paddy,270,Grade-A (1010),0.0,578.0,1800.0,1868.0,1868.0,0.0,0.0
2021-04-17 00:00:00+05:30,351,Kotagiri,1676,Kotagiri,1,Paddy,195,Grade-A,0.0,105.0,1868.0,1888.0,1888.0,0.0,0.0
2021-04-18 00:00:00+05:30,323,Gaddiannaram,1,Gaddiannaram,76,Mango,291,Benishan,0.0,13396.0,1000.0,4400.0,2300.0,0.0,0.0
2021-04-18 00:00:00+05:30,323,Gaddiannaram,2,L.B Nagar,98,Cabbage,98,Common,0.0,45.0,500.0,700.0,600.0,0.0,0.0
2021-04-18 00:00:00+05:30,313,Ibrahimpatnam(RR),42,Ibrahimpatnam,111,Brinjal,111,Common,0.0,10.0,1000.0,1500.0,1200.0,0.0,0.0
2021-04-18 00:00:00+05:30,263,Alair,1102,Alair,1,Paddy,195,Grade-A,0.0,1.0,1888.0,1888.0,1888.0,0.0,0.0
2021-04-18 00:00:00+05:30,316,Narsingi,49,Babbuguda,168,Cattle(All),168,Common,0.0,269.0,20000.0,50000.0,30000.0,0.0,0.0
2021-04-18 00:00:00+05:30,204,Bodhan,1081,Bodhan,1,Paddy,195,Grade-A,0.0,742.0,1888.0,1888.0,1888.0,0.0,0.0
2021-04-18 00:00:00+05:30,224,Korutla,1136,Korutla,1,Paddy,195,Grade-A,0.0,200.0,1888.0,1888.0,1888.0,0.0,0.0
2021-04-18 00:00:00+05:30,367,Gudimalkapur,1571,Gudumalkapur,55,Onions,55,Common,0.0,1298.0,600.0,1200.0,900.0,0.0,0.0
2021-04-18 00:00:00+05:30,350,Birkur,1624,Birkur,1,Paddy,270,Grade-A (1010),0.0,210.0,1800.0,1868.0,1868.0,0.0,0.0
2021-04-18 00:00:00+05:30,351,Kotagiri,1676,Kotagiri,1,Paddy,195,Grade-A,0.0,235.0,1888.0,1888.0,1888.0,0.0,0.0
2021-04-19 00:00:00+05:30,323,Gaddiannaram,1,Gaddiannaram,76,Mango,291,Benishan,0.0,13537.0,1000.0,4300.0,2300.0,0.0,0.0
2021-04-19 00:00:00+05:30,323,Gaddiannaram,2,L.B Nagar,98,Cabbage,98,Common,0.0,15.0,500.0,600.0,550.0,0.0,0.0
2021-04-19 00:00:00+05:30,324,Bowenpally,3,Bowenpally,55,Onions,55,Common,0.0,763.0,500.0,1100.0,800.0,0.0,0.0
2021-04-19 00:00:00+05:30,325,Hyderabad,5,Mahabubmansion,54,Chillies(Dry),219,No.I,0.0,1356.0,9000.0,13000.0,10000.0,0.0,0.0
2021-04-18 00:00:00+05:30,312,Wanaparthy Town,1344,W.P.Town,1,Paddy,271,Common (Hamsa),0.0,217.0,1200.0,1550.0,1370.0,0.0,0.0
2021-04-19 00:00:00+05:30,279,Thirumalagiri,9,Tirmalagiri,1,Paddy,237,Grade-A(IR64),0.0,12247.0,1269.0,1486.0,1386.0,0.0,0.0
2021-04-19 00:00:00+05:30,313,Ibrahimpatnam(RR),42,Ibrahimpatnam,111,Brinjal,111,Common,0.0,10.0,1000.0,1500.0,1200.0,0.0,0.0
2021-04-19 00:00:00+05:30,204,Bodhan,1081,Bodhan,1,Paddy,195,Grade-A,0.0,1488.0,1888.0,1888.0,1888.0,0.0,0.0
2021-04-19 00:00:00+05:30,203,Banswada,1085,Banswada,1,Paddy,270,Grade-A (1010),0.0,167.2,1888.0,1888.0,1888.0,0.0,0.0
2021-04-19 00:00:00+05:30,272,Miryalguda,1090,Miryalguda,1,Paddy,270,Grade-A (1010),0.0,4452.0,1888.0,1888.0,1888.0,0.0,0.0
2021-04-19 00:00:00+05:30,278,Suryapet,1091,Suryapet,1,Paddy,195,Grade-A,0.0,4196.0,1309.0,1812.0,1759.0,0.0,0.0
2021-04-19 00:00:00+05:30,263,Alair,1102,Alair,1,Paddy,195,Grade-A,0.0,1.0,1888.0,1888.0,1888.0,0.0,0.0
2021-04-19 00:00:00+05:30,224,Korutla,1136,Korutla,1,Paddy,195,Grade-A,0.0,100.0,1888.0,1888.0,1888.0,0.0,0.0
2021-04-19 00:00:00+05:30,241,Mahabubabad,1177,Mahabubabad,1,Paddy,1,Common,0.0,228.0,1100.0,1650.0,1480.0,0.0,0.0
2021-04-19 00:00:00+05:30,306,Mahbubnagar,1326,Mahaboobnagar,1,Paddy,271,Common (Hamsa),0.0,344.0,1366.0,1584.0,1567.0,0.0,0.0
2021-04-19 00:00:00+05:30,367,Gudimalkapur,1571,Gudumalkapur,55,Onions,55,Common,0.0,374.0,600.0,1200.0,900.0,0.0,0.0
2021-04-19 00:00:00+05:30,350,Birkur,1624,Birkur,1,Paddy,270,Grade-A (1010),0.0,625.0,1800.0,1868.0,1868.0,0.0,0.0
2021-04-19 00:00:00+05:30,351,Kotagiri,1676,Kotagiri,1,Paddy,195,Grade-A,0.0,390.0,1868.0,1888.0,1888.0,0.0,0.0
2021-04-20 00:00:00+05:30,323,Gaddiannaram,1,Gaddiannaram,76,Mango,291,Benishan,0.0,14031.0,1000.0,4400.0,2300.0,0.0,0.0
2021-04-20 00:00:00+05:30,324,Bowenpally,3,Bowenpally,55,Onions,55,Common,0.0,641.0,500.0,1400.0,1200.0,0.0,0.0
2021-04-20 00:00:00+05:30,323,Gaddiannaram,2,L.B Nagar,98,Cabbage,98,Common,0.0,71.0,500.0,600.0,550.0,0.0,0.0
2021-04-19 00:00:00+05:30,309,Narayanpet,1342,Narayanpet,1,Paddy,271,Common (Hamsa),0.0,649.8,1000.0,1500.0,1500.0,0.0,0.0
2021-04-19 00:00:00+05:30,312,Wanaparthy Town,1344,W.P.Town,1,Paddy,271,Common (Hamsa),0.0,334.0,1251.0,1581.0,1310.0,0.0,0.0
2021-04-20 00:00:00+05:30,325,Hyderabad,5,Mahabubmansion,54,Chillies(Dry),219,No.I,0.0,743.0,11000.0,15000.0,12000.0,0.0,0.0
2021-04-20 00:00:00+05:30,325,Hyderabad,6,Madannapeta,98,Cabbage,98,Common,0.0,45.0,500.0,700.0,600.0,0.0,0.0
2021-04-20 00:00:00+05:30,325,Hyderabad,7,Meeralamandi,98,Cabbage,98,Common,0.0,3.0,800.0,1000.0,900.0,0.0,0.0
2021-04-20 00:00:00+05:30,313,Ibrahimpatnam(RR),42,Ibrahimpatnam,111,Brinjal,111,Common,0.0,15.0,1000.0,1500.0,1200.0,0.0,0.0
2021-04-19 00:00:00+05:30,301,Devarakadra,1352,Devarakadra,1,Paddy,271,Common (Hamsa),0.0,63.0,1331.0,1472.0,1402.0,0.0,0.0
2021-04-20 00:00:00+05:30,204,Bodhan,1081,Bodhan,1,Paddy,195,Grade-A,0.0,402.0,1888.0,1888.0,1888.0,0.0,0.0
2021-04-20 00:00:00+05:30,211,Yellareddy,1089,Yellareddy,1,Paddy,270,Grade-A (1010),0.0,293.2,1888.0,1888.0,1888.0,0.0,0.0
2021-04-20 00:00:00+05:30,272,Miryalguda,1090,Miryalguda,1,Paddy,270,Grade-A (1010),0.0,6680.0,1888.0,1888.0,1888.0,0.0,0.0
2021-04-20 00:00:00+05:30,278,Suryapet,1091,Suryapet,1,Paddy,195,Grade-A,0.0,3757.0,1300.0,1862.0,1769.0,0.0,0.0
2021-04-20 00:00:00+05:30,263,Alair,1102,Alair,1,Paddy,195,Grade-A,0.0,1.0,1888.0,1888.0,1888.0,0.0,0.0
2021-04-20 00:00:00+05:30,261,Wyra,1076,Wyra,1,Paddy,1,Common,0.0,372.0,1858.0,1888.0,1868.0,0.0,0.0
2021-04-20 00:00:00+05:30,224,Korutla,1136,Korutla,1,Paddy,195,Grade-A,0.0,140.0,1888.0,1888.0,1888.0,0.0,0.0
2021-04-20 00:00:00+05:30,241,Mahabubabad,1177,Mahabubabad,1,Paddy,1,Common,0.0,172.0,1451.0,1901.0,1510.0,0.0,0.0
2021-04-20 00:00:00+05:30,306,Mahbubnagar,1326,Mahaboobnagar,1,Paddy,271,Common (Hamsa),0.0,284.0,1301.0,1586.0,1560.0,0.0,0.0
2021-04-20 00:00:00+05:30,300,Badepally,1327,Badepally,1,Paddy,1,Common,0.0,273.0,1233.0,1642.0,1589.0,0.0,0.0
2021-04-20 00:00:00+05:30,367,Gudimalkapur,1571,Gudumalkapur,55,Onions,55,Common,0.0,1058.0,600.0,1200.0,900.0,0.0,0.0
2021-04-20 00:00:00+05:30,350,Birkur,1624,Birkur,1,Paddy,270,Grade-A (1010),0.0,1480.0,1800.0,1868.0,1868.0,0.0,0.0
2021-04-20 00:00:00+05:30,351,Kotagiri,1676,Kotagiri,1,Paddy,195,Grade-A,0.0,650.0,1888.0,1888.0,1888.0,0.0,0.0
2021-04-21 00:00:00+05:30,323,Gaddiannaram,1,Gaddiannaram,76,Mango,291,Benishan,0.0,15216.0,900.0,4200.0,2200.0,0.0,0.0
2021-04-21 00:00:00+05:30,323,Gaddiannaram,2,L.B Nagar,98,Cabbage,98,Common,0.0,91.0,1500.0,1600.0,1550.0,0.0,0.0
2021-04-20 00:00:00+05:30,309,Narayanpet,1342,Narayanpet,1,Paddy,271,Common (Hamsa),0.0,558.6,1251.0,1519.0,1311.0,0.0,0.0
2021-04-21 00:00:00+05:30,324,Bowenpally,3,Bowenpally,55,Onions,55,Common,0.0,517.0,500.0,1100.0,1000.0,0.0,0.0
2021-04-21 00:00:00+05:30,313,Ibrahimpatnam(RR),42,Ibrahimpatnam,111,Brinjal,111,Common,0.0,15.0,1000.0,1500.0,1200.0,0.0,0.0
2021-04-21 00:00:00+05:30,261,Wyra,1076,Wyra,1,Paddy,1,Common,0.0,110.0,1858.0,1888.0,1868.0,0.0,0.0
2021-04-21 00:00:00+05:30,204,Bodhan,1081,Bodhan,1,Paddy,195,Grade-A,0.0,370.0,1888.0,1888.0,1888.0,0.0,0.0
2021-04-21 00:00:00+05:30,211,Yellareddy,1089,Yellareddy,1,Paddy,270,Grade-A (1010),0.0,246.0,1888.0,1888.0,1888.0,0.0,0.0
2021-04-21 00:00:00+05:30,263,Alair,1102,Alair,1,Paddy,195,Grade-A,0.0,1.0,1888.0,1888.0,1888.0,0.0,0.0
2021-04-21 00:00:00+05:30,367,Gudimalkapur,1571,Gudumalkapur,55,Onions,55,Common,0.0,1697.0,800.0,1200.0,1000.0,0.0,0.0
2021-04-21 00:00:00+05:30,350,Birkur,1624,Birkur,1,Paddy,270,Grade-A (1010),0.0,210.0,1800.0,1868.0,1868.0,0.0,0.0
2021-04-21 00:00:00+05:30,351,Kotagiri,1676,Kotagiri,1,Paddy,195,Grade-A,0.0,290.0,1888.0,1888.0,1888.0,0.0,0.0
2021-04-22 00:00:00+05:30,323,Gaddiannaram,1,Gaddiannaram,76,Mango,291,Benishan,0.0,19517.0,800.0,4000.0,2100.0,0.0,0.0
2021-04-22 00:00:00+05:30,323,Gaddiannaram,2,L.B Nagar,98,Cabbage,98,Common,0.0,38.0,500.0,600.0,550.0,0.0,0.0
2021-04-22 00:00:00+05:30,325,Hyderabad,5,Mahabubmansion,54,Chillies(Dry),219,No.I,0.0,625.0,11000.0,13000.0,12000.0,0.0,0.0
2021-04-22 00:00:00+05:30,279,Thirumalagiri,9,Tirmalagiri,1,Paddy,237,Grade-A(IR64),0.0,12704.0,1262.0,1466.0,1387.0,0.0,0.0
2021-04-22 00:00:00+05:30,313,Ibrahimpatnam(RR),42,Ibrahimpatnam,111,Brinjal,111,Common,0.0,15.0,1000.0,1500.0,1200.0,0.0,0.0
2021-04-22 00:00:00+05:30,204,Bodhan,1081,Bodhan,1,Paddy,195,Grade-A,0.0,467.0,1888.0,1888.0,1888.0,0.0,0.0
2021-04-22 00:00:00+05:30,202,Armoor,1084,Armoor,1,Paddy,270,Grade-A (1010),0.0,132.0,1888.0,1888.0,1888.0,0.0,0.0
2021-04-22 00:00:00+05:30,203,Banswada,1085,Banswada,1,Paddy,270,Grade-A (1010),0.0,401.6,1868.0,1868.0,1868.0,0.0,0.0
2021-04-22 00:00:00+05:30,272,Miryalguda,1090,Miryalguda,1,Paddy,270,Grade-A (1010),0.0,1983.0,1888.0,1888.0,1888.0,0.0,0.0
2021-04-22 00:00:00+05:30,278,Suryapet,1091,Suryapet,1,Paddy,195,Grade-A,0.0,5658.0,1301.0,1826.0,1789.0,0.0,0.0
2021-04-22 00:00:00+05:30,274,Nakrekal,1098,Nakrekal,1,Paddy,270,Grade-A (1010),0.0,2125.0,1888.0,1888.0,1888.0,0.0,0.0
2021-04-22 00:00:00+05:30,263,Alair,1102,Alair,1,Paddy,195,Grade-A,0.0,1.0,1888.0,1888.0,1888.0,0.0,0.0
2021-04-22 00:00:00+05:30,267,Chouttuppal,1107,Chouttuppal,1,Paddy,237,Grade-A(IR64),0.0,188.0,1888.0,1888.0,1888.0,0.0,0.0
2021-04-22 00:00:00+05:30,241,Mahabubabad,1177,Mahabubabad,1,Paddy,1,Common,0.0,70.0,1111.0,1750.0,1611.0,0.0,0.0
2021-04-22 00:00:00+05:30,300,Badepally,1327,Badepally,1,Paddy,1,Common,0.0,613.0,1225.0,1652.0,1409.0,0.0,0.0
2021-04-22 00:00:00+05:30,306,Mahbubnagar,1326,Mahaboobnagar,1,Paddy,271,Common (Hamsa),0.0,739.0,1111.0,1557.0,1487.0,0.0,0.0
2021-04-22 00:00:00+05:30,309,Narayanpet,1342,Narayanpet,1,Paddy,271,Common (Hamsa),0.0,1077.0,1050.0,1656.0,1475.0,0.0,0.0
2021-04-22 00:00:00+05:30,312,Wanaparthy Town,1344,W.P.Town,1,Paddy,271,Common (Hamsa),0.0,382.0,1251.0,1620.0,1561.0,0.0,0.0
2021-04-22 00:00:00+05:30,367,Gudimalkapur,1571,Gudumalkapur,55,Onions,55,Common,0.0,1058.0,600.0,1200.0,800.0,0.0,0.0
2021-04-23 00:00:00+05:30,323,Gaddiannaram,2,L.B Nagar,98,Cabbage,98,Common,0.0,38.0,500.0,600.0,550.0,0.0,0.0
2021-04-22 00:00:00+05:30,350,Birkur,1624,Birkur,1,Paddy,270,Grade-A (1010),0.0,425.0,1800.0,1868.0,1868.0,0.0,0.0
2021-04-22 00:00:00+05:30,351,Kotagiri,1676,Kotagiri,1,Paddy,195,Grade-A,0.0,370.0,1888.0,1888.0,1888.0,0.0,0.0
2021-04-23 00:00:00+05:30,323,Gaddiannaram,1,Gaddiannaram,76,Mango,291,Benishan,0.0,18783.0,800.0,4000.0,2100.0,0.0,0.0
2021-04-23 00:00:00+05:30,325,Hyderabad,5,Mahabubmansion,54,Chillies(Dry),219,No.I,0.0,511.0,10000.0,12000.0,11000.0,0.0,0.0
2021-04-22 00:00:00+05:30,301,Devarakadra,1352,Devarakadra,1,Paddy,271,Common (Hamsa),0.0,70.0,1336.0,1336.0,1336.0,0.0,0.0
2021-04-23 00:00:00+05:30,317,Pargi,39,Pargi,1,Paddy,270,Grade-A (1010),0.0,68.0,1401.0,1451.0,1426.0,0.0,0.0
2021-04-23 00:00:00+05:30,313,Ibrahimpatnam(RR),42,Ibrahimpatnam,111,Brinjal,111,Common,0.0,15.0,600.0,1000.0,800.0,0.0,0.0
2021-04-23 00:00:00+05:30,261,Wyra,1076,Wyra,1,Paddy,1,Common,0.0,110.0,1858.0,1888.0,1868.0,0.0,0.0
2021-04-23 00:00:00+05:30,204,Bodhan,1081,Bodhan,1,Paddy,195,Grade-A,0.0,201.0,1888.0,1888.0,1888.0,0.0,0.0
2021-04-23 00:00:00+05:30,203,Banswada,1085,Banswada,1,Paddy,270,Grade-A (1010),0.0,62.0,1888.0,1888.0,1888.0,0.0,0.0
2021-04-23 00:00:00+05:30,211,Yellareddy,1089,Yellareddy,1,Paddy,270,Grade-A (1010),0.0,281.6,1888.0,1888.0,1888.0,0.0,0.0
2021-04-23 00:00:00+05:30,272,Miryalguda,1090,Miryalguda,1,Paddy,270,Grade-A (1010),0.0,3052.0,1888.0,1888.0,1888.0,0.0,0.0
2021-04-23 00:00:00+05:30,263,Alair,1102,Alair,1,Paddy,195,Grade-A,0.0,669.6,1888.0,1888.0,1888.0,0.0,0.0
2021-04-23 00:00:00+05:30,241,Mahabubabad,1177,Mahabubabad,1,Paddy,1,Common,0.0,107.0,1515.0,1753.0,1625.0,0.0,0.0
2021-04-23 00:00:00+05:30,306,Mahbubnagar,1326,Mahaboobnagar,1,Paddy,271,Common (Hamsa),0.0,423.0,1212.0,1487.0,1212.0,0.0,0.0
2021-04-23 00:00:00+05:30,367,Gudimalkapur,1571,Gudumalkapur,55,Onions,55,Common,0.0,1090.0,600.0,1200.0,900.0,0.0,0.0
2021-04-23 00:00:00+05:30,350,Birkur,1624,Birkur,1,Paddy,270,Grade-A (1010),0.0,440.0,1800.0,1868.0,1868.0,0.0,0.0
2021-04-23 00:00:00+05:30,351,Kotagiri,1676,Kotagiri,1,Paddy,195,Grade-A,0.0,160.0,1888.0,1888.0,1888.0,0.0,0.0
2021-04-23 00:00:00+05:30,371,Boinpally,1728,Boinpally,1,Paddy,195,Grade-A,0.0,363.6,1888.0,1888.0,1888.0,0.0,0.0
2021-04-24 00:00:00+05:30,323,Gaddiannaram,1,Gaddiannaram,76,Mango,291,Benishan,0.0,21745.0,800.0,3900.0,2050.0,0.0,0.0
2021-04-24 00:00:00+05:30,323,Gaddiannaram,2,L.B Nagar,98,Cabbage,98,Common,0.0,29.0,500.0,700.0,600.0,0.0,0.0
2021-04-23 00:00:00+05:30,309,Narayanpet,1342,Narayanpet,1,Paddy,271,Common (Hamsa),0.0,1145.2,1202.0,1662.0,1436.0,0.0,0.0
2021-04-23 00:00:00+05:30,312,Wanaparthy Town,1344,W.P.Town,1,Paddy,271,Common (Hamsa),0.0,96.0,1250.0,1580.0,1300.0,0.0,0.0
2021-04-24 00:00:00+05:30,325,Hyderabad,5,Mahabubmansion,54,Chillies(Dry),219,No.I,0.0,383.0,10000.0,12000.0,11000.0,0.0,0.0
2021-04-24 00:00:00+05:30,313,Ibrahimpatnam(RR),42,Ibrahimpatnam,111,Brinjal,111,Common,0.0,15.0,1000.0,1500.0,1200.0,0.0,0.0
2021-04-24 00:00:00+05:30,316,Narsingi,49,Babbuguda,168,Cattle(All),168,Common,0.0,54.0,5000.0,20000.0,10000.0,0.0,0.0
2021-04-24 00:00:00+05:30,316,Narsingi,49,Babbuguda,168,Cattle(All),168,Common,0.0,50.0,5000.0,20000.0,20000.0,0.0,0.0
2021-04-24 00:00:00+05:30,204,Bodhan,1081,Bodhan,1,Paddy,195,Grade-A,0.0,424.0,1888.0,1888.0,1888.0,0.0,0.0
2021-04-24 00:00:00+05:30,203,Banswada,1085,Banswada,1,Paddy,270,Grade-A (1010),0.0,188.8,1868.0,1868.0,1868.0,0.0,0.0
2021-04-24 00:00:00+05:30,209,Pitlam,1088,Pitlam,1,Paddy,240,Common (1001),0.0,268.8,1888.0,1888.0,1888.0,0.0,0.0
2021-04-24 00:00:00+05:30,209,Pitlam,1088,Pitlam,1,Paddy,240,Common (1001),0.0,246.8,1888.0,1888.0,1888.0,0.0,0.0
2021-04-24 00:00:00+05:30,211,Yellareddy,1089,Yellareddy,1,Paddy,270,Grade-A (1010),0.0,500.0,1888.0,1888.0,1888.0,0.0,0.0
2021-04-24 00:00:00+05:30,272,Miryalguda,1090,Miryalguda,1,Paddy,270,Grade-A (1010),0.0,6778.0,1888.0,1888.0,1888.0,0.0,0.0
2021-04-24 00:00:00+05:30,278,Suryapet,1091,Suryapet,1,Paddy,195,Grade-A,0.0,5301.0,1301.0,1747.0,1659.0,0.0,0.0
2021-04-24 00:00:00+05:30,263,Alair,1102,Alair,1,Paddy,195,Grade-A,0.0,676.4,1888.0,1888.0,1888.0,0.0,0.0
2021-04-24 00:00:00+05:30,267,Chouttuppal,1107,Chouttuppal,1,Paddy,237,Grade-A(IR64),0.0,1244.0,1888.0,1888.0,1888.0,0.0,0.0
2021-04-24 00:00:00+05:30,274,Nakrekal,1098,Nakrekal,1,Paddy,270,Grade-A (1010),0.0,4889.0,1888.0,1888.0,1888.0,0.0,0.0
2021-04-24 00:00:00+05:30,224,Korutla,1136,Korutla,1,Paddy,195,Grade-A,0.0,100.0,1888.0,1888.0,1888.0,0.0,0.0
2021-04-24 00:00:00+05:30,274,Nakrekal,1239,Shaligowraram,1,Paddy,270,Grade-A (1010),0.0,523.0,1888.0,1888.0,1888.0,0.0,0.0
2021-04-24 00:00:00+05:30,306,Mahbubnagar,1326,Mahaboobnagar,1,Paddy,271,Common (Hamsa),0.0,570.0,1111.0,1568.0,1488.0,0.0,0.0
2021-04-24 00:00:00+05:30,300,Badepally,1327,Badepally,1,Paddy,1,Common,0.0,132.0,1209.0,1209.0,1209.0,0.0,0.0
2021-04-24 00:00:00+05:30,302,Gadwal,1328,Gadwal,1,Paddy,271,Common (Hamsa),0.0,59.0,1140.0,1140.0,1140.0,0.0,0.0
2021-04-24 00:00:00+05:30,367,Gudimalkapur,1571,Gudumalkapur,55,Onions,55,Common,0.0,1161.0,600.0,1200.0,900.0,0.0,0.0
2021-04-24 00:00:00+05:30,309,Narayanpet,1342,Narayanpet,1,Paddy,271,Common (Hamsa),0.0,1386.0,1092.0,1586.0,1203.0,0.0,0.0
2021-04-24 00:00:00+05:30,312,Wanaparthy Town,1344,W.P.Town,1,Paddy,271,Common (Hamsa),0.0,78.0,1256.0,1561.0,1301.0,0.0,0.0
2021-04-24 00:00:00+05:30,350,Birkur,1624,Birkur,1,Paddy,270,Grade-A (1010),0.0,440.0,1800.0,1868.0,1868.0,0.0,0.0
2021-04-24 00:00:00+05:30,351,Kotagiri,1676,Kotagiri,1,Paddy,195,Grade-A,0.0,280.0,1888.0,1888.0,1888.0,0.0,0.0
2021-04-25 00:00:00+05:30,323,Gaddiannaram,1,Gaddiannaram,76,Mango,291,Benishan,0.0,9664.0,700.0,3700.0,1900.0,0.0,0.0
2021-04-25 00:00:00+05:30,323,Gaddiannaram,2,L.B Nagar,98,Cabbage,98,Common,0.0,30.0,500.0,600.0,5500.0,0.0,0.0
2021-04-25 00:00:00+05:30,325,Hyderabad,6,Madannapeta,98,Cabbage,98,Common,0.0,30.0,600.0,600.0,600.0,0.0,0.0
2021-04-25 00:00:00+05:30,313,Ibrahimpatnam(RR),42,Ibrahimpatnam,111,Brinjal,111,Common,0.0,15.0,1000.0,1500.0,1200.0,0.0,0.0
2021-04-25 00:00:00+05:30,316,Narsingi,49,Babbuguda,168,Cattle(All),168,Common,0.0,105.0,20000.0,50000.0,40000.0,0.0,0.0
2021-04-25 00:00:00+05:30,204,Bodhan,1081,Bodhan,1,Paddy,195,Grade-A,0.0,423.0,1888.0,1888.0,1888.0,0.0,0.0
2021-04-25 00:00:00+05:30,209,Pitlam,1088,Pitlam,1,Paddy,240,Common (1001),0.0,242.8,1888.0,1888.0,1888.0,0.0,0.0
2021-04-25 00:00:00+05:30,274,Nakrekal,1098,Nakrekal,1,Paddy,270,Grade-A (1010),0.0,266.0,1888.0,1888.0,1888.0,0.0,0.0
2021-04-25 00:00:00+05:30,263,Alair,1102,Alair,1,Paddy,195,Grade-A,0.0,327.6,1888.0,1888.0,1888.0,0.0,0.0
2021-04-24 00:00:00+05:30,301,Devarakadra,1352,Devarakadra,1,Paddy,271,Common (Hamsa),0.0,26.0,1250.0,1459.0,1355.0,0.0,0.0
2021-04-25 00:00:00+05:30,367,Gudimalkapur,1571,Gudumalkapur,55,Onions,55,Common,0.0,1350.0,600.0,1200.0,900.0,0.0,0.0
2021-04-25 00:00:00+05:30,350,Birkur,1624,Birkur,1,Paddy,270,Grade-A (1010),0.0,510.0,1800.0,1868.0,1868.0,0.0,0.0
2021-04-25 00:00:00+05:30,351,Kotagiri,1676,Kotagiri,1,Paddy,195,Grade-A,0.0,160.0,1888.0,1888.0,1888.0,0.0,0.0
2021-04-26 00:00:00+05:30,323,Gaddiannaram,1,Gaddiannaram,76,Mango,291,Benishan,0.0,8920.0,700.0,3500.0,2000.0,0.0,0.0
2021-04-26 00:00:00+05:30,323,Gaddiannaram,2,L.B Nagar,98,Cabbage,98,Common,0.0,27.0,500.0,600.0,550.0,0.0,0.0
2021-04-25 00:00:00+05:30,307,Makthal,1345,Makthal,1,Paddy,256,Grade-A (RNR),0.0,45.0,1620.0,1706.0,1690.0,0.0,0.0
2021-04-25 00:00:00+05:30,329,Navabpet(MBNR),1483,Navabpet,1,Paddy,271,Common (Hamsa),0.0,28.0,1487.0,1507.0,1507.0,0.0,0.0
2021-04-26 00:00:00+05:30,324,Bowenpally,3,Bowenpally,55,Onions,55,Common,0.0,522.0,500.0,1000.0,800.0,0.0,0.0
2021-04-26 00:00:00+05:30,325,Hyderabad,5,Mahabubmansion,54,Chillies(Dry),219,No.I,0.0,461.0,10000.0,12000.0,11000.0,0.0,0.0
2021-04-26 00:00:00+05:30,325,Hyderabad,6,Madannapeta,98,Cabbage,98,Common,0.0,25.0,600.0,600.0,600.0,0.0,0.0
2021-04-26 00:00:00+05:30,279,Thirumalagiri,9,Tirmalagiri,1,Paddy,237,Grade-A(IR64),0.0,7951.0,1252.0,1526.0,1429.0,0.0,0.0
2021-04-26 00:00:00+05:30,313,Ibrahimpatnam(RR),42,Ibrahimpatnam,111,Brinjal,111,Common,0.0,15.0,1500.0,2000.0,1800.0,0.0,0.0
2021-04-25 00:00:00+05:30,312,Wanaparthy Town,1344,W.P.Town,1,Paddy,271,Common (Hamsa),0.0,83.0,1224.0,1421.0,1230.0,0.0,0.0
2021-04-26 00:00:00+05:30,204,Bodhan,1081,Bodhan,1,Paddy,195,Grade-A,0.0,423.0,1888.0,1888.0,1888.0,0.0,0.0
2021-04-26 00:00:00+05:30,209,Pitlam,1088,Pitlam,1,Paddy,240,Common (1001),0.0,457.0,1888.0,1888.0,1888.0,0.0,0.0
2021-04-26 00:00:00+05:30,272,Miryalguda,1090,Miryalguda,1,Paddy,270,Grade-A (1010),0.0,3634.0,1888.0,1888.0,1888.0,0.0,0.0
2021-04-26 00:00:00+05:30,278,Suryapet,1091,Suryapet,1,Paddy,195,Grade-A,0.0,6351.0,1301.0,1727.0,1587.0,0.0,0.0
2021-04-26 00:00:00+05:30,274,Nakrekal,1098,Nakrekal,1,Paddy,270,Grade-A (1010),0.0,3925.0,1888.0,1888.0,1888.0,0.0,0.0
2021-04-26 00:00:00+05:30,263,Alair,1102,Alair,1,Paddy,195,Grade-A,0.0,1.0,1888.0,1888.0,1888.0,0.0,0.0
2021-04-26 00:00:00+05:30,213,Dharmapuri,1129,Dharmapuri,1,Paddy,195,Grade-A,0.0,280.0,1888.0,1888.0,1888.0,0.0,0.0
2021-04-26 00:00:00+05:30,231,Vemulawada,1126,Vemulawada,1,Paddy,237,Grade-A(IR64),0.0,508.0,1888.0,1888.0,1888.0,0.0,0.0
2021-04-26 00:00:00+05:30,218,Huzurabad,1128,Huzurabad,1,Paddy,1,Common,0.0,140.0,1868.0,1868.0,1868.0,0.0,0.0
2021-04-26 00:00:00+05:30,241,Mahabubabad,1177,Mahabubabad,1,Paddy,1,Common,0.0,203.0,1500.0,1801.0,1550.0,0.0,0.0
2021-04-26 00:00:00+05:30,300,Badepally,1327,Badepally,1,Paddy,1,Common,0.0,142.0,1210.0,1208.0,1210.0,0.0,0.0
2021-04-26 00:00:00+05:30,302,Gadwal,1328,Gadwal,1,Paddy,271,Common (Hamsa),0.0,9.0,1110.0,1110.0,1110.0,0.0,0.0
2021-04-26 00:00:00+05:30,306,Mahbubnagar,1326,Mahaboobnagar,1,Paddy,271,Common (Hamsa),0.0,886.0,1252.0,1580.0,1561.0,0.0,0.0
2021-04-26 00:00:00+05:30,308,Nagarkurnool,1334,Nagarkurnool,1,Paddy,270,Grade-A (1010),0.0,16.0,1620.0,1620.0,1620.0,0.0,0.0
2021-04-26 00:00:00+05:30,367,Gudimalkapur,1571,Gudumalkapur,55,Onions,55,Common,0.0,347.0,600.0,1200.0,900.0,0.0,0.0
2021-04-26 00:00:00+05:30,350,Birkur,1624,Birkur,1,Paddy,270,Grade-A (1010),0.0,210.0,1800.0,1868.0,1868.0,0.0,0.0
2021-04-26 00:00:00+05:30,351,Kotagiri,1676,Kotagiri,1,Paddy,195,Grade-A,0.0,440.0,1888.0,1888.0,1888.0,0.0,0.0
2021-04-26 00:00:00+05:30,371,Boinpally,1728,Boinpally,1,Paddy,195,Grade-A,0.0,509.6,1888.0,1888.0,1888.0,0.0,0.0
2021-04-27 00:00:00+05:30,323,Gaddiannaram,1,Gaddiannaram,76,Mango,291,Benishan,0.0,11216.0,800.0,3600.0,2100.0,0.0,0.0
2021-04-27 00:00:00+05:30,323,Gaddiannaram,2,L.B Nagar,98,Cabbage,98,Common,0.0,15.0,800.0,800.0,800.0,0.0,0.0
2021-04-26 00:00:00+05:30,309,Narayanpet,1342,Narayanpet,1,Paddy,271,Common (Hamsa),0.0,1449.6,1009.0,1610.0,1401.0,0.0,0.0
2021-04-26 00:00:00+05:30,312,Wanaparthy Town,1344,W.P.Town,1,Paddy,271,Common (Hamsa),0.0,217.0,1140.0,1451.0,1240.0,0.0,0.0
2021-04-27 00:00:00+05:30,324,Bowenpally,3,Bowenpally,55,Onions,55,Common,0.0,678.0,400.0,1000.0,800.0,0.0,0.0
2021-04-27 00:00:00+05:30,325,Hyderabad,6,Madannapeta,98,Cabbage,98,Common,0.0,35.0,600.0,600.0,600.0,0.0,0.0
2021-04-27 00:00:00+05:30,325,Hyderabad,5,Mahabubmansion,54,Chillies(Dry),219,No.I,0.0,368.0,10000.0,12000.0,11000.0,0.0,0.0
2021-04-27 00:00:00+05:30,279,Thirumalagiri,9,Tirmalagiri,1,Paddy,237,Grade-A(IR64),0.0,4544.0,1307.0,1536.0,1409.0,0.0,0.0
2021-04-27 00:00:00+05:30,313,Ibrahimpatnam(RR),42,Ibrahimpatnam,111,Brinjal,111,Common,0.0,15.0,1000.0,1500.0,1200.0,0.0,0.0
2021-04-27 00:00:00+05:30,251,Burgampahad,1068,Burgampadu,1,Paddy,240,Common (1001),0.0,962.0,1868.0,1868.0,1868.0,0.0,0.0
2021-04-27 00:00:00+05:30,261,Wyra,1076,Wyra,1,Paddy,1,Common,0.0,197.0,1858.0,1888.0,1868.0,0.0,0.0
2021-04-27 00:00:00+05:30,204,Bodhan,1081,Bodhan,1,Paddy,195,Grade-A,0.0,79.0,1888.0,1888.0,1888.0,0.0,0.0
2021-04-27 00:00:00+05:30,203,Banswada,1085,Banswada,1,Paddy,270,Grade-A (1010),0.0,604.0,1868.0,1868.0,1868.0,0.0,0.0
2021-04-27 00:00:00+05:30,209,Pitlam,1088,Pitlam,1,Paddy,240,Common (1001),0.0,250.0,1888.0,1888.0,1888.0,0.0,0.0
2021-04-27 00:00:00+05:30,272,Miryalguda,1090,Miryalguda,1,Paddy,270,Grade-A (1010),0.0,3772.0,1888.0,1888.0,1888.0,0.0,0.0
2021-04-27 00:00:00+05:30,278,Suryapet,1091,Suryapet,1,Paddy,195,Grade-A,0.0,4083.0,1376.0,1659.0,1414.0,0.0,0.0
2021-04-27 00:00:00+05:30,263,Alair,1102,Alair,1,Paddy,195,Grade-A,0.0,677.2,1888.0,1888.0,1888.0,0.0,0.0
2021-04-26 00:00:00+05:30,307,Makthal,1345,Makthal,1,Paddy,256,Grade-A (RNR),0.0,22.2,1481.99,1701.99,1652.99,0.0,0.0
2021-04-26 00:00:00+05:30,301,Devarakadra,1352,Devarakadra,1,Paddy,271,Common (Hamsa),0.0,125.0,1270.0,1350.0,1310.0,0.0,0.0
2021-04-27 00:00:00+05:30,267,Chouttuppal,1107,Chouttuppal,1,Paddy,237,Grade-A(IR64),0.0,665.0,1888.0,1888.0,1888.0,0.0,0.0
2021-04-27 00:00:00+05:30,213,Dharmapuri,1129,Dharmapuri,1,Paddy,195,Grade-A,0.0,240.0,1888.0,1888.0,1888.0,0.0,0.0
2021-04-27 00:00:00+05:30,224,Korutla,1136,Korutla,1,Paddy,195,Grade-A,0.0,100.0,1850.0,1850.0,1850.0,0.0,0.0
2021-04-27 00:00:00+05:30,231,Vemulawada,1126,Vemulawada,1,Paddy,237,Grade-A(IR64),0.0,1088.0,1888.0,1888.0,1888.0,0.0,0.0
2021-04-27 00:00:00+05:30,217,Husnabad,1127,Husnabad,1,Paddy,270,Grade-A (1010),0.0,646.8,1868.0,1888.0,1888.0,0.0,0.0
2021-04-27 00:00:00+05:30,218,Huzurabad,1128,Huzurabad,1,Paddy,1,Common,0.0,58.8,1868.0,1868.0,1868.0,0.0,0.0
2021-04-27 00:00:00+05:30,218,Huzurabad,1128,Huzurabad,1,Paddy,1,Common,0.0,150.0,1868.0,1868.0,1868.0,0.0,0.0
2021-04-27 00:00:00+05:30,241,Mahabubabad,1177,Mahabubabad,1,Paddy,1,Common,0.0,355.0,1480.0,2080.0,1625.0,0.0,0.0
2021-04-27 00:00:00+05:30,306,Mahbubnagar,1326,Mahaboobnagar,1,Paddy,271,Common (Hamsa),0.0,806.0,1123.0,1527.0,1521.0,0.0,0.0
2021-04-27 00:00:00+05:30,308,Nagarkurnool,1334,Nagarkurnool,1,Paddy,270,Grade-A (1010),0.0,32.0,1652.0,1652.0,1652.0,0.0,0.0
2021-04-27 00:00:00+05:30,367,Gudimalkapur,1571,Gudumalkapur,55,Onions,55,Common,0.0,965.0,600.0,1200.0,800.0,0.0,0.0
2021-04-27 00:00:00+05:30,309,Narayanpet,1342,Narayanpet,1,Paddy,271,Common (Hamsa),0.0,1182.6,1111.0,1602.0,1405.0,0.0,0.0
2021-04-27 00:00:00+05:30,298,Amangal,1347,Amangal,1,Paddy,1,Common,0.0,282.8,1868.0,1868.0,1868.0,0.0,0.0
2021-04-27 00:00:00+05:30,298,Amangal,1347,Amangal,1,Paddy,1,Common,0.0,282.8,1868.0,1868.0,1868.0,0.0,0.0
2021-04-28 00:00:00+05:30,323,Gaddiannaram,1,Gaddiannaram,76,Mango,291,Benishan,0.0,15503.0,800.0,3600.0,2100.0,0.0,0.0
2021-04-28 00:00:00+05:30,323,Gaddiannaram,2,L.B Nagar,98,Cabbage,98,Common,0.0,27.0,500.0,700.0,600.0,0.0,0.0
2021-04-28 00:00:00+05:30,325,Hyderabad,6,Madannapeta,98,Cabbage,98,Common,0.0,25.0,600.0,600.0,600.0,0.0,0.0
2021-04-28 00:00:00+05:30,324,Bowenpally,3,Bowenpally,55,Onions,55,Common,0.0,529.0,500.0,1000.0,800.0,0.0,0.0
2021-04-28 00:00:00+05:30,325,Hyderabad,5,Mahabubmansion,54,Chillies(Dry),219,No.I,0.0,478.0,9000.0,15000.0,10000.0,0.0,0.0
2021-04-28 00:00:00+05:30,325,Hyderabad,7,Meeralamandi,98,Cabbage,98,Common,0.0,3.0,400.0,600.0,500.0,0.0,0.0
2021-04-28 00:00:00+05:30,279,Thirumalagiri,9,Tirmalagiri,1,Paddy,237,Grade-A(IR64),0.0,5550.0,1267.0,1543.0,1469.0,0.0,0.0
2021-04-28 00:00:00+05:30,313,Ibrahimpatnam(RR),42,Ibrahimpatnam,111,Brinjal,111,Common,0.0,15.0,1000.0,1500.0,1200.0,0.0,0.0
2021-04-28 00:00:00+05:30,261,Wyra,1076,Wyra,1,Paddy,1,Common,0.0,227.0,1858.0,1888.0,1868.0,0.0,0.0
2021-04-28 00:00:00+05:30,204,Bodhan,1081,Bodhan,1,Paddy,195,Grade-A,0.0,106.0,1888.0,1888.0,1888.0,0.0,0.0
2021-04-28 00:00:00+05:30,209,Pitlam,1088,Pitlam,1,Paddy,240,Common (1001),0.0,792.4,1888.0,1888.0,1888.0,0.0,0.0
2021-04-28 00:00:00+05:30,211,Yellareddy,1089,Yellareddy,1,Paddy,270,Grade-A (1010),0.0,550.0,1888.0,1888.0,1888.0,0.0,0.0
2021-04-28 00:00:00+05:30,272,Miryalguda,1090,Miryalguda,1,Paddy,270,Grade-A (1010),0.0,1424.0,1888.0,1888.0,1888.0,0.0,0.0
2021-04-28 00:00:00+05:30,278,Suryapet,1091,Suryapet,1,Paddy,195,Grade-A,0.0,2766.0,1319.0,1711.0,1559.0,0.0,0.0
2021-04-28 00:00:00+05:30,274,Nakrekal,1098,Nakrekal,1,Paddy,270,Grade-A (1010),0.0,754.0,1888.0,1888.0,1888.0,0.0,0.0
2021-04-28 00:00:00+05:30,263,Alair,1102,Alair,1,Paddy,195,Grade-A,0.0,666.4,1888.0,1888.0,1888.0,0.0,0.0
2021-04-28 00:00:00+05:30,267,Chouttuppal,1107,Chouttuppal,1,Paddy,237,Grade-A(IR64),0.0,351.0,1888.0,1888.0,1888.0,0.0,0.0
2021-04-28 00:00:00+05:30,231,Vemulawada,1126,Vemulawada,1,Paddy,237,Grade-A(IR64),0.0,1019.6,1888.0,1888.0,1888.0,0.0,0.0
2021-04-28 00:00:00+05:30,217,Husnabad,1127,Husnabad,1,Paddy,270,Grade-A (1010),0.0,806.8,1868.0,1888.0,1888.0,0.0,0.0
2021-04-28 00:00:00+05:30,218,Huzurabad,1128,Huzurabad,1,Paddy,1,Common,0.0,75.0,1868.0,1868.0,1868.0,0.0,0.0
2021-04-28 00:00:00+05:30,213,Dharmapuri,1129,Dharmapuri,1,Paddy,195,Grade-A,0.0,400.0,1888.0,1888.0,1888.0,0.0,0.0
2021-04-28 00:00:00+05:30,241,Mahabubabad,1177,Mahabubabad,1,Paddy,1,Common,0.0,497.0,1551.0,1735.0,1600.0,0.0,0.0
2021-04-28 00:00:00+05:30,286,Narayankhed,1212,Narayankhed,1,Paddy,1,Common,0.0,165.0,1888.0,1888.0,1888.0,0.0,0.0
2021-04-28 00:00:00+05:30,306,Mahbubnagar,1326,Mahaboobnagar,1,Paddy,271,Common (Hamsa),0.0,340.0,1312.0,1525.0,1481.0,0.0,0.0
2021-04-28 00:00:00+05:30,300,Badepally,1327,Badepally,1,Paddy,1,Common,0.0,72.0,1225.0,1225.0,1225.0,0.0,0.0
2021-04-28 00:00:00+05:30,308,Nagarkurnool,1334,Nagarkurnool,1,Paddy,270,Grade-A (1010),0.0,68.0,1600.0,1600.0,1600.0,0.0,0.0
2021-04-28 00:00:00+05:30,309,Narayanpet,1342,Narayanpet,1,Paddy,271,Common (Hamsa),0.0,1515.6,1100.0,1476.0,1352.0,0.0,0.0
2021-04-28 00:00:00+05:30,367,Gudimalkapur,1571,Gudumalkapur,55,Onions,55,Common,0.0,912.0,600.0,1200.0,900.0,0.0,0.0
2021-04-28 00:00:00+05:30,350,Birkur,1624,Birkur,1,Paddy,270,Grade-A (1010),0.0,670.0,1800.0,1868.0,1868.0,0.0,0.0
2021-04-28 00:00:00+05:30,371,Boinpally,1728,Boinpally,1,Paddy,195,Grade-A,0.0,252.0,1888.0,1888.0,1888.0,0.0,0.0
2021-04-29 00:00:00+05:30,323,Gaddiannaram,1,Gaddiannaram,76,Mango,291,Benishan,0.0,16177.0,800.0,3500.0,2100.0,0.0,0.0
2021-04-29 00:00:00+05:30,323,Gaddiannaram,2,L.B Nagar,98,Cabbage,98,Common,0.0,30.0,500.0,600.0,550.0,0.0,0.0
2021-04-29 00:00:00+05:30,324,Bowenpally,3,Bowenpally,55,Onions,55,Common,0.0,643.0,600.0,1200.0,1000.0,0.0,0.0
2021-04-28 00:00:00+05:30,307,Makthal,1345,Makthal,1,Paddy,256,Grade-A (RNR),0.0,567.0,1680.0,1726.0,1702.0,0.0,0.0
2021-04-28 00:00:00+05:30,298,Amangal,1347,Amangal,1,Paddy,1,Common,0.0,451.6,1868.0,1868.0,1868.0,0.0,0.0
2021-04-29 00:00:00+05:30,325,Hyderabad,5,Mahabubmansion,54,Chillies(Dry),219,No.I,0.0,463.0,11000.0,13000.0,12000.0,0.0,0.0
2021-04-29 00:00:00+05:30,325,Hyderabad,6,Madannapeta,98,Cabbage,98,Common,0.0,20.0,600.0,600.0,600.0,0.0,0.0
2021-04-29 00:00:00+05:30,325,Hyderabad,7,Meeralamandi,98,Cabbage,98,Common,0.0,3.0,400.0,600.0,500.0,0.0,0.0
2021-04-29 00:00:00+05:30,279,Thirumalagiri,9,Tirmalagiri,1,Paddy,237,Grade-A(IR64),0.0,5846.0,1257.0,1537.0,1469.0,0.0,0.0
2021-04-29 00:00:00+05:30,313,Ibrahimpatnam(RR),42,Ibrahimpatnam,111,Brinjal,111,Common,0.0,15.0,1000.0,1500.0,1200.0,0.0,0.0
2021-04-29 00:00:00+05:30,261,Wyra,1076,Wyra,1,Paddy,1,Common,0.0,229.0,1858.0,1888.0,1868.0,0.0,0.0
2021-04-29 00:00:00+05:30,204,Bodhan,1081,Bodhan,1,Paddy,195,Grade-A,0.0,100.0,1888.0,1888.0,1888.0,0.0,0.0
2021-04-29 00:00:00+05:30,203,Banswada,1085,Banswada,1,Paddy,270,Grade-A (1010),0.0,389.6,1888.0,1888.0,1888.0,0.0,0.0
2021-04-29 00:00:00+05:30,209,Pitlam,1088,Pitlam,1,Paddy,240,Common (1001),0.0,331.2,1888.0,1888.0,1888.0,0.0,0.0
2021-04-29 00:00:00+05:30,211,Yellareddy,1089,Yellareddy,1,Paddy,270,Grade-A (1010),0.0,266.0,1888.0,1888.0,1888.0,0.0,0.0
2021-04-29 00:00:00+05:30,272,Miryalguda,1090,Miryalguda,1,Paddy,270,Grade-A (1010),0.0,2793.0,1888.0,1888.0,1888.0,0.0,0.0
2021-04-29 00:00:00+05:30,278,Suryapet,1091,Suryapet,1,Paddy,195,Grade-A,0.0,3167.0,1301.0,1689.0,1608.0,0.0,0.0
2021-04-29 00:00:00+05:30,274,Nakrekal,1098,Nakrekal,1,Paddy,270,Grade-A (1010),0.0,2873.0,1888.0,1888.0,1888.0,0.0,0.0
2021-04-29 00:00:00+05:30,264,Bhongir,1100,Bhongir,1,Paddy,237,Grade-A(IR64),0.0,70.85,1300.0,1300.0,1300.0,0.0,0.0
2021-04-29 00:00:00+05:30,267,Chouttuppal,1107,Chouttuppal,1,Paddy,237,Grade-A(IR64),0.0,654.0,1888.0,1888.0,1888.0,0.0,0.0
2021-04-29 00:00:00+05:30,231,Vemulawada,1126,Vemulawada,1,Paddy,237,Grade-A(IR64),0.0,1032.4,1888.0,1888.0,1888.0,0.0,0.0
2021-04-29 00:00:00+05:30,217,Husnabad,1127,Husnabad,1,Paddy,270,Grade-A (1010),0.0,998.4,1868.0,1888.0,1888.0,0.0,0.0
2021-04-29 00:00:00+05:30,213,Dharmapuri,1129,Dharmapuri,1,Paddy,195,Grade-A,0.0,350.0,1888.0,1888.0,1888.0,0.0,0.0
2021-04-29 00:00:00+05:30,241,Mahabubabad,1177,Mahabubabad,1,Paddy,1,Common,0.0,926.0,1001.0,1659.0,1500.0,0.0,0.0
2021-04-29 00:00:00+05:30,302,Gadwal,1328,Gadwal,1,Paddy,271,Common (Hamsa),0.0,46.0,1156.0,1300.0,1265.0,0.0,0.0
2021-04-29 00:00:00+05:30,306,Mahbubnagar,1326,Mahaboobnagar,1,Paddy,271,Common (Hamsa),0.0,586.0,1370.0,1662.0,1590.0,0.0,0.0
2021-04-29 00:00:00+05:30,308,Nagarkurnool,1334,Nagarkurnool,1,Paddy,270,Grade-A (1010),0.0,58.0,1600.0,1626.0,1600.0,0.0,0.0
2021-04-29 00:00:00+05:30,367,Gudimalkapur,1571,Gudumalkapur,55,Onions,55,Common,0.0,1242.0,600.0,1200.0,900.0,0.0,0.0
2021-04-29 00:00:00+05:30,371,Boinpally,1728,Boinpally,1,Paddy,195,Grade-A,0.0,241.2,1888.0,1888.0,1888.0,0.0,0.0
2021-04-30 00:00:00+05:30,323,Gaddiannaram,1,Gaddiannaram,76,Mango,291,Benishan,0.0,15004.0,700.0,3300.0,1900.0,0.0,0.0
2021-04-30 00:00:00+05:30,323,Gaddiannaram,2,L.B Nagar,98,Cabbage,98,Common,0.0,20.0,500.0,800.0,600.0,0.0,0.0
2021-04-30 00:00:00+05:30,324,Bowenpally,3,Bowenpally,55,Onions,55,Common,0.0,325.0,400.0,1000.0,800.0,0.0,0.0
2021-04-30 00:00:00+05:30,325,Hyderabad,6,Madannapeta,98,Cabbage,98,Common,0.0,25.0,600.0,600.0,600.0,0.0,0.0
2021-04-29 00:00:00+05:30,307,Makthal,1345,Makthal,1,Paddy,256,Grade-A (RNR),0.0,78.0,1615.0,1700.0,1680.0,0.0,0.0
2021-04-29 00:00:00+05:30,298,Amangal,1347,Amangal,1,Paddy,1,Common,0.0,1290.8,1888.0,1888.0,1888.0,0.0,0.0
2021-04-30 00:00:00+05:30,325,Hyderabad,5,Mahabubmansion,54,Chillies(Dry),219,No.I,0.0,539.0,10000.0,13000.0,11000.0,0.0,0.0
2021-04-30 00:00:00+05:30,279,Thirumalagiri,9,Tirmalagiri,1,Paddy,237,Grade-A(IR64),0.0,6851.0,1257.0,1547.0,1489.0,0.0,0.0
2021-04-30 00:00:00+05:30,313,Ibrahimpatnam(RR),42,Ibrahimpatnam,111,Brinjal,111,Common,0.0,15.0,1000.0,1500.0,1200.0,0.0,0.0
2021-04-30 00:00:00+05:30,261,Wyra,1076,Wyra,1,Paddy,1,Common,0.0,258.0,1858.0,1888.0,1868.0,0.0,0.0
2021-04-30 00:00:00+05:30,204,Bodhan,1081,Bodhan,1,Paddy,195,Grade-A,0.0,100.0,1888.0,1888.0,1888.0,0.0,0.0
2021-04-30 00:00:00+05:30,211,Yellareddy,1089,Yellareddy,1,Paddy,270,Grade-A (1010),0.0,302.4,1888.0,1888.0,1888.0,0.0,0.0
2021-04-30 00:00:00+05:30,272,Miryalguda,1090,Miryalguda,1,Paddy,270,Grade-A (1010),0.0,4009.0,1888.0,1888.0,1888.0,0.0,0.0
2021-04-30 00:00:00+05:30,278,Suryapet,1091,Suryapet,1,Paddy,195,Grade-A,0.0,733.0,1312.0,1629.0,1414.0,0.0,0.0
2021-04-30 00:00:00+05:30,267,Chouttuppal,1107,Chouttuppal,1,Paddy,237,Grade-A(IR64),0.0,1133.0,1888.0,1888.0,1888.0,0.0,0.0
2021-04-30 00:00:00+05:30,213,Dharmapuri,1129,Dharmapuri,1,Paddy,195,Grade-A,0.0,450.0,1888.0,1888.0,1888.0,0.0,0.0
2021-04-30 00:00:00+05:30,231,Vemulawada,1126,Vemulawada,1,Paddy,237,Grade-A(IR64),0.0,1459.4,1888.0,1888.0,1888.0,0.0,0.0
2021-04-30 00:00:00+05:30,306,Mahbubnagar,1326,Mahaboobnagar,1,Paddy,271,Common (Hamsa),0.0,479.0,1412.0,1587.0,1522.0,0.0,0.0
2021-04-30 00:00:00+05:30,302,Gadwal,1328,Gadwal,1,Paddy,271,Common (Hamsa),0.0,52.0,1164.0,1280.0,1280.0,0.0,0.0
2021-04-30 00:00:00+05:30,308,Nagarkurnool,1334,Nagarkurnool,1,Paddy,270,Grade-A (1010),0.0,88.0,1600.0,1626.0,1626.0,0.0,0.0
2021-04-30 00:00:00+05:30,309,Narayanpet,1342,Narayanpet,1,Paddy,271,Common (Hamsa),0.0,1362.0,1100.0,1571.0,1366.0,0.0,0.0
2021-04-30 00:00:00+05:30,307,Makthal,1345,Makthal,1,Paddy,256,Grade-A (RNR),0.0,28.8,1620.0,1620.0,1620.0,0.0,0.0
2021-04-30 00:00:00+05:30,298,Amangal,1347,Amangal,1,Paddy,1,Common,0.0,2093.6,1888.0,1888.0,1888.0,0.0,0.0
2021-04-30 00:00:00+05:30,301,Devarakadra,1352,Devarakadra,1,Paddy,271,Common (Hamsa),0.0,39.0,1300.0,1350.0,1325.0,0.0,0.0
2021-04-30 00:00:00+05:30,367,Gudimalkapur,1571,Gudumalkapur,55,Onions,55,Common,0.0,915.0,400.0,1000.0,600.0,0.0,0.0
2021-04-30 00:00:00+05:30,351,Kotagiri,1676,Kotagiri,1,Paddy,195,Grade-A,0.0,685.0,1888.0,1888.0,1888.0,0.0,0.0
2021-04-30 00:00:00+05:30,371,Boinpally,1728,Boinpally,1,Paddy,195,Grade-A,0.0,286.0,1888.0,1888.0,1888.0,0.0,0.0
2021-04-06 00:00:00+05:30,301,Devarakadra,1352,Devarakadra,1,Paddy,272,Grade-A (Sonamasuri),0.0,388.0,1559.0,1679.0,1619.0,0.0,0.0
2021-04-06 00:00:00+05:30,349,Bicknoor,1623,Bicknoor,5,Maize,5,Common,0.0,210.0,1700.0,1905.0,1905.0,0.0,0.0
2021-04-06 00:00:00+05:30,350,Birkur,1624,Birkur,5,Maize,5,Common,0.0,1570.0,1800.0,1868.0,1868.0,0.0,0.0
2021-04-07 00:00:00+05:30,324,Bowenpally,3,Bowenpally,98,Cabbage,98,Common,0.0,560.0,400.0,800.0,600.0,0.0,0.0
2021-04-06 00:00:00+05:30,309,Narayanpet,1342,Narayanpet,1,Paddy,272,Grade-A (Sonamasuri),0.0,40.2,1529.0,1529.0,1529.0,0.0,0.0
2021-04-06 00:00:00+05:30,263,Alair,1240,motakondu,1,Paddy,195,Grade-A,0.0,1.0,1888.0,1888.0,1888.0,0.0,0.0
2021-04-07 00:00:00+05:30,323,Gaddiannaram,2,L.B Nagar,99,Cauliflower,99,Common,0.0,7.0,2000.0,2000.0,2000.0,0.0,0.0
2021-04-06 00:00:00+05:30,367,Gudimalkapur,1571,Gudumalkapur,98,Cabbage,98,Common,0.0,286.0,200.0,500.0,300.0,0.0,0.0
2021-04-06 00:00:00+05:30,302,Gadwal,1328,Gadwal,1,Paddy,272,Grade-A (Sonamasuri),0.0,256.0,1620.0,1717.0,1657.0,0.0,0.0
2021-04-06 00:00:00+05:30,238,Jangoan,1169,Jangaon,1,Paddy,237,Grade-A(IR64),0.0,3919.5,1209.0,1509.0,1359.0,0.0,0.0
2021-04-06 00:00:00+05:30,278,Suryapet,1091,Suryapet,1,Paddy,237,Grade-A(IR64),0.0,7186.0,1269.0,1649.0,1489.0,0.0,0.0
2021-04-06 00:00:00+05:30,202,Armoor,1084,Armoor,5,Maize,215,Hybrid New,0.0,162.0,1850.0,1850.0,1850.0,0.0,0.0
2021-04-06 00:00:00+05:30,313,Ibrahimpatnam(RR),42,Ibrahimpatnam,112,Ladys Finger,112,Common,0.0,5.0,1500.0,2000.0,1800.0,0.0,0.0
2021-04-06 00:00:00+05:30,186,Adilabad,10,Adilabad,14,Bengal Gram,14,Common,0.0,3506.5,5100.0,5100.0,5100.0,0.0,0.0
2021-04-06 00:00:00+05:30,189,Boath,12,Boath,14,Bengal Gram,14,Common,0.0,4201.0,5100.0,5100.0,5100.0,0.0,0.0
2021-04-06 00:00:00+05:30,325,Hyderabad,5,Mahabubmansion,54,Chillies(Dry),220,No.II,0.0,1262.0,4000.0,11000.0,10000.0,0.0,0.0
2021-04-06 00:00:00+05:30,325,Hyderabad,7,Meeralamandi,99,Cauliflower,99,Common,0.0,14.0,600.0,800.0,700.0,0.0,0.0
2021-04-06 00:00:00+05:30,325,Hyderabad,6,Madannapeta,99,Cauliflower,99,Common,0.0,11.0,1000.0,1000.0,1000.0,0.0,0.0
2021-04-06 00:00:00+05:30,324,Bowenpally,3,Bowenpally,98,Cabbage,98,Common,0.0,1110.0,400.0,800.0,600.0,0.0,0.0
2021-04-06 00:00:00+05:30,323,Gaddiannaram,2,L.B Nagar,99,Cauliflower,99,Common,0.0,7.0,2000.0,2000.0,2000.0,0.0,0.0
2021-04-05 00:00:00+05:30,367,Gudimalkapur,1571,Gudumalkapur,98,Cabbage,98,Common,0.0,215.0,200.0,400.0,300.0,0.0,0.0
2021-04-05 00:00:00+05:30,186,Adilabad,10,Adilabad,14,Bengal Gram,14,Common,0.0,47.0,5100.0,5100.0,5100.0,0.0,0.0
2021-04-05 00:00:00+05:30,263,Alair,1240,motakondu,1,Paddy,195,Grade-A,0.0,1.0,1888.0,1888.0,1888.0,0.0,0.0
2021-04-05 00:00:00+05:30,313,Ibrahimpatnam(RR),42,Ibrahimpatnam,112,Ladys Finger,112,Common,0.0,5.0,2000.0,2500.0,2200.0,0.0,0.0
2021-04-05 00:00:00+05:30,325,Hyderabad,5,Mahabubmansion,54,Chillies(Dry),220,No.II,0.0,1187.0,4500.0,10000.0,9000.0,0.0,0.0
2021-04-04 00:00:00+05:30,186,Adilabad,10,Adilabad,14,Bengal Gram,14,Common,0.0,2180.0,5100.0,5100.0,5100.0,0.0,0.0
2021-04-05 00:00:00+05:30,325,Hyderabad,6,Madannapeta,99,Cauliflower,99,Common,0.0,10.0,1000.0,1500.0,1250.0,0.0,0.0
2021-04-05 00:00:00+05:30,323,Gaddiannaram,2,L.B Nagar,99,Cauliflower,99,Common,0.0,16.0,1500.0,2000.0,2000.0,0.0,0.0
2021-04-04 00:00:00+05:30,367,Gudimalkapur,1571,Gudumalkapur,98,Cabbage,98,Common,0.0,388.0,200.0,400.0,300.0,0.0,0.0
2021-04-04 00:00:00+05:30,263,Alair,1240,motakondu,1,Paddy,195,Grade-A,0.0,1.0,1888.0,1888.0,1888.0,0.0,0.0
2021-04-04 00:00:00+05:30,313,Ibrahimpatnam(RR),42,Ibrahimpatnam,112,Ladys Finger,112,Common,0.0,5.0,2000.0,2500.0,2200.0,0.0,0.0
2021-04-04 00:00:00+05:30,325,Hyderabad,6,Madannapeta,99,Cauliflower,99,Common,0.0,12.0,1200.0,1200.0,1200.0,0.0,0.0
2021-04-04 00:00:00+05:30,323,Gaddiannaram,2,L.B Nagar,99,Cauliflower,99,Common,0.0,16.0,1500.0,2000.0,2000.0,0.0,0.0
2021-04-04 00:00:00+05:30,324,Bowenpally,3,Bowenpally,98,Cabbage,98,Common,0.0,677.0,500.0,1000.0,900.0,0.0,0.0
2021-04-03 00:00:00+05:30,312,Wanaparthy Town,1344,W.P.Town,1,Paddy,272,Grade-A (Sonamasuri),0.0,2.0,1769.0,1769.0,1769.0,0.0,0.0
2021-04-03 00:00:00+05:30,301,Devarakadra,1352,Devarakadra,1,Paddy,272,Grade-A (Sonamasuri),0.0,37.0,1539.0,1621.0,1580.0,0.0,0.0
2021-04-03 00:00:00+05:30,367,Gudimalkapur,1571,Gudumalkapur,98,Cabbage,98,Common,0.0,226.0,200.0,400.0,300.0,0.0,0.0
2021-04-03 00:00:00+05:30,278,Suryapet,1091,Suryapet,1,Paddy,237,Grade-A(IR64),0.0,3989.0,1309.0,1661.0,1486.0,0.0,0.0
2021-04-03 00:00:00+05:30,186,Adilabad,10,Adilabad,14,Bengal Gram,14,Common,0.0,523.5,5100.0,5100.0,5100.0,0.0,0.0
2021-04-03 00:00:00+05:30,238,Jangoan,1169,Jangaon,1,Paddy,237,Grade-A(IR64),0.0,1459.25,1201.0,1501.0,1428.0,0.0,0.0
2021-04-03 00:00:00+05:30,292,Zaheerabad,1198,Zaheerabad,3,Wheat,3,Common,0.0,8.0,1650.0,1711.0,1650.0,0.0,0.0
2021-04-03 00:00:00+05:30,263,Alair,1240,motakondu,1,Paddy,195,Grade-A,0.0,1.0,1888.0,1888.0,1888.0,0.0,0.0
2021-04-03 00:00:00+05:30,302,Gadwal,1328,Gadwal,1,Paddy,272,Grade-A (Sonamasuri),0.0,100.0,1606.0,1707.0,1686.0,0.0,0.0
2021-04-03 00:00:00+05:30,313,Ibrahimpatnam(RR),42,Ibrahimpatnam,112,Ladys Finger,112,Common,0.0,5.0,2000.0,2500.0,2200.0,0.0,0.0
2021-04-03 00:00:00+05:30,325,Hyderabad,6,Madannapeta,99,Cauliflower,99,Common,0.0,8.0,1000.0,1000.0,1000.0,0.0,0.0
2021-04-03 00:00:00+05:30,325,Hyderabad,5,Mahabubmansion,54,Chillies(Dry),220,No.II,0.0,998.0,4500.0,1000.0,8000.0,0.0,0.0
2021-04-02 00:00:00+05:30,263,Alair,1240,motakondu,1,Paddy,195,Grade-A,0.0,1.0,1888.0,1888.0,1888.0,0.0,0.0
2021-04-03 00:00:00+05:30,324,Bowenpally,3,Bowenpally,98,Cabbage,98,Common,0.0,520.0,300.0,700.0,600.0,0.0,0.0
2021-04-03 00:00:00+05:30,323,Gaddiannaram,2,L.B Nagar,99,Cauliflower,99,Common,0.0,25.0,1500.0,2000.0,1700.0,0.0,0.0
2021-04-02 00:00:00+05:30,367,Gudimalkapur,1571,Gudumalkapur,98,Cabbage,98,Common,0.0,275.0,200.0,400.0,300.0,0.0,0.0
2021-04-02 00:00:00+05:30,186,Adilabad,10,Adilabad,14,Bengal Gram,14,Common,0.0,4970.5,5100.0,5100.0,5100.0,0.0,0.0
2021-04-02 00:00:00+05:30,189,Boath,12,Boath,14,Bengal Gram,14,Common,0.0,1975.0,5100.0,5100.0,5100.0,0.0,0.0
2021-04-02 00:00:00+05:30,313,Ibrahimpatnam(RR),42,Ibrahimpatnam,112,Ladys Finger,112,Common,0.0,5.0,2000.0,2500.0,2200.0,0.0,0.0
2021-04-02 00:00:00+05:30,325,Hyderabad,5,Mahabubmansion,54,Chillies(Dry),220,No.II,0.0,1729.0,5000.0,11000.0,10000.0,0.0,0.0
2021-04-01 00:00:00+05:30,301,Devarakadra,1352,Devarakadra,1,Paddy,272,Grade-A (Sonamasuri),0.0,30.0,1589.0,1629.0,1609.0,0.0,0.0
2021-04-02 00:00:00+05:30,325,Hyderabad,7,Meeralamandi,99,Cauliflower,99,Common,0.0,16.0,800.0,1000.0,900.0,0.0,0.0
2021-04-02 00:00:00+05:30,325,Hyderabad,6,Madannapeta,99,Cauliflower,99,Common,0.0,45.0,1000.0,1000.0,1000.0,0.0,0.0
2021-04-02 00:00:00+05:30,324,Bowenpally,3,Bowenpally,98,Cabbage,98,Common,0.0,641.0,300.0,700.0,600.0,0.0,0.0
2021-04-02 00:00:00+05:30,323,Gaddiannaram,2,L.B Nagar,99,Cauliflower,99,Common,0.0,25.0,1500.0,2000.0,2000.0,0.0,0.0
2021-04-01 00:00:00+05:30,309,Narayanpet,1342,Narayanpet,1,Paddy,272,Grade-A (Sonamasuri),0.0,19.8,1549.0,1609.0,1609.0,0.0,0.0
2021-04-01 00:00:00+05:30,302,Gadwal,1328,Gadwal,1,Paddy,272,Grade-A (Sonamasuri),0.0,21.0,1558.0,1651.0,1651.0,0.0,0.0
2021-04-01 00:00:00+05:30,263,Alair,1240,motakondu,1,Paddy,195,Grade-A,0.0,1.0,1888.0,1888.0,1888.0,0.0,0.0
2021-04-01 00:00:00+05:30,278,Suryapet,1091,Suryapet,1,Paddy,237,Grade-A(IR64),0.0,1839.0,1309.0,1679.0,1535.0,0.0,0.0
2021-04-01 00:00:00+05:30,238,Jangoan,1169,Jangaon,1,Paddy,237,Grade-A(IR64),0.0,561.6,1329.0,1509.0,1393.0,0.0,0.0
2021-04-01 00:00:00+05:30,248,Nekkonda,1192,Nekkonda,5,Maize,5,Common,0.0,375.0,1500.0,1541.0,1526.0,0.0,0.0
2021-04-01 00:00:00+05:30,313,Ibrahimpatnam(RR),42,Ibrahimpatnam,112,Ladys Finger,112,Common,0.0,5.0,3000.0,3500.0,3200.0,0.0,0.0
2021-04-01 00:00:00+05:30,186,Adilabad,10,Adilabad,14,Bengal Gram,14,Common,0.0,198.5,5100.0,5100.0,5100.0,0.0,0.0
2021-04-01 00:00:00+05:30,189,Boath,12,Boath,14,Bengal Gram,14,Common,0.0,1693.0,5100.0,5100.0,5100.0,0.0,0.0
2021-04-01 00:00:00+05:30,325,Hyderabad,5,Mahabubmansion,54,Chillies(Dry),220,No.II,0.0,2661.0,5000.0,11000.0,10000.0,0.0,0.0
2021-04-01 00:00:00+05:30,325,Hyderabad,7,Meeralamandi,99,Cauliflower,99,Common,0.0,10.0,800.0,1000.0,900.0,0.0,0.0
2021-04-01 00:00:00+05:30,325,Hyderabad,6,Madannapeta,99,Cauliflower,99,Common,0.0,8.0,1000.0,1000.0,1000.0,0.0,0.0
2021-04-01 00:00:00+05:30,323,Gaddiannaram,2,L.B Nagar,99,Cauliflower,99,Common,0.0,10.0,1500.0,2000.0,2000.0,0.0,0.0
2021-04-01 00:00:00+05:30,324,Bowenpally,3,Bowenpally,98,Cabbage,98,Common,0.0,1021.0,300.0,700.0,600.0,0.0,0.0
2021-04-12 00:00:00+05:30,313,Ibrahimpatnam(RR),42,Ibrahimpatnam,112,Ladys Finger,112,Common,0.0,5.0,1500.0,2000.0,1800.0,0.0,0.0
2021-04-11 00:00:00+05:30,349,Bicknoor,1623,Bicknoor,5,Maize,5,Common,0.0,150.0,1400.0,1850.0,1867.0,0.0,0.0
2021-04-12 00:00:00+05:30,325,Hyderabad,6,Madannapeta,99,Cauliflower,99,Common,0.0,3.0,1000.0,1000.0,1000.0,0.0,0.0
2021-04-12 00:00:00+05:30,323,Gaddiannaram,2,L.B Nagar,99,Cauliflower,99,Common,0.0,16.0,1500.0,2000.0,1700.0,0.0,0.0
2021-04-12 00:00:00+05:30,324,Bowenpally,3,Bowenpally,98,Cabbage,98,Common,0.0,703.0,500.0,1000.0,800.0,0.0,0.0
2021-04-11 00:00:00+05:30,367,Gudimalkapur,1571,Gudumalkapur,98,Cabbage,98,Common,0.0,244.0,200.0,400.0,300.0,0.0,0.0
2021-04-11 00:00:00+05:30,186,Adilabad,10,Adilabad,14,Bengal Gram,14,Common,0.0,411.0,5100.0,5100.0,5100.0,0.0,0.0
2021-04-11 00:00:00+05:30,189,Boath,12,Boath,14,Bengal Gram,14,Common,0.0,556.0,5100.0,5100.0,5100.0,0.0,0.0
2021-04-10 00:00:00+05:30,349,Bicknoor,1623,Bicknoor,5,Maize,5,Common,0.0,370.0,1700.0,1865.0,1865.0,0.0,0.0
2021-04-11 00:00:00+05:30,272,Miryalguda,1228,Damaracherla,1,Paddy,270,Grade-A (1010),0.0,1089.0,1888.0,1888.0,1888.0,0.0,0.0
2021-04-11 00:00:00+05:30,263,Alair,1240,motakondu,1,Paddy,195,Grade-A,0.0,1.0,1888.0,1888.0,1888.0,0.0,0.0
2021-04-11 00:00:00+05:30,313,Ibrahimpatnam(RR),42,Ibrahimpatnam,112,Ladys Finger,112,Common,0.0,5.0,1500.0,2000.0,1200.0,0.0,0.0
2021-04-11 00:00:00+05:30,325,Hyderabad,6,Madannapeta,99,Cauliflower,99,Common,0.0,8.0,1000.0,1000.0,1000.0,0.0,0.0
2021-04-11 00:00:00+05:30,324,Bowenpally,3,Bowenpally,98,Cabbage,98,Common,0.0,433.0,500.0,800.0,700.0,0.0,0.0
2021-04-11 00:00:00+05:30,323,Gaddiannaram,2,L.B Nagar,99,Cauliflower,99,Common,0.0,20.0,1500.0,2000.0,1700.0,0.0,0.0
2021-04-10 00:00:00+05:30,350,Birkur,1624,Birkur,5,Maize,5,Common,0.0,137.0,1800.0,1850.0,1850.0,0.0,0.0
2021-04-10 00:00:00+05:30,301,Devarakadra,1352,Devarakadra,1,Paddy,272,Grade-A (Sonamasuri),0.0,532.0,1501.0,1619.0,1560.0,0.0,0.0
2021-04-10 00:00:00+05:30,312,Wanaparthy Town,1344,W.P.Town,1,Paddy,272,Grade-A (Sonamasuri),0.0,68.0,1840.0,1840.0,1840.0,0.0,0.0
2021-04-10 00:00:00+05:30,272,Miryalguda,1228,Damaracherla,1,Paddy,270,Grade-A (1010),0.0,898.0,1888.0,1888.0,1888.0,0.0,0.0
2021-04-10 00:00:00+05:30,263,Alair,1240,motakondu,1,Paddy,195,Grade-A,0.0,1.0,1888.0,1888.0,1888.0,0.0,0.0
2021-04-10 00:00:00+05:30,309,Narayanpet,1342,Narayanpet,1,Paddy,272,Grade-A (Sonamasuri),0.0,19.61,1285.0,1285.0,1285.0,0.0,0.0
2021-04-10 00:00:00+05:30,367,Gudimalkapur,1571,Gudumalkapur,98,Cabbage,98,Common,0.0,224.0,200.0,400.0,300.0,0.0,0.0
2021-04-10 00:00:00+05:30,306,Mahbubnagar,1326,Mahaboobnagar,1,Paddy,272,Grade-A (Sonamasuri),0.0,89.0,1645.0,1706.0,1706.0,0.0,0.0
2021-04-10 00:00:00+05:30,302,Gadwal,1328,Gadwal,1,Paddy,272,Grade-A (Sonamasuri),0.0,235.0,1560.0,1649.0,1612.0,0.0,0.0
2021-04-10 00:00:00+05:30,238,Jangoan,1169,Jangaon,1,Paddy,237,Grade-A(IR64),0.0,2789.15,1201.0,1529.0,1349.0,0.0,0.0
2021-04-10 00:00:00+05:30,248,Nekkonda,1192,Nekkonda,5,Maize,5,Common,0.0,260.0,1375.0,1554.0,1547.0,0.0,0.0
2021-04-10 00:00:00+05:30,278,Suryapet,1091,Suryapet,1,Paddy,237,Grade-A(IR64),0.0,3264.0,1300.0,1579.0,1368.0,0.0,0.0
2021-04-10 00:00:00+05:30,313,Ibrahimpatnam(RR),42,Ibrahimpatnam,112,Ladys Finger,112,Common,0.0,6.0,1500.0,2000.0,1800.0,0.0,0.0
2021-04-09 00:00:00+05:30,350,Birkur,1624,Birkur,5,Maize,5,Common,0.0,170.0,1800.0,1850.0,1850.0,0.0,0.0
2021-04-10 00:00:00+05:30,186,Adilabad,10,Adilabad,14,Bengal Gram,14,Common,0.0,1951.5,5100.0,5100.0,5100.0,0.0,0.0
2021-04-10 00:00:00+05:30,189,Boath,12,Boath,14,Bengal Gram,14,Common,0.0,120.0,5100.0,5100.0,5100.0,0.0,0.0
2021-04-09 00:00:00+05:30,312,Wanaparthy Town,1344,W.P.Town,1,Paddy,272,Grade-A (Sonamasuri),0.0,29.0,1629.0,1728.0,1629.0,0.0,0.0
2021-04-09 00:00:00+05:30,263,Alair,1240,motakondu,1,Paddy,195,Grade-A,0.0,1.0,1888.0,1888.0,1888.0,0.0,0.0
2021-04-09 00:00:00+05:30,301,Devarakadra,1352,Devarakadra,1,Paddy,272,Grade-A (Sonamasuri),0.0,395.0,1301.0,1636.0,1469.0,0.0,0.0
2021-04-10 00:00:00+05:30,325,Hyderabad,7,Meeralamandi,99,Cauliflower,99,Common,0.0,16.0,600.0,800.0,700.0,0.0,0.0
2021-04-10 00:00:00+05:30,325,Hyderabad,5,Mahabubmansion,54,Chillies(Dry),220,No.II,0.0,704.0,6000.0,10000.0,8000.0,0.0,0.0
2021-04-10 00:00:00+05:30,324,Bowenpally,3,Bowenpally,98,Cabbage,98,Common,0.0,556.0,300.0,500.0,400.0,0.0,0.0
2021-04-09 00:00:00+05:30,309,Narayanpet,1342,Narayanpet,1,Paddy,272,Grade-A (Sonamasuri),0.0,27.0,1509.0,1539.0,1509.0,0.0,0.0
2021-04-09 00:00:00+05:30,367,Gudimalkapur,1571,Gudumalkapur,98,Cabbage,98,Common,0.0,217.0,200.0,400.0,300.0,0.0,0.0
2021-04-09 00:00:00+05:30,302,Gadwal,1328,Gadwal,1,Paddy,272,Grade-A (Sonamasuri),0.0,110.0,1556.0,1629.0,1612.0,0.0,0.0
2021-04-09 00:00:00+05:30,306,Mahbubnagar,1326,Mahaboobnagar,1,Paddy,272,Grade-A (Sonamasuri),0.0,6.0,1706.0,1706.0,1706.0,0.0,0.0
2021-04-09 00:00:00+05:30,248,Nekkonda,1192,Nekkonda,5,Maize,5,Common,0.0,135.0,1544.0,1551.0,1547.0,0.0,0.0
2021-04-09 00:00:00+05:30,238,Jangoan,1169,Jangaon,1,Paddy,237,Grade-A(IR64),0.0,2852.2,1209.0,1519.0,1439.0,0.0,0.0
2021-04-09 00:00:00+05:30,224,Korutla,1136,Korutla,5,Maize,5,Common,0.0,600.0,1850.0,1850.0,1850.0,0.0,0.0
2021-04-09 00:00:00+05:30,278,Suryapet,1091,Suryapet,1,Paddy,237,Grade-A(IR64),0.0,3211.0,1300.0,1609.0,1341.0,0.0,0.0
2021-04-09 00:00:00+05:30,313,Ibrahimpatnam(RR),42,Ibrahimpatnam,112,Ladys Finger,112,Common,0.0,5.0,1500.0,2000.0,1200.0,0.0,0.0
2021-04-09 00:00:00+05:30,186,Adilabad,10,Adilabad,14,Bengal Gram,14,Common,0.0,309.5,5100.0,5100.0,5100.0,0.0,0.0
2021-04-09 00:00:00+05:30,189,Boath,12,Boath,14,Bengal Gram,14,Common,0.0,219.0,5100.0,5100.0,5100.0,0.0,0.0
2021-04-09 00:00:00+05:30,325,Hyderabad,5,Mahabubmansion,54,Chillies(Dry),220,No.II,0.0,1143.0,4000.0,10000.0,8000.0,0.0,0.0
2021-04-09 00:00:00+05:30,325,Hyderabad,6,Madannapeta,99,Cauliflower,99,Common,0.0,3.0,1000.0,1000.0,1000.0,0.0,0.0
2021-04-09 00:00:00+05:30,324,Bowenpally,3,Bowenpally,98,Cabbage,98,Common,0.0,784.0,200.0,800.0,600.0,0.0,0.0
2021-04-09 00:00:00+05:30,323,Gaddiannaram,2,L.B Nagar,99,Cauliflower,99,Common,0.0,18.0,1500.0,2000.0,1700.0,0.0,0.0
2021-04-08 00:00:00+05:30,349,Bicknoor,1623,Bicknoor,5,Maize,5,Common,0.0,210.0,1700.0,1905.0,1905.0,0.0,0.0
2021-04-08 00:00:00+05:30,350,Birkur,1624,Birkur,5,Maize,5,Common,0.0,2100.0,1800.0,1868.0,1868.0,0.0,0.0
2021-04-08 00:00:00+05:30,301,Devarakadra,1352,Devarakadra,1,Paddy,272,Grade-A (Sonamasuri),0.0,372.0,1466.0,1726.0,1596.0,0.0,0.0
2021-04-08 00:00:00+05:30,263,Alair,1240,motakondu,1,Paddy,195,Grade-A,0.0,1.0,1888.0,1888.0,1888.0,0.0,0.0
2021-04-08 00:00:00+05:30,309,Narayanpet,1342,Narayanpet,1,Paddy,272,Grade-A (Sonamasuri),0.0,58.8,1350.0,1609.0,1350.0,0.0,0.0
2021-04-08 00:00:00+05:30,300,Badepally,1327,Badepally,1,Paddy,195,Grade-A,0.0,30.0,1315.0,1315.0,1315.0,0.0,0.0
2021-04-08 00:00:00+05:30,367,Gudimalkapur,1571,Gudumalkapur,98,Cabbage,98,Common,0.0,327.0,200.0,400.0,300.0,0.0,0.0
2021-04-08 00:00:00+05:30,302,Gadwal,1328,Gadwal,1,Paddy,272,Grade-A (Sonamasuri),0.0,94.0,1583.0,1639.0,1629.0,0.0,0.0
2021-04-07 00:00:00+05:30,263,Alair,1240,motakondu,1,Paddy,195,Grade-A,0.0,1.0,1888.0,1888.0,1888.0,0.0,0.0
2021-04-08 00:00:00+05:30,238,Jangoan,1169,Jangaon,1,Paddy,237,Grade-A(IR64),0.0,1790.75,1209.0,1519.0,1379.0,0.0,0.0
2021-04-08 00:00:00+05:30,248,Nekkonda,1192,Nekkonda,5,Maize,5,Common,0.0,195.0,1539.0,1549.0,1540.0,0.0,0.0
2021-04-08 00:00:00+05:30,278,Suryapet,1091,Suryapet,1,Paddy,237,Grade-A(IR64),0.0,5137.0,1301.0,1609.0,1356.0,0.0,0.0
2021-04-08 00:00:00+05:30,313,Ibrahimpatnam(RR),42,Ibrahimpatnam,112,Ladys Finger,112,Common,0.0,5.0,2000.0,2500.0,2200.0,0.0,0.0
2021-04-08 00:00:00+05:30,186,Adilabad,10,Adilabad,14,Bengal Gram,14,Common,0.0,4223.5,5100.0,5100.0,5100.0,0.0,0.0
2021-04-08 00:00:00+05:30,189,Boath,12,Boath,14,Bengal Gram,14,Common,0.0,888.0,5100.0,5100.0,5100.0,0.0,0.0
2021-04-08 00:00:00+05:30,325,Hyderabad,7,Meeralamandi,99,Cauliflower,99,Common,0.0,7.0,600.0,800.0,700.0,0.0,0.0
2021-04-08 00:00:00+05:30,325,Hyderabad,6,Madannapeta,99,Cauliflower,99,Common,0.0,8.0,1000.0,1000.0,1000.0,0.0,0.0
2021-04-08 00:00:00+05:30,325,Hyderabad,5,Mahabubmansion,54,Chillies(Dry),220,No.II,0.0,1207.0,4000.0,10000.0,9000.0,0.0,0.0
2021-04-07 00:00:00+05:30,301,Devarakadra,1352,Devarakadra,1,Paddy,272,Grade-A (Sonamasuri),0.0,98.0,1593.0,1633.0,1613.0,0.0,0.0
2021-04-07 00:00:00+05:30,349,Bicknoor,1623,Bicknoor,5,Maize,5,Common,0.0,253.0,1500.0,1850.0,1650.0,0.0,0.0
2021-04-07 00:00:00+05:30,350,Birkur,1624,Birkur,5,Maize,5,Common,0.0,1440.0,1800.0,1868.0,1860.0,0.0,0.0
2021-04-08 00:00:00+05:30,323,Gaddiannaram,2,L.B Nagar,99,Cauliflower,99,Common,0.0,8.0,1500.0,2000.0,1700.0,0.0,0.0
2021-04-08 00:00:00+05:30,324,Bowenpally,3,Bowenpally,98,Cabbage,98,Common,0.0,729.0,400.0,800.0,600.0,0.0,0.0
2021-04-07 00:00:00+05:30,367,Gudimalkapur,1571,Gudumalkapur,98,Cabbage,98,Common,0.0,271.0,200.0,400.0,300.0,0.0,0.0
2021-04-07 00:00:00+05:30,302,Gadwal,1328,Gadwal,1,Paddy,272,Grade-A (Sonamasuri),0.0,70.0,1526.0,1629.0,1559.0,0.0,0.0
2021-04-07 00:00:00+05:30,306,Mahbubnagar,1326,Mahaboobnagar,1,Paddy,272,Grade-A (Sonamasuri),0.0,21.0,1706.0,1706.0,1706.0,0.0,0.0
2021-04-07 00:00:00+05:30,292,Zaheerabad,1198,Zaheerabad,3,Wheat,3,Common,0.0,7.5,1760.0,1810.0,1766.0,0.0,0.0
2021-04-07 00:00:00+05:30,238,Jangoan,1169,Jangaon,1,Paddy,237,Grade-A(IR64),0.0,1747.2,1209.0,1519.0,1369.0,0.0,0.0
2021-04-07 00:00:00+05:30,278,Suryapet,1091,Suryapet,1,Paddy,237,Grade-A(IR64),0.0,6295.0,1301.0,1589.0,1409.0,0.0,0.0
2021-04-07 00:00:00+05:30,313,Ibrahimpatnam(RR),42,Ibrahimpatnam,112,Ladys Finger,112,Common,0.0,5.0,2000.0,3000.0,2500.0,0.0,0.0
2021-04-07 00:00:00+05:30,186,Adilabad,10,Adilabad,14,Bengal Gram,14,Common,0.0,294.0,5100.0,5100.0,5100.0,0.0,0.0
2021-04-07 00:00:00+05:30,189,Boath,12,Boath,14,Bengal Gram,14,Common,0.0,1491.0,5100.0,5100.0,5100.0,0.0,0.0
2021-04-07 00:00:00+05:30,325,Hyderabad,5,Mahabubmansion,54,Chillies(Dry),220,No.II,0.0,1294.0,4000.0,10000.0,9000.0,0.0,0.0
2021-04-07 00:00:00+05:30,325,Hyderabad,7,Meeralamandi,99,Cauliflower,99,Common,0.0,8.0,700.0,800.0,750.0,0.0,0.0
2021-04-07 00:00:00+05:30,325,Hyderabad,6,Madannapeta,99,Cauliflower,99,Common,0.0,13.0,1000.0,1000.0,1000.0,0.0,0.0
2021-04-18 00:00:00+05:30,312,Wanaparthy Town,1344,W.P.Town,1,Paddy,272,Grade-A (Sonamasuri),0.0,128.0,1520.0,1817.0,1720.0,0.0,0.0
2021-04-19 00:00:00+05:30,325,Hyderabad,5,Mahabubmansion,54,Chillies(Dry),220,No.II,0.0,2034.0,3000.0,8000.0,7000.0,0.0,0.0
2021-04-19 00:00:00+05:30,324,Bowenpally,3,Bowenpally,98,Cabbage,98,Common,0.0,560.0,500.0,800.0,700.0,0.0,0.0
2021-04-19 00:00:00+05:30,323,Gaddiannaram,2,L.B Nagar,99,Cauliflower,99,Common,0.0,20.0,1000.0,2000.0,1500.0,0.0,0.0
2021-04-18 00:00:00+05:30,367,Gudimalkapur,1571,Gudumalkapur,98,Cabbage,98,Common,0.0,536.0,200.0,400.0,300.0,0.0,0.0
2021-04-17 00:00:00+05:30,272,Miryalguda,1228,Damaracherla,1,Paddy,270,Grade-A (1010),0.0,1537.0,1888.0,1888.0,1888.0,0.0,0.0
2021-04-18 00:00:00+05:30,272,Miryalguda,1228,Damaracherla,1,Paddy,270,Grade-A (1010),0.0,1895.0,1888.0,1888.0,1888.0,0.0,0.0
2021-04-18 00:00:00+05:30,263,Alair,1240,motakondu,1,Paddy,195,Grade-A,0.0,1.0,1888.0,1888.0,1888.0,0.0,0.0
2021-04-18 00:00:00+05:30,313,Ibrahimpatnam(RR),42,Ibrahimpatnam,112,Ladys Finger,112,Common,0.0,5.0,1500.0,2000.0,1800.0,0.0,0.0
2021-04-18 00:00:00+05:30,323,Gaddiannaram,2,L.B Nagar,99,Cauliflower,99,Common,0.0,12.0,1000.0,1200.0,1100.0,0.0,0.0
2021-04-17 00:00:00+05:30,301,Devarakadra,1352,Devarakadra,1,Paddy,272,Grade-A (Sonamasuri),0.0,872.0,1409.0,1613.0,1511.0,0.0,0.0
2021-04-17 00:00:00+05:30,312,Wanaparthy Town,1344,W.P.Town,1,Paddy,272,Grade-A (Sonamasuri),0.0,97.0,1630.0,1802.0,1630.0,0.0,0.0
2021-04-17 00:00:00+05:30,309,Narayanpet,1342,Narayanpet,1,Paddy,272,Grade-A (Sonamasuri),0.0,97.8,1446.0,1636.0,1636.0,0.0,0.0
2021-04-17 00:00:00+05:30,367,Gudimalkapur,1571,Gudumalkapur,98,Cabbage,98,Common,0.0,237.0,200.0,600.0,400.0,0.0,0.0
2021-04-17 00:00:00+05:30,306,Mahbubnagar,1326,Mahaboobnagar,1,Paddy,272,Grade-A (Sonamasuri),0.0,339.0,1422.0,1727.0,1422.0,0.0,0.0
2021-04-16 00:00:00+05:30,301,Devarakadra,1352,Devarakadra,1,Paddy,272,Grade-A (Sonamasuri),0.0,631.0,1450.0,1679.0,1565.0,0.0,0.0
2021-04-17 00:00:00+05:30,219,Jagtial,1125,Jagtial,1,Paddy,241,Grade-A (Jai Sri Ram),0.0,6.0,1725.0,1725.0,1725.0,0.0,0.0
2021-04-17 00:00:00+05:30,238,Jangoan,1169,Jangaon,1,Paddy,237,Grade-A(IR64),0.0,3190.2,1202.0,1539.0,1389.0,0.0,0.0
2021-04-17 00:00:00+05:30,278,Suryapet,1091,Suryapet,1,Paddy,237,Grade-A(IR64),0.0,3612.0,1301.0,1589.0,1356.0,0.0,0.0
2021-04-17 00:00:00+05:30,248,Nekkonda,1192,Nekkonda,5,Maize,5,Common,0.0,232.0,1522.0,1546.0,1541.0,0.0,0.0
2021-04-17 00:00:00+05:30,300,Badepally,1327,Badepally,1,Paddy,195,Grade-A,0.0,84.0,1327.0,1429.0,1429.0,0.0,0.0
2021-04-17 00:00:00+05:30,302,Gadwal,1328,Gadwal,1,Paddy,272,Grade-A (Sonamasuri),0.0,992.0,1538.0,1672.0,1648.0,0.0,0.0
2021-04-17 00:00:00+05:30,313,Ibrahimpatnam(RR),42,Ibrahimpatnam,112,Ladys Finger,112,Common,0.0,5.0,2000.0,2500.0,2200.0,0.0,0.0
2021-04-16 00:00:00+05:30,309,Narayanpet,1342,Narayanpet,1,Paddy,272,Grade-A (Sonamasuri),0.0,223.8,1371.0,1663.0,1663.0,0.0,0.0
2021-04-17 00:00:00+05:30,325,Hyderabad,5,Mahabubmansion,54,Chillies(Dry),220,No.II,0.0,1309.0,4000.0,9000.0,6000.0,0.0,0.0
2021-04-17 00:00:00+05:30,324,Bowenpally,3,Bowenpally,98,Cabbage,98,Common,0.0,1294.0,500.0,800.0,700.0,0.0,0.0
2021-04-17 00:00:00+05:30,323,Gaddiannaram,2,L.B Nagar,99,Cauliflower,99,Common,0.0,19.0,800.0,1200.0,1000.0,0.0,0.0
2021-04-16 00:00:00+05:30,367,Gudimalkapur,1571,Gudumalkapur,98,Cabbage,98,Common,0.0,244.0,200.0,400.0,300.0,0.0,0.0
2021-04-16 00:00:00+05:30,300,Badepally,1327,Badepally,1,Paddy,195,Grade-A,0.0,23.0,1329.0,1369.0,1329.0,0.0,0.0
2021-04-16 00:00:00+05:30,302,Gadwal,1328,Gadwal,1,Paddy,272,Grade-A (Sonamasuri),0.0,721.0,1509.0,1681.0,1678.0,0.0,0.0
2021-04-16 00:00:00+05:30,306,Mahbubnagar,1326,Mahaboobnagar,1,Paddy,272,Grade-A (Sonamasuri),0.0,274.0,1504.0,1722.0,1714.0,0.0,0.0
2021-04-16 00:00:00+05:30,272,Miryalguda,1228,Damaracherla,1,Paddy,270,Grade-A (1010),0.0,1479.0,1888.0,1888.0,1888.0,0.0,0.0
2021-04-16 00:00:00+05:30,263,Alair,1240,motakondu,1,Paddy,195,Grade-A,0.0,1.0,1888.0,1888.0,1888.0,0.0,0.0
2021-04-16 00:00:00+05:30,248,Nekkonda,1192,Nekkonda,5,Maize,5,Common,0.0,245.0,1470.0,1557.0,1544.0,0.0,0.0
2021-04-16 00:00:00+05:30,224,Korutla,1136,Korutla,5,Maize,5,Common,0.0,150.0,1850.0,1850.0,1850.0,0.0,0.0
2021-04-16 00:00:00+05:30,238,Jangoan,1169,Jangaon,1,Paddy,237,Grade-A(IR64),0.0,3267.55,1209.0,1549.0,1449.0,0.0,0.0
2021-04-16 00:00:00+05:30,278,Suryapet,1091,Suryapet,1,Paddy,237,Grade-A(IR64),0.0,4835.0,1301.0,1589.0,1366.0,0.0,0.0
2021-04-16 00:00:00+05:30,202,Armoor,1084,Armoor,5,Maize,215,Hybrid New,0.0,183.0,1850.0,1850.0,1850.0,0.0,0.0
2021-04-16 00:00:00+05:30,208,Nizamabad,1080,Nizamabad,1,Paddy,238,Grade-A (BPT),0.0,23.0,1225.0,1225.0,1225.0,0.0,0.0
2021-04-16 00:00:00+05:30,313,Ibrahimpatnam(RR),42,Ibrahimpatnam,112,Ladys Finger,112,Common,0.0,6.0,1500.0,2500.0,2000.0,0.0,0.0
2021-04-15 00:00:00+05:30,301,Devarakadra,1352,Devarakadra,1,Paddy,272,Grade-A (Sonamasuri),0.0,595.0,1426.0,1651.0,1539.0,0.0,0.0
2021-04-16 00:00:00+05:30,325,Hyderabad,6,Madannapeta,99,Cauliflower,99,Common,0.0,4.0,1000.0,1000.0,1000.0,0.0,0.0
2021-04-16 00:00:00+05:30,325,Hyderabad,5,Mahabubmansion,54,Chillies(Dry),220,No.II,0.0,1550.0,4000.0,1000.0,9000.0,0.0,0.0
2021-04-15 00:00:00+05:30,312,Wanaparthy Town,1344,W.P.Town,1,Paddy,272,Grade-A (Sonamasuri),0.0,31.0,1659.0,1790.0,1766.0,0.0,0.0
2021-04-15 00:00:00+05:30,309,Narayanpet,1342,Narayanpet,1,Paddy,272,Grade-A (Sonamasuri),0.0,228.6,1321.0,1659.0,1589.0,0.0,0.0
2021-04-15 00:00:00+05:30,300,Badepally,1327,Badepally,1,Paddy,195,Grade-A,0.0,207.0,1314.0,1419.0,1419.0,0.0,0.0
2021-04-16 00:00:00+05:30,323,Gaddiannaram,2,L.B Nagar,99,Cauliflower,99,Common,0.0,7.0,2000.0,2000.0,2000.0,0.0,0.0
2021-04-16 00:00:00+05:30,324,Bowenpally,3,Bowenpally,98,Cabbage,98,Common,0.0,1065.0,400.0,800.0,600.0,0.0,0.0
2021-04-15 00:00:00+05:30,367,Gudimalkapur,1571,Gudumalkapur,98,Cabbage,98,Common,0.0,116.0,200.0,400.0,300.0,0.0,0.0
2021-04-15 00:00:00+05:30,302,Gadwal,1328,Gadwal,1,Paddy,272,Grade-A (Sonamasuri),0.0,385.0,1532.0,1687.0,1646.0,0.0,0.0
2021-04-15 00:00:00+05:30,306,Mahbubnagar,1326,Mahaboobnagar,1,Paddy,272,Grade-A (Sonamasuri),0.0,270.0,1451.0,1712.0,1502.0,0.0,0.0
2021-04-15 00:00:00+05:30,272,Miryalguda,1228,Damaracherla,1,Paddy,270,Grade-A (1010),0.0,1464.0,1888.0,1888.0,1888.0,0.0,0.0
2021-04-15 00:00:00+05:30,263,Alair,1240,motakondu,1,Paddy,195,Grade-A,0.0,1.0,1888.0,1888.0,1888.0,0.0,0.0
2021-04-15 00:00:00+05:30,248,Nekkonda,1192,Nekkonda,5,Maize,5,Common,0.0,40.0,1515.0,1549.0,1515.0,0.0,0.0
2021-04-15 00:00:00+05:30,238,Jangoan,1169,Jangaon,1,Paddy,237,Grade-A(IR64),0.0,4609.8,1201.0,1551.0,1411.0,0.0,0.0
2021-04-15 00:00:00+05:30,278,Suryapet,1091,Suryapet,1,Paddy,237,Grade-A(IR64),0.0,5531.0,1301.0,1589.0,1346.0,0.0,0.0
2021-04-15 00:00:00+05:30,313,Ibrahimpatnam(RR),42,Ibrahimpatnam,112,Ladys Finger,112,Common,0.0,5.0,1500.0,2000.0,1800.0,0.0,0.0
2021-04-13 00:00:00+05:30,349,Bicknoor,1623,Bicknoor,5,Maize,5,Common,0.0,470.0,1400.0,1850.0,1808.0,0.0,0.0
2021-04-15 00:00:00+05:30,325,Hyderabad,5,Mahabubmansion,54,Chillies(Dry),220,No.II,0.0,718.0,4000.0,11000.0,8000.0,0.0,0.0
2021-04-15 00:00:00+05:30,325,Hyderabad,6,Madannapeta,99,Cauliflower,99,Common,0.0,8.0,1000.0,1000.0,1000.0,0.0,0.0
2021-04-15 00:00:00+05:30,323,Gaddiannaram,2,L.B Nagar,99,Cauliflower,99,Common,0.0,26.0,1500.0,2000.0,1700.0,0.0,0.0
2021-04-15 00:00:00+05:30,324,Bowenpally,3,Bowenpally,98,Cabbage,98,Common,0.0,491.0,500.0,800.0,700.0,0.0,0.0
2021-04-14 00:00:00+05:30,367,Gudimalkapur,1571,Gudumalkapur,98,Cabbage,98,Common,0.0,93.0,200.0,400.0,300.0,0.0,0.0
2021-04-14 00:00:00+05:30,272,Miryalguda,1228,Damaracherla,1,Paddy,270,Grade-A (1010),0.0,1808.0,1888.0,1888.0,1888.0,0.0,0.0
2021-04-14 00:00:00+05:30,263,Alair,1240,motakondu,1,Paddy,195,Grade-A,0.0,1.0,1888.0,1888.0,1888.0,0.0,0.0
2021-04-14 00:00:00+05:30,313,Ibrahimpatnam(RR),42,Ibrahimpatnam,112,Ladys Finger,112,Common,0.0,5.0,1500.0,2000.0,1800.0,0.0,0.0
2021-04-14 00:00:00+05:30,325,Hyderabad,6,Madannapeta,99,Cauliflower,99,Common,0.0,11.0,1000.0,1000.0,1000.0,0.0,0.0
2021-04-14 00:00:00+05:30,323,Gaddiannaram,2,L.B Nagar,99,Cauliflower,99,Common,0.0,26.0,1500.0,2000.0,1700.0,0.0,0.0
2021-04-14 00:00:00+05:30,324,Bowenpally,3,Bowenpally,98,Cabbage,98,Common,0.0,580.0,400.0,700.0,600.0,0.0,0.0
2021-04-13 00:00:00+05:30,224,Korutla,1136,Korutla,5,Maize,5,Common,0.0,500.0,1850.0,1850.0,1850.0,0.0,0.0
2021-04-13 00:00:00+05:30,263,Alair,1240,motakondu,1,Paddy,195,Grade-A,0.0,1.0,1888.0,1888.0,1888.0,0.0,0.0
2021-04-12 00:00:00+05:30,349,Bicknoor,1623,Bicknoor,5,Maize,5,Common,0.0,490.0,1400.0,1850.0,1816.0,0.0,0.0
2021-04-12 00:00:00+05:30,312,Wanaparthy Town,1344,W.P.Town,1,Paddy,272,Grade-A (Sonamasuri),0.0,172.0,1629.0,1865.0,1865.0,0.0,0.0
2021-04-12 00:00:00+05:30,367,Gudimalkapur,1571,Gudumalkapur,98,Cabbage,98,Common,0.0,202.0,200.0,400.0,300.0,0.0,0.0
2021-04-12 00:00:00+05:30,278,Suryapet,1091,Suryapet,1,Paddy,237,Grade-A(IR64),0.0,2440.0,1306.0,1619.0,1372.0,0.0,0.0
2021-04-12 00:00:00+05:30,272,Miryalguda,1228,Damaracherla,1,Paddy,270,Grade-A (1010),0.0,2185.0,1888.0,1888.0,1888.0,0.0,0.0
2021-04-12 00:00:00+05:30,263,Alair,1240,motakondu,1,Paddy,195,Grade-A,0.0,1.0,1888.0,1888.0,1888.0,0.0,0.0
2021-04-24 00:00:00+05:30,301,Devarakadra,1352,Devarakadra,1,Paddy,272,Grade-A (Sonamasuri),0.0,4527.0,1301.0,1557.0,1429.0,0.0,0.0
2021-04-25 00:00:00+05:30,313,Ibrahimpatnam(RR),42,Ibrahimpatnam,112,Ladys Finger,112,Common,0.0,10.0,800.0,1400.0,1100.0,0.0,0.0
2021-04-25 00:00:00+05:30,325,Hyderabad,6,Madannapeta,99,Cauliflower,99,Common,0.0,13.0,1000.0,1000.0,1000.0,0.0,0.0
2021-04-25 00:00:00+05:30,323,Gaddiannaram,2,L.B Nagar,99,Cauliflower,99,Common,0.0,12.0,1000.0,2000.0,1500.0,0.0,0.0
2021-04-24 00:00:00+05:30,312,Wanaparthy Town,1344,W.P.Town,1,Paddy,272,Grade-A (Sonamasuri),0.0,321.0,1479.0,1740.0,1601.0,0.0,0.0
2021-04-24 00:00:00+05:30,309,Narayanpet,1342,Narayanpet,1,Paddy,272,Grade-A (Sonamasuri),0.0,949.2,1192.0,1616.0,1586.0,0.0,0.0
2021-04-24 00:00:00+05:30,367,Gudimalkapur,1571,Gudumalkapur,98,Cabbage,98,Common,0.0,194.0,200.0,400.0,300.0,0.0,0.0
2021-04-24 00:00:00+05:30,302,Gadwal,1328,Gadwal,1,Paddy,272,Grade-A (Sonamasuri),0.0,2808.0,1401.0,1440.0,1408.0,0.0,0.0
2021-04-24 00:00:00+05:30,300,Badepally,1327,Badepally,1,Paddy,195,Grade-A,0.0,304.0,1269.0,1457.0,1406.0,0.0,0.0
2021-04-24 00:00:00+05:30,306,Mahbubnagar,1326,Mahaboobnagar,1,Paddy,272,Grade-A (Sonamasuri),0.0,809.0,1251.0,1722.0,1612.0,0.0,0.0
2021-04-24 00:00:00+05:30,263,Alair,1240,motakondu,1,Paddy,195,Grade-A,0.0,1.0,1888.0,1888.0,1888.0,0.0,0.0
2021-04-24 00:00:00+05:30,263,Alair,1240,motakondu,1,Paddy,195,Grade-A,0.0,1.0,1888.0,1888.0,1888.0,0.0,0.0
2021-04-24 00:00:00+05:30,248,Nekkonda,1192,Nekkonda,5,Maize,5,Common,0.0,780.0,1537.0,1550.0,1540.0,0.0,0.0
2021-04-24 00:00:00+05:30,238,Jangoan,1169,Jangaon,1,Paddy,237,Grade-A(IR64),0.0,3040.05,1209.0,1579.0,1489.0,0.0,0.0
2021-04-24 00:00:00+05:30,218,Huzurabad,1128,Huzurabad,1,Paddy,195,Grade-A,0.0,1250.0,1888.0,1888.0,1888.0,0.0,0.0
2021-04-24 00:00:00+05:30,218,Huzurabad,1128,Huzurabad,1,Paddy,195,Grade-A,0.0,1250.0,1888.0,1888.0,1888.0,0.0,0.0
2021-04-24 00:00:00+05:30,230,Sultanabad,1124,Sultanabad,1,Paddy,270,Grade-A (1010),0.0,1022.0,1888.0,1888.0,1888.0,0.0,0.0
2021-04-24 00:00:00+05:30,278,Suryapet,1091,Suryapet,1,Paddy,237,Grade-A(IR64),0.0,5216.0,1300.0,1536.0,1369.0,0.0,0.0
2021-04-24 00:00:00+05:30,313,Ibrahimpatnam(RR),42,Ibrahimpatnam,112,Ladys Finger,112,Common,0.0,10.0,1000.0,1500.0,1200.0,0.0,0.0
2021-04-24 00:00:00+05:30,325,Hyderabad,5,Mahabubmansion,54,Chillies(Dry),220,No.II,0.0,575.0,3000.0,9000.0,6000.0,0.0,0.0
2021-04-23 00:00:00+05:30,312,Wanaparthy Town,1344,W.P.Town,1,Paddy,272,Grade-A (Sonamasuri),0.0,159.0,1510.0,1830.0,1640.0,0.0,0.0
2021-04-23 00:00:00+05:30,263,Alair,1240,motakondu,1,Paddy,195,Grade-A,0.0,1.0,1888.0,1888.0,1888.0,0.0,0.0
2021-04-23 00:00:00+05:30,309,Narayanpet,1342,Narayanpet,1,Paddy,272,Grade-A (Sonamasuri),0.0,451.2,1203.0,1631.0,1529.0,0.0,0.0
2021-04-24 00:00:00+05:30,323,Gaddiannaram,2,L.B Nagar,99,Cauliflower,99,Common,0.0,20.0,1000.0,2000.0,1200.0,0.0,0.0
2021-04-23 00:00:00+05:30,367,Gudimalkapur,1571,Gudumalkapur,98,Cabbage,98,Common,0.0,204.0,200.0,400.0,300.0,0.0,0.0
2021-04-23 00:00:00+05:30,306,Mahbubnagar,1326,Mahaboobnagar,1,Paddy,272,Grade-A (Sonamasuri),0.0,798.0,1201.0,1462.0,1202.0,0.0,0.0
2021-04-23 00:00:00+05:30,292,Zaheerabad,1198,Zaheerabad,3,Wheat,3,Common,0.0,2.0,1690.0,1690.0,1690.0,0.0,0.0
2021-04-23 00:00:00+05:30,300,Badepally,1327,Badepally,1,Paddy,195,Grade-A,0.0,187.0,1269.0,1456.0,1305.0,0.0,0.0
2021-04-23 00:00:00+05:30,302,Gadwal,1328,Gadwal,1,Paddy,272,Grade-A (Sonamasuri),0.0,1781.0,1406.0,1505.0,1462.0,0.0,0.0
2021-04-23 00:00:00+05:30,308,Nagarkurnool,1334,Nagarkurnool,1,Paddy,271,Common (Hamsa),0.0,30.0,1620.0,1620.0,1620.0,0.0,0.0
2021-04-23 00:00:00+05:30,238,Jangoan,1169,Jangaon,1,Paddy,237,Grade-A(IR64),0.0,3705.0,1201.0,1489.0,1349.0,0.0,0.0
2021-04-23 00:00:00+05:30,230,Sultanabad,1124,Sultanabad,1,Paddy,270,Grade-A (1010),0.0,383.0,1888.0,1888.0,1888.0,0.0,0.0
2021-04-23 00:00:00+05:30,313,Ibrahimpatnam(RR),42,Ibrahimpatnam,112,Ladys Finger,112,Common,0.0,5.0,1000.0,1500.0,1200.0,0.0,0.0
2021-04-22 00:00:00+05:30,301,Devarakadra,1352,Devarakadra,1,Paddy,272,Grade-A (Sonamasuri),0.0,3876.0,1309.0,1609.0,1459.0,0.0,0.0
2021-04-23 00:00:00+05:30,325,Hyderabad,5,Mahabubmansion,54,Chillies(Dry),220,No.II,0.0,765.0,3000.0,9000.0,6000.0,0.0,0.0
2021-04-23 00:00:00+05:30,323,Gaddiannaram,2,L.B Nagar,99,Cauliflower,99,Common,0.0,17.0,1000.0,1500.0,1200.0,0.0,0.0
2021-04-22 00:00:00+05:30,367,Gudimalkapur,1571,Gudumalkapur,98,Cabbage,98,Common,0.0,231.0,200.0,400.0,300.0,0.0,0.0
2021-04-22 00:00:00+05:30,312,Wanaparthy Town,1344,W.P.Town,1,Paddy,272,Grade-A (Sonamasuri),0.0,396.0,1580.0,1836.0,1729.0,0.0,0.0
2021-04-22 00:00:00+05:30,263,Alair,1240,motakondu,1,Paddy,195,Grade-A,0.0,1.0,1888.0,1888.0,1888.0,0.0,0.0
2021-04-22 00:00:00+05:30,309,Narayanpet,1342,Narayanpet,1,Paddy,272,Grade-A (Sonamasuri),0.0,669.0,1301.0,1669.0,1656.0,0.0,0.0
2021-04-22 00:00:00+05:30,306,Mahbubnagar,1326,Mahaboobnagar,1,Paddy,272,Grade-A (Sonamasuri),0.0,969.0,1187.0,1736.0,1553.0,0.0,0.0
2021-04-22 00:00:00+05:30,302,Gadwal,1328,Gadwal,1,Paddy,272,Grade-A (Sonamasuri),0.0,1336.0,1436.0,1528.0,1489.0,0.0,0.0
2021-04-22 00:00:00+05:30,300,Badepally,1327,Badepally,1,Paddy,195,Grade-A,0.0,365.0,1200.0,1506.0,1381.0,0.0,0.0
2021-04-22 00:00:00+05:30,238,Jangoan,1169,Jangaon,1,Paddy,237,Grade-A(IR64),0.0,4464.58,1201.0,1509.0,1389.0,0.0,0.0
2021-04-22 00:00:00+05:30,248,Nekkonda,1192,Nekkonda,5,Maize,5,Common,0.0,322.0,1526.0,1551.0,1546.0,0.0,0.0
2021-04-22 00:00:00+05:30,218,Huzurabad,1128,Huzurabad,1,Paddy,195,Grade-A,0.0,433.2,1888.0,1888.0,1888.0,0.0,0.0
2021-04-22 00:00:00+05:30,278,Suryapet,1091,Suryapet,1,Paddy,237,Grade-A(IR64),0.0,4512.0,1300.0,1609.0,1376.0,0.0,0.0
2021-04-22 00:00:00+05:30,313,Ibrahimpatnam(RR),42,Ibrahimpatnam,112,Ladys Finger,112,Common,0.0,6.0,1000.0,1500.0,1200.0,0.0,0.0
2021-04-22 00:00:00+05:30,325,Hyderabad,5,Mahabubmansion,54,Chillies(Dry),220,No.II,0.0,936.0,4000.0,10000.0,8000.0,0.0,0.0
2021-04-22 00:00:00+05:30,323,Gaddiannaram,2,L.B Nagar,99,Cauliflower,99,Common,0.0,17.0,1000.0,1500.0,1200.0,0.0,0.0
2021-04-21 00:00:00+05:30,367,Gudimalkapur,1571,Gudumalkapur,98,Cabbage,98,Common,0.0,77.0,200.0,400.0,300.0,0.0,0.0
2021-04-21 00:00:00+05:30,263,Alair,1240,motakondu,1,Paddy,195,Grade-A,0.0,1.0,1888.0,1888.0,1888.0,0.0,0.0
2021-04-21 00:00:00+05:30,313,Ibrahimpatnam(RR),42,Ibrahimpatnam,112,Ladys Finger,112,Common,0.0,5.0,1000.0,1500.0,1200.0,0.0,0.0
2021-04-20 00:00:00+05:30,309,Narayanpet,1342,Narayanpet,1,Paddy,272,Grade-A (Sonamasuri),0.0,58.2,1502.0,1651.0,1580.0,0.0,0.0
2021-04-21 00:00:00+05:30,323,Gaddiannaram,2,L.B Nagar,99,Cauliflower,99,Common,0.0,27.0,1000.0,2000.0,1500.0,0.0,0.0
2021-04-20 00:00:00+05:30,367,Gudimalkapur,1571,Gudumalkapur,98,Cabbage,98,Common,0.0,154.0,100.0,300.0,200.0,0.0,0.0
2021-04-20 00:00:00+05:30,302,Gadwal,1328,Gadwal,1,Paddy,272,Grade-A (Sonamasuri),0.0,1445.0,1406.0,1582.0,1538.0,0.0,0.0
2021-04-20 00:00:00+05:30,300,Badepally,1327,Badepally,1,Paddy,195,Grade-A,0.0,150.0,1239.0,1392.0,1269.0,0.0,0.0
2021-04-20 00:00:00+05:30,306,Mahbubnagar,1326,Mahaboobnagar,1,Paddy,272,Grade-A (Sonamasuri),0.0,518.0,1352.0,1748.0,1437.0,0.0,0.0
2021-04-20 00:00:00+05:30,272,Miryalguda,1228,Damaracherla,1,Paddy,270,Grade-A (1010),0.0,3321.0,1888.0,1888.0,1888.0,0.0,0.0
2021-04-20 00:00:00+05:30,263,Alair,1240,motakondu,1,Paddy,195,Grade-A,0.0,1.0,1888.0,1888.0,1888.0,0.0,0.0
2021-04-20 00:00:00+05:30,248,Nekkonda,1192,Nekkonda,5,Maize,5,Common,0.0,355.0,1540.0,1560.0,1557.0,0.0,0.0
2021-04-20 00:00:00+05:30,238,Jangoan,1169,Jangaon,1,Paddy,237,Grade-A(IR64),0.0,3470.35,1201.0,1519.0,1449.0,0.0,0.0
2021-04-20 00:00:00+05:30,278,Suryapet,1091,Suryapet,1,Paddy,237,Grade-A(IR64),0.0,3307.0,1301.0,1596.0,1389.0,0.0,0.0
2021-04-19 00:00:00+05:30,301,Devarakadra,1352,Devarakadra,1,Paddy,272,Grade-A (Sonamasuri),0.0,1828.0,1459.0,1629.0,1544.0,0.0,0.0
2021-04-20 00:00:00+05:30,313,Ibrahimpatnam(RR),42,Ibrahimpatnam,112,Ladys Finger,112,Common,0.0,5.0,1000.0,1500.0,1200.0,0.0,0.0
2021-04-20 00:00:00+05:30,325,Hyderabad,7,Meeralamandi,99,Cauliflower,99,Common,0.0,20.0,600.0,800.0,700.0,0.0,0.0
2021-04-20 00:00:00+05:30,325,Hyderabad,6,Madannapeta,99,Cauliflower,99,Common,0.0,1.0,1500.0,1500.0,1500.0,0.0,0.0
2021-04-20 00:00:00+05:30,325,Hyderabad,5,Mahabubmansion,54,Chillies(Dry),220,No.II,0.0,1113.0,4000.0,10000.0,7000.0,0.0,0.0
2021-04-19 00:00:00+05:30,312,Wanaparthy Town,1344,W.P.Town,1,Paddy,272,Grade-A (Sonamasuri),0.0,128.0,1521.0,1766.0,1640.0,0.0,0.0
2021-04-19 00:00:00+05:30,272,Miryalguda,1228,Damaracherla,1,Paddy,270,Grade-A (1010),0.0,4452.0,1888.0,1888.0,1888.0,0.0,0.0
2021-04-19 00:00:00+05:30,263,Alair,1240,motakondu,1,Paddy,195,Grade-A,0.0,1.0,1888.0,1888.0,1888.0,0.0,0.0
2021-04-19 00:00:00+05:30,309,Narayanpet,1342,Narayanpet,1,Paddy,272,Grade-A (Sonamasuri),0.0,253.8,1390.0,1651.0,1643.0,0.0,0.0
2021-04-19 00:00:00+05:30,308,Nagarkurnool,1334,Nagarkurnool,1,Paddy,271,Common (Hamsa),0.0,20.0,1710.0,1710.0,1710.0,0.0,0.0
2021-04-20 00:00:00+05:30,323,Gaddiannaram,2,L.B Nagar,99,Cauliflower,99,Common,0.0,11.0,1000.0,1500.0,1200.0,0.0,0.0
2021-04-20 00:00:00+05:30,324,Bowenpally,3,Bowenpally,98,Cabbage,98,Common,0.0,619.0,500.0,1000.0,800.0,0.0,0.0
2021-04-19 00:00:00+05:30,367,Gudimalkapur,1571,Gudumalkapur,98,Cabbage,98,Common,0.0,118.0,100.0,300.0,200.0,0.0,0.0
2021-04-19 00:00:00+05:30,302,Gadwal,1328,Gadwal,1,Paddy,272,Grade-A (Sonamasuri),0.0,1301.0,1501.0,1657.0,1622.0,0.0,0.0
2021-04-19 00:00:00+05:30,306,Mahbubnagar,1326,Mahaboobnagar,1,Paddy,272,Grade-A (Sonamasuri),0.0,614.0,1352.0,1748.0,1437.0,0.0,0.0
2021-04-19 00:00:00+05:30,238,Jangoan,1169,Jangaon,1,Paddy,237,Grade-A(IR64),0.0,4661.15,1201.0,1489.0,1389.0,0.0,0.0
2021-04-19 00:00:00+05:30,248,Nekkonda,1192,Nekkonda,5,Maize,5,Common,0.0,190.0,1405.0,1562.0,1559.0,0.0,0.0
2021-04-19 00:00:00+05:30,278,Suryapet,1091,Suryapet,1,Paddy,237,Grade-A(IR64),0.0,5021.0,1300.0,1609.0,1366.0,0.0,0.0
2021-04-19 00:00:00+05:30,313,Ibrahimpatnam(RR),42,Ibrahimpatnam,112,Ladys Finger,112,Common,0.0,5.0,1000.0,1500.0,1200.0,0.0,0.0
2021-04-30 00:00:00+05:30,367,Gudimalkapur,1571,Gudumalkapur,98,Cabbage,98,Common,0.0,165.0,200.0,400.0,300.0,0.0,0.0
2021-04-30 00:00:00+05:30,301,Devarakadra,1352,Devarakadra,1,Paddy,272,Grade-A (Sonamasuri),0.0,1112.0,1269.0,1542.0,1406.0,0.0,0.0
2021-04-30 00:00:00+05:30,309,Narayanpet,1342,Narayanpet,1,Paddy,272,Grade-A (Sonamasuri),0.0,1961.4,1101.0,1591.0,1566.0,0.0,0.0
2021-04-30 00:00:00+05:30,302,Gadwal,1328,Gadwal,1,Paddy,272,Grade-A (Sonamasuri),0.0,2060.0,1319.0,1473.0,1369.0,0.0,0.0
2021-04-30 00:00:00+05:30,306,Mahbubnagar,1326,Mahaboobnagar,1,Paddy,272,Grade-A (Sonamasuri),0.0,1412.0,1301.0,1710.0,1710.0,0.0,0.0
2021-04-30 00:00:00+05:30,218,Huzurabad,1128,Huzurabad,1,Paddy,195,Grade-A,0.0,766.8,1888.0,1888.0,1888.0,0.0,0.0
2021-04-30 00:00:00+05:30,218,Huzurabad,1128,Huzurabad,1,Paddy,195,Grade-A,0.0,800.0,1888.0,1888.0,1888.0,0.0,0.0
2021-04-30 00:00:00+05:30,238,Jangoan,1169,Jangaon,1,Paddy,237,Grade-A(IR64),0.0,3291.6,1200.0,1469.0,1409.0,0.0,0.0
2021-04-30 00:00:00+05:30,230,Sultanabad,1124,Sultanabad,1,Paddy,270,Grade-A (1010),0.0,1260.0,1888.0,1888.0,1888.0,0.0,0.0
2021-04-30 00:00:00+05:30,248,Nekkonda,1192,Nekkonda,5,Maize,5,Common,0.0,340.0,1480.0,1517.0,1504.0,0.0,0.0
2021-04-30 00:00:00+05:30,292,Zaheerabad,1198,Zaheerabad,3,Wheat,3,Common,0.0,15.4,1730.0,1769.0,1759.0,0.0,0.0
2021-04-30 00:00:00+05:30,251,Burgampahad,1068,Burgampadu,1,Paddy,270,Grade-A (1010),0.0,244.0,1888.0,1888.0,1888.0,0.0,0.0
2021-04-30 00:00:00+05:30,278,Suryapet,1091,Suryapet,1,Paddy,237,Grade-A(IR64),0.0,1352.0,1301.0,1534.0,1380.0,0.0,0.0
2021-04-30 00:00:00+05:30,208,Nizamabad,1080,Nizamabad,1,Paddy,238,Grade-A (BPT),0.0,225.0,1400.0,1425.0,1425.0,0.0,0.0
2021-04-30 00:00:00+05:30,313,Ibrahimpatnam(RR),42,Ibrahimpatnam,112,Ladys Finger,112,Common,0.0,10.0,600.0,1000.0,800.0,0.0,0.0
2021-04-30 00:00:00+05:30,325,Hyderabad,5,Mahabubmansion,54,Chillies(Dry),220,No.II,0.0,809.0,3000.0,9000.0,5000.0,0.0,0.0
2021-04-29 00:00:00+05:30,301,Devarakadra,1352,Devarakadra,1,Paddy,272,Grade-A (Sonamasuri),0.0,896.0,1315.0,1529.0,1422.0,0.0,0.0
2021-04-29 00:00:00+05:30,272,Miryalguda,1228,Damaracherla,1,Paddy,270,Grade-A (1010),0.0,1816.0,1888.0,1888.0,1888.0,0.0,0.0
2021-04-30 00:00:00+05:30,325,Hyderabad,6,Madannapeta,99,Cauliflower,99,Common,0.0,10.0,1200.0,1200.0,1200.0,0.0,0.0
2021-04-30 00:00:00+05:30,324,Bowenpally,3,Bowenpally,98,Cabbage,98,Common,0.0,384.0,300.0,1200.0,1000.0,0.0,0.0
2021-04-30 00:00:00+05:30,323,Gaddiannaram,2,L.B Nagar,99,Cauliflower,99,Common,0.0,4.0,1500.0,1500.0,1500.0,0.0,0.0
2021-04-29 00:00:00+05:30,367,Gudimalkapur,1571,Gudumalkapur,98,Cabbage,98,Common,0.0,225.0,200.0,400.0,300.0,0.0,0.0
2021-04-29 00:00:00+05:30,306,Mahbubnagar,1326,Mahaboobnagar,1,Paddy,272,Grade-A (Sonamasuri),0.0,1463.0,1111.0,1707.0,1453.0,0.0,0.0
2021-04-29 00:00:00+05:30,302,Gadwal,1328,Gadwal,1,Paddy,272,Grade-A (Sonamasuri),0.0,1846.0,1306.0,1461.0,1402.0,0.0,0.0
2021-04-29 00:00:00+05:30,248,Nekkonda,1192,Nekkonda,5,Maize,5,Common,0.0,155.0,1516.0,1521.0,1512.0,0.0,0.0
2021-04-29 00:00:00+05:30,292,Zaheerabad,1198,Zaheerabad,3,Wheat,3,Common,0.0,4.0,1722.0,1722.0,1722.0,0.0,0.0
2021-04-29 00:00:00+05:30,238,Jangoan,1169,Jangaon,1,Paddy,237,Grade-A(IR64),0.0,367.7,1200.0,1469.0,1409.0,0.0,0.0
2021-04-29 00:00:00+05:30,218,Huzurabad,1128,Huzurabad,1,Paddy,195,Grade-A,0.0,836.8,1888.0,1888.0,1888.0,0.0,0.0
2021-04-29 00:00:00+05:30,218,Huzurabad,1128,Huzurabad,1,Paddy,195,Grade-A,0.0,1800.0,1888.0,1888.0,1888.0,0.0,0.0
2021-04-29 00:00:00+05:30,212,Choppadandi,1123,Choppadandi,1,Paddy,195,Grade-A,0.0,1208.0,1888.0,1888.0,1888.0,0.0,0.0
2021-04-29 00:00:00+05:30,230,Sultanabad,1124,Sultanabad,1,Paddy,270,Grade-A (1010),0.0,1140.0,1888.0,1888.0,1888.0,0.0,0.0
2021-04-28 00:00:00+05:30,272,Miryalguda,1228,Damaracherla,1,Paddy,270,Grade-A (1010),0.0,838.0,1888.0,1888.0,1888.0,0.0,0.0
2021-04-28 00:00:00+05:30,263,Alair,1240,motakondu,1,Paddy,195,Grade-A,0.0,1.0,1888.0,1888.0,1888.0,0.0,0.0
2021-04-29 00:00:00+05:30,251,Burgampahad,1068,Burgampadu,1,Paddy,270,Grade-A (1010),0.0,1053.0,1888.0,1888.0,1888.0,0.0,0.0
2021-04-29 00:00:00+05:30,278,Suryapet,1091,Suryapet,1,Paddy,237,Grade-A(IR64),0.0,5547.0,1302.0,1529.0,1366.0,0.0,0.0
2021-04-29 00:00:00+05:30,313,Ibrahimpatnam(RR),42,Ibrahimpatnam,112,Ladys Finger,112,Common,0.0,10.0,1500.0,2000.0,1800.0,0.0,0.0
2021-04-29 00:00:00+05:30,325,Hyderabad,6,Madannapeta,99,Cauliflower,99,Common,0.0,4.0,1500.0,1500.0,1500.0,0.0,0.0
2021-04-29 00:00:00+05:30,325,Hyderabad,5,Mahabubmansion,54,Chillies(Dry),220,No.II,0.0,695.0,3000.0,10000.0,6000.0,0.0,0.0
2021-04-28 00:00:00+05:30,301,Devarakadra,1352,Devarakadra,1,Paddy,272,Grade-A (Sonamasuri),0.0,1245.0,1282.0,1462.0,1372.0,0.0,0.0
2021-04-29 00:00:00+05:30,324,Bowenpally,3,Bowenpally,98,Cabbage,98,Common,0.0,598.0,400.0,900.0,700.0,0.0,0.0
2021-04-29 00:00:00+05:30,323,Gaddiannaram,2,L.B Nagar,99,Cauliflower,99,Common,0.0,8.0,1500.0,2000.0,1700.0,0.0,0.0
2021-04-28 00:00:00+05:30,367,Gudimalkapur,1571,Gudumalkapur,98,Cabbage,98,Common,0.0,231.0,200.0,400.0,300.0,0.0,0.0
2021-04-28 00:00:00+05:30,309,Narayanpet,1342,Narayanpet,1,Paddy,272,Grade-A (Sonamasuri),0.0,1228.8,1101.0,1603.0,1452.0,0.0,0.0
2021-04-28 00:00:00+05:30,308,Nagarkurnool,1334,Nagarkurnool,1,Paddy,271,Common (Hamsa),0.0,68.0,1600.0,1611.0,1600.0,0.0,0.0
2021-04-28 00:00:00+05:30,300,Badepally,1327,Badepally,1,Paddy,195,Grade-A,0.0,1291.0,1200.0,1506.0,1468.0,0.0,0.0
2021-04-28 00:00:00+05:30,306,Mahbubnagar,1326,Mahaboobnagar,1,Paddy,272,Grade-A (Sonamasuri),0.0,947.0,1206.0,1736.0,1402.0,0.0,0.0
2021-04-28 00:00:00+05:30,218,Huzurabad,1128,Huzurabad,1,Paddy,195,Grade-A,0.0,836.8,1888.0,1888.0,1888.0,0.0,0.0
2021-04-28 00:00:00+05:30,218,Huzurabad,1128,Huzurabad,1,Paddy,195,Grade-A,0.0,1450.0,1888.0,1888.0,1888.0,0.0,0.0
2021-04-28 00:00:00+05:30,212,Choppadandi,1123,Choppadandi,1,Paddy,195,Grade-A,0.0,1228.0,1888.0,1888.0,1888.0,0.0,0.0
2021-04-28 00:00:00+05:30,230,Sultanabad,1124,Sultanabad,1,Paddy,270,Grade-A (1010),0.0,840.0,1888.0,1888.0,1888.0,0.0,0.0
2021-04-28 00:00:00+05:30,278,Suryapet,1091,Suryapet,1,Paddy,237,Grade-A(IR64),0.0,6390.0,1301.0,1519.0,1354.0,0.0,0.0
2021-04-28 00:00:00+05:30,313,Ibrahimpatnam(RR),42,Ibrahimpatnam,112,Ladys Finger,112,Common,0.0,10.0,1000.0,1500.0,1200.0,0.0,0.0
2021-04-28 00:00:00+05:30,325,Hyderabad,5,Mahabubmansion,54,Chillies(Dry),220,No.II,0.0,718.0,3000.0,8000.0,6000.0,0.0,0.0
2021-04-28 00:00:00+05:30,324,Bowenpally,3,Bowenpally,98,Cabbage,98,Common,0.0,721.0,400.0,800.0,700.0,0.0,0.0
2021-04-28 00:00:00+05:30,325,Hyderabad,6,Madannapeta,99,Cauliflower,99,Common,0.0,10.0,1200.0,1200.0,1200.0,0.0,0.0
2021-04-28 00:00:00+05:30,323,Gaddiannaram,2,L.B Nagar,99,Cauliflower,99,Common,0.0,8.0,1500.0,2000.0,1700.0,0.0,0.0
2021-04-27 00:00:00+05:30,301,Devarakadra,1352,Devarakadra,1,Paddy,272,Grade-A (Sonamasuri),0.0,461.0,1301.0,1459.0,1384.0,0.0,0.0
2021-04-27 00:00:00+05:30,272,Miryalguda,1228,Damaracherla,1,Paddy,270,Grade-A (1010),0.0,1751.0,1888.0,1888.0,1888.0,0.0,0.0
2021-04-27 00:00:00+05:30,263,Alair,1240,motakondu,1,Paddy,195,Grade-A,0.0,1.0,1888.0,1888.0,1888.0,0.0,0.0
2021-04-27 00:00:00+05:30,309,Narayanpet,1342,Narayanpet,1,Paddy,272,Grade-A (Sonamasuri),0.0,1218.6,1105.0,1606.0,1306.0,0.0,0.0
2021-04-27 00:00:00+05:30,367,Gudimalkapur,1571,Gudumalkapur,98,Cabbage,98,Common,0.0,159.0,200.0,400.0,300.0,0.0,0.0
2021-04-27 00:00:00+05:30,302,Gadwal,1328,Gadwal,1,Paddy,272,Grade-A (Sonamasuri),0.0,1435.0,1319.0,1428.0,1388.0,0.0,0.0
2021-04-27 00:00:00+05:30,306,Mahbubnagar,1326,Mahaboobnagar,1,Paddy,272,Grade-A (Sonamasuri),0.0,1116.0,1390.0,1742.0,1403.0,0.0,0.0
2021-04-27 00:00:00+05:30,248,Nekkonda,1192,Nekkonda,5,Maize,5,Common,0.0,465.0,1529.0,1541.0,1535.0,0.0,0.0
2021-04-27 00:00:00+05:30,218,Huzurabad,1128,Huzurabad,1,Paddy,195,Grade-A,0.0,936.0,1888.0,1888.0,1888.0,0.0,0.0
2021-04-27 00:00:00+05:30,218,Huzurabad,1128,Huzurabad,1,Paddy,195,Grade-A,0.0,1750.0,1888.0,1888.0,1888.0,0.0,0.0
2021-04-27 00:00:00+05:30,238,Jangoan,1169,Jangaon,1,Paddy,237,Grade-A(IR64),0.0,4833.5,1200.0,1489.0,1389.0,0.0,0.0
2021-04-27 00:00:00+05:30,212,Choppadandi,1123,Choppadandi,1,Paddy,195,Grade-A,0.0,860.0,1888.0,1888.0,1888.0,0.0,0.0
2021-04-26 00:00:00+05:30,301,Devarakadra,1352,Devarakadra,1,Paddy,272,Grade-A (Sonamasuri),0.0,2763.0,1281.0,1459.0,1370.0,0.0,0.0
2021-04-27 00:00:00+05:30,278,Suryapet,1091,Suryapet,1,Paddy,237,Grade-A(IR64),0.0,2868.0,1300.0,1421.0,1336.0,0.0,0.0
2021-04-27 00:00:00+05:30,313,Ibrahimpatnam(RR),42,Ibrahimpatnam,112,Ladys Finger,112,Common,0.0,10.0,1000.0,1500.0,1200.0,0.0,0.0
2021-04-27 00:00:00+05:30,325,Hyderabad,5,Mahabubmansion,54,Chillies(Dry),220,No.II,0.0,551.0,3000.0,9000.0,8000.0,0.0,0.0
2021-04-27 00:00:00+05:30,325,Hyderabad,6,Madannapeta,99,Cauliflower,99,Common,0.0,8.0,1200.0,1200.0,1200.0,0.0,0.0
2021-04-27 00:00:00+05:30,324,Bowenpally,3,Bowenpally,98,Cabbage,98,Common,0.0,374.0,400.0,1000.0,800.0,0.0,0.0
2021-04-26 00:00:00+05:30,312,Wanaparthy Town,1344,W.P.Town,1,Paddy,272,Grade-A (Sonamasuri),0.0,213.0,1401.0,1769.0,1661.0,0.0,0.0
2021-04-26 00:00:00+05:30,272,Miryalguda,1228,Damaracherla,1,Paddy,270,Grade-A (1010),0.0,1776.0,1888.0,1888.0,1888.0,0.0,0.0
2021-04-26 00:00:00+05:30,263,Alair,1240,motakondu,1,Paddy,195,Grade-A,0.0,1.0,1888.0,1888.0,1888.0,0.0,0.0
2021-04-26 00:00:00+05:30,309,Narayanpet,1342,Narayanpet,1,Paddy,272,Grade-A (Sonamasuri),0.0,1119.6,1326.0,1634.0,1544.0,0.0,0.0
2021-04-27 00:00:00+05:30,323,Gaddiannaram,2,L.B Nagar,99,Cauliflower,99,Common,0.0,10.0,1000.0,2000.0,1700.0,0.0,0.0
2021-04-26 00:00:00+05:30,367,Gudimalkapur,1571,Gudumalkapur,98,Cabbage,98,Common,0.0,115.0,200.0,400.0,300.0,0.0,0.0
2021-04-26 00:00:00+05:30,306,Mahbubnagar,1326,Mahaboobnagar,1,Paddy,272,Grade-A (Sonamasuri),0.0,1233.0,1363.0,1736.0,1712.0,0.0,0.0
2021-04-26 00:00:00+05:30,302,Gadwal,1328,Gadwal,1,Paddy,272,Grade-A (Sonamasuri),0.0,1960.0,1310.0,1470.0,1360.0,0.0,0.0
2021-04-26 00:00:00+05:30,300,Badepally,1327,Badepally,1,Paddy,195,Grade-A,0.0,874.0,1205.0,1506.0,1205.0,0.0,0.0
2021-04-26 00:00:00+05:30,248,Nekkonda,1192,Nekkonda,5,Maize,5,Common,0.0,635.0,1493.0,1544.0,1520.0,0.0,0.0
2021-04-26 00:00:00+05:30,218,Huzurabad,1128,Huzurabad,1,Paddy,195,Grade-A,0.0,1020.0,1888.0,1888.0,1888.0,0.0,0.0
2021-04-26 00:00:00+05:30,218,Huzurabad,1128,Huzurabad,1,Paddy,195,Grade-A,0.0,1530.0,1888.0,1888.0,1888.0,0.0,0.0
2021-04-26 00:00:00+05:30,251,Burgampahad,1068,Burgampadu,1,Paddy,270,Grade-A (1010),0.0,200.0,1888.0,1888.0,1888.0,0.0,0.0
2021-04-26 00:00:00+05:30,238,Jangoan,1169,Jangaon,1,Paddy,237,Grade-A(IR64),0.0,5146.05,1200.0,1509.0,1461.0,0.0,0.0
2021-04-26 00:00:00+05:30,224,Korutla,1136,Korutla,5,Maize,5,Common,0.0,140.0,1850.0,1850.0,1850.0,0.0,0.0
2021-04-26 00:00:00+05:30,222,Karimnagar,1121,Karimnagar,1,Paddy,238,Grade-A (BPT),0.0,26.0,1022.0,1200.0,1200.0,0.0,0.0
2021-04-26 00:00:00+05:30,212,Choppadandi,1123,Choppadandi,1,Paddy,195,Grade-A,0.0,400.0,1888.0,1888.0,1888.0,0.0,0.0
2021-04-26 00:00:00+05:30,230,Sultanabad,1124,Sultanabad,1,Paddy,270,Grade-A (1010),0.0,847.0,1888.0,1888.0,1888.0,0.0,0.0
2021-04-26 00:00:00+05:30,278,Suryapet,1091,Suryapet,1,Paddy,237,Grade-A(IR64),0.0,7109.0,1301.0,1549.0,1406.0,0.0,0.0
2021-04-25 00:00:00+05:30,312,Wanaparthy Town,1344,W.P.Town,1,Paddy,272,Grade-A (Sonamasuri),0.0,184.0,1551.0,1820.0,1666.0,0.0,0.0
2021-04-26 00:00:00+05:30,313,Ibrahimpatnam(RR),42,Ibrahimpatnam,112,Ladys Finger,112,Common,0.0,10.0,1500.0,2000.0,1700.0,0.0,0.0
2021-04-26 00:00:00+05:30,325,Hyderabad,5,Mahabubmansion,54,Chillies(Dry),220,No.II,0.0,691.0,3000.0,9000.0,6000.0,0.0,0.0
2021-04-25 00:00:00+05:30,329,Navabpet(MBNR),1483,Navabpet,1,Paddy,272,Grade-A (Sonamasuri),0.0,21.0,1660.0,1660.0,1660.0,0.0,0.0
2021-04-26 00:00:00+05:30,323,Gaddiannaram,2,L.B Nagar,99,Cauliflower,99,Common,0.0,9.0,1500.0,2000.0,1700.0,0.0,0.0
2021-04-25 00:00:00+05:30,367,Gudimalkapur,1571,Gudumalkapur,98,Cabbage,98,Common,0.0,328.0,200.0,400.0,300.0,0.0,0.0
2021-04-25 00:00:00+05:30,218,Huzurabad,1128,Huzurabad,1,Paddy,195,Grade-A,0.0,1300.0,1888.0,1888.0,1888.0,0.0,0.0
2021-04-25 00:00:00+05:30,218,Huzurabad,1128,Huzurabad,1,Paddy,195,Grade-A,0.0,1300.0,1888.0,1888.0,1888.0,0.0,0.0
2021-04-25 00:00:00+05:30,272,Miryalguda,1228,Damaracherla,1,Paddy,270,Grade-A (1010),0.0,1718.0,1888.0,1888.0,1888.0,0.0,0.0
2021-04-25 00:00:00+05:30,263,Alair,1240,motakondu,1,Paddy,195,Grade-A,0.0,1.0,1888.0,1888.0,1888.0,0.0,0.0
2021-04-25 00:00:00+05:30,263,Alair,1240,motakondu,1,Paddy,195,Grade-A,0.0,1.0,1888.0,1888.0,1888.0,0.0,0.0
2021-04-01 00:00:00+05:30,324,Bowenpally,3,Bowenpally,99,Cauliflower,99,Common,0.0,233.0,400.0,1000.0,800.0,0.0,0.0
2021-04-01 00:00:00+05:30,323,Gaddiannaram,2,L.B Nagar,101,Beet Root,101,Common,0.0,15.0,1000.0,1200.0,1100.0,0.0,0.0
2021-04-01 00:00:00+05:30,325,Hyderabad,6,Madannapeta,101,Beet Root,101,Common,0.0,1.0,1200.0,1200.0,1200.0,0.0,0.0
2021-04-01 00:00:00+05:30,325,Hyderabad,5,Mahabubmansion,55,Onions,217,No.I,0.0,3668.0,900.0,1600.0,1000.0,0.0,0.0
2021-04-01 00:00:00+05:30,187,Asifabad,13,Asifabad,25,Cotton,25,Common,0.0,62.0,4900.0,5420.0,5400.0,0.0,0.0
2021-04-01 00:00:00+05:30,321,Vikarabad,38,Vikarabad,5,Maize,5,Common,0.0,10.5,1553.0,1553.0,1553.0,0.0,0.0
2021-04-01 00:00:00+05:30,313,Ibrahimpatnam(RR),42,Ibrahimpatnam,113,Green Chillies,113,Common,0.0,15.0,1500.0,2500.0,2000.0,0.0,0.0
2021-04-01 00:00:00+05:30,318,Sardarnagar,41,Sardarnagar,14,Bengal Gram,14,Common,0.0,50.0,4600.0,4800.0,4700.0,0.0,0.0
2021-04-01 00:00:00+05:30,243,Narsampet,1176,Narsampet,5,Maize,215,Hybrid New,0.0,636.0,1466.0,1509.0,1498.0,0.0,0.0
2021-04-01 00:00:00+05:30,227,Peddapally,1122,Peddapally,25,Cotton,25,Common,0.0,118.0,2618.0,6176.0,5000.0,0.0,0.0
2021-04-01 00:00:00+05:30,289,Sadasivpet,1200,Sadasivapet,3,Wheat,3,Common,0.0,17.0,1866.0,2151.0,1866.0,0.0,0.0
2021-04-01 00:00:00+05:30,300,Badepally,1327,Badepally,1,Paddy,256,Grade-A (RNR),0.0,18.0,1759.0,1759.0,1759.0,0.0,0.0
2021-04-01 00:00:00+05:30,309,Narayanpet,1342,Narayanpet,6,Jowar,225,White,0.0,248.92,2700.0,4188.0,3439.0,0.0,0.0
2021-04-01 00:00:00+05:30,331,Vantimamidi,1612,Vantimamidi,30,Groundnut pods,243,Wet,0.0,154.0,1600.0,2500.0,2050.0,0.0,0.0
2021-04-02 00:00:00+05:30,323,Gaddiannaram,2,L.B Nagar,101,Beet Root,101,Common,0.0,20.0,1000.0,1200.0,1100.0,0.0,0.0
2021-04-02 00:00:00+05:30,324,Bowenpally,3,Bowenpally,99,Cauliflower,99,Common,0.0,161.0,400.0,1000.0,900.0,0.0,0.0
2021-04-02 00:00:00+05:30,325,Hyderabad,6,Madannapeta,101,Beet Root,101,Common,0.0,3.0,1600.0,1600.0,1600.0,0.0,0.0
2021-04-02 00:00:00+05:30,325,Hyderabad,7,Meeralamandi,103,Carrot,103,Common,0.0,3.0,800.0,1000.0,900.0,0.0,0.0
2021-04-02 00:00:00+05:30,325,Hyderabad,5,Mahabubmansion,55,Onions,217,No.I,0.0,3312.0,900.0,1300.0,1000.0,0.0,0.0
2021-04-02 00:00:00+05:30,313,Ibrahimpatnam(RR),42,Ibrahimpatnam,113,Green Chillies,113,Common,0.0,15.0,2000.0,2500.0,2200.0,0.0,0.0
2021-04-02 00:00:00+05:30,187,Asifabad,13,Asifabad,25,Cotton,25,Common,0.0,74.0,4950.0,5450.0,5400.0,0.0,0.0
2021-04-02 00:00:00+05:30,367,Gudimalkapur,1571,Gudumalkapur,99,Cauliflower,99,Common,0.0,248.0,600.0,1000.0,800.0,0.0,0.0
2021-04-02 00:00:00+05:30,331,Vantimamidi,1612,Vantimamidi,30,Groundnut pods,243,Wet,0.0,156.0,1800.0,2500.0,2150.0,0.0,0.0
2021-04-03 00:00:00+05:30,323,Gaddiannaram,2,L.B Nagar,101,Beet Root,101,Common,0.0,20.0,1000.0,1200.0,1100.0,0.0,0.0
2021-04-03 00:00:00+05:30,324,Bowenpally,3,Bowenpally,99,Cauliflower,99,Common,0.0,225.0,500.0,1200.0,1000.0,0.0,0.0
2021-04-03 00:00:00+05:30,325,Hyderabad,5,Mahabubmansion,55,Onions,217,No.I,0.0,4556.0,900.0,1300.0,1000.0,0.0,0.0
2021-04-03 00:00:00+05:30,313,Ibrahimpatnam(RR),42,Ibrahimpatnam,113,Green Chillies,113,Common,0.0,15.0,2500.0,3000.0,2200.0,0.0,0.0
2021-04-03 00:00:00+05:30,325,Hyderabad,7,Meeralamandi,103,Carrot,103,Common,0.0,3.0,800.0,1000.0,900.0,0.0,0.0
2021-04-03 00:00:00+05:30,292,Zaheerabad,1198,Zaheerabad,5,Maize,5,Common,0.0,24.5,1542.0,1542.0,1542.0,0.0,0.0
2021-04-03 00:00:00+05:30,289,Sadasivpet,1200,Sadasivapet,3,Wheat,3,Common,0.0,4.0,1800.0,1800.0,1800.0,0.0,0.0
2021-04-03 00:00:00+05:30,243,Narsampet,1176,Narsampet,5,Maize,215,Hybrid New,0.0,1119.0,1441.0,1509.0,1496.0,0.0,0.0
2021-04-03 00:00:00+05:30,187,Asifabad,13,Asifabad,25,Cotton,25,Common,0.0,66.0,4950.0,5420.0,5400.0,0.0,0.0
2021-04-03 00:00:00+05:30,212,Choppadandi,1123,Choppadandi,1,Paddy,237,Grade-A(IR64),0.0,40.0,1456.0,1536.0,1456.0,0.0,0.0
2021-04-03 00:00:00+05:30,367,Gudimalkapur,1571,Gudumalkapur,99,Cauliflower,99,Common,0.0,267.0,600.0,1000.0,800.0,0.0,0.0
2021-04-03 00:00:00+05:30,309,Narayanpet,1342,Narayanpet,6,Jowar,225,White,0.0,132.79,2911.0,4150.0,4150.0,0.0,0.0
2021-04-03 00:00:00+05:30,331,Vantimamidi,1612,Vantimamidi,30,Groundnut pods,243,Wet,0.0,208.0,1800.0,2700.0,2250.0,0.0,0.0
2021-04-04 00:00:00+05:30,324,Bowenpally,3,Bowenpally,99,Cauliflower,99,Common,0.0,202.0,500.0,1100.0,1000.0,0.0,0.0
2021-04-04 00:00:00+05:30,323,Gaddiannaram,2,L.B Nagar,101,Beet Root,101,Common,0.0,16.0,1000.0,1200.0,1100.0,0.0,0.0
2021-04-04 00:00:00+05:30,313,Ibrahimpatnam(RR),42,Ibrahimpatnam,113,Green Chillies,113,Common,0.0,15.0,2500.0,3000.0,2700.0,0.0,0.0
2021-04-04 00:00:00+05:30,243,Narsampet,1176,Narsampet,5,Maize,215,Hybrid New,0.0,378.0,1484.0,1509.0,1496.0,0.0,0.0
2021-04-04 00:00:00+05:30,367,Gudimalkapur,1571,Gudumalkapur,99,Cauliflower,99,Common,0.0,185.0,600.0,1000.0,800.0,0.0,0.0
2021-04-05 00:00:00+05:30,323,Gaddiannaram,2,L.B Nagar,101,Beet Root,101,Common,0.0,15.0,1000.0,1200.0,1100.0,0.0,0.0
2021-04-04 00:00:00+05:30,331,Vantimamidi,1612,Vantimamidi,30,Groundnut pods,243,Wet,0.0,150.0,1500.0,2300.0,1900.0,0.0,0.0
2021-04-04 00:00:00+05:30,187,Asifabad,13,Asifabad,25,Cotton,25,Common,0.0,78.0,4950.0,5440.0,5400.0,0.0,0.0
2021-04-05 00:00:00+05:30,325,Hyderabad,5,Mahabubmansion,55,Onions,217,No.I,0.0,5689.0,900.0,1200.0,1000.0,0.0,0.0
2021-04-05 00:00:00+05:30,313,Ibrahimpatnam(RR),42,Ibrahimpatnam,113,Green Chillies,113,Common,0.0,15.0,2000.0,2500.0,2200.0,0.0,0.0
2021-04-05 00:00:00+05:30,187,Asifabad,13,Asifabad,25,Cotton,25,Common,0.0,68.0,4950.0,5420.0,5400.0,0.0,0.0
2021-04-05 00:00:00+05:30,367,Gudimalkapur,1571,Gudumalkapur,99,Cauliflower,99,Common,0.0,117.0,800.0,1200.0,1000.0,0.0,0.0
2021-04-05 00:00:00+05:30,331,Vantimamidi,1612,Vantimamidi,30,Groundnut pods,243,Wet,0.0,224.0,1500.0,2300.0,1900.0,0.0,0.0
2021-04-06 00:00:00+05:30,323,Gaddiannaram,2,L.B Nagar,101,Beet Root,101,Common,0.0,12.0,1000.0,1200.0,1100.0,0.0,0.0
2021-04-06 00:00:00+05:30,324,Bowenpally,3,Bowenpally,99,Cauliflower,99,Common,0.0,581.0,600.0,1000.0,800.0,0.0,0.0
2021-04-06 00:00:00+05:30,325,Hyderabad,6,Madannapeta,101,Beet Root,101,Common,0.0,3.0,1200.0,1200.0,1200.0,0.0,0.0
2021-04-06 00:00:00+05:30,325,Hyderabad,5,Mahabubmansion,55,Onions,217,No.I,0.0,4132.0,700.0,1000.0,800.0,0.0,0.0
2021-04-06 00:00:00+05:30,187,Asifabad,13,Asifabad,25,Cotton,25,Common,0.0,64.0,4980.0,5450.0,5400.0,0.0,0.0
2021-04-06 00:00:00+05:30,313,Ibrahimpatnam(RR),42,Ibrahimpatnam,113,Green Chillies,113,Common,0.0,15.0,2000.0,2500.0,2200.0,0.0,0.0
2021-04-06 00:00:00+05:30,208,Nizamabad,1080,Nizamabad,1,Paddy,241,Grade-A (Jai Sri Ram),0.0,21.0,1350.0,1550.0,1550.0,0.0,0.0
2021-04-06 00:00:00+05:30,314,Marpally,45,Marpally,14,Bengal Gram,14,Common,0.0,33.0,4600.0,5000.0,4800.0,0.0,0.0
2021-04-06 00:00:00+05:30,227,Peddapally,1122,Peddapally,25,Cotton,25,Common,0.0,182.0,2589.0,6375.0,5715.0,0.0,0.0
2021-04-06 00:00:00+05:30,212,Choppadandi,1123,Choppadandi,1,Paddy,237,Grade-A(IR64),0.0,33.0,1450.0,1469.0,1456.0,0.0,0.0
2021-04-06 00:00:00+05:30,238,Jangoan,1169,Jangaon,1,Paddy,238,Grade-A (BPT),0.0,15.6,1379.0,1379.0,1379.0,0.0,0.0
2021-04-06 00:00:00+05:30,239,Kesamudram,1168,Kesamudram,1,Paddy,256,Grade-A (RNR),0.0,249.0,1415.0,1895.0,1651.0,0.0,0.0
2021-04-06 00:00:00+05:30,292,Zaheerabad,1198,Zaheerabad,5,Maize,5,Common,0.0,49.0,1563.0,1563.0,1563.0,0.0,0.0
2021-04-06 00:00:00+05:30,289,Sadasivpet,1200,Sadasivapet,3,Wheat,3,Common,0.0,6.0,1801.0,1801.0,1801.0,0.0,0.0
2021-04-06 00:00:00+05:30,367,Gudimalkapur,1571,Gudumalkapur,99,Cauliflower,99,Common,0.0,145.0,800.0,1200.0,1000.0,0.0,0.0
2021-04-06 00:00:00+05:30,331,Vantimamidi,1612,Vantimamidi,30,Groundnut pods,243,Wet,0.0,216.0,1800.0,2300.0,2050.0,0.0,0.0
2021-04-07 00:00:00+05:30,323,Gaddiannaram,2,L.B Nagar,101,Beet Root,101,Common,0.0,15.0,1000.0,1200.0,1100.0,0.0,0.0
2021-04-06 00:00:00+05:30,309,Narayanpet,1342,Narayanpet,6,Jowar,225,White,0.0,324.87,2742.0,4249.0,3979.0,0.0,0.0
2021-04-07 00:00:00+05:30,324,Bowenpally,3,Bowenpally,99,Cauliflower,99,Common,0.0,286.0,300.0,1000.0,800.0,0.0,0.0
2021-04-07 00:00:00+05:30,325,Hyderabad,6,Madannapeta,101,Beet Root,101,Common,0.0,4.0,1500.0,1500.0,1500.0,0.0,0.0
2021-04-07 00:00:00+05:30,325,Hyderabad,5,Mahabubmansion,55,Onions,217,No.I,0.0,4133.0,900.0,1200.0,1000.0,0.0,0.0
2021-04-07 00:00:00+05:30,187,Asifabad,13,Asifabad,25,Cotton,25,Common,0.0,72.0,4980.0,5450.0,5400.0,0.0,0.0
2021-04-07 00:00:00+05:30,318,Sardarnagar,41,Sardarnagar,14,Bengal Gram,14,Common,0.0,100.0,4600.0,4800.0,4700.0,0.0,0.0
2021-04-07 00:00:00+05:30,313,Ibrahimpatnam(RR),42,Ibrahimpatnam,113,Green Chillies,113,Common,0.0,15.0,2000.0,3000.0,2500.0,0.0,0.0
2021-04-07 00:00:00+05:30,227,Peddapally,1122,Peddapally,25,Cotton,25,Common,0.0,107.0,3825.0,6512.0,6001.0,0.0,0.0
2021-04-07 00:00:00+05:30,212,Choppadandi,1123,Choppadandi,1,Paddy,237,Grade-A(IR64),0.0,46.0,1462.0,1642.0,1462.0,0.0,0.0
2021-04-07 00:00:00+05:30,238,Jangoan,1169,Jangaon,1,Paddy,238,Grade-A (BPT),0.0,22.75,1389.0,1389.0,1389.0,0.0,0.0
2021-04-07 00:00:00+05:30,239,Kesamudram,1168,Kesamudram,1,Paddy,256,Grade-A (RNR),0.0,565.0,1639.0,1913.0,1855.0,0.0,0.0
2021-04-07 00:00:00+05:30,292,Zaheerabad,1198,Zaheerabad,5,Maize,5,Common,0.0,14.0,1566.0,1603.0,1566.0,0.0,0.0
2021-04-07 00:00:00+05:30,289,Sadasivpet,1200,Sadasivapet,3,Wheat,3,Common,0.0,18.0,1836.0,2201.0,1836.0,0.0,0.0
2021-04-07 00:00:00+05:30,310,Shadnagar,1330,Shadnagar,5,Maize,5,Common,0.0,54.0,1559.0,1559.0,1559.0,0.0,0.0
2021-04-07 00:00:00+05:30,309,Narayanpet,1342,Narayanpet,6,Jowar,225,White,0.0,460.6,2720.0,4319.0,4000.0,0.0,0.0
2021-04-07 00:00:00+05:30,367,Gudimalkapur,1571,Gudumalkapur,99,Cauliflower,99,Common,0.0,129.0,800.0,1200.0,1000.0,0.0,0.0
2021-04-08 00:00:00+05:30,324,Bowenpally,3,Bowenpally,99,Cauliflower,99,Common,0.0,263.0,300.0,800.0,600.0,0.0,0.0
2021-04-07 00:00:00+05:30,331,Vantimamidi,1612,Vantimamidi,30,Groundnut pods,243,Wet,0.0,174.0,1700.0,2200.0,1950.0,0.0,0.0
2021-04-08 00:00:00+05:30,323,Gaddiannaram,2,L.B Nagar,101,Beet Root,101,Common,0.0,17.0,1000.0,1200.0,1100.0,0.0,0.0
2021-04-07 00:00:00+05:30,243,Narsampet,1176,Narsampet,5,Maize,215,Hybrid New,0.0,1242.0,1455.0,1510.0,1503.0,0.0,0.0
2021-04-08 00:00:00+05:30,325,Hyderabad,5,Mahabubmansion,55,Onions,217,No.I,0.0,3865.0,700.0,1200.0,800.0,0.0,0.0
2021-04-08 00:00:00+05:30,325,Hyderabad,6,Madannapeta,101,Beet Root,101,Common,0.0,3.0,1500.0,1500.0,1500.0,0.0,0.0
2021-04-08 00:00:00+05:30,187,Asifabad,13,Asifabad,25,Cotton,25,Common,0.0,68.0,4950.0,5460.0,5400.0,0.0,0.0
2021-04-08 00:00:00+05:30,313,Ibrahimpatnam(RR),42,Ibrahimpatnam,113,Green Chillies,113,Common,0.0,15.0,1500.0,2000.0,1800.0,0.0,0.0
2021-04-08 00:00:00+05:30,322,Chevella,46,Chevella,6,Jowar,232,Yellow,0.0,5.0,2500.0,2500.0,2500.0,0.0,0.0
2021-04-08 00:00:00+05:30,227,Peddapally,1122,Peddapally,25,Cotton,25,Common,0.0,80.0,3202.0,6522.0,6001.0,0.0,0.0
2021-04-08 00:00:00+05:30,212,Choppadandi,1123,Choppadandi,1,Paddy,237,Grade-A(IR64),0.0,1.0,1401.0,1401.0,1401.0,0.0,0.0
2021-04-08 00:00:00+05:30,239,Kesamudram,1168,Kesamudram,1,Paddy,256,Grade-A (RNR),0.0,217.0,1655.0,1812.0,1715.0,0.0,0.0
2021-04-08 00:00:00+05:30,243,Narsampet,1176,Narsampet,5,Maize,215,Hybrid New,0.0,390.0,1478.0,1513.0,1508.0,0.0,0.0
2021-04-08 00:00:00+05:30,292,Zaheerabad,1198,Zaheerabad,5,Maize,5,Common,0.0,8.0,1563.0,1563.0,1563.0,0.0,0.0
2021-04-08 00:00:00+05:30,367,Gudimalkapur,1571,Gudumalkapur,99,Cauliflower,99,Common,0.0,178.0,600.0,1000.0,800.0,0.0,0.0
2021-04-08 00:00:00+05:30,300,Badepally,1327,Badepally,1,Paddy,256,Grade-A (RNR),0.0,12.0,1565.0,1565.0,1565.0,0.0,0.0
2021-04-08 00:00:00+05:30,309,Narayanpet,1342,Narayanpet,6,Jowar,225,White,0.0,222.95,1980.0,4249.0,3425.0,0.0,0.0
2021-04-08 00:00:00+05:30,289,Sadasivpet,1200,Sadasivapet,3,Wheat,3,Common,0.0,20.0,1801.0,1825.0,1811.0,0.0,0.0
2021-04-08 00:00:00+05:30,331,Vantimamidi,1612,Vantimamidi,30,Groundnut pods,243,Wet,0.0,119.0,1700.0,2800.0,2250.0,0.0,0.0
2021-04-09 00:00:00+05:30,323,Gaddiannaram,2,L.B Nagar,101,Beet Root,101,Common,0.0,15.0,1000.0,1200.0,1100.0,0.0,0.0
2021-04-09 00:00:00+05:30,324,Bowenpally,3,Bowenpally,99,Cauliflower,99,Common,0.0,217.0,500.0,1000.0,800.0,0.0,0.0
2021-04-09 00:00:00+05:30,325,Hyderabad,6,Madannapeta,101,Beet Root,101,Common,0.0,3.0,1200.0,1200.0,1200.0,0.0,0.0
2021-04-09 00:00:00+05:30,325,Hyderabad,5,Mahabubmansion,55,Onions,217,No.I,0.0,3086.0,900.0,1200.0,1000.0,0.0,0.0
2021-04-09 00:00:00+05:30,322,Chevella,46,Chevella,6,Jowar,232,Yellow,0.0,5.0,2500.0,2500.0,2500.0,0.0,0.0
2021-04-09 00:00:00+05:30,313,Ibrahimpatnam(RR),42,Ibrahimpatnam,113,Green Chillies,113,Common,0.0,15.0,1500.0,2500.0,2000.0,0.0,0.0
2021-04-09 00:00:00+05:30,243,Narsampet,1176,Narsampet,5,Maize,215,Hybrid New,0.0,270.0,1456.0,1521.0,1517.0,0.0,0.0
2021-04-09 00:00:00+05:30,238,Jangoan,1169,Jangaon,1,Paddy,238,Grade-A (BPT),0.0,39.0,1349.0,1349.0,1349.0,0.0,0.0
2021-04-09 00:00:00+05:30,239,Kesamudram,1168,Kesamudram,1,Paddy,256,Grade-A (RNR),0.0,157.0,1525.0,1908.0,1841.0,0.0,0.0
2021-04-09 00:00:00+05:30,227,Peddapally,1122,Peddapally,25,Cotton,25,Common,0.0,85.0,4004.0,6555.0,6001.0,0.0,0.0
2021-04-09 00:00:00+05:30,212,Choppadandi,1123,Choppadandi,1,Paddy,237,Grade-A(IR64),0.0,3.0,1401.0,1401.0,1401.0,0.0,0.0
2021-04-09 00:00:00+05:30,292,Zaheerabad,1198,Zaheerabad,5,Maize,5,Common,0.0,44.5,1568.0,1568.0,1576.0,0.0,0.0
2021-04-09 00:00:00+05:30,289,Sadasivpet,1200,Sadasivapet,3,Wheat,3,Common,0.0,15.0,1864.0,1928.0,1864.0,0.0,0.0
2021-04-09 00:00:00+05:30,367,Gudimalkapur,1571,Gudumalkapur,99,Cauliflower,99,Common,0.0,245.0,1000.0,1500.0,1200.0,0.0,0.0
2021-04-09 00:00:00+05:30,309,Narayanpet,1342,Narayanpet,6,Jowar,225,White,0.0,189.63,3100.0,4239.0,4069.0,0.0,0.0
2021-04-09 00:00:00+05:30,331,Vantimamidi,1612,Vantimamidi,30,Groundnut pods,243,Wet,0.0,188.0,1700.0,2300.0,2000.0,0.0,0.0
2021-04-10 00:00:00+05:30,324,Bowenpally,3,Bowenpally,99,Cauliflower,99,Common,0.0,145.0,400.0,1000.0,800.0,0.0,0.0
2021-04-10 00:00:00+05:30,325,Hyderabad,5,Mahabubmansion,55,Onions,217,No.I,0.0,3838.0,900.0,1200.0,1000.0,0.0,0.0
2021-04-10 00:00:00+05:30,325,Hyderabad,6,Madannapeta,101,Beet Root,101,Common,0.0,9.0,1350.0,1350.0,1350.0,0.0,0.0
2021-04-10 00:00:00+05:30,313,Ibrahimpatnam(RR),42,Ibrahimpatnam,113,Green Chillies,113,Common,0.0,15.0,1500.0,2000.0,1800.0,0.0,0.0
2021-04-10 00:00:00+05:30,292,Zaheerabad,1198,Zaheerabad,5,Maize,5,Common,0.0,6.0,1546.0,1546.0,1546.0,0.0,0.0
2021-04-10 00:00:00+05:30,243,Narsampet,1176,Narsampet,5,Maize,215,Hybrid New,0.0,372.0,1451.0,1518.0,1512.0,0.0,0.0
2021-04-10 00:00:00+05:30,236,Cherial,1179,Cherial,14,Bengal Gram,14,Common,0.0,506.5,5100.0,5100.0,5100.0,0.0,0.0
2021-04-10 00:00:00+05:30,212,Choppadandi,1123,Choppadandi,1,Paddy,237,Grade-A(IR64),0.0,70.0,1371.0,1451.0,1436.0,0.0,0.0
2021-04-10 00:00:00+05:30,286,Narayankhed,1212,Narayankhed,5,Maize,5,Common,0.0,214.0,1850.0,1850.0,1850.0,0.0,0.0
2021-04-10 00:00:00+05:30,367,Gudimalkapur,1571,Gudumalkapur,99,Cauliflower,99,Common,0.0,69.0,800.0,1200.0,1000.0,0.0,0.0
2021-04-10 00:00:00+05:30,331,Vantimamidi,1612,Vantimamidi,30,Groundnut pods,243,Wet,0.0,182.0,1500.0,2200.0,1850.0,0.0,0.0
2021-04-10 00:00:00+05:30,309,Narayanpet,1342,Narayanpet,6,Jowar,225,White,0.0,53.41,3382.0,4100.0,4050.0,0.0,0.0
2021-04-11 00:00:00+05:30,323,Gaddiannaram,2,L.B Nagar,101,Beet Root,101,Common,0.0,17.0,1000.0,1200.0,1100.0,0.0,0.0
2021-04-11 00:00:00+05:30,324,Bowenpally,3,Bowenpally,99,Cauliflower,99,Common,0.0,286.0,300.0,1000.0,800.0,0.0,0.0
2021-04-11 00:00:00+05:30,325,Hyderabad,6,Madannapeta,101,Beet Root,101,Common,0.0,3.0,1500.0,1500.0,1500.0,0.0,0.0
2021-04-11 00:00:00+05:30,313,Ibrahimpatnam(RR),42,Ibrahimpatnam,113,Green Chillies,113,Common,0.0,15.0,2000.0,2500.0,2200.0,0.0,0.0
2021-04-11 00:00:00+05:30,243,Narsampet,1176,Narsampet,5,Maize,215,Hybrid New,0.0,234.0,1490.0,1521.0,1503.0,0.0,0.0
2021-04-11 00:00:00+05:30,329,Navabpet(MBNR),1483,Navabpet,5,Maize,5,Common,0.0,23.0,1527.0,1527.0,1527.0,0.0,0.0
2021-04-11 00:00:00+05:30,367,Gudimalkapur,1571,Gudumalkapur,99,Cauliflower,99,Common,0.0,154.0,800.0,1200.0,1000.0,0.0,0.0
2021-04-11 00:00:00+05:30,331,Vantimamidi,1612,Vantimamidi,30,Groundnut pods,243,Wet,0.0,150.0,1700.0,2200.0,1950.0,0.0,0.0
2021-04-12 00:00:00+05:30,324,Bowenpally,3,Bowenpally,99,Cauliflower,99,Common,0.0,283.0,400.0,1000.0,800.0,0.0,0.0
2021-04-12 00:00:00+05:30,323,Gaddiannaram,2,L.B Nagar,101,Beet Root,101,Common,0.0,20.0,1000.0,1200.0,1100.0,0.0,0.0
2021-04-12 00:00:00+05:30,325,Hyderabad,6,Madannapeta,101,Beet Root,101,Common,0.0,3.0,1200.0,1200.0,1200.0,0.0,0.0
2021-04-12 00:00:00+05:30,313,Ibrahimpatnam(RR),42,Ibrahimpatnam,113,Green Chillies,113,Common,0.0,15.0,3000.0,3500.0,3200.0,0.0,0.0
2021-04-12 00:00:00+05:30,325,Hyderabad,5,Mahabubmansion,55,Onions,217,No.I,0.0,3959.0,900.0,1100.0,1000.0,0.0,0.0
2021-04-12 00:00:00+05:30,367,Gudimalkapur,1571,Gudumalkapur,99,Cauliflower,99,Common,0.0,134.0,800.0,1000.0,900.0,0.0,0.0
2021-04-13 00:00:00+05:30,331,Vantimamidi,1612,Vantimamidi,30,Groundnut pods,243,Wet,0.0,8.0,2500.0,2800.0,2650.0,0.0,0.0
2021-04-14 00:00:00+05:30,324,Bowenpally,3,Bowenpally,99,Cauliflower,99,Common,0.0,184.0,400.0,1000.0,800.0,0.0,0.0
2021-04-14 00:00:00+05:30,323,Gaddiannaram,2,L.B Nagar,101,Beet Root,101,Common,0.0,15.0,1000.0,1200.0,1100.0,0.0,0.0
2021-04-14 00:00:00+05:30,325,Hyderabad,6,Madannapeta,101,Beet Root,101,Common,0.0,9.0,1350.0,1350.0,1350.0,0.0,0.0
2021-04-14 00:00:00+05:30,313,Ibrahimpatnam(RR),42,Ibrahimpatnam,113,Green Chillies,113,Common,0.0,15.0,2500.0,3000.0,2700.0,0.0,0.0
2021-04-14 00:00:00+05:30,367,Gudimalkapur,1571,Gudumalkapur,99,Cauliflower,99,Common,0.0,113.0,800.0,1200.0,1000.0,0.0,0.0
2021-04-15 00:00:00+05:30,324,Bowenpally,3,Bowenpally,99,Cauliflower,99,Common,0.0,216.0,300.0,1000.0,800.0,0.0,0.0
2021-04-14 00:00:00+05:30,331,Vantimamidi,1612,Vantimamidi,30,Groundnut pods,243,Wet,0.0,110.0,1800.0,2600.0,2200.0,0.0,0.0
2021-04-15 00:00:00+05:30,323,Gaddiannaram,2,L.B Nagar,101,Beet Root,101,Common,0.0,15.0,1000.0,1200.0,1100.0,0.0,0.0
2021-04-15 00:00:00+05:30,325,Hyderabad,5,Mahabubmansion,55,Onions,217,No.I,0.0,2165.0,800.0,1300.0,1100.0,0.0,0.0
2021-04-15 00:00:00+05:30,313,Ibrahimpatnam(RR),42,Ibrahimpatnam,113,Green Chillies,113,Common,0.0,15.0,2000.0,3000.0,2500.0,0.0,0.0
2021-04-15 00:00:00+05:30,239,Kesamudram,1168,Kesamudram,1,Paddy,256,Grade-A (RNR),0.0,236.0,1674.0,1938.0,1751.0,0.0,0.0
2021-04-15 00:00:00+05:30,227,Peddapally,1122,Peddapally,25,Cotton,25,Common,0.0,15.0,5606.0,6501.0,6001.0,0.0,0.0
2021-04-15 00:00:00+05:30,212,Choppadandi,1123,Choppadandi,1,Paddy,237,Grade-A(IR64),0.0,34.0,1465.0,1465.0,1465.0,0.0,0.0
2021-04-15 00:00:00+05:30,292,Zaheerabad,1198,Zaheerabad,5,Maize,5,Common,0.0,39.0,1582.0,1582.0,1526.0,0.0,0.0
2021-04-15 00:00:00+05:30,289,Sadasivpet,1200,Sadasivapet,3,Wheat,3,Common,0.0,9.0,1755.0,1991.0,1755.0,0.0,0.0
2021-04-15 00:00:00+05:30,243,Narsampet,1176,Narsampet,5,Maize,215,Hybrid New,0.0,282.0,1492.0,1516.0,1498.0,0.0,0.0
2021-04-15 00:00:00+05:30,367,Gudimalkapur,1571,Gudumalkapur,99,Cauliflower,99,Common,0.0,145.0,800.0,1000.0,900.0,0.0,0.0
2021-04-16 00:00:00+05:30,324,Bowenpally,3,Bowenpally,99,Cauliflower,99,Common,0.0,270.0,500.0,1000.0,800.0,0.0,0.0
2021-04-15 00:00:00+05:30,331,Vantimamidi,1612,Vantimamidi,30,Groundnut pods,243,Wet,0.0,192.0,1500.0,2500.0,2000.0,0.0,0.0
2021-04-16 00:00:00+05:30,323,Gaddiannaram,2,L.B Nagar,101,Beet Root,101,Common,0.0,22.0,1000.0,1200.0,1100.0,0.0,0.0
2021-04-15 00:00:00+05:30,300,Badepally,1327,Badepally,1,Paddy,256,Grade-A (RNR),0.0,19.0,1408.0,1408.0,1408.0,0.0,0.0
2021-04-15 00:00:00+05:30,309,Narayanpet,1342,Narayanpet,6,Jowar,225,White,0.0,197.96,2000.0,4185.0,3440.0,0.0,0.0
2021-04-16 00:00:00+05:30,325,Hyderabad,5,Mahabubmansion,55,Onions,217,No.I,0.0,2975.0,800.0,1200.0,1000.0,0.0,0.0
2021-04-16 00:00:00+05:30,325,Hyderabad,6,Madannapeta,101,Beet Root,101,Common,0.0,3.0,1300.0,1500.0,1400.0,0.0,0.0
2021-04-16 00:00:00+05:30,313,Ibrahimpatnam(RR),42,Ibrahimpatnam,113,Green Chillies,113,Common,0.0,15.0,2000.0,2500.0,2200.0,0.0,0.0
2021-04-16 00:00:00+05:30,227,Peddapally,1122,Peddapally,25,Cotton,25,Common,0.0,47.0,5439.0,6501.0,6001.0,0.0,0.0
2021-04-16 00:00:00+05:30,219,Jagtial,1125,Jagtial,1,Paddy,270,Grade-A (1010),0.0,1.0,1000.0,1000.0,1000.0,0.0,0.0
2021-04-16 00:00:00+05:30,239,Kesamudram,1168,Kesamudram,1,Paddy,256,Grade-A (RNR),0.0,458.0,1575.0,1921.0,1701.0,0.0,0.0
2021-04-16 00:00:00+05:30,292,Zaheerabad,1198,Zaheerabad,5,Maize,5,Common,0.0,39.0,1582.0,1582.0,1526.0,0.0,0.0
2021-04-16 00:00:00+05:30,243,Narsampet,1176,Narsampet,5,Maize,215,Hybrid New,0.0,288.0,1472.0,1518.0,1472.0,0.0,0.0
2021-04-16 00:00:00+05:30,300,Badepally,1327,Badepally,1,Paddy,256,Grade-A (RNR),0.0,24.0,1424.0,1469.0,1424.0,0.0,0.0
2021-04-16 00:00:00+05:30,367,Gudimalkapur,1571,Gudumalkapur,99,Cauliflower,99,Common,0.0,118.0,800.0,1000.0,900.0,0.0,0.0
2021-04-16 00:00:00+05:30,331,Vantimamidi,1612,Vantimamidi,30,Groundnut pods,243,Wet,0.0,310.0,1500.0,2500.0,2000.0,0.0,0.0
2021-04-17 00:00:00+05:30,323,Gaddiannaram,2,L.B Nagar,101,Beet Root,101,Common,0.0,8.0,1200.0,1300.0,1250.0,0.0,0.0
2021-04-17 00:00:00+05:30,324,Bowenpally,3,Bowenpally,99,Cauliflower,99,Common,0.0,256.0,400.0,1000.0,800.0,0.0,0.0
2021-04-17 00:00:00+05:30,325,Hyderabad,5,Mahabubmansion,55,Onions,217,No.I,0.0,3639.0,800.0,1200.0,1000.0,0.0,0.0
2021-04-16 00:00:00+05:30,309,Narayanpet,1342,Narayanpet,6,Jowar,225,White,0.0,180.81,3269.0,4220.0,4189.0,0.0,0.0
2021-04-17 00:00:00+05:30,313,Ibrahimpatnam(RR),42,Ibrahimpatnam,113,Green Chillies,113,Common,0.0,10.0,2000.0,2500.0,2200.0,0.0,0.0
2021-04-17 00:00:00+05:30,300,Badepally,1327,Badepally,1,Paddy,256,Grade-A (RNR),0.0,78.0,1226.0,1356.0,1325.0,0.0,0.0
2021-04-17 00:00:00+05:30,243,Narsampet,1176,Narsampet,5,Maize,215,Hybrid New,0.0,514.0,1482.0,1509.0,1505.0,0.0,0.0
2021-04-17 00:00:00+05:30,367,Gudimalkapur,1571,Gudumalkapur,99,Cauliflower,99,Common,0.0,120.0,800.0,1000.0,900.0,0.0,0.0
2021-04-17 00:00:00+05:30,309,Narayanpet,1342,Narayanpet,6,Jowar,225,White,0.0,69.09,3269.0,4239.0,3455.0,0.0,0.0
2021-04-17 00:00:00+05:30,331,Vantimamidi,1612,Vantimamidi,30,Groundnut pods,243,Wet,0.0,164.0,1000.0,2400.0,1700.0,0.0,0.0
2021-04-18 00:00:00+05:30,323,Gaddiannaram,2,L.B Nagar,101,Beet Root,101,Common,0.0,3.0,1200.0,2000.0,1600.0,0.0,0.0
2021-04-18 00:00:00+05:30,313,Ibrahimpatnam(RR),42,Ibrahimpatnam,113,Green Chillies,113,Common,0.0,10.0,2000.0,2500.0,2200.0,0.0,0.0
2021-04-18 00:00:00+05:30,243,Narsampet,1176,Narsampet,5,Maize,215,Hybrid New,0.0,1140.0,1461.0,1518.0,1500.0,0.0,0.0
2021-04-18 00:00:00+05:30,367,Gudimalkapur,1571,Gudumalkapur,99,Cauliflower,99,Common,0.0,179.0,1200.0,800.0,1000.0,0.0,0.0
2021-04-18 00:00:00+05:30,331,Vantimamidi,1612,Vantimamidi,30,Groundnut pods,243,Wet,0.0,156.0,1100.0,2500.0,1800.0,0.0,0.0
2021-04-19 00:00:00+05:30,323,Gaddiannaram,2,L.B Nagar,101,Beet Root,101,Common,0.0,14.0,1000.0,1200.0,1100.0,0.0,0.0
2021-04-19 00:00:00+05:30,324,Bowenpally,3,Bowenpally,99,Cauliflower,99,Common,0.0,242.0,400.0,1000.0,800.0,0.0,0.0
2021-04-19 00:00:00+05:30,325,Hyderabad,5,Mahabubmansion,55,Onions,217,No.I,0.0,3587.0,700.0,1000.0,800.0,0.0,0.0
2021-04-19 00:00:00+05:30,313,Ibrahimpatnam(RR),42,Ibrahimpatnam,113,Green Chillies,113,Common,0.0,10.0,1800.0,2300.0,2000.0,0.0,0.0
2021-04-19 00:00:00+05:30,321,Vikarabad,38,Vikarabad,5,Maize,5,Common,0.0,125.5,1606.0,1640.0,1623.0,0.0,0.0
2021-04-19 00:00:00+05:30,243,Narsampet,1176,Narsampet,5,Maize,215,Hybrid New,0.0,1311.0,1482.0,1518.0,1490.0,0.0,0.0
2021-04-19 00:00:00+05:30,292,Zaheerabad,1198,Zaheerabad,5,Maize,5,Common,0.0,86.5,1356.0,1557.0,1557.0,0.0,0.0
2021-04-19 00:00:00+05:30,289,Sadasivpet,1200,Sadasivapet,3,Wheat,3,Common,0.0,3.0,1801.0,1801.0,1801.0,0.0,0.0
2021-04-19 00:00:00+05:30,300,Badepally,1327,Badepally,1,Paddy,256,Grade-A (RNR),0.0,212.0,1380.0,1621.0,1621.0,0.0,0.0
2021-04-19 00:00:00+05:30,239,Kesamudram,1168,Kesamudram,1,Paddy,256,Grade-A (RNR),0.0,1271.0,1451.0,1903.0,1701.0,0.0,0.0
2021-04-19 00:00:00+05:30,227,Peddapally,1122,Peddapally,25,Cotton,25,Common,0.0,23.1,5801.0,6411.0,6001.0,0.0,0.0
2021-04-19 00:00:00+05:30,212,Choppadandi,1123,Choppadandi,1,Paddy,237,Grade-A(IR64),0.0,34.0,1351.0,1351.0,1351.0,0.0,0.0
2021-04-19 00:00:00+05:30,367,Gudimalkapur,1571,Gudumalkapur,99,Cauliflower,99,Common,0.0,86.0,800.0,1000.0,900.0,0.0,0.0
2021-04-19 00:00:00+05:30,331,Vantimamidi,1612,Vantimamidi,30,Groundnut pods,243,Wet,0.0,138.0,1400.0,2000.0,1700.0,0.0,0.0
2021-04-20 00:00:00+05:30,324,Bowenpally,3,Bowenpally,99,Cauliflower,99,Common,0.0,148.0,300.0,800.0,600.0,0.0,0.0
2021-04-20 00:00:00+05:30,323,Gaddiannaram,2,L.B Nagar,101,Beet Root,101,Common,0.0,15.0,1000.0,1200.0,1100.0,0.0,0.0
2021-04-19 00:00:00+05:30,309,Narayanpet,1342,Narayanpet,6,Jowar,225,White,0.0,422.38,2555.0,4246.0,3890.0,0.0,0.0
2021-04-20 00:00:00+05:30,325,Hyderabad,5,Mahabubmansion,55,Onions,217,No.I,0.0,4075.0,800.0,1200.0,1000.0,0.0,0.0
2021-04-20 00:00:00+05:30,325,Hyderabad,6,Madannapeta,101,Beet Root,101,Common,0.0,8.0,1000.0,1000.0,1000.0,0.0,0.0
2021-04-20 00:00:00+05:30,313,Ibrahimpatnam(RR),42,Ibrahimpatnam,113,Green Chillies,113,Common,0.0,15.0,2500.0,3000.0,2800.0,0.0,0.0
2021-04-20 00:00:00+05:30,314,Marpally,45,Marpally,14,Bengal Gram,14,Common,0.0,35.0,5000.0,5100.0,5000.0,0.0,0.0
2021-04-20 00:00:00+05:30,239,Kesamudram,1168,Kesamudram,1,Paddy,256,Grade-A (RNR),0.0,675.0,1321.0,1906.0,1707.0,0.0,0.0
2021-04-20 00:00:00+05:30,227,Peddapally,1122,Peddapally,25,Cotton,25,Common,0.0,35.2,5319.0,6251.0,6001.0,0.0,0.0
2021-04-20 00:00:00+05:30,308,Nagarkurnool,1334,Nagarkurnool,1,Paddy,272,Grade-A (Sonamasuri),0.0,24.0,1620.0,1620.0,1620.0,0.0,0.0
2021-04-20 00:00:00+05:30,367,Gudimalkapur,1571,Gudumalkapur,99,Cauliflower,99,Common,0.0,108.0,800.0,1200.0,1000.0,0.0,0.0
2021-04-20 00:00:00+05:30,331,Vantimamidi,1612,Vantimamidi,30,Groundnut pods,243,Wet,0.0,115.0,1400.0,2000.0,1700.0,0.0,0.0
2021-04-21 00:00:00+05:30,323,Gaddiannaram,2,L.B Nagar,101,Beet Root,101,Common,0.0,17.0,1000.0,1200.0,1100.0,0.0,0.0
2021-04-20 00:00:00+05:30,309,Narayanpet,1342,Narayanpet,6,Jowar,225,White,0.0,315.07,2000.0,4185.0,3505.0,0.0,0.0
2021-04-21 00:00:00+05:30,313,Ibrahimpatnam(RR),42,Ibrahimpatnam,113,Green Chillies,113,Common,0.0,15.0,1800.0,2300.0,2000.0,0.0,0.0
2021-04-21 00:00:00+05:30,367,Gudimalkapur,1571,Gudumalkapur,99,Cauliflower,99,Common,0.0,142.0,800.0,1200.0,1000.0,0.0,0.0
2021-04-21 00:00:00+05:30,331,Vantimamidi,1612,Vantimamidi,30,Groundnut pods,243,Wet,0.0,87.0,1400.0,2000.0,1700.0,0.0,0.0
2021-04-22 00:00:00+05:30,323,Gaddiannaram,2,L.B Nagar,101,Beet Root,101,Common,0.0,19.0,1000.0,1200.0,1100.0,0.0,0.0
2021-04-22 00:00:00+05:30,325,Hyderabad,5,Mahabubmansion,55,Onions,217,No.I,0.0,6500.0,700.0,1000.0,800.0,0.0,0.0
2021-04-22 00:00:00+05:30,313,Ibrahimpatnam(RR),42,Ibrahimpatnam,113,Green Chillies,113,Common,0.0,15.0,2500.0,3000.0,2800.0,0.0,0.0
2021-04-21 00:00:00+05:30,318,Sardarnagar,41,Sardarnagar,14,Bengal Gram,14,Common,0.0,50.0,5000.0,5200.0,5100.0,0.0,0.0
2021-04-22 00:00:00+05:30,219,Jagtial,1125,Jagtial,1,Paddy,270,Grade-A (1010),0.0,26.0,1311.0,1311.0,1311.0,0.0,0.0
2021-04-22 00:00:00+05:30,239,Kesamudram,1168,Kesamudram,1,Paddy,256,Grade-A (RNR),0.0,878.0,1009.0,1903.0,1609.0,0.0,0.0
2021-04-22 00:00:00+05:30,227,Peddapally,1122,Peddapally,25,Cotton,25,Common,0.0,12.0,5313.0,5476.0,5405.0,0.0,0.0
2021-04-22 00:00:00+05:30,289,Sadasivpet,1200,Sadasivapet,3,Wheat,3,Common,0.0,16.0,1758.0,2051.0,1758.0,0.0,0.0
2021-04-22 00:00:00+05:30,308,Nagarkurnool,1334,Nagarkurnool,1,Paddy,272,Grade-A (Sonamasuri),0.0,36.0,1650.0,1650.0,1650.0,0.0,0.0
2021-04-22 00:00:00+05:30,309,Narayanpet,1342,Narayanpet,6,Jowar,225,White,0.0,279.3,2611.0,4213.0,4090.0,0.0,0.0
2021-04-22 00:00:00+05:30,243,Narsampet,1176,Narsampet,5,Maize,215,Hybrid New,0.0,1689.0,1483.0,1526.0,1526.0,0.0,0.0
2021-04-22 00:00:00+05:30,367,Gudimalkapur,1571,Gudumalkapur,99,Cauliflower,99,Common,0.0,81.0,800.0,1200.0,1000.0,0.0,0.0
2021-04-22 00:00:00+05:30,331,Vantimamidi,1612,Vantimamidi,30,Groundnut pods,243,Wet,0.0,72.0,1400.0,2000.0,1700.0,0.0,0.0
2021-04-23 00:00:00+05:30,323,Gaddiannaram,2,L.B Nagar,101,Beet Root,101,Common,0.0,19.0,1000.0,1200.0,1100.0,0.0,0.0
2021-04-23 00:00:00+05:30,325,Hyderabad,5,Mahabubmansion,55,Onions,217,No.I,0.0,5028.0,800.0,1100.0,900.0,0.0,0.0
2021-04-23 00:00:00+05:30,313,Ibrahimpatnam(RR),42,Ibrahimpatnam,113,Green Chillies,113,Common,0.0,15.0,2000.0,2500.0,2200.0,0.0,0.0
2021-04-23 00:00:00+05:30,227,Peddapally,1122,Peddapally,25,Cotton,25,Common,0.0,56.1,3003.0,5951.0,5500.0,0.0,0.0
2021-04-23 00:00:00+05:30,239,Kesamudram,1168,Kesamudram,1,Paddy,256,Grade-A (RNR),0.0,1348.0,1350.0,1891.0,1590.0,0.0,0.0
2021-04-23 00:00:00+05:30,300,Badepally,1327,Badepally,1,Paddy,256,Grade-A (RNR),0.0,610.0,1209.0,1663.0,1359.0,0.0,0.0
2021-04-23 00:00:00+05:30,292,Zaheerabad,1198,Zaheerabad,5,Maize,5,Common,0.0,20.0,1326.0,1555.0,1538.0,0.0,0.0
2021-04-23 00:00:00+05:30,367,Gudimalkapur,1571,Gudumalkapur,99,Cauliflower,99,Common,0.0,84.0,800.0,1200.0,1000.0,0.0,0.0
2021-04-23 00:00:00+05:30,331,Vantimamidi,1612,Vantimamidi,30,Groundnut pods,243,Wet,0.0,111.0,1400.0,2300.0,1850.0,0.0,0.0
2021-04-24 00:00:00+05:30,323,Gaddiannaram,2,L.B Nagar,101,Beet Root,101,Common,0.0,12.0,1000.0,1300.0,1200.0,0.0,0.0
2021-04-23 00:00:00+05:30,309,Narayanpet,1342,Narayanpet,6,Jowar,225,White,0.0,18.62,3205.0,4255.0,3828.0,0.0,0.0
2021-04-23 00:00:00+05:30,243,Narsampet,1176,Narsampet,5,Maize,215,Hybrid New,0.0,1315.0,1461.0,1528.0,1528.0,0.0,0.0
2021-04-24 00:00:00+05:30,325,Hyderabad,5,Mahabubmansion,55,Onions,217,No.I,0.0,4940.0,700.0,1000.0,800.0,0.0,0.0
2021-04-24 00:00:00+05:30,313,Ibrahimpatnam(RR),42,Ibrahimpatnam,113,Green Chillies,113,Common,0.0,15.0,2000.0,2500.0,2200.0,0.0,0.0
2021-04-24 00:00:00+05:30,219,Jagtial,1125,Jagtial,1,Paddy,270,Grade-A (1010),0.0,19.0,1311.0,1311.0,1311.0,0.0,0.0
2021-04-24 00:00:00+05:30,212,Choppadandi,1123,Choppadandi,1,Paddy,237,Grade-A(IR64),0.0,20.0,1551.0,1577.0,1577.0,0.0,0.0
2021-04-24 00:00:00+05:30,289,Sadasivpet,1200,Sadasivapet,3,Wheat,3,Common,0.0,4.0,1890.0,1951.0,1890.0,0.0,0.0
2021-04-24 00:00:00+05:30,243,Narsampet,1176,Narsampet,5,Maize,215,Hybrid New,0.0,1647.0,1486.0,1531.0,1531.0,0.0,0.0
2021-04-24 00:00:00+05:30,300,Badepally,1327,Badepally,1,Paddy,256,Grade-A (RNR),0.0,477.0,1275.0,1629.0,1456.0,0.0,0.0
2021-04-24 00:00:00+05:30,367,Gudimalkapur,1571,Gudumalkapur,99,Cauliflower,99,Common,0.0,122.0,800.0,1000.0,900.0,0.0,0.0
2021-04-24 00:00:00+05:30,309,Narayanpet,1342,Narayanpet,6,Jowar,225,White,0.0,116.13,3110.0,4139.0,4139.0,0.0,0.0
2021-04-24 00:00:00+05:30,331,Vantimamidi,1612,Vantimamidi,30,Groundnut pods,243,Wet,0.0,152.0,1700.0,2200.0,1950.0,0.0,0.0
2021-04-25 00:00:00+05:30,323,Gaddiannaram,2,L.B Nagar,101,Beet Root,101,Common,0.0,20.0,1000.0,1200.0,1100.0,0.0,0.0
2021-04-25 00:00:00+05:30,325,Hyderabad,6,Madannapeta,101,Beet Root,101,Common,0.0,4.0,1500.0,1500.0,1500.0,0.0,0.0
2021-04-25 00:00:00+05:30,313,Ibrahimpatnam(RR),42,Ibrahimpatnam,113,Green Chillies,113,Common,0.0,15.0,1000.0,1500.0,1700.0,0.0,0.0
2021-04-25 00:00:00+05:30,243,Narsampet,1176,Narsampet,5,Maize,215,Hybrid New,0.0,1195.0,1478.0,1532.0,1523.0,0.0,0.0
2021-04-25 00:00:00+05:30,367,Gudimalkapur,1571,Gudumalkapur,99,Cauliflower,99,Common,0.0,142.0,800.0,1200.0,1000.0,0.0,0.0
2021-04-25 00:00:00+05:30,331,Vantimamidi,1612,Vantimamidi,30,Groundnut pods,243,Wet,0.0,172.0,1700.0,2200.0,1950.0,0.0,0.0
2021-04-26 00:00:00+05:30,323,Gaddiannaram,2,L.B Nagar,101,Beet Root,101,Common,0.0,17.0,1000.0,1200.0,1100.0,0.0,0.0
2021-04-25 00:00:00+05:30,329,Navabpet(MBNR),1483,Navabpet,5,Maize,5,Common,0.0,19.0,1117.0,1369.0,1369.0,0.0,0.0
2021-04-26 00:00:00+05:30,325,Hyderabad,5,Mahabubmansion,55,Onions,217,No.I,0.0,3603.0,700.0,1000.0,800.0,0.0,0.0
2021-04-26 00:00:00+05:30,325,Hyderabad,6,Madannapeta,101,Beet Root,101,Common,0.0,4.0,1000.0,1000.0,1000.0,0.0,0.0
2021-04-26 00:00:00+05:30,313,Ibrahimpatnam(RR),42,Ibrahimpatnam,113,Green Chillies,113,Common,0.0,15.0,1500.0,2000.0,1700.0,0.0,0.0
2021-04-26 00:00:00+05:30,278,Suryapet,1091,Suryapet,1,Paddy,240,Common (1001),0.0,159.0,1416.0,1416.0,1416.0,0.0,0.0
2021-04-26 00:00:00+05:30,219,Jagtial,1125,Jagtial,1,Paddy,270,Grade-A (1010),0.0,221.0,1323.0,1323.0,1323.0,0.0,0.0
2021-04-26 00:00:00+05:30,239,Kesamudram,1168,Kesamudram,1,Paddy,256,Grade-A (RNR),0.0,1689.0,1409.0,1721.0,1681.0,0.0,0.0
2021-04-26 00:00:00+05:30,227,Peddapally,1122,Peddapally,25,Cotton,25,Common,0.0,11.0,4202.0,5005.0,4505.0,0.0,0.0
2021-04-26 00:00:00+05:30,292,Zaheerabad,1198,Zaheerabad,5,Maize,5,Common,0.0,88.0,1550.0,1559.0,1555.0,0.0,0.0
2021-04-26 00:00:00+05:30,300,Badepally,1327,Badepally,1,Paddy,256,Grade-A (RNR),0.0,1016.0,1269.0,1669.0,1569.0,0.0,0.0
2021-04-26 00:00:00+05:30,308,Nagarkurnool,1334,Nagarkurnool,1,Paddy,272,Grade-A (Sonamasuri),0.0,66.0,1509.0,1660.0,1620.0,0.0,0.0
2021-04-26 00:00:00+05:30,367,Gudimalkapur,1571,Gudumalkapur,99,Cauliflower,99,Common,0.0,90.0,800.0,1200.0,1000.0,0.0,0.0
2021-04-27 00:00:00+05:30,323,Gaddiannaram,2,L.B Nagar,101,Beet Root,101,Common,0.0,17.0,1000.0,1200.0,1100.0,0.0,0.0
2021-04-26 00:00:00+05:30,309,Narayanpet,1342,Narayanpet,6,Jowar,225,White,0.0,179.34,2729.0,4711.0,4711.0,0.0,0.0
2021-04-27 00:00:00+05:30,324,Bowenpally,3,Bowenpally,99,Cauliflower,99,Common,0.0,137.0,300.0,1800.0,1400.0,0.0,0.0
2021-04-26 00:00:00+05:30,331,Vantimamidi,1612,Vantimamidi,30,Groundnut pods,243,Wet,0.0,95.0,1600.0,2300.0,1950.0,0.0,0.0
2021-04-27 00:00:00+05:30,325,Hyderabad,6,Madannapeta,101,Beet Root,101,Common,0.0,7.0,800.0,1000.0,900.0,0.0,0.0
2021-04-27 00:00:00+05:30,325,Hyderabad,5,Mahabubmansion,55,Onions,217,No.I,0.0,2909.0,800.0,1100.0,900.0,0.0,0.0
2021-04-27 00:00:00+05:30,313,Ibrahimpatnam(RR),42,Ibrahimpatnam,113,Green Chillies,113,Common,0.0,15.0,2000.0,2500.0,2200.0,0.0,0.0
2021-04-26 00:00:00+05:30,243,Narsampet,1176,Narsampet,5,Maize,215,Hybrid New,0.0,1470.0,1451.0,1524.0,1513.0,0.0,0.0
2021-04-27 00:00:00+05:30,227,Peddapally,1122,Peddapally,25,Cotton,25,Common,0.0,15.0,3505.0,5707.0,5000.0,0.0,0.0
2021-04-27 00:00:00+05:30,238,Jangoan,1169,Jangaon,1,Paddy,238,Grade-A (BPT),0.0,19.5,1311.0,1311.0,1311.0,0.0,0.0
2021-04-27 00:00:00+05:30,239,Kesamudram,1168,Kesamudram,1,Paddy,256,Grade-A (RNR),0.0,1199.0,1351.0,1783.0,1671.0,0.0,0.0
2021-04-27 00:00:00+05:30,308,Nagarkurnool,1334,Nagarkurnool,1,Paddy,272,Grade-A (Sonamasuri),0.0,34.0,1555.0,1679.0,1555.0,0.0,0.0
2021-04-27 00:00:00+05:30,367,Gudimalkapur,1571,Gudumalkapur,99,Cauliflower,99,Common,0.0,127.0,800.0,1200.0,1000.0,0.0,0.0
2021-04-27 00:00:00+05:30,309,Narayanpet,1342,Narayanpet,6,Jowar,225,White,0.0,172.48,3209.0,4111.0,3411.0,0.0,0.0
2021-04-27 00:00:00+05:30,331,Vantimamidi,1612,Vantimamidi,30,Groundnut pods,243,Wet,0.0,121.0,1600.0,2600.0,2100.0,0.0,0.0
2021-04-28 00:00:00+05:30,323,Gaddiannaram,2,L.B Nagar,101,Beet Root,101,Common,0.0,12.0,1000.0,1200.0,1100.0,0.0,0.0
2021-04-28 00:00:00+05:30,324,Bowenpally,3,Bowenpally,99,Cauliflower,99,Common,0.0,170.0,300.0,1500.0,1200.0,0.0,0.0
2021-04-28 00:00:00+05:30,325,Hyderabad,5,Mahabubmansion,55,Onions,217,No.I,0.0,2478.0,800.0,1200.0,900.0,0.0,0.0
2021-04-28 00:00:00+05:30,313,Ibrahimpatnam(RR),42,Ibrahimpatnam,113,Green Chillies,113,Common,0.0,15.0,2000.0,2500.0,2200.0,0.0,0.0
2021-04-28 00:00:00+05:30,219,Jagtial,1125,Jagtial,1,Paddy,270,Grade-A (1010),0.0,494.0,1301.0,1381.0,1341.0,0.0,0.0
2021-04-28 00:00:00+05:30,239,Kesamudram,1168,Kesamudram,1,Paddy,256,Grade-A (RNR),0.0,2090.0,1261.0,1887.0,1625.0,0.0,0.0
2021-04-28 00:00:00+05:30,289,Sadasivpet,1200,Sadasivapet,3,Wheat,3,Common,0.0,15.0,1800.0,2021.0,1809.0,0.0,0.0
2021-04-28 00:00:00+05:30,227,Peddapally,1122,Peddapally,25,Cotton,25,Common,0.0,19.0,3101.0,4500.0,4000.0,0.0,0.0
2021-04-28 00:00:00+05:30,300,Badepally,1327,Badepally,1,Paddy,256,Grade-A (RNR),0.0,2125.0,1250.0,1701.0,1689.0,0.0,0.0
2021-04-28 00:00:00+05:30,308,Nagarkurnool,1334,Nagarkurnool,1,Paddy,272,Grade-A (Sonamasuri),0.0,174.0,1489.0,1630.0,1545.0,0.0,0.0
2021-04-28 00:00:00+05:30,309,Narayanpet,1342,Narayanpet,6,Jowar,225,White,0.0,260.68,2659.0,4050.0,3852.0,0.0,0.0
2021-04-28 00:00:00+05:30,367,Gudimalkapur,1571,Gudumalkapur,99,Cauliflower,99,Common,0.0,82.0,800.0,1000.0,900.0,0.0,0.0
2021-04-28 00:00:00+05:30,331,Vantimamidi,1612,Vantimamidi,30,Groundnut pods,243,Wet,0.0,176.0,1600.0,2200.0,1900.0,0.0,0.0
2021-04-29 00:00:00+05:30,323,Gaddiannaram,2,L.B Nagar,101,Beet Root,101,Common,0.0,14.0,1000.0,1200.0,1100.0,0.0,0.0
2021-04-29 00:00:00+05:30,324,Bowenpally,3,Bowenpally,99,Cauliflower,99,Common,0.0,213.0,300.0,1500.0,1200.0,0.0,0.0
2021-04-29 00:00:00+05:30,325,Hyderabad,5,Mahabubmansion,55,Onions,217,No.I,0.0,3086.0,900.0,1300.0,1000.0,0.0,0.0
2021-04-29 00:00:00+05:30,325,Hyderabad,6,Madannapeta,101,Beet Root,101,Common,0.0,2.0,1500.0,1500.0,1500.0,0.0,0.0
2021-04-29 00:00:00+05:30,313,Ibrahimpatnam(RR),42,Ibrahimpatnam,113,Green Chillies,113,Common,0.0,15.0,2500.0,3000.0,2700.0,0.0,0.0
2021-04-29 00:00:00+05:30,322,Chevella,46,Chevella,6,Jowar,232,Yellow,0.0,5.0,2500.0,2500.0,2500.0,0.0,0.0
2021-04-28 00:00:00+05:30,243,Narsampet,1176,Narsampet,5,Maize,215,Hybrid New,0.0,4456.0,1301.0,1515.0,1506.0,0.0,0.0
2021-04-29 00:00:00+05:30,219,Jagtial,1125,Jagtial,1,Paddy,270,Grade-A (1010),0.0,163.0,1281.0,1413.0,1301.0,0.0,0.0
2021-04-29 00:00:00+05:30,239,Kesamudram,1168,Kesamudram,1,Paddy,256,Grade-A (RNR),0.0,2134.0,1106.0,1759.0,1641.0,0.0,0.0
2021-04-29 00:00:00+05:30,238,Jangoan,1169,Jangaon,1,Paddy,238,Grade-A (BPT),0.0,19.5,1209.0,1209.0,1209.0,0.0,0.0
2021-04-29 00:00:00+05:30,292,Zaheerabad,1198,Zaheerabad,5,Maize,5,Common,0.0,53.5,1530.0,1560.0,1545.0,0.0,0.0
2021-04-29 00:00:00+05:30,308,Nagarkurnool,1334,Nagarkurnool,1,Paddy,272,Grade-A (Sonamasuri),0.0,48.0,1506.0,1646.0,1506.0,0.0,0.0
2021-04-29 00:00:00+05:30,367,Gudimalkapur,1571,Gudumalkapur,99,Cauliflower,99,Common,0.0,189.0,800.0,1200.0,1000.0,0.0,0.0
2021-04-29 00:00:00+05:30,331,Vantimamidi,1612,Vantimamidi,30,Groundnut pods,243,Wet,0.0,100.0,1700.0,2200.0,1950.0,0.0,0.0
2021-04-30 00:00:00+05:30,323,Gaddiannaram,2,L.B Nagar,101,Beet Root,101,Common,0.0,12.0,1000.0,1200.0,1100.0,0.0,0.0
2021-04-30 00:00:00+05:30,324,Bowenpally,3,Bowenpally,99,Cauliflower,99,Common,0.0,180.0,500.0,1500.0,1300.0,0.0,0.0
2021-04-29 00:00:00+05:30,227,Peddapally,1122,Peddapally,25,Cotton,25,Common,0.0,65.0,2511.0,5600.0,5500.0,0.0,0.0
2021-04-30 00:00:00+05:30,325,Hyderabad,5,Mahabubmansion,55,Onions,217,No.I,0.0,3148.0,900.0,1400.0,1000.0,0.0,0.0
2021-04-30 00:00:00+05:30,313,Ibrahimpatnam(RR),42,Ibrahimpatnam,113,Green Chillies,113,Common,0.0,15.0,2000.0,2500.0,2200.0,0.0,0.0
2021-04-30 00:00:00+05:30,227,Peddapally,1122,Peddapally,25,Cotton,25,Common,0.0,22.0,2511.0,5611.0,5500.0,0.0,0.0
2021-04-30 00:00:00+05:30,292,Zaheerabad,1198,Zaheerabad,5,Maize,5,Common,0.0,77.5,1480.0,1564.0,1564.0,0.0,0.0
2021-04-30 00:00:00+05:30,219,Jagtial,1125,Jagtial,1,Paddy,270,Grade-A (1010),0.0,86.0,1251.0,1321.0,1345.0,0.0,0.0
2021-04-30 00:00:00+05:30,238,Jangoan,1169,Jangaon,1,Paddy,238,Grade-A (BPT),0.0,6.5,1409.0,1409.0,1409.0,0.0,0.0
2021-04-30 00:00:00+05:30,289,Sadasivpet,1200,Sadasivapet,3,Wheat,3,Common,0.0,3.0,1751.0,1751.0,1751.0,0.0,0.0
2021-04-30 00:00:00+05:30,309,Narayanpet,1342,Narayanpet,6,Jowar,225,White,0.0,145.04,2655.0,4050.0,2855.0,0.0,0.0
2021-04-30 00:00:00+05:30,308,Nagarkurnool,1334,Nagarkurnool,1,Paddy,272,Grade-A (Sonamasuri),0.0,44.0,1525.0,1630.0,1530.0,0.0,0.0
2021-04-30 00:00:00+05:30,367,Gudimalkapur,1571,Gudumalkapur,99,Cauliflower,99,Common,0.0,129.0,800.0,1200.0,1000.0,0.0,0.0
2021-04-30 00:00:00+05:30,243,Narsampet,1176,Narsampet,5,Maize,215,Hybrid New,0.0,1470.0,1411.0,1509.0,1502.0,0.0,0.0
2021-04-07 00:00:00+05:30,324,Bowenpally,3,Bowenpally,101,Beet Root,101,Common,0.0,911.0,400.0,1300.0,1000.0,0.0,0.0
2021-04-06 00:00:00+05:30,309,Narayanpet,1342,Narayanpet,14,Bengal Gram,14,Common,0.0,6.86,4880.0,4949.0,4880.0,0.0,0.0
2021-04-07 00:00:00+05:30,323,Gaddiannaram,2,L.B Nagar,103,Carrot,103,Common,0.0,44.0,1000.0,1200.0,1100.0,0.0,0.0
2021-04-06 00:00:00+05:30,331,Vantimamidi,1612,Vantimamidi,98,Cabbage,98,Common,0.0,68.0,200.0,400.0,300.0,0.0,0.0
2021-04-06 00:00:00+05:30,367,Gudimalkapur,1571,Gudumalkapur,101,Beet Root,101,Common,0.0,45.0,600.0,1000.0,800.0,0.0,0.0
2021-04-06 00:00:00+05:30,306,Mahbubnagar,1326,Mahaboobnagar,5,Maize,5,Common,0.0,12.0,2522.0,2522.0,2522.0,0.0,0.0
2021-04-06 00:00:00+05:30,302,Gadwal,1328,Gadwal,15,Red Gram,15,Common,0.0,18.0,6069.0,6121.0,6106.0,0.0,0.0
2021-04-06 00:00:00+05:30,308,Nagarkurnool,1334,Nagarkurnool,5,Maize,5,Common,0.0,97.0,1568.0,1568.0,1568.0,0.0,0.0
2021-04-06 00:00:00+05:30,212,Choppadandi,1123,Choppadandi,1,Paddy,238,Grade-A (BPT),0.0,10.0,1501.0,1652.0,1652.0,0.0,0.0
2021-04-06 00:00:00+05:30,314,Marpally,45,Marpally,15,Red Gram,15,Common,0.0,11.0,6600.0,6800.0,6600.0,0.0,0.0
2021-04-06 00:00:00+05:30,254,Enkoor,1078,Enkoor,54,Chillies(Dry),54,Common,0.0,35.25,8000.0,8500.0,8200.0,0.0,0.0
2021-04-06 00:00:00+05:30,313,Ibrahimpatnam(RR),42,Ibrahimpatnam,114,Tomato,197,Local,0.0,60.0,800.0,1500.0,1000.0,0.0,0.0
2021-04-06 00:00:00+05:30,325,Hyderabad,5,Mahabubmansion,55,Onions,218,No.II,0.0,6198.0,400.0,600.0,500.0,0.0,0.0
2021-04-06 00:00:00+05:30,325,Hyderabad,6,Madannapeta,103,Carrot,103,Common,0.0,23.0,1100.0,1100.0,1100.0,0.0,0.0
2021-04-06 00:00:00+05:30,324,Bowenpally,3,Bowenpally,101,Beet Root,101,Common,0.0,586.0,300.0,1600.0,1500.0,0.0,0.0
2021-04-06 00:00:00+05:30,323,Gaddiannaram,2,L.B Nagar,103,Carrot,103,Common,0.0,44.0,1000.0,1200.0,1100.0,0.0,0.0
2021-04-05 00:00:00+05:30,331,Vantimamidi,1612,Vantimamidi,98,Cabbage,98,Common,0.0,24.0,200.0,450.0,325.0,0.0,0.0
2021-04-05 00:00:00+05:30,367,Gudimalkapur,1571,Gudumalkapur,101,Beet Root,101,Common,0.0,64.0,600.0,800.0,700.0,0.0,0.0
2021-04-05 00:00:00+05:30,295,Sangareddy,1219,Sangaredy,55,Onions,55,Common,0.0,21.0,1000.0,1200.0,1100.0,0.0,0.0
2021-04-05 00:00:00+05:30,313,Ibrahimpatnam(RR),42,Ibrahimpatnam,114,Tomato,197,Local,0.0,65.0,800.0,1500.0,1000.0,0.0,0.0
2021-04-05 00:00:00+05:30,325,Hyderabad,5,Mahabubmansion,55,Onions,218,No.II,0.0,8533.0,500.0,800.0,600.0,0.0,0.0
2021-04-04 00:00:00+05:30,329,Navabpet(MBNR),1483,Navabpet,6,Jowar,6,Common,0.0,6.0,1036.0,1037.0,1037.0,0.0,0.0
2021-04-04 00:00:00+05:30,331,Vantimamidi,1612,Vantimamidi,98,Cabbage,98,Common,0.0,20.0,300.0,400.0,350.0,0.0,0.0
2021-04-05 00:00:00+05:30,323,Gaddiannaram,2,L.B Nagar,103,Carrot,103,Common,0.0,62.0,1000.0,1200.0,1100.0,0.0,0.0
2021-04-05 00:00:00+05:30,325,Hyderabad,6,Madannapeta,103,Carrot,103,Common,0.0,17.0,1000.0,1000.0,1000.0,0.0,0.0
2021-04-04 00:00:00+05:30,367,Gudimalkapur,1571,Gudumalkapur,101,Beet Root,101,Common,0.0,60.0,800.0,1000.0,900.0,0.0,0.0
2021-04-04 00:00:00+05:30,295,Sangareddy,1219,Sangaredy,55,Onions,55,Common,0.0,15.0,1000.0,1200.0,1100.0,0.0,0.0
2021-04-04 00:00:00+05:30,313,Ibrahimpatnam(RR),42,Ibrahimpatnam,114,Tomato,197,Local,0.0,60.0,800.0,1500.0,1200.0,0.0,0.0
2021-04-04 00:00:00+05:30,323,Gaddiannaram,2,L.B Nagar,103,Carrot,103,Common,0.0,43.0,1000.0,1200.0,1100.0,0.0,0.0
2021-04-04 00:00:00+05:30,325,Hyderabad,6,Madannapeta,103,Carrot,103,Common,0.0,14.0,1000.0,1200.0,1100.0,0.0,0.0
2021-04-04 00:00:00+05:30,324,Bowenpally,3,Bowenpally,101,Beet Root,101,Common,0.0,622.0,300.0,1600.0,1300.0,0.0,0.0
2021-04-03 00:00:00+05:30,331,Vantimamidi,1612,Vantimamidi,98,Cabbage,98,Common,0.0,18.0,200.0,400.0,300.0,0.0,0.0
2021-04-03 00:00:00+05:30,308,Nagarkurnool,1334,Nagarkurnool,5,Maize,5,Common,0.0,37.0,1539.0,1539.0,1539.0,0.0,0.0
2021-04-03 00:00:00+05:30,367,Gudimalkapur,1571,Gudumalkapur,101,Beet Root,101,Common,0.0,77.0,800.0,1000.0,900.0,0.0,0.0
2021-04-03 00:00:00+05:30,212,Choppadandi,1123,Choppadandi,1,Paddy,238,Grade-A (BPT),0.0,2.0,1412.0,1412.0,1412.0,0.0,0.0
2021-04-03 00:00:00+05:30,254,Enkoor,1078,Enkoor,54,Chillies(Dry),54,Common,0.0,51.5,8000.0,8600.0,8350.0,0.0,0.0
2021-04-03 00:00:00+05:30,292,Zaheerabad,1198,Zaheerabad,6,Jowar,225,White,0.0,5.0,1359.0,1359.0,1359.0,0.0,0.0
2021-04-03 00:00:00+05:30,295,Sangareddy,1219,Sangaredy,55,Onions,55,Common,0.0,9.0,800.0,1000.0,900.0,0.0,0.0
2021-04-03 00:00:00+05:30,302,Gadwal,1328,Gadwal,15,Red Gram,15,Common,0.0,14.0,6189.0,6226.0,6216.0,0.0,0.0
2021-04-03 00:00:00+05:30,313,Ibrahimpatnam(RR),42,Ibrahimpatnam,114,Tomato,197,Local,0.0,60.0,800.0,1500.0,1000.0,0.0,0.0
2021-04-03 00:00:00+05:30,325,Hyderabad,5,Mahabubmansion,55,Onions,218,No.II,0.0,6834.0,500.0,800.0,600.0,0.0,0.0
2021-04-03 00:00:00+05:30,325,Hyderabad,6,Madannapeta,103,Carrot,103,Common,0.0,15.0,800.0,1000.0,900.0,0.0,0.0
2021-04-03 00:00:00+05:30,324,Bowenpally,3,Bowenpally,101,Beet Root,101,Common,0.0,554.0,300.0,1500.0,1200.0,0.0,0.0
2021-04-03 00:00:00+05:30,323,Gaddiannaram,2,L.B Nagar,103,Carrot,103,Common,0.0,40.0,1000.0,1200.0,1100.0,0.0,0.0
2021-04-02 00:00:00+05:30,331,Vantimamidi,1612,Vantimamidi,98,Cabbage,98,Common,0.0,42.0,200.0,500.0,350.0,0.0,0.0
2021-04-02 00:00:00+05:30,367,Gudimalkapur,1571,Gudumalkapur,101,Beet Root,101,Common,0.0,74.0,600.0,1000.0,800.0,0.0,0.0
2021-04-02 00:00:00+05:30,313,Ibrahimpatnam(RR),42,Ibrahimpatnam,114,Tomato,197,Local,0.0,60.0,800.0,1500.0,1200.0,0.0,0.0
2021-04-02 00:00:00+05:30,317,Pargi,39,Pargi,5,Maize,5,Common,0.0,15.0,1576.0,1576.0,1576.0,0.0,0.0
2021-04-02 00:00:00+05:30,325,Hyderabad,5,Mahabubmansion,55,Onions,218,No.II,0.0,4968.0,600.0,800.0,700.0,0.0,0.0
2021-04-02 00:00:00+05:30,325,Hyderabad,7,Meeralamandi,105,Potato,105,Common,0.0,166.0,800.0,1000.0,900.0,0.0,0.0
2021-04-02 00:00:00+05:30,325,Hyderabad,6,Madannapeta,103,Carrot,103,Common,0.0,15.0,800.0,1000.0,900.0,0.0,0.0
2021-04-02 00:00:00+05:30,324,Bowenpally,3,Bowenpally,101,Beet Root,101,Common,0.0,677.0,300.0,1500.0,1200.0,0.0,0.0
2021-04-02 00:00:00+05:30,323,Gaddiannaram,2,L.B Nagar,103,Carrot,103,Common,0.0,59.0,1000.0,1200.0,1100.0,0.0,0.0
2021-04-01 00:00:00+05:30,331,Vantimamidi,1612,Vantimamidi,98,Cabbage,98,Common,0.0,56.0,200.0,500.0,350.0,0.0,0.0
2021-04-01 00:00:00+05:30,309,Narayanpet,1342,Narayanpet,14,Bengal Gram,14,Common,0.0,8.33,4800.0,4809.0,4809.0,0.0,0.0
2021-04-01 00:00:00+05:30,302,Gadwal,1328,Gadwal,15,Red Gram,15,Common,0.0,7.0,5989.0,6189.0,6179.0,0.0,0.0
2021-04-01 00:00:00+05:30,295,Sangareddy,1219,Sangaredy,55,Onions,55,Common,0.0,5.0,800.0,1000.0,900.0,0.0,0.0
2021-04-01 00:00:00+05:30,254,Enkoor,1078,Enkoor,54,Chillies(Dry),54,Common,0.0,83.0,8000.0,8800.0,8350.0,0.0,0.0
2021-04-01 00:00:00+05:30,318,Sardarnagar,41,Sardarnagar,15,Red Gram,15,Common,0.0,50.0,6100.0,6300.0,6200.0,0.0,0.0
2021-04-01 00:00:00+05:30,313,Ibrahimpatnam(RR),42,Ibrahimpatnam,114,Tomato,197,Local,0.0,60.0,600.0,1200.0,900.0,0.0,0.0
2021-04-01 00:00:00+05:30,321,Vikarabad,38,Vikarabad,14,Bengal Gram,14,Common,0.0,340.5,4711.0,4879.0,4859.0,0.0,0.0
2021-04-01 00:00:00+05:30,325,Hyderabad,5,Mahabubmansion,55,Onions,218,No.II,0.0,5502.0,600.0,800.0,700.0,0.0,0.0
2021-04-01 00:00:00+05:30,325,Hyderabad,6,Madannapeta,103,Carrot,103,Common,0.0,15.0,700.0,1000.0,850.0,0.0,0.0
2021-04-01 00:00:00+05:30,323,Gaddiannaram,2,L.B Nagar,103,Carrot,103,Common,0.0,36.0,1000.0,1200.0,1100.0,0.0,0.0
2021-04-01 00:00:00+05:30,324,Bowenpally,3,Bowenpally,101,Beet Root,101,Common,0.0,596.0,300.0,1800.0,1400.0,0.0,0.0
2021-04-12 00:00:00+05:30,325,Hyderabad,5,Mahabubmansion,55,Onions,218,No.II,0.0,5939.0,400.0,800.0,600.0,0.0,0.0
2021-04-12 00:00:00+05:30,313,Ibrahimpatnam(RR),42,Ibrahimpatnam,114,Tomato,197,Local,0.0,50.0,800.0,600.0,1000.0,0.0,0.0
2021-04-12 00:00:00+05:30,325,Hyderabad,6,Madannapeta,103,Carrot,103,Common,0.0,14.0,1000.0,1000.0,1000.0,0.0,0.0
2021-04-12 00:00:00+05:30,323,Gaddiannaram,2,L.B Nagar,103,Carrot,103,Common,0.0,40.0,1000.0,1500.0,1200.0,0.0,0.0
2021-04-12 00:00:00+05:30,324,Bowenpally,3,Bowenpally,101,Beet Root,101,Common,0.0,544.0,300.0,1500.0,1100.0,0.0,0.0
2021-04-11 00:00:00+05:30,331,Vantimamidi,1612,Vantimamidi,98,Cabbage,98,Common,0.0,14.0,200.0,300.0,250.0,0.0,0.0
2021-04-11 00:00:00+05:30,367,Gudimalkapur,1571,Gudumalkapur,101,Beet Root,101,Common,0.0,55.0,600.0,800.0,700.0,0.0,0.0
2021-04-11 00:00:00+05:30,295,Sangareddy,1219,Sangaredy,55,Onions,55,Common,0.0,11.0,800.0,1000.0,900.0,0.0,0.0
2021-04-11 00:00:00+05:30,313,Ibrahimpatnam(RR),42,Ibrahimpatnam,114,Tomato,197,Local,0.0,60.0,1000.0,1500.0,1200.0,0.0,0.0
2021-04-11 00:00:00+05:30,325,Hyderabad,6,Madannapeta,103,Carrot,103,Common,0.0,23.0,1000.0,1200.0,1100.0,0.0,0.0
2021-04-11 00:00:00+05:30,324,Bowenpally,3,Bowenpally,101,Beet Root,101,Common,0.0,531.0,300.0,1500.0,1100.0,0.0,0.0
2021-04-11 00:00:00+05:30,323,Gaddiannaram,2,L.B Nagar,103,Carrot,103,Common,0.0,30.0,1000.0,1200.0,1100.0,0.0,0.0
2021-04-10 00:00:00+05:30,309,Narayanpet,1342,Narayanpet,14,Bengal Gram,14,Common,0.0,5.88,4779.0,4779.0,4779.0,0.0,0.0
2021-04-10 00:00:00+05:30,331,Vantimamidi,1612,Vantimamidi,98,Cabbage,98,Common,0.0,19.0,300.0,500.0,400.0,0.0,0.0
2021-04-10 00:00:00+05:30,367,Gudimalkapur,1571,Gudumalkapur,101,Beet Root,101,Common,0.0,61.0,600.0,800.0,700.0,0.0,0.0
2021-04-10 00:00:00+05:30,295,Sangareddy,1219,Sangaredy,55,Onions,55,Common,0.0,8.0,800.0,1000.0,900.0,0.0,0.0
2021-04-10 00:00:00+05:30,302,Gadwal,1328,Gadwal,15,Red Gram,15,Common,0.0,11.0,5889.0,6256.0,6216.0,0.0,0.0
2021-04-10 00:00:00+05:30,292,Zaheerabad,1198,Zaheerabad,6,Jowar,225,White,0.0,3.5,976.0,976.0,906.0,0.0,0.0
2021-04-10 00:00:00+05:30,313,Ibrahimpatnam(RR),42,Ibrahimpatnam,114,Tomato,197,Local,0.0,70.0,600.0,1000.0,800.0,0.0,0.0
2021-04-10 00:00:00+05:30,325,Hyderabad,6,Madannapeta,103,Carrot,103,Common,0.0,25.0,1000.0,1000.0,1000.0,0.0,0.0
2021-04-10 00:00:00+05:30,325,Hyderabad,5,Mahabubmansion,55,Onions,218,No.II,0.0,5756.0,400.0,800.0,600.0,0.0,0.0
2021-04-10 00:00:00+05:30,324,Bowenpally,3,Bowenpally,101,Beet Root,101,Common,0.0,289.0,300.0,1200.0,1000.0,0.0,0.0
2021-04-09 00:00:00+05:30,331,Vantimamidi,1612,Vantimamidi,98,Cabbage,98,Common,0.0,49.0,150.0,350.0,250.0,0.0,0.0
2021-04-09 00:00:00+05:30,367,Gudimalkapur,1571,Gudumalkapur,101,Beet Root,101,Common,0.0,47.0,600.0,800.0,700.0,0.0,0.0
2021-04-09 00:00:00+05:30,302,Gadwal,1328,Gadwal,15,Red Gram,15,Common,0.0,5.0,5829.0,6189.0,6126.0,0.0,0.0
2021-04-09 00:00:00+05:30,295,Sangareddy,1219,Sangaredy,55,Onions,55,Common,0.0,2.0,800.0,1100.0,1000.0,0.0,0.0
2021-04-09 00:00:00+05:30,313,Ibrahimpatnam(RR),42,Ibrahimpatnam,114,Tomato,197,Local,0.0,70.0,600.0,1000.0,800.0,0.0,0.0
2021-04-09 00:00:00+05:30,254,Enkoor,1078,Enkoor,54,Chillies(Dry),54,Common,0.0,36.85,7900.0,8500.0,8200.0,0.0,0.0
2021-04-09 00:00:00+05:30,322,Chevella,46,Chevella,15,Red Gram,15,Common,0.0,10.0,6000.0,6000.0,6000.0,0.0,0.0
2021-04-09 00:00:00+05:30,317,Pargi,39,Pargi,5,Maize,5,Common,0.0,76.0,1571.0,1571.0,1571.0,0.0,0.0
2021-04-09 00:00:00+05:30,325,Hyderabad,5,Mahabubmansion,55,Onions,218,No.II,0.0,4629.0,400.0,800.0,600.0,0.0,0.0
2021-04-09 00:00:00+05:30,325,Hyderabad,7,Meeralamandi,105,Potato,105,Common,0.0,186.0,1000.0,1100.0,1050.0,0.0,0.0
2021-04-09 00:00:00+05:30,325,Hyderabad,6,Madannapeta,103,Carrot,103,Common,0.0,14.0,1000.0,1000.0,1000.0,0.0,0.0
2021-04-09 00:00:00+05:30,324,Bowenpally,3,Bowenpally,101,Beet Root,101,Common,0.0,458.0,300.0,1200.0,1000.0,0.0,0.0
2021-04-09 00:00:00+05:30,323,Gaddiannaram,2,L.B Nagar,103,Carrot,103,Common,0.0,46.0,1000.0,1200.0,1100.0,0.0,0.0
2021-04-08 00:00:00+05:30,331,Vantimamidi,1612,Vantimamidi,98,Cabbage,98,Common,0.0,19.0,200.0,300.0,250.0,0.0,0.0
2021-04-08 00:00:00+05:30,367,Gudimalkapur,1571,Gudumalkapur,101,Beet Root,101,Common,0.0,60.0,600.0,800.0,700.0,0.0,0.0
2021-04-08 00:00:00+05:30,302,Gadwal,1328,Gadwal,15,Red Gram,15,Common,0.0,5.0,6150.0,6160.0,6160.0,0.0,0.0
2021-04-08 00:00:00+05:30,295,Sangareddy,1219,Sangaredy,55,Onions,55,Common,0.0,25.0,800.0,1100.0,1000.0,0.0,0.0
2021-04-08 00:00:00+05:30,254,Enkoor,1078,Enkoor,54,Chillies(Dry),54,Common,0.0,88.6,7900.0,8500.0,8200.0,0.0,0.0
2021-04-08 00:00:00+05:30,322,Chevella,46,Chevella,15,Red Gram,15,Common,0.0,10.0,6000.0,6000.0,6000.0,0.0,0.0
2021-04-08 00:00:00+05:30,313,Ibrahimpatnam(RR),42,Ibrahimpatnam,114,Tomato,197,Local,0.0,45.0,800.0,1200.0,1000.0,0.0,0.0
2021-04-08 00:00:00+05:30,325,Hyderabad,6,Madannapeta,103,Carrot,103,Common,0.0,23.0,1000.0,1200.0,1100.0,0.0,0.0
2021-04-08 00:00:00+05:30,325,Hyderabad,5,Mahabubmansion,55,Onions,218,No.II,0.0,5797.0,400.0,600.0,500.0,0.0,0.0
2021-04-07 00:00:00+05:30,312,Wanaparthy Town,1344,W.P.Town,5,Maize,5,Common,0.0,8.0,1460.0,1460.0,1460.0,0.0,0.0
2021-04-08 00:00:00+05:30,323,Gaddiannaram,2,L.B Nagar,103,Carrot,103,Common,0.0,40.0,1000.0,1200.0,1100.0,0.0,0.0
2021-04-07 00:00:00+05:30,331,Vantimamidi,1612,Vantimamidi,98,Cabbage,98,Common,0.0,37.0,200.0,350.0,275.0,0.0,0.0
2021-04-08 00:00:00+05:30,324,Bowenpally,3,Bowenpally,101,Beet Root,101,Common,0.0,610.0,400.0,1200.0,1000.0,0.0,0.0
2021-04-07 00:00:00+05:30,367,Gudimalkapur,1571,Gudumalkapur,101,Beet Root,101,Common,0.0,46.0,600.0,1000.0,800.0,0.0,0.0
2021-04-07 00:00:00+05:30,309,Narayanpet,1342,Narayanpet,14,Bengal Gram,14,Common,0.0,13.72,5050.0,5050.0,5050.0,0.0,0.0
2021-04-07 00:00:00+05:30,302,Gadwal,1328,Gadwal,15,Red Gram,15,Common,0.0,15.0,6123.0,6149.0,6126.0,0.0,0.0
2021-04-07 00:00:00+05:30,292,Zaheerabad,1198,Zaheerabad,6,Jowar,225,White,0.0,12.0,1256.0,1336.0,1336.0,0.0,0.0
2021-04-07 00:00:00+05:30,295,Sangareddy,1219,Sangaredy,55,Onions,55,Common,0.0,13.0,1000.0,1200.0,1100.0,0.0,0.0
2021-04-07 00:00:00+05:30,244,Parkal,1181,Parkal,25,Cotton,25,Common,0.0,13.0,4800.0,5800.0,5300.0,0.0,0.0
2021-04-07 00:00:00+05:30,212,Choppadandi,1123,Choppadandi,1,Paddy,238,Grade-A (BPT),0.0,38.0,1611.0,1651.0,1616.0,0.0,0.0
2021-04-07 00:00:00+05:30,254,Enkoor,1078,Enkoor,54,Chillies(Dry),54,Common,0.0,52.35,8000.0,8500.0,8200.0,0.0,0.0
2021-04-07 00:00:00+05:30,313,Ibrahimpatnam(RR),42,Ibrahimpatnam,114,Tomato,197,Local,0.0,60.0,1000.0,1500.0,1200.0,0.0,0.0
2021-04-07 00:00:00+05:30,318,Sardarnagar,41,Sardarnagar,15,Red Gram,15,Common,0.0,100.0,6100.0,6300.0,6200.0,0.0,0.0
2021-04-07 00:00:00+05:30,325,Hyderabad,5,Mahabubmansion,55,Onions,218,No.II,0.0,6199.0,500.0,800.0,600.0,0.0,0.0
2021-04-07 00:00:00+05:30,325,Hyderabad,7,Meeralamandi,105,Potato,105,Common,0.0,300.0,1000.0,1200.0,1100.0,0.0,0.0
2021-04-07 00:00:00+05:30,325,Hyderabad,6,Madannapeta,103,Carrot,103,Common,0.0,8.0,1000.0,1200.0,1100.0,0.0,0.0
2021-04-19 00:00:00+05:30,325,Hyderabad,5,Mahabubmansion,55,Onions,218,No.II,0.0,5380.0,400.0,600.0,500.0,0.0,0.0
2021-04-18 00:00:00+05:30,329,Navabpet(MBNR),1483,Navabpet,6,Jowar,6,Common,0.0,5.0,1039.0,1039.0,1039.0,0.0,0.0
2021-04-19 00:00:00+05:30,325,Hyderabad,7,Meeralamandi,105,Potato,105,Common,0.0,150.0,600.0,800.0,700.0,0.0,0.0
2021-04-19 00:00:00+05:30,324,Bowenpally,3,Bowenpally,101,Beet Root,101,Common,0.0,766.0,400.0,1300.0,1000.0,0.0,0.0
2021-04-19 00:00:00+05:30,323,Gaddiannaram,2,L.B Nagar,103,Carrot,103,Common,0.0,40.0,1000.0,1500.0,1200.0,0.0,0.0
2021-04-18 00:00:00+05:30,331,Vantimamidi,1612,Vantimamidi,98,Cabbage,98,Common,0.0,34.0,200.0,500.0,350.0,0.0,0.0
2021-04-18 00:00:00+05:30,367,Gudimalkapur,1571,Gudumalkapur,101,Beet Root,101,Common,0.0,105.0,600.0,800.0,700.0,0.0,0.0
2021-04-18 00:00:00+05:30,295,Sangareddy,1219,Sangaredy,55,Onions,55,Common,0.0,18.0,800.0,1000.0,900.0,0.0,0.0
2021-04-18 00:00:00+05:30,313,Ibrahimpatnam(RR),42,Ibrahimpatnam,114,Tomato,197,Local,0.0,80.0,500.0,1000.0,800.0,0.0,0.0
2021-04-18 00:00:00+05:30,323,Gaddiannaram,2,L.B Nagar,103,Carrot,103,Common,0.0,45.0,1200.0,1400.0,1300.0,0.0,0.0
2021-04-17 00:00:00+05:30,331,Vantimamidi,1612,Vantimamidi,98,Cabbage,98,Common,0.0,23.0,200.0,400.0,300.0,0.0,0.0
2021-04-17 00:00:00+05:30,367,Gudimalkapur,1571,Gudumalkapur,101,Beet Root,101,Common,0.0,86.0,600.0,800.0,700.0,0.0,0.0
2021-04-17 00:00:00+05:30,308,Nagarkurnool,1334,Nagarkurnool,5,Maize,5,Common,0.0,81.0,1526.0,1565.0,1526.0,0.0,0.0
2021-04-17 00:00:00+05:30,302,Gadwal,1328,Gadwal,15,Red Gram,15,Common,0.0,15.0,6338.0,6349.0,6344.0,0.0,0.0
2021-04-17 00:00:00+05:30,313,Ibrahimpatnam(RR),42,Ibrahimpatnam,114,Tomato,197,Local,0.0,70.0,1000.0,1500.0,1200.0,0.0,0.0
2021-04-17 00:00:00+05:30,325,Hyderabad,5,Mahabubmansion,55,Onions,218,No.II,0.0,5459.0,400.0,700.0,600.0,0.0,0.0
2021-04-17 00:00:00+05:30,324,Bowenpally,3,Bowenpally,101,Beet Root,101,Common,0.0,563.0,300.0,1400.0,1200.0,0.0,0.0
2021-04-17 00:00:00+05:30,323,Gaddiannaram,2,L.B Nagar,103,Carrot,103,Common,0.0,47.0,1200.0,1400.0,1300.0,0.0,0.0
2021-04-16 00:00:00+05:30,331,Vantimamidi,1612,Vantimamidi,98,Cabbage,98,Common,0.0,13.0,200.0,400.0,300.0,0.0,0.0
2021-04-16 00:00:00+05:30,367,Gudimalkapur,1571,Gudumalkapur,101,Beet Root,101,Common,0.0,75.0,400.0,600.0,500.0,0.0,0.0
2021-04-16 00:00:00+05:30,302,Gadwal,1328,Gadwal,15,Red Gram,15,Common,0.0,32.0,6169.0,6306.0,6301.0,0.0,0.0
2021-04-16 00:00:00+05:30,295,Sangareddy,1219,Sangaredy,55,Onions,55,Common,0.0,15.0,800.0,1000.0,900.0,0.0,0.0
2021-04-16 00:00:00+05:30,292,Zaheerabad,1198,Zaheerabad,6,Jowar,225,White,0.0,30.0,1456.0,1456.0,1062.0,0.0,0.0
2021-04-16 00:00:00+05:30,254,Enkoor,1078,Enkoor,54,Chillies(Dry),54,Common,0.0,12.65,8100.0,8500.0,8300.0,0.0,0.0
2021-04-16 00:00:00+05:30,208,Nizamabad,1080,Nizamabad,1,Paddy,270,Grade-A (1010),0.0,148.0,1421.0,1451.0,1451.0,0.0,0.0
2021-04-16 00:00:00+05:30,313,Ibrahimpatnam(RR),42,Ibrahimpatnam,114,Tomato,197,Local,0.0,70.0,400.0,800.0,600.0,0.0,0.0
2021-04-16 00:00:00+05:30,317,Pargi,39,Pargi,5,Maize,5,Common,0.0,2.8,1411.0,1555.0,1411.0,0.0,0.0
2021-04-16 00:00:00+05:30,325,Hyderabad,6,Madannapeta,103,Carrot,103,Common,0.0,11.0,1500.0,1500.0,1500.0,0.0,0.0
2021-04-16 00:00:00+05:30,325,Hyderabad,5,Mahabubmansion,55,Onions,218,No.II,0.0,4462.0,400.0,700.0,600.0,0.0,0.0
2021-04-16 00:00:00+05:30,323,Gaddiannaram,2,L.B Nagar,103,Carrot,103,Common,0.0,42.0,1000.0,1200.0,1100.0,0.0,0.0
2021-04-15 00:00:00+05:30,331,Vantimamidi,1612,Vantimamidi,98,Cabbage,98,Common,0.0,43.0,300.0,500.0,400.0,0.0,0.0
2021-04-16 00:00:00+05:30,324,Bowenpally,3,Bowenpally,101,Beet Root,101,Common,0.0,537.0,300.0,1200.0,1000.0,0.0,0.0
2021-04-15 00:00:00+05:30,367,Gudimalkapur,1571,Gudumalkapur,101,Beet Root,101,Common,0.0,49.0,600.0,1000.0,800.0,0.0,0.0
2021-04-15 00:00:00+05:30,302,Gadwal,1328,Gadwal,15,Red Gram,15,Common,0.0,4.0,5969.0,6269.0,6259.0,0.0,0.0
2021-04-15 00:00:00+05:30,232,Medipally,1141,Midipally,76,Mango,291,Benishan,0.0,13.0,2600.0,3700.0,3300.0,0.0,0.0
2021-04-15 00:00:00+05:30,295,Sangareddy,1219,Sangaredy,55,Onions,55,Common,0.0,5.0,800.0,1000.0,900.0,0.0,0.0
2021-04-15 00:00:00+05:30,289,Sadasivpet,1200,Sadasivapet,5,Maize,5,Common,0.0,2.0,1503.0,1503.0,1503.0,0.0,0.0
2021-04-15 00:00:00+05:30,292,Zaheerabad,1198,Zaheerabad,6,Jowar,225,White,0.0,30.0,1456.0,1456.0,1062.0,0.0,0.0
2021-04-15 00:00:00+05:30,212,Choppadandi,1123,Choppadandi,1,Paddy,238,Grade-A (BPT),0.0,6.0,1665.0,1665.0,1665.0,0.0,0.0
2021-04-15 00:00:00+05:30,313,Ibrahimpatnam(RR),42,Ibrahimpatnam,114,Tomato,197,Local,0.0,60.0,600.0,1000.0,800.0,0.0,0.0
2021-04-15 00:00:00+05:30,325,Hyderabad,5,Mahabubmansion,55,Onions,218,No.II,0.0,3248.0,400.0,700.0,600.0,0.0,0.0
2021-04-15 00:00:00+05:30,325,Hyderabad,7,Meeralamandi,105,Potato,105,Common,0.0,150.0,600.0,800.0,700.0,0.0,0.0
2021-04-15 00:00:00+05:30,323,Gaddiannaram,2,L.B Nagar,103,Carrot,103,Common,0.0,33.0,1000.0,1500.0,1200.0,0.0,0.0
2021-04-15 00:00:00+05:30,325,Hyderabad,6,Madannapeta,103,Carrot,103,Common,0.0,9.0,1500.0,1700.0,1600.0,0.0,0.0
2021-04-14 00:00:00+05:30,331,Vantimamidi,1612,Vantimamidi,98,Cabbage,98,Common,0.0,16.0,400.0,500.0,450.0,0.0,0.0
2021-04-15 00:00:00+05:30,324,Bowenpally,3,Bowenpally,101,Beet Root,101,Common,0.0,288.0,500.0,1800.0,1200.0,0.0,0.0
2021-04-14 00:00:00+05:30,367,Gudimalkapur,1571,Gudumalkapur,101,Beet Root,101,Common,0.0,42.0,600.0,1000.0,800.0,0.0,0.0
2021-04-14 00:00:00+05:30,313,Ibrahimpatnam(RR),42,Ibrahimpatnam,114,Tomato,197,Local,0.0,60.0,600.0,1000.0,800.0,0.0,0.0
2021-04-14 00:00:00+05:30,325,Hyderabad,7,Meeralamandi,105,Potato,105,Common,0.0,167.0,800.0,1000.0,900.0,0.0,0.0
2021-04-14 00:00:00+05:30,295,Sangareddy,1219,Sangaredy,55,Onions,55,Common,0.0,2.0,800.0,1000.0,900.0,0.0,0.0
2021-04-14 00:00:00+05:30,325,Hyderabad,6,Madannapeta,103,Carrot,103,Common,0.0,25.0,1000.0,1000.0,1000.0,0.0,0.0
2021-04-14 00:00:00+05:30,323,Gaddiannaram,2,L.B Nagar,103,Carrot,103,Common,0.0,40.0,1000.0,1500.0,1200.0,0.0,0.0
2021-04-14 00:00:00+05:30,324,Bowenpally,3,Bowenpally,101,Beet Root,101,Common,0.0,496.0,300.0,1400.0,1100.0,0.0,0.0
2021-04-13 00:00:00+05:30,331,Vantimamidi,1612,Vantimamidi,98,Cabbage,98,Common,0.0,13.0,400.0,500.0,450.0,0.0,0.0
2021-04-12 00:00:00+05:30,367,Gudimalkapur,1571,Gudumalkapur,101,Beet Root,101,Common,0.0,42.0,600.0,1000.0,800.0,0.0,0.0
2021-04-12 00:00:00+05:30,312,Wanaparthy Town,1344,W.P.Town,5,Maize,5,Common,0.0,30.0,1506.0,1506.0,1506.0,0.0,0.0
2021-04-12 00:00:00+05:30,254,Enkoor,1078,Enkoor,54,Chillies(Dry),54,Common,0.0,37.45,8100.0,8500.0,8350.0,0.0,0.0
2021-04-12 00:00:00+05:30,295,Sangareddy,1219,Sangaredy,55,Onions,55,Common,0.0,2.0,800.0,1000.0,900.0,0.0,0.0
2021-04-25 00:00:00+05:30,313,Ibrahimpatnam(RR),42,Ibrahimpatnam,114,Tomato,197,Local,0.0,65.0,800.0,1200.0,1000.0,0.0,0.0
2021-04-25 00:00:00+05:30,325,Hyderabad,6,Madannapeta,103,Carrot,103,Common,0.0,8.0,1000.0,1200.0,1100.0,0.0,0.0
2021-04-25 00:00:00+05:30,323,Gaddiannaram,2,L.B Nagar,103,Carrot,103,Common,0.0,50.0,1000.0,1500.0,1200.0,0.0,0.0
2021-04-24 00:00:00+05:30,331,Vantimamidi,1612,Vantimamidi,98,Cabbage,98,Common,0.0,20.0,300.0,400.0,350.0,0.0,0.0
2021-04-24 00:00:00+05:30,308,Nagarkurnool,1334,Nagarkurnool,5,Maize,5,Common,0.0,10.0,1539.0,1539.0,1539.0,0.0,0.0
2021-04-24 00:00:00+05:30,367,Gudimalkapur,1571,Gudumalkapur,101,Beet Root,101,Common,0.0,61.0,800.0,1000.0,900.0,0.0,0.0
2021-04-24 00:00:00+05:30,302,Gadwal,1328,Gadwal,15,Red Gram,15,Common,0.0,27.0,5619.0,6336.0,6329.0,0.0,0.0
2021-04-24 00:00:00+05:30,254,Enkoor,1078,Enkoor,54,Chillies(Dry),54,Common,0.0,29.0,7700.0,7100.0,7400.0,0.0,0.0
2021-04-24 00:00:00+05:30,289,Sadasivpet,1200,Sadasivapet,5,Maize,5,Common,0.0,13.0,1638.0,1638.0,1638.0,0.0,0.0
2021-04-24 00:00:00+05:30,295,Sangareddy,1219,Sangaredy,55,Onions,55,Common,0.0,32.0,800.0,1000.0,900.0,0.0,0.0
2021-04-24 00:00:00+05:30,313,Ibrahimpatnam(RR),42,Ibrahimpatnam,114,Tomato,197,Local,0.0,75.0,800.0,1200.0,1000.0,0.0,0.0
2021-04-24 00:00:00+05:30,325,Hyderabad,5,Mahabubmansion,55,Onions,218,No.II,0.0,7409.0,400.0,600.0,500.0,0.0,0.0
2021-04-24 00:00:00+05:30,325,Hyderabad,7,Meeralamandi,105,Potato,105,Common,0.0,12.0,400.0,600.0,500.0,0.0,0.0
2021-04-24 00:00:00+05:30,323,Gaddiannaram,2,L.B Nagar,103,Carrot,103,Common,0.0,35.0,1000.0,1500.0,1200.0,0.0,0.0
2021-04-23 00:00:00+05:30,331,Vantimamidi,1612,Vantimamidi,98,Cabbage,98,Common,0.0,17.0,200.0,300.0,250.0,0.0,0.0
2021-04-23 00:00:00+05:30,367,Gudimalkapur,1571,Gudumalkapur,101,Beet Root,101,Common,0.0,58.0,800.0,1000.0,900.0,0.0,0.0
2021-04-23 00:00:00+05:30,292,Zaheerabad,1198,Zaheerabad,6,Jowar,225,White,0.0,9.0,2706.0,2706.0,2706.0,0.0,0.0
2021-04-23 00:00:00+05:30,308,Nagarkurnool,1334,Nagarkurnool,5,Maize,5,Common,0.0,124.0,1589.0,1589.0,1589.0,0.0,0.0
2021-04-23 00:00:00+05:30,302,Gadwal,1328,Gadwal,15,Red Gram,15,Common,0.0,18.0,6203.0,6331.0,6309.0,0.0,0.0
2021-04-23 00:00:00+05:30,254,Enkoor,1078,Enkoor,54,Chillies(Dry),54,Common,0.0,29.0,7700.0,7100.0,7450.0,0.0,0.0
2021-04-23 00:00:00+05:30,313,Ibrahimpatnam(RR),42,Ibrahimpatnam,114,Tomato,197,Local,0.0,60.0,800.0,1300.0,1000.0,0.0,0.0
2021-04-23 00:00:00+05:30,317,Pargi,39,Pargi,5,Maize,5,Common,0.0,86.0,1581.0,1605.0,1593.0,0.0,0.0
2021-04-23 00:00:00+05:30,325,Hyderabad,5,Mahabubmansion,55,Onions,218,No.II,0.0,7542.0,500.0,700.0,600.0,0.0,0.0
2021-04-23 00:00:00+05:30,323,Gaddiannaram,2,L.B Nagar,103,Carrot,103,Common,0.0,60.0,1000.0,1500.0,1200.0,0.0,0.0
2021-04-22 00:00:00+05:30,331,Vantimamidi,1612,Vantimamidi,98,Cabbage,98,Common,0.0,34.0,200.0,300.0,250.0,0.0,0.0
2021-04-22 00:00:00+05:30,367,Gudimalkapur,1571,Gudumalkapur,101,Beet Root,101,Common,0.0,85.0,600.0,800.0,700.0,0.0,0.0
2021-04-22 00:00:00+05:30,309,Narayanpet,1342,Narayanpet,14,Bengal Gram,14,Common,0.0,9.31,4709.0,4709.0,4709.0,0.0,0.0
2021-04-22 00:00:00+05:30,302,Gadwal,1328,Gadwal,15,Red Gram,15,Common,0.0,22.0,6309.0,6408.0,6326.0,0.0,0.0
2021-04-22 00:00:00+05:30,295,Sangareddy,1219,Sangaredy,55,Onions,55,Common,0.0,31.0,800.0,1000.0,900.0,0.0,0.0
2021-04-22 00:00:00+05:30,313,Ibrahimpatnam(RR),42,Ibrahimpatnam,114,Tomato,197,Local,0.0,75.0,500.0,1000.0,800.0,0.0,0.0
2021-04-22 00:00:00+05:30,325,Hyderabad,5,Mahabubmansion,55,Onions,218,No.II,0.0,9751.0,400.0,600.0,500.0,0.0,0.0
2021-04-22 00:00:00+05:30,323,Gaddiannaram,2,L.B Nagar,103,Carrot,103,Common,0.0,60.0,1000.0,1500.0,1200.0,0.0,0.0
2021-04-21 00:00:00+05:30,331,Vantimamidi,1612,Vantimamidi,98,Cabbage,98,Common,0.0,6.0,300.0,400.0,350.0,0.0,0.0
2021-04-21 00:00:00+05:30,367,Gudimalkapur,1571,Gudumalkapur,101,Beet Root,101,Common,0.0,78.0,800.0,1000.0,900.0,0.0,0.0
2021-04-21 00:00:00+05:30,313,Ibrahimpatnam(RR),42,Ibrahimpatnam,114,Tomato,197,Local,0.0,60.0,800.0,1200.0,1000.0,0.0,0.0
2021-04-21 00:00:00+05:30,323,Gaddiannaram,2,L.B Nagar,103,Carrot,103,Common,0.0,36.0,1000.0,1500.0,1200.0,0.0,0.0
2021-04-21 00:00:00+05:30,295,Sangareddy,1219,Sangaredy,55,Onions,55,Common,0.0,17.0,800.0,1200.0,1000.0,0.0,0.0
2021-04-21 00:00:00+05:30,325,Hyderabad,7,Meeralamandi,105,Potato,105,Common,0.0,150.0,600.0,800.0,700.0,0.0,0.0
2021-04-20 00:00:00+05:30,331,Vantimamidi,1612,Vantimamidi,98,Cabbage,98,Common,0.0,29.0,200.0,400.0,300.0,0.0,0.0
2021-04-20 00:00:00+05:30,367,Gudimalkapur,1571,Gudumalkapur,101,Beet Root,101,Common,0.0,85.0,600.0,800.0,700.0,0.0,0.0
2021-04-20 00:00:00+05:30,308,Nagarkurnool,1334,Nagarkurnool,5,Maize,5,Common,0.0,29.16,1579.0,1579.0,1579.0,0.0,0.0
2021-04-20 00:00:00+05:30,302,Gadwal,1328,Gadwal,15,Red Gram,15,Common,0.0,11.0,6189.0,6356.0,6319.0,0.0,0.0
2021-04-20 00:00:00+05:30,232,Medipally,1141,Midipally,76,Mango,291,Benishan,0.0,260.0,2500.0,3500.0,3300.0,0.0,0.0
2021-04-20 00:00:00+05:30,313,Ibrahimpatnam(RR),42,Ibrahimpatnam,114,Tomato,197,Local,0.0,70.0,500.0,1000.0,800.0,0.0,0.0
2021-04-20 00:00:00+05:30,325,Hyderabad,6,Madannapeta,103,Carrot,103,Common,0.0,15.0,1200.0,1200.0,1200.0,0.0,0.0
2021-04-20 00:00:00+05:30,325,Hyderabad,5,Mahabubmansion,55,Onions,218,No.II,0.0,6112.0,400.0,700.0,600.0,0.0,0.0
2021-04-19 00:00:00+05:30,308,Nagarkurnool,1334,Nagarkurnool,5,Maize,5,Common,0.0,55.0,1538.0,1566.0,1566.0,0.0,0.0
2021-04-20 00:00:00+05:30,323,Gaddiannaram,2,L.B Nagar,103,Carrot,103,Common,0.0,30.0,1000.0,1500.0,1200.0,0.0,0.0
2021-04-20 00:00:00+05:30,324,Bowenpally,3,Bowenpally,101,Beet Root,101,Common,0.0,921.0,300.0,1000.0,800.0,0.0,0.0
2021-04-19 00:00:00+05:30,331,Vantimamidi,1612,Vantimamidi,98,Cabbage,98,Common,0.0,38.0,200.0,500.0,350.0,0.0,0.0
2021-04-19 00:00:00+05:30,367,Gudimalkapur,1571,Gudumalkapur,101,Beet Root,101,Common,0.0,51.0,600.0,800.0,700.0,0.0,0.0
2021-04-19 00:00:00+05:30,302,Gadwal,1328,Gadwal,15,Red Gram,15,Common,0.0,46.0,6006.0,6406.0,6360.0,0.0,0.0
2021-04-19 00:00:00+05:30,295,Sangareddy,1219,Sangaredy,55,Onions,55,Common,0.0,7.0,1000.0,1200.0,1100.0,0.0,0.0
2021-04-19 00:00:00+05:30,292,Zaheerabad,1198,Zaheerabad,6,Jowar,225,White,0.0,18.5,1026.0,1026.0,1026.0,0.0,0.0
2021-04-19 00:00:00+05:30,232,Medipally,1141,Midipally,76,Mango,291,Benishan,0.0,160.0,2500.0,3500.0,3300.0,0.0,0.0
2021-04-19 00:00:00+05:30,321,Vikarabad,38,Vikarabad,14,Bengal Gram,14,Common,0.0,136.0,5130.0,5322.0,5226.0,0.0,0.0
2021-04-19 00:00:00+05:30,313,Ibrahimpatnam(RR),42,Ibrahimpatnam,114,Tomato,197,Local,0.0,60.0,400.0,900.0,600.0,0.0,0.0
2021-04-30 00:00:00+05:30,367,Gudimalkapur,1571,Gudumalkapur,101,Beet Root,101,Common,0.0,85.0,600.0,1000.0,800.0,0.0,0.0
2021-04-30 00:00:00+05:30,308,Nagarkurnool,1334,Nagarkurnool,5,Maize,5,Common,0.0,183.0,1535.0,1599.0,1599.0,0.0,0.0
2021-04-30 00:00:00+05:30,238,Jangoan,1169,Jangaon,1,Paddy,245,Common (Swarna),0.0,71.5,1211.0,1369.0,1211.0,0.0,0.0
2021-04-30 00:00:00+05:30,295,Sangareddy,1219,Sangaredy,55,Onions,55,Common,0.0,7.0,800.0,1000.0,900.0,0.0,0.0
2021-04-30 00:00:00+05:30,302,Gadwal,1328,Gadwal,15,Red Gram,15,Common,0.0,49.0,5516.0,6341.0,6329.0,0.0,0.0
2021-04-30 00:00:00+05:30,292,Zaheerabad,1198,Zaheerabad,6,Jowar,225,White,0.0,112.0,2552.0,2856.0,2552.0,0.0,0.0
2021-04-30 00:00:00+05:30,313,Ibrahimpatnam(RR),42,Ibrahimpatnam,114,Tomato,197,Local,0.0,65.0,800.0,1200.0,1000.0,0.0,0.0
2021-04-30 00:00:00+05:30,325,Hyderabad,5,Mahabubmansion,55,Onions,218,No.II,0.0,4722.0,500.0,800.0,600.0,0.0,0.0
2021-04-30 00:00:00+05:30,324,Bowenpally,3,Bowenpally,101,Beet Root,101,Common,0.0,380.0,300.0,1500.0,1200.0,0.0,0.0
2021-04-30 00:00:00+05:30,325,Hyderabad,6,Madannapeta,103,Carrot,103,Common,0.0,15.0,1500.0,1500.0,1500.0,0.0,0.0
2021-04-30 00:00:00+05:30,323,Gaddiannaram,2,L.B Nagar,103,Carrot,103,Common,0.0,37.0,1000.0,1500.0,1200.0,0.0,0.0
2021-04-29 00:00:00+05:30,331,Vantimamidi,1612,Vantimamidi,98,Cabbage,98,Common,0.0,10.0,350.0,350.0,350.0,0.0,0.0
2021-04-29 00:00:00+05:30,367,Gudimalkapur,1571,Gudumalkapur,101,Beet Root,101,Common,0.0,55.0,600.0,800.0,700.0,0.0,0.0
2021-04-29 00:00:00+05:30,308,Nagarkurnool,1334,Nagarkurnool,5,Maize,5,Common,0.0,81.0,1590.0,1596.0,1590.0,0.0,0.0
2021-04-29 00:00:00+05:30,302,Gadwal,1328,Gadwal,15,Red Gram,15,Common,0.0,10.0,5912.0,6329.0,6289.0,0.0,0.0
2021-04-29 00:00:00+05:30,295,Sangareddy,1219,Sangaredy,55,Onions,55,Common,0.0,8.0,800.0,1000.0,900.0,0.0,0.0
2021-04-29 00:00:00+05:30,313,Ibrahimpatnam(RR),42,Ibrahimpatnam,114,Tomato,197,Local,0.0,70.0,800.0,1200.0,1000.0,0.0,0.0
2021-04-29 00:00:00+05:30,325,Hyderabad,6,Madannapeta,103,Carrot,103,Common,0.0,11.0,1200.0,1200.0,1200.0,0.0,0.0
2021-04-29 00:00:00+05:30,325,Hyderabad,7,Meeralamandi,105,Potato,105,Common,0.0,50.0,800.0,800.0,800.0,0.0,0.0
2021-04-29 00:00:00+05:30,325,Hyderabad,5,Mahabubmansion,55,Onions,218,No.II,0.0,4629.0,500.0,700.0,600.0,0.0,0.0
2021-04-29 00:00:00+05:30,323,Gaddiannaram,2,L.B Nagar,103,Carrot,103,Common,0.0,33.0,1000.0,1500.0,1200.0,0.0,0.0
2021-04-28 00:00:00+05:30,331,Vantimamidi,1612,Vantimamidi,98,Cabbage,98,Common,0.0,23.0,350.0,550.0,450.0,0.0,0.0
2021-04-28 00:00:00+05:30,367,Gudimalkapur,1571,Gudumalkapur,101,Beet Root,101,Common,0.0,48.0,600.0,800.0,700.0,0.0,0.0
2021-04-28 00:00:00+05:30,309,Narayanpet,1342,Narayanpet,14,Bengal Gram,14,Common,0.0,1.96,4409.0,4409.0,4409.0,0.0,0.0
2021-04-28 00:00:00+05:30,308,Nagarkurnool,1334,Nagarkurnool,5,Maize,5,Common,0.0,64.0,1561.0,1561.0,1561.0,0.0,0.0
2021-04-28 00:00:00+05:30,295,Sangareddy,1219,Sangaredy,55,Onions,55,Common,0.0,40.0,800.0,1000.0,900.0,0.0,0.0
2021-04-28 00:00:00+05:30,313,Ibrahimpatnam(RR),42,Ibrahimpatnam,114,Tomato,197,Local,0.0,50.0,600.0,1000.0,800.0,0.0,0.0
2021-04-28 00:00:00+05:30,325,Hyderabad,5,Mahabubmansion,55,Onions,218,No.II,0.0,3716.0,500.0,700.0,600.0,0.0,0.0
2021-04-28 00:00:00+05:30,323,Gaddiannaram,2,L.B Nagar,103,Carrot,103,Common,0.0,54.0,1000.0,1500.0,1200.0,0.0,0.0
2021-04-28 00:00:00+05:30,325,Hyderabad,6,Madannapeta,103,Carrot,103,Common,0.0,15.0,1300.0,1500.0,1400.0,0.0,0.0
2021-04-27 00:00:00+05:30,331,Vantimamidi,1612,Vantimamidi,98,Cabbage,98,Common,0.0,32.0,300.0,800.0,550.0,0.0,0.0
2021-04-27 00:00:00+05:30,367,Gudimalkapur,1571,Gudumalkapur,101,Beet Root,101,Common,0.0,67.0,600.0,800.0,700.0,0.0,0.0
2021-04-27 00:00:00+05:30,302,Gadwal,1328,Gadwal,15,Red Gram,15,Common,0.0,20.0,6269.0,6413.0,6389.0,0.0,0.0
2021-04-27 00:00:00+05:30,313,Ibrahimpatnam(RR),42,Ibrahimpatnam,114,Tomato,197,Local,0.0,60.0,600.0,1200.0,900.0,0.0,0.0
2021-04-27 00:00:00+05:30,325,Hyderabad,5,Mahabubmansion,55,Onions,218,No.II,0.0,4364.0,500.0,700.0,600.0,0.0,0.0
2021-04-27 00:00:00+05:30,325,Hyderabad,6,Madannapeta,103,Carrot,103,Common,0.0,8.0,1350.0,1350.0,1350.0,0.0,0.0
2021-04-26 00:00:00+05:30,331,Vantimamidi,1612,Vantimamidi,98,Cabbage,98,Common,0.0,12.0,200.0,400.0,300.0,0.0,0.0
2021-04-27 00:00:00+05:30,323,Gaddiannaram,2,L.B Nagar,103,Carrot,103,Common,0.0,47.0,1000.0,1500.0,1200.0,0.0,0.0
2021-04-26 00:00:00+05:30,367,Gudimalkapur,1571,Gudumalkapur,101,Beet Root,101,Common,0.0,62.0,800.0,1000.0,900.0,0.0,0.0
2021-04-26 00:00:00+05:30,308,Nagarkurnool,1334,Nagarkurnool,5,Maize,5,Common,0.0,97.0,1579.0,1586.0,1579.0,0.0,0.0
2021-04-26 00:00:00+05:30,302,Gadwal,1328,Gadwal,15,Red Gram,15,Common,0.0,18.0,5819.0,6406.0,6336.0,0.0,0.0
2021-04-26 00:00:00+05:30,292,Zaheerabad,1198,Zaheerabad,6,Jowar,225,White,0.0,39.0,3057.0,3250.0,3057.0,0.0,0.0
2021-04-26 00:00:00+05:30,295,Sangareddy,1219,Sangaredy,55,Onions,55,Common,0.0,23.0,800.0,1000.0,900.0,0.0,0.0
2021-04-26 00:00:00+05:30,313,Ibrahimpatnam(RR),42,Ibrahimpatnam,114,Tomato,197,Local,0.0,75.0,600.0,1200.0,900.0,0.0,0.0
2021-04-26 00:00:00+05:30,325,Hyderabad,7,Meeralamandi,105,Potato,105,Common,0.0,100.0,800.0,800.0,800.0,0.0,0.0
2021-04-26 00:00:00+05:30,325,Hyderabad,6,Madannapeta,103,Carrot,103,Common,0.0,12.0,1400.0,1600.0,1500.0,0.0,0.0
2021-04-26 00:00:00+05:30,325,Hyderabad,5,Mahabubmansion,55,Onions,218,No.II,0.0,5405.0,400.0,600.0,500.0,0.0,0.0
2021-04-25 00:00:00+05:30,329,Navabpet(MBNR),1483,Navabpet,6,Jowar,6,Common,0.0,6.0,1024.0,1024.0,1024.0,0.0,0.0
2021-04-26 00:00:00+05:30,323,Gaddiannaram,2,L.B Nagar,103,Carrot,103,Common,0.0,37.0,1000.0,1500.0,1200.0,0.0,0.0
2021-04-25 00:00:00+05:30,331,Vantimamidi,1612,Vantimamidi,98,Cabbage,98,Common,0.0,16.0,200.0,500.0,350.0,0.0,0.0
2021-04-25 00:00:00+05:30,367,Gudimalkapur,1571,Gudumalkapur,101,Beet Root,101,Common,0.0,79.0,600.0,800.0,700.0,0.0,0.0
2021-04-25 00:00:00+05:30,295,Sangareddy,1219,Sangaredy,55,Onions,55,Common,0.0,24.0,800.0,1000.0,900.0,0.0,0.0
2021-04-01 00:00:00+05:30,324,Bowenpally,3,Bowenpally,102,Radish,102,Common,0.0,20.0,200.0,300.0,250.0,0.0,0.0
2021-04-01 00:00:00+05:30,323,Gaddiannaram,2,L.B Nagar,105,Potato,105,Common,0.0,111.0,1200.0,1500.0,1400.0,0.0,0.0
2021-04-01 00:00:00+05:30,325,Hyderabad,6,Madannapeta,105,Potato,105,Common,0.0,15.0,1300.0,1300.0,1300.0,0.0,0.0
2021-04-01 00:00:00+05:30,325,Hyderabad,5,Mahabubmansion,56,Garlic,56,Common,0.0,44.0,5000.0,7000.0,6000.0,0.0,0.0
2021-04-01 00:00:00+05:30,321,Vikarabad,38,Vikarabad,15,Red Gram,15,Common,0.0,179.0,6129.0,6989.0,6550.0,0.0,0.0
2021-04-01 00:00:00+05:30,256,Khammam,1067,Khammam,5,Maize,5,Common,0.0,24.0,1300.0,1300.0,1300.0,0.0,0.0
2021-04-01 00:00:00+05:30,238,Jangoan,1169,Jangaon,5,Maize,5,Common,0.0,27.5,1451.0,1451.0,1451.0,0.0,0.0
2021-04-01 00:00:00+05:30,278,Suryapet,1091,Suryapet,1,Paddy,247,Grade-A (Samba Masuri),0.0,171.0,1339.0,1756.0,1708.0,0.0,0.0
2021-04-01 00:00:00+05:30,295,Sangareddy,1219,Sangaredy,98,Cabbage,98,Common,0.0,9.0,500.0,800.0,700.0,0.0,0.0
2021-04-01 00:00:00+05:30,300,Badepally,1327,Badepally,5,Maize,5,Common,0.0,103.0,1529.0,1567.0,1529.0,0.0,0.0
2021-04-02 00:00:00+05:30,323,Gaddiannaram,2,L.B Nagar,105,Potato,105,Common,0.0,103.0,1200.0,1500.0,1400.0,0.0,0.0
2021-04-02 00:00:00+05:30,324,Bowenpally,3,Bowenpally,102,Radish,102,Common,0.0,6.0,100.0,300.0,300.0,0.0,0.0
2021-04-02 00:00:00+05:30,325,Hyderabad,6,Madannapeta,105,Potato,105,Common,0.0,10.0,1500.0,1500.0,1500.0,0.0,0.0
2021-04-02 00:00:00+05:30,325,Hyderabad,5,Mahabubmansion,56,Garlic,56,Common,0.0,87.0,4000.0,6000.0,5000.0,0.0,0.0
2021-04-02 00:00:00+05:30,295,Sangareddy,1219,Sangaredy,98,Cabbage,98,Common,0.0,7.0,400.0,800.0,600.0,0.0,0.0
2021-04-03 00:00:00+05:30,323,Gaddiannaram,2,L.B Nagar,105,Potato,105,Common,0.0,110.0,1300.0,1800.0,1500.0,0.0,0.0
2021-04-03 00:00:00+05:30,324,Bowenpally,3,Bowenpally,102,Radish,102,Common,0.0,11.0,100.0,300.0,200.0,0.0,0.0
2021-04-03 00:00:00+05:30,325,Hyderabad,6,Madannapeta,105,Potato,105,Common,0.0,10.0,1300.0,1300.0,1300.0,0.0,0.0
2021-04-03 00:00:00+05:30,325,Hyderabad,5,Mahabubmansion,56,Garlic,56,Common,0.0,292.0,5000.0,7000.0,6000.0,0.0,0.0
2021-04-03 00:00:00+05:30,320,Tandur,37,Tandur,14,Bengal Gram,14,Common,0.0,152.0,4635.0,4779.0,4777.0,0.0,0.0
2021-04-03 00:00:00+05:30,300,Badepally,1327,Badepally,5,Maize,5,Common,0.0,122.0,1351.0,1577.0,1531.0,0.0,0.0
2021-04-03 00:00:00+05:30,295,Sangareddy,1219,Sangaredy,98,Cabbage,98,Common,0.0,3.0,400.0,800.0,600.0,0.0,0.0
2021-04-03 00:00:00+05:30,238,Jangoan,1169,Jangaon,5,Maize,5,Common,0.0,31.9,1478.0,1522.0,1478.0,0.0,0.0
2021-04-03 00:00:00+05:30,278,Suryapet,1091,Suryapet,1,Paddy,247,Grade-A (Samba Masuri),0.0,239.0,1516.0,1809.0,1718.0,0.0,0.0
2021-04-03 00:00:00+05:30,367,Gudimalkapur,1571,Gudumalkapur,102,Radish,102,Common,0.0,1.0,5000.0,5000.0,5000.0,0.0,0.0
2021-04-03 00:00:00+05:30,264,Bhongir,1100,Bhongir,68,Tamarind,68,Common,0.0,400.0,6000.0,5000.0,7000.0,0.0,0.0
2021-04-04 00:00:00+05:30,324,Bowenpally,3,Bowenpally,102,Radish,102,Common,0.0,17.0,200.0,400.0,400.0,0.0,0.0
2021-04-04 00:00:00+05:30,323,Gaddiannaram,2,L.B Nagar,105,Potato,105,Common,0.0,126.0,1500.0,1800.0,1600.0,0.0,0.0
2021-04-04 00:00:00+05:30,295,Sangareddy,1219,Sangaredy,98,Cabbage,98,Common,0.0,7.0,600.0,800.0,700.0,0.0,0.0
2021-04-04 00:00:00+05:30,367,Gudimalkapur,1571,Gudumalkapur,102,Radish,102,Common,0.0,1.0,5000.0,5000.0,5000.0,0.0,0.0
2021-04-05 00:00:00+05:30,323,Gaddiannaram,2,L.B Nagar,105,Potato,105,Common,0.0,136.0,1500.0,1900.0,1700.0,0.0,0.0
2021-04-04 00:00:00+05:30,329,Navabpet(MBNR),1483,Navabpet,8,Ragi,8,Common,0.0,55.0,1719.0,2460.0,2359.0,0.0,0.0
2021-04-05 00:00:00+05:30,295,Sangareddy,1219,Sangaredy,98,Cabbage,98,Common,0.0,3.0,600.0,800.0,700.0,0.0,0.0
2021-04-05 00:00:00+05:30,331,Vantimamidi,1612,Vantimamidi,99,Cauliflower,99,Common,0.0,1.0,1500.0,1500.0,1500.0,0.0,0.0
2021-04-06 00:00:00+05:30,323,Gaddiannaram,2,L.B Nagar,105,Potato,105,Common,0.0,142.0,1500.0,1700.0,1600.0,0.0,0.0
2021-04-06 00:00:00+05:30,324,Bowenpally,3,Bowenpally,102,Radish,102,Common,0.0,16.0,200.0,300.0,250.0,0.0,0.0
2021-04-06 00:00:00+05:30,325,Hyderabad,6,Madannapeta,105,Potato,105,Common,0.0,50.0,1500.0,1500.0,1500.0,0.0,0.0
2021-04-06 00:00:00+05:30,264,Bhongir,1100,Bhongir,68,Tamarind,68,Common,0.0,300.0,7000.0,5000.0,5800.0,0.0,0.0
2021-04-06 00:00:00+05:30,320,Tandur,37,Tandur,14,Bengal Gram,14,Common,0.0,223.0,4600.0,4959.0,4941.0,0.0,0.0
2021-04-06 00:00:00+05:30,278,Suryapet,1091,Suryapet,1,Paddy,247,Grade-A (Samba Masuri),0.0,346.0,1414.0,1772.0,1722.0,0.0,0.0
2021-04-06 00:00:00+05:30,306,Mahbubnagar,1326,Mahaboobnagar,6,Jowar,6,Common,0.0,2.0,1212.0,3451.0,1681.0,0.0,0.0
2021-04-06 00:00:00+05:30,300,Badepally,1327,Badepally,5,Maize,5,Common,0.0,61.0,1560.0,1579.0,1579.0,0.0,0.0
2021-04-06 00:00:00+05:30,237,Ghanpur,1188,Ghanpur,15,Red Gram,15,Common,0.0,6.0,5570.0,6100.0,6000.0,0.0,0.0
2021-04-06 00:00:00+05:30,367,Gudimalkapur,1571,Gudumalkapur,102,Radish,102,Common,0.0,1.0,5000.0,5000.0,5000.0,0.0,0.0
2021-04-06 00:00:00+05:30,331,Vantimamidi,1612,Vantimamidi,99,Cauliflower,99,Common,0.0,1.0,700.0,700.0,700.0,0.0,0.0
2021-04-07 00:00:00+05:30,323,Gaddiannaram,2,L.B Nagar,105,Potato,105,Common,0.0,100.0,1400.0,1600.0,1500.0,0.0,0.0
2021-04-06 00:00:00+05:30,309,Narayanpet,1342,Narayanpet,15,Red Gram,15,Common,0.0,10.78,6009.0,7001.0,6879.0,0.0,0.0
2021-04-06 00:00:00+05:30,284,Jogipet,1208,Jogipet,6,Jowar,225,White,0.0,10.5,1950.0,1950.0,1950.0,0.0,0.0
2021-04-07 00:00:00+05:30,324,Bowenpally,3,Bowenpally,102,Radish,102,Common,0.0,18.0,200.0,300.0,250.0,0.0,0.0
2021-04-07 00:00:00+05:30,325,Hyderabad,6,Madannapeta,105,Potato,105,Common,0.0,25.0,1500.0,1500.0,1500.0,0.0,0.0
2021-04-07 00:00:00+05:30,320,Tandur,37,Tandur,14,Bengal Gram,14,Common,0.0,220.0,4815.0,4995.0,4959.0,0.0,0.0
2021-04-07 00:00:00+05:30,278,Suryapet,1091,Suryapet,1,Paddy,247,Grade-A (Samba Masuri),0.0,180.0,1311.0,1786.0,1786.0,0.0,0.0
2021-04-07 00:00:00+05:30,295,Sangareddy,1219,Sangaredy,98,Cabbage,98,Common,0.0,8.0,600.0,800.0,700.0,0.0,0.0
2021-04-07 00:00:00+05:30,289,Sadasivpet,1200,Sadasivapet,6,Jowar,225,White,0.0,4.0,1801.0,1801.0,1801.0,0.0,0.0
2021-04-07 00:00:00+05:30,367,Gudimalkapur,1571,Gudumalkapur,102,Radish,102,Common,0.0,1.0,5000.0,5000.0,5000.0,0.0,0.0
2021-04-08 00:00:00+05:30,324,Bowenpally,3,Bowenpally,102,Radish,102,Common,0.0,16.0,200.0,300.0,250.0,0.0,0.0
2021-04-08 00:00:00+05:30,323,Gaddiannaram,2,L.B Nagar,105,Potato,105,Common,0.0,50.0,1500.0,1600.0,1550.0,0.0,0.0
2021-04-08 00:00:00+05:30,325,Hyderabad,5,Mahabubmansion,56,Garlic,56,Common,0.0,72.0,5000.0,7000.0,6000.0,0.0,0.0
2021-04-08 00:00:00+05:30,325,Hyderabad,6,Madannapeta,105,Potato,105,Common,0.0,10.0,1500.0,1500.0,1500.0,0.0,0.0
2021-04-08 00:00:00+05:30,278,Suryapet,1091,Suryapet,1,Paddy,247,Grade-A (Samba Masuri),0.0,271.0,1629.0,1812.0,1769.0,0.0,0.0
2021-04-08 00:00:00+05:30,320,Tandur,37,Tandur,14,Bengal Gram,14,Common,0.0,100.0,4671.0,4914.0,4905.0,0.0,0.0
2021-04-08 00:00:00+05:30,295,Sangareddy,1219,Sangaredy,98,Cabbage,98,Common,0.0,6.0,600.0,800.0,700.0,0.0,0.0
2021-04-08 00:00:00+05:30,306,Mahbubnagar,1326,Mahaboobnagar,6,Jowar,6,Common,0.0,1.0,1029.0,1030.0,1029.0,0.0,0.0
2021-04-08 00:00:00+05:30,367,Gudimalkapur,1571,Gudumalkapur,102,Radish,102,Common,0.0,1.0,5000.0,5000.0,5000.0,0.0,0.0
2021-04-08 00:00:00+05:30,301,Devarakadra,1352,Devarakadra,31,Castor,31,Common,0.0,11.0,4609.0,4609.0,4609.0,0.0,0.0
2021-04-08 00:00:00+05:30,309,Narayanpet,1342,Narayanpet,15,Red Gram,15,Common,0.0,6.86,5388.0,7009.0,6309.0,0.0,0.0
2021-04-08 00:00:00+05:30,300,Badepally,1327,Badepally,5,Maize,5,Common,0.0,7.0,1512.0,1512.0,0.0,0.0,0.0
2021-04-09 00:00:00+05:30,323,Gaddiannaram,2,L.B Nagar,105,Potato,105,Common,0.0,92.0,1400.0,1500.0,1500.0,0.0,0.0
2021-04-09 00:00:00+05:30,324,Bowenpally,3,Bowenpally,102,Radish,102,Common,0.0,13.0,200.0,300.0,250.0,0.0,0.0
2021-04-09 00:00:00+05:30,325,Hyderabad,6,Madannapeta,105,Potato,105,Common,0.0,10.0,1500.0,1500.0,1500.0,0.0,0.0
2021-04-09 00:00:00+05:30,278,Suryapet,1091,Suryapet,1,Paddy,247,Grade-A (Samba Masuri),0.0,377.0,1349.0,1409.0,1349.0,0.0,0.0
2021-04-09 00:00:00+05:30,295,Sangareddy,1219,Sangaredy,98,Cabbage,98,Common,0.0,3.0,600.0,800.0,700.0,0.0,0.0
2021-04-09 00:00:00+05:30,292,Zaheerabad,1198,Zaheerabad,6,Jowar,232,Yellow,0.0,3.0,1101.0,1101.0,1101.0,0.0,0.0
2021-04-09 00:00:00+05:30,264,Bhongir,1100,Bhongir,68,Tamarind,68,Common,0.0,180.0,5700.0,5000.0,5900.0,0.0,0.0
2021-04-09 00:00:00+05:30,320,Tandur,37,Tandur,14,Bengal Gram,14,Common,0.0,97.0,4851.0,5021.0,5009.0,0.0,0.0
2021-04-09 00:00:00+05:30,331,Vantimamidi,1612,Vantimamidi,99,Cauliflower,99,Common,0.0,1.0,100.0,100.0,100.0,0.0,0.0
2021-04-09 00:00:00+05:30,309,Narayanpet,1342,Narayanpet,15,Red Gram,15,Common,0.0,16.17,3000.0,6669.0,6570.0,0.0,0.0
2021-04-09 00:00:00+05:30,300,Badepally,1327,Badepally,5,Maize,5,Common,0.0,34.0,1582.0,1582.0,1582.0,0.0,0.0
2021-04-10 00:00:00+05:30,325,Hyderabad,5,Mahabubmansion,56,Garlic,56,Common,0.0,50.0,5000.0,7000.0,6000.0,0.0,0.0
2021-04-10 00:00:00+05:30,325,Hyderabad,6,Madannapeta,105,Potato,105,Common,0.0,10.0,1500.0,1500.0,500.0,0.0,0.0
2021-04-10 00:00:00+05:30,320,Tandur,37,Tandur,14,Bengal Gram,14,Common,0.0,43.0,4725.0,5022.0,4977.0,0.0,0.0
2021-04-10 00:00:00+05:30,278,Suryapet,1091,Suryapet,1,Paddy,247,Grade-A (Samba Masuri),0.0,41.0,1439.0,1756.0,1619.0,0.0,0.0
2021-04-10 00:00:00+05:30,264,Bhongir,1100,Bhongir,68,Tamarind,68,Common,0.0,40.0,6000.0,5000.0,5500.0,0.0,0.0
2021-04-10 00:00:00+05:30,295,Sangareddy,1219,Sangaredy,98,Cabbage,98,Common,0.0,7.0,600.0,800.0,700.0,0.0,0.0
2021-04-10 00:00:00+05:30,300,Badepally,1327,Badepally,5,Maize,5,Common,0.0,87.0,1555.0,1581.0,1581.0,0.0,0.0
2021-04-11 00:00:00+05:30,323,Gaddiannaram,2,L.B Nagar,105,Potato,105,Common,0.0,82.0,1500.0,1800.0,1600.0,0.0,0.0
2021-04-11 00:00:00+05:30,295,Sangareddy,1219,Sangaredy,98,Cabbage,98,Common,0.0,9.0,600.0,800.0,700.0,0.0,0.0
2021-04-11 00:00:00+05:30,367,Gudimalkapur,1571,Gudumalkapur,102,Radish,102,Common,0.0,1.0,2000.0,2000.0,2000.0,0.0,0.0
2021-04-11 00:00:00+05:30,329,Navabpet(MBNR),1483,Navabpet,8,Ragi,8,Common,0.0,46.0,1688.0,2659.0,2280.0,0.0,0.0
2021-04-12 00:00:00+05:30,324,Bowenpally,3,Bowenpally,102,Radish,102,Common,0.0,22.0,200.0,300.0,250.0,0.0,0.0
2021-04-12 00:00:00+05:30,323,Gaddiannaram,2,L.B Nagar,105,Potato,105,Common,0.0,93.0,1500.0,1600.0,1550.0,0.0,0.0
2021-04-12 00:00:00+05:30,325,Hyderabad,5,Mahabubmansion,56,Garlic,56,Common,0.0,50.0,6000.0,8000.0,7000.0,0.0,0.0
2021-04-12 00:00:00+05:30,295,Sangareddy,1219,Sangaredy,98,Cabbage,98,Common,0.0,5.0,700.0,900.0,800.0,0.0,0.0
2021-04-12 00:00:00+05:30,278,Suryapet,1091,Suryapet,1,Paddy,247,Grade-A (Samba Masuri),0.0,223.0,1309.0,1829.0,1629.0,0.0,0.0
2021-04-12 00:00:00+05:30,219,Jagtial,1125,Jagtial,1,Paddy,274,Common (HMT),0.0,6.0,1611.0,1611.0,1611.0,0.0,0.0
2021-04-14 00:00:00+05:30,324,Bowenpally,3,Bowenpally,102,Radish,102,Common,0.0,12.0,200.0,300.0,250.0,0.0,0.0
2021-04-14 00:00:00+05:30,323,Gaddiannaram,2,L.B Nagar,105,Potato,105,Common,0.0,47.0,1500.0,1600.0,1550.0,0.0,0.0
2021-04-14 00:00:00+05:30,325,Hyderabad,6,Madannapeta,105,Potato,105,Common,0.0,10.0,1500.0,1500.0,1500.0,0.0,0.0
2021-04-14 00:00:00+05:30,295,Sangareddy,1219,Sangaredy,98,Cabbage,98,Common,0.0,2.0,600.0,800.0,700.0,0.0,0.0
2021-04-15 00:00:00+05:30,324,Bowenpally,3,Bowenpally,102,Radish,102,Common,0.0,16.0,200.0,300.0,250.0,0.0,0.0
2021-04-15 00:00:00+05:30,325,Hyderabad,6,Madannapeta,105,Potato,105,Common,0.0,40.0,1500.0,1500.0,1500.0,0.0,0.0
2021-04-15 00:00:00+05:30,323,Gaddiannaram,2,L.B Nagar,105,Potato,105,Common,0.0,119.0,1500.0,1600.0,1550.0,0.0,0.0
2021-04-15 00:00:00+05:30,278,Suryapet,1091,Suryapet,1,Paddy,247,Grade-A (Samba Masuri),0.0,127.0,1429.0,1709.0,1708.0,0.0,0.0
2021-04-15 00:00:00+05:30,264,Bhongir,1100,Bhongir,68,Tamarind,68,Common,0.0,20.0,6500.0,6500.0,6500.0,0.0,0.0
2021-04-15 00:00:00+05:30,320,Tandur,37,Tandur,14,Bengal Gram,14,Common,0.0,67.0,5004.0,5085.0,5058.0,0.0,0.0
2021-04-15 00:00:00+05:30,256,Khammam,1067,Khammam,5,Maize,5,Common,0.0,57.0,1225.0,1400.0,1400.0,0.0,0.0
2021-04-15 00:00:00+05:30,289,Sadasivpet,1200,Sadasivapet,6,Jowar,225,White,0.0,21.0,1550.0,3717.0,1656.0,0.0,0.0
2021-04-15 00:00:00+05:30,295,Sangareddy,1219,Sangaredy,98,Cabbage,98,Common,0.0,2.0,600.0,800.0,700.0,0.0,0.0
2021-04-15 00:00:00+05:30,367,Gudimalkapur,1571,Gudumalkapur,102,Radish,102,Common,0.0,1.0,5000.0,5000.0,5000.0,0.0,0.0
2021-04-16 00:00:00+05:30,324,Bowenpally,3,Bowenpally,102,Radish,102,Common,0.0,10.0,200.0,300.0,250.0,0.0,0.0
2021-04-15 00:00:00+05:30,331,Vantimamidi,1612,Vantimamidi,99,Cauliflower,99,Common,0.0,1.0,1800.0,1800.0,1800.0,0.0,0.0
2021-04-16 00:00:00+05:30,323,Gaddiannaram,2,L.B Nagar,105,Potato,105,Common,0.0,120.0,1500.0,1700.0,1600.0,0.0,0.0
2021-04-16 00:00:00+05:30,325,Hyderabad,5,Mahabubmansion,56,Garlic,56,Common,0.0,40.0,4000.0,6000.0,5000.0,0.0,0.0
2021-04-15 00:00:00+05:30,300,Badepally,1327,Badepally,5,Maize,5,Common,0.0,31.0,1587.0,1600.0,1600.0,0.0,0.0
2021-04-16 00:00:00+05:30,325,Hyderabad,6,Madannapeta,105,Potato,105,Common,0.0,35.0,1500.0,1500.0,1500.0,0.0,0.0
2021-04-16 00:00:00+05:30,320,Tandur,37,Tandur,14,Bengal Gram,14,Common,0.0,103.0,5009.0,5165.0,5157.0,0.0,0.0
2021-04-16 00:00:00+05:30,256,Khammam,1067,Khammam,5,Maize,5,Common,0.0,27.0,1325.0,1400.0,1400.0,0.0,0.0
2021-04-16 00:00:00+05:30,278,Suryapet,1091,Suryapet,1,Paddy,247,Grade-A (Samba Masuri),0.0,366.0,1309.0,1669.0,1419.0,0.0,0.0
2021-04-16 00:00:00+05:30,264,Bhongir,1100,Bhongir,68,Tamarind,68,Common,0.0,20.0,5300.0,5300.0,5300.0,0.0,0.0
2021-04-16 00:00:00+05:30,295,Sangareddy,1219,Sangaredy,98,Cabbage,98,Common,0.0,6.0,600.0,800.0,700.0,0.0,0.0
2021-04-17 00:00:00+05:30,323,Gaddiannaram,2,L.B Nagar,105,Potato,105,Common,0.0,122.0,1400.0,1600.0,1500.0,0.0,0.0
2021-04-17 00:00:00+05:30,324,Bowenpally,3,Bowenpally,102,Radish,102,Common,0.0,16.0,200.0,300.0,250.0,0.0,0.0
2021-04-16 00:00:00+05:30,309,Narayanpet,1342,Narayanpet,15,Red Gram,15,Common,0.0,31.36,6809.0,7209.0,6809.0,0.0,0.0
2021-04-17 00:00:00+05:30,320,Tandur,37,Tandur,14,Bengal Gram,14,Common,0.0,37.0,5103.0,5202.0,5194.0,0.0,0.0
2021-04-17 00:00:00+05:30,300,Badepally,1327,Badepally,5,Maize,5,Common,0.0,15.0,1616.0,1616.0,1616.0,0.0,0.0
2021-04-17 00:00:00+05:30,295,Sangareddy,1219,Sangaredy,98,Cabbage,98,Common,0.0,3.0,600.0,800.0,700.0,0.0,0.0
2021-04-17 00:00:00+05:30,238,Jangoan,1169,Jangaon,1,Paddy,255,Grade-A (Vijayamasoori),0.0,16.25,1451.0,1451.0,1451.0,0.0,0.0
2021-04-17 00:00:00+05:30,212,Choppadandi,1123,Choppadandi,1,Paddy,240,Common (1001),0.0,39.0,1221.0,1351.0,1351.0,0.0,0.0
2021-04-17 00:00:00+05:30,264,Bhongir,1100,Bhongir,68,Tamarind,68,Common,0.0,40.0,6500.0,6500.0,6500.0,0.0,0.0
2021-04-17 00:00:00+05:30,278,Suryapet,1091,Suryapet,1,Paddy,247,Grade-A (Samba Masuri),0.0,45.0,1361.0,1361.0,1361.0,0.0,0.0
2021-04-17 00:00:00+05:30,309,Narayanpet,1342,Narayanpet,15,Red Gram,15,Common,0.0,8.33,6530.0,6530.0,6530.0,0.0,0.0
2021-04-18 00:00:00+05:30,323,Gaddiannaram,2,L.B Nagar,105,Potato,105,Common,0.0,127.0,1400.0,1600.0,1500.0,0.0,0.0
2021-04-18 00:00:00+05:30,295,Sangareddy,1219,Sangaredy,98,Cabbage,98,Common,0.0,3.0,600.0,800.0,700.0,0.0,0.0
2021-04-18 00:00:00+05:30,367,Gudimalkapur,1571,Gudumalkapur,102,Radish,102,Common,0.0,1.0,5000.0,5000.0,5000.0,0.0,0.0
2021-04-19 00:00:00+05:30,323,Gaddiannaram,2,L.B Nagar,105,Potato,105,Common,0.0,88.0,1500.0,1600.0,1550.0,0.0,0.0
2021-04-19 00:00:00+05:30,324,Bowenpally,3,Bowenpally,102,Radish,102,Common,0.0,18.0,200.0,300.0,250.0,0.0,0.0
2021-04-18 00:00:00+05:30,329,Navabpet(MBNR),1483,Navabpet,8,Ragi,8,Common,0.0,6.0,1739.0,2469.0,1869.0,0.0,0.0
2021-04-19 00:00:00+05:30,325,Hyderabad,5,Mahabubmansion,56,Garlic,56,Common,0.0,244.0,5000.0,7000.0,6000.0,0.0,0.0
2021-04-19 00:00:00+05:30,278,Suryapet,1091,Suryapet,1,Paddy,247,Grade-A (Samba Masuri),0.0,79.0,1301.0,1729.0,1719.0,0.0,0.0
2021-04-19 00:00:00+05:30,321,Vikarabad,38,Vikarabad,15,Red Gram,15,Common,0.0,177.0,4401.0,7105.0,5753.0,0.0,0.0
2021-04-19 00:00:00+05:30,320,Tandur,37,Tandur,14,Bengal Gram,14,Common,0.0,150.0,5050.0,5238.0,5109.0,0.0,0.0
2021-04-19 00:00:00+05:30,289,Sadasivpet,1200,Sadasivapet,6,Jowar,225,White,0.0,3.0,1602.0,1602.0,1602.0,0.0,0.0
2021-04-19 00:00:00+05:30,295,Sangareddy,1219,Sangaredy,98,Cabbage,98,Common,0.0,2.0,600.0,900.0,800.0,0.0,0.0
2021-04-19 00:00:00+05:30,300,Badepally,1327,Badepally,5,Maize,5,Common,0.0,145.0,1629.0,1629.0,1629.0,0.0,0.0
2021-04-19 00:00:00+05:30,212,Choppadandi,1123,Choppadandi,1,Paddy,240,Common (1001),0.0,211.0,1145.0,1261.0,1255.0,0.0,0.0
2021-04-20 00:00:00+05:30,324,Bowenpally,3,Bowenpally,102,Radish,102,Common,0.0,16.0,200.0,300.0,250.0,0.0,0.0
2021-04-20 00:00:00+05:30,323,Gaddiannaram,2,L.B Nagar,105,Potato,105,Common,0.0,84.0,1400.0,1600.0,1500.0,0.0,0.0
2021-04-20 00:00:00+05:30,325,Hyderabad,5,Mahabubmansion,56,Garlic,56,Common,0.0,116.0,5000.0,7000.0,6000.0,0.0,0.0
2021-04-20 00:00:00+05:30,325,Hyderabad,6,Madannapeta,105,Potato,105,Common,0.0,35.0,1400.0,1400.0,1400.0,0.0,0.0
2021-04-20 00:00:00+05:30,320,Tandur,37,Tandur,14,Bengal Gram,14,Common,0.0,31.0,3600.0,5211.0,5211.0,0.0,0.0
2021-04-20 00:00:00+05:30,278,Suryapet,1091,Suryapet,1,Paddy,247,Grade-A (Samba Masuri),0.0,40.0,1369.0,1669.0,1669.0,0.0,0.0
2021-04-20 00:00:00+05:30,264,Bhongir,1100,Bhongir,68,Tamarind,68,Common,0.0,40.0,1300.0,1300.0,1300.0,0.0,0.0
2021-04-20 00:00:00+05:30,212,Choppadandi,1123,Choppadandi,1,Paddy,240,Common (1001),0.0,91.0,1126.0,1255.0,1255.0,0.0,0.0
2021-04-20 00:00:00+05:30,284,Jogipet,1208,Jogipet,6,Jowar,225,White,0.0,2.1,1800.0,1800.0,1800.0,0.0,0.0
2021-04-20 00:00:00+05:30,300,Badepally,1327,Badepally,5,Maize,5,Common,0.0,36.0,1610.0,1621.0,1621.0,0.0,0.0
2021-04-21 00:00:00+05:30,295,Sangareddy,1219,Sangaredy,98,Cabbage,98,Common,0.0,2.0,600.0,800.0,700.0,0.0,0.0
2021-04-21 00:00:00+05:30,323,Gaddiannaram,2,L.B Nagar,105,Potato,105,Common,0.0,91.0,1500.0,1600.0,1550.0,0.0,0.0
2021-04-22 00:00:00+05:30,323,Gaddiannaram,2,L.B Nagar,105,Potato,105,Common,0.0,92.0,1500.0,1800.0,1600.0,0.0,0.0
2021-04-22 00:00:00+05:30,325,Hyderabad,5,Mahabubmansion,56,Garlic,56,Common,0.0,60.0,6000.0,8000.0,7000.0,0.0,0.0
2021-04-22 00:00:00+05:30,278,Suryapet,1091,Suryapet,1,Paddy,247,Grade-A (Samba Masuri),0.0,234.0,1339.0,1812.0,1779.0,0.0,0.0
2021-04-22 00:00:00+05:30,320,Tandur,37,Tandur,14,Bengal Gram,14,Common,0.0,44.0,5175.0,5238.0,5229.0,0.0,0.0
2021-04-22 00:00:00+05:30,295,Sangareddy,1219,Sangaredy,98,Cabbage,98,Common,0.0,2.0,600.0,900.0,800.0,0.0,0.0
2021-04-22 00:00:00+05:30,300,Badepally,1327,Badepally,5,Maize,5,Common,0.0,278.0,1515.0,1625.0,1557.0,0.0,0.0
2021-04-22 00:00:00+05:30,289,Sadasivpet,1200,Sadasivapet,6,Jowar,225,White,0.0,44.0,1566.0,1801.0,1801.0,0.0,0.0
2021-04-22 00:00:00+05:30,212,Choppadandi,1123,Choppadandi,1,Paddy,240,Common (1001),0.0,396.0,1169.0,1252.0,1216.0,0.0,0.0
2021-04-22 00:00:00+05:30,309,Narayanpet,1342,Narayanpet,15,Red Gram,15,Common,0.0,4.41,6670.0,6700.0,6670.0,0.0,0.0
2021-04-23 00:00:00+05:30,323,Gaddiannaram,2,L.B Nagar,105,Potato,105,Common,0.0,92.0,1500.0,1800.0,1600.0,0.0,0.0
2021-04-23 00:00:00+05:30,325,Hyderabad,5,Mahabubmansion,56,Garlic,56,Common,0.0,338.0,5000.0,7000.0,6000.0,0.0,0.0
2021-04-23 00:00:00+05:30,320,Tandur,37,Tandur,14,Bengal Gram,14,Common,0.0,14.0,5121.0,5175.0,5157.0,0.0,0.0
2021-04-23 00:00:00+05:30,212,Choppadandi,1123,Choppadandi,1,Paddy,240,Common (1001),0.0,136.0,1033.0,1248.0,1236.0,0.0,0.0
2021-04-23 00:00:00+05:30,295,Sangareddy,1219,Sangaredy,98,Cabbage,98,Common,0.0,2.0,600.0,900.0,800.0,0.0,0.0
2021-04-23 00:00:00+05:30,300,Badepally,1327,Badepally,5,Maize,5,Common,0.0,255.0,1561.0,1621.0,1615.0,0.0,0.0
2021-04-23 00:00:00+05:30,367,Gudimalkapur,1571,Gudumalkapur,102,Radish,102,Common,0.0,1.0,5000.0,5000.0,5000.0,0.0,0.0
2021-04-24 00:00:00+05:30,323,Gaddiannaram,2,L.B Nagar,105,Potato,105,Common,0.0,96.0,1500.0,1600.0,1550.0,0.0,0.0
2021-04-24 00:00:00+05:30,320,Tandur,37,Tandur,14,Bengal Gram,14,Common,0.0,38.0,5166.0,5211.0,5202.0,0.0,0.0
2021-04-24 00:00:00+05:30,289,Sadasivpet,1200,Sadasivapet,6,Jowar,225,White,0.0,31.0,1566.0,3006.0,3000.0,0.0,0.0
2021-04-24 00:00:00+05:30,300,Badepally,1327,Badepally,5,Maize,5,Common,0.0,116.0,1601.0,1605.0,1605.0,0.0,0.0
2021-04-24 00:00:00+05:30,212,Choppadandi,1123,Choppadandi,1,Paddy,240,Common (1001),0.0,150.0,1251.0,1255.0,1243.0,0.0,0.0
2021-04-24 00:00:00+05:30,278,Suryapet,1091,Suryapet,1,Paddy,247,Grade-A (Samba Masuri),0.0,52.0,1629.0,1801.0,1801.0,0.0,0.0
2021-04-24 00:00:00+05:30,367,Gudimalkapur,1571,Gudumalkapur,102,Radish,102,Common,0.0,1.0,5000.0,5000.0,5000.0,0.0,0.0
2021-04-25 00:00:00+05:30,323,Gaddiannaram,2,L.B Nagar,105,Potato,105,Common,0.0,93.0,1500.0,1600.0,1550.0,0.0,0.0
2021-04-25 00:00:00+05:30,325,Hyderabad,6,Madannapeta,105,Potato,105,Common,0.0,25.0,1500.0,1500.0,1500.0,0.0,0.0
2021-04-25 00:00:00+05:30,295,Sangareddy,1219,Sangaredy,98,Cabbage,98,Common,0.0,3.0,600.0,900.0,700.0,0.0,0.0
2021-04-25 00:00:00+05:30,284,Jogipet,1208,Jogipet,6,Jowar,225,White,0.0,19.95,1500.0,2900.0,2200.0,0.0,0.0
2021-04-26 00:00:00+05:30,323,Gaddiannaram,2,L.B Nagar,105,Potato,105,Common,0.0,121.0,1500.0,1600.0,1550.0,0.0,0.0
2021-04-25 00:00:00+05:30,329,Navabpet(MBNR),1483,Navabpet,8,Ragi,8,Common,0.0,45.0,1751.0,2452.0,2318.0,0.0,0.0
2021-04-26 00:00:00+05:30,325,Hyderabad,6,Madannapeta,105,Potato,105,Common,0.0,10.0,1300.0,1300.0,1300.0,0.0,0.0
2021-04-26 00:00:00+05:30,278,Suryapet,1091,Suryapet,1,Paddy,247,Grade-A (Samba Masuri),0.0,171.0,1319.0,1829.0,1319.0,0.0,0.0
2021-04-26 00:00:00+05:30,320,Tandur,37,Tandur,14,Bengal Gram,14,Common,0.0,54.0,4806.0,4977.0,4959.0,0.0,0.0
2021-04-26 00:00:00+05:30,295,Sangareddy,1219,Sangaredy,98,Cabbage,98,Common,0.0,4.0,600.0,800.0,700.0,0.0,0.0
2021-04-26 00:00:00+05:30,300,Badepally,1327,Badepally,5,Maize,5,Common,0.0,274.0,1329.0,1606.0,1601.0,0.0,0.0
2021-04-27 00:00:00+05:30,323,Gaddiannaram,2,L.B Nagar,105,Potato,105,Common,0.0,90.0,1500.0,1700.0,1600.0,0.0,0.0
2021-04-27 00:00:00+05:30,325,Hyderabad,6,Madannapeta,105,Potato,105,Common,0.0,10.0,1300.0,1300.0,1300.0,0.0,0.0
2021-04-27 00:00:00+05:30,320,Tandur,37,Tandur,14,Bengal Gram,14,Common,0.0,11.5,4815.0,4851.0,4851.0,0.0,0.0
2021-04-27 00:00:00+05:30,278,Suryapet,1091,Suryapet,1,Paddy,247,Grade-A (Samba Masuri),0.0,52.0,1313.0,1409.0,1339.0,0.0,0.0
2021-04-27 00:00:00+05:30,306,Mahbubnagar,1326,Mahaboobnagar,6,Jowar,6,Common,0.0,3.0,3461.0,3461.0,3461.0,0.0,0.0
2021-04-28 00:00:00+05:30,325,Hyderabad,6,Madannapeta,105,Potato,105,Common,0.0,25.0,1300.0,1300.0,1300.0,0.0,0.0
2021-04-28 00:00:00+05:30,323,Gaddiannaram,2,L.B Nagar,105,Potato,105,Common,0.0,103.0,1500.0,1600.0,1550.0,0.0,0.0
2021-04-28 00:00:00+05:30,256,Khammam,1067,Khammam,5,Maize,5,Common,0.0,81.0,1200.0,1360.0,1250.0,0.0,0.0
2021-04-28 00:00:00+05:30,320,Tandur,37,Tandur,14,Bengal Gram,14,Common,0.0,75.0,4041.0,4977.0,4950.0,0.0,0.0
2021-04-28 00:00:00+05:30,278,Suryapet,1091,Suryapet,1,Paddy,247,Grade-A (Samba Masuri),0.0,138.0,1711.0,1729.0,1711.0,0.0,0.0
2021-04-28 00:00:00+05:30,295,Sangareddy,1219,Sangaredy,98,Cabbage,98,Common,0.0,2.0,600.0,800.0,700.0,0.0,0.0
2021-04-28 00:00:00+05:30,300,Badepally,1327,Badepally,5,Maize,5,Common,0.0,238.0,1504.0,1603.0,1504.0,0.0,0.0
2021-04-28 00:00:00+05:30,289,Sadasivpet,1200,Sadasivapet,6,Jowar,225,White,0.0,64.0,1400.0,1665.0,1450.0,0.0,0.0
2021-04-29 00:00:00+05:30,323,Gaddiannaram,2,L.B Nagar,105,Potato,105,Common,0.0,109.0,1500.0,1600.0,1550.0,0.0,0.0
2021-04-29 00:00:00+05:30,320,Tandur,37,Tandur,14,Bengal Gram,14,Common,0.0,7.0,4851.0,4977.0,4851.0,0.0,0.0
2021-04-29 00:00:00+05:30,325,Hyderabad,6,Madannapeta,105,Potato,105,Common,0.0,50.0,1200.0,1200.0,1200.0,0.0,0.0
2021-04-29 00:00:00+05:30,278,Suryapet,1091,Suryapet,1,Paddy,247,Grade-A (Samba Masuri),0.0,91.0,1309.0,1339.0,1329.0,0.0,0.0
2021-04-29 00:00:00+05:30,295,Sangareddy,1219,Sangaredy,98,Cabbage,98,Common,0.0,2.0,600.0,900.0,700.0,0.0,0.0
2021-04-30 00:00:00+05:30,323,Gaddiannaram,2,L.B Nagar,105,Potato,105,Common,0.0,80.0,1500.0,1600.0,1550.0,0.0,0.0
2021-04-30 00:00:00+05:30,325,Hyderabad,6,Madannapeta,105,Potato,105,Common,0.0,25.0,1300.0,1300.0,1300.0,0.0,0.0
2021-04-30 00:00:00+05:30,324,Bowenpally,3,Bowenpally,102,Radish,102,Common,0.0,10.0,200.0,300.0,200.0,0.0,0.0
2021-04-30 00:00:00+05:30,284,Jogipet,1208,Jogipet,6,Jowar,225,White,0.0,18.0,1600.0,1600.0,1600.0,0.0,0.0
2021-04-30 00:00:00+05:30,295,Sangareddy,1219,Sangaredy,98,Cabbage,98,Common,0.0,3.0,600.0,900.0,800.0,0.0,0.0
2021-04-30 00:00:00+05:30,289,Sadasivpet,1200,Sadasivapet,6,Jowar,225,White,0.0,49.0,1401.0,1555.0,1503.0,0.0,0.0
2021-04-07 00:00:00+05:30,324,Bowenpally,3,Bowenpally,103,Carrot,103,Common,0.0,2175.0,200.0,1200.0,1000.0,0.0,0.0
2021-04-06 00:00:00+05:30,312,Wanaparthy Town,1344,W.P.Town,30,Groundnut pods,30,Common,0.0,606.0,4100.0,6230.0,5305.0,0.0,0.0
2021-04-07 00:00:00+05:30,323,Gaddiannaram,2,L.B Nagar,106,ColaCasio(Arvi),106,Common,0.0,3.0,2000.0,2000.0,2000.0,0.0,0.0
2021-04-07 00:00:00+05:30,323,Gaddiannaram,1,Gaddiannaram,77,Mosambi,77,Common,0.0,1075.0,600.0,4500.0,2200.0,0.0,0.0
2021-04-06 00:00:00+05:30,367,Gudimalkapur,1571,Gudumalkapur,103,Carrot,103,Common,0.0,247.0,600.0,1200.0,900.0,0.0,0.0
2021-04-06 00:00:00+05:30,238,Jangoan,1169,Jangaon,5,Maize,5,Common,0.0,85.25,1522.0,1531.0,1522.0,0.0,0.0
2021-04-06 00:00:00+05:30,239,Kesamudram,1168,Kesamudram,5,Maize,5,Common,0.0,2809.0,1201.0,1518.0,1511.0,0.0,0.0
2021-04-06 00:00:00+05:30,306,Mahbubnagar,1326,Mahaboobnagar,8,Ragi,8,Common,0.0,411.0,1820.0,2690.0,2590.0,0.0,0.0
2021-04-06 00:00:00+05:30,292,Zaheerabad,1198,Zaheerabad,14,Bengal Gram,14,Common,0.0,328.0,4503.0,5112.0,5012.0,0.0,0.0
2021-04-06 00:00:00+05:30,302,Gadwal,1328,Gadwal,30,Groundnut pods,30,Common,0.0,4276.0,3699.0,6220.0,5612.0,0.0,0.0
2021-04-06 00:00:00+05:30,278,Suryapet,1091,Suryapet,1,Paddy,256,Grade-A (RNR),0.0,685.0,1309.0,1829.0,1717.0,0.0,0.0
2021-04-06 00:00:00+05:30,320,Tandur,37,Tandur,15,Red Gram,15,Common,0.0,2115.0,4886.0,7150.0,6993.0,0.0,0.0
2021-04-06 00:00:00+05:30,219,Jagtial,1125,Jagtial,5,Maize,5,Common,0.0,82.0,1100.0,1635.0,1485.0,0.0,0.0
2021-04-06 00:00:00+05:30,221,Jammikunta,36,Jammikunta,25,Cotton,25,Common,0.0,415.0,6700.0,5300.0,6500.0,0.0,0.0
2021-04-06 00:00:00+05:30,325,Hyderabad,6,Madannapeta,106,ColaCasio(Arvi),106,Common,0.0,3.0,2000.0,2000.0,2000.0,0.0,0.0
2021-04-06 00:00:00+05:30,325,Hyderabad,7,Meeralamandi,111,Brinjal,111,Common,0.0,4.0,1000.0,1200.0,1100.0,0.0,0.0
2021-04-06 00:00:00+05:30,279,Thirumalagiri,9,Tirmalagiri,1,Paddy,247,Grade-A (Samba Masuri),0.0,346.0,1513.0,1689.0,1629.0,0.0,0.0
2021-04-06 00:00:00+05:30,324,Bowenpally,3,Bowenpally,103,Carrot,103,Common,0.0,216.0,300.0,1200.0,1000.0,0.0,0.0
2021-04-06 00:00:00+05:30,323,Gaddiannaram,2,L.B Nagar,106,ColaCasio(Arvi),106,Common,0.0,7.0,2000.0,2500.0,2200.0,0.0,0.0
2021-04-06 00:00:00+05:30,323,Gaddiannaram,1,Gaddiannaram,77,Mosambi,77,Common,0.0,165.0,650.0,4700.0,2250.0,0.0,0.0
2021-04-05 00:00:00+05:30,367,Gudimalkapur,1571,Gudumalkapur,103,Carrot,103,Common,0.0,270.0,600.0,1200.0,900.0,0.0,0.0
2021-04-05 00:00:00+05:30,295,Sangareddy,1219,Sangaredy,99,Cauliflower,99,Common,0.0,3.0,600.0,1000.0,900.0,0.0,0.0
2021-04-04 00:00:00+05:30,307,Makthal,1345,Makthal,31,Castor,31,Common,0.0,90.0,4500.0,4601.0,4550.0,0.0,0.0
2021-04-05 00:00:00+05:30,325,Hyderabad,7,Meeralamandi,111,Brinjal,111,Common,0.0,3.0,800.0,1000.0,900.0,0.0,0.0
2021-04-05 00:00:00+05:30,323,Gaddiannaram,2,L.B Nagar,106,ColaCasio(Arvi),106,Common,0.0,30.0,2000.0,2500.0,2200.0,0.0,0.0
2021-04-05 00:00:00+05:30,325,Hyderabad,6,Madannapeta,106,ColaCasio(Arvi),106,Common,0.0,2.0,2500.0,2500.0,2500.0,0.0,0.0
2021-04-05 00:00:00+05:30,323,Gaddiannaram,1,Gaddiannaram,77,Mosambi,77,Common,0.0,1967.0,700.0,4800.0,2350.0,0.0,0.0
2021-04-04 00:00:00+05:30,367,Gudimalkapur,1571,Gudumalkapur,103,Carrot,103,Common,0.0,357.0,600.0,1000.0,800.0,0.0,0.0
2021-04-04 00:00:00+05:30,295,Sangareddy,1219,Sangaredy,99,Cauliflower,99,Common,0.0,3.0,600.0,900.0,800.0,0.0,0.0
2021-04-04 00:00:00+05:30,324,Bowenpally,3,Bowenpally,103,Carrot,103,Common,0.0,2792.0,300.0,1200.0,1000.0,0.0,0.0
2021-04-03 00:00:00+05:30,312,Wanaparthy Town,1344,W.P.Town,30,Groundnut pods,30,Common,0.0,470.0,4943.0,6359.0,6060.0,0.0,0.0
2021-04-03 00:00:00+05:30,331,Vantimamidi,1612,Vantimamidi,101,Beet Root,101,Common,0.0,2.0,1000.0,1000.0,1000.0,0.0,0.0
2021-04-03 00:00:00+05:30,367,Gudimalkapur,1571,Gudumalkapur,103,Carrot,103,Common,0.0,285.0,600.0,1300.0,900.0,0.0,0.0
2021-04-03 00:00:00+05:30,278,Suryapet,1091,Suryapet,1,Paddy,256,Grade-A (RNR),0.0,372.0,1359.0,1851.0,1669.0,0.0,0.0
2021-04-03 00:00:00+05:30,238,Jangoan,1169,Jangaon,15,Red Gram,15,Common,0.0,1.2,5211.0,5851.0,5211.0,0.0,0.0
2021-04-03 00:00:00+05:30,212,Choppadandi,1123,Choppadandi,1,Paddy,241,Grade-A (Jai Sri Ram),0.0,5.0,1777.0,1777.0,1777.0,0.0,0.0
2021-04-03 00:00:00+05:30,295,Sangareddy,1219,Sangaredy,99,Cauliflower,99,Common,0.0,1.0,800.0,1000.0,900.0,0.0,0.0
2021-04-03 00:00:00+05:30,292,Zaheerabad,1198,Zaheerabad,14,Bengal Gram,14,Common,0.0,284.5,4711.0,4850.0,4768.0,0.0,0.0
2021-04-03 00:00:00+05:30,219,Jagtial,1125,Jagtial,5,Maize,5,Common,0.0,246.0,1370.0,1655.0,1550.0,0.0,0.0
2021-04-03 00:00:00+05:30,306,Mahbubnagar,1326,Mahaboobnagar,8,Ragi,8,Common,0.0,291.0,1830.0,2857.0,2713.0,0.0,0.0
2021-04-03 00:00:00+05:30,302,Gadwal,1328,Gadwal,30,Groundnut pods,30,Common,0.0,4372.0,3650.0,6130.0,5899.0,0.0,0.0
2021-04-03 00:00:00+05:30,320,Tandur,37,Tandur,15,Red Gram,15,Common,0.0,682.0,6317.0,6993.0,6903.0,0.0,0.0
2021-04-03 00:00:00+05:30,256,Khammam,1067,Khammam,15,Red Gram,15,Common,0.0,30.0,6275.0,6500.0,6500.0,0.0,0.0
2021-04-03 00:00:00+05:30,325,Hyderabad,7,Meeralamandi,111,Brinjal,111,Common,0.0,4.0,800.0,1000.0,900.0,0.0,0.0
2021-04-03 00:00:00+05:30,279,Thirumalagiri,9,Tirmalagiri,1,Paddy,247,Grade-A (Samba Masuri),0.0,118.0,1519.0,1749.0,1729.0,0.0,0.0
2021-04-03 00:00:00+05:30,324,Bowenpally,3,Bowenpally,103,Carrot,103,Common,0.0,2364.0,300.0,1100.0,1000.0,0.0,0.0
2021-04-03 00:00:00+05:30,323,Gaddiannaram,2,L.B Nagar,106,ColaCasio(Arvi),106,Common,0.0,10.0,2000.0,2500.0,2200.0,0.0,0.0
2021-04-03 00:00:00+05:30,323,Gaddiannaram,1,Gaddiannaram,77,Mosambi,77,Common,0.0,2080.0,750.0,4800.0,2400.0,0.0,0.0
2021-04-02 00:00:00+05:30,295,Sangareddy,1219,Sangaredy,99,Cauliflower,99,Common,0.0,2.0,600.0,1000.0,900.0,0.0,0.0
2021-04-02 00:00:00+05:30,367,Gudimalkapur,1571,Gudumalkapur,103,Carrot,103,Common,0.0,281.0,600.0,1000.0,800.0,0.0,0.0
2021-04-01 00:00:00+05:30,312,Wanaparthy Town,1344,W.P.Town,30,Groundnut pods,30,Common,0.0,305.0,3090.0,6420.0,6199.0,0.0,0.0
2021-04-01 00:00:00+05:30,292,Zaheerabad,1198,Zaheerabad,14,Bengal Gram,14,Common,0.0,178.5,4709.0,4911.0,4863.0,0.0,0.0
2021-04-02 00:00:00+05:30,325,Hyderabad,7,Meeralamandi,111,Brinjal,111,Common,0.0,2.0,400.0,600.0,500.0,0.0,0.0
2021-04-02 00:00:00+05:30,325,Hyderabad,6,Madannapeta,106,ColaCasio(Arvi),106,Common,0.0,3.0,2000.0,2000.0,2000.0,0.0,0.0
2021-04-02 00:00:00+05:30,324,Bowenpally,3,Bowenpally,103,Carrot,103,Common,0.0,2628.0,300.0,1200.0,1000.0,0.0,0.0
2021-04-02 00:00:00+05:30,323,Gaddiannaram,1,Gaddiannaram,77,Mosambi,77,Common,0.0,1208.0,700.0,4700.0,2300.0,0.0,0.0
2021-04-01 00:00:00+05:30,331,Vantimamidi,1612,Vantimamidi,101,Beet Root,101,Common,0.0,1.0,1000.0,1000.0,1000.0,0.0,0.0
2021-04-01 00:00:00+05:30,302,Gadwal,1328,Gadwal,30,Groundnut pods,30,Common,0.0,2698.0,3656.0,6153.0,5932.0,0.0,0.0
2021-04-01 00:00:00+05:30,295,Sangareddy,1219,Sangaredy,99,Cauliflower,99,Common,0.0,2.0,600.0,1000.0,900.0,0.0,0.0
2021-04-01 00:00:00+05:30,306,Mahbubnagar,1326,Mahaboobnagar,8,Ragi,8,Common,0.0,87.0,2155.0,2760.0,2430.0,0.0,0.0
2021-04-01 00:00:00+05:30,278,Suryapet,1091,Suryapet,1,Paddy,256,Grade-A (RNR),0.0,239.0,1310.0,1869.0,1646.0,0.0,0.0
2021-04-01 00:00:00+05:30,238,Jangoan,1169,Jangaon,15,Red Gram,15,Common,0.0,1.0,5029.0,5029.0,5029.0,0.0,0.0
2021-04-01 00:00:00+05:30,256,Khammam,1067,Khammam,15,Red Gram,15,Common,0.0,11.0,6200.0,6500.0,6400.0,0.0,0.0
2021-04-01 00:00:00+05:30,318,Sardarnagar,41,Sardarnagar,54,Chillies(Dry),220,No.II,0.0,60.0,10000.0,14000.0,12000.0,0.0,0.0
2021-04-01 00:00:00+05:30,221,Jammikunta,36,Jammikunta,25,Cotton,25,Common,0.0,481.0,6500.0,5200.0,6400.0,0.0,0.0
2021-04-01 00:00:00+05:30,279,Thirumalagiri,9,Tirmalagiri,1,Paddy,247,Grade-A (Samba Masuri),0.0,32.0,1702.0,1712.0,1712.0,0.0,0.0
2021-04-01 00:00:00+05:30,325,Hyderabad,7,Meeralamandi,111,Brinjal,111,Common,0.0,5.0,400.0,600.0,500.0,0.0,0.0
2021-04-01 00:00:00+05:30,323,Gaddiannaram,1,Gaddiannaram,77,Mosambi,77,Common,0.0,535.0,650.0,4650.0,2200.0,0.0,0.0
2021-04-01 00:00:00+05:30,323,Gaddiannaram,2,L.B Nagar,106,ColaCasio(Arvi),106,Common,0.0,10.0,2000.0,2500.0,2200.0,0.0,0.0
2021-04-01 00:00:00+05:30,324,Bowenpally,3,Bowenpally,103,Carrot,103,Common,0.0,2497.0,300.0,1200.0,1000.0,0.0,0.0
2021-04-12 00:00:00+05:30,325,Hyderabad,7,Meeralamandi,111,Brinjal,111,Common,0.0,4.0,800.0,1000.0,900.0,0.0,0.0
2021-04-12 00:00:00+05:30,256,Khammam,1067,Khammam,15,Red Gram,15,Common,0.0,4.0,5700.0,6000.0,6000.0,0.0,0.0
2021-04-12 00:00:00+05:30,323,Gaddiannaram,2,L.B Nagar,106,ColaCasio(Arvi),106,Common,0.0,8.0,2000.0,2500.0,2200.0,0.0,0.0
2021-04-12 00:00:00+05:30,325,Hyderabad,6,Madannapeta,106,ColaCasio(Arvi),106,Common,0.0,4.0,1500.0,1500.0,1500.0,0.0,0.0
2021-04-12 00:00:00+05:30,324,Bowenpally,3,Bowenpally,103,Carrot,103,Common,0.0,2232.0,400.0,1200.0,1000.0,0.0,0.0
2021-04-11 00:00:00+05:30,367,Gudimalkapur,1571,Gudumalkapur,103,Carrot,103,Common,0.0,241.0,600.0,1200.0,900.0,0.0,0.0
2021-04-12 00:00:00+05:30,323,Gaddiannaram,1,Gaddiannaram,77,Mosambi,77,Common,0.0,1920.0,800.0,5100.0,2400.0,0.0,0.0
2021-04-11 00:00:00+05:30,295,Sangareddy,1219,Sangaredy,99,Cauliflower,99,Common,0.0,3.0,800.0,1100.0,900.0,0.0,0.0
2021-04-11 00:00:00+05:30,325,Hyderabad,7,Meeralamandi,111,Brinjal,111,Common,0.0,3.0,800.0,1000.0,900.0,0.0,0.0
2021-04-11 00:00:00+05:30,325,Hyderabad,6,Madannapeta,106,ColaCasio(Arvi),106,Common,0.0,4.0,2000.0,2000.0,2000.0,0.0,0.0
2021-04-11 00:00:00+05:30,323,Gaddiannaram,2,L.B Nagar,106,ColaCasio(Arvi),106,Common,0.0,2.0,2000.0,2000.0,2000.0,0.0,0.0
2021-04-10 00:00:00+05:30,312,Wanaparthy Town,1344,W.P.Town,30,Groundnut pods,30,Common,0.0,573.0,2510.0,5690.0,4925.0,0.0,0.0
2021-04-11 00:00:00+05:30,324,Bowenpally,3,Bowenpally,103,Carrot,103,Common,0.0,2009.0,200.0,1300.0,1000.0,0.0,0.0
2021-04-10 00:00:00+05:30,295,Sangareddy,1219,Sangaredy,99,Cauliflower,99,Common,0.0,2.0,800.0,1100.0,900.0,0.0,0.0
2021-04-10 00:00:00+05:30,306,Mahbubnagar,1326,Mahaboobnagar,8,Ragi,8,Common,0.0,115.0,1902.0,2611.0,2329.0,0.0,0.0
2021-04-10 00:00:00+05:30,302,Gadwal,1328,Gadwal,30,Groundnut pods,30,Common,0.0,3153.0,3696.0,5900.0,5345.0,0.0,0.0
2021-04-10 00:00:00+05:30,367,Gudimalkapur,1571,Gudumalkapur,103,Carrot,103,Common,0.0,227.0,600.0,1000.0,800.0,0.0,0.0
2021-04-10 00:00:00+05:30,331,Vantimamidi,1612,Vantimamidi,101,Beet Root,101,Common,0.0,1.0,800.0,1000.0,900.0,0.0,0.0
2021-04-10 00:00:00+05:30,292,Zaheerabad,1198,Zaheerabad,14,Bengal Gram,14,Common,0.0,101.0,4909.0,5009.0,4900.0,0.0,0.0
2021-04-10 00:00:00+05:30,278,Suryapet,1091,Suryapet,1,Paddy,256,Grade-A (RNR),0.0,845.0,1300.0,1789.0,1682.0,0.0,0.0
2021-04-10 00:00:00+05:30,256,Khammam,1067,Khammam,15,Red Gram,15,Common,0.0,36.0,6000.0,6550.0,6550.0,0.0,0.0
2021-04-10 00:00:00+05:30,320,Tandur,37,Tandur,15,Red Gram,15,Common,0.0,775.0,6400.0,7092.0,7011.0,0.0,0.0
2021-04-10 00:00:00+05:30,325,Hyderabad,6,Madannapeta,106,ColaCasio(Arvi),106,Common,0.0,4.0,1800.0,2000.0,1900.0,0.0,0.0
2021-04-10 00:00:00+05:30,325,Hyderabad,7,Meeralamandi,111,Brinjal,111,Common,0.0,2.0,600.0,800.0,700.0,0.0,0.0
2021-04-09 00:00:00+05:30,312,Wanaparthy Town,1344,W.P.Town,30,Groundnut pods,30,Common,0.0,486.0,3899.0,5775.0,5295.0,0.0,0.0
2021-04-10 00:00:00+05:30,324,Bowenpally,3,Bowenpally,103,Carrot,103,Common,0.0,1819.0,300.0,1200.0,1000.0,0.0,0.0
2021-04-10 00:00:00+05:30,323,Gaddiannaram,1,Gaddiannaram,77,Mosambi,77,Common,0.0,1484.0,700.0,4900.0,2300.0,0.0,0.0
2021-04-09 00:00:00+05:30,302,Gadwal,1328,Gadwal,30,Groundnut pods,30,Common,0.0,2441.0,3860.0,5632.0,5479.0,0.0,0.0
2021-04-09 00:00:00+05:30,367,Gudimalkapur,1571,Gudumalkapur,103,Carrot,103,Common,0.0,235.0,600.0,1000.0,800.0,0.0,0.0
2021-04-09 00:00:00+05:30,320,Tandur,37,Tandur,15,Red Gram,15,Common,0.0,559.0,6217.0,7101.0,7029.0,0.0,0.0
2021-04-09 00:00:00+05:30,219,Jagtial,1125,Jagtial,5,Maize,5,Common,0.0,537.0,1476.0,1560.0,1518.0,0.0,0.0
2021-04-09 00:00:00+05:30,239,Kesamudram,1168,Kesamudram,5,Maize,5,Common,0.0,3414.0,1438.0,1528.0,1508.0,0.0,0.0
2021-04-09 00:00:00+05:30,292,Zaheerabad,1198,Zaheerabad,14,Bengal Gram,14,Common,0.0,378.5,5028.0,4849.0,5112.0,0.0,0.0
2021-04-09 00:00:00+05:30,295,Sangareddy,1219,Sangaredy,99,Cauliflower,99,Common,0.0,2.0,700.0,900.0,800.0,0.0,0.0
2021-04-09 00:00:00+05:30,306,Mahbubnagar,1326,Mahaboobnagar,8,Ragi,8,Common,0.0,87.0,1820.0,2581.0,2517.0,0.0,0.0
2021-04-09 00:00:00+05:30,278,Suryapet,1091,Suryapet,1,Paddy,256,Grade-A (RNR),0.0,903.0,1500.0,1759.0,1716.0,0.0,0.0
2021-04-09 00:00:00+05:30,256,Khammam,1067,Khammam,15,Red Gram,15,Common,0.0,30.0,4300.0,6500.0,6200.0,0.0,0.0
2021-04-09 00:00:00+05:30,221,Jammikunta,36,Jammikunta,25,Cotton,25,Common,0.0,531.0,6700.0,5500.0,6500.0,0.0,0.0
2021-04-09 00:00:00+05:30,325,Hyderabad,6,Madannapeta,106,ColaCasio(Arvi),106,Common,0.0,4.0,1500.0,1500.0,1500.0,0.0,0.0
2021-04-09 00:00:00+05:30,279,Thirumalagiri,9,Tirmalagiri,1,Paddy,247,Grade-A (Samba Masuri),0.0,219.0,1450.0,1689.0,1589.0,0.0,0.0
2021-04-09 00:00:00+05:30,324,Bowenpally,3,Bowenpally,103,Carrot,103,Common,0.0,2098.0,300.0,1200.0,1000.0,0.0,0.0
2021-04-09 00:00:00+05:30,323,Gaddiannaram,2,L.B Nagar,106,ColaCasio(Arvi),106,Common,0.0,2.0,2000.0,2000.0,2000.0,0.0,0.0
2021-04-09 00:00:00+05:30,323,Gaddiannaram,1,Gaddiannaram,77,Mosambi,77,Common,0.0,735.0,650.0,4750.0,2250.0,0.0,0.0
2021-04-08 00:00:00+05:30,312,Wanaparthy Town,1344,W.P.Town,30,Groundnut pods,30,Common,0.0,395.0,3461.0,5790.0,5451.0,0.0,0.0
2021-04-08 00:00:00+05:30,331,Vantimamidi,1612,Vantimamidi,101,Beet Root,101,Common,0.0,1.0,1000.0,1000.0,1000.0,0.0,0.0
2021-04-08 00:00:00+05:30,367,Gudimalkapur,1571,Gudumalkapur,103,Carrot,103,Common,0.0,273.0,800.0,1200.0,1000.0,0.0,0.0
2021-04-08 00:00:00+05:30,302,Gadwal,1328,Gadwal,30,Groundnut pods,30,Common,0.0,2853.0,3838.0,6001.0,5490.0,0.0,0.0
2021-04-08 00:00:00+05:30,306,Mahbubnagar,1326,Mahaboobnagar,8,Ragi,8,Common,0.0,118.0,1820.0,2577.0,2360.0,0.0,0.0
2021-04-08 00:00:00+05:30,292,Zaheerabad,1198,Zaheerabad,14,Bengal Gram,14,Common,0.0,288.5,4701.0,5076.0,4953.0,0.0,0.0
2021-04-08 00:00:00+05:30,295,Sangareddy,1219,Sangaredy,99,Cauliflower,99,Common,0.0,1.0,600.0,800.0,700.0,0.0,0.0
2021-04-08 00:00:00+05:30,238,Jangoan,1169,Jangaon,5,Maize,5,Common,0.0,33.0,1499.0,1499.0,1499.0,0.0,0.0
2021-04-08 00:00:00+05:30,320,Tandur,37,Tandur,15,Red Gram,15,Common,0.0,1087.0,6435.0,7029.0,6921.0,0.0,0.0
2021-04-08 00:00:00+05:30,239,Kesamudram,1168,Kesamudram,5,Maize,5,Common,0.0,2036.0,140.0,1532.0,1467.0,0.0,0.0
2021-04-08 00:00:00+05:30,219,Jagtial,1125,Jagtial,5,Maize,5,Common,0.0,267.0,1258.0,1610.0,1480.0,0.0,0.0
2021-04-08 00:00:00+05:30,278,Suryapet,1091,Suryapet,1,Paddy,256,Grade-A (RNR),0.0,761.0,1329.0,1789.0,1642.0,0.0,0.0
2021-04-08 00:00:00+05:30,325,Hyderabad,6,Madannapeta,106,ColaCasio(Arvi),106,Common,0.0,4.0,2000.0,2000.0,2000.0,0.0,0.0
2021-04-08 00:00:00+05:30,221,Jammikunta,36,Jammikunta,25,Cotton,25,Common,0.0,539.0,6540.0,5400.0,6100.0,0.0,0.0
2021-04-08 00:00:00+05:30,325,Hyderabad,7,Meeralamandi,111,Brinjal,111,Common,0.0,1.0,800.0,1000.0,900.0,0.0,0.0
2021-04-07 00:00:00+05:30,312,Wanaparthy Town,1344,W.P.Town,30,Groundnut pods,30,Common,0.0,788.0,2786.0,5890.0,5299.0,0.0,0.0
2021-04-07 00:00:00+05:30,301,Devarakadra,1352,Devarakadra,55,Onions,55,Common,0.0,908.0,600.0,820.0,710.0,0.0,0.0
2021-04-08 00:00:00+05:30,323,Gaddiannaram,2,L.B Nagar,106,ColaCasio(Arvi),106,Common,0.0,10.0,2000.0,2500.0,2200.0,0.0,0.0
2021-04-08 00:00:00+05:30,324,Bowenpally,3,Bowenpally,103,Carrot,103,Common,0.0,2288.0,200.0,1200.0,1000.0,0.0,0.0
2021-04-07 00:00:00+05:30,331,Vantimamidi,1612,Vantimamidi,101,Beet Root,101,Common,0.0,1.0,1000.0,1000.0,1000.0,0.0,0.0
2021-04-08 00:00:00+05:30,323,Gaddiannaram,1,Gaddiannaram,77,Mosambi,77,Common,0.0,705.0,700.0,4900.0,2300.0,0.0,0.0
2021-04-07 00:00:00+05:30,367,Gudimalkapur,1571,Gudumalkapur,103,Carrot,103,Common,0.0,300.0,600.0,1200.0,900.0,0.0,0.0
2021-04-07 00:00:00+05:30,302,Gadwal,1328,Gadwal,30,Groundnut pods,30,Common,0.0,3066.0,3671.0,5671.0,5470.0,0.0,0.0
2021-04-07 00:00:00+05:30,292,Zaheerabad,1198,Zaheerabad,14,Bengal Gram,14,Common,0.0,307.5,5051.0,5126.0,4750.0,0.0,0.0
2021-04-07 00:00:00+05:30,295,Sangareddy,1219,Sangaredy,99,Cauliflower,99,Common,0.0,2.0,800.0,1000.0,900.0,0.0,0.0
2021-04-07 00:00:00+05:30,306,Mahbubnagar,1326,Mahaboobnagar,8,Ragi,8,Common,0.0,110.0,2105.0,2569.0,2569.0,0.0,0.0
2021-04-07 00:00:00+05:30,278,Suryapet,1091,Suryapet,1,Paddy,256,Grade-A (RNR),0.0,886.0,1311.0,1826.0,1752.0,0.0,0.0
2021-04-07 00:00:00+05:30,238,Jangoan,1169,Jangaon,5,Maize,5,Common,0.0,85.25,1506.0,1521.0,1512.0,0.0,0.0
2021-04-07 00:00:00+05:30,239,Kesamudram,1168,Kesamudram,5,Maize,5,Common,0.0,1871.0,1389.0,1541.0,1474.0,0.0,0.0
2021-04-07 00:00:00+05:30,219,Jagtial,1125,Jagtial,5,Maize,5,Common,0.0,211.0,1051.0,1601.0,1551.0,0.0,0.0
2021-04-07 00:00:00+05:30,320,Tandur,37,Tandur,15,Red Gram,15,Common,0.0,1468.0,6207.0,7155.0,7002.0,0.0,0.0
2021-04-07 00:00:00+05:30,318,Sardarnagar,41,Sardarnagar,54,Chillies(Dry),220,No.II,0.0,50.0,12000.0,14000.0,13000.0,0.0,0.0
2021-04-07 00:00:00+05:30,221,Jammikunta,36,Jammikunta,25,Cotton,25,Common,0.0,319.0,6600.0,5500.0,6500.0,0.0,0.0
2021-04-07 00:00:00+05:30,325,Hyderabad,7,Meeralamandi,111,Brinjal,111,Common,0.0,4.0,800.0,1000.0,900.0,0.0,0.0
2021-04-19 00:00:00+05:30,325,Hyderabad,7,Meeralamandi,111,Brinjal,111,Common,0.0,1.0,1400.0,1600.0,1500.0,0.0,0.0
2021-04-18 00:00:00+05:30,312,Wanaparthy Town,1344,W.P.Town,30,Groundnut pods,30,Common,0.0,236.0,4610.0,5959.0,5399.0,0.0,0.0
2021-04-19 00:00:00+05:30,324,Bowenpally,3,Bowenpally,103,Carrot,103,Common,0.0,1827.0,400.0,1700.0,1300.0,0.0,0.0
2021-04-19 00:00:00+05:30,323,Gaddiannaram,2,L.B Nagar,106,ColaCasio(Arvi),106,Common,0.0,15.0,2000.0,2500.0,2200.0,0.0,0.0
2021-04-19 00:00:00+05:30,323,Gaddiannaram,1,Gaddiannaram,77,Mosambi,77,Common,0.0,2020.0,850.0,5900.0,2500.0,0.0,0.0
2021-04-18 00:00:00+05:30,367,Gudimalkapur,1571,Gudumalkapur,103,Carrot,103,Common,0.0,450.0,600.0,1000.0,800.0,0.0,0.0
2021-04-18 00:00:00+05:30,295,Sangareddy,1219,Sangaredy,99,Cauliflower,99,Common,0.0,2.0,700.0,900.0,800.0,0.0,0.0
2021-04-18 00:00:00+05:30,325,Hyderabad,7,Meeralamandi,111,Brinjal,111,Common,0.0,3.0,1000.0,1600.0,1300.0,0.0,0.0
2021-04-18 00:00:00+05:30,323,Gaddiannaram,2,L.B Nagar,106,ColaCasio(Arvi),106,Common,0.0,7.0,2000.0,2000.0,2000.0,0.0,0.0
2021-04-17 00:00:00+05:30,312,Wanaparthy Town,1344,W.P.Town,30,Groundnut pods,30,Common,0.0,506.0,4699.0,5889.0,5479.0,0.0,0.0
2021-04-17 00:00:00+05:30,331,Vantimamidi,1612,Vantimamidi,101,Beet Root,101,Common,0.0,1.0,1100.0,1100.0,1100.0,0.0,0.0
2021-04-17 00:00:00+05:30,306,Mahbubnagar,1326,Mahaboobnagar,8,Ragi,8,Common,0.0,72.0,2160.0,2530.0,2530.0,0.0,0.0
2021-04-17 00:00:00+05:30,367,Gudimalkapur,1571,Gudumalkapur,103,Carrot,103,Common,0.0,327.0,600.0,1000.0,800.0,0.0,0.0
2021-04-17 00:00:00+05:30,278,Suryapet,1091,Suryapet,1,Paddy,256,Grade-A (RNR),0.0,1239.0,1309.0,1757.0,1711.0,0.0,0.0
2021-04-17 00:00:00+05:30,219,Jagtial,1125,Jagtial,5,Maize,5,Common,0.0,314.0,1312.0,1611.0,1551.0,0.0,0.0
2021-04-17 00:00:00+05:30,295,Sangareddy,1219,Sangaredy,99,Cauliflower,99,Common,0.0,1.0,600.0,900.0,800.0,0.0,0.0
2021-04-17 00:00:00+05:30,302,Gadwal,1328,Gadwal,30,Groundnut pods,30,Common,0.0,2252.0,4047.0,6278.0,5780.0,0.0,0.0
2021-04-17 00:00:00+05:30,320,Tandur,37,Tandur,15,Red Gram,15,Common,0.0,598.0,6357.0,7101.0,6903.0,0.0,0.0
2021-04-17 00:00:00+05:30,256,Khammam,1067,Khammam,15,Red Gram,15,Common,0.0,24.0,3000.0,6650.0,6400.0,0.0,0.0
2021-04-17 00:00:00+05:30,279,Thirumalagiri,9,Tirmalagiri,1,Paddy,247,Grade-A (Samba Masuri),0.0,814.0,1369.0,1616.0,1569.0,0.0,0.0
2021-04-17 00:00:00+05:30,324,Bowenpally,3,Bowenpally,103,Carrot,103,Common,0.0,2236.0,300.0,1300.0,1000.0,0.0,0.0
2021-04-17 00:00:00+05:30,323,Gaddiannaram,2,L.B Nagar,106,ColaCasio(Arvi),106,Common,0.0,1.0,2000.0,2000.0,2000.0,0.0,0.0
2021-04-17 00:00:00+05:30,323,Gaddiannaram,1,Gaddiannaram,77,Mosambi,77,Common,0.0,2836.0,850.0,6000.0,2300.0,0.0,0.0
2021-04-16 00:00:00+05:30,367,Gudimalkapur,1571,Gudumalkapur,103,Carrot,103,Common,0.0,261.0,600.0,1000.0,800.0,0.0,0.0
2021-04-16 00:00:00+05:30,331,Vantimamidi,1612,Vantimamidi,101,Beet Root,101,Common,0.0,2.0,1200.0,1200.0,1200.0,0.0,0.0
2021-04-16 00:00:00+05:30,295,Sangareddy,1219,Sangaredy,99,Cauliflower,99,Common,0.0,2.0,600.0,900.0,800.0,0.0,0.0
2021-04-16 00:00:00+05:30,306,Mahbubnagar,1326,Mahaboobnagar,8,Ragi,8,Common,0.0,107.0,1822.0,2552.0,2289.0,0.0,0.0
2021-04-16 00:00:00+05:30,302,Gadwal,1328,Gadwal,30,Groundnut pods,30,Common,0.0,2212.0,3811.0,6011.0,5632.0,0.0,0.0
2021-04-16 00:00:00+05:30,292,Zaheerabad,1198,Zaheerabad,14,Bengal Gram,14,Common,0.0,200.5,5119.0,5167.0,4950.0,0.0,0.0
2021-04-16 00:00:00+05:30,239,Kesamudram,1168,Kesamudram,5,Maize,5,Common,0.0,4565.0,1189.0,1534.0,1489.0,0.0,0.0
2021-04-16 00:00:00+05:30,219,Jagtial,1125,Jagtial,5,Maize,5,Common,0.0,233.0,1311.0,1675.0,1515.0,0.0,0.0
2021-04-16 00:00:00+05:30,278,Suryapet,1091,Suryapet,1,Paddy,256,Grade-A (RNR),0.0,1318.0,1319.0,1858.0,1681.0,0.0,0.0
2021-04-16 00:00:00+05:30,221,Jammikunta,36,Jammikunta,25,Cotton,25,Common,0.0,370.0,6700.0,5500.0,6600.0,0.0,0.0
2021-04-16 00:00:00+05:30,256,Khammam,1067,Khammam,15,Red Gram,15,Common,0.0,36.0,6400.0,6650.0,6650.0,0.0,0.0
2021-04-16 00:00:00+05:30,320,Tandur,37,Tandur,15,Red Gram,15,Common,0.0,1300.0,5000.0,7155.0,7047.0,0.0,0.0
2021-04-15 00:00:00+05:30,301,Devarakadra,1352,Devarakadra,55,Onions,55,Common,0.0,74.0,702.0,899.0,801.0,0.0,0.0
2021-04-16 00:00:00+05:30,325,Hyderabad,7,Meeralamandi,111,Brinjal,111,Common,0.0,30.0,800.0,1000.0,900.0,0.0,0.0
2021-04-16 00:00:00+05:30,325,Hyderabad,6,Madannapeta,106,ColaCasio(Arvi),106,Common,0.0,8.0,2000.0,2200.0,2100.0,0.0,0.0
2021-04-15 00:00:00+05:30,312,Wanaparthy Town,1344,W.P.Town,30,Groundnut pods,30,Common,0.0,175.0,4265.0,5730.0,4825.0,0.0,0.0
2021-04-16 00:00:00+05:30,323,Gaddiannaram,2,L.B Nagar,106,ColaCasio(Arvi),106,Common,0.0,15.0,3000.0,3500.0,3200.0,0.0,0.0
2021-04-15 00:00:00+05:30,331,Vantimamidi,1612,Vantimamidi,101,Beet Root,101,Common,0.0,1.0,1200.0,1200.0,1200.0,0.0,0.0
2021-04-16 00:00:00+05:30,323,Gaddiannaram,1,Gaddiannaram,77,Mosambi,77,Common,0.0,3405.0,900.0,6200.0,2400.0,0.0,0.0
2021-04-16 00:00:00+05:30,324,Bowenpally,3,Bowenpally,103,Carrot,103,Common,0.0,1993.0,500.0,1200.0,1000.0,0.0,0.0
2021-04-15 00:00:00+05:30,367,Gudimalkapur,1571,Gudumalkapur,103,Carrot,103,Common,0.0,204.0,600.0,800.0,700.0,0.0,0.0
2021-04-15 00:00:00+05:30,302,Gadwal,1328,Gadwal,30,Groundnut pods,30,Common,0.0,1956.0,3866.0,5778.0,5480.0,0.0,0.0
2021-04-15 00:00:00+05:30,295,Sangareddy,1219,Sangaredy,99,Cauliflower,99,Common,0.0,4.0,600.0,800.0,700.0,0.0,0.0
2021-04-15 00:00:00+05:30,306,Mahbubnagar,1326,Mahaboobnagar,8,Ragi,8,Common,0.0,189.0,1805.0,2592.0,2562.0,0.0,0.0
2021-04-15 00:00:00+05:30,292,Zaheerabad,1198,Zaheerabad,14,Bengal Gram,14,Common,0.0,200.5,5119.0,5167.0,4950.0,0.0,0.0
2021-04-15 00:00:00+05:30,256,Khammam,1067,Khammam,15,Red Gram,15,Common,0.0,3.0,6500.0,6500.0,6500.0,0.0,0.0
2021-04-15 00:00:00+05:30,320,Tandur,37,Tandur,15,Red Gram,15,Common,0.0,1043.0,6307.0,7169.0,7069.0,0.0,0.0
2021-04-15 00:00:00+05:30,278,Suryapet,1091,Suryapet,1,Paddy,256,Grade-A (RNR),0.0,1284.0,1301.0,1848.0,1688.0,0.0,0.0
2021-04-15 00:00:00+05:30,239,Kesamudram,1168,Kesamudram,5,Maize,5,Common,0.0,3196.0,1255.0,1557.0,1542.0,0.0,0.0
2021-04-15 00:00:00+05:30,238,Jangoan,1169,Jangaon,5,Maize,5,Common,0.0,37.95,1450.0,1479.0,1479.0,0.0,0.0
2021-04-15 00:00:00+05:30,219,Jagtial,1125,Jagtial,5,Maize,5,Common,0.0,361.0,1289.0,1655.0,1527.0,0.0,0.0
2021-04-15 00:00:00+05:30,323,Gaddiannaram,2,L.B Nagar,106,ColaCasio(Arvi),106,Common,0.0,4.0,2000.0,2000.0,2000.0,0.0,0.0
2021-04-15 00:00:00+05:30,325,Hyderabad,7,Meeralamandi,111,Brinjal,111,Common,0.0,4.0,600.0,800.0,700.0,0.0,0.0
2021-04-15 00:00:00+05:30,221,Jammikunta,36,Jammikunta,25,Cotton,25,Common,0.0,196.0,6760.0,5550.0,6550.0,0.0,0.0
2021-04-15 00:00:00+05:30,279,Thirumalagiri,9,Tirmalagiri,1,Paddy,247,Grade-A (Samba Masuri),0.0,389.0,1439.0,1609.0,1569.0,0.0,0.0
2021-04-15 00:00:00+05:30,324,Bowenpally,3,Bowenpally,103,Carrot,103,Common,0.0,1085.0,400.0,2000.0,1600.0,0.0,0.0
2021-04-14 00:00:00+05:30,331,Vantimamidi,1612,Vantimamidi,101,Beet Root,101,Common,0.0,1.0,1200.0,1200.0,1200.0,0.0,0.0
2021-04-15 00:00:00+05:30,323,Gaddiannaram,1,Gaddiannaram,77,Mosambi,77,Common,0.0,930.0,850.0,6400.0,2500.0,0.0,0.0
2021-04-14 00:00:00+05:30,295,Sangareddy,1219,Sangaredy,99,Cauliflower,99,Common,0.0,2.0,600.0,800.0,700.0,0.0,0.0
2021-04-14 00:00:00+05:30,367,Gudimalkapur,1571,Gudumalkapur,103,Carrot,103,Common,0.0,173.0,600.0,1000.0,800.0,0.0,0.0
2021-04-14 00:00:00+05:30,325,Hyderabad,6,Madannapeta,106,ColaCasio(Arvi),106,Common,0.0,4.0,800.0,2000.0,900.0,0.0,0.0
2021-04-14 00:00:00+05:30,323,Gaddiannaram,2,L.B Nagar,106,ColaCasio(Arvi),106,Common,0.0,10.0,2000.0,2500.0,2200.0,0.0,0.0
2021-04-14 00:00:00+05:30,324,Bowenpally,3,Bowenpally,103,Carrot,103,Common,0.0,2258.0,300.0,1200.0,1000.0,0.0,0.0
2021-04-12 00:00:00+05:30,219,Jagtial,1125,Jagtial,5,Maize,5,Common,0.0,359.0,1045.0,1655.0,1515.0,0.0,0.0
2021-04-12 00:00:00+05:30,278,Suryapet,1091,Suryapet,1,Paddy,256,Grade-A (RNR),0.0,1050.0,1316.0,1836.0,1538.0,0.0,0.0
2021-04-12 00:00:00+05:30,295,Sangareddy,1219,Sangaredy,99,Cauliflower,99,Common,0.0,2.0,600.0,800.0,700.0,0.0,0.0
2021-04-12 00:00:00+05:30,312,Wanaparthy Town,1344,W.P.Town,30,Groundnut pods,30,Common,0.0,757.0,2607.0,5690.0,4682.0,0.0,0.0
2021-04-12 00:00:00+05:30,367,Gudimalkapur,1571,Gudumalkapur,103,Carrot,103,Common,0.0,238.0,600.0,1000.0,800.0,0.0,0.0
2021-04-14 00:00:00+05:30,323,Gaddiannaram,1,Gaddiannaram,77,Mosambi,77,Common,0.0,720.0,850.0,6000.0,2450.0,0.0,0.0
2021-04-13 00:00:00+05:30,323,Gaddiannaram,1,Gaddiannaram,77,Mosambi,77,Common,0.0,840.0,850.0,5500.0,2400.0,0.0,0.0
2021-04-25 00:00:00+05:30,323,Gaddiannaram,2,L.B Nagar,106,ColaCasio(Arvi),106,Common,0.0,25.0,2000.0,3000.0,2500.0,0.0,0.0
2021-04-24 00:00:00+05:30,367,Gudimalkapur,1571,Gudumalkapur,103,Carrot,103,Common,0.0,190.0,600.0,1000.0,800.0,0.0,0.0
2021-04-24 00:00:00+05:30,302,Gadwal,1328,Gadwal,30,Groundnut pods,30,Common,0.0,2183.0,4170.0,5870.0,5506.0,0.0,0.0
2021-04-24 00:00:00+05:30,312,Wanaparthy Town,1344,W.P.Town,30,Groundnut pods,30,Common,0.0,744.0,4407.0,5699.0,5237.0,0.0,0.0
2021-04-24 00:00:00+05:30,331,Vantimamidi,1612,Vantimamidi,101,Beet Root,101,Common,0.0,1.0,1200.0,1200.0,1200.0,0.0,0.0
2021-04-24 00:00:00+05:30,278,Suryapet,1091,Suryapet,1,Paddy,256,Grade-A (RNR),0.0,3036.0,1301.0,1848.0,1400.0,0.0,0.0
2021-04-24 00:00:00+05:30,219,Jagtial,1125,Jagtial,5,Maize,5,Common,0.0,106.0,1411.0,1531.0,1505.0,0.0,0.0
2021-04-24 00:00:00+05:30,306,Mahbubnagar,1326,Mahaboobnagar,8,Ragi,8,Common,0.0,98.0,2205.0,2465.0,2390.0,0.0,0.0
2021-04-24 00:00:00+05:30,295,Sangareddy,1219,Sangaredy,99,Cauliflower,99,Common,0.0,2.0,800.0,1000.0,900.0,0.0,0.0
2021-04-24 00:00:00+05:30,320,Tandur,37,Tandur,15,Red Gram,15,Common,0.0,229.0,6357.0,7011.0,6729.0,0.0,0.0
2021-04-24 00:00:00+05:30,256,Khammam,1067,Khammam,15,Red Gram,15,Common,0.0,5.0,5600.0,5600.0,5600.0,0.0,0.0
2021-04-23 00:00:00+05:30,312,Wanaparthy Town,1344,W.P.Town,30,Groundnut pods,30,Common,0.0,839.0,4009.0,5669.0,5393.0,0.0,0.0
2021-04-24 00:00:00+05:30,323,Gaddiannaram,2,L.B Nagar,106,ColaCasio(Arvi),106,Common,0.0,5.0,3000.0,3000.0,3000.0,0.0,0.0
2021-04-24 00:00:00+05:30,323,Gaddiannaram,1,Gaddiannaram,77,Mosambi,77,Common,0.0,1040.0,800.0,5900.0,2400.0,0.0,0.0
2021-04-23 00:00:00+05:30,367,Gudimalkapur,1571,Gudumalkapur,103,Carrot,103,Common,0.0,226.0,600.0,1000.0,800.0,0.0,0.0
2021-04-23 00:00:00+05:30,292,Zaheerabad,1198,Zaheerabad,14,Bengal Gram,14,Common,0.0,239.0,5005.0,5175.0,5100.0,0.0,0.0
2021-04-23 00:00:00+05:30,306,Mahbubnagar,1326,Mahaboobnagar,8,Ragi,8,Common,0.0,118.0,2205.0,2490.0,2412.0,0.0,0.0
2021-04-23 00:00:00+05:30,302,Gadwal,1328,Gadwal,30,Groundnut pods,30,Common,0.0,2464.0,4070.0,5882.0,5430.0,0.0,0.0
2021-04-23 00:00:00+05:30,295,Sangareddy,1219,Sangaredy,99,Cauliflower,99,Common,0.0,2.0,600.0,900.0,800.0,0.0,0.0
2021-04-23 00:00:00+05:30,221,Jammikunta,36,Jammikunta,25,Cotton,25,Common,0.0,414.0,6650.0,5500.0,6500.0,0.0,0.0
2021-04-23 00:00:00+05:30,239,Kesamudram,1168,Kesamudram,5,Maize,5,Common,0.0,6074.0,1000.0,1536.0,1479.0,0.0,0.0
2021-04-23 00:00:00+05:30,219,Jagtial,1125,Jagtial,5,Maize,5,Common,0.0,195.0,1359.0,1650.0,1500.0,0.0,0.0
2021-04-23 00:00:00+05:30,256,Khammam,1067,Khammam,15,Red Gram,15,Common,0.0,37.0,4500.0,6500.0,6300.0,0.0,0.0
2021-04-23 00:00:00+05:30,320,Tandur,37,Tandur,15,Red Gram,15,Common,0.0,612.0,6227.0,7032.0,6885.0,0.0,0.0
2021-04-23 00:00:00+05:30,323,Gaddiannaram,1,Gaddiannaram,77,Mosambi,77,Common,0.0,1070.0,800.0,5800.0,2400.0,0.0,0.0
2021-04-23 00:00:00+05:30,323,Gaddiannaram,2,L.B Nagar,106,ColaCasio(Arvi),106,Common,0.0,20.0,2000.0,3000.0,2500.0,0.0,0.0
2021-04-22 00:00:00+05:30,312,Wanaparthy Town,1344,W.P.Town,30,Groundnut pods,30,Common,0.0,774.0,3302.0,5669.0,5307.0,0.0,0.0
2021-04-22 00:00:00+05:30,302,Gadwal,1328,Gadwal,30,Groundnut pods,30,Common,0.0,2586.0,4140.0,5811.0,5490.0,0.0,0.0
2021-04-22 00:00:00+05:30,306,Mahbubnagar,1326,Mahaboobnagar,8,Ragi,8,Common,0.0,69.0,1655.0,2455.0,2445.0,0.0,0.0
2021-04-22 00:00:00+05:30,367,Gudimalkapur,1571,Gudumalkapur,103,Carrot,103,Common,0.0,201.0,600.0,1000.0,800.0,0.0,0.0
2021-04-22 00:00:00+05:30,331,Vantimamidi,1612,Vantimamidi,101,Beet Root,101,Common,0.0,2.0,1000.0,1000.0,1000.0,0.0,0.0
2021-04-22 00:00:00+05:30,239,Kesamudram,1168,Kesamudram,5,Maize,5,Common,0.0,5507.0,1366.0,1533.0,1492.0,0.0,0.0
2021-04-22 00:00:00+05:30,219,Jagtial,1125,Jagtial,5,Maize,5,Common,0.0,342.0,1455.0,1560.0,1526.0,0.0,0.0
2021-04-22 00:00:00+05:30,238,Jangoan,1169,Jangaon,5,Maize,5,Common,0.0,44.0,1529.0,1529.0,1529.0,0.0,0.0
2021-04-22 00:00:00+05:30,295,Sangareddy,1219,Sangaredy,99,Cauliflower,99,Common,0.0,4.0,600.0,900.0,800.0,0.0,0.0
2021-04-22 00:00:00+05:30,320,Tandur,37,Tandur,15,Red Gram,15,Common,0.0,1206.0,5751.0,7065.0,6651.0,0.0,0.0
2021-04-22 00:00:00+05:30,256,Khammam,1067,Khammam,15,Red Gram,15,Common,0.0,6.0,6300.0,6650.0,6650.0,0.0,0.0
2021-04-22 00:00:00+05:30,278,Suryapet,1091,Suryapet,1,Paddy,256,Grade-A (RNR),0.0,3977.0,1300.0,1839.0,1606.0,0.0,0.0
2021-04-22 00:00:00+05:30,221,Jammikunta,36,Jammikunta,25,Cotton,25,Common,0.0,236.0,6640.0,5000.0,6500.0,0.0,0.0
2021-04-22 00:00:00+05:30,279,Thirumalagiri,9,Tirmalagiri,1,Paddy,247,Grade-A (Samba Masuri),0.0,816.0,1346.0,1569.0,1469.0,0.0,0.0
2021-04-22 00:00:00+05:30,323,Gaddiannaram,2,L.B Nagar,106,ColaCasio(Arvi),106,Common,0.0,20.0,2000.0,3000.0,2500.0,0.0,0.0
2021-04-22 00:00:00+05:30,323,Gaddiannaram,1,Gaddiannaram,77,Mosambi,77,Common,0.0,886.0,800.0,5300.0,2400.0,0.0,0.0
2021-04-21 00:00:00+05:30,367,Gudimalkapur,1571,Gudumalkapur,103,Carrot,103,Common,0.0,282.0,600.0,1000.0,800.0,0.0,0.0
2021-04-21 00:00:00+05:30,323,Gaddiannaram,2,L.B Nagar,106,ColaCasio(Arvi),106,Common,0.0,5.0,2000.0,2500.0,2200.0,0.0,0.0
2021-04-21 00:00:00+05:30,295,Sangareddy,1219,Sangaredy,99,Cauliflower,99,Common,0.0,2.0,600.0,900.0,800.0,0.0,0.0
2021-04-20 00:00:00+05:30,302,Gadwal,1328,Gadwal,30,Groundnut pods,30,Common,0.0,2916.0,4050.0,5982.0,5686.0,0.0,0.0
2021-04-20 00:00:00+05:30,367,Gudimalkapur,1571,Gudumalkapur,103,Carrot,103,Common,0.0,233.0,600.0,1000.0,800.0,0.0,0.0
2021-04-20 00:00:00+05:30,331,Vantimamidi,1612,Vantimamidi,101,Beet Root,101,Common,0.0,2.0,1000.0,1000.0,1000.0,0.0,0.0
2021-04-21 00:00:00+05:30,323,Gaddiannaram,1,Gaddiannaram,77,Mosambi,77,Common,0.0,117.0,800.0,5900.0,2400.0,0.0,0.0
2021-04-20 00:00:00+05:30,306,Mahbubnagar,1326,Mahaboobnagar,8,Ragi,8,Common,0.0,171.0,1869.0,2435.0,2435.0,0.0,0.0
2021-04-20 00:00:00+05:30,292,Zaheerabad,1198,Zaheerabad,14,Bengal Gram,14,Common,0.0,342.0,5043.0,5150.0,5001.0,0.0,0.0
2021-04-20 00:00:00+05:30,219,Jagtial,1125,Jagtial,5,Maize,5,Common,0.0,376.0,1111.0,1631.0,1523.0,0.0,0.0
2021-04-20 00:00:00+05:30,221,Jammikunta,36,Jammikunta,25,Cotton,25,Common,0.0,227.0,6550.0,5200.0,6400.0,0.0,0.0
2021-04-20 00:00:00+05:30,238,Jangoan,1169,Jangaon,5,Maize,5,Common,0.0,167.75,1545.0,1549.0,1549.0,0.0,0.0
2021-04-20 00:00:00+05:30,239,Kesamudram,1168,Kesamudram,5,Maize,5,Common,0.0,3421.0,1367.0,1551.0,1489.0,0.0,0.0
2021-04-20 00:00:00+05:30,278,Suryapet,1091,Suryapet,1,Paddy,256,Grade-A (RNR),0.0,3008.0,1311.0,1842.0,1506.0,0.0,0.0
2021-04-20 00:00:00+05:30,320,Tandur,37,Tandur,15,Red Gram,15,Common,0.0,709.0,6017.0,7032.0,6921.0,0.0,0.0
2021-04-20 00:00:00+05:30,325,Hyderabad,6,Madannapeta,106,ColaCasio(Arvi),106,Common,0.0,4.0,2000.0,2000.0,2000.0,0.0,0.0
2021-04-19 00:00:00+05:30,312,Wanaparthy Town,1344,W.P.Town,30,Groundnut pods,30,Common,0.0,463.0,4005.0,6010.0,5467.0,0.0,0.0
2021-04-19 00:00:00+05:30,309,Narayanpet,1342,Narayanpet,15,Red Gram,233,White,0.0,2.94,6609.0,6809.0,6609.0,0.0,0.0
2021-04-20 00:00:00+05:30,323,Gaddiannaram,2,L.B Nagar,106,ColaCasio(Arvi),106,Common,0.0,10.0,2500.0,3500.0,3000.0,0.0,0.0
2021-04-20 00:00:00+05:30,324,Bowenpally,3,Bowenpally,103,Carrot,103,Common,0.0,2714.0,200.0,1200.0,800.0,0.0,0.0
2021-04-19 00:00:00+05:30,302,Gadwal,1328,Gadwal,30,Groundnut pods,30,Common,0.0,3630.0,4156.0,6182.0,5690.0,0.0,0.0
2021-04-19 00:00:00+05:30,367,Gudimalkapur,1571,Gudumalkapur,103,Carrot,103,Common,0.0,270.0,800.0,1000.0,900.0,0.0,0.0
2021-04-19 00:00:00+05:30,331,Vantimamidi,1612,Vantimamidi,101,Beet Root,101,Common,0.0,1.0,1000.0,1000.0,1000.0,0.0,0.0
2021-04-20 00:00:00+05:30,323,Gaddiannaram,1,Gaddiannaram,77,Mosambi,77,Common,0.0,1604.0,850.0,6100.0,2500.0,0.0,0.0
2021-04-19 00:00:00+05:30,221,Jammikunta,36,Jammikunta,25,Cotton,25,Common,0.0,365.0,6650.0,5200.0,6600.0,0.0,0.0
2021-04-19 00:00:00+05:30,219,Jagtial,1125,Jagtial,5,Maize,5,Common,0.0,438.0,1256.0,1545.0,1526.0,0.0,0.0
2021-04-19 00:00:00+05:30,239,Kesamudram,1168,Kesamudram,5,Maize,5,Common,0.0,6295.0,1221.0,1531.0,1474.0,0.0,0.0
2021-04-19 00:00:00+05:30,306,Mahbubnagar,1326,Mahaboobnagar,8,Ragi,8,Common,0.0,274.0,1905.0,2506.0,2359.0,0.0,0.0
2021-04-19 00:00:00+05:30,295,Sangareddy,1219,Sangaredy,99,Cauliflower,99,Common,0.0,4.0,600.0,800.0,700.0,0.0,0.0
2021-04-19 00:00:00+05:30,292,Zaheerabad,1198,Zaheerabad,14,Bengal Gram,14,Common,0.0,506.0,4501.0,5175.0,5139.0,0.0,0.0
2021-04-19 00:00:00+05:30,238,Jangoan,1169,Jangaon,5,Maize,5,Common,0.0,13.75,1529.0,1529.0,1529.0,0.0,0.0
2021-04-19 00:00:00+05:30,320,Tandur,37,Tandur,15,Red Gram,15,Common,0.0,1038.0,6435.0,7065.0,6921.0,0.0,0.0
2021-04-19 00:00:00+05:30,279,Thirumalagiri,9,Tirmalagiri,1,Paddy,247,Grade-A (Samba Masuri),0.0,1142.0,1326.0,1591.0,1416.0,0.0,0.0
2021-04-19 00:00:00+05:30,278,Suryapet,1091,Suryapet,1,Paddy,256,Grade-A (RNR),0.0,3290.0,1309.0,1826.0,1757.0,0.0,0.0
2021-04-19 00:00:00+05:30,256,Khammam,1067,Khammam,15,Red Gram,15,Common,0.0,9.0,6200.0,6600.0,6550.0,0.0,0.0
2021-04-30 00:00:00+05:30,238,Jangoan,1169,Jangaon,5,Maize,5,Common,0.0,55.0,1539.0,1539.0,1539.0,0.0,0.0
2021-04-30 00:00:00+05:30,306,Mahbubnagar,1326,Mahaboobnagar,8,Ragi,8,Common,0.0,99.0,2055.0,2412.0,2395.0,0.0,0.0
2021-04-30 00:00:00+05:30,302,Gadwal,1328,Gadwal,30,Groundnut pods,30,Common,0.0,1582.0,4190.0,6032.0,5498.0,0.0,0.0
2021-04-30 00:00:00+05:30,367,Gudimalkapur,1571,Gudumalkapur,103,Carrot,103,Common,0.0,226.0,600.0,1300.0,900.0,0.0,0.0
2021-04-30 00:00:00+05:30,324,Bowenpally,3,Bowenpally,103,Carrot,103,Common,0.0,2082.0,300.0,1400.0,1200.0,0.0,0.0
2021-04-30 00:00:00+05:30,323,Gaddiannaram,2,L.B Nagar,106,ColaCasio(Arvi),106,Common,0.0,15.0,2000.0,2500.0,2200.0,0.0,0.0
2021-04-30 00:00:00+05:30,323,Gaddiannaram,1,Gaddiannaram,77,Mosambi,77,Common,0.0,2275.0,1000.0,6500.0,2500.0,0.0,0.0
2021-04-30 00:00:00+05:30,279,Thirumalagiri,9,Tirmalagiri,1,Paddy,247,Grade-A (Samba Masuri),0.0,432.0,1255.0,1539.0,1469.0,0.0,0.0
2021-04-30 00:00:00+05:30,278,Suryapet,1091,Suryapet,1,Paddy,256,Grade-A (RNR),0.0,2280.0,1319.0,1616.0,1552.0,0.0,0.0
2021-04-30 00:00:00+05:30,292,Zaheerabad,1198,Zaheerabad,14,Bengal Gram,14,Common,0.0,238.5,0.0,0.0,0.0,0.0,0.0
2021-04-30 00:00:00+05:30,219,Jagtial,1125,Jagtial,5,Maize,5,Common,0.0,150.0,1350.0,1520.0,1518.0,0.0,0.0
2021-04-30 00:00:00+05:30,320,Tandur,37,Tandur,15,Red Gram,15,Common,0.0,305.0,6027.0,6993.0,6912.0,0.0,0.0
2021-04-29 00:00:00+05:30,295,Sangareddy,1219,Sangaredy,99,Cauliflower,99,Common,0.0,3.0,700.0,900.0,800.0,0.0,0.0
2021-04-29 00:00:00+05:30,292,Zaheerabad,1198,Zaheerabad,14,Bengal Gram,14,Common,0.0,35.5,4851.0,5101.0,5101.0,0.0,0.0
2021-04-29 00:00:00+05:30,302,Gadwal,1328,Gadwal,30,Groundnut pods,30,Common,0.0,2382.0,4189.0,6112.0,5570.0,0.0,0.0
2021-04-29 00:00:00+05:30,306,Mahbubnagar,1326,Mahaboobnagar,8,Ragi,8,Common,0.0,145.0,1860.0,2430.0,2050.0,0.0,0.0
2021-04-29 00:00:00+05:30,367,Gudimalkapur,1571,Gudumalkapur,103,Carrot,103,Common,0.0,277.0,600.0,1200.0,900.0,0.0,0.0
2021-04-29 00:00:00+05:30,278,Suryapet,1091,Suryapet,1,Paddy,256,Grade-A (RNR),0.0,3760.0,1300.0,1726.0,1379.0,0.0,0.0
2021-04-29 00:00:00+05:30,238,Jangoan,1169,Jangaon,5,Maize,5,Common,0.0,82.5,1375.0,1529.0,1375.0,0.0,0.0
2021-04-29 00:00:00+05:30,239,Kesamudram,1168,Kesamudram,5,Maize,5,Common,0.0,5980.0,1355.0,1569.0,1466.0,0.0,0.0
2021-04-29 00:00:00+05:30,219,Jagtial,1125,Jagtial,5,Maize,5,Common,0.0,246.0,1486.0,1522.0,1518.0,0.0,0.0
2021-04-29 00:00:00+05:30,325,Hyderabad,6,Madannapeta,106,ColaCasio(Arvi),106,Common,0.0,12.0,2250.0,2250.0,2250.0,0.0,0.0
2021-04-29 00:00:00+05:30,320,Tandur,37,Tandur,15,Red Gram,15,Common,0.0,507.0,6117.0,6966.0,6939.0,0.0,0.0
2021-04-29 00:00:00+05:30,279,Thirumalagiri,9,Tirmalagiri,1,Paddy,247,Grade-A (Samba Masuri),0.0,286.0,1255.0,1529.0,1421.0,0.0,0.0
2021-04-29 00:00:00+05:30,325,Hyderabad,7,Meeralamandi,111,Brinjal,111,Common,0.0,4.0,1000.0,1200.0,1100.0,0.0,0.0
2021-04-29 00:00:00+05:30,323,Gaddiannaram,2,L.B Nagar,106,ColaCasio(Arvi),106,Common,0.0,15.0,2500.0,3000.0,2700.0,0.0,0.0
2021-04-28 00:00:00+05:30,301,Devarakadra,1352,Devarakadra,55,Onions,55,Common,0.0,189.0,804.0,600.0,720.0,0.0,0.0
2021-04-28 00:00:00+05:30,367,Gudimalkapur,1571,Gudumalkapur,103,Carrot,103,Common,0.0,297.0,600.0,1200.0,900.0,0.0,0.0
2021-04-29 00:00:00+05:30,323,Gaddiannaram,1,Gaddiannaram,77,Mosambi,77,Common,0.0,1790.0,1000.0,6400.0,2500.0,0.0,0.0
2021-04-28 00:00:00+05:30,239,Kesamudram,1168,Kesamudram,5,Maize,5,Common,0.0,5443.0,1359.0,1516.0,1469.0,0.0,0.0
2021-04-28 00:00:00+05:30,295,Sangareddy,1219,Sangaredy,99,Cauliflower,99,Common,0.0,3.0,1000.0,1400.0,1200.0,0.0,0.0
2021-04-28 00:00:00+05:30,306,Mahbubnagar,1326,Mahaboobnagar,8,Ragi,8,Common,0.0,154.0,2012.0,2457.0,2221.0,0.0,0.0
2021-04-28 00:00:00+05:30,278,Suryapet,1091,Suryapet,1,Paddy,256,Grade-A (RNR),0.0,3417.0,1304.0,1747.0,1429.0,0.0,0.0
2021-04-28 00:00:00+05:30,320,Tandur,37,Tandur,15,Red Gram,15,Common,0.0,699.0,6267.0,6950.0,6813.0,0.0,0.0
2021-04-28 00:00:00+05:30,219,Jagtial,1125,Jagtial,5,Maize,5,Common,0.0,218.0,1420.0,1557.0,1510.0,0.0,0.0
2021-04-28 00:00:00+05:30,256,Khammam,1067,Khammam,15,Red Gram,15,Common,0.0,32.0,5500.0,6325.0,6300.0,0.0,0.0
2021-04-28 00:00:00+05:30,279,Thirumalagiri,9,Tirmalagiri,1,Paddy,247,Grade-A (Samba Masuri),0.0,476.0,1255.0,1529.0,1469.0,0.0,0.0
2021-04-28 00:00:00+05:30,323,Gaddiannaram,2,L.B Nagar,106,ColaCasio(Arvi),106,Common,0.0,15.0,2500.0,3000.0,2700.0,0.0,0.0
2021-04-28 00:00:00+05:30,323,Gaddiannaram,1,Gaddiannaram,77,Mosambi,77,Common,0.0,2350.0,1000.0,6500.0,2500.0,0.0,0.0
2021-04-27 00:00:00+05:30,306,Mahbubnagar,1326,Mahaboobnagar,8,Ragi,8,Common,0.0,178.0,2012.0,2467.0,2466.0,0.0,0.0
2021-04-27 00:00:00+05:30,239,Kesamudram,1168,Kesamudram,5,Maize,5,Common,0.0,5415.0,1376.0,1518.0,1486.0,0.0,0.0
2021-04-27 00:00:00+05:30,238,Jangoan,1169,Jangaon,5,Maize,5,Common,0.0,44.0,1420.0,1420.0,1420.0,0.0,0.0
2021-04-27 00:00:00+05:30,302,Gadwal,1328,Gadwal,30,Groundnut pods,30,Common,0.0,1849.0,4126.0,6112.0,5716.0,0.0,0.0
2021-04-27 00:00:00+05:30,367,Gudimalkapur,1571,Gudumalkapur,103,Carrot,103,Common,0.0,224.0,600.0,1200.0,900.0,0.0,0.0
2021-04-27 00:00:00+05:30,278,Suryapet,1091,Suryapet,1,Paddy,256,Grade-A (RNR),0.0,2124.0,1303.0,1708.0,1476.0,0.0,0.0
2021-04-27 00:00:00+05:30,320,Tandur,37,Tandur,15,Red Gram,15,Common,0.0,454.0,6354.0,6952.0,6750.0,0.0,0.0
2021-04-27 00:00:00+05:30,279,Thirumalagiri,9,Tirmalagiri,1,Paddy,247,Grade-A (Samba Masuri),0.0,701.0,1300.0,1515.0,1415.0,0.0,0.0
2021-04-27 00:00:00+05:30,325,Hyderabad,7,Meeralamandi,111,Brinjal,111,Common,0.0,2.0,1000.0,1200.0,1100.0,0.0,0.0
2021-04-27 00:00:00+05:30,325,Hyderabad,6,Madannapeta,106,ColaCasio(Arvi),106,Common,0.0,5.0,1800.0,2000.0,1900.0,0.0,0.0
2021-04-27 00:00:00+05:30,323,Gaddiannaram,2,L.B Nagar,106,ColaCasio(Arvi),106,Common,0.0,5.0,2500.0,2500.0,2500.0,0.0,0.0
2021-04-27 00:00:00+05:30,324,Bowenpally,3,Bowenpally,103,Carrot,103,Common,0.0,1894.0,400.0,1200.0,1000.0,0.0,0.0
2021-04-26 00:00:00+05:30,312,Wanaparthy Town,1344,W.P.Town,30,Groundnut pods,30,Common,0.0,773.0,3619.0,5799.0,5199.0,0.0,0.0
2021-04-26 00:00:00+05:30,331,Vantimamidi,1612,Vantimamidi,101,Beet Root,101,Common,0.0,2.0,1300.0,1300.0,1300.0,0.0,0.0
2021-04-27 00:00:00+05:30,323,Gaddiannaram,1,Gaddiannaram,77,Mosambi,77,Common,0.0,2235.0,1000.0,6200.0,2500.0,0.0,0.0
2021-04-26 00:00:00+05:30,302,Gadwal,1328,Gadwal,30,Groundnut pods,30,Common,0.0,2984.0,4266.0,6182.0,5691.0,0.0,0.0
2021-04-26 00:00:00+05:30,295,Sangareddy,1219,Sangaredy,99,Cauliflower,99,Common,0.0,2.0,600.0,900.0,800.0,0.0,0.0
2021-04-26 00:00:00+05:30,292,Zaheerabad,1198,Zaheerabad,14,Bengal Gram,14,Common,0.0,249.0,4400.0,5155.0,4956.0,0.0,0.0
2021-04-26 00:00:00+05:30,306,Mahbubnagar,1326,Mahaboobnagar,8,Ragi,8,Common,0.0,149.0,1665.0,2452.0,2451.0,0.0,0.0
2021-04-26 00:00:00+05:30,367,Gudimalkapur,1571,Gudumalkapur,103,Carrot,103,Common,0.0,138.0,600.0,1000.0,800.0,0.0,0.0
2021-04-26 00:00:00+05:30,320,Tandur,37,Tandur,15,Red Gram,15,Common,0.0,774.0,6247.0,6867.0,6831.0,0.0,0.0
2021-04-25 00:00:00+05:30,312,Wanaparthy Town,1344,W.P.Town,30,Groundnut pods,30,Common,0.0,666.0,3890.0,5709.0,5149.0,0.0,0.0
2021-04-26 00:00:00+05:30,256,Khammam,1067,Khammam,15,Red Gram,15,Common,0.0,6.0,6200.0,6350.0,6350.0,0.0,0.0
2021-04-26 00:00:00+05:30,278,Suryapet,1091,Suryapet,1,Paddy,256,Grade-A (RNR),0.0,4319.0,1306.0,1806.0,1515.0,0.0,0.0
2021-04-26 00:00:00+05:30,279,Thirumalagiri,9,Tirmalagiri,1,Paddy,247,Grade-A (Samba Masuri),0.0,865.0,1355.0,1573.0,1435.0,0.0,0.0
2021-04-26 00:00:00+05:30,238,Jangoan,1169,Jangaon,5,Maize,5,Common,0.0,84.15,1501.0,1563.0,1551.0,0.0,0.0
2021-04-26 00:00:00+05:30,239,Kesamudram,1168,Kesamudram,5,Maize,5,Common,0.0,6822.0,1266.0,1526.0,1485.0,0.0,0.0
2021-04-26 00:00:00+05:30,219,Jagtial,1125,Jagtial,5,Maize,5,Common,0.0,184.0,1323.0,1415.0,1323.0,0.0,0.0
2021-04-26 00:00:00+05:30,323,Gaddiannaram,2,L.B Nagar,106,ColaCasio(Arvi),106,Common,0.0,32.0,2000.0,3000.0,2500.0,0.0,0.0
2021-04-26 00:00:00+05:30,323,Gaddiannaram,1,Gaddiannaram,77,Mosambi,77,Common,0.0,2505.0,900.0,6150.0,2400.0,0.0,0.0
2021-04-25 00:00:00+05:30,295,Sangareddy,1219,Sangaredy,99,Cauliflower,99,Common,0.0,2.0,600.0,800.0,700.0,0.0,0.0
2021-04-25 00:00:00+05:30,367,Gudimalkapur,1571,Gudumalkapur,103,Carrot,103,Common,0.0,212.0,600.0,1000.0,800.0,0.0,0.0
2021-04-01 00:00:00+05:30,324,Bowenpally,3,Bowenpally,105,Potato,105,Common,0.0,1762.0,800.0,1600.0,1400.0,0.0,0.0
2021-04-01 00:00:00+05:30,323,Gaddiannaram,2,L.B Nagar,107,Sweet Potato,107,Common,0.0,10.0,1000.0,1000.0,1000.0,0.0,0.0
2021-04-01 00:00:00+05:30,325,Hyderabad,6,Madannapeta,111,Brinjal,111,Common,0.0,25.0,600.0,800.0,700.0,0.0,0.0
2021-04-01 00:00:00+05:30,323,Gaddiannaram,1,Gaddiannaram,79,Orange,79,Common,0.0,514.0,1500.0,4400.0,2050.0,0.0,0.0
2021-04-01 00:00:00+05:30,325,Hyderabad,5,Mahabubmansion,68,Tamarind,221,No.I,0.0,423.0,7500.0,10000.0,8000.0,0.0,0.0
2021-04-01 00:00:00+05:30,318,Sardarnagar,41,Sardarnagar,68,Tamarind,222,No.II,0.0,30.0,6000.0,8000.0,7000.0,0.0,0.0
2021-04-01 00:00:00+05:30,256,Khammam,1067,Khammam,16,Green Gram,16,Common,0.0,450.0,5200.0,6775.0,6600.0,0.0,0.0
2021-04-01 00:00:00+05:30,219,Jagtial,1125,Jagtial,15,Red Gram,15,Common,0.0,7.0,5400.0,6039.0,5779.0,0.0,0.0
2021-04-01 00:00:00+05:30,289,Sadasivpet,1200,Sadasivapet,14,Bengal Gram,14,Common,0.0,16.0,4765.0,4806.0,4806.0,0.0,0.0
2021-04-01 00:00:00+05:30,295,Sangareddy,1219,Sangaredy,103,Carrot,103,Common,0.0,2.0,1800.0,2100.0,2000.0,0.0,0.0
2021-04-01 00:00:00+05:30,302,Gadwal,1328,Gadwal,31,Castor,31,Common,0.0,7.0,4547.0,4667.0,4622.0,0.0,0.0
2021-04-01 00:00:00+05:30,300,Badepally,1327,Badepally,8,Ragi,8,Common,0.0,4.0,1929.0,2626.0,2626.0,0.0,0.0
2021-04-01 00:00:00+05:30,331,Vantimamidi,1612,Vantimamidi,103,Carrot,103,Common,0.0,5.0,800.0,800.0,800.0,0.0,0.0
2021-04-01 00:00:00+05:30,309,Narayanpet,1342,Narayanpet,15,Red Gram,234,Red,0.0,2.94,6409.0,6409.0,6409.0,0.0,0.0
2021-04-02 00:00:00+05:30,323,Gaddiannaram,1,Gaddiannaram,79,Orange,79,Common,0.0,484.0,1100.0,4700.0,2750.0,0.0,0.0
2021-04-02 00:00:00+05:30,324,Bowenpally,3,Bowenpally,105,Potato,105,Common,0.0,2410.0,1000.0,1900.0,1700.0,0.0,0.0
2021-04-02 00:00:00+05:30,325,Hyderabad,6,Madannapeta,111,Brinjal,111,Common,0.0,18.0,800.0,1000.0,900.0,0.0,0.0
2021-04-01 00:00:00+05:30,292,Zaheerabad,1198,Zaheerabad,15,Red Gram,15,Common,0.0,147.5,5819.0,6816.0,6677.0,0.0,0.0
2021-04-02 00:00:00+05:30,325,Hyderabad,5,Mahabubmansion,68,Tamarind,221,No.I,0.0,466.0,7000.0,10000.0,80000.0,0.0,0.0
2021-04-02 00:00:00+05:30,367,Gudimalkapur,1571,Gudumalkapur,105,Potato,105,Common,0.0,855.0,1000.0,1200.0,1100.0,0.0,0.0
2021-04-02 00:00:00+05:30,331,Vantimamidi,1612,Vantimamidi,103,Carrot,103,Common,0.0,5.0,1000.0,1000.0,1000.0,0.0,0.0
2021-04-02 00:00:00+05:30,295,Sangareddy,1219,Sangaredy,103,Carrot,103,Common,0.0,2.0,1800.0,2100.0,2100.0,0.0,0.0
2021-04-03 00:00:00+05:30,323,Gaddiannaram,1,Gaddiannaram,79,Orange,79,Common,0.0,322.0,1100.0,4400.0,2200.0,0.0,0.0
2021-04-03 00:00:00+05:30,324,Bowenpally,3,Bowenpally,105,Potato,105,Common,0.0,2679.0,1000.0,1900.0,1600.0,0.0,0.0
2021-04-03 00:00:00+05:30,256,Khammam,1067,Khammam,16,Green Gram,16,Common,0.0,480.0,5000.0,6700.0,6550.0,0.0,0.0
2021-04-03 00:00:00+05:30,325,Hyderabad,5,Mahabubmansion,68,Tamarind,221,No.I,0.0,322.0,7000.0,11000.0,8000.0,0.0,0.0
2021-04-03 00:00:00+05:30,325,Hyderabad,6,Madannapeta,111,Brinjal,111,Common,0.0,30.0,600.0,1000.0,800.0,0.0,0.0
2021-04-03 00:00:00+05:30,302,Gadwal,1328,Gadwal,31,Castor,31,Common,0.0,21.0,4626.0,4702.0,4701.0,0.0,0.0
2021-04-03 00:00:00+05:30,300,Badepally,1327,Badepally,8,Ragi,8,Common,0.0,1.0,2619.0,2619.0,2619.0,0.0,0.0
2021-04-03 00:00:00+05:30,289,Sadasivpet,1200,Sadasivapet,14,Bengal Gram,14,Common,0.0,24.0,4745.0,4788.0,4751.0,0.0,0.0
2021-04-03 00:00:00+05:30,292,Zaheerabad,1198,Zaheerabad,15,Red Gram,15,Common,0.0,199.5,6100.0,6855.0,6602.0,0.0,0.0
2021-04-03 00:00:00+05:30,367,Gudimalkapur,1571,Gudumalkapur,105,Potato,105,Common,0.0,954.0,900.0,1300.0,1100.0,0.0,0.0
2021-04-03 00:00:00+05:30,309,Narayanpet,1342,Narayanpet,15,Red Gram,234,Red,0.0,9.8,6450.0,6912.0,6912.0,0.0,0.0
2021-04-03 00:00:00+05:30,331,Vantimamidi,1612,Vantimamidi,103,Carrot,103,Common,0.0,16.0,800.0,1500.0,1150.0,0.0,0.0
2021-04-04 00:00:00+05:30,323,Gaddiannaram,1,Gaddiannaram,79,Orange,79,Common,0.0,131.0,1650.0,4700.0,2750.0,0.0,0.0
2021-04-04 00:00:00+05:30,324,Bowenpally,3,Bowenpally,105,Potato,105,Common,0.0,5248.0,800.0,1900.0,1600.0,0.0,0.0
2021-04-04 00:00:00+05:30,325,Hyderabad,6,Madannapeta,111,Brinjal,111,Common,0.0,19.0,600.0,1000.0,800.0,0.0,0.0
2021-04-04 00:00:00+05:30,295,Sangareddy,1219,Sangaredy,103,Carrot,103,Common,0.0,3.0,1800.0,2100.0,2000.0,0.0,0.0
2021-04-04 00:00:00+05:30,367,Gudimalkapur,1571,Gudumalkapur,105,Potato,105,Common,0.0,2018.0,1200.0,1600.0,1400.0,0.0,0.0
2021-04-05 00:00:00+05:30,323,Gaddiannaram,1,Gaddiannaram,79,Orange,79,Common,0.0,1166.0,1650.0,4400.0,2750.0,0.0,0.0
2021-04-04 00:00:00+05:30,331,Vantimamidi,1612,Vantimamidi,103,Carrot,103,Common,0.0,4.0,800.0,800.0,800.0,0.0,0.0
2021-04-05 00:00:00+05:30,325,Hyderabad,6,Madannapeta,111,Brinjal,111,Common,0.0,13.0,800.0,1000.0,900.0,0.0,0.0
2021-04-05 00:00:00+05:30,323,Gaddiannaram,2,L.B Nagar,107,Sweet Potato,107,Common,0.0,10.0,500.0,1000.0,700.0,0.0,0.0
2021-04-05 00:00:00+05:30,325,Hyderabad,5,Mahabubmansion,68,Tamarind,221,No.I,0.0,218.0,7000.0,10000.0,8000.0,0.0,0.0
2021-04-05 00:00:00+05:30,295,Sangareddy,1219,Sangaredy,103,Carrot,103,Common,0.0,3.0,1800.0,2000.0,1900.0,0.0,0.0
2021-04-05 00:00:00+05:30,367,Gudimalkapur,1571,Gudumalkapur,105,Potato,105,Common,0.0,906.0,1000.0,1500.0,1200.0,0.0,0.0
2021-04-06 00:00:00+05:30,323,Gaddiannaram,1,Gaddiannaram,79,Orange,79,Common,0.0,305.0,2200.0,5000.0,3300.0,0.0,0.0
2021-04-06 00:00:00+05:30,324,Bowenpally,3,Bowenpally,105,Potato,105,Common,0.0,7485.0,1000.0,1800.0,1600.0,0.0,0.0
2021-04-06 00:00:00+05:30,325,Hyderabad,5,Mahabubmansion,68,Tamarind,221,No.I,0.0,268.0,7000.0,10000.0,8000.0,0.0,0.0
2021-04-06 00:00:00+05:30,325,Hyderabad,6,Madannapeta,111,Brinjal,111,Common,0.0,23.0,600.0,1000.0,800.0,0.0,0.0
2021-04-06 00:00:00+05:30,219,Jagtial,1125,Jagtial,15,Red Gram,15,Common,0.0,7.0,6039.0,4011.0,6039.0,0.0,0.0
2021-04-06 00:00:00+05:30,302,Gadwal,1328,Gadwal,31,Castor,31,Common,0.0,3.0,4557.0,4640.0,4640.0,0.0,0.0
2021-04-06 00:00:00+05:30,292,Zaheerabad,1198,Zaheerabad,15,Red Gram,15,Common,0.0,321.5,5816.0,7050.0,6818.0,0.0,0.0
2021-04-06 00:00:00+05:30,289,Sadasivpet,1200,Sadasivapet,14,Bengal Gram,14,Common,0.0,18.0,4856.0,5076.0,5058.0,0.0,0.0
2021-04-06 00:00:00+05:30,300,Badepally,1327,Badepally,8,Ragi,8,Common,0.0,16.0,1956.0,2221.0,1956.0,0.0,0.0
2021-04-06 00:00:00+05:30,239,Kesamudram,1168,Kesamudram,15,Red Gram,15,Common,0.0,13.0,4015.0,6103.0,6011.0,0.0,0.0
2021-04-06 00:00:00+05:30,238,Jangoan,1169,Jangaon,15,Red Gram,15,Common,0.0,3.0,5825.0,6075.0,5875.0,0.0,0.0
2021-04-06 00:00:00+05:30,237,Ghanpur,1188,Ghanpur,25,Cotton,5,Common,0.0,3.0,4020.0,4950.0,4860.0,0.0,0.0
2021-04-06 00:00:00+05:30,241,Mahabubabad,1177,Mahabubabad,5,Maize,5,Common,0.0,234.0,1455.0,1535.0,1515.0,0.0,0.0
2021-04-06 00:00:00+05:30,367,Gudimalkapur,1571,Gudumalkapur,105,Potato,105,Common,0.0,1383.0,1000.0,1200.0,1100.0,0.0,0.0
2021-04-06 00:00:00+05:30,331,Vantimamidi,1612,Vantimamidi,103,Carrot,103,Common,0.0,7.0,900.0,900.0,900.0,0.0,0.0
2021-04-07 00:00:00+05:30,323,Gaddiannaram,1,Gaddiannaram,79,Orange,79,Common,0.0,81.0,2200.0,4700.0,3050.0,0.0,0.0
2021-04-07 00:00:00+05:30,324,Bowenpally,3,Bowenpally,105,Potato,105,Common,0.0,3367.0,1000.0,1800.0,1600.0,0.0,0.0
2021-04-07 00:00:00+05:30,325,Hyderabad,5,Mahabubmansion,68,Tamarind,221,No.I,0.0,294.0,6500.0,9000.0,7000.0,0.0,0.0
2021-04-07 00:00:00+05:30,325,Hyderabad,6,Madannapeta,111,Brinjal,111,Common,0.0,21.0,700.0,700.0,700.0,0.0,0.0
2021-04-07 00:00:00+05:30,219,Jagtial,1125,Jagtial,15,Red Gram,15,Common,0.0,4.0,5111.0,6005.0,5985.0,0.0,0.0
2021-04-07 00:00:00+05:30,239,Kesamudram,1168,Kesamudram,15,Red Gram,15,Common,0.0,14.0,3558.0,6069.0,6038.0,0.0,0.0
2021-04-07 00:00:00+05:30,241,Mahabubabad,1177,Mahabubabad,5,Maize,5,Common,0.0,804.0,1405.0,1540.0,1538.0,0.0,0.0
2021-04-07 00:00:00+05:30,300,Badepally,1327,Badepally,8,Ragi,8,Common,0.0,4.0,2000.0,2000.0,2000.0,0.0,0.0
2021-04-07 00:00:00+05:30,292,Zaheerabad,1198,Zaheerabad,15,Red Gram,15,Common,0.0,325.0,4810.0,6981.0,6754.0,0.0,0.0
2021-04-07 00:00:00+05:30,289,Sadasivpet,1200,Sadasivapet,14,Bengal Gram,14,Common,0.0,24.0,4905.0,5051.0,4995.0,0.0,0.0
2021-04-07 00:00:00+05:30,302,Gadwal,1328,Gadwal,31,Castor,31,Common,0.0,20.0,4450.0,4640.0,4512.0,0.0,0.0
2021-04-07 00:00:00+05:30,367,Gudimalkapur,1571,Gudumalkapur,105,Potato,105,Common,0.0,1614.0,1000.0,1200.0,1100.0,0.0,0.0
2021-04-08 00:00:00+05:30,323,Gaddiannaram,1,Gaddiannaram,79,Orange,79,Common,0.0,235.0,2200.0,5000.0,3300.0,0.0,0.0
2021-04-07 00:00:00+05:30,331,Vantimamidi,1612,Vantimamidi,103,Carrot,103,Common,0.0,3.0,800.0,800.0,800.0,0.0,0.0
2021-04-08 00:00:00+05:30,324,Bowenpally,3,Bowenpally,105,Potato,105,Common,0.0,3986.0,800.0,1500.0,1200.0,0.0,0.0
2021-04-08 00:00:00+05:30,325,Hyderabad,5,Mahabubmansion,68,Tamarind,221,No.I,0.0,282.0,6000.0,9000.0,7000.0,0.0,0.0
2021-04-08 00:00:00+05:30,325,Hyderabad,7,Meeralamandi,112,Ladys Finger,112,Common,0.0,1.0,800.0,1000.0,900.0,0.0,0.0
2021-04-08 00:00:00+05:30,325,Hyderabad,6,Madannapeta,111,Brinjal,111,Common,0.0,26.0,600.0,600.0,600.0,0.0,0.0
2021-04-08 00:00:00+05:30,322,Chevella,46,Chevella,68,Tamarind,68,Common,0.0,4.0,7000.0,7000.0,7000.0,0.0,0.0
2021-04-08 00:00:00+05:30,219,Jagtial,1125,Jagtial,15,Red Gram,15,Common,0.0,9.0,5211.0,6039.0,6039.0,0.0,0.0
2021-04-08 00:00:00+05:30,239,Kesamudram,1168,Kesamudram,15,Red Gram,15,Common,0.0,11.0,3636.0,6123.0,5605.0,0.0,0.0
2021-04-08 00:00:00+05:30,238,Jangoan,1169,Jangaon,15,Red Gram,15,Common,0.0,4.2,5351.0,6129.0,6039.0,0.0,0.0
2021-04-08 00:00:00+05:30,241,Mahabubabad,1177,Mahabubabad,5,Maize,5,Common,0.0,606.0,1433.0,1541.0,1451.0,0.0,0.0
2021-04-08 00:00:00+05:30,292,Zaheerabad,1198,Zaheerabad,15,Red Gram,15,Common,0.0,137.0,6236.0,6875.0,6676.0,0.0,0.0
2021-04-08 00:00:00+05:30,302,Gadwal,1328,Gadwal,31,Castor,31,Common,0.0,32.0,4440.0,4730.0,4730.0,0.0,0.0
2021-04-08 00:00:00+05:30,367,Gudimalkapur,1571,Gudumalkapur,105,Potato,105,Common,0.0,800.0,1000.0,1200.0,1100.0,0.0,0.0
2021-04-08 00:00:00+05:30,331,Vantimamidi,1612,Vantimamidi,103,Carrot,103,Common,0.0,1.0,1000.0,1000.0,1000.0,0.0,0.0
2021-04-08 00:00:00+05:30,289,Sadasivpet,1200,Sadasivapet,14,Bengal Gram,14,Common,0.0,10.0,4851.0,4851.0,4851.0,0.0,0.0
2021-04-09 00:00:00+05:30,323,Gaddiannaram,1,Gaddiannaram,79,Orange,79,Common,0.0,191.0,2750.0,5550.0,3300.0,0.0,0.0
2021-04-09 00:00:00+05:30,324,Bowenpally,3,Bowenpally,105,Potato,105,Common,0.0,3442.0,1000.0,1500.0,1300.0,0.0,0.0
2021-04-09 00:00:00+05:30,325,Hyderabad,5,Mahabubmansion,68,Tamarind,221,No.I,0.0,251.0,6000.0,9000.0,7000.0,0.0,0.0
2021-04-09 00:00:00+05:30,325,Hyderabad,6,Madannapeta,111,Brinjal,111,Common,0.0,20.0,500.0,700.0,600.0,0.0,0.0
2021-04-09 00:00:00+05:30,322,Chevella,46,Chevella,68,Tamarind,68,Common,0.0,5.0,7000.0,7000.0,7000.0,0.0,0.0
2021-04-09 00:00:00+05:30,256,Khammam,1067,Khammam,16,Green Gram,16,Common,0.0,768.0,6300.0,6540.0,4500.0,0.0,0.0
2021-04-09 00:00:00+05:30,295,Sangareddy,1219,Sangaredy,103,Carrot,103,Common,0.0,2.0,2000.0,2300.0,2100.0,0.0,0.0
2021-04-09 00:00:00+05:30,292,Zaheerabad,1198,Zaheerabad,15,Red Gram,15,Common,0.0,232.5,5065.0,4970.0,7004.0,0.0,0.0
2021-04-09 00:00:00+05:30,241,Mahabubabad,1177,Mahabubabad,5,Maize,5,Common,0.0,517.0,1425.0,1551.0,1505.0,0.0,0.0
2021-04-09 00:00:00+05:30,239,Kesamudram,1168,Kesamudram,15,Red Gram,15,Common,0.0,11.0,4358.0,6225.0,6175.0,0.0,0.0
2021-04-09 00:00:00+05:30,238,Jangoan,1169,Jangaon,15,Red Gram,15,Common,0.0,1.2,6126.0,6126.0,6126.0,0.0,0.0
2021-04-09 00:00:00+05:30,219,Jagtial,1125,Jagtial,15,Red Gram,15,Common,0.0,3.0,3535.0,6000.0,5850.0,0.0,0.0
2021-04-09 00:00:00+05:30,367,Gudimalkapur,1571,Gudumalkapur,105,Potato,105,Common,0.0,991.0,1000.0,1200.0,1100.0,0.0,0.0
2021-04-09 00:00:00+05:30,302,Gadwal,1328,Gadwal,31,Castor,31,Common,0.0,23.0,4561.0,4734.0,4630.0,0.0,0.0
2021-04-09 00:00:00+05:30,308,Nagarkurnool,1334,Nagarkurnool,8,Ragi,8,Common,0.0,0.5,1602.0,1602.0,1602.0,0.0,0.0
2021-04-10 00:00:00+05:30,323,Gaddiannaram,1,Gaddiannaram,79,Orange,79,Common,0.0,161.0,2200.0,4700.0,3300.0,0.0,0.0
2021-04-09 00:00:00+05:30,331,Vantimamidi,1612,Vantimamidi,103,Carrot,103,Common,0.0,10.0,800.0,800.0,800.0,0.0,0.0
2021-04-10 00:00:00+05:30,324,Bowenpally,3,Bowenpally,105,Potato,105,Common,0.0,1378.0,1000.0,1500.0,1300.0,0.0,0.0
2021-04-10 00:00:00+05:30,325,Hyderabad,5,Mahabubmansion,68,Tamarind,221,No.I,0.0,292.0,6000.0,9000.0,7000.0,0.0,0.0
2021-04-10 00:00:00+05:30,325,Hyderabad,6,Madannapeta,111,Brinjal,111,Common,0.0,28.0,500.0,700.0,600.0,0.0,0.0
2021-04-10 00:00:00+05:30,256,Khammam,1067,Khammam,16,Green Gram,16,Common,0.0,336.0,5300.0,6582.0,6200.0,0.0,0.0
2021-04-10 00:00:00+05:30,292,Zaheerabad,1198,Zaheerabad,15,Red Gram,15,Common,0.0,154.5,6500.0,7031.0,6833.0,0.0,0.0
2021-04-10 00:00:00+05:30,238,Jangoan,1169,Jangaon,15,Red Gram,15,Common,0.0,3.6,4444.0,4444.0,4444.0,0.0,0.0
2021-04-10 00:00:00+05:30,331,Vantimamidi,1612,Vantimamidi,103,Carrot,103,Common,0.0,2.0,800.0,800.0,800.0,0.0,0.0
2021-04-10 00:00:00+05:30,367,Gudimalkapur,1571,Gudumalkapur,105,Potato,105,Common,0.0,1006.0,1000.0,1200.0,1100.0,0.0,0.0
2021-04-10 00:00:00+05:30,302,Gadwal,1328,Gadwal,31,Castor,31,Common,0.0,12.0,4476.0,4712.0,4692.0,0.0,0.0
2021-04-10 00:00:00+05:30,289,Sadasivpet,1200,Sadasivapet,14,Bengal Gram,14,Common,0.0,8.0,4908.0,4951.0,4908.0,0.0,0.0
2021-04-10 00:00:00+05:30,295,Sangareddy,1219,Sangaredy,103,Carrot,103,Common,0.0,2.0,1800.0,2000.0,1900.0,0.0,0.0
2021-04-11 00:00:00+05:30,324,Bowenpally,3,Bowenpally,105,Potato,105,Common,0.0,2806.0,1000.0,1800.0,1600.0,0.0,0.0
2021-04-11 00:00:00+05:30,325,Hyderabad,6,Madannapeta,111,Brinjal,111,Common,0.0,26.0,600.0,600.0,600.0,0.0,0.0
2021-04-11 00:00:00+05:30,323,Gaddiannaram,1,Gaddiannaram,79,Orange,79,Common,0.0,1117.0,2200.0,4400.0,3300.0,0.0,0.0
2021-04-11 00:00:00+05:30,295,Sangareddy,1219,Sangaredy,103,Carrot,103,Common,0.0,2.0,1800.0,2100.0,1900.0,0.0,0.0
2021-04-12 00:00:00+05:30,323,Gaddiannaram,1,Gaddiannaram,79,Orange,79,Common,0.0,519.0,2200.0,4400.0,3300.0,0.0,0.0
2021-04-11 00:00:00+05:30,331,Vantimamidi,1612,Vantimamidi,103,Carrot,103,Common,0.0,6.0,800.0,800.0,800.0,0.0,0.0
2021-04-11 00:00:00+05:30,367,Gudimalkapur,1571,Gudumalkapur,105,Potato,105,Common,0.0,957.0,1000.0,1200.0,1100.0,0.0,0.0
2021-04-12 00:00:00+05:30,324,Bowenpally,3,Bowenpally,105,Potato,105,Common,0.0,2577.0,1000.0,1800.0,1600.0,0.0,0.0
2021-04-12 00:00:00+05:30,325,Hyderabad,6,Madannapeta,111,Brinjal,111,Common,0.0,20.0,500.0,700.0,600.0,0.0,0.0
2021-04-12 00:00:00+05:30,256,Khammam,1067,Khammam,16,Green Gram,16,Common,0.0,358.0,4000.0,6725.0,6400.0,0.0,0.0
2021-04-12 00:00:00+05:30,325,Hyderabad,5,Mahabubmansion,68,Tamarind,221,No.I,0.0,270.0,6000.0,9000.0,7000.0,0.0,0.0
2021-04-13 00:00:00+05:30,323,Gaddiannaram,1,Gaddiannaram,79,Orange,79,Common,0.0,161.0,2200.0,4700.0,3300.0,0.0,0.0
2021-04-14 00:00:00+05:30,323,Gaddiannaram,1,Gaddiannaram,79,Orange,79,Common,0.0,175.0,2200.0,4400.0,3300.0,0.0,0.0
2021-04-12 00:00:00+05:30,367,Gudimalkapur,1571,Gudumalkapur,105,Potato,105,Common,0.0,537.0,1000.0,1500.0,1200.0,0.0,0.0
2021-04-12 00:00:00+05:30,295,Sangareddy,1219,Sangaredy,103,Carrot,103,Common,0.0,3.0,1800.0,2000.0,1900.0,0.0,0.0
2021-04-12 00:00:00+05:30,219,Jagtial,1125,Jagtial,15,Red Gram,15,Common,0.0,5.0,5757.0,6119.0,6119.0,0.0,0.0
2021-04-14 00:00:00+05:30,324,Bowenpally,3,Bowenpally,105,Potato,105,Common,0.0,5116.0,800.0,1600.0,1400.0,0.0,0.0
2021-04-14 00:00:00+05:30,325,Hyderabad,6,Madannapeta,111,Brinjal,111,Common,0.0,28.0,500.0,700.0,600.0,0.0,0.0
2021-04-14 00:00:00+05:30,367,Gudimalkapur,1571,Gudumalkapur,105,Potato,105,Common,0.0,1101.0,1000.0,1500.0,1200.0,0.0,0.0
2021-04-15 00:00:00+05:30,323,Gaddiannaram,1,Gaddiannaram,79,Orange,79,Common,0.0,408.0,2200.0,4400.0,3300.0,0.0,0.0
2021-04-14 00:00:00+05:30,331,Vantimamidi,1612,Vantimamidi,103,Carrot,103,Common,0.0,14.0,800.0,800.0,800.0,0.0,0.0
2021-04-15 00:00:00+05:30,324,Bowenpally,3,Bowenpally,105,Potato,105,Common,0.0,3353.0,800.0,1700.0,1400.0,0.0,0.0
2021-04-15 00:00:00+05:30,325,Hyderabad,5,Mahabubmansion,68,Tamarind,221,No.I,0.0,263.0,5500.0,8000.0,6000.0,0.0,0.0
2021-04-15 00:00:00+05:30,325,Hyderabad,6,Madannapeta,111,Brinjal,111,Common,0.0,23.0,500.0,700.0,600.0,0.0,0.0
2021-04-15 00:00:00+05:30,219,Jagtial,1125,Jagtial,15,Red Gram,15,Common,0.0,2.0,5811.0,5811.0,5811.0,0.0,0.0
2021-04-15 00:00:00+05:30,239,Kesamudram,1168,Kesamudram,15,Red Gram,15,Common,0.0,4.0,5500.0,6365.0,6365.0,0.0,0.0
2021-04-15 00:00:00+05:30,256,Khammam,1067,Khammam,16,Green Gram,16,Common,0.0,312.0,5000.0,6800.0,6700.0,0.0,0.0
2021-04-15 00:00:00+05:30,292,Zaheerabad,1198,Zaheerabad,15,Red Gram,15,Common,0.0,181.5,7016.0,7089.0,6471.0,0.0,0.0
2021-04-15 00:00:00+05:30,289,Sadasivpet,1200,Sadasivapet,14,Bengal Gram,14,Common,0.0,25.0,4908.0,5202.0,5103.0,0.0,0.0
2021-04-15 00:00:00+05:30,295,Sangareddy,1219,Sangaredy,103,Carrot,103,Common,0.0,1.0,1500.0,1800.0,1600.0,0.0,0.0
2021-04-15 00:00:00+05:30,302,Gadwal,1328,Gadwal,31,Castor,31,Common,0.0,30.0,4340.0,4760.0,4690.0,0.0,0.0
2021-04-15 00:00:00+05:30,367,Gudimalkapur,1571,Gudumalkapur,105,Potato,105,Common,0.0,1465.0,1000.0,1500.0,1200.0,0.0,0.0
2021-04-16 00:00:00+05:30,324,Bowenpally,3,Bowenpally,105,Potato,105,Common,0.0,3077.0,900.0,1500.0,1200.0,0.0,0.0
2021-04-16 00:00:00+05:30,323,Gaddiannaram,1,Gaddiannaram,79,Orange,79,Common,0.0,373.0,2750.0,5550.0,3850.0,0.0,0.0
2021-04-15 00:00:00+05:30,331,Vantimamidi,1612,Vantimamidi,103,Carrot,103,Common,0.0,2.0,1000.0,1000.0,1000.0,0.0,0.0
2021-04-16 00:00:00+05:30,325,Hyderabad,5,Mahabubmansion,68,Tamarind,221,No.I,0.0,235.0,6000.0,10000.0,7000.0,0.0,0.0
2021-04-15 00:00:00+05:30,300,Badepally,1327,Badepally,8,Ragi,8,Common,0.0,3.0,1900.0,1900.0,1900.0,0.0,0.0
2021-04-16 00:00:00+05:30,325,Hyderabad,6,Madannapeta,111,Brinjal,111,Common,0.0,22.0,600.0,600.0,600.0,0.0,0.0
2021-04-16 00:00:00+05:30,256,Khammam,1067,Khammam,16,Green Gram,16,Common,0.0,306.0,5000.0,6800.0,6700.0,0.0,0.0
2021-04-16 00:00:00+05:30,219,Jagtial,1125,Jagtial,15,Red Gram,15,Common,0.0,2.0,5200.0,5700.0,5200.0,0.0,0.0
2021-04-16 00:00:00+05:30,239,Kesamudram,1168,Kesamudram,15,Red Gram,15,Common,0.0,9.0,5213.0,6305.0,6288.0,0.0,0.0
2021-04-16 00:00:00+05:30,292,Zaheerabad,1198,Zaheerabad,15,Red Gram,15,Common,0.0,181.5,7016.0,7089.0,6471.0,0.0,0.0
2021-04-16 00:00:00+05:30,289,Sadasivpet,1200,Sadasivapet,14,Bengal Gram,14,Common,0.0,13.0,5103.0,5211.0,5105.0,0.0,0.0
2021-04-16 00:00:00+05:30,241,Mahabubabad,1177,Mahabubabad,5,Maize,5,Common,0.0,507.0,1450.0,1568.0,1568.0,0.0,0.0
2021-04-16 00:00:00+05:30,302,Gadwal,1328,Gadwal,31,Castor,31,Common,0.0,22.0,4681.0,4770.0,4712.0,0.0,0.0
2021-04-16 00:00:00+05:30,331,Vantimamidi,1612,Vantimamidi,103,Carrot,103,Common,0.0,10.0,1000.0,1600.0,1300.0,0.0,0.0
2021-04-16 00:00:00+05:30,367,Gudimalkapur,1571,Gudumalkapur,105,Potato,105,Common,0.0,119.0,1000.0,1500.0,1200.0,0.0,0.0
2021-04-17 00:00:00+05:30,323,Gaddiannaram,1,Gaddiannaram,79,Orange,79,Common,0.0,257.0,2770.0,5550.0,3880.0,0.0,0.0
2021-04-17 00:00:00+05:30,324,Bowenpally,3,Bowenpally,105,Potato,105,Common,0.0,3281.0,900.0,1700.0,1400.0,0.0,0.0
2021-04-17 00:00:00+05:30,325,Hyderabad,5,Mahabubmansion,68,Tamarind,221,No.I,0.0,214.0,6000.0,10000.0,7000.0,0.0,0.0
2021-04-17 00:00:00+05:30,256,Khammam,1067,Khammam,16,Green Gram,16,Common,0.0,390.0,5350.0,6800.0,6600.0,0.0,0.0
2021-04-17 00:00:00+05:30,302,Gadwal,1328,Gadwal,31,Castor,31,Common,0.0,26.0,4560.0,4790.0,4760.0,0.0,0.0
2021-04-17 00:00:00+05:30,300,Badepally,1327,Badepally,8,Ragi,8,Common,0.0,11.0,2470.0,2501.0,2501.0,0.0,0.0
2021-04-17 00:00:00+05:30,295,Sangareddy,1219,Sangaredy,103,Carrot,103,Common,0.0,2.0,1500.0,1800.0,1600.0,0.0,0.0
2021-04-17 00:00:00+05:30,289,Sadasivpet,1200,Sadasivapet,14,Bengal Gram,14,Common,0.0,41.0,5169.0,5289.0,5169.0,0.0,0.0
2021-04-17 00:00:00+05:30,219,Jagtial,1125,Jagtial,15,Red Gram,15,Common,0.0,5.0,5500.0,6015.0,5500.0,0.0,0.0
2021-04-17 00:00:00+05:30,238,Jangoan,1169,Jangaon,15,Red Gram,15,Common,0.0,4.2,6211.0,6329.0,6211.0,0.0,0.0
2021-04-17 00:00:00+05:30,367,Gudimalkapur,1571,Gudumalkapur,105,Potato,105,Common,0.0,1706.0,1000.0,1500.0,1200.0,0.0,0.0
2021-04-17 00:00:00+05:30,331,Vantimamidi,1612,Vantimamidi,103,Carrot,103,Common,0.0,4.0,1000.0,1000.0,1000.0,0.0,0.0
2021-04-18 00:00:00+05:30,323,Gaddiannaram,1,Gaddiannaram,79,Orange,79,Common,0.0,306.0,2770.0,5550.0,3880.0,0.0,0.0
2021-04-18 00:00:00+05:30,325,Hyderabad,7,Meeralamandi,112,Ladys Finger,112,Common,0.0,4.0,2800.0,3200.0,3000.0,0.0,0.0
2021-04-18 00:00:00+05:30,295,Sangareddy,1219,Sangaredy,103,Carrot,103,Common,0.0,2.0,1600.0,1800.0,1700.0,0.0,0.0
2021-04-18 00:00:00+05:30,367,Gudimalkapur,1571,Gudumalkapur,105,Potato,105,Common,0.0,1473.0,1000.0,1500.0,1200.0,0.0,0.0
2021-04-18 00:00:00+05:30,331,Vantimamidi,1612,Vantimamidi,103,Carrot,103,Common,0.0,20.0,800.0,1000.0,900.0,0.0,0.0
2021-04-19 00:00:00+05:30,323,Gaddiannaram,1,Gaddiannaram,79,Orange,79,Common,0.0,1071.0,2750.0,5550.0,3850.0,0.0,0.0
2021-04-19 00:00:00+05:30,324,Bowenpally,3,Bowenpally,105,Potato,105,Common,0.0,2824.0,800.0,1600.0,1400.0,0.0,0.0
2021-04-19 00:00:00+05:30,325,Hyderabad,5,Mahabubmansion,68,Tamarind,221,No.I,0.0,315.0,6000.0,10000.0,7000.0,0.0,0.0
2021-04-19 00:00:00+05:30,256,Khammam,1067,Khammam,16,Green Gram,16,Common,0.0,348.0,4200.0,6800.0,6700.0,0.0,0.0
2021-04-19 00:00:00+05:30,292,Zaheerabad,1198,Zaheerabad,15,Red Gram,15,Common,0.0,246.5,6336.0,6975.0,6650.0,0.0,0.0
2021-04-19 00:00:00+05:30,289,Sadasivpet,1200,Sadasivapet,14,Bengal Gram,14,Common,0.0,35.0,5151.0,5211.0,5211.0,0.0,0.0
2021-04-19 00:00:00+05:30,295,Sangareddy,1219,Sangaredy,103,Carrot,103,Common,0.0,3.0,1600.0,2000.0,1800.0,0.0,0.0
2021-04-19 00:00:00+05:30,300,Badepally,1327,Badepally,8,Ragi,8,Common,0.0,7.0,2219.0,2219.0,2219.0,0.0,0.0
2021-04-19 00:00:00+05:30,239,Kesamudram,1168,Kesamudram,15,Red Gram,15,Common,0.0,14.0,4058.0,6468.0,6325.0,0.0,0.0
2021-04-19 00:00:00+05:30,241,Mahabubabad,1177,Mahabubabad,5,Maize,5,Common,0.0,1125.0,1499.0,1571.0,1562.0,0.0,0.0
2021-04-19 00:00:00+05:30,219,Jagtial,1125,Jagtial,15,Red Gram,15,Common,0.0,3.0,4242.0,6008.0,6008.0,0.0,0.0
2021-04-20 00:00:00+05:30,323,Gaddiannaram,1,Gaddiannaram,79,Orange,79,Common,0.0,302.0,2770.0,5550.0,3880.0,0.0,0.0
2021-04-19 00:00:00+05:30,331,Vantimamidi,1612,Vantimamidi,103,Carrot,103,Common,0.0,7.0,1000.0,1000.0,1000.0,0.0,0.0
2021-04-19 00:00:00+05:30,367,Gudimalkapur,1571,Gudumalkapur,105,Potato,105,Common,0.0,619.0,1000.0,1500.0,1200.0,0.0,0.0
2021-04-19 00:00:00+05:30,302,Gadwal,1328,Gadwal,31,Castor,31,Common,0.0,59.0,4546.0,4790.0,4760.0,0.0,0.0
2021-04-20 00:00:00+05:30,324,Bowenpally,3,Bowenpally,105,Potato,105,Common,0.0,3277.0,800.0,1500.0,1200.0,0.0,0.0
2021-04-20 00:00:00+05:30,325,Hyderabad,5,Mahabubmansion,68,Tamarind,221,No.I,0.0,269.0,6000.0,10000.0,7000.0,0.0,0.0
2021-04-20 00:00:00+05:30,325,Hyderabad,6,Madannapeta,111,Brinjal,111,Common,0.0,35.0,400.0,600.0,500.0,0.0,0.0
2021-04-20 00:00:00+05:30,325,Hyderabad,7,Meeralamandi,112,Ladys Finger,112,Common,0.0,2.0,1300.0,1500.0,1400.0,0.0,0.0
2021-04-20 00:00:00+05:30,239,Kesamudram,1168,Kesamudram,15,Red Gram,15,Common,0.0,9.0,5255.0,6326.0,6289.0,0.0,0.0
2021-04-20 00:00:00+05:30,219,Jagtial,1125,Jagtial,15,Red Gram,15,Common,0.0,1.0,6008.0,6008.0,6008.0,0.0,0.0
2021-04-20 00:00:00+05:30,292,Zaheerabad,1198,Zaheerabad,15,Red Gram,15,Common,0.0,191.5,5816.0,6950.0,6716.0,0.0,0.0
2021-04-20 00:00:00+05:30,289,Sadasivpet,1200,Sadasivapet,14,Bengal Gram,14,Common,0.0,3.0,5112.0,5151.0,5151.0,0.0,0.0
2021-04-20 00:00:00+05:30,241,Mahabubabad,1177,Mahabubabad,5,Maize,5,Common,0.0,1275.0,1501.0,1570.0,1570.0,0.0,0.0
2021-04-21 00:00:00+05:30,323,Gaddiannaram,1,Gaddiannaram,79,Orange,79,Common,0.0,252.0,2778.0,5556.0,3889.0,0.0,0.0
2021-04-20 00:00:00+05:30,331,Vantimamidi,1612,Vantimamidi,103,Carrot,103,Common,0.0,8.0,800.0,800.0,800.0,0.0,0.0
2021-04-20 00:00:00+05:30,367,Gudimalkapur,1571,Gudumalkapur,105,Potato,105,Common,0.0,944.0,1000.0,1300.0,1100.0,0.0,0.0
2021-04-20 00:00:00+05:30,302,Gadwal,1328,Gadwal,31,Castor,31,Common,0.0,66.0,4670.0,4797.0,4760.0,0.0,0.0
2021-04-21 00:00:00+05:30,295,Sangareddy,1219,Sangaredy,103,Carrot,103,Common,0.0,3.0,1600.0,2000.0,1800.0,0.0,0.0
2021-04-21 00:00:00+05:30,324,Bowenpally,3,Bowenpally,105,Potato,105,Common,0.0,3478.0,800.0,1600.0,1300.0,0.0,0.0
2021-04-21 00:00:00+05:30,367,Gudimalkapur,1571,Gudumalkapur,105,Potato,105,Common,0.0,271.0,1000.0,1300.0,1100.0,0.0,0.0
2021-04-21 00:00:00+05:30,331,Vantimamidi,1612,Vantimamidi,103,Carrot,103,Common,0.0,6.0,800.0,800.0,800.0,0.0,0.0
2021-04-22 00:00:00+05:30,323,Gaddiannaram,1,Gaddiannaram,79,Orange,79,Common,0.0,471.0,3300.0,5550.0,3880.0,0.0,0.0
2021-04-21 00:00:00+05:30,318,Sardarnagar,41,Sardarnagar,68,Tamarind,222,No.II,0.0,50.0,6000.0,7000.0,6500.0,0.0,0.0
2021-04-22 00:00:00+05:30,325,Hyderabad,5,Mahabubmansion,68,Tamarind,221,No.I,0.0,414.0,6000.0,9000.0,7000.0,0.0,0.0
2021-04-22 00:00:00+05:30,325,Hyderabad,7,Meeralamandi,112,Ladys Finger,112,Common,0.0,2.0,1300.0,1500.0,1400.0,0.0,0.0
2021-04-22 00:00:00+05:30,256,Khammam,1067,Khammam,16,Green Gram,16,Common,0.0,240.0,5200.0,6800.0,6650.0,0.0,0.0
2021-04-22 00:00:00+05:30,295,Sangareddy,1219,Sangaredy,103,Carrot,103,Common,0.0,1.0,1800.0,2100.0,1900.0,0.0,0.0
2021-04-22 00:00:00+05:30,300,Badepally,1327,Badepally,8,Ragi,8,Common,0.0,10.0,2151.0,2151.0,2151.0,0.0,0.0
2021-04-22 00:00:00+05:30,238,Jangoan,1169,Jangaon,15,Red Gram,15,Common,0.0,5.4,6011.0,6251.0,6155.0,0.0,0.0
2021-04-22 00:00:00+05:30,289,Sadasivpet,1200,Sadasivapet,14,Bengal Gram,14,Common,0.0,9.0,5167.0,5211.0,5211.0,0.0,0.0
2021-04-22 00:00:00+05:30,241,Mahabubabad,1177,Mahabubabad,5,Maize,5,Common,0.0,886.0,1125.0,1568.0,1568.0,0.0,0.0
2021-04-22 00:00:00+05:30,219,Jagtial,1125,Jagtial,15,Red Gram,15,Common,0.0,2.0,5858.0,5858.0,5858.0,0.0,0.0
2021-04-22 00:00:00+05:30,239,Kesamudram,1168,Kesamudram,15,Red Gram,15,Common,0.0,9.0,5558.0,6165.0,6155.0,0.0,0.0
2021-04-22 00:00:00+05:30,331,Vantimamidi,1612,Vantimamidi,103,Carrot,103,Common,0.0,13.0,1000.0,1000.0,1000.0,0.0,0.0
2021-04-22 00:00:00+05:30,367,Gudimalkapur,1571,Gudumalkapur,105,Potato,105,Common,0.0,1021.0,1000.0,1200.0,1100.0,0.0,0.0
2021-04-22 00:00:00+05:30,302,Gadwal,1328,Gadwal,31,Castor,31,Common,0.0,18.0,4610.0,4740.0,4702.0,0.0,0.0
2021-04-23 00:00:00+05:30,323,Gaddiannaram,1,Gaddiannaram,79,Orange,79,Common,0.0,542.0,3300.0,5550.0,3880.0,0.0,0.0
2021-04-23 00:00:00+05:30,325,Hyderabad,5,Mahabubmansion,68,Tamarind,221,No.I,0.0,248.0,6000.0,10000.0,7000.0,0.0,0.0
2021-04-23 00:00:00+05:30,256,Khammam,1067,Khammam,16,Green Gram,16,Common,0.0,345.0,4800.0,6800.0,6750.0,0.0,0.0
2021-04-23 00:00:00+05:30,239,Kesamudram,1168,Kesamudram,15,Red Gram,15,Common,0.0,5.0,5800.0,6305.0,6305.0,0.0,0.0
2021-04-23 00:00:00+05:30,241,Mahabubabad,1177,Mahabubabad,5,Maize,5,Common,0.0,1242.0,1395.0,1586.0,1539.0,0.0,0.0
2021-04-23 00:00:00+05:30,238,Jangoan,1169,Jangaon,15,Red Gram,15,Common,0.0,30.0,6211.0,6309.0,6259.0,0.0,0.0
2021-04-23 00:00:00+05:30,295,Sangareddy,1219,Sangaredy,103,Carrot,103,Common,0.0,2.0,1800.0,2000.0,1900.0,0.0,0.0
2021-04-23 00:00:00+05:30,302,Gadwal,1328,Gadwal,31,Castor,31,Common,0.0,52.0,4387.0,4816.0,4646.0,0.0,0.0
2021-04-23 00:00:00+05:30,292,Zaheerabad,1198,Zaheerabad,15,Red Gram,15,Common,0.0,137.5,6325.0,7716.0,6624.0,0.0,0.0
2021-04-23 00:00:00+05:30,300,Badepally,1327,Badepally,8,Ragi,8,Common,0.0,9.0,2223.0,2223.0,2223.0,0.0,0.0
2021-04-23 00:00:00+05:30,367,Gudimalkapur,1571,Gudumalkapur,105,Potato,105,Common,0.0,1072.0,900.0,1300.0,1000.0,0.0,0.0
2021-04-23 00:00:00+05:30,331,Vantimamidi,1612,Vantimamidi,103,Carrot,103,Common,0.0,5.0,1100.0,1100.0,1100.0,0.0,0.0
2021-04-24 00:00:00+05:30,323,Gaddiannaram,1,Gaddiannaram,79,Orange,79,Common,0.0,231.0,3300.0,5550.0,3880.0,0.0,0.0
2021-04-24 00:00:00+05:30,325,Hyderabad,5,Mahabubmansion,68,Tamarind,221,No.I,0.0,295.0,5500.0,8000.0,6000.0,0.0,0.0
2021-04-24 00:00:00+05:30,256,Khammam,1067,Khammam,16,Green Gram,16,Common,0.0,507.0,4000.0,6775.0,6625.0,0.0,0.0
2021-04-24 00:00:00+05:30,295,Sangareddy,1219,Sangaredy,103,Carrot,103,Common,0.0,1.0,1800.0,2000.0,1900.0,0.0,0.0
2021-04-24 00:00:00+05:30,289,Sadasivpet,1200,Sadasivapet,14,Bengal Gram,14,Common,0.0,6.0,5157.0,5184.0,5157.0,0.0,0.0
2021-04-24 00:00:00+05:30,300,Badepally,1327,Badepally,8,Ragi,8,Common,0.0,22.0,2150.0,2329.0,2150.0,0.0,0.0
2021-04-24 00:00:00+05:30,331,Vantimamidi,1612,Vantimamidi,103,Carrot,103,Common,0.0,18.0,600.0,1000.0,800.0,0.0,0.0
2021-04-25 00:00:00+05:30,323,Gaddiannaram,1,Gaddiannaram,79,Orange,79,Common,0.0,434.0,3300.0,5550.0,3850.0,0.0,0.0
2021-04-24 00:00:00+05:30,302,Gadwal,1328,Gadwal,31,Castor,31,Common,0.0,19.0,4556.0,4817.0,4712.0,0.0,0.0
2021-04-24 00:00:00+05:30,367,Gudimalkapur,1571,Gudumalkapur,105,Potato,105,Common,0.0,674.0,1000.0,1400.0,1200.0,0.0,0.0
2021-04-25 00:00:00+05:30,325,Hyderabad,6,Madannapeta,111,Brinjal,111,Common,0.0,21.0,700.0,700.0,700.0,0.0,0.0
2021-04-25 00:00:00+05:30,367,Gudimalkapur,1571,Gudumalkapur,105,Potato,105,Common,0.0,1293.0,1000.0,1400.0,1200.0,0.0,0.0
2021-04-25 00:00:00+05:30,331,Vantimamidi,1612,Vantimamidi,103,Carrot,103,Common,0.0,6.0,800.0,800.0,800.0,0.0,0.0
2021-04-25 00:00:00+05:30,295,Sangareddy,1219,Sangaredy,103,Carrot,103,Common,0.0,2.0,1600.0,2000.0,1800.0,0.0,0.0
2021-04-26 00:00:00+05:30,323,Gaddiannaram,1,Gaddiannaram,79,Orange,79,Common,0.0,919.0,3300.0,5550.0,3850.0,0.0,0.0
2021-04-26 00:00:00+05:30,325,Hyderabad,6,Madannapeta,111,Brinjal,111,Common,0.0,40.0,550.0,550.0,550.0,0.0,0.0
2021-04-26 00:00:00+05:30,325,Hyderabad,5,Mahabubmansion,68,Tamarind,221,No.I,0.0,295.0,6000.0,9000.0,7000.0,0.0,0.0
2021-04-26 00:00:00+05:30,324,Bowenpally,3,Bowenpally,105,Potato,105,Common,0.0,3332.0,1700.0,1700.0,1700.0,0.0,0.0
2021-04-26 00:00:00+05:30,241,Mahabubabad,1177,Mahabubabad,5,Maize,5,Common,0.0,1362.0,1051.0,1562.0,1533.0,0.0,0.0
2021-04-26 00:00:00+05:30,256,Khammam,1067,Khammam,16,Green Gram,16,Common,0.0,312.0,5000.0,6700.0,6500.0,0.0,0.0
2021-04-26 00:00:00+05:30,367,Gudimalkapur,1571,Gudumalkapur,105,Potato,105,Common,0.0,979.0,1000.0,1400.0,1200.0,0.0,0.0
2021-04-26 00:00:00+05:30,292,Zaheerabad,1198,Zaheerabad,15,Red Gram,15,Common,0.0,142.0,6050.0,6807.0,6705.0,0.0,0.0
2021-04-26 00:00:00+05:30,295,Sangareddy,1219,Sangaredy,103,Carrot,103,Common,0.0,2.0,1600.0,2000.0,1800.0,0.0,0.0
2021-04-26 00:00:00+05:30,302,Gadwal,1328,Gadwal,31,Castor,31,Common,0.0,22.0,4647.0,4812.0,4736.0,0.0,0.0
2021-04-26 00:00:00+05:30,300,Badepally,1327,Badepally,8,Ragi,8,Common,0.0,37.0,2231.0,2355.0,2355.0,0.0,0.0
2021-04-27 00:00:00+05:30,323,Gaddiannaram,1,Gaddiannaram,79,Orange,79,Common,0.0,200.0,3300.0,5500.0,3800.0,0.0,0.0
2021-04-26 00:00:00+05:30,331,Vantimamidi,1612,Vantimamidi,103,Carrot,103,Common,0.0,4.0,800.0,800.0,800.0,0.0,0.0
2021-04-27 00:00:00+05:30,324,Bowenpally,3,Bowenpally,105,Potato,105,Common,0.0,2407.0,800.0,1700.0,1300.0,0.0,0.0
2021-04-27 00:00:00+05:30,323,Gaddiannaram,2,L.B Nagar,107,Sweet Potato,107,Common,0.0,15.0,1000.0,1000.0,1000.0,0.0,0.0
2021-04-27 00:00:00+05:30,325,Hyderabad,6,Madannapeta,111,Brinjal,111,Common,0.0,25.0,600.0,600.0,600.0,0.0,0.0
2021-04-27 00:00:00+05:30,325,Hyderabad,7,Meeralamandi,112,Ladys Finger,112,Common,0.0,3.0,1300.0,1500.0,1400.0,0.0,0.0
2021-04-27 00:00:00+05:30,325,Hyderabad,5,Mahabubmansion,68,Tamarind,221,No.I,0.0,185.0,6000.0,9000.0,7000.0,0.0,0.0
2021-04-27 00:00:00+05:30,256,Khammam,1067,Khammam,16,Green Gram,16,Common,0.0,210.0,4600.0,6651.0,6600.0,0.0,0.0
2021-04-27 00:00:00+05:30,367,Gudimalkapur,1571,Gudumalkapur,105,Potato,105,Common,0.0,1010.0,1000.0,1400.0,1200.0,0.0,0.0
2021-04-27 00:00:00+05:30,302,Gadwal,1328,Gadwal,31,Castor,31,Common,0.0,5.0,4720.0,4780.0,4780.0,0.0,0.0
2021-04-27 00:00:00+05:30,308,Nagarkurnool,1334,Nagarkurnool,8,Ragi,8,Common,0.0,0.5,2390.0,2390.0,2390.0,0.0,0.0
2021-04-27 00:00:00+05:30,239,Kesamudram,1168,Kesamudram,15,Red Gram,15,Common,0.0,4.0,3500.0,6636.0,5555.0,0.0,0.0
2021-04-27 00:00:00+05:30,241,Mahabubabad,1177,Mahabubabad,5,Maize,5,Common,0.0,669.0,1208.0,1553.0,1544.0,0.0,0.0
2021-04-28 00:00:00+05:30,323,Gaddiannaram,1,Gaddiannaram,79,Orange,79,Common,0.0,250.0,3300.0,5550.0,3850.0,0.0,0.0
2021-04-27 00:00:00+05:30,331,Vantimamidi,1612,Vantimamidi,103,Carrot,103,Common,0.0,13.0,800.0,800.0,800.0,0.0,0.0
2021-04-28 00:00:00+05:30,325,Hyderabad,6,Madannapeta,111,Brinjal,111,Common,0.0,45.0,600.0,600.0,600.0,0.0,0.0
2021-04-28 00:00:00+05:30,325,Hyderabad,7,Meeralamandi,112,Ladys Finger,112,Common,0.0,3.0,1300.0,1500.0,1400.0,0.0,0.0
2021-04-28 00:00:00+05:30,325,Hyderabad,5,Mahabubmansion,68,Tamarind,221,No.I,0.0,154.0,6000.0,10000.0,7000.0,0.0,0.0
2021-04-28 00:00:00+05:30,324,Bowenpally,3,Bowenpally,105,Potato,105,Common,0.0,2589.0,1700.0,1700.0,1700.0,0.0,0.0
2021-04-28 00:00:00+05:30,256,Khammam,1067,Khammam,16,Green Gram,16,Common,0.0,394.0,4700.0,6600.0,6525.0,0.0,0.0
2021-04-28 00:00:00+05:30,318,Sardarnagar,41,Sardarnagar,68,Tamarind,222,No.II,0.0,30.0,6000.0,5000.0,5500.0,0.0,0.0
2021-04-28 00:00:00+05:30,300,Badepally,1327,Badepally,8,Ragi,8,Common,0.0,119.0,1973.0,2273.0,2132.0,0.0,0.0
2021-04-28 00:00:00+05:30,239,Kesamudram,1168,Kesamudram,15,Red Gram,15,Common,0.0,3.0,5505.0,5805.0,5505.0,0.0,0.0
2021-04-28 00:00:00+05:30,289,Sadasivpet,1200,Sadasivapet,14,Bengal Gram,14,Common,0.0,31.0,5103.0,5166.0,5166.0,0.0,0.0
2021-04-28 00:00:00+05:30,241,Mahabubabad,1177,Mahabubabad,5,Maize,5,Common,0.0,873.0,1401.0,1544.0,1541.0,0.0,0.0
2021-04-29 00:00:00+05:30,323,Gaddiannaram,1,Gaddiannaram,79,Orange,79,Common,0.0,527.0,3300.0,5550.0,3850.0,0.0,0.0
2021-04-28 00:00:00+05:30,331,Vantimamidi,1612,Vantimamidi,103,Carrot,103,Common,0.0,5.0,800.0,800.0,800.0,0.0,0.0
2021-04-28 00:00:00+05:30,367,Gudimalkapur,1571,Gudumalkapur,105,Potato,105,Common,0.0,1215.0,1000.0,1500.0,1200.0,0.0,0.0
2021-04-29 00:00:00+05:30,325,Hyderabad,5,Mahabubmansion,68,Tamarind,221,No.I,0.0,95.0,5500.0,8000.0,6000.0,0.0,0.0
2021-04-29 00:00:00+05:30,324,Bowenpally,3,Bowenpally,105,Potato,105,Common,0.0,1310.0,1700.0,1700.0,1700.0,0.0,0.0
2021-04-29 00:00:00+05:30,325,Hyderabad,7,Meeralamandi,112,Ladys Finger,112,Common,0.0,39.0,1300.0,1500.0,1400.0,0.0,0.0
2021-04-29 00:00:00+05:30,325,Hyderabad,6,Madannapeta,111,Brinjal,111,Common,0.0,30.0,600.0,1000.0,800.0,0.0,0.0
2021-04-29 00:00:00+05:30,239,Kesamudram,1168,Kesamudram,15,Red Gram,15,Common,0.0,6.0,5000.0,5400.0,5300.0,0.0,0.0
2021-04-29 00:00:00+05:30,241,Mahabubabad,1177,Mahabubabad,5,Maize,5,Common,0.0,974.0,1111.0,1535.0,1515.0,0.0,0.0
2021-04-29 00:00:00+05:30,322,Chevella,46,Chevella,68,Tamarind,68,Common,0.0,4.0,6000.0,6000.0,6000.0,0.0,0.0
2021-04-29 00:00:00+05:30,367,Gudimalkapur,1571,Gudumalkapur,105,Potato,105,Common,0.0,430.0,1000.0,1500.0,1300.0,0.0,0.0
2021-04-29 00:00:00+05:30,331,Vantimamidi,1612,Vantimamidi,103,Carrot,103,Common,0.0,9.0,700.0,700.0,700.0,0.0,0.0
2021-04-29 00:00:00+05:30,302,Gadwal,1328,Gadwal,31,Castor,31,Common,0.0,109.0,4001.0,4890.0,4860.0,0.0,0.0
2021-04-29 00:00:00+05:30,292,Zaheerabad,1198,Zaheerabad,15,Red Gram,15,Common,0.0,51.5,5816.0,6757.0,6452.0,0.0,0.0
2021-04-29 00:00:00+05:30,295,Sangareddy,1219,Sangaredy,103,Carrot,103,Common,0.0,1.0,1600.0,2000.0,1800.0,0.0,0.0
2021-04-30 00:00:00+05:30,292,Zaheerabad,1198,Zaheerabad,15,Red Gram,15,Common,0.0,242.0,5836.0,6600.0,5836.0,0.0,0.0
2021-04-30 00:00:00+05:30,325,Hyderabad,5,Mahabubmansion,68,Tamarind,221,No.I,0.0,204.0,5500.0,8000.0,6000.0,0.0,0.0
2021-04-30 00:00:00+05:30,323,Gaddiannaram,1,Gaddiannaram,79,Orange,79,Common,0.0,393.0,3300.0,5550.0,3850.0,0.0,0.0
2021-04-30 00:00:00+05:30,324,Bowenpally,3,Bowenpally,105,Potato,105,Common,0.0,2379.0,1000.0,1700.0,1500.0,0.0,0.0
2021-04-30 00:00:00+05:30,325,Hyderabad,6,Madannapeta,111,Brinjal,111,Common,0.0,45.0,600.0,600.0,600.0,0.0,0.0
2021-04-30 00:00:00+05:30,367,Gudimalkapur,1571,Gudumalkapur,105,Potato,105,Common,0.0,1394.0,1000.0,1500.0,1200.0,0.0,0.0
2021-04-30 00:00:00+05:30,309,Narayanpet,1342,Narayanpet,15,Red Gram,234,Red,0.0,12.25,6569.0,6569.0,6569.0,0.0,0.0
2021-04-30 00:00:00+05:30,302,Gadwal,1328,Gadwal,31,Castor,31,Common,0.0,43.0,4690.0,4870.0,4860.0,0.0,0.0
2021-04-07 00:00:00+05:30,324,Bowenpally,3,Bowenpally,106,ColaCasio(Arvi),106,Common,0.0,225.0,1000.0,2200.0,1800.0,0.0,0.0
2021-04-06 00:00:00+05:30,309,Narayanpet,1342,Narayanpet,16,Green Gram,16,Common,0.0,52.92,5183.0,7239.0,7239.0,0.0,0.0
2021-04-07 00:00:00+05:30,323,Gaddiannaram,1,Gaddiannaram,80,Banana,80,Common,0.0,3.0,1000.0,2000.0,1500.0,0.0,0.0
2021-04-06 00:00:00+05:30,367,Gudimalkapur,1571,Gudumalkapur,106,ColaCasio(Arvi),106,Common,0.0,25.0,1600.0,2000.0,1800.0,0.0,0.0
2021-04-06 00:00:00+05:30,241,Mahabubabad,1177,Mahabubabad,15,Red Gram,15,Common,0.0,3.0,6301.0,6375.0,6375.0,0.0,0.0
2021-04-06 00:00:00+05:30,238,Jangoan,1169,Jangaon,16,Green Gram,16,Common,0.0,3.0,6039.0,6039.0,6039.0,0.0,0.0
2021-04-06 00:00:00+05:30,239,Kesamudram,1168,Kesamudram,16,Green Gram,16,Common,0.0,131.0,6275.0,6571.0,6565.0,0.0,0.0
2021-04-06 00:00:00+05:30,222,Karimnagar,1121,Karimnagar,5,Maize,5,Common,0.0,20.0,1452.0,1506.0,1466.0,0.0,0.0
2021-04-06 00:00:00+05:30,226,Metpally,1133,Metpally,57,Tumeric,227,Finger,0.0,1315.2,4000.0,8001.0,6868.0,0.0,0.0
2021-04-06 00:00:00+05:30,306,Mahbubnagar,1326,Mahaboobnagar,30,Groundnut pods,30,Common,0.0,375.0,3469.0,6630.0,4961.0,0.0,0.0
2021-04-06 00:00:00+05:30,289,Sadasivpet,1200,Sadasivapet,15,Red Gram,15,Common,0.0,1.0,6501.0,6501.0,6501.0,0.0,0.0
2021-04-06 00:00:00+05:30,208,Nizamabad,1080,Nizamabad,5,Maize,215,Hybrid New,0.0,16.0,1176.0,1391.0,1326.0,0.0,0.0
2021-04-06 00:00:00+05:30,246,Warangal,886,Warangal,5,Maize,5,Common,0.0,78.6,1347.0,1530.0,1487.0,0.0,0.0
2021-04-06 00:00:00+05:30,325,Hyderabad,6,Madannapeta,112,Ladys Finger,112,Common,0.0,47.0,1000.0,1500.0,1200.0,0.0,0.0
2021-04-06 00:00:00+05:30,325,Hyderabad,5,Mahabubmansion,68,Tamarind,222,No.II,0.0,401.0,5000.0,6500.0,6000.0,0.0,0.0
2021-04-06 00:00:00+05:30,325,Hyderabad,7,Meeralamandi,113,Green Chillies,113,Common,0.0,5.0,1000.0,1200.0,1100.0,0.0,0.0
2021-04-06 00:00:00+05:30,324,Bowenpally,3,Bowenpally,106,ColaCasio(Arvi),106,Common,0.0,90.0,1000.0,2200.0,1800.0,0.0,0.0
2021-04-05 00:00:00+05:30,367,Gudimalkapur,1571,Gudumalkapur,106,ColaCasio(Arvi),106,Common,0.0,42.0,1600.0,2000.0,1800.0,0.0,0.0
2021-04-05 00:00:00+05:30,295,Sangareddy,1219,Sangaredy,105,Potato,105,Common,0.0,27.0,1200.0,1400.0,1300.0,0.0,0.0
2021-04-05 00:00:00+05:30,325,Hyderabad,5,Mahabubmansion,68,Tamarind,222,No.II,0.0,328.0,5000.0,6500.0,6000.0,0.0,0.0
2021-04-05 00:00:00+05:30,325,Hyderabad,7,Meeralamandi,113,Green Chillies,113,Common,0.0,5.0,800.0,1000.0,900.0,0.0,0.0
2021-04-04 00:00:00+05:30,329,Navabpet(MBNR),1483,Navabpet,22,Cowpea,22,Common,0.0,1.0,5609.0,5609.0,5609.0,0.0,0.0
2021-04-05 00:00:00+05:30,322,Chevella,46,Chevella,98,Cabbage,98,Common,0.0,5.0,400.0,800.0,600.0,0.0,0.0
2021-04-05 00:00:00+05:30,208,Nizamabad,1080,Nizamabad,5,Maize,215,Hybrid New,0.0,106.0,1156.0,1421.0,1388.0,0.0,0.0
2021-04-05 00:00:00+05:30,325,Hyderabad,6,Madannapeta,112,Ladys Finger,112,Common,0.0,39.0,2500.0,2500.0,2500.0,0.0,0.0
2021-04-04 00:00:00+05:30,331,Vantimamidi,1612,Vantimamidi,105,Potato,105,Common,0.0,1.0,1600.0,1600.0,1600.0,0.0,0.0
2021-04-04 00:00:00+05:30,367,Gudimalkapur,1571,Gudumalkapur,106,ColaCasio(Arvi),106,Common,0.0,54.0,1600.0,2000.0,1800.0,0.0,0.0
2021-04-04 00:00:00+05:30,296,Achampet,1337,Achampet,30,Groundnut pods,30,Common,0.0,4695.9,4819.0,6560.0,6090.0,0.0,0.0
2021-04-04 00:00:00+05:30,295,Sangareddy,1219,Sangaredy,105,Potato,105,Common,0.0,3.0,1200.0,1500.0,1400.0,0.0,0.0
2021-04-04 00:00:00+05:30,322,Chevella,46,Chevella,98,Cabbage,98,Common,0.0,4.0,400.0,800.0,500.0,0.0,0.0
2021-04-04 00:00:00+05:30,325,Hyderabad,6,Madannapeta,112,Ladys Finger,112,Common,0.0,14.0,1200.0,1500.0,1350.0,0.0,0.0
2021-04-04 00:00:00+05:30,324,Bowenpally,3,Bowenpally,106,ColaCasio(Arvi),106,Common,0.0,304.0,800.0,2000.0,1600.0,0.0,0.0
2021-04-03 00:00:00+05:30,308,Nagarkurnool,1334,Nagarkurnool,14,Bengal Gram,14,Common,0.0,11.0,4729.0,4769.0,4769.0,0.0,0.0
2021-04-03 00:00:00+05:30,309,Narayanpet,1342,Narayanpet,16,Green Gram,16,Common,0.0,21.56,6669.0,7227.0,7187.0,0.0,0.0
2021-04-03 00:00:00+05:30,367,Gudimalkapur,1571,Gudumalkapur,106,ColaCasio(Arvi),106,Common,0.0,15.0,1000.0,2000.0,1500.0,0.0,0.0
2021-04-03 00:00:00+05:30,306,Mahbubnagar,1326,Mahaboobnagar,30,Groundnut pods,30,Common,0.0,244.0,4003.0,6300.0,4711.0,0.0,0.0
2021-04-03 00:00:00+05:30,325,Hyderabad,6,Madannapeta,112,Ladys Finger,112,Common,0.0,18.0,1000.0,1500.0,1250.0,0.0,0.0
2021-04-03 00:00:00+05:30,325,Hyderabad,5,Mahabubmansion,68,Tamarind,222,No.II,0.0,483.0,5000.0,6500.0,6000.0,0.0,0.0
2021-04-03 00:00:00+05:30,256,Khammam,1067,Khammam,17,Black Gram,17,Common,0.0,27.0,3800.0,6600.0,6600.0,0.0,0.0
2021-04-03 00:00:00+05:30,322,Chevella,46,Chevella,98,Cabbage,98,Common,0.0,5.0,500.0,1000.0,600.0,0.0,0.0
2021-04-03 00:00:00+05:30,325,Hyderabad,7,Meeralamandi,113,Green Chillies,113,Common,0.0,5.0,1000.0,1200.0,1100.0,0.0,0.0
2021-04-03 00:00:00+05:30,324,Bowenpally,3,Bowenpally,106,ColaCasio(Arvi),106,Common,0.0,108.0,1000.0,2000.0,1600.0,0.0,0.0
2021-04-02 00:00:00+05:30,317,Pargi,39,Pargi,14,Bengal Gram,14,Common,0.0,168.0,4886.0,4911.0,4863.0,0.0,0.0
2021-04-02 00:00:00+05:30,322,Chevella,46,Chevella,98,Cabbage,98,Common,0.0,5.0,400.0,800.0,600.0,0.0,0.0
2021-04-02 00:00:00+05:30,367,Gudimalkapur,1571,Gudumalkapur,106,ColaCasio(Arvi),106,Common,0.0,72.0,1500.0,2000.0,1800.0,0.0,0.0
2021-04-02 00:00:00+05:30,325,Hyderabad,5,Mahabubmansion,68,Tamarind,222,No.II,0.0,700.0,5000.0,6000.0,5500.0,0.0,0.0
2021-04-02 00:00:00+05:30,325,Hyderabad,7,Meeralamandi,113,Green Chillies,113,Common,0.0,9.0,400.0,600.0,500.0,0.0,0.0
2021-04-02 00:00:00+05:30,325,Hyderabad,6,Madannapeta,112,Ladys Finger,112,Common,0.0,11.0,2000.0,2500.0,2250.0,0.0,0.0
2021-04-02 00:00:00+05:30,324,Bowenpally,3,Bowenpally,106,ColaCasio(Arvi),106,Common,0.0,85.0,800.0,2000.0,1600.0,0.0,0.0
2021-04-02 00:00:00+05:30,323,Gaddiannaram,1,Gaddiannaram,80,Banana,80,Common,0.0,10.0,1000.0,2500.0,1700.0,0.0,0.0
2021-04-01 00:00:00+05:30,309,Narayanpet,1342,Narayanpet,16,Green Gram,16,Common,0.0,6.86,4555.0,7162.0,7059.0,0.0,0.0
2021-04-01 00:00:00+05:30,296,Achampet,1337,Achampet,30,Groundnut pods,30,Common,0.0,3186.0,4500.0,6591.0,6330.0,0.0,0.0
2021-04-01 00:00:00+05:30,331,Vantimamidi,1612,Vantimamidi,105,Potato,105,Common,0.0,3.0,500.0,500.0,500.0,0.0,0.0
2021-04-01 00:00:00+05:30,308,Nagarkurnool,1334,Nagarkurnool,14,Bengal Gram,14,Common,0.0,5.0,4689.0,4689.0,4689.0,0.0,0.0
2021-04-01 00:00:00+05:30,295,Sangareddy,1219,Sangaredy,105,Potato,105,Common,0.0,10.0,1200.0,1500.0,1300.0,0.0,0.0
2021-04-01 00:00:00+05:30,289,Sadasivpet,1200,Sadasivapet,15,Red Gram,15,Common,0.0,8.0,6507.0,6606.0,6606.0,0.0,0.0
2021-04-01 00:00:00+05:30,306,Mahbubnagar,1326,Mahaboobnagar,30,Groundnut pods,30,Common,0.0,152.0,4300.0,6219.0,6117.0,0.0,0.0
2021-04-01 00:00:00+05:30,222,Karimnagar,1121,Karimnagar,5,Maize,5,Common,0.0,12.0,1451.0,1451.0,1451.0,0.0,0.0
2021-04-01 00:00:00+05:30,256,Khammam,1067,Khammam,17,Black Gram,17,Common,0.0,15.0,6300.0,6500.0,6500.0,0.0,0.0
2021-04-01 00:00:00+05:30,322,Chevella,46,Chevella,98,Cabbage,98,Common,0.0,5.0,500.0,800.0,650.0,0.0,0.0
2021-04-01 00:00:00+05:30,246,Warangal,886,Warangal,5,Maize,5,Common,0.0,101.4,1258.0,1525.0,1513.0,0.0,0.0
2021-04-01 00:00:00+05:30,325,Hyderabad,5,Mahabubmansion,68,Tamarind,222,No.II,0.0,634.0,5000.0,7000.0,6000.0,0.0,0.0
2021-04-01 00:00:00+05:30,323,Gaddiannaram,1,Gaddiannaram,80,Banana,80,Common,0.0,11.0,1000.0,2000.0,1500.0,0.0,0.0
2021-04-01 00:00:00+05:30,325,Hyderabad,7,Meeralamandi,113,Green Chillies,113,Common,0.0,5.0,800.0,1000.0,900.0,0.0,0.0
2021-04-01 00:00:00+05:30,325,Hyderabad,6,Madannapeta,112,Ladys Finger,112,Common,0.0,26.0,1500.0,2000.0,1750.0,0.0,0.0
2021-04-01 00:00:00+05:30,324,Bowenpally,3,Bowenpally,106,ColaCasio(Arvi),106,Common,0.0,166.0,800.0,2000.0,1600.0,0.0,0.0
2021-04-12 00:00:00+05:30,325,Hyderabad,5,Mahabubmansion,68,Tamarind,222,No.II,0.0,404.0,4000.0,5000.0,4500.0,0.0,0.0
2021-04-12 00:00:00+05:30,325,Hyderabad,7,Meeralamandi,113,Green Chillies,113,Common,0.0,6.0,1300.0,1500.0,1400.0,0.0,0.0
2021-04-12 00:00:00+05:30,322,Chevella,46,Chevella,98,Cabbage,98,Common,0.0,5.0,600.0,1000.0,700.0,0.0,0.0
2021-04-12 00:00:00+05:30,256,Khammam,1067,Khammam,17,Black Gram,17,Common,0.0,12.0,4600.0,6400.0,6400.0,0.0,0.0
2021-04-12 00:00:00+05:30,325,Hyderabad,6,Madannapeta,112,Ladys Finger,112,Common,0.0,39.0,1100.0,1100.0,1100.0,0.0,0.0
2021-04-12 00:00:00+05:30,324,Bowenpally,3,Bowenpally,106,ColaCasio(Arvi),106,Common,0.0,337.0,1000.0,2000.0,1800.0,0.0,0.0
2021-04-11 00:00:00+05:30,367,Gudimalkapur,1571,Gudumalkapur,106,ColaCasio(Arvi),106,Common,0.0,35.0,1600.0,2000.0,1800.0,0.0,0.0
2021-04-11 00:00:00+05:30,329,Navabpet(MBNR),1483,Navabpet,22,Cowpea,22,Common,0.0,5.0,5011.0,5011.0,5011.0,0.0,0.0
2021-04-11 00:00:00+05:30,296,Achampet,1337,Achampet,30,Groundnut pods,30,Common,0.0,5688.9,4009.0,6000.0,5609.0,0.0,0.0
2021-04-11 00:00:00+05:30,295,Sangareddy,1219,Sangaredy,105,Potato,105,Common,0.0,10.0,1000.0,1300.0,1200.0,0.0,0.0
2021-04-11 00:00:00+05:30,325,Hyderabad,7,Meeralamandi,113,Green Chillies,113,Common,0.0,5.0,1200.0,1400.0,1300.0,0.0,0.0
2021-04-11 00:00:00+05:30,322,Chevella,46,Chevella,98,Cabbage,98,Common,0.0,4.0,500.0,900.0,660.0,0.0,0.0
2021-04-11 00:00:00+05:30,325,Hyderabad,6,Madannapeta,112,Ladys Finger,112,Common,0.0,23.0,1100.0,1100.0,1100.0,0.0,0.0
2021-04-11 00:00:00+05:30,324,Bowenpally,3,Bowenpally,106,ColaCasio(Arvi),106,Common,0.0,274.0,1200.0,2000.0,1800.0,0.0,0.0
2021-04-10 00:00:00+05:30,309,Narayanpet,1342,Narayanpet,16,Green Gram,16,Common,0.0,41.1,4455.0,7369.0,7369.0,0.0,0.0
2021-04-10 00:00:00+05:30,289,Sadasivpet,1200,Sadasivapet,15,Red Gram,15,Common,0.0,4.0,6507.0,6552.0,6507.0,0.0,0.0
2021-04-10 00:00:00+05:30,306,Mahbubnagar,1326,Mahaboobnagar,30,Groundnut pods,30,Common,0.0,11.0,3250.0,4911.0,3636.0,0.0,0.0
2021-04-10 00:00:00+05:30,308,Nagarkurnool,1334,Nagarkurnool,14,Bengal Gram,14,Common,0.0,3.0,4851.0,4851.0,4851.0,0.0,0.0
2021-04-10 00:00:00+05:30,367,Gudimalkapur,1571,Gudumalkapur,106,ColaCasio(Arvi),106,Common,0.0,74.0,1600.0,2000.0,1800.0,0.0,0.0
2021-04-10 00:00:00+05:30,226,Metpally,1133,Metpally,57,Tumeric,227,Finger,0.0,300.0,3100.0,7150.0,7111.0,0.0,0.0
2021-04-10 00:00:00+05:30,222,Karimnagar,1121,Karimnagar,5,Maize,5,Common,0.0,5.0,1362.0,1362.0,1362.0,0.0,0.0
2021-04-10 00:00:00+05:30,256,Khammam,1067,Khammam,17,Black Gram,17,Common,0.0,2.0,6450.0,6450.0,6450.0,0.0,0.0
2021-04-10 00:00:00+05:30,208,Nizamabad,1080,Nizamabad,5,Maize,215,Hybrid New,0.0,10.0,1450.0,1450.0,1450.0,0.0,0.0
2021-04-10 00:00:00+05:30,322,Chevella,46,Chevella,98,Cabbage,98,Common,0.0,5.0,600.0,1000.0,850.0,0.0,0.0
2021-04-10 00:00:00+05:30,325,Hyderabad,6,Madannapeta,112,Ladys Finger,112,Common,0.0,36.0,1100.0,1100.0,1100.0,0.0,0.0
2021-04-10 00:00:00+05:30,325,Hyderabad,5,Mahabubmansion,68,Tamarind,222,No.II,0.0,439.0,4000.0,5500.0,5000.0,0.0,0.0
2021-04-10 00:00:00+05:30,325,Hyderabad,7,Meeralamandi,113,Green Chillies,113,Common,0.0,5.0,1300.0,1500.0,1400.0,0.0,0.0
2021-04-10 00:00:00+05:30,324,Bowenpally,3,Bowenpally,106,ColaCasio(Arvi),106,Common,0.0,40.0,1000.0,1800.0,1600.0,0.0,0.0
2021-04-10 00:00:00+05:30,323,Gaddiannaram,1,Gaddiannaram,80,Banana,80,Common,0.0,12.0,1000.0,2000.0,1500.0,0.0,0.0
2021-04-09 00:00:00+05:30,309,Narayanpet,1342,Narayanpet,16,Green Gram,16,Common,0.0,9.31,6050.0,7402.0,7378.0,0.0,0.0
2021-04-09 00:00:00+05:30,367,Gudimalkapur,1571,Gudumalkapur,106,ColaCasio(Arvi),106,Common,0.0,27.0,1600.0,2000.0,1800.0,0.0,0.0
2021-04-09 00:00:00+05:30,222,Karimnagar,1121,Karimnagar,5,Maize,5,Common,0.0,10.0,1507.0,1507.0,1507.0,0.0,0.0
2021-04-09 00:00:00+05:30,226,Metpally,1133,Metpally,57,Tumeric,227,Finger,0.0,885.6,3000.0,7216.0,6500.0,0.0,0.0
2021-04-09 00:00:00+05:30,239,Kesamudram,1168,Kesamudram,16,Green Gram,16,Common,0.0,144.0,4025.0,6556.0,6389.0,0.0,0.0
2021-04-09 00:00:00+05:30,241,Mahabubabad,1177,Mahabubabad,15,Red Gram,15,Common,0.0,1.0,5150.0,5150.0,5150.0,0.0,0.0
2021-04-09 00:00:00+05:30,295,Sangareddy,1219,Sangaredy,105,Potato,105,Common,0.0,3.0,1200.0,1500.0,1400.0,0.0,0.0
2021-04-09 00:00:00+05:30,289,Sadasivpet,1200,Sadasivapet,15,Red Gram,15,Common,0.0,1.0,6322.0,6322.0,6322.0,0.0,0.0
2021-04-09 00:00:00+05:30,256,Khammam,1067,Khammam,17,Black Gram,17,Common,0.0,42.0,5800.0,6527.0,5900.0,0.0,0.0
2021-04-09 00:00:00+05:30,208,Nizamabad,1080,Nizamabad,5,Maize,215,Hybrid New,0.0,28.0,1326.0,1411.0,1405.0,0.0,0.0
2021-04-09 00:00:00+05:30,322,Chevella,46,Chevella,98,Cabbage,98,Common,0.0,5.0,800.0,1200.0,1020.0,0.0,0.0
2021-04-09 00:00:00+05:30,246,Warangal,886,Warangal,5,Maize,5,Common,0.0,483.6,1459.0,1509.0,1509.0,0.0,0.0
2021-04-09 00:00:00+05:30,325,Hyderabad,6,Madannapeta,112,Ladys Finger,112,Common,0.0,39.0,1100.0,1100.0,1100.0,0.0,0.0
2021-04-09 00:00:00+05:30,325,Hyderabad,5,Mahabubmansion,68,Tamarind,222,No.II,0.0,377.0,4000.0,5500.0,5000.0,0.0,0.0
2021-04-09 00:00:00+05:30,325,Hyderabad,7,Meeralamandi,113,Green Chillies,113,Common,0.0,5.0,1200.0,1400.0,1300.0,0.0,0.0
2021-04-09 00:00:00+05:30,324,Bowenpally,3,Bowenpally,106,ColaCasio(Arvi),106,Common,0.0,330.0,1000.0,2200.0,1800.0,0.0,0.0
2021-04-08 00:00:00+05:30,309,Narayanpet,1342,Narayanpet,16,Green Gram,16,Common,0.0,24.01,6209.0,7350.0,6669.0,0.0,0.0
2021-04-08 00:00:00+05:30,331,Vantimamidi,1612,Vantimamidi,105,Potato,105,Common,0.0,5.0,1000.0,1000.0,1000.0,0.0,0.0
2021-04-08 00:00:00+05:30,367,Gudimalkapur,1571,Gudumalkapur,106,ColaCasio(Arvi),106,Common,0.0,30.0,1600.0,2000.0,1800.0,0.0,0.0
2021-04-08 00:00:00+05:30,296,Achampet,1337,Achampet,30,Groundnut pods,30,Common,0.0,5137.8,4009.0,6126.0,5700.0,0.0,0.0
2021-04-08 00:00:00+05:30,306,Mahbubnagar,1326,Mahaboobnagar,30,Groundnut pods,30,Common,0.0,106.0,4221.0,5069.0,4701.0,0.0,0.0
2021-04-08 00:00:00+05:30,295,Sangareddy,1219,Sangaredy,105,Potato,105,Common,0.0,2.0,1000.0,1500.0,1300.0,0.0,0.0
2021-04-08 00:00:00+05:30,241,Mahabubabad,1177,Mahabubabad,15,Red Gram,15,Common,0.0,4.0,5001.0,5001.0,5001.0,0.0,0.0
2021-04-08 00:00:00+05:30,239,Kesamudram,1168,Kesamudram,16,Green Gram,16,Common,0.0,89.0,5600.0,6469.0,6255.0,0.0,0.0
2021-04-08 00:00:00+05:30,226,Metpally,1133,Metpally,57,Tumeric,227,Finger,0.0,1216.8,3000.0,8111.0,6666.0,0.0,0.0
2021-04-08 00:00:00+05:30,322,Chevella,46,Chevella,98,Cabbage,98,Common,0.0,5.0,500.0,1200.0,800.0,0.0,0.0
2021-04-08 00:00:00+05:30,246,Warangal,886,Warangal,5,Maize,5,Common,0.0,171.0,1313.0,1459.0,1459.0,0.0,0.0
2021-04-08 00:00:00+05:30,325,Hyderabad,6,Madannapeta,112,Ladys Finger,112,Common,0.0,23.0,1100.0,1100.0,1100.0,0.0,0.0
2021-04-08 00:00:00+05:30,325,Hyderabad,7,Meeralamandi,113,Green Chillies,113,Common,0.0,5.0,1000.0,2000.0,1500.0,0.0,0.0
2021-04-08 00:00:00+05:30,325,Hyderabad,5,Mahabubmansion,68,Tamarind,222,No.II,0.0,423.0,4000.0,5500.0,5000.0,0.0,0.0
2021-04-08 00:00:00+05:30,324,Bowenpally,3,Bowenpally,106,ColaCasio(Arvi),106,Common,0.0,250.0,1200.0,2000.0,1800.0,0.0,0.0
2021-04-08 00:00:00+05:30,323,Gaddiannaram,1,Gaddiannaram,80,Banana,80,Common,0.0,3.0,1000.0,2000.0,1500.0,0.0,0.0
2021-04-07 00:00:00+05:30,309,Narayanpet,1342,Narayanpet,16,Green Gram,16,Common,0.0,44.1,6589.0,7266.0,7266.0,0.0,0.0
2021-04-07 00:00:00+05:30,296,Achampet,1337,Achampet,30,Groundnut pods,30,Common,0.0,3716.4,4809.0,6411.0,5809.0,0.0,0.0
2021-04-07 00:00:00+05:30,289,Sadasivpet,1200,Sadasivapet,15,Red Gram,15,Common,0.0,7.0,6351.0,6552.0,6552.0,0.0,0.0
2021-04-07 00:00:00+05:30,295,Sangareddy,1219,Sangaredy,105,Potato,105,Common,0.0,22.0,1000.0,1400.0,1200.0,0.0,0.0
2021-04-07 00:00:00+05:30,306,Mahbubnagar,1326,Mahaboobnagar,30,Groundnut pods,30,Common,0.0,406.0,3587.0,5509.0,4409.0,0.0,0.0
2021-04-07 00:00:00+05:30,241,Mahabubabad,1177,Mahabubabad,15,Red Gram,15,Common,0.0,8.0,1000.0,6375.0,6375.0,0.0,0.0
2021-04-07 00:00:00+05:30,239,Kesamudram,1168,Kesamudram,16,Green Gram,16,Common,0.0,62.0,5000.0,6435.0,6425.0,0.0,0.0
2021-04-07 00:00:00+05:30,226,Metpally,1133,Metpally,57,Tumeric,227,Finger,0.0,1285.8,3000.0,8088.0,7001.0,0.0,0.0
2021-04-07 00:00:00+05:30,322,Chevella,46,Chevella,98,Cabbage,98,Common,0.0,5.0,500.0,1200.0,800.0,0.0,0.0
2021-04-07 00:00:00+05:30,222,Karimnagar,1121,Karimnagar,5,Maize,5,Common,0.0,6.0,1412.0,1412.0,1412.0,0.0,0.0
2021-04-07 00:00:00+05:30,325,Hyderabad,6,Madannapeta,112,Ladys Finger,112,Common,0.0,24.0,1100.0,1100.0,1100.0,0.0,0.0
2021-04-07 00:00:00+05:30,325,Hyderabad,5,Mahabubmansion,68,Tamarind,222,No.II,0.0,440.0,5000.0,6000.0,5500.0,0.0,0.0
2021-04-07 00:00:00+05:30,325,Hyderabad,7,Meeralamandi,113,Green Chillies,113,Common,0.0,53.0,10000.0,1200.0,1100.0,0.0,0.0
2021-04-07 00:00:00+05:30,246,Warangal,886,Warangal,5,Maize,5,Common,0.0,450.6,1484.0,1516.0,1509.0,0.0,0.0
2021-04-19 00:00:00+05:30,325,Hyderabad,5,Mahabubmansion,68,Tamarind,222,No.II,0.0,472.0,400.0,5000.0,4500.0,0.0,0.0
2021-04-19 00:00:00+05:30,325,Hyderabad,7,Meeralamandi,113,Green Chillies,113,Common,0.0,4.0,1400.0,1600.0,1500.0,0.0,0.0
2021-04-18 00:00:00+05:30,329,Navabpet(MBNR),1483,Navabpet,22,Cowpea,22,Common,0.0,3.0,4600.0,4600.0,4600.0,0.0,0.0
2021-04-19 00:00:00+05:30,324,Bowenpally,3,Bowenpally,106,ColaCasio(Arvi),106,Common,0.0,422.0,1000.0,1800.0,1600.0,0.0,0.0
2021-04-18 00:00:00+05:30,367,Gudimalkapur,1571,Gudumalkapur,106,ColaCasio(Arvi),106,Common,0.0,38.0,1600.0,2000.0,1800.0,0.0,0.0
2021-04-18 00:00:00+05:30,325,Hyderabad,7,Meeralamandi,113,Green Chillies,113,Common,0.0,6.0,1400.0,1600.0,1500.0,0.0,0.0
2021-04-18 00:00:00+05:30,322,Chevella,46,Chevella,98,Cabbage,98,Common,0.0,4.0,500.0,1200.0,800.0,0.0,0.0
2021-04-17 00:00:00+05:30,309,Narayanpet,1342,Narayanpet,16,Green Gram,16,Common,0.0,26.46,4100.0,7149.0,7149.0,0.0,0.0
2021-04-17 00:00:00+05:30,331,Vantimamidi,1612,Vantimamidi,105,Potato,105,Common,0.0,5.0,1200.0,1200.0,1200.0,0.0,0.0
2021-04-17 00:00:00+05:30,367,Gudimalkapur,1571,Gudumalkapur,106,ColaCasio(Arvi),106,Common,0.0,67.0,1600.0,2000.0,1800.0,0.0,0.0
2021-04-17 00:00:00+05:30,306,Mahbubnagar,1326,Mahaboobnagar,30,Groundnut pods,30,Common,0.0,4.0,3310.0,3310.0,3310.0,0.0,0.0
2021-04-17 00:00:00+05:30,295,Sangareddy,1219,Sangaredy,105,Potato,105,Common,0.0,6.0,1200.0,1400.0,1300.0,0.0,0.0
2021-04-17 00:00:00+05:30,256,Khammam,1067,Khammam,17,Black Gram,17,Common,0.0,6.0,6500.0,6500.0,6500.0,0.0,0.0
2021-04-17 00:00:00+05:30,322,Chevella,46,Chevella,98,Cabbage,98,Common,0.0,5.0,500.0,1000.0,800.0,0.0,0.0
2021-04-17 00:00:00+05:30,325,Hyderabad,5,Mahabubmansion,68,Tamarind,222,No.II,0.0,321.0,4000.0,5500.0,5000.0,0.0,0.0
2021-04-17 00:00:00+05:30,325,Hyderabad,7,Meeralamandi,113,Green Chillies,113,Common,0.0,5.0,1400.0,1600.0,1500.0,0.0,0.0
2021-04-16 00:00:00+05:30,309,Narayanpet,1342,Narayanpet,16,Green Gram,16,Common,0.0,73.5,3500.0,7240.0,7129.0,0.0,0.0
2021-04-17 00:00:00+05:30,324,Bowenpally,3,Bowenpally,106,ColaCasio(Arvi),106,Common,0.0,360.0,800.0,1800.0,1500.0,0.0,0.0
2021-04-16 00:00:00+05:30,367,Gudimalkapur,1571,Gudumalkapur,106,ColaCasio(Arvi),106,Common,0.0,92.0,1600.0,2000.0,1800.0,0.0,0.0
2021-04-16 00:00:00+05:30,331,Vantimamidi,1612,Vantimamidi,105,Potato,105,Common,0.0,3.0,1200.0,1200.0,1200.0,0.0,0.0
2021-04-16 00:00:00+05:30,306,Mahbubnagar,1326,Mahaboobnagar,30,Groundnut pods,30,Common,0.0,22.0,2506.0,5655.0,5655.0,0.0,0.0
2021-04-16 00:00:00+05:30,295,Sangareddy,1219,Sangaredy,105,Potato,105,Common,0.0,12.0,1200.0,1400.0,1300.0,0.0,0.0
2021-04-16 00:00:00+05:30,239,Kesamudram,1168,Kesamudram,16,Green Gram,16,Common,0.0,131.0,5600.0,6811.0,6488.0,0.0,0.0
2021-04-16 00:00:00+05:30,256,Khammam,1067,Khammam,17,Black Gram,17,Common,0.0,40.0,6000.0,6550.0,6550.0,0.0,0.0
2021-04-16 00:00:00+05:30,208,Nizamabad,1080,Nizamabad,5,Maize,215,Hybrid New,0.0,28.0,1376.0,1426.0,1418.0,0.0,0.0
2021-04-16 00:00:00+05:30,246,Warangal,886,Warangal,5,Maize,5,Common,0.0,2264.4,1328.0,1557.0,1501.0,0.0,0.0
2021-04-16 00:00:00+05:30,322,Chevella,46,Chevella,98,Cabbage,98,Common,0.0,4.0,500.0,1000.0,800.0,0.0,0.0
2021-04-16 00:00:00+05:30,222,Karimnagar,1121,Karimnagar,5,Maize,5,Common,0.0,143.0,1427.0,1525.0,1516.0,0.0,0.0
2021-04-16 00:00:00+05:30,325,Hyderabad,6,Madannapeta,112,Ladys Finger,112,Common,0.0,43.0,800.0,1200.0,1000.0,0.0,0.0
2021-04-16 00:00:00+05:30,325,Hyderabad,7,Meeralamandi,113,Green Chillies,113,Common,0.0,14.0,800.0,1200.0,1000.0,0.0,0.0
2021-04-16 00:00:00+05:30,317,Pargi,39,Pargi,14,Bengal Gram,14,Common,0.0,190.0,4900.0,5401.0,5285.0,0.0,0.0
2021-04-15 00:00:00+05:30,309,Narayanpet,1342,Narayanpet,16,Green Gram,16,Common,0.0,80.85,4500.0,7302.0,7277.0,0.0,0.0
2021-04-16 00:00:00+05:30,325,Hyderabad,5,Mahabubmansion,68,Tamarind,222,No.II,0.0,354.0,4000.0,5000.0,4500.0,0.0,0.0
2021-04-16 00:00:00+05:30,323,Gaddiannaram,1,Gaddiannaram,80,Banana,80,Common,0.0,2.0,1000.0,3000.0,1700.0,0.0,0.0
2021-04-16 00:00:00+05:30,324,Bowenpally,3,Bowenpally,106,ColaCasio(Arvi),106,Common,0.0,369.0,1000.0,1800.0,1600.0,0.0,0.0
2021-04-15 00:00:00+05:30,367,Gudimalkapur,1571,Gudumalkapur,106,ColaCasio(Arvi),106,Common,0.0,67.0,1600.0,2000.0,1800.0,0.0,0.0
2021-04-15 00:00:00+05:30,295,Sangareddy,1219,Sangaredy,105,Potato,105,Common,0.0,11.0,1000.0,1300.0,1200.0,0.0,0.0
2021-04-15 00:00:00+05:30,306,Mahbubnagar,1326,Mahaboobnagar,30,Groundnut pods,30,Common,0.0,52.0,3509.0,5629.0,5629.0,0.0,0.0
2021-04-15 00:00:00+05:30,289,Sadasivpet,1200,Sadasivapet,15,Red Gram,15,Common,0.0,2.0,6705.0,6705.0,6705.0,0.0,0.0
2021-04-15 00:00:00+05:30,256,Khammam,1067,Khammam,17,Black Gram,17,Common,0.0,21.0,6350.0,6500.0,6450.0,0.0,0.0
2021-04-15 00:00:00+05:30,208,Nizamabad,1080,Nizamabad,5,Maize,215,Hybrid New,0.0,18.0,1416.0,1422.0,1416.0,0.0,0.0
2021-04-15 00:00:00+05:30,239,Kesamudram,1168,Kesamudram,16,Green Gram,16,Common,0.0,38.0,6378.0,6635.0,6618.0,0.0,0.0
2021-04-15 00:00:00+05:30,222,Karimnagar,1121,Karimnagar,5,Maize,5,Common,0.0,8.0,1455.0,1525.0,1525.0,0.0,0.0
2021-04-15 00:00:00+05:30,325,Hyderabad,6,Madannapeta,112,Ladys Finger,112,Common,0.0,29.0,1200.0,1200.0,1200.0,0.0,0.0
2021-04-15 00:00:00+05:30,325,Hyderabad,5,Mahabubmansion,68,Tamarind,222,No.II,0.0,397.0,4000.0,5000.0,4500.0,0.0,0.0
2021-04-15 00:00:00+05:30,325,Hyderabad,7,Meeralamandi,113,Green Chillies,113,Common,0.0,5.0,1300.0,15000.0,1400.0,0.0,0.0
2021-04-15 00:00:00+05:30,322,Chevella,46,Chevella,98,Cabbage,98,Common,0.0,5.0,500.0,1200.0,800.0,0.0,0.0
2021-04-15 00:00:00+05:30,246,Warangal,886,Warangal,5,Maize,5,Common,0.0,762.6,1316.0,1533.0,1524.0,0.0,0.0
2021-04-15 00:00:00+05:30,324,Bowenpally,3,Bowenpally,106,ColaCasio(Arvi),106,Common,0.0,111.0,1000.0,2000.0,1800.0,0.0,0.0
2021-04-15 00:00:00+05:30,323,Gaddiannaram,1,Gaddiannaram,80,Banana,80,Common,0.0,3.0,1000.0,3000.0,1800.0,0.0,0.0
2021-04-14 00:00:00+05:30,367,Gudimalkapur,1571,Gudumalkapur,106,ColaCasio(Arvi),106,Common,0.0,72.0,1600.0,2000.0,1800.0,0.0,0.0
2021-04-14 00:00:00+05:30,295,Sangareddy,1219,Sangaredy,105,Potato,105,Common,0.0,2.0,1000.0,1400.0,4500.0,0.0,0.0
2021-04-14 00:00:00+05:30,325,Hyderabad,7,Meeralamandi,113,Green Chillies,113,Common,0.0,5.0,1000.0,1400.0,1200.0,0.0,0.0
2021-04-14 00:00:00+05:30,322,Chevella,46,Chevella,98,Cabbage,98,Common,0.0,5.0,600.0,1200.0,900.0,0.0,0.0
2021-04-14 00:00:00+05:30,325,Hyderabad,6,Madannapeta,112,Ladys Finger,112,Common,0.0,36.0,1100.0,1100.0,1100.0,0.0,0.0
2021-04-14 00:00:00+05:30,324,Bowenpally,3,Bowenpally,106,ColaCasio(Arvi),106,Common,0.0,423.0,1000.0,1800.0,1600.0,0.0,0.0
2021-04-12 00:00:00+05:30,295,Sangareddy,1219,Sangaredy,105,Potato,105,Common,0.0,13.0,1000.0,1300.0,1200.0,0.0,0.0
2021-04-12 00:00:00+05:30,367,Gudimalkapur,1571,Gudumalkapur,106,ColaCasio(Arvi),106,Common,0.0,47.0,1600.0,2000.0,1800.0,0.0,0.0
2021-04-14 00:00:00+05:30,323,Gaddiannaram,1,Gaddiannaram,80,Banana,80,Common,0.0,30.0,1000.0,3000.0,1800.0,0.0,0.0
2021-04-25 00:00:00+05:30,325,Hyderabad,6,Madannapeta,112,Ladys Finger,112,Common,0.0,24.0,1100.0,1100.0,1100.0,0.0,0.0
2021-04-25 00:00:00+05:30,322,Chevella,46,Chevella,98,Cabbage,98,Common,0.0,4.0,400.0,900.0,600.0,0.0,0.0
2021-04-25 00:00:00+05:30,325,Hyderabad,7,Meeralamandi,113,Green Chillies,113,Common,0.0,5.0,1000.0,1200.0,1100.0,0.0,0.0
2021-04-24 00:00:00+05:30,367,Gudimalkapur,1571,Gudumalkapur,106,ColaCasio(Arvi),106,Common,0.0,63.0,1600.0,2000.0,1800.0,0.0,0.0
2021-04-24 00:00:00+05:30,309,Narayanpet,1342,Narayanpet,16,Green Gram,16,Common,0.0,27.93,6569.0,7125.0,7125.0,0.0,0.0
2021-04-24 00:00:00+05:30,331,Vantimamidi,1612,Vantimamidi,105,Potato,105,Common,0.0,1.0,1400.0,1400.0,1400.0,0.0,0.0
2021-04-24 00:00:00+05:30,226,Metpally,1133,Metpally,57,Tumeric,227,Finger,0.0,114.6,5016.0,7100.0,6668.0,0.0,0.0
2021-04-24 00:00:00+05:30,256,Khammam,1067,Khammam,17,Black Gram,17,Common,0.0,12.0,6000.0,6000.0,6000.0,0.0,0.0
2021-04-24 00:00:00+05:30,322,Chevella,46,Chevella,98,Cabbage,98,Common,0.0,5.0,500.0,1000.0,700.0,0.0,0.0
2021-04-24 00:00:00+05:30,325,Hyderabad,5,Mahabubmansion,68,Tamarind,222,No.II,0.0,442.0,4000.0,5000.0,4500.0,0.0,0.0
2021-04-24 00:00:00+05:30,325,Hyderabad,7,Meeralamandi,113,Green Chillies,113,Common,0.0,7.0,1000.0,1200.0,1100.0,0.0,0.0
2021-04-23 00:00:00+05:30,309,Narayanpet,1342,Narayanpet,16,Green Gram,16,Common,0.0,18.13,3100.0,7171.0,7169.0,0.0,0.0
2021-04-23 00:00:00+05:30,331,Vantimamidi,1612,Vantimamidi,105,Potato,105,Common,0.0,4.0,1200.0,1200.0,1200.0,0.0,0.0
2021-04-23 00:00:00+05:30,367,Gudimalkapur,1571,Gudumalkapur,106,ColaCasio(Arvi),106,Common,0.0,18.0,1200.0,2000.0,1600.0,0.0,0.0
2021-04-23 00:00:00+05:30,295,Sangareddy,1219,Sangaredy,105,Potato,105,Common,0.0,10.0,1200.0,1400.0,1400.0,0.0,0.0
2021-04-23 00:00:00+05:30,222,Karimnagar,1121,Karimnagar,5,Maize,5,Common,0.0,20.0,1401.0,1501.0,1501.0,0.0,0.0
2021-04-23 00:00:00+05:30,226,Metpally,1133,Metpally,57,Tumeric,227,Finger,0.0,335.4,3005.0,7551.0,6911.0,0.0,0.0
2021-04-23 00:00:00+05:30,241,Mahabubabad,1177,Mahabubabad,15,Red Gram,15,Common,0.0,4.0,5675.0,6301.0,6301.0,0.0,0.0
2021-04-23 00:00:00+05:30,239,Kesamudram,1168,Kesamudram,16,Green Gram,16,Common,0.0,43.0,3800.0,6695.0,6695.0,0.0,0.0
2021-04-23 00:00:00+05:30,256,Khammam,1067,Khammam,17,Black Gram,17,Common,0.0,45.0,6300.0,6300.0,6300.0,0.0,0.0
2021-04-23 00:00:00+05:30,322,Chevella,46,Chevella,98,Cabbage,98,Common,0.0,3.0,600.0,1200.0,800.0,0.0,0.0
2021-04-23 00:00:00+05:30,208,Nizamabad,1080,Nizamabad,5,Maize,215,Hybrid New,0.0,88.0,1375.0,1427.0,1456.0,0.0,0.0
2021-04-23 00:00:00+05:30,325,Hyderabad,5,Mahabubmansion,68,Tamarind,222,No.II,0.0,373.0,4000.0,5500.0,5000.0,0.0,0.0
2021-04-23 00:00:00+05:30,325,Hyderabad,7,Meeralamandi,113,Green Chillies,113,Common,0.0,5.0,1400.0,1600.0,1500.0,0.0,0.0
2021-04-23 00:00:00+05:30,317,Pargi,39,Pargi,14,Bengal Gram,14,Common,0.0,319.0,5201.0,5211.0,2151.0,0.0,0.0
2021-04-23 00:00:00+05:30,246,Warangal,886,Warangal,5,Maize,5,Common,0.0,1103.4,1401.0,1529.0,1522.0,0.0,0.0
2021-04-22 00:00:00+05:30,309,Narayanpet,1342,Narayanpet,16,Green Gram,16,Common,0.0,7.84,5100.0,7085.0,7085.0,0.0,0.0
2021-04-22 00:00:00+05:30,296,Achampet,1337,Achampet,30,Groundnut pods,30,Common,0.0,5501.7,3550.0,5870.0,5640.0,0.0,0.0
2021-04-22 00:00:00+05:30,367,Gudimalkapur,1571,Gudumalkapur,106,ColaCasio(Arvi),106,Common,0.0,36.0,1000.0,2000.0,1500.0,0.0,0.0
2021-04-22 00:00:00+05:30,239,Kesamudram,1168,Kesamudram,16,Green Gram,16,Common,0.0,74.0,6255.0,6693.0,6689.0,0.0,0.0
2021-04-22 00:00:00+05:30,226,Metpally,1133,Metpally,57,Tumeric,227,Finger,0.0,375.0,4141.0,7052.0,6888.0,0.0,0.0
2021-04-22 00:00:00+05:30,208,Nizamabad,1080,Nizamabad,5,Maize,215,Hybrid New,0.0,186.0,1452.0,1482.0,1452.0,0.0,0.0
2021-04-22 00:00:00+05:30,241,Mahabubabad,1177,Mahabubabad,15,Red Gram,15,Common,0.0,9.0,6425.0,6565.0,6565.0,0.0,0.0
2021-04-22 00:00:00+05:30,295,Sangareddy,1219,Sangaredy,105,Potato,105,Common,0.0,20.0,1000.0,1400.0,1200.0,0.0,0.0
2021-04-22 00:00:00+05:30,256,Khammam,1067,Khammam,17,Black Gram,17,Common,0.0,4.0,6500.0,6500.0,6500.0,0.0,0.0
2021-04-22 00:00:00+05:30,246,Warangal,886,Warangal,5,Maize,5,Common,0.0,1225.8,1329.0,1536.0,1494.0,0.0,0.0
2021-04-22 00:00:00+05:30,325,Hyderabad,7,Meeralamandi,113,Green Chillies,113,Common,0.0,4.0,1400.0,1600.0,1500.0,0.0,0.0
2021-04-22 00:00:00+05:30,325,Hyderabad,5,Mahabubmansion,68,Tamarind,222,No.II,0.0,621.0,4000.0,5500.0,5000.0,0.0,0.0
2021-04-22 00:00:00+05:30,322,Chevella,46,Chevella,98,Cabbage,98,Common,0.0,5.0,500.0,1000.0,800.0,0.0,0.0
2021-04-21 00:00:00+05:30,367,Gudimalkapur,1571,Gudumalkapur,106,ColaCasio(Arvi),106,Common,0.0,40.0,1600.0,2000.0,1800.0,0.0,0.0
2021-04-20 00:00:00+05:30,309,Narayanpet,1342,Narayanpet,16,Green Gram,16,Common,0.0,49.98,4800.0,7172.0,7125.0,0.0,0.0
2021-04-21 00:00:00+05:30,322,Chevella,46,Chevella,98,Cabbage,98,Common,0.0,5.0,500.0,1200.0,600.0,0.0,0.0
2021-04-21 00:00:00+05:30,295,Sangareddy,1219,Sangaredy,105,Potato,105,Common,0.0,19.0,1000.0,1400.0,1200.0,0.0,0.0
2021-04-21 00:00:00+05:30,325,Hyderabad,7,Meeralamandi,113,Green Chillies,113,Common,0.0,6.0,1800.0,2000.0,1900.0,0.0,0.0
2021-04-20 00:00:00+05:30,367,Gudimalkapur,1571,Gudumalkapur,106,ColaCasio(Arvi),106,Common,0.0,28.0,1600.0,2000.0,1800.0,0.0,0.0
2021-04-20 00:00:00+05:30,331,Vantimamidi,1612,Vantimamidi,105,Potato,105,Common,0.0,6.0,1100.0,1100.0,1100.0,0.0,0.0
2021-04-20 00:00:00+05:30,241,Mahabubabad,1177,Mahabubabad,15,Red Gram,15,Common,0.0,2.0,6300.0,6500.0,6500.0,0.0,0.0
2021-04-20 00:00:00+05:30,306,Mahbubnagar,1326,Mahaboobnagar,30,Groundnut pods,30,Common,0.0,49.0,4517.0,5839.0,5839.0,0.0,0.0
2021-04-20 00:00:00+05:30,300,Badepally,1327,Badepally,14,Bengal Gram,14,Common,0.0,5.0,5210.0,5210.0,5210.0,0.0,0.0
2021-04-20 00:00:00+05:30,222,Karimnagar,1121,Karimnagar,5,Maize,5,Common,0.0,6.0,1357.0,1357.0,1357.0,0.0,0.0
2021-04-20 00:00:00+05:30,239,Kesamudram,1168,Kesamudram,16,Green Gram,16,Common,0.0,77.0,5725.0,6751.0,6738.0,0.0,0.0
2021-04-20 00:00:00+05:30,226,Metpally,1133,Metpally,57,Tumeric,227,Finger,0.0,307.8,3001.0,7069.0,7028.0,0.0,0.0
2021-04-20 00:00:00+05:30,325,Hyderabad,7,Meeralamandi,113,Green Chillies,113,Common,0.0,51.0,1400.0,1600.0,1500.0,0.0,0.0
2021-04-20 00:00:00+05:30,314,Marpally,45,Marpally,57,Tumeric,57,Common,0.0,30.0,5400.0,6400.0,6000.0,0.0,0.0
2021-04-20 00:00:00+05:30,325,Hyderabad,6,Madannapeta,112,Ladys Finger,112,Common,0.0,39.0,800.0,1200.0,1000.0,0.0,0.0
2021-04-20 00:00:00+05:30,246,Warangal,886,Warangal,5,Maize,5,Common,0.0,930.6,1407.0,1543.0,1525.0,0.0,0.0
2021-04-20 00:00:00+05:30,325,Hyderabad,5,Mahabubmansion,68,Tamarind,222,No.II,0.0,404.0,4000.0,5500.0,5000.0,0.0,0.0
2021-04-19 00:00:00+05:30,309,Narayanpet,1342,Narayanpet,16,Green Gram,16,Common,0.0,63.21,5000.0,7269.0,7152.0,0.0,0.0
2021-04-20 00:00:00+05:30,324,Bowenpally,3,Bowenpally,106,ColaCasio(Arvi),106,Common,0.0,204.0,1000.0,1800.0,1600.0,0.0,0.0
2021-04-19 00:00:00+05:30,367,Gudimalkapur,1571,Gudumalkapur,106,ColaCasio(Arvi),106,Common,0.0,104.0,1600.0,2000.0,1800.0,0.0,0.0
2021-04-19 00:00:00+05:30,226,Metpally,1133,Metpally,57,Tumeric,227,Finger,0.0,124.0,3000.0,7946.0,7051.0,0.0,0.0
2021-04-19 00:00:00+05:30,222,Karimnagar,1121,Karimnagar,5,Maize,5,Common,0.0,16.0,1512.0,1521.0,1521.0,0.0,0.0
2021-04-19 00:00:00+05:30,239,Kesamudram,1168,Kesamudram,16,Green Gram,16,Common,0.0,143.0,4805.0,6722.0,6718.0,0.0,0.0
2021-04-19 00:00:00+05:30,295,Sangareddy,1219,Sangaredy,105,Potato,105,Common,0.0,4.0,1200.0,1500.0,1400.0,0.0,0.0
2021-04-19 00:00:00+05:30,256,Khammam,1067,Khammam,17,Black Gram,17,Common,0.0,30.0,5800.0,6600.0,5800.0,0.0,0.0
2021-04-19 00:00:00+05:30,322,Chevella,46,Chevella,98,Cabbage,98,Common,0.0,5.0,500.0,1000.0,800.0,0.0,0.0
2021-04-19 00:00:00+05:30,208,Nizamabad,1080,Nizamabad,5,Maize,215,Hybrid New,0.0,193.0,1416.0,1444.0,1433.0,0.0,0.0
2021-04-19 00:00:00+05:30,246,Warangal,886,Warangal,5,Maize,5,Common,0.0,1461.6,1401.0,1562.0,1492.0,0.0,0.0
2021-04-30 00:00:00+05:30,295,Sangareddy,1219,Sangaredy,105,Potato,105,Common,0.0,5.0,1200.0,1400.0,1300.0,0.0,0.0
2021-04-30 00:00:00+05:30,309,Narayanpet,1342,Narayanpet,16,Green Gram,16,Common,0.0,47.53,4909.0,6550.0,6309.0,0.0,0.0
2021-04-30 00:00:00+05:30,367,Gudimalkapur,1571,Gudumalkapur,106,ColaCasio(Arvi),106,Common,0.0,87.0,1400.0,2000.0,1600.0,0.0,0.0
2021-04-30 00:00:00+05:30,325,Hyderabad,6,Madannapeta,112,Ladys Finger,112,Common,0.0,40.0,1000.0,1000.0,1000.0,0.0,0.0
2021-04-30 00:00:00+05:30,324,Bowenpally,3,Bowenpally,106,ColaCasio(Arvi),106,Common,0.0,189.0,1000.0,1800.0,1600.0,0.0,0.0
2021-04-30 00:00:00+05:30,325,Hyderabad,5,Mahabubmansion,68,Tamarind,222,No.II,0.0,306.0,4000.0,5000.0,4500.0,0.0,0.0
2021-04-30 00:00:00+05:30,322,Chevella,46,Chevella,98,Cabbage,98,Common,0.0,4.0,500.0,800.0,600.0,0.0,0.0
2021-04-30 00:00:00+05:30,226,Metpally,1133,Metpally,57,Tumeric,227,Finger,0.0,73.8,4016.0,7000.0,6600.0,0.0,0.0
2021-04-30 00:00:00+05:30,222,Karimnagar,1121,Karimnagar,5,Maize,5,Common,0.0,7.0,1012.0,1012.0,1012.0,0.0,0.0
2021-04-29 00:00:00+05:30,295,Sangareddy,1219,Sangaredy,105,Potato,105,Common,0.0,5.0,1200.0,1400.0,1300.0,0.0,0.0
2021-04-29 00:00:00+05:30,306,Mahbubnagar,1326,Mahaboobnagar,30,Groundnut pods,30,Common,0.0,25.0,4030.0,5311.0,5311.0,0.0,0.0
2021-04-29 00:00:00+05:30,367,Gudimalkapur,1571,Gudumalkapur,106,ColaCasio(Arvi),106,Common,0.0,61.0,1500.0,2000.0,1800.0,0.0,0.0
2021-04-29 00:00:00+05:30,322,Chevella,46,Chevella,98,Cabbage,98,Common,0.0,5.0,500.0,1000.0,800.0,0.0,0.0
2021-04-29 00:00:00+05:30,222,Karimnagar,1121,Karimnagar,5,Maize,5,Common,0.0,39.0,1437.0,1497.0,1457.0,0.0,0.0
2021-04-29 00:00:00+05:30,241,Mahabubabad,1177,Mahabubabad,15,Red Gram,15,Common,0.0,4.0,3041.0,6050.0,6050.0,0.0,0.0
2021-04-29 00:00:00+05:30,226,Metpally,1133,Metpally,57,Tumeric,227,Finger,0.0,124.8,4040.0,7000.0,6500.0,0.0,0.0
2021-04-29 00:00:00+05:30,239,Kesamudram,1168,Kesamudram,16,Green Gram,16,Common,0.0,50.0,4800.0,6464.0,6365.0,0.0,0.0
2021-04-29 00:00:00+05:30,325,Hyderabad,6,Madannapeta,112,Ladys Finger,112,Common,0.0,22.0,600.0,1000.0,800.0,0.0,0.0
2021-04-29 00:00:00+05:30,325,Hyderabad,7,Meeralamandi,113,Green Chillies,113,Common,0.0,58.0,1600.0,2000.0,1800.0,0.0,0.0
2021-04-29 00:00:00+05:30,325,Hyderabad,5,Mahabubmansion,68,Tamarind,222,No.II,0.0,141.0,4000.0,5000.0,4500.0,0.0,0.0
2021-04-28 00:00:00+05:30,367,Gudimalkapur,1571,Gudumalkapur,106,ColaCasio(Arvi),106,Common,0.0,82.0,1600.0,2000.0,1800.0,0.0,0.0
2021-04-28 00:00:00+05:30,309,Narayanpet,1342,Narayanpet,16,Green Gram,16,Common,0.0,18.13,4000.0,6825.0,6825.0,0.0,0.0
2021-04-28 00:00:00+05:30,241,Mahabubabad,1177,Mahabubabad,15,Red Gram,15,Common,0.0,1.0,6406.0,6406.0,6406.0,0.0,0.0
2021-04-28 00:00:00+05:30,239,Kesamudram,1168,Kesamudram,16,Green Gram,16,Common,0.0,37.0,4969.0,6589.0,5388.0,0.0,0.0
2021-04-28 00:00:00+05:30,226,Metpally,1133,Metpally,57,Tumeric,227,Finger,0.0,250.8,3000.0,6950.0,5800.0,0.0,0.0
2021-04-28 00:00:00+05:30,306,Mahbubnagar,1326,Mahaboobnagar,30,Groundnut pods,30,Common,0.0,28.0,5257.0,5257.0,5257.0,0.0,0.0
2021-04-28 00:00:00+05:30,295,Sangareddy,1219,Sangaredy,105,Potato,105,Common,0.0,12.0,1000.0,1400.0,1200.0,0.0,0.0
2021-04-28 00:00:00+05:30,256,Khammam,1067,Khammam,17,Black Gram,17,Common,0.0,5.0,6000.0,6000.0,6000.0,0.0,0.0
2021-04-28 00:00:00+05:30,322,Chevella,46,Chevella,98,Cabbage,98,Common,0.0,5.0,500.0,1000.0,800.0,0.0,0.0
2021-04-28 00:00:00+05:30,325,Hyderabad,5,Mahabubmansion,68,Tamarind,222,No.II,0.0,232.0,400.0,5000.0,4500.0,0.0,0.0
2021-04-28 00:00:00+05:30,325,Hyderabad,7,Meeralamandi,113,Green Chillies,113,Common,0.0,4.0,1600.0,2000.0,1800.0,0.0,0.0
2021-04-28 00:00:00+05:30,222,Karimnagar,1121,Karimnagar,5,Maize,5,Common,0.0,58.0,1413.0,1511.0,1493.0,0.0,0.0
2021-04-28 00:00:00+05:30,325,Hyderabad,6,Madannapeta,112,Ladys Finger,112,Common,0.0,40.0,1000.0,1000.0,1000.0,0.0,0.0
2021-04-27 00:00:00+05:30,309,Narayanpet,1342,Narayanpet,16,Green Gram,16,Common,0.0,30.87,6109.0,6869.0,6769.0,0.0,0.0
2021-04-27 00:00:00+05:30,241,Mahabubabad,1177,Mahabubabad,15,Red Gram,15,Common,0.0,1.0,5851.0,5851.0,5851.0,0.0,0.0
2021-04-27 00:00:00+05:30,306,Mahbubnagar,1326,Mahaboobnagar,30,Groundnut pods,30,Common,0.0,49.0,4030.0,5127.0,4311.0,0.0,0.0
2021-04-27 00:00:00+05:30,239,Kesamudram,1168,Kesamudram,16,Green Gram,16,Common,0.0,53.0,4500.0,6593.0,6592.0,0.0,0.0
2021-04-27 00:00:00+05:30,367,Gudimalkapur,1571,Gudumalkapur,106,ColaCasio(Arvi),106,Common,0.0,36.0,1500.0,2000.0,1800.0,0.0,0.0
2021-04-27 00:00:00+05:30,256,Khammam,1067,Khammam,17,Black Gram,17,Common,0.0,4.0,5900.0,5900.0,5900.0,0.0,0.0
2021-04-27 00:00:00+05:30,314,Marpally,45,Marpally,57,Tumeric,57,Common,0.0,100.0,4600.0,6500.0,6000.0,0.0,0.0
2021-04-27 00:00:00+05:30,222,Karimnagar,1121,Karimnagar,5,Maize,5,Common,0.0,40.0,1487.0,1523.0,1491.0,0.0,0.0
2021-04-27 00:00:00+05:30,325,Hyderabad,5,Mahabubmansion,68,Tamarind,222,No.II,0.0,277.0,4000.0,5500.0,5000.0,0.0,0.0
2021-04-27 00:00:00+05:30,325,Hyderabad,7,Meeralamandi,113,Green Chillies,113,Common,0.0,4.0,1800.0,2000.0,1900.0,0.0,0.0
2021-04-27 00:00:00+05:30,325,Hyderabad,6,Madannapeta,112,Ladys Finger,112,Common,0.0,45.0,1000.0,1000.0,1000.0,0.0,0.0
2021-04-26 00:00:00+05:30,309,Narayanpet,1342,Narayanpet,16,Green Gram,16,Common,0.0,36.26,6700.0,7175.0,7080.0,0.0,0.0
2021-04-26 00:00:00+05:30,300,Badepally,1327,Badepally,14,Bengal Gram,14,Common,0.0,3.0,5000.0,5000.0,5000.0,0.0,0.0
2021-04-26 00:00:00+05:30,295,Sangareddy,1219,Sangaredy,105,Potato,105,Common,0.0,5.0,1100.0,1300.0,1200.0,0.0,0.0
2021-04-26 00:00:00+05:30,367,Gudimalkapur,1571,Gudumalkapur,106,ColaCasio(Arvi),106,Common,0.0,12.0,1600.0,2000.0,1800.0,0.0,0.0
2021-04-26 00:00:00+05:30,306,Mahbubnagar,1326,Mahaboobnagar,30,Groundnut pods,30,Common,0.0,17.0,3329.0,4940.0,4939.0,0.0,0.0
2021-04-26 00:00:00+05:30,256,Khammam,1067,Khammam,17,Black Gram,17,Common,0.0,18.0,5900.0,5900.0,5900.0,0.0,0.0
2021-04-26 00:00:00+05:30,325,Hyderabad,7,Meeralamandi,113,Green Chillies,113,Common,0.0,5.0,1200.0,1400.0,1300.0,0.0,0.0
2021-04-26 00:00:00+05:30,322,Chevella,46,Chevella,98,Cabbage,98,Common,0.0,3.0,400.0,800.0,600.0,0.0,0.0
2021-04-26 00:00:00+05:30,241,Mahabubabad,1177,Mahabubabad,15,Red Gram,15,Common,0.0,1.0,5000.0,5000.0,5000.0,0.0,0.0
2021-04-26 00:00:00+05:30,239,Kesamudram,1168,Kesamudram,16,Green Gram,16,Common,0.0,111.0,5569.0,6698.0,6389.0,0.0,0.0
2021-04-26 00:00:00+05:30,325,Hyderabad,5,Mahabubmansion,68,Tamarind,222,No.II,0.0,442.0,4000.0,5500.0,5000.0,0.0,0.0
2021-04-25 00:00:00+05:30,329,Navabpet(MBNR),1483,Navabpet,22,Cowpea,22,Common,0.0,2.0,2889.0,4619.0,4519.0,0.0,0.0
2021-04-26 00:00:00+05:30,325,Hyderabad,6,Madannapeta,112,Ladys Finger,112,Common,0.0,54.0,900.0,900.0,900.0,0.0,0.0
2021-04-25 00:00:00+05:30,295,Sangareddy,1219,Sangaredy,105,Potato,105,Common,0.0,2.0,1000.0,1400.0,1200.0,0.0,0.0
2021-04-25 00:00:00+05:30,367,Gudimalkapur,1571,Gudumalkapur,106,ColaCasio(Arvi),106,Common,0.0,44.0,1600.0,2000.0,1400.0,0.0,0.0
2021-04-01 00:00:00+05:30,324,Bowenpally,3,Bowenpally,107,Sweet Potato,107,Common,0.0,239.0,400.0,600.0,500.0,0.0,0.0
2021-04-01 00:00:00+05:30,325,Hyderabad,6,Madannapeta,113,Green Chillies,113,Common,0.0,40.0,1000.0,1500.0,1250.0,0.0,0.0
2021-04-01 00:00:00+05:30,323,Gaddiannaram,2,L.B Nagar,111,Brinjal,111,Common,0.0,43.0,1000.0,1100.0,1050.0,0.0,0.0
2021-04-01 00:00:00+05:30,325,Hyderabad,7,Meeralamandi,114,Tomato,114,Common,0.0,1.0,600.0,800.0,700.0,0.0,0.0
2021-04-01 00:00:00+05:30,246,Warangal,886,Warangal,15,Red Gram,15,Common,0.0,59.4,4889.0,6329.0,6239.0,0.0,0.0
2021-04-01 00:00:00+05:30,322,Chevella,46,Chevella,99,Cauliflower,99,Common,0.0,6.0,600.0,1200.0,800.0,0.0,0.0
2021-04-01 00:00:00+05:30,295,Sangareddy,1219,Sangaredy,111,Brinjal,278,Kalyani,0.0,4.0,1200.0,1500.0,1400.0,0.0,0.0
2021-04-01 00:00:00+05:30,300,Badepally,1327,Badepally,15,Red Gram,15,Common,0.0,7.0,5959.0,6100.0,5959.0,0.0,0.0
2021-04-02 00:00:00+05:30,323,Gaddiannaram,2,L.B Nagar,111,Brinjal,111,Common,0.0,32.0,1000.0,1100.0,1050.0,0.0,0.0
2021-04-02 00:00:00+05:30,324,Bowenpally,3,Bowenpally,107,Sweet Potato,107,Common,0.0,191.0,600.0,1000.0,900.0,0.0,0.0
2021-04-02 00:00:00+05:30,325,Hyderabad,6,Madannapeta,113,Green Chillies,113,Common,0.0,42.0,1000.0,1200.0,1100.0,0.0,0.0
2021-04-02 00:00:00+05:30,325,Hyderabad,7,Meeralamandi,114,Tomato,114,Common,0.0,55.0,600.0,800.0,700.0,0.0,0.0
2021-04-02 00:00:00+05:30,367,Gudimalkapur,1571,Gudumalkapur,107,Sweet Potato,107,Common,0.0,20.0,400.0,800.0,600.0,0.0,0.0
2021-04-02 00:00:00+05:30,322,Chevella,46,Chevella,99,Cauliflower,99,Common,0.0,4.0,500.0,1200.0,700.0,0.0,0.0
2021-04-02 00:00:00+05:30,274,Nakrekal,1098,Nakrekal,151,Lemon,151,Common,0.0,203.0,100.0,2300.0,1000.0,0.0,0.0
2021-04-02 00:00:00+05:30,317,Pargi,39,Pargi,15,Red Gram,15,Common,0.0,26.5,6211.0,6716.0,6262.0,0.0,0.0
2021-04-02 00:00:00+05:30,316,Narsingi,44,Narsingi,168,Cattle(All),168,Common,0.0,59.0,30000.0,60000.0,50000.0,0.0,0.0
2021-04-02 00:00:00+05:30,295,Sangareddy,1219,Sangaredy,111,Brinjal,278,Kalyani,0.0,2.0,1400.0,1600.0,1500.0,0.0,0.0
2021-04-03 00:00:00+05:30,324,Bowenpally,3,Bowenpally,107,Sweet Potato,107,Common,0.0,133.0,400.0,800.0,600.0,0.0,0.0
2021-04-03 00:00:00+05:30,323,Gaddiannaram,2,L.B Nagar,111,Brinjal,111,Common,0.0,35.0,1000.0,1100.0,1050.0,0.0,0.0
2021-04-03 00:00:00+05:30,325,Hyderabad,7,Meeralamandi,114,Tomato,114,Common,0.0,27.0,600.0,800.0,700.0,0.0,0.0
2021-04-03 00:00:00+05:30,322,Chevella,46,Chevella,99,Cauliflower,99,Common,0.0,8.0,500.0,1200.0,700.0,0.0,0.0
2021-04-03 00:00:00+05:30,325,Hyderabad,5,Mahabubmansion,105,Potato,105,Common,0.0,195.0,1100.0,1300.0,1200.0,0.0,0.0
2021-04-03 00:00:00+05:30,325,Hyderabad,6,Madannapeta,113,Green Chillies,113,Common,0.0,44.0,1300.0,1500.0,1400.0,0.0,0.0
2021-04-03 00:00:00+05:30,300,Badepally,1327,Badepally,15,Red Gram,15,Common,0.0,16.0,5910.0,6499.0,6499.0,0.0,0.0
2021-04-03 00:00:00+05:30,274,Nakrekal,1098,Nakrekal,151,Lemon,151,Common,0.0,411.0,500.0,2000.0,1200.0,0.0,0.0
2021-04-03 00:00:00+05:30,367,Gudimalkapur,1571,Gudumalkapur,107,Sweet Potato,107,Common,0.0,49.0,600.0,1000.0,800.0,0.0,0.0
2021-04-03 00:00:00+05:30,308,Nagarkurnool,1334,Nagarkurnool,15,Red Gram,15,Common,0.0,6.0,6289.0,6389.0,6389.0,0.0,0.0
2021-04-04 00:00:00+05:30,324,Bowenpally,3,Bowenpally,107,Sweet Potato,107,Common,0.0,56.0,600.0,1000.0,900.0,0.0,0.0
2021-04-04 00:00:00+05:30,325,Hyderabad,6,Madannapeta,113,Green Chillies,113,Common,0.0,39.0,1000.0,1500.0,1300.0,0.0,0.0
2021-04-04 00:00:00+05:30,323,Gaddiannaram,2,L.B Nagar,111,Brinjal,111,Common,0.0,32.0,1000.0,1100.0,1050.0,0.0,0.0
2021-04-04 00:00:00+05:30,322,Chevella,46,Chevella,99,Cauliflower,99,Common,0.0,8.0,500.0,1200.0,700.0,0.0,0.0
2021-04-04 00:00:00+05:30,295,Sangareddy,1219,Sangaredy,111,Brinjal,278,Kalyani,0.0,2.0,1400.0,1600.0,1500.0,0.0,0.0
2021-04-04 00:00:00+05:30,367,Gudimalkapur,1571,Gudumalkapur,107,Sweet Potato,107,Common,0.0,12.0,600.0,1000.0,800.0,0.0,0.0
2021-04-05 00:00:00+05:30,325,Hyderabad,6,Madannapeta,113,Green Chillies,113,Common,0.0,39.0,1000.0,1200.0,1100.0,0.0,0.0
2021-04-05 00:00:00+05:30,323,Gaddiannaram,2,L.B Nagar,111,Brinjal,111,Common,0.0,37.0,1000.0,1100.0,1050.0,0.0,0.0
2021-04-05 00:00:00+05:30,322,Chevella,46,Chevella,99,Cauliflower,99,Common,0.0,6.0,500.0,1200.0,800.0,0.0,0.0
2021-04-04 00:00:00+05:30,274,Nakrekal,1098,Nakrekal,151,Lemon,151,Common,0.0,450.0,600.0,1700.0,500.0,0.0,0.0
2021-04-05 00:00:00+05:30,325,Hyderabad,7,Meeralamandi,114,Tomato,114,Common,0.0,10.0,600.0,800.0,700.0,0.0,0.0
2021-04-05 00:00:00+05:30,325,Hyderabad,5,Mahabubmansion,105,Potato,105,Common,0.0,200.0,1200.0,1400.0,1300.0,0.0,0.0
2021-04-05 00:00:00+05:30,295,Sangareddy,1219,Sangaredy,111,Brinjal,278,Kalyani,0.0,4.0,1000.0,1600.0,1400.0,0.0,0.0
2021-04-04 00:00:00+05:30,224,Korutla,1136,Korutla,76,Mango,291,Benishan,0.0,320.0,3500.0,5000.0,4500.0,0.0,0.0
2021-04-05 00:00:00+05:30,224,Korutla,1136,Korutla,76,Mango,291,Benishan,0.0,700.0,3500.0,5000.0,4800.0,0.0,0.0
2021-04-05 00:00:00+05:30,274,Nakrekal,1098,Nakrekal,151,Lemon,151,Common,0.0,230.0,200.0,1100.0,600.0,0.0,0.0
2021-04-05 00:00:00+05:30,367,Gudimalkapur,1571,Gudumalkapur,107,Sweet Potato,107,Common,0.0,34.0,300.0,500.0,400.0,0.0,0.0
2021-04-06 00:00:00+05:30,323,Gaddiannaram,2,L.B Nagar,111,Brinjal,111,Common,0.0,35.0,1000.0,1100.0,1050.0,0.0,0.0
2021-04-06 00:00:00+05:30,324,Bowenpally,3,Bowenpally,107,Sweet Potato,107,Common,0.0,133.0,600.0,1000.0,900.0,0.0,0.0
2021-04-06 00:00:00+05:30,325,Hyderabad,7,Meeralamandi,114,Tomato,114,Common,0.0,18.0,600.0,800.0,700.0,0.0,0.0
2021-04-06 00:00:00+05:30,325,Hyderabad,5,Mahabubmansion,105,Potato,105,Common,0.0,200.0,1100.0,1400.0,1200.0,0.0,0.0
2021-04-06 00:00:00+05:30,325,Hyderabad,6,Madannapeta,113,Green Chillies,113,Common,0.0,48.0,1300.0,1800.0,1600.0,0.0,0.0
2021-04-06 00:00:00+05:30,246,Warangal,886,Warangal,15,Red Gram,15,Common,0.0,66.0,5179.0,6329.0,6222.0,0.0,0.0
2021-04-06 00:00:00+05:30,274,Nakrekal,1098,Nakrekal,151,Lemon,151,Common,0.0,365.0,300.0,1600.0,800.0,0.0,0.0
2021-04-06 00:00:00+05:30,300,Badepally,1327,Badepally,15,Red Gram,15,Common,0.0,24.0,6319.0,6479.0,6439.0,0.0,0.0
2021-04-06 00:00:00+05:30,308,Nagarkurnool,1334,Nagarkurnool,15,Red Gram,15,Common,0.0,2.0,6259.0,6259.0,6259.0,0.0,0.0
2021-04-06 00:00:00+05:30,226,Metpally,1133,Metpally,57,Tumeric,228,Bulb,0.0,1074.0,5858.0,6979.0,4019.0,0.0,0.0
2021-04-06 00:00:00+05:30,224,Korutla,1136,Korutla,76,Mango,291,Benishan,0.0,500.0,3500.0,5000.0,4500.0,0.0,0.0
2021-04-06 00:00:00+05:30,239,Kesamudram,1168,Kesamudram,25,Cotton,25,Common,0.0,107.0,3200.0,6149.0,5789.0,0.0,0.0
2021-04-06 00:00:00+05:30,241,Mahabubabad,1177,Mahabubabad,16,Green Gram,16,Common,0.0,63.0,6001.0,6601.0,6511.0,0.0,0.0
2021-04-06 00:00:00+05:30,367,Gudimalkapur,1571,Gudumalkapur,107,Sweet Potato,107,Common,0.0,15.0,400.0,600.0,500.0,0.0,0.0
2021-04-07 00:00:00+05:30,323,Gaddiannaram,2,L.B Nagar,111,Brinjal,111,Common,0.0,47.0,1000.0,1100.0,1050.0,0.0,0.0
2021-04-07 00:00:00+05:30,324,Bowenpally,3,Bowenpally,107,Sweet Potato,107,Common,0.0,57.0,500.0,1200.0,900.0,0.0,0.0
2021-04-07 00:00:00+05:30,246,Warangal,886,Warangal,15,Red Gram,15,Common,0.0,61.2,4889.0,6359.0,6169.0,0.0,0.0
2021-04-07 00:00:00+05:30,325,Hyderabad,7,Meeralamandi,114,Tomato,114,Common,0.0,60.0,600.0,800.0,700.0,0.0,0.0
2021-04-07 00:00:00+05:30,325,Hyderabad,5,Mahabubmansion,105,Potato,105,Common,0.0,230.0,1200.0,1400.0,1300.0,0.0,0.0
2021-04-07 00:00:00+05:30,325,Hyderabad,6,Madannapeta,113,Green Chillies,113,Common,0.0,39.0,1500.0,1700.0,1600.0,0.0,0.0
2021-04-07 00:00:00+05:30,322,Chevella,46,Chevella,99,Cauliflower,99,Common,0.0,6.0,500.0,1500.0,800.0,0.0,0.0
2021-04-07 00:00:00+05:30,226,Metpally,1133,Metpally,57,Tumeric,228,Bulb,0.0,1155.6,3000.0,7076.0,6363.0,0.0,0.0
2021-04-07 00:00:00+05:30,224,Korutla,1136,Korutla,76,Mango,291,Benishan,0.0,300.0,3500.0,5000.0,4800.0,0.0,0.0
2021-04-07 00:00:00+05:30,239,Kesamudram,1168,Kesamudram,25,Cotton,25,Common,0.0,109.0,3068.0,6169.0,6131.0,0.0,0.0
2021-04-07 00:00:00+05:30,241,Mahabubabad,1177,Mahabubabad,16,Green Gram,16,Common,0.0,123.0,1000.0,6602.0,6201.0,0.0,0.0
2021-04-07 00:00:00+05:30,300,Badepally,1327,Badepally,15,Red Gram,15,Common,0.0,6.0,4129.0,6297.0,5800.0,0.0,0.0
2021-04-07 00:00:00+05:30,295,Sangareddy,1219,Sangaredy,111,Brinjal,278,Kalyani,0.0,5.0,1000.0,1600.0,1400.0,0.0,0.0
2021-04-07 00:00:00+05:30,367,Gudimalkapur,1571,Gudumalkapur,107,Sweet Potato,107,Common,0.0,24.0,400.0,600.0,500.0,0.0,0.0
2021-04-08 00:00:00+05:30,324,Bowenpally,3,Bowenpally,107,Sweet Potato,107,Common,0.0,108.0,800.0,1200.0,1000.0,0.0,0.0
2021-04-08 00:00:00+05:30,325,Hyderabad,5,Mahabubmansion,105,Potato,105,Common,0.0,517.0,1200.0,1400.0,1300.0,0.0,0.0
2021-04-07 00:00:00+05:30,274,Nakrekal,1098,Nakrekal,151,Lemon,151,Common,0.0,213.0,200.0,1300.0,500.0,0.0,0.0
2021-04-08 00:00:00+05:30,323,Gaddiannaram,2,L.B Nagar,111,Brinjal,111,Common,0.0,66.0,1000.0,1500.0,1200.0,0.0,0.0
2021-04-08 00:00:00+05:30,325,Hyderabad,7,Meeralamandi,114,Tomato,114,Common,0.0,31.0,600.0,800.0,700.0,0.0,0.0
2021-04-08 00:00:00+05:30,325,Hyderabad,6,Madannapeta,113,Green Chillies,113,Common,0.0,41.0,1200.0,1600.0,1400.0,0.0,0.0
2021-04-08 00:00:00+05:30,246,Warangal,886,Warangal,15,Red Gram,15,Common,0.0,40.8,5060.0,6422.0,6230.0,0.0,0.0
2021-04-08 00:00:00+05:30,322,Chevella,46,Chevella,99,Cauliflower,99,Common,0.0,6.0,1000.0,1500.0,1200.0,0.0,0.0
2021-04-08 00:00:00+05:30,226,Metpally,1133,Metpally,57,Tumeric,228,Bulb,0.0,1035.6,3000.0,6819.0,6161.0,0.0,0.0
2021-04-08 00:00:00+05:30,239,Kesamudram,1168,Kesamudram,25,Cotton,25,Common,0.0,48.0,3069.0,6079.0,5529.0,0.0,0.0
2021-04-08 00:00:00+05:30,212,Choppadandi,1123,Choppadandi,1,Paddy,256,Grade-A (RNR),0.0,5.0,1522.0,1752.0,1752.0,0.0,0.0
2021-04-08 00:00:00+05:30,241,Mahabubabad,1177,Mahabubabad,16,Green Gram,16,Common,0.0,88.0,6121.0,6471.0,6471.0,0.0,0.0
2021-04-08 00:00:00+05:30,295,Sangareddy,1219,Sangaredy,111,Brinjal,278,Kalyani,0.0,5.0,1200.0,1500.0,1400.0,0.0,0.0
2021-04-08 00:00:00+05:30,367,Gudimalkapur,1571,Gudumalkapur,107,Sweet Potato,107,Common,0.0,20.0,300.0,500.0,400.0,0.0,0.0
2021-04-08 00:00:00+05:30,300,Badepally,1327,Badepally,15,Red Gram,15,Common,0.0,5.0,6100.0,6297.0,6100.0,0.0,0.0
2021-04-09 00:00:00+05:30,323,Gaddiannaram,2,L.B Nagar,111,Brinjal,111,Common,0.0,37.0,1000.0,1100.0,1050.0,0.0,0.0
2021-04-09 00:00:00+05:30,324,Bowenpally,3,Bowenpally,107,Sweet Potato,107,Common,0.0,62.0,500.0,1000.0,800.0,0.0,0.0
2021-04-09 00:00:00+05:30,325,Hyderabad,7,Meeralamandi,114,Tomato,114,Common,0.0,16.0,600.0,800.0,700.0,0.0,0.0
2021-04-09 00:00:00+05:30,325,Hyderabad,6,Madannapeta,113,Green Chillies,113,Common,0.0,27.0,1600.0,2000.0,1800.0,0.0,0.0
2021-04-09 00:00:00+05:30,246,Warangal,886,Warangal,15,Red Gram,15,Common,0.0,47.4,3380.0,6532.0,6444.0,0.0,0.0
2021-04-09 00:00:00+05:30,322,Chevella,46,Chevella,99,Cauliflower,99,Common,0.0,8.0,600.0,1000.0,800.0,0.0,0.0
2021-04-09 00:00:00+05:30,317,Pargi,39,Pargi,15,Red Gram,15,Common,0.0,18.5,6500.0,6859.0,6700.0,0.0,0.0
2021-04-09 00:00:00+05:30,256,Khammam,1067,Khammam,22,Cowpea,22,Common,0.0,6.0,5500.0,5500.0,5500.0,0.0,0.0
2021-04-09 00:00:00+05:30,316,Narsingi,44,Narsingi,168,Cattle(All),168,Common,0.0,60.0,20000.0,60000.0,50000.0,0.0,0.0
2021-04-09 00:00:00+05:30,295,Sangareddy,1219,Sangaredy,111,Brinjal,278,Kalyani,0.0,5.0,1200.0,1500.0,1400.0,0.0,0.0
2021-04-09 00:00:00+05:30,241,Mahabubabad,1177,Mahabubabad,16,Green Gram,16,Common,0.0,40.0,6060.0,6464.0,6464.0,0.0,0.0
2021-04-09 00:00:00+05:30,239,Kesamudram,1168,Kesamudram,25,Cotton,25,Common,0.0,166.0,3120.0,6259.0,5901.0,0.0,0.0
2021-04-09 00:00:00+05:30,274,Nakrekal,1098,Nakrekal,151,Lemon,151,Common,0.0,307.0,200.0,1200.0,800.0,0.0,0.0
2021-04-09 00:00:00+05:30,226,Metpally,1133,Metpally,57,Tumeric,228,Bulb,0.0,729.6,3000.0,7075.0,5656.0,0.0,0.0
2021-04-09 00:00:00+05:30,367,Gudimalkapur,1571,Gudumalkapur,107,Sweet Potato,107,Common,0.0,20.0,400.0,600.0,500.0,0.0,0.0
2021-04-09 00:00:00+05:30,308,Nagarkurnool,1334,Nagarkurnool,15,Red Gram,15,Common,0.0,0.5,6251.0,6251.0,6251.0,0.0,0.0
2021-04-09 00:00:00+05:30,300,Badepally,1327,Badepally,15,Red Gram,15,Common,0.0,27.0,6239.0,6239.0,6239.0,0.0,0.0
2021-04-10 00:00:00+05:30,324,Bowenpally,3,Bowenpally,107,Sweet Potato,107,Common,0.0,51.0,600.0,1000.0,800.0,0.0,0.0
2021-04-10 00:00:00+05:30,325,Hyderabad,7,Meeralamandi,114,Tomato,114,Common,0.0,16.0,600.0,800.0,700.0,0.0,0.0
2021-04-10 00:00:00+05:30,325,Hyderabad,5,Mahabubmansion,105,Potato,105,Common,0.0,387.0,1200.0,1400.0,1300.0,0.0,0.0
2021-04-10 00:00:00+05:30,325,Hyderabad,6,Madannapeta,113,Green Chillies,113,Common,0.0,35.0,1200.0,1600.0,1400.0,0.0,0.0
2021-04-10 00:00:00+05:30,322,Chevella,46,Chevella,99,Cauliflower,99,Common,0.0,6.0,500.0,1200.0,600.0,0.0,0.0
2021-04-10 00:00:00+05:30,256,Khammam,1067,Khammam,22,Cowpea,22,Common,0.0,12.0,5000.0,5600.0,5600.0,0.0,0.0
2021-04-10 00:00:00+05:30,274,Nakrekal,1098,Nakrekal,151,Lemon,151,Common,0.0,293.0,200.0,1200.0,800.0,0.0,0.0
2021-04-10 00:00:00+05:30,226,Metpally,1133,Metpally,57,Tumeric,228,Bulb,0.0,274.2,3000.0,6716.0,6511.0,0.0,0.0
2021-04-10 00:00:00+05:30,224,Korutla,1136,Korutla,76,Mango,291,Benishan,0.0,99.0,3500.0,5000.0,4500.0,0.0,0.0
2021-04-10 00:00:00+05:30,367,Gudimalkapur,1571,Gudumalkapur,107,Sweet Potato,107,Common,0.0,20.0,400.0,600.0,500.0,0.0,0.0
2021-04-10 00:00:00+05:30,295,Sangareddy,1219,Sangaredy,111,Brinjal,278,Kalyani,0.0,4.0,1200.0,1500.0,1400.0,0.0,0.0
2021-04-10 00:00:00+05:30,300,Badepally,1327,Badepally,15,Red Gram,15,Common,0.0,20.0,6111.0,6297.0,6297.0,0.0,0.0
2021-04-11 00:00:00+05:30,323,Gaddiannaram,2,L.B Nagar,111,Brinjal,111,Common,0.0,32.0,600.0,1000.0,800.0,0.0,0.0
2021-04-11 00:00:00+05:30,324,Bowenpally,3,Bowenpally,107,Sweet Potato,107,Common,0.0,177.0,600.0,1200.0,1100.0,0.0,0.0
2021-04-11 00:00:00+05:30,325,Hyderabad,6,Madannapeta,113,Green Chillies,113,Common,0.0,41.0,1200.0,1600.0,1400.0,0.0,0.0
2021-04-11 00:00:00+05:30,322,Chevella,46,Chevella,99,Cauliflower,99,Common,0.0,5.0,600.0,1200.0,850.0,0.0,0.0
2021-04-11 00:00:00+05:30,325,Hyderabad,7,Meeralamandi,114,Tomato,114,Common,0.0,11.0,600.0,800.0,700.0,0.0,0.0
2021-04-11 00:00:00+05:30,274,Nakrekal,1098,Nakrekal,151,Lemon,151,Common,0.0,253.0,100.0,1000.0,600.0,0.0,0.0
2021-04-11 00:00:00+05:30,295,Sangareddy,1219,Sangaredy,111,Brinjal,278,Kalyani,0.0,7.0,1400.0,1600.0,1600.0,0.0,0.0
2021-04-11 00:00:00+05:30,367,Gudimalkapur,1571,Gudumalkapur,107,Sweet Potato,107,Common,0.0,20.0,400.0,600.0,500.0,0.0,0.0
2021-04-12 00:00:00+05:30,324,Bowenpally,3,Bowenpally,107,Sweet Potato,107,Common,0.0,10.0,500.0,1000.0,800.0,0.0,0.0
2021-04-12 00:00:00+05:30,325,Hyderabad,6,Madannapeta,113,Green Chillies,113,Common,0.0,27.0,1600.0,2000.0,1800.0,0.0,0.0
2021-04-12 00:00:00+05:30,323,Gaddiannaram,2,L.B Nagar,111,Brinjal,111,Common,0.0,36.0,600.0,1000.0,800.0,0.0,0.0
2021-04-12 00:00:00+05:30,256,Khammam,1067,Khammam,22,Cowpea,22,Common,0.0,16.0,5550.0,5625.0,5550.0,0.0,0.0
2021-04-11 00:00:00+05:30,224,Korutla,1136,Korutla,76,Mango,291,Benishan,0.0,500.0,2500.0,4000.0,3000.0,0.0,0.0
2021-04-12 00:00:00+05:30,322,Chevella,46,Chevella,99,Cauliflower,99,Common,0.0,5.0,500.0,1200.0,800.0,0.0,0.0
2021-04-12 00:00:00+05:30,325,Hyderabad,7,Meeralamandi,114,Tomato,114,Common,0.0,30.0,600.0,800.0,700.0,0.0,0.0
2021-04-12 00:00:00+05:30,367,Gudimalkapur,1571,Gudumalkapur,107,Sweet Potato,107,Common,0.0,5.0,400.0,600.0,500.0,0.0,0.0
2021-04-12 00:00:00+05:30,224,Korutla,1136,Korutla,76,Mango,291,Benishan,0.0,500.0,2500.0,4500.0,3500.0,0.0,0.0
2021-04-12 00:00:00+05:30,295,Sangareddy,1219,Sangaredy,111,Brinjal,278,Kalyani,0.0,4.0,1200.0,1500.0,1300.0,0.0,0.0
2021-04-14 00:00:00+05:30,324,Bowenpally,3,Bowenpally,107,Sweet Potato,107,Common,0.0,53.0,400.0,1000.0,800.0,0.0,0.0
2021-04-14 00:00:00+05:30,325,Hyderabad,6,Madannapeta,113,Green Chillies,113,Common,0.0,35.0,1200.0,1600.0,1400.0,0.0,0.0
2021-04-14 00:00:00+05:30,323,Gaddiannaram,2,L.B Nagar,111,Brinjal,111,Common,0.0,26.0,600.0,1000.0,800.0,0.0,0.0
2021-04-14 00:00:00+05:30,322,Chevella,46,Chevella,99,Cauliflower,99,Common,0.0,7.0,500.0,1200.0,800.0,0.0,0.0
2021-04-14 00:00:00+05:30,325,Hyderabad,7,Meeralamandi,114,Tomato,114,Common,0.0,5.0,600.0,800.0,700.0,0.0,0.0
2021-04-14 00:00:00+05:30,295,Sangareddy,1219,Sangaredy,111,Brinjal,278,Kalyani,0.0,4.0,1200.0,1500.0,1400.0,0.0,0.0
2021-04-14 00:00:00+05:30,274,Nakrekal,1098,Nakrekal,151,Lemon,151,Common,0.0,199.0,100.0,1200.0,500.0,0.0,0.0
2021-04-14 00:00:00+05:30,331,Vantimamidi,1612,Vantimamidi,106,ColaCasio(Arvi),106,Common,0.0,1.0,1000.0,1000.0,1000.0,0.0,0.0
2021-04-15 00:00:00+05:30,324,Bowenpally,3,Bowenpally,107,Sweet Potato,107,Common,0.0,30.0,600.0,1000.0,800.0,0.0,0.0
2021-04-15 00:00:00+05:30,246,Warangal,886,Warangal,15,Red Gram,15,Common,0.0,47.4,4889.0,6552.0,5679.0,0.0,0.0
2021-04-15 00:00:00+05:30,322,Chevella,46,Chevella,99,Cauliflower,99,Common,0.0,7.0,500.0,1000.0,700.0,0.0,0.0
2021-04-15 00:00:00+05:30,325,Hyderabad,7,Meeralamandi,114,Tomato,114,Common,0.0,22.0,600.0,800.0,700.0,0.0,0.0
2021-04-15 00:00:00+05:30,325,Hyderabad,5,Mahabubmansion,105,Potato,105,Common,0.0,374.0,1200.0,1400.0,1300.0,0.0,0.0
2021-04-14 00:00:00+05:30,224,Korutla,1136,Korutla,76,Mango,291,Benishan,0.0,600.0,2500.0,3500.0,3000.0,0.0,0.0
2021-04-15 00:00:00+05:30,325,Hyderabad,6,Madannapeta,113,Green Chillies,113,Common,0.0,38.0,2000.0,2500.0,2250.0,0.0,0.0
2021-04-15 00:00:00+05:30,323,Gaddiannaram,2,L.B Nagar,111,Brinjal,111,Common,0.0,36.0,600.0,1000.0,800.0,0.0,0.0
2021-04-15 00:00:00+05:30,239,Kesamudram,1168,Kesamudram,25,Cotton,25,Common,0.0,55.0,3508.0,6089.0,6069.0,0.0,0.0
2021-04-15 00:00:00+05:30,224,Korutla,1136,Korutla,76,Mango,291,Benishan,0.0,500.0,2500.0,3500.0,3000.0,0.0,0.0
2021-04-15 00:00:00+05:30,256,Khammam,1067,Khammam,22,Cowpea,22,Common,0.0,23.0,5575.0,5600.0,5575.0,0.0,0.0
2021-04-15 00:00:00+05:30,278,Suryapet,1091,Suryapet,6,Jowar,225,White,0.0,13.0,2543.0,2543.0,2543.0,0.0,0.0
2021-04-15 00:00:00+05:30,295,Sangareddy,1219,Sangaredy,111,Brinjal,278,Kalyani,0.0,4.0,1000.0,1300.0,1200.0,0.0,0.0
2021-04-16 00:00:00+05:30,324,Bowenpally,3,Bowenpally,107,Sweet Potato,107,Common,0.0,61.0,600.0,1200.0,1000.0,0.0,0.0
2021-04-15 00:00:00+05:30,300,Badepally,1327,Badepally,15,Red Gram,15,Common,0.0,4.0,4600.0,6297.0,4600.0,0.0,0.0
2021-04-16 00:00:00+05:30,323,Gaddiannaram,2,L.B Nagar,111,Brinjal,111,Common,0.0,50.0,600.0,1000.0,800.0,0.0,0.0
2021-04-16 00:00:00+05:30,317,Pargi,39,Pargi,15,Red Gram,15,Common,0.0,69.5,6600.0,7050.0,6666.0,0.0,0.0
2021-04-16 00:00:00+05:30,316,Narsingi,44,Narsingi,168,Cattle(All),168,Common,0.0,56.0,20000.0,60000.0,50000.0,0.0,0.0
2021-04-16 00:00:00+05:30,325,Hyderabad,7,Meeralamandi,114,Tomato,114,Common,0.0,35.0,400.0,600.0,500.0,0.0,0.0
2021-04-16 00:00:00+05:30,325,Hyderabad,6,Madannapeta,113,Green Chillies,113,Common,0.0,41.0,1000.0,2000.0,1500.0,0.0,0.0
2021-04-16 00:00:00+05:30,322,Chevella,46,Chevella,99,Cauliflower,99,Common,0.0,5.0,600.0,1200.0,900.0,0.0,0.0
2021-04-16 00:00:00+05:30,246,Warangal,886,Warangal,15,Red Gram,15,Common,0.0,36.6,5779.0,6569.0,6422.0,0.0,0.0
2021-04-16 00:00:00+05:30,256,Khammam,1067,Khammam,22,Cowpea,22,Common,0.0,42.0,5400.0,5550.0,5525.0,0.0,0.0
2021-04-16 00:00:00+05:30,239,Kesamudram,1168,Kesamudram,25,Cotton,25,Common,0.0,91.0,3368.0,6011.0,5611.0,0.0,0.0
2021-04-16 00:00:00+05:30,241,Mahabubabad,1177,Mahabubabad,16,Green Gram,16,Common,0.0,54.0,4500.0,6725.0,6725.0,0.0,0.0
2021-04-16 00:00:00+05:30,295,Sangareddy,1219,Sangaredy,111,Brinjal,278,Kalyani,0.0,4.0,1000.0,1400.0,1200.0,0.0,0.0
2021-04-16 00:00:00+05:30,274,Nakrekal,1098,Nakrekal,151,Lemon,151,Common,0.0,441.0,100.0,1100.0,400.0,0.0,0.0
2021-04-16 00:00:00+05:30,300,Badepally,1327,Badepally,15,Red Gram,15,Common,0.0,10.0,6275.0,6275.0,6275.0,0.0,0.0
2021-04-17 00:00:00+05:30,323,Gaddiannaram,2,L.B Nagar,111,Brinjal,111,Common,0.0,47.0,800.0,1200.0,1000.0,0.0,0.0
2021-04-17 00:00:00+05:30,324,Bowenpally,3,Bowenpally,107,Sweet Potato,107,Common,0.0,114.0,800.0,1200.0,1000.0,0.0,0.0
2021-04-17 00:00:00+05:30,325,Hyderabad,7,Meeralamandi,114,Tomato,114,Common,0.0,33.0,320.0,400.0,360.0,0.0,0.0
2021-04-17 00:00:00+05:30,322,Chevella,46,Chevella,99,Cauliflower,99,Common,0.0,6.0,600.0,1200.0,900.0,0.0,0.0
2021-04-17 00:00:00+05:30,256,Khammam,1067,Khammam,22,Cowpea,22,Common,0.0,20.0,5350.0,5600.0,5350.0,0.0,0.0
2021-04-17 00:00:00+05:30,295,Sangareddy,1219,Sangaredy,111,Brinjal,278,Kalyani,0.0,4.0,1000.0,1600.0,1200.0,0.0,0.0
2021-04-17 00:00:00+05:30,300,Badepally,1327,Badepally,15,Red Gram,15,Common,0.0,11.0,4600.0,6490.0,6490.0,0.0,0.0
2021-04-17 00:00:00+05:30,224,Korutla,1136,Korutla,76,Mango,291,Benishan,0.0,500.0,2100.0,3500.0,3000.0,0.0,0.0
2021-04-17 00:00:00+05:30,274,Nakrekal,1098,Nakrekal,151,Lemon,151,Common,0.0,515.0,100.0,1400.0,600.0,0.0,0.0
2021-04-17 00:00:00+05:30,367,Gudimalkapur,1571,Gudumalkapur,107,Sweet Potato,107,Common,0.0,4.0,600.0,800.0,700.0,0.0,0.0
2021-04-17 00:00:00+05:30,331,Vantimamidi,1612,Vantimamidi,106,ColaCasio(Arvi),106,Common,0.0,2.0,1200.0,1200.0,1200.0,0.0,0.0
2021-04-18 00:00:00+05:30,322,Chevella,46,Chevella,99,Cauliflower,99,Common,0.0,5.0,600.0,1200.0,900.0,0.0,0.0
2021-04-18 00:00:00+05:30,323,Gaddiannaram,2,L.B Nagar,111,Brinjal,111,Common,0.0,45.0,800.0,1200.0,1000.0,0.0,0.0
2021-04-18 00:00:00+05:30,325,Hyderabad,7,Meeralamandi,114,Tomato,114,Common,0.0,20.0,400.0,600.0,500.0,0.0,0.0
2021-04-18 00:00:00+05:30,274,Nakrekal,1098,Nakrekal,151,Lemon,151,Common,0.0,473.0,100.0,1200.0,500.0,0.0,0.0
2021-04-18 00:00:00+05:30,295,Sangareddy,1219,Sangaredy,111,Brinjal,278,Kalyani,0.0,3.0,1000.0,1400.0,1200.0,0.0,0.0
2021-04-18 00:00:00+05:30,367,Gudimalkapur,1571,Gudumalkapur,107,Sweet Potato,107,Common,0.0,7.0,600.0,800.0,700.0,0.0,0.0
2021-04-18 00:00:00+05:30,331,Vantimamidi,1612,Vantimamidi,106,ColaCasio(Arvi),106,Common,0.0,2.0,1500.0,1500.0,1500.0,0.0,0.0
2021-04-19 00:00:00+05:30,323,Gaddiannaram,2,L.B Nagar,111,Brinjal,111,Common,0.0,33.0,800.0,1200.0,1000.0,0.0,0.0
2021-04-19 00:00:00+05:30,324,Bowenpally,3,Bowenpally,107,Sweet Potato,107,Common,0.0,163.0,500.0,1200.0,1000.0,0.0,0.0
2021-04-19 00:00:00+05:30,325,Hyderabad,7,Meeralamandi,114,Tomato,114,Common,0.0,17.0,320.0,400.0,360.0,0.0,0.0
2021-04-19 00:00:00+05:30,325,Hyderabad,5,Mahabubmansion,105,Potato,105,Common,0.0,192.0,1200.0,1400.0,1300.0,0.0,0.0
2021-04-19 00:00:00+05:30,246,Warangal,886,Warangal,15,Red Gram,15,Common,0.0,49.2,5569.0,6589.0,6469.0,0.0,0.0
2021-04-19 00:00:00+05:30,322,Chevella,46,Chevella,99,Cauliflower,99,Common,0.0,5.0,600.0,1200.0,900.0,0.0,0.0
2021-04-19 00:00:00+05:30,256,Khammam,1067,Khammam,22,Cowpea,22,Common,0.0,3.0,5400.0,5400.0,5400.0,0.0,0.0
2021-04-19 00:00:00+05:30,295,Sangareddy,1219,Sangaredy,111,Brinjal,278,Kalyani,0.0,3.0,1200.0,1500.0,1300.0,0.0,0.0
2021-04-19 00:00:00+05:30,300,Badepally,1327,Badepally,15,Red Gram,15,Common,0.0,3.0,5600.0,6050.0,5800.0,0.0,0.0
2021-04-19 00:00:00+05:30,239,Kesamudram,1168,Kesamudram,25,Cotton,25,Common,0.0,110.0,3551.0,6160.0,5639.0,0.0,0.0
2021-04-19 00:00:00+05:30,241,Mahabubabad,1177,Mahabubabad,16,Green Gram,16,Common,0.0,72.0,5001.0,6806.0,6756.0,0.0,0.0
2021-04-19 00:00:00+05:30,274,Nakrekal,1098,Nakrekal,151,Lemon,151,Common,0.0,384.0,100.0,1400.0,600.0,0.0,0.0
2021-04-19 00:00:00+05:30,226,Metpally,1133,Metpally,57,Tumeric,228,Bulb,0.0,430.2,3000.0,6575.0,6363.0,0.0,0.0
2021-04-19 00:00:00+05:30,367,Gudimalkapur,1571,Gudumalkapur,107,Sweet Potato,107,Common,0.0,19.0,600.0,800.0,700.0,0.0,0.0
2021-04-20 00:00:00+05:30,324,Bowenpally,3,Bowenpally,107,Sweet Potato,107,Common,0.0,149.0,600.0,1000.0,800.0,0.0,0.0
2021-04-19 00:00:00+05:30,308,Nagarkurnool,1334,Nagarkurnool,15,Red Gram,15,Common,0.0,1.0,6009.0,6009.0,6009.0,0.0,0.0
2021-04-20 00:00:00+05:30,323,Gaddiannaram,2,L.B Nagar,111,Brinjal,111,Common,0.0,40.0,800.0,1000.0,900.0,0.0,0.0
2021-04-20 00:00:00+05:30,246,Warangal,886,Warangal,15,Red Gram,15,Common,0.0,18.6,6382.0,6586.0,6412.0,0.0,0.0
2021-04-20 00:00:00+05:30,325,Hyderabad,6,Madannapeta,113,Green Chillies,113,Common,0.0,28.0,2000.0,2000.0,2000.0,0.0,0.0
2021-04-20 00:00:00+05:30,325,Hyderabad,7,Meeralamandi,114,Tomato,114,Common,0.0,38.0,400.0,480.0,440.0,0.0,0.0
2021-04-20 00:00:00+05:30,226,Metpally,1133,Metpally,57,Tumeric,228,Bulb,0.0,309.0,4346.0,6858.0,5159.0,0.0,0.0
2021-04-20 00:00:00+05:30,239,Kesamudram,1168,Kesamudram,25,Cotton,25,Common,0.0,95.0,3468.0,5988.0,5233.0,0.0,0.0
2021-04-20 00:00:00+05:30,274,Nakrekal,1098,Nakrekal,151,Lemon,151,Common,0.0,352.0,100.0,1100.0,700.0,0.0,0.0
2021-04-20 00:00:00+05:30,219,Jagtial,1125,Jagtial,16,Green Gram,16,Common,0.0,1.0,5252.0,5252.0,5252.0,0.0,0.0
2021-04-20 00:00:00+05:30,241,Mahabubabad,1177,Mahabubabad,16,Green Gram,16,Common,0.0,43.0,2001.0,6791.0,6701.0,0.0,0.0
2021-04-20 00:00:00+05:30,367,Gudimalkapur,1571,Gudumalkapur,107,Sweet Potato,107,Common,0.0,8.0,600.0,800.0,700.0,0.0,0.0
2021-04-21 00:00:00+05:30,325,Hyderabad,7,Meeralamandi,114,Tomato,114,Common,0.0,31.0,400.0,480.0,440.0,0.0,0.0
2021-04-21 00:00:00+05:30,274,Nakrekal,1098,Nakrekal,151,Lemon,151,Common,0.0,277.0,100.0,1100.0,600.0,0.0,0.0
2021-04-21 00:00:00+05:30,295,Sangareddy,1219,Sangaredy,111,Brinjal,278,Kalyani,0.0,3.0,1200.0,1400.0,1300.0,0.0,0.0
2021-04-21 00:00:00+05:30,322,Chevella,46,Chevella,99,Cauliflower,99,Common,0.0,5.0,600.0,1300.0,800.0,0.0,0.0
2021-04-21 00:00:00+05:30,323,Gaddiannaram,2,L.B Nagar,111,Brinjal,111,Common,0.0,27.0,1000.0,1100.0,1050.0,0.0,0.0
2021-04-21 00:00:00+05:30,367,Gudimalkapur,1571,Gudumalkapur,107,Sweet Potato,107,Common,0.0,17.0,600.0,800.0,700.0,0.0,0.0
2021-04-22 00:00:00+05:30,323,Gaddiannaram,2,L.B Nagar,111,Brinjal,111,Common,0.0,40.0,800.0,1200.0,1000.0,0.0,0.0
2021-04-22 00:00:00+05:30,322,Chevella,46,Chevella,99,Cauliflower,99,Common,0.0,6.0,500.0,1200.0,700.0,0.0,0.0
2021-04-22 00:00:00+05:30,325,Hyderabad,5,Mahabubmansion,105,Potato,105,Common,0.0,392.0,1200.0,1400.0,1300.0,0.0,0.0
2021-04-22 00:00:00+05:30,325,Hyderabad,7,Meeralamandi,114,Tomato,114,Common,0.0,23.0,400.0,600.0,500.0,0.0,0.0
2021-04-22 00:00:00+05:30,246,Warangal,886,Warangal,15,Red Gram,15,Common,0.0,29.4,4052.0,6516.0,6489.0,0.0,0.0
2021-04-22 00:00:00+05:30,256,Khammam,1067,Khammam,22,Cowpea,22,Common,0.0,5.0,5400.0,5400.0,5400.0,0.0,0.0
2021-04-22 00:00:00+05:30,295,Sangareddy,1219,Sangaredy,111,Brinjal,278,Kalyani,0.0,4.0,1200.0,1500.0,1400.0,0.0,0.0
2021-04-22 00:00:00+05:30,300,Badepally,1327,Badepally,15,Red Gram,15,Common,0.0,2.0,5826.0,5916.0,5826.0,0.0,0.0
2021-04-22 00:00:00+05:30,241,Mahabubabad,1177,Mahabubabad,16,Green Gram,16,Common,0.0,39.0,2630.0,6801.0,6801.0,0.0,0.0
2021-04-22 00:00:00+05:30,226,Metpally,1133,Metpally,57,Tumeric,228,Bulb,0.0,346.2,4351.0,6619.0,6371.0,0.0,0.0
2021-04-22 00:00:00+05:30,219,Jagtial,1125,Jagtial,16,Green Gram,16,Common,0.0,3.0,5656.0,5656.0,5656.0,0.0,0.0
2021-04-22 00:00:00+05:30,239,Kesamudram,1168,Kesamudram,25,Cotton,25,Common,0.0,45.0,3911.0,6166.0,5866.0,0.0,0.0
2021-04-22 00:00:00+05:30,367,Gudimalkapur,1571,Gudumalkapur,107,Sweet Potato,107,Common,0.0,21.0,600.0,800.0,700.0,0.0,0.0
2021-04-23 00:00:00+05:30,246,Warangal,886,Warangal,15,Red Gram,15,Common,0.0,37.8,4812.0,6469.0,6402.0,0.0,0.0
2021-04-23 00:00:00+05:30,317,Pargi,39,Pargi,15,Red Gram,15,Common,0.0,28.0,6262.0,6812.0,6512.0,0.0,0.0
2021-04-23 00:00:00+05:30,316,Narsingi,44,Narsingi,168,Cattle(All),168,Common,0.0,60.0,30000.0,60000.0,50000.0,0.0,0.0
2021-04-23 00:00:00+05:30,325,Hyderabad,7,Meeralamandi,114,Tomato,114,Common,0.0,15.0,400.0,600.0,500.0,0.0,0.0
2021-04-23 00:00:00+05:30,325,Hyderabad,5,Mahabubmansion,105,Potato,105,Common,0.0,371.0,1100.0,1300.0,1200.0,0.0,0.0
2021-04-23 00:00:00+05:30,323,Gaddiannaram,2,L.B Nagar,111,Brinjal,111,Common,0.0,40.0,800.0,1200.0,1000.0,0.0,0.0
2021-04-23 00:00:00+05:30,274,Nakrekal,1098,Nakrekal,151,Lemon,151,Common,0.0,274.0,100.0,1000.0,400.0,0.0,0.0
2021-04-23 00:00:00+05:30,322,Chevella,46,Chevella,99,Cauliflower,99,Common,0.0,5.0,800.0,1500.0,900.0,0.0,0.0
2021-04-23 00:00:00+05:30,256,Khammam,1067,Khammam,22,Cowpea,22,Common,0.0,59.0,5300.0,5425.0,5425.0,0.0,0.0
2021-04-23 00:00:00+05:30,239,Kesamudram,1168,Kesamudram,25,Cotton,25,Common,0.0,99.0,3669.0,6189.0,5655.0,0.0,0.0
2021-04-23 00:00:00+05:30,241,Mahabubabad,1177,Mahabubabad,16,Green Gram,16,Common,0.0,13.0,6515.0,6801.0,6801.0,0.0,0.0
2021-04-23 00:00:00+05:30,226,Metpally,1133,Metpally,57,Tumeric,228,Bulb,0.0,276.6,3000.0,7066.0,6201.0,0.0,0.0
2021-04-23 00:00:00+05:30,295,Sangareddy,1219,Sangaredy,111,Brinjal,278,Kalyani,0.0,3.0,1200.0,1500.0,1400.0,0.0,0.0
2021-04-23 00:00:00+05:30,367,Gudimalkapur,1571,Gudumalkapur,107,Sweet Potato,107,Common,0.0,1200.0,800.0,1000.0,900.0,0.0,0.0
2021-04-23 00:00:00+05:30,331,Vantimamidi,1612,Vantimamidi,106,ColaCasio(Arvi),106,Common,0.0,1.0,1000.0,1000.0,1000.0,0.0,0.0
2021-04-23 00:00:00+05:30,308,Nagarkurnool,1334,Nagarkurnool,15,Red Gram,15,Common,0.0,0.5,6219.0,6219.0,6219.0,0.0,0.0
2021-04-24 00:00:00+05:30,322,Chevella,46,Chevella,99,Cauliflower,99,Common,0.0,5.0,500.0,1200.0,800.0,0.0,0.0
2021-04-24 00:00:00+05:30,256,Khammam,1067,Khammam,22,Cowpea,22,Common,0.0,54.0,5000.0,5400.0,5400.0,0.0,0.0
2021-04-24 00:00:00+05:30,323,Gaddiannaram,2,L.B Nagar,111,Brinjal,111,Common,0.0,53.0,1000.0,1100.0,1050.0,0.0,0.0
2021-04-24 00:00:00+05:30,226,Metpally,1133,Metpally,57,Tumeric,228,Bulb,0.0,79.8,5204.0,6500.0,6268.0,0.0,0.0
2021-04-24 00:00:00+05:30,274,Nakrekal,1098,Nakrekal,151,Lemon,151,Common,0.0,247.0,100.0,1000.0,400.0,0.0,0.0
2021-04-24 00:00:00+05:30,295,Sangareddy,1219,Sangaredy,111,Brinjal,278,Kalyani,0.0,4.0,1200.0,1500.0,1300.0,0.0,0.0
2021-04-24 00:00:00+05:30,331,Vantimamidi,1612,Vantimamidi,106,ColaCasio(Arvi),106,Common,0.0,2.0,1000.0,1000.0,1000.0,0.0,0.0
2021-04-25 00:00:00+05:30,325,Hyderabad,7,Meeralamandi,114,Tomato,114,Common,0.0,12.0,400.0,600.0,500.0,0.0,0.0
2021-04-25 00:00:00+05:30,274,Nakrekal,1098,Nakrekal,151,Lemon,151,Common,0.0,262.0,100.0,1000.0,400.0,0.0,0.0
2021-04-25 00:00:00+05:30,322,Chevella,46,Chevella,99,Cauliflower,99,Common,0.0,5.0,500.0,1000.0,800.0,0.0,0.0
2021-04-25 00:00:00+05:30,325,Hyderabad,6,Madannapeta,113,Green Chillies,113,Common,0.0,39.0,1500.0,1700.0,1600.0,0.0,0.0
2021-04-25 00:00:00+05:30,323,Gaddiannaram,2,L.B Nagar,111,Brinjal,111,Common,0.0,49.0,1000.0,1100.0,1050.0,0.0,0.0
2021-04-25 00:00:00+05:30,295,Sangareddy,1219,Sangaredy,111,Brinjal,278,Kalyani,0.0,3.0,1200.0,1500.0,1400.0,0.0,0.0
2021-04-25 00:00:00+05:30,224,Korutla,1136,Korutla,76,Mango,291,Benishan,0.0,500.0,2000.0,3500.0,3000.0,0.0,0.0
2021-04-26 00:00:00+05:30,325,Hyderabad,6,Madannapeta,113,Green Chillies,113,Common,0.0,37.0,1600.0,2000.0,1800.0,0.0,0.0
2021-04-26 00:00:00+05:30,325,Hyderabad,5,Mahabubmansion,105,Potato,105,Common,0.0,1050.0,1100.0,1300.0,1200.0,0.0,0.0
2021-04-26 00:00:00+05:30,323,Gaddiannaram,2,L.B Nagar,111,Brinjal,111,Common,0.0,41.0,1000.0,1100.0,1050.0,0.0,0.0
2021-04-26 00:00:00+05:30,239,Kesamudram,1168,Kesamudram,25,Cotton,25,Common,0.0,46.0,3011.0,5911.0,5275.0,0.0,0.0
2021-04-26 00:00:00+05:30,274,Nakrekal,1098,Nakrekal,151,Lemon,151,Common,0.0,400.0,100.0,800.0,500.0,0.0,0.0
2021-04-26 00:00:00+05:30,241,Mahabubabad,1177,Mahabubabad,16,Green Gram,16,Common,0.0,43.0,4150.0,6750.0,6750.0,0.0,0.0
2021-04-26 00:00:00+05:30,322,Chevella,46,Chevella,99,Cauliflower,99,Common,0.0,4.0,500.0,1000.0,700.0,0.0,0.0
2021-04-26 00:00:00+05:30,325,Hyderabad,7,Meeralamandi,114,Tomato,114,Common,0.0,13.0,400.0,600.0,500.0,0.0,0.0
2021-04-26 00:00:00+05:30,256,Khammam,1067,Khammam,22,Cowpea,22,Common,0.0,30.0,5350.0,5400.0,5400.0,0.0,0.0
2021-04-26 00:00:00+05:30,367,Gudimalkapur,1571,Gudumalkapur,107,Sweet Potato,107,Common,0.0,5.0,600.0,800.0,700.0,0.0,0.0
2021-04-26 00:00:00+05:30,295,Sangareddy,1219,Sangaredy,111,Brinjal,278,Kalyani,0.0,2.0,1200.0,1500.0,1300.0,0.0,0.0
2021-04-27 00:00:00+05:30,323,Gaddiannaram,2,L.B Nagar,111,Brinjal,111,Common,0.0,38.0,800.0,1000.0,900.0,0.0,0.0
2021-04-26 00:00:00+05:30,331,Vantimamidi,1612,Vantimamidi,106,ColaCasio(Arvi),106,Common,0.0,2.0,1200.0,1200.0,1200.0,0.0,0.0
2021-04-27 00:00:00+05:30,325,Hyderabad,6,Madannapeta,113,Green Chillies,113,Common,0.0,45.0,1600.0,2000.0,1800.0,0.0,0.0
2021-04-27 00:00:00+05:30,325,Hyderabad,7,Meeralamandi,114,Tomato,114,Common,0.0,26.0,400.0,600.0,500.0,0.0,0.0
2021-04-27 00:00:00+05:30,325,Hyderabad,5,Mahabubmansion,105,Potato,105,Common,0.0,193.0,1100.0,1300.0,1200.0,0.0,0.0
2021-04-27 00:00:00+05:30,274,Nakrekal,1098,Nakrekal,151,Lemon,151,Common,0.0,360.0,100.0,800.0,400.0,0.0,0.0
2021-04-27 00:00:00+05:30,256,Khammam,1067,Khammam,22,Cowpea,22,Common,0.0,30.0,5100.0,5100.0,5100.0,0.0,0.0
2021-04-27 00:00:00+05:30,308,Nagarkurnool,1334,Nagarkurnool,15,Red Gram,15,Common,0.0,1.0,5600.0,5600.0,5600.0,0.0,0.0
2021-04-27 00:00:00+05:30,239,Kesamudram,1168,Kesamudram,25,Cotton,25,Common,0.0,70.0,3021.0,6066.0,5966.0,0.0,0.0
2021-04-27 00:00:00+05:30,241,Mahabubabad,1177,Mahabubabad,16,Green Gram,16,Common,0.0,54.0,6101.0,6711.0,6701.0,0.0,0.0
2021-04-27 00:00:00+05:30,331,Vantimamidi,1612,Vantimamidi,106,ColaCasio(Arvi),106,Common,0.0,2.0,1000.0,1000.0,1000.0,0.0,0.0
2021-04-28 00:00:00+05:30,325,Hyderabad,6,Madannapeta,113,Green Chillies,113,Common,0.0,43.0,1700.0,2200.0,1800.0,0.0,0.0
2021-04-28 00:00:00+05:30,323,Gaddiannaram,2,L.B Nagar,111,Brinjal,111,Common,0.0,40.0,800.0,1200.0,1000.0,0.0,0.0
2021-04-28 00:00:00+05:30,325,Hyderabad,7,Meeralamandi,114,Tomato,114,Common,0.0,17.0,520.0,600.0,560.0,0.0,0.0
2021-04-28 00:00:00+05:30,325,Hyderabad,5,Mahabubmansion,105,Potato,105,Common,0.0,194.0,1100.0,1300.0,1200.0,0.0,0.0
2021-04-28 00:00:00+05:30,322,Chevella,46,Chevella,99,Cauliflower,99,Common,0.0,6.0,500.0,1200.0,800.0,0.0,0.0
2021-04-28 00:00:00+05:30,256,Khammam,1067,Khammam,22,Cowpea,22,Common,0.0,13.0,5100.0,5401.0,5401.0,0.0,0.0
2021-04-28 00:00:00+05:30,295,Sangareddy,1219,Sangaredy,111,Brinjal,278,Kalyani,0.0,2.0,1200.0,1600.0,1400.0,0.0,0.0
2021-04-28 00:00:00+05:30,300,Badepally,1327,Badepally,15,Red Gram,15,Common,0.0,20.0,5911.0,5911.0,5911.0,0.0,0.0
2021-04-28 00:00:00+05:30,226,Metpally,1133,Metpally,57,Tumeric,228,Bulb,0.0,200.4,3001.0,6328.0,6250.0,0.0,0.0
2021-04-28 00:00:00+05:30,224,Korutla,1136,Korutla,76,Mango,291,Benishan,0.0,530.0,2500.0,3500.0,3000.0,0.0,0.0
2021-04-28 00:00:00+05:30,239,Kesamudram,1168,Kesamudram,25,Cotton,25,Common,0.0,31.0,3055.0,5888.0,5888.0,0.0,0.0
2021-04-28 00:00:00+05:30,241,Mahabubabad,1177,Mahabubabad,16,Green Gram,16,Common,0.0,23.0,4000.0,6556.0,6501.0,0.0,0.0
2021-04-28 00:00:00+05:30,367,Gudimalkapur,1571,Gudumalkapur,107,Sweet Potato,107,Common,0.0,5.0,600.0,800.0,700.0,0.0,0.0
2021-04-28 00:00:00+05:30,331,Vantimamidi,1612,Vantimamidi,106,ColaCasio(Arvi),106,Common,0.0,2.0,1200.0,1200.0,1200.0,0.0,0.0
2021-04-29 00:00:00+05:30,323,Gaddiannaram,2,L.B Nagar,111,Brinjal,111,Common,0.0,30.0,800.0,1200.0,1000.0,0.0,0.0
2021-04-29 00:00:00+05:30,325,Hyderabad,7,Meeralamandi,114,Tomato,114,Common,0.0,28.0,400.0,600.0,500.0,0.0,0.0
2021-04-29 00:00:00+05:30,325,Hyderabad,6,Madannapeta,113,Green Chillies,113,Common,0.0,35.0,1600.0,2000.0,1800.0,0.0,0.0
2021-04-29 00:00:00+05:30,239,Kesamudram,1168,Kesamudram,25,Cotton,25,Common,0.0,97.0,3005.0,5725.0,5700.0,0.0,0.0
2021-04-29 00:00:00+05:30,226,Metpally,1133,Metpally,57,Tumeric,228,Bulb,0.0,111.6,4802.0,6251.0,6250.0,0.0,0.0
2021-04-29 00:00:00+05:30,224,Korutla,1136,Korutla,76,Mango,291,Benishan,0.0,300.0,1500.0,2500.0,2000.0,0.0,0.0
2021-04-29 00:00:00+05:30,241,Mahabubabad,1177,Mahabubabad,16,Green Gram,16,Common,0.0,23.0,6360.0,6600.0,6600.0,0.0,0.0
2021-04-29 00:00:00+05:30,322,Chevella,46,Chevella,99,Cauliflower,99,Common,0.0,4.0,400.0,800.0,600.0,0.0,0.0
2021-04-29 00:00:00+05:30,331,Vantimamidi,1612,Vantimamidi,106,ColaCasio(Arvi),106,Common,0.0,2.0,1000.0,1000.0,1000.0,0.0,0.0
2021-04-29 00:00:00+05:30,308,Nagarkurnool,1334,Nagarkurnool,15,Red Gram,15,Common,0.0,1.0,6009.0,6009.0,6009.0,0.0,0.0
2021-04-29 00:00:00+05:30,295,Sangareddy,1219,Sangaredy,111,Brinjal,278,Kalyani,0.0,2.0,1200.0,1600.0,1400.0,0.0,0.0
2021-04-30 00:00:00+05:30,274,Nakrekal,1098,Nakrekal,151,Lemon,151,Common,0.0,1070.0,100.0,700.0,300.0,0.0,0.0
2021-04-30 00:00:00+05:30,226,Metpally,1133,Metpally,57,Tumeric,228,Bulb,0.0,57.0,3001.0,6251.0,5800.0,0.0,0.0
2021-04-30 00:00:00+05:30,224,Korutla,1136,Korutla,76,Mango,291,Benishan,0.0,500.0,1500.0,2500.0,2000.0,0.0,0.0
2021-04-30 00:00:00+05:30,322,Chevella,46,Chevella,99,Cauliflower,99,Common,0.0,5.0,600.0,1000.0,800.0,0.0,0.0
2021-04-30 00:00:00+05:30,316,Narsingi,44,Narsingi,168,Cattle(All),168,Common,0.0,60.0,20000.0,60000.0,50000.0,0.0,0.0
2021-04-30 00:00:00+05:30,324,Bowenpally,3,Bowenpally,107,Sweet Potato,107,Common,0.0,40.0,600.0,1000.0,800.0,0.0,0.0
2021-04-30 00:00:00+05:30,325,Hyderabad,6,Madannapeta,113,Green Chillies,113,Common,0.0,43.0,1700.0,2200.0,1800.0,0.0,0.0
2021-04-30 00:00:00+05:30,323,Gaddiannaram,2,L.B Nagar,111,Brinjal,111,Common,0.0,34.0,1000.0,1100.0,1050.0,0.0,0.0
2021-04-30 00:00:00+05:30,295,Sangareddy,1219,Sangaredy,111,Brinjal,278,Kalyani,0.0,2.0,1400.0,1600.0,1500.0,0.0,0.0
2021-04-07 00:00:00+05:30,323,Gaddiannaram,2,L.B Nagar,112,Ladys Finger,112,Common,0.0,59.0,1000.0,1500.0,1200.0,0.0,0.0
2021-04-07 00:00:00+05:30,323,Gaddiannaram,1,Gaddiannaram,81,Grapes,296,Black,0.0,244.0,1400.0,5100.0,2100.0,0.0,0.0
2021-04-06 00:00:00+05:30,239,Kesamudram,1168,Kesamudram,30,Groundnut pods,30,Common,0.0,98.0,3011.0,5251.0,5200.0,0.0,0.0
2021-04-06 00:00:00+05:30,308,Nagarkurnool,1334,Nagarkurnool,16,Green Gram,16,Common,0.0,6.0,6789.0,6789.0,6789.0,0.0,0.0
2021-04-06 00:00:00+05:30,306,Mahbubnagar,1326,Mahaboobnagar,47,Tamarind Seed,47,Common,0.0,432.0,1315.0,1321.0,1321.0,0.0,0.0
2021-04-06 00:00:00+05:30,320,Tandur,37,Tandur,30,Groundnut pods,30,Common,0.0,92.0,5805.0,5940.0,5901.0,0.0,0.0
2021-04-06 00:00:00+05:30,278,Suryapet,1091,Suryapet,15,Red Gram,15,Common,0.0,254.0,4059.0,6822.0,6467.0,0.0,0.0
2021-04-06 00:00:00+05:30,246,Warangal,886,Warangal,16,Green Gram,16,Common,0.0,24.0,5052.0,6600.0,6408.0,0.0,0.0
2021-04-06 00:00:00+05:30,325,Hyderabad,6,Madannapeta,114,Tomato,114,Common,0.0,155.0,600.0,1200.0,800.0,0.0,0.0
2021-04-06 00:00:00+05:30,279,Thirumalagiri,9,Tirmalagiri,5,Maize,5,Common,0.0,24.0,1441.0,1441.0,1441.0,0.0,0.0
2021-04-06 00:00:00+05:30,324,Bowenpally,3,Bowenpally,108,Yam,108,Common,0.0,104.0,700.0,1300.0,1000.0,0.0,0.0
2021-04-06 00:00:00+05:30,323,Gaddiannaram,2,L.B Nagar,112,Ladys Finger,112,Common,0.0,73.0,1000.0,1500.0,1200.0,0.0,0.0
2021-04-06 00:00:00+05:30,323,Gaddiannaram,1,Gaddiannaram,81,Grapes,296,Black,0.0,238.0,1550.0,5250.0,2100.0,0.0,0.0
2021-04-05 00:00:00+05:30,295,Sangareddy,1219,Sangaredy,112,Ladys Finger,112,Common,0.0,1.0,2000.0,2300.0,2100.0,0.0,0.0
2021-04-04 00:00:00+05:30,329,Navabpet(MBNR),1483,Navabpet,30,Groundnut pods,30,Common,0.0,749.0,4810.0,6240.0,6129.0,0.0,0.0
2021-04-05 00:00:00+05:30,322,Chevella,46,Chevella,111,Brinjal,111,Common,0.0,4.0,500.0,1500.0,800.0,0.0,0.0
2021-04-05 00:00:00+05:30,323,Gaddiannaram,2,L.B Nagar,112,Ladys Finger,112,Common,0.0,72.0,1000.0,1500.0,1200.0,0.0,0.0
2021-04-05 00:00:00+05:30,325,Hyderabad,6,Madannapeta,114,Tomato,114,Common,0.0,260.0,400.0,600.0,500.0,0.0,0.0
2021-04-05 00:00:00+05:30,323,Gaddiannaram,1,Gaddiannaram,81,Grapes,296,Black,0.0,393.0,1550.0,5250.0,2100.0,0.0,0.0
2021-04-04 00:00:00+05:30,303,Kalwakurthy,1340,Kalwakurthy,98,Cabbage,98,Common,0.0,1.0,700.0,700.0,700.0,0.0,0.0
2021-04-04 00:00:00+05:30,295,Sangareddy,1219,Sangaredy,112,Ladys Finger,112,Common,0.0,4.0,2100.0,2300.0,2200.0,0.0,0.0
2021-04-04 00:00:00+05:30,322,Chevella,46,Chevella,111,Brinjal,111,Common,0.0,5.0,500.0,1000.0,700.0,0.0,0.0
2021-04-04 00:00:00+05:30,323,Gaddiannaram,2,L.B Nagar,112,Ladys Finger,112,Common,0.0,70.0,1000.0,1500.0,1200.0,0.0,0.0
2021-04-04 00:00:00+05:30,325,Hyderabad,6,Madannapeta,114,Tomato,114,Common,0.0,283.0,400.0,600.0,500.0,0.0,0.0
2021-04-04 00:00:00+05:30,323,Gaddiannaram,1,Gaddiannaram,81,Grapes,296,Black,0.0,264.0,1550.0,5250.0,2250.0,0.0,0.0
2021-04-03 00:00:00+05:30,238,Jangoan,1169,Jangaon,30,Groundnut pods,30,Common,0.0,4.5,5601.0,5601.0,5601.0,0.0,0.0
2021-04-03 00:00:00+05:30,278,Suryapet,1091,Suryapet,15,Red Gram,15,Common,0.0,255.0,4229.0,6594.0,6457.0,0.0,0.0
2021-04-03 00:00:00+05:30,306,Mahbubnagar,1326,Mahaboobnagar,47,Tamarind Seed,47,Common,0.0,97.0,1295.0,1295.0,1295.0,0.0,0.0
2021-04-03 00:00:00+05:30,295,Sangareddy,1219,Sangaredy,112,Ladys Finger,112,Common,0.0,4.0,2000.0,2300.0,2200.0,0.0,0.0
2021-04-03 00:00:00+05:30,325,Hyderabad,6,Madannapeta,114,Tomato,114,Common,0.0,207.0,600.0,800.0,700.0,0.0,0.0
2021-04-03 00:00:00+05:30,322,Chevella,46,Chevella,111,Brinjal,111,Common,0.0,5.0,800.0,1300.0,900.0,0.0,0.0
2021-04-03 00:00:00+05:30,256,Khammam,1067,Khammam,25,Cotton,25,Common,0.0,217.0,3000.0,6000.0,5800.0,0.0,0.0
2021-04-03 00:00:00+05:30,320,Tandur,37,Tandur,30,Groundnut pods,30,Common,0.0,390.0,5309.0,5809.0,5709.0,0.0,0.0
2021-04-03 00:00:00+05:30,279,Thirumalagiri,9,Tirmalagiri,5,Maize,5,Common,0.0,43.0,1462.0,1462.0,1462.0,0.0,0.0
2021-04-03 00:00:00+05:30,323,Gaddiannaram,2,L.B Nagar,112,Ladys Finger,112,Common,0.0,38.0,1000.0,1500.0,1200.0,0.0,0.0
2021-04-03 00:00:00+05:30,323,Gaddiannaram,1,Gaddiannaram,81,Grapes,296,Black,0.0,408.0,1550.0,5700.0,2250.0,0.0,0.0
2021-04-03 00:00:00+05:30,324,Bowenpally,3,Bowenpally,108,Yam,108,Common,0.0,50.0,800.0,1000.0,900.0,0.0,0.0
2021-04-02 00:00:00+05:30,295,Sangareddy,1219,Sangaredy,112,Ladys Finger,112,Common,0.0,1.0,2000.0,2200.0,2100.0,0.0,0.0
2021-04-02 00:00:00+05:30,322,Chevella,46,Chevella,111,Brinjal,111,Common,0.0,3.0,800.0,1500.0,1200.0,0.0,0.0
2021-04-02 00:00:00+05:30,325,Hyderabad,6,Madannapeta,114,Tomato,114,Common,0.0,250.0,400.0,600.0,500.0,0.0,0.0
2021-04-02 00:00:00+05:30,324,Bowenpally,3,Bowenpally,108,Yam,108,Common,0.0,124.0,800.0,1300.0,1100.0,0.0,0.0
2021-04-02 00:00:00+05:30,323,Gaddiannaram,2,L.B Nagar,112,Ladys Finger,112,Common,0.0,54.0,1000.0,1500.0,1200.0,0.0,0.0
2021-04-02 00:00:00+05:30,323,Gaddiannaram,1,Gaddiannaram,81,Grapes,296,Black,0.0,447.0,1550.0,5350.0,2350.0,0.0,0.0
2021-04-01 00:00:00+05:30,308,Nagarkurnool,1334,Nagarkurnool,16,Green Gram,16,Common,0.0,11.0,6416.0,6689.0,6689.0,0.0,0.0
2021-04-01 00:00:00+05:30,295,Sangareddy,1219,Sangaredy,112,Ladys Finger,112,Common,0.0,2.0,2000.0,2200.0,2100.0,0.0,0.0
2021-04-01 00:00:00+05:30,306,Mahbubnagar,1326,Mahaboobnagar,47,Tamarind Seed,47,Common,0.0,59.0,1272.0,1275.0,1275.0,0.0,0.0
2021-04-01 00:00:00+05:30,238,Jangoan,1169,Jangaon,30,Groundnut pods,30,Common,0.0,6.0,5259.0,5259.0,5259.0,0.0,0.0
2021-04-01 00:00:00+05:30,278,Suryapet,1091,Suryapet,15,Red Gram,15,Common,0.0,159.0,4992.0,6769.0,6537.0,0.0,0.0
2021-04-01 00:00:00+05:30,322,Chevella,46,Chevella,111,Brinjal,111,Common,0.0,4.0,800.0,1500.0,1000.0,0.0,0.0
2021-04-01 00:00:00+05:30,256,Khammam,1067,Khammam,25,Cotton,25,Common,0.0,403.0,4000.0,6250.0,6000.0,0.0,0.0
2021-04-01 00:00:00+05:30,246,Warangal,886,Warangal,16,Green Gram,16,Common,0.0,23.4,6233.0,6606.0,6322.0,0.0,0.0
2021-04-01 00:00:00+05:30,323,Gaddiannaram,1,Gaddiannaram,81,Grapes,296,Black,0.0,360.0,1550.0,5100.0,2350.0,0.0,0.0
2021-04-01 00:00:00+05:30,279,Thirumalagiri,9,Tirmalagiri,5,Maize,5,Common,0.0,56.0,1422.0,1472.0,1472.0,0.0,0.0
2021-04-01 00:00:00+05:30,321,Vikarabad,38,Vikarabad,57,Tumeric,227,Finger,0.0,1.0,6311.0,6311.0,6311.0,0.0,0.0
2021-04-01 00:00:00+05:30,323,Gaddiannaram,2,L.B Nagar,112,Ladys Finger,112,Common,0.0,57.0,1000.0,1500.0,1200.0,0.0,0.0
2021-04-01 00:00:00+05:30,325,Hyderabad,6,Madannapeta,114,Tomato,114,Common,0.0,242.0,600.0,800.0,700.0,0.0,0.0
2021-04-12 00:00:00+05:30,322,Chevella,46,Chevella,111,Brinjal,111,Common,0.0,6.0,500.0,1200.0,770.0,0.0,0.0
2021-04-12 00:00:00+05:30,323,Gaddiannaram,2,L.B Nagar,112,Ladys Finger,112,Common,0.0,47.0,1000.0,1500.0,1200.0,0.0,0.0
2021-04-12 00:00:00+05:30,325,Hyderabad,6,Madannapeta,114,Tomato,114,Common,0.0,202.0,400.0,800.0,600.0,0.0,0.0
2021-04-12 00:00:00+05:30,324,Bowenpally,3,Bowenpally,108,Yam,108,Common,0.0,45.0,600.0,1000.0,800.0,0.0,0.0
2021-04-11 00:00:00+05:30,329,Navabpet(MBNR),1483,Navabpet,30,Groundnut pods,30,Common,0.0,362.0,3639.0,5816.0,5769.0,0.0,0.0
2021-04-12 00:00:00+05:30,323,Gaddiannaram,1,Gaddiannaram,81,Grapes,296,Black,0.0,187.0,1400.0,5400.0,2400.0,0.0,0.0
2021-04-11 00:00:00+05:30,295,Sangareddy,1219,Sangaredy,112,Ladys Finger,112,Common,0.0,6.0,2000.0,2300.0,2100.0,0.0,0.0
2021-04-11 00:00:00+05:30,322,Chevella,46,Chevella,111,Brinjal,111,Common,0.0,4.0,700.0,1500.0,900.0,0.0,0.0
2021-04-11 00:00:00+05:30,323,Gaddiannaram,1,Gaddiannaram,81,Grapes,296,Black,0.0,189.0,1700.0,5000.0,2280.0,0.0,0.0
2021-04-11 00:00:00+05:30,325,Hyderabad,6,Madannapeta,114,Tomato,114,Common,0.0,260.0,400.0,800.0,600.0,0.0,0.0
2021-04-11 00:00:00+05:30,324,Bowenpally,3,Bowenpally,108,Yam,108,Common,0.0,50.0,1000.0,1500.0,1400.0,0.0,0.0
2021-04-11 00:00:00+05:30,323,Gaddiannaram,2,L.B Nagar,112,Ladys Finger,112,Common,0.0,44.0,1000.0,1500.0,1200.0,0.0,0.0
2021-04-10 00:00:00+05:30,295,Sangareddy,1219,Sangaredy,112,Ladys Finger,112,Common,0.0,3.0,2000.0,2300.0,2100.0,0.0,0.0
2021-04-10 00:00:00+05:30,306,Mahbubnagar,1326,Mahaboobnagar,47,Tamarind Seed,47,Common,0.0,60.0,1331.0,1340.0,1340.0,0.0,0.0
2021-04-10 00:00:00+05:30,308,Nagarkurnool,1334,Nagarkurnool,16,Green Gram,16,Common,0.0,15.0,6689.0,6786.0,6689.0,0.0,0.0
2021-04-10 00:00:00+05:30,256,Khammam,1067,Khammam,25,Cotton,25,Common,0.0,492.0,4000.0,6350.0,6000.0,0.0,0.0
2021-04-10 00:00:00+05:30,278,Suryapet,1091,Suryapet,15,Red Gram,15,Common,0.0,91.0,4389.0,6857.0,6649.0,0.0,0.0
2021-04-10 00:00:00+05:30,322,Chevella,46,Chevella,111,Brinjal,111,Common,0.0,4.0,400.0,800.0,600.0,0.0,0.0
2021-04-10 00:00:00+05:30,320,Tandur,37,Tandur,30,Groundnut pods,30,Common,0.0,17.0,5805.0,5805.0,5805.0,0.0,0.0
2021-04-10 00:00:00+05:30,325,Hyderabad,6,Madannapeta,114,Tomato,114,Common,0.0,212.0,400.0,800.0,600.0,0.0,0.0
2021-04-10 00:00:00+05:30,323,Gaddiannaram,1,Gaddiannaram,81,Grapes,296,Black,0.0,272.0,1550.0,5250.0,2250.0,0.0,0.0
2021-04-09 00:00:00+05:30,308,Nagarkurnool,1334,Nagarkurnool,16,Green Gram,16,Common,0.0,15.0,6589.0,6739.0,6709.0,0.0,0.0
2021-04-09 00:00:00+05:30,320,Tandur,37,Tandur,30,Groundnut pods,30,Common,0.0,42.0,5700.0,5800.0,5750.0,0.0,0.0
2021-04-09 00:00:00+05:30,239,Kesamudram,1168,Kesamudram,30,Groundnut pods,30,Common,0.0,29.0,611.0,5211.0,5112.0,0.0,0.0
2021-04-09 00:00:00+05:30,241,Mahabubabad,1177,Mahabubabad,17,Black Gram,17,Common,0.0,13.0,6000.0,6725.0,6725.0,0.0,0.0
2021-04-09 00:00:00+05:30,295,Sangareddy,1219,Sangaredy,112,Ladys Finger,112,Common,0.0,2.0,2000.0,2200.0,2100.0,0.0,0.0
2021-04-09 00:00:00+05:30,306,Mahbubnagar,1326,Mahaboobnagar,47,Tamarind Seed,47,Common,0.0,70.0,1322.0,1322.0,1322.0,0.0,0.0
2021-04-09 00:00:00+05:30,256,Khammam,1067,Khammam,25,Cotton,25,Common,0.0,480.0,4000.0,6350.0,6100.0,0.0,0.0
2021-04-09 00:00:00+05:30,278,Suryapet,1091,Suryapet,15,Red Gram,15,Common,0.0,178.0,4549.0,6841.0,6559.0,0.0,0.0
2021-04-09 00:00:00+05:30,317,Pargi,39,Pargi,16,Green Gram,16,Common,0.0,275.0,4911.0,5075.0,5605.0,0.0,0.0
2021-04-09 00:00:00+05:30,322,Chevella,46,Chevella,111,Brinjal,111,Common,0.0,5.0,600.0,1200.0,1000.0,0.0,0.0
2021-04-09 00:00:00+05:30,246,Warangal,886,Warangal,16,Green Gram,16,Common,0.0,27.6,5152.0,6633.0,6408.0,0.0,0.0
2021-04-09 00:00:00+05:30,325,Hyderabad,6,Madannapeta,114,Tomato,114,Common,0.0,202.0,400.0,800.0,600.0,0.0,0.0
2021-04-09 00:00:00+05:30,279,Thirumalagiri,9,Tirmalagiri,5,Maize,5,Common,0.0,62.0,1412.0,1459.0,1459.0,0.0,0.0
2021-04-09 00:00:00+05:30,324,Bowenpally,3,Bowenpally,108,Yam,108,Common,0.0,60.0,600.0,1300.0,1000.0,0.0,0.0
2021-04-09 00:00:00+05:30,323,Gaddiannaram,2,L.B Nagar,112,Ladys Finger,112,Common,0.0,50.0,800.0,1000.0,900.0,0.0,0.0
2021-04-09 00:00:00+05:30,323,Gaddiannaram,1,Gaddiannaram,81,Grapes,296,Black,0.0,366.0,1550.0,5250.0,2250.0,0.0,0.0
2021-04-08 00:00:00+05:30,295,Sangareddy,1219,Sangaredy,112,Ladys Finger,112,Common,0.0,3.0,2000.0,2300.0,2200.0,0.0,0.0
2021-04-08 00:00:00+05:30,306,Mahbubnagar,1326,Mahaboobnagar,47,Tamarind Seed,47,Common,0.0,23.0,1329.0,1329.0,1329.0,0.0,0.0
2021-04-08 00:00:00+05:30,241,Mahabubabad,1177,Mahabubabad,17,Black Gram,17,Common,0.0,3.0,5500.0,6500.0,5500.0,0.0,0.0
2021-04-08 00:00:00+05:30,320,Tandur,37,Tandur,30,Groundnut pods,30,Common,0.0,24.0,5513.0,5656.0,5549.0,0.0,0.0
2021-04-08 00:00:00+05:30,239,Kesamudram,1168,Kesamudram,30,Groundnut pods,30,Common,0.0,24.0,4700.0,5511.0,4851.0,0.0,0.0
2021-04-08 00:00:00+05:30,322,Chevella,46,Chevella,111,Brinjal,111,Common,0.0,4.0,800.0,1300.0,1020.0,0.0,0.0
2021-04-08 00:00:00+05:30,278,Suryapet,1091,Suryapet,15,Red Gram,15,Common,0.0,211.0,3759.0,6828.0,6719.0,0.0,0.0
2021-04-08 00:00:00+05:30,246,Warangal,886,Warangal,16,Green Gram,16,Common,0.0,13.2,5852.0,6507.0,6152.0,0.0,0.0
2021-04-08 00:00:00+05:30,325,Hyderabad,6,Madannapeta,114,Tomato,114,Common,0.0,260.0,400.0,800.0,600.0,0.0,0.0
2021-04-08 00:00:00+05:30,323,Gaddiannaram,2,L.B Nagar,112,Ladys Finger,112,Common,0.0,66.0,1000.0,1500.0,1200.0,0.0,0.0
2021-04-08 00:00:00+05:30,323,Gaddiannaram,1,Gaddiannaram,81,Grapes,296,Black,0.0,259.0,1400.0,5100.0,2100.0,0.0,0.0
2021-04-07 00:00:00+05:30,295,Sangareddy,1219,Sangaredy,112,Ladys Finger,112,Common,0.0,4.0,2000.0,2300.0,2100.0,0.0,0.0
2021-04-07 00:00:00+05:30,306,Mahbubnagar,1326,Mahaboobnagar,47,Tamarind Seed,47,Common,0.0,41.0,1318.0,1324.0,1324.0,0.0,0.0
2021-04-07 00:00:00+05:30,310,Shadnagar,1330,Shadnagar,47,Tamarind Seed,47,Common,0.0,136.0,1359.0,1363.0,1356.0,0.0,0.0
2021-04-07 00:00:00+05:30,241,Mahabubabad,1177,Mahabubabad,17,Black Gram,17,Common,0.0,13.0,6450.0,6721.0,6671.0,0.0,0.0
2021-04-07 00:00:00+05:30,239,Kesamudram,1168,Kesamudram,30,Groundnut pods,30,Common,0.0,1.0,5012.0,5012.0,5012.0,0.0,0.0
2021-04-07 00:00:00+05:30,322,Chevella,46,Chevella,111,Brinjal,111,Common,0.0,4.0,800.0,1200.0,1000.0,0.0,0.0
2021-04-07 00:00:00+05:30,278,Suryapet,1091,Suryapet,15,Red Gram,15,Common,0.0,170.0,4259.0,6811.0,6651.0,0.0,0.0
2021-04-07 00:00:00+05:30,325,Hyderabad,6,Madannapeta,114,Tomato,114,Common,0.0,195.0,600.0,1000.0,800.0,0.0,0.0
2021-04-07 00:00:00+05:30,324,Bowenpally,3,Bowenpally,108,Yam,108,Common,0.0,124.0,800.0,1300.0,1100.0,0.0,0.0
2021-04-07 00:00:00+05:30,320,Tandur,37,Tandur,30,Groundnut pods,30,Common,0.0,63.0,5600.0,6000.0,5900.0,0.0,0.0
2021-04-07 00:00:00+05:30,246,Warangal,886,Warangal,16,Green Gram,16,Common,0.0,12.0,6318.0,6617.0,6507.0,0.0,0.0
2021-04-18 00:00:00+05:30,329,Navabpet(MBNR),1483,Navabpet,30,Groundnut pods,30,Common,0.0,106.0,4840.0,5669.0,5570.0,0.0,0.0
2021-04-19 00:00:00+05:30,324,Bowenpally,3,Bowenpally,108,Yam,108,Common,0.0,103.0,800.0,1400.0,1200.0,0.0,0.0
2021-04-19 00:00:00+05:30,323,Gaddiannaram,2,L.B Nagar,112,Ladys Finger,112,Common,0.0,24.0,1000.0,1200.0,1100.0,0.0,0.0
2021-04-19 00:00:00+05:30,323,Gaddiannaram,1,Gaddiannaram,81,Grapes,296,Black,0.0,255.0,1600.0,5700.0,2400.0,0.0,0.0
2021-04-18 00:00:00+05:30,367,Gudimalkapur,1571,Gudumalkapur,108,Yam,108,Common,0.0,4.0,600.0,1000.0,800.0,0.0,0.0
2021-04-18 00:00:00+05:30,295,Sangareddy,1219,Sangaredy,112,Ladys Finger,112,Common,0.0,1.0,1800.0,2100.0,2000.0,0.0,0.0
2021-04-18 00:00:00+05:30,303,Kalwakurthy,1340,Kalwakurthy,98,Cabbage,98,Common,0.0,1.0,600.0,700.0,650.0,0.0,0.0
2021-04-18 00:00:00+05:30,323,Gaddiannaram,2,L.B Nagar,112,Ladys Finger,112,Common,0.0,43.0,1000.0,1200.0,1100.0,0.0,0.0
2021-04-18 00:00:00+05:30,322,Chevella,46,Chevella,111,Brinjal,111,Common,0.0,5.0,1500.0,1500.0,1500.0,0.0,0.0
2021-04-18 00:00:00+05:30,323,Gaddiannaram,1,Gaddiannaram,81,Grapes,296,Black,0.0,155.0,1600.0,5700.0,2400.0,0.0,0.0
2021-04-17 00:00:00+05:30,306,Mahbubnagar,1326,Mahaboobnagar,47,Tamarind Seed,47,Common,0.0,7.0,1375.0,1377.0,1376.0,0.0,0.0
2021-04-17 00:00:00+05:30,308,Nagarkurnool,1334,Nagarkurnool,16,Green Gram,16,Common,0.0,6.0,6689.0,6689.0,6689.0,0.0,0.0
2021-04-17 00:00:00+05:30,278,Suryapet,1091,Suryapet,15,Red Gram,15,Common,0.0,120.0,4209.0,6809.0,6413.0,0.0,0.0
2021-04-17 00:00:00+05:30,295,Sangareddy,1219,Sangaredy,112,Ladys Finger,112,Common,0.0,4.0,1800.0,2100.0,2000.0,0.0,0.0
2021-04-17 00:00:00+05:30,256,Khammam,1067,Khammam,25,Cotton,25,Common,0.0,90.0,4200.0,6200.0,5300.0,0.0,0.0
2021-04-17 00:00:00+05:30,320,Tandur,37,Tandur,30,Groundnut pods,30,Common,0.0,10.5,5350.0,5350.0,5350.0,0.0,0.0
2021-04-17 00:00:00+05:30,322,Chevella,46,Chevella,111,Brinjal,111,Common,0.0,7.0,600.0,1200.0,900.0,0.0,0.0
2021-04-17 00:00:00+05:30,279,Thirumalagiri,9,Tirmalagiri,5,Maize,5,Common,0.0,23.0,1432.0,1432.0,1432.0,0.0,0.0
2021-04-17 00:00:00+05:30,324,Bowenpally,3,Bowenpally,108,Yam,108,Common,0.0,121.0,500.0,1300.0,1000.0,0.0,0.0
2021-04-17 00:00:00+05:30,323,Gaddiannaram,2,L.B Nagar,112,Ladys Finger,112,Common,0.0,35.0,800.0,1500.0,1150.0,0.0,0.0
2021-04-17 00:00:00+05:30,323,Gaddiannaram,1,Gaddiannaram,81,Grapes,296,Black,0.0,294.0,1600.0,5700.0,2400.0,0.0,0.0
2021-04-16 00:00:00+05:30,308,Nagarkurnool,1334,Nagarkurnool,16,Green Gram,16,Common,0.0,10.0,6009.0,6719.0,6719.0,0.0,0.0
2021-04-16 00:00:00+05:30,306,Mahbubnagar,1326,Mahaboobnagar,47,Tamarind Seed,47,Common,0.0,32.0,1359.0,1363.0,1363.0,0.0,0.0
2021-04-16 00:00:00+05:30,295,Sangareddy,1219,Sangaredy,112,Ladys Finger,112,Common,0.0,3.0,1500.0,2000.0,1800.0,0.0,0.0
2021-04-16 00:00:00+05:30,241,Mahabubabad,1177,Mahabubabad,17,Black Gram,17,Common,0.0,5.0,6511.0,6750.0,6750.0,0.0,0.0
2021-04-16 00:00:00+05:30,239,Kesamudram,1168,Kesamudram,30,Groundnut pods,30,Common,0.0,30.0,3559.0,5611.0,4559.0,0.0,0.0
2021-04-16 00:00:00+05:30,256,Khammam,1067,Khammam,25,Cotton,25,Common,0.0,184.0,4000.0,6200.0,6000.0,0.0,0.0
2021-04-16 00:00:00+05:30,208,Nizamabad,1080,Nizamabad,6,Jowar,225,White,0.0,3.0,1326.0,1326.0,1326.0,0.0,0.0
2021-04-16 00:00:00+05:30,246,Warangal,886,Warangal,16,Green Gram,16,Common,0.0,6.0,6507.0,6624.0,6552.0,0.0,0.0
2021-04-16 00:00:00+05:30,322,Chevella,46,Chevella,111,Brinjal,111,Common,0.0,4.0,600.0,1500.0,1000.0,0.0,0.0
2021-04-16 00:00:00+05:30,278,Suryapet,1091,Suryapet,15,Red Gram,15,Common,0.0,69.0,3492.0,6912.0,6795.0,0.0,0.0
2021-04-16 00:00:00+05:30,325,Hyderabad,6,Madannapeta,114,Tomato,114,Common,0.0,267.0,300.0,600.0,400.0,0.0,0.0
2021-04-16 00:00:00+05:30,320,Tandur,37,Tandur,30,Groundnut pods,30,Common,0.0,60.0,5100.0,5200.0,5200.0,0.0,0.0
2021-04-16 00:00:00+05:30,323,Gaddiannaram,2,L.B Nagar,112,Ladys Finger,112,Common,0.0,56.0,1000.0,1500.0,1200.0,0.0,0.0
2021-04-15 00:00:00+05:30,308,Nagarkurnool,1334,Nagarkurnool,16,Green Gram,16,Common,0.0,3.0,6786.0,6786.0,6786.0,0.0,0.0
2021-04-16 00:00:00+05:30,323,Gaddiannaram,1,Gaddiannaram,81,Grapes,296,Black,0.0,383.0,1550.0,5700.0,2400.0,0.0,0.0
2021-04-15 00:00:00+05:30,295,Sangareddy,1219,Sangaredy,112,Ladys Finger,112,Common,0.0,3.0,1400.0,1800.0,1600.0,0.0,0.0
2021-04-15 00:00:00+05:30,306,Mahbubnagar,1326,Mahaboobnagar,47,Tamarind Seed,47,Common,0.0,38.0,1353.0,1353.0,1353.0,0.0,0.0
2021-04-15 00:00:00+05:30,367,Gudimalkapur,1571,Gudumalkapur,108,Yam,108,Common,0.0,16.0,800.0,1000.0,900.0,0.0,0.0
2021-04-15 00:00:00+05:30,278,Suryapet,1091,Suryapet,15,Red Gram,15,Common,0.0,27.0,5396.0,6872.0,6785.0,0.0,0.0
2021-04-15 00:00:00+05:30,320,Tandur,37,Tandur,30,Groundnut pods,30,Common,0.0,10.5,5205.0,5205.0,5205.0,0.0,0.0
2021-04-15 00:00:00+05:30,319,Shankerpally,40,Shankerpally,105,Potato,105,Common,0.0,3.0,1600.0,1600.0,1600.0,0.0,0.0
2021-04-15 00:00:00+05:30,256,Khammam,1067,Khammam,25,Cotton,25,Common,0.0,126.0,4000.0,6350.0,5500.0,0.0,0.0
2021-04-15 00:00:00+05:30,239,Kesamudram,1168,Kesamudram,30,Groundnut pods,30,Common,0.0,53.0,3211.0,5541.0,5311.0,0.0,0.0
2021-04-15 00:00:00+05:30,323,Gaddiannaram,2,L.B Nagar,112,Ladys Finger,112,Common,0.0,57.0,700.0,1000.0,800.0,0.0,0.0
2021-04-15 00:00:00+05:30,325,Hyderabad,6,Madannapeta,114,Tomato,114,Common,0.0,237.0,400.0,800.0,600.0,0.0,0.0
2021-04-15 00:00:00+05:30,322,Chevella,46,Chevella,111,Brinjal,111,Common,0.0,5.0,1000.0,1500.0,800.0,0.0,0.0
2021-04-15 00:00:00+05:30,246,Warangal,886,Warangal,16,Green Gram,16,Common,0.0,25.8,1259.0,6705.0,6606.0,0.0,0.0
2021-04-15 00:00:00+05:30,323,Gaddiannaram,1,Gaddiannaram,81,Grapes,296,Black,0.0,173.0,1400.0,5400.0,2400.0,0.0,0.0
2021-04-13 00:00:00+05:30,319,Shankerpally,40,Shankerpally,105,Potato,105,Common,0.0,2.0,1700.0,1700.0,1700.0,0.0,0.0
2021-04-14 00:00:00+05:30,322,Chevella,46,Chevella,111,Brinjal,111,Common,0.0,5.0,1000.0,1500.0,1200.0,0.0,0.0
2021-04-14 00:00:00+05:30,323,Gaddiannaram,2,L.B Nagar,112,Ladys Finger,112,Common,0.0,53.0,1000.0,1500.0,1200.0,0.0,0.0
2021-04-14 00:00:00+05:30,325,Hyderabad,6,Madannapeta,114,Tomato,114,Common,0.0,212.0,400.0,800.0,600.0,0.0,0.0
2021-04-14 00:00:00+05:30,324,Bowenpally,3,Bowenpally,108,Yam,108,Common,0.0,158.0,800.0,1300.0,1100.0,0.0,0.0
2021-04-12 00:00:00+05:30,295,Sangareddy,1219,Sangaredy,112,Ladys Finger,112,Common,0.0,1.0,2000.0,2300.0,2200.0,0.0,0.0
2021-04-12 00:00:00+05:30,256,Khammam,1067,Khammam,25,Cotton,25,Common,0.0,68.0,4600.0,6400.0,5200.0,0.0,0.0
2021-04-12 00:00:00+05:30,278,Suryapet,1091,Suryapet,15,Red Gram,15,Common,0.0,43.0,4464.0,6769.0,6539.0,0.0,0.0
2021-04-14 00:00:00+05:30,323,Gaddiannaram,1,Gaddiannaram,81,Grapes,296,Black,0.0,246.0,1400.0,5400.0,2700.0,0.0,0.0
2021-04-13 00:00:00+05:30,323,Gaddiannaram,1,Gaddiannaram,81,Grapes,296,Black,0.0,158.0,1400.0,5400.0,2400.0,0.0,0.0
2021-04-25 00:00:00+05:30,323,Gaddiannaram,2,L.B Nagar,112,Ladys Finger,112,Common,0.0,41.0,1000.0,1500.0,1200.0,0.0,0.0
2021-04-25 00:00:00+05:30,325,Hyderabad,6,Madannapeta,114,Tomato,114,Common,0.0,195.0,600.0,1000.0,800.0,0.0,0.0
2021-04-25 00:00:00+05:30,322,Chevella,46,Chevella,111,Brinjal,111,Common,0.0,3.0,600.0,1200.0,800.0,0.0,0.0
2021-04-25 00:00:00+05:30,323,Gaddiannaram,1,Gaddiannaram,81,Grapes,296,Black,0.0,151.0,1600.0,5700.0,2400.0,0.0,0.0
2021-04-24 00:00:00+05:30,295,Sangareddy,1219,Sangaredy,112,Ladys Finger,112,Common,0.0,2.0,2100.0,2300.0,2200.0,0.0,0.0
2021-04-24 00:00:00+05:30,306,Mahbubnagar,1326,Mahaboobnagar,47,Tamarind Seed,47,Common,0.0,24.0,1341.0,1342.0,1342.0,0.0,0.0
2021-04-24 00:00:00+05:30,278,Suryapet,1091,Suryapet,15,Red Gram,15,Common,0.0,111.0,3751.0,6762.0,6543.0,0.0,0.0
2021-04-24 00:00:00+05:30,323,Gaddiannaram,2,L.B Nagar,112,Ladys Finger,112,Common,0.0,46.0,1000.0,1500.0,1200.0,0.0,0.0
2021-04-24 00:00:00+05:30,323,Gaddiannaram,1,Gaddiannaram,81,Grapes,296,Black,0.0,197.0,1400.0,5400.0,2400.0,0.0,0.0
2021-04-24 00:00:00+05:30,256,Khammam,1067,Khammam,25,Cotton,25,Common,0.0,160.0,4000.0,6525.0,6360.0,0.0,0.0
2021-04-24 00:00:00+05:30,320,Tandur,37,Tandur,30,Groundnut pods,30,Common,0.0,50.0,5202.0,5211.0,5211.0,0.0,0.0
2021-04-24 00:00:00+05:30,319,Shankerpally,40,Shankerpally,105,Potato,105,Common,0.0,5.0,1700.0,1700.0,1700.0,0.0,0.0
2021-04-24 00:00:00+05:30,322,Chevella,46,Chevella,111,Brinjal,111,Common,0.0,4.0,800.0,1200.0,1000.0,0.0,0.0
2021-04-23 00:00:00+05:30,308,Nagarkurnool,1334,Nagarkurnool,16,Green Gram,16,Common,0.0,16.0,5509.0,6509.0,6509.0,0.0,0.0
2021-04-23 00:00:00+05:30,306,Mahbubnagar,1326,Mahaboobnagar,47,Tamarind Seed,47,Common,0.0,23.0,1339.0,1362.0,1357.0,0.0,0.0
2021-04-23 00:00:00+05:30,295,Sangareddy,1219,Sangaredy,112,Ladys Finger,112,Common,0.0,4.0,2000.0,2200.0,2100.0,0.0,0.0
2021-04-23 00:00:00+05:30,241,Mahabubabad,1177,Mahabubabad,17,Black Gram,17,Common,0.0,19.0,6450.0,7081.0,6612.0,0.0,0.0
2021-04-23 00:00:00+05:30,239,Kesamudram,1168,Kesamudram,30,Groundnut pods,30,Common,0.0,69.0,3811.0,5051.0,4109.0,0.0,0.0
2021-04-23 00:00:00+05:30,256,Khammam,1067,Khammam,25,Cotton,25,Common,0.0,206.0,4200.0,6400.0,6000.0,0.0,0.0
2021-04-23 00:00:00+05:30,322,Chevella,46,Chevella,111,Brinjal,111,Common,0.0,5.0,1000.0,1500.0,1200.0,0.0,0.0
2021-04-23 00:00:00+05:30,323,Gaddiannaram,2,L.B Nagar,112,Ladys Finger,112,Common,0.0,53.0,1000.0,1200.0,1100.0,0.0,0.0
2021-04-23 00:00:00+05:30,323,Gaddiannaram,1,Gaddiannaram,81,Grapes,296,Black,0.0,194.0,1600.0,5700.0,2400.0,0.0,0.0
2021-04-23 00:00:00+05:30,320,Tandur,37,Tandur,30,Groundnut pods,30,Common,0.0,31.0,5150.0,5150.0,5150.0,0.0,0.0
2021-04-23 00:00:00+05:30,246,Warangal,886,Warangal,16,Green Gram,16,Common,0.0,10.8,4545.0,6615.0,6233.0,0.0,0.0
2021-04-22 00:00:00+05:30,303,Kalwakurthy,1340,Kalwakurthy,98,Cabbage,98,Common,0.0,1.0,800.0,800.0,800.0,0.0,0.0
2021-04-22 00:00:00+05:30,308,Nagarkurnool,1334,Nagarkurnool,16,Green Gram,16,Common,0.0,7.0,6386.0,6386.0,6386.0,0.0,0.0
2021-04-22 00:00:00+05:30,239,Kesamudram,1168,Kesamudram,30,Groundnut pods,30,Common,0.0,41.0,4058.0,5025.0,4559.0,0.0,0.0
2021-04-22 00:00:00+05:30,241,Mahabubabad,1177,Mahabubabad,17,Black Gram,17,Common,0.0,12.0,6075.0,7116.0,7116.0,0.0,0.0
2021-04-22 00:00:00+05:30,295,Sangareddy,1219,Sangaredy,112,Ladys Finger,112,Common,0.0,4.0,2000.0,2200.0,2100.0,0.0,0.0
2021-04-22 00:00:00+05:30,256,Khammam,1067,Khammam,25,Cotton,25,Common,0.0,281.0,4200.0,6400.0,5300.0,0.0,0.0
2021-04-22 00:00:00+05:30,320,Tandur,37,Tandur,30,Groundnut pods,30,Common,0.0,9.8,5121.0,5150.0,5121.0,0.0,0.0
2021-04-22 00:00:00+05:30,319,Shankerpally,40,Shankerpally,105,Potato,105,Common,0.0,5.0,1700.0,1700.0,1700.0,0.0,0.0
2021-04-22 00:00:00+05:30,278,Suryapet,1091,Suryapet,15,Red Gram,15,Common,0.0,159.0,3259.0,6879.0,5394.0,0.0,0.0
2021-04-22 00:00:00+05:30,246,Warangal,886,Warangal,16,Green Gram,16,Common,0.0,10.2,6412.0,6700.0,6452.0,0.0,0.0
2021-04-22 00:00:00+05:30,322,Chevella,46,Chevella,111,Brinjal,111,Common,0.0,3.0,500.0,1000.0,550.0,0.0,0.0
2021-04-22 00:00:00+05:30,279,Thirumalagiri,9,Tirmalagiri,5,Maize,5,Common,0.0,40.0,1322.0,1436.0,1436.0,0.0,0.0
2021-04-22 00:00:00+05:30,323,Gaddiannaram,2,L.B Nagar,112,Ladys Finger,112,Common,0.0,53.0,1000.0,1200.0,1100.0,0.0,0.0
2021-04-22 00:00:00+05:30,323,Gaddiannaram,1,Gaddiannaram,81,Grapes,296,Black,0.0,227.0,1400.0,5400.0,2400.0,0.0,0.0
2021-04-21 00:00:00+05:30,323,Gaddiannaram,2,L.B Nagar,112,Ladys Finger,112,Common,0.0,46.0,1000.0,1200.0,1100.0,0.0,0.0
2021-04-21 00:00:00+05:30,322,Chevella,46,Chevella,111,Brinjal,111,Common,0.0,3.0,500.0,1200.0,800.0,0.0,0.0
2021-04-21 00:00:00+05:30,295,Sangareddy,1219,Sangaredy,112,Ladys Finger,112,Common,0.0,1.0,2000.0,2200.0,2100.0,0.0,0.0
2021-04-20 00:00:00+05:30,308,Nagarkurnool,1334,Nagarkurnool,16,Green Gram,16,Common,0.0,15.0,6589.0,6719.0,6719.0,0.0,0.0
2021-04-21 00:00:00+05:30,323,Gaddiannaram,1,Gaddiannaram,81,Grapes,296,Black,0.0,294.0,1429.0,5429.0,2429.0,0.0,0.0
2021-04-20 00:00:00+05:30,241,Mahabubabad,1177,Mahabubabad,17,Black Gram,17,Common,0.0,12.0,6355.0,7055.0,6355.0,0.0,0.0
2021-04-20 00:00:00+05:30,306,Mahbubnagar,1326,Mahaboobnagar,47,Tamarind Seed,47,Common,0.0,158.0,1370.0,1375.0,1375.0,0.0,0.0
2021-04-20 00:00:00+05:30,239,Kesamudram,1168,Kesamudram,30,Groundnut pods,30,Common,0.0,27.0,4061.0,5111.0,4689.0,0.0,0.0
2021-04-20 00:00:00+05:30,320,Tandur,37,Tandur,30,Groundnut pods,30,Common,0.0,133.0,5001.0,5400.0,5200.0,0.0,0.0
2021-04-20 00:00:00+05:30,319,Shankerpally,40,Shankerpally,105,Potato,105,Common,0.0,7.0,1700.0,1700.0,1700.0,0.0,0.0
2021-04-20 00:00:00+05:30,325,Hyderabad,6,Madannapeta,114,Tomato,114,Common,0.0,227.0,400.0,800.0,600.0,0.0,0.0
2021-04-20 00:00:00+05:30,246,Warangal,886,Warangal,16,Green Gram,16,Common,0.0,18.6,6312.0,6750.0,6669.0,0.0,0.0
2021-04-20 00:00:00+05:30,278,Suryapet,1091,Suryapet,15,Red Gram,15,Common,0.0,112.0,2691.0,6885.0,6679.0,0.0,0.0
2021-04-20 00:00:00+05:30,323,Gaddiannaram,2,L.B Nagar,112,Ladys Finger,112,Common,0.0,44.0,1000.0,1500.0,1200.0,0.0,0.0
2021-04-19 00:00:00+05:30,308,Nagarkurnool,1334,Nagarkurnool,16,Green Gram,16,Common,0.0,33.0,6701.0,6839.0,6739.0,0.0,0.0
2021-04-20 00:00:00+05:30,324,Bowenpally,3,Bowenpally,108,Yam,108,Common,0.0,136.0,800.0,1000.0,900.0,0.0,0.0
2021-04-19 00:00:00+05:30,310,Shadnagar,1330,Shadnagar,47,Tamarind Seed,47,Common,0.0,103.0,1406.0,1408.0,1407.0,0.0,0.0
2021-04-19 00:00:00+05:30,303,Kalwakurthy,1340,Kalwakurthy,98,Cabbage,98,Common,0.0,1.0,600.0,600.0,600.0,0.0,0.0
2021-04-20 00:00:00+05:30,323,Gaddiannaram,1,Gaddiannaram,81,Grapes,296,Black,0.0,175.0,1600.0,5700.0,2400.0,0.0,0.0
2021-04-19 00:00:00+05:30,241,Mahabubabad,1177,Mahabubabad,17,Black Gram,17,Common,0.0,6.0,6550.0,7077.0,6725.0,0.0,0.0
2021-04-19 00:00:00+05:30,239,Kesamudram,1168,Kesamudram,30,Groundnut pods,30,Common,0.0,93.0,3909.0,5251.0,4811.0,0.0,0.0
2021-04-19 00:00:00+05:30,306,Mahbubnagar,1326,Mahaboobnagar,47,Tamarind Seed,47,Common,0.0,60.0,1377.0,1383.0,1377.0,0.0,0.0
2021-04-19 00:00:00+05:30,295,Sangareddy,1219,Sangaredy,112,Ladys Finger,112,Common,0.0,1.0,2000.0,2200.0,2100.0,0.0,0.0
2021-04-19 00:00:00+05:30,256,Khammam,1067,Khammam,25,Cotton,25,Common,0.0,306.0,4000.0,6300.0,5200.0,0.0,0.0
2021-04-19 00:00:00+05:30,322,Chevella,46,Chevella,111,Brinjal,111,Common,0.0,4.0,800.0,1500.0,1000.0,0.0,0.0
2021-04-19 00:00:00+05:30,278,Suryapet,1091,Suryapet,15,Red Gram,15,Common,0.0,84.0,6233.0,6872.0,6494.0,0.0,0.0
2021-04-19 00:00:00+05:30,246,Warangal,886,Warangal,16,Green Gram,16,Common,0.0,48.0,6309.0,6750.0,6456.0,0.0,0.0
2021-04-19 00:00:00+05:30,279,Thirumalagiri,9,Tirmalagiri,5,Maize,5,Common,0.0,64.0,1252.0,1422.0,1422.0,0.0,0.0
2021-04-19 00:00:00+05:30,320,Tandur,37,Tandur,30,Groundnut pods,30,Common,0.0,146.0,5103.0,5345.0,5166.0,0.0,0.0
2021-04-19 00:00:00+05:30,321,Vikarabad,38,Vikarabad,57,Tumeric,227,Finger,0.0,176.0,4111.0,7017.0,6769.0,0.0,0.0
2021-04-30 00:00:00+05:30,295,Sangareddy,1219,Sangaredy,112,Ladys Finger,112,Common,0.0,1.0,2000.0,2200.0,2100.0,0.0,0.0
2021-04-30 00:00:00+05:30,289,Sadasivpet,1200,Sadasivapet,17,Black Gram,17,Common,0.0,1.0,3617.0,3617.0,3617.0,0.0,0.0
2021-04-30 00:00:00+05:30,306,Mahbubnagar,1326,Mahaboobnagar,47,Tamarind Seed,47,Common,0.0,29.0,1327.0,1329.0,1329.0,0.0,0.0
2021-04-30 00:00:00+05:30,323,Gaddiannaram,2,L.B Nagar,112,Ladys Finger,112,Common,0.0,45.0,1000.0,1500.0,1200.0,0.0,0.0
2021-04-30 00:00:00+05:30,323,Gaddiannaram,1,Gaddiannaram,81,Grapes,296,Black,0.0,119.0,1400.0,5700.0,2400.0,0.0,0.0
2021-04-29 00:00:00+05:30,303,Kalwakurthy,1340,Kalwakurthy,98,Cabbage,98,Common,0.0,1.0,800.0,800.0,800.0,0.0,0.0
2021-04-30 00:00:00+05:30,325,Hyderabad,6,Madannapeta,114,Tomato,114,Common,0.0,247.0,400.0,600.0,500.0,0.0,0.0
2021-04-30 00:00:00+05:30,322,Chevella,46,Chevella,111,Brinjal,111,Common,0.0,6.0,600.0,1200.0,700.0,0.0,0.0
2021-04-30 00:00:00+05:30,278,Suryapet,1091,Suryapet,15,Red Gram,15,Common,0.0,4.0,6114.0,6114.0,6114.0,0.0,0.0
2021-04-30 00:00:00+05:30,320,Tandur,37,Tandur,30,Groundnut pods,30,Common,0.0,68.0,5148.0,5247.0,5148.0,0.0,0.0
2021-04-29 00:00:00+05:30,295,Sangareddy,1219,Sangaredy,112,Ladys Finger,112,Common,0.0,1.0,2000.0,2300.0,2200.0,0.0,0.0
2021-04-29 00:00:00+05:30,308,Nagarkurnool,1334,Nagarkurnool,16,Green Gram,16,Common,0.0,9.0,6009.0,6102.0,6102.0,0.0,0.0
2021-04-29 00:00:00+05:30,306,Mahbubnagar,1326,Mahaboobnagar,47,Tamarind Seed,47,Common,0.0,8.0,1325.0,1325.0,1325.0,0.0,0.0
2021-04-29 00:00:00+05:30,322,Chevella,46,Chevella,111,Brinjal,111,Common,0.0,5.0,500.0,1200.0,800.0,0.0,0.0
2021-04-29 00:00:00+05:30,278,Suryapet,1091,Suryapet,15,Red Gram,15,Common,0.0,194.0,3949.0,6614.0,6594.0,0.0,0.0
2021-04-29 00:00:00+05:30,241,Mahabubabad,1177,Mahabubabad,17,Black Gram,17,Common,0.0,9.0,6411.0,6775.0,6628.0,0.0,0.0
2021-04-29 00:00:00+05:30,239,Kesamudram,1168,Kesamudram,30,Groundnut pods,30,Common,0.0,57.0,3833.0,5211.0,4251.0,0.0,0.0
2021-04-29 00:00:00+05:30,325,Hyderabad,6,Madannapeta,114,Tomato,114,Common,0.0,235.0,400.0,600.0,500.0,0.0,0.0
2021-04-29 00:00:00+05:30,279,Thirumalagiri,9,Tirmalagiri,5,Maize,5,Common,0.0,62.0,1422.0,1452.0,1453.0,0.0,0.0
2021-04-29 00:00:00+05:30,320,Tandur,37,Tandur,30,Groundnut pods,30,Common,0.0,17.0,5150.0,5165.0,5150.0,0.0,0.0
2021-04-29 00:00:00+05:30,319,Shankerpally,40,Shankerpally,105,Potato,105,Common,0.0,4.0,1600.0,1600.0,1600.0,0.0,0.0
2021-04-29 00:00:00+05:30,323,Gaddiannaram,2,L.B Nagar,112,Ladys Finger,112,Common,0.0,44.0,1000.0,1500.0,1200.0,0.0,0.0
2021-04-29 00:00:00+05:30,323,Gaddiannaram,1,Gaddiannaram,81,Grapes,296,Black,0.0,160.0,1400.0,5400.0,2400.0,0.0,0.0
2021-04-28 00:00:00+05:30,308,Nagarkurnool,1334,Nagarkurnool,16,Green Gram,16,Common,0.0,10.0,6066.0,6229.0,6066.0,0.0,0.0
2021-04-28 00:00:00+05:30,241,Mahabubabad,1177,Mahabubabad,17,Black Gram,17,Common,0.0,1.0,6421.0,6421.0,6421.0,0.0,0.0
2021-04-28 00:00:00+05:30,239,Kesamudram,1168,Kesamudram,30,Groundnut pods,30,Common,0.0,77.0,4051.0,5225.0,5225.0,0.0,0.0
2021-04-28 00:00:00+05:30,295,Sangareddy,1219,Sangaredy,112,Ladys Finger,112,Common,0.0,4.0,2000.0,2200.0,2100.0,0.0,0.0
2021-04-28 00:00:00+05:30,306,Mahbubnagar,1326,Mahaboobnagar,47,Tamarind Seed,47,Common,0.0,20.0,1321.0,1336.0,1336.0,0.0,0.0
2021-04-28 00:00:00+05:30,286,Narayankhed,1212,Narayankhed,75,Soyabean,75,Common,0.0,250.0,3880.0,3880.0,3880.0,0.0,0.0
2021-04-28 00:00:00+05:30,256,Khammam,1067,Khammam,25,Cotton,25,Common,0.0,418.0,3500.0,6400.0,5500.0,0.0,0.0
2021-04-28 00:00:00+05:30,322,Chevella,46,Chevella,111,Brinjal,111,Common,0.0,4.0,400.0,800.0,600.0,0.0,0.0
2021-04-28 00:00:00+05:30,320,Tandur,37,Tandur,30,Groundnut pods,30,Common,0.0,60.0,5004.0,5301.0,5121.0,0.0,0.0
2021-04-28 00:00:00+05:30,278,Suryapet,1091,Suryapet,15,Red Gram,15,Common,0.0,159.0,4239.0,6579.0,6579.0,0.0,0.0
2021-04-28 00:00:00+05:30,323,Gaddiannaram,2,L.B Nagar,112,Ladys Finger,112,Common,0.0,37.0,1000.0,1500.0,1200.0,0.0,0.0
2021-04-28 00:00:00+05:30,325,Hyderabad,6,Madannapeta,114,Tomato,114,Common,0.0,246.0,400.0,600.0,500.0,0.0,0.0
2021-04-28 00:00:00+05:30,323,Gaddiannaram,1,Gaddiannaram,81,Grapes,296,Black,0.0,134.0,1600.0,5700.0,2400.0,0.0,0.0
2021-04-27 00:00:00+05:30,241,Mahabubabad,1177,Mahabubabad,17,Black Gram,17,Common,0.0,24.0,6557.0,7017.0,6757.0,0.0,0.0
2021-04-27 00:00:00+05:30,306,Mahbubnagar,1326,Mahaboobnagar,47,Tamarind Seed,47,Common,0.0,56.0,1342.0,1342.0,1342.0,0.0,0.0
2021-04-27 00:00:00+05:30,239,Kesamudram,1168,Kesamudram,30,Groundnut pods,30,Common,0.0,33.0,3812.0,4911.0,4713.0,0.0,0.0
2021-04-27 00:00:00+05:30,308,Nagarkurnool,1334,Nagarkurnool,16,Green Gram,16,Common,0.0,12.0,6206.0,6216.0,6216.0,0.0,0.0
2021-04-27 00:00:00+05:30,367,Gudimalkapur,1571,Gudumalkapur,108,Yam,108,Common,0.0,12.0,600.0,800.0,700.0,0.0,0.0
2021-04-27 00:00:00+05:30,256,Khammam,1067,Khammam,25,Cotton,25,Common,0.0,121.0,4000.0,6400.0,6400.0,0.0,0.0
2021-04-27 00:00:00+05:30,278,Suryapet,1091,Suryapet,15,Red Gram,15,Common,0.0,23.0,6066.0,6653.0,6653.0,0.0,0.0
2021-04-27 00:00:00+05:30,320,Tandur,37,Tandur,30,Groundnut pods,30,Common,0.0,56.0,5150.0,5301.0,5220.0,0.0,0.0
2021-04-27 00:00:00+05:30,319,Shankerpally,40,Shankerpally,105,Potato,105,Common,0.0,6.5,1700.0,1700.0,1700.0,0.0,0.0
2021-04-27 00:00:00+05:30,325,Hyderabad,6,Madannapeta,114,Tomato,114,Common,0.0,260.0,400.0,800.0,600.0,0.0,0.0
2021-04-27 00:00:00+05:30,323,Gaddiannaram,1,Gaddiannaram,81,Grapes,296,Black,0.0,209.0,1000.0,3000.0,1800.0,0.0,0.0
2021-04-27 00:00:00+05:30,323,Gaddiannaram,2,L.B Nagar,112,Ladys Finger,112,Common,0.0,23.0,1000.0,1500.0,1200.0,0.0,0.0
2021-04-26 00:00:00+05:30,295,Sangareddy,1219,Sangaredy,112,Ladys Finger,112,Common,0.0,1.0,2000.0,2200.0,2100.0,0.0,0.0
2021-04-26 00:00:00+05:30,367,Gudimalkapur,1571,Gudumalkapur,108,Yam,108,Common,0.0,6.0,600.0,800.0,700.0,0.0,0.0
2021-04-26 00:00:00+05:30,306,Mahbubnagar,1326,Mahaboobnagar,47,Tamarind Seed,47,Common,0.0,12.0,1335.0,1335.0,1335.0,0.0,0.0
2021-04-26 00:00:00+05:30,308,Nagarkurnool,1334,Nagarkurnool,16,Green Gram,16,Common,0.0,18.0,6009.0,6309.0,6209.0,0.0,0.0
2021-04-26 00:00:00+05:30,303,Kalwakurthy,1340,Kalwakurthy,98,Cabbage,98,Common,0.0,1.0,600.0,600.0,600.0,0.0,0.0
2021-04-26 00:00:00+05:30,256,Khammam,1067,Khammam,25,Cotton,25,Common,0.0,450.0,4000.0,6450.0,5200.0,0.0,0.0
2021-04-26 00:00:00+05:30,320,Tandur,37,Tandur,30,Groundnut pods,30,Common,0.0,16.8,5211.0,5211.0,5211.0,0.0,0.0
2021-04-26 00:00:00+05:30,278,Suryapet,1091,Suryapet,15,Red Gram,15,Common,0.0,70.0,4329.0,6746.0,6597.0,0.0,0.0
2021-04-26 00:00:00+05:30,279,Thirumalagiri,9,Tirmalagiri,5,Maize,5,Common,0.0,75.0,1473.0,1738.0,1443.0,0.0,0.0
2021-04-26 00:00:00+05:30,322,Chevella,46,Chevella,111,Brinjal,111,Common,0.0,5.0,500.0,1100.0,600.0,0.0,0.0
2021-04-26 00:00:00+05:30,241,Mahabubabad,1177,Mahabubabad,17,Black Gram,17,Common,0.0,8.0,6651.0,6651.0,6651.0,0.0,0.0
2021-04-26 00:00:00+05:30,239,Kesamudram,1168,Kesamudram,30,Groundnut pods,30,Common,0.0,12.0,4059.0,4689.0,4689.0,0.0,0.0
2021-04-26 00:00:00+05:30,323,Gaddiannaram,2,L.B Nagar,112,Ladys Finger,112,Common,0.0,44.0,1000.0,1500.0,1200.0,0.0,0.0
2021-04-26 00:00:00+05:30,323,Gaddiannaram,1,Gaddiannaram,81,Grapes,296,Black,0.0,186.0,1400.0,5400.0,2400.0,0.0,0.0
2021-04-25 00:00:00+05:30,329,Navabpet(MBNR),1483,Navabpet,30,Groundnut pods,30,Common,0.0,31.0,2899.0,5443.0,5377.0,0.0,0.0
2021-04-26 00:00:00+05:30,325,Hyderabad,6,Madannapeta,114,Tomato,114,Common,0.0,245.0,400.0,800.0,600.0,0.0,0.0
2021-04-25 00:00:00+05:30,295,Sangareddy,1219,Sangaredy,112,Ladys Finger,112,Common,0.0,3.0,2000.0,2300.0,2200.0,0.0,0.0
2021-04-01 00:00:00+05:30,325,Hyderabad,6,Madannapeta,116,French Beans,116,Common,0.0,3.0,2500.0,2500.0,2500.0,0.0,0.0
2021-04-01 00:00:00+05:30,323,Gaddiannaram,2,L.B Nagar,113,Green Chillies,113,Common,0.0,131.0,1000.0,2000.0,2000.0,0.0,0.0
2021-04-01 00:00:00+05:30,324,Bowenpally,3,Bowenpally,110,Green Onion,110,Common,0.0,32.0,1200.0,2500.0,2200.0,0.0,0.0
2021-04-01 00:00:00+05:30,321,Vikarabad,38,Vikarabad,57,Tumeric,228,Bulb,0.0,2.0,6411.0,6411.0,6411.0,0.0,0.0
2021-04-01 00:00:00+05:30,323,Gaddiannaram,1,Gaddiannaram,81,Grapes,297,White,0.0,616.0,1250.0,3350.0,1650.0,0.0,0.0
2021-04-01 00:00:00+05:30,246,Warangal,886,Warangal,25,Cotton,25,Common,0.0,1463.0,5450.0,6200.0,5850.0,0.0,0.0
2021-04-01 00:00:00+05:30,322,Chevella,46,Chevella,113,Green Chillies,113,Common,0.0,5.0,2000.0,3500.0,2500.0,0.0,0.0
2021-04-01 00:00:00+05:30,278,Suryapet,1091,Suryapet,16,Green Gram,16,Common,0.0,75.0,2493.0,6511.0,6432.0,0.0,0.0
2021-04-01 00:00:00+05:30,222,Karimnagar,1121,Karimnagar,15,Red Gram,234,Red,0.0,5.0,5751.0,5762.0,5762.0,0.0,0.0
2021-04-01 00:00:00+05:30,290,Siddipet,1193,Siddipet,5,Maize,5,Common,0.0,77.0,1527.0,1537.0,1532.0,0.0,0.0
2021-04-01 00:00:00+05:30,295,Sangareddy,1219,Sangaredy,113,Green Chillies,113,Common,0.0,8.0,1600.0,2000.0,1800.0,0.0,0.0
2021-04-02 00:00:00+05:30,323,Gaddiannaram,1,Gaddiannaram,81,Grapes,297,White,0.0,766.0,1250.0,3350.0,1650.0,0.0,0.0
2021-04-02 00:00:00+05:30,323,Gaddiannaram,2,L.B Nagar,113,Green Chillies,113,Common,0.0,156.0,1500.0,2000.0,2000.0,0.0,0.0
2021-04-01 00:00:00+05:30,303,Kalwakurthy,1340,Kalwakurthy,105,Potato,105,Common,0.0,1.0,2000.0,2000.0,2000.0,0.0,0.0
2021-04-02 00:00:00+05:30,324,Bowenpally,3,Bowenpally,110,Green Onion,110,Common,0.0,30.0,1200.0,2500.0,2200.0,0.0,0.0
2021-04-02 00:00:00+05:30,325,Hyderabad,6,Madannapeta,116,French Beans,116,Common,0.0,3.0,2000.0,2000.0,2000.0,0.0,0.0
2021-04-02 00:00:00+05:30,322,Chevella,46,Chevella,113,Green Chillies,113,Common,0.0,4.0,1500.0,3000.0,2000.0,0.0,0.0
2021-04-02 00:00:00+05:30,295,Sangareddy,1219,Sangaredy,113,Green Chillies,113,Common,0.0,2.0,1800.0,2000.0,1900.0,0.0,0.0
2021-04-02 00:00:00+05:30,331,Vantimamidi,1612,Vantimamidi,110,Green Onion,110,Common,0.0,1.0,2300.0,2300.0,2300.0,0.0,0.0
2021-04-03 00:00:00+05:30,324,Bowenpally,3,Bowenpally,110,Green Onion,110,Common,0.0,59.0,1000.0,2000.0,1800.0,0.0,0.0
2021-04-03 00:00:00+05:30,323,Gaddiannaram,1,Gaddiannaram,81,Grapes,297,White,0.0,700.0,1250.0,3250.0,1600.0,0.0,0.0
2021-04-03 00:00:00+05:30,323,Gaddiannaram,2,L.B Nagar,113,Green Chillies,113,Common,0.0,164.0,1500.0,2000.0,2000.0,0.0,0.0
2021-04-03 00:00:00+05:30,322,Chevella,46,Chevella,113,Green Chillies,113,Common,0.0,6.0,2000.0,3500.0,2500.0,0.0,0.0
2021-04-03 00:00:00+05:30,325,Hyderabad,6,Madannapeta,116,French Beans,116,Common,0.0,14.0,2250.0,2250.0,2250.0,0.0,0.0
2021-04-03 00:00:00+05:30,295,Sangareddy,1219,Sangaredy,113,Green Chillies,113,Common,0.0,3.0,1800.0,2100.0,2000.0,0.0,0.0
2021-04-03 00:00:00+05:30,278,Suryapet,1091,Suryapet,16,Green Gram,16,Common,0.0,102.0,2529.0,6593.0,6309.0,0.0,0.0
2021-04-03 00:00:00+05:30,290,Siddipet,1193,Siddipet,5,Maize,5,Common,0.0,31.35,1535.0,1543.0,1539.0,0.0,0.0
2021-04-03 00:00:00+05:30,212,Choppadandi,1123,Choppadandi,5,Maize,5,Common,0.0,168.0,1541.0,1629.0,1601.0,0.0,0.0
2021-04-04 00:00:00+05:30,323,Gaddiannaram,1,Gaddiannaram,81,Grapes,297,White,0.0,452.0,1250.0,3400.0,1650.0,0.0,0.0
2021-04-03 00:00:00+05:30,331,Vantimamidi,1612,Vantimamidi,110,Green Onion,110,Common,0.0,1.0,1500.0,1500.0,1500.0,0.0,0.0
2021-04-03 00:00:00+05:30,367,Gudimalkapur,1571,Gudumalkapur,110,Green Onion,110,Common,0.0,3.0,1000.0,2000.0,1500.0,0.0,0.0
2021-04-03 00:00:00+05:30,303,Kalwakurthy,1340,Kalwakurthy,105,Potato,105,Common,0.0,1.0,1800.0,1800.0,1800.0,0.0,0.0
2021-04-04 00:00:00+05:30,325,Hyderabad,6,Madannapeta,116,French Beans,116,Common,0.0,2.0,2500.0,2500.0,2500.0,0.0,0.0
2021-04-04 00:00:00+05:30,323,Gaddiannaram,2,L.B Nagar,113,Green Chillies,113,Common,0.0,103.0,1500.0,2500.0,2000.0,0.0,0.0
2021-04-04 00:00:00+05:30,324,Bowenpally,3,Bowenpally,110,Green Onion,110,Common,0.0,43.0,1000.0,2500.0,2000.0,0.0,0.0
2021-04-04 00:00:00+05:30,322,Chevella,46,Chevella,113,Green Chillies,113,Common,0.0,4.0,2000.0,3500.0,2500.0,0.0,0.0
2021-04-04 00:00:00+05:30,295,Sangareddy,1219,Sangaredy,113,Green Chillies,113,Common,0.0,6.0,1800.0,2100.0,2000.0,0.0,0.0
2021-04-04 00:00:00+05:30,367,Gudimalkapur,1571,Gudumalkapur,110,Green Onion,110,Common,0.0,6.0,1600.0,2000.0,1800.0,0.0,0.0
2021-04-05 00:00:00+05:30,323,Gaddiannaram,1,Gaddiannaram,81,Grapes,297,White,0.0,674.0,1250.0,3350.0,1600.0,0.0,0.0
2021-04-04 00:00:00+05:30,331,Vantimamidi,1612,Vantimamidi,110,Green Onion,110,Common,0.0,3.0,1000.0,1400.0,1200.0,0.0,0.0
2021-04-05 00:00:00+05:30,325,Hyderabad,6,Madannapeta,116,French Beans,116,Common,0.0,7.0,2500.0,3000.0,2750.0,0.0,0.0
2021-04-05 00:00:00+05:30,323,Gaddiannaram,2,L.B Nagar,113,Green Chillies,113,Common,0.0,137.0,2000.0,2500.0,2200.0,0.0,0.0
2021-04-05 00:00:00+05:30,322,Chevella,46,Chevella,113,Green Chillies,113,Common,0.0,5.0,2000.0,3500.0,2500.0,0.0,0.0
2021-04-05 00:00:00+05:30,295,Sangareddy,1219,Sangaredy,113,Green Chillies,113,Common,0.0,9.0,1800.0,2100.0,2000.0,0.0,0.0
2021-04-05 00:00:00+05:30,303,Kalwakurthy,1340,Kalwakurthy,105,Potato,105,Common,0.0,1.0,2000.0,2000.0,2000.0,0.0,0.0
2021-04-06 00:00:00+05:30,323,Gaddiannaram,1,Gaddiannaram,81,Grapes,297,White,0.0,408.0,1250.0,3250.0,1600.0,0.0,0.0
2021-04-06 00:00:00+05:30,323,Gaddiannaram,2,L.B Nagar,113,Green Chillies,113,Common,0.0,119.0,2000.0,2500.0,2200.0,0.0,0.0
2021-04-05 00:00:00+05:30,367,Gudimalkapur,1571,Gudumalkapur,110,Green Onion,110,Common,0.0,5.0,1500.0,2000.0,1800.0,0.0,0.0
2021-04-05 00:00:00+05:30,331,Vantimamidi,1612,Vantimamidi,110,Green Onion,110,Common,0.0,13.0,800.0,1900.0,1350.0,0.0,0.0
2021-04-06 00:00:00+05:30,324,Bowenpally,3,Bowenpally,110,Green Onion,110,Common,0.0,58.0,1500.0,2500.0,2200.0,0.0,0.0
2021-04-06 00:00:00+05:30,279,Thirumalagiri,9,Tirmalagiri,6,Jowar,6,Common,0.0,7.0,3100.0,3150.0,3150.0,0.0,0.0
2021-04-06 00:00:00+05:30,325,Hyderabad,6,Madannapeta,116,French Beans,116,Common,0.0,1.0,3000.0,3000.0,3000.0,0.0,0.0
2021-04-06 00:00:00+05:30,246,Warangal,886,Warangal,25,Cotton,25,Common,0.0,1702.0,5625.0,6420.0,6025.0,0.0,0.0
2021-04-06 00:00:00+05:30,278,Suryapet,1091,Suryapet,16,Green Gram,16,Common,0.0,123.0,4521.0,6642.0,6187.0,0.0,0.0
2021-04-06 00:00:00+05:30,212,Choppadandi,1123,Choppadandi,5,Maize,5,Common,0.0,291.0,1516.0,1636.0,1623.0,0.0,0.0
2021-04-06 00:00:00+05:30,222,Karimnagar,1121,Karimnagar,15,Red Gram,234,Red,0.0,4.0,4343.0,5788.0,4343.0,0.0,0.0
2021-04-06 00:00:00+05:30,241,Mahabubabad,1177,Mahabubabad,22,Cowpea,22,Common,0.0,136.0,5600.0,5706.0,5706.0,0.0,0.0
2021-04-06 00:00:00+05:30,238,Jangoan,1169,Jangaon,30,Groundnut pods,30,Common,0.0,43.8,4089.0,5789.0,5289.0,0.0,0.0
2021-04-07 00:00:00+05:30,323,Gaddiannaram,1,Gaddiannaram,81,Grapes,297,White,0.0,419.0,1250.0,3100.0,1500.0,0.0,0.0
2021-04-07 00:00:00+05:30,323,Gaddiannaram,2,L.B Nagar,113,Green Chillies,113,Common,0.0,200.0,1200.0,2000.0,1600.0,0.0,0.0
2021-04-06 00:00:00+05:30,367,Gudimalkapur,1571,Gudumalkapur,110,Green Onion,110,Common,0.0,6.0,1000.0,2000.0,1500.0,0.0,0.0
2021-04-06 00:00:00+05:30,331,Vantimamidi,1612,Vantimamidi,110,Green Onion,110,Common,0.0,7.0,1100.0,1100.0,1100.0,0.0,0.0
2021-04-07 00:00:00+05:30,246,Warangal,886,Warangal,25,Cotton,25,Common,0.0,1907.0,5000.0,6360.0,5850.0,0.0,0.0
2021-04-07 00:00:00+05:30,324,Bowenpally,3,Bowenpally,110,Green Onion,110,Common,0.0,19.0,1000.0,2500.0,2000.0,0.0,0.0
2021-04-07 00:00:00+05:30,325,Hyderabad,6,Madannapeta,116,French Beans,116,Common,0.0,2.0,3000.0,3000.0,3000.0,0.0,0.0
2021-04-07 00:00:00+05:30,278,Suryapet,1091,Suryapet,16,Green Gram,16,Common,0.0,295.0,2459.0,6759.0,6462.0,0.0,0.0
2021-04-07 00:00:00+05:30,322,Chevella,46,Chevella,113,Green Chillies,113,Common,0.0,5.0,2000.0,3500.0,2500.0,0.0,0.0
2021-04-07 00:00:00+05:30,222,Karimnagar,1121,Karimnagar,15,Red Gram,234,Red,0.0,5.0,5258.0,6161.0,5858.0,0.0,0.0
2021-04-07 00:00:00+05:30,212,Choppadandi,1123,Choppadandi,5,Maize,5,Common,0.0,201.0,1522.0,1633.0,1571.0,0.0,0.0
2021-04-07 00:00:00+05:30,241,Mahabubabad,1177,Mahabubabad,22,Cowpea,22,Common,0.0,141.0,5375.0,5740.0,5736.0,0.0,0.0
2021-04-07 00:00:00+05:30,238,Jangoan,1169,Jangaon,30,Groundnut pods,30,Common,0.0,2.4,4325.0,4429.0,4429.0,0.0,0.0
2021-04-07 00:00:00+05:30,290,Siddipet,1193,Siddipet,5,Maize,5,Common,0.0,2.75,1175.0,1175.0,1175.0,0.0,0.0
2021-04-07 00:00:00+05:30,295,Sangareddy,1219,Sangaredy,113,Green Chillies,113,Common,0.0,7.0,1800.0,2000.0,1900.0,0.0,0.0
2021-04-07 00:00:00+05:30,367,Gudimalkapur,1571,Gudumalkapur,110,Green Onion,110,Common,0.0,9.0,1600.0,2000.0,1800.0,0.0,0.0
2021-04-07 00:00:00+05:30,303,Kalwakurthy,1340,Kalwakurthy,105,Potato,105,Common,0.0,1.0,2100.0,2100.0,2100.0,0.0,0.0
2021-04-08 00:00:00+05:30,323,Gaddiannaram,1,Gaddiannaram,81,Grapes,297,White,0.0,443.0,1250.0,3100.0,1500.0,0.0,0.0
2021-04-07 00:00:00+05:30,331,Vantimamidi,1612,Vantimamidi,110,Green Onion,110,Common,0.0,5.0,500.0,2000.0,1250.0,0.0,0.0
2021-04-08 00:00:00+05:30,324,Bowenpally,3,Bowenpally,110,Green Onion,110,Common,0.0,27.0,1000.0,3000.0,2500.0,0.0,0.0
2021-04-08 00:00:00+05:30,323,Gaddiannaram,2,L.B Nagar,113,Green Chillies,113,Common,0.0,123.0,1500.0,2500.0,2000.0,0.0,0.0
2021-04-08 00:00:00+05:30,325,Hyderabad,6,Madannapeta,116,French Beans,116,Common,0.0,2.0,3000.0,3000.0,3000.0,0.0,0.0
2021-04-08 00:00:00+05:30,246,Warangal,886,Warangal,25,Cotton,25,Common,0.0,1571.0,5100.0,6275.0,5825.0,0.0,0.0
2021-04-08 00:00:00+05:30,278,Suryapet,1091,Suryapet,16,Green Gram,16,Common,0.0,76.0,5111.0,6601.0,6456.0,0.0,0.0
2021-04-08 00:00:00+05:30,322,Chevella,46,Chevella,113,Green Chillies,113,Common,0.0,5.0,2000.0,3500.0,2500.0,0.0,0.0
2021-04-08 00:00:00+05:30,222,Karimnagar,1121,Karimnagar,15,Red Gram,234,Red,0.0,1.0,5757.0,5757.0,5757.0,0.0,0.0
2021-04-08 00:00:00+05:30,212,Choppadandi,1123,Choppadandi,5,Maize,5,Common,0.0,211.0,1436.0,1599.0,1599.0,0.0,0.0
2021-04-08 00:00:00+05:30,241,Mahabubabad,1177,Mahabubabad,22,Cowpea,22,Common,0.0,93.0,5150.0,5726.0,5726.0,0.0,0.0
2021-04-08 00:00:00+05:30,238,Jangoan,1169,Jangaon,30,Groundnut pods,30,Common,0.0,29.7,5189.0,5455.0,5411.0,0.0,0.0
2021-04-08 00:00:00+05:30,295,Sangareddy,1219,Sangaredy,113,Green Chillies,113,Common,0.0,8.0,1800.0,2000.0,1900.0,0.0,0.0
2021-04-09 00:00:00+05:30,323,Gaddiannaram,1,Gaddiannaram,81,Grapes,297,White,0.0,627.0,1250.0,3250.0,1650.0,0.0,0.0
2021-04-09 00:00:00+05:30,323,Gaddiannaram,2,L.B Nagar,113,Green Chillies,113,Common,0.0,89.0,1500.0,2000.0,1700.0,0.0,0.0
2021-04-08 00:00:00+05:30,331,Vantimamidi,1612,Vantimamidi,110,Green Onion,110,Common,0.0,14.0,700.0,2000.0,1350.0,0.0,0.0
2021-04-09 00:00:00+05:30,324,Bowenpally,3,Bowenpally,110,Green Onion,110,Common,0.0,29.0,1500.0,3000.0,2500.0,0.0,0.0
2021-04-09 00:00:00+05:30,279,Thirumalagiri,9,Tirmalagiri,6,Jowar,6,Common,0.0,2.0,3739.0,3739.0,3739.0,0.0,0.0
2021-04-09 00:00:00+05:30,325,Hyderabad,6,Madannapeta,116,French Beans,116,Common,0.0,6.0,3000.0,3000.0,3000.0,0.0,0.0
2021-04-09 00:00:00+05:30,246,Warangal,886,Warangal,25,Cotton,25,Common,0.0,1870.0,5125.0,6475.0,5850.0,0.0,0.0
2021-04-09 00:00:00+05:30,322,Chevella,46,Chevella,113,Green Chillies,113,Common,0.0,5.0,2000.0,3500.0,2500.0,0.0,0.0
2021-04-09 00:00:00+05:30,278,Suryapet,1091,Suryapet,16,Green Gram,16,Common,0.0,122.0,2097.0,6616.0,6489.0,0.0,0.0
2021-04-09 00:00:00+05:30,295,Sangareddy,1219,Sangaredy,113,Green Chillies,113,Common,0.0,4.0,1800.0,2100.0,2000.0,0.0,0.0
2021-04-09 00:00:00+05:30,241,Mahabubabad,1177,Mahabubabad,22,Cowpea,22,Common,0.0,54.0,5180.0,5742.0,5742.0,0.0,0.0
2021-04-09 00:00:00+05:30,238,Jangoan,1169,Jangaon,30,Groundnut pods,30,Common,0.0,43.5,5211.0,5689.0,5389.0,0.0,0.0
2021-04-09 00:00:00+05:30,212,Choppadandi,1123,Choppadandi,5,Maize,5,Common,0.0,197.0,1512.0,1571.0,1555.0,0.0,0.0
2021-04-09 00:00:00+05:30,222,Karimnagar,1121,Karimnagar,15,Red Gram,234,Red,0.0,3.0,5913.0,6003.0,6003.0,0.0,0.0
2021-04-10 00:00:00+05:30,323,Gaddiannaram,1,Gaddiannaram,81,Grapes,297,White,0.0,466.0,1250.0,3100.0,1500.0,0.0,0.0
2021-04-09 00:00:00+05:30,331,Vantimamidi,1612,Vantimamidi,110,Green Onion,110,Common,0.0,10.0,1600.0,2200.0,1900.0,0.0,0.0
2021-04-10 00:00:00+05:30,325,Hyderabad,6,Madannapeta,116,French Beans,116,Common,0.0,6.0,2500.0,2500.0,2500.0,0.0,0.0
2021-04-10 00:00:00+05:30,324,Bowenpally,3,Bowenpally,110,Green Onion,110,Common,0.0,22.0,1000.0,2500.0,2000.0,0.0,0.0
2021-04-10 00:00:00+05:30,322,Chevella,46,Chevella,113,Green Chillies,113,Common,0.0,5.0,2000.0,3500.0,2500.0,0.0,0.0
2021-04-10 00:00:00+05:30,278,Suryapet,1091,Suryapet,16,Green Gram,16,Common,0.0,112.0,4762.0,6739.0,6492.0,0.0,0.0
2021-04-10 00:00:00+05:30,238,Jangoan,1169,Jangaon,30,Groundnut pods,30,Common,0.0,33.9,3989.0,5289.0,4689.0,0.0,0.0
2021-04-10 00:00:00+05:30,290,Siddipet,1193,Siddipet,5,Maize,5,Common,0.0,53.25,1555.0,1555.0,1555.0,0.0,0.0
2021-04-10 00:00:00+05:30,212,Choppadandi,1123,Choppadandi,5,Maize,5,Common,0.0,127.0,1549.0,1577.0,1569.0,0.0,0.0
2021-04-10 00:00:00+05:30,295,Sangareddy,1219,Sangaredy,113,Green Chillies,113,Common,0.0,5.0,1800.0,2100.0,2000.0,0.0,0.0
2021-04-10 00:00:00+05:30,367,Gudimalkapur,1571,Gudumalkapur,110,Green Onion,110,Common,0.0,7.0,1600.0,2000.0,1800.0,0.0,0.0
2021-04-10 00:00:00+05:30,331,Vantimamidi,1612,Vantimamidi,110,Green Onion,110,Common,0.0,7.0,1200.0,2300.0,1750.0,0.0,0.0
2021-04-11 00:00:00+05:30,323,Gaddiannaram,2,L.B Nagar,113,Green Chillies,113,Common,0.0,123.0,1500.0,2000.0,1700.0,0.0,0.0
2021-04-11 00:00:00+05:30,324,Bowenpally,3,Bowenpally,110,Green Onion,110,Common,0.0,53.0,1000.0,2500.0,2100.0,0.0,0.0
2021-04-11 00:00:00+05:30,325,Hyderabad,6,Madannapeta,116,French Beans,116,Common,0.0,2.0,3000.0,3000.0,3000.0,0.0,0.0
2021-04-11 00:00:00+05:30,323,Gaddiannaram,1,Gaddiannaram,81,Grapes,297,White,0.0,325.0,1200.0,3100.0,1600.0,0.0,0.0
2021-04-11 00:00:00+05:30,322,Chevella,46,Chevella,113,Green Chillies,113,Common,0.0,5.0,1800.0,3000.0,2200.0,0.0,0.0
2021-04-11 00:00:00+05:30,295,Sangareddy,1219,Sangaredy,113,Green Chillies,113,Common,0.0,5.0,1800.0,2100.0,2000.0,0.0,0.0
2021-04-12 00:00:00+05:30,323,Gaddiannaram,1,Gaddiannaram,81,Grapes,297,White,0.0,321.0,1200.0,3200.0,2200.0,0.0,0.0
2021-04-11 00:00:00+05:30,331,Vantimamidi,1612,Vantimamidi,110,Green Onion,110,Common,0.0,13.0,1000.0,2300.0,1650.0,0.0,0.0
2021-04-11 00:00:00+05:30,367,Gudimalkapur,1571,Gudumalkapur,110,Green Onion,110,Common,0.0,5.0,1000.0,2000.0,1500.0,0.0,0.0
2021-04-12 00:00:00+05:30,324,Bowenpally,3,Bowenpally,110,Green Onion,110,Common,0.0,17.0,1000.0,3000.0,2500.0,0.0,0.0
2021-04-12 00:00:00+05:30,325,Hyderabad,6,Madannapeta,116,French Beans,116,Common,0.0,6.0,3000.0,3000.0,3000.0,0.0,0.0
2021-04-12 00:00:00+05:30,323,Gaddiannaram,2,L.B Nagar,113,Green Chillies,113,Common,0.0,157.0,1500.0,2000.0,1700.0,0.0,0.0
2021-04-12 00:00:00+05:30,322,Chevella,46,Chevella,113,Green Chillies,113,Common,0.0,6.0,1500.0,3000.0,2200.0,0.0,0.0
2021-04-13 00:00:00+05:30,323,Gaddiannaram,1,Gaddiannaram,81,Grapes,297,White,0.0,270.0,1250.0,3100.0,2250.0,0.0,0.0
2021-04-14 00:00:00+05:30,323,Gaddiannaram,1,Gaddiannaram,81,Grapes,297,White,0.0,421.0,1250.0,3100.0,2250.0,0.0,0.0
2021-04-13 00:00:00+05:30,331,Vantimamidi,1612,Vantimamidi,110,Green Onion,110,Common,0.0,4.0,1000.0,1000.0,1000.0,0.0,0.0
2021-04-12 00:00:00+05:30,278,Suryapet,1091,Suryapet,16,Green Gram,16,Common,0.0,43.0,6556.0,6714.0,6656.0,0.0,0.0
2021-04-12 00:00:00+05:30,256,Khammam,1067,Khammam,30,Groundnut pods,30,Common,0.0,18.0,4600.0,5600.0,4600.0,0.0,0.0
2021-04-12 00:00:00+05:30,295,Sangareddy,1219,Sangaredy,113,Green Chillies,113,Common,0.0,4.0,1800.0,2000.0,1900.0,0.0,0.0
2021-04-12 00:00:00+05:30,367,Gudimalkapur,1571,Gudumalkapur,110,Green Onion,110,Common,0.0,3.0,1600.0,2000.0,1800.0,0.0,0.0
2021-04-14 00:00:00+05:30,324,Bowenpally,3,Bowenpally,110,Green Onion,110,Common,0.0,11.0,1000.0,3000.0,2500.0,0.0,0.0
2021-04-14 00:00:00+05:30,325,Hyderabad,6,Madannapeta,116,French Beans,116,Common,0.0,10.0,3000.0,4000.0,3500.0,0.0,0.0
2021-04-14 00:00:00+05:30,323,Gaddiannaram,2,L.B Nagar,113,Green Chillies,113,Common,0.0,89.0,1500.0,2000.0,1700.0,0.0,0.0
2021-04-14 00:00:00+05:30,322,Chevella,46,Chevella,113,Green Chillies,113,Common,0.0,5.0,2000.0,3500.0,2500.0,0.0,0.0
2021-04-14 00:00:00+05:30,295,Sangareddy,1219,Sangaredy,113,Green Chillies,113,Common,0.0,8.0,1400.0,1800.0,1600.0,0.0,0.0
2021-04-14 00:00:00+05:30,367,Gudimalkapur,1571,Gudumalkapur,110,Green Onion,110,Common,0.0,1.0,2000.0,2000.0,2000.0,0.0,0.0
2021-04-15 00:00:00+05:30,323,Gaddiannaram,1,Gaddiannaram,81,Grapes,297,White,0.0,297.0,1250.0,3100.0,2250.0,0.0,0.0
2021-04-14 00:00:00+05:30,331,Vantimamidi,1612,Vantimamidi,110,Green Onion,110,Common,0.0,4.0,1000.0,1000.0,1000.0,0.0,0.0
2021-04-15 00:00:00+05:30,324,Bowenpally,3,Bowenpally,110,Green Onion,110,Common,0.0,12.0,1000.0,3000.0,2500.0,0.0,0.0
2021-04-15 00:00:00+05:30,246,Warangal,886,Warangal,25,Cotton,25,Common,0.0,1600.0,5425.0,6600.0,6050.0,0.0,0.0
2021-04-15 00:00:00+05:30,322,Chevella,46,Chevella,113,Green Chillies,113,Common,0.0,5.0,2000.0,3600.0,2500.0,0.0,0.0
2021-04-15 00:00:00+05:30,325,Hyderabad,6,Madannapeta,116,French Beans,116,Common,0.0,4.0,3250.0,3250.0,3250.0,0.0,0.0
2021-04-15 00:00:00+05:30,323,Gaddiannaram,2,L.B Nagar,113,Green Chillies,113,Common,0.0,134.0,1500.0,2500.0,2000.0,0.0,0.0
2021-04-15 00:00:00+05:30,238,Jangoan,1169,Jangaon,30,Groundnut pods,30,Common,0.0,3.6,5089.0,5089.0,5089.0,0.0,0.0
2021-04-15 00:00:00+05:30,222,Karimnagar,1121,Karimnagar,15,Red Gram,234,Red,0.0,4.0,5888.0,6066.0,6066.0,0.0,0.0
2021-04-15 00:00:00+05:30,212,Choppadandi,1123,Choppadandi,5,Maize,5,Common,0.0,121.0,1491.0,1581.0,1565.0,0.0,0.0
2021-04-15 00:00:00+05:30,256,Khammam,1067,Khammam,30,Groundnut pods,30,Common,0.0,30.0,5000.0,5215.0,5100.0,0.0,0.0
2021-04-15 00:00:00+05:30,278,Suryapet,1091,Suryapet,16,Green Gram,16,Common,0.0,100.0,6264.0,6752.0,6752.0,0.0,0.0
2021-04-15 00:00:00+05:30,367,Gudimalkapur,1571,Gudumalkapur,110,Green Onion,110,Common,0.0,3.0,1600.0,2000.0,1800.0,0.0,0.0
2021-04-15 00:00:00+05:30,295,Sangareddy,1219,Sangaredy,113,Green Chillies,113,Common,0.0,9.0,1200.0,1600.0,1400.0,0.0,0.0
2021-04-15 00:00:00+05:30,290,Siddipet,1193,Siddipet,5,Maize,5,Common,0.0,4.05,1200.0,1411.0,1311.0,0.0,0.0
2021-04-16 00:00:00+05:30,323,Gaddiannaram,1,Gaddiannaram,81,Grapes,297,White,0.0,656.0,1250.0,3250.0,1750.0,0.0,0.0
2021-04-15 00:00:00+05:30,331,Vantimamidi,1612,Vantimamidi,110,Green Onion,110,Common,0.0,5.0,1050.0,1050.0,1050.0,0.0,0.0
2021-04-16 00:00:00+05:30,324,Bowenpally,3,Bowenpally,110,Green Onion,110,Common,0.0,33.0,1000.0,2500.0,2000.0,0.0,0.0
2021-04-16 00:00:00+05:30,323,Gaddiannaram,2,L.B Nagar,113,Green Chillies,113,Common,0.0,159.0,1000.0,2000.0,1500.0,0.0,0.0
2021-04-16 00:00:00+05:30,325,Hyderabad,6,Madannapeta,116,French Beans,116,Common,0.0,5.0,3000.0,3000.0,3000.0,0.0,0.0
2021-04-16 00:00:00+05:30,278,Suryapet,1091,Suryapet,16,Green Gram,16,Common,0.0,66.0,5711.0,6674.0,6593.0,0.0,0.0
2021-04-16 00:00:00+05:30,322,Chevella,46,Chevella,113,Green Chillies,113,Common,0.0,4.0,2500.0,4000.0,3500.0,0.0,0.0
2021-04-16 00:00:00+05:30,222,Karimnagar,1121,Karimnagar,15,Red Gram,234,Red,0.0,4.0,6033.0,6033.0,6033.0,0.0,0.0
2021-04-16 00:00:00+05:30,212,Choppadandi,1123,Choppadandi,5,Maize,5,Common,0.0,320.0,1477.0,1611.0,1551.0,0.0,0.0
2021-04-16 00:00:00+05:30,246,Warangal,886,Warangal,25,Cotton,25,Common,0.0,2428.0,5450.0,6600.0,6025.0,0.0,0.0
2021-04-16 00:00:00+05:30,256,Khammam,1067,Khammam,30,Groundnut pods,30,Common,0.0,17.0,4600.0,4900.0,4900.0,0.0,0.0
2021-04-16 00:00:00+05:30,238,Jangoan,1169,Jangaon,30,Groundnut pods,30,Common,0.0,10.5,4389.0,5551.0,5251.0,0.0,0.0
2021-04-16 00:00:00+05:30,241,Mahabubabad,1177,Mahabubabad,22,Cowpea,22,Common,0.0,53.0,5315.0,5725.0,5717.0,0.0,0.0
2021-04-16 00:00:00+05:30,295,Sangareddy,1219,Sangaredy,113,Green Chillies,113,Common,0.0,11.0,1600.0,2000.0,1800.0,0.0,0.0
2021-04-17 00:00:00+05:30,323,Gaddiannaram,1,Gaddiannaram,81,Grapes,297,White,0.0,503.0,1250.0,3350.0,1750.0,0.0,0.0
2021-04-17 00:00:00+05:30,323,Gaddiannaram,2,L.B Nagar,113,Green Chillies,113,Common,0.0,161.0,1000.0,1600.0,1300.0,0.0,0.0
2021-04-16 00:00:00+05:30,367,Gudimalkapur,1571,Gudumalkapur,110,Green Onion,110,Common,0.0,2.0,800.0,1200.0,1000.0,0.0,0.0
2021-04-17 00:00:00+05:30,324,Bowenpally,3,Bowenpally,110,Green Onion,110,Common,0.0,53.0,1000.0,2200.0,2000.0,0.0,0.0
2021-04-17 00:00:00+05:30,322,Chevella,46,Chevella,113,Green Chillies,113,Common,0.0,5.0,2000.0,4000.0,3000.0,0.0,0.0
2021-04-17 00:00:00+05:30,256,Khammam,1067,Khammam,30,Groundnut pods,30,Common,0.0,20.0,4600.0,5200.0,4600.0,0.0,0.0
2021-04-17 00:00:00+05:30,295,Sangareddy,1219,Sangaredy,113,Green Chillies,113,Common,0.0,6.0,1600.0,2000.0,1800.0,0.0,0.0
2021-04-17 00:00:00+05:30,290,Siddipet,1193,Siddipet,5,Maize,5,Common,0.0,113.3,1475.0,1569.0,1545.0,0.0,0.0
2021-04-17 00:00:00+05:30,300,Badepally,1327,Badepally,18,Horse Gram,18,Common,0.0,2.0,3539.0,3539.0,3539.0,0.0,0.0
2021-04-17 00:00:00+05:30,278,Suryapet,1091,Suryapet,16,Green Gram,16,Common,0.0,19.0,6632.0,6733.0,6732.0,0.0,0.0
2021-04-17 00:00:00+05:30,212,Choppadandi,1123,Choppadandi,5,Maize,5,Common,0.0,194.0,1488.0,1559.0,1546.0,0.0,0.0
2021-04-17 00:00:00+05:30,222,Karimnagar,1121,Karimnagar,15,Red Gram,234,Red,0.0,2.0,5566.0,5878.0,5878.0,0.0,0.0
2021-04-17 00:00:00+05:30,303,Kalwakurthy,1340,Kalwakurthy,105,Potato,105,Common,0.0,1.0,2000.0,2000.0,2000.0,0.0,0.0
2021-04-17 00:00:00+05:30,367,Gudimalkapur,1571,Gudumalkapur,110,Green Onion,110,Common,0.0,2.0,1000.0,1500.0,1200.0,0.0,0.0
2021-04-18 00:00:00+05:30,323,Gaddiannaram,1,Gaddiannaram,81,Grapes,297,White,0.0,266.0,1250.0,3250.0,1870.0,0.0,0.0
2021-04-17 00:00:00+05:30,331,Vantimamidi,1612,Vantimamidi,110,Green Onion,110,Common,0.0,22.0,500.0,2100.0,1300.0,0.0,0.0
2021-04-18 00:00:00+05:30,322,Chevella,46,Chevella,113,Green Chillies,113,Common,0.0,6.0,2500.0,4000.0,3500.0,0.0,0.0
2021-04-18 00:00:00+05:30,323,Gaddiannaram,2,L.B Nagar,113,Green Chillies,113,Common,0.0,138.0,1000.0,1600.0,1300.0,0.0,0.0
2021-04-18 00:00:00+05:30,303,Kalwakurthy,1340,Kalwakurthy,105,Potato,105,Common,0.0,1.0,2000.0,2000.0,2000.0,0.0,0.0
2021-04-18 00:00:00+05:30,295,Sangareddy,1219,Sangaredy,113,Green Chillies,113,Common,0.0,6.0,1800.0,2000.0,1900.0,0.0,0.0
2021-04-18 00:00:00+05:30,367,Gudimalkapur,1571,Gudumalkapur,110,Green Onion,110,Common,0.0,2.0,1000.0,2000.0,1500.0,0.0,0.0
2021-04-18 00:00:00+05:30,331,Vantimamidi,1612,Vantimamidi,110,Green Onion,110,Common,0.0,2.0,1200.0,1400.0,1300.0,0.0,0.0
2021-04-19 00:00:00+05:30,323,Gaddiannaram,1,Gaddiannaram,81,Grapes,297,White,0.0,438.0,1250.0,3350.0,1750.0,0.0,0.0
2021-04-19 00:00:00+05:30,323,Gaddiannaram,2,L.B Nagar,113,Green Chillies,113,Common,0.0,78.0,1600.0,2000.0,1800.0,0.0,0.0
2021-04-19 00:00:00+05:30,324,Bowenpally,3,Bowenpally,110,Green Onion,110,Common,0.0,39.0,1000.0,2500.0,2000.0,0.0,0.0
2021-04-19 00:00:00+05:30,246,Warangal,886,Warangal,25,Cotton,25,Common,0.0,2604.0,5305.0,6450.0,5950.0,0.0,0.0
2021-04-19 00:00:00+05:30,278,Suryapet,1091,Suryapet,16,Green Gram,16,Common,0.0,95.0,6301.0,6782.0,6696.0,0.0,0.0
2021-04-19 00:00:00+05:30,322,Chevella,46,Chevella,113,Green Chillies,113,Common,0.0,5.0,2500.0,4500.0,3500.0,0.0,0.0
2021-04-19 00:00:00+05:30,256,Khammam,1067,Khammam,30,Groundnut pods,30,Common,0.0,20.0,4700.0,4800.0,4700.0,0.0,0.0
2021-04-19 00:00:00+05:30,295,Sangareddy,1219,Sangaredy,113,Green Chillies,113,Common,0.0,5.0,1600.0,2000.0,1800.0,0.0,0.0
2021-04-19 00:00:00+05:30,238,Jangoan,1169,Jangaon,30,Groundnut pods,30,Common,0.0,15.0,4725.0,5425.0,5411.0,0.0,0.0
2021-04-19 00:00:00+05:30,290,Siddipet,1193,Siddipet,5,Maize,5,Common,0.0,3.85,1422.0,1422.0,1422.0,0.0,0.0
2021-04-19 00:00:00+05:30,241,Mahabubabad,1177,Mahabubabad,22,Cowpea,22,Common,0.0,148.0,5050.0,5706.0,5706.0,0.0,0.0
2021-04-19 00:00:00+05:30,212,Choppadandi,1123,Choppadandi,5,Maize,5,Common,0.0,299.0,1438.0,1566.0,1528.0,0.0,0.0
2021-04-20 00:00:00+05:30,323,Gaddiannaram,1,Gaddiannaram,81,Grapes,297,White,0.0,300.0,1250.0,3350.0,1750.0,0.0,0.0
2021-04-19 00:00:00+05:30,331,Vantimamidi,1612,Vantimamidi,110,Green Onion,110,Common,0.0,4.0,2000.0,2000.0,2000.0,0.0,0.0
2021-04-20 00:00:00+05:30,324,Bowenpally,3,Bowenpally,110,Green Onion,110,Common,0.0,43.0,2000.0,2000.0,2000.0,0.0,0.0
2021-04-20 00:00:00+05:30,323,Gaddiannaram,2,L.B Nagar,113,Green Chillies,113,Common,0.0,61.0,2000.0,2500.0,2200.0,0.0,0.0
2021-04-20 00:00:00+05:30,278,Suryapet,1091,Suryapet,16,Green Gram,16,Common,0.0,116.0,3974.0,6711.0,6252.0,0.0,0.0
2021-04-20 00:00:00+05:30,246,Warangal,886,Warangal,25,Cotton,25,Common,0.0,1584.0,5025.0,6360.0,5850.0,0.0,0.0
2021-04-20 00:00:00+05:30,325,Hyderabad,6,Madannapeta,116,French Beans,116,Common,0.0,11.0,3000.0,3000.0,3000.0,0.0,0.0
2021-04-20 00:00:00+05:30,238,Jangoan,1169,Jangaon,30,Groundnut pods,30,Common,0.0,18.0,5325.0,5451.0,5411.0,0.0,0.0
2021-04-20 00:00:00+05:30,212,Choppadandi,1123,Choppadandi,5,Maize,5,Common,0.0,204.0,1525.0,1576.0,1525.0,0.0,0.0
2021-04-20 00:00:00+05:30,222,Karimnagar,1121,Karimnagar,15,Red Gram,234,Red,0.0,3.0,5055.0,5818.0,5608.0,0.0,0.0
2021-04-20 00:00:00+05:30,300,Badepally,1327,Badepally,18,Horse Gram,18,Common,0.0,12.0,2700.0,3667.0,3667.0,0.0,0.0
2021-04-20 00:00:00+05:30,241,Mahabubabad,1177,Mahabubabad,22,Cowpea,22,Common,0.0,79.0,5555.0,5716.0,5678.0,0.0,0.0
2021-04-20 00:00:00+05:30,290,Siddipet,1193,Siddipet,5,Maize,5,Common,0.0,24.75,1471.0,1526.0,1499.0,0.0,0.0
2021-04-21 00:00:00+05:30,323,Gaddiannaram,1,Gaddiannaram,81,Grapes,297,White,0.0,378.0,1667.0,4333.0,2500.0,0.0,0.0
2021-04-20 00:00:00+05:30,367,Gudimalkapur,1571,Gudumalkapur,110,Green Onion,110,Common,0.0,4.0,1500.0,2000.0,1800.0,0.0,0.0
2021-04-21 00:00:00+05:30,295,Sangareddy,1219,Sangaredy,113,Green Chillies,113,Common,0.0,4.0,1600.0,2000.0,1800.0,0.0,0.0
2021-04-21 00:00:00+05:30,322,Chevella,46,Chevella,113,Green Chillies,113,Common,0.0,4.0,2000.0,3500.0,2800.0,0.0,0.0
2021-04-21 00:00:00+05:30,323,Gaddiannaram,2,L.B Nagar,113,Green Chillies,113,Common,0.0,138.0,1500.0,2500.0,2000.0,0.0,0.0
2021-04-22 00:00:00+05:30,323,Gaddiannaram,1,Gaddiannaram,81,Grapes,297,White,0.0,389.0,1250.0,3250.0,1750.0,0.0,0.0
2021-04-22 00:00:00+05:30,323,Gaddiannaram,2,L.B Nagar,113,Green Chillies,113,Common,0.0,130.0,1500.0,2000.0,1750.0,0.0,0.0
2021-04-21 00:00:00+05:30,367,Gudimalkapur,1571,Gudumalkapur,110,Green Onion,110,Common,0.0,8.0,800.0,1000.0,900.0,0.0,0.0
2021-04-22 00:00:00+05:30,322,Chevella,46,Chevella,113,Green Chillies,113,Common,0.0,5.0,2100.0,3800.0,2750.0,0.0,0.0
2021-04-22 00:00:00+05:30,246,Warangal,886,Warangal,25,Cotton,25,Common,0.0,1960.0,5225.0,6480.0,5850.0,0.0,0.0
2021-04-22 00:00:00+05:30,278,Suryapet,1091,Suryapet,16,Green Gram,16,Common,0.0,192.0,6009.0,6771.0,6322.0,0.0,0.0
2021-04-22 00:00:00+05:30,295,Sangareddy,1219,Sangaredy,113,Green Chillies,113,Common,0.0,12.0,1600.0,2000.0,1800.0,0.0,0.0
2021-04-22 00:00:00+05:30,300,Badepally,1327,Badepally,18,Horse Gram,18,Common,0.0,4.0,5000.0,5000.0,5000.0,0.0,0.0
2021-04-22 00:00:00+05:30,241,Mahabubabad,1177,Mahabubabad,22,Cowpea,22,Common,0.0,41.0,4100.0,5688.0,5628.0,0.0,0.0
2021-04-22 00:00:00+05:30,290,Siddipet,1193,Siddipet,5,Maize,5,Common,0.0,33.0,1577.0,1577.0,1577.0,0.0,0.0
2021-04-22 00:00:00+05:30,212,Choppadandi,1123,Choppadandi,5,Maize,5,Common,0.0,374.0,1493.0,1634.0,1574.0,0.0,0.0
2021-04-22 00:00:00+05:30,303,Kalwakurthy,1340,Kalwakurthy,105,Potato,105,Common,0.0,2.0,2000.0,2000.0,2000.0,0.0,0.0
2021-04-22 00:00:00+05:30,331,Vantimamidi,1612,Vantimamidi,110,Green Onion,110,Common,0.0,1.0,1800.0,1800.0,1800.0,0.0,0.0
2021-04-23 00:00:00+05:30,246,Warangal,886,Warangal,25,Cotton,25,Common,0.0,3010.0,5250.0,6420.0,5875.0,0.0,0.0
2021-04-23 00:00:00+05:30,323,Gaddiannaram,1,Gaddiannaram,81,Grapes,297,White,0.0,332.0,1250.0,3350.0,1750.0,0.0,0.0
2021-04-23 00:00:00+05:30,323,Gaddiannaram,2,L.B Nagar,113,Green Chillies,113,Common,0.0,130.0,1500.0,2000.0,1750.0,0.0,0.0
2021-04-23 00:00:00+05:30,322,Chevella,46,Chevella,113,Green Chillies,113,Common,0.0,3.0,2500.0,3500.0,3000.0,0.0,0.0
2021-04-23 00:00:00+05:30,212,Choppadandi,1123,Choppadandi,5,Maize,5,Common,0.0,109.0,1528.0,1596.0,1561.0,0.0,0.0
2021-04-23 00:00:00+05:30,241,Mahabubabad,1177,Mahabubabad,22,Cowpea,22,Common,0.0,71.0,5400.0,5698.0,5611.0,0.0,0.0
2021-04-23 00:00:00+05:30,295,Sangareddy,1219,Sangaredy,113,Green Chillies,113,Common,0.0,3.0,1800.0,2000.0,1900.0,0.0,0.0
2021-04-23 00:00:00+05:30,290,Siddipet,1193,Siddipet,5,Maize,5,Common,0.0,26.4,1112.0,1582.0,1347.0,0.0,0.0
2021-04-23 00:00:00+05:30,300,Badepally,1327,Badepally,18,Horse Gram,18,Common,0.0,1.0,3339.0,3339.0,3339.0,0.0,0.0
2021-04-23 00:00:00+05:30,331,Vantimamidi,1612,Vantimamidi,110,Green Onion,110,Common,0.0,1.0,600.0,600.0,600.0,0.0,0.0
2021-04-23 00:00:00+05:30,367,Gudimalkapur,1571,Gudumalkapur,110,Green Onion,110,Common,0.0,1.0,1600.0,1600.0,1600.0,0.0,0.0
2021-04-24 00:00:00+05:30,322,Chevella,46,Chevella,113,Green Chillies,113,Common,0.0,6.0,2000.0,4000.0,3000.0,0.0,0.0
2021-04-24 00:00:00+05:30,323,Gaddiannaram,1,Gaddiannaram,81,Grapes,297,White,0.0,337.0,1120.0,3100.0,2000.0,0.0,0.0
2021-04-24 00:00:00+05:30,323,Gaddiannaram,2,L.B Nagar,113,Green Chillies,113,Common,0.0,90.0,1500.0,2000.0,1750.0,0.0,0.0
2021-04-24 00:00:00+05:30,278,Suryapet,1091,Suryapet,16,Green Gram,16,Common,0.0,6.0,6094.0,6098.0,6094.0,0.0,0.0
2021-04-24 00:00:00+05:30,238,Jangoan,1169,Jangaon,30,Groundnut pods,30,Common,0.0,2.7,5311.0,5311.0,5311.0,0.0,0.0
2021-04-24 00:00:00+05:30,212,Choppadandi,1123,Choppadandi,5,Maize,5,Common,0.0,50.0,1516.0,1556.0,1556.0,0.0,0.0
2021-04-24 00:00:00+05:30,295,Sangareddy,1219,Sangaredy,113,Green Chillies,113,Common,0.0,2.0,1800.0,2100.0,2000.0,0.0,0.0
2021-04-24 00:00:00+05:30,290,Siddipet,1193,Siddipet,5,Maize,5,Common,0.0,35.75,1582.0,1590.0,1586.0,0.0,0.0
2021-04-25 00:00:00+05:30,323,Gaddiannaram,1,Gaddiannaram,81,Grapes,297,White,0.0,258.0,1100.0,3250.0,1850.0,0.0,0.0
2021-04-24 00:00:00+05:30,367,Gudimalkapur,1571,Gudumalkapur,110,Green Onion,110,Common,0.0,1.0,1600.0,1600.0,1600.0,0.0,0.0
2021-04-24 00:00:00+05:30,303,Kalwakurthy,1340,Kalwakurthy,105,Potato,105,Common,0.0,1.0,2000.0,2000.0,2000.0,0.0,0.0
2021-04-25 00:00:00+05:30,322,Chevella,46,Chevella,113,Green Chillies,113,Common,0.0,4.0,2500.0,3800.0,3500.0,0.0,0.0
2021-04-25 00:00:00+05:30,325,Hyderabad,6,Madannapeta,116,French Beans,116,Common,0.0,2.0,3000.0,3000.0,3000.0,0.0,0.0
2021-04-25 00:00:00+05:30,323,Gaddiannaram,2,L.B Nagar,113,Green Chillies,113,Common,0.0,139.0,1500.0,2000.0,1750.0,0.0,0.0
2021-04-25 00:00:00+05:30,295,Sangareddy,1219,Sangaredy,113,Green Chillies,113,Common,0.0,7.0,1800.0,2000.0,1900.0,0.0,0.0
2021-04-25 00:00:00+05:30,303,Kalwakurthy,1340,Kalwakurthy,105,Potato,105,Common,0.0,1.0,2000.0,2000.0,2000.0,0.0,0.0
2021-04-26 00:00:00+05:30,325,Hyderabad,6,Madannapeta,116,French Beans,116,Common,0.0,4.0,4000.0,4000.0,4000.0,0.0,0.0
2021-04-26 00:00:00+05:30,323,Gaddiannaram,1,Gaddiannaram,81,Grapes,297,White,0.0,319.0,1100.0,3100.0,2000.0,0.0,0.0
2021-04-26 00:00:00+05:30,323,Gaddiannaram,2,L.B Nagar,113,Green Chillies,113,Common,0.0,115.0,1500.0,2000.0,1750.0,0.0,0.0
2021-04-26 00:00:00+05:30,241,Mahabubabad,1177,Mahabubabad,22,Cowpea,22,Common,0.0,102.0,5005.0,5711.0,5711.0,0.0,0.0
2021-04-26 00:00:00+05:30,238,Jangoan,1169,Jangaon,30,Groundnut pods,30,Common,0.0,4.55,4888.0,4888.0,4888.0,0.0,0.0
2021-04-26 00:00:00+05:30,322,Chevella,46,Chevella,113,Green Chillies,113,Common,0.0,5.0,2500.0,3700.0,3100.0,0.0,0.0
2021-04-26 00:00:00+05:30,278,Suryapet,1091,Suryapet,16,Green Gram,16,Common,0.0,67.0,5895.0,6669.0,6494.0,0.0,0.0
2021-04-26 00:00:00+05:30,303,Kalwakurthy,1340,Kalwakurthy,105,Potato,105,Common,0.0,2.0,2000.0,2000.0,2000.0,0.0,0.0
2021-04-26 00:00:00+05:30,295,Sangareddy,1219,Sangaredy,113,Green Chillies,113,Common,0.0,4.0,1800.0,2000.0,1900.0,0.0,0.0
2021-04-26 00:00:00+05:30,290,Siddipet,1193,Siddipet,5,Maize,5,Common,0.0,236.5,1452.0,1595.0,1523.0,0.0,0.0
2021-04-26 00:00:00+05:30,300,Badepally,1327,Badepally,18,Horse Gram,18,Common,0.0,3.0,3434.0,3434.0,3434.0,0.0,0.0
2021-04-27 00:00:00+05:30,323,Gaddiannaram,2,L.B Nagar,113,Green Chillies,113,Common,0.0,127.0,1500.0,2500.0,2000.0,0.0,0.0
2021-04-27 00:00:00+05:30,323,Gaddiannaram,1,Gaddiannaram,81,Grapes,297,White,0.0,436.0,1200.0,6200.0,1750.0,0.0,0.0
2021-04-27 00:00:00+05:30,325,Hyderabad,6,Madannapeta,116,French Beans,116,Common,0.0,7.0,4000.0,4000.0,4000.0,0.0,0.0
2021-04-27 00:00:00+05:30,279,Thirumalagiri,9,Tirmalagiri,6,Jowar,6,Common,0.0,4.0,4009.0,4020.0,4020.0,0.0,0.0
2021-04-27 00:00:00+05:30,278,Suryapet,1091,Suryapet,16,Green Gram,16,Common,0.0,8.0,6189.0,6511.0,6511.0,0.0,0.0
2021-04-27 00:00:00+05:30,238,Jangoan,1169,Jangaon,30,Groundnut pods,30,Common,0.0,10.2,4089.0,5089.0,5089.0,0.0,0.0
2021-04-27 00:00:00+05:30,241,Mahabubabad,1177,Mahabubabad,22,Cowpea,22,Common,0.0,25.0,5108.0,5636.0,5631.0,0.0,0.0
2021-04-28 00:00:00+05:30,323,Gaddiannaram,1,Gaddiannaram,81,Grapes,297,White,0.0,231.0,1100.0,3100.0,2000.0,0.0,0.0
2021-04-28 00:00:00+05:30,325,Hyderabad,6,Madannapeta,116,French Beans,116,Common,0.0,12.0,3750.0,3750.0,3750.0,0.0,0.0
2021-04-28 00:00:00+05:30,323,Gaddiannaram,2,L.B Nagar,113,Green Chillies,113,Common,0.0,133.0,1500.0,2000.0,2000.0,0.0,0.0
2021-04-28 00:00:00+05:30,278,Suryapet,1091,Suryapet,16,Green Gram,16,Common,0.0,169.0,4455.0,6531.0,6051.0,0.0,0.0
2021-04-28 00:00:00+05:30,222,Karimnagar,1121,Karimnagar,15,Red Gram,234,Red,0.0,1.0,4053.0,4053.0,4053.0,0.0,0.0
2021-04-28 00:00:00+05:30,322,Chevella,46,Chevella,113,Green Chillies,113,Common,0.0,4.0,2500.0,4000.0,3500.0,0.0,0.0
2021-04-28 00:00:00+05:30,295,Sangareddy,1219,Sangaredy,113,Green Chillies,113,Common,0.0,3.0,1800.0,2000.0,1900.0,0.0,0.0
2021-04-28 00:00:00+05:30,241,Mahabubabad,1177,Mahabubabad,22,Cowpea,22,Common,0.0,72.0,5001.0,6493.0,5478.0,0.0,0.0
2021-04-28 00:00:00+05:30,290,Siddipet,1193,Siddipet,5,Maize,5,Common,0.0,69.85,1586.0,1596.0,1591.0,0.0,0.0
2021-04-28 00:00:00+05:30,303,Kalwakurthy,1340,Kalwakurthy,105,Potato,105,Common,0.0,1.0,1700.0,1700.0,1700.0,0.0,0.0
2021-04-28 00:00:00+05:30,367,Gudimalkapur,1571,Gudumalkapur,110,Green Onion,110,Common,0.0,3.0,1000.0,2000.0,1500.0,0.0,0.0
2021-04-29 00:00:00+05:30,323,Gaddiannaram,1,Gaddiannaram,81,Grapes,297,White,0.0,274.0,1000.0,3000.0,1850.0,0.0,0.0
2021-04-28 00:00:00+05:30,331,Vantimamidi,1612,Vantimamidi,110,Green Onion,110,Common,0.0,2.0,1500.0,1500.0,1500.0,0.0,0.0
2021-04-29 00:00:00+05:30,323,Gaddiannaram,2,L.B Nagar,113,Green Chillies,113,Common,0.0,155.0,1500.0,2000.0,2000.0,0.0,0.0
2021-04-29 00:00:00+05:30,325,Hyderabad,6,Madannapeta,116,French Beans,116,Common,0.0,8.0,3250.0,3250.0,3250.0,0.0,0.0
2021-04-29 00:00:00+05:30,241,Mahabubabad,1177,Mahabubabad,22,Cowpea,22,Common,0.0,45.0,4883.0,5460.0,5360.0,0.0,0.0
2021-04-29 00:00:00+05:30,238,Jangoan,1169,Jangaon,30,Groundnut pods,30,Common,0.0,6.0,4859.0,4859.0,4859.0,0.0,0.0
2021-04-29 00:00:00+05:30,278,Suryapet,1091,Suryapet,16,Green Gram,16,Common,0.0,199.0,5784.0,6486.0,6437.0,0.0,0.0
2021-04-29 00:00:00+05:30,322,Chevella,46,Chevella,113,Green Chillies,113,Common,0.0,5.0,2500.0,4000.0,3500.0,0.0,0.0
2021-04-29 00:00:00+05:30,222,Karimnagar,1121,Karimnagar,15,Red Gram,234,Red,0.0,1.0,5708.0,5708.0,5708.0,0.0,0.0
2021-04-29 00:00:00+05:30,295,Sangareddy,1219,Sangaredy,113,Green Chillies,113,Common,0.0,6.0,1800.0,2000.0,1900.0,0.0,0.0
2021-04-29 00:00:00+05:30,290,Siddipet,1193,Siddipet,5,Maize,5,Common,0.0,27.5,1589.0,1589.0,1589.0,0.0,0.0
2021-04-29 00:00:00+05:30,367,Gudimalkapur,1571,Gudumalkapur,110,Green Onion,110,Common,0.0,4.0,1000.0,2000.0,1500.0,0.0,0.0
2021-04-30 00:00:00+05:30,222,Karimnagar,1121,Karimnagar,15,Red Gram,234,Red,0.0,2.0,5705.0,5705.0,5705.0,0.0,0.0
2021-04-30 00:00:00+05:30,278,Suryapet,1091,Suryapet,16,Green Gram,16,Common,0.0,17.0,6306.0,6416.0,6352.0,0.0,0.0
2021-04-30 00:00:00+05:30,322,Chevella,46,Chevella,113,Green Chillies,113,Common,0.0,5.0,2000.0,4000.0,3000.0,0.0,0.0
2021-04-30 00:00:00+05:30,325,Hyderabad,6,Madannapeta,116,French Beans,116,Common,0.0,12.0,3750.0,3750.0,3750.0,0.0,0.0
2021-04-30 00:00:00+05:30,324,Bowenpally,3,Bowenpally,110,Green Onion,110,Common,0.0,21.0,1000.0,2500.0,2000.0,0.0,0.0
2021-04-29 00:00:00+05:30,303,Kalwakurthy,1340,Kalwakurthy,105,Potato,105,Common,0.0,4.0,1700.0,2000.0,1850.0,0.0,0.0
2021-04-30 00:00:00+05:30,323,Gaddiannaram,1,Gaddiannaram,81,Grapes,297,White,0.0,204.0,1000.0,3100.0,1850.0,0.0,0.0
2021-04-30 00:00:00+05:30,323,Gaddiannaram,2,L.B Nagar,113,Green Chillies,113,Common,0.0,165.0,1500.0,2000.0,2000.0,0.0,0.0
2021-04-30 00:00:00+05:30,295,Sangareddy,1219,Sangaredy,113,Green Chillies,113,Common,0.0,3.0,1800.0,2000.0,1900.0,0.0,0.0
2021-04-30 00:00:00+05:30,367,Gudimalkapur,1571,Gudumalkapur,110,Green Onion,110,Common,0.0,4.0,1500.0,2000.0,1600.0,0.0,0.0
2021-04-06 00:00:00+05:30,331,Vantimamidi,1612,Vantimamidi,111,Brinjal,111,Common,0.0,40.0,250.0,1000.0,600.0,0.0,0.0
2021-04-06 00:00:00+05:30,367,Gudimalkapur,1571,Gudumalkapur,111,Brinjal,279,Round,0.0,151.0,300.0,500.0,400.0,0.0,0.0
2021-04-07 00:00:00+05:30,323,Gaddiannaram,2,L.B Nagar,116,French Beans,116,Common,0.0,17.0,3000.0,3500.0,3200.0,0.0,0.0
2021-04-07 00:00:00+05:30,323,Gaddiannaram,1,Gaddiannaram,82,Pomegrenates,82,Common,0.0,415.0,1250.0,8100.0,2500.0,0.0,0.0
2021-04-06 00:00:00+05:30,241,Mahabubabad,1177,Mahabubabad,25,Cotton,25,Common,0.0,100.0,4500.0,6111.0,6111.0,0.0,0.0
2021-04-06 00:00:00+05:30,239,Kesamudram,1168,Kesamudram,57,Tumeric,227,Finger,0.0,318.0,4479.0,6953.0,6611.0,0.0,0.0
2021-04-06 00:00:00+05:30,306,Mahbubnagar,1326,Mahaboobnagar,68,Tamarind,68,Common,0.0,1015.0,3020.0,6622.0,5020.0,0.0,0.0
2021-04-06 00:00:00+05:30,292,Zaheerabad,1198,Zaheerabad,17,Black Gram,17,Common,0.0,4.0,5916.0,6512.0,6512.0,0.0,0.0
2021-04-06 00:00:00+05:30,308,Nagarkurnool,1334,Nagarkurnool,30,Groundnut pods,30,Common,0.0,1920.0,4266.0,6109.0,5609.0,0.0,0.0
2021-04-06 00:00:00+05:30,303,Kalwakurthy,1340,Kalwakurthy,111,Brinjal,111,Common,0.0,2.0,500.0,1000.0,750.0,0.0,0.0
2021-04-06 00:00:00+05:30,278,Suryapet,1091,Suryapet,17,Black Gram,17,Common,0.0,5.0,6209.0,6209.0,6209.0,0.0,0.0
2021-04-06 00:00:00+05:30,246,Warangal,886,Warangal,30,Groundnut pods,30,Common,0.0,312.0,2000.0,6350.0,5000.0,0.0,0.0
2021-04-06 00:00:00+05:30,325,Hyderabad,6,Madannapeta,117,Cluster Beans,117,Common,0.0,6.0,1800.0,2000.0,1900.0,0.0,0.0
2021-04-06 00:00:00+05:30,279,Thirumalagiri,9,Tirmalagiri,15,Red Gram,15,Common,0.0,48.0,6029.0,6566.0,6389.0,0.0,0.0
2021-04-06 00:00:00+05:30,324,Bowenpally,3,Bowenpally,111,Brinjal,278,Kalyani,0.0,80.0,400.0,800.0,600.0,0.0,0.0
2021-04-05 00:00:00+05:30,331,Vantimamidi,1612,Vantimamidi,111,Brinjal,111,Common,0.0,43.0,300.0,700.0,500.0,0.0,0.0
2021-04-05 00:00:00+05:30,367,Gudimalkapur,1571,Gudumalkapur,111,Brinjal,279,Round,0.0,125.0,300.0,500.0,400.0,0.0,0.0
2021-04-06 00:00:00+05:30,323,Gaddiannaram,2,L.B Nagar,116,French Beans,116,Common,0.0,15.0,3000.0,3500.0,3200.0,0.0,0.0
2021-04-06 00:00:00+05:30,323,Gaddiannaram,1,Gaddiannaram,82,Pomegrenates,82,Common,0.0,194.0,1250.0,8350.0,2250.0,0.0,0.0
2021-04-05 00:00:00+05:30,303,Kalwakurthy,1340,Kalwakurthy,111,Brinjal,111,Common,0.0,2.0,300.0,600.0,450.0,0.0,0.0
2021-04-05 00:00:00+05:30,295,Sangareddy,1219,Sangaredy,114,Tomato,114,Common,0.0,31.0,400.0,700.0,600.0,0.0,0.0
2021-04-05 00:00:00+05:30,322,Chevella,46,Chevella,114,Tomato,197,Local,0.0,80.0,400.0,800.0,600.0,0.0,0.0
2021-04-05 00:00:00+05:30,208,Nizamabad,1080,Nizamabad,14,Bengal Gram,14,Common,0.0,4.0,3759.0,4159.0,4159.0,0.0,0.0
2021-04-04 00:00:00+05:30,329,Navabpet(MBNR),1483,Navabpet,47,Tamarind Seed,47,Common,0.0,244.0,1342.0,1350.0,1342.0,0.0,0.0
2021-04-05 00:00:00+05:30,323,Gaddiannaram,2,L.B Nagar,116,French Beans,116,Common,0.0,22.0,3000.0,3500.0,3200.0,0.0,0.0
2021-04-05 00:00:00+05:30,325,Hyderabad,6,Madannapeta,117,Cluster Beans,117,Common,0.0,5.0,2000.0,2500.0,2250.0,0.0,0.0
2021-04-04 00:00:00+05:30,331,Vantimamidi,1612,Vantimamidi,111,Brinjal,111,Common,0.0,46.0,200.0,1000.0,600.0,0.0,0.0
2021-04-05 00:00:00+05:30,323,Gaddiannaram,1,Gaddiannaram,82,Pomegrenates,82,Common,0.0,805.0,1250.0,8500.0,2350.0,0.0,0.0
2021-04-04 00:00:00+05:30,367,Gudimalkapur,1571,Gudumalkapur,111,Brinjal,279,Round,0.0,182.0,300.0,500.0,400.0,0.0,0.0
2021-04-04 00:00:00+05:30,303,Kalwakurthy,1340,Kalwakurthy,111,Brinjal,111,Common,0.0,2.0,400.0,1000.0,700.0,0.0,0.0
2021-04-04 00:00:00+05:30,295,Sangareddy,1219,Sangaredy,114,Tomato,114,Common,0.0,24.0,500.0,700.0,600.0,0.0,0.0
2021-04-04 00:00:00+05:30,322,Chevella,46,Chevella,114,Tomato,197,Local,0.0,80.0,400.0,600.0,500.0,0.0,0.0
2021-04-04 00:00:00+05:30,281,Venkateshwar Nagar,1106,V Nagar,111,Brinjal,111,Common,0.0,9.2,6.0,8.0,7.0,0.0,0.0
2021-04-04 00:00:00+05:30,324,Bowenpally,3,Bowenpally,111,Brinjal,278,Kalyani,0.0,200.0,600.0,1000.0,900.0,0.0,0.0
2021-04-04 00:00:00+05:30,323,Gaddiannaram,2,L.B Nagar,116,French Beans,116,Common,0.0,18.0,3000.0,3500.0,3200.0,0.0,0.0
2021-04-04 00:00:00+05:30,325,Hyderabad,6,Madannapeta,117,Cluster Beans,117,Common,0.0,15.0,1500.0,2000.0,1750.0,0.0,0.0
2021-04-03 00:00:00+05:30,303,Kalwakurthy,1340,Kalwakurthy,111,Brinjal,111,Common,0.0,1.0,300.0,600.0,450.0,0.0,0.0
2021-04-03 00:00:00+05:30,367,Gudimalkapur,1571,Gudumalkapur,111,Brinjal,279,Round,0.0,141.0,300.0,500.0,400.0,0.0,0.0
2021-04-03 00:00:00+05:30,331,Vantimamidi,1612,Vantimamidi,111,Brinjal,111,Common,0.0,35.0,300.0,600.0,450.0,0.0,0.0
2021-04-03 00:00:00+05:30,308,Nagarkurnool,1334,Nagarkurnool,30,Groundnut pods,30,Common,0.0,1647.0,4016.0,6319.0,6109.0,0.0,0.0
2021-04-03 00:00:00+05:30,281,Venkateshwar Nagar,1106,V Nagar,111,Brinjal,111,Common,0.0,5.1,7.0,8.0,7.0,0.0,0.0
2021-04-03 00:00:00+05:30,295,Sangareddy,1219,Sangaredy,114,Tomato,114,Common,0.0,14.0,400.0,600.0,500.0,0.0,0.0
2021-04-03 00:00:00+05:30,292,Zaheerabad,1198,Zaheerabad,17,Black Gram,17,Common,0.0,2.5,6510.0,6510.0,6510.0,0.0,0.0
2021-04-03 00:00:00+05:30,306,Mahbubnagar,1326,Mahaboobnagar,68,Tamarind,68,Common,0.0,163.0,3612.0,8451.0,5712.0,0.0,0.0
2021-04-03 00:00:00+05:30,325,Hyderabad,6,Madannapeta,117,Cluster Beans,117,Common,0.0,17.0,1750.0,1750.0,1750.0,0.0,0.0
2021-04-03 00:00:00+05:30,322,Chevella,46,Chevella,114,Tomato,197,Local,0.0,85.0,400.0,800.0,600.0,0.0,0.0
2021-04-03 00:00:00+05:30,319,Shankerpally,40,Shankerpally,111,Brinjal,278,Kalyani,0.0,2.7,800.0,800.0,800.0,0.0,0.0
2021-04-03 00:00:00+05:30,279,Thirumalagiri,9,Tirmalagiri,15,Red Gram,15,Common,0.0,83.0,4500.0,6469.0,6366.0,0.0,0.0
2021-04-02 00:00:00+05:30,303,Kalwakurthy,1340,Kalwakurthy,111,Brinjal,111,Common,0.0,1.0,500.0,600.0,550.0,0.0,0.0
2021-04-03 00:00:00+05:30,323,Gaddiannaram,2,L.B Nagar,116,French Beans,116,Common,0.0,15.0,3000.0,3500.0,3200.0,0.0,0.0
2021-04-03 00:00:00+05:30,323,Gaddiannaram,1,Gaddiannaram,82,Pomegrenates,82,Common,0.0,181.0,1100.0,8350.0,2500.0,0.0,0.0
2021-04-03 00:00:00+05:30,324,Bowenpally,3,Bowenpally,111,Brinjal,278,Kalyani,0.0,200.0,300.0,600.0,500.0,0.0,0.0
2021-04-02 00:00:00+05:30,331,Vantimamidi,1612,Vantimamidi,111,Brinjal,111,Common,0.0,50.0,300.0,700.0,500.0,0.0,0.0
2021-04-02 00:00:00+05:30,367,Gudimalkapur,1571,Gudumalkapur,111,Brinjal,279,Round,0.0,202.0,200.0,600.0,400.0,0.0,0.0
2021-04-02 00:00:00+05:30,295,Sangareddy,1219,Sangaredy,114,Tomato,114,Common,0.0,27.0,400.0,600.0,500.0,0.0,0.0
2021-04-02 00:00:00+05:30,281,Venkateshwar Nagar,1106,V Nagar,111,Brinjal,111,Common,0.0,5.1,8.0,8.0,8.0,0.0,0.0
2021-04-02 00:00:00+05:30,322,Chevella,46,Chevella,114,Tomato,197,Local,0.0,77.0,500.0,900.0,600.0,0.0,0.0
2021-04-02 00:00:00+05:30,325,Hyderabad,6,Madannapeta,117,Cluster Beans,117,Common,0.0,6.0,3000.0,3000.0,3000.0,0.0,0.0
2021-04-02 00:00:00+05:30,324,Bowenpally,3,Bowenpally,111,Brinjal,278,Kalyani,0.0,150.0,400.0,600.0,500.0,0.0,0.0
2021-04-01 00:00:00+05:30,303,Kalwakurthy,1340,Kalwakurthy,111,Brinjal,111,Common,0.0,1.0,400.0,500.0,450.0,0.0,0.0
2021-04-01 00:00:00+05:30,331,Vantimamidi,1612,Vantimamidi,111,Brinjal,111,Common,0.0,43.0,200.0,800.0,500.0,0.0,0.0
2021-04-02 00:00:00+05:30,323,Gaddiannaram,2,L.B Nagar,116,French Beans,116,Common,0.0,12.0,3000.0,3500.0,3200.0,0.0,0.0
2021-04-02 00:00:00+05:30,323,Gaddiannaram,1,Gaddiannaram,82,Pomegrenates,82,Common,0.0,522.0,1250.0,8400.0,2500.0,0.0,0.0
2021-04-01 00:00:00+05:30,295,Sangareddy,1219,Sangaredy,114,Tomato,114,Common,0.0,30.0,500.0,700.0,600.0,0.0,0.0
2021-04-01 00:00:00+05:30,306,Mahbubnagar,1326,Mahaboobnagar,68,Tamarind,68,Common,0.0,110.0,3650.0,8700.0,4700.0,0.0,0.0
2021-04-01 00:00:00+05:30,308,Nagarkurnool,1334,Nagarkurnool,30,Groundnut pods,30,Common,0.0,1073.0,4444.0,6273.0,6169.0,0.0,0.0
2021-04-01 00:00:00+05:30,281,Venkateshwar Nagar,1106,V Nagar,111,Brinjal,111,Common,0.0,3.1,7.0,8.0,7.0,0.0,0.0
2021-04-01 00:00:00+05:30,322,Chevella,46,Chevella,114,Tomato,197,Local,0.0,86.0,400.0,800.0,500.0,0.0,0.0
2021-04-01 00:00:00+05:30,246,Warangal,886,Warangal,30,Groundnut pods,30,Common,0.0,215.0,2000.0,6200.0,5000.0,0.0,0.0
2021-04-01 00:00:00+05:30,323,Gaddiannaram,1,Gaddiannaram,82,Pomegrenates,82,Common,0.0,207.0,1250.0,8350.0,2500.0,0.0,0.0
2021-04-01 00:00:00+05:30,325,Hyderabad,7,Meeralamandi,117,Cluster Beans,117,Common,0.0,2.0,1300.0,1500.0,1400.0,0.0,0.0
2021-04-01 00:00:00+05:30,279,Thirumalagiri,9,Tirmalagiri,15,Red Gram,15,Common,0.0,30.0,6109.0,6366.0,6289.0,0.0,0.0
2021-04-01 00:00:00+05:30,324,Bowenpally,3,Bowenpally,111,Brinjal,278,Kalyani,0.0,250.0,200.0,600.0,500.0,0.0,0.0
2021-04-01 00:00:00+05:30,323,Gaddiannaram,2,L.B Nagar,116,French Beans,116,Common,0.0,19.0,3000.0,3500.0,3200.0,0.0,0.0
2021-04-01 00:00:00+05:30,325,Hyderabad,6,Madannapeta,117,Cluster Beans,117,Common,0.0,13.0,2000.0,2500.0,2250.0,0.0,0.0
2021-04-12 00:00:00+05:30,322,Chevella,46,Chevella,114,Tomato,197,Local,0.0,81.0,400.0,800.0,600.0,0.0,0.0
2021-04-12 00:00:00+05:30,323,Gaddiannaram,2,L.B Nagar,116,French Beans,116,Common,0.0,9.0,3000.0,4000.0,3500.0,0.0,0.0
2021-04-12 00:00:00+05:30,325,Hyderabad,6,Madannapeta,117,Cluster Beans,117,Common,0.0,10.0,2000.0,2000.0,2000.0,0.0,0.0
2021-04-12 00:00:00+05:30,324,Bowenpally,3,Bowenpally,111,Brinjal,278,Kalyani,0.0,200.0,400.0,1000.0,800.0,0.0,0.0
2021-04-11 00:00:00+05:30,367,Gudimalkapur,1571,Gudumalkapur,111,Brinjal,279,Round,0.0,187.0,300.0,500.0,400.0,0.0,0.0
2021-04-11 00:00:00+05:30,329,Navabpet(MBNR),1483,Navabpet,47,Tamarind Seed,47,Common,0.0,155.0,1395.0,1401.0,1395.0,0.0,0.0
2021-04-11 00:00:00+05:30,303,Kalwakurthy,1340,Kalwakurthy,111,Brinjal,111,Common,0.0,3.0,500.0,600.0,550.0,0.0,0.0
2021-04-11 00:00:00+05:30,331,Vantimamidi,1612,Vantimamidi,111,Brinjal,111,Common,0.0,46.0,300.0,700.0,550.0,0.0,0.0
2021-04-12 00:00:00+05:30,323,Gaddiannaram,1,Gaddiannaram,82,Pomegrenates,82,Common,0.0,689.0,1800.0,8750.0,3700.0,0.0,0.0
2021-04-11 00:00:00+05:30,295,Sangareddy,1219,Sangaredy,114,Tomato,114,Common,0.0,36.0,500.0,700.0,500.0,0.0,0.0
2021-04-11 00:00:00+05:30,322,Chevella,46,Chevella,114,Tomato,197,Local,0.0,88.0,400.0,800.0,600.0,0.0,0.0
2021-04-11 00:00:00+05:30,325,Hyderabad,6,Madannapeta,117,Cluster Beans,117,Common,0.0,10.0,1800.0,2000.0,1900.0,0.0,0.0
2021-04-11 00:00:00+05:30,324,Bowenpally,3,Bowenpally,111,Brinjal,278,Kalyani,0.0,190.0,500.0,800.0,700.0,0.0,0.0
2021-04-11 00:00:00+05:30,323,Gaddiannaram,2,L.B Nagar,116,French Beans,116,Common,0.0,20.0,3000.0,4000.0,3500.0,0.0,0.0
2021-04-10 00:00:00+05:30,331,Vantimamidi,1612,Vantimamidi,111,Brinjal,111,Common,0.0,62.0,300.0,800.0,550.0,0.0,0.0
2021-04-10 00:00:00+05:30,367,Gudimalkapur,1571,Gudumalkapur,111,Brinjal,279,Round,0.0,147.0,300.0,500.0,400.0,0.0,0.0
2021-04-10 00:00:00+05:30,295,Sangareddy,1219,Sangaredy,114,Tomato,114,Common,0.0,23.0,500.0,700.0,600.0,0.0,0.0
2021-04-10 00:00:00+05:30,306,Mahbubnagar,1326,Mahaboobnagar,68,Tamarind,68,Common,0.0,116.0,3612.0,6235.0,4899.0,0.0,0.0
2021-04-10 00:00:00+05:30,308,Nagarkurnool,1334,Nagarkurnool,30,Groundnut pods,30,Common,0.0,1196.0,3888.0,5779.0,5209.0,0.0,0.0
2021-04-10 00:00:00+05:30,303,Kalwakurthy,1340,Kalwakurthy,111,Brinjal,111,Common,0.0,2.0,600.0,600.0,600.0,0.0,0.0
2021-04-10 00:00:00+05:30,212,Choppadandi,1123,Choppadandi,14,Bengal Gram,14,Common,0.0,12.0,4825.0,4825.0,4825.0,0.0,0.0
2021-04-10 00:00:00+05:30,281,Venkateshwar Nagar,1106,V Nagar,111,Brinjal,111,Common,0.0,9.2,7.0,8.0,7.0,0.0,0.0
2021-04-10 00:00:00+05:30,208,Nizamabad,1080,Nizamabad,14,Bengal Gram,14,Common,0.0,4.0,4350.0,4350.0,4350.0,0.0,0.0
2021-04-10 00:00:00+05:30,322,Chevella,46,Chevella,114,Tomato,197,Local,0.0,80.0,500.0,800.0,700.0,0.0,0.0
2021-04-10 00:00:00+05:30,324,Bowenpally,3,Bowenpally,111,Brinjal,278,Kalyani,0.0,180.0,400.0,700.0,600.0,0.0,0.0
2021-04-10 00:00:00+05:30,325,Hyderabad,6,Madannapeta,117,Cluster Beans,117,Common,0.0,8.0,2000.0,2000.0,2000.0,0.0,0.0
2021-04-09 00:00:00+05:30,331,Vantimamidi,1612,Vantimamidi,111,Brinjal,111,Common,0.0,53.0,300.0,600.0,450.0,0.0,0.0
2021-04-10 00:00:00+05:30,323,Gaddiannaram,1,Gaddiannaram,82,Pomegrenates,82,Common,0.0,376.0,1250.0,8750.0,3750.0,0.0,0.0
2021-04-09 00:00:00+05:30,308,Nagarkurnool,1334,Nagarkurnool,30,Groundnut pods,30,Common,0.0,1104.0,4010.0,5616.0,5254.0,0.0,0.0
2021-04-09 00:00:00+05:30,367,Gudimalkapur,1571,Gudumalkapur,111,Brinjal,279,Round,0.0,220.0,300.0,500.0,400.0,0.0,0.0
2021-04-09 00:00:00+05:30,239,Kesamudram,1168,Kesamudram,57,Tumeric,227,Finger,0.0,250.0,4556.0,7053.0,6551.0,0.0,0.0
2021-04-09 00:00:00+05:30,241,Mahabubabad,1177,Mahabubabad,25,Cotton,25,Common,0.0,54.0,4500.0,6111.0,6111.0,0.0,0.0
2021-04-09 00:00:00+05:30,292,Zaheerabad,1198,Zaheerabad,17,Black Gram,17,Common,0.0,1.0,6710.0,6710.0,6710.0,0.0,0.0
2021-04-09 00:00:00+05:30,295,Sangareddy,1219,Sangaredy,114,Tomato,114,Common,0.0,25.0,400.0,700.0,600.0,0.0,0.0
2021-04-09 00:00:00+05:30,306,Mahbubnagar,1326,Mahaboobnagar,68,Tamarind,68,Common,0.0,94.0,3200.0,6850.0,5100.0,0.0,0.0
2021-04-09 00:00:00+05:30,278,Suryapet,1091,Suryapet,17,Black Gram,17,Common,0.0,1.0,5669.0,5669.0,5669.0,0.0,0.0
2021-04-09 00:00:00+05:30,281,Venkateshwar Nagar,1106,V Nagar,111,Brinjal,111,Common,0.0,7.1,8.0,8.0,8.0,0.0,0.0
2021-04-09 00:00:00+05:30,322,Chevella,46,Chevella,114,Tomato,197,Local,0.0,80.0,400.0,800.0,650.0,0.0,0.0
2021-04-09 00:00:00+05:30,246,Warangal,886,Warangal,30,Groundnut pods,30,Common,0.0,282.0,2000.0,5900.0,4800.0,0.0,0.0
2021-04-09 00:00:00+05:30,325,Hyderabad,6,Madannapeta,117,Cluster Beans,117,Common,0.0,10.0,2000.0,2000.0,2000.0,0.0,0.0
2021-04-09 00:00:00+05:30,279,Thirumalagiri,9,Tirmalagiri,15,Red Gram,15,Common,0.0,138.0,4111.0,6666.0,6566.0,0.0,0.0
2021-04-09 00:00:00+05:30,324,Bowenpally,3,Bowenpally,111,Brinjal,278,Kalyani,0.0,190.0,300.0,600.0,500.0,0.0,0.0
2021-04-08 00:00:00+05:30,331,Vantimamidi,1612,Vantimamidi,111,Brinjal,111,Common,0.0,46.0,200.0,700.0,450.0,0.0,0.0
2021-04-09 00:00:00+05:30,323,Gaddiannaram,2,L.B Nagar,116,French Beans,116,Common,0.0,5.0,3000.0,3500.0,3200.0,0.0,0.0
2021-04-09 00:00:00+05:30,323,Gaddiannaram,1,Gaddiannaram,82,Pomegrenates,82,Common,0.0,554.0,1250.0,8400.0,2300.0,0.0,0.0
2021-04-08 00:00:00+05:30,295,Sangareddy,1219,Sangaredy,114,Tomato,114,Common,0.0,46.0,400.0,600.0,500.0,0.0,0.0
2021-04-08 00:00:00+05:30,306,Mahbubnagar,1326,Mahaboobnagar,68,Tamarind,68,Common,0.0,87.0,3022.0,6910.0,5300.0,0.0,0.0
2021-04-08 00:00:00+05:30,241,Mahabubabad,1177,Mahabubabad,25,Cotton,25,Common,0.0,22.0,4111.0,6212.0,5125.0,0.0,0.0
2021-04-08 00:00:00+05:30,367,Gudimalkapur,1571,Gudumalkapur,111,Brinjal,279,Round,0.0,173.0,200.0,400.0,300.0,0.0,0.0
2021-04-08 00:00:00+05:30,303,Kalwakurthy,1340,Kalwakurthy,111,Brinjal,111,Common,0.0,2.0,500.0,600.0,550.0,0.0,0.0
2021-04-08 00:00:00+05:30,212,Choppadandi,1123,Choppadandi,14,Bengal Gram,14,Common,0.0,9.0,4811.0,4811.0,4811.0,0.0,0.0
2021-04-08 00:00:00+05:30,281,Venkateshwar Nagar,1106,V Nagar,111,Brinjal,111,Common,0.0,4.1,7.0,7.0,7.0,0.0,0.0
2021-04-08 00:00:00+05:30,239,Kesamudram,1168,Kesamudram,57,Tumeric,227,Finger,0.0,450.0,3109.0,7326.0,6389.0,0.0,0.0
2021-04-08 00:00:00+05:30,322,Chevella,46,Chevella,114,Tomato,197,Local,0.0,80.0,400.0,800.0,650.0,0.0,0.0
2021-04-08 00:00:00+05:30,278,Suryapet,1091,Suryapet,17,Black Gram,17,Common,0.0,27.0,4789.0,6397.0,6381.0,0.0,0.0
2021-04-08 00:00:00+05:30,246,Warangal,886,Warangal,30,Groundnut pods,30,Common,0.0,264.0,2000.0,6100.0,5000.0,0.0,0.0
2021-04-08 00:00:00+05:30,325,Hyderabad,6,Madannapeta,117,Cluster Beans,117,Common,0.0,10.0,1800.0,2000.0,1900.0,0.0,0.0
2021-04-08 00:00:00+05:30,323,Gaddiannaram,2,L.B Nagar,116,French Beans,116,Common,0.0,10.0,3000.0,3500.0,3200.0,0.0,0.0
2021-04-08 00:00:00+05:30,324,Bowenpally,3,Bowenpally,111,Brinjal,278,Kalyani,0.0,200.0,400.0,1000.0,800.0,0.0,0.0
2021-04-07 00:00:00+05:30,331,Vantimamidi,1612,Vantimamidi,111,Brinjal,111,Common,0.0,56.0,200.0,700.0,450.0,0.0,0.0
2021-04-08 00:00:00+05:30,323,Gaddiannaram,1,Gaddiannaram,82,Pomegrenates,82,Common,0.0,265.0,1250.0,8500.0,2500.0,0.0,0.0
2021-04-07 00:00:00+05:30,303,Kalwakurthy,1340,Kalwakurthy,111,Brinjal,111,Common,0.0,2.0,500.0,600.0,850.0,0.0,0.0
2021-04-07 00:00:00+05:30,367,Gudimalkapur,1571,Gudumalkapur,111,Brinjal,279,Round,0.0,192.0,300.0,500.0,400.0,0.0,0.0
2021-04-07 00:00:00+05:30,295,Sangareddy,1219,Sangaredy,114,Tomato,114,Common,0.0,36.0,500.0,700.0,600.0,0.0,0.0
2021-04-07 00:00:00+05:30,306,Mahbubnagar,1326,Mahaboobnagar,68,Tamarind,68,Common,0.0,92.0,3041.0,8042.0,5141.0,0.0,0.0
2021-04-07 00:00:00+05:30,241,Mahabubabad,1177,Mahabubabad,25,Cotton,25,Common,0.0,44.0,3005.0,6176.0,5965.0,0.0,0.0
2021-04-07 00:00:00+05:30,239,Kesamudram,1168,Kesamudram,57,Tumeric,227,Finger,0.0,300.0,4109.0,7013.0,6389.0,0.0,0.0
2021-04-07 00:00:00+05:30,212,Choppadandi,1123,Choppadandi,14,Bengal Gram,14,Common,0.0,9.0,4752.0,4752.0,4752.0,0.0,0.0
2021-04-07 00:00:00+05:30,281,Venkateshwar Nagar,1106,V Nagar,111,Brinjal,111,Common,0.0,2.0,8.0,8.0,8.0,0.0,0.0
2021-04-07 00:00:00+05:30,322,Chevella,46,Chevella,114,Tomato,197,Local,0.0,85.0,800.0,1200.0,900.0,0.0,0.0
2021-04-07 00:00:00+05:30,278,Suryapet,1091,Suryapet,17,Black Gram,17,Common,0.0,11.0,3859.0,6309.0,6309.0,0.0,0.0
2021-04-07 00:00:00+05:30,325,Hyderabad,6,Madannapeta,117,Cluster Beans,117,Common,0.0,11.0,2200.0,2200.0,2200.0,0.0,0.0
2021-04-07 00:00:00+05:30,324,Bowenpally,3,Bowenpally,111,Brinjal,278,Kalyani,0.0,260.0,500.0,800.0,700.0,0.0,0.0
2021-04-07 00:00:00+05:30,246,Warangal,886,Warangal,30,Groundnut pods,30,Common,0.0,315.0,2000.0,6300.0,5000.0,0.0,0.0
2021-04-19 00:00:00+05:30,324,Bowenpally,3,Bowenpally,111,Brinjal,278,Kalyani,0.0,170.0,600.0,800.0,700.0,0.0,0.0
2021-04-18 00:00:00+05:30,329,Navabpet(MBNR),1483,Navabpet,47,Tamarind Seed,47,Common,0.0,103.0,1390.0,1422.0,1422.0,0.0,0.0
2021-04-19 00:00:00+05:30,323,Gaddiannaram,2,L.B Nagar,116,French Beans,116,Common,0.0,17.0,3000.0,3500.0,3200.0,0.0,0.0
2021-04-19 00:00:00+05:30,323,Gaddiannaram,1,Gaddiannaram,82,Pomegrenates,82,Common,0.0,1010.0,1250.0,8350.0,2500.0,0.0,0.0
2021-04-18 00:00:00+05:30,331,Vantimamidi,1612,Vantimamidi,111,Brinjal,111,Common,0.0,24.0,400.0,600.0,500.0,0.0,0.0
2021-04-18 00:00:00+05:30,367,Gudimalkapur,1571,Gudumalkapur,111,Brinjal,279,Round,0.0,79.0,200.0,400.0,300.0,0.0,0.0
2021-04-18 00:00:00+05:30,295,Sangareddy,1219,Sangaredy,114,Tomato,114,Common,0.0,36.0,200.0,400.0,300.0,0.0,0.0
2021-04-18 00:00:00+05:30,303,Kalwakurthy,1340,Kalwakurthy,111,Brinjal,111,Common,0.0,4.0,500.0,500.0,500.0,0.0,0.0
2021-04-18 00:00:00+05:30,323,Gaddiannaram,2,L.B Nagar,116,French Beans,116,Common,0.0,11.0,3000.0,3500.0,3250.0,0.0,0.0
2021-04-18 00:00:00+05:30,322,Chevella,46,Chevella,114,Tomato,197,Local,0.0,80.0,400.0,800.0,500.0,0.0,0.0
2021-04-18 00:00:00+05:30,281,Venkateshwar Nagar,1106,V Nagar,111,Brinjal,111,Common,0.0,9.3,8.0,10.0,8.0,0.0,0.0
2021-04-17 00:00:00+05:30,331,Vantimamidi,1612,Vantimamidi,111,Brinjal,111,Common,0.0,52.0,300.0,600.0,450.0,0.0,0.0
2021-04-17 00:00:00+05:30,367,Gudimalkapur,1571,Gudumalkapur,111,Brinjal,279,Round,0.0,243.0,200.0,400.0,300.0,0.0,0.0
2021-04-17 00:00:00+05:30,303,Kalwakurthy,1340,Kalwakurthy,111,Brinjal,111,Common,0.0,5.0,300.0,800.0,550.0,0.0,0.0
2021-04-17 00:00:00+05:30,308,Nagarkurnool,1334,Nagarkurnool,30,Groundnut pods,30,Common,0.0,873.0,4359.0,5869.0,5609.0,0.0,0.0
2021-04-17 00:00:00+05:30,306,Mahbubnagar,1326,Mahaboobnagar,68,Tamarind,68,Common,0.0,36.0,3612.0,6150.0,4206.0,0.0,0.0
2021-04-17 00:00:00+05:30,281,Venkateshwar Nagar,1106,V Nagar,111,Brinjal,111,Common,0.0,7.3,7.0,8.0,6.0,0.0,0.0
2021-04-17 00:00:00+05:30,295,Sangareddy,1219,Sangaredy,114,Tomato,114,Common,0.0,32.0,200.0,400.0,300.0,0.0,0.0
2021-04-17 00:00:00+05:30,319,Shankerpally,40,Shankerpally,111,Brinjal,278,Kalyani,0.0,2.4,600.0,600.0,600.0,0.0,0.0
2021-04-17 00:00:00+05:30,322,Chevella,46,Chevella,114,Tomato,197,Local,0.0,89.0,400.0,800.0,600.0,0.0,0.0
2021-04-17 00:00:00+05:30,279,Thirumalagiri,9,Tirmalagiri,15,Red Gram,15,Common,0.0,7.0,6156.0,6386.0,6266.0,0.0,0.0
2021-04-17 00:00:00+05:30,324,Bowenpally,3,Bowenpally,111,Brinjal,278,Kalyani,0.0,230.0,500.0,800.0,700.0,0.0,0.0
2021-04-16 00:00:00+05:30,367,Gudimalkapur,1571,Gudumalkapur,111,Brinjal,279,Round,0.0,201.0,200.0,400.0,300.0,0.0,0.0
2021-04-16 00:00:00+05:30,331,Vantimamidi,1612,Vantimamidi,111,Brinjal,111,Common,0.0,60.0,300.0,700.0,500.0,0.0,0.0
2021-04-17 00:00:00+05:30,323,Gaddiannaram,2,L.B Nagar,116,French Beans,116,Common,0.0,9.0,3000.0,3500.0,3200.0,0.0,0.0
2021-04-17 00:00:00+05:30,323,Gaddiannaram,1,Gaddiannaram,82,Pomegrenates,82,Common,0.0,549.0,1250.0,8500.0,2500.0,0.0,0.0
2021-04-16 00:00:00+05:30,303,Kalwakurthy,1340,Kalwakurthy,111,Brinjal,111,Common,0.0,2.0,500.0,800.0,6504.0,0.0,0.0
2021-04-16 00:00:00+05:30,295,Sangareddy,1219,Sangaredy,114,Tomato,114,Common,0.0,38.0,300.0,500.0,400.0,0.0,0.0
2021-04-16 00:00:00+05:30,306,Mahbubnagar,1326,Mahaboobnagar,68,Tamarind,68,Common,0.0,54.0,3110.0,6290.0,4555.0,0.0,0.0
2021-04-16 00:00:00+05:30,308,Nagarkurnool,1334,Nagarkurnool,30,Groundnut pods,30,Common,0.0,1233.0,4269.0,5780.0,5560.0,0.0,0.0
2021-04-16 00:00:00+05:30,292,Zaheerabad,1198,Zaheerabad,17,Black Gram,17,Common,0.0,3.0,6753.0,6753.0,6753.0,0.0,0.0
2021-04-16 00:00:00+05:30,239,Kesamudram,1168,Kesamudram,57,Tumeric,227,Finger,0.0,514.0,5511.0,7265.0,6651.0,0.0,0.0
2021-04-16 00:00:00+05:30,208,Nizamabad,1080,Nizamabad,14,Bengal Gram,14,Common,0.0,4.0,4165.0,4165.0,4165.0,0.0,0.0
2021-04-16 00:00:00+05:30,246,Warangal,886,Warangal,30,Groundnut pods,30,Common,0.0,209.0,3000.0,6000.0,5000.0,0.0,0.0
2021-04-16 00:00:00+05:30,212,Choppadandi,1123,Choppadandi,14,Bengal Gram,14,Common,0.0,12.0,4702.0,4803.0,4752.0,0.0,0.0
2021-04-16 00:00:00+05:30,281,Venkateshwar Nagar,1106,V Nagar,111,Brinjal,111,Common,0.0,6.2,7.0,8.0,7.0,0.0,0.0
2021-04-16 00:00:00+05:30,322,Chevella,46,Chevella,114,Tomato,197,Local,0.0,88.0,500.0,1000.0,800.0,0.0,0.0
2021-04-16 00:00:00+05:30,325,Hyderabad,6,Madannapeta,117,Cluster Beans,117,Common,0.0,16.0,1500.0,2200.0,2000.0,0.0,0.0
2021-04-16 00:00:00+05:30,323,Gaddiannaram,2,L.B Nagar,116,French Beans,116,Common,0.0,11.0,3500.0,4000.0,3700.0,0.0,0.0
2021-04-15 00:00:00+05:30,308,Nagarkurnool,1334,Nagarkurnool,30,Groundnut pods,30,Common,0.0,678.0,4315.0,5729.0,5402.0,0.0,0.0
2021-04-16 00:00:00+05:30,324,Bowenpally,3,Bowenpally,111,Brinjal,278,Kalyani,0.0,200.0,300.0,800.0,600.0,0.0,0.0
2021-04-15 00:00:00+05:30,331,Vantimamidi,1612,Vantimamidi,111,Brinjal,111,Common,0.0,59.0,400.0,800.0,600.0,0.0,0.0
2021-04-16 00:00:00+05:30,323,Gaddiannaram,1,Gaddiannaram,82,Pomegrenates,82,Common,0.0,1093.0,1250.0,8350.0,2500.0,0.0,0.0
2021-04-15 00:00:00+05:30,292,Zaheerabad,1198,Zaheerabad,17,Black Gram,17,Common,0.0,3.0,6753.0,6753.0,6753.0,0.0,0.0
2021-04-15 00:00:00+05:30,295,Sangareddy,1219,Sangaredy,114,Tomato,114,Common,0.0,17.0,400.0,600.0,500.0,0.0,0.0
2021-04-15 00:00:00+05:30,306,Mahbubnagar,1326,Mahaboobnagar,68,Tamarind,68,Common,0.0,92.0,3612.0,7105.0,5290.0,0.0,0.0
2021-04-15 00:00:00+05:30,367,Gudimalkapur,1571,Gudumalkapur,111,Brinjal,279,Round,0.0,164.0,200.0,400.0,300.0,0.0,0.0
2021-04-15 00:00:00+05:30,303,Kalwakurthy,1340,Kalwakurthy,111,Brinjal,111,Common,0.0,2.0,500.0,800.0,650.0,0.0,0.0
2021-04-15 00:00:00+05:30,278,Suryapet,1091,Suryapet,17,Black Gram,17,Common,0.0,2.0,5693.0,5693.0,5693.0,0.0,0.0
2021-04-15 00:00:00+05:30,208,Nizamabad,1080,Nizamabad,14,Bengal Gram,14,Common,0.0,1.0,3215.0,3215.0,3215.0,0.0,0.0
2021-04-15 00:00:00+05:30,281,Venkateshwar Nagar,1106,V Nagar,111,Brinjal,111,Common,0.0,9.3,7.0,8.0,7.0,0.0,0.0
2021-04-15 00:00:00+05:30,239,Kesamudram,1168,Kesamudram,57,Tumeric,227,Finger,0.0,198.0,4511.0,6988.0,6464.0,0.0,0.0
2021-04-15 00:00:00+05:30,323,Gaddiannaram,2,L.B Nagar,116,French Beans,116,Common,0.0,10.0,3000.0,4000.0,3500.0,0.0,0.0
2021-04-15 00:00:00+05:30,325,Hyderabad,6,Madannapeta,117,Cluster Beans,117,Common,0.0,13.0,2000.0,2200.0,2100.0,0.0,0.0
2021-04-15 00:00:00+05:30,322,Chevella,46,Chevella,114,Tomato,197,Local,0.0,90.0,600.0,1200.0,800.0,0.0,0.0
2021-04-15 00:00:00+05:30,246,Warangal,886,Warangal,30,Groundnut pods,30,Common,0.0,209.0,2000.0,5800.0,4700.0,0.0,0.0
2021-04-15 00:00:00+05:30,279,Thirumalagiri,9,Tirmalagiri,15,Red Gram,15,Common,0.0,35.0,6129.0,6556.0,6469.0,0.0,0.0
2021-04-15 00:00:00+05:30,324,Bowenpally,3,Bowenpally,111,Brinjal,278,Kalyani,0.0,150.0,400.0,1000.0,800.0,0.0,0.0
2021-04-14 00:00:00+05:30,331,Vantimamidi,1612,Vantimamidi,111,Brinjal,111,Common,0.0,48.0,300.0,800.0,550.0,0.0,0.0
2021-04-15 00:00:00+05:30,323,Gaddiannaram,1,Gaddiannaram,82,Pomegrenates,82,Common,0.0,518.0,1850.0,8750.0,3750.0,0.0,0.0
2021-04-14 00:00:00+05:30,367,Gudimalkapur,1571,Gudumalkapur,111,Brinjal,279,Round,0.0,115.0,200.0,600.0,400.0,0.0,0.0
2021-04-14 00:00:00+05:30,295,Sangareddy,1219,Sangaredy,114,Tomato,114,Common,0.0,26.0,400.0,600.0,500.0,0.0,0.0
2021-04-14 00:00:00+05:30,281,Venkateshwar Nagar,1106,V Nagar,111,Brinjal,111,Common,0.0,6.2,5.0,7.0,5.0,0.0,0.0
2021-04-14 00:00:00+05:30,322,Chevella,46,Chevella,114,Tomato,197,Local,0.0,80.0,500.0,1000.0,800.0,0.0,0.0
2021-04-14 00:00:00+05:30,323,Gaddiannaram,2,L.B Nagar,116,French Beans,116,Common,0.0,12.0,3000.0,3500.0,3200.0,0.0,0.0
2021-04-14 00:00:00+05:30,325,Hyderabad,6,Madannapeta,117,Cluster Beans,117,Common,0.0,8.0,2000.0,2000.0,2000.0,0.0,0.0
2021-04-14 00:00:00+05:30,324,Bowenpally,3,Bowenpally,111,Brinjal,278,Kalyani,0.0,70.0,400.0,800.0,600.0,0.0,0.0
2021-04-12 00:00:00+05:30,367,Gudimalkapur,1571,Gudumalkapur,111,Brinjal,279,Round,0.0,169.0,300.0,4500.0,400.0,0.0,0.0
2021-04-12 00:00:00+05:30,303,Kalwakurthy,1340,Kalwakurthy,111,Brinjal,111,Common,0.0,2.0,500.0,600.0,550.0,0.0,0.0
2021-04-12 00:00:00+05:30,295,Sangareddy,1219,Sangaredy,114,Tomato,114,Common,0.0,26.0,400.0,600.0,500.0,0.0,0.0
2021-04-12 00:00:00+05:30,278,Suryapet,1091,Suryapet,17,Black Gram,17,Common,0.0,1.0,5193.0,5193.0,5193.0,0.0,0.0
2021-04-13 00:00:00+05:30,331,Vantimamidi,1612,Vantimamidi,111,Brinjal,111,Common,0.0,18.0,200.0,800.0,500.0,0.0,0.0
2021-04-14 00:00:00+05:30,323,Gaddiannaram,1,Gaddiannaram,82,Pomegrenates,82,Common,0.0,522.0,2000.0,8750.0,3750.0,0.0,0.0
2021-04-13 00:00:00+05:30,323,Gaddiannaram,1,Gaddiannaram,82,Pomegrenates,82,Common,0.0,271.0,1850.0,9350.0,3750.0,0.0,0.0
2021-04-13 00:00:00+05:30,281,Venkateshwar Nagar,1106,V Nagar,111,Brinjal,111,Common,0.0,3.1,6.0,7.0,6.0,0.0,0.0
2021-04-25 00:00:00+05:30,323,Gaddiannaram,2,L.B Nagar,116,French Beans,116,Common,0.0,7.0,3000.0,5000.0,4000.0,0.0,0.0
2021-04-25 00:00:00+05:30,325,Hyderabad,6,Madannapeta,117,Cluster Beans,117,Common,0.0,11.0,2200.0,2200.0,2200.0,0.0,0.0
2021-04-25 00:00:00+05:30,322,Chevella,46,Chevella,114,Tomato,197,Local,0.0,88.0,300.0,500.0,400.0,0.0,0.0
2021-04-25 00:00:00+05:30,281,Venkateshwar Nagar,1106,V Nagar,111,Brinjal,111,Common,0.0,9.4,7.0,7.0,7.0,0.0,0.0
2021-04-24 00:00:00+05:30,303,Kalwakurthy,1340,Kalwakurthy,111,Brinjal,111,Common,0.0,1.0,1000.0,1000.0,1000.0,0.0,0.0
2021-04-24 00:00:00+05:30,367,Gudimalkapur,1571,Gudumalkapur,111,Brinjal,279,Round,0.0,136.0,200.0,400.0,300.0,0.0,0.0
2021-04-25 00:00:00+05:30,323,Gaddiannaram,1,Gaddiannaram,82,Pomegrenates,82,Common,0.0,78.0,1250.0,6250.0,1600.0,0.0,0.0
2021-04-24 00:00:00+05:30,308,Nagarkurnool,1334,Nagarkurnool,30,Groundnut pods,30,Common,0.0,707.0,4016.0,5770.0,5770.0,0.0,0.0
2021-04-24 00:00:00+05:30,331,Vantimamidi,1612,Vantimamidi,111,Brinjal,111,Common,0.0,37.0,300.0,1000.0,650.0,0.0,0.0
2021-04-24 00:00:00+05:30,295,Sangareddy,1219,Sangaredy,114,Tomato,114,Common,0.0,20.0,500.0,800.0,600.0,0.0,0.0
2021-04-24 00:00:00+05:30,306,Mahbubnagar,1326,Mahaboobnagar,68,Tamarind,68,Common,0.0,24.0,1341.0,1342.0,1342.0,0.0,0.0
2021-04-24 00:00:00+05:30,278,Suryapet,1091,Suryapet,17,Black Gram,17,Common,0.0,1.0,6539.0,6539.0,6539.0,0.0,0.0
2021-04-24 00:00:00+05:30,281,Venkateshwar Nagar,1106,V Nagar,111,Brinjal,111,Common,0.0,10.3,7.0,8.0,7.0,0.0,0.0
2021-04-24 00:00:00+05:30,323,Gaddiannaram,2,L.B Nagar,116,French Beans,116,Common,0.0,10.0,3000.0,5000.0,4000.0,0.0,0.0
2021-04-24 00:00:00+05:30,323,Gaddiannaram,1,Gaddiannaram,82,Pomegrenates,82,Common,0.0,543.0,1250.0,6850.0,3750.0,0.0,0.0
2021-04-24 00:00:00+05:30,322,Chevella,46,Chevella,114,Tomato,197,Local,0.0,88.0,300.0,600.0,500.0,0.0,0.0
2021-04-23 00:00:00+05:30,367,Gudimalkapur,1571,Gudumalkapur,111,Brinjal,279,Round,0.0,146.0,200.0,400.0,300.0,0.0,0.0
2021-04-23 00:00:00+05:30,331,Vantimamidi,1612,Vantimamidi,111,Brinjal,111,Common,0.0,20.0,300.0,800.0,550.0,0.0,0.0
2021-04-23 00:00:00+05:30,306,Mahbubnagar,1326,Mahaboobnagar,68,Tamarind,68,Common,0.0,54.0,3002.0,5390.0,5090.0,0.0,0.0
2021-04-23 00:00:00+05:30,308,Nagarkurnool,1334,Nagarkurnool,30,Groundnut pods,30,Common,0.0,744.0,3519.0,5610.0,4919.0,0.0,0.0
2021-04-23 00:00:00+05:30,303,Kalwakurthy,1340,Kalwakurthy,111,Brinjal,111,Common,0.0,1.0,600.0,700.0,650.0,0.0,0.0
2021-04-23 00:00:00+05:30,295,Sangareddy,1219,Sangaredy,114,Tomato,114,Common,0.0,33.0,600.0,800.0,700.0,0.0,0.0
2021-04-23 00:00:00+05:30,239,Kesamudram,1168,Kesamudram,57,Tumeric,227,Finger,0.0,659.0,3009.0,7152.0,6329.0,0.0,0.0
2021-04-23 00:00:00+05:30,281,Venkateshwar Nagar,1106,V Nagar,111,Brinjal,111,Common,0.0,7.4,7.0,8.0,7.0,0.0,0.0
2021-04-23 00:00:00+05:30,322,Chevella,46,Chevella,114,Tomato,197,Local,0.0,88.0,200.0,500.0,300.0,0.0,0.0
2021-04-23 00:00:00+05:30,323,Gaddiannaram,2,L.B Nagar,116,French Beans,116,Common,0.0,12.0,3000.0,4000.0,3500.0,0.0,0.0
2021-04-23 00:00:00+05:30,323,Gaddiannaram,1,Gaddiannaram,82,Pomegrenates,82,Common,0.0,860.0,1250.0,7500.0,2500.0,0.0,0.0
2021-04-23 00:00:00+05:30,246,Warangal,886,Warangal,30,Groundnut pods,30,Common,0.0,263.0,2000.0,5800.0,4000.0,0.0,0.0
2021-04-22 00:00:00+05:30,331,Vantimamidi,1612,Vantimamidi,111,Brinjal,111,Common,0.0,30.0,300.0,700.0,500.0,0.0,0.0
2021-04-22 00:00:00+05:30,367,Gudimalkapur,1571,Gudumalkapur,111,Brinjal,279,Round,0.0,123.0,200.0,400.0,300.0,0.0,0.0
2021-04-22 00:00:00+05:30,303,Kalwakurthy,1340,Kalwakurthy,111,Brinjal,111,Common,0.0,2.0,600.0,700.0,650.0,0.0,0.0
2021-04-22 00:00:00+05:30,308,Nagarkurnool,1334,Nagarkurnool,30,Groundnut pods,30,Common,0.0,900.0,3899.0,5940.0,5419.0,0.0,0.0
2021-04-22 00:00:00+05:30,306,Mahbubnagar,1326,Mahaboobnagar,68,Tamarind,68,Common,0.0,33.0,1350.0,1376.0,1375.0,0.0,0.0
2021-04-22 00:00:00+05:30,281,Venkateshwar Nagar,1106,V Nagar,111,Brinjal,111,Common,0.0,12.3,7.0,8.0,7.0,0.0,0.0
2021-04-22 00:00:00+05:30,239,Kesamudram,1168,Kesamudram,57,Tumeric,227,Finger,0.0,565.0,4059.0,7400.0,6785.0,0.0,0.0
2021-04-22 00:00:00+05:30,241,Mahabubabad,1177,Mahabubabad,25,Cotton,25,Common,0.0,42.0,3200.0,6125.0,5882.0,0.0,0.0
2021-04-22 00:00:00+05:30,295,Sangareddy,1219,Sangaredy,114,Tomato,114,Common,0.0,29.0,500.0,800.0,600.0,0.0,0.0
2021-04-22 00:00:00+05:30,278,Suryapet,1091,Suryapet,17,Black Gram,17,Common,0.0,1.0,4559.0,4559.0,4559.0,0.0,0.0
2021-04-22 00:00:00+05:30,246,Warangal,886,Warangal,30,Groundnut pods,30,Common,0.0,177.0,2000.0,6061.0,5500.0,0.0,0.0
2021-04-22 00:00:00+05:30,322,Chevella,46,Chevella,114,Tomato,197,Local,0.0,77.0,200.0,500.0,350.0,0.0,0.0
2021-04-22 00:00:00+05:30,279,Thirumalagiri,9,Tirmalagiri,15,Red Gram,15,Common,0.0,38.0,6011.0,6569.0,6369.0,0.0,0.0
2021-04-21 00:00:00+05:30,367,Gudimalkapur,1571,Gudumalkapur,111,Brinjal,279,Round,0.0,156.0,200.0,400.0,300.0,0.0,0.0
2021-04-21 00:00:00+05:30,331,Vantimamidi,1612,Vantimamidi,111,Brinjal,111,Common,0.0,30.0,300.0,1000.0,650.0,0.0,0.0
2021-04-22 00:00:00+05:30,323,Gaddiannaram,2,L.B Nagar,116,French Beans,116,Common,0.0,12.0,3000.0,4000.0,3500.0,0.0,0.0
2021-04-22 00:00:00+05:30,323,Gaddiannaram,1,Gaddiannaram,82,Pomegrenates,82,Common,0.0,577.0,1250.0,7500.0,2500.0,0.0,0.0
2021-04-21 00:00:00+05:30,323,Gaddiannaram,2,L.B Nagar,116,French Beans,116,Common,0.0,10.0,3000.0,3500.0,3200.0,0.0,0.0
2021-04-21 00:00:00+05:30,322,Chevella,46,Chevella,114,Tomato,197,Local,0.0,89.0,200.0,500.0,300.0,0.0,0.0
2021-04-21 00:00:00+05:30,295,Sangareddy,1219,Sangaredy,114,Tomato,114,Common,0.0,22.0,300.0,500.0,400.0,0.0,0.0
2021-04-21 00:00:00+05:30,281,Venkateshwar Nagar,1106,V Nagar,111,Brinjal,111,Common,0.0,9.3,7.0,8.0,7.0,0.0,0.0
2021-04-20 00:00:00+05:30,367,Gudimalkapur,1571,Gudumalkapur,111,Brinjal,279,Round,0.0,172.0,200.0,400.0,300.0,0.0,0.0
2021-04-20 00:00:00+05:30,308,Nagarkurnool,1334,Nagarkurnool,30,Groundnut pods,30,Common,0.0,1141.0,4166.0,5659.0,5659.0,0.0,0.0
2021-04-21 00:00:00+05:30,323,Gaddiannaram,1,Gaddiannaram,82,Pomegrenates,82,Common,0.0,220.0,2500.0,15000.0,5000.0,0.0,0.0
2021-04-20 00:00:00+05:30,331,Vantimamidi,1612,Vantimamidi,111,Brinjal,111,Common,0.0,25.0,400.0,700.0,550.0,0.0,0.0
2021-04-20 00:00:00+05:30,241,Mahabubabad,1177,Mahabubabad,25,Cotton,25,Common,0.0,28.0,2511.0,5811.0,5811.0,0.0,0.0
2021-04-20 00:00:00+05:30,306,Mahbubnagar,1326,Mahaboobnagar,68,Tamarind,68,Common,0.0,258.0,3869.0,6089.0,5490.0,0.0,0.0
2021-04-20 00:00:00+05:30,239,Kesamudram,1168,Kesamudram,57,Tumeric,227,Finger,0.0,282.0,3989.0,7125.0,6388.0,0.0,0.0
2021-04-20 00:00:00+05:30,325,Hyderabad,6,Madannapeta,117,Cluster Beans,117,Common,0.0,6.0,2000.0,2000.0,2000.0,0.0,0.0
2021-04-20 00:00:00+05:30,246,Warangal,886,Warangal,30,Groundnut pods,30,Common,0.0,233.0,2000.0,5600.0,4500.0,0.0,0.0
2021-04-20 00:00:00+05:30,281,Venkateshwar Nagar,1106,V Nagar,111,Brinjal,111,Common,0.0,7.2,7.0,7.0,7.0,0.0,0.0
2021-04-20 00:00:00+05:30,323,Gaddiannaram,2,L.B Nagar,116,French Beans,116,Common,0.0,15.0,2500.0,3500.0,3000.0,0.0,0.0
2021-04-19 00:00:00+05:30,308,Nagarkurnool,1334,Nagarkurnool,30,Groundnut pods,30,Common,0.0,1617.0,4419.0,5809.0,5419.0,0.0,0.0
2021-04-19 00:00:00+05:30,309,Narayanpet,1342,Narayanpet,25,Cotton,25,Common,0.0,3.6,3909.0,3909.0,3909.0,0.0,0.0
2021-04-20 00:00:00+05:30,324,Bowenpally,3,Bowenpally,111,Brinjal,278,Kalyani,0.0,147.0,400.0,800.0,700.0,0.0,0.0
2021-04-19 00:00:00+05:30,331,Vantimamidi,1612,Vantimamidi,111,Brinjal,111,Common,0.0,22.0,200.0,700.0,450.0,0.0,0.0
2021-04-20 00:00:00+05:30,323,Gaddiannaram,1,Gaddiannaram,82,Pomegrenates,82,Common,0.0,256.0,1250.0,8100.0,2500.0,0.0,0.0
2021-04-19 00:00:00+05:30,303,Kalwakurthy,1340,Kalwakurthy,111,Brinjal,111,Common,0.0,1.0,500.0,500.0,500.0,0.0,0.0
2021-04-19 00:00:00+05:30,367,Gudimalkapur,1571,Gudumalkapur,111,Brinjal,279,Round,0.0,117.0,200.0,400.0,300.0,0.0,0.0
2021-04-19 00:00:00+05:30,241,Mahabubabad,1177,Mahabubabad,25,Cotton,25,Common,0.0,54.0,3011.0,6211.0,3515.0,0.0,0.0
2021-04-19 00:00:00+05:30,239,Kesamudram,1168,Kesamudram,57,Tumeric,227,Finger,0.0,636.0,3109.0,7252.0,6421.0,0.0,0.0
2021-04-19 00:00:00+05:30,295,Sangareddy,1219,Sangaredy,114,Tomato,114,Common,0.0,26.0,300.0,500.0,400.0,0.0,0.0
2021-04-19 00:00:00+05:30,306,Mahbubnagar,1326,Mahaboobnagar,68,Tamarind,68,Common,0.0,47.0,3866.0,5869.0,5490.0,0.0,0.0
2021-04-19 00:00:00+05:30,322,Chevella,46,Chevella,114,Tomato,197,Local,0.0,88.0,800.0,800.0,800.0,0.0,0.0
2021-04-19 00:00:00+05:30,278,Suryapet,1091,Suryapet,17,Black Gram,17,Common,0.0,3.0,5459.0,5459.0,5459.0,0.0,0.0
2021-04-19 00:00:00+05:30,208,Nizamabad,1080,Nizamabad,14,Bengal Gram,14,Common,0.0,1.0,4110.0,4110.0,4110.0,0.0,0.0
2021-04-19 00:00:00+05:30,246,Warangal,886,Warangal,30,Groundnut pods,30,Common,0.0,293.0,2000.0,5800.0,4500.0,0.0,0.0
2021-04-19 00:00:00+05:30,279,Thirumalagiri,9,Tirmalagiri,15,Red Gram,15,Common,0.0,2.0,6209.0,6209.0,6209.0,0.0,0.0
2021-04-30 00:00:00+05:30,367,Gudimalkapur,1571,Gudumalkapur,111,Brinjal,279,Round,0.0,103.0,300.0,500.0,400.0,0.0,0.0
2021-04-30 00:00:00+05:30,308,Nagarkurnool,1334,Nagarkurnool,30,Groundnut pods,30,Common,0.0,636.0,3839.0,5769.0,5769.0,0.0,0.0
2021-04-30 00:00:00+05:30,295,Sangareddy,1219,Sangaredy,114,Tomato,114,Common,0.0,30.0,400.0,600.0,500.0,0.0,0.0
2021-04-30 00:00:00+05:30,306,Mahbubnagar,1326,Mahaboobnagar,68,Tamarind,68,Common,0.0,35.0,3070.0,5490.0,4699.0,0.0,0.0
2021-04-30 00:00:00+05:30,323,Gaddiannaram,2,L.B Nagar,116,French Beans,116,Common,0.0,3.0,4000.0,4000.0,4000.0,0.0,0.0
2021-04-30 00:00:00+05:30,323,Gaddiannaram,1,Gaddiannaram,82,Pomegrenates,82,Common,0.0,931.0,1250.0,6250.0,1625.0,0.0,0.0
2021-04-29 00:00:00+05:30,303,Kalwakurthy,1340,Kalwakurthy,111,Brinjal,111,Common,0.0,2.0,900.0,1500.0,1200.0,0.0,0.0
2021-04-30 00:00:00+05:30,324,Bowenpally,3,Bowenpally,111,Brinjal,278,Kalyani,0.0,180.0,400.0,1000.0,800.0,0.0,0.0
2021-04-30 00:00:00+05:30,325,Hyderabad,6,Madannapeta,117,Cluster Beans,117,Common,0.0,16.0,1200.0,2000.0,1600.0,0.0,0.0
2021-04-30 00:00:00+05:30,322,Chevella,46,Chevella,114,Tomato,197,Local,0.0,88.0,200.0,500.0,300.0,0.0,0.0
2021-04-30 00:00:00+05:30,279,Thirumalagiri,9,Tirmalagiri,15,Red Gram,15,Common,0.0,20.0,5000.0,6429.0,6366.0,0.0,0.0
2021-04-30 00:00:00+05:30,281,Venkateshwar Nagar,1106,V Nagar,111,Brinjal,111,Common,0.0,5.1,7.0,8.0,7.0,0.0,0.0
2021-04-30 00:00:00+05:30,292,Zaheerabad,1198,Zaheerabad,17,Black Gram,17,Common,0.0,18.0,5816.0,6619.0,6316.0,0.0,0.0
2021-04-29 00:00:00+05:30,367,Gudimalkapur,1571,Gudumalkapur,111,Brinjal,279,Round,0.0,93.0,300.0,500.0,400.0,0.0,0.0
2021-04-29 00:00:00+05:30,331,Vantimamidi,1612,Vantimamidi,111,Brinjal,111,Common,0.0,22.0,300.0,1100.0,700.0,0.0,0.0
2021-04-29 00:00:00+05:30,295,Sangareddy,1219,Sangaredy,114,Tomato,114,Common,0.0,10.0,400.0,600.0,500.0,0.0,0.0
2021-04-29 00:00:00+05:30,306,Mahbubnagar,1326,Mahaboobnagar,68,Tamarind,68,Common,0.0,11.0,4600.0,5400.0,4890.0,0.0,0.0
2021-04-29 00:00:00+05:30,308,Nagarkurnool,1334,Nagarkurnool,30,Groundnut pods,30,Common,0.0,765.0,4329.0,5809.0,5560.0,0.0,0.0
2021-04-29 00:00:00+05:30,281,Venkateshwar Nagar,1106,V Nagar,111,Brinjal,111,Common,0.0,9.1,7.0,8.0,7.0,0.0,0.0
2021-04-29 00:00:00+05:30,322,Chevella,46,Chevella,114,Tomato,197,Local,0.0,89.0,200.0,500.0,300.0,0.0,0.0
2021-04-29 00:00:00+05:30,241,Mahabubabad,1177,Mahabubabad,25,Cotton,25,Common,0.0,3.0,4811.0,5005.0,5005.0,0.0,0.0
2021-04-29 00:00:00+05:30,239,Kesamudram,1168,Kesamudram,57,Tumeric,227,Finger,0.0,944.0,3001.0,7300.0,5211.0,0.0,0.0
2021-04-29 00:00:00+05:30,325,Hyderabad,6,Madannapeta,117,Cluster Beans,117,Common,0.0,9.0,2000.0,2000.0,2000.0,0.0,0.0
2021-04-29 00:00:00+05:30,279,Thirumalagiri,9,Tirmalagiri,15,Red Gram,15,Common,0.0,26.0,5500.0,6349.0,6266.0,0.0,0.0
2021-04-29 00:00:00+05:30,323,Gaddiannaram,2,L.B Nagar,116,French Beans,116,Common,0.0,5.0,4000.0,5000.0,5000.0,0.0,0.0
2021-04-28 00:00:00+05:30,331,Vantimamidi,1612,Vantimamidi,111,Brinjal,111,Common,0.0,35.0,300.0,800.0,550.0,0.0,0.0
2021-04-29 00:00:00+05:30,323,Gaddiannaram,1,Gaddiannaram,82,Pomegrenates,82,Common,0.0,573.0,1250.0,6250.0,1600.0,0.0,0.0
2021-04-28 00:00:00+05:30,367,Gudimalkapur,1571,Gudumalkapur,111,Brinjal,279,Round,0.0,173.0,300.0,500.0,400.0,0.0,0.0
2021-04-28 00:00:00+05:30,308,Nagarkurnool,1334,Nagarkurnool,30,Groundnut pods,30,Common,0.0,948.0,4489.0,6500.0,5789.0,0.0,0.0
2021-04-28 00:00:00+05:30,241,Mahabubabad,1177,Mahabubabad,25,Cotton,25,Common,0.0,39.0,4526.0,6203.0,6203.0,0.0,0.0
2021-04-28 00:00:00+05:30,239,Kesamudram,1168,Kesamudram,57,Tumeric,227,Finger,0.0,466.0,3001.0,6701.0,5861.0,0.0,0.0
2021-04-28 00:00:00+05:30,295,Sangareddy,1219,Sangaredy,114,Tomato,114,Common,0.0,26.0,400.0,600.0,500.0,0.0,0.0
2021-04-28 00:00:00+05:30,306,Mahbubnagar,1326,Mahaboobnagar,68,Tamarind,68,Common,0.0,35.0,4299.0,5590.0,4802.0,0.0,0.0
2021-04-28 00:00:00+05:30,322,Chevella,46,Chevella,114,Tomato,197,Local,0.0,88.0,300.0,600.0,500.0,0.0,0.0
2021-04-28 00:00:00+05:30,279,Thirumalagiri,9,Tirmalagiri,15,Red Gram,15,Common,0.0,51.0,5350.0,6466.0,6316.0,0.0,0.0
2021-04-28 00:00:00+05:30,281,Venkateshwar Nagar,1106,V Nagar,111,Brinjal,111,Common,0.0,4.1,8.0,8.0,8.0,0.0,0.0
2021-04-28 00:00:00+05:30,278,Suryapet,1091,Suryapet,17,Black Gram,17,Common,0.0,1.0,4959.0,4959.0,4959.0,0.0,0.0
2021-04-28 00:00:00+05:30,208,Nizamabad,1080,Nizamabad,14,Bengal Gram,14,Common,0.0,8.0,4259.0,4429.0,4259.0,0.0,0.0
2021-04-28 00:00:00+05:30,323,Gaddiannaram,2,L.B Nagar,116,French Beans,116,Common,0.0,4.0,3000.0,5000.0,4000.0,0.0,0.0
2021-04-28 00:00:00+05:30,325,Hyderabad,6,Madannapeta,117,Cluster Beans,117,Common,0.0,16.0,1200.0,2000.0,1600.0,0.0,0.0
2021-04-28 00:00:00+05:30,323,Gaddiannaram,1,Gaddiannaram,82,Pomegrenates,82,Common,0.0,978.0,1250.0,6250.0,1600.0,0.0,0.0
2021-04-27 00:00:00+05:30,331,Vantimamidi,1612,Vantimamidi,111,Brinjal,111,Common,0.0,15.0,400.0,900.0,650.0,0.0,0.0
2021-04-27 00:00:00+05:30,241,Mahabubabad,1177,Mahabubabad,25,Cotton,25,Common,0.0,59.0,4211.0,6158.0,6158.0,0.0,0.0
2021-04-27 00:00:00+05:30,306,Mahbubnagar,1326,Mahaboobnagar,68,Tamarind,68,Common,0.0,115.0,3700.0,6000.0,4800.0,0.0,0.0
2021-04-27 00:00:00+05:30,239,Kesamudram,1168,Kesamudram,57,Tumeric,227,Finger,0.0,662.0,3021.0,7189.0,6219.0,0.0,0.0
2021-04-27 00:00:00+05:30,367,Gudimalkapur,1571,Gudumalkapur,111,Brinjal,279,Round,0.0,118.0,200.0,600.0,400.0,0.0,0.0
2021-04-27 00:00:00+05:30,308,Nagarkurnool,1334,Nagarkurnool,30,Groundnut pods,30,Common,0.0,664.0,4420.0,5769.0,5529.0,0.0,0.0
2021-04-27 00:00:00+05:30,303,Kalwakurthy,1340,Kalwakurthy,111,Brinjal,111,Common,0.0,1.0,700.0,700.0,700.0,0.0,0.0
2021-04-27 00:00:00+05:30,281,Venkateshwar Nagar,1106,V Nagar,111,Brinjal,111,Common,0.0,8.3,7.0,8.0,7.0,0.0,0.0
2021-04-27 00:00:00+05:30,279,Thirumalagiri,9,Tirmalagiri,15,Red Gram,15,Common,0.0,7.0,5600.0,6000.0,5900.0,0.0,0.0
2021-04-27 00:00:00+05:30,325,Hyderabad,6,Madannapeta,117,Cluster Beans,117,Common,0.0,11.0,2000.0,2000.0,2000.0,0.0,0.0
2021-04-27 00:00:00+05:30,323,Gaddiannaram,1,Gaddiannaram,82,Pomegrenates,82,Common,0.0,436.0,1200.0,6200.0,1700.0,0.0,0.0
2021-04-26 00:00:00+05:30,331,Vantimamidi,1612,Vantimamidi,111,Brinjal,111,Common,0.0,25.0,200.0,800.0,500.0,0.0,0.0
2021-04-27 00:00:00+05:30,323,Gaddiannaram,2,L.B Nagar,116,French Beans,116,Common,0.0,8.0,4000.0,4500.0,4200.0,0.0,0.0
2021-04-26 00:00:00+05:30,292,Zaheerabad,1198,Zaheerabad,17,Black Gram,17,Common,0.0,11.5,5511.0,6536.0,6436.0,0.0,0.0
2021-04-26 00:00:00+05:30,295,Sangareddy,1219,Sangaredy,114,Tomato,114,Common,0.0,34.0,300.0,500.0,400.0,0.0,0.0
2021-04-26 00:00:00+05:30,303,Kalwakurthy,1340,Kalwakurthy,111,Brinjal,111,Common,0.0,2.0,1000.0,1500.0,1250.0,0.0,0.0
2021-04-26 00:00:00+05:30,308,Nagarkurnool,1334,Nagarkurnool,30,Groundnut pods,30,Common,0.0,655.0,4369.0,5839.0,4859.0,0.0,0.0
2021-04-26 00:00:00+05:30,306,Mahbubnagar,1326,Mahaboobnagar,68,Tamarind,68,Common,0.0,13.0,3350.0,5399.0,5399.0,0.0,0.0
2021-04-26 00:00:00+05:30,367,Gudimalkapur,1571,Gudumalkapur,111,Brinjal,279,Round,0.0,147.0,200.0,500.0,300.0,0.0,0.0
2021-04-26 00:00:00+05:30,322,Chevella,46,Chevella,114,Tomato,197,Local,0.0,98.0,300.0,500.0,400.0,0.0,0.0
2021-04-26 00:00:00+05:30,241,Mahabubabad,1177,Mahabubabad,25,Cotton,25,Common,0.0,7.0,3005.0,5005.0,5005.0,0.0,0.0
2021-04-26 00:00:00+05:30,239,Kesamudram,1168,Kesamudram,57,Tumeric,227,Finger,0.0,490.0,3500.0,7441.0,6511.0,0.0,0.0
2021-04-26 00:00:00+05:30,323,Gaddiannaram,2,L.B Nagar,116,French Beans,116,Common,0.0,10.0,3000.0,5000.0,4000.0,0.0,0.0
2021-04-26 00:00:00+05:30,323,Gaddiannaram,1,Gaddiannaram,82,Pomegrenates,82,Common,0.0,841.0,1250.0,6250.0,1625.0,0.0,0.0
2021-04-26 00:00:00+05:30,325,Hyderabad,6,Madannapeta,117,Cluster Beans,117,Common,0.0,11.0,2000.0,2000.0,2000.0,0.0,0.0
2021-04-25 00:00:00+05:30,329,Navabpet(MBNR),1483,Navabpet,47,Tamarind Seed,47,Common,0.0,38.0,1311.0,1388.0,1388.0,0.0,0.0
2021-04-25 00:00:00+05:30,303,Kalwakurthy,1340,Kalwakurthy,111,Brinjal,111,Common,0.0,1.0,1000.0,1000.0,1000.0,0.0,0.0
2021-04-25 00:00:00+05:30,295,Sangareddy,1219,Sangaredy,114,Tomato,114,Common,0.0,33.0,400.0,600.0,500.0,0.0,0.0
2021-04-25 00:00:00+05:30,367,Gudimalkapur,1571,Gudumalkapur,111,Brinjal,279,Round,0.0,143.0,300.0,500.0,400.0,0.0,0.0
2021-04-25 00:00:00+05:30,331,Vantimamidi,1612,Vantimamidi,111,Brinjal,111,Common,0.0,33.0,300.0,700.0,500.0,0.0,0.0
2021-04-01 00:00:00+05:30,325,Hyderabad,6,Madannapeta,118,Field Beans,118,Common,0.0,5.0,1800.0,3000.0,2400.0,0.0,0.0
2021-04-01 00:00:00+05:30,323,Gaddiannaram,2,L.B Nagar,117,Cluster Beans,117,Common,0.0,22.0,3000.0,3500.0,3200.0,0.0,0.0
2021-04-01 00:00:00+05:30,324,Bowenpally,3,Bowenpally,111,Brinjal,279,Round,0.0,262.0,300.0,600.0,500.0,0.0,0.0
2021-04-01 00:00:00+05:30,323,Gaddiannaram,1,Gaddiannaram,84,Sapota,84,Common,0.0,187.0,1300.0,4000.0,2000.0,0.0,0.0
2021-04-01 00:00:00+05:30,246,Warangal,886,Warangal,32,Gingelly,223,White,0.0,9.6,7222.0,7466.0,7412.0,0.0,0.0
2021-04-01 00:00:00+05:30,256,Khammam,1067,Khammam,54,Chillies(Dry),250,Teja,0.0,24228.0,8500.0,15300.0,14500.0,0.0,0.0
2021-04-01 00:00:00+05:30,281,Venkateshwar Nagar,1106,V Nagar,112,Ladys Finger,112,Common,0.0,2.5,10.0,12.0,10.0,0.0,0.0
2021-04-01 00:00:00+05:30,308,Nagarkurnool,1334,Nagarkurnool,31,Castor,31,Common,0.0,9.0,4658.0,4739.0,4739.0,0.0,0.0
2021-04-01 00:00:00+05:30,310,Shadnagar,1330,Shadnagar,98,Cabbage,98,Common,0.0,10.0,300.0,400.0,350.0,0.0,0.0
2021-04-01 00:00:00+05:30,295,Sangareddy,1219,Sangaredy,116,French Beans,116,Common,0.0,1.0,2000.0,2300.0,2200.0,0.0,0.0
2021-04-02 00:00:00+05:30,323,Gaddiannaram,1,Gaddiannaram,84,Sapota,84,Common,0.0,115.0,1300.0,4000.0,2000.0,0.0,0.0
2021-04-02 00:00:00+05:30,323,Gaddiannaram,2,L.B Nagar,117,Cluster Beans,117,Common,0.0,24.0,2000.0,3000.0,2500.0,0.0,0.0
2021-04-01 00:00:00+05:30,331,Vantimamidi,1612,Vantimamidi,112,Ladys Finger,112,Common,0.0,39.0,1000.0,1800.0,1400.0,0.0,0.0
2021-04-01 00:00:00+05:30,303,Kalwakurthy,1340,Kalwakurthy,112,Ladys Finger,112,Common,0.0,3.0,700.0,1200.0,950.0,0.0,0.0
2021-04-01 00:00:00+05:30,309,Narayanpet,1342,Narayanpet,30,Groundnut pods,30,Common,0.0,16.2,4700.0,5530.0,4700.0,0.0,0.0
2021-04-02 00:00:00+05:30,324,Bowenpally,3,Bowenpally,111,Brinjal,279,Round,0.0,150.0,300.0,500.0,500.0,0.0,0.0
2021-04-02 00:00:00+05:30,325,Hyderabad,6,Madannapeta,118,Field Beans,118,Common,0.0,12.0,2000.0,2500.0,2250.0,0.0,0.0
2021-04-02 00:00:00+05:30,281,Venkateshwar Nagar,1106,V Nagar,112,Ladys Finger,112,Common,0.0,1.1,10.0,10.0,10.0,0.0,0.0
2021-04-02 00:00:00+05:30,295,Sangareddy,1219,Sangaredy,116,French Beans,116,Common,0.0,1.0,2000.0,2300.0,2200.0,0.0,0.0
2021-04-02 00:00:00+05:30,367,Gudimalkapur,1571,Gudumalkapur,112,Ladys Finger,112,Common,0.0,387.0,700.0,1500.0,1000.0,0.0,0.0
2021-04-02 00:00:00+05:30,331,Vantimamidi,1612,Vantimamidi,112,Ladys Finger,112,Common,0.0,78.0,800.0,1500.0,1150.0,0.0,0.0
2021-04-03 00:00:00+05:30,324,Bowenpally,3,Bowenpally,111,Brinjal,279,Round,0.0,200.0,200.0,600.0,500.0,0.0,0.0
2021-04-03 00:00:00+05:30,323,Gaddiannaram,1,Gaddiannaram,84,Sapota,84,Common,0.0,196.0,1300.0,4000.0,2000.0,0.0,0.0
2021-04-03 00:00:00+05:30,323,Gaddiannaram,2,L.B Nagar,117,Cluster Beans,117,Common,0.0,12.0,2000.0,3000.0,2500.0,0.0,0.0
2021-04-02 00:00:00+05:30,303,Kalwakurthy,1340,Kalwakurthy,112,Ladys Finger,112,Common,0.0,1.0,1000.0,1000.0,1000.0,0.0,0.0
2021-04-03 00:00:00+05:30,256,Khammam,1067,Khammam,54,Chillies(Dry),250,Teja,0.0,21174.0,8200.0,15375.0,14700.0,0.0,0.0
2021-04-03 00:00:00+05:30,325,Hyderabad,6,Madannapeta,118,Field Beans,118,Common,0.0,6.0,2500.0,2500.0,2500.0,0.0,0.0
2021-04-02 00:00:00+05:30,310,Shadnagar,1330,Shadnagar,98,Cabbage,98,Common,0.0,12.0,300.0,500.0,400.0,0.0,0.0
2021-04-03 00:00:00+05:30,300,Badepally,1327,Badepally,25,Cotton,25,Common,0.0,16.0,3069.0,4589.0,4589.0,0.0,0.0
2021-04-03 00:00:00+05:30,310,Shadnagar,1330,Shadnagar,98,Cabbage,98,Common,0.0,8.0,400.0,400.0,400.0,0.0,0.0
2021-04-03 00:00:00+05:30,295,Sangareddy,1219,Sangaredy,116,French Beans,116,Common,0.0,2.0,2000.0,2200.0,2100.0,0.0,0.0
2021-04-03 00:00:00+05:30,281,Venkateshwar Nagar,1106,V Nagar,112,Ladys Finger,112,Common,0.0,3.2,10.0,10.0,10.0,0.0,0.0
2021-04-03 00:00:00+05:30,212,Choppadandi,1123,Choppadandi,15,Red Gram,229,Hybrid,0.0,32.0,5611.0,6313.0,6182.0,0.0,0.0
2021-04-03 00:00:00+05:30,308,Nagarkurnool,1334,Nagarkurnool,31,Castor,31,Common,0.0,24.0,4819.0,4819.0,4819.0,0.0,0.0
2021-04-04 00:00:00+05:30,323,Gaddiannaram,1,Gaddiannaram,84,Sapota,84,Common,0.0,33.0,1300.0,4000.0,2000.0,0.0,0.0
2021-04-03 00:00:00+05:30,331,Vantimamidi,1612,Vantimamidi,112,Ladys Finger,112,Common,0.0,74.0,800.0,1500.0,1150.0,0.0,0.0
2021-04-03 00:00:00+05:30,367,Gudimalkapur,1571,Gudumalkapur,112,Ladys Finger,112,Common,0.0,237.0,600.0,1800.0,1100.0,0.0,0.0
2021-04-03 00:00:00+05:30,303,Kalwakurthy,1340,Kalwakurthy,112,Ladys Finger,112,Common,0.0,4.0,800.0,1000.0,900.0,0.0,0.0
2021-04-03 00:00:00+05:30,309,Narayanpet,1342,Narayanpet,30,Groundnut pods,30,Common,0.0,60.0,4420.0,6001.0,5600.0,0.0,0.0
2021-04-04 00:00:00+05:30,325,Hyderabad,6,Madannapeta,118,Field Beans,118,Common,0.0,5.0,2000.0,2000.0,2000.0,0.0,0.0
2021-04-04 00:00:00+05:30,323,Gaddiannaram,2,L.B Nagar,117,Cluster Beans,117,Common,0.0,29.0,2000.0,3000.0,2500.0,0.0,0.0
2021-04-04 00:00:00+05:30,324,Bowenpally,3,Bowenpally,111,Brinjal,279,Round,0.0,200.0,400.0,800.0,700.0,0.0,0.0
2021-04-04 00:00:00+05:30,281,Venkateshwar Nagar,1106,V Nagar,112,Ladys Finger,112,Common,0.0,9.2,8.0,10.0,8.0,0.0,0.0
2021-04-04 00:00:00+05:30,295,Sangareddy,1219,Sangaredy,116,French Beans,116,Common,0.0,4.0,2100.0,2400.0,23002.0,0.0,0.0
2021-04-04 00:00:00+05:30,303,Kalwakurthy,1340,Kalwakurthy,112,Ladys Finger,112,Common,0.0,4.0,1000.0,1250.0,1125.0,0.0,0.0
2021-04-04 00:00:00+05:30,310,Shadnagar,1330,Shadnagar,98,Cabbage,98,Common,0.0,15.0,400.0,600.0,500.0,0.0,0.0
2021-04-04 00:00:00+05:30,367,Gudimalkapur,1571,Gudumalkapur,112,Ladys Finger,112,Common,0.0,306.0,800.0,2000.0,1400.0,0.0,0.0
2021-04-05 00:00:00+05:30,323,Gaddiannaram,1,Gaddiannaram,84,Sapota,84,Common,0.0,141.0,1300.0,4000.0,2000.0,0.0,0.0
2021-04-04 00:00:00+05:30,331,Vantimamidi,1612,Vantimamidi,112,Ladys Finger,112,Common,0.0,108.0,600.0,1500.0,1050.0,0.0,0.0
2021-04-05 00:00:00+05:30,325,Hyderabad,6,Madannapeta,118,Field Beans,118,Common,0.0,6.0,1600.0,3000.0,2300.0,0.0,0.0
2021-04-05 00:00:00+05:30,323,Gaddiannaram,2,L.B Nagar,117,Cluster Beans,117,Common,0.0,27.0,2000.0,3000.0,2500.0,0.0,0.0
2021-04-04 00:00:00+05:30,329,Navabpet(MBNR),1483,Navabpet,68,Tamarind,68,Common,0.0,466.0,2092.0,9192.0,6089.0,0.0,0.0
2021-04-05 00:00:00+05:30,208,Nizamabad,1080,Nizamabad,15,Red Gram,15,Common,0.0,13.0,3925.0,5129.0,4995.0,0.0,0.0
2021-04-05 00:00:00+05:30,303,Kalwakurthy,1340,Kalwakurthy,112,Ladys Finger,112,Common,0.0,4.0,800.0,1000.0,900.0,0.0,0.0
2021-04-05 00:00:00+05:30,310,Shadnagar,1330,Shadnagar,98,Cabbage,98,Common,0.0,10.0,300.0,400.0,300.0,0.0,0.0
2021-04-06 00:00:00+05:30,323,Gaddiannaram,1,Gaddiannaram,84,Sapota,84,Common,0.0,33.0,1200.0,4000.0,2000.0,0.0,0.0
2021-04-06 00:00:00+05:30,323,Gaddiannaram,2,L.B Nagar,117,Cluster Beans,117,Common,0.0,34.0,2000.0,3000.0,2500.0,0.0,0.0
2021-04-05 00:00:00+05:30,367,Gudimalkapur,1571,Gudumalkapur,112,Ladys Finger,112,Common,0.0,298.0,1000.0,1500.0,1200.0,0.0,0.0
2021-04-05 00:00:00+05:30,331,Vantimamidi,1612,Vantimamidi,112,Ladys Finger,112,Common,0.0,109.0,800.0,1700.0,1250.0,0.0,0.0
2021-04-06 00:00:00+05:30,324,Bowenpally,3,Bowenpally,111,Brinjal,279,Round,0.0,120.0,300.0,600.0,500.0,0.0,0.0
2021-04-06 00:00:00+05:30,279,Thirumalagiri,9,Tirmalagiri,16,Green Gram,16,Common,0.0,23.0,5809.0,6509.0,6409.0,0.0,0.0
2021-04-06 00:00:00+05:30,325,Hyderabad,6,Madannapeta,118,Field Beans,118,Common,0.0,8.0,2500.0,2500.0,2500.0,0.0,0.0
2021-04-06 00:00:00+05:30,246,Warangal,886,Warangal,32,Gingelly,223,White,0.0,1.8,7472.0,7512.0,7512.0,0.0,0.0
2021-04-06 00:00:00+05:30,208,Nizamabad,1080,Nizamabad,15,Red Gram,15,Common,0.0,14.0,4959.0,5050.0,4985.0,0.0,0.0
2021-04-06 00:00:00+05:30,314,Marpally,45,Marpally,219,Ajwan,269,Common,0.0,8.0,12000.0,14500.0,13000.0,0.0,0.0
2021-04-06 00:00:00+05:30,212,Choppadandi,1123,Choppadandi,15,Red Gram,229,Hybrid,0.0,17.0,5986.0,6301.0,6151.0,0.0,0.0
2021-04-06 00:00:00+05:30,281,Venkateshwar Nagar,1106,V Nagar,112,Ladys Finger,112,Common,0.0,3.0,10.0,10.0,10.0,0.0,0.0
2021-04-06 00:00:00+05:30,303,Kalwakurthy,1340,Kalwakurthy,112,Ladys Finger,112,Common,0.0,4.0,1000.0,1000.0,1000.0,0.0,0.0
2021-04-06 00:00:00+05:30,308,Nagarkurnool,1334,Nagarkurnool,31,Castor,31,Common,0.0,32.0,4829.0,4839.0,4839.0,0.0,0.0
2021-04-06 00:00:00+05:30,310,Shadnagar,1330,Shadnagar,98,Cabbage,98,Common,0.0,25.0,300.0,400.0,300.0,0.0,0.0
2021-04-06 00:00:00+05:30,239,Kesamudram,1168,Kesamudram,57,Tumeric,228,Bulb,0.0,56.0,3232.0,6621.0,5811.0,0.0,0.0
2021-04-06 00:00:00+05:30,241,Mahabubabad,1177,Mahabubabad,30,Groundnut pods,30,Common,0.0,153.0,4005.0,5825.0,4505.0,0.0,0.0
2021-04-07 00:00:00+05:30,323,Gaddiannaram,1,Gaddiannaram,84,Sapota,84,Common,0.0,150.0,1300.0,4000.0,2000.0,0.0,0.0
2021-04-07 00:00:00+05:30,323,Gaddiannaram,2,L.B Nagar,117,Cluster Beans,117,Common,0.0,39.0,2000.0,3000.0,2500.0,0.0,0.0
2021-04-06 00:00:00+05:30,367,Gudimalkapur,1571,Gudumalkapur,112,Ladys Finger,112,Common,0.0,429.0,600.0,1200.0,900.0,0.0,0.0
2021-04-06 00:00:00+05:30,331,Vantimamidi,1612,Vantimamidi,112,Ladys Finger,112,Common,0.0,78.0,1000.0,1400.0,1200.0,0.0,0.0
2021-04-06 00:00:00+05:30,309,Narayanpet,1342,Narayanpet,30,Groundnut pods,30,Common,0.0,62.1,4090.0,5550.0,5110.0,0.0,0.0
2021-04-07 00:00:00+05:30,246,Warangal,886,Warangal,32,Gingelly,223,White,0.0,2.4,7052.0,7559.0,7359.0,0.0,0.0
2021-04-07 00:00:00+05:30,324,Bowenpally,3,Bowenpally,111,Brinjal,279,Round,0.0,220.0,400.0,600.0,500.0,0.0,0.0
2021-04-07 00:00:00+05:30,325,Hyderabad,6,Madannapeta,118,Field Beans,118,Common,0.0,7.0,2000.0,2500.0,2200.0,0.0,0.0
2021-04-07 00:00:00+05:30,281,Venkateshwar Nagar,1106,V Nagar,112,Ladys Finger,112,Common,0.0,4.0,10.0,10.0,10.0,0.0,0.0
2021-04-07 00:00:00+05:30,212,Choppadandi,1123,Choppadandi,15,Red Gram,229,Hybrid,0.0,8.0,5866.0,6382.0,6277.0,0.0,0.0
2021-04-07 00:00:00+05:30,239,Kesamudram,1168,Kesamudram,57,Tumeric,228,Bulb,0.0,80.0,3009.0,6658.0,5601.0,0.0,0.0
2021-04-07 00:00:00+05:30,241,Mahabubabad,1177,Mahabubabad,30,Groundnut pods,30,Common,0.0,78.0,3805.0,5815.0,5815.0,0.0,0.0
2021-04-07 00:00:00+05:30,300,Badepally,1327,Badepally,25,Cotton,25,Common,0.0,3.0,4169.0,4269.0,4169.0,0.0,0.0
2021-04-07 00:00:00+05:30,310,Shadnagar,1330,Shadnagar,98,Cabbage,98,Common,0.0,16.0,300.0,500.0,400.0,0.0,0.0
2021-04-07 00:00:00+05:30,295,Sangareddy,1219,Sangaredy,116,French Beans,116,Common,0.0,1.0,2000.0,2400.0,2200.0,0.0,0.0
2021-04-07 00:00:00+05:30,367,Gudimalkapur,1571,Gudumalkapur,112,Ladys Finger,112,Common,0.0,384.0,600.0,1200.0,900.0,0.0,0.0
2021-04-07 00:00:00+05:30,303,Kalwakurthy,1340,Kalwakurthy,112,Ladys Finger,112,Common,0.0,4.0,700.0,1000.0,850.0,0.0,0.0
2021-04-07 00:00:00+05:30,309,Narayanpet,1342,Narayanpet,30,Groundnut pods,30,Common,0.0,25.2,3900.0,5340.0,5135.0,0.0,0.0
2021-04-08 00:00:00+05:30,323,Gaddiannaram,1,Gaddiannaram,84,Sapota,84,Common,0.0,120.0,1300.0,4000.0,2000.0,0.0,0.0
2021-04-07 00:00:00+05:30,331,Vantimamidi,1612,Vantimamidi,112,Ladys Finger,112,Common,0.0,149.0,600.0,1300.0,950.0,0.0,0.0
2021-04-08 00:00:00+05:30,324,Bowenpally,3,Bowenpally,111,Brinjal,279,Round,0.0,230.0,300.0,600.0,500.0,0.0,0.0
2021-04-08 00:00:00+05:30,323,Gaddiannaram,2,L.B Nagar,117,Cluster Beans,117,Common,0.0,25.0,2000.0,3000.0,2500.0,0.0,0.0
2021-04-08 00:00:00+05:30,325,Hyderabad,6,Madannapeta,118,Field Beans,118,Common,0.0,9.0,2500.0,2500.0,2500.0,0.0,0.0
2021-04-08 00:00:00+05:30,246,Warangal,886,Warangal,32,Gingelly,223,White,0.0,1.8,7282.0,7585.0,7585.0,0.0,0.0
2021-04-08 00:00:00+05:30,239,Kesamudram,1168,Kesamudram,57,Tumeric,228,Bulb,0.0,101.0,2940.0,6675.0,5611.0,0.0,0.0
2021-04-08 00:00:00+05:30,281,Venkateshwar Nagar,1106,V Nagar,112,Ladys Finger,112,Common,0.0,4.0,8.0,10.0,8.0,0.0,0.0
2021-04-08 00:00:00+05:30,212,Choppadandi,1123,Choppadandi,15,Red Gram,229,Hybrid,0.0,10.0,4888.0,6412.0,6412.0,0.0,0.0
2021-04-08 00:00:00+05:30,303,Kalwakurthy,1340,Kalwakurthy,112,Ladys Finger,112,Common,0.0,4.0,500.0,1000.0,750.0,0.0,0.0
2021-04-08 00:00:00+05:30,310,Shadnagar,1330,Shadnagar,98,Cabbage,98,Common,0.0,16.0,300.0,400.0,300.0,0.0,0.0
2021-04-08 00:00:00+05:30,367,Gudimalkapur,1571,Gudumalkapur,112,Ladys Finger,112,Common,0.0,367.0,800.0,1200.0,1000.0,0.0,0.0
2021-04-08 00:00:00+05:30,241,Mahabubabad,1177,Mahabubabad,30,Groundnut pods,30,Common,0.0,133.0,3638.0,5901.0,5688.0,0.0,0.0
2021-04-08 00:00:00+05:30,295,Sangareddy,1219,Sangaredy,116,French Beans,116,Common,0.0,3.0,2000.0,2300.0,2100.0,0.0,0.0
2021-04-09 00:00:00+05:30,323,Gaddiannaram,1,Gaddiannaram,84,Sapota,84,Common,0.0,76.0,1150.0,3650.0,1900.0,0.0,0.0
2021-04-09 00:00:00+05:30,323,Gaddiannaram,2,L.B Nagar,117,Cluster Beans,117,Common,0.0,22.0,2000.0,3000.0,2500.0,0.0,0.0
2021-04-08 00:00:00+05:30,331,Vantimamidi,1612,Vantimamidi,112,Ladys Finger,112,Common,0.0,90.0,600.0,1400.0,1000.0,0.0,0.0
2021-04-08 00:00:00+05:30,309,Narayanpet,1342,Narayanpet,30,Groundnut pods,30,Common,0.0,50.7,4070.0,5425.0,5100.0,0.0,0.0
2021-04-09 00:00:00+05:30,324,Bowenpally,3,Bowenpally,111,Brinjal,279,Round,0.0,200.0,300.0,600.0,500.0,0.0,0.0
2021-04-09 00:00:00+05:30,279,Thirumalagiri,9,Tirmalagiri,16,Green Gram,16,Common,0.0,35.0,6009.0,6430.0,6339.0,0.0,0.0
2021-04-09 00:00:00+05:30,325,Hyderabad,6,Madannapeta,118,Field Beans,118,Common,0.0,5.0,2800.0,3000.0,2900.0,0.0,0.0
2021-04-09 00:00:00+05:30,246,Warangal,886,Warangal,32,Gingelly,223,White,0.0,0.6,6659.0,6659.0,6659.0,0.0,0.0
2021-04-09 00:00:00+05:30,281,Venkateshwar Nagar,1106,V Nagar,112,Ladys Finger,112,Common,0.0,3.6,8.0,10.0,8.0,0.0,0.0
2021-04-09 00:00:00+05:30,256,Khammam,1067,Khammam,54,Chillies(Dry),250,Teja,0.0,25560.0,9000.0,15000.0,14200.0,0.0,0.0
2021-04-09 00:00:00+05:30,208,Nizamabad,1080,Nizamabad,15,Red Gram,15,Common,0.0,12.0,4959.0,5555.0,5059.0,0.0,0.0
2021-04-09 00:00:00+05:30,295,Sangareddy,1219,Sangaredy,116,French Beans,116,Common,0.0,1.0,2000.0,2300.0,2200.0,0.0,0.0
2021-04-09 00:00:00+05:30,241,Mahabubabad,1177,Mahabubabad,30,Groundnut pods,30,Common,0.0,140.0,2539.0,5809.0,3500.0,0.0,0.0
2021-04-09 00:00:00+05:30,239,Kesamudram,1168,Kesamudram,57,Tumeric,228,Bulb,0.0,47.0,5232.0,6752.0,5711.0,0.0,0.0
2021-04-09 00:00:00+05:30,367,Gudimalkapur,1571,Gudumalkapur,112,Ladys Finger,112,Common,0.0,323.0,800.0,1500.0,1000.0,0.0,0.0
2021-04-09 00:00:00+05:30,308,Nagarkurnool,1334,Nagarkurnool,31,Castor,31,Common,0.0,20.0,4739.0,4759.0,4759.0,0.0,0.0
2021-04-09 00:00:00+05:30,303,Kalwakurthy,1340,Kalwakurthy,112,Ladys Finger,112,Common,0.0,3.0,600.0,1000.0,800.0,0.0,0.0
2021-04-09 00:00:00+05:30,310,Shadnagar,1330,Shadnagar,98,Cabbage,98,Common,0.0,16.0,300.0,400.0,300.0,0.0,0.0
2021-04-10 00:00:00+05:30,323,Gaddiannaram,1,Gaddiannaram,84,Sapota,84,Common,0.0,111.0,1300.0,4000.0,2000.0,0.0,0.0
2021-04-09 00:00:00+05:30,309,Narayanpet,1342,Narayanpet,30,Groundnut pods,30,Common,0.0,12.0,4842.0,5205.0,5120.0,0.0,0.0
2021-04-09 00:00:00+05:30,331,Vantimamidi,1612,Vantimamidi,112,Ladys Finger,112,Common,0.0,97.0,600.0,1300.0,950.0,0.0,0.0
2021-04-10 00:00:00+05:30,325,Hyderabad,6,Madannapeta,118,Field Beans,118,Common,0.0,6.0,3000.0,4000.0,3500.0,0.0,0.0
2021-04-10 00:00:00+05:30,324,Bowenpally,3,Bowenpally,111,Brinjal,279,Round,0.0,220.0,400.0,600.0,500.0,0.0,0.0
2021-04-10 00:00:00+05:30,208,Nizamabad,1080,Nizamabad,15,Red Gram,15,Common,0.0,4.0,4521.0,5010.0,4960.0,0.0,0.0
2021-04-10 00:00:00+05:30,281,Venkateshwar Nagar,1106,V Nagar,112,Ladys Finger,112,Common,0.0,3.1,7.0,8.0,7.0,0.0,0.0
2021-04-10 00:00:00+05:30,212,Choppadandi,1123,Choppadandi,15,Red Gram,229,Hybrid,0.0,7.0,5855.0,6439.0,6388.0,0.0,0.0
2021-04-10 00:00:00+05:30,303,Kalwakurthy,1340,Kalwakurthy,112,Ladys Finger,112,Common,0.0,2.0,500.0,800.0,650.0,0.0,0.0
2021-04-10 00:00:00+05:30,310,Shadnagar,1330,Shadnagar,98,Cabbage,98,Common,0.0,12.0,300.0,500.0,400.0,0.0,0.0
2021-04-10 00:00:00+05:30,295,Sangareddy,1219,Sangaredy,116,French Beans,116,Common,0.0,2.0,2000.0,2300.0,2200.0,0.0,0.0
2021-04-10 00:00:00+05:30,367,Gudimalkapur,1571,Gudumalkapur,112,Ladys Finger,112,Common,0.0,394.0,800.0,1200.0,1000.0,0.0,0.0
2021-04-10 00:00:00+05:30,331,Vantimamidi,1612,Vantimamidi,112,Ladys Finger,112,Common,0.0,62.0,800.0,1300.0,1050.0,0.0,0.0
2021-04-11 00:00:00+05:30,323,Gaddiannaram,2,L.B Nagar,117,Cluster Beans,117,Common,0.0,20.0,2000.0,3000.0,2500.0,0.0,0.0
2021-04-10 00:00:00+05:30,300,Badepally,1327,Badepally,25,Cotton,25,Common,0.0,16.0,4189.0,5389.0,5389.0,0.0,0.0
2021-04-10 00:00:00+05:30,309,Narayanpet,1342,Narayanpet,30,Groundnut pods,30,Common,0.0,15.6,4510.0,5328.0,4510.0,0.0,0.0
2021-04-11 00:00:00+05:30,324,Bowenpally,3,Bowenpally,111,Brinjal,279,Round,0.0,220.0,400.0,600.0,600.0,0.0,0.0
2021-04-11 00:00:00+05:30,325,Hyderabad,6,Madannapeta,118,Field Beans,118,Common,0.0,9.0,2500.0,2500.0,2500.0,0.0,0.0
2021-04-11 00:00:00+05:30,323,Gaddiannaram,1,Gaddiannaram,84,Sapota,84,Common,0.0,91.0,1300.0,4000.0,2000.0,0.0,0.0
2021-04-11 00:00:00+05:30,295,Sangareddy,1219,Sangaredy,116,French Beans,116,Common,0.0,5.0,2000.0,2200.0,2100.0,0.0,0.0
2021-04-11 00:00:00+05:30,310,Shadnagar,1330,Shadnagar,98,Cabbage,98,Common,0.0,18.0,300.0,400.0,300.0,0.0,0.0
2021-04-11 00:00:00+05:30,281,Venkateshwar Nagar,1106,V Nagar,112,Ladys Finger,112,Common,0.0,6.0,10.0,10.0,10.0,0.0,0.0
2021-04-12 00:00:00+05:30,323,Gaddiannaram,1,Gaddiannaram,84,Sapota,84,Common,0.0,41.0,1300.0,4000.0,2000.0,0.0,0.0
2021-04-11 00:00:00+05:30,331,Vantimamidi,1612,Vantimamidi,112,Ladys Finger,112,Common,0.0,117.0,700.0,1400.0,1050.0,0.0,0.0
2021-04-11 00:00:00+05:30,303,Kalwakurthy,1340,Kalwakurthy,112,Ladys Finger,112,Common,0.0,3.0,400.0,1200.0,600.0,0.0,0.0
2021-04-11 00:00:00+05:30,329,Navabpet(MBNR),1483,Navabpet,68,Tamarind,68,Common,0.0,252.0,3090.0,7290.0,5659.0,0.0,0.0
2021-04-11 00:00:00+05:30,367,Gudimalkapur,1571,Gudumalkapur,112,Ladys Finger,112,Common,0.0,318.0,800.0,1400.0,1200.0,0.0,0.0
2021-04-12 00:00:00+05:30,324,Bowenpally,3,Bowenpally,111,Brinjal,279,Round,0.0,226.0,300.0,800.0,600.0,0.0,0.0
2021-04-12 00:00:00+05:30,325,Hyderabad,6,Madannapeta,118,Field Beans,118,Common,0.0,5.0,2800.0,3000.0,2900.0,0.0,0.0
2021-04-12 00:00:00+05:30,323,Gaddiannaram,2,L.B Nagar,117,Cluster Beans,117,Common,0.0,36.0,2000.0,3000.0,2500.0,0.0,0.0
2021-04-13 00:00:00+05:30,281,Venkateshwar Nagar,1106,V Nagar,112,Ladys Finger,112,Common,0.0,2.9,8.0,8.0,8.0,0.0,0.0
2021-04-13 00:00:00+05:30,310,Shadnagar,1330,Shadnagar,98,Cabbage,98,Common,0.0,9.0,300.0,400.0,300.0,0.0,0.0
2021-04-13 00:00:00+05:30,323,Gaddiannaram,1,Gaddiannaram,84,Sapota,84,Common,0.0,66.0,1300.0,4000.0,2000.0,0.0,0.0
2021-04-14 00:00:00+05:30,323,Gaddiannaram,1,Gaddiannaram,84,Sapota,84,Common,0.0,20.0,1300.0,4000.0,2000.0,0.0,0.0
2021-04-13 00:00:00+05:30,331,Vantimamidi,1612,Vantimamidi,112,Ladys Finger,112,Common,0.0,105.0,600.0,1500.0,1050.0,0.0,0.0
2021-04-12 00:00:00+05:30,256,Khammam,1067,Khammam,54,Chillies(Dry),250,Teja,0.0,19846.0,9000.0,14900.0,13800.0,0.0,0.0
2021-04-12 00:00:00+05:30,295,Sangareddy,1219,Sangaredy,116,French Beans,116,Common,0.0,2.0,2000.0,2300.0,2200.0,0.0,0.0
2021-04-12 00:00:00+05:30,310,Shadnagar,1330,Shadnagar,98,Cabbage,98,Common,0.0,10.0,300.0,400.0,300.0,0.0,0.0
2021-04-12 00:00:00+05:30,303,Kalwakurthy,1340,Kalwakurthy,112,Ladys Finger,112,Common,0.0,2.0,700.0,1000.0,850.0,0.0,0.0
2021-04-12 00:00:00+05:30,367,Gudimalkapur,1571,Gudumalkapur,112,Ladys Finger,112,Common,0.0,467.0,500.0,1000.0,700.0,0.0,0.0
2021-04-14 00:00:00+05:30,324,Bowenpally,3,Bowenpally,111,Brinjal,279,Round,0.0,80.0,200.0,1000.0,800.0,0.0,0.0
2021-04-14 00:00:00+05:30,325,Hyderabad,6,Madannapeta,118,Field Beans,118,Common,0.0,6.0,2500.0,2500.0,2500.0,0.0,0.0
2021-04-14 00:00:00+05:30,323,Gaddiannaram,2,L.B Nagar,117,Cluster Beans,117,Common,0.0,10.0,2000.0,3000.0,2500.0,0.0,0.0
2021-04-13 00:00:00+05:30,303,Kalwakurthy,1340,Kalwakurthy,112,Ladys Finger,112,Common,0.0,4.0,500.0,500.0,500.0,0.0,0.0
2021-04-14 00:00:00+05:30,281,Venkateshwar Nagar,1106,V Nagar,112,Ladys Finger,112,Common,0.0,3.1,7.0,8.0,7.0,0.0,0.0
2021-04-14 00:00:00+05:30,367,Gudimalkapur,1571,Gudumalkapur,112,Ladys Finger,112,Common,0.0,341.0,400.0,1000.0,700.0,0.0,0.0
2021-04-14 00:00:00+05:30,303,Kalwakurthy,1340,Kalwakurthy,112,Ladys Finger,112,Common,0.0,3.0,500.0,600.0,550.0,0.0,0.0
2021-04-14 00:00:00+05:30,310,Shadnagar,1330,Shadnagar,98,Cabbage,98,Common,0.0,5.0,300.0,400.0,300.0,0.0,0.0
2021-04-15 00:00:00+05:30,323,Gaddiannaram,1,Gaddiannaram,84,Sapota,84,Common,0.0,7.0,1300.0,4000.0,2000.0,0.0,0.0
2021-04-14 00:00:00+05:30,331,Vantimamidi,1612,Vantimamidi,112,Ladys Finger,112,Common,0.0,132.0,500.0,2000.0,1250.0,0.0,0.0
2021-04-15 00:00:00+05:30,324,Bowenpally,3,Bowenpally,111,Brinjal,279,Round,0.0,170.0,400.0,1000.0,800.0,0.0,0.0
2021-04-15 00:00:00+05:30,246,Warangal,886,Warangal,32,Gingelly,223,White,0.0,8.4,6855.0,8000.0,7600.0,0.0,0.0
2021-04-15 00:00:00+05:30,325,Hyderabad,6,Madannapeta,118,Field Beans,118,Common,0.0,7.0,2750.0,2750.0,2750.0,0.0,0.0
2021-04-15 00:00:00+05:30,323,Gaddiannaram,2,L.B Nagar,117,Cluster Beans,117,Common,0.0,21.0,2000.0,2500.0,2200.0,0.0,0.0
2021-04-15 00:00:00+05:30,239,Kesamudram,1168,Kesamudram,57,Tumeric,228,Bulb,0.0,47.0,4500.0,6721.0,5525.0,0.0,0.0
2021-04-15 00:00:00+05:30,281,Venkateshwar Nagar,1106,V Nagar,112,Ladys Finger,112,Common,0.0,4.1,7.0,7.0,7.0,0.0,0.0
2021-04-15 00:00:00+05:30,212,Choppadandi,1123,Choppadandi,15,Red Gram,229,Hybrid,0.0,14.0,6351.0,6555.0,6528.0,0.0,0.0
2021-04-15 00:00:00+05:30,208,Nizamabad,1080,Nizamabad,15,Red Gram,15,Common,0.0,4.0,4825.0,5259.0,5259.0,0.0,0.0
2021-04-15 00:00:00+05:30,256,Khammam,1067,Khammam,54,Chillies(Dry),250,Teja,0.0,24048.0,8000.0,14800.0,13500.0,0.0,0.0
2021-04-15 00:00:00+05:30,303,Kalwakurthy,1340,Kalwakurthy,112,Ladys Finger,112,Common,0.0,5.0,400.0,600.0,500.0,0.0,0.0
2021-04-15 00:00:00+05:30,310,Shadnagar,1330,Shadnagar,98,Cabbage,98,Common,0.0,10.0,300.0,400.0,300.0,0.0,0.0
2021-04-15 00:00:00+05:30,367,Gudimalkapur,1571,Gudumalkapur,112,Ladys Finger,112,Common,0.0,633.0,400.0,800.0,600.0,0.0,0.0
2021-04-15 00:00:00+05:30,295,Sangareddy,1219,Sangaredy,116,French Beans,116,Common,0.0,1.0,1500.0,1800.0,1600.0,0.0,0.0
2021-04-15 00:00:00+05:30,290,Siddipet,1193,Siddipet,14,Bengal Gram,14,Common,0.0,3.6,3500.0,4444.0,3900.0,0.0,0.0
2021-04-16 00:00:00+05:30,323,Gaddiannaram,1,Gaddiannaram,84,Sapota,84,Common,0.0,132.0,1300.0,4000.0,2000.0,0.0,0.0
2021-04-15 00:00:00+05:30,331,Vantimamidi,1612,Vantimamidi,112,Ladys Finger,112,Common,0.0,69.0,600.0,1400.0,1000.0,0.0,0.0
2021-04-16 00:00:00+05:30,324,Bowenpally,3,Bowenpally,111,Brinjal,279,Round,0.0,290.0,300.0,800.0,600.0,0.0,0.0
2021-04-15 00:00:00+05:30,308,Nagarkurnool,1334,Nagarkurnool,31,Castor,31,Common,0.0,22.0,4767.0,4767.0,6467.0,0.0,0.0
2021-04-15 00:00:00+05:30,309,Narayanpet,1342,Narayanpet,30,Groundnut pods,30,Common,0.0,26.1,3600.0,5130.0,4800.0,0.0,0.0
2021-04-16 00:00:00+05:30,323,Gaddiannaram,2,L.B Nagar,117,Cluster Beans,117,Common,0.0,31.0,2000.0,2500.0,2200.0,0.0,0.0
2021-04-16 00:00:00+05:30,325,Hyderabad,6,Madannapeta,118,Field Beans,118,Common,0.0,5.0,2500.0,2500.0,2500.0,0.0,0.0
2021-04-16 00:00:00+05:30,281,Venkateshwar Nagar,1106,V Nagar,112,Ladys Finger,112,Common,0.0,6.2,7.0,7.0,7.0,0.0,0.0
2021-04-16 00:00:00+05:30,212,Choppadandi,1123,Choppadandi,15,Red Gram,229,Hybrid,0.0,2.0,6266.0,6433.0,6333.0,0.0,0.0
2021-04-16 00:00:00+05:30,246,Warangal,886,Warangal,32,Gingelly,223,White,0.0,6.0,7392.0,7585.0,7502.0,0.0,0.0
2021-04-16 00:00:00+05:30,208,Nizamabad,1080,Nizamabad,15,Red Gram,15,Common,0.0,4.0,5020.0,5020.0,5020.0,0.0,0.0
2021-04-16 00:00:00+05:30,256,Khammam,1067,Khammam,54,Chillies(Dry),250,Teja,0.0,19868.0,8500.0,14900.0,13700.0,0.0,0.0
2021-04-16 00:00:00+05:30,239,Kesamudram,1168,Kesamudram,57,Tumeric,228,Bulb,0.0,136.0,4643.0,7002.0,5511.0,0.0,0.0
2021-04-16 00:00:00+05:30,241,Mahabubabad,1177,Mahabubabad,30,Groundnut pods,30,Common,0.0,54.0,3608.0,5716.0,5716.0,0.0,0.0
2021-04-16 00:00:00+05:30,290,Siddipet,1193,Siddipet,14,Bengal Gram,14,Common,0.0,0.6,4000.0,4000.0,4000.0,0.0,0.0
2021-04-16 00:00:00+05:30,308,Nagarkurnool,1334,Nagarkurnool,31,Castor,31,Common,0.0,14.0,4869.0,4869.0,4869.0,0.0,0.0
2021-04-16 00:00:00+05:30,310,Shadnagar,1330,Shadnagar,98,Cabbage,98,Common,0.0,9.0,300.0,400.0,300.0,0.0,0.0
2021-04-16 00:00:00+05:30,295,Sangareddy,1219,Sangaredy,116,French Beans,116,Common,0.0,4.0,1800.0,2000.0,1900.0,0.0,0.0
2021-04-16 00:00:00+05:30,303,Kalwakurthy,1340,Kalwakurthy,112,Ladys Finger,112,Common,0.0,4.0,500.0,500.0,500.0,0.0,0.0
2021-04-17 00:00:00+05:30,323,Gaddiannaram,1,Gaddiannaram,84,Sapota,84,Common,0.0,58.0,1300.0,4000.0,1850.0,0.0,0.0
2021-04-17 00:00:00+05:30,323,Gaddiannaram,2,L.B Nagar,117,Cluster Beans,117,Common,0.0,29.0,1500.0,2500.0,2000.0,0.0,0.0
2021-04-16 00:00:00+05:30,331,Vantimamidi,1612,Vantimamidi,112,Ladys Finger,112,Common,0.0,59.0,600.0,1300.0,950.0,0.0,0.0
2021-04-16 00:00:00+05:30,367,Gudimalkapur,1571,Gudumalkapur,112,Ladys Finger,112,Common,0.0,336.0,400.0,800.0,600.0,0.0,0.0
2021-04-17 00:00:00+05:30,324,Bowenpally,3,Bowenpally,111,Brinjal,279,Round,0.0,260.0,400.0,800.0,700.0,0.0,0.0
2021-04-16 00:00:00+05:30,309,Narayanpet,1342,Narayanpet,30,Groundnut pods,30,Common,0.0,3.6,4419.0,5419.0,4419.0,0.0,0.0
2021-04-17 00:00:00+05:30,295,Sangareddy,1219,Sangaredy,116,French Beans,116,Common,0.0,2.0,2000.0,2200.0,2100.0,0.0,0.0
2021-04-17 00:00:00+05:30,300,Badepally,1327,Badepally,25,Cotton,25,Common,0.0,53.0,4869.0,5711.0,5711.0,0.0,0.0
2021-04-17 00:00:00+05:30,310,Shadnagar,1330,Shadnagar,98,Cabbage,98,Common,0.0,15.0,300.0,400.0,300.0,0.0,0.0
2021-04-17 00:00:00+05:30,281,Venkateshwar Nagar,1106,V Nagar,112,Ladys Finger,112,Common,0.0,5.1,7.0,8.0,7.0,0.0,0.0
2021-04-17 00:00:00+05:30,212,Choppadandi,1123,Choppadandi,15,Red Gram,229,Hybrid,0.0,1.0,5756.0,5756.0,5756.0,0.0,0.0
2021-04-17 00:00:00+05:30,308,Nagarkurnool,1334,Nagarkurnool,31,Castor,31,Common,0.0,15.0,4869.0,4871.0,4871.0,0.0,0.0
2021-04-17 00:00:00+05:30,303,Kalwakurthy,1340,Kalwakurthy,112,Ladys Finger,112,Common,0.0,4.0,500.0,600.0,550.0,0.0,0.0
2021-04-17 00:00:00+05:30,367,Gudimalkapur,1571,Gudumalkapur,112,Ladys Finger,112,Common,0.0,358.0,400.0,800.0,600.0,0.0,0.0
2021-04-17 00:00:00+05:30,331,Vantimamidi,1612,Vantimamidi,112,Ladys Finger,112,Common,0.0,86.0,500.0,1500.0,1000.0,0.0,0.0
2021-04-18 00:00:00+05:30,323,Gaddiannaram,1,Gaddiannaram,84,Sapota,84,Common,0.0,44.0,1300.0,4000.0,2000.0,0.0,0.0
2021-04-17 00:00:00+05:30,309,Narayanpet,1342,Narayanpet,30,Groundnut pods,30,Common,0.0,22.5,4725.0,5540.0,5540.0,0.0,0.0
2021-04-18 00:00:00+05:30,281,Venkateshwar Nagar,1106,V Nagar,112,Ladys Finger,112,Common,0.0,6.0,7.0,8.0,8.0,0.0,0.0
2021-04-18 00:00:00+05:30,323,Gaddiannaram,2,L.B Nagar,117,Cluster Beans,117,Common,0.0,21.0,2000.0,2500.0,2250.0,0.0,0.0
2021-04-18 00:00:00+05:30,303,Kalwakurthy,1340,Kalwakurthy,112,Ladys Finger,112,Common,0.0,1.0,500.0,500.0,500.0,0.0,0.0
2021-04-18 00:00:00+05:30,310,Shadnagar,1330,Shadnagar,98,Cabbage,98,Common,0.0,11.0,300.0,400.0,300.0,0.0,0.0
2021-04-18 00:00:00+05:30,295,Sangareddy,1219,Sangaredy,116,French Beans,116,Common,0.0,1.0,1800.0,2200.0,2100.0,0.0,0.0
2021-04-18 00:00:00+05:30,367,Gudimalkapur,1571,Gudumalkapur,112,Ladys Finger,112,Common,0.0,279.0,500.0,800.0,600.0,0.0,0.0
2021-04-18 00:00:00+05:30,331,Vantimamidi,1612,Vantimamidi,112,Ladys Finger,112,Common,0.0,66.0,500.0,1200.0,850.0,0.0,0.0
2021-04-19 00:00:00+05:30,323,Gaddiannaram,1,Gaddiannaram,84,Sapota,84,Common,0.0,88.0,1300.0,4000.0,2000.0,0.0,0.0
2021-04-19 00:00:00+05:30,323,Gaddiannaram,2,L.B Nagar,117,Cluster Beans,117,Common,0.0,22.0,2000.0,2500.0,2200.0,0.0,0.0
2021-04-18 00:00:00+05:30,329,Navabpet(MBNR),1483,Navabpet,68,Tamarind,68,Common,0.0,104.0,1001.0,6390.0,5090.0,0.0,0.0
2021-04-19 00:00:00+05:30,324,Bowenpally,3,Bowenpally,111,Brinjal,279,Round,0.0,180.0,400.0,800.0,700.0,0.0,0.0
2021-04-19 00:00:00+05:30,279,Thirumalagiri,9,Tirmalagiri,16,Green Gram,16,Common,0.0,2.0,6150.0,6250.0,6250.0,0.0,0.0
2021-04-19 00:00:00+05:30,246,Warangal,886,Warangal,32,Gingelly,223,White,0.0,30.0,6422.0,7563.0,7472.0,0.0,0.0
2021-04-19 00:00:00+05:30,208,Nizamabad,1080,Nizamabad,15,Red Gram,15,Common,0.0,6.0,5155.0,5359.0,5353.0,0.0,0.0
2021-04-19 00:00:00+05:30,256,Khammam,1067,Khammam,54,Chillies(Dry),250,Teja,0.0,32364.0,8500.0,14700.0,13500.0,0.0,0.0
2021-04-19 00:00:00+05:30,295,Sangareddy,1219,Sangaredy,116,French Beans,116,Common,0.0,2.0,1800.0,2200.0,2000.0,0.0,0.0
2021-04-19 00:00:00+05:30,239,Kesamudram,1168,Kesamudram,57,Tumeric,228,Bulb,0.0,209.0,3139.0,6682.0,4769.0,0.0,0.0
2021-04-19 00:00:00+05:30,241,Mahabubabad,1177,Mahabubabad,30,Groundnut pods,30,Common,0.0,113.0,2508.0,5370.0,4308.0,0.0,0.0
2021-04-19 00:00:00+05:30,212,Choppadandi,1123,Choppadandi,15,Red Gram,229,Hybrid,0.0,2.0,5851.0,6200.0,6156.0,0.0,0.0
2021-04-19 00:00:00+05:30,367,Gudimalkapur,1571,Gudumalkapur,112,Ladys Finger,112,Common,0.0,317.0,400.0,800.0,600.0,0.0,0.0
2021-04-19 00:00:00+05:30,303,Kalwakurthy,1340,Kalwakurthy,112,Ladys Finger,112,Common,0.0,2.0,1000.0,1800.0,1400.0,0.0,0.0
2021-04-19 00:00:00+05:30,310,Shadnagar,1330,Shadnagar,98,Cabbage,98,Common,0.0,10.0,300.0,400.0,300.0,0.0,0.0
2021-04-20 00:00:00+05:30,323,Gaddiannaram,1,Gaddiannaram,84,Sapota,84,Common,0.0,136.0,1300.0,4000.0,2000.0,0.0,0.0
2021-04-19 00:00:00+05:30,331,Vantimamidi,1612,Vantimamidi,112,Ladys Finger,112,Common,0.0,86.0,500.0,1000.0,750.0,0.0,0.0
2021-04-20 00:00:00+05:30,324,Bowenpally,3,Bowenpally,111,Brinjal,279,Round,0.0,190.0,400.0,800.0,700.0,0.0,0.0
2021-04-19 00:00:00+05:30,309,Narayanpet,1342,Narayanpet,30,Groundnut pods,30,Common,0.0,20.7,4600.0,5100.0,4600.0,0.0,0.0
2021-04-19 00:00:00+05:30,308,Nagarkurnool,1334,Nagarkurnool,31,Castor,31,Common,0.0,23.0,4559.0,4958.0,4958.0,0.0,0.0
2021-04-20 00:00:00+05:30,323,Gaddiannaram,2,L.B Nagar,117,Cluster Beans,117,Common,0.0,35.0,2000.0,2500.0,2200.0,0.0,0.0
2021-04-20 00:00:00+05:30,281,Venkateshwar Nagar,1106,V Nagar,112,Ladys Finger,112,Common,0.0,6.2,7.0,10.0,7.0,0.0,0.0
2021-04-20 00:00:00+05:30,246,Warangal,886,Warangal,32,Gingelly,223,White,0.0,10.2,7529.0,7933.0,7579.0,0.0,0.0
2021-04-20 00:00:00+05:30,325,Hyderabad,6,Madannapeta,118,Field Beans,118,Common,0.0,3.0,1800.0,2000.0,1900.0,0.0,0.0
2021-04-20 00:00:00+05:30,314,Marpally,45,Marpally,219,Ajwan,269,Common,0.0,6.0,13400.0,14400.0,12000.0,0.0,0.0
2021-04-20 00:00:00+05:30,239,Kesamudram,1168,Kesamudram,57,Tumeric,228,Bulb,0.0,90.0,2949.0,6628.0,6111.0,0.0,0.0
2021-04-20 00:00:00+05:30,212,Choppadandi,1123,Choppadandi,15,Red Gram,229,Hybrid,0.0,5.0,6329.0,6369.0,6369.0,0.0,0.0
2021-04-20 00:00:00+05:30,241,Mahabubabad,1177,Mahabubabad,30,Groundnut pods,30,Common,0.0,92.0,3000.0,6120.0,4908.0,0.0,0.0
2021-04-20 00:00:00+05:30,331,Vantimamidi,1612,Vantimamidi,112,Ladys Finger,112,Common,0.0,92.0,500.0,1000.0,750.0,0.0,0.0
2021-04-21 00:00:00+05:30,323,Gaddiannaram,1,Gaddiannaram,84,Sapota,84,Common,0.0,368.0,571.0,1714.0,857.0,0.0,0.0
2021-04-20 00:00:00+05:30,308,Nagarkurnool,1334,Nagarkurnool,31,Castor,31,Common,0.0,4.0,4879.0,4889.0,4889.0,0.0,0.0
2021-04-20 00:00:00+05:30,303,Kalwakurthy,1340,Kalwakurthy,112,Ladys Finger,112,Common,0.0,3.0,1000.0,1500.0,1250.0,0.0,0.0
2021-04-20 00:00:00+05:30,310,Shadnagar,1330,Shadnagar,98,Cabbage,98,Common,0.0,15.0,300.0,300.0,300.0,0.0,0.0
2021-04-20 00:00:00+05:30,367,Gudimalkapur,1571,Gudumalkapur,112,Ladys Finger,112,Common,0.0,269.0,300.0,1000.0,600.0,0.0,0.0
2021-04-21 00:00:00+05:30,281,Venkateshwar Nagar,1106,V Nagar,112,Ladys Finger,112,Common,0.0,6.0,8.0,8.0,8.0,0.0,0.0
2021-04-21 00:00:00+05:30,310,Shadnagar,1330,Shadnagar,98,Cabbage,98,Common,0.0,12.0,300.0,400.0,300.0,0.0,0.0
2021-04-20 00:00:00+05:30,309,Narayanpet,1342,Narayanpet,30,Groundnut pods,30,Common,0.0,3.6,4180.0,4180.0,4180.0,0.0,0.0
2021-04-21 00:00:00+05:30,323,Gaddiannaram,2,L.B Nagar,117,Cluster Beans,117,Common,0.0,26.0,2000.0,2500.0,2200.0,0.0,0.0
2021-04-22 00:00:00+05:30,323,Gaddiannaram,1,Gaddiannaram,84,Sapota,84,Common,0.0,62.0,1300.0,4000.0,2000.0,0.0,0.0
2021-04-22 00:00:00+05:30,323,Gaddiannaram,2,L.B Nagar,117,Cluster Beans,117,Common,0.0,34.0,2000.0,2500.0,2200.0,0.0,0.0
2021-04-21 00:00:00+05:30,331,Vantimamidi,1612,Vantimamidi,112,Ladys Finger,112,Common,0.0,111.0,600.0,1400.0,1000.0,0.0,0.0
2021-04-21 00:00:00+05:30,367,Gudimalkapur,1571,Gudumalkapur,112,Ladys Finger,112,Common,0.0,320.0,600.0,1000.0,800.0,0.0,0.0
2021-04-22 00:00:00+05:30,279,Thirumalagiri,9,Tirmalagiri,16,Green Gram,16,Common,0.0,9.0,5500.0,6250.0,6150.0,0.0,0.0
2021-04-21 00:00:00+05:30,303,Kalwakurthy,1340,Kalwakurthy,112,Ladys Finger,112,Common,0.0,2.0,1000.0,1000.0,1000.0,0.0,0.0
2021-04-22 00:00:00+05:30,246,Warangal,886,Warangal,32,Gingelly,223,White,0.0,4.8,7689.0,7933.0,7852.0,0.0,0.0
2021-04-22 00:00:00+05:30,256,Khammam,1067,Khammam,54,Chillies(Dry),250,Teja,0.0,16560.0,9000.0,14300.0,12200.0,0.0,0.0
2021-04-22 00:00:00+05:30,295,Sangareddy,1219,Sangaredy,116,French Beans,116,Common,0.0,3.0,2100.0,2400.0,2200.0,0.0,0.0
2021-04-22 00:00:00+05:30,241,Mahabubabad,1177,Mahabubabad,30,Groundnut pods,30,Common,0.0,46.0,3921.0,5308.0,5308.0,0.0,0.0
2021-04-22 00:00:00+05:30,239,Kesamudram,1168,Kesamudram,57,Tumeric,228,Bulb,0.0,191.0,4001.0,6611.0,6409.0,0.0,0.0
2021-04-22 00:00:00+05:30,281,Venkateshwar Nagar,1106,V Nagar,112,Ladys Finger,112,Common,0.0,5.1,8.0,8.0,8.0,0.0,0.0
2021-04-22 00:00:00+05:30,212,Choppadandi,1123,Choppadandi,15,Red Gram,229,Hybrid,0.0,3.0,6277.0,6388.0,6288.0,0.0,0.0
2021-04-22 00:00:00+05:30,308,Nagarkurnool,1334,Nagarkurnool,31,Castor,31,Common,0.0,14.0,4959.0,4969.0,4969.0,0.0,0.0
2021-04-22 00:00:00+05:30,310,Shadnagar,1330,Shadnagar,98,Cabbage,98,Common,0.0,9.0,300.0,400.0,300.0,0.0,0.0
2021-04-22 00:00:00+05:30,303,Kalwakurthy,1340,Kalwakurthy,112,Ladys Finger,112,Common,0.0,3.0,600.0,1100.0,850.0,0.0,0.0
2021-04-22 00:00:00+05:30,309,Narayanpet,1342,Narayanpet,30,Groundnut pods,30,Common,0.0,28.8,4700.0,5300.0,4900.0,0.0,0.0
2021-04-22 00:00:00+05:30,367,Gudimalkapur,1571,Gudumalkapur,112,Ladys Finger,112,Common,0.0,214.0,500.0,800.0,600.0,0.0,0.0
2021-04-22 00:00:00+05:30,331,Vantimamidi,1612,Vantimamidi,112,Ladys Finger,112,Common,0.0,84.0,400.0,1000.0,700.0,0.0,0.0
2021-04-23 00:00:00+05:30,246,Warangal,886,Warangal,32,Gingelly,223,White,0.0,15.6,7522.0,8010.0,7855.0,0.0,0.0
2021-04-23 00:00:00+05:30,323,Gaddiannaram,1,Gaddiannaram,84,Sapota,84,Common,0.0,52.0,1300.0,4000.0,2000.0,0.0,0.0
2021-04-23 00:00:00+05:30,323,Gaddiannaram,2,L.B Nagar,117,Cluster Beans,117,Common,0.0,34.0,2000.0,2500.0,2200.0,0.0,0.0
2021-04-23 00:00:00+05:30,256,Khammam,1067,Khammam,54,Chillies(Dry),250,Teja,0.0,18120.0,5000.0,14400.0,12500.0,0.0,0.0
2021-04-23 00:00:00+05:30,281,Venkateshwar Nagar,1106,V Nagar,112,Ladys Finger,112,Common,0.0,4.2,8.0,8.0,8.0,0.0,0.0
2021-04-23 00:00:00+05:30,212,Choppadandi,1123,Choppadandi,15,Red Gram,229,Hybrid,0.0,2.0,4666.0,6288.0,6288.0,0.0,0.0
2021-04-23 00:00:00+05:30,239,Kesamudram,1168,Kesamudram,57,Tumeric,228,Bulb,0.0,196.0,3339.0,6970.0,6359.0,0.0,0.0
2021-04-23 00:00:00+05:30,241,Mahabubabad,1177,Mahabubabad,30,Groundnut pods,30,Common,0.0,70.0,3850.0,5250.0,4260.0,0.0,0.0
2021-04-23 00:00:00+05:30,303,Kalwakurthy,1340,Kalwakurthy,112,Ladys Finger,112,Common,0.0,3.0,800.0,1000.0,900.0,0.0,0.0
2021-04-23 00:00:00+05:30,308,Nagarkurnool,1334,Nagarkurnool,31,Castor,31,Common,0.0,33.0,5073.0,5079.0,5073.0,0.0,0.0
2021-04-23 00:00:00+05:30,310,Shadnagar,1330,Shadnagar,98,Cabbage,98,Common,0.0,12.0,300.0,300.0,300.0,0.0,0.0
2021-04-23 00:00:00+05:30,331,Vantimamidi,1612,Vantimamidi,112,Ladys Finger,112,Common,0.0,91.0,300.0,1000.0,650.0,0.0,0.0
2021-04-23 00:00:00+05:30,367,Gudimalkapur,1571,Gudumalkapur,112,Ladys Finger,112,Common,0.0,263.0,600.0,1000.0,800.0,0.0,0.0
2021-04-24 00:00:00+05:30,323,Gaddiannaram,1,Gaddiannaram,84,Sapota,84,Common,0.0,124.0,1300.0,4000.0,2000.0,0.0,0.0
2021-04-24 00:00:00+05:30,323,Gaddiannaram,2,L.B Nagar,117,Cluster Beans,117,Common,0.0,22.0,2000.0,2500.0,2200.0,0.0,0.0
2021-04-24 00:00:00+05:30,281,Venkateshwar Nagar,1106,V Nagar,112,Ladys Finger,112,Common,0.0,4.1,8.0,8.0,8.0,0.0,0.0
2021-04-24 00:00:00+05:30,300,Badepally,1327,Badepally,25,Cotton,25,Common,0.0,11.0,5189.0,5189.0,5189.0,0.0,0.0
2021-04-24 00:00:00+05:30,331,Vantimamidi,1612,Vantimamidi,112,Ladys Finger,112,Common,0.0,79.0,600.0,1000.0,800.0,0.0,0.0
2021-04-24 00:00:00+05:30,308,Nagarkurnool,1334,Nagarkurnool,31,Castor,31,Common,0.0,5.0,5120.0,5120.0,5120.0,0.0,0.0
2021-04-24 00:00:00+05:30,309,Narayanpet,1342,Narayanpet,30,Groundnut pods,30,Common,0.0,3.3,4319.0,4319.0,4319.0,0.0,0.0
2021-04-25 00:00:00+05:30,323,Gaddiannaram,1,Gaddiannaram,84,Sapota,84,Common,0.0,41.0,1300.0,4000.0,2000.0,0.0,0.0
2021-04-24 00:00:00+05:30,367,Gudimalkapur,1571,Gudumalkapur,112,Ladys Finger,112,Common,0.0,247.0,600.0,1000.0,800.0,0.0,0.0
2021-04-24 00:00:00+05:30,303,Kalwakurthy,1340,Kalwakurthy,112,Ladys Finger,112,Common,0.0,2.0,1000.0,1200.0,1100.0,0.0,0.0
2021-04-24 00:00:00+05:30,310,Shadnagar,1330,Shadnagar,98,Cabbage,98,Common,0.0,10.0,300.0,400.0,300.0,0.0,0.0
2021-04-25 00:00:00+05:30,281,Venkateshwar Nagar,1106,V Nagar,112,Ladys Finger,112,Common,0.0,5.1,7.0,8.0,7.0,0.0,0.0
2021-04-25 00:00:00+05:30,325,Hyderabad,6,Madannapeta,118,Field Beans,118,Common,0.0,7.0,2000.0,2500.0,2250.0,0.0,0.0
2021-04-25 00:00:00+05:30,323,Gaddiannaram,2,L.B Nagar,117,Cluster Beans,117,Common,0.0,33.0,2000.0,2500.0,2200.0,0.0,0.0
2021-04-25 00:00:00+05:30,331,Vantimamidi,1612,Vantimamidi,112,Ladys Finger,112,Common,0.0,80.0,500.0,1200.0,850.0,0.0,0.0
2021-04-25 00:00:00+05:30,367,Gudimalkapur,1571,Gudumalkapur,112,Ladys Finger,112,Common,0.0,241.0,600.0,1000.0,800.0,0.0,0.0
2021-04-25 00:00:00+05:30,295,Sangareddy,1219,Sangaredy,116,French Beans,116,Common,0.0,4.0,2000.0,2200.0,2100.0,0.0,0.0
2021-04-25 00:00:00+05:30,303,Kalwakurthy,1340,Kalwakurthy,112,Ladys Finger,112,Common,0.0,2.0,600.0,1000.0,800.0,0.0,0.0
2021-04-25 00:00:00+05:30,310,Shadnagar,1330,Shadnagar,98,Cabbage,98,Common,0.0,10.0,300.0,400.0,300.0,0.0,0.0
2021-04-25 00:00:00+05:30,329,Navabpet(MBNR),1483,Navabpet,68,Tamarind,68,Common,0.0,74.0,2012.0,6390.0,4890.0,0.0,0.0
2021-04-26 00:00:00+05:30,325,Hyderabad,6,Madannapeta,118,Field Beans,118,Common,0.0,3.0,3000.0,3000.0,3000.0,0.0,0.0
2021-04-26 00:00:00+05:30,323,Gaddiannaram,1,Gaddiannaram,84,Sapota,84,Common,0.0,76.0,1300.0,4000.0,2000.0,0.0,0.0
2021-04-26 00:00:00+05:30,323,Gaddiannaram,2,L.B Nagar,117,Cluster Beans,117,Common,0.0,36.0,2000.0,2500.0,2200.0,0.0,0.0
2021-04-26 00:00:00+05:30,239,Kesamudram,1168,Kesamudram,57,Tumeric,228,Bulb,0.0,130.0,3789.0,6669.0,4569.0,0.0,0.0
2021-04-26 00:00:00+05:30,241,Mahabubabad,1177,Mahabubabad,30,Groundnut pods,30,Common,0.0,77.0,3100.0,4858.0,4010.0,0.0,0.0
2021-04-26 00:00:00+05:30,256,Khammam,1067,Khammam,54,Chillies(Dry),250,Teja,0.0,26280.0,9000.0,14500.0,12500.0,0.0,0.0
2021-04-26 00:00:00+05:30,367,Gudimalkapur,1571,Gudumalkapur,112,Ladys Finger,112,Common,0.0,215.0,400.0,1000.0,700.0,0.0,0.0
2021-04-26 00:00:00+05:30,308,Nagarkurnool,1334,Nagarkurnool,31,Castor,31,Common,0.0,9.0,5015.0,5015.0,5015.0,0.0,0.0
2021-04-26 00:00:00+05:30,303,Kalwakurthy,1340,Kalwakurthy,112,Ladys Finger,112,Common,0.0,4.0,600.0,1200.0,900.0,0.0,0.0
2021-04-26 00:00:00+05:30,295,Sangareddy,1219,Sangaredy,116,French Beans,116,Common,0.0,1.0,2000.0,2300.0,2200.0,0.0,0.0
2021-04-26 00:00:00+05:30,310,Shadnagar,1330,Shadnagar,98,Cabbage,98,Common,0.0,15.0,300.0,400.0,300.0,0.0,0.0
2021-04-27 00:00:00+05:30,323,Gaddiannaram,2,L.B Nagar,117,Cluster Beans,117,Common,0.0,19.0,2000.0,2500.0,2200.0,0.0,0.0
2021-04-26 00:00:00+05:30,309,Narayanpet,1342,Narayanpet,30,Groundnut pods,30,Common,0.0,5.7,4001.0,4669.0,4669.0,0.0,0.0
2021-04-27 00:00:00+05:30,324,Bowenpally,3,Bowenpally,111,Brinjal,279,Round,0.0,341.0,800.0,2000.0,1600.0,0.0,0.0
2021-04-26 00:00:00+05:30,331,Vantimamidi,1612,Vantimamidi,112,Ladys Finger,112,Common,0.0,64.0,500.0,1000.0,750.0,0.0,0.0
2021-04-27 00:00:00+05:30,323,Gaddiannaram,1,Gaddiannaram,84,Sapota,84,Common,0.0,160.0,1300.0,5300.0,3300.0,0.0,0.0
2021-04-27 00:00:00+05:30,325,Hyderabad,6,Madannapeta,118,Field Beans,118,Common,0.0,7.0,3250.0,3250.0,3250.0,0.0,0.0
2021-04-27 00:00:00+05:30,281,Venkateshwar Nagar,1106,V Nagar,112,Ladys Finger,112,Common,0.0,6.6,7.0,8.0,7.0,0.0,0.0
2021-04-27 00:00:00+05:30,314,Marpally,45,Marpally,219,Ajwan,269,Common,0.0,10.0,12000.0,14000.0,12000.0,0.0,0.0
2021-04-27 00:00:00+05:30,303,Kalwakurthy,1340,Kalwakurthy,112,Ladys Finger,112,Common,0.0,2.0,800.0,1000.0,900.0,0.0,0.0
2021-04-27 00:00:00+05:30,308,Nagarkurnool,1334,Nagarkurnool,31,Castor,31,Common,0.0,35.0,4869.0,5028.0,4929.0,0.0,0.0
2021-04-27 00:00:00+05:30,310,Shadnagar,1330,Shadnagar,98,Cabbage,98,Common,0.0,12.0,400.0,400.0,400.0,0.0,0.0
2021-04-27 00:00:00+05:30,367,Gudimalkapur,1571,Gudumalkapur,112,Ladys Finger,112,Common,0.0,227.0,600.0,1000.0,800.0,0.0,0.0
2021-04-27 00:00:00+05:30,239,Kesamudram,1168,Kesamudram,57,Tumeric,228,Bulb,0.0,191.0,3500.0,6636.0,5555.0,0.0,0.0
2021-04-27 00:00:00+05:30,241,Mahabubabad,1177,Mahabubabad,30,Groundnut pods,30,Common,0.0,71.0,3458.0,4658.0,4658.0,0.0,0.0
2021-04-27 00:00:00+05:30,331,Vantimamidi,1612,Vantimamidi,112,Ladys Finger,112,Common,0.0,96.0,600.0,1100.0,850.0,0.0,0.0
2021-04-28 00:00:00+05:30,323,Gaddiannaram,1,Gaddiannaram,84,Sapota,84,Common,0.0,144.0,1300.0,4000.0,2000.0,0.0,0.0
2021-04-28 00:00:00+05:30,325,Hyderabad,6,Madannapeta,118,Field Beans,118,Common,0.0,6.0,3000.0,3000.0,3000.0,0.0,0.0
2021-04-28 00:00:00+05:30,323,Gaddiannaram,2,L.B Nagar,117,Cluster Beans,117,Common,0.0,23.0,2000.0,3000.0,2500.0,0.0,0.0
2021-04-28 00:00:00+05:30,208,Nizamabad,1080,Nizamabad,15,Red Gram,15,Common,0.0,14.0,5165.0,5479.0,5235.0,0.0,0.0
2021-04-28 00:00:00+05:30,281,Venkateshwar Nagar,1106,V Nagar,112,Ladys Finger,112,Common,0.0,4.2,7.0,8.0,7.0,0.0,0.0
2021-04-28 00:00:00+05:30,256,Khammam,1067,Khammam,54,Chillies(Dry),250,Teja,0.0,30643.0,9000.0,14300.0,11500.0,0.0,0.0
2021-04-28 00:00:00+05:30,310,Shadnagar,1330,Shadnagar,98,Cabbage,98,Common,0.0,10.0,300.0,500.0,400.0,0.0,0.0
2021-04-28 00:00:00+05:30,239,Kesamudram,1168,Kesamudram,57,Tumeric,228,Bulb,0.0,149.0,3315.0,6575.0,4688.0,0.0,0.0
2021-04-28 00:00:00+05:30,241,Mahabubabad,1177,Mahabubabad,30,Groundnut pods,30,Common,0.0,81.0,3010.0,4507.0,3010.0,0.0,0.0
2021-04-28 00:00:00+05:30,308,Nagarkurnool,1334,Nagarkurnool,31,Castor,31,Common,0.0,75.0,5019.0,5069.0,5019.0,0.0,0.0
2021-04-28 00:00:00+05:30,303,Kalwakurthy,1340,Kalwakurthy,112,Ladys Finger,112,Common,0.0,3.0,500.0,1200.0,850.0,0.0,0.0
2021-04-28 00:00:00+05:30,367,Gudimalkapur,1571,Gudumalkapur,112,Ladys Finger,112,Common,0.0,211.0,600.0,1000.0,800.0,0.0,0.0
2021-04-29 00:00:00+05:30,323,Gaddiannaram,1,Gaddiannaram,84,Sapota,84,Common,0.0,49.0,1300.0,4000.0,2000.0,0.0,0.0
2021-04-28 00:00:00+05:30,331,Vantimamidi,1612,Vantimamidi,112,Ladys Finger,112,Common,0.0,69.0,500.0,1200.0,850.0,0.0,0.0
2021-04-29 00:00:00+05:30,323,Gaddiannaram,2,L.B Nagar,117,Cluster Beans,117,Common,0.0,30.0,2000.0,3000.0,2500.0,0.0,0.0
2021-04-29 00:00:00+05:30,324,Bowenpally,3,Bowenpally,111,Brinjal,279,Round,0.0,363.0,800.0,2000.0,1600.0,0.0,0.0
2021-04-29 00:00:00+05:30,325,Hyderabad,6,Madannapeta,118,Field Beans,118,Common,0.0,6.0,2500.0,2500.0,2500.0,0.0,0.0
2021-04-29 00:00:00+05:30,239,Kesamudram,1168,Kesamudram,57,Tumeric,228,Bulb,0.0,302.0,3001.0,6566.0,5252.0,0.0,0.0
2021-04-29 00:00:00+05:30,241,Mahabubabad,1177,Mahabubabad,30,Groundnut pods,30,Common,0.0,23.0,3608.0,4008.0,3808.0,0.0,0.0
2021-04-29 00:00:00+05:30,281,Venkateshwar Nagar,1106,V Nagar,112,Ladys Finger,112,Common,0.0,5.3,8.0,8.0,8.0,0.0,0.0
2021-04-29 00:00:00+05:30,308,Nagarkurnool,1334,Nagarkurnool,31,Castor,31,Common,0.0,41.0,4808.0,5069.0,5069.0,0.0,0.0
2021-04-29 00:00:00+05:30,310,Shadnagar,1330,Shadnagar,98,Cabbage,98,Common,0.0,15.0,400.0,500.0,400.0,0.0,0.0
2021-04-29 00:00:00+05:30,295,Sangareddy,1219,Sangaredy,116,French Beans,116,Common,0.0,3.0,2000.0,2300.0,2100.0,0.0,0.0
2021-04-29 00:00:00+05:30,331,Vantimamidi,1612,Vantimamidi,112,Ladys Finger,112,Common,0.0,129.0,500.0,1100.0,800.0,0.0,0.0
2021-04-29 00:00:00+05:30,367,Gudimalkapur,1571,Gudumalkapur,112,Ladys Finger,112,Common,0.0,213.0,600.0,1200.0,900.0,0.0,0.0
2021-04-30 00:00:00+05:30,281,Venkateshwar Nagar,1106,V Nagar,112,Ladys Finger,112,Common,0.0,5.1,7.0,8.0,7.0,0.0,0.0
2021-04-30 00:00:00+05:30,279,Thirumalagiri,9,Tirmalagiri,16,Green Gram,16,Common,0.0,2.0,6000.0,6000.0,6000.0,0.0,0.0
2021-04-30 00:00:00+05:30,325,Hyderabad,6,Madannapeta,118,Field Beans,118,Common,0.0,6.0,3000.0,3000.0,3000.0,0.0,0.0
2021-04-30 00:00:00+05:30,324,Bowenpally,3,Bowenpally,111,Brinjal,279,Round,0.0,230.0,400.0,800.0,500.0,0.0,0.0
2021-04-29 00:00:00+05:30,303,Kalwakurthy,1340,Kalwakurthy,112,Ladys Finger,112,Common,0.0,3.0,800.0,1000.0,900.0,0.0,0.0
2021-04-30 00:00:00+05:30,323,Gaddiannaram,1,Gaddiannaram,84,Sapota,84,Common,0.0,115.0,1300.0,4000.0,2000.0,0.0,0.0
2021-04-30 00:00:00+05:30,323,Gaddiannaram,2,L.B Nagar,117,Cluster Beans,117,Common,0.0,24.0,2000.0,3000.0,2500.0,0.0,0.0
2021-04-30 00:00:00+05:30,310,Shadnagar,1330,Shadnagar,98,Cabbage,98,Common,0.0,15.0,300.0,500.0,300.0,0.0,0.0
2021-04-30 00:00:00+05:30,295,Sangareddy,1219,Sangaredy,116,French Beans,116,Common,0.0,1.0,2000.0,2300.0,2200.0,0.0,0.0
2021-04-30 00:00:00+05:30,308,Nagarkurnool,1334,Nagarkurnool,31,Castor,31,Common,0.0,36.0,4959.0,5029.0,5029.0,0.0,0.0
2021-04-30 00:00:00+05:30,303,Kalwakurthy,1340,Kalwakurthy,112,Ladys Finger,112,Common,0.0,4.0,400.0,1000.0,700.0,0.0,0.0
2021-04-30 00:00:00+05:30,309,Narayanpet,1342,Narayanpet,30,Groundnut pods,30,Common,0.0,13.8,3869.0,4069.0,4069.0,0.0,0.0
2021-04-30 00:00:00+05:30,367,Gudimalkapur,1571,Gudumalkapur,112,Ladys Finger,112,Common,0.0,214.0,600.0,1200.0,900.0,0.0,0.0
2021-04-06 00:00:00+05:30,331,Vantimamidi,1612,Vantimamidi,113,Green Chillies,113,Common,0.0,366.0,1400.0,2000.0,1700.0,0.0,0.0
2021-04-06 00:00:00+05:30,367,Gudimalkapur,1571,Gudumalkapur,113,Green Chillies,113,Common,0.0,434.0,1000.0,2000.0,1400.0,0.0,0.0
2021-04-07 00:00:00+05:30,323,Gaddiannaram,2,L.B Nagar,118,Field Beans,118,Common,0.0,26.0,3000.0,3500.0,3200.0,0.0,0.0
2021-04-07 00:00:00+05:30,323,Gaddiannaram,1,Gaddiannaram,85,Musk Melon,85,Common,0.0,615.0,500.0,1600.0,700.0,0.0,0.0
2021-04-06 00:00:00+05:30,241,Mahabubabad,1177,Mahabubabad,54,Chillies(Dry),250,Teja,0.0,2476.0,13000.0,15600.0,14800.0,0.0,0.0
2021-04-06 00:00:00+05:30,290,Siddipet,1193,Siddipet,15,Red Gram,15,Common,0.0,18.6,6090.0,6200.0,6136.0,0.0,0.0
2021-04-06 00:00:00+05:30,216,Gollapalli,1138,Gollapalli,57,Tumeric,227,Finger,0.0,25.0,5800.0,6500.0,6000.0,0.0,0.0
2021-04-06 00:00:00+05:30,310,Shadnagar,1330,Shadnagar,103,Carrot,103,Common,0.0,16.0,800.0,900.0,800.0,0.0,0.0
2021-04-06 00:00:00+05:30,303,Kalwakurthy,1340,Kalwakurthy,113,Green Chillies,113,Common,0.0,7.0,1200.0,1800.0,1550.0,0.0,0.0
2021-04-06 00:00:00+05:30,300,Badepally,1327,Badepally,30,Groundnut pods,30,Common,0.0,2476.0,3629.0,6367.0,6226.0,0.0,0.0
2021-04-06 00:00:00+05:30,281,Venkateshwar Nagar,1106,V Nagar,113,Green Chillies,113,Common,0.0,11.0,15.0,18.0,16.0,0.0,0.0
2021-04-06 00:00:00+05:30,278,Suryapet,1091,Suryapet,22,Cowpea,22,Common,0.0,5.0,5029.0,5643.0,5029.0,0.0,0.0
2021-04-06 00:00:00+05:30,325,Hyderabad,6,Madannapeta,122,Bottle Gourd,122,Common,0.0,15.0,200.0,400.0,300.0,0.0,0.0
2021-04-06 00:00:00+05:30,279,Thirumalagiri,9,Tirmalagiri,17,Black Gram,17,Common,0.0,2.0,5400.0,5400.0,5400.0,0.0,0.0
2021-04-06 00:00:00+05:30,324,Bowenpally,3,Bowenpally,112,Ladys Finger,112,Common,0.0,906.0,600.0,800.0,700.0,0.0,0.0
2021-04-05 00:00:00+05:30,331,Vantimamidi,1612,Vantimamidi,113,Green Chillies,113,Common,0.0,318.0,1000.0,1700.0,1350.0,0.0,0.0
2021-04-05 00:00:00+05:30,367,Gudimalkapur,1571,Gudumalkapur,113,Green Chillies,113,Common,0.0,571.0,1000.0,2000.0,1300.0,0.0,0.0
2021-04-06 00:00:00+05:30,323,Gaddiannaram,2,L.B Nagar,118,Field Beans,118,Common,0.0,16.0,3000.0,3500.0,3200.0,0.0,0.0
2021-04-06 00:00:00+05:30,323,Gaddiannaram,1,Gaddiannaram,85,Musk Melon,85,Common,0.0,670.0,500.0,1600.0,700.0,0.0,0.0
2021-04-05 00:00:00+05:30,310,Shadnagar,1330,Shadnagar,103,Carrot,103,Common,0.0,12.0,800.0,1000.0,900.0,0.0,0.0
2021-04-05 00:00:00+05:30,303,Kalwakurthy,1340,Kalwakurthy,113,Green Chillies,113,Common,0.0,3.0,1400.0,1800.0,1600.0,0.0,0.0
2021-04-05 00:00:00+05:30,295,Sangareddy,1219,Sangaredy,117,Cluster Beans,117,Common,0.0,2.0,2000.0,2300.0,2200.0,0.0,0.0
2021-04-05 00:00:00+05:30,323,Gaddiannaram,2,L.B Nagar,118,Field Beans,118,Common,0.0,27.0,3000.0,3500.0,3200.0,0.0,0.0
2021-04-05 00:00:00+05:30,325,Hyderabad,6,Madannapeta,122,Bottle Gourd,122,Common,0.0,15.0,400.0,400.0,400.0,0.0,0.0
2021-04-04 00:00:00+05:30,331,Vantimamidi,1612,Vantimamidi,113,Green Chillies,113,Common,0.0,411.0,800.0,1600.0,1200.0,0.0,0.0
2021-04-05 00:00:00+05:30,323,Gaddiannaram,1,Gaddiannaram,85,Musk Melon,85,Common,0.0,725.0,500.0,1600.0,700.0,0.0,0.0
2021-04-04 00:00:00+05:30,367,Gudimalkapur,1571,Gudumalkapur,113,Green Chillies,113,Common,0.0,421.0,1000.0,2000.0,1500.0,0.0,0.0
2021-04-04 00:00:00+05:30,310,Shadnagar,1330,Shadnagar,103,Carrot,103,Common,0.0,13.0,900.0,1200.0,1000.0,0.0,0.0
2021-04-04 00:00:00+05:30,303,Kalwakurthy,1340,Kalwakurthy,113,Green Chillies,113,Common,0.0,7.0,1000.0,1500.0,1250.0,0.0,0.0
2021-04-04 00:00:00+05:30,295,Sangareddy,1219,Sangaredy,117,Cluster Beans,117,Common,0.0,2.0,2000.0,2300.0,2100.0,0.0,0.0
2021-04-04 00:00:00+05:30,281,Venkateshwar Nagar,1106,V Nagar,113,Green Chillies,113,Common,0.0,9.3,14.0,15.0,14.0,0.0,0.0
2021-04-04 00:00:00+05:30,324,Bowenpally,3,Bowenpally,112,Ladys Finger,112,Common,0.0,800.0,600.0,800.0,800.0,0.0,0.0
2021-04-04 00:00:00+05:30,323,Gaddiannaram,2,L.B Nagar,118,Field Beans,118,Common,0.0,11.0,3000.0,4000.0,3500.0,0.0,0.0
2021-04-04 00:00:00+05:30,325,Hyderabad,6,Madannapeta,122,Bottle Gourd,122,Common,0.0,12.0,200.0,400.0,300.0,0.0,0.0
2021-04-03 00:00:00+05:30,309,Narayanpet,1342,Narayanpet,31,Castor,31,Common,0.0,0.6,3909.0,3909.0,3909.0,0.0,0.0
2021-04-03 00:00:00+05:30,303,Kalwakurthy,1340,Kalwakurthy,113,Green Chillies,113,Common,0.0,6.0,800.0,1300.0,1050.0,0.0,0.0
2021-04-03 00:00:00+05:30,367,Gudimalkapur,1571,Gudumalkapur,113,Green Chillies,113,Common,0.0,425.0,1000.0,2000.0,1500.0,0.0,0.0
2021-04-03 00:00:00+05:30,331,Vantimamidi,1612,Vantimamidi,113,Green Chillies,113,Common,0.0,430.0,1000.0,1500.0,1250.0,0.0,0.0
2021-04-04 00:00:00+05:30,323,Gaddiannaram,1,Gaddiannaram,85,Musk Melon,85,Common,0.0,975.0,500.0,1500.0,700.0,0.0,0.0
2021-04-03 00:00:00+05:30,290,Siddipet,1193,Siddipet,15,Red Gram,15,Common,0.0,17.4,5025.0,6075.0,6035.0,0.0,0.0
2021-04-03 00:00:00+05:30,281,Venkateshwar Nagar,1106,V Nagar,113,Green Chillies,113,Common,0.0,8.2,12.0,15.0,14.0,0.0,0.0
2021-04-03 00:00:00+05:30,278,Suryapet,1091,Suryapet,22,Cowpea,22,Common,0.0,8.0,5391.0,5823.0,5823.0,0.0,0.0
2021-04-03 00:00:00+05:30,295,Sangareddy,1219,Sangaredy,117,Cluster Beans,117,Common,0.0,2.0,2000.0,2300.0,2200.0,0.0,0.0
2021-04-03 00:00:00+05:30,310,Shadnagar,1330,Shadnagar,103,Carrot,103,Common,0.0,5.0,800.0,1000.0,900.0,0.0,0.0
2021-04-03 00:00:00+05:30,300,Badepally,1327,Badepally,30,Groundnut pods,30,Common,0.0,3071.0,3829.0,6556.0,6089.0,0.0,0.0
2021-04-02 00:00:00+05:30,310,Shadnagar,1330,Shadnagar,103,Carrot,103,Common,0.0,6.0,800.0,1000.0,900.0,0.0,0.0
2021-04-03 00:00:00+05:30,325,Hyderabad,6,Madannapeta,122,Bottle Gourd,122,Common,0.0,30.0,400.0,400.0,400.0,0.0,0.0
2021-04-03 00:00:00+05:30,256,Khammam,1067,Khammam,54,Chillies(Dry),268,Talu,0.0,2353.0,5000.0,8200.0,6000.0,0.0,0.0
2021-04-03 00:00:00+05:30,319,Shankerpally,40,Shankerpally,113,Green Chillies,113,Common,0.0,4.8,2000.0,2000.0,2000.0,0.0,0.0
2021-04-02 00:00:00+05:30,303,Kalwakurthy,1340,Kalwakurthy,113,Green Chillies,113,Common,0.0,6.0,800.0,1300.0,1050.0,0.0,0.0
2021-04-03 00:00:00+05:30,323,Gaddiannaram,2,L.B Nagar,118,Field Beans,118,Common,0.0,12.0,3000.0,3500.0,3200.0,0.0,0.0
2021-04-03 00:00:00+05:30,323,Gaddiannaram,1,Gaddiannaram,85,Musk Melon,85,Common,0.0,715.0,500.0,1400.0,700.0,0.0,0.0
2021-04-03 00:00:00+05:30,324,Bowenpally,3,Bowenpally,112,Ladys Finger,112,Common,0.0,853.0,800.0,1500.0,1200.0,0.0,0.0
2021-04-02 00:00:00+05:30,331,Vantimamidi,1612,Vantimamidi,113,Green Chillies,113,Common,0.0,385.0,800.0,1500.0,1150.0,0.0,0.0
2021-04-02 00:00:00+05:30,367,Gudimalkapur,1571,Gudumalkapur,113,Green Chillies,113,Common,0.0,478.0,1000.0,2000.0,1300.0,0.0,0.0
2021-04-02 00:00:00+05:30,295,Sangareddy,1219,Sangaredy,117,Cluster Beans,117,Common,0.0,3.0,2000.0,2300.0,2200.0,0.0,0.0
2021-04-02 00:00:00+05:30,281,Venkateshwar Nagar,1106,V Nagar,113,Green Chillies,113,Common,0.0,10.1,12.0,14.0,12.0,0.0,0.0
2021-04-02 00:00:00+05:30,325,Hyderabad,6,Madannapeta,122,Bottle Gourd,122,Common,0.0,15.0,400.0,400.0,400.0,0.0,0.0
2021-04-02 00:00:00+05:30,324,Bowenpally,3,Bowenpally,112,Ladys Finger,112,Common,0.0,971.0,600.0,1500.0,1300.0,0.0,0.0
2021-04-01 00:00:00+05:30,303,Kalwakurthy,1340,Kalwakurthy,113,Green Chillies,113,Common,0.0,9.0,700.0,1100.0,900.0,0.0,0.0
2021-04-01 00:00:00+05:30,331,Vantimamidi,1612,Vantimamidi,113,Green Chillies,113,Common,0.0,314.0,1000.0,1600.0,1300.0,0.0,0.0
2021-04-02 00:00:00+05:30,323,Gaddiannaram,2,L.B Nagar,118,Field Beans,118,Common,0.0,25.0,3000.0,3500.0,3200.0,0.0,0.0
2021-04-02 00:00:00+05:30,323,Gaddiannaram,1,Gaddiannaram,85,Musk Melon,85,Common,0.0,1265.0,500.0,1300.0,700.0,0.0,0.0
2021-04-01 00:00:00+05:30,295,Sangareddy,1219,Sangaredy,117,Cluster Beans,117,Common,0.0,2.0,2000.0,2300.0,2200.0,0.0,0.0
2021-04-01 00:00:00+05:30,310,Shadnagar,1330,Shadnagar,103,Carrot,103,Common,0.0,6.0,900.0,1200.0,1000.0,0.0,0.0
2021-04-01 00:00:00+05:30,300,Badepally,1327,Badepally,30,Groundnut pods,30,Common,0.0,1381.0,5300.0,6554.0,6393.0,0.0,0.0
2021-04-01 00:00:00+05:30,281,Venkateshwar Nagar,1106,V Nagar,113,Green Chillies,113,Common,0.0,13.1,8.0,10.0,8.0,0.0,0.0
2021-04-01 00:00:00+05:30,278,Suryapet,1091,Suryapet,22,Cowpea,22,Common,0.0,9.0,5243.0,5763.0,5763.0,0.0,0.0
2021-04-01 00:00:00+05:30,290,Siddipet,1193,Siddipet,15,Red Gram,15,Common,0.0,4.8,5812.0,6055.0,5925.0,0.0,0.0
2021-04-01 00:00:00+05:30,256,Khammam,1067,Khammam,54,Chillies(Dry),268,Talu,0.0,2692.0,5000.0,8500.0,6500.0,0.0,0.0
2021-04-01 00:00:00+05:30,246,Warangal,886,Warangal,32,Gingelly,224,Black,0.0,0.6,2021.0,2021.0,2021.0,0.0,0.0
2021-04-01 00:00:00+05:30,323,Gaddiannaram,1,Gaddiannaram,85,Musk Melon,85,Common,0.0,770.0,500.0,1350.0,700.0,0.0,0.0
2021-04-01 00:00:00+05:30,279,Thirumalagiri,9,Tirmalagiri,17,Black Gram,17,Common,0.0,1.0,5509.0,5509.0,5509.0,0.0,0.0
2021-04-01 00:00:00+05:30,324,Bowenpally,3,Bowenpally,112,Ladys Finger,112,Common,0.0,705.0,800.0,1500.0,1200.0,0.0,0.0
2021-04-01 00:00:00+05:30,323,Gaddiannaram,2,L.B Nagar,118,Field Beans,118,Common,0.0,18.0,3000.0,3500.0,3200.0,0.0,0.0
2021-04-01 00:00:00+05:30,325,Hyderabad,6,Madannapeta,122,Bottle Gourd,122,Common,0.0,15.0,400.0,400.0,400.0,0.0,0.0
2021-04-12 00:00:00+05:30,323,Gaddiannaram,2,L.B Nagar,118,Field Beans,118,Common,0.0,10.0,3500.0,4000.0,3700.0,0.0,0.0
2021-04-12 00:00:00+05:30,325,Hyderabad,6,Madannapeta,122,Bottle Gourd,122,Common,0.0,15.0,400.0,400.0,400.0,0.0,0.0
2021-04-12 00:00:00+05:30,324,Bowenpally,3,Bowenpally,112,Ladys Finger,112,Common,0.0,909.0,400.0,1500.0,1300.0,0.0,0.0
2021-04-11 00:00:00+05:30,367,Gudimalkapur,1571,Gudumalkapur,113,Green Chillies,113,Common,0.0,493.0,1200.0,2000.0,1600.0,0.0,0.0
2021-04-11 00:00:00+05:30,303,Kalwakurthy,1340,Kalwakurthy,113,Green Chillies,113,Common,0.0,7.0,1300.0,2000.0,1650.0,0.0,0.0
2021-04-11 00:00:00+05:30,331,Vantimamidi,1612,Vantimamidi,113,Green Chillies,113,Common,0.0,35.0,1000.0,2000.0,1500.0,0.0,0.0
2021-04-12 00:00:00+05:30,323,Gaddiannaram,1,Gaddiannaram,85,Musk Melon,85,Common,0.0,360.0,600.0,1500.0,1000.0,0.0,0.0
2021-04-11 00:00:00+05:30,281,Venkateshwar Nagar,1106,V Nagar,113,Green Chillies,113,Common,0.0,7.5,20.0,22.0,20.0,0.0,0.0
2021-04-11 00:00:00+05:30,310,Shadnagar,1330,Shadnagar,103,Carrot,103,Common,0.0,12.0,800.0,1000.0,900.0,0.0,0.0
2021-04-11 00:00:00+05:30,295,Sangareddy,1219,Sangaredy,117,Cluster Beans,117,Common,0.0,5.0,2000.0,2200.0,2100.0,0.0,0.0
2021-04-11 00:00:00+05:30,323,Gaddiannaram,1,Gaddiannaram,85,Musk Melon,85,Common,0.0,475.0,500.0,1600.0,700.0,0.0,0.0
2021-04-11 00:00:00+05:30,325,Hyderabad,6,Madannapeta,122,Bottle Gourd,122,Common,0.0,5.0,400.0,400.0,400.0,0.0,0.0
2021-04-11 00:00:00+05:30,324,Bowenpally,3,Bowenpally,112,Ladys Finger,112,Common,0.0,571.0,800.0,1500.0,1300.0,0.0,0.0
2021-04-10 00:00:00+05:30,300,Badepally,1327,Badepally,30,Groundnut pods,30,Common,0.0,1774.0,3890.0,6116.0,5932.0,0.0,0.0
2021-04-11 00:00:00+05:30,323,Gaddiannaram,2,L.B Nagar,118,Field Beans,118,Common,0.0,15.0,3000.0,4000.0,3500.0,0.0,0.0
2021-04-10 00:00:00+05:30,331,Vantimamidi,1612,Vantimamidi,113,Green Chillies,113,Common,0.0,366.0,1000.0,1700.0,1350.0,0.0,0.0
2021-04-10 00:00:00+05:30,367,Gudimalkapur,1571,Gudumalkapur,113,Green Chillies,113,Common,0.0,533.0,1000.0,2000.0,1500.0,0.0,0.0
2021-04-10 00:00:00+05:30,295,Sangareddy,1219,Sangaredy,117,Cluster Beans,117,Common,0.0,1.0,2000.0,2300.0,2200.0,0.0,0.0
2021-04-10 00:00:00+05:30,310,Shadnagar,1330,Shadnagar,103,Carrot,103,Common,0.0,15.0,800.0,1000.0,900.0,0.0,0.0
2021-04-10 00:00:00+05:30,303,Kalwakurthy,1340,Kalwakurthy,113,Green Chillies,113,Common,0.0,7.0,1200.0,1800.0,1500.0,0.0,0.0
2021-04-10 00:00:00+05:30,281,Venkateshwar Nagar,1106,V Nagar,113,Green Chillies,113,Common,0.0,5.5,20.0,20.0,20.0,0.0,0.0
2021-04-10 00:00:00+05:30,290,Siddipet,1193,Siddipet,15,Red Gram,15,Common,0.0,4.8,5925.0,6350.0,5826.0,0.0,0.0
2021-04-10 00:00:00+05:30,216,Gollapalli,1138,Gollapalli,57,Tumeric,227,Finger,0.0,25.0,5600.0,6500.0,6200.0,0.0,0.0
2021-04-10 00:00:00+05:30,324,Bowenpally,3,Bowenpally,112,Ladys Finger,112,Common,0.0,931.0,800.0,1500.0,1200.0,0.0,0.0
2021-04-10 00:00:00+05:30,325,Hyderabad,6,Madannapeta,122,Bottle Gourd,122,Common,0.0,15.0,400.0,400.0,400.0,0.0,0.0
2021-04-09 00:00:00+05:30,331,Vantimamidi,1612,Vantimamidi,113,Green Chillies,113,Common,0.0,404.0,800.0,1700.0,1250.0,0.0,0.0
2021-04-09 00:00:00+05:30,300,Badepally,1327,Badepally,30,Groundnut pods,30,Common,0.0,1581.0,3679.0,6239.0,6239.0,0.0,0.0
2021-04-10 00:00:00+05:30,323,Gaddiannaram,1,Gaddiannaram,85,Musk Melon,85,Common,0.0,730.0,500.0,1600.0,700.0,0.0,0.0
2021-04-09 00:00:00+05:30,310,Shadnagar,1330,Shadnagar,103,Carrot,103,Common,0.0,15.0,900.0,1100.0,1000.0,0.0,0.0
2021-04-09 00:00:00+05:30,303,Kalwakurthy,1340,Kalwakurthy,113,Green Chillies,113,Common,0.0,8.0,800.0,2000.0,1400.0,0.0,0.0
2021-04-09 00:00:00+05:30,367,Gudimalkapur,1571,Gudumalkapur,113,Green Chillies,113,Common,0.0,297.0,1000.0,2000.0,1500.0,0.0,0.0
2021-04-09 00:00:00+05:30,216,Gollapalli,1138,Gollapalli,57,Tumeric,227,Finger,0.0,20.0,5600.0,6600.0,6000.0,0.0,0.0
2021-04-09 00:00:00+05:30,222,Karimnagar,1121,Karimnagar,22,Cowpea,22,Common,0.0,4.0,6036.0,6036.0,6036.0,0.0,0.0
2021-04-09 00:00:00+05:30,241,Mahabubabad,1177,Mahabubabad,54,Chillies(Dry),250,Teja,0.0,3127.0,12000.0,15450.0,14975.0,0.0,0.0
2021-04-09 00:00:00+05:30,290,Siddipet,1193,Siddipet,15,Red Gram,15,Common,0.0,11.4,6276.0,7050.0,6663.0,0.0,0.0
2021-04-09 00:00:00+05:30,295,Sangareddy,1219,Sangaredy,117,Cluster Beans,117,Common,0.0,1.0,2000.0,2300.0,22003.0,0.0,0.0
2021-04-09 00:00:00+05:30,256,Khammam,1067,Khammam,54,Chillies(Dry),268,Talu,0.0,2840.0,5000.0,8200.0,6000.0,0.0,0.0
2021-04-09 00:00:00+05:30,281,Venkateshwar Nagar,1106,V Nagar,113,Green Chillies,113,Common,0.0,7.5,20.0,20.0,20.0,0.0,0.0
2021-04-09 00:00:00+05:30,278,Suryapet,1091,Suryapet,22,Cowpea,22,Common,0.0,20.0,2556.0,5571.0,4496.0,0.0,0.0
2021-04-09 00:00:00+05:30,246,Warangal,886,Warangal,32,Gingelly,224,Black,0.0,5.4,7530.0,7530.0,7530.0,0.0,0.0
2021-04-09 00:00:00+05:30,325,Hyderabad,6,Madannapeta,122,Bottle Gourd,122,Common,0.0,15.0,400.0,400.0,400.0,0.0,0.0
2021-04-09 00:00:00+05:30,324,Bowenpally,3,Bowenpally,112,Ladys Finger,112,Common,0.0,783.0,600.0,1500.0,1200.0,0.0,0.0
2021-04-08 00:00:00+05:30,300,Badepally,1327,Badepally,30,Groundnut pods,30,Common,0.0,1966.0,4053.0,6230.0,5784.0,0.0,0.0
2021-04-08 00:00:00+05:30,331,Vantimamidi,1612,Vantimamidi,113,Green Chillies,113,Common,0.0,431.0,1200.0,2000.0,1600.0,0.0,0.0
2021-04-09 00:00:00+05:30,323,Gaddiannaram,2,L.B Nagar,118,Field Beans,118,Common,0.0,20.0,3000.0,3500.0,3200.0,0.0,0.0
2021-04-09 00:00:00+05:30,323,Gaddiannaram,1,Gaddiannaram,85,Musk Melon,85,Common,0.0,650.0,500.0,1600.0,700.0,0.0,0.0
2021-04-08 00:00:00+05:30,295,Sangareddy,1219,Sangaredy,117,Cluster Beans,117,Common,0.0,3.0,2000.0,2200.0,2100.0,0.0,0.0
2021-04-08 00:00:00+05:30,241,Mahabubabad,1177,Mahabubabad,54,Chillies(Dry),250,Teja,0.0,2062.0,13275.0,15300.0,14900.0,0.0,0.0
2021-04-08 00:00:00+05:30,290,Siddipet,1193,Siddipet,15,Red Gram,15,Common,0.0,14.4,6080.0,6276.0,6195.0,0.0,0.0
2021-04-08 00:00:00+05:30,367,Gudimalkapur,1571,Gudumalkapur,113,Green Chillies,113,Common,0.0,320.0,1200.0,2000.0,1600.0,0.0,0.0
2021-04-08 00:00:00+05:30,310,Shadnagar,1330,Shadnagar,103,Carrot,103,Common,0.0,15.0,800.0,1000.0,900.0,0.0,0.0
2021-04-08 00:00:00+05:30,303,Kalwakurthy,1340,Kalwakurthy,113,Green Chillies,113,Common,0.0,4.0,1300.0,2000.0,1650.0,0.0,0.0
2021-04-08 00:00:00+05:30,281,Venkateshwar Nagar,1106,V Nagar,113,Green Chillies,113,Common,0.0,6.58,14.0,15.0,14.0,0.0,0.0
2021-04-08 00:00:00+05:30,246,Warangal,886,Warangal,32,Gingelly,224,Black,0.0,0.6,1521.0,1521.0,1521.0,0.0,0.0
2021-04-08 00:00:00+05:30,278,Suryapet,1091,Suryapet,22,Cowpea,22,Common,0.0,16.0,2959.0,5643.0,5292.0,0.0,0.0
2021-04-08 00:00:00+05:30,325,Hyderabad,6,Madannapeta,122,Bottle Gourd,122,Common,0.0,5.0,400.0,400.0,400.0,0.0,0.0
2021-04-08 00:00:00+05:30,323,Gaddiannaram,2,L.B Nagar,118,Field Beans,118,Common,0.0,15.0,3000.0,3500.0,3200.0,0.0,0.0
2021-04-08 00:00:00+05:30,324,Bowenpally,3,Bowenpally,112,Ladys Finger,112,Common,0.0,1163.0,1000.0,1600.0,1400.0,0.0,0.0
2021-04-07 00:00:00+05:30,331,Vantimamidi,1612,Vantimamidi,113,Green Chillies,113,Common,0.0,358.0,1000.0,2000.0,1500.0,0.0,0.0
2021-04-08 00:00:00+05:30,323,Gaddiannaram,1,Gaddiannaram,85,Musk Melon,85,Common,0.0,600.0,500.0,1600.0,700.0,0.0,0.0
2021-04-07 00:00:00+05:30,303,Kalwakurthy,1340,Kalwakurthy,113,Green Chillies,113,Common,0.0,8.0,800.0,1200.0,950.0,0.0,0.0
2021-04-07 00:00:00+05:30,367,Gudimalkapur,1571,Gudumalkapur,113,Green Chillies,113,Common,0.0,477.0,1000.0,2500.0,1500.0,0.0,0.0
2021-04-07 00:00:00+05:30,295,Sangareddy,1219,Sangaredy,117,Cluster Beans,117,Common,0.0,3.0,2000.0,2200.0,2100.0,0.0,0.0
2021-04-07 00:00:00+05:30,310,Shadnagar,1330,Shadnagar,103,Carrot,103,Common,0.0,20.0,800.0,1000.0,900.0,0.0,0.0
2021-04-07 00:00:00+05:30,300,Badepally,1327,Badepally,30,Groundnut pods,30,Common,0.0,2088.0,4646.0,6339.0,5888.0,0.0,0.0
2021-04-07 00:00:00+05:30,241,Mahabubabad,1177,Mahabubabad,54,Chillies(Dry),250,Teja,0.0,3200.0,13350.0,15275.0,14600.0,0.0,0.0
2021-04-07 00:00:00+05:30,290,Siddipet,1193,Siddipet,15,Red Gram,15,Common,0.0,15.6,5466.0,6160.0,5813.0,0.0,0.0
2021-04-07 00:00:00+05:30,281,Venkateshwar Nagar,1106,V Nagar,113,Green Chillies,113,Common,0.0,12.2,13.0,15.0,14.0,0.0,0.0
2021-04-07 00:00:00+05:30,278,Suryapet,1091,Suryapet,22,Cowpea,22,Common,0.0,24.0,2256.0,5873.0,5873.0,0.0,0.0
2021-04-07 00:00:00+05:30,324,Bowenpally,3,Bowenpally,112,Ladys Finger,112,Common,0.0,784.0,800.0,1500.0,1200.0,0.0,0.0
2021-04-07 00:00:00+05:30,246,Warangal,886,Warangal,32,Gingelly,224,Black,0.0,1.8,7269.0,7269.0,7269.0,0.0,0.0
2021-04-19 00:00:00+05:30,324,Bowenpally,3,Bowenpally,112,Ladys Finger,112,Common,0.0,516.0,600.0,1000.0,800.0,0.0,0.0
2021-04-19 00:00:00+05:30,323,Gaddiannaram,2,L.B Nagar,118,Field Beans,118,Common,0.0,11.0,3000.0,3500.0,3200.0,0.0,0.0
2021-04-19 00:00:00+05:30,323,Gaddiannaram,1,Gaddiannaram,85,Musk Melon,85,Common,0.0,330.0,600.0,1600.0,800.0,0.0,0.0
2021-04-18 00:00:00+05:30,331,Vantimamidi,1612,Vantimamidi,113,Green Chillies,113,Common,0.0,432.0,500.0,1300.0,900.0,0.0,0.0
2021-04-18 00:00:00+05:30,367,Gudimalkapur,1571,Gudumalkapur,113,Green Chillies,113,Common,0.0,562.0,800.0,1200.0,1000.0,0.0,0.0
2021-04-18 00:00:00+05:30,295,Sangareddy,1219,Sangaredy,117,Cluster Beans,117,Common,0.0,2.0,2000.0,2200.0,2100.0,0.0,0.0
2021-04-18 00:00:00+05:30,310,Shadnagar,1330,Shadnagar,103,Carrot,103,Common,0.0,15.0,800.0,1000.0,900.0,0.0,0.0
2021-04-18 00:00:00+05:30,303,Kalwakurthy,1340,Kalwakurthy,113,Green Chillies,113,Common,0.0,13.0,600.0,1200.0,900.0,0.0,0.0
2021-04-18 00:00:00+05:30,323,Gaddiannaram,2,L.B Nagar,118,Field Beans,118,Common,0.0,16.0,2500.0,3500.0,3000.0,0.0,0.0
2021-04-18 00:00:00+05:30,281,Venkateshwar Nagar,1106,V Nagar,113,Green Chillies,113,Common,0.0,6.0,18.0,18.0,18.0,0.0,0.0
2021-04-18 00:00:00+05:30,323,Gaddiannaram,1,Gaddiannaram,85,Musk Melon,85,Common,0.0,450.0,600.0,1600.0,800.0,0.0,0.0
2021-04-17 00:00:00+05:30,331,Vantimamidi,1612,Vantimamidi,113,Green Chillies,113,Common,0.0,565.0,600.0,1300.0,950.0,0.0,0.0
2021-04-17 00:00:00+05:30,367,Gudimalkapur,1571,Gudumalkapur,113,Green Chillies,113,Common,0.0,679.0,600.0,1000.0,800.0,0.0,0.0
2021-04-17 00:00:00+05:30,303,Kalwakurthy,1340,Kalwakurthy,113,Green Chillies,113,Common,0.0,8.0,800.0,1300.0,1050.0,0.0,0.0
2021-04-17 00:00:00+05:30,216,Gollapalli,1138,Gollapalli,57,Tumeric,227,Finger,0.0,20.0,5000.0,6500.0,5550.0,0.0,0.0
2021-04-17 00:00:00+05:30,281,Venkateshwar Nagar,1106,V Nagar,113,Green Chillies,113,Common,0.0,9.8,20.0,22.0,20.0,0.0,0.0
2021-04-17 00:00:00+05:30,278,Suryapet,1091,Suryapet,22,Cowpea,22,Common,0.0,14.0,4739.0,5533.0,5533.0,0.0,0.0
2021-04-17 00:00:00+05:30,310,Shadnagar,1330,Shadnagar,103,Carrot,103,Common,0.0,12.0,900.0,1200.0,1000.0,0.0,0.0
2021-04-17 00:00:00+05:30,300,Badepally,1327,Badepally,30,Groundnut pods,30,Common,0.0,902.0,3688.0,6344.0,5989.0,0.0,0.0
2021-04-17 00:00:00+05:30,295,Sangareddy,1219,Sangaredy,117,Cluster Beans,117,Common,0.0,3.0,1800.0,2200.0,2000.0,0.0,0.0
2021-04-17 00:00:00+05:30,290,Siddipet,1193,Siddipet,15,Red Gram,15,Common,0.0,15.0,5811.0,6425.0,6256.0,0.0,0.0
2021-04-17 00:00:00+05:30,319,Shankerpally,40,Shankerpally,113,Green Chillies,113,Common,0.0,5.7,2000.0,2000.0,2000.0,0.0,0.0
2021-04-17 00:00:00+05:30,324,Bowenpally,3,Bowenpally,112,Ladys Finger,112,Common,0.0,543.0,800.0,1200.0,1000.0,0.0,0.0
2021-04-16 00:00:00+05:30,367,Gudimalkapur,1571,Gudumalkapur,113,Green Chillies,113,Common,0.0,577.0,1500.0,2500.0,1800.0,0.0,0.0
2021-04-16 00:00:00+05:30,331,Vantimamidi,1612,Vantimamidi,113,Green Chillies,113,Common,0.0,759.0,800.0,1700.0,1250.0,0.0,0.0
2021-04-17 00:00:00+05:30,323,Gaddiannaram,2,L.B Nagar,118,Field Beans,118,Common,0.0,15.0,2500.0,3500.0,3000.0,0.0,0.0
2021-04-17 00:00:00+05:30,323,Gaddiannaram,1,Gaddiannaram,85,Musk Melon,85,Common,0.0,240.0,600.0,1600.0,800.0,0.0,0.0
2021-04-16 00:00:00+05:30,303,Kalwakurthy,1340,Kalwakurthy,113,Green Chillies,113,Common,0.0,11.0,800.0,1700.0,1250.0,0.0,0.0
2021-04-16 00:00:00+05:30,295,Sangareddy,1219,Sangaredy,117,Cluster Beans,117,Common,0.0,3.0,1700.0,1900.0,1800.0,0.0,0.0
2021-04-16 00:00:00+05:30,310,Shadnagar,1330,Shadnagar,103,Carrot,103,Common,0.0,15.0,900.0,1100.0,1000.0,0.0,0.0
2021-04-16 00:00:00+05:30,300,Badepally,1327,Badepally,30,Groundnut pods,30,Common,0.0,1736.0,3790.0,6209.0,5698.0,0.0,0.0
2021-04-16 00:00:00+05:30,290,Siddipet,1193,Siddipet,15,Red Gram,15,Common,0.0,3.6,5725.0,5925.0,5825.0,0.0,0.0
2021-04-16 00:00:00+05:30,241,Mahabubabad,1177,Mahabubabad,54,Chillies(Dry),250,Teja,0.0,1733.0,12900.0,15100.0,14200.0,0.0,0.0
2021-04-16 00:00:00+05:30,216,Gollapalli,1138,Gollapalli,57,Tumeric,227,Finger,0.0,20.0,5500.0,6400.0,5950.0,0.0,0.0
2021-04-16 00:00:00+05:30,256,Khammam,1067,Khammam,54,Chillies(Dry),268,Talu,0.0,2209.0,5000.0,7800.0,6000.0,0.0,0.0
2021-04-16 00:00:00+05:30,246,Warangal,886,Warangal,32,Gingelly,224,Black,0.0,0.6,4552.0,4552.0,4552.0,0.0,0.0
2021-04-16 00:00:00+05:30,222,Karimnagar,1121,Karimnagar,22,Cowpea,22,Common,0.0,1.0,5959.0,5959.0,5959.0,0.0,0.0
2021-04-16 00:00:00+05:30,281,Venkateshwar Nagar,1106,V Nagar,113,Green Chillies,113,Common,0.0,8.6,20.0,22.0,20.0,0.0,0.0
2021-04-16 00:00:00+05:30,278,Suryapet,1091,Suryapet,22,Cowpea,22,Common,0.0,11.0,5139.0,5533.0,5533.0,0.0,0.0
2021-04-16 00:00:00+05:30,325,Hyderabad,6,Madannapeta,122,Bottle Gourd,122,Common,0.0,10.0,400.0,400.0,400.0,0.0,0.0
2021-04-16 00:00:00+05:30,323,Gaddiannaram,2,L.B Nagar,118,Field Beans,118,Common,0.0,9.0,3500.0,3500.0,3500.0,0.0,0.0
2021-04-15 00:00:00+05:30,300,Badepally,1327,Badepally,30,Groundnut pods,30,Common,0.0,1419.0,4029.0,6170.0,5229.0,0.0,0.0
2021-04-16 00:00:00+05:30,324,Bowenpally,3,Bowenpally,112,Ladys Finger,112,Common,0.0,900.0,800.0,1200.0,1000.0,0.0,0.0
2021-04-15 00:00:00+05:30,331,Vantimamidi,1612,Vantimamidi,113,Green Chillies,113,Common,0.0,527.0,1300.0,2500.0,1900.0,0.0,0.0
2021-04-16 00:00:00+05:30,323,Gaddiannaram,1,Gaddiannaram,85,Musk Melon,85,Common,0.0,380.0,600.0,1600.0,800.0,0.0,0.0
2021-04-15 00:00:00+05:30,290,Siddipet,1193,Siddipet,15,Red Gram,15,Common,0.0,4.8,5925.0,6225.0,6125.0,0.0,0.0
2021-04-15 00:00:00+05:30,295,Sangareddy,1219,Sangaredy,117,Cluster Beans,117,Common,0.0,2.0,1800.0,2000.0,1900.0,0.0,0.0
2021-04-15 00:00:00+05:30,367,Gudimalkapur,1571,Gudumalkapur,113,Green Chillies,113,Common,0.0,545.0,1500.0,2500.0,2000.0,0.0,0.0
2021-04-15 00:00:00+05:30,310,Shadnagar,1330,Shadnagar,103,Carrot,103,Common,0.0,13.0,800.0,900.0,800.0,0.0,0.0
2021-04-15 00:00:00+05:30,303,Kalwakurthy,1340,Kalwakurthy,113,Green Chillies,113,Common,0.0,7.0,1800.0,2800.0,2300.0,0.0,0.0
2021-04-15 00:00:00+05:30,256,Khammam,1067,Khammam,54,Chillies(Dry),268,Talu,0.0,2672.0,5000.0,8200.0,6000.0,0.0,0.0
2021-04-15 00:00:00+05:30,278,Suryapet,1091,Suryapet,22,Cowpea,22,Common,0.0,9.0,3059.0,5472.0,5472.0,0.0,0.0
2021-04-15 00:00:00+05:30,319,Shankerpally,40,Shankerpally,113,Green Chillies,113,Common,0.0,1.8,2500.0,2500.0,2500.0,0.0,0.0
2021-04-15 00:00:00+05:30,222,Karimnagar,1121,Karimnagar,22,Cowpea,22,Common,0.0,4.0,5001.0,5855.0,5855.0,0.0,0.0
2021-04-15 00:00:00+05:30,281,Venkateshwar Nagar,1106,V Nagar,113,Green Chillies,113,Common,0.0,2.5,28.0,30.0,28.0,0.0,0.0
2021-04-15 00:00:00+05:30,216,Gollapalli,1138,Gollapalli,57,Tumeric,227,Finger,0.0,9.0,5800.0,6400.0,6100.0,0.0,0.0
2021-04-15 00:00:00+05:30,323,Gaddiannaram,2,L.B Nagar,118,Field Beans,118,Common,0.0,13.0,3000.0,4000.0,3500.0,0.0,0.0
2021-04-15 00:00:00+05:30,325,Hyderabad,6,Madannapeta,122,Bottle Gourd,122,Common,0.0,15.0,400.0,400.0,400.0,0.0,0.0
2021-04-15 00:00:00+05:30,246,Warangal,886,Warangal,32,Gingelly,224,Black,0.0,0.6,7326.0,7326.0,7326.0,0.0,0.0
2021-04-15 00:00:00+05:30,324,Bowenpally,3,Bowenpally,112,Ladys Finger,112,Common,0.0,872.0,800.0,1200.0,1000.0,0.0,0.0
2021-04-14 00:00:00+05:30,331,Vantimamidi,1612,Vantimamidi,113,Green Chillies,113,Common,0.0,516.0,1100.0,2700.0,1900.0,0.0,0.0
2021-04-15 00:00:00+05:30,323,Gaddiannaram,1,Gaddiannaram,85,Musk Melon,85,Common,0.0,400.0,450.0,1400.0,650.0,0.0,0.0
2021-04-14 00:00:00+05:30,310,Shadnagar,1330,Shadnagar,103,Carrot,103,Common,0.0,9.0,800.0,1000.0,900.0,0.0,0.0
2021-04-14 00:00:00+05:30,303,Kalwakurthy,1340,Kalwakurthy,113,Green Chillies,113,Common,0.0,2.0,3000.0,3200.0,3100.0,0.0,0.0
2021-04-13 00:00:00+05:30,319,Shankerpally,40,Shankerpally,113,Green Chillies,113,Common,0.0,1.8,2000.0,2000.0,2000.0,0.0,0.0
2021-04-14 00:00:00+05:30,367,Gudimalkapur,1571,Gudumalkapur,113,Green Chillies,113,Common,0.0,275.0,1500.0,3000.0,2000.0,0.0,0.0
2021-04-14 00:00:00+05:30,281,Venkateshwar Nagar,1106,V Nagar,113,Green Chillies,113,Common,0.0,3.0,25.0,30.0,25.0,0.0,0.0
2021-04-14 00:00:00+05:30,295,Sangareddy,1219,Sangaredy,117,Cluster Beans,117,Common,0.0,1.0,1800.0,2000.0,1900.0,0.0,0.0
2021-04-13 00:00:00+05:30,303,Kalwakurthy,1340,Kalwakurthy,113,Green Chillies,113,Common,0.0,2.0,1600.0,2000.0,1800.0,0.0,0.0
2021-04-14 00:00:00+05:30,323,Gaddiannaram,2,L.B Nagar,118,Field Beans,118,Common,0.0,9.0,3500.0,4000.0,3000.0,0.0,0.0
2021-04-14 00:00:00+05:30,325,Hyderabad,6,Madannapeta,122,Bottle Gourd,122,Common,0.0,15.0,400.0,400.0,400.0,0.0,0.0
2021-04-14 00:00:00+05:30,324,Bowenpally,3,Bowenpally,112,Ladys Finger,112,Common,0.0,684.0,400.0,1000.0,800.0,0.0,0.0
2021-04-12 00:00:00+05:30,367,Gudimalkapur,1571,Gudumalkapur,113,Green Chillies,113,Common,0.0,346.0,1400.0,2500.0,1800.0,0.0,0.0
2021-04-12 00:00:00+05:30,303,Kalwakurthy,1340,Kalwakurthy,113,Green Chillies,113,Common,0.0,9.0,1200.0,2000.0,1600.0,0.0,0.0
2021-04-12 00:00:00+05:30,310,Shadnagar,1330,Shadnagar,103,Carrot,103,Common,0.0,15.0,800.0,1000.0,900.0,0.0,0.0
2021-04-12 00:00:00+05:30,295,Sangareddy,1219,Sangaredy,117,Cluster Beans,117,Common,0.0,1.0,2000.0,2400.0,2200.0,0.0,0.0
2021-04-12 00:00:00+05:30,256,Khammam,1067,Khammam,54,Chillies(Dry),268,Talu,0.0,2205.0,5000.0,8000.0,6000.0,0.0,0.0
2021-04-12 00:00:00+05:30,278,Suryapet,1091,Suryapet,22,Cowpea,22,Common,0.0,12.0,5069.0,5495.0,5495.0,0.0,0.0
2021-04-13 00:00:00+05:30,331,Vantimamidi,1612,Vantimamidi,113,Green Chillies,113,Common,0.0,163.0,1600.0,3000.0,2300.0,0.0,0.0
2021-04-14 00:00:00+05:30,323,Gaddiannaram,1,Gaddiannaram,85,Musk Melon,85,Common,0.0,460.0,450.0,1500.0,700.0,0.0,0.0
2021-04-13 00:00:00+05:30,323,Gaddiannaram,1,Gaddiannaram,85,Musk Melon,85,Common,0.0,490.0,500.0,1500.0,700.0,0.0,0.0
2021-04-13 00:00:00+05:30,310,Shadnagar,1330,Shadnagar,103,Carrot,103,Common,0.0,6.0,800.0,900.0,800.0,0.0,0.0
2021-04-13 00:00:00+05:30,281,Venkateshwar Nagar,1106,V Nagar,113,Green Chillies,113,Common,0.0,5.6,20.0,20.0,20.0,0.0,0.0
2021-04-25 00:00:00+05:30,323,Gaddiannaram,2,L.B Nagar,118,Field Beans,118,Common,0.0,6.0,3000.0,4000.0,3500.0,0.0,0.0
2021-04-25 00:00:00+05:30,281,Venkateshwar Nagar,1106,V Nagar,113,Green Chillies,113,Common,0.0,7.9,20.0,20.0,20.0,0.0,0.0
2021-04-24 00:00:00+05:30,310,Shadnagar,1330,Shadnagar,103,Carrot,103,Common,0.0,9.0,800.0,900.0,800.0,0.0,0.0
2021-04-24 00:00:00+05:30,303,Kalwakurthy,1340,Kalwakurthy,113,Green Chillies,113,Common,0.0,5.0,1600.0,2250.0,1925.0,0.0,0.0
2021-04-24 00:00:00+05:30,367,Gudimalkapur,1571,Gudumalkapur,113,Green Chillies,113,Common,0.0,555.0,1000.0,2000.0,1500.0,0.0,0.0
2021-04-25 00:00:00+05:30,323,Gaddiannaram,1,Gaddiannaram,85,Musk Melon,85,Common,0.0,220.0,400.0,1500.0,700.0,0.0,0.0
2021-04-24 00:00:00+05:30,331,Vantimamidi,1612,Vantimamidi,113,Green Chillies,113,Common,0.0,436.0,800.0,1700.0,1250.0,0.0,0.0
2021-04-24 00:00:00+05:30,300,Badepally,1327,Badepally,30,Groundnut pods,30,Common,0.0,767.0,4740.0,6162.0,5390.0,0.0,0.0
2021-04-24 00:00:00+05:30,295,Sangareddy,1219,Sangaredy,117,Cluster Beans,117,Common,0.0,1.0,2200.0,2400.0,2300.0,0.0,0.0
2021-04-24 00:00:00+05:30,290,Siddipet,1193,Siddipet,15,Red Gram,15,Common,0.0,1.2,6122.0,6300.0,6211.0,0.0,0.0
2021-04-24 00:00:00+05:30,281,Venkateshwar Nagar,1106,V Nagar,113,Green Chillies,113,Common,0.0,4.6,18.0,20.0,18.0,0.0,0.0
2021-04-24 00:00:00+05:30,278,Suryapet,1091,Suryapet,22,Cowpea,22,Common,0.0,1.0,5436.0,5436.0,5436.0,0.0,0.0
2021-04-24 00:00:00+05:30,323,Gaddiannaram,2,L.B Nagar,118,Field Beans,118,Common,0.0,14.0,3000.0,4000.0,3500.0,0.0,0.0
2021-04-24 00:00:00+05:30,323,Gaddiannaram,1,Gaddiannaram,85,Musk Melon,85,Common,0.0,80.0,400.0,1500.0,700.0,0.0,0.0
2021-04-24 00:00:00+05:30,319,Shankerpally,40,Shankerpally,113,Green Chillies,113,Common,0.0,5.1,2000.0,2000.0,2000.0,0.0,0.0
2021-04-23 00:00:00+05:30,367,Gudimalkapur,1571,Gudumalkapur,113,Green Chillies,113,Common,0.0,421.0,1400.0,2000.0,1600.0,0.0,0.0
2021-04-23 00:00:00+05:30,331,Vantimamidi,1612,Vantimamidi,113,Green Chillies,113,Common,0.0,400.0,700.0,1600.0,1150.0,0.0,0.0
2021-04-23 00:00:00+05:30,310,Shadnagar,1330,Shadnagar,103,Carrot,103,Common,0.0,10.0,800.0,1000.0,900.0,0.0,0.0
2021-04-23 00:00:00+05:30,303,Kalwakurthy,1340,Kalwakurthy,113,Green Chillies,113,Common,0.0,8.0,1300.0,2800.0,2050.0,0.0,0.0
2021-04-23 00:00:00+05:30,300,Badepally,1327,Badepally,30,Groundnut pods,30,Common,0.0,1189.0,3770.0,6030.0,5399.0,0.0,0.0
2021-04-23 00:00:00+05:30,241,Mahabubabad,1177,Mahabubabad,54,Chillies(Dry),250,Teja,0.0,2327.0,12675.0,14975.0,13725.0,0.0,0.0
2021-04-23 00:00:00+05:30,295,Sangareddy,1219,Sangaredy,117,Cluster Beans,117,Common,0.0,1.0,2000.0,2300.0,2200.0,0.0,0.0
2021-04-23 00:00:00+05:30,290,Siddipet,1193,Siddipet,15,Red Gram,15,Common,0.0,16.2,5212.0,6425.0,5819.0,0.0,0.0
2021-04-23 00:00:00+05:30,281,Venkateshwar Nagar,1106,V Nagar,113,Green Chillies,113,Common,0.0,7.1,20.0,22.0,20.0,0.0,0.0
2021-04-23 00:00:00+05:30,256,Khammam,1067,Khammam,54,Chillies(Dry),268,Talu,0.0,2013.0,5000.0,7200.0,6000.0,0.0,0.0
2021-04-23 00:00:00+05:30,323,Gaddiannaram,2,L.B Nagar,118,Field Beans,118,Common,0.0,8.0,3000.0,4000.0,3500.0,0.0,0.0
2021-04-23 00:00:00+05:30,323,Gaddiannaram,1,Gaddiannaram,85,Musk Melon,85,Common,0.0,20.0,400.0,1500.0,700.0,0.0,0.0
2021-04-23 00:00:00+05:30,246,Warangal,886,Warangal,32,Gingelly,224,Black,0.0,1.8,4552.0,7312.0,5552.0,0.0,0.0
2021-04-22 00:00:00+05:30,331,Vantimamidi,1612,Vantimamidi,113,Green Chillies,113,Common,0.0,518.0,800.0,2000.0,1400.0,0.0,0.0
2021-04-22 00:00:00+05:30,367,Gudimalkapur,1571,Gudumalkapur,113,Green Chillies,113,Common,0.0,554.0,1200.0,2000.0,1600.0,0.0,0.0
2021-04-22 00:00:00+05:30,303,Kalwakurthy,1340,Kalwakurthy,113,Green Chillies,113,Common,0.0,7.0,1000.0,1500.0,1250.0,0.0,0.0
2021-04-22 00:00:00+05:30,310,Shadnagar,1330,Shadnagar,103,Carrot,103,Common,0.0,10.0,800.0,900.0,800.0,0.0,0.0
2021-04-22 00:00:00+05:30,308,Nagarkurnool,1334,Nagarkurnool,69,Sunflower,69,Common,0.0,12.5,5059.0,5059.0,5059.0,0.0,0.0
2021-04-22 00:00:00+05:30,281,Venkateshwar Nagar,1106,V Nagar,113,Green Chillies,113,Common,0.0,4.5,18.0,18.0,18.0,0.0,0.0
2021-04-22 00:00:00+05:30,241,Mahabubabad,1177,Mahabubabad,54,Chillies(Dry),250,Teja,0.0,3514.0,12525.0,14900.0,13900.0,0.0,0.0
2021-04-22 00:00:00+05:30,295,Sangareddy,1219,Sangaredy,117,Cluster Beans,117,Common,0.0,1.0,2000.0,2200.0,2100.0,0.0,0.0
2021-04-22 00:00:00+05:30,300,Badepally,1327,Badepally,30,Groundnut pods,30,Common,0.0,2166.0,3600.0,6072.0,5726.0,0.0,0.0
2021-04-22 00:00:00+05:30,256,Khammam,1067,Khammam,54,Chillies(Dry),268,Talu,0.0,1840.0,5000.0,7200.0,6000.0,0.0,0.0
2021-04-22 00:00:00+05:30,319,Shankerpally,40,Shankerpally,113,Green Chillies,113,Common,0.0,1.2,2000.0,2000.0,2000.0,0.0,0.0
2021-04-22 00:00:00+05:30,246,Warangal,886,Warangal,32,Gingelly,224,Black,0.0,102.0,4552.0,7200.0,7200.0,0.0,0.0
2021-04-21 00:00:00+05:30,303,Kalwakurthy,1340,Kalwakurthy,113,Green Chillies,113,Common,0.0,7.0,1100.0,1500.0,1300.0,0.0,0.0
2021-04-21 00:00:00+05:30,367,Gudimalkapur,1571,Gudumalkapur,113,Green Chillies,113,Common,0.0,239.0,1000.0,2000.0,1500.0,0.0,0.0
2021-04-21 00:00:00+05:30,331,Vantimamidi,1612,Vantimamidi,113,Green Chillies,113,Common,0.0,597.0,1000.0,2000.0,1500.0,0.0,0.0
2021-04-22 00:00:00+05:30,323,Gaddiannaram,2,L.B Nagar,118,Field Beans,118,Common,0.0,8.0,3000.0,4000.0,3500.0,0.0,0.0
2021-04-22 00:00:00+05:30,323,Gaddiannaram,1,Gaddiannaram,85,Musk Melon,85,Common,0.0,120.0,500.0,1600.0,800.0,0.0,0.0
2021-04-21 00:00:00+05:30,323,Gaddiannaram,2,L.B Nagar,118,Field Beans,118,Common,0.0,5.0,3500.0,4500.0,4000.0,0.0,0.0
2021-04-21 00:00:00+05:30,324,Bowenpally,3,Bowenpally,112,Ladys Finger,112,Common,0.0,333.0,600.0,1000.0,800.0,0.0,0.0
2021-04-21 00:00:00+05:30,310,Shadnagar,1330,Shadnagar,103,Carrot,103,Common,0.0,9.0,800.0,900.0,800.0,0.0,0.0
2021-04-21 00:00:00+05:30,295,Sangareddy,1219,Sangaredy,117,Cluster Beans,117,Common,0.0,1.0,2000.0,2300.0,2200.0,0.0,0.0
2021-04-21 00:00:00+05:30,281,Venkateshwar Nagar,1106,V Nagar,113,Green Chillies,113,Common,0.0,2.3,20.0,20.0,20.0,0.0,0.0
2021-04-20 00:00:00+05:30,367,Gudimalkapur,1571,Gudumalkapur,113,Green Chillies,113,Common,0.0,288.0,1000.0,200.0,1500.0,0.0,0.0
2021-04-20 00:00:00+05:30,310,Shadnagar,1330,Shadnagar,103,Carrot,103,Common,0.0,13.0,800.0,1000.0,900.0,0.0,0.0
2021-04-20 00:00:00+05:30,303,Kalwakurthy,1340,Kalwakurthy,113,Green Chillies,113,Common,0.0,2.0,2000.0,3700.0,2850.0,0.0,0.0
2021-04-21 00:00:00+05:30,323,Gaddiannaram,1,Gaddiannaram,85,Musk Melon,85,Common,0.0,350.0,400.0,1500.0,700.0,0.0,0.0
2021-04-20 00:00:00+05:30,331,Vantimamidi,1612,Vantimamidi,113,Green Chillies,113,Common,0.0,391.0,1300.0,2300.0,1800.0,0.0,0.0
2021-04-20 00:00:00+05:30,241,Mahabubabad,1177,Mahabubabad,54,Chillies(Dry),250,Teja,0.0,1892.0,12300.0,14900.0,13800.0,0.0,0.0
2021-04-20 00:00:00+05:30,290,Siddipet,1193,Siddipet,15,Red Gram,15,Common,0.0,7.8,6255.0,6455.0,6355.0,0.0,0.0
2021-04-20 00:00:00+05:30,300,Badepally,1327,Badepally,30,Groundnut pods,30,Common,0.0,1506.0,4441.0,6309.0,5369.0,0.0,0.0
2021-04-20 00:00:00+05:30,216,Gollapalli,1138,Gollapalli,57,Tumeric,227,Finger,0.0,6.0,5000.0,6400.0,5800.0,0.0,0.0
2021-04-20 00:00:00+05:30,319,Shankerpally,40,Shankerpally,113,Green Chillies,113,Common,0.0,5.4,1500.0,2000.0,1750.0,0.0,0.0
2021-04-20 00:00:00+05:30,325,Hyderabad,6,Madannapeta,122,Bottle Gourd,122,Common,0.0,15.0,400.0,400.0,400.0,0.0,0.0
2021-04-20 00:00:00+05:30,281,Venkateshwar Nagar,1106,V Nagar,113,Green Chillies,113,Common,0.0,3.1,15.0,16.0,15.0,0.0,0.0
2021-04-20 00:00:00+05:30,278,Suryapet,1091,Suryapet,22,Cowpea,22,Common,0.0,11.0,4392.0,5209.0,4874.0,0.0,0.0
2021-04-20 00:00:00+05:30,323,Gaddiannaram,2,L.B Nagar,118,Field Beans,118,Common,0.0,9.0,3500.0,4000.0,3700.0,0.0,0.0
2021-04-20 00:00:00+05:30,324,Bowenpally,3,Bowenpally,112,Ladys Finger,112,Common,0.0,251.0,600.0,1000.0,800.0,0.0,0.0
2021-04-19 00:00:00+05:30,331,Vantimamidi,1612,Vantimamidi,113,Green Chillies,113,Common,0.0,279.0,700.0,1600.0,1150.0,0.0,0.0
2021-04-20 00:00:00+05:30,323,Gaddiannaram,1,Gaddiannaram,85,Musk Melon,85,Common,0.0,350.0,500.0,1600.0,600.0,0.0,0.0
2021-04-19 00:00:00+05:30,310,Shadnagar,1330,Shadnagar,103,Carrot,103,Common,0.0,12.0,800.0,900.0,800.0,0.0,0.0
2021-04-19 00:00:00+05:30,303,Kalwakurthy,1340,Kalwakurthy,113,Green Chillies,113,Common,0.0,10.0,600.0,1300.0,950.0,0.0,0.0
2021-04-19 00:00:00+05:30,367,Gudimalkapur,1571,Gudumalkapur,113,Green Chillies,113,Common,0.0,353.0,800.0,1500.0,1000.0,0.0,0.0
2021-04-19 00:00:00+05:30,216,Gollapalli,1138,Gollapalli,57,Tumeric,227,Finger,0.0,15.0,6000.0,6500.0,6300.0,0.0,0.0
2021-04-19 00:00:00+05:30,241,Mahabubabad,1177,Mahabubabad,54,Chillies(Dry),250,Teja,0.0,2134.0,12500.0,14900.0,13800.0,0.0,0.0
2021-04-19 00:00:00+05:30,295,Sangareddy,1219,Sangaredy,117,Cluster Beans,117,Common,0.0,1.0,1800.0,2100.0,2000.0,0.0,0.0
2021-04-19 00:00:00+05:30,300,Badepally,1327,Badepally,30,Groundnut pods,30,Common,0.0,1627.0,3006.0,6260.0,5629.0,0.0,0.0
2021-04-19 00:00:00+05:30,290,Siddipet,1193,Siddipet,15,Red Gram,15,Common,0.0,3.6,6425.0,6512.0,6468.0,0.0,0.0
2021-04-19 00:00:00+05:30,256,Khammam,1067,Khammam,54,Chillies(Dry),268,Talu,0.0,3596.0,5000.0,8000.0,6000.0,0.0,0.0
2021-04-19 00:00:00+05:30,208,Nizamabad,1080,Nizamabad,16,Green Gram,16,Common,0.0,2.0,5555.0,5555.0,5555.0,0.0,0.0
2021-04-19 00:00:00+05:30,278,Suryapet,1091,Suryapet,22,Cowpea,22,Common,0.0,24.0,4694.0,5544.0,5544.0,0.0,0.0
2021-04-19 00:00:00+05:30,279,Thirumalagiri,9,Tirmalagiri,17,Black Gram,17,Common,0.0,1.0,5350.0,5350.0,5350.0,0.0,0.0
2021-04-30 00:00:00+05:30,367,Gudimalkapur,1571,Gudumalkapur,113,Green Chillies,113,Common,0.0,716.0,1000.0,2000.0,1500.0,0.0,0.0
2021-04-30 00:00:00+05:30,303,Kalwakurthy,1340,Kalwakurthy,113,Green Chillies,113,Common,0.0,6.0,700.0,1700.0,1200.0,0.0,0.0
2021-04-30 00:00:00+05:30,295,Sangareddy,1219,Sangaredy,117,Cluster Beans,117,Common,0.0,2.0,2000.0,2200.0,2100.0,0.0,0.0
2021-04-30 00:00:00+05:30,310,Shadnagar,1330,Shadnagar,103,Carrot,103,Common,0.0,16.0,800.0,1000.0,900.0,0.0,0.0
2021-04-30 00:00:00+05:30,323,Gaddiannaram,2,L.B Nagar,118,Field Beans,118,Common,0.0,7.0,3000.0,4000.0,3500.0,0.0,0.0
2021-04-30 00:00:00+05:30,323,Gaddiannaram,1,Gaddiannaram,85,Musk Melon,85,Common,0.0,100.0,400.0,1500.0,700.0,0.0,0.0
2021-04-29 00:00:00+05:30,303,Kalwakurthy,1340,Kalwakurthy,113,Green Chillies,113,Common,0.0,11.0,1000.0,1300.0,1150.0,0.0,0.0
2021-04-30 00:00:00+05:30,324,Bowenpally,3,Bowenpally,112,Ladys Finger,112,Common,0.0,194.0,1000.0,1500.0,1300.0,0.0,0.0
2021-04-30 00:00:00+05:30,325,Hyderabad,6,Madannapeta,122,Bottle Gourd,122,Common,0.0,20.0,300.0,300.0,300.0,0.0,0.0
2021-04-30 00:00:00+05:30,281,Venkateshwar Nagar,1106,V Nagar,113,Green Chillies,113,Common,0.0,4.4,18.0,20.0,18.0,0.0,0.0
2021-04-30 00:00:00+05:30,222,Karimnagar,1121,Karimnagar,22,Cowpea,22,Common,0.0,2.0,5575.0,5919.0,5919.0,0.0,0.0
2021-04-29 00:00:00+05:30,367,Gudimalkapur,1571,Gudumalkapur,113,Green Chillies,113,Common,0.0,630.0,1000.0,2000.0,1500.0,0.0,0.0
2021-04-29 00:00:00+05:30,331,Vantimamidi,1612,Vantimamidi,113,Green Chillies,113,Common,0.0,442.0,1200.0,2100.0,1650.0,0.0,0.0
2021-04-29 00:00:00+05:30,310,Shadnagar,1330,Shadnagar,103,Carrot,103,Common,0.0,18.0,900.0,1200.0,1000.0,0.0,0.0
2021-04-29 00:00:00+05:30,281,Venkateshwar Nagar,1106,V Nagar,113,Green Chillies,113,Common,0.0,5.4,20.0,20.0,20.0,0.0,0.0
2021-04-29 00:00:00+05:30,278,Suryapet,1091,Suryapet,22,Cowpea,22,Common,0.0,10.0,3059.0,5309.0,5209.0,0.0,0.0
2021-04-29 00:00:00+05:30,325,Hyderabad,6,Madannapeta,122,Bottle Gourd,122,Common,0.0,15.0,400.0,400.0,400.0,0.0,0.0
2021-04-29 00:00:00+05:30,319,Shankerpally,40,Shankerpally,113,Green Chillies,113,Common,0.0,1.2,3000.0,3000.0,3000.0,0.0,0.0
2021-04-29 00:00:00+05:30,324,Bowenpally,3,Bowenpally,112,Ladys Finger,112,Common,0.0,160.0,800.0,1500.0,1200.0,0.0,0.0
2021-04-29 00:00:00+05:30,323,Gaddiannaram,2,L.B Nagar,118,Field Beans,118,Common,0.0,19.0,2500.0,4000.0,3200.0,0.0,0.0
2021-04-28 00:00:00+05:30,331,Vantimamidi,1612,Vantimamidi,113,Green Chillies,113,Common,0.0,456.0,1300.0,2200.0,1750.0,0.0,0.0
2021-04-29 00:00:00+05:30,323,Gaddiannaram,1,Gaddiannaram,85,Musk Melon,85,Common,0.0,90.0,400.0,1500.0,700.0,0.0,0.0
2021-04-28 00:00:00+05:30,367,Gudimalkapur,1571,Gudumalkapur,113,Green Chillies,113,Common,0.0,409.0,1000.0,2000.0,1500.0,0.0,0.0
2021-04-28 00:00:00+05:30,303,Kalwakurthy,1340,Kalwakurthy,113,Green Chillies,113,Common,0.0,6.0,1500.0,2200.0,1850.0,0.0,0.0
2021-04-28 00:00:00+05:30,290,Siddipet,1193,Siddipet,15,Red Gram,15,Common,0.0,0.6,5955.0,5955.0,5955.0,0.0,0.0
2021-04-28 00:00:00+05:30,310,Shadnagar,1330,Shadnagar,103,Carrot,103,Common,0.0,13.0,800.0,1000.0,900.0,0.0,0.0
2021-04-28 00:00:00+05:30,300,Badepally,1327,Badepally,30,Groundnut pods,30,Common,0.0,2150.0,4160.0,6189.0,5480.0,0.0,0.0
2021-04-28 00:00:00+05:30,295,Sangareddy,1219,Sangaredy,117,Cluster Beans,117,Common,0.0,1.0,2000.0,2300.0,2100.0,0.0,0.0
2021-04-28 00:00:00+05:30,256,Khammam,1067,Khammam,54,Chillies(Dry),268,Talu,0.0,3405.0,5000.0,7200.0,6000.0,0.0,0.0
2021-04-28 00:00:00+05:30,281,Venkateshwar Nagar,1106,V Nagar,113,Green Chillies,113,Common,0.0,8.6,18.0,20.0,18.0,0.0,0.0
2021-04-28 00:00:00+05:30,278,Suryapet,1091,Suryapet,22,Cowpea,22,Common,0.0,9.0,4937.0,5346.0,5337.0,0.0,0.0
2021-04-28 00:00:00+05:30,323,Gaddiannaram,2,L.B Nagar,118,Field Beans,118,Common,0.0,17.0,2500.0,4000.0,3200.0,0.0,0.0
2021-04-28 00:00:00+05:30,325,Hyderabad,6,Madannapeta,122,Bottle Gourd,122,Common,0.0,20.0,200.0,300.0,250.0,0.0,0.0
2021-04-28 00:00:00+05:30,323,Gaddiannaram,1,Gaddiannaram,85,Musk Melon,85,Common,0.0,300.0,400.0,1500.0,700.0,0.0,0.0
2021-04-27 00:00:00+05:30,331,Vantimamidi,1612,Vantimamidi,113,Green Chillies,113,Common,0.0,512.0,1000.0,2000.0,1500.0,0.0,0.0
2021-04-27 00:00:00+05:30,290,Siddipet,1193,Siddipet,15,Red Gram,15,Common,0.0,1.2,6000.0,6000.0,6000.0,0.0,0.0
2021-04-27 00:00:00+05:30,367,Gudimalkapur,1571,Gudumalkapur,113,Green Chillies,113,Common,0.0,434.0,1000.0,2000.0,1400.0,0.0,0.0
2021-04-27 00:00:00+05:30,310,Shadnagar,1330,Shadnagar,103,Carrot,103,Common,0.0,10.0,800.0,1000.0,900.0,0.0,0.0
2021-04-27 00:00:00+05:30,303,Kalwakurthy,1340,Kalwakurthy,113,Green Chillies,113,Common,0.0,9.0,600.0,1500.0,1050.0,0.0,0.0
2021-04-27 00:00:00+05:30,281,Venkateshwar Nagar,1106,V Nagar,113,Green Chillies,113,Common,0.0,7.7,20.0,20.0,20.0,0.0,0.0
2021-04-27 00:00:00+05:30,325,Hyderabad,6,Madannapeta,122,Bottle Gourd,122,Common,0.0,10.0,200.0,200.0,200.0,0.0,0.0
2021-04-27 00:00:00+05:30,319,Shankerpally,40,Shankerpally,113,Green Chillies,113,Common,0.0,4.8,2000.0,3000.0,2500.0,0.0,0.0
2021-04-27 00:00:00+05:30,323,Gaddiannaram,1,Gaddiannaram,85,Musk Melon,85,Common,0.0,20.0,300.0,1200.0,500.0,0.0,0.0
2021-04-26 00:00:00+05:30,331,Vantimamidi,1612,Vantimamidi,113,Green Chillies,113,Common,0.0,421.0,1000.0,2000.0,1500.0,0.0,0.0
2021-04-27 00:00:00+05:30,323,Gaddiannaram,2,L.B Nagar,118,Field Beans,118,Common,0.0,15.0,2500.0,400.0,3200.0,0.0,0.0
2021-04-26 00:00:00+05:30,310,Shadnagar,1330,Shadnagar,103,Carrot,103,Common,0.0,13.0,700.0,1000.0,800.0,0.0,0.0
2021-04-26 00:00:00+05:30,300,Badepally,1327,Badepally,30,Groundnut pods,30,Common,0.0,1000.0,3610.0,6129.0,6129.0,0.0,0.0
2021-04-26 00:00:00+05:30,295,Sangareddy,1219,Sangaredy,117,Cluster Beans,117,Common,0.0,2.0,2000.0,2200.0,2100.0,0.0,0.0
2021-04-26 00:00:00+05:30,303,Kalwakurthy,1340,Kalwakurthy,113,Green Chillies,113,Common,0.0,11.0,600.0,1400.0,1000.0,0.0,0.0
2021-04-26 00:00:00+05:30,367,Gudimalkapur,1571,Gudumalkapur,113,Green Chillies,113,Common,0.0,277.0,1000.0,2000.0,1500.0,0.0,0.0
2021-04-26 00:00:00+05:30,256,Khammam,1067,Khammam,54,Chillies(Dry),268,Talu,0.0,7300.0,5000.0,7200.0,6000.0,0.0,0.0
2021-04-26 00:00:00+05:30,278,Suryapet,1091,Suryapet,22,Cowpea,22,Common,0.0,18.0,4671.0,5495.0,5396.0,0.0,0.0
2021-04-26 00:00:00+05:30,323,Gaddiannaram,2,L.B Nagar,118,Field Beans,118,Common,0.0,9.0,3000.0,4000.0,3500.0,0.0,0.0
2021-04-26 00:00:00+05:30,323,Gaddiannaram,1,Gaddiannaram,85,Musk Melon,85,Common,0.0,160.0,400.0,1500.0,700.0,0.0,0.0
2021-04-26 00:00:00+05:30,325,Hyderabad,6,Madannapeta,122,Bottle Gourd,122,Common,0.0,10.0,400.0,400.0,400.0,0.0,0.0
2021-04-25 00:00:00+05:30,310,Shadnagar,1330,Shadnagar,103,Carrot,103,Common,0.0,14.0,800.0,1000.0,900.0,0.0,0.0
2021-04-25 00:00:00+05:30,303,Kalwakurthy,1340,Kalwakurthy,113,Green Chillies,113,Common,0.0,13.0,1000.0,1500.0,1250.0,0.0,0.0
2021-04-25 00:00:00+05:30,295,Sangareddy,1219,Sangaredy,117,Cluster Beans,117,Common,0.0,5.0,1800.0,2100.0,2000.0,0.0,0.0
2021-04-25 00:00:00+05:30,367,Gudimalkapur,1571,Gudumalkapur,113,Green Chillies,113,Common,0.0,860.0,1000.0,2000.0,1500.0,0.0,0.0
2021-04-25 00:00:00+05:30,331,Vantimamidi,1612,Vantimamidi,113,Green Chillies,113,Common,0.0,469.0,800.0,1700.0,1250.0,0.0,0.0
2021-04-01 00:00:00+05:30,325,Hyderabad,6,Madannapeta,123,Ribbed Gourd,123,Common,0.0,6.0,2000.0,2000.0,2000.0,0.0,0.0
2021-04-01 00:00:00+05:30,323,Gaddiannaram,2,L.B Nagar,121,Snake Gourd,121,Common,0.0,3.0,1000.0,1000.0,1000.0,0.0,0.0
2021-04-01 00:00:00+05:30,324,Bowenpally,3,Bowenpally,113,Green Chillies,113,Common,0.0,1099.0,800.0,2500.0,2000.0,0.0,0.0
2021-04-01 00:00:00+05:30,321,Vikarabad,38,Vikarabad,219,Ajwan,269,Common,0.0,270.5,9059.0,15889.0,15041.0,0.0,0.0
2021-04-01 00:00:00+05:30,323,Gaddiannaram,1,Gaddiannaram,86,Water Melon,86,Common,0.0,2685.0,400.0,1000.0,600.0,0.0,0.0
2021-04-01 00:00:00+05:30,246,Warangal,886,Warangal,54,Chillies(Dry),250,Teja,0.0,4149.0,10000.0,14900.0,13000.0,0.0,0.0
2021-04-01 00:00:00+05:30,222,Karimnagar,1121,Karimnagar,25,Cotton,25,Common,0.0,45.0,4555.0,5777.0,5625.0,0.0,0.0
2021-04-01 00:00:00+05:30,219,Jagtial,1125,Jagtial,57,Tumeric,227,Finger,0.0,160.0,3500.0,6705.0,5000.0,0.0,0.0
2021-04-01 00:00:00+05:30,278,Suryapet,1091,Suryapet,30,Groundnut pods,30,Common,0.0,82.0,3009.0,5361.0,4609.0,0.0,0.0
2021-04-01 00:00:00+05:30,281,Venkateshwar Nagar,1106,V Nagar,114,Tomato,197,Local,0.0,19.5,6.0,7.0,6.0,0.0,0.0
2021-04-01 00:00:00+05:30,300,Badepally,1327,Badepally,31,Castor,31,Common,0.0,43.0,4880.0,4935.0,4919.0,0.0,0.0
2021-04-01 00:00:00+05:30,310,Shadnagar,1330,Shadnagar,111,Brinjal,111,Common,0.0,5.0,300.0,500.0,400.0,0.0,0.0
2021-04-01 00:00:00+05:30,295,Sangareddy,1219,Sangaredy,122,Bottle Gourd,122,Common,0.0,3.0,800.0,1000.0,900.0,0.0,0.0
2021-04-02 00:00:00+05:30,323,Gaddiannaram,1,Gaddiannaram,86,Water Melon,86,Common,0.0,3245.0,400.0,900.0,500.0,0.0,0.0
2021-04-02 00:00:00+05:30,323,Gaddiannaram,2,L.B Nagar,121,Snake Gourd,121,Common,0.0,3.0,1000.0,1000.0,1000.0,0.0,0.0
2021-04-01 00:00:00+05:30,303,Kalwakurthy,1340,Kalwakurthy,114,Tomato,197,Local,0.0,18.0,200.0,300.0,250.0,0.0,0.0
2021-04-01 00:00:00+05:30,309,Narayanpet,1342,Narayanpet,32,Gingelly,32,Common,0.0,1.2,4119.0,4119.0,4119.0,0.0,0.0
2021-04-02 00:00:00+05:30,324,Bowenpally,3,Bowenpally,113,Green Chillies,113,Common,0.0,923.0,800.0,2800.0,2100.0,0.0,0.0
2021-04-02 00:00:00+05:30,325,Hyderabad,6,Madannapeta,123,Ribbed Gourd,123,Common,0.0,9.0,2000.0,2500.0,2250.0,0.0,0.0
2021-04-02 00:00:00+05:30,281,Venkateshwar Nagar,1106,V Nagar,114,Tomato,197,Local,0.0,23.5,7.0,8.0,7.0,0.0,0.0
2021-04-02 00:00:00+05:30,295,Sangareddy,1219,Sangaredy,122,Bottle Gourd,122,Common,0.0,2.0,800.0,1100.0,1000.0,0.0,0.0
2021-04-02 00:00:00+05:30,367,Gudimalkapur,1571,Gudumalkapur,114,Tomato,114,Common,0.0,1753.0,200.0,400.0,300.0,0.0,0.0
2021-04-02 00:00:00+05:30,331,Vantimamidi,1612,Vantimamidi,114,Tomato,197,Local,0.0,2.0,900.0,900.0,900.0,0.0,0.0
2021-04-03 00:00:00+05:30,324,Bowenpally,3,Bowenpally,113,Green Chillies,113,Common,0.0,886.0,800.0,2800.0,2200.0,0.0,0.0
2021-04-03 00:00:00+05:30,323,Gaddiannaram,1,Gaddiannaram,86,Water Melon,86,Common,0.0,1700.0,400.0,1000.0,550.0,0.0,0.0
2021-04-03 00:00:00+05:30,323,Gaddiannaram,2,L.B Nagar,121,Snake Gourd,121,Common,0.0,1.0,1000.0,1000.0,1000.0,0.0,0.0
2021-04-02 00:00:00+05:30,303,Kalwakurthy,1340,Kalwakurthy,114,Tomato,197,Local,0.0,15.0,200.0,300.0,250.0,0.0,0.0
2021-04-03 00:00:00+05:30,319,Shankerpally,40,Shankerpally,114,Tomato,197,Local,0.0,27.0,500.0,750.0,625.0,0.0,0.0
2021-04-03 00:00:00+05:30,325,Hyderabad,6,Madannapeta,123,Ribbed Gourd,123,Common,0.0,10.0,1100.0,1100.0,1100.0,0.0,0.0
2021-04-02 00:00:00+05:30,310,Shadnagar,1330,Shadnagar,111,Brinjal,111,Common,0.0,10.0,300.0,500.0,400.0,0.0,0.0
2021-04-03 00:00:00+05:30,300,Badepally,1327,Badepally,31,Castor,31,Common,0.0,12.0,4914.0,4930.0,4930.0,0.0,0.0
2021-04-03 00:00:00+05:30,310,Shadnagar,1330,Shadnagar,111,Brinjal,111,Common,0.0,8.0,400.0,600.0,500.0,0.0,0.0
2021-04-03 00:00:00+05:30,295,Sangareddy,1219,Sangaredy,122,Bottle Gourd,122,Common,0.0,2.0,800.0,1000.0,900.0,0.0,0.0
2021-04-03 00:00:00+05:30,219,Jagtial,1125,Jagtial,57,Tumeric,227,Finger,0.0,202.0,3001.0,6501.0,6101.0,0.0,0.0
2021-04-03 00:00:00+05:30,278,Suryapet,1091,Suryapet,30,Groundnut pods,30,Common,0.0,35.0,3009.0,5151.0,5151.0,0.0,0.0
2021-04-03 00:00:00+05:30,281,Venkateshwar Nagar,1106,V Nagar,114,Tomato,197,Local,0.0,20.9,7.0,8.0,7.0,0.0,0.0
2021-04-04 00:00:00+05:30,323,Gaddiannaram,1,Gaddiannaram,86,Water Melon,86,Common,0.0,2405.0,400.0,1000.0,600.0,0.0,0.0
2021-04-03 00:00:00+05:30,331,Vantimamidi,1612,Vantimamidi,114,Tomato,197,Local,0.0,4.0,500.0,1000.0,750.0,0.0,0.0
2021-04-03 00:00:00+05:30,367,Gudimalkapur,1571,Gudumalkapur,114,Tomato,114,Common,0.0,1706.0,200.0,600.0,400.0,0.0,0.0
2021-04-03 00:00:00+05:30,303,Kalwakurthy,1340,Kalwakurthy,114,Tomato,197,Local,0.0,14.0,300.0,700.0,500.0,0.0,0.0
2021-04-04 00:00:00+05:30,325,Hyderabad,6,Madannapeta,123,Ribbed Gourd,123,Common,0.0,3.0,22200.0,2200.0,2200.0,0.0,0.0
2021-04-04 00:00:00+05:30,323,Gaddiannaram,2,L.B Nagar,121,Snake Gourd,121,Common,0.0,3.0,1000.0,1000.0,1000.0,0.0,0.0
2021-04-04 00:00:00+05:30,324,Bowenpally,3,Bowenpally,113,Green Chillies,113,Common,0.0,1099.0,1000.0,3500.0,2600.0,0.0,0.0
2021-04-04 00:00:00+05:30,281,Venkateshwar Nagar,1106,V Nagar,114,Tomato,197,Local,0.0,21.7,7.0,8.0,7.0,0.0,0.0
2021-04-04 00:00:00+05:30,295,Sangareddy,1219,Sangaredy,122,Bottle Gourd,122,Common,0.0,2.0,600.0,1000.0,800.0,0.0,0.0
2021-04-04 00:00:00+05:30,303,Kalwakurthy,1340,Kalwakurthy,114,Tomato,197,Local,0.0,24.0,250.0,600.0,425.0,0.0,0.0
2021-04-04 00:00:00+05:30,310,Shadnagar,1330,Shadnagar,111,Brinjal,111,Common,0.0,15.0,400.0,600.0,500.0,0.0,0.0
2021-04-04 00:00:00+05:30,367,Gudimalkapur,1571,Gudumalkapur,114,Tomato,114,Common,0.0,1529.0,400.0,800.0,600.0,0.0,0.0
2021-04-05 00:00:00+05:30,323,Gaddiannaram,1,Gaddiannaram,86,Water Melon,86,Common,0.0,2740.0,400.0,1000.0,600.0,0.0,0.0
2021-04-04 00:00:00+05:30,331,Vantimamidi,1612,Vantimamidi,114,Tomato,197,Local,0.0,8.0,800.0,1000.0,900.0,0.0,0.0
2021-04-05 00:00:00+05:30,325,Hyderabad,6,Madannapeta,123,Ribbed Gourd,123,Common,0.0,6.0,2000.0,2000.0,2000.0,0.0,0.0
2021-04-05 00:00:00+05:30,323,Gaddiannaram,2,L.B Nagar,121,Snake Gourd,121,Common,0.0,1.0,1000.0,1000.0,1000.0,0.0,0.0
2021-04-05 00:00:00+05:30,295,Sangareddy,1219,Sangaredy,122,Bottle Gourd,122,Common,0.0,1.0,600.0,1000.0,800.0,0.0,0.0
2021-04-05 00:00:00+05:30,303,Kalwakurthy,1340,Kalwakurthy,114,Tomato,197,Local,0.0,16.0,400.0,700.0,550.0,0.0,0.0
2021-04-05 00:00:00+05:30,310,Shadnagar,1330,Shadnagar,111,Brinjal,111,Common,0.0,15.0,300.0,400.0,300.0,0.0,0.0
2021-04-05 00:00:00+05:30,208,Nizamabad,1080,Nizamabad,17,Black Gram,17,Common,0.0,4.0,4429.0,4429.0,4429.0,0.0,0.0
2021-04-06 00:00:00+05:30,323,Gaddiannaram,1,Gaddiannaram,86,Water Melon,86,Common,0.0,2560.0,400.0,1000.0,600.0,0.0,0.0
2021-04-06 00:00:00+05:30,323,Gaddiannaram,2,L.B Nagar,121,Snake Gourd,121,Common,0.0,1.0,1000.0,1000.0,1000.0,0.0,0.0
2021-04-05 00:00:00+05:30,367,Gudimalkapur,1571,Gudumalkapur,114,Tomato,114,Common,0.0,1514.0,200.0,600.0,400.0,0.0,0.0
2021-04-05 00:00:00+05:30,331,Vantimamidi,1612,Vantimamidi,114,Tomato,197,Local,0.0,3.0,1000.0,1000.0,1000.0,0.0,0.0
2021-04-06 00:00:00+05:30,324,Bowenpally,3,Bowenpally,113,Green Chillies,113,Common,0.0,1649.0,1000.0,2500.0,2000.0,0.0,0.0
2021-04-06 00:00:00+05:30,325,Hyderabad,6,Madannapeta,123,Ribbed Gourd,123,Common,0.0,22.0,1000.0,1500.0,1200.0,0.0,0.0
2021-04-06 00:00:00+05:30,278,Suryapet,1091,Suryapet,30,Groundnut pods,30,Common,0.0,47.0,3009.0,5009.0,4761.0,0.0,0.0
2021-04-06 00:00:00+05:30,281,Venkateshwar Nagar,1106,V Nagar,114,Tomato,197,Local,0.0,24.0,7.0,8.0,8.0,0.0,0.0
2021-04-06 00:00:00+05:30,219,Jagtial,1125,Jagtial,57,Tumeric,227,Finger,0.0,235.0,3001.0,6105.0,5151.0,0.0,0.0
2021-04-06 00:00:00+05:30,246,Warangal,886,Warangal,54,Chillies(Dry),250,Teja,0.0,6415.0,9000.0,14900.0,13000.0,0.0,0.0
2021-04-06 00:00:00+05:30,300,Badepally,1327,Badepally,31,Castor,31,Common,0.0,36.0,4849.0,4927.0,4910.0,0.0,0.0
2021-04-06 00:00:00+05:30,303,Kalwakurthy,1340,Kalwakurthy,114,Tomato,197,Local,0.0,24.0,400.0,600.0,500.0,0.0,0.0
2021-04-06 00:00:00+05:30,310,Shadnagar,1330,Shadnagar,111,Brinjal,111,Common,0.0,18.0,300.0,300.0,300.0,0.0,0.0
2021-04-06 00:00:00+05:30,216,Gollapalli,1138,Gollapalli,57,Tumeric,228,Bulb,0.0,17.0,5300.0,6300.0,5800.0,0.0,0.0
2021-04-07 00:00:00+05:30,323,Gaddiannaram,1,Gaddiannaram,86,Water Melon,86,Common,0.0,2875.0,400.0,1000.0,600.0,0.0,0.0
2021-04-07 00:00:00+05:30,323,Gaddiannaram,2,L.B Nagar,121,Snake Gourd,121,Common,0.0,1.0,1000.0,1000.0,1000.0,0.0,0.0
2021-04-06 00:00:00+05:30,367,Gudimalkapur,1571,Gudumalkapur,114,Tomato,114,Common,0.0,1876.0,400.0,800.0,600.0,0.0,0.0
2021-04-06 00:00:00+05:30,331,Vantimamidi,1612,Vantimamidi,114,Tomato,197,Local,0.0,7.0,1000.0,1000.0,1000.0,0.0,0.0
2021-04-07 00:00:00+05:30,246,Warangal,886,Warangal,54,Chillies(Dry),250,Teja,0.0,5775.0,9000.0,14700.0,13500.0,0.0,0.0
2021-04-07 00:00:00+05:30,324,Bowenpally,3,Bowenpally,113,Green Chillies,113,Common,0.0,939.0,800.0,3300.0,2500.0,0.0,0.0
2021-04-07 00:00:00+05:30,325,Hyderabad,6,Madannapeta,123,Ribbed Gourd,123,Common,0.0,11.0,1100.0,1100.0,1100.0,0.0,0.0
2021-04-07 00:00:00+05:30,278,Suryapet,1091,Suryapet,30,Groundnut pods,30,Common,0.0,60.0,2009.0,5006.0,4409.0,0.0,0.0
2021-04-07 00:00:00+05:30,281,Venkateshwar Nagar,1106,V Nagar,114,Tomato,197,Local,0.0,27.9,7.0,8.0,7.0,0.0,0.0
2021-04-07 00:00:00+05:30,219,Jagtial,1125,Jagtial,57,Tumeric,227,Finger,0.0,162.0,3000.0,6911.0,6225.0,0.0,0.0
2021-04-07 00:00:00+05:30,300,Badepally,1327,Badepally,31,Castor,31,Common,0.0,24.0,4860.0,4887.0,4860.0,0.0,0.0
2021-04-07 00:00:00+05:30,310,Shadnagar,1330,Shadnagar,111,Brinjal,111,Common,0.0,20.0,300.0,400.0,300.0,0.0,0.0
2021-04-07 00:00:00+05:30,295,Sangareddy,1219,Sangaredy,122,Bottle Gourd,122,Common,0.0,1.0,600.0,1000.0,800.0,0.0,0.0
2021-04-07 00:00:00+05:30,367,Gudimalkapur,1571,Gudumalkapur,114,Tomato,114,Common,0.0,1975.0,400.0,800.0,600.0,0.0,0.0
2021-04-07 00:00:00+05:30,303,Kalwakurthy,1340,Kalwakurthy,114,Tomato,197,Local,0.0,12.0,300.0,500.0,400.0,0.0,0.0
2021-04-07 00:00:00+05:30,309,Narayanpet,1342,Narayanpet,32,Gingelly,32,Common,0.0,1.2,4216.0,4216.0,4216.0,0.0,0.0
2021-04-08 00:00:00+05:30,323,Gaddiannaram,1,Gaddiannaram,86,Water Melon,86,Common,0.0,3070.0,500.0,1000.0,700.0,0.0,0.0
2021-04-07 00:00:00+05:30,331,Vantimamidi,1612,Vantimamidi,114,Tomato,197,Local,0.0,1.0,700.0,700.0,700.0,0.0,0.0
2021-04-08 00:00:00+05:30,324,Bowenpally,3,Bowenpally,113,Green Chillies,113,Common,0.0,1008.0,800.0,2500.0,2000.0,0.0,0.0
2021-04-08 00:00:00+05:30,323,Gaddiannaram,2,L.B Nagar,121,Snake Gourd,121,Common,0.0,3.0,1000.0,1000.0,1000.0,0.0,0.0
2021-04-08 00:00:00+05:30,325,Hyderabad,6,Madannapeta,123,Ribbed Gourd,123,Common,0.0,26.0,1100.0,1100.0,1100.0,0.0,0.0
2021-04-08 00:00:00+05:30,278,Suryapet,1091,Suryapet,30,Groundnut pods,30,Common,0.0,23.0,3636.0,5021.0,3636.0,0.0,0.0
2021-04-08 00:00:00+05:30,246,Warangal,886,Warangal,54,Chillies(Dry),250,Teja,0.0,5525.0,9500.0,14900.0,12500.0,0.0,0.0
2021-04-08 00:00:00+05:30,281,Venkateshwar Nagar,1106,V Nagar,114,Tomato,197,Local,0.0,34.3,6.0,7.0,6.0,0.0,0.0
2021-04-08 00:00:00+05:30,222,Karimnagar,1121,Karimnagar,25,Cotton,25,Common,0.0,46.0,4001.0,5777.0,5411.0,0.0,0.0
2021-04-08 00:00:00+05:30,219,Jagtial,1125,Jagtial,57,Tumeric,227,Finger,0.0,99.0,3000.0,6500.0,6400.0,0.0,0.0
2021-04-08 00:00:00+05:30,303,Kalwakurthy,1340,Kalwakurthy,114,Tomato,197,Local,0.0,26.0,200.0,400.0,300.0,0.0,0.0
2021-04-08 00:00:00+05:30,310,Shadnagar,1330,Shadnagar,111,Brinjal,111,Common,0.0,20.0,300.0,400.0,300.0,0.0,0.0
2021-04-08 00:00:00+05:30,367,Gudimalkapur,1571,Gudumalkapur,114,Tomato,114,Common,0.0,1787.0,400.0,800.0,600.0,0.0,0.0
2021-04-08 00:00:00+05:30,295,Sangareddy,1219,Sangaredy,122,Bottle Gourd,122,Common,0.0,3.0,600.0,1000.0,800.0,0.0,0.0
2021-04-09 00:00:00+05:30,323,Gaddiannaram,1,Gaddiannaram,86,Water Melon,86,Common,0.0,4955.0,400.0,1100.0,600.0,0.0,0.0
2021-04-09 00:00:00+05:30,323,Gaddiannaram,2,L.B Nagar,121,Snake Gourd,121,Common,0.0,3.0,1000.0,1000.0,1000.0,0.0,0.0
2021-04-08 00:00:00+05:30,331,Vantimamidi,1612,Vantimamidi,114,Tomato,197,Local,0.0,2.0,700.0,700.0,700.0,0.0,0.0
2021-04-08 00:00:00+05:30,300,Badepally,1327,Badepally,31,Castor,31,Common,0.0,54.0,4870.0,4910.0,4910.0,0.0,0.0
2021-04-09 00:00:00+05:30,324,Bowenpally,3,Bowenpally,113,Green Chillies,113,Common,0.0,698.0,800.0,3000.0,2500.0,0.0,0.0
2021-04-09 00:00:00+05:30,325,Hyderabad,6,Madannapeta,123,Ribbed Gourd,123,Common,0.0,20.0,1000.0,1000.0,1000.0,0.0,0.0
2021-04-09 00:00:00+05:30,246,Warangal,886,Warangal,54,Chillies(Dry),250,Teja,0.0,4325.0,9500.0,14700.0,12500.0,0.0,0.0
2021-04-09 00:00:00+05:30,278,Suryapet,1091,Suryapet,30,Groundnut pods,30,Common,0.0,43.0,3366.0,5359.0,4659.0,0.0,0.0
2021-04-09 00:00:00+05:30,281,Venkateshwar Nagar,1106,V Nagar,114,Tomato,197,Local,0.0,27.5,6.0,7.0,6.0,0.0,0.0
2021-04-09 00:00:00+05:30,295,Sangareddy,1219,Sangaredy,122,Bottle Gourd,122,Common,0.0,3.0,1800.0,2100.0,1900.0,0.0,0.0
2021-04-09 00:00:00+05:30,219,Jagtial,1125,Jagtial,57,Tumeric,227,Finger,0.0,81.0,3000.0,6511.0,5065.0,0.0,0.0
2021-04-09 00:00:00+05:30,212,Choppadandi,1123,Choppadandi,15,Red Gram,234,Red,0.0,10.0,6128.0,6482.0,6477.0,0.0,0.0
2021-04-09 00:00:00+05:30,216,Gollapalli,1138,Gollapalli,57,Tumeric,228,Bulb,0.0,15.0,5600.0,6500.0,6100.0,0.0,0.0
2021-04-09 00:00:00+05:30,367,Gudimalkapur,1571,Gudumalkapur,114,Tomato,114,Common,0.0,1294.0,400.0,800.0,600.0,0.0,0.0
2021-04-09 00:00:00+05:30,303,Kalwakurthy,1340,Kalwakurthy,114,Tomato,197,Local,0.0,19.0,200.0,400.0,300.0,0.0,0.0
2021-04-09 00:00:00+05:30,310,Shadnagar,1330,Shadnagar,111,Brinjal,111,Common,0.0,15.0,300.0,400.0,350.0,0.0,0.0
2021-04-10 00:00:00+05:30,323,Gaddiannaram,1,Gaddiannaram,86,Water Melon,86,Common,0.0,2843.0,400.0,1100.0,600.0,0.0,0.0
2021-04-09 00:00:00+05:30,300,Badepally,1327,Badepally,31,Castor,31,Common,0.0,42.0,4870.0,4910.0,4910.0,0.0,0.0
2021-04-09 00:00:00+05:30,331,Vantimamidi,1612,Vantimamidi,114,Tomato,197,Local,0.0,6.0,400.0,500.0,450.0,0.0,0.0
2021-04-10 00:00:00+05:30,325,Hyderabad,6,Madannapeta,123,Ribbed Gourd,123,Common,0.0,22.0,800.0,1200.0,1000.0,0.0,0.0
2021-04-10 00:00:00+05:30,324,Bowenpally,3,Bowenpally,113,Green Chillies,113,Common,0.0,1327.0,800.0,2600.0,2200.0,0.0,0.0
2021-04-10 00:00:00+05:30,216,Gollapalli,1138,Gollapalli,57,Tumeric,228,Bulb,0.0,16.0,5500.0,6400.0,6000.0,0.0,0.0
2021-04-10 00:00:00+05:30,281,Venkateshwar Nagar,1106,V Nagar,114,Tomato,197,Local,0.0,33.6,6.0,6.0,6.0,0.0,0.0
2021-04-10 00:00:00+05:30,278,Suryapet,1091,Suryapet,30,Groundnut pods,30,Common,0.0,19.0,3309.0,5009.0,4759.0,0.0,0.0
2021-04-10 00:00:00+05:30,303,Kalwakurthy,1340,Kalwakurthy,114,Tomato,197,Local,0.0,16.0,250.0,400.0,325.0,0.0,0.0
2021-04-10 00:00:00+05:30,310,Shadnagar,1330,Shadnagar,111,Brinjal,111,Common,0.0,12.0,300.0,500.0,400.0,0.0,0.0
2021-04-10 00:00:00+05:30,295,Sangareddy,1219,Sangaredy,122,Bottle Gourd,122,Common,0.0,2.0,800.0,1000.0,900.0,0.0,0.0
2021-04-10 00:00:00+05:30,367,Gudimalkapur,1571,Gudumalkapur,114,Tomato,114,Common,0.0,1778.0,400.0,800.0,600.0,0.0,0.0
2021-04-10 00:00:00+05:30,331,Vantimamidi,1612,Vantimamidi,114,Tomato,197,Local,0.0,6.0,800.0,1000.0,900.0,0.0,0.0
2021-04-11 00:00:00+05:30,323,Gaddiannaram,2,L.B Nagar,121,Snake Gourd,121,Common,0.0,1.0,1000.0,1000.0,1000.0,0.0,0.0
2021-04-10 00:00:00+05:30,300,Badepally,1327,Badepally,31,Castor,31,Common,0.0,77.0,4242.0,4889.0,4849.0,0.0,0.0
2021-04-11 00:00:00+05:30,324,Bowenpally,3,Bowenpally,113,Green Chillies,113,Common,0.0,1518.0,800.0,2600.0,2000.0,0.0,0.0
2021-04-11 00:00:00+05:30,325,Hyderabad,6,Madannapeta,123,Ribbed Gourd,123,Common,0.0,26.0,1100.0,1100.0,1100.0,0.0,0.0
2021-04-11 00:00:00+05:30,323,Gaddiannaram,1,Gaddiannaram,86,Water Melon,86,Common,0.0,2750.0,450.0,1100.0,600.0,0.0,0.0
2021-04-11 00:00:00+05:30,295,Sangareddy,1219,Sangaredy,122,Bottle Gourd,122,Common,0.0,1.0,800.0,1000.0,900.0,0.0,0.0
2021-04-11 00:00:00+05:30,310,Shadnagar,1330,Shadnagar,111,Brinjal,111,Common,0.0,18.0,300.0,400.0,300.0,0.0,0.0
2021-04-11 00:00:00+05:30,281,Venkateshwar Nagar,1106,V Nagar,114,Tomato,197,Local,0.0,33.3,6.0,6.0,6.0,0.0,0.0
2021-04-12 00:00:00+05:30,323,Gaddiannaram,1,Gaddiannaram,86,Water Melon,86,Common,0.0,1330.0,400.0,1200.0,600.0,0.0,0.0
2021-04-11 00:00:00+05:30,303,Kalwakurthy,1340,Kalwakurthy,114,Tomato,197,Local,0.0,28.0,300.0,400.0,350.0,0.0,0.0
2021-04-11 00:00:00+05:30,367,Gudimalkapur,1571,Gudumalkapur,114,Tomato,114,Common,0.0,1736.0,400.0,800.0,600.0,0.0,0.0
2021-04-12 00:00:00+05:30,324,Bowenpally,3,Bowenpally,113,Green Chillies,113,Common,0.0,943.0,800.0,2500.0,2000.0,0.0,0.0
2021-04-12 00:00:00+05:30,325,Hyderabad,6,Madannapeta,123,Ribbed Gourd,123,Common,0.0,20.0,1000.0,1000.0,1000.0,0.0,0.0
2021-04-12 00:00:00+05:30,323,Gaddiannaram,2,L.B Nagar,121,Snake Gourd,121,Common,0.0,4.0,1000.0,1000.0,1000.0,0.0,0.0
2021-04-13 00:00:00+05:30,281,Venkateshwar Nagar,1106,V Nagar,114,Tomato,197,Local,0.0,22.9,6.0,7.0,6.0,0.0,0.0
2021-04-13 00:00:00+05:30,310,Shadnagar,1330,Shadnagar,111,Brinjal,111,Common,0.0,5.0,300.0,400.0,300.0,0.0,0.0
2021-04-13 00:00:00+05:30,323,Gaddiannaram,1,Gaddiannaram,86,Water Melon,86,Common,0.0,1255.0,400.0,1200.0,5500.0,0.0,0.0
2021-04-14 00:00:00+05:30,323,Gaddiannaram,1,Gaddiannaram,86,Water Melon,86,Common,0.0,2080.0,400.0,1200.0,500.0,0.0,0.0
2021-04-12 00:00:00+05:30,278,Suryapet,1091,Suryapet,30,Groundnut pods,30,Common,0.0,18.0,4006.0,5076.0,4666.0,0.0,0.0
2021-04-12 00:00:00+05:30,219,Jagtial,1125,Jagtial,57,Tumeric,227,Finger,0.0,54.0,3511.0,6350.0,3001.0,0.0,0.0
2021-04-12 00:00:00+05:30,295,Sangareddy,1219,Sangaredy,122,Bottle Gourd,122,Common,0.0,2.0,600.0,900.0,800.0,0.0,0.0
2021-04-12 00:00:00+05:30,310,Shadnagar,1330,Shadnagar,111,Brinjal,111,Common,0.0,18.0,300.0,300.0,300.0,0.0,0.0
2021-04-12 00:00:00+05:30,303,Kalwakurthy,1340,Kalwakurthy,114,Tomato,197,Local,0.0,27.0,200.0,300.0,250.0,0.0,0.0
2021-04-12 00:00:00+05:30,367,Gudimalkapur,1571,Gudumalkapur,114,Tomato,114,Common,0.0,1941.0,200.0,600.0,400.0,0.0,0.0
2021-04-14 00:00:00+05:30,324,Bowenpally,3,Bowenpally,113,Green Chillies,113,Common,0.0,1162.0,800.0,3000.0,2500.0,0.0,0.0
2021-04-14 00:00:00+05:30,325,Hyderabad,6,Madannapeta,123,Ribbed Gourd,123,Common,0.0,22.0,800.0,1200.0,1000.0,0.0,0.0
2021-04-14 00:00:00+05:30,323,Gaddiannaram,2,L.B Nagar,121,Snake Gourd,121,Common,0.0,1.0,1000.0,1000.0,1000.0,0.0,0.0
2021-04-13 00:00:00+05:30,303,Kalwakurthy,1340,Kalwakurthy,114,Tomato,197,Local,0.0,8.0,300.0,400.0,350.0,0.0,0.0
2021-04-14 00:00:00+05:30,281,Venkateshwar Nagar,1106,V Nagar,114,Tomato,197,Local,0.0,36.9,6.0,7.0,6.0,0.0,0.0
2021-04-14 00:00:00+05:30,367,Gudimalkapur,1571,Gudumalkapur,114,Tomato,114,Common,0.0,1606.0,600.0,1200.0,900.0,0.0,0.0
2021-04-13 00:00:00+05:30,319,Shankerpally,40,Shankerpally,114,Tomato,197,Local,0.0,10.6,400.0,500.0,450.0,0.0,0.0
2021-04-14 00:00:00+05:30,303,Kalwakurthy,1340,Kalwakurthy,114,Tomato,197,Local,0.0,4.0,300.0,400.0,350.0,0.0,0.0
2021-04-14 00:00:00+05:30,310,Shadnagar,1330,Shadnagar,111,Brinjal,111,Common,0.0,8.0,300.0,400.0,300.0,0.0,0.0
2021-04-15 00:00:00+05:30,323,Gaddiannaram,1,Gaddiannaram,86,Water Melon,86,Common,0.0,2755.0,400.0,1100.0,600.0,0.0,0.0
2021-04-14 00:00:00+05:30,331,Vantimamidi,1612,Vantimamidi,114,Tomato,197,Local,0.0,2.0,400.0,500.0,450.0,0.0,0.0
2021-04-15 00:00:00+05:30,324,Bowenpally,3,Bowenpally,113,Green Chillies,113,Common,0.0,1152.0,1000.0,3000.0,2500.0,0.0,0.0
2021-04-15 00:00:00+05:30,325,Hyderabad,6,Madannapeta,123,Ribbed Gourd,123,Common,0.0,22.0,1000.0,1200.0,1100.0,0.0,0.0
2021-04-15 00:00:00+05:30,323,Gaddiannaram,2,L.B Nagar,121,Snake Gourd,121,Common,0.0,1.0,1000.0,1000.0,1000.0,0.0,0.0
2021-04-15 00:00:00+05:30,216,Gollapalli,1138,Gollapalli,57,Tumeric,228,Bulb,0.0,7.0,5900.0,6400.0,6150.0,0.0,0.0
2021-04-15 00:00:00+05:30,219,Jagtial,1125,Jagtial,57,Tumeric,227,Finger,0.0,121.0,4500.0,6825.0,6700.0,0.0,0.0
2021-04-15 00:00:00+05:30,281,Venkateshwar Nagar,1106,V Nagar,114,Tomato,197,Local,0.0,34.6,6.0,7.0,6.0,0.0,0.0
2021-04-15 00:00:00+05:30,222,Karimnagar,1121,Karimnagar,25,Cotton,25,Common,0.0,19.0,4569.0,5888.0,5569.0,0.0,0.0
2021-04-15 00:00:00+05:30,319,Shankerpally,40,Shankerpally,114,Tomato,197,Local,0.0,5.6,500.0,500.0,500.0,0.0,0.0
2021-04-15 00:00:00+05:30,278,Suryapet,1091,Suryapet,30,Groundnut pods,30,Common,0.0,41.0,2019.0,4755.0,3509.0,0.0,0.0
2021-04-15 00:00:00+05:30,303,Kalwakurthy,1340,Kalwakurthy,114,Tomato,197,Local,0.0,29.0,200.0,300.0,250.0,0.0,0.0
2021-04-15 00:00:00+05:30,310,Shadnagar,1330,Shadnagar,111,Brinjal,111,Common,0.0,9.0,400.0,400.0,400.0,0.0,0.0
2021-04-15 00:00:00+05:30,367,Gudimalkapur,1571,Gudumalkapur,114,Tomato,114,Common,0.0,1099.0,400.0,800.0,600.0,0.0,0.0
2021-04-15 00:00:00+05:30,295,Sangareddy,1219,Sangaredy,122,Bottle Gourd,122,Common,0.0,3.0,600.0,900.0,800.0,0.0,0.0
2021-04-16 00:00:00+05:30,323,Gaddiannaram,1,Gaddiannaram,86,Water Melon,86,Common,0.0,980.0,400.0,1200.0,600.0,0.0,0.0
2021-04-15 00:00:00+05:30,331,Vantimamidi,1612,Vantimamidi,114,Tomato,197,Local,0.0,2.0,500.0,500.0,500.0,0.0,0.0
2021-04-16 00:00:00+05:30,324,Bowenpally,3,Bowenpally,113,Green Chillies,113,Common,0.0,1656.0,800.0,2500.0,2000.0,0.0,0.0
2021-04-15 00:00:00+05:30,300,Badepally,1327,Badepally,31,Castor,31,Common,0.0,93.0,4924.0,4980.0,4980.0,0.0,0.0
2021-04-15 00:00:00+05:30,309,Narayanpet,1342,Narayanpet,32,Gingelly,32,Common,0.0,1.2,4255.0,4255.0,4255.0,0.0,0.0
2021-04-16 00:00:00+05:30,278,Suryapet,1091,Suryapet,30,Groundnut pods,30,Common,0.0,46.0,3459.0,5225.0,4959.0,0.0,0.0
2021-04-16 00:00:00+05:30,281,Venkateshwar Nagar,1106,V Nagar,114,Tomato,197,Local,0.0,36.5,6.0,6.0,6.0,0.0,0.0
2021-04-16 00:00:00+05:30,246,Warangal,886,Warangal,54,Chillies(Dry),250,Teja,0.0,4506.0,9000.0,14600.0,12500.0,0.0,0.0
2021-04-16 00:00:00+05:30,216,Gollapalli,1138,Gollapalli,57,Tumeric,228,Bulb,0.0,12.0,6000.0,6400.0,6200.0,0.0,0.0
2021-04-16 00:00:00+05:30,219,Jagtial,1125,Jagtial,57,Tumeric,227,Finger,0.0,210.0,3500.0,6711.0,5401.0,0.0,0.0
2021-04-16 00:00:00+05:30,300,Badepally,1327,Badepally,31,Castor,31,Common,0.0,21.0,4889.0,4954.0,4954.0,0.0,0.0
2021-04-16 00:00:00+05:30,310,Shadnagar,1330,Shadnagar,111,Brinjal,111,Common,0.0,12.0,300.0,500.0,400.0,0.0,0.0
2021-04-16 00:00:00+05:30,295,Sangareddy,1219,Sangaredy,122,Bottle Gourd,122,Common,0.0,2.0,600.0,900.0,800.0,0.0,0.0
2021-04-16 00:00:00+05:30,303,Kalwakurthy,1340,Kalwakurthy,114,Tomato,197,Local,0.0,24.0,200.0,400.0,300.0,0.0,0.0
2021-04-17 00:00:00+05:30,323,Gaddiannaram,1,Gaddiannaram,86,Water Melon,86,Common,0.0,690.0,400.0,1200.0,600.0,0.0,0.0
2021-04-16 00:00:00+05:30,331,Vantimamidi,1612,Vantimamidi,114,Tomato,197,Local,0.0,2.0,500.0,500.0,500.0,0.0,0.0
2021-04-16 00:00:00+05:30,367,Gudimalkapur,1571,Gudumalkapur,114,Tomato,114,Common,0.0,2625.0,200.0,600.0,400.0,0.0,0.0
2021-04-17 00:00:00+05:30,324,Bowenpally,3,Bowenpally,113,Green Chillies,113,Common,0.0,2007.0,800.0,2500.0,2000.0,0.0,0.0
2021-04-17 00:00:00+05:30,319,Shankerpally,40,Shankerpally,114,Tomato,197,Local,0.0,29.0,400.0,500.0,450.0,0.0,0.0
2021-04-17 00:00:00+05:30,295,Sangareddy,1219,Sangaredy,122,Bottle Gourd,122,Common,0.0,2.0,800.0,1000.0,900.0,0.0,0.0
2021-04-17 00:00:00+05:30,300,Badepally,1327,Badepally,31,Castor,31,Common,0.0,82.0,4830.0,4880.0,4880.0,0.0,0.0
2021-04-17 00:00:00+05:30,310,Shadnagar,1330,Shadnagar,111,Brinjal,111,Common,0.0,12.0,300.0,500.0,400.0,0.0,0.0
2021-04-17 00:00:00+05:30,278,Suryapet,1091,Suryapet,30,Groundnut pods,30,Common,0.0,24.0,2629.0,4306.0,4209.0,0.0,0.0
2021-04-17 00:00:00+05:30,281,Venkateshwar Nagar,1106,V Nagar,114,Tomato,197,Local,0.0,49.0,6.0,6.0,6.0,0.0,0.0
2021-04-17 00:00:00+05:30,216,Gollapalli,1138,Gollapalli,57,Tumeric,228,Bulb,0.0,15.0,5000.0,6400.0,5400.0,0.0,0.0
2021-04-17 00:00:00+05:30,219,Jagtial,1125,Jagtial,57,Tumeric,227,Finger,0.0,94.0,3000.0,6775.0,6401.0,0.0,0.0
2021-04-17 00:00:00+05:30,303,Kalwakurthy,1340,Kalwakurthy,114,Tomato,197,Local,0.0,16.0,200.0,300.0,250.0,0.0,0.0
2021-04-17 00:00:00+05:30,367,Gudimalkapur,1571,Gudumalkapur,114,Tomato,114,Common,0.0,2141.0,200.0,400.0,300.0,0.0,0.0
2021-04-18 00:00:00+05:30,323,Gaddiannaram,1,Gaddiannaram,86,Water Melon,86,Common,0.0,1990.0,400.0,1200.0,600.0,0.0,0.0
2021-04-18 00:00:00+05:30,281,Venkateshwar Nagar,1106,V Nagar,114,Tomato,197,Local,0.0,25.5,6.0,6.0,6.0,0.0,0.0
2021-04-18 00:00:00+05:30,303,Kalwakurthy,1340,Kalwakurthy,114,Tomato,197,Local,0.0,26.0,200.0,300.0,250.0,0.0,0.0
2021-04-18 00:00:00+05:30,310,Shadnagar,1330,Shadnagar,111,Brinjal,111,Common,0.0,12.0,300.0,400.0,300.0,0.0,0.0
2021-04-18 00:00:00+05:30,295,Sangareddy,1219,Sangaredy,122,Bottle Gourd,122,Common,0.0,2.0,600.0,900.0,800.0,0.0,0.0
2021-04-18 00:00:00+05:30,367,Gudimalkapur,1571,Gudumalkapur,114,Tomato,114,Common,0.0,1720.0,200.0,400.0,300.0,0.0,0.0
2021-04-18 00:00:00+05:30,331,Vantimamidi,1612,Vantimamidi,114,Tomato,197,Local,0.0,7.0,300.0,300.0,300.0,0.0,0.0
2021-04-19 00:00:00+05:30,323,Gaddiannaram,1,Gaddiannaram,86,Water Melon,86,Common,0.0,780.0,400.0,1200.0,600.0,0.0,0.0
2021-04-19 00:00:00+05:30,323,Gaddiannaram,2,L.B Nagar,121,Snake Gourd,121,Common,0.0,1.0,1000.0,1000.0,1000.0,0.0,0.0
2021-04-19 00:00:00+05:30,324,Bowenpally,3,Bowenpally,113,Green Chillies,113,Common,0.0,916.0,800.0,2000.0,1600.0,0.0,0.0
2021-04-19 00:00:00+05:30,246,Warangal,886,Warangal,54,Chillies(Dry),250,Teja,0.0,4542.0,9000.0,14200.0,12500.0,0.0,0.0
2021-04-19 00:00:00+05:30,278,Suryapet,1091,Suryapet,30,Groundnut pods,30,Common,0.0,40.0,3639.0,5216.0,5106.0,0.0,0.0
2021-04-19 00:00:00+05:30,208,Nizamabad,1080,Nizamabad,17,Black Gram,17,Common,0.0,2.0,5000.0,5000.0,5000.0,0.0,0.0
2021-04-19 00:00:00+05:30,300,Badepally,1327,Badepally,31,Castor,31,Common,0.0,56.0,4780.0,4910.0,4894.0,0.0,0.0
2021-04-19 00:00:00+05:30,295,Sangareddy,1219,Sangaredy,122,Bottle Gourd,122,Common,0.0,1.0,800.0,1000.0,900.0,0.0,0.0
2021-04-19 00:00:00+05:30,216,Gollapalli,1138,Gollapalli,57,Tumeric,228,Bulb,0.0,10.0,6000.0,6200.0,5800.0,0.0,0.0
2021-04-19 00:00:00+05:30,219,Jagtial,1125,Jagtial,57,Tumeric,227,Finger,0.0,160.0,3500.0,6751.0,6350.0,0.0,0.0
2021-04-19 00:00:00+05:30,222,Karimnagar,1121,Karimnagar,25,Cotton,25,Common,0.0,59.0,4001.0,5921.0,5459.0,0.0,0.0
2021-04-19 00:00:00+05:30,367,Gudimalkapur,1571,Gudumalkapur,114,Tomato,114,Common,0.0,1065.0,200.0,400.0,300.0,0.0,0.0
2021-04-19 00:00:00+05:30,303,Kalwakurthy,1340,Kalwakurthy,114,Tomato,197,Local,0.0,14.0,200.0,600.0,400.0,0.0,0.0
2021-04-19 00:00:00+05:30,310,Shadnagar,1330,Shadnagar,111,Brinjal,111,Common,0.0,15.0,300.0,400.0,300.0,0.0,0.0
2021-04-20 00:00:00+05:30,323,Gaddiannaram,1,Gaddiannaram,86,Water Melon,86,Common,0.0,880.0,400.0,1200.0,600.0,0.0,0.0
2021-04-20 00:00:00+05:30,324,Bowenpally,3,Bowenpally,113,Green Chillies,113,Common,0.0,449.0,800.0,2500.0,2000.0,0.0,0.0
2021-04-20 00:00:00+05:30,278,Suryapet,1091,Suryapet,30,Groundnut pods,30,Common,0.0,39.0,3809.0,5255.0,5255.0,0.0,0.0
2021-04-20 00:00:00+05:30,281,Venkateshwar Nagar,1106,V Nagar,114,Tomato,197,Local,0.0,16.7,6.0,8.0,7.0,0.0,0.0
2021-04-20 00:00:00+05:30,246,Warangal,886,Warangal,54,Chillies(Dry),250,Teja,0.0,3819.0,9500.0,14050.0,11000.0,0.0,0.0
2021-04-20 00:00:00+05:30,325,Hyderabad,6,Madannapeta,123,Ribbed Gourd,123,Common,0.0,10.0,1000.0,1000.0,100.0,0.0,0.0
2021-04-20 00:00:00+05:30,319,Shankerpally,40,Shankerpally,114,Tomato,197,Local,0.0,37.0,400.0,500.0,450.0,0.0,0.0
2021-04-20 00:00:00+05:30,216,Gollapalli,1138,Gollapalli,57,Tumeric,228,Bulb,0.0,5.0,5000.0,6300.0,5900.0,0.0,0.0
2021-04-20 00:00:00+05:30,219,Jagtial,1125,Jagtial,57,Tumeric,227,Finger,0.0,62.0,3000.0,6500.0,5901.0,0.0,0.0
2021-04-20 00:00:00+05:30,300,Badepally,1327,Badepally,31,Castor,31,Common,0.0,101.0,4964.0,5042.0,5042.0,0.0,0.0
2021-04-21 00:00:00+05:30,323,Gaddiannaram,1,Gaddiannaram,86,Water Melon,86,Common,0.0,1270.0,400.0,1200.0,600.0,0.0,0.0
2021-04-20 00:00:00+05:30,303,Kalwakurthy,1340,Kalwakurthy,114,Tomato,197,Local,0.0,18.0,200.0,400.0,300.0,0.0,0.0
2021-04-20 00:00:00+05:30,310,Shadnagar,1330,Shadnagar,111,Brinjal,111,Common,0.0,12.0,300.0,400.0,300.0,0.0,0.0
2021-04-20 00:00:00+05:30,367,Gudimalkapur,1571,Gudumalkapur,114,Tomato,114,Common,0.0,885.0,200.0,600.0,400.0,0.0,0.0
2021-04-21 00:00:00+05:30,281,Venkateshwar Nagar,1106,V Nagar,114,Tomato,197,Local,0.0,26.3,7.0,8.0,7.0,0.0,0.0
2021-04-21 00:00:00+05:30,295,Sangareddy,1219,Sangaredy,122,Bottle Gourd,122,Common,0.0,3.0,800.0,1000.0,900.0,0.0,0.0
2021-04-21 00:00:00+05:30,310,Shadnagar,1330,Shadnagar,111,Brinjal,111,Common,0.0,14.0,300.0,300.0,300.0,0.0,0.0
2021-04-21 00:00:00+05:30,324,Bowenpally,3,Bowenpally,113,Green Chillies,113,Common,0.0,1138.0,1000.0,3200.0,2800.0,0.0,0.0
2021-04-22 00:00:00+05:30,323,Gaddiannaram,1,Gaddiannaram,86,Water Melon,86,Common,0.0,1430.0,400.0,1300.0,600.0,0.0,0.0
2021-04-21 00:00:00+05:30,331,Vantimamidi,1612,Vantimamidi,114,Tomato,197,Local,0.0,1.0,500.0,600.0,550.0,0.0,0.0
2021-04-21 00:00:00+05:30,367,Gudimalkapur,1571,Gudumalkapur,114,Tomato,114,Common,0.0,1140.0,200.0,400.0,300.0,0.0,0.0
2021-04-21 00:00:00+05:30,303,Kalwakurthy,1340,Kalwakurthy,114,Tomato,197,Local,0.0,16.0,200.0,400.0,300.0,0.0,0.0
2021-04-22 00:00:00+05:30,246,Warangal,886,Warangal,54,Chillies(Dry),250,Teja,0.0,3053.0,11000.0,14000.0,13000.0,0.0,0.0
2021-04-22 00:00:00+05:30,319,Shankerpally,40,Shankerpally,114,Tomato,197,Local,0.0,7.0,250.0,400.0,325.0,0.0,0.0
2021-04-22 00:00:00+05:30,278,Suryapet,1091,Suryapet,30,Groundnut pods,30,Common,0.0,53.0,3856.0,5291.0,4811.0,0.0,0.0
2021-04-22 00:00:00+05:30,300,Badepally,1327,Badepally,31,Castor,31,Common,0.0,34.0,4997.0,5094.0,5094.0,0.0,0.0
2021-04-22 00:00:00+05:30,295,Sangareddy,1219,Sangaredy,122,Bottle Gourd,122,Common,0.0,2.0,700.0,900.0,800.0,0.0,0.0
2021-04-22 00:00:00+05:30,281,Venkateshwar Nagar,1106,V Nagar,114,Tomato,197,Local,0.0,25.4,7.0,8.0,7.0,0.0,0.0
2021-04-22 00:00:00+05:30,219,Jagtial,1125,Jagtial,57,Tumeric,227,Finger,0.0,60.0,3001.0,6701.0,5911.0,0.0,0.0
2021-04-22 00:00:00+05:30,222,Karimnagar,1121,Karimnagar,25,Cotton,25,Common,0.0,11.0,4289.0,5786.0,5286.0,0.0,0.0
2021-04-22 00:00:00+05:30,310,Shadnagar,1330,Shadnagar,111,Brinjal,111,Common,0.0,10.0,300.0,400.0,300.0,0.0,0.0
2021-04-22 00:00:00+05:30,303,Kalwakurthy,1340,Kalwakurthy,114,Tomato,197,Local,0.0,17.0,200.0,400.0,300.0,0.0,0.0
2021-04-22 00:00:00+05:30,367,Gudimalkapur,1571,Gudumalkapur,114,Tomato,114,Common,0.0,1588.0,300.0,500.0,400.0,0.0,0.0
2021-04-23 00:00:00+05:30,246,Warangal,886,Warangal,54,Chillies(Dry),250,Teja,0.0,4983.0,10000.0,14000.0,13000.0,0.0,0.0
2021-04-23 00:00:00+05:30,323,Gaddiannaram,1,Gaddiannaram,86,Water Melon,86,Common,0.0,1570.0,400.0,1200.0,600.0,0.0,0.0
2021-04-23 00:00:00+05:30,281,Venkateshwar Nagar,1106,V Nagar,114,Tomato,197,Local,0.0,26.2,7.0,8.0,7.0,0.0,0.0
2021-04-23 00:00:00+05:30,219,Jagtial,1125,Jagtial,57,Tumeric,227,Finger,0.0,59.0,6751.0,3101.0,5800.0,0.0,0.0
2021-04-23 00:00:00+05:30,295,Sangareddy,1219,Sangaredy,122,Bottle Gourd,122,Common,0.0,4.0,800.0,1000.0,900.0,0.0,0.0
2021-04-23 00:00:00+05:30,300,Badepally,1327,Badepally,31,Castor,31,Common,0.0,79.0,5149.0,5199.0,5199.0,0.0,0.0
2021-04-23 00:00:00+05:30,303,Kalwakurthy,1340,Kalwakurthy,114,Tomato,197,Local,0.0,11.0,450.0,700.0,575.0,0.0,0.0
2021-04-23 00:00:00+05:30,310,Shadnagar,1330,Shadnagar,111,Brinjal,111,Common,0.0,15.0,300.0,300.0,300.0,0.0,0.0
2021-04-23 00:00:00+05:30,331,Vantimamidi,1612,Vantimamidi,114,Tomato,197,Local,0.0,4.0,400.0,400.0,400.0,0.0,0.0
2021-04-23 00:00:00+05:30,367,Gudimalkapur,1571,Gudumalkapur,114,Tomato,114,Common,0.0,1863.0,200.0,600.0,400.0,0.0,0.0
2021-04-24 00:00:00+05:30,319,Shankerpally,40,Shankerpally,114,Tomato,197,Local,0.0,16.4,400.0,500.0,450.0,0.0,0.0
2021-04-24 00:00:00+05:30,323,Gaddiannaram,1,Gaddiannaram,86,Water Melon,86,Common,0.0,1020.0,400.0,1200.0,600.0,0.0,0.0
2021-04-24 00:00:00+05:30,278,Suryapet,1091,Suryapet,30,Groundnut pods,30,Common,0.0,15.0,3529.0,4646.0,4646.0,0.0,0.0
2021-04-24 00:00:00+05:30,281,Venkateshwar Nagar,1106,V Nagar,114,Tomato,197,Local,0.0,26.2,7.0,8.0,7.0,0.0,0.0
2021-04-24 00:00:00+05:30,219,Jagtial,1125,Jagtial,57,Tumeric,227,Finger,0.0,9.0,5000.0,6729.0,6511.0,0.0,0.0
2021-04-24 00:00:00+05:30,295,Sangareddy,1219,Sangaredy,122,Bottle Gourd,122,Common,0.0,3.0,600.0,900.0,800.0,0.0,0.0
2021-04-24 00:00:00+05:30,300,Badepally,1327,Badepally,31,Castor,31,Common,0.0,44.0,4849.0,5110.0,5110.0,0.0,0.0
2021-04-24 00:00:00+05:30,367,Gudimalkapur,1571,Gudumalkapur,114,Tomato,114,Common,0.0,1619.0,200.0,400.0,300.0,0.0,0.0
2021-04-24 00:00:00+05:30,303,Kalwakurthy,1340,Kalwakurthy,114,Tomato,197,Local,0.0,14.0,600.0,900.0,750.0,0.0,0.0
2021-04-24 00:00:00+05:30,310,Shadnagar,1330,Shadnagar,111,Brinjal,111,Common,0.0,12.0,300.0,300.0,300.0,0.0,0.0
2021-04-25 00:00:00+05:30,281,Venkateshwar Nagar,1106,V Nagar,114,Tomato,197,Local,0.0,20.2,7.0,8.0,7.0,0.0,0.0
2021-04-25 00:00:00+05:30,325,Hyderabad,6,Madannapeta,123,Ribbed Gourd,123,Common,0.0,11.0,1100.0,1100.0,1100.0,0.0,0.0
2021-04-25 00:00:00+05:30,367,Gudimalkapur,1571,Gudumalkapur,114,Tomato,114,Common,0.0,1253.0,200.0,600.0,400.0,0.0,0.0
2021-04-25 00:00:00+05:30,295,Sangareddy,1219,Sangaredy,122,Bottle Gourd,122,Common,0.0,4.0,600.0,1000.0,800.0,0.0,0.0
2021-04-25 00:00:00+05:30,303,Kalwakurthy,1340,Kalwakurthy,114,Tomato,197,Local,0.0,23.0,300.0,600.0,450.0,0.0,0.0
2021-04-25 00:00:00+05:30,310,Shadnagar,1330,Shadnagar,111,Brinjal,111,Common,0.0,14.0,300.0,400.0,300.0,0.0,0.0
2021-04-26 00:00:00+05:30,325,Hyderabad,6,Madannapeta,123,Ribbed Gourd,123,Common,0.0,23.0,900.0,900.0,900.0,0.0,0.0
2021-04-26 00:00:00+05:30,324,Bowenpally,3,Bowenpally,113,Green Chillies,113,Common,0.0,356.0,1000.0,2500.0,2000.0,0.0,0.0
2021-04-26 00:00:00+05:30,323,Gaddiannaram,1,Gaddiannaram,86,Water Melon,86,Common,0.0,1330.0,400.0,1200.0,600.0,0.0,0.0
2021-04-26 00:00:00+05:30,278,Suryapet,1091,Suryapet,30,Groundnut pods,30,Common,0.0,14.0,3056.0,5151.0,5151.0,0.0,0.0
2021-04-26 00:00:00+05:30,222,Karimnagar,1121,Karimnagar,25,Cotton,25,Common,0.0,15.0,5359.0,5398.0,5398.0,0.0,0.0
2021-04-26 00:00:00+05:30,219,Jagtial,1125,Jagtial,57,Tumeric,227,Finger,0.0,33.0,3200.0,6501.0,6250.0,0.0,0.0
2021-04-26 00:00:00+05:30,367,Gudimalkapur,1571,Gudumalkapur,114,Tomato,114,Common,0.0,1125.0,200.0,600.0,400.0,0.0,0.0
2021-04-26 00:00:00+05:30,303,Kalwakurthy,1340,Kalwakurthy,114,Tomato,197,Local,0.0,23.0,200.0,400.0,300.0,0.0,0.0
2021-04-26 00:00:00+05:30,295,Sangareddy,1219,Sangaredy,122,Bottle Gourd,122,Common,0.0,2.0,600.0,900.0,800.0,0.0,0.0
2021-04-26 00:00:00+05:30,300,Badepally,1327,Badepally,31,Castor,31,Common,0.0,78.0,4780.0,4980.0,4980.0,0.0,0.0
2021-04-26 00:00:00+05:30,310,Shadnagar,1330,Shadnagar,111,Brinjal,111,Common,0.0,15.0,300.0,400.0,300.0,0.0,0.0
2021-04-27 00:00:00+05:30,324,Bowenpally,3,Bowenpally,113,Green Chillies,113,Common,0.0,686.0,1000.0,3200.0,2800.0,0.0,0.0
2021-04-26 00:00:00+05:30,331,Vantimamidi,1612,Vantimamidi,114,Tomato,197,Local,0.0,1.0,600.0,600.0,600.0,0.0,0.0
2021-04-27 00:00:00+05:30,323,Gaddiannaram,1,Gaddiannaram,86,Water Melon,86,Common,0.0,1010.0,300.0,1000.0,800.0,0.0,0.0
2021-04-27 00:00:00+05:30,319,Shankerpally,40,Shankerpally,114,Tomato,197,Local,0.0,29.0,400.0,500.0,450.0,0.0,0.0
2021-04-27 00:00:00+05:30,325,Hyderabad,6,Madannapeta,123,Ribbed Gourd,123,Common,0.0,21.0,800.0,1000.0,900.0,0.0,0.0
2021-04-27 00:00:00+05:30,281,Venkateshwar Nagar,1106,V Nagar,114,Tomato,197,Local,0.0,22.8,7.0,8.0,7.0,0.0,0.0
2021-04-27 00:00:00+05:30,278,Suryapet,1091,Suryapet,30,Groundnut pods,30,Common,0.0,1.0,3066.0,3066.0,3066.0,0.0,0.0
2021-04-27 00:00:00+05:30,303,Kalwakurthy,1340,Kalwakurthy,114,Tomato,197,Local,0.0,14.0,300.0,500.0,400.0,0.0,0.0
2021-04-27 00:00:00+05:30,310,Shadnagar,1330,Shadnagar,111,Brinjal,111,Common,0.0,10.0,300.0,500.0,400.0,0.0,0.0
2021-04-27 00:00:00+05:30,367,Gudimalkapur,1571,Gudumalkapur,114,Tomato,114,Common,0.0,1613.0,200.0,600.0,400.0,0.0,0.0
2021-04-28 00:00:00+05:30,323,Gaddiannaram,1,Gaddiannaram,86,Water Melon,86,Common,0.0,970.0,400.0,1200.0,600.0,0.0,0.0
2021-04-28 00:00:00+05:30,325,Hyderabad,6,Madannapeta,123,Ribbed Gourd,123,Common,0.0,20.0,900.0,900.0,900.0,0.0,0.0
2021-04-28 00:00:00+05:30,278,Suryapet,1091,Suryapet,30,Groundnut pods,30,Common,0.0,35.0,3511.0,4856.0,4306.0,0.0,0.0
2021-04-28 00:00:00+05:30,281,Venkateshwar Nagar,1106,V Nagar,114,Tomato,197,Local,0.0,24.9,7.0,8.0,7.0,0.0,0.0
2021-04-28 00:00:00+05:30,219,Jagtial,1125,Jagtial,57,Tumeric,227,Finger,0.0,67.0,4551.0,6868.0,6311.0,0.0,0.0
2021-04-28 00:00:00+05:30,295,Sangareddy,1219,Sangaredy,122,Bottle Gourd,122,Common,0.0,4.0,600.0,1000.0,800.0,0.0,0.0
2021-04-28 00:00:00+05:30,300,Badepally,1327,Badepally,31,Castor,31,Common,0.0,94.0,4860.0,5027.0,5014.0,0.0,0.0
2021-04-28 00:00:00+05:30,310,Shadnagar,1330,Shadnagar,111,Brinjal,111,Common,0.0,15.0,300.0,400.0,300.0,0.0,0.0
2021-04-28 00:00:00+05:30,290,Siddipet,1193,Siddipet,16,Green Gram,16,Common,0.0,1.8,6216.0,6666.0,6441.0,0.0,0.0
2021-04-28 00:00:00+05:30,303,Kalwakurthy,1340,Kalwakurthy,114,Tomato,197,Local,0.0,19.0,400.0,600.0,500.0,0.0,0.0
2021-04-28 00:00:00+05:30,367,Gudimalkapur,1571,Gudumalkapur,114,Tomato,114,Common,0.0,1560.0,200.0,600.0,400.0,0.0,0.0
2021-04-29 00:00:00+05:30,323,Gaddiannaram,1,Gaddiannaram,86,Water Melon,86,Common,0.0,900.0,400.0,1200.0,600.0,0.0,0.0
2021-04-28 00:00:00+05:30,331,Vantimamidi,1612,Vantimamidi,114,Tomato,197,Local,0.0,7.0,400.0,400.0,400.0,0.0,0.0
2021-04-29 00:00:00+05:30,324,Bowenpally,3,Bowenpally,113,Green Chillies,113,Common,0.0,1180.0,1000.0,2500.0,2000.0,0.0,0.0
2021-04-29 00:00:00+05:30,319,Shankerpally,40,Shankerpally,114,Tomato,197,Local,0.0,7.0,500.0,500.0,500.0,0.0,0.0
2021-04-29 00:00:00+05:30,325,Hyderabad,6,Madannapeta,123,Ribbed Gourd,123,Common,0.0,36.0,1000.0,1000.0,1000.0,0.0,0.0
2021-04-29 00:00:00+05:30,278,Suryapet,1091,Suryapet,30,Groundnut pods,30,Common,0.0,19.0,4525.0,4923.0,4923.0,0.0,0.0
2021-04-29 00:00:00+05:30,281,Venkateshwar Nagar,1106,V Nagar,114,Tomato,197,Local,0.0,24.8,7.0,7.0,7.0,0.0,0.0
2021-04-29 00:00:00+05:30,222,Karimnagar,1121,Karimnagar,25,Cotton,25,Common,0.0,22.0,4209.0,5436.0,5336.0,0.0,0.0
2021-04-29 00:00:00+05:30,219,Jagtial,1125,Jagtial,57,Tumeric,227,Finger,0.0,31.0,4411.0,6551.0,5450.0,0.0,0.0
2021-04-29 00:00:00+05:30,310,Shadnagar,1330,Shadnagar,111,Brinjal,111,Common,0.0,14.0,300.0,500.0,400.0,0.0,0.0
2021-04-29 00:00:00+05:30,295,Sangareddy,1219,Sangaredy,122,Bottle Gourd,122,Common,0.0,4.0,600.0,900.0,800.0,0.0,0.0
2021-04-29 00:00:00+05:30,331,Vantimamidi,1612,Vantimamidi,114,Tomato,197,Local,0.0,7.0,300.0,300.0,300.0,0.0,0.0
2021-04-29 00:00:00+05:30,367,Gudimalkapur,1571,Gudumalkapur,114,Tomato,114,Common,0.0,1785.0,200.0,600.0,400.0,0.0,0.0
2021-04-30 00:00:00+05:30,281,Venkateshwar Nagar,1106,V Nagar,114,Tomato,197,Local,0.0,25.0,7.0,8.0,7.0,0.0,0.0
2021-04-30 00:00:00+05:30,219,Jagtial,1125,Jagtial,57,Tumeric,227,Finger,0.0,19.0,3500.0,6711.0,6200.0,0.0,0.0
2021-04-30 00:00:00+05:30,279,Thirumalagiri,9,Tirmalagiri,18,Horse Gram,18,Common,0.0,4.0,4500.0,5429.0,5429.0,0.0,0.0
2021-04-30 00:00:00+05:30,278,Suryapet,1091,Suryapet,30,Groundnut pods,30,Common,0.0,3.0,4555.0,4555.0,4555.0,0.0,0.0
2021-04-30 00:00:00+05:30,325,Hyderabad,6,Madannapeta,123,Ribbed Gourd,123,Common,0.0,20.0,900.0,900.0,900.0,0.0,0.0
2021-04-30 00:00:00+05:30,324,Bowenpally,3,Bowenpally,113,Green Chillies,113,Common,0.0,1184.0,600.0,2000.0,1800.0,0.0,0.0
2021-04-29 00:00:00+05:30,303,Kalwakurthy,1340,Kalwakurthy,114,Tomato,197,Local,0.0,16.0,400.0,700.0,550.0,0.0,0.0
2021-04-30 00:00:00+05:30,310,Shadnagar,1330,Shadnagar,111,Brinjal,111,Common,0.0,10.0,400.0,600.0,500.0,0.0,0.0
2021-04-30 00:00:00+05:30,303,Kalwakurthy,1340,Kalwakurthy,114,Tomato,197,Local,0.0,30.0,300.0,600.0,450.0,0.0,0.0
2021-04-30 00:00:00+05:30,367,Gudimalkapur,1571,Gudumalkapur,114,Tomato,114,Common,0.0,1752.0,200.0,600.0,400.0,0.0,0.0
2021-04-07 00:00:00+05:30,323,Gaddiannaram,2,L.B Nagar,122,Bottle Gourd,122,Common,0.0,32.0,500.0,1000.0,700.0,0.0,0.0
2021-04-07 00:00:00+05:30,323,Gaddiannaram,1,Gaddiannaram,87,Pine apple,87,Common,0.0,1094.0,480.0,3200.0,960.0,0.0,0.0
2021-04-06 00:00:00+05:30,310,Shadnagar,1330,Shadnagar,112,Ladys Finger,112,Common,0.0,10.0,1500.0,1800.0,1600.0,0.0,0.0
2021-04-06 00:00:00+05:30,246,Warangal,886,Warangal,54,Chillies(Dry),251,Wonderhot,0.0,4658.0,11500.0,16100.0,14500.0,0.0,0.0
2021-04-06 00:00:00+05:30,219,Jagtial,1125,Jagtial,57,Tumeric,228,Bulb,0.0,163.0,3001.0,6105.0,5151.0,0.0,0.0
2021-04-06 00:00:00+05:30,281,Venkateshwar Nagar,1106,V Nagar,117,Cluster Beans,117,Common,0.0,3.5,15.0,16.0,15.0,0.0,0.0
2021-04-06 00:00:00+05:30,325,Hyderabad,6,Madannapeta,125,Bitter Gourd,125,Common,0.0,13.0,1500.0,1500.0,1500.0,0.0,0.0
2021-04-06 00:00:00+05:30,279,Thirumalagiri,9,Tirmalagiri,22,Cowpea,22,Common,0.0,15.0,5471.0,5571.0,5571.0,0.0,0.0
2021-04-06 00:00:00+05:30,323,Gaddiannaram,2,L.B Nagar,122,Bottle Gourd,122,Common,0.0,34.0,500.0,1000.0,700.0,0.0,0.0
2021-04-06 00:00:00+05:30,323,Gaddiannaram,1,Gaddiannaram,87,Pine apple,87,Common,0.0,90.0,480.0,3200.0,960.0,0.0,0.0
2021-04-05 00:00:00+05:30,310,Shadnagar,1330,Shadnagar,112,Ladys Finger,112,Common,0.0,10.0,1500.0,2000.0,1800.0,0.0,0.0
2021-04-05 00:00:00+05:30,295,Sangareddy,1219,Sangaredy,125,Bitter Gourd,125,Common,0.0,1.0,1500.0,2000.0,1800.0,0.0,0.0
2021-04-05 00:00:00+05:30,323,Gaddiannaram,2,L.B Nagar,122,Bottle Gourd,122,Common,0.0,39.0,800.0,1000.0,900.0,0.0,0.0
2021-04-05 00:00:00+05:30,325,Hyderabad,6,Madannapeta,125,Bitter Gourd,125,Common,0.0,2.0,2000.0,2000.0,2000.0,0.0,0.0
2021-04-05 00:00:00+05:30,323,Gaddiannaram,1,Gaddiannaram,87,Pine apple,87,Common,0.0,700.0,480.0,2800.0,1040.0,0.0,0.0
2021-04-04 00:00:00+05:30,310,Shadnagar,1330,Shadnagar,112,Ladys Finger,112,Common,0.0,12.0,1800.0,2300.0,2000.0,0.0,0.0
2021-04-04 00:00:00+05:30,295,Sangareddy,1219,Sangaredy,125,Bitter Gourd,125,Common,0.0,1.0,2000.0,2200.0,2100.0,0.0,0.0
2021-04-04 00:00:00+05:30,281,Venkateshwar Nagar,1106,V Nagar,117,Cluster Beans,117,Common,0.0,2.6,14.0,15.0,14.0,0.0,0.0
2021-04-04 00:00:00+05:30,323,Gaddiannaram,2,L.B Nagar,122,Bottle Gourd,122,Common,0.0,50.0,500.0,1200.0,800.0,0.0,0.0
2021-04-04 00:00:00+05:30,325,Hyderabad,6,Madannapeta,125,Bitter Gourd,125,Common,0.0,19.0,1200.0,1500.0,1350.0,0.0,0.0
2021-04-03 00:00:00+05:30,309,Narayanpet,1342,Narayanpet,47,Tamarind Seed,47,Common,0.0,8.0,1401.0,4919.0,4469.0,0.0,0.0
2021-04-03 00:00:00+05:30,281,Venkateshwar Nagar,1106,V Nagar,117,Cluster Beans,117,Common,0.0,3.25,14.0,15.0,14.0,0.0,0.0
2021-04-03 00:00:00+05:30,219,Jagtial,1125,Jagtial,57,Tumeric,228,Bulb,0.0,130.0,3100.0,6400.0,5601.0,0.0,0.0
2021-04-03 00:00:00+05:30,295,Sangareddy,1219,Sangaredy,125,Bitter Gourd,125,Common,0.0,2.0,1800.0,2100.0,1900.0,0.0,0.0
2021-04-03 00:00:00+05:30,310,Shadnagar,1330,Shadnagar,112,Ladys Finger,112,Common,0.0,6.0,1800.0,2000.0,1900.0,0.0,0.0
2021-04-02 00:00:00+05:30,310,Shadnagar,1330,Shadnagar,112,Ladys Finger,112,Common,0.0,8.0,1800.0,2200.0,1900.0,0.0,0.0
2021-04-03 00:00:00+05:30,325,Hyderabad,6,Madannapeta,125,Bitter Gourd,125,Common,0.0,7.0,1800.0,2000.0,1900.0,0.0,0.0
2021-04-03 00:00:00+05:30,323,Gaddiannaram,2,L.B Nagar,122,Bottle Gourd,122,Common,0.0,14.0,800.0,1000.0,900.0,0.0,0.0
2021-04-03 00:00:00+05:30,323,Gaddiannaram,1,Gaddiannaram,87,Pine apple,87,Common,0.0,810.0,400.0,2400.0,880.0,0.0,0.0
2021-04-02 00:00:00+05:30,295,Sangareddy,1219,Sangaredy,125,Bitter Gourd,125,Common,0.0,1.0,1800.0,2100.0,1900.0,0.0,0.0
2021-04-02 00:00:00+05:30,281,Venkateshwar Nagar,1106,V Nagar,117,Cluster Beans,117,Common,0.0,2.1,15.0,15.0,15.0,0.0,0.0
2021-04-02 00:00:00+05:30,325,Hyderabad,6,Madannapeta,125,Bitter Gourd,125,Common,0.0,2.0,2000.0,2000.0,2000.0,0.0,0.0
2021-04-02 00:00:00+05:30,323,Gaddiannaram,2,L.B Nagar,122,Bottle Gourd,122,Common,0.0,19.0,800.0,1000.0,900.0,0.0,0.0
2021-04-02 00:00:00+05:30,323,Gaddiannaram,1,Gaddiannaram,87,Pine apple,87,Common,0.0,890.0,400.0,2400.0,880.0,0.0,0.0
2021-04-01 00:00:00+05:30,295,Sangareddy,1219,Sangaredy,125,Bitter Gourd,125,Common,0.0,2.0,1800.0,2000.0,1900.0,0.0,0.0
2021-04-01 00:00:00+05:30,310,Shadnagar,1330,Shadnagar,112,Ladys Finger,112,Common,0.0,8.0,1800.0,2000.0,1900.0,0.0,0.0
2021-04-01 00:00:00+05:30,281,Venkateshwar Nagar,1106,V Nagar,117,Cluster Beans,117,Common,0.0,1.5,15.0,15.0,15.0,0.0,0.0
2021-04-01 00:00:00+05:30,219,Jagtial,1125,Jagtial,57,Tumeric,228,Bulb,0.0,103.0,3000.0,6011.0,5251.0,0.0,0.0
2021-04-01 00:00:00+05:30,246,Warangal,886,Warangal,54,Chillies(Dry),251,Wonderhot,0.0,3862.0,10000.0,15600.0,13000.0,0.0,0.0
2021-04-01 00:00:00+05:30,323,Gaddiannaram,1,Gaddiannaram,87,Pine apple,87,Common,0.0,440.0,400.0,2400.0,800.0,0.0,0.0
2021-04-01 00:00:00+05:30,279,Thirumalagiri,9,Tirmalagiri,22,Cowpea,22,Common,0.0,19.0,5260.0,5519.0,5419.0,0.0,0.0
2021-04-01 00:00:00+05:30,323,Gaddiannaram,2,L.B Nagar,122,Bottle Gourd,122,Common,0.0,33.0,800.0,1000.0,900.0,0.0,0.0
2021-04-01 00:00:00+05:30,325,Hyderabad,6,Madannapeta,125,Bitter Gourd,125,Common,0.0,4.0,1500.0,2000.0,1750.0,0.0,0.0
2021-04-12 00:00:00+05:30,323,Gaddiannaram,2,L.B Nagar,122,Bottle Gourd,122,Common,0.0,10.0,500.0,1000.0,700.0,0.0,0.0
2021-04-12 00:00:00+05:30,325,Hyderabad,6,Madannapeta,125,Bitter Gourd,125,Common,0.0,7.0,1500.0,1500.0,1500.0,0.0,0.0
2021-04-11 00:00:00+05:30,303,Kalwakurthy,1340,Kalwakurthy,117,Cluster Beans,117,Common,0.0,2.0,1000.0,1500.0,1250.0,0.0,0.0
2021-04-12 00:00:00+05:30,323,Gaddiannaram,1,Gaddiannaram,87,Pine apple,87,Common,0.0,720.0,480.0,2800.0,960.0,0.0,0.0
2021-04-11 00:00:00+05:30,281,Venkateshwar Nagar,1106,V Nagar,117,Cluster Beans,117,Common,0.0,2.1,10.0,10.0,10.0,0.0,0.0
2021-04-11 00:00:00+05:30,310,Shadnagar,1330,Shadnagar,112,Ladys Finger,112,Common,0.0,15.0,1500.0,2000.0,1800.0,0.0,0.0
2021-04-11 00:00:00+05:30,295,Sangareddy,1219,Sangaredy,125,Bitter Gourd,125,Common,0.0,1.0,1800.0,2100.0,1900.0,0.0,0.0
2021-04-11 00:00:00+05:30,323,Gaddiannaram,1,Gaddiannaram,87,Pine apple,87,Common,0.0,910.0,400.0,2400.0,800.0,0.0,0.0
2021-04-11 00:00:00+05:30,325,Hyderabad,6,Madannapeta,125,Bitter Gourd,125,Common,0.0,15.0,1300.0,1500.0,1400.0,0.0,0.0
2021-04-11 00:00:00+05:30,323,Gaddiannaram,2,L.B Nagar,122,Bottle Gourd,122,Common,0.0,14.0,500.0,1000.0,700.0,0.0,0.0
2021-04-10 00:00:00+05:30,295,Sangareddy,1219,Sangaredy,125,Bitter Gourd,125,Common,0.0,2.0,1800.0,2100.0,1900.0,0.0,0.0
2021-04-10 00:00:00+05:30,310,Shadnagar,1330,Shadnagar,112,Ladys Finger,112,Common,0.0,15.0,1600.0,2000.0,1800.0,0.0,0.0
2021-04-10 00:00:00+05:30,281,Venkateshwar Nagar,1106,V Nagar,117,Cluster Beans,117,Common,0.0,3.2,10.0,10.0,10.0,0.0,0.0
2021-04-10 00:00:00+05:30,325,Hyderabad,6,Madannapeta,125,Bitter Gourd,125,Common,0.0,11.0,1000.0,2000.0,1500.0,0.0,0.0
2021-04-10 00:00:00+05:30,323,Gaddiannaram,1,Gaddiannaram,87,Pine apple,87,Common,0.0,350.0,480.0,2800.0,960.0,0.0,0.0
2021-04-09 00:00:00+05:30,310,Shadnagar,1330,Shadnagar,112,Ladys Finger,112,Common,0.0,18.0,1600.0,2000.0,1800.0,0.0,0.0
2021-04-09 00:00:00+05:30,303,Kalwakurthy,1340,Kalwakurthy,117,Cluster Beans,117,Common,0.0,1.0,1300.0,1500.0,1400.0,0.0,0.0
2021-04-09 00:00:00+05:30,219,Jagtial,1125,Jagtial,57,Tumeric,228,Bulb,0.0,63.0,4601.0,6401.0,4706.0,0.0,0.0
2021-04-09 00:00:00+05:30,295,Sangareddy,1219,Sangaredy,125,Bitter Gourd,125,Common,0.0,2.0,600.0,900.0,800.0,0.0,0.0
2021-04-09 00:00:00+05:30,281,Venkateshwar Nagar,1106,V Nagar,117,Cluster Beans,117,Common,0.0,1.5,15.0,16.0,15.0,0.0,0.0
2021-04-09 00:00:00+05:30,246,Warangal,886,Warangal,54,Chillies(Dry),251,Wonderhot,0.0,2653.0,10000.0,15800.0,13500.0,0.0,0.0
2021-04-09 00:00:00+05:30,325,Hyderabad,6,Madannapeta,125,Bitter Gourd,125,Common,0.0,7.0,1500.0,1500.0,1500.0,0.0,0.0
2021-04-09 00:00:00+05:30,279,Thirumalagiri,9,Tirmalagiri,22,Cowpea,22,Common,0.0,32.0,5221.0,5561.0,5531.0,0.0,0.0
2021-04-09 00:00:00+05:30,323,Gaddiannaram,2,L.B Nagar,122,Bottle Gourd,122,Common,0.0,26.0,500.0,1000.0,700.0,0.0,0.0
2021-04-09 00:00:00+05:30,323,Gaddiannaram,1,Gaddiannaram,87,Pine apple,87,Common,0.0,1100.0,640.0,3600.0,1120.0,0.0,0.0
2021-04-08 00:00:00+05:30,310,Shadnagar,1330,Shadnagar,112,Ladys Finger,112,Common,0.0,18.0,1800.0,2000.0,1900.0,0.0,0.0
2021-04-08 00:00:00+05:30,219,Jagtial,1125,Jagtial,57,Tumeric,228,Bulb,0.0,68.0,3000.0,6200.0,4751.0,0.0,0.0
2021-04-08 00:00:00+05:30,281,Venkateshwar Nagar,1106,V Nagar,117,Cluster Beans,117,Common,0.0,3.1,10.0,10.0,10.0,0.0,0.0
2021-04-08 00:00:00+05:30,246,Warangal,886,Warangal,54,Chillies(Dry),251,Wonderhot,0.0,3053.0,10000.0,15500.0,13500.0,0.0,0.0
2021-04-08 00:00:00+05:30,325,Hyderabad,6,Madannapeta,125,Bitter Gourd,125,Common,0.0,15.0,1300.0,1500.0,1400.0,0.0,0.0
2021-04-08 00:00:00+05:30,323,Gaddiannaram,2,L.B Nagar,122,Bottle Gourd,122,Common,0.0,28.0,500.0,1000.0,700.0,0.0,0.0
2021-04-08 00:00:00+05:30,323,Gaddiannaram,1,Gaddiannaram,87,Pine apple,87,Common,0.0,600.0,480.0,2800.0,960.0,0.0,0.0
2021-04-07 00:00:00+05:30,303,Kalwakurthy,1340,Kalwakurthy,117,Cluster Beans,117,Common,0.0,1.0,1300.0,1500.0,1400.0,0.0,0.0
2021-04-07 00:00:00+05:30,310,Shadnagar,1330,Shadnagar,112,Ladys Finger,112,Common,0.0,18.0,1700.0,2000.0,1800.0,0.0,0.0
2021-04-07 00:00:00+05:30,219,Jagtial,1125,Jagtial,57,Tumeric,228,Bulb,0.0,144.0,4100.0,6511.0,5201.0,0.0,0.0
2021-04-07 00:00:00+05:30,281,Venkateshwar Nagar,1106,V Nagar,117,Cluster Beans,117,Common,0.0,3.1,10.0,12.0,10.0,0.0,0.0
2021-04-07 00:00:00+05:30,325,Hyderabad,6,Madannapeta,125,Bitter Gourd,125,Common,0.0,15.0,1000.0,1500.0,1300.0,0.0,0.0
2021-04-07 00:00:00+05:30,246,Warangal,886,Warangal,54,Chillies(Dry),251,Wonderhot,0.0,3740.0,10000.0,15800.0,13500.0,0.0,0.0
2021-04-19 00:00:00+05:30,323,Gaddiannaram,2,L.B Nagar,122,Bottle Gourd,122,Common,0.0,22.0,500.0,800.0,600.0,0.0,0.0
2021-04-19 00:00:00+05:30,323,Gaddiannaram,1,Gaddiannaram,87,Pine apple,87,Common,0.0,1170.0,800.0,4500.0,1500.0,0.0,0.0
2021-04-18 00:00:00+05:30,295,Sangareddy,1219,Sangaredy,125,Bitter Gourd,125,Common,0.0,2.0,1500.0,1800.0,1600.0,0.0,0.0
2021-04-18 00:00:00+05:30,310,Shadnagar,1330,Shadnagar,112,Ladys Finger,112,Common,0.0,10.0,800.0,1000.0,900.0,0.0,0.0
2021-04-18 00:00:00+05:30,303,Kalwakurthy,1340,Kalwakurthy,117,Cluster Beans,117,Common,0.0,1.0,500.0,500.0,500.0,0.0,0.0
2021-04-18 00:00:00+05:30,281,Venkateshwar Nagar,1106,V Nagar,117,Cluster Beans,117,Common,0.0,1.1,12.0,12.0,12.0,0.0,0.0
2021-04-18 00:00:00+05:30,323,Gaddiannaram,2,L.B Nagar,122,Bottle Gourd,122,Common,0.0,21.0,500.0,600.0,550.0,0.0,0.0
2021-04-18 00:00:00+05:30,323,Gaddiannaram,1,Gaddiannaram,87,Pine apple,87,Common,0.0,1090.0,800.0,4500.0,1500.0,0.0,0.0
2021-04-17 00:00:00+05:30,303,Kalwakurthy,1340,Kalwakurthy,117,Cluster Beans,117,Common,0.0,1.0,600.0,700.0,650.0,0.0,0.0
2021-04-17 00:00:00+05:30,219,Jagtial,1125,Jagtial,57,Tumeric,228,Bulb,0.0,62.0,3500.0,6350.0,6010.0,0.0,0.0
2021-04-17 00:00:00+05:30,281,Venkateshwar Nagar,1106,V Nagar,117,Cluster Beans,117,Common,0.0,3.0,10.0,10.0,10.0,0.0,0.0
2021-04-17 00:00:00+05:30,310,Shadnagar,1330,Shadnagar,112,Ladys Finger,112,Common,0.0,11.0,1200.0,1500.0,1300.0,0.0,0.0
2021-04-17 00:00:00+05:30,295,Sangareddy,1219,Sangaredy,125,Bitter Gourd,125,Common,0.0,3.0,1500.0,2000.0,1800.0,0.0,0.0
2021-04-17 00:00:00+05:30,323,Gaddiannaram,1,Gaddiannaram,87,Pine apple,87,Common,0.0,1350.0,640.0,3600.0,1200.0,0.0,0.0
2021-04-16 00:00:00+05:30,303,Kalwakurthy,1340,Kalwakurthy,117,Cluster Beans,117,Common,0.0,2.0,500.0,600.0,550.0,0.0,0.0
2021-04-17 00:00:00+05:30,323,Gaddiannaram,2,L.B Nagar,122,Bottle Gourd,122,Common,0.0,18.0,500.0,600.0,550.0,0.0,0.0
2021-04-16 00:00:00+05:30,295,Sangareddy,1219,Sangaredy,125,Bitter Gourd,125,Common,0.0,1.0,1500.0,1800.0,1600.0,0.0,0.0
2021-04-16 00:00:00+05:30,310,Shadnagar,1330,Shadnagar,112,Ladys Finger,112,Common,0.0,10.0,1900.0,2200.0,2000.0,0.0,0.0
2021-04-16 00:00:00+05:30,219,Jagtial,1125,Jagtial,57,Tumeric,228,Bulb,0.0,110.0,4500.0,6251.0,5501.0,0.0,0.0
2021-04-16 00:00:00+05:30,246,Warangal,886,Warangal,54,Chillies(Dry),251,Wonderhot,0.0,3014.0,9500.0,15800.0,13500.0,0.0,0.0
2021-04-16 00:00:00+05:30,281,Venkateshwar Nagar,1106,V Nagar,117,Cluster Beans,117,Common,0.0,2.0,10.0,10.0,10.0,0.0,0.0
2021-04-16 00:00:00+05:30,212,Choppadandi,1123,Choppadandi,16,Green Gram,16,Common,0.0,1.0,4000.0,4000.0,4000.0,0.0,0.0
2021-04-16 00:00:00+05:30,323,Gaddiannaram,2,L.B Nagar,122,Bottle Gourd,122,Common,0.0,33.0,500.0,800.0,600.0,0.0,0.0
2021-04-16 00:00:00+05:30,325,Hyderabad,6,Madannapeta,125,Bitter Gourd,125,Common,0.0,23.0,1000.0,1000.0,1000.0,0.0,0.0
2021-04-16 00:00:00+05:30,323,Gaddiannaram,1,Gaddiannaram,87,Pine apple,87,Common,0.0,1440.0,480.0,3200.0,1120.0,0.0,0.0
2021-04-15 00:00:00+05:30,295,Sangareddy,1219,Sangaredy,125,Bitter Gourd,125,Common,0.0,2.0,1200.0,1600.0,1400.0,0.0,0.0
2021-04-15 00:00:00+05:30,310,Shadnagar,1330,Shadnagar,112,Ladys Finger,112,Common,0.0,5.0,1800.0,2000.0,1900.0,0.0,0.0
2021-04-15 00:00:00+05:30,303,Kalwakurthy,1340,Kalwakurthy,117,Cluster Beans,117,Common,0.0,1.0,500.0,1000.0,750.0,0.0,0.0
2021-04-15 00:00:00+05:30,281,Venkateshwar Nagar,1106,V Nagar,117,Cluster Beans,117,Common,0.0,2.6,10.0,10.0,10.0,0.0,0.0
2021-04-15 00:00:00+05:30,219,Jagtial,1125,Jagtial,57,Tumeric,228,Bulb,0.0,76.0,3001.0,6325.0,6300.0,0.0,0.0
2021-04-15 00:00:00+05:30,323,Gaddiannaram,2,L.B Nagar,122,Bottle Gourd,122,Common,0.0,35.0,500.0,800.0,600.0,0.0,0.0
2021-04-15 00:00:00+05:30,325,Hyderabad,6,Madannapeta,125,Bitter Gourd,125,Common,0.0,13.0,1500.0,1500.0,1500.0,0.0,0.0
2021-04-15 00:00:00+05:30,279,Thirumalagiri,9,Tirmalagiri,22,Cowpea,22,Common,0.0,3.0,5420.0,5420.0,5420.0,0.0,0.0
2021-04-15 00:00:00+05:30,323,Gaddiannaram,1,Gaddiannaram,87,Pine apple,87,Common,0.0,1260.0,480.0,2800.0,960.0,0.0,0.0
2021-04-14 00:00:00+05:30,310,Shadnagar,1330,Shadnagar,112,Ladys Finger,112,Common,0.0,10.0,1800.0,2000.0,1900.0,0.0,0.0
2021-04-14 00:00:00+05:30,303,Kalwakurthy,1340,Kalwakurthy,117,Cluster Beans,117,Common,0.0,1.0,700.0,700.0,700.0,0.0,0.0
2021-04-14 00:00:00+05:30,281,Venkateshwar Nagar,1106,V Nagar,117,Cluster Beans,117,Common,0.0,4.0,10.0,10.0,10.0,0.0,0.0
2021-04-14 00:00:00+05:30,295,Sangareddy,1219,Sangaredy,125,Bitter Gourd,125,Common,0.0,2.0,1500.0,1800.0,1600.0,0.0,0.0
2021-04-14 00:00:00+05:30,323,Gaddiannaram,2,L.B Nagar,122,Bottle Gourd,122,Common,0.0,25.0,500.0,1000.0,700.0,0.0,0.0
2021-04-14 00:00:00+05:30,325,Hyderabad,6,Madannapeta,125,Bitter Gourd,125,Common,0.0,11.0,1000.0,2000.0,1500.0,0.0,0.0
2021-04-12 00:00:00+05:30,303,Kalwakurthy,1340,Kalwakurthy,117,Cluster Beans,117,Common,0.0,2.0,800.0,1000.0,900.0,0.0,0.0
2021-04-12 00:00:00+05:30,310,Shadnagar,1330,Shadnagar,112,Ladys Finger,112,Common,0.0,15.0,1500.0,1800.0,1600.0,0.0,0.0
2021-04-12 00:00:00+05:30,219,Jagtial,1125,Jagtial,57,Tumeric,228,Bulb,0.0,30.0,4051.0,5911.0,5150.0,0.0,0.0
2021-04-14 00:00:00+05:30,323,Gaddiannaram,1,Gaddiannaram,87,Pine apple,87,Common,0.0,990.0,480.0,3040.0,1040.0,0.0,0.0
2021-04-13 00:00:00+05:30,323,Gaddiannaram,1,Gaddiannaram,87,Pine apple,87,Common,0.0,815.0,480.0,2800.0,960.0,0.0,0.0
2021-04-13 00:00:00+05:30,310,Shadnagar,1330,Shadnagar,112,Ladys Finger,112,Common,0.0,4.0,1800.0,2000.0,1900.0,0.0,0.0
2021-04-13 00:00:00+05:30,281,Venkateshwar Nagar,1106,V Nagar,117,Cluster Beans,117,Common,0.0,1.0,10.0,10.0,10.0,0.0,0.0
2021-04-25 00:00:00+05:30,325,Hyderabad,6,Madannapeta,125,Bitter Gourd,125,Common,0.0,15.0,1000.0,1500.0,1250.0,0.0,0.0
2021-04-25 00:00:00+05:30,323,Gaddiannaram,2,L.B Nagar,122,Bottle Gourd,122,Common,0.0,24.0,500.0,1000.0,700.0,0.0,0.0
2021-04-24 00:00:00+05:30,310,Shadnagar,1330,Shadnagar,112,Ladys Finger,112,Common,0.0,14.0,1500.0,1800.0,1600.0,0.0,0.0
2021-04-24 00:00:00+05:30,303,Kalwakurthy,1340,Kalwakurthy,117,Cluster Beans,117,Common,0.0,1.0,1000.0,1000.0,1000.0,0.0,0.0
2021-04-25 00:00:00+05:30,323,Gaddiannaram,1,Gaddiannaram,87,Pine apple,87,Common,0.0,1090.0,640.0,3200.0,1200.0,0.0,0.0
2021-04-24 00:00:00+05:30,295,Sangareddy,1219,Sangaredy,125,Bitter Gourd,125,Common,0.0,1.0,1700.0,2000.0,1900.0,0.0,0.0
2021-04-24 00:00:00+05:30,219,Jagtial,1125,Jagtial,57,Tumeric,228,Bulb,0.0,24.0,5000.0,6120.0,6511.0,0.0,0.0
2021-04-24 00:00:00+05:30,323,Gaddiannaram,1,Gaddiannaram,87,Pine apple,87,Common,0.0,820.0,640.0,3200.0,1200.0,0.0,0.0
2021-04-24 00:00:00+05:30,323,Gaddiannaram,2,L.B Nagar,122,Bottle Gourd,122,Common,0.0,25.0,500.0,800.0,600.0,0.0,0.0
2021-04-23 00:00:00+05:30,310,Shadnagar,1330,Shadnagar,112,Ladys Finger,112,Common,0.0,10.0,1200.0,1500.0,1300.0,0.0,0.0
2021-04-23 00:00:00+05:30,295,Sangareddy,1219,Sangaredy,125,Bitter Gourd,125,Common,0.0,1.0,1800.0,2000.0,1900.0,0.0,0.0
2021-04-23 00:00:00+05:30,219,Jagtial,1125,Jagtial,57,Tumeric,228,Bulb,0.0,66.0,6111.0,4201.0,5201.0,0.0,0.0
2021-04-23 00:00:00+05:30,281,Venkateshwar Nagar,1106,V Nagar,117,Cluster Beans,117,Common,0.0,2.6,12.0,12.0,12.0,0.0,0.0
2021-04-23 00:00:00+05:30,323,Gaddiannaram,1,Gaddiannaram,87,Pine apple,87,Common,0.0,820.0,640.0,3200.0,1200.0,0.0,0.0
2021-04-23 00:00:00+05:30,323,Gaddiannaram,2,L.B Nagar,122,Bottle Gourd,122,Common,0.0,43.0,500.0,800.0,600.0,0.0,0.0
2021-04-23 00:00:00+05:30,246,Warangal,886,Warangal,54,Chillies(Dry),251,Wonderhot,0.0,3698.0,10000.0,15600.0,14000.0,0.0,0.0
2021-04-22 00:00:00+05:30,310,Shadnagar,1330,Shadnagar,112,Ladys Finger,112,Common,0.0,13.0,900.0,1200.0,1000.0,0.0,0.0
2021-04-22 00:00:00+05:30,219,Jagtial,1125,Jagtial,57,Tumeric,228,Bulb,0.0,42.0,3001.0,6301.0,5500.0,0.0,0.0
2021-04-22 00:00:00+05:30,281,Venkateshwar Nagar,1106,V Nagar,117,Cluster Beans,117,Common,0.0,1.5,10.0,12.0,10.0,0.0,0.0
2021-04-22 00:00:00+05:30,295,Sangareddy,1219,Sangaredy,125,Bitter Gourd,125,Common,0.0,2.0,1700.0,2000.0,1800.0,0.0,0.0
2021-04-22 00:00:00+05:30,246,Warangal,886,Warangal,54,Chillies(Dry),251,Wonderhot,0.0,2217.0,12000.0,16000.0,14000.0,0.0,0.0
2021-04-22 00:00:00+05:30,279,Thirumalagiri,9,Tirmalagiri,22,Cowpea,22,Common,0.0,2.0,5000.0,5200.0,5200.0,0.0,0.0
2021-04-22 00:00:00+05:30,323,Gaddiannaram,1,Gaddiannaram,87,Pine apple,87,Common,0.0,810.0,800.0,4000.0,1500.0,0.0,0.0
2021-04-22 00:00:00+05:30,323,Gaddiannaram,2,L.B Nagar,122,Bottle Gourd,122,Common,0.0,43.0,500.0,800.0,600.0,0.0,0.0
2021-04-21 00:00:00+05:30,323,Gaddiannaram,2,L.B Nagar,122,Bottle Gourd,122,Common,0.0,57.0,500.0,800.0,600.0,0.0,0.0
2021-04-21 00:00:00+05:30,310,Shadnagar,1330,Shadnagar,112,Ladys Finger,112,Common,0.0,10.0,1000.0,1200.0,1100.0,0.0,0.0
2021-04-21 00:00:00+05:30,281,Venkateshwar Nagar,1106,V Nagar,117,Cluster Beans,117,Common,0.0,8.0,10.0,12.0,10.0,0.0,0.0
2021-04-20 00:00:00+05:30,310,Shadnagar,1330,Shadnagar,112,Ladys Finger,112,Common,0.0,10.0,1000.0,1500.0,1200.0,0.0,0.0
2021-04-21 00:00:00+05:30,323,Gaddiannaram,1,Gaddiannaram,87,Pine apple,87,Common,0.0,1180.0,640.0,3200.0,1200.0,0.0,0.0
2021-04-20 00:00:00+05:30,219,Jagtial,1125,Jagtial,57,Tumeric,228,Bulb,0.0,36.0,3001.0,6000.0,5600.0,0.0,0.0
2021-04-20 00:00:00+05:30,325,Hyderabad,6,Madannapeta,125,Bitter Gourd,125,Common,0.0,2.0,1500.0,1500.0,1500.0,0.0,0.0
2021-04-20 00:00:00+05:30,246,Warangal,886,Warangal,54,Chillies(Dry),251,Wonderhot,0.0,1497.0,10000.0,15800.0,13500.0,0.0,0.0
2021-04-20 00:00:00+05:30,281,Venkateshwar Nagar,1106,V Nagar,117,Cluster Beans,117,Common,0.0,1.0,10.0,10.0,10.0,0.0,0.0
2021-04-20 00:00:00+05:30,323,Gaddiannaram,2,L.B Nagar,122,Bottle Gourd,122,Common,0.0,32.0,500.0,1000.0,700.0,0.0,0.0
2021-04-20 00:00:00+05:30,323,Gaddiannaram,1,Gaddiannaram,87,Pine apple,87,Common,0.0,710.0,640.0,3600.0,1200.0,0.0,0.0
2021-04-19 00:00:00+05:30,310,Shadnagar,1330,Shadnagar,112,Ladys Finger,112,Common,0.0,9.0,1000.0,1200.0,1000.0,0.0,0.0
2021-04-19 00:00:00+05:30,219,Jagtial,1125,Jagtial,57,Tumeric,228,Bulb,0.0,105.0,3001.0,6325.0,5500.0,0.0,0.0
2021-04-19 00:00:00+05:30,295,Sangareddy,1219,Sangaredy,125,Bitter Gourd,125,Common,0.0,2.0,1800.0,2000.0,1900.0,0.0,0.0
2021-04-19 00:00:00+05:30,246,Warangal,886,Warangal,54,Chillies(Dry),251,Wonderhot,0.0,4093.0,10000.0,16000.0,13500.0,0.0,0.0
2021-04-19 00:00:00+05:30,279,Thirumalagiri,9,Tirmalagiri,22,Cowpea,22,Common,0.0,7.0,5309.0,5429.0,5429.0,0.0,0.0
2021-04-30 00:00:00+05:30,303,Kalwakurthy,1340,Kalwakurthy,117,Cluster Beans,117,Common,0.0,1.0,800.0,1000.0,900.0,0.0,0.0
2021-04-30 00:00:00+05:30,310,Shadnagar,1330,Shadnagar,112,Ladys Finger,112,Common,0.0,13.0,1300.0,1600.0,1400.0,0.0,0.0
2021-04-30 00:00:00+05:30,295,Sangareddy,1219,Sangaredy,125,Bitter Gourd,125,Common,0.0,1.0,1800.0,2000.0,1900.0,0.0,0.0
2021-04-29 00:00:00+05:30,303,Kalwakurthy,1340,Kalwakurthy,117,Cluster Beans,117,Common,0.0,1.0,1000.0,1000.0,1000.0,0.0,0.0
2021-04-30 00:00:00+05:30,323,Gaddiannaram,1,Gaddiannaram,87,Pine apple,87,Common,0.0,1340.0,800.0,4000.0,1500.0,0.0,0.0
2021-04-30 00:00:00+05:30,323,Gaddiannaram,2,L.B Nagar,122,Bottle Gourd,122,Common,0.0,15.0,1500.0,2000.0,1700.0,0.0,0.0
2021-04-30 00:00:00+05:30,325,Hyderabad,6,Madannapeta,125,Bitter Gourd,125,Common,0.0,12.0,1000.0,1000.0,1000.0,0.0,0.0
2021-04-30 00:00:00+05:30,219,Jagtial,1125,Jagtial,57,Tumeric,228,Bulb,0.0,10.0,5400.0,6464.0,6111.0,0.0,0.0
2021-04-30 00:00:00+05:30,281,Venkateshwar Nagar,1106,V Nagar,117,Cluster Beans,117,Common,0.0,1.0,10.0,10.0,10.0,0.0,0.0
2021-04-29 00:00:00+05:30,295,Sangareddy,1219,Sangaredy,125,Bitter Gourd,125,Common,0.0,1.0,1800.0,2000.0,1900.0,0.0,0.0
2021-04-29 00:00:00+05:30,310,Shadnagar,1330,Shadnagar,112,Ladys Finger,112,Common,0.0,13.0,1600.0,2000.0,1800.0,0.0,0.0
2021-04-29 00:00:00+05:30,219,Jagtial,1125,Jagtial,57,Tumeric,228,Bulb,0.0,19.0,4425.0,5850.0,5131.0,0.0,0.0
2021-04-29 00:00:00+05:30,281,Venkateshwar Nagar,1106,V Nagar,117,Cluster Beans,117,Common,0.0,2.5,14.0,16.0,15.0,0.0,0.0
2021-04-29 00:00:00+05:30,323,Gaddiannaram,2,L.B Nagar,122,Bottle Gourd,122,Common,0.0,19.0,500.0,800.0,600.0,0.0,0.0
2021-04-29 00:00:00+05:30,323,Gaddiannaram,1,Gaddiannaram,87,Pine apple,87,Common,0.0,900.0,640.0,3200.0,1200.0,0.0,0.0
2021-04-28 00:00:00+05:30,303,Kalwakurthy,1340,Kalwakurthy,117,Cluster Beans,117,Common,0.0,2.0,800.0,1000.0,900.0,0.0,0.0
2021-04-28 00:00:00+05:30,310,Shadnagar,1330,Shadnagar,112,Ladys Finger,112,Common,0.0,12.0,1600.0,1800.0,1700.0,0.0,0.0
2021-04-28 00:00:00+05:30,219,Jagtial,1125,Jagtial,57,Tumeric,228,Bulb,0.0,46.0,5000.0,6363.0,5801.0,0.0,0.0
2021-04-28 00:00:00+05:30,281,Venkateshwar Nagar,1106,V Nagar,117,Cluster Beans,117,Common,0.0,2.1,10.0,10.0,10.0,0.0,0.0
2021-04-28 00:00:00+05:30,279,Thirumalagiri,9,Tirmalagiri,22,Cowpea,22,Common,0.0,9.0,5000.0,5529.0,5529.0,0.0,0.0
2021-04-28 00:00:00+05:30,325,Hyderabad,6,Madannapeta,125,Bitter Gourd,125,Common,0.0,12.0,2000.0,2000.0,2000.0,0.0,0.0
2021-04-28 00:00:00+05:30,323,Gaddiannaram,2,L.B Nagar,122,Bottle Gourd,122,Common,0.0,29.0,500.0,800.0,600.0,0.0,0.0
2021-04-28 00:00:00+05:30,323,Gaddiannaram,1,Gaddiannaram,87,Pine apple,87,Common,0.0,900.0,640.0,3200.0,1200.0,0.0,0.0
2021-04-27 00:00:00+05:30,310,Shadnagar,1330,Shadnagar,112,Ladys Finger,112,Common,0.0,8.0,1200.0,1600.0,1300.0,0.0,0.0
2021-04-27 00:00:00+05:30,303,Kalwakurthy,1340,Kalwakurthy,117,Cluster Beans,117,Common,0.0,1.0,800.0,1000.0,900.0,0.0,0.0
2021-04-27 00:00:00+05:30,325,Hyderabad,6,Madannapeta,125,Bitter Gourd,125,Common,0.0,12.0,1000.0,1000.0,1000.0,0.0,0.0
2021-04-27 00:00:00+05:30,323,Gaddiannaram,1,Gaddiannaram,87,Pine apple,87,Common,0.0,630.0,640.0,3200.0,1200.0,0.0,0.0
2021-04-27 00:00:00+05:30,323,Gaddiannaram,2,L.B Nagar,122,Bottle Gourd,122,Common,0.0,20.0,500.0,800.0,600.0,0.0,0.0
2021-04-26 00:00:00+05:30,310,Shadnagar,1330,Shadnagar,112,Ladys Finger,112,Common,0.0,16.0,1200.0,1600.0,1300.0,0.0,0.0
2021-04-26 00:00:00+05:30,295,Sangareddy,1219,Sangaredy,125,Bitter Gourd,125,Common,0.0,1.0,1600.0,1900.0,1800.0,0.0,0.0
2021-04-26 00:00:00+05:30,219,Jagtial,1125,Jagtial,57,Tumeric,228,Bulb,0.0,19.0,4251.0,6050.0,6050.0,0.0,0.0
2021-04-26 00:00:00+05:30,323,Gaddiannaram,1,Gaddiannaram,87,Pine apple,87,Common,0.0,720.0,640.0,3200.0,1200.0,0.0,0.0
2021-04-26 00:00:00+05:30,323,Gaddiannaram,2,L.B Nagar,122,Bottle Gourd,122,Common,0.0,27.0,500.0,800.0,550.0,0.0,0.0
2021-04-26 00:00:00+05:30,325,Hyderabad,6,Madannapeta,125,Bitter Gourd,125,Common,0.0,10.0,1000.0,1000.0,1000.0,0.0,0.0
2021-04-25 00:00:00+05:30,310,Shadnagar,1330,Shadnagar,112,Ladys Finger,112,Common,0.0,15.0,1500.0,1800.0,1600.0,0.0,0.0
2021-04-25 00:00:00+05:30,303,Kalwakurthy,1340,Kalwakurthy,117,Cluster Beans,117,Common,0.0,2.0,800.0,1000.0,900.0,0.0,0.0
2021-04-25 00:00:00+05:30,295,Sangareddy,1219,Sangaredy,125,Bitter Gourd,125,Common,0.0,1.0,1800.0,2000.0,1900.0,0.0,0.0
2021-04-01 00:00:00+05:30,325,Hyderabad,6,Madannapeta,127,Kheera,127,Common,0.0,2.0,2500.0,2500.0,2500.0,0.0,0.0
2021-04-01 00:00:00+05:30,323,Gaddiannaram,2,L.B Nagar,123,Ribbed Gourd,123,Common,0.0,34.0,1500.0,2500.0,2000.0,0.0,0.0
2021-04-01 00:00:00+05:30,324,Bowenpally,3,Bowenpally,114,Tomato,210,618,0.0,1875.0,200.0,800.0,600.0,0.0,0.0
2021-04-01 00:00:00+05:30,246,Warangal,886,Warangal,54,Chillies(Dry),252,US-341,0.0,6539.0,9500.0,14300.0,12500.0,0.0,0.0
2021-04-01 00:00:00+05:30,310,Shadnagar,1330,Shadnagar,113,Green Chillies,113,Common,0.0,13.0,1200.0,1500.0,1300.0,0.0,0.0
2021-04-01 00:00:00+05:30,295,Sangareddy,1219,Sangaredy,155,Donda,155,Common,0.0,2.0,1400.0,2000.0,1700.0,0.0,0.0
2021-04-02 00:00:00+05:30,323,Gaddiannaram,2,L.B Nagar,123,Ribbed Gourd,123,Common,0.0,31.0,1500.0,2500.0,2000.0,0.0,0.0
2021-04-01 00:00:00+05:30,331,Vantimamidi,1612,Vantimamidi,116,French Beans,116,Common,0.0,138.0,1600.0,3700.0,2650.0,0.0,0.0
2021-04-02 00:00:00+05:30,325,Hyderabad,6,Madannapeta,127,Kheera,127,Common,0.0,8.0,1000.0,1500.0,1250.0,0.0,0.0
2021-04-02 00:00:00+05:30,325,Hyderabad,7,Meeralamandi,127,Kheera,127,Common,0.0,5.0,1000.0,1200.0,1100.0,0.0,0.0
2021-04-02 00:00:00+05:30,324,Bowenpally,3,Bowenpally,114,Tomato,210,618,0.0,1911.0,400.0,600.0,600.0,0.0,0.0
2021-04-02 00:00:00+05:30,295,Sangareddy,1219,Sangaredy,155,Donda,155,Common,0.0,1.0,1500.0,1800.0,1700.0,0.0,0.0
2021-04-02 00:00:00+05:30,331,Vantimamidi,1612,Vantimamidi,116,French Beans,116,Common,0.0,88.0,2000.0,3500.0,2750.0,0.0,0.0
2021-04-02 00:00:00+05:30,367,Gudimalkapur,1571,Gudumalkapur,116,French Beans,116,Common,0.0,138.0,2000.0,3000.0,2500.0,0.0,0.0
2021-04-03 00:00:00+05:30,323,Gaddiannaram,2,L.B Nagar,123,Ribbed Gourd,123,Common,0.0,32.0,2000.0,2500.0,2200.0,0.0,0.0
2021-04-03 00:00:00+05:30,324,Bowenpally,3,Bowenpally,114,Tomato,210,618,0.0,1949.0,400.0,1000.0,800.0,0.0,0.0
2021-04-03 00:00:00+05:30,325,Hyderabad,6,Madannapeta,127,Kheera,127,Common,0.0,10.0,800.0,1000.0,900.0,0.0,0.0
2021-04-02 00:00:00+05:30,310,Shadnagar,1330,Shadnagar,113,Green Chillies,113,Common,0.0,2200.0,1000.0,1300.0,1200.0,0.0,0.0
2021-04-03 00:00:00+05:30,325,Hyderabad,7,Meeralamandi,127,Kheera,127,Common,0.0,10.0,1000.0,1500.0,1250.0,0.0,0.0
2021-04-03 00:00:00+05:30,310,Shadnagar,1330,Shadnagar,113,Green Chillies,113,Common,0.0,25.0,1200.0,1400.0,1300.0,0.0,0.0
2021-04-03 00:00:00+05:30,295,Sangareddy,1219,Sangaredy,155,Donda,155,Common,0.0,1.0,1500.0,1800.0,1600.0,0.0,0.0
2021-04-03 00:00:00+05:30,212,Choppadandi,1123,Choppadandi,25,Cotton,25,Common,0.0,11.0,3900.0,4500.0,4000.0,0.0,0.0
2021-04-03 00:00:00+05:30,367,Gudimalkapur,1571,Gudumalkapur,116,French Beans,116,Common,0.0,112.0,1800.0,2500.0,2100.0,0.0,0.0
2021-04-03 00:00:00+05:30,331,Vantimamidi,1612,Vantimamidi,116,French Beans,116,Common,0.0,125.0,1200.0,4000.0,2600.0,0.0,0.0
2021-04-04 00:00:00+05:30,323,Gaddiannaram,1,Gaddiannaram,88,Jack fruit,88,Common,0.0,80.0,2400.0,4800.0,3200.0,0.0,0.0
2021-04-04 00:00:00+05:30,325,Hyderabad,6,Madannapeta,127,Kheera,127,Common,0.0,24.0,500.0,800.0,650.0,0.0,0.0
2021-04-04 00:00:00+05:30,323,Gaddiannaram,2,L.B Nagar,123,Ribbed Gourd,123,Common,0.0,38.0,1500.0,2500.0,2000.0,0.0,0.0
2021-04-04 00:00:00+05:30,324,Bowenpally,3,Bowenpally,114,Tomato,210,618,0.0,1974.0,400.0,1000.0,900.0,0.0,0.0
2021-04-04 00:00:00+05:30,295,Sangareddy,1219,Sangaredy,155,Donda,155,Common,0.0,2.0,1600.0,1900.0,1800.0,0.0,0.0
2021-04-04 00:00:00+05:30,310,Shadnagar,1330,Shadnagar,113,Green Chillies,113,Common,0.0,30.0,1300.0,1500.0,1400.0,0.0,0.0
2021-04-04 00:00:00+05:30,367,Gudimalkapur,1571,Gudumalkapur,116,French Beans,116,Common,0.0,152.0,1000.0,2500.0,2000.0,0.0,0.0
2021-04-04 00:00:00+05:30,331,Vantimamidi,1612,Vantimamidi,116,French Beans,116,Common,0.0,126.0,1500.0,3300.0,2900.0,0.0,0.0
2021-04-05 00:00:00+05:30,325,Hyderabad,6,Madannapeta,127,Kheera,127,Common,0.0,8.0,1000.0,1200.0,1100.0,0.0,0.0
2021-04-05 00:00:00+05:30,323,Gaddiannaram,2,L.B Nagar,123,Ribbed Gourd,123,Common,0.0,33.0,1500.0,2500.0,2000.0,0.0,0.0
2021-04-05 00:00:00+05:30,295,Sangareddy,1219,Sangaredy,155,Donda,155,Common,0.0,1.0,1500.0,1800.0,1700.0,0.0,0.0
2021-04-05 00:00:00+05:30,310,Shadnagar,1330,Shadnagar,113,Green Chillies,113,Common,0.0,35.0,1200.0,1500.0,1300.0,0.0,0.0
2021-04-05 00:00:00+05:30,325,Hyderabad,7,Meeralamandi,127,Kheera,127,Common,0.0,7.0,800.0,1000.0,900.0,0.0,0.0
2021-04-06 00:00:00+05:30,323,Gaddiannaram,2,L.B Nagar,123,Ribbed Gourd,123,Common,0.0,38.0,2000.0,3000.0,2500.0,0.0,0.0
2021-04-05 00:00:00+05:30,331,Vantimamidi,1612,Vantimamidi,116,French Beans,116,Common,0.0,103.0,2000.0,3200.0,2600.0,0.0,0.0
2021-04-05 00:00:00+05:30,367,Gudimalkapur,1571,Gudumalkapur,116,French Beans,116,Common,0.0,98.0,1500.0,2500.0,2000.0,0.0,0.0
2021-04-06 00:00:00+05:30,325,Hyderabad,7,Meeralamandi,127,Kheera,127,Common,0.0,7.0,800.0,1200.0,1000.0,0.0,0.0
2021-04-06 00:00:00+05:30,325,Hyderabad,6,Madannapeta,127,Kheera,127,Common,0.0,20.0,600.0,1000.0,800.0,0.0,0.0
2021-04-06 00:00:00+05:30,324,Bowenpally,3,Bowenpally,114,Tomato,210,618,0.0,2468.0,400.0,1000.0,900.0,0.0,0.0
2021-04-06 00:00:00+05:30,212,Choppadandi,1123,Choppadandi,25,Cotton,25,Common,0.0,3.0,5600.0,5600.0,5600.0,0.0,0.0
2021-04-06 00:00:00+05:30,246,Warangal,886,Warangal,54,Chillies(Dry),252,US-341,0.0,5087.0,11000.0,14500.0,13500.0,0.0,0.0
2021-04-06 00:00:00+05:30,310,Shadnagar,1330,Shadnagar,113,Green Chillies,113,Common,0.0,40.0,1200.0,1500.0,1300.0,0.0,0.0
2021-04-06 00:00:00+05:30,289,Sadasivpet,1200,Sadasivapet,47,Tamarind Seed,47,Common,0.0,1.0,6501.0,6501.0,6501.0,0.0,0.0
2021-04-07 00:00:00+05:30,323,Gaddiannaram,1,Gaddiannaram,88,Jack fruit,88,Common,0.0,10.0,2400.0,4800.0,3200.0,0.0,0.0
2021-04-07 00:00:00+05:30,323,Gaddiannaram,2,L.B Nagar,123,Ribbed Gourd,123,Common,0.0,73.0,2000.0,2500.0,2200.0,0.0,0.0
2021-04-06 00:00:00+05:30,331,Vantimamidi,1612,Vantimamidi,116,French Beans,116,Common,0.0,74.0,2200.0,3500.0,2700.0,0.0,0.0
2021-04-06 00:00:00+05:30,367,Gudimalkapur,1571,Gudumalkapur,116,French Beans,116,Common,0.0,36.0,1500.0,2500.0,2000.0,0.0,0.0
2021-04-07 00:00:00+05:30,246,Warangal,886,Warangal,54,Chillies(Dry),252,US-341,0.0,7531.0,9000.0,14100.0,13000.0,0.0,0.0
2021-04-07 00:00:00+05:30,325,Hyderabad,6,Madannapeta,127,Kheera,127,Common,0.0,40.0,600.0,600.0,600.0,0.0,0.0
2021-04-07 00:00:00+05:30,324,Bowenpally,3,Bowenpally,114,Tomato,210,618,0.0,2503.0,400.0,800.0,600.0,0.0,0.0
2021-04-07 00:00:00+05:30,310,Shadnagar,1330,Shadnagar,113,Green Chillies,113,Common,0.0,38.0,1200.0,1500.0,1300.0,0.0,0.0
2021-04-07 00:00:00+05:30,295,Sangareddy,1219,Sangaredy,155,Donda,155,Common,0.0,2.0,1500.0,1800.0,1600.0,0.0,0.0
2021-04-07 00:00:00+05:30,289,Sadasivpet,1200,Sadasivapet,47,Tamarind Seed,47,Common,0.0,3.0,4000.0,6510.0,4000.0,0.0,0.0
2021-04-07 00:00:00+05:30,367,Gudimalkapur,1571,Gudumalkapur,116,French Beans,116,Common,0.0,51.0,1500.0,2500.0,2000.0,0.0,0.0
2021-04-08 00:00:00+05:30,323,Gaddiannaram,1,Gaddiannaram,88,Jack fruit,88,Common,0.0,10.0,2400.0,4800.0,3200.0,0.0,0.0
2021-04-07 00:00:00+05:30,331,Vantimamidi,1612,Vantimamidi,116,French Beans,116,Common,0.0,99.0,2000.0,3500.0,2750.0,0.0,0.0
2021-04-08 00:00:00+05:30,324,Bowenpally,3,Bowenpally,114,Tomato,210,618,0.0,2246.0,300.0,800.0,600.0,0.0,0.0
2021-04-08 00:00:00+05:30,323,Gaddiannaram,2,L.B Nagar,123,Ribbed Gourd,123,Common,0.0,42.0,2000.0,2500.0,2200.0,0.0,0.0
2021-04-08 00:00:00+05:30,325,Hyderabad,6,Madannapeta,127,Kheera,127,Common,0.0,25.0,600.0,600.0,600.0,0.0,0.0
2021-04-08 00:00:00+05:30,325,Hyderabad,7,Meeralamandi,127,Kheera,127,Common,0.0,13.0,600.0,1000.0,800.0,0.0,0.0
2021-04-08 00:00:00+05:30,246,Warangal,886,Warangal,54,Chillies(Dry),252,US-341,0.0,5146.0,9500.0,14200.0,12500.0,0.0,0.0
2021-04-08 00:00:00+05:30,212,Choppadandi,1123,Choppadandi,25,Cotton,25,Common,0.0,10.0,4000.0,5300.0,5000.0,0.0,0.0
2021-04-08 00:00:00+05:30,310,Shadnagar,1330,Shadnagar,113,Green Chillies,113,Common,0.0,25.0,1200.0,1400.0,1300.0,0.0,0.0
2021-04-08 00:00:00+05:30,367,Gudimalkapur,1571,Gudumalkapur,116,French Beans,116,Common,0.0,40.0,2000.0,2500.0,2200.0,0.0,0.0
2021-04-08 00:00:00+05:30,295,Sangareddy,1219,Sangaredy,155,Donda,155,Common,0.0,3.0,1500.0,1800.0,1600.0,0.0,0.0
2021-04-09 00:00:00+05:30,323,Gaddiannaram,2,L.B Nagar,123,Ribbed Gourd,123,Common,0.0,46.0,1000.0,1500.0,1200.0,0.0,0.0
2021-04-08 00:00:00+05:30,331,Vantimamidi,1612,Vantimamidi,116,French Beans,116,Common,0.0,104.0,2200.0,3800.0,3000.0,0.0,0.0
2021-04-09 00:00:00+05:30,325,Hyderabad,7,Meeralamandi,127,Kheera,127,Common,0.0,7.0,1000.0,1200.0,1100.0,0.0,0.0
2021-04-09 00:00:00+05:30,325,Hyderabad,6,Madannapeta,127,Kheera,127,Common,0.0,49.0,550.0,550.0,5500.0,0.0,0.0
2021-04-09 00:00:00+05:30,324,Bowenpally,3,Bowenpally,114,Tomato,210,618,0.0,1354.0,200.0,800.0,600.0,0.0,0.0
2021-04-09 00:00:00+05:30,246,Warangal,886,Warangal,54,Chillies(Dry),252,US-341,0.0,3547.0,8500.0,13800.0,12000.0,0.0,0.0
2021-04-09 00:00:00+05:30,295,Sangareddy,1219,Sangaredy,155,Donda,155,Common,0.0,3.0,1500.0,1800.0,1600.0,0.0,0.0
2021-04-09 00:00:00+05:30,289,Sadasivpet,1200,Sadasivapet,47,Tamarind Seed,47,Common,0.0,1.0,5555.0,5555.0,5555.0,0.0,0.0
2021-04-09 00:00:00+05:30,290,Siddipet,1193,Siddipet,18,Horse Gram,18,Common,0.0,1.2,3555.0,3555.0,3555.0,0.0,0.0
2021-04-09 00:00:00+05:30,292,Zaheerabad,1198,Zaheerabad,34,Safflower,34,Common,0.0,1.5,4606.0,4606.0,4606.0,0.0,0.0
2021-04-09 00:00:00+05:30,212,Choppadandi,1123,Choppadandi,25,Cotton,25,Common,0.0,10.0,4400.0,5300.0,5075.0,0.0,0.0
2021-04-09 00:00:00+05:30,310,Shadnagar,1330,Shadnagar,113,Green Chillies,113,Common,0.0,36.0,1200.0,1500.0,1300.0,0.0,0.0
2021-04-09 00:00:00+05:30,367,Gudimalkapur,1571,Gudumalkapur,116,French Beans,116,Common,0.0,46.0,2000.0,3000.0,2500.0,0.0,0.0
2021-04-09 00:00:00+05:30,331,Vantimamidi,1612,Vantimamidi,116,French Beans,116,Common,0.0,121.0,2000.0,4000.0,3000.0,0.0,0.0
2021-04-10 00:00:00+05:30,325,Hyderabad,6,Madannapeta,127,Kheera,127,Common,0.0,19.0,500.0,500.0,500.0,0.0,0.0
2021-04-10 00:00:00+05:30,324,Bowenpally,3,Bowenpally,114,Tomato,210,618,0.0,2341.0,200.0,800.0,600.0,0.0,0.0
2021-04-10 00:00:00+05:30,212,Choppadandi,1123,Choppadandi,25,Cotton,25,Common,0.0,1.0,4200.0,4200.0,4200.0,0.0,0.0
2021-04-10 00:00:00+05:30,292,Zaheerabad,1198,Zaheerabad,34,Safflower,34,Common,0.0,1.0,4644.0,4644.0,4644.0,0.0,0.0
2021-04-10 00:00:00+05:30,310,Shadnagar,1330,Shadnagar,113,Green Chillies,113,Common,0.0,30.0,900.0,1300.0,1000.0,0.0,0.0
2021-04-10 00:00:00+05:30,295,Sangareddy,1219,Sangaredy,155,Donda,155,Common,0.0,4.0,1400.0,1800.0,1600.0,0.0,0.0
2021-04-10 00:00:00+05:30,289,Sadasivpet,1200,Sadasivapet,47,Tamarind Seed,47,Common,0.0,1.0,5505.0,5505.0,5505.0,0.0,0.0
2021-04-10 00:00:00+05:30,331,Vantimamidi,1612,Vantimamidi,116,French Beans,116,Common,0.0,120.0,1500.0,4100.0,2800.0,0.0,0.0
2021-04-10 00:00:00+05:30,367,Gudimalkapur,1571,Gudumalkapur,116,French Beans,116,Common,0.0,90.0,2000.0,3000.0,2500.0,0.0,0.0
2021-04-11 00:00:00+05:30,323,Gaddiannaram,2,L.B Nagar,123,Ribbed Gourd,123,Common,0.0,54.0,1000.0,2000.0,1500.0,0.0,0.0
2021-04-11 00:00:00+05:30,324,Bowenpally,3,Bowenpally,114,Tomato,210,618,0.0,2405.0,300.0,600.0,600.0,0.0,0.0
2021-04-11 00:00:00+05:30,325,Hyderabad,6,Madannapeta,127,Kheera,127,Common,0.0,25.0,400.0,600.0,500.0,0.0,0.0
2021-04-11 00:00:00+05:30,295,Sangareddy,1219,Sangaredy,155,Donda,155,Common,0.0,5.0,1500.0,1800.0,1600.0,0.0,0.0
2021-04-11 00:00:00+05:30,310,Shadnagar,1330,Shadnagar,113,Green Chillies,113,Common,0.0,30.0,1000.0,1300.0,1200.0,0.0,0.0
2021-04-11 00:00:00+05:30,331,Vantimamidi,1612,Vantimamidi,116,French Beans,116,Common,0.0,97.0,2200.0,4000.0,3100.0,0.0,0.0
2021-04-11 00:00:00+05:30,367,Gudimalkapur,1571,Gudumalkapur,116,French Beans,116,Common,0.0,110.0,2000.0,3000.0,2500.0,0.0,0.0
2021-04-12 00:00:00+05:30,325,Hyderabad,6,Madannapeta,127,Kheera,127,Common,0.0,49.0,550.0,550.0,550.0,0.0,0.0
2021-04-12 00:00:00+05:30,323,Gaddiannaram,2,L.B Nagar,123,Ribbed Gourd,123,Common,0.0,33.0,1000.0,1500.0,1200.0,0.0,0.0
2021-04-12 00:00:00+05:30,324,Bowenpally,3,Bowenpally,114,Tomato,210,618,0.0,2598.0,300.0,600.0,500.0,0.0,0.0
2021-04-13 00:00:00+05:30,310,Shadnagar,1330,Shadnagar,113,Green Chillies,113,Common,0.0,18.0,1200.0,1400.0,1300.0,0.0,0.0
2021-04-13 00:00:00+05:30,331,Vantimamidi,1612,Vantimamidi,116,French Beans,116,Common,0.0,24.0,2500.0,5000.0,3750.0,0.0,0.0
2021-04-12 00:00:00+05:30,310,Shadnagar,1330,Shadnagar,113,Green Chillies,113,Common,0.0,28.0,1000.0,1300.0,1200.0,0.0,0.0
2021-04-12 00:00:00+05:30,295,Sangareddy,1219,Sangaredy,155,Donda,155,Common,0.0,6.0,1400.0,1600.0,1500.0,0.0,0.0
2021-04-12 00:00:00+05:30,367,Gudimalkapur,1571,Gudumalkapur,116,French Beans,116,Common,0.0,65.0,1500.0,2500.0,2000.0,0.0,0.0
2021-04-14 00:00:00+05:30,325,Hyderabad,6,Madannapeta,127,Kheera,127,Common,0.0,19.0,500.0,500.0,500.0,0.0,0.0
2021-04-14 00:00:00+05:30,323,Gaddiannaram,2,L.B Nagar,123,Ribbed Gourd,123,Common,0.0,25.0,1000.0,2000.0,1500.0,0.0,0.0
2021-04-14 00:00:00+05:30,324,Bowenpally,3,Bowenpally,114,Tomato,210,618,0.0,1642.0,400.0,600.0,500.0,0.0,0.0
2021-04-14 00:00:00+05:30,295,Sangareddy,1219,Sangaredy,155,Donda,155,Common,0.0,3.0,1000.0,1600.0,1300.0,0.0,0.0
2021-04-14 00:00:00+05:30,310,Shadnagar,1330,Shadnagar,113,Green Chillies,113,Common,0.0,25.0,1000.0,1300.0,1200.0,0.0,0.0
2021-04-14 00:00:00+05:30,367,Gudimalkapur,1571,Gudumalkapur,116,French Beans,116,Common,0.0,72.0,1000.0,2000.0,1500.0,0.0,0.0
2021-04-14 00:00:00+05:30,331,Vantimamidi,1612,Vantimamidi,116,French Beans,116,Common,0.0,71.0,2200.0,4800.0,3500.0,0.0,0.0
2021-04-15 00:00:00+05:30,324,Bowenpally,3,Bowenpally,114,Tomato,210,618,0.0,1228.0,400.0,800.0,600.0,0.0,0.0
2021-04-15 00:00:00+05:30,325,Hyderabad,6,Madannapeta,127,Kheera,127,Common,0.0,30.0,600.0,600.0,600.0,0.0,0.0
2021-04-15 00:00:00+05:30,323,Gaddiannaram,2,L.B Nagar,123,Ribbed Gourd,123,Common,0.0,54.0,1000.0,2000.0,1500.0,0.0,0.0
2021-04-15 00:00:00+05:30,310,Shadnagar,1330,Shadnagar,113,Green Chillies,113,Common,0.0,28.0,900.0,1200.0,1200.0,0.0,0.0
2021-04-15 00:00:00+05:30,367,Gudimalkapur,1571,Gudumalkapur,116,French Beans,116,Common,0.0,143.0,2500.0,3000.0,2800.0,0.0,0.0
2021-04-15 00:00:00+05:30,295,Sangareddy,1219,Sangaredy,155,Donda,155,Common,0.0,2.0,1200.0,1500.0,1300.0,0.0,0.0
2021-04-15 00:00:00+05:30,292,Zaheerabad,1198,Zaheerabad,34,Safflower,34,Common,0.0,5.0,4656.0,4656.0,4613.0,0.0,0.0
2021-04-16 00:00:00+05:30,323,Gaddiannaram,1,Gaddiannaram,88,Jack fruit,88,Common,0.0,100.0,1600.0,5600.0,2800.0,0.0,0.0
2021-04-15 00:00:00+05:30,331,Vantimamidi,1612,Vantimamidi,116,French Beans,116,Common,0.0,91.0,1600.0,4200.0,2900.0,0.0,0.0
2021-04-16 00:00:00+05:30,324,Bowenpally,3,Bowenpally,114,Tomato,210,618,0.0,2461.0,300.0,800.0,600.0,0.0,0.0
2021-04-16 00:00:00+05:30,325,Hyderabad,6,Madannapeta,127,Kheera,127,Common,0.0,35.0,400.0,600.0,500.0,0.0,0.0
2021-04-16 00:00:00+05:30,323,Gaddiannaram,2,L.B Nagar,123,Ribbed Gourd,123,Common,0.0,21.0,1000.0,2500.0,1200.0,0.0,0.0
2021-04-16 00:00:00+05:30,246,Warangal,886,Warangal,54,Chillies(Dry),252,US-341,0.0,4134.0,9000.0,13500.0,11500.0,0.0,0.0
2021-04-16 00:00:00+05:30,292,Zaheerabad,1198,Zaheerabad,34,Safflower,34,Common,0.0,5.0,4656.0,4656.0,4613.0,0.0,0.0
2021-04-16 00:00:00+05:30,289,Sadasivpet,1200,Sadasivapet,47,Tamarind Seed,47,Common,0.0,1.0,4011.0,4011.0,4011.0,0.0,0.0
2021-04-16 00:00:00+05:30,310,Shadnagar,1330,Shadnagar,113,Green Chillies,113,Common,0.0,28.0,1000.0,1300.0,1200.0,0.0,0.0
2021-04-16 00:00:00+05:30,300,Badepally,1327,Badepally,44,Pungam Seed,44,Common,0.0,1.0,3168.0,3168.0,3168.0,0.0,0.0
2021-04-16 00:00:00+05:30,295,Sangareddy,1219,Sangaredy,155,Donda,155,Common,0.0,2.0,1200.0,1600.0,1400.0,0.0,0.0
2021-04-17 00:00:00+05:30,323,Gaddiannaram,2,L.B Nagar,123,Ribbed Gourd,123,Common,0.0,33.0,1000.0,1500.0,1250.0,0.0,0.0
2021-04-16 00:00:00+05:30,367,Gudimalkapur,1571,Gudumalkapur,116,French Beans,116,Common,0.0,112.0,2500.0,3500.0,2000.0,0.0,0.0
2021-04-16 00:00:00+05:30,331,Vantimamidi,1612,Vantimamidi,116,French Beans,116,Common,0.0,68.0,1600.0,3900.0,2750.0,0.0,0.0
2021-04-17 00:00:00+05:30,324,Bowenpally,3,Bowenpally,114,Tomato,210,618,0.0,2808.0,300.0,600.0,500.0,0.0,0.0
2021-04-17 00:00:00+05:30,295,Sangareddy,1219,Sangaredy,155,Donda,155,Common,0.0,2.0,1200.0,1600.0,1500.0,0.0,0.0
2021-04-17 00:00:00+05:30,310,Shadnagar,1330,Shadnagar,113,Green Chillies,113,Common,0.0,30.0,1100.0,1300.0,1200.0,0.0,0.0
2021-04-17 00:00:00+05:30,367,Gudimalkapur,1571,Gudumalkapur,116,French Beans,116,Common,0.0,102.0,2000.0,3000.0,2500.0,0.0,0.0
2021-04-17 00:00:00+05:30,331,Vantimamidi,1612,Vantimamidi,116,French Beans,116,Common,0.0,47.0,2000.0,4000.0,3000.0,0.0,0.0
2021-04-18 00:00:00+05:30,323,Gaddiannaram,2,L.B Nagar,123,Ribbed Gourd,123,Common,0.0,36.0,800.0,1200.0,1000.0,0.0,0.0
2021-04-18 00:00:00+05:30,310,Shadnagar,1330,Shadnagar,113,Green Chillies,113,Common,0.0,30.0,1100.0,1300.0,1200.0,0.0,0.0
2021-04-19 00:00:00+05:30,323,Gaddiannaram,2,L.B Nagar,123,Ribbed Gourd,123,Common,0.0,21.0,1000.0,2000.0,1500.0,0.0,0.0
2021-04-18 00:00:00+05:30,331,Vantimamidi,1612,Vantimamidi,116,French Beans,116,Common,0.0,57.0,2800.0,4000.0,3400.0,0.0,0.0
2021-04-18 00:00:00+05:30,367,Gudimalkapur,1571,Gudumalkapur,116,French Beans,116,Common,0.0,16.0,2000.0,3500.0,2500.0,0.0,0.0
2021-04-19 00:00:00+05:30,324,Bowenpally,3,Bowenpally,114,Tomato,210,618,0.0,2237.0,200.0,500.0,400.0,0.0,0.0
2021-04-19 00:00:00+05:30,246,Warangal,886,Warangal,54,Chillies(Dry),252,US-341,0.0,4477.0,9000.0,13700.0,12000.0,0.0,0.0
2021-04-19 00:00:00+05:30,310,Shadnagar,1330,Shadnagar,113,Green Chillies,113,Common,0.0,18.0,800.0,900.0,800.0,0.0,0.0
2021-04-19 00:00:00+05:30,367,Gudimalkapur,1571,Gudumalkapur,116,French Beans,116,Common,0.0,105.0,3000.0,4000.0,3500.0,0.0,0.0
2021-04-19 00:00:00+05:30,331,Vantimamidi,1612,Vantimamidi,116,French Beans,116,Common,0.0,38.0,1000.0,3700.0,2350.0,0.0,0.0
2021-04-20 00:00:00+05:30,323,Gaddiannaram,2,L.B Nagar,123,Ribbed Gourd,123,Common,0.0,38.0,1500.0,2000.0,1700.0,0.0,0.0
2021-04-20 00:00:00+05:30,324,Bowenpally,3,Bowenpally,114,Tomato,210,618,0.0,1241.0,300.0,600.0,450.0,0.0,0.0
2021-04-20 00:00:00+05:30,246,Warangal,886,Warangal,54,Chillies(Dry),252,US-341,0.0,4973.0,9000.0,13400.0,11500.0,0.0,0.0
2021-04-20 00:00:00+05:30,325,Hyderabad,6,Madannapeta,127,Kheera,127,Common,0.0,33.0,600.0,800.0,700.0,0.0,0.0
2021-04-20 00:00:00+05:30,289,Sadasivpet,1200,Sadasivapet,47,Tamarind Seed,47,Common,0.0,1.0,6003.0,6003.0,6003.0,0.0,0.0
2021-04-21 00:00:00+05:30,323,Gaddiannaram,1,Gaddiannaram,88,Jack fruit,88,Common,0.0,80.0,200.0,600.0,300.0,0.0,0.0
2021-04-20 00:00:00+05:30,331,Vantimamidi,1612,Vantimamidi,116,French Beans,116,Common,0.0,44.0,2000.0,4000.0,3000.0,0.0,0.0
2021-04-20 00:00:00+05:30,310,Shadnagar,1330,Shadnagar,113,Green Chillies,113,Common,0.0,20.0,800.0,1000.0,900.0,0.0,0.0
2021-04-20 00:00:00+05:30,367,Gudimalkapur,1571,Gudumalkapur,116,French Beans,116,Common,0.0,160.0,2500.0,3500.0,3000.0,0.0,0.0
2021-04-21 00:00:00+05:30,310,Shadnagar,1330,Shadnagar,113,Green Chillies,113,Common,0.0,12.0,800.0,1000.0,900.0,0.0,0.0
2021-04-21 00:00:00+05:30,295,Sangareddy,1219,Sangaredy,155,Donda,155,Common,0.0,2.0,1400.0,1600.0,1500.0,0.0,0.0
2021-04-21 00:00:00+05:30,323,Gaddiannaram,2,L.B Nagar,123,Ribbed Gourd,123,Common,0.0,40.0,1000.0,2000.0,1500.0,0.0,0.0
2021-04-21 00:00:00+05:30,324,Bowenpally,3,Bowenpally,114,Tomato,210,618,0.0,1154.0,200.0,800.0,600.0,0.0,0.0
2021-04-22 00:00:00+05:30,323,Gaddiannaram,2,L.B Nagar,123,Ribbed Gourd,123,Common,0.0,37.0,1500.0,2000.0,1700.0,0.0,0.0
2021-04-22 00:00:00+05:30,323,Gaddiannaram,1,Gaddiannaram,88,Jack fruit,88,Common,0.0,30.0,1600.0,5600.0,2800.0,0.0,0.0
2021-04-21 00:00:00+05:30,367,Gudimalkapur,1571,Gudumalkapur,116,French Beans,116,Common,0.0,101.0,2000.0,3000.0,2500.0,0.0,0.0
2021-04-21 00:00:00+05:30,331,Vantimamidi,1612,Vantimamidi,116,French Beans,116,Common,0.0,30.0,2000.0,4000.0,3000.0,0.0,0.0
2021-04-22 00:00:00+05:30,246,Warangal,886,Warangal,54,Chillies(Dry),252,US-341,0.0,3728.0,11000.0,14000.0,13000.0,0.0,0.0
2021-04-22 00:00:00+05:30,295,Sangareddy,1219,Sangaredy,155,Donda,155,Common,0.0,1.0,1600.0,1800.0,1700.0,0.0,0.0
2021-04-22 00:00:00+05:30,289,Sadasivpet,1200,Sadasivapet,47,Tamarind Seed,47,Common,0.0,1.0,4500.0,4500.0,4500.0,0.0,0.0
2021-04-22 00:00:00+05:30,310,Shadnagar,1330,Shadnagar,113,Green Chillies,113,Common,0.0,12.0,800.0,1000.0,900.0,0.0,0.0
2021-04-22 00:00:00+05:30,367,Gudimalkapur,1571,Gudumalkapur,116,French Beans,116,Common,0.0,74.0,1500.0,3000.0,2000.0,0.0,0.0
2021-04-22 00:00:00+05:30,331,Vantimamidi,1612,Vantimamidi,116,French Beans,116,Common,0.0,41.0,1500.0,4000.0,2750.0,0.0,0.0
2021-04-23 00:00:00+05:30,246,Warangal,886,Warangal,54,Chillies(Dry),252,US-341,0.0,4498.0,9000.0,13400.0,12000.0,0.0,0.0
2021-04-23 00:00:00+05:30,323,Gaddiannaram,2,L.B Nagar,123,Ribbed Gourd,123,Common,0.0,37.0,1500.0,2000.0,1700.0,0.0,0.0
2021-04-23 00:00:00+05:30,295,Sangareddy,1219,Sangaredy,155,Donda,155,Common,0.0,2.0,1500.0,1800.0,1600.0,0.0,0.0
2021-04-23 00:00:00+05:30,310,Shadnagar,1330,Shadnagar,113,Green Chillies,113,Common,0.0,30.0,800.0,1000.0,900.0,0.0,0.0
2021-04-23 00:00:00+05:30,367,Gudimalkapur,1571,Gudumalkapur,116,French Beans,116,Common,0.0,92.0,2000.0,3000.0,2500.0,0.0,0.0
2021-04-23 00:00:00+05:30,331,Vantimamidi,1612,Vantimamidi,116,French Beans,116,Common,0.0,33.0,2000.0,4000.0,3000.0,0.0,0.0
2021-04-24 00:00:00+05:30,323,Gaddiannaram,2,L.B Nagar,123,Ribbed Gourd,123,Common,0.0,55.0,1500.0,2000.0,1700.0,0.0,0.0
2021-04-24 00:00:00+05:30,323,Gaddiannaram,1,Gaddiannaram,88,Jack fruit,88,Common,0.0,90.0,1600.0,5600.0,2800.0,0.0,0.0
2021-04-24 00:00:00+05:30,295,Sangareddy,1219,Sangaredy,155,Donda,155,Common,0.0,2.0,1600.0,1900.0,1800.0,0.0,0.0
2021-04-25 00:00:00+05:30,323,Gaddiannaram,1,Gaddiannaram,88,Jack fruit,88,Common,0.0,90.0,1600.0,5600.0,2800.0,0.0,0.0
2021-04-24 00:00:00+05:30,331,Vantimamidi,1612,Vantimamidi,116,French Beans,116,Common,0.0,34.0,2000.0,3800.0,2900.0,0.0,0.0
2021-04-24 00:00:00+05:30,310,Shadnagar,1330,Shadnagar,113,Green Chillies,113,Common,0.0,20.0,900.0,1200.0,1000.0,0.0,0.0
2021-04-24 00:00:00+05:30,367,Gudimalkapur,1571,Gudumalkapur,116,French Beans,116,Common,0.0,53.0,2500.0,3500.0,3000.0,0.0,0.0
2021-04-25 00:00:00+05:30,323,Gaddiannaram,2,L.B Nagar,123,Ribbed Gourd,123,Common,0.0,53.0,1000.0,2000.0,1500.0,0.0,0.0
2021-04-25 00:00:00+05:30,325,Hyderabad,6,Madannapeta,127,Kheera,127,Common,0.0,40.0,600.0,600.0,600.0,0.0,0.0
2021-04-25 00:00:00+05:30,295,Sangareddy,1219,Sangaredy,155,Donda,155,Common,0.0,1.0,1600.0,1900.0,1800.0,0.0,0.0
2021-04-25 00:00:00+05:30,284,Jogipet,1208,Jogipet,47,Tamarind Seed,47,Common,0.0,2.02,1400.0,1400.0,1400.0,0.0,0.0
2021-04-25 00:00:00+05:30,310,Shadnagar,1330,Shadnagar,113,Green Chillies,113,Common,0.0,30.0,1000.0,1200.0,1100.0,0.0,0.0
2021-04-25 00:00:00+05:30,367,Gudimalkapur,1571,Gudumalkapur,116,French Beans,116,Common,0.0,102.0,2500.0,3500.0,3000.0,0.0,0.0
2021-04-25 00:00:00+05:30,331,Vantimamidi,1612,Vantimamidi,116,French Beans,116,Common,0.0,40.0,1600.0,3700.0,2650.0,0.0,0.0
2021-04-26 00:00:00+05:30,325,Hyderabad,6,Madannapeta,127,Kheera,127,Common,0.0,10.0,400.0,400.0,400.0,0.0,0.0
2021-04-26 00:00:00+05:30,324,Bowenpally,3,Bowenpally,114,Tomato,210,618,0.0,1350.0,200.0,800.0,600.0,0.0,0.0
2021-04-26 00:00:00+05:30,323,Gaddiannaram,2,L.B Nagar,123,Ribbed Gourd,123,Common,0.0,41.0,1500.0,2000.0,1700.0,0.0,0.0
2021-04-26 00:00:00+05:30,295,Sangareddy,1219,Sangaredy,155,Donda,155,Common,0.0,2.0,1400.0,1800.0,1600.0,0.0,0.0
2021-04-26 00:00:00+05:30,292,Zaheerabad,1198,Zaheerabad,34,Safflower,34,Common,0.0,2.5,4300.0,4800.0,4300.0,0.0,0.0
2021-04-26 00:00:00+05:30,310,Shadnagar,1330,Shadnagar,113,Green Chillies,113,Common,0.0,25.0,800.0,1200.0,900.0,0.0,0.0
2021-04-26 00:00:00+05:30,367,Gudimalkapur,1571,Gudumalkapur,116,French Beans,116,Common,0.0,23.0,2000.0,2500.0,2200.0,0.0,0.0
2021-04-27 00:00:00+05:30,323,Gaddiannaram,2,L.B Nagar,123,Ribbed Gourd,123,Common,0.0,31.0,1500.0,2000.0,1700.0,0.0,0.0
2021-04-27 00:00:00+05:30,324,Bowenpally,3,Bowenpally,114,Tomato,210,618,0.0,1523.0,200.0,800.0,600.0,0.0,0.0
2021-04-26 00:00:00+05:30,331,Vantimamidi,1612,Vantimamidi,116,French Beans,116,Common,0.0,12.0,2000.0,3500.0,2600.0,0.0,0.0
2021-04-27 00:00:00+05:30,325,Hyderabad,6,Madannapeta,127,Kheera,127,Common,0.0,20.0,500.0,500.0,500.0,0.0,0.0
2021-04-27 00:00:00+05:30,310,Shadnagar,1330,Shadnagar,113,Green Chillies,113,Common,0.0,20.0,900.0,1200.0,1000.0,0.0,0.0
2021-04-27 00:00:00+05:30,367,Gudimalkapur,1571,Gudumalkapur,116,French Beans,116,Common,0.0,76.0,2500.0,3500.0,3000.0,0.0,0.0
2021-04-27 00:00:00+05:30,290,Siddipet,1193,Siddipet,18,Horse Gram,18,Common,0.0,1.8,2712.0,2712.0,2712.0,0.0,0.0
2021-04-27 00:00:00+05:30,331,Vantimamidi,1612,Vantimamidi,116,French Beans,116,Common,0.0,15.0,2000.0,4100.0,3050.0,0.0,0.0
2021-04-28 00:00:00+05:30,323,Gaddiannaram,2,L.B Nagar,123,Ribbed Gourd,123,Common,0.0,47.0,1500.0,2500.0,2000.0,0.0,0.0
2021-04-28 00:00:00+05:30,325,Hyderabad,6,Madannapeta,127,Kheera,127,Common,0.0,15.0,500.0,500.0,500.0,0.0,0.0
2021-04-28 00:00:00+05:30,324,Bowenpally,3,Bowenpally,114,Tomato,210,618,0.0,1597.0,200.0,800.0,600.0,0.0,0.0
2021-04-28 00:00:00+05:30,310,Shadnagar,1330,Shadnagar,113,Green Chillies,113,Common,0.0,24.0,1000.0,1300.0,1100.0,0.0,0.0
2021-04-28 00:00:00+05:30,295,Sangareddy,1219,Sangaredy,155,Donda,155,Common,0.0,4.0,1500.0,1800.0,1600.0,0.0,0.0
2021-04-28 00:00:00+05:30,289,Sadasivpet,1200,Sadasivapet,47,Tamarind Seed,47,Common,0.0,2.0,5016.0,5016.0,5016.0,0.0,0.0
2021-04-28 00:00:00+05:30,367,Gudimalkapur,1571,Gudumalkapur,116,French Beans,116,Common,0.0,48.0,3500.0,5000.0,4000.0,0.0,0.0
2021-04-29 00:00:00+05:30,323,Gaddiannaram,1,Gaddiannaram,88,Jack fruit,88,Common,0.0,10.0,1600.0,5600.0,2800.0,0.0,0.0
2021-04-28 00:00:00+05:30,331,Vantimamidi,1612,Vantimamidi,116,French Beans,116,Common,0.0,19.0,2600.0,4000.0,3300.0,0.0,0.0
2021-04-29 00:00:00+05:30,323,Gaddiannaram,2,L.B Nagar,123,Ribbed Gourd,123,Common,0.0,28.0,2000.0,2500.0,2200.0,0.0,0.0
2021-04-29 00:00:00+05:30,324,Bowenpally,3,Bowenpally,114,Tomato,210,618,0.0,1585.0,100.0,600.0,400.0,0.0,0.0
2021-04-29 00:00:00+05:30,325,Hyderabad,6,Madannapeta,127,Kheera,127,Common,0.0,15.0,500.0,500.0,500.0,0.0,0.0
2021-04-29 00:00:00+05:30,310,Shadnagar,1330,Shadnagar,113,Green Chillies,113,Common,0.0,24.0,1200.0,1500.0,1300.0,0.0,0.0
2021-04-29 00:00:00+05:30,295,Sangareddy,1219,Sangaredy,155,Donda,155,Common,0.0,4.0,1600.0,1800.0,1700.0,0.0,0.0
2021-04-29 00:00:00+05:30,367,Gudimalkapur,1571,Gudumalkapur,116,French Beans,116,Common,0.0,70.0,3500.0,4500.0,4000.0,0.0,0.0
2021-04-29 00:00:00+05:30,331,Vantimamidi,1612,Vantimamidi,116,French Beans,116,Common,0.0,11.0,1500.0,4000.0,2750.0,0.0,0.0
2021-04-30 00:00:00+05:30,325,Hyderabad,6,Madannapeta,127,Kheera,127,Common,0.0,15.0,500.0,500.0,500.0,0.0,0.0
2021-04-30 00:00:00+05:30,324,Bowenpally,3,Bowenpally,114,Tomato,210,618,0.0,1950.0,200.0,600.0,500.0,0.0,0.0
2021-04-30 00:00:00+05:30,323,Gaddiannaram,2,L.B Nagar,123,Ribbed Gourd,123,Common,0.0,46.0,1000.0,2000.0,1500.0,0.0,0.0
2021-04-30 00:00:00+05:30,295,Sangareddy,1219,Sangaredy,155,Donda,155,Common,0.0,2.0,1700.0,1900.0,1800.0,0.0,0.0
2021-04-30 00:00:00+05:30,310,Shadnagar,1330,Shadnagar,113,Green Chillies,113,Common,0.0,28.0,1200.0,1600.0,1300.0,0.0,0.0
2021-04-30 00:00:00+05:30,367,Gudimalkapur,1571,Gudumalkapur,116,French Beans,116,Common,0.0,50.0,3500.0,4500.0,4000.0,0.0,0.0
2021-04-06 00:00:00+05:30,367,Gudimalkapur,1571,Gudumalkapur,117,Cluster Beans,117,Common,0.0,130.0,1000.0,1500.0,1200.0,0.0,0.0
2021-04-06 00:00:00+05:30,331,Vantimamidi,1612,Vantimamidi,117,Cluster Beans,117,Common,0.0,30.0,2200.0,3200.0,2700.0,0.0,0.0
2021-04-07 00:00:00+05:30,323,Gaddiannaram,2,L.B Nagar,125,Bitter Gourd,125,Common,0.0,20.0,2000.0,2500.0,2200.0,0.0,0.0
2021-04-07 00:00:00+05:30,323,Gaddiannaram,1,Gaddiannaram,89,Papaya,89,Common,0.0,395.0,600.0,2000.0,1100.0,0.0,0.0
2021-04-06 00:00:00+05:30,289,Sadasivpet,1200,Sadasivapet,55,Onions,55,Common,0.0,7.0,501.0,991.0,701.0,0.0,0.0
2021-04-06 00:00:00+05:30,310,Shadnagar,1330,Shadnagar,114,Tomato,197,Local,0.0,20.0,800.0,1000.0,900.0,0.0,0.0
2021-04-06 00:00:00+05:30,303,Kalwakurthy,1340,Kalwakurthy,123,Ribbed Gourd,123,Common,0.0,2.0,1000.0,1500.0,1250.0,0.0,0.0
2021-04-06 00:00:00+05:30,246,Warangal,886,Warangal,54,Chillies(Dry),253,Single Patti,0.0,222.0,15000.0,19500.0,17500.0,0.0,0.0
2021-04-06 00:00:00+05:30,281,Venkateshwar Nagar,1106,V Nagar,122,Bottle Gourd,122,Common,0.0,3.5,7.0,8.0,8.0,0.0,0.0
2021-04-06 00:00:00+05:30,279,Thirumalagiri,9,Tirmalagiri,30,Groundnut pods,30,Common,0.0,33.0,4509.0,5269.0,5189.0,0.0,0.0
2021-04-05 00:00:00+05:30,367,Gudimalkapur,1571,Gudumalkapur,117,Cluster Beans,117,Common,0.0,169.0,800.0,1200.0,1000.0,0.0,0.0
2021-04-05 00:00:00+05:30,331,Vantimamidi,1612,Vantimamidi,117,Cluster Beans,117,Common,0.0,14.0,2200.0,3000.0,2600.0,0.0,0.0
2021-04-06 00:00:00+05:30,323,Gaddiannaram,2,L.B Nagar,125,Bitter Gourd,125,Common,0.0,15.0,2000.0,2500.0,2200.0,0.0,0.0
2021-04-06 00:00:00+05:30,323,Gaddiannaram,1,Gaddiannaram,89,Papaya,89,Common,0.0,395.0,600.0,2000.0,1100.0,0.0,0.0
2021-04-05 00:00:00+05:30,310,Shadnagar,1330,Shadnagar,114,Tomato,197,Local,0.0,20.0,800.0,1000.0,900.0,0.0,0.0
2021-04-05 00:00:00+05:30,303,Kalwakurthy,1340,Kalwakurthy,123,Ribbed Gourd,123,Common,0.0,2.0,500.0,1500.0,1000.0,0.0,0.0
2021-04-05 00:00:00+05:30,323,Gaddiannaram,2,L.B Nagar,125,Bitter Gourd,125,Common,0.0,18.0,2000.0,2500.0,2200.0,0.0,0.0
2021-04-05 00:00:00+05:30,325,Hyderabad,6,Madannapeta,129,Cucumber,129,Common,0.0,10.0,800.0,800.0,800.0,0.0,0.0
2021-04-04 00:00:00+05:30,331,Vantimamidi,1612,Vantimamidi,117,Cluster Beans,117,Common,0.0,16.0,2000.0,3500.0,2750.0,0.0,0.0
2021-04-05 00:00:00+05:30,323,Gaddiannaram,1,Gaddiannaram,89,Papaya,89,Common,0.0,453.0,600.0,2000.0,1100.0,0.0,0.0
2021-04-04 00:00:00+05:30,367,Gudimalkapur,1571,Gudumalkapur,117,Cluster Beans,117,Common,0.0,163.0,1000.0,1800.0,1400.0,0.0,0.0
2021-04-04 00:00:00+05:30,310,Shadnagar,1330,Shadnagar,114,Tomato,197,Local,0.0,20.0,500.0,750.0,600.0,0.0,0.0
2021-04-04 00:00:00+05:30,303,Kalwakurthy,1340,Kalwakurthy,123,Ribbed Gourd,123,Common,0.0,2.0,1000.0,1000.0,1000.0,0.0,0.0
2021-04-04 00:00:00+05:30,281,Venkateshwar Nagar,1106,V Nagar,122,Bottle Gourd,122,Common,0.0,1.1,7.0,7.0,7.0,0.0,0.0
2021-04-04 00:00:00+05:30,323,Gaddiannaram,2,L.B Nagar,125,Bitter Gourd,125,Common,0.0,16.0,1500.0,2000.0,2000.0,0.0,0.0
2021-04-04 00:00:00+05:30,325,Hyderabad,6,Madannapeta,129,Cucumber,129,Common,0.0,5.0,1000.0,1000.0,1000.0,0.0,0.0
2021-04-04 00:00:00+05:30,323,Gaddiannaram,1,Gaddiannaram,89,Papaya,89,Common,0.0,425.0,600.0,2000.0,1100.0,0.0,0.0
2021-04-03 00:00:00+05:30,331,Vantimamidi,1612,Vantimamidi,117,Cluster Beans,117,Common,0.0,10.0,1500.0,2800.0,2150.0,0.0,0.0
2021-04-03 00:00:00+05:30,367,Gudimalkapur,1571,Gudumalkapur,117,Cluster Beans,117,Common,0.0,123.0,1000.0,1500.0,1200.0,0.0,0.0
2021-04-03 00:00:00+05:30,309,Narayanpet,1342,Narayanpet,68,Tamarind,68,Common,0.0,452.0,2401.0,5619.0,4001.0,0.0,0.0
2021-04-03 00:00:00+05:30,303,Kalwakurthy,1340,Kalwakurthy,123,Ribbed Gourd,123,Common,0.0,1.0,1000.0,1000.0,1000.0,0.0,0.0
2021-04-03 00:00:00+05:30,281,Venkateshwar Nagar,1106,V Nagar,122,Bottle Gourd,122,Common,0.0,2.1,7.0,8.0,7.0,0.0,0.0
2021-04-03 00:00:00+05:30,289,Sadasivpet,1200,Sadasivapet,55,Onions,55,Common,0.0,2464.0,515.0,1109.0,889.0,0.0,0.0
2021-04-03 00:00:00+05:30,310,Shadnagar,1330,Shadnagar,114,Tomato,197,Local,0.0,12.0,300.0,600.0,400.0,0.0,0.0
2021-04-03 00:00:00+05:30,300,Badepally,1327,Badepally,47,Tamarind Seed,47,Common,0.0,6.0,1262.0,1265.0,1262.0,0.0,0.0
2021-04-02 00:00:00+05:30,303,Kalwakurthy,1340,Kalwakurthy,123,Ribbed Gourd,123,Common,0.0,2.0,1000.0,1000.0,1000.0,0.0,0.0
2021-04-03 00:00:00+05:30,279,Thirumalagiri,9,Tirmalagiri,30,Groundnut pods,30,Common,0.0,19.0,4789.0,5169.0,5119.0,0.0,0.0
2021-04-02 00:00:00+05:30,310,Shadnagar,1330,Shadnagar,114,Tomato,197,Local,0.0,14.0,400.0,650.0,500.0,0.0,0.0
2021-04-03 00:00:00+05:30,323,Gaddiannaram,2,L.B Nagar,125,Bitter Gourd,125,Common,0.0,18.0,2000.0,2500.0,2200.0,0.0,0.0
2021-04-03 00:00:00+05:30,323,Gaddiannaram,1,Gaddiannaram,89,Papaya,89,Common,0.0,497.0,600.0,2400.0,1100.0,0.0,0.0
2021-04-02 00:00:00+05:30,367,Gudimalkapur,1571,Gudumalkapur,117,Cluster Beans,117,Common,0.0,112.0,1000.0,2000.0,1500.0,0.0,0.0
2021-04-02 00:00:00+05:30,331,Vantimamidi,1612,Vantimamidi,117,Cluster Beans,117,Common,0.0,10.0,2000.0,2600.0,2300.0,0.0,0.0
2021-04-02 00:00:00+05:30,281,Venkateshwar Nagar,1106,V Nagar,122,Bottle Gourd,122,Common,0.0,1.0,8.0,8.0,8.0,0.0,0.0
2021-04-02 00:00:00+05:30,325,Hyderabad,6,Madannapeta,129,Cucumber,129,Common,0.0,15.0,600.0,800.0,700.0,0.0,0.0
2021-04-01 00:00:00+05:30,331,Vantimamidi,1612,Vantimamidi,117,Cluster Beans,117,Common,0.0,15.0,1800.0,2800.0,2300.0,0.0,0.0
2021-04-01 00:00:00+05:30,303,Kalwakurthy,1340,Kalwakurthy,123,Ribbed Gourd,123,Common,0.0,2.0,800.0,1000.0,900.0,0.0,0.0
2021-04-02 00:00:00+05:30,323,Gaddiannaram,2,L.B Nagar,125,Bitter Gourd,125,Common,0.0,20.0,1500.0,2000.0,1700.0,0.0,0.0
2021-04-02 00:00:00+05:30,323,Gaddiannaram,1,Gaddiannaram,89,Papaya,89,Common,0.0,476.0,600.0,2200.0,1100.0,0.0,0.0
2021-04-01 00:00:00+05:30,289,Sadasivpet,1200,Sadasivapet,55,Onions,55,Common,0.0,1869.0,612.0,1121.0,912.0,0.0,0.0
2021-04-01 00:00:00+05:30,310,Shadnagar,1330,Shadnagar,114,Tomato,197,Local,0.0,6.0,400.0,600.0,500.0,0.0,0.0
2021-04-01 00:00:00+05:30,281,Venkateshwar Nagar,1106,V Nagar,122,Bottle Gourd,122,Common,0.0,1.0,7.0,7.0,7.0,0.0,0.0
2021-04-01 00:00:00+05:30,246,Warangal,886,Warangal,54,Chillies(Dry),253,Single Patti,0.0,314.0,19000.0,21500.0,20000.0,0.0,0.0
2021-04-01 00:00:00+05:30,279,Thirumalagiri,9,Tirmalagiri,30,Groundnut pods,30,Common,0.0,6.0,5009.0,5009.0,5009.0,0.0,0.0
2021-04-01 00:00:00+05:30,323,Gaddiannaram,1,Gaddiannaram,89,Papaya,89,Common,0.0,475.0,500.0,2000.0,700.0,0.0,0.0
2021-04-01 00:00:00+05:30,323,Gaddiannaram,2,L.B Nagar,125,Bitter Gourd,125,Common,0.0,12.0,1500.0,2000.0,1700.0,0.0,0.0
2021-04-01 00:00:00+05:30,325,Hyderabad,6,Madannapeta,129,Cucumber,129,Common,0.0,5.0,800.0,800.0,800.0,0.0,0.0
2021-04-12 00:00:00+05:30,323,Gaddiannaram,2,L.B Nagar,125,Bitter Gourd,125,Common,0.0,16.0,1500.0,2000.0,1700.0,0.0,0.0
2021-04-12 00:00:00+05:30,325,Hyderabad,7,Meeralamandi,129,Cucumber,129,Common,0.0,11.0,1200.0,1400.0,1300.0,0.0,0.0
2021-04-11 00:00:00+05:30,367,Gudimalkapur,1571,Gudumalkapur,117,Cluster Beans,117,Common,0.0,218.0,1000.0,1500.0,1200.0,0.0,0.0
2021-04-11 00:00:00+05:30,303,Kalwakurthy,1340,Kalwakurthy,123,Ribbed Gourd,123,Common,0.0,2.0,600.0,1000.0,800.0,0.0,0.0
2021-04-11 00:00:00+05:30,331,Vantimamidi,1612,Vantimamidi,117,Cluster Beans,117,Common,0.0,29.0,1500.0,2300.0,1900.0,0.0,0.0
2021-04-12 00:00:00+05:30,323,Gaddiannaram,1,Gaddiannaram,89,Papaya,89,Common,0.0,120.0,600.0,2100.0,1000.0,0.0,0.0
2021-04-11 00:00:00+05:30,310,Shadnagar,1330,Shadnagar,114,Tomato,197,Local,0.0,20.0,600.0,800.0,700.0,0.0,0.0
2021-04-11 00:00:00+05:30,281,Venkateshwar Nagar,1106,V Nagar,122,Bottle Gourd,122,Common,0.0,1.1,7.0,7.0,7.0,0.0,0.0
2021-04-11 00:00:00+05:30,325,Hyderabad,7,Meeralamandi,129,Cucumber,129,Common,0.0,7.0,800.0,1000.0,900.0,0.0,0.0
2021-04-11 00:00:00+05:30,325,Hyderabad,6,Madannapeta,129,Cucumber,129,Common,0.0,15.0,400.0,600.0,500.0,0.0,0.0
2021-04-11 00:00:00+05:30,323,Gaddiannaram,1,Gaddiannaram,89,Papaya,89,Common,0.0,260.0,600.0,1900.0,1000.0,0.0,0.0
2021-04-11 00:00:00+05:30,323,Gaddiannaram,2,L.B Nagar,125,Bitter Gourd,125,Common,0.0,20.0,1500.0,2000.0,1700.0,0.0,0.0
2021-04-10 00:00:00+05:30,309,Narayanpet,1342,Narayanpet,68,Tamarind,68,Common,0.0,275.68,2001.0,5625.0,4489.0,0.0,0.0
2021-04-10 00:00:00+05:30,367,Gudimalkapur,1571,Gudumalkapur,117,Cluster Beans,117,Common,0.0,140.0,1000.0,1500.0,1200.0,0.0,0.0
2021-04-10 00:00:00+05:30,331,Vantimamidi,1612,Vantimamidi,117,Cluster Beans,117,Common,0.0,38.0,1200.0,2200.0,1700.0,0.0,0.0
2021-04-10 00:00:00+05:30,289,Sadasivpet,1200,Sadasivapet,55,Onions,55,Common,0.0,1436.0,501.0,1026.0,759.0,0.0,0.0
2021-04-10 00:00:00+05:30,310,Shadnagar,1330,Shadnagar,114,Tomato,197,Local,0.0,20.0,800.0,1000.0,900.0,0.0,0.0
2021-04-10 00:00:00+05:30,303,Kalwakurthy,1340,Kalwakurthy,123,Ribbed Gourd,123,Common,0.0,3.0,500.0,1000.0,750.0,0.0,0.0
2021-04-10 00:00:00+05:30,281,Venkateshwar Nagar,1106,V Nagar,122,Bottle Gourd,122,Common,0.0,5.2,6.0,7.0,6.0,0.0,0.0
2021-04-10 00:00:00+05:30,325,Hyderabad,6,Madannapeta,129,Cucumber,129,Common,0.0,15.0,500.0,500.0,500.0,0.0,0.0
2021-04-10 00:00:00+05:30,325,Hyderabad,7,Meeralamandi,129,Cucumber,129,Common,0.0,9.0,800.0,1000.0,900.0,0.0,0.0
2021-04-09 00:00:00+05:30,331,Vantimamidi,1612,Vantimamidi,117,Cluster Beans,117,Common,0.0,42.0,1500.0,2400.0,1950.0,0.0,0.0
2021-04-10 00:00:00+05:30,323,Gaddiannaram,1,Gaddiannaram,89,Papaya,89,Common,0.0,445.0,500.0,2100.0,1000.0,0.0,0.0
2021-04-09 00:00:00+05:30,367,Gudimalkapur,1571,Gudumalkapur,117,Cluster Beans,117,Common,0.0,97.0,1000.0,1500.0,1200.0,0.0,0.0
2021-04-09 00:00:00+05:30,310,Shadnagar,1330,Shadnagar,114,Tomato,197,Local,0.0,28.0,800.0,1200.0,900.0,0.0,0.0
2021-04-09 00:00:00+05:30,303,Kalwakurthy,1340,Kalwakurthy,123,Ribbed Gourd,123,Common,0.0,2.0,500.0,1000.0,750.0,0.0,0.0
2021-04-09 00:00:00+05:30,289,Sadasivpet,1200,Sadasivapet,55,Onions,55,Common,0.0,872.0,629.0,956.0,772.0,0.0,0.0
2021-04-09 00:00:00+05:30,246,Warangal,886,Warangal,54,Chillies(Dry),253,Single Patti,0.0,210.0,16000.0,18500.0,17000.0,0.0,0.0
2021-04-09 00:00:00+05:30,281,Venkateshwar Nagar,1106,V Nagar,122,Bottle Gourd,122,Common,0.0,1.0,7.0,7.0,7.0,0.0,0.0
2021-04-09 00:00:00+05:30,279,Thirumalagiri,9,Tirmalagiri,30,Groundnut pods,30,Common,0.0,42.0,4309.0,5289.0,5092.0,0.0,0.0
2021-04-08 00:00:00+05:30,331,Vantimamidi,1612,Vantimamidi,117,Cluster Beans,117,Common,0.0,44.0,1200.0,2700.0,1950.0,0.0,0.0
2021-04-08 00:00:00+05:30,289,Sadasivpet,1200,Sadasivapet,55,Onions,55,Common,0.0,666.0,400.0,897.0,789.0,0.0,0.0
2021-04-09 00:00:00+05:30,323,Gaddiannaram,2,L.B Nagar,125,Bitter Gourd,125,Common,0.0,19.0,1500.0,2000.0,1700.0,0.0,0.0
2021-04-09 00:00:00+05:30,323,Gaddiannaram,1,Gaddiannaram,89,Papaya,89,Common,0.0,270.0,600.0,2000.0,1100.0,0.0,0.0
2021-04-08 00:00:00+05:30,367,Gudimalkapur,1571,Gudumalkapur,117,Cluster Beans,117,Common,0.0,130.0,1000.0,1500.0,1200.0,0.0,0.0
2021-04-08 00:00:00+05:30,310,Shadnagar,1330,Shadnagar,114,Tomato,197,Local,0.0,35.0,800.0,1000.0,900.0,0.0,0.0
2021-04-08 00:00:00+05:30,303,Kalwakurthy,1340,Kalwakurthy,123,Ribbed Gourd,123,Common,0.0,2.0,600.0,1000.0,800.0,0.0,0.0
2021-04-08 00:00:00+05:30,281,Venkateshwar Nagar,1106,V Nagar,122,Bottle Gourd,122,Common,0.0,1.0,7.0,8.0,7.0,0.0,0.0
2021-04-08 00:00:00+05:30,246,Warangal,886,Warangal,54,Chillies(Dry),253,Single Patti,0.0,210.0,14500.0,18100.0,16000.0,0.0,0.0
2021-04-08 00:00:00+05:30,325,Hyderabad,6,Madannapeta,129,Cucumber,129,Common,0.0,15.0,400.0,600.0,500.0,0.0,0.0
2021-04-08 00:00:00+05:30,323,Gaddiannaram,2,L.B Nagar,125,Bitter Gourd,125,Common,0.0,16.0,1500.0,2000.0,1700.0,0.0,0.0
2021-04-07 00:00:00+05:30,331,Vantimamidi,1612,Vantimamidi,117,Cluster Beans,117,Common,0.0,41.0,1500.0,2500.0,2000.0,0.0,0.0
2021-04-08 00:00:00+05:30,323,Gaddiannaram,1,Gaddiannaram,89,Papaya,89,Common,0.0,475.0,600.0,2000.0,1100.0,0.0,0.0
2021-04-07 00:00:00+05:30,367,Gudimalkapur,1571,Gudumalkapur,117,Cluster Beans,117,Common,0.0,106.0,1000.0,1500.0,1200.0,0.0,0.0
2021-04-07 00:00:00+05:30,303,Kalwakurthy,1340,Kalwakurthy,123,Ribbed Gourd,123,Common,0.0,1.0,1000.0,1000.0,1000.0,0.0,0.0
2021-04-07 00:00:00+05:30,310,Shadnagar,1330,Shadnagar,114,Tomato,197,Local,0.0,30.0,800.0,1100.0,900.0,0.0,0.0
2021-04-07 00:00:00+05:30,325,Hyderabad,6,Madannapeta,129,Cucumber,129,Common,0.0,5.0,600.0,600.0,600.0,0.0,0.0
2021-04-07 00:00:00+05:30,246,Warangal,886,Warangal,54,Chillies(Dry),253,Single Patti,0.0,353.0,14500.0,18500.0,16500.0,0.0,0.0
2021-04-07 00:00:00+05:30,281,Venkateshwar Nagar,1106,V Nagar,122,Bottle Gourd,122,Common,0.0,2.6,6.0,8.0,8.0,0.0,0.0
2021-04-18 00:00:00+05:30,367,Gudimalkapur,1571,Gudumalkapur,117,Cluster Beans,117,Common,0.0,215.0,600.0,800.0,700.0,0.0,0.0
2021-04-18 00:00:00+05:30,331,Vantimamidi,1612,Vantimamidi,117,Cluster Beans,117,Common,0.0,48.0,1200.0,3800.0,2500.0,0.0,0.0
2021-04-19 00:00:00+05:30,323,Gaddiannaram,2,L.B Nagar,125,Bitter Gourd,125,Common,0.0,10.0,1000.0,1500.0,1200.0,0.0,0.0
2021-04-19 00:00:00+05:30,323,Gaddiannaram,1,Gaddiannaram,89,Papaya,89,Common,0.0,365.0,700.0,2800.0,1300.0,0.0,0.0
2021-04-18 00:00:00+05:30,310,Shadnagar,1330,Shadnagar,114,Tomato,197,Local,0.0,18.0,300.0,400.0,300.0,0.0,0.0
2021-04-18 00:00:00+05:30,303,Kalwakurthy,1340,Kalwakurthy,123,Ribbed Gourd,123,Common,0.0,4.0,700.0,1200.0,950.0,0.0,0.0
2021-04-18 00:00:00+05:30,323,Gaddiannaram,2,L.B Nagar,125,Bitter Gourd,125,Common,0.0,20.0,1000.0,1500.0,1250.0,0.0,0.0
2021-04-18 00:00:00+05:30,281,Venkateshwar Nagar,1106,V Nagar,122,Bottle Gourd,122,Common,0.0,5.1,6.0,8.0,7.0,0.0,0.0
2021-04-17 00:00:00+05:30,331,Vantimamidi,1612,Vantimamidi,117,Cluster Beans,117,Common,0.0,38.0,800.0,1800.0,1300.0,0.0,0.0
2021-04-18 00:00:00+05:30,323,Gaddiannaram,1,Gaddiannaram,89,Papaya,89,Common,0.0,867.0,700.0,3000.0,1300.0,0.0,0.0
2021-04-17 00:00:00+05:30,309,Narayanpet,1342,Narayanpet,68,Tamarind,68,Common,0.0,133.75,2501.0,5815.0,4919.0,0.0,0.0
2021-04-17 00:00:00+05:30,367,Gudimalkapur,1571,Gudumalkapur,117,Cluster Beans,117,Common,0.0,222.0,600.0,1000.0,800.0,0.0,0.0
2021-04-17 00:00:00+05:30,310,Shadnagar,1330,Shadnagar,114,Tomato,197,Local,0.0,25.0,500.0,800.0,700.0,0.0,0.0
2021-04-17 00:00:00+05:30,289,Sadasivpet,1200,Sadasivapet,55,Onions,55,Common,0.0,1437.0,700.0,1212.0,1029.0,0.0,0.0
2021-04-17 00:00:00+05:30,281,Venkateshwar Nagar,1106,V Nagar,122,Bottle Gourd,122,Common,0.0,4.1,6.0,7.0,6.0,0.0,0.0
2021-04-17 00:00:00+05:30,279,Thirumalagiri,9,Tirmalagiri,30,Groundnut pods,30,Common,0.0,7.0,4709.0,4829.0,4729.0,0.0,0.0
2021-04-17 00:00:00+05:30,325,Hyderabad,7,Meeralamandi,129,Cucumber,129,Common,0.0,6.0,800.0,1000.0,900.0,0.0,0.0
2021-04-16 00:00:00+05:30,331,Vantimamidi,1612,Vantimamidi,117,Cluster Beans,117,Common,0.0,50.0,1200.0,2000.0,1600.0,0.0,0.0
2021-04-16 00:00:00+05:30,367,Gudimalkapur,1571,Gudumalkapur,117,Cluster Beans,117,Common,0.0,145.0,1000.0,1200.0,1100.0,0.0,0.0
2021-04-17 00:00:00+05:30,323,Gaddiannaram,2,L.B Nagar,125,Bitter Gourd,125,Common,0.0,41.0,1000.0,1500.0,1250.0,0.0,0.0
2021-04-16 00:00:00+05:30,303,Kalwakurthy,1340,Kalwakurthy,123,Ribbed Gourd,123,Common,0.0,3.0,500.0,800.0,650.0,0.0,0.0
2021-04-17 00:00:00+05:30,323,Gaddiannaram,1,Gaddiannaram,89,Papaya,89,Common,0.0,667.0,700.0,3000.0,1300.0,0.0,0.0
2021-04-16 00:00:00+05:30,310,Shadnagar,1330,Shadnagar,114,Tomato,197,Local,0.0,15.0,800.0,1000.0,900.0,0.0,0.0
2021-04-16 00:00:00+05:30,289,Sadasivpet,1200,Sadasivapet,55,Onions,55,Common,0.0,1332.0,570.0,1129.0,969.0,0.0,0.0
2021-04-16 00:00:00+05:30,246,Warangal,886,Warangal,54,Chillies(Dry),253,Single Patti,0.0,253.0,12000.0,16800.0,15000.0,0.0,0.0
2021-04-16 00:00:00+05:30,281,Venkateshwar Nagar,1106,V Nagar,122,Bottle Gourd,122,Common,0.0,4.0,7.0,7.0,7.0,0.0,0.0
2021-04-16 00:00:00+05:30,323,Gaddiannaram,2,L.B Nagar,125,Bitter Gourd,125,Common,0.0,27.0,1000.0,1500.0,1200.0,0.0,0.0
2021-04-15 00:00:00+05:30,331,Vantimamidi,1612,Vantimamidi,117,Cluster Beans,117,Common,0.0,59.0,1200.0,2000.0,1600.0,0.0,0.0
2021-04-16 00:00:00+05:30,323,Gaddiannaram,1,Gaddiannaram,89,Papaya,89,Common,0.0,5961.0,700.0,2600.0,1200.0,0.0,0.0
2021-04-15 00:00:00+05:30,289,Sadasivpet,1200,Sadasivapet,55,Onions,55,Common,0.0,703.0,512.0,1107.0,889.0,0.0,0.0
2021-04-15 00:00:00+05:30,367,Gudimalkapur,1571,Gudumalkapur,117,Cluster Beans,117,Common,0.0,82.0,800.0,1000.0,900.0,0.0,0.0
2021-04-15 00:00:00+05:30,310,Shadnagar,1330,Shadnagar,114,Tomato,197,Local,0.0,10.0,700.0,900.0,800.0,0.0,0.0
2021-04-15 00:00:00+05:30,303,Kalwakurthy,1340,Kalwakurthy,123,Ribbed Gourd,123,Common,0.0,4.0,400.0,800.0,600.0,0.0,0.0
2021-04-15 00:00:00+05:30,281,Venkateshwar Nagar,1106,V Nagar,122,Bottle Gourd,122,Common,0.0,2.1,7.0,7.0,7.0,0.0,0.0
2021-04-15 00:00:00+05:30,323,Gaddiannaram,2,L.B Nagar,125,Bitter Gourd,125,Common,0.0,29.0,1000.0,1500.0,1200.0,0.0,0.0
2021-04-15 00:00:00+05:30,325,Hyderabad,6,Madannapeta,129,Cucumber,129,Common,0.0,5.0,800.0,800.0,800.0,0.0,0.0
2021-04-15 00:00:00+05:30,279,Thirumalagiri,9,Tirmalagiri,30,Groundnut pods,30,Common,0.0,30.0,4759.0,4829.0,4829.0,0.0,0.0
2021-04-14 00:00:00+05:30,331,Vantimamidi,1612,Vantimamidi,117,Cluster Beans,117,Common,0.0,53.0,1500.0,2600.0,2050.0,0.0,0.0
2021-04-15 00:00:00+05:30,323,Gaddiannaram,1,Gaddiannaram,89,Papaya,89,Common,0.0,355.0,600.0,2000.0,1000.0,0.0,0.0
2021-04-14 00:00:00+05:30,367,Gudimalkapur,1571,Gudumalkapur,117,Cluster Beans,117,Common,0.0,18.0,1000.0,1400.0,1200.0,0.0,0.0
2021-04-14 00:00:00+05:30,310,Shadnagar,1330,Shadnagar,114,Tomato,197,Local,0.0,10.0,700.0,900.0,800.0,0.0,0.0
2021-04-14 00:00:00+05:30,303,Kalwakurthy,1340,Kalwakurthy,123,Ribbed Gourd,123,Common,0.0,1.0,700.0,800.0,750.0,0.0,0.0
2021-04-14 00:00:00+05:30,281,Venkateshwar Nagar,1106,V Nagar,122,Bottle Gourd,122,Common,0.0,2.1,7.0,7.0,7.0,0.0,0.0
2021-04-14 00:00:00+05:30,323,Gaddiannaram,2,L.B Nagar,125,Bitter Gourd,125,Common,0.0,15.0,1000.0,2000.0,1500.0,0.0,0.0
2021-04-14 00:00:00+05:30,325,Hyderabad,6,Madannapeta,129,Cucumber,129,Common,0.0,15.0,500.0,500.0,500.0,0.0,0.0
2021-04-12 00:00:00+05:30,367,Gudimalkapur,1571,Gudumalkapur,117,Cluster Beans,117,Common,0.0,144.0,800.0,1000.0,900.0,0.0,0.0
2021-04-12 00:00:00+05:30,303,Kalwakurthy,1340,Kalwakurthy,123,Ribbed Gourd,123,Common,0.0,3.0,700.0,900.0,800.0,0.0,0.0
2021-04-12 00:00:00+05:30,310,Shadnagar,1330,Shadnagar,114,Tomato,197,Local,0.0,25.0,500.0,800.0,600.0,0.0,0.0
2021-04-13 00:00:00+05:30,331,Vantimamidi,1612,Vantimamidi,117,Cluster Beans,117,Common,0.0,12.0,2000.0,2500.0,2250.0,0.0,0.0
2021-04-13 00:00:00+05:30,310,Shadnagar,1330,Shadnagar,114,Tomato,197,Local,0.0,8.0,600.0,800.0,700.0,0.0,0.0
2021-04-13 00:00:00+05:30,281,Venkateshwar Nagar,1106,V Nagar,122,Bottle Gourd,122,Common,0.0,4.0,6.0,7.0,6.0,0.0,0.0
2021-04-25 00:00:00+05:30,325,Hyderabad,6,Madannapeta,129,Cucumber,129,Common,0.0,5.0,600.0,600.0,600.0,0.0,0.0
2021-04-25 00:00:00+05:30,323,Gaddiannaram,2,L.B Nagar,125,Bitter Gourd,125,Common,0.0,8.0,1500.0,2500.0,2000.0,0.0,0.0
2021-04-25 00:00:00+05:30,281,Venkateshwar Nagar,1106,V Nagar,122,Bottle Gourd,122,Common,0.0,5.1,7.0,7.0,7.0,0.0,0.0
2021-04-25 00:00:00+05:30,325,Hyderabad,7,Meeralamandi,129,Cucumber,129,Common,0.0,7.0,800.0,1000.0,900.0,0.0,0.0
2021-04-24 00:00:00+05:30,367,Gudimalkapur,1571,Gudumalkapur,117,Cluster Beans,117,Common,0.0,108.0,1000.0,1500.0,1200.0,0.0,0.0
2021-04-24 00:00:00+05:30,310,Shadnagar,1330,Shadnagar,114,Tomato,197,Local,0.0,14.0,300.0,400.0,300.0,0.0,0.0
2021-04-24 00:00:00+05:30,303,Kalwakurthy,1340,Kalwakurthy,123,Ribbed Gourd,123,Common,0.0,2.0,800.0,1200.0,1000.0,0.0,0.0
2021-04-24 00:00:00+05:30,331,Vantimamidi,1612,Vantimamidi,117,Cluster Beans,117,Common,0.0,48.0,800.0,2000.0,1400.0,0.0,0.0
2021-04-25 00:00:00+05:30,323,Gaddiannaram,1,Gaddiannaram,89,Papaya,89,Common,0.0,431.0,600.0,2800.0,1200.0,0.0,0.0
2021-04-24 00:00:00+05:30,309,Narayanpet,1342,Narayanpet,68,Tamarind,68,Common,0.0,66.75,2819.0,5401.0,4489.0,0.0,0.0
2021-04-24 00:00:00+05:30,289,Sadasivpet,1200,Sadasivapet,55,Onions,55,Common,0.0,3927.0,312.0,1159.0,889.0,0.0,0.0
2021-04-24 00:00:00+05:30,281,Venkateshwar Nagar,1106,V Nagar,122,Bottle Gourd,122,Common,0.0,7.1,8.0,10.0,8.0,0.0,0.0
2021-04-24 00:00:00+05:30,323,Gaddiannaram,1,Gaddiannaram,89,Papaya,89,Common,0.0,660.0,700.0,3000.0,1300.0,0.0,0.0
2021-04-24 00:00:00+05:30,323,Gaddiannaram,2,L.B Nagar,125,Bitter Gourd,125,Common,0.0,14.0,1500.0,2000.0,1700.0,0.0,0.0
2021-04-24 00:00:00+05:30,325,Hyderabad,7,Meeralamandi,129,Cucumber,129,Common,0.0,8.0,1000.0,1200.0,1100.0,0.0,0.0
2021-04-23 00:00:00+05:30,331,Vantimamidi,1612,Vantimamidi,117,Cluster Beans,117,Common,0.0,69.0,1000.0,2000.0,1500.0,0.0,0.0
2021-04-23 00:00:00+05:30,367,Gudimalkapur,1571,Gudumalkapur,117,Cluster Beans,117,Common,0.0,135.0,800.0,1200.0,1000.0,0.0,0.0
2021-04-23 00:00:00+05:30,310,Shadnagar,1330,Shadnagar,114,Tomato,197,Local,0.0,18.0,300.0,500.0,400.0,0.0,0.0
2021-04-23 00:00:00+05:30,303,Kalwakurthy,1340,Kalwakurthy,123,Ribbed Gourd,123,Common,0.0,2.0,600.0,1000.0,800.0,0.0,0.0
2021-04-23 00:00:00+05:30,281,Venkateshwar Nagar,1106,V Nagar,122,Bottle Gourd,122,Common,0.0,6.3,7.0,8.0,7.0,0.0,0.0
2021-04-23 00:00:00+05:30,323,Gaddiannaram,2,L.B Nagar,125,Bitter Gourd,125,Common,0.0,11.0,1000.0,2000.0,1500.0,0.0,0.0
2021-04-23 00:00:00+05:30,246,Warangal,886,Warangal,54,Chillies(Dry),253,Single Patti,0.0,169.0,15000.0,18000.0,17000.0,0.0,0.0
2021-04-23 00:00:00+05:30,325,Hyderabad,7,Meeralamandi,129,Cucumber,129,Common,0.0,8.0,1000.0,1400.0,1200.0,0.0,0.0
2021-04-22 00:00:00+05:30,331,Vantimamidi,1612,Vantimamidi,117,Cluster Beans,117,Common,0.0,44.0,1300.0,2000.0,1650.0,0.0,0.0
2021-04-22 00:00:00+05:30,367,Gudimalkapur,1571,Gudumalkapur,117,Cluster Beans,117,Common,0.0,87.0,800.0,1200.0,1000.0,0.0,0.0
2021-04-22 00:00:00+05:30,310,Shadnagar,1330,Shadnagar,114,Tomato,197,Local,0.0,12.0,300.0,500.0,400.0,0.0,0.0
2021-04-22 00:00:00+05:30,303,Kalwakurthy,1340,Kalwakurthy,123,Ribbed Gourd,123,Common,0.0,5.0,600.0,800.0,700.0,0.0,0.0
2021-04-22 00:00:00+05:30,289,Sadasivpet,1200,Sadasivapet,55,Onions,55,Common,0.0,1714.0,769.0,1208.0,1039.0,0.0,0.0
2021-04-22 00:00:00+05:30,281,Venkateshwar Nagar,1106,V Nagar,122,Bottle Gourd,122,Common,0.0,5.2,7.0,8.0,7.0,0.0,0.0
2021-04-22 00:00:00+05:30,246,Warangal,886,Warangal,54,Chillies(Dry),253,Single Patti,0.0,139.0,15000.0,18000.0,16500.0,0.0,0.0
2021-04-22 00:00:00+05:30,279,Thirumalagiri,9,Tirmalagiri,30,Groundnut pods,30,Common,0.0,14.0,4739.0,4829.0,4789.0,0.0,0.0
2021-04-21 00:00:00+05:30,303,Kalwakurthy,1340,Kalwakurthy,123,Ribbed Gourd,123,Common,0.0,4.0,800.0,1000.0,900.0,0.0,0.0
2021-04-21 00:00:00+05:30,331,Vantimamidi,1612,Vantimamidi,117,Cluster Beans,117,Common,0.0,42.0,1000.0,2000.0,1500.0,0.0,0.0
2021-04-21 00:00:00+05:30,367,Gudimalkapur,1571,Gudumalkapur,117,Cluster Beans,117,Common,0.0,107.0,800.0,1200.0,1000.0,0.0,0.0
2021-04-22 00:00:00+05:30,323,Gaddiannaram,1,Gaddiannaram,89,Papaya,89,Common,0.0,416.0,600.0,2800.0,1200.0,0.0,0.0
2021-04-22 00:00:00+05:30,323,Gaddiannaram,2,L.B Nagar,125,Bitter Gourd,125,Common,0.0,11.0,1500.0,2000.0,1700.0,0.0,0.0
2021-04-21 00:00:00+05:30,323,Gaddiannaram,2,L.B Nagar,125,Bitter Gourd,125,Common,0.0,15.0,1000.0,1500.0,1200.0,0.0,0.0
2021-04-21 00:00:00+05:30,310,Shadnagar,1330,Shadnagar,114,Tomato,197,Local,0.0,12.0,300.0,400.0,300.0,0.0,0.0
2021-04-21 00:00:00+05:30,281,Venkateshwar Nagar,1106,V Nagar,122,Bottle Gourd,122,Common,0.0,5.0,7.0,8.0,7.0,0.0,0.0
2021-04-20 00:00:00+05:30,367,Gudimalkapur,1571,Gudumalkapur,117,Cluster Beans,117,Common,0.0,57.0,600.0,1200.0,900.0,0.0,0.0
2021-04-20 00:00:00+05:30,310,Shadnagar,1330,Shadnagar,114,Tomato,197,Local,0.0,15.0,200.0,500.0,300.0,0.0,0.0
2021-04-20 00:00:00+05:30,303,Kalwakurthy,1340,Kalwakurthy,123,Ribbed Gourd,123,Common,0.0,3.0,500.0,1000.0,750.0,0.0,0.0
2021-04-20 00:00:00+05:30,331,Vantimamidi,1612,Vantimamidi,117,Cluster Beans,117,Common,0.0,42.0,1200.0,2100.0,1650.0,0.0,0.0
2021-04-21 00:00:00+05:30,323,Gaddiannaram,1,Gaddiannaram,89,Papaya,89,Common,0.0,380.0,600.0,2800.0,1200.0,0.0,0.0
2021-04-20 00:00:00+05:30,289,Sadasivpet,1200,Sadasivapet,55,Onions,55,Common,0.0,1150.0,726.0,1269.0,1059.0,0.0,0.0
2021-04-20 00:00:00+05:30,325,Hyderabad,6,Madannapeta,129,Cucumber,129,Common,0.0,15.0,600.0,600.0,600.0,0.0,0.0
2021-04-20 00:00:00+05:30,246,Warangal,886,Warangal,54,Chillies(Dry),253,Single Patti,0.0,153.0,11000.0,16000.0,13000.0,0.0,0.0
2021-04-20 00:00:00+05:30,281,Venkateshwar Nagar,1106,V Nagar,122,Bottle Gourd,122,Common,0.0,9.8,6.0,7.0,6.0,0.0,0.0
2021-04-20 00:00:00+05:30,323,Gaddiannaram,2,L.B Nagar,125,Bitter Gourd,125,Common,0.0,12.0,1500.0,2000.0,1700.0,0.0,0.0
2021-04-19 00:00:00+05:30,331,Vantimamidi,1612,Vantimamidi,117,Cluster Beans,117,Common,0.0,26.0,1200.0,2200.0,1700.0,0.0,0.0
2021-04-20 00:00:00+05:30,323,Gaddiannaram,1,Gaddiannaram,89,Papaya,89,Common,0.0,420.0,700.0,3000.0,1300.0,0.0,0.0
2021-04-19 00:00:00+05:30,367,Gudimalkapur,1571,Gudumalkapur,117,Cluster Beans,117,Common,0.0,93.0,600.0,800.0,700.0,0.0,0.0
2021-04-19 00:00:00+05:30,310,Shadnagar,1330,Shadnagar,114,Tomato,197,Local,0.0,20.0,300.0,500.0,400.0,0.0,0.0
2021-04-19 00:00:00+05:30,303,Kalwakurthy,1340,Kalwakurthy,123,Ribbed Gourd,123,Common,0.0,2.0,1000.0,1000.0,1000.0,0.0,0.0
2021-04-19 00:00:00+05:30,246,Warangal,886,Warangal,54,Chillies(Dry),253,Single Patti,0.0,299.0,11500.0,18000.0,15500.0,0.0,0.0
2021-04-19 00:00:00+05:30,279,Thirumalagiri,9,Tirmalagiri,30,Groundnut pods,30,Common,0.0,4.0,4709.0,4759.0,4759.0,0.0,0.0
2021-04-19 00:00:00+05:30,325,Hyderabad,7,Meeralamandi,129,Cucumber,129,Common,0.0,5.0,800.0,1000.0,900.0,0.0,0.0
2021-04-19 00:00:00+05:30,289,Sadasivpet,1200,Sadasivapet,55,Onions,55,Common,0.0,1662.0,711.0,1296.0,1100.0,0.0,0.0
2021-04-30 00:00:00+05:30,367,Gudimalkapur,1571,Gudumalkapur,117,Cluster Beans,117,Common,0.0,98.0,800.0,1200.0,1000.0,0.0,0.0
2021-04-30 00:00:00+05:30,303,Kalwakurthy,1340,Kalwakurthy,123,Ribbed Gourd,123,Common,0.0,1.0,500.0,500.0,500.0,0.0,0.0
2021-04-30 00:00:00+05:30,310,Shadnagar,1330,Shadnagar,114,Tomato,197,Local,0.0,14.0,800.0,1000.0,900.0,0.0,0.0
2021-04-30 00:00:00+05:30,289,Sadasivpet,1200,Sadasivapet,55,Onions,55,Common,0.0,2148.0,669.0,1412.0,1259.0,0.0,0.0
2021-04-30 00:00:00+05:30,323,Gaddiannaram,2,L.B Nagar,125,Bitter Gourd,125,Common,0.0,15.0,1500.0,2000.0,1700.0,0.0,0.0
2021-04-30 00:00:00+05:30,323,Gaddiannaram,1,Gaddiannaram,89,Papaya,89,Common,0.0,466.0,600.0,2800.0,1200.0,0.0,0.0
2021-04-29 00:00:00+05:30,303,Kalwakurthy,1340,Kalwakurthy,123,Ribbed Gourd,123,Common,0.0,2.0,1000.0,1200.0,1100.0,0.0,0.0
2021-04-30 00:00:00+05:30,325,Hyderabad,6,Madannapeta,129,Cucumber,129,Common,0.0,25.0,600.0,600.0,600.0,0.0,0.0
2021-04-30 00:00:00+05:30,281,Venkateshwar Nagar,1106,V Nagar,122,Bottle Gourd,122,Common,0.0,5.6,7.0,8.0,7.0,0.0,0.0
2021-04-30 00:00:00+05:30,279,Thirumalagiri,9,Tirmalagiri,30,Groundnut pods,30,Common,0.0,8.0,4309.0,4729.0,4729.0,0.0,0.0
2021-04-29 00:00:00+05:30,331,Vantimamidi,1612,Vantimamidi,117,Cluster Beans,117,Common,0.0,46.0,1300.0,2000.0,1650.0,0.0,0.0
2021-04-29 00:00:00+05:30,367,Gudimalkapur,1571,Gudumalkapur,117,Cluster Beans,117,Common,0.0,64.0,1000.0,1200.0,1100.0,0.0,0.0
2021-04-29 00:00:00+05:30,310,Shadnagar,1330,Shadnagar,114,Tomato,197,Local,0.0,18.0,800.0,1000.0,900.0,0.0,0.0
2021-04-29 00:00:00+05:30,281,Venkateshwar Nagar,1106,V Nagar,122,Bottle Gourd,122,Common,0.0,3.6,7.0,8.0,7.0,0.0,0.0
2021-04-29 00:00:00+05:30,325,Hyderabad,6,Madannapeta,129,Cucumber,129,Common,0.0,13.0,600.0,800.0,700.0,0.0,0.0
2021-04-29 00:00:00+05:30,279,Thirumalagiri,9,Tirmalagiri,30,Groundnut pods,30,Common,0.0,22.0,4529.0,4779.0,4649.0,0.0,0.0
2021-04-29 00:00:00+05:30,323,Gaddiannaram,2,L.B Nagar,125,Bitter Gourd,125,Common,0.0,17.0,2000.0,2500.0,2200.0,0.0,0.0
2021-04-28 00:00:00+05:30,331,Vantimamidi,1612,Vantimamidi,117,Cluster Beans,117,Common,0.0,43.0,1200.0,2000.0,1600.0,0.0,0.0
2021-04-29 00:00:00+05:30,323,Gaddiannaram,1,Gaddiannaram,89,Papaya,89,Common,0.0,478.0,600.0,2800.0,1200.0,0.0,0.0
2021-04-28 00:00:00+05:30,367,Gudimalkapur,1571,Gudumalkapur,117,Cluster Beans,117,Common,0.0,67.0,800.0,1200.0,1000.0,0.0,0.0
2021-04-28 00:00:00+05:30,303,Kalwakurthy,1340,Kalwakurthy,123,Ribbed Gourd,123,Common,0.0,2.0,800.0,1200.0,1000.0,0.0,0.0
2021-04-28 00:00:00+05:30,289,Sadasivpet,1200,Sadasivapet,55,Onions,55,Common,0.0,2824.0,369.0,1212.0,889.0,0.0,0.0
2021-04-28 00:00:00+05:30,310,Shadnagar,1330,Shadnagar,114,Tomato,197,Local,0.0,18.0,600.0,900.0,800.0,0.0,0.0
2021-04-28 00:00:00+05:30,279,Thirumalagiri,9,Tirmalagiri,30,Groundnut pods,30,Common,0.0,23.0,4009.0,4792.0,4692.0,0.0,0.0
2021-04-28 00:00:00+05:30,325,Hyderabad,7,Meeralamandi,129,Cucumber,129,Common,0.0,3.0,400.0,600.0,500.0,0.0,0.0
2021-04-28 00:00:00+05:30,281,Venkateshwar Nagar,1106,V Nagar,122,Bottle Gourd,122,Common,0.0,3.2,7.0,8.0,7.0,0.0,0.0
2021-04-28 00:00:00+05:30,325,Hyderabad,6,Madannapeta,129,Cucumber,129,Common,0.0,25.0,600.0,600.0,600.0,0.0,0.0
2021-04-28 00:00:00+05:30,323,Gaddiannaram,2,L.B Nagar,125,Bitter Gourd,125,Common,0.0,7.0,2500.0,2500.0,2500.0,0.0,0.0
2021-04-27 00:00:00+05:30,331,Vantimamidi,1612,Vantimamidi,117,Cluster Beans,117,Common,0.0,28.0,1300.0,2000.0,1650.0,0.0,0.0
2021-04-27 00:00:00+05:30,367,Gudimalkapur,1571,Gudumalkapur,117,Cluster Beans,117,Common,0.0,100.0,800.0,1200.0,1000.0,0.0,0.0
2021-04-27 00:00:00+05:30,310,Shadnagar,1330,Shadnagar,114,Tomato,197,Local,0.0,14.0,700.0,1000.0,800.0,0.0,0.0
2021-04-27 00:00:00+05:30,325,Hyderabad,6,Madannapeta,129,Cucumber,129,Common,0.0,25.0,500.0,500.0,500.0,0.0,0.0
2021-04-27 00:00:00+05:30,279,Thirumalagiri,9,Tirmalagiri,30,Groundnut pods,30,Common,0.0,6.0,3859.0,3859.0,3859.0,0.0,0.0
2021-04-27 00:00:00+05:30,325,Hyderabad,7,Meeralamandi,129,Cucumber,129,Common,0.0,7.0,1000.0,1200.0,1100.0,0.0,0.0
2021-04-27 00:00:00+05:30,281,Venkateshwar Nagar,1106,V Nagar,122,Bottle Gourd,122,Common,0.0,7.2,8.0,8.0,8.0,0.0,0.0
2021-04-26 00:00:00+05:30,331,Vantimamidi,1612,Vantimamidi,117,Cluster Beans,117,Common,0.0,42.0,1000.0,2000.0,1500.0,0.0,0.0
2021-04-27 00:00:00+05:30,323,Gaddiannaram,1,Gaddiannaram,89,Papaya,89,Common,0.0,745.0,500.0,2500.0,1500.0,0.0,0.0
2021-04-27 00:00:00+05:30,323,Gaddiannaram,2,L.B Nagar,125,Bitter Gourd,125,Common,0.0,11.0,2000.0,2500.0,2200.0,0.0,0.0
2021-04-26 00:00:00+05:30,367,Gudimalkapur,1571,Gudumalkapur,117,Cluster Beans,117,Common,0.0,64.0,800.0,1200.0,1000.0,0.0,0.0
2021-04-26 00:00:00+05:30,303,Kalwakurthy,1340,Kalwakurthy,123,Ribbed Gourd,123,Common,0.0,2.0,500.0,1200.0,850.0,0.0,0.0
2021-04-26 00:00:00+05:30,310,Shadnagar,1330,Shadnagar,114,Tomato,197,Local,0.0,16.0,500.0,800.0,600.0,0.0,0.0
2021-04-26 00:00:00+05:30,279,Thirumalagiri,9,Tirmalagiri,30,Groundnut pods,30,Common,0.0,4.0,4609.0,4689.0,4689.0,0.0,0.0
2021-04-26 00:00:00+05:30,323,Gaddiannaram,2,L.B Nagar,125,Bitter Gourd,125,Common,0.0,4.0,2000.0,2000.0,2000.0,0.0,0.0
2021-04-26 00:00:00+05:30,325,Hyderabad,6,Madannapeta,129,Cucumber,129,Common,0.0,10.0,600.0,600.0,600.0,0.0,0.0
2021-04-25 00:00:00+05:30,331,Vantimamidi,1612,Vantimamidi,117,Cluster Beans,117,Common,0.0,67.0,1000.0,1800.0,1400.0,0.0,0.0
2021-04-25 00:00:00+05:30,367,Gudimalkapur,1571,Gudumalkapur,117,Cluster Beans,117,Common,0.0,76.0,600.0,1000.0,800.0,0.0,0.0
2021-04-25 00:00:00+05:30,310,Shadnagar,1330,Shadnagar,114,Tomato,197,Local,0.0,10.0,300.0,500.0,400.0,0.0,0.0
2021-04-25 00:00:00+05:30,303,Kalwakurthy,1340,Kalwakurthy,123,Ribbed Gourd,123,Common,0.0,5.0,700.0,1000.0,850.0,0.0,0.0
2021-04-01 00:00:00+05:30,324,Bowenpally,3,Bowenpally,116,French Beans,116,Common,0.0,725.0,1500.0,3200.0,3000.0,0.0,0.0
2021-04-01 00:00:00+05:30,323,Gaddiannaram,1,Gaddiannaram,90,Guava,90,Common,0.0,166.0,1000.0,3650.0,1600.0,0.0,0.0
2021-04-01 00:00:00+05:30,281,Venkateshwar Nagar,1106,V Nagar,125,Bitter Gourd,125,Common,0.0,2.1,10.0,12.0,10.0,0.0,0.0
2021-04-01 00:00:00+05:30,290,Siddipet,1193,Siddipet,22,Cowpea,22,Common,0.0,5.4,4222.0,5866.0,5751.0,0.0,0.0
2021-04-01 00:00:00+05:30,310,Shadnagar,1330,Shadnagar,117,Cluster Beans,117,Common,0.0,3.0,1800.0,2300.0,2000.0,0.0,0.0
2021-04-02 00:00:00+05:30,323,Gaddiannaram,1,Gaddiannaram,90,Guava,90,Common,0.0,151.0,1000.0,3300.0,1500.0,0.0,0.0
2021-04-01 00:00:00+05:30,303,Kalwakurthy,1340,Kalwakurthy,125,Bitter Gourd,125,Common,0.0,4.0,800.0,1000.0,900.0,0.0,0.0
2021-04-01 00:00:00+05:30,331,Vantimamidi,1612,Vantimamidi,118,Field Beans,118,Common,0.0,191.0,1200.0,4200.0,2700.0,0.0,0.0
2021-04-02 00:00:00+05:30,324,Bowenpally,3,Bowenpally,116,French Beans,116,Common,0.0,311.0,1300.0,3000.0,2500.0,0.0,0.0
2021-04-02 00:00:00+05:30,281,Venkateshwar Nagar,1106,V Nagar,125,Bitter Gourd,125,Common,0.0,3.6,10.0,12.0,10.0,0.0,0.0
2021-04-02 00:00:00+05:30,295,Sangareddy,1219,Sangaredy,199,Capsicum,204,Common,0.0,1.0,2000.0,2400.0,2200.0,0.0,0.0
2021-04-02 00:00:00+05:30,331,Vantimamidi,1612,Vantimamidi,118,Field Beans,118,Common,0.0,193.0,2000.0,4300.0,3150.0,0.0,0.0
2021-04-02 00:00:00+05:30,367,Gudimalkapur,1571,Gudumalkapur,118,Field Beans,118,Common,0.0,101.0,1500.0,2500.0,2000.0,0.0,0.0
2021-04-03 00:00:00+05:30,323,Gaddiannaram,1,Gaddiannaram,90,Guava,90,Common,0.0,154.0,1000.0,3650.0,1500.0,0.0,0.0
2021-04-03 00:00:00+05:30,324,Bowenpally,3,Bowenpally,116,French Beans,116,Common,0.0,500.0,1200.0,2500.0,2000.0,0.0,0.0
2021-04-02 00:00:00+05:30,310,Shadnagar,1330,Shadnagar,117,Cluster Beans,117,Common,0.0,3.0,1800.0,2300.0,2000.0,0.0,0.0
2021-04-02 00:00:00+05:30,303,Kalwakurthy,1340,Kalwakurthy,125,Bitter Gourd,125,Common,0.0,1.0,700.0,1000.0,850.0,0.0,0.0
2021-04-03 00:00:00+05:30,310,Shadnagar,1330,Shadnagar,117,Cluster Beans,117,Common,0.0,8.0,2300.0,2600.0,2400.0,0.0,0.0
2021-04-03 00:00:00+05:30,295,Sangareddy,1219,Sangaredy,199,Capsicum,204,Common,0.0,1.0,2200.0,2400.0,2000.0,0.0,0.0
2021-04-03 00:00:00+05:30,281,Venkateshwar Nagar,1106,V Nagar,125,Bitter Gourd,125,Common,0.0,2.1,10.0,12.0,10.0,0.0,0.0
2021-04-03 00:00:00+05:30,303,Kalwakurthy,1340,Kalwakurthy,125,Bitter Gourd,125,Common,0.0,2.0,800.0,1000.0,900.0,0.0,0.0
2021-04-03 00:00:00+05:30,367,Gudimalkapur,1571,Gudumalkapur,118,Field Beans,118,Common,0.0,124.0,1500.0,2500.0,1800.0,0.0,0.0
2021-04-03 00:00:00+05:30,331,Vantimamidi,1612,Vantimamidi,118,Field Beans,118,Common,0.0,273.0,1400.0,4400.0,2900.0,0.0,0.0
2021-04-04 00:00:00+05:30,323,Gaddiannaram,1,Gaddiannaram,90,Guava,90,Common,0.0,114.0,1000.0,4000.0,1600.0,0.0,0.0
2021-04-04 00:00:00+05:30,324,Bowenpally,3,Bowenpally,116,French Beans,116,Common,0.0,559.0,1500.0,3000.0,2500.0,0.0,0.0
2021-04-04 00:00:00+05:30,295,Sangareddy,1219,Sangaredy,199,Capsicum,204,Common,0.0,1.0,2000.0,2300.0,2100.0,0.0,0.0
2021-04-04 00:00:00+05:30,303,Kalwakurthy,1340,Kalwakurthy,125,Bitter Gourd,125,Common,0.0,3.0,700.0,1000.0,850.0,0.0,0.0
2021-04-04 00:00:00+05:30,310,Shadnagar,1330,Shadnagar,117,Cluster Beans,117,Common,0.0,5.0,1800.0,2400.0,2000.0,0.0,0.0
2021-04-04 00:00:00+05:30,367,Gudimalkapur,1571,Gudumalkapur,118,Field Beans,118,Common,0.0,86.0,2000.0,2500.0,2200.0,0.0,0.0
2021-04-05 00:00:00+05:30,323,Gaddiannaram,1,Gaddiannaram,90,Guava,90,Common,0.0,150.0,1050.0,4000.0,1600.0,0.0,0.0
2021-04-04 00:00:00+05:30,331,Vantimamidi,1612,Vantimamidi,118,Field Beans,118,Common,0.0,265.0,1500.0,4200.0,2800.0,0.0,0.0
2021-04-05 00:00:00+05:30,303,Kalwakurthy,1340,Kalwakurthy,125,Bitter Gourd,125,Common,0.0,2.0,800.0,1000.0,900.0,0.0,0.0
2021-04-05 00:00:00+05:30,310,Shadnagar,1330,Shadnagar,117,Cluster Beans,117,Common,0.0,12.0,1800.0,2000.0,1900.0,0.0,0.0
2021-04-05 00:00:00+05:30,295,Sangareddy,1219,Sangaredy,199,Capsicum,204,Common,0.0,2.0,2200.0,2600.0,2400.0,0.0,0.0
2021-04-06 00:00:00+05:30,323,Gaddiannaram,1,Gaddiannaram,90,Guava,90,Common,0.0,116.0,1050.0,4000.0,1650.0,0.0,0.0
2021-04-05 00:00:00+05:30,331,Vantimamidi,1612,Vantimamidi,118,Field Beans,118,Common,0.0,171.0,1500.0,4200.0,2800.0,0.0,0.0
2021-04-05 00:00:00+05:30,367,Gudimalkapur,1571,Gudumalkapur,118,Field Beans,118,Common,0.0,106.0,1500.0,2000.0,1800.0,0.0,0.0
2021-04-06 00:00:00+05:30,324,Bowenpally,3,Bowenpally,116,French Beans,116,Common,0.0,210.0,1200.0,3000.0,2500.0,0.0,0.0
2021-04-06 00:00:00+05:30,281,Venkateshwar Nagar,1106,V Nagar,125,Bitter Gourd,125,Common,0.0,2.0,15.0,15.0,15.0,0.0,0.0
2021-04-06 00:00:00+05:30,303,Kalwakurthy,1340,Kalwakurthy,125,Bitter Gourd,125,Common,0.0,1.0,1000.0,1500.0,1250.0,0.0,0.0
2021-04-06 00:00:00+05:30,310,Shadnagar,1330,Shadnagar,117,Cluster Beans,117,Common,0.0,9.0,1800.0,2000.0,1900.0,0.0,0.0
2021-04-06 00:00:00+05:30,300,Badepally,1327,Badepally,69,Sunflower,69,Common,0.0,10.0,4856.0,4856.0,4856.0,0.0,0.0
2021-04-06 00:00:00+05:30,290,Siddipet,1193,Siddipet,22,Cowpea,22,Common,0.0,12.0,5756.0,6111.0,5856.0,0.0,0.0
2021-04-07 00:00:00+05:30,323,Gaddiannaram,1,Gaddiannaram,90,Guava,90,Common,0.0,173.0,1000.0,4000.0,1650.0,0.0,0.0
2021-04-06 00:00:00+05:30,331,Vantimamidi,1612,Vantimamidi,118,Field Beans,118,Common,0.0,184.0,1900.0,4200.0,3000.0,0.0,0.0
2021-04-06 00:00:00+05:30,367,Gudimalkapur,1571,Gudumalkapur,118,Field Beans,118,Common,0.0,65.0,1500.0,2000.0,1800.0,0.0,0.0
2021-04-07 00:00:00+05:30,281,Venkateshwar Nagar,1106,V Nagar,125,Bitter Gourd,125,Common,0.0,3.1,10.0,12.0,10.0,0.0,0.0
2021-04-07 00:00:00+05:30,324,Bowenpally,3,Bowenpally,116,French Beans,116,Common,0.0,88.0,1000.0,3000.0,2500.0,0.0,0.0
2021-04-07 00:00:00+05:30,310,Shadnagar,1330,Shadnagar,117,Cluster Beans,117,Common,0.0,12.0,1600.0,2000.0,1800.0,0.0,0.0
2021-04-07 00:00:00+05:30,300,Badepally,1327,Badepally,69,Sunflower,69,Common,0.0,49.0,4386.0,5186.0,5036.0,0.0,0.0
2021-04-07 00:00:00+05:30,303,Kalwakurthy,1340,Kalwakurthy,125,Bitter Gourd,125,Common,0.0,3.0,500.0,1200.0,850.0,0.0,0.0
2021-04-07 00:00:00+05:30,367,Gudimalkapur,1571,Gudumalkapur,118,Field Beans,118,Common,0.0,96.0,1600.0,2000.0,1800.0,0.0,0.0
2021-04-08 00:00:00+05:30,323,Gaddiannaram,1,Gaddiannaram,90,Guava,90,Common,0.0,147.0,1000.0,4000.0,1650.0,0.0,0.0
2021-04-07 00:00:00+05:30,331,Vantimamidi,1612,Vantimamidi,118,Field Beans,118,Common,0.0,251.0,1600.0,4000.0,2800.0,0.0,0.0
2021-04-08 00:00:00+05:30,324,Bowenpally,3,Bowenpally,116,French Beans,116,Common,0.0,64.0,1500.0,4000.0,3000.0,0.0,0.0
2021-04-08 00:00:00+05:30,281,Venkateshwar Nagar,1106,V Nagar,125,Bitter Gourd,125,Common,0.0,3.5,16.0,16.0,16.0,0.0,0.0
2021-04-08 00:00:00+05:30,303,Kalwakurthy,1340,Kalwakurthy,125,Bitter Gourd,125,Common,0.0,2.0,600.0,700.0,650.0,0.0,0.0
2021-04-08 00:00:00+05:30,310,Shadnagar,1330,Shadnagar,117,Cluster Beans,117,Common,0.0,10.0,1800.0,2300.0,2000.0,0.0,0.0
2021-04-08 00:00:00+05:30,367,Gudimalkapur,1571,Gudumalkapur,118,Field Beans,118,Common,0.0,87.0,1500.0,2000.0,1600.0,0.0,0.0
2021-04-08 00:00:00+05:30,295,Sangareddy,1219,Sangaredy,199,Capsicum,204,Common,0.0,1.0,2000.0,2400.0,2300.0,0.0,0.0
2021-04-08 00:00:00+05:30,290,Siddipet,1193,Siddipet,22,Cowpea,22,Common,0.0,4.8,5781.0,5781.0,5781.0,0.0,0.0
2021-04-09 00:00:00+05:30,323,Gaddiannaram,1,Gaddiannaram,90,Guava,90,Common,0.0,111.0,1050.0,4000.0,1600.0,0.0,0.0
2021-04-08 00:00:00+05:30,331,Vantimamidi,1612,Vantimamidi,118,Field Beans,118,Common,0.0,213.0,1400.0,4000.0,2700.0,0.0,0.0
2021-04-09 00:00:00+05:30,324,Bowenpally,3,Bowenpally,116,French Beans,116,Common,0.0,48.0,1500.0,4500.0,3500.0,0.0,0.0
2021-04-09 00:00:00+05:30,281,Venkateshwar Nagar,1106,V Nagar,125,Bitter Gourd,125,Common,0.0,2.9,10.0,10.0,10.0,0.0,0.0
2021-04-09 00:00:00+05:30,290,Siddipet,1193,Siddipet,22,Cowpea,22,Common,0.0,7.8,5726.0,5776.0,5751.0,0.0,0.0
2021-04-09 00:00:00+05:30,303,Kalwakurthy,1340,Kalwakurthy,125,Bitter Gourd,125,Common,0.0,1.0,1000.0,1000.0,1000.0,0.0,0.0
2021-04-09 00:00:00+05:30,310,Shadnagar,1330,Shadnagar,117,Cluster Beans,117,Common,0.0,20.0,1800.0,2300.0,2000.0,0.0,0.0
2021-04-09 00:00:00+05:30,367,Gudimalkapur,1571,Gudumalkapur,118,Field Beans,118,Common,0.0,77.0,1500.0,2500.0,2000.0,0.0,0.0
2021-04-10 00:00:00+05:30,323,Gaddiannaram,1,Gaddiannaram,90,Guava,90,Common,0.0,165.0,1000.0,4000.0,1650.0,0.0,0.0
2021-04-09 00:00:00+05:30,331,Vantimamidi,1612,Vantimamidi,118,Field Beans,118,Common,0.0,205.0,1500.0,4000.0,2750.0,0.0,0.0
2021-04-10 00:00:00+05:30,324,Bowenpally,3,Bowenpally,116,French Beans,116,Common,0.0,173.0,1500.0,3500.0,3000.0,0.0,0.0
2021-04-10 00:00:00+05:30,281,Venkateshwar Nagar,1106,V Nagar,125,Bitter Gourd,125,Common,0.0,2.5,10.0,10.0,10.0,0.0,0.0
2021-04-10 00:00:00+05:30,290,Siddipet,1193,Siddipet,22,Cowpea,22,Common,0.0,2.4,5826.0,5826.0,5826.0,0.0,0.0
2021-04-10 00:00:00+05:30,303,Kalwakurthy,1340,Kalwakurthy,125,Bitter Gourd,125,Common,0.0,4.0,500.0,800.0,650.0,0.0,0.0
2021-04-10 00:00:00+05:30,310,Shadnagar,1330,Shadnagar,117,Cluster Beans,117,Common,0.0,9.0,1800.0,2000.0,1900.0,0.0,0.0
2021-04-10 00:00:00+05:30,295,Sangareddy,1219,Sangaredy,199,Capsicum,204,Common,0.0,1.0,2200.0,2400.0,2300.0,0.0,0.0
2021-04-10 00:00:00+05:30,331,Vantimamidi,1612,Vantimamidi,118,Field Beans,118,Common,0.0,205.0,1200.0,4000.0,2600.0,0.0,0.0
2021-04-10 00:00:00+05:30,367,Gudimalkapur,1571,Gudumalkapur,118,Field Beans,118,Common,0.0,85.0,1500.0,2500.0,2000.0,0.0,0.0
2021-04-10 00:00:00+05:30,219,Jagtial,1125,Jagtial,76,Mango,76,Common,0.0,4084.0,3000.0,4300.0,3600.0,0.0,0.0
2021-04-11 00:00:00+05:30,324,Bowenpally,3,Bowenpally,116,French Beans,116,Common,0.0,354.0,1500.0,3800.0,3000.0,0.0,0.0
2021-04-11 00:00:00+05:30,323,Gaddiannaram,1,Gaddiannaram,90,Guava,90,Common,0.0,149.0,1000.0,4000.0,1600.0,0.0,0.0
2021-04-11 00:00:00+05:30,281,Venkateshwar Nagar,1106,V Nagar,125,Bitter Gourd,125,Common,0.0,3.0,10.0,10.0,10.0,0.0,0.0
2021-04-11 00:00:00+05:30,310,Shadnagar,1330,Shadnagar,117,Cluster Beans,117,Common,0.0,12.0,1800.0,2300.0,1900.0,0.0,0.0
2021-04-12 00:00:00+05:30,323,Gaddiannaram,1,Gaddiannaram,90,Guava,90,Common,0.0,121.0,1000.0,4000.0,1700.0,0.0,0.0
2021-04-11 00:00:00+05:30,331,Vantimamidi,1612,Vantimamidi,118,Field Beans,118,Common,0.0,151.0,1600.0,4000.0,2700.0,0.0,0.0
2021-04-11 00:00:00+05:30,303,Kalwakurthy,1340,Kalwakurthy,125,Bitter Gourd,125,Common,0.0,3.0,500.0,800.0,650.0,0.0,0.0
2021-04-11 00:00:00+05:30,219,Jagtial,1125,Jagtial,76,Mango,76,Common,0.0,3626.0,2800.0,4400.0,4000.0,0.0,0.0
2021-04-11 00:00:00+05:30,367,Gudimalkapur,1571,Gudumalkapur,118,Field Beans,118,Common,0.0,52.0,1500.0,2500.0,2000.0,0.0,0.0
2021-04-12 00:00:00+05:30,324,Bowenpally,3,Bowenpally,116,French Beans,116,Common,0.0,162.0,1500.0,4000.0,3000.0,0.0,0.0
2021-04-13 00:00:00+05:30,310,Shadnagar,1330,Shadnagar,117,Cluster Beans,117,Common,0.0,3.0,1800.0,2000.0,1900.0,0.0,0.0
2021-04-13 00:00:00+05:30,323,Gaddiannaram,1,Gaddiannaram,90,Guava,90,Common,0.0,80.0,1000.0,4000.0,1700.0,0.0,0.0
2021-04-13 00:00:00+05:30,331,Vantimamidi,1612,Vantimamidi,118,Field Beans,118,Common,0.0,41.0,1200.0,5500.0,3350.0,0.0,0.0
2021-04-14 00:00:00+05:30,323,Gaddiannaram,1,Gaddiannaram,90,Guava,90,Common,0.0,75.0,1050.0,4000.0,1650.0,0.0,0.0
2021-04-12 00:00:00+05:30,310,Shadnagar,1330,Shadnagar,117,Cluster Beans,117,Common,0.0,14.0,1500.0,2300.0,1600.0,0.0,0.0
2021-04-12 00:00:00+05:30,295,Sangareddy,1219,Sangaredy,199,Capsicum,204,Common,0.0,1.0,2200.0,2400.0,2300.0,0.0,0.0
2021-04-12 00:00:00+05:30,303,Kalwakurthy,1340,Kalwakurthy,125,Bitter Gourd,125,Common,0.0,2.0,500.0,1000.0,750.0,0.0,0.0
2021-04-12 00:00:00+05:30,367,Gudimalkapur,1571,Gudumalkapur,118,Field Beans,118,Common,0.0,54.0,1500.0,2500.0,2000.0,0.0,0.0
2021-04-14 00:00:00+05:30,324,Bowenpally,3,Bowenpally,116,French Beans,116,Common,0.0,175.0,1500.0,4000.0,3000.0,0.0,0.0
2021-04-14 00:00:00+05:30,281,Venkateshwar Nagar,1106,V Nagar,125,Bitter Gourd,125,Common,0.0,2.1,10.0,10.0,10.0,0.0,0.0
2021-04-14 00:00:00+05:30,295,Sangareddy,1219,Sangaredy,199,Capsicum,204,Common,0.0,1.0,2000.0,2300.0,2200.0,0.0,0.0
2021-04-14 00:00:00+05:30,303,Kalwakurthy,1340,Kalwakurthy,125,Bitter Gourd,125,Common,0.0,1.0,1000.0,1000.0,1000.0,0.0,0.0
2021-04-14 00:00:00+05:30,310,Shadnagar,1330,Shadnagar,117,Cluster Beans,117,Common,0.0,6.0,1800.0,2300.0,1900.0,0.0,0.0
2021-04-14 00:00:00+05:30,367,Gudimalkapur,1571,Gudumalkapur,118,Field Beans,118,Common,0.0,18.0,1500.0,2500.0,1800.0,0.0,0.0
2021-04-15 00:00:00+05:30,323,Gaddiannaram,1,Gaddiannaram,90,Guava,90,Common,0.0,151.0,1000.0,4000.0,1650.0,0.0,0.0
2021-04-14 00:00:00+05:30,331,Vantimamidi,1612,Vantimamidi,118,Field Beans,118,Common,0.0,145.0,1500.0,4200.0,2850.0,0.0,0.0
2021-04-15 00:00:00+05:30,324,Bowenpally,3,Bowenpally,116,French Beans,116,Common,0.0,285.0,1500.0,4000.0,3000.0,0.0,0.0
2021-04-14 00:00:00+05:30,219,Jagtial,1125,Jagtial,76,Mango,76,Common,0.0,4665.0,2600.0,3700.0,3400.0,0.0,0.0
2021-04-15 00:00:00+05:30,281,Venkateshwar Nagar,1106,V Nagar,125,Bitter Gourd,125,Common,0.0,1.5,10.0,10.0,10.0,0.0,0.0
2021-04-15 00:00:00+05:30,219,Jagtial,1125,Jagtial,76,Mango,76,Common,0.0,4293.0,2500.0,3800.0,3400.0,0.0,0.0
2021-04-15 00:00:00+05:30,303,Kalwakurthy,1340,Kalwakurthy,125,Bitter Gourd,125,Common,0.0,2.0,600.0,1000.0,800.0,0.0,0.0
2021-04-15 00:00:00+05:30,310,Shadnagar,1330,Shadnagar,117,Cluster Beans,117,Common,0.0,10.0,1800.0,2300.0,1900.0,0.0,0.0
2021-04-15 00:00:00+05:30,367,Gudimalkapur,1571,Gudumalkapur,118,Field Beans,118,Common,0.0,74.0,1500.0,2500.0,2000.0,0.0,0.0
2021-04-15 00:00:00+05:30,289,Sadasivpet,1200,Sadasivapet,57,Tumeric,227,Finger,0.0,75.0,6002.0,6669.0,6669.0,0.0,0.0
2021-04-15 00:00:00+05:30,290,Siddipet,1193,Siddipet,22,Cowpea,22,Common,0.0,2.4,5399.0,5456.0,5411.0,0.0,0.0
2021-04-16 00:00:00+05:30,323,Gaddiannaram,1,Gaddiannaram,90,Guava,90,Common,0.0,136.0,1050.0,4000.0,1300.0,0.0,0.0
2021-04-15 00:00:00+05:30,331,Vantimamidi,1612,Vantimamidi,118,Field Beans,118,Common,0.0,149.0,1300.0,4000.0,2650.0,0.0,0.0
2021-04-16 00:00:00+05:30,324,Bowenpally,3,Bowenpally,116,French Beans,116,Common,0.0,242.0,1500.0,4000.0,3200.0,0.0,0.0
2021-04-16 00:00:00+05:30,289,Sadasivpet,1200,Sadasivapet,57,Tumeric,227,Finger,0.0,6.0,6066.0,6705.0,6705.0,0.0,0.0
2021-04-16 00:00:00+05:30,290,Siddipet,1193,Siddipet,22,Cowpea,22,Common,0.0,6.6,5555.0,5856.0,5001.0,0.0,0.0
2021-04-16 00:00:00+05:30,219,Jagtial,1125,Jagtial,76,Mango,76,Common,0.0,4293.0,2200.0,3900.0,3500.0,0.0,0.0
2021-04-16 00:00:00+05:30,310,Shadnagar,1330,Shadnagar,117,Cluster Beans,117,Common,0.0,10.0,1900.0,2300.0,2000.0,0.0,0.0
2021-04-16 00:00:00+05:30,295,Sangareddy,1219,Sangaredy,199,Capsicum,204,Common,0.0,1.0,1800.0,2200.0,2000.0,0.0,0.0
2021-04-17 00:00:00+05:30,323,Gaddiannaram,1,Gaddiannaram,90,Guava,90,Common,0.0,199.0,1000.0,4000.0,1300.0,0.0,0.0
2021-04-16 00:00:00+05:30,303,Kalwakurthy,1340,Kalwakurthy,125,Bitter Gourd,125,Common,0.0,3.0,800.0,1000.0,900.0,0.0,0.0
2021-04-16 00:00:00+05:30,367,Gudimalkapur,1571,Gudumalkapur,118,Field Beans,118,Common,0.0,67.0,1500.0,2500.0,2000.0,0.0,0.0
2021-04-16 00:00:00+05:30,331,Vantimamidi,1612,Vantimamidi,118,Field Beans,118,Common,0.0,107.0,1500.0,4200.0,2850.0,0.0,0.0
2021-04-17 00:00:00+05:30,324,Bowenpally,3,Bowenpally,116,French Beans,116,Common,0.0,323.0,1700.0,4500.0,3500.0,0.0,0.0
2021-04-17 00:00:00+05:30,281,Venkateshwar Nagar,1106,V Nagar,125,Bitter Gourd,125,Common,0.0,1.0,10.0,10.0,10.0,0.0,0.0
2021-04-17 00:00:00+05:30,219,Jagtial,1125,Jagtial,76,Mango,76,Common,0.0,6366.0,2200.0,3900.0,3500.0,0.0,0.0
2021-04-17 00:00:00+05:30,289,Sadasivpet,1200,Sadasivapet,57,Tumeric,227,Finger,0.0,27.0,5805.0,6708.0,6509.0,0.0,0.0
2021-04-17 00:00:00+05:30,290,Siddipet,1193,Siddipet,22,Cowpea,22,Common,0.0,0.6,5566.0,5566.0,5566.0,0.0,0.0
2021-04-17 00:00:00+05:30,310,Shadnagar,1330,Shadnagar,117,Cluster Beans,117,Common,0.0,5.0,1900.0,2200.0,2000.0,0.0,0.0
2021-04-17 00:00:00+05:30,367,Gudimalkapur,1571,Gudumalkapur,118,Field Beans,118,Common,0.0,105.0,1500.0,2500.0,2000.0,0.0,0.0
2021-04-17 00:00:00+05:30,303,Kalwakurthy,1340,Kalwakurthy,125,Bitter Gourd,125,Common,0.0,1.0,1000.0,1000.0,1000.0,0.0,0.0
2021-04-18 00:00:00+05:30,323,Gaddiannaram,1,Gaddiannaram,90,Guava,90,Common,0.0,180.0,2660.0,4000.0,3300.0,0.0,0.0
2021-04-17 00:00:00+05:30,331,Vantimamidi,1612,Vantimamidi,118,Field Beans,118,Common,0.0,123.0,1500.0,4300.0,2900.0,0.0,0.0
2021-04-18 00:00:00+05:30,281,Venkateshwar Nagar,1106,V Nagar,125,Bitter Gourd,125,Common,0.0,3.0,10.0,10.0,10.0,0.0,0.0
2021-04-18 00:00:00+05:30,323,Gaddiannaram,2,L.B Nagar,128,Pumpkin,128,Common,0.0,20.0,500.0,500.0,500.0,0.0,0.0
2021-04-18 00:00:00+05:30,303,Kalwakurthy,1340,Kalwakurthy,125,Bitter Gourd,125,Common,0.0,2.0,600.0,1000.0,800.0,0.0,0.0
2021-04-18 00:00:00+05:30,310,Shadnagar,1330,Shadnagar,117,Cluster Beans,117,Common,0.0,5.0,700.0,800.0,700.0,0.0,0.0
2021-04-18 00:00:00+05:30,295,Sangareddy,1219,Sangaredy,199,Capsicum,204,Common,0.0,2.0,2000.0,2300.0,2200.0,0.0,0.0
2021-04-18 00:00:00+05:30,219,Jagtial,1125,Jagtial,76,Mango,76,Common,0.0,7272.0,2000.0,3600.0,3200.0,0.0,0.0
2021-04-19 00:00:00+05:30,323,Gaddiannaram,1,Gaddiannaram,90,Guava,90,Common,0.0,125.0,2650.0,4000.0,3300.0,0.0,0.0
2021-04-18 00:00:00+05:30,331,Vantimamidi,1612,Vantimamidi,118,Field Beans,118,Common,0.0,140.0,1900.0,4300.0,3100.0,0.0,0.0
2021-04-18 00:00:00+05:30,367,Gudimalkapur,1571,Gudumalkapur,118,Field Beans,118,Common,0.0,103.0,1500.0,2000.0,1600.0,0.0,0.0
2021-04-19 00:00:00+05:30,324,Bowenpally,3,Bowenpally,116,French Beans,116,Common,0.0,362.0,1800.0,3200.0,3000.0,0.0,0.0
2021-04-19 00:00:00+05:30,289,Sadasivpet,1200,Sadasivapet,57,Tumeric,227,Finger,0.0,3.0,6462.0,6606.0,6462.0,0.0,0.0
2021-04-19 00:00:00+05:30,300,Badepally,1327,Badepally,69,Sunflower,69,Common,0.0,16.0,5040.0,5159.0,5159.0,0.0,0.0
2021-04-19 00:00:00+05:30,219,Jagtial,1125,Jagtial,76,Mango,76,Common,0.0,5995.0,2000.0,3600.0,3000.0,0.0,0.0
2021-04-19 00:00:00+05:30,303,Kalwakurthy,1340,Kalwakurthy,125,Bitter Gourd,125,Common,0.0,1.0,1000.0,1000.0,1000.0,0.0,0.0
2021-04-19 00:00:00+05:30,310,Shadnagar,1330,Shadnagar,117,Cluster Beans,117,Common,0.0,10.0,1500.0,1800.0,160.0,0.0,0.0
2021-04-19 00:00:00+05:30,367,Gudimalkapur,1571,Gudumalkapur,118,Field Beans,118,Common,0.0,72.0,2000.0,1500.0,1800.0,0.0,0.0
2021-04-20 00:00:00+05:30,323,Gaddiannaram,1,Gaddiannaram,90,Guava,90,Common,0.0,148.0,1000.0,4000.0,1300.0,0.0,0.0
2021-04-19 00:00:00+05:30,331,Vantimamidi,1612,Vantimamidi,118,Field Beans,118,Common,0.0,149.0,2500.0,4700.0,3600.0,0.0,0.0
2021-04-20 00:00:00+05:30,324,Bowenpally,3,Bowenpally,116,French Beans,116,Common,0.0,302.0,1200.0,3800.0,3200.0,0.0,0.0
2021-04-20 00:00:00+05:30,290,Siddipet,1193,Siddipet,22,Cowpea,22,Common,0.0,0.6,5422.0,5422.0,5422.0,0.0,0.0
2021-04-20 00:00:00+05:30,300,Badepally,1327,Badepally,69,Sunflower,69,Common,0.0,70.0,5530.0,5830.0,5760.0,0.0,0.0
2021-04-21 00:00:00+05:30,323,Gaddiannaram,1,Gaddiannaram,90,Guava,90,Common,0.0,193.0,1000.0,4000.0,1300.0,0.0,0.0
2021-04-20 00:00:00+05:30,331,Vantimamidi,1612,Vantimamidi,118,Field Beans,118,Common,0.0,122.0,2600.0,4500.0,3550.0,0.0,0.0
2021-04-20 00:00:00+05:30,310,Shadnagar,1330,Shadnagar,117,Cluster Beans,117,Common,0.0,10.0,1500.0,1800.0,1600.0,0.0,0.0
2021-04-20 00:00:00+05:30,367,Gudimalkapur,1571,Gudumalkapur,118,Field Beans,118,Common,0.0,56.0,1500.0,2500.0,2000.0,0.0,0.0
2021-04-21 00:00:00+05:30,281,Venkateshwar Nagar,1106,V Nagar,125,Bitter Gourd,125,Common,0.0,3.0,12.0,12.0,12.0,0.0,0.0
2021-04-21 00:00:00+05:30,310,Shadnagar,1330,Shadnagar,117,Cluster Beans,117,Common,0.0,8.0,1500.0,1800.0,1600.0,0.0,0.0
2021-04-22 00:00:00+05:30,323,Gaddiannaram,1,Gaddiannaram,90,Guava,90,Common,0.0,112.0,1000.0,4000.0,1300.0,0.0,0.0
2021-04-21 00:00:00+05:30,367,Gudimalkapur,1571,Gudumalkapur,118,Field Beans,118,Common,0.0,47.0,1500.0,2500.0,2000.0,0.0,0.0
2021-04-21 00:00:00+05:30,331,Vantimamidi,1612,Vantimamidi,118,Field Beans,118,Common,0.0,134.0,1800.0,4400.0,3100.0,0.0,0.0
2021-04-21 00:00:00+05:30,303,Kalwakurthy,1340,Kalwakurthy,125,Bitter Gourd,125,Common,0.0,2.0,1000.0,1000.0,1000.0,0.0,0.0
2021-04-21 00:00:00+05:30,219,Jagtial,1125,Jagtial,76,Mango,76,Common,0.0,2161.0,2000.0,3400.0,3000.0,0.0,0.0
2021-04-22 00:00:00+05:30,281,Venkateshwar Nagar,1106,V Nagar,125,Bitter Gourd,125,Common,0.0,2.7,12.0,12.0,12.0,0.0,0.0
2021-04-22 00:00:00+05:30,289,Sadasivpet,1200,Sadasivapet,57,Tumeric,227,Finger,0.0,26.0,6357.0,6715.0,6666.0,0.0,0.0
2021-04-22 00:00:00+05:30,295,Sangareddy,1219,Sangaredy,199,Capsicum,204,Common,0.0,1.0,2100.0,2400.0,2200.0,0.0,0.0
2021-04-22 00:00:00+05:30,300,Badepally,1327,Badepally,69,Sunflower,69,Common,0.0,44.0,5360.0,6030.0,6030.0,0.0,0.0
2021-04-22 00:00:00+05:30,303,Kalwakurthy,1340,Kalwakurthy,125,Bitter Gourd,125,Common,0.0,2.0,800.0,1000.0,900.0,0.0,0.0
2021-04-22 00:00:00+05:30,310,Shadnagar,1330,Shadnagar,117,Cluster Beans,117,Common,0.0,5.0,1500.0,1800.0,1600.0,0.0,0.0
2021-04-22 00:00:00+05:30,367,Gudimalkapur,1571,Gudumalkapur,118,Field Beans,118,Common,0.0,18.0,1500.0,2500.0,2000.0,0.0,0.0
2021-04-22 00:00:00+05:30,331,Vantimamidi,1612,Vantimamidi,118,Field Beans,118,Common,0.0,154.0,1000.0,4800.0,2900.0,0.0,0.0
2021-04-23 00:00:00+05:30,323,Gaddiannaram,1,Gaddiannaram,90,Guava,90,Common,0.0,203.0,1300.0,4000.0,2000.0,0.0,0.0
2021-04-23 00:00:00+05:30,295,Sangareddy,1219,Sangaredy,199,Capsicum,204,Common,0.0,1.0,2000.0,2400.0,2200.0,0.0,0.0
2021-04-23 00:00:00+05:30,303,Kalwakurthy,1340,Kalwakurthy,125,Bitter Gourd,125,Common,0.0,2.0,1000.0,1000.0,1000.0,0.0,0.0
2021-04-23 00:00:00+05:30,310,Shadnagar,1330,Shadnagar,117,Cluster Beans,117,Common,0.0,6.0,1600.0,1900.0,1800.0,0.0,0.0
2021-04-23 00:00:00+05:30,300,Badepally,1327,Badepally,69,Sunflower,69,Common,0.0,27.0,6111.0,6131.0,6111.0,0.0,0.0
2021-04-23 00:00:00+05:30,367,Gudimalkapur,1571,Gudumalkapur,118,Field Beans,118,Common,0.0,33.0,1500.0,2000.0,1800.0,0.0,0.0
2021-04-23 00:00:00+05:30,331,Vantimamidi,1612,Vantimamidi,118,Field Beans,118,Common,0.0,155.0,2100.0,5000.0,3550.0,0.0,0.0
2021-04-24 00:00:00+05:30,323,Gaddiannaram,1,Gaddiannaram,90,Guava,90,Common,0.0,148.0,900.0,3300.0,1250.0,0.0,0.0
2021-04-24 00:00:00+05:30,281,Venkateshwar Nagar,1106,V Nagar,125,Bitter Gourd,125,Common,0.0,2.1,10.0,12.0,10.0,0.0,0.0
2021-04-24 00:00:00+05:30,289,Sadasivpet,1200,Sadasivapet,57,Tumeric,227,Finger,0.0,43.0,6005.0,6669.0,6669.0,0.0,0.0
2021-04-24 00:00:00+05:30,295,Sangareddy,1219,Sangaredy,199,Capsicum,204,Common,0.0,1.0,2000.0,2200.0,2100.0,0.0,0.0
2021-04-24 00:00:00+05:30,300,Badepally,1327,Badepally,69,Sunflower,69,Common,0.0,18.0,6011.0,6151.0,6151.0,0.0,0.0
2021-04-25 00:00:00+05:30,323,Gaddiannaram,1,Gaddiannaram,90,Guava,90,Common,0.0,135.0,900.0,3300.0,1250.0,0.0,0.0
2021-04-24 00:00:00+05:30,331,Vantimamidi,1612,Vantimamidi,118,Field Beans,118,Common,0.0,192.0,2000.0,4800.0,3400.0,0.0,0.0
2021-04-24 00:00:00+05:30,310,Shadnagar,1330,Shadnagar,117,Cluster Beans,117,Common,0.0,8.0,1600.0,1800.0,1700.0,0.0,0.0
2021-04-24 00:00:00+05:30,367,Gudimalkapur,1571,Gudumalkapur,118,Field Beans,118,Common,0.0,69.0,1500.0,2500.0,2000.0,0.0,0.0
2021-04-25 00:00:00+05:30,303,Kalwakurthy,1340,Kalwakurthy,125,Bitter Gourd,125,Common,0.0,2.0,1000.0,1500.0,1250.0,0.0,0.0
2021-04-25 00:00:00+05:30,310,Shadnagar,1330,Shadnagar,117,Cluster Beans,117,Common,0.0,8.0,1600.0,2000.0,1700.0,0.0,0.0
2021-04-25 00:00:00+05:30,281,Venkateshwar Nagar,1106,V Nagar,125,Bitter Gourd,125,Common,0.0,2.7,12.0,12.0,12.0,0.0,0.0
2021-04-25 00:00:00+05:30,367,Gudimalkapur,1571,Gudumalkapur,118,Field Beans,118,Common,0.0,63.0,1500.0,2500.0,2000.0,0.0,0.0
2021-04-25 00:00:00+05:30,331,Vantimamidi,1612,Vantimamidi,118,Field Beans,118,Common,0.0,214.0,1600.0,4300.0,2950.0,0.0,0.0
2021-04-26 00:00:00+05:30,323,Gaddiannaram,1,Gaddiannaram,90,Guava,90,Common,0.0,145.0,900.0,3300.0,1250.0,0.0,0.0
2021-04-26 00:00:00+05:30,310,Shadnagar,1330,Shadnagar,117,Cluster Beans,117,Common,0.0,8.0,1500.0,1800.0,1600.0,0.0,0.0
2021-04-26 00:00:00+05:30,300,Badepally,1327,Badepally,69,Sunflower,69,Common,0.0,22.0,5961.0,6011.0,6011.0,0.0,0.0
2021-04-26 00:00:00+05:30,290,Siddipet,1193,Siddipet,22,Cowpea,22,Common,0.0,2.4,3333.0,3333.0,3333.0,0.0,0.0
2021-04-26 00:00:00+05:30,303,Kalwakurthy,1340,Kalwakurthy,125,Bitter Gourd,125,Common,0.0,1.0,1200.0,1500.0,1350.0,0.0,0.0
2021-04-26 00:00:00+05:30,367,Gudimalkapur,1571,Gudumalkapur,118,Field Beans,118,Common,0.0,23.0,2000.0,2500.0,2200.0,0.0,0.0
2021-04-27 00:00:00+05:30,324,Bowenpally,3,Bowenpally,116,French Beans,116,Common,0.0,274.0,1500.0,4500.0,3500.0,0.0,0.0
2021-04-27 00:00:00+05:30,323,Gaddiannaram,1,Gaddiannaram,90,Guava,90,Common,0.0,128.0,1000.0,3600.0,1200.0,0.0,0.0
2021-04-26 00:00:00+05:30,331,Vantimamidi,1612,Vantimamidi,118,Field Beans,118,Common,0.0,202.0,2000.0,4600.0,3300.0,0.0,0.0
2021-04-27 00:00:00+05:30,281,Venkateshwar Nagar,1106,V Nagar,125,Bitter Gourd,125,Common,0.0,4.1,10.0,10.0,10.0,0.0,0.0
2021-04-27 00:00:00+05:30,310,Shadnagar,1330,Shadnagar,117,Cluster Beans,117,Common,0.0,6.0,1600.0,2000.0,1800.0,0.0,0.0
2021-04-27 00:00:00+05:30,303,Kalwakurthy,1340,Kalwakurthy,125,Bitter Gourd,125,Common,0.0,2.0,1000.0,1500.0,1250.0,0.0,0.0
2021-04-27 00:00:00+05:30,367,Gudimalkapur,1571,Gudumalkapur,118,Field Beans,118,Common,0.0,82.0,1500.0,2500.0,2000.0,0.0,0.0
2021-04-27 00:00:00+05:30,290,Siddipet,1193,Siddipet,22,Cowpea,22,Common,0.0,3.0,4362.0,4362.0,4362.0,0.0,0.0
2021-04-27 00:00:00+05:30,331,Vantimamidi,1612,Vantimamidi,118,Field Beans,118,Common,0.0,199.0,2000.0,4600.0,3300.0,0.0,0.0
2021-04-28 00:00:00+05:30,323,Gaddiannaram,1,Gaddiannaram,90,Guava,90,Common,0.0,176.0,900.0,3300.0,1200.0,0.0,0.0
2021-04-28 00:00:00+05:30,281,Venkateshwar Nagar,1106,V Nagar,125,Bitter Gourd,125,Common,0.0,3.6,12.0,12.0,12.0,0.0,0.0
2021-04-28 00:00:00+05:30,310,Shadnagar,1330,Shadnagar,117,Cluster Beans,117,Common,0.0,8.0,1600.0,2000.0,1800.0,0.0,0.0
2021-04-28 00:00:00+05:30,300,Badepally,1327,Badepally,69,Sunflower,69,Common,0.0,60.0,5614.0,5980.0,5950.0,0.0,0.0
2021-04-28 00:00:00+05:30,289,Sadasivpet,1200,Sadasivapet,57,Tumeric,227,Finger,0.0,119.0,5009.0,6559.0,6559.0,0.0,0.0
2021-04-28 00:00:00+05:30,303,Kalwakurthy,1340,Kalwakurthy,125,Bitter Gourd,125,Common,0.0,2.0,1200.0,1500.0,1350.0,0.0,0.0
2021-04-28 00:00:00+05:30,367,Gudimalkapur,1571,Gudumalkapur,118,Field Beans,118,Common,0.0,69.0,1500.0,2500.0,2000.0,0.0,0.0
2021-04-29 00:00:00+05:30,323,Gaddiannaram,1,Gaddiannaram,90,Guava,90,Common,0.0,187.0,900.0,3300.0,1350.0,0.0,0.0
2021-04-28 00:00:00+05:30,331,Vantimamidi,1612,Vantimamidi,118,Field Beans,118,Common,0.0,233.0,1800.0,4600.0,3200.0,0.0,0.0
2021-04-29 00:00:00+05:30,281,Venkateshwar Nagar,1106,V Nagar,125,Bitter Gourd,125,Common,0.0,1.0,10.0,10.0,10.0,0.0,0.0
2021-04-29 00:00:00+05:30,310,Shadnagar,1330,Shadnagar,117,Cluster Beans,117,Common,0.0,8.0,1800.0,2000.0,1900.0,0.0,0.0
2021-04-29 00:00:00+05:30,295,Sangareddy,1219,Sangaredy,199,Capsicum,204,Common,0.0,1.0,2000.0,2200.0,2100.0,0.0,0.0
2021-04-29 00:00:00+05:30,367,Gudimalkapur,1571,Gudumalkapur,118,Field Beans,118,Common,0.0,60.0,1500.0,2500.0,2000.0,0.0,0.0
2021-04-29 00:00:00+05:30,331,Vantimamidi,1612,Vantimamidi,118,Field Beans,118,Common,0.0,186.0,1600.0,4500.0,3050.0,0.0,0.0
2021-04-30 00:00:00+05:30,292,Zaheerabad,1198,Zaheerabad,75,Soyabean,213,White,0.0,22.5,6400.0,6725.0,6400.0,0.0,0.0
2021-04-29 00:00:00+05:30,303,Kalwakurthy,1340,Kalwakurthy,125,Bitter Gourd,125,Common,0.0,3.0,1200.0,1600.0,1400.0,0.0,0.0
2021-04-30 00:00:00+05:30,323,Gaddiannaram,1,Gaddiannaram,90,Guava,90,Common,0.0,200.0,900.0,3300.0,1250.0,0.0,0.0
2021-04-30 00:00:00+05:30,289,Sadasivpet,1200,Sadasivapet,57,Tumeric,227,Finger,0.0,35.0,5806.0,6708.0,6509.0,0.0,0.0
2021-04-30 00:00:00+05:30,310,Shadnagar,1330,Shadnagar,117,Cluster Beans,117,Common,0.0,6.0,1800.0,2000.0,1900.0,0.0,0.0
2021-04-30 00:00:00+05:30,303,Kalwakurthy,1340,Kalwakurthy,125,Bitter Gourd,125,Common,0.0,1.0,1000.0,1700.0,1350.0,0.0,0.0
2021-04-30 00:00:00+05:30,367,Gudimalkapur,1571,Gudumalkapur,118,Field Beans,118,Common,0.0,60.0,1500.0,2500.0,2000.0,0.0,0.0
2021-04-07 00:00:00+05:30,323,Gaddiannaram,2,L.B Nagar,129,Cucumber,129,Common,0.0,58.0,500.0,1000.0,700.0,0.0,0.0
2021-04-06 00:00:00+05:30,284,Jogipet,1208,Jogipet,68,Tamarind,68,Common,0.0,31.35,2300.0,2500.0,2400.0,0.0,0.0
2021-04-06 00:00:00+05:30,310,Shadnagar,1330,Shadnagar,123,Ribbed Gourd,123,Common,0.0,8.0,1500.0,1800.0,1600.0,0.0,0.0
2021-04-06 00:00:00+05:30,303,Kalwakurthy,1340,Kalwakurthy,129,Cucumber,129,Common,0.0,3.0,300.0,400.0,350.0,0.0,0.0
2021-04-06 00:00:00+05:30,281,Venkateshwar Nagar,1106,V Nagar,129,Cucumber,129,Common,0.0,7.0,8.0,10.0,8.0,0.0,0.0
2021-04-06 00:00:00+05:30,246,Warangal,886,Warangal,54,Chillies(Dry),265,Deepika,0.0,314.0,11500.0,15500.0,14000.0,0.0,0.0
2021-04-06 00:00:00+05:30,208,Nizamabad,1080,Nizamabad,32,Gingelly,223,White,0.0,13.0,8457.0,8457.0,8457.0,0.0,0.0
2021-04-06 00:00:00+05:30,324,Bowenpally,3,Bowenpally,117,Cluster Beans,117,Common,0.0,596.0,800.0,1600.0,1400.0,0.0,0.0
2021-04-06 00:00:00+05:30,323,Gaddiannaram,2,L.B Nagar,129,Cucumber,129,Common,0.0,98.0,800.0,1000.0,900.0,0.0,0.0
2021-04-05 00:00:00+05:30,310,Shadnagar,1330,Shadnagar,123,Ribbed Gourd,123,Common,0.0,8.0,1600.0,2000.0,1800.0,0.0,0.0
2021-04-05 00:00:00+05:30,303,Kalwakurthy,1340,Kalwakurthy,129,Cucumber,129,Common,0.0,2.0,200.0,200.0,200.0,0.0,0.0
2021-04-05 00:00:00+05:30,208,Nizamabad,1080,Nizamabad,32,Gingelly,223,White,0.0,8.0,8427.0,8822.0,8442.0,0.0,0.0
2021-04-05 00:00:00+05:30,323,Gaddiannaram,2,L.B Nagar,129,Cucumber,129,Common,0.0,122.0,1000.0,1200.0,1100.0,0.0,0.0
2021-04-04 00:00:00+05:30,310,Shadnagar,1330,Shadnagar,123,Ribbed Gourd,123,Common,0.0,10.0,1800.0,2400.0,2000.0,0.0,0.0
2021-04-04 00:00:00+05:30,303,Kalwakurthy,1340,Kalwakurthy,129,Cucumber,129,Common,0.0,6.0,200.0,400.0,300.0,0.0,0.0
2021-04-04 00:00:00+05:30,281,Venkateshwar Nagar,1106,V Nagar,129,Cucumber,129,Common,0.0,11.9,7.0,10.0,8.0,0.0,0.0
2021-04-04 00:00:00+05:30,324,Bowenpally,3,Bowenpally,117,Cluster Beans,117,Common,0.0,506.0,1000.0,2000.0,1800.0,0.0,0.0
2021-04-04 00:00:00+05:30,323,Gaddiannaram,2,L.B Nagar,129,Cucumber,129,Common,0.0,90.0,1000.0,1200.0,1100.0,0.0,0.0
2021-04-03 00:00:00+05:30,303,Kalwakurthy,1340,Kalwakurthy,129,Cucumber,129,Common,0.0,6.0,200.0,300.0,250.0,0.0,0.0
2021-04-03 00:00:00+05:30,281,Venkateshwar Nagar,1106,V Nagar,129,Cucumber,129,Common,0.0,7.8,8.0,10.0,8.0,0.0,0.0
2021-04-03 00:00:00+05:30,310,Shadnagar,1330,Shadnagar,123,Ribbed Gourd,123,Common,0.0,4.0,1800.0,2300.0,2000.0,0.0,0.0
2021-04-02 00:00:00+05:30,303,Kalwakurthy,1340,Kalwakurthy,129,Cucumber,129,Common,0.0,1.0,200.0,200.0,200.0,0.0,0.0
2021-04-02 00:00:00+05:30,310,Shadnagar,1330,Shadnagar,123,Ribbed Gourd,123,Common,0.0,5.0,1800.0,2300.0,2000.0,0.0,0.0
2021-04-03 00:00:00+05:30,324,Bowenpally,3,Bowenpally,117,Cluster Beans,117,Common,0.0,646.0,800.0,2000.0,1800.0,0.0,0.0
2021-04-03 00:00:00+05:30,323,Gaddiannaram,2,L.B Nagar,129,Cucumber,129,Common,0.0,78.0,1000.0,1200.0,1100.0,0.0,0.0
2021-04-02 00:00:00+05:30,281,Venkateshwar Nagar,1106,V Nagar,129,Cucumber,129,Common,0.0,7.5,8.0,10.0,8.0,0.0,0.0
2021-04-02 00:00:00+05:30,317,Pargi,39,Pargi,57,Tumeric,227,Finger,0.0,6.4,6511.0,6511.0,6511.0,0.0,0.0
2021-04-02 00:00:00+05:30,324,Bowenpally,3,Bowenpally,117,Cluster Beans,117,Common,0.0,306.0,1000.0,2000.0,1800.0,0.0,0.0
2021-04-01 00:00:00+05:30,303,Kalwakurthy,1340,Kalwakurthy,129,Cucumber,129,Common,0.0,4.0,300.0,300.0,300.0,0.0,0.0
2021-04-02 00:00:00+05:30,323,Gaddiannaram,2,L.B Nagar,129,Cucumber,129,Common,0.0,123.0,1000.0,1200.0,1100.0,0.0,0.0
2021-04-01 00:00:00+05:30,310,Shadnagar,1330,Shadnagar,123,Ribbed Gourd,123,Common,0.0,5.0,2000.0,2300.0,2000.0,0.0,0.0
2021-04-01 00:00:00+05:30,281,Venkateshwar Nagar,1106,V Nagar,129,Cucumber,129,Common,0.0,12.0,8.0,10.0,8.0,0.0,0.0
2021-04-01 00:00:00+05:30,246,Warangal,886,Warangal,54,Chillies(Dry),265,Deepika,0.0,758.0,11000.0,16500.0,15000.0,0.0,0.0
2021-04-01 00:00:00+05:30,324,Bowenpally,3,Bowenpally,117,Cluster Beans,117,Common,0.0,394.0,1000.0,2000.0,1800.0,0.0,0.0
2021-04-01 00:00:00+05:30,323,Gaddiannaram,2,L.B Nagar,129,Cucumber,129,Common,0.0,80.0,1000.0,1200.0,1100.0,0.0,0.0
2021-04-12 00:00:00+05:30,324,Bowenpally,3,Bowenpally,117,Cluster Beans,117,Common,0.0,447.0,600.0,1500.0,1300.0,0.0,0.0
2021-04-12 00:00:00+05:30,323,Gaddiannaram,2,L.B Nagar,129,Cucumber,129,Common,0.0,54.0,500.0,1000.0,700.0,0.0,0.0
2021-04-11 00:00:00+05:30,303,Kalwakurthy,1340,Kalwakurthy,129,Cucumber,129,Common,0.0,5.0,250.0,250.0,250.0,0.0,0.0
2021-04-11 00:00:00+05:30,331,Vantimamidi,1612,Vantimamidi,121,Snake Gourd,121,Common,0.0,2.0,500.0,500.0,500.0,0.0,0.0
2021-04-11 00:00:00+05:30,310,Shadnagar,1330,Shadnagar,123,Ribbed Gourd,123,Common,0.0,10.0,1500.0,2000.0,1800.0,0.0,0.0
2021-04-11 00:00:00+05:30,281,Venkateshwar Nagar,1106,V Nagar,129,Cucumber,129,Common,0.0,11.0,7.0,8.0,7.0,0.0,0.0
2021-04-11 00:00:00+05:30,324,Bowenpally,3,Bowenpally,117,Cluster Beans,117,Common,0.0,619.0,1000.0,1800.0,1600.0,0.0,0.0
2021-04-11 00:00:00+05:30,323,Gaddiannaram,2,L.B Nagar,129,Cucumber,129,Common,0.0,70.0,500.0,1000.0,700.0,0.0,0.0
2021-04-10 00:00:00+05:30,367,Gudimalkapur,1571,Gudumalkapur,121,Snake Gourd,121,Common,0.0,1.0,1000.0,1000.0,1000.0,0.0,0.0
2021-04-10 00:00:00+05:30,310,Shadnagar,1330,Shadnagar,123,Ribbed Gourd,123,Common,0.0,12.0,1800.0,2000.0,1900.0,0.0,0.0
2021-04-10 00:00:00+05:30,303,Kalwakurthy,1340,Kalwakurthy,129,Cucumber,129,Common,0.0,1.0,300.0,300.0,300.0,0.0,0.0
2021-04-10 00:00:00+05:30,281,Venkateshwar Nagar,1106,V Nagar,129,Cucumber,129,Common,0.0,10.4,7.0,8.0,7.0,0.0,0.0
2021-04-10 00:00:00+05:30,324,Bowenpally,3,Bowenpally,117,Cluster Beans,117,Common,0.0,634.0,500.0,1500.0,1200.0,0.0,0.0
2021-04-09 00:00:00+05:30,310,Shadnagar,1330,Shadnagar,123,Ribbed Gourd,123,Common,0.0,18.0,1600.0,2000.0,1800.0,0.0,0.0
2021-04-09 00:00:00+05:30,303,Kalwakurthy,1340,Kalwakurthy,129,Cucumber,129,Common,0.0,2.0,300.0,300.0,300.0,0.0,0.0
2021-04-09 00:00:00+05:30,219,Jagtial,1125,Jagtial,118,Field Beans,118,Common,0.0,1.0,1515.0,1515.0,1515.0,0.0,0.0
2021-04-09 00:00:00+05:30,281,Venkateshwar Nagar,1106,V Nagar,129,Cucumber,129,Common,0.0,8.2,7.0,8.0,7.0,0.0,0.0
2021-04-09 00:00:00+05:30,208,Nizamabad,1080,Nizamabad,32,Gingelly,223,White,0.0,9.0,6029.0,8226.0,7059.0,0.0,0.0
2021-04-09 00:00:00+05:30,246,Warangal,886,Warangal,54,Chillies(Dry),265,Deepika,0.0,436.0,10000.0,15000.0,13500.0,0.0,0.0
2021-04-09 00:00:00+05:30,317,Pargi,39,Pargi,57,Tumeric,227,Finger,0.0,25.4,6600.0,6888.0,6666.0,0.0,0.0
2021-04-09 00:00:00+05:30,324,Bowenpally,3,Bowenpally,117,Cluster Beans,117,Common,0.0,343.0,800.0,1800.0,1600.0,0.0,0.0
2021-04-09 00:00:00+05:30,279,Thirumalagiri,9,Tirmalagiri,32,Gingelly,32,Common,0.0,6.0,5409.0,6300.0,6300.0,0.0,0.0
2021-04-09 00:00:00+05:30,323,Gaddiannaram,2,L.B Nagar,129,Cucumber,129,Common,0.0,39.0,1000.0,1500.0,1200.0,0.0,0.0
2021-04-08 00:00:00+05:30,310,Shadnagar,1330,Shadnagar,123,Ribbed Gourd,123,Common,0.0,18.0,1500.0,1800.0,1600.0,0.0,0.0
2021-04-08 00:00:00+05:30,303,Kalwakurthy,1340,Kalwakurthy,129,Cucumber,129,Common,0.0,4.0,200.0,300.0,250.0,0.0,0.0
2021-04-08 00:00:00+05:30,281,Venkateshwar Nagar,1106,V Nagar,129,Cucumber,129,Common,0.0,16.8,7.0,10.0,8.0,0.0,0.0
2021-04-08 00:00:00+05:30,246,Warangal,886,Warangal,54,Chillies(Dry),265,Deepika,0.0,316.0,12500.0,16000.0,14500.0,0.0,0.0
2021-04-08 00:00:00+05:30,323,Gaddiannaram,2,L.B Nagar,129,Cucumber,129,Common,0.0,90.0,1000.0,1500.0,1200.0,0.0,0.0
2021-04-08 00:00:00+05:30,324,Bowenpally,3,Bowenpally,117,Cluster Beans,117,Common,0.0,544.0,800.0,2000.0,1600.0,0.0,0.0
2021-04-07 00:00:00+05:30,310,Shadnagar,1330,Shadnagar,123,Ribbed Gourd,123,Common,0.0,10.0,1500.0,1800.0,1600.0,0.0,0.0
2021-04-07 00:00:00+05:30,324,Bowenpally,3,Bowenpally,117,Cluster Beans,117,Common,0.0,375.0,1000.0,2000.0,1800.0,0.0,0.0
2021-04-07 00:00:00+05:30,246,Warangal,886,Warangal,54,Chillies(Dry),265,Deepika,0.0,655.0,12000.0,16200.0,14500.0,0.0,0.0
2021-04-07 00:00:00+05:30,281,Venkateshwar Nagar,1106,V Nagar,129,Cucumber,129,Common,0.0,14.1,7.0,8.0,7.0,0.0,0.0
2021-04-19 00:00:00+05:30,324,Bowenpally,3,Bowenpally,117,Cluster Beans,117,Common,0.0,350.0,600.0,1800.0,1400.0,0.0,0.0
2021-04-19 00:00:00+05:30,323,Gaddiannaram,2,L.B Nagar,129,Cucumber,129,Common,0.0,70.0,600.0,1000.0,800.0,0.0,0.0
2021-04-18 00:00:00+05:30,310,Shadnagar,1330,Shadnagar,123,Ribbed Gourd,123,Common,0.0,8.0,700.0,1000.0,800.0,0.0,0.0
2021-04-18 00:00:00+05:30,303,Kalwakurthy,1340,Kalwakurthy,129,Cucumber,129,Common,0.0,5.0,200.0,200.0,200.0,0.0,0.0
2021-04-18 00:00:00+05:30,323,Gaddiannaram,2,L.B Nagar,129,Cucumber,129,Common,0.0,86.0,800.0,1200.0,1000.0,0.0,0.0
2021-04-18 00:00:00+05:30,281,Venkateshwar Nagar,1106,V Nagar,129,Cucumber,129,Common,0.0,9.6,7.0,8.0,7.0,0.0,0.0
2021-04-17 00:00:00+05:30,303,Kalwakurthy,1340,Kalwakurthy,129,Cucumber,129,Common,0.0,2.0,200.0,300.0,250.0,0.0,0.0
2021-04-17 00:00:00+05:30,310,Shadnagar,1330,Shadnagar,123,Ribbed Gourd,123,Common,0.0,8.0,1200.0,1400.0,1300.0,0.0,0.0
2021-04-17 00:00:00+05:30,289,Sadasivpet,1200,Sadasivapet,57,Tumeric,228,Bulb,0.0,13.0,5652.0,7000.0,6519.0,0.0,0.0
2021-04-17 00:00:00+05:30,281,Venkateshwar Nagar,1106,V Nagar,129,Cucumber,129,Common,0.0,7.1,8.0,8.0,8.0,0.0,0.0
2021-04-17 00:00:00+05:30,324,Bowenpally,3,Bowenpally,117,Cluster Beans,117,Common,0.0,598.0,400.0,1200.0,1000.0,0.0,0.0
2021-04-16 00:00:00+05:30,303,Kalwakurthy,1340,Kalwakurthy,129,Cucumber,129,Common,0.0,4.0,200.0,300.0,250.0,0.0,0.0
2021-04-17 00:00:00+05:30,323,Gaddiannaram,2,L.B Nagar,129,Cucumber,129,Common,0.0,69.0,700.0,1000.0,850.0,0.0,0.0
2021-04-16 00:00:00+05:30,310,Shadnagar,1330,Shadnagar,123,Ribbed Gourd,123,Common,0.0,12.0,1600.0,1800.0,1700.0,0.0,0.0
2021-04-16 00:00:00+05:30,289,Sadasivpet,1200,Sadasivapet,57,Tumeric,228,Bulb,0.0,2.0,6309.0,6309.0,6309.0,0.0,0.0
2021-04-16 00:00:00+05:30,292,Zaheerabad,1198,Zaheerabad,75,Soyabean,214,Yellow,0.0,6.5,6013.0,6013.0,4026.0,0.0,0.0
2021-04-16 00:00:00+05:30,281,Venkateshwar Nagar,1106,V Nagar,129,Cucumber,129,Common,0.0,11.0,7.0,8.0,7.0,0.0,0.0
2021-04-16 00:00:00+05:30,246,Warangal,886,Warangal,54,Chillies(Dry),265,Deepika,0.0,271.0,9000.0,14800.0,12500.0,0.0,0.0
2021-04-16 00:00:00+05:30,208,Nizamabad,1080,Nizamabad,32,Gingelly,223,White,0.0,5.0,8509.0,8872.0,8509.0,0.0,0.0
2021-04-16 00:00:00+05:30,324,Bowenpally,3,Bowenpally,117,Cluster Beans,117,Common,0.0,593.0,800.0,2000.0,1600.0,0.0,0.0
2021-04-16 00:00:00+05:30,323,Gaddiannaram,2,L.B Nagar,129,Cucumber,129,Common,0.0,51.0,500.0,1000.0,700.0,0.0,0.0
2021-04-16 00:00:00+05:30,317,Pargi,39,Pargi,57,Tumeric,227,Finger,0.0,31.0,6350.0,6666.0,6500.0,0.0,0.0
2021-04-15 00:00:00+05:30,292,Zaheerabad,1198,Zaheerabad,75,Soyabean,214,Yellow,0.0,6.5,6013.0,6013.0,4026.0,0.0,0.0
2021-04-15 00:00:00+05:30,289,Sadasivpet,1200,Sadasivapet,57,Tumeric,228,Bulb,0.0,24.0,5508.0,6606.0,6561.0,0.0,0.0
2021-04-15 00:00:00+05:30,310,Shadnagar,1330,Shadnagar,123,Ribbed Gourd,123,Common,0.0,5.0,1600.0,1800.0,1700.0,0.0,0.0
2021-04-15 00:00:00+05:30,303,Kalwakurthy,1340,Kalwakurthy,129,Cucumber,129,Common,0.0,1.0,200.0,200.0,200.0,0.0,0.0
2021-04-15 00:00:00+05:30,281,Venkateshwar Nagar,1106,V Nagar,129,Cucumber,129,Common,0.0,5.0,6.0,7.0,6.0,0.0,0.0
2021-04-15 00:00:00+05:30,208,Nizamabad,1080,Nizamabad,32,Gingelly,223,White,0.0,9.0,8800.0,9411.0,9411.0,0.0,0.0
2021-04-15 00:00:00+05:30,323,Gaddiannaram,2,L.B Nagar,129,Cucumber,129,Common,0.0,41.0,500.0,1000.0,700.0,0.0,0.0
2021-04-15 00:00:00+05:30,324,Bowenpally,3,Bowenpally,117,Cluster Beans,117,Common,0.0,133.0,1000.0,2300.0,2000.0,0.0,0.0
2021-04-14 00:00:00+05:30,310,Shadnagar,1330,Shadnagar,123,Ribbed Gourd,123,Common,0.0,6.0,1600.0,1900.0,1800.0,0.0,0.0
2021-04-14 00:00:00+05:30,281,Venkateshwar Nagar,1106,V Nagar,129,Cucumber,129,Common,0.0,7.3,7.0,8.0,7.0,0.0,0.0
2021-04-13 00:00:00+05:30,303,Kalwakurthy,1340,Kalwakurthy,129,Cucumber,129,Common,0.0,2.0,200.0,200.0,200.0,0.0,0.0
2021-04-14 00:00:00+05:30,324,Bowenpally,3,Bowenpally,117,Cluster Beans,117,Common,0.0,32.0,800.0,1500.0,1300.0,0.0,0.0
2021-04-14 00:00:00+05:30,323,Gaddiannaram,2,L.B Nagar,129,Cucumber,129,Common,0.0,42.0,500.0,1000.0,700.0,0.0,0.0
2021-04-12 00:00:00+05:30,303,Kalwakurthy,1340,Kalwakurthy,129,Cucumber,129,Common,0.0,2.0,300.0,300.0,300.0,0.0,0.0
2021-04-12 00:00:00+05:30,310,Shadnagar,1330,Shadnagar,123,Ribbed Gourd,123,Common,0.0,18.0,1800.0,2000.0,1900.0,0.0,0.0
2021-04-13 00:00:00+05:30,310,Shadnagar,1330,Shadnagar,123,Ribbed Gourd,123,Common,0.0,5.0,1600.0,1800.0,1600.0,0.0,0.0
2021-04-13 00:00:00+05:30,281,Venkateshwar Nagar,1106,V Nagar,129,Cucumber,129,Common,0.0,8.1,7.0,7.0,7.0,0.0,0.0
2021-04-24 00:00:00+05:30,310,Shadnagar,1330,Shadnagar,123,Ribbed Gourd,123,Common,0.0,5.0,1400.0,1600.0,1500.0,0.0,0.0
2021-04-24 00:00:00+05:30,303,Kalwakurthy,1340,Kalwakurthy,129,Cucumber,129,Common,0.0,3.0,200.0,300.0,250.0,0.0,0.0
2021-04-24 00:00:00+05:30,289,Sadasivpet,1200,Sadasivapet,57,Tumeric,228,Bulb,0.0,30.0,6201.0,6717.0,6708.0,0.0,0.0
2021-04-24 00:00:00+05:30,281,Venkateshwar Nagar,1106,V Nagar,129,Cucumber,129,Common,0.0,13.2,7.0,8.0,7.0,0.0,0.0
2021-04-25 00:00:00+05:30,323,Gaddiannaram,2,L.B Nagar,129,Cucumber,129,Common,0.0,56.0,500.0,800.0,600.0,0.0,0.0
2021-04-24 00:00:00+05:30,323,Gaddiannaram,2,L.B Nagar,129,Cucumber,129,Common,0.0,103.0,500.0,800.0,600.0,0.0,0.0
2021-04-23 00:00:00+05:30,310,Shadnagar,1330,Shadnagar,123,Ribbed Gourd,123,Common,0.0,10.0,1500.0,1800.0,1600.0,0.0,0.0
2021-04-23 00:00:00+05:30,303,Kalwakurthy,1340,Kalwakurthy,129,Cucumber,129,Common,0.0,5.0,200.0,200.0,200.0,0.0,0.0
2021-04-23 00:00:00+05:30,281,Venkateshwar Nagar,1106,V Nagar,129,Cucumber,129,Common,0.0,14.3,7.0,8.0,7.0,0.0,0.0
2021-04-23 00:00:00+05:30,323,Gaddiannaram,2,L.B Nagar,129,Cucumber,129,Common,0.0,94.0,500.0,800.0,600.0,0.0,0.0
2021-04-23 00:00:00+05:30,246,Warangal,886,Warangal,54,Chillies(Dry),265,Deepika,0.0,251.0,10000.0,14000.0,13000.0,0.0,0.0
2021-04-22 00:00:00+05:30,310,Shadnagar,1330,Shadnagar,123,Ribbed Gourd,123,Common,0.0,8.0,1200.0,1500.0,1300.0,0.0,0.0
2021-04-22 00:00:00+05:30,303,Kalwakurthy,1340,Kalwakurthy,129,Cucumber,129,Common,0.0,5.0,200.0,300.0,250.0,0.0,0.0
2021-04-22 00:00:00+05:30,289,Sadasivpet,1200,Sadasivapet,57,Tumeric,228,Bulb,0.0,14.0,6219.0,6715.0,6654.0,0.0,0.0
2021-04-22 00:00:00+05:30,281,Venkateshwar Nagar,1106,V Nagar,129,Cucumber,129,Common,0.0,10.5,7.0,7.0,7.0,0.0,0.0
2021-04-21 00:00:00+05:30,303,Kalwakurthy,1340,Kalwakurthy,129,Cucumber,129,Common,0.0,4.0,200.0,200.0,200.0,0.0,0.0
2021-04-22 00:00:00+05:30,246,Warangal,886,Warangal,54,Chillies(Dry),265,Deepika,0.0,259.0,12000.0,14500.0,13000.0,0.0,0.0
2021-04-22 00:00:00+05:30,323,Gaddiannaram,2,L.B Nagar,129,Cucumber,129,Common,0.0,94.0,500.0,800.0,600.0,0.0,0.0
2021-04-21 00:00:00+05:30,310,Shadnagar,1330,Shadnagar,123,Ribbed Gourd,123,Common,0.0,10.0,900.0,1200.0,1000.0,0.0,0.0
2021-04-21 00:00:00+05:30,281,Venkateshwar Nagar,1106,V Nagar,129,Cucumber,129,Common,0.0,10.4,7.0,8.0,7.0,0.0,0.0
2021-04-21 00:00:00+05:30,323,Gaddiannaram,2,L.B Nagar,129,Cucumber,129,Common,0.0,55.0,600.0,800.0,700.0,0.0,0.0
2021-04-20 00:00:00+05:30,310,Shadnagar,1330,Shadnagar,123,Ribbed Gourd,123,Common,0.0,9.0,900.0,1200.0,1000.0,0.0,0.0
2021-04-20 00:00:00+05:30,303,Kalwakurthy,1340,Kalwakurthy,129,Cucumber,129,Common,0.0,4.0,200.0,300.0,250.0,0.0,0.0
2021-04-20 00:00:00+05:30,284,Jogipet,1208,Jogipet,68,Tamarind,68,Common,0.0,28.82,2000.0,2200.0,2100.0,0.0,0.0
2021-04-20 00:00:00+05:30,292,Zaheerabad,1198,Zaheerabad,75,Soyabean,214,Yellow,0.0,25.0,6969.0,7013.0,6969.0,0.0,0.0
2021-04-20 00:00:00+05:30,281,Venkateshwar Nagar,1106,V Nagar,129,Cucumber,129,Common,0.0,18.1,7.0,8.0,7.0,0.0,0.0
2021-04-20 00:00:00+05:30,246,Warangal,886,Warangal,54,Chillies(Dry),265,Deepika,0.0,150.0,8500.0,13000.0,10500.0,0.0,0.0
2021-04-20 00:00:00+05:30,324,Bowenpally,3,Bowenpally,117,Cluster Beans,117,Common,0.0,138.0,500.0,1500.0,1200.0,0.0,0.0
2021-04-20 00:00:00+05:30,323,Gaddiannaram,2,L.B Nagar,129,Cucumber,129,Common,0.0,42.0,500.0,800.0,600.0,0.0,0.0
2021-04-19 00:00:00+05:30,310,Shadnagar,1330,Shadnagar,123,Ribbed Gourd,123,Common,0.0,9.0,800.0,1000.0,900.0,0.0,0.0
2021-04-19 00:00:00+05:30,303,Kalwakurthy,1340,Kalwakurthy,129,Cucumber,129,Common,0.0,4.0,200.0,250.0,225.0,0.0,0.0
2021-04-19 00:00:00+05:30,246,Warangal,886,Warangal,54,Chillies(Dry),265,Deepika,0.0,329.0,9000.0,15000.0,12500.0,0.0,0.0
2021-04-19 00:00:00+05:30,208,Nizamabad,1080,Nizamabad,32,Gingelly,223,White,0.0,1.0,8769.0,8769.0,8769.0,0.0,0.0
2021-04-30 00:00:00+05:30,303,Kalwakurthy,1340,Kalwakurthy,129,Cucumber,129,Common,0.0,2.0,200.0,300.0,250.0,0.0,0.0
2021-04-30 00:00:00+05:30,310,Shadnagar,1330,Shadnagar,123,Ribbed Gourd,123,Common,0.0,9.0,1500.0,1800.0,1600.0,0.0,0.0
2021-04-30 00:00:00+05:30,284,Jogipet,1208,Jogipet,68,Tamarind,68,Common,0.0,27.0,2100.0,2100.0,2100.0,0.0,0.0
2021-04-30 00:00:00+05:30,289,Sadasivpet,1200,Sadasivapet,57,Tumeric,228,Bulb,0.0,27.0,5558.0,6666.0,6509.0,0.0,0.0
2021-04-29 00:00:00+05:30,303,Kalwakurthy,1340,Kalwakurthy,129,Cucumber,129,Common,0.0,2.0,200.0,300.0,250.0,0.0,0.0
2021-04-30 00:00:00+05:30,323,Gaddiannaram,2,L.B Nagar,129,Cucumber,129,Common,0.0,32.0,500.0,800.0,600.0,0.0,0.0
2021-04-30 00:00:00+05:30,281,Venkateshwar Nagar,1106,V Nagar,129,Cucumber,129,Common,0.0,24.2,7.0,8.0,7.0,0.0,0.0
2021-04-30 00:00:00+05:30,208,Nizamabad,1080,Nizamabad,32,Gingelly,223,White,0.0,6.0,8479.0,8602.0,8579.0,0.0,0.0
2021-04-29 00:00:00+05:30,310,Shadnagar,1330,Shadnagar,123,Ribbed Gourd,123,Common,0.0,8.0,1400.0,1600.0,1500.0,0.0,0.0
2021-04-29 00:00:00+05:30,281,Venkateshwar Nagar,1106,V Nagar,129,Cucumber,129,Common,0.0,8.2,7.0,7.0,7.0,0.0,0.0
2021-04-28 00:00:00+05:30,303,Kalwakurthy,1340,Kalwakurthy,129,Cucumber,129,Common,0.0,1.0,200.0,200.0,200.0,0.0,0.0
2021-04-29 00:00:00+05:30,323,Gaddiannaram,2,L.B Nagar,129,Cucumber,129,Common,0.0,51.0,500.0,800.0,600.0,0.0,0.0
2021-04-28 00:00:00+05:30,289,Sadasivpet,1200,Sadasivapet,57,Tumeric,228,Bulb,0.0,57.0,4500.0,6609.0,6409.0,0.0,0.0
2021-04-28 00:00:00+05:30,310,Shadnagar,1330,Shadnagar,123,Ribbed Gourd,123,Common,0.0,6.0,1500.0,1800.0,1600.0,0.0,0.0
2021-04-28 00:00:00+05:30,281,Venkateshwar Nagar,1106,V Nagar,129,Cucumber,129,Common,0.0,12.2,8.0,8.0,8.0,0.0,0.0
2021-04-28 00:00:00+05:30,208,Nizamabad,1080,Nizamabad,32,Gingelly,223,White,0.0,28.0,7859.0,8829.0,8659.0,0.0,0.0
2021-04-28 00:00:00+05:30,323,Gaddiannaram,2,L.B Nagar,129,Cucumber,129,Common,0.0,53.0,500.0,800.0,600.0,0.0,0.0
2021-04-27 00:00:00+05:30,303,Kalwakurthy,1340,Kalwakurthy,129,Cucumber,129,Common,0.0,5.0,150.0,200.0,170.0,0.0,0.0
2021-04-27 00:00:00+05:30,310,Shadnagar,1330,Shadnagar,123,Ribbed Gourd,123,Common,0.0,6.0,1500.0,1800.0,1600.0,0.0,0.0
2021-04-27 00:00:00+05:30,281,Venkateshwar Nagar,1106,V Nagar,129,Cucumber,129,Common,0.0,15.1,8.0,10.0,8.0,0.0,0.0
2021-04-27 00:00:00+05:30,324,Bowenpally,3,Bowenpally,117,Cluster Beans,117,Common,0.0,99.0,600.0,1800.0,1400.0,0.0,0.0
2021-04-27 00:00:00+05:30,323,Gaddiannaram,2,L.B Nagar,129,Cucumber,129,Common,0.0,38.0,500.0,800.0,600.0,0.0,0.0
2021-04-26 00:00:00+05:30,303,Kalwakurthy,1340,Kalwakurthy,129,Cucumber,129,Common,0.0,2.0,200.0,200.0,200.0,0.0,0.0
2021-04-26 00:00:00+05:30,310,Shadnagar,1330,Shadnagar,123,Ribbed Gourd,123,Common,0.0,8.0,1300.0,1500.0,1400.0,0.0,0.0
2021-04-26 00:00:00+05:30,323,Gaddiannaram,2,L.B Nagar,129,Cucumber,129,Common,0.0,46.0,500.0,1000.0,700.0,0.0,0.0
2021-04-25 00:00:00+05:30,281,Venkateshwar Nagar,1106,V Nagar,129,Cucumber,129,Common,0.0,13.6,7.0,8.0,7.0,0.0,0.0
2021-04-25 00:00:00+05:30,284,Jogipet,1208,Jogipet,68,Tamarind,68,Common,0.0,7.35,1500.0,2000.0,1750.0,0.0,0.0
2021-04-25 00:00:00+05:30,310,Shadnagar,1330,Shadnagar,123,Ribbed Gourd,123,Common,0.0,7.0,1600.0,1800.0,1700.0,0.0,0.0
2021-04-25 00:00:00+05:30,303,Kalwakurthy,1340,Kalwakurthy,129,Cucumber,129,Common,0.0,6.0,200.0,200.0,200.0,0.0,0.0
2021-04-01 00:00:00+05:30,323,Gaddiannaram,2,L.B Nagar,130,Drumstick,130,Common,0.0,30.0,2000.0,2000.0,2000.0,0.0,0.0
2021-04-01 00:00:00+05:30,324,Bowenpally,3,Bowenpally,118,Field Beans,118,Common,0.0,223.0,1500.0,3500.0,2800.0,0.0,0.0
2021-04-01 00:00:00+05:30,246,Warangal,886,Warangal,54,Chillies(Dry),266,Devanooru Delux,0.0,258.0,10000.0,15000.0,13500.0,0.0,0.0
2021-04-01 00:00:00+05:30,325,Hyderabad,7,Meeralamandi,151,Lemon,151,Common,0.0,915.0,400.0,4000.0,2200.0,0.0,0.0
2021-04-01 00:00:00+05:30,281,Venkateshwar Nagar,1106,V Nagar,155,Donda,155,Common,0.0,4.1,10.0,12.0,10.0,0.0,0.0
2021-04-02 00:00:00+05:30,323,Gaddiannaram,2,L.B Nagar,130,Drumstick,130,Common,0.0,25.0,2000.0,2000.0,2000.0,0.0,0.0
2021-04-01 00:00:00+05:30,331,Vantimamidi,1612,Vantimamidi,122,Bottle Gourd,122,Common,0.0,20.0,300.0,650.0,475.0,0.0,0.0
2021-04-02 00:00:00+05:30,324,Bowenpally,3,Bowenpally,118,Field Beans,118,Common,0.0,151.0,1200.0,3000.0,2500.0,0.0,0.0
2021-04-02 00:00:00+05:30,325,Hyderabad,7,Meeralamandi,151,Lemon,151,Common,0.0,480.0,400.0,4800.0,2600.0,0.0,0.0
2021-04-02 00:00:00+05:30,281,Venkateshwar Nagar,1106,V Nagar,155,Donda,155,Common,0.0,2.1,10.0,10.0,10.0,0.0,0.0
2021-04-02 00:00:00+05:30,367,Gudimalkapur,1571,Gudumalkapur,122,Bottle Gourd,122,Common,0.0,69.0,200.0,600.0,400.0,0.0,0.0
2021-04-02 00:00:00+05:30,331,Vantimamidi,1612,Vantimamidi,122,Bottle Gourd,122,Common,0.0,42.0,300.0,700.0,500.0,0.0,0.0
2021-04-03 00:00:00+05:30,323,Gaddiannaram,2,L.B Nagar,130,Drumstick,130,Common,0.0,29.0,2000.0,2000.0,2000.0,0.0,0.0
2021-04-03 00:00:00+05:30,324,Bowenpally,3,Bowenpally,118,Field Beans,118,Common,0.0,142.0,1500.0,3000.0,2800.0,0.0,0.0
2021-04-02 00:00:00+05:30,310,Shadnagar,1330,Shadnagar,125,Bitter Gourd,125,Common,0.0,4.0,1800.0,2000.0,1900.0,0.0,0.0
2021-04-03 00:00:00+05:30,325,Hyderabad,7,Meeralamandi,151,Lemon,151,Common,0.0,454.0,400.0,4800.0,2600.0,0.0,0.0
2021-04-03 00:00:00+05:30,310,Shadnagar,1330,Shadnagar,125,Bitter Gourd,125,Common,0.0,6.0,1800.0,2000.0,1900.0,0.0,0.0
2021-04-03 00:00:00+05:30,290,Siddipet,1193,Siddipet,30,Groundnut pods,30,Common,0.0,3.0,5555.0,5555.0,5555.0,0.0,0.0
2021-04-03 00:00:00+05:30,367,Gudimalkapur,1571,Gudumalkapur,122,Bottle Gourd,122,Common,0.0,141.0,400.0,800.0,600.0,0.0,0.0
2021-04-03 00:00:00+05:30,331,Vantimamidi,1612,Vantimamidi,122,Bottle Gourd,122,Common,0.0,30.0,200.0,700.0,450.0,0.0,0.0
2021-04-04 00:00:00+05:30,323,Gaddiannaram,2,L.B Nagar,130,Drumstick,130,Common,0.0,32.0,2000.0,2000.0,2000.0,0.0,0.0
2021-04-04 00:00:00+05:30,324,Bowenpally,3,Bowenpally,118,Field Beans,118,Common,0.0,157.0,1200.0,3000.0,2500.0,0.0,0.0
2021-04-04 00:00:00+05:30,281,Venkateshwar Nagar,1106,V Nagar,155,Donda,155,Common,0.0,2.4,10.0,10.0,10.0,0.0,0.0
2021-04-04 00:00:00+05:30,310,Shadnagar,1330,Shadnagar,125,Bitter Gourd,125,Common,0.0,8.0,1800.0,2000.0,1900.0,0.0,0.0
2021-04-04 00:00:00+05:30,367,Gudimalkapur,1571,Gudumalkapur,122,Bottle Gourd,122,Common,0.0,181.0,400.0,800.0,600.0,0.0,0.0
2021-04-05 00:00:00+05:30,323,Gaddiannaram,2,L.B Nagar,130,Drumstick,130,Common,0.0,18.0,2000.0,2000.0,2000.0,0.0,0.0
2021-04-04 00:00:00+05:30,331,Vantimamidi,1612,Vantimamidi,122,Bottle Gourd,122,Common,0.0,17.0,300.0,600.0,450.0,0.0,0.0
2021-04-05 00:00:00+05:30,325,Hyderabad,7,Meeralamandi,151,Lemon,151,Common,0.0,410.0,400.0,4000.0,2200.0,0.0,0.0
2021-04-05 00:00:00+05:30,310,Shadnagar,1330,Shadnagar,125,Bitter Gourd,125,Common,0.0,10.0,1800.0,2000.0,1900.0,0.0,0.0
2021-04-06 00:00:00+05:30,323,Gaddiannaram,2,L.B Nagar,130,Drumstick,130,Common,0.0,30.0,2000.0,2000.0,2000.0,0.0,0.0
2021-04-05 00:00:00+05:30,367,Gudimalkapur,1571,Gudumalkapur,122,Bottle Gourd,122,Common,0.0,96.0,400.0,800.0,600.0,0.0,0.0
2021-04-05 00:00:00+05:30,331,Vantimamidi,1612,Vantimamidi,122,Bottle Gourd,122,Common,0.0,42.0,200.0,400.0,300.0,0.0,0.0
2021-04-06 00:00:00+05:30,324,Bowenpally,3,Bowenpally,118,Field Beans,118,Common,0.0,133.0,1500.0,3000.0,2600.0,0.0,0.0
2021-04-06 00:00:00+05:30,325,Hyderabad,7,Meeralamandi,151,Lemon,151,Common,0.0,617.0,400.0,4400.0,2400.0,0.0,0.0
2021-04-06 00:00:00+05:30,246,Warangal,886,Warangal,54,Chillies(Dry),266,Devanooru Delux,0.0,88.0,9000.0,14600.0,13000.0,0.0,0.0
2021-04-06 00:00:00+05:30,310,Shadnagar,1330,Shadnagar,125,Bitter Gourd,125,Common,0.0,10.0,1500.0,2000.0,1800.0,0.0,0.0
2021-04-06 00:00:00+05:30,290,Siddipet,1193,Siddipet,30,Groundnut pods,30,Common,0.0,3.0,5333.0,5333.0,5333.0,0.0,0.0
2021-04-07 00:00:00+05:30,323,Gaddiannaram,2,L.B Nagar,130,Drumstick,130,Common,0.0,50.0,2000.0,2000.0,2000.0,0.0,0.0
2021-04-06 00:00:00+05:30,367,Gudimalkapur,1571,Gudumalkapur,122,Bottle Gourd,122,Common,0.0,140.0,400.0,600.0,500.0,0.0,0.0
2021-04-06 00:00:00+05:30,331,Vantimamidi,1612,Vantimamidi,122,Bottle Gourd,122,Common,0.0,23.0,200.0,500.0,350.0,0.0,0.0
2021-04-07 00:00:00+05:30,246,Warangal,886,Warangal,54,Chillies(Dry),266,Devanooru Delux,0.0,207.0,9000.0,14500.0,13000.0,0.0,0.0
2021-04-07 00:00:00+05:30,325,Hyderabad,7,Meeralamandi,151,Lemon,151,Common,0.0,509.0,400.0,4120.0,2260.0,0.0,0.0
2021-04-07 00:00:00+05:30,324,Bowenpally,3,Bowenpally,118,Field Beans,118,Common,0.0,197.0,1000.0,3000.0,2500.0,0.0,0.0
2021-04-07 00:00:00+05:30,310,Shadnagar,1330,Shadnagar,125,Bitter Gourd,125,Common,0.0,8.0,1500.0,1800.0,1600.0,0.0,0.0
2021-04-07 00:00:00+05:30,367,Gudimalkapur,1571,Gudumalkapur,122,Bottle Gourd,122,Common,0.0,80.0,300.0,500.0,400.0,0.0,0.0
2021-04-08 00:00:00+05:30,324,Bowenpally,3,Bowenpally,118,Field Beans,118,Common,0.0,215.0,1000.0,3000.0,2500.0,0.0,0.0
2021-04-07 00:00:00+05:30,331,Vantimamidi,1612,Vantimamidi,122,Bottle Gourd,122,Common,0.0,16.0,300.0,500.0,400.0,0.0,0.0
2021-04-08 00:00:00+05:30,323,Gaddiannaram,2,L.B Nagar,130,Drumstick,130,Common,0.0,35.0,2000.0,2000.0,2000.0,0.0,0.0
2021-04-08 00:00:00+05:30,325,Hyderabad,7,Meeralamandi,151,Lemon,151,Common,0.0,645.0,400.0,3600.0,2000.0,0.0,0.0
2021-04-08 00:00:00+05:30,246,Warangal,886,Warangal,54,Chillies(Dry),266,Devanooru Delux,0.0,130.0,9000.0,14000.0,12500.0,0.0,0.0
2021-04-08 00:00:00+05:30,281,Venkateshwar Nagar,1106,V Nagar,155,Donda,155,Common,0.0,7.0,8.0,10.0,8.0,0.0,0.0
2021-04-08 00:00:00+05:30,310,Shadnagar,1330,Shadnagar,125,Bitter Gourd,125,Common,0.0,12.0,1800.0,2000.0,1900.0,0.0,0.0
2021-04-08 00:00:00+05:30,367,Gudimalkapur,1571,Gudumalkapur,122,Bottle Gourd,122,Common,0.0,50.0,400.0,600.0,500.0,0.0,0.0
2021-04-09 00:00:00+05:30,323,Gaddiannaram,2,L.B Nagar,130,Drumstick,130,Common,0.0,20.0,1600.0,1600.0,1600.0,0.0,0.0
2021-04-08 00:00:00+05:30,331,Vantimamidi,1612,Vantimamidi,122,Bottle Gourd,122,Common,0.0,28.0,250.0,600.0,425.0,0.0,0.0
2021-04-09 00:00:00+05:30,325,Hyderabad,7,Meeralamandi,151,Lemon,151,Common,0.0,585.0,400.0,3200.0,1800.0,0.0,0.0
2021-04-09 00:00:00+05:30,324,Bowenpally,3,Bowenpally,118,Field Beans,118,Common,0.0,129.0,1500.0,3000.0,2500.0,0.0,0.0
2021-04-09 00:00:00+05:30,246,Warangal,886,Warangal,54,Chillies(Dry),266,Devanooru Delux,0.0,193.0,8500.0,13200.0,12000.0,0.0,0.0
2021-04-09 00:00:00+05:30,281,Venkateshwar Nagar,1106,V Nagar,155,Donda,155,Common,0.0,3.1,10.0,12.0,10.0,0.0,0.0
2021-04-09 00:00:00+05:30,310,Shadnagar,1330,Shadnagar,125,Bitter Gourd,125,Common,0.0,12.0,1800.0,2000.0,1900.0,0.0,0.0
2021-04-09 00:00:00+05:30,367,Gudimalkapur,1571,Gudumalkapur,122,Bottle Gourd,122,Common,0.0,57.0,400.0,600.0,500.0,0.0,0.0
2021-04-09 00:00:00+05:30,331,Vantimamidi,1612,Vantimamidi,122,Bottle Gourd,122,Common,0.0,28.0,300.0,500.0,400.0,0.0,0.0
2021-04-10 00:00:00+05:30,324,Bowenpally,3,Bowenpally,118,Field Beans,118,Common,0.0,134.0,1000.0,3000.0,2500.0,0.0,0.0
2021-04-10 00:00:00+05:30,325,Hyderabad,7,Meeralamandi,151,Lemon,151,Common,0.0,450.0,400.0,3600.0,2000.0,0.0,0.0
2021-04-10 00:00:00+05:30,310,Shadnagar,1330,Shadnagar,125,Bitter Gourd,125,Common,0.0,10.0,1800.0,2000.0,1900.0,0.0,0.0
2021-04-10 00:00:00+05:30,367,Gudimalkapur,1571,Gudumalkapur,122,Bottle Gourd,122,Common,0.0,78.0,400.0,600.0,500.0,0.0,0.0
2021-04-10 00:00:00+05:30,331,Vantimamidi,1612,Vantimamidi,122,Bottle Gourd,122,Common,0.0,35.0,300.0,600.0,450.0,0.0,0.0
2021-04-11 00:00:00+05:30,323,Gaddiannaram,2,L.B Nagar,130,Drumstick,130,Common,0.0,30.0,1600.0,1600.0,1600.0,0.0,0.0
2021-04-11 00:00:00+05:30,324,Bowenpally,3,Bowenpally,118,Field Beans,118,Common,0.0,153.0,1200.0,3000.0,2300.0,0.0,0.0
2021-04-11 00:00:00+05:30,281,Venkateshwar Nagar,1106,V Nagar,155,Donda,155,Common,0.0,1.0,12.0,12.0,12.0,0.0,0.0
2021-04-11 00:00:00+05:30,325,Hyderabad,7,Meeralamandi,151,Lemon,151,Common,0.0,518.0,400.0,4000.0,2200.0,0.0,0.0
2021-04-11 00:00:00+05:30,310,Shadnagar,1330,Shadnagar,125,Bitter Gourd,125,Common,0.0,9.0,1800.0,2200.0,1900.0,0.0,0.0
2021-04-11 00:00:00+05:30,331,Vantimamidi,1612,Vantimamidi,122,Bottle Gourd,122,Common,0.0,21.0,300.0,700.0,500.0,0.0,0.0
2021-04-11 00:00:00+05:30,367,Gudimalkapur,1571,Gudumalkapur,122,Bottle Gourd,122,Common,0.0,36.0,400.0,600.0,500.0,0.0,0.0
2021-04-12 00:00:00+05:30,323,Gaddiannaram,2,L.B Nagar,130,Drumstick,130,Common,0.0,32.0,1600.0,1600.0,1600.0,0.0,0.0
2021-04-12 00:00:00+05:30,324,Bowenpally,3,Bowenpally,118,Field Beans,118,Common,0.0,142.0,1500.0,3000.0,2500.0,0.0,0.0
2021-04-12 00:00:00+05:30,325,Hyderabad,7,Meeralamandi,151,Lemon,151,Common,0.0,437.0,400.0,4000.0,2200.0,0.0,0.0
2021-04-13 00:00:00+05:30,281,Venkateshwar Nagar,1106,V Nagar,155,Donda,155,Common,0.0,1.5,8.0,8.0,8.0,0.0,0.0
2021-04-13 00:00:00+05:30,310,Shadnagar,1330,Shadnagar,125,Bitter Gourd,125,Common,0.0,4.0,1800.0,2000.0,1900.0,0.0,0.0
2021-04-13 00:00:00+05:30,331,Vantimamidi,1612,Vantimamidi,122,Bottle Gourd,122,Common,0.0,48.0,300.0,700.0,500.0,0.0,0.0
2021-04-12 00:00:00+05:30,310,Shadnagar,1330,Shadnagar,125,Bitter Gourd,125,Common,0.0,12.0,1600.0,2200.0,1900.0,0.0,0.0
2021-04-12 00:00:00+05:30,367,Gudimalkapur,1571,Gudumalkapur,122,Bottle Gourd,122,Common,0.0,33.0,400.0,600.0,500.0,0.0,0.0
2021-04-14 00:00:00+05:30,323,Gaddiannaram,2,L.B Nagar,130,Drumstick,130,Common,0.0,15.0,1600.0,1600.0,1600.0,0.0,0.0
2021-04-14 00:00:00+05:30,324,Bowenpally,3,Bowenpally,118,Field Beans,118,Common,0.0,15.0,1500.0,3000.0,2500.0,0.0,0.0
2021-04-14 00:00:00+05:30,325,Hyderabad,7,Meeralamandi,151,Lemon,151,Common,0.0,325.0,400.0,4000.0,2200.0,0.0,0.0
2021-04-14 00:00:00+05:30,281,Venkateshwar Nagar,1106,V Nagar,155,Donda,155,Common,0.0,2.1,7.0,7.0,7.0,0.0,0.0
2021-04-14 00:00:00+05:30,310,Shadnagar,1330,Shadnagar,125,Bitter Gourd,125,Common,0.0,5.0,1800.0,1900.0,1800.0,0.0,0.0
2021-04-14 00:00:00+05:30,367,Gudimalkapur,1571,Gudumalkapur,122,Bottle Gourd,122,Common,0.0,38.0,200.0,400.0,300.0,0.0,0.0
2021-04-15 00:00:00+05:30,324,Bowenpally,3,Bowenpally,118,Field Beans,118,Common,0.0,84.0,1000.0,3000.0,2000.0,0.0,0.0
2021-04-14 00:00:00+05:30,331,Vantimamidi,1612,Vantimamidi,122,Bottle Gourd,122,Common,0.0,36.0,300.0,700.0,500.0,0.0,0.0
2021-04-15 00:00:00+05:30,323,Gaddiannaram,2,L.B Nagar,130,Drumstick,130,Common,0.0,20.0,1000.0,1000.0,1000.0,0.0,0.0
2021-04-15 00:00:00+05:30,325,Hyderabad,7,Meeralamandi,151,Lemon,151,Common,0.0,500.0,400.0,4000.0,2200.0,0.0,0.0
2021-04-15 00:00:00+05:30,281,Venkateshwar Nagar,1106,V Nagar,155,Donda,155,Common,0.0,3.1,7.0,7.0,7.0,0.0,0.0
2021-04-15 00:00:00+05:30,310,Shadnagar,1330,Shadnagar,125,Bitter Gourd,125,Common,0.0,8.0,1600.0,2000.0,1700.0,0.0,0.0
2021-04-15 00:00:00+05:30,367,Gudimalkapur,1571,Gudumalkapur,122,Bottle Gourd,122,Common,0.0,51.0,400.0,600.0,500.0,0.0,0.0
2021-04-16 00:00:00+05:30,325,Hyderabad,7,Meeralamandi,151,Lemon,151,Common,0.0,359.0,400.0,4800.0,2600.0,0.0,0.0
2021-04-16 00:00:00+05:30,323,Gaddiannaram,2,L.B Nagar,130,Drumstick,130,Common,0.0,35.0,1000.0,1000.0,1000.0,0.0,0.0
2021-04-16 00:00:00+05:30,324,Bowenpally,3,Bowenpally,118,Field Beans,118,Common,0.0,149.0,800.0,2500.0,2000.0,0.0,0.0
2021-04-15 00:00:00+05:30,331,Vantimamidi,1612,Vantimamidi,122,Bottle Gourd,122,Common,0.0,53.0,300.0,700.0,500.0,0.0,0.0
2021-04-16 00:00:00+05:30,246,Warangal,886,Warangal,54,Chillies(Dry),266,Devanooru Delux,0.0,294.0,9000.0,14100.0,12500.0,0.0,0.0
2021-04-16 00:00:00+05:30,290,Siddipet,1193,Siddipet,30,Groundnut pods,30,Common,0.0,26.0,5621.0,5651.0,5601.0,0.0,0.0
2021-04-16 00:00:00+05:30,310,Shadnagar,1330,Shadnagar,125,Bitter Gourd,125,Common,0.0,12.0,300.0,500.0,400.0,0.0,0.0
2021-04-17 00:00:00+05:30,323,Gaddiannaram,2,L.B Nagar,130,Drumstick,130,Common,0.0,24.0,900.0,900.0,900.0,0.0,0.0
2021-04-16 00:00:00+05:30,331,Vantimamidi,1612,Vantimamidi,122,Bottle Gourd,122,Common,0.0,16.0,300.0,700.0,500.0,0.0,0.0
2021-04-16 00:00:00+05:30,367,Gudimalkapur,1571,Gudumalkapur,122,Bottle Gourd,122,Common,0.0,78.0,400.0,800.0,600.0,0.0,0.0
2021-04-17 00:00:00+05:30,324,Bowenpally,3,Bowenpally,118,Field Beans,118,Common,0.0,178.0,1000.0,2500.0,2000.0,0.0,0.0
2021-04-17 00:00:00+05:30,325,Hyderabad,7,Meeralamandi,151,Lemon,151,Common,0.0,587.0,400.0,4000.0,2200.0,0.0,0.0
2021-04-17 00:00:00+05:30,289,Sadasivpet,1200,Sadasivapet,58,Coriander,58,Common,0.0,1.0,6066.0,6066.0,6066.0,0.0,0.0
2021-04-17 00:00:00+05:30,310,Shadnagar,1330,Shadnagar,125,Bitter Gourd,125,Common,0.0,6.0,1200.0,1500.0,1300.0,0.0,0.0
2021-04-17 00:00:00+05:30,367,Gudimalkapur,1571,Gudumalkapur,122,Bottle Gourd,122,Common,0.0,101.0,400.0,600.0,500.0,0.0,0.0
2021-04-17 00:00:00+05:30,331,Vantimamidi,1612,Vantimamidi,122,Bottle Gourd,122,Common,0.0,49.0,200.0,600.0,400.0,0.0,0.0
2021-04-18 00:00:00+05:30,281,Venkateshwar Nagar,1106,V Nagar,155,Donda,155,Common,0.0,3.2,8.0,10.0,9.0,0.0,0.0
2021-04-18 00:00:00+05:30,323,Gaddiannaram,2,L.B Nagar,130,Drumstick,130,Common,0.0,34.0,900.0,1000.0,950.0,0.0,0.0
2021-04-18 00:00:00+05:30,310,Shadnagar,1330,Shadnagar,125,Bitter Gourd,125,Common,0.0,9.0,800.0,1000.0,900.0,0.0,0.0
2021-04-18 00:00:00+05:30,325,Hyderabad,7,Meeralamandi,151,Lemon,151,Common,0.0,397.0,200.0,3600.0,1900.0,0.0,0.0
2021-04-19 00:00:00+05:30,323,Gaddiannaram,2,L.B Nagar,130,Drumstick,130,Common,0.0,25.0,1600.0,1600.0,1600.0,0.0,0.0
2021-04-18 00:00:00+05:30,367,Gudimalkapur,1571,Gudumalkapur,122,Bottle Gourd,122,Common,0.0,96.0,400.0,800.0,600.0,0.0,0.0
2021-04-18 00:00:00+05:30,331,Vantimamidi,1612,Vantimamidi,122,Bottle Gourd,122,Common,0.0,41.0,300.0,700.0,500.0,0.0,0.0
2021-04-19 00:00:00+05:30,324,Bowenpally,3,Bowenpally,118,Field Beans,118,Common,0.0,203.0,1000.0,2500.0,2000.0,0.0,0.0
2021-04-19 00:00:00+05:30,246,Warangal,886,Warangal,54,Chillies(Dry),266,Devanooru Delux,0.0,369.0,8500.0,12500.0,11000.0,0.0,0.0
2021-04-19 00:00:00+05:30,325,Hyderabad,7,Meeralamandi,151,Lemon,151,Common,0.0,767.0,200.0,3200.0,1700.0,0.0,0.0
2021-04-19 00:00:00+05:30,310,Shadnagar,1330,Shadnagar,125,Bitter Gourd,125,Common,0.0,8.0,1000.0,1200.0,1000.0,0.0,0.0
2021-04-19 00:00:00+05:30,367,Gudimalkapur,1571,Gudumalkapur,122,Bottle Gourd,122,Common,0.0,144.0,400.0,600.0,500.0,0.0,0.0
2021-04-19 00:00:00+05:30,331,Vantimamidi,1612,Vantimamidi,122,Bottle Gourd,122,Common,0.0,31.0,200.0,800.0,500.0,0.0,0.0
2021-04-20 00:00:00+05:30,323,Gaddiannaram,2,L.B Nagar,130,Drumstick,130,Common,0.0,50.0,1000.0,1000.0,1000.0,0.0,0.0
2021-04-20 00:00:00+05:30,324,Bowenpally,3,Bowenpally,118,Field Beans,118,Common,0.0,61.0,1000.0,3000.0,2500.0,0.0,0.0
2021-04-20 00:00:00+05:30,325,Hyderabad,7,Meeralamandi,151,Lemon,151,Common,0.0,813.0,200.0,3200.0,1700.0,0.0,0.0
2021-04-20 00:00:00+05:30,310,Shadnagar,1330,Shadnagar,125,Bitter Gourd,125,Common,0.0,6.0,1000.0,1300.0,1200.0,0.0,0.0
2021-04-20 00:00:00+05:30,367,Gudimalkapur,1571,Gudumalkapur,122,Bottle Gourd,122,Common,0.0,76.0,400.0,600.0,500.0,0.0,0.0
2021-04-20 00:00:00+05:30,331,Vantimamidi,1612,Vantimamidi,122,Bottle Gourd,122,Common,0.0,74.0,200.0,500.0,350.0,0.0,0.0
2021-04-21 00:00:00+05:30,323,Gaddiannaram,2,L.B Nagar,130,Drumstick,130,Common,0.0,20.0,1000.0,1000.0,1000.0,0.0,0.0
2021-04-21 00:00:00+05:30,325,Hyderabad,7,Meeralamandi,151,Lemon,151,Common,0.0,846.0,200.0,3200.0,1700.0,0.0,0.0
2021-04-21 00:00:00+05:30,310,Shadnagar,1330,Shadnagar,125,Bitter Gourd,125,Common,0.0,9.0,1000.0,1200.0,1000.0,0.0,0.0
2021-04-22 00:00:00+05:30,323,Gaddiannaram,2,L.B Nagar,130,Drumstick,130,Common,0.0,17.0,1000.0,1000.0,1000.0,0.0,0.0
2021-04-21 00:00:00+05:30,331,Vantimamidi,1612,Vantimamidi,122,Bottle Gourd,122,Common,0.0,42.0,200.0,500.0,350.0,0.0,0.0
2021-04-21 00:00:00+05:30,367,Gudimalkapur,1571,Gudumalkapur,122,Bottle Gourd,122,Common,0.0,95.0,400.0,800.0,600.0,0.0,0.0
2021-04-22 00:00:00+05:30,325,Hyderabad,7,Meeralamandi,151,Lemon,151,Common,0.0,484.0,200.0,3200.0,1700.0,0.0,0.0
2021-04-22 00:00:00+05:30,310,Shadnagar,1330,Shadnagar,125,Bitter Gourd,125,Common,0.0,6.0,1200.0,1500.0,1200.0,0.0,0.0
2021-04-22 00:00:00+05:30,331,Vantimamidi,1612,Vantimamidi,122,Bottle Gourd,122,Common,0.0,44.0,300.0,500.0,400.0,0.0,0.0
2021-04-22 00:00:00+05:30,367,Gudimalkapur,1571,Gudumalkapur,122,Bottle Gourd,122,Common,0.0,128.0,400.0,600.0,500.0,0.0,0.0
2021-04-23 00:00:00+05:30,325,Hyderabad,7,Meeralamandi,151,Lemon,151,Common,0.0,601.0,200.0,3200.0,1700.0,0.0,0.0
2021-04-23 00:00:00+05:30,317,Pargi,39,Pargi,57,Tumeric,228,Bulb,0.0,123.0,6251.0,6666.0,6505.0,0.0,0.0
2021-04-23 00:00:00+05:30,323,Gaddiannaram,2,L.B Nagar,130,Drumstick,130,Common,0.0,17.0,1000.0,1000.0,1000.0,0.0,0.0
2021-04-23 00:00:00+05:30,310,Shadnagar,1330,Shadnagar,125,Bitter Gourd,125,Common,0.0,8.0,1500.0,1800.0,1600.0,0.0,0.0
2021-04-23 00:00:00+05:30,331,Vantimamidi,1612,Vantimamidi,122,Bottle Gourd,122,Common,0.0,47.0,200.0,500.0,350.0,0.0,0.0
2021-04-23 00:00:00+05:30,367,Gudimalkapur,1571,Gudumalkapur,122,Bottle Gourd,122,Common,0.0,65.0,400.0,600.0,500.0,0.0,0.0
2021-04-24 00:00:00+05:30,323,Gaddiannaram,2,L.B Nagar,130,Drumstick,130,Common,0.0,35.0,1000.0,1000.0,1000.0,0.0,0.0
2021-04-24 00:00:00+05:30,325,Hyderabad,7,Meeralamandi,151,Lemon,151,Common,0.0,480.0,200.0,3200.0,1700.0,0.0,0.0
2021-04-25 00:00:00+05:30,323,Gaddiannaram,2,L.B Nagar,130,Drumstick,130,Common,0.0,26.0,1000.0,1000.0,1000.0,0.0,0.0
2021-04-25 00:00:00+05:30,325,Hyderabad,7,Meeralamandi,151,Lemon,151,Common,0.0,437.0,200.0,3200.0,1700.0,0.0,0.0
2021-04-24 00:00:00+05:30,310,Shadnagar,1330,Shadnagar,125,Bitter Gourd,125,Common,0.0,4.0,1500.0,1800.0,1600.0,0.0,0.0
2021-04-24 00:00:00+05:30,367,Gudimalkapur,1571,Gudumalkapur,122,Bottle Gourd,122,Common,0.0,175.0,400.0,600.0,500.0,0.0,0.0
2021-04-24 00:00:00+05:30,331,Vantimamidi,1612,Vantimamidi,122,Bottle Gourd,122,Common,0.0,41.0,300.0,800.0,550.0,0.0,0.0
2021-04-25 00:00:00+05:30,310,Shadnagar,1330,Shadnagar,125,Bitter Gourd,125,Common,0.0,6.0,1500.0,1800.0,1600.0,0.0,0.0
2021-04-25 00:00:00+05:30,331,Vantimamidi,1612,Vantimamidi,122,Bottle Gourd,122,Common,0.0,35.0,100.0,500.0,300.0,0.0,0.0
2021-04-25 00:00:00+05:30,367,Gudimalkapur,1571,Gudumalkapur,122,Bottle Gourd,122,Common,0.0,76.0,400.0,600.0,500.0,0.0,0.0
2021-04-26 00:00:00+05:30,323,Gaddiannaram,2,L.B Nagar,130,Drumstick,130,Common,0.0,20.0,1000.0,1000.0,1000.0,0.0,0.0
2021-04-26 00:00:00+05:30,310,Shadnagar,1330,Shadnagar,125,Bitter Gourd,125,Common,0.0,6.0,1500.0,1800.0,1600.0,0.0,0.0
2021-04-26 00:00:00+05:30,367,Gudimalkapur,1571,Gudumalkapur,122,Bottle Gourd,122,Common,0.0,82.0,400.0,800.0,600.0,0.0,0.0
2021-04-26 00:00:00+05:30,325,Hyderabad,7,Meeralamandi,151,Lemon,151,Common,0.0,678.0,200.0,3200.0,1700.0,0.0,0.0
2021-04-27 00:00:00+05:30,323,Gaddiannaram,2,L.B Nagar,130,Drumstick,130,Common,0.0,18.0,1000.0,1000.0,1000.0,0.0,0.0
2021-04-27 00:00:00+05:30,324,Bowenpally,3,Bowenpally,118,Field Beans,118,Common,0.0,100.0,800.0,2000.0,1600.0,0.0,0.0
2021-04-26 00:00:00+05:30,331,Vantimamidi,1612,Vantimamidi,122,Bottle Gourd,122,Common,0.0,31.0,200.0,500.0,350.0,0.0,0.0
2021-04-27 00:00:00+05:30,325,Hyderabad,7,Meeralamandi,151,Lemon,151,Common,0.0,828.0,200.0,3200.0,1700.0,0.0,0.0
2021-04-27 00:00:00+05:30,310,Shadnagar,1330,Shadnagar,125,Bitter Gourd,125,Common,0.0,5.0,1800.0,2000.0,1900.0,0.0,0.0
2021-04-27 00:00:00+05:30,367,Gudimalkapur,1571,Gudumalkapur,122,Bottle Gourd,122,Common,0.0,97.0,400.0,800.0,600.0,0.0,0.0
2021-04-28 00:00:00+05:30,323,Gaddiannaram,2,L.B Nagar,130,Drumstick,130,Common,0.0,25.0,1000.0,1000.0,1000.0,0.0,0.0
2021-04-27 00:00:00+05:30,331,Vantimamidi,1612,Vantimamidi,122,Bottle Gourd,122,Common,0.0,45.0,300.0,500.0,400.0,0.0,0.0
2021-04-28 00:00:00+05:30,325,Hyderabad,7,Meeralamandi,151,Lemon,151,Common,0.0,950.0,200.0,3200.0,1700.0,0.0,0.0
2021-04-28 00:00:00+05:30,310,Shadnagar,1330,Shadnagar,125,Bitter Gourd,125,Common,0.0,9.0,1800.0,2000.0,1900.0,0.0,0.0
2021-04-29 00:00:00+05:30,323,Gaddiannaram,2,L.B Nagar,130,Drumstick,130,Common,0.0,16.0,1000.0,1000.0,1000.0,0.0,0.0
2021-04-29 00:00:00+05:30,325,Hyderabad,7,Meeralamandi,151,Lemon,151,Common,0.0,795.0,200.0,3200.0,1700.0,0.0,0.0
2021-04-28 00:00:00+05:30,367,Gudimalkapur,1571,Gudumalkapur,122,Bottle Gourd,122,Common,0.0,103.0,400.0,600.0,500.0,0.0,0.0
2021-04-28 00:00:00+05:30,331,Vantimamidi,1612,Vantimamidi,122,Bottle Gourd,122,Common,0.0,29.0,200.0,500.0,350.0,0.0,0.0
2021-04-29 00:00:00+05:30,310,Shadnagar,1330,Shadnagar,125,Bitter Gourd,125,Common,0.0,6.0,1500.0,1800.0,1600.0,0.0,0.0
2021-04-29 00:00:00+05:30,290,Siddipet,1193,Siddipet,30,Groundnut pods,30,Common,0.0,6.0,5222.0,5222.0,5222.0,0.0,0.0
2021-04-29 00:00:00+05:30,331,Vantimamidi,1612,Vantimamidi,122,Bottle Gourd,122,Common,0.0,10.0,200.0,500.0,350.0,0.0,0.0
2021-04-29 00:00:00+05:30,367,Gudimalkapur,1571,Gudumalkapur,122,Bottle Gourd,122,Common,0.0,43.0,400.0,600.0,500.0,0.0,0.0
2021-04-30 00:00:00+05:30,323,Gaddiannaram,2,L.B Nagar,130,Drumstick,130,Common,0.0,28.0,1000.0,1000.0,1000.0,0.0,0.0
2021-04-30 00:00:00+05:30,310,Shadnagar,1330,Shadnagar,125,Bitter Gourd,125,Common,0.0,10.0,1500.0,1800.0,1600.0,0.0,0.0
2021-04-30 00:00:00+05:30,367,Gudimalkapur,1571,Gudumalkapur,122,Bottle Gourd,122,Common,0.0,129.0,400.0,600.0,500.0,0.0,0.0
2021-04-06 00:00:00+05:30,331,Vantimamidi,1612,Vantimamidi,123,Ribbed Gourd,123,Common,0.0,49.0,1000.0,2600.0,1800.0,0.0,0.0
2021-04-06 00:00:00+05:30,367,Gudimalkapur,1571,Gudumalkapur,123,Ribbed Gourd,123,Common,0.0,72.0,1500.0,2000.0,1800.0,0.0,0.0
2021-04-06 00:00:00+05:30,310,Shadnagar,1330,Shadnagar,199,Capsicum,204,Common,0.0,10.0,2400.0,2800.0,2500.0,0.0,0.0
2021-04-06 00:00:00+05:30,246,Warangal,886,Warangal,54,Chillies(Dry),268,Talu,0.0,2771.0,3000.0,6000.0,4000.0,0.0,0.0
2021-04-06 00:00:00+05:30,325,Hyderabad,6,Madannapeta,155,Donda,155,Common,0.0,23.0,1000.0,1200.0,1100.0,0.0,0.0
2021-04-06 00:00:00+05:30,324,Bowenpally,3,Bowenpally,121,Snake Gourd,121,Common,0.0,14.0,600.0,1000.0,900.0,0.0,0.0
2021-04-05 00:00:00+05:30,331,Vantimamidi,1612,Vantimamidi,123,Ribbed Gourd,123,Common,0.0,46.0,1200.0,2700.0,1950.0,0.0,0.0
2021-04-05 00:00:00+05:30,367,Gudimalkapur,1571,Gudumalkapur,123,Ribbed Gourd,123,Common,0.0,85.0,1000.0,2000.0,1500.0,0.0,0.0
2021-04-05 00:00:00+05:30,310,Shadnagar,1330,Shadnagar,199,Capsicum,204,Common,0.0,8.0,1800.0,2500.0,2000.0,0.0,0.0
2021-04-04 00:00:00+05:30,331,Vantimamidi,1612,Vantimamidi,123,Ribbed Gourd,123,Common,0.0,54.0,1500.0,2400.0,1950.0,0.0,0.0
2021-04-05 00:00:00+05:30,325,Hyderabad,6,Madannapeta,155,Donda,155,Common,0.0,25.0,1000.0,1000.0,1000.0,0.0,0.0
2021-04-04 00:00:00+05:30,367,Gudimalkapur,1571,Gudumalkapur,123,Ribbed Gourd,123,Common,0.0,51.0,1600.0,2000.0,1800.0,0.0,0.0
2021-04-04 00:00:00+05:30,310,Shadnagar,1330,Shadnagar,199,Capsicum,204,Common,0.0,18.0,2000.0,2400.0,2200.0,0.0,0.0
2021-04-04 00:00:00+05:30,303,Kalwakurthy,1340,Kalwakurthy,155,Donda,155,Common,0.0,1.0,2000.0,2000.0,2000.0,0.0,0.0
2021-04-04 00:00:00+05:30,324,Bowenpally,3,Bowenpally,121,Snake Gourd,121,Common,0.0,3.0,1000.0,1200.0,1100.0,0.0,0.0
2021-04-04 00:00:00+05:30,325,Hyderabad,6,Madannapeta,155,Donda,155,Common,0.0,22.0,1000.0,1000.0,1000.0,0.0,0.0
2021-04-03 00:00:00+05:30,331,Vantimamidi,1612,Vantimamidi,123,Ribbed Gourd,123,Common,0.0,46.0,1500.0,2600.0,2050.0,0.0,0.0
2021-04-03 00:00:00+05:30,367,Gudimalkapur,1571,Gudumalkapur,123,Ribbed Gourd,123,Common,0.0,86.0,1500.0,2000.0,1600.0,0.0,0.0
2021-04-03 00:00:00+05:30,310,Shadnagar,1330,Shadnagar,199,Capsicum,204,Common,0.0,8.0,1800.0,2200.0,1900.0,0.0,0.0
2021-04-02 00:00:00+05:30,310,Shadnagar,1330,Shadnagar,199,Capsicum,204,Common,0.0,4.0,1800.0,2300.0,2000.0,0.0,0.0
2021-04-03 00:00:00+05:30,325,Hyderabad,6,Madannapeta,155,Donda,155,Common,0.0,20.0,1100.0,1100.0,100.0,0.0,0.0
2021-04-03 00:00:00+05:30,324,Bowenpally,3,Bowenpally,121,Snake Gourd,121,Common,0.0,6.0,600.0,1200.0,1000.0,0.0,0.0
2021-04-02 00:00:00+05:30,331,Vantimamidi,1612,Vantimamidi,123,Ribbed Gourd,123,Common,0.0,69.0,1600.0,2500.0,2050.0,0.0,0.0
2021-04-02 00:00:00+05:30,367,Gudimalkapur,1571,Gudumalkapur,123,Ribbed Gourd,123,Common,0.0,71.0,1000.0,2000.0,1500.0,0.0,0.0
2021-04-02 00:00:00+05:30,325,Hyderabad,6,Madannapeta,155,Donda,155,Common,0.0,15.0,1000.0,1000.0,1000.0,0.0,0.0
2021-04-02 00:00:00+05:30,324,Bowenpally,3,Bowenpally,121,Snake Gourd,121,Common,0.0,23.0,600.0,1200.0,1000.0,0.0,0.0
2021-04-01 00:00:00+05:30,331,Vantimamidi,1612,Vantimamidi,123,Ribbed Gourd,123,Common,0.0,40.0,1500.0,2200.0,1850.0,0.0,0.0
2021-04-01 00:00:00+05:30,310,Shadnagar,1330,Shadnagar,199,Capsicum,204,Common,0.0,4.0,1800.0,2300.0,2000.0,0.0,0.0
2021-04-01 00:00:00+05:30,246,Warangal,886,Warangal,54,Chillies(Dry),268,Talu,0.0,1286.0,3000.0,6000.0,4000.0,0.0,0.0
2021-04-01 00:00:00+05:30,324,Bowenpally,3,Bowenpally,121,Snake Gourd,121,Common,0.0,14.0,600.0,1000.0,900.0,0.0,0.0
2021-04-01 00:00:00+05:30,325,Hyderabad,6,Madannapeta,155,Donda,155,Common,0.0,15.0,1000.0,1200.0,1100.0,0.0,0.0
2021-04-12 00:00:00+05:30,324,Bowenpally,3,Bowenpally,121,Snake Gourd,121,Common,0.0,13.0,400.0,1000.0,800.0,0.0,0.0
2021-04-12 00:00:00+05:30,325,Hyderabad,6,Madannapeta,155,Donda,155,Common,0.0,25.0,1200.0,1200.0,1200.0,0.0,0.0
2021-04-11 00:00:00+05:30,367,Gudimalkapur,1571,Gudumalkapur,123,Ribbed Gourd,123,Common,0.0,45.0,1600.0,2000.0,1800.0,0.0,0.0
2021-04-11 00:00:00+05:30,331,Vantimamidi,1612,Vantimamidi,123,Ribbed Gourd,123,Common,0.0,52.0,1200.0,2500.0,1850.0,0.0,0.0
2021-04-11 00:00:00+05:30,310,Shadnagar,1330,Shadnagar,199,Capsicum,204,Common,0.0,15.0,2000.0,2600.0,2200.0,0.0,0.0
2021-04-11 00:00:00+05:30,325,Hyderabad,6,Madannapeta,155,Donda,155,Common,0.0,20.0,1200.0,1200.0,1200.0,0.0,0.0
2021-04-11 00:00:00+05:30,324,Bowenpally,3,Bowenpally,121,Snake Gourd,121,Common,0.0,21.0,500.0,1000.0,900.0,0.0,0.0
2021-04-10 00:00:00+05:30,331,Vantimamidi,1612,Vantimamidi,123,Ribbed Gourd,123,Common,0.0,43.0,800.0,2500.0,1650.0,0.0,0.0
2021-04-10 00:00:00+05:30,367,Gudimalkapur,1571,Gudumalkapur,123,Ribbed Gourd,123,Common,0.0,86.0,1000.0,2000.0,1500.0,0.0,0.0
2021-04-10 00:00:00+05:30,310,Shadnagar,1330,Shadnagar,199,Capsicum,204,Common,0.0,10.0,2400.0,2800.0,2500.0,0.0,0.0
2021-04-10 00:00:00+05:30,325,Hyderabad,6,Madannapeta,155,Donda,155,Common,0.0,18.0,800.0,1000.0,900.0,0.0,0.0
2021-04-10 00:00:00+05:30,324,Bowenpally,3,Bowenpally,121,Snake Gourd,121,Common,0.0,17.0,600.0,1000.0,800.0,0.0,0.0
2021-04-09 00:00:00+05:30,331,Vantimamidi,1612,Vantimamidi,123,Ribbed Gourd,123,Common,0.0,64.0,1200.0,2400.0,1800.0,0.0,0.0
2021-04-09 00:00:00+05:30,367,Gudimalkapur,1571,Gudumalkapur,123,Ribbed Gourd,123,Common,0.0,72.0,1000.0,2000.0,1500.0,0.0,0.0
2021-04-09 00:00:00+05:30,310,Shadnagar,1330,Shadnagar,199,Capsicum,204,Common,0.0,12.0,2500.0,2800.0,2600.0,0.0,0.0
2021-04-09 00:00:00+05:30,246,Warangal,886,Warangal,54,Chillies(Dry),268,Talu,0.0,1069.0,3500.0,6500.0,4500.0,0.0,0.0
2021-04-09 00:00:00+05:30,324,Bowenpally,3,Bowenpally,121,Snake Gourd,121,Common,0.0,21.0,600.0,1000.0,800.0,0.0,0.0
2021-04-09 00:00:00+05:30,325,Hyderabad,6,Madannapeta,155,Donda,155,Common,0.0,25.0,1200.0,1200.0,1200.0,0.0,0.0
2021-04-08 00:00:00+05:30,331,Vantimamidi,1612,Vantimamidi,123,Ribbed Gourd,123,Common,0.0,37.0,1500.0,2450.0,1975.0,0.0,0.0
2021-04-08 00:00:00+05:30,367,Gudimalkapur,1571,Gudumalkapur,123,Ribbed Gourd,123,Common,0.0,81.0,1500.0,2000.0,1600.0,0.0,0.0
2021-04-08 00:00:00+05:30,310,Shadnagar,1330,Shadnagar,199,Capsicum,204,Common,0.0,25.0,2500.0,2800.0,2600.0,0.0,0.0
2021-04-08 00:00:00+05:30,246,Warangal,886,Warangal,54,Chillies(Dry),268,Talu,0.0,1207.0,3000.0,6000.0,4000.0,0.0,0.0
2021-04-08 00:00:00+05:30,325,Hyderabad,6,Madannapeta,155,Donda,155,Common,0.0,20.0,1200.0,1200.0,1200.0,0.0,0.0
2021-04-07 00:00:00+05:30,331,Vantimamidi,1612,Vantimamidi,123,Ribbed Gourd,123,Common,0.0,42.0,900.0,2500.0,1700.0,0.0,0.0
2021-04-08 00:00:00+05:30,324,Bowenpally,3,Bowenpally,121,Snake Gourd,121,Common,0.0,20.0,500.0,1000.0,800.0,0.0,0.0
2021-04-07 00:00:00+05:30,367,Gudimalkapur,1571,Gudumalkapur,123,Ribbed Gourd,123,Common,0.0,59.0,1000.0,2500.0,1500.0,0.0,0.0
2021-04-07 00:00:00+05:30,310,Shadnagar,1330,Shadnagar,199,Capsicum,204,Common,0.0,15.0,2500.0,2800.0,2600.0,0.0,0.0
2021-04-07 00:00:00+05:30,324,Bowenpally,3,Bowenpally,121,Snake Gourd,121,Common,0.0,14.0,500.0,1000.0,800.0,0.0,0.0
2021-04-07 00:00:00+05:30,325,Hyderabad,6,Madannapeta,155,Donda,155,Common,0.0,20.0,1100.0,1100.0,1100.0,0.0,0.0
2021-04-07 00:00:00+05:30,246,Warangal,886,Warangal,54,Chillies(Dry),268,Talu,0.0,2267.0,3000.0,6000.0,4000.0,0.0,0.0
2021-04-19 00:00:00+05:30,324,Bowenpally,3,Bowenpally,121,Snake Gourd,121,Common,0.0,31.0,500.0,1000.0,800.0,0.0,0.0
2021-04-18 00:00:00+05:30,331,Vantimamidi,1612,Vantimamidi,123,Ribbed Gourd,123,Common,0.0,21.0,1000.0,2600.0,1800.0,0.0,0.0
2021-04-18 00:00:00+05:30,367,Gudimalkapur,1571,Gudumalkapur,123,Ribbed Gourd,123,Common,0.0,32.0,1000.0,1500.0,1200.0,0.0,0.0
2021-04-18 00:00:00+05:30,310,Shadnagar,1330,Shadnagar,199,Capsicum,204,Common,0.0,6.0,1800.0,2000.0,1800.0,0.0,0.0
2021-04-18 00:00:00+05:30,303,Kalwakurthy,1340,Kalwakurthy,155,Donda,155,Common,0.0,1.0,1000.0,1000.0,1000.0,0.0,0.0
2021-04-17 00:00:00+05:30,331,Vantimamidi,1612,Vantimamidi,123,Ribbed Gourd,123,Common,0.0,57.0,1200.0,2700.0,1950.0,0.0,0.0
2021-04-17 00:00:00+05:30,367,Gudimalkapur,1571,Gudumalkapur,123,Ribbed Gourd,123,Common,0.0,83.0,1000.0,1500.0,1200.0,0.0,0.0
2021-04-17 00:00:00+05:30,310,Shadnagar,1330,Shadnagar,199,Capsicum,204,Common,0.0,10.0,1800.0,2000.0,1900.0,0.0,0.0
2021-04-17 00:00:00+05:30,324,Bowenpally,3,Bowenpally,121,Snake Gourd,121,Common,0.0,12.0,400.0,1000.0,800.0,0.0,0.0
2021-04-16 00:00:00+05:30,367,Gudimalkapur,1571,Gudumalkapur,123,Ribbed Gourd,123,Common,0.0,121.0,1000.0,1500.0,1200.0,0.0,0.0
2021-04-16 00:00:00+05:30,331,Vantimamidi,1612,Vantimamidi,123,Ribbed Gourd,123,Common,0.0,25.0,1500.0,1900.0,1700.0,0.0,0.0
2021-04-16 00:00:00+05:30,310,Shadnagar,1330,Shadnagar,199,Capsicum,204,Common,0.0,5.0,1800.0,2500.0,2200.0,0.0,0.0
2021-04-16 00:00:00+05:30,246,Warangal,886,Warangal,54,Chillies(Dry),268,Talu,0.0,982.0,3500.0,6500.0,5000.0,0.0,0.0
2021-04-15 00:00:00+05:30,331,Vantimamidi,1612,Vantimamidi,123,Ribbed Gourd,123,Common,0.0,45.0,800.0,2500.0,1600.0,0.0,0.0
2021-04-16 00:00:00+05:30,324,Bowenpally,3,Bowenpally,121,Snake Gourd,121,Common,0.0,17.0,400.0,1000.0,800.0,0.0,0.0
2021-04-16 00:00:00+05:30,325,Hyderabad,6,Madannapeta,155,Donda,155,Common,0.0,20.0,1100.0,1100.0,1100.0,0.0,0.0
2021-04-15 00:00:00+05:30,367,Gudimalkapur,1571,Gudumalkapur,123,Ribbed Gourd,123,Common,0.0,24.0,1000.0,1500.0,1200.0,0.0,0.0
2021-04-15 00:00:00+05:30,310,Shadnagar,1330,Shadnagar,199,Capsicum,204,Common,0.0,8.0,2300.0,2600.0,2400.0,0.0,0.0
2021-04-15 00:00:00+05:30,290,Siddipet,1193,Siddipet,31,Castor,31,Common,0.0,1.2,3500.0,3777.0,3665.0,0.0,0.0
2021-04-15 00:00:00+05:30,325,Hyderabad,6,Madannapeta,155,Donda,155,Common,0.0,25.0,1000.0,1200.0,1100.0,0.0,0.0
2021-04-14 00:00:00+05:30,331,Vantimamidi,1612,Vantimamidi,123,Ribbed Gourd,123,Common,0.0,44.0,1000.0,2600.0,1800.0,0.0,0.0
2021-04-15 00:00:00+05:30,324,Bowenpally,3,Bowenpally,121,Snake Gourd,121,Common,0.0,14.0,500.0,1000.0,800.0,0.0,0.0
2021-04-14 00:00:00+05:30,367,Gudimalkapur,1571,Gudumalkapur,123,Ribbed Gourd,123,Common,0.0,50.0,1000.0,1500.0,1200.0,0.0,0.0
2021-04-14 00:00:00+05:30,310,Shadnagar,1330,Shadnagar,199,Capsicum,204,Common,0.0,5.0,2300.0,2600.0,2400.0,0.0,0.0
2021-04-14 00:00:00+05:30,324,Bowenpally,3,Bowenpally,121,Snake Gourd,121,Common,0.0,5.0,600.0,1000.0,800.0,0.0,0.0
2021-04-14 00:00:00+05:30,325,Hyderabad,6,Madannapeta,155,Donda,155,Common,0.0,18.0,800.0,1000.0,900.0,0.0,0.0
2021-04-12 00:00:00+05:30,367,Gudimalkapur,1571,Gudumalkapur,123,Ribbed Gourd,123,Common,0.0,73.0,1600.0,2000.0,1800.0,0.0,0.0
2021-04-12 00:00:00+05:30,310,Shadnagar,1330,Shadnagar,199,Capsicum,204,Common,0.0,14.0,2200.0,2800.0,2500.0,0.0,0.0
2021-04-13 00:00:00+05:30,331,Vantimamidi,1612,Vantimamidi,123,Ribbed Gourd,123,Common,0.0,28.0,800.0,2200.0,1500.0,0.0,0.0
2021-04-13 00:00:00+05:30,310,Shadnagar,1330,Shadnagar,199,Capsicum,204,Common,0.0,10.0,2400.0,2800.0,2500.0,0.0,0.0
2021-04-24 00:00:00+05:30,331,Vantimamidi,1612,Vantimamidi,123,Ribbed Gourd,123,Common,0.0,31.0,600.0,2000.0,1300.0,0.0,0.0
2021-04-24 00:00:00+05:30,367,Gudimalkapur,1571,Gudumalkapur,123,Ribbed Gourd,123,Common,0.0,102.0,1500.0,2000.0,1700.0,0.0,0.0
2021-04-24 00:00:00+05:30,310,Shadnagar,1330,Shadnagar,199,Capsicum,204,Common,0.0,8.0,1600.0,1800.0,1700.0,0.0,0.0
2021-04-25 00:00:00+05:30,325,Hyderabad,6,Madannapeta,155,Donda,155,Common,0.0,20.0,1100.0,1100.0,1100.0,0.0,0.0
2021-04-23 00:00:00+05:30,367,Gudimalkapur,1571,Gudumalkapur,123,Ribbed Gourd,123,Common,0.0,49.0,1500.0,2000.0,1700.0,0.0,0.0
2021-04-23 00:00:00+05:30,331,Vantimamidi,1612,Vantimamidi,123,Ribbed Gourd,123,Common,0.0,70.0,500.0,1600.0,1050.0,0.0,0.0
2021-04-23 00:00:00+05:30,310,Shadnagar,1330,Shadnagar,199,Capsicum,204,Common,0.0,13.0,1500.0,1800.0,1600.0,0.0,0.0
2021-04-23 00:00:00+05:30,246,Warangal,886,Warangal,54,Chillies(Dry),268,Talu,0.0,1214.0,3000.0,5000.0,4000.0,0.0,0.0
2021-04-22 00:00:00+05:30,367,Gudimalkapur,1571,Gudumalkapur,123,Ribbed Gourd,123,Common,0.0,34.0,1000.0,2000.0,1600.0,0.0,0.0
2021-04-22 00:00:00+05:30,331,Vantimamidi,1612,Vantimamidi,123,Ribbed Gourd,123,Common,0.0,51.0,800.0,2500.0,1650.0,0.0,0.0
2021-04-22 00:00:00+05:30,310,Shadnagar,1330,Shadnagar,199,Capsicum,204,Common,0.0,5.0,1800.0,2000.0,1900.0,0.0,0.0
2021-04-22 00:00:00+05:30,303,Kalwakurthy,1340,Kalwakurthy,155,Donda,155,Common,0.0,1.0,1000.0,1000.0,1000.0,0.0,0.0
2021-04-22 00:00:00+05:30,246,Warangal,886,Warangal,54,Chillies(Dry),268,Talu,0.0,900.0,3500.0,6000.0,4500.0,0.0,0.0
2021-04-21 00:00:00+05:30,367,Gudimalkapur,1571,Gudumalkapur,123,Ribbed Gourd,123,Common,0.0,58.0,1000.0,2000.0,1500.0,0.0,0.0
2021-04-21 00:00:00+05:30,331,Vantimamidi,1612,Vantimamidi,123,Ribbed Gourd,123,Common,0.0,45.0,1000.0,2600.0,1800.0,0.0,0.0
2021-04-21 00:00:00+05:30,310,Shadnagar,1330,Shadnagar,199,Capsicum,204,Common,0.0,13.0,1500.0,1800.0,1600.0,0.0,0.0
2021-04-20 00:00:00+05:30,331,Vantimamidi,1612,Vantimamidi,123,Ribbed Gourd,123,Common,0.0,50.0,1300.0,2500.0,1900.0,0.0,0.0
2021-04-20 00:00:00+05:30,367,Gudimalkapur,1571,Gudumalkapur,123,Ribbed Gourd,123,Common,0.0,79.0,1500.0,2000.0,1800.0,0.0,0.0
2021-04-20 00:00:00+05:30,310,Shadnagar,1330,Shadnagar,199,Capsicum,204,Common,0.0,12.0,1700.0,1900.0,1800.0,0.0,0.0
2021-04-20 00:00:00+05:30,325,Hyderabad,6,Madannapeta,155,Donda,155,Common,0.0,15.0,1100.0,1100.0,1100.0,0.0,0.0
2021-04-20 00:00:00+05:30,246,Warangal,886,Warangal,54,Chillies(Dry),268,Talu,0.0,1037.0,4000.0,6500.0,5000.0,0.0,0.0
2021-04-20 00:00:00+05:30,324,Bowenpally,3,Bowenpally,121,Snake Gourd,121,Common,0.0,20.0,500.0,1000.0,800.0,0.0,0.0
2021-04-19 00:00:00+05:30,331,Vantimamidi,1612,Vantimamidi,123,Ribbed Gourd,123,Common,0.0,26.0,800.0,2000.0,1400.0,0.0,0.0
2021-04-19 00:00:00+05:30,367,Gudimalkapur,1571,Gudumalkapur,123,Ribbed Gourd,123,Common,0.0,63.0,1000.0,1500.0,1200.0,0.0,0.0
2021-04-19 00:00:00+05:30,310,Shadnagar,1330,Shadnagar,199,Capsicum,204,Common,0.0,10.0,1600.0,1800.0,1600.0,0.0,0.0
2021-04-19 00:00:00+05:30,303,Kalwakurthy,1340,Kalwakurthy,155,Donda,155,Common,0.0,1.0,1000.0,1000.0,1000.0,0.0,0.0
2021-04-19 00:00:00+05:30,246,Warangal,886,Warangal,54,Chillies(Dry),268,Talu,0.0,1134.0,3500.0,6500.0,4500.0,0.0,0.0
2021-04-19 00:00:00+05:30,208,Nizamabad,1080,Nizamabad,34,Safflower,34,Common,0.0,1.0,2525.0,2525.0,2525.0,0.0,0.0
2021-04-30 00:00:00+05:30,367,Gudimalkapur,1571,Gudumalkapur,123,Ribbed Gourd,123,Common,0.0,73.0,1000.0,1500.0,1200.0,0.0,0.0
2021-04-30 00:00:00+05:30,310,Shadnagar,1330,Shadnagar,199,Capsicum,204,Common,0.0,12.0,1400.0,1800.0,1500.0,0.0,0.0
2021-04-29 00:00:00+05:30,303,Kalwakurthy,1340,Kalwakurthy,155,Donda,155,Common,0.0,2.0,700.0,750.0,750.0,0.0,0.0
2021-04-30 00:00:00+05:30,325,Hyderabad,6,Madannapeta,155,Donda,155,Common,0.0,30.0,1100.0,1100.0,1100.0,0.0,0.0
2021-04-29 00:00:00+05:30,367,Gudimalkapur,1571,Gudumalkapur,123,Ribbed Gourd,123,Common,0.0,39.0,1500.0,2000.0,1800.0,0.0,0.0
2021-04-29 00:00:00+05:30,331,Vantimamidi,1612,Vantimamidi,123,Ribbed Gourd,123,Common,0.0,41.0,800.0,2000.0,1400.0,0.0,0.0
2021-04-29 00:00:00+05:30,310,Shadnagar,1330,Shadnagar,199,Capsicum,204,Common,0.0,12.0,1800.0,2000.0,1900.0,0.0,0.0
2021-04-28 00:00:00+05:30,331,Vantimamidi,1612,Vantimamidi,123,Ribbed Gourd,123,Common,0.0,50.0,1000.0,2000.0,1500.0,0.0,0.0
2021-04-28 00:00:00+05:30,367,Gudimalkapur,1571,Gudumalkapur,123,Ribbed Gourd,123,Common,0.0,67.0,1000.0,2000.0,1500.0,0.0,0.0
2021-04-29 00:00:00+05:30,325,Hyderabad,6,Madannapeta,155,Donda,155,Common,0.0,25.0,1100.0,1100.0,1100.0,0.0,0.0
2021-04-28 00:00:00+05:30,310,Shadnagar,1330,Shadnagar,199,Capsicum,204,Common,0.0,9.0,1600.0,1800.0,1700.0,0.0,0.0
2021-04-28 00:00:00+05:30,290,Siddipet,1193,Siddipet,31,Castor,31,Common,0.0,0.4,3555.0,3555.0,3555.0,0.0,0.0
2021-04-27 00:00:00+05:30,331,Vantimamidi,1612,Vantimamidi,123,Ribbed Gourd,123,Common,0.0,30.0,1000.0,2200.0,1600.0,0.0,0.0
2021-04-28 00:00:00+05:30,325,Hyderabad,6,Madannapeta,155,Donda,155,Common,0.0,30.0,1100.0,1100.0,1100.0,0.0,0.0
2021-04-27 00:00:00+05:30,367,Gudimalkapur,1571,Gudumalkapur,123,Ribbed Gourd,123,Common,0.0,82.0,1500.0,2500.0,2000.0,0.0,0.0
2021-04-27 00:00:00+05:30,310,Shadnagar,1330,Shadnagar,199,Capsicum,204,Common,0.0,5.0,1600.0,1900.0,1800.0,0.0,0.0
2021-04-27 00:00:00+05:30,325,Hyderabad,6,Madannapeta,155,Donda,155,Common,0.0,25.0,1100.0,1100.0,1100.0,0.0,0.0
2021-04-26 00:00:00+05:30,331,Vantimamidi,1612,Vantimamidi,123,Ribbed Gourd,123,Common,0.0,42.0,600.0,2200.0,1400.0,0.0,0.0
2021-04-26 00:00:00+05:30,367,Gudimalkapur,1571,Gudumalkapur,123,Ribbed Gourd,123,Common,0.0,51.0,1600.0,2000.0,1800.0,0.0,0.0
2021-04-26 00:00:00+05:30,303,Kalwakurthy,1340,Kalwakurthy,155,Donda,155,Common,0.0,1.0,1000.0,1000.0,1000.0,0.0,0.0
2021-04-26 00:00:00+05:30,310,Shadnagar,1330,Shadnagar,199,Capsicum,204,Common,0.0,12.0,800.0,1000.0,900.0,0.0,0.0
2021-04-26 00:00:00+05:30,325,Hyderabad,6,Madannapeta,155,Donda,155,Common,0.0,20.0,1000.0,1200.0,1100.0,0.0,0.0
2021-04-25 00:00:00+05:30,367,Gudimalkapur,1571,Gudumalkapur,123,Ribbed Gourd,123,Common,0.0,172.0,1000.0,2000.0,1500.0,0.0,0.0
2021-04-25 00:00:00+05:30,331,Vantimamidi,1612,Vantimamidi,123,Ribbed Gourd,123,Common,0.0,21.0,800.0,2000.0,1400.0,0.0,0.0
2021-04-25 00:00:00+05:30,310,Shadnagar,1330,Shadnagar,199,Capsicum,204,Common,0.0,9.0,1800.0,2000.0,1900.0,0.0,0.0
2021-04-25 00:00:00+05:30,303,Kalwakurthy,1340,Kalwakurthy,155,Donda,155,Common,0.0,1.0,1200.0,1200.0,1200.0,0.0,0.0
2021-04-01 00:00:00+05:30,325,Hyderabad,6,Madannapeta,199,Capsicum,204,Common,0.0,2.0,2500.0,2500.0,2500.0,0.0,0.0
2021-04-01 00:00:00+05:30,323,Gaddiannaram,2,L.B Nagar,155,Donda,155,Common,0.0,80.0,1000.0,2000.0,1500.0,0.0,0.0
2021-04-01 00:00:00+05:30,324,Bowenpally,3,Bowenpally,122,Bottle Gourd,122,Common,0.0,22.0,400.0,800.0,600.0,0.0,0.0
2021-04-01 00:00:00+05:30,246,Warangal,886,Warangal,54,Chillies(Dry),289,1048,0.0,804.0,8500.0,14000.0,12500.0,0.0,0.0
2021-04-01 00:00:00+05:30,325,Hyderabad,7,Meeralamandi,197,Green Mangos,202,Common,0.0,281.0,200.0,1400.0,800.0,0.0,0.0
2021-04-01 00:00:00+05:30,323,Gaddiannaram,1,Gaddiannaram,97,Apple,97,Common,0.0,564.0,2500.0,15600.0,4400.0,0.0,0.0
2021-04-01 00:00:00+05:30,331,Vantimamidi,1612,Vantimamidi,125,Bitter Gourd,125,Common,0.0,18.0,1400.0,1800.0,1600.0,0.0,0.0
2021-04-02 00:00:00+05:30,323,Gaddiannaram,2,L.B Nagar,155,Donda,155,Common,0.0,60.0,1500.0,2000.0,1700.0,0.0,0.0
2021-04-02 00:00:00+05:30,323,Gaddiannaram,1,Gaddiannaram,97,Apple,97,Common,0.0,2204.0,2500.0,15600.0,4400.0,0.0,0.0
2021-04-02 00:00:00+05:30,324,Bowenpally,3,Bowenpally,122,Bottle Gourd,122,Common,0.0,20.0,400.0,800.0,700.0,0.0,0.0
2021-04-02 00:00:00+05:30,325,Hyderabad,6,Madannapeta,199,Capsicum,204,Common,0.0,4.0,2000.0,2000.0,2000.0,0.0,0.0
2021-04-02 00:00:00+05:30,325,Hyderabad,7,Meeralamandi,197,Green Mangos,202,Common,0.0,535.0,300.0,1000.0,700.0,0.0,0.0
2021-04-02 00:00:00+05:30,367,Gudimalkapur,1571,Gudumalkapur,125,Bitter Gourd,125,Common,0.0,26.0,100.0,1500.0,1200.0,0.0,0.0
2021-04-02 00:00:00+05:30,331,Vantimamidi,1612,Vantimamidi,125,Bitter Gourd,125,Common,0.0,12.0,1400.0,1600.0,1500.0,0.0,0.0
2021-04-03 00:00:00+05:30,324,Bowenpally,3,Bowenpally,122,Bottle Gourd,122,Common,0.0,32.0,400.0,800.0,600.0,0.0,0.0
2021-04-03 00:00:00+05:30,323,Gaddiannaram,2,L.B Nagar,155,Donda,155,Common,0.0,80.0,1500.0,2000.0,1700.0,0.0,0.0
2021-04-03 00:00:00+05:30,323,Gaddiannaram,1,Gaddiannaram,97,Apple,97,Common,0.0,2635.0,2500.0,15600.0,4350.0,0.0,0.0
2021-04-03 00:00:00+05:30,325,Hyderabad,7,Meeralamandi,197,Green Mangos,202,Common,0.0,415.0,400.0,1100.0,750.0,0.0,0.0
2021-04-03 00:00:00+05:30,367,Gudimalkapur,1571,Gudumalkapur,125,Bitter Gourd,125,Common,0.0,56.0,1000.0,1500.0,1200.0,0.0,0.0
2021-04-03 00:00:00+05:30,331,Vantimamidi,1612,Vantimamidi,125,Bitter Gourd,125,Common,0.0,55.0,1500.0,1800.0,1650.0,0.0,0.0
2021-04-04 00:00:00+05:30,323,Gaddiannaram,1,Gaddiannaram,97,Apple,97,Common,0.0,140.0,2500.0,15600.0,4400.0,0.0,0.0
2021-04-04 00:00:00+05:30,323,Gaddiannaram,2,L.B Nagar,155,Donda,155,Common,0.0,68.0,1500.0,2000.0,2000.0,0.0,0.0
2021-04-04 00:00:00+05:30,324,Bowenpally,3,Bowenpally,122,Bottle Gourd,122,Common,0.0,29.0,400.0,800.0,700.0,0.0,0.0
2021-04-04 00:00:00+05:30,367,Gudimalkapur,1571,Gudumalkapur,125,Bitter Gourd,125,Common,0.0,52.0,1000.0,1500.0,1200.0,0.0,0.0
2021-04-05 00:00:00+05:30,325,Hyderabad,6,Madannapeta,199,Capsicum,204,Common,0.0,2.0,2500.0,2500.0,2500.0,0.0,0.0
2021-04-05 00:00:00+05:30,323,Gaddiannaram,2,L.B Nagar,155,Donda,155,Common,0.0,60.0,1000.0,1500.0,1200.0,0.0,0.0
2021-04-04 00:00:00+05:30,331,Vantimamidi,1612,Vantimamidi,125,Bitter Gourd,125,Common,0.0,9.0,1000.0,2000.0,1500.0,0.0,0.0
2021-04-05 00:00:00+05:30,323,Gaddiannaram,1,Gaddiannaram,97,Apple,97,Common,0.0,1880.0,2500.0,15600.0,4350.0,0.0,0.0
2021-04-05 00:00:00+05:30,325,Hyderabad,7,Meeralamandi,197,Green Mangos,202,Common,0.0,204.0,400.0,1000.0,700.0,0.0,0.0
2021-04-05 00:00:00+05:30,367,Gudimalkapur,1571,Gudumalkapur,125,Bitter Gourd,125,Common,0.0,27.0,1000.0,1500.0,1200.0,0.0,0.0
2021-04-05 00:00:00+05:30,331,Vantimamidi,1612,Vantimamidi,125,Bitter Gourd,125,Common,0.0,21.0,1000.0,1800.0,1400.0,0.0,0.0
2021-04-06 00:00:00+05:30,323,Gaddiannaram,2,L.B Nagar,155,Donda,155,Common,0.0,45.0,1000.0,1500.0,1200.0,0.0,0.0
2021-04-06 00:00:00+05:30,323,Gaddiannaram,1,Gaddiannaram,97,Apple,97,Common,0.0,981.0,2500.0,15600.0,4350.0,0.0,0.0
2021-04-06 00:00:00+05:30,324,Bowenpally,3,Bowenpally,122,Bottle Gourd,122,Common,0.0,385.0,400.0,800.0,700.0,0.0,0.0
2021-04-06 00:00:00+05:30,325,Hyderabad,7,Meeralamandi,197,Green Mangos,202,Common,0.0,317.0,500.0,1000.0,750.0,0.0,0.0
2021-04-06 00:00:00+05:30,246,Warangal,886,Warangal,54,Chillies(Dry),289,1048,0.0,259.0,8500.0,13500.0,11500.0,0.0,0.0
2021-04-06 00:00:00+05:30,367,Gudimalkapur,1571,Gudumalkapur,125,Bitter Gourd,125,Common,0.0,79.0,1000.0,1500.0,1200.0,0.0,0.0
2021-04-06 00:00:00+05:30,331,Vantimamidi,1612,Vantimamidi,125,Bitter Gourd,125,Common,0.0,34.0,1400.0,2200.0,1800.0,0.0,0.0
2021-04-07 00:00:00+05:30,323,Gaddiannaram,2,L.B Nagar,155,Donda,155,Common,0.0,93.0,1000.0,1500.0,1200.0,0.0,0.0
2021-04-07 00:00:00+05:30,323,Gaddiannaram,1,Gaddiannaram,97,Apple,97,Common,0.0,1217.0,2500.0,15600.0,4350.0,0.0,0.0
2021-04-07 00:00:00+05:30,246,Warangal,886,Warangal,54,Chillies(Dry),289,1048,0.0,206.0,8500.0,13400.0,13000.0,0.0,0.0
2021-04-07 00:00:00+05:30,325,Hyderabad,6,Madannapeta,199,Capsicum,204,Common,0.0,2.0,2200.0,2200.0,2200.0,0.0,0.0
2021-04-07 00:00:00+05:30,324,Bowenpally,3,Bowenpally,122,Bottle Gourd,122,Common,0.0,17.0,300.0,800.0,600.0,0.0,0.0
2021-04-07 00:00:00+05:30,367,Gudimalkapur,1571,Gudumalkapur,125,Bitter Gourd,125,Common,0.0,48.0,1000.0,1200.0,1100.0,0.0,0.0
2021-04-08 00:00:00+05:30,324,Bowenpally,3,Bowenpally,122,Bottle Gourd,122,Common,0.0,6.0,300.0,600.0,500.0,0.0,0.0
2021-04-07 00:00:00+05:30,331,Vantimamidi,1612,Vantimamidi,125,Bitter Gourd,125,Common,0.0,30.0,1500.0,2000.0,1750.0,0.0,0.0
2021-04-08 00:00:00+05:30,323,Gaddiannaram,1,Gaddiannaram,97,Apple,97,Common,0.0,1433.0,2500.0,15600.0,4350.0,0.0,0.0
2021-04-08 00:00:00+05:30,325,Hyderabad,7,Meeralamandi,197,Green Mangos,202,Common,0.0,510.0,400.0,1000.0,700.0,0.0,0.0
2021-04-08 00:00:00+05:30,323,Gaddiannaram,2,L.B Nagar,155,Donda,155,Common,0.0,90.0,1000.0,1500.0,1200.0,0.0,0.0
2021-04-08 00:00:00+05:30,246,Warangal,886,Warangal,54,Chillies(Dry),289,1048,0.0,94.0,8500.0,13400.0,11500.0,0.0,0.0
2021-04-08 00:00:00+05:30,367,Gudimalkapur,1571,Gudumalkapur,125,Bitter Gourd,125,Common,0.0,49.0,1000.0,1500.0,1200.0,0.0,0.0
2021-04-08 00:00:00+05:30,331,Vantimamidi,1612,Vantimamidi,125,Bitter Gourd,125,Common,0.0,34.0,1000.0,2000.0,1500.0,0.0,0.0
2021-04-09 00:00:00+05:30,323,Gaddiannaram,2,L.B Nagar,155,Donda,155,Common,0.0,70.0,1000.0,1500.0,1200.0,0.0,0.0
2021-04-09 00:00:00+05:30,323,Gaddiannaram,1,Gaddiannaram,97,Apple,97,Common,0.0,1730.0,2500.0,15600.0,4350.0,0.0,0.0
2021-04-09 00:00:00+05:30,325,Hyderabad,7,Meeralamandi,197,Green Mangos,202,Common,0.0,365.0,400.0,800.0,600.0,0.0,0.0
2021-04-09 00:00:00+05:30,324,Bowenpally,3,Bowenpally,122,Bottle Gourd,122,Common,0.0,9.0,300.0,800.0,600.0,0.0,0.0
2021-04-09 00:00:00+05:30,246,Warangal,886,Warangal,54,Chillies(Dry),289,1048,0.0,127.0,8000.0,13000.0,12000.0,0.0,0.0
2021-04-09 00:00:00+05:30,208,Nizamabad,1080,Nizamabad,47,Tamarind Seed,47,Common,0.0,11.0,1165.0,1861.0,1173.0,0.0,0.0
2021-04-09 00:00:00+05:30,367,Gudimalkapur,1571,Gudumalkapur,125,Bitter Gourd,125,Common,0.0,18.0,1400.0,1600.0,1500.0,0.0,0.0
2021-04-09 00:00:00+05:30,331,Vantimamidi,1612,Vantimamidi,125,Bitter Gourd,125,Common,0.0,37.0,1300.0,2000.0,1650.0,0.0,0.0
2021-04-10 00:00:00+05:30,323,Gaddiannaram,1,Gaddiannaram,97,Apple,97,Common,0.0,685.0,2500.0,15600.0,5000.0,0.0,0.0
2021-04-10 00:00:00+05:30,324,Bowenpally,3,Bowenpally,122,Bottle Gourd,122,Common,0.0,6.0,400.0,800.0,600.0,0.0,0.0
2021-04-10 00:00:00+05:30,325,Hyderabad,6,Madannapeta,199,Capsicum,204,Common,0.0,3.0,2000.0,2000.0,2000.0,0.0,0.0
2021-04-10 00:00:00+05:30,325,Hyderabad,7,Meeralamandi,197,Green Mangos,202,Common,0.0,339.0,300.0,800.0,550.0,0.0,0.0
2021-04-10 00:00:00+05:30,367,Gudimalkapur,1571,Gudumalkapur,125,Bitter Gourd,125,Common,0.0,73.0,1000.0,1500.0,1200.0,0.0,0.0
2021-04-10 00:00:00+05:30,331,Vantimamidi,1612,Vantimamidi,125,Bitter Gourd,125,Common,0.0,42.0,1300.0,2000.0,1650.0,0.0,0.0
2021-04-11 00:00:00+05:30,324,Bowenpally,3,Bowenpally,122,Bottle Gourd,122,Common,0.0,17.0,300.0,800.0,700.0,0.0,0.0
2021-04-11 00:00:00+05:30,323,Gaddiannaram,2,L.B Nagar,155,Donda,155,Common,0.0,73.0,1000.0,1500.0,1200.0,0.0,0.0
2021-04-11 00:00:00+05:30,323,Gaddiannaram,1,Gaddiannaram,97,Apple,97,Common,0.0,1224.0,2500.0,15600.0,5000.0,0.0,0.0
2021-04-11 00:00:00+05:30,325,Hyderabad,7,Meeralamandi,197,Green Mangos,202,Common,0.0,541.0,300.0,700.0,500.0,0.0,0.0
2021-04-11 00:00:00+05:30,331,Vantimamidi,1612,Vantimamidi,125,Bitter Gourd,125,Common,0.0,32.0,800.0,1600.0,1200.0,0.0,0.0
2021-04-12 00:00:00+05:30,323,Gaddiannaram,1,Gaddiannaram,97,Apple,97,Common,0.0,2235.0,2500.0,15000.0,4600.0,0.0,0.0
2021-04-11 00:00:00+05:30,367,Gudimalkapur,1571,Gudumalkapur,125,Bitter Gourd,125,Common,0.0,69.0,1400.0,1600.0,1500.0,0.0,0.0
2021-04-12 00:00:00+05:30,323,Gaddiannaram,2,L.B Nagar,155,Donda,155,Common,0.0,91.0,1000.0,1500.0,1200.0,0.0,0.0
2021-04-12 00:00:00+05:30,324,Bowenpally,3,Bowenpally,122,Bottle Gourd,122,Common,0.0,7.0,400.0,800.0,700.0,0.0,0.0
2021-04-12 00:00:00+05:30,325,Hyderabad,7,Meeralamandi,197,Green Mangos,202,Common,0.0,985.0,300.0,800.0,550.0,0.0,0.0
2021-04-13 00:00:00+05:30,323,Gaddiannaram,1,Gaddiannaram,97,Apple,97,Common,0.0,787.0,2500.0,15600.0,4350.0,0.0,0.0
2021-04-13 00:00:00+05:30,331,Vantimamidi,1612,Vantimamidi,125,Bitter Gourd,125,Common,0.0,20.0,2200.0,2300.0,2250.0,0.0,0.0
2021-04-14 00:00:00+05:30,323,Gaddiannaram,1,Gaddiannaram,97,Apple,97,Common,0.0,1121.0,2500.0,15600.0,4650.0,0.0,0.0
2021-04-12 00:00:00+05:30,367,Gudimalkapur,1571,Gudumalkapur,125,Bitter Gourd,125,Common,0.0,50.0,1000.0,1500.0,1200.0,0.0,0.0
2021-04-14 00:00:00+05:30,325,Hyderabad,6,Madannapeta,199,Capsicum,204,Common,0.0,3.0,2000.0,2000.0,2000.0,0.0,0.0
2021-04-14 00:00:00+05:30,323,Gaddiannaram,2,L.B Nagar,155,Donda,155,Common,0.0,28.0,1000.0,1500.0,1200.0,0.0,0.0
2021-04-14 00:00:00+05:30,324,Bowenpally,3,Bowenpally,122,Bottle Gourd,122,Common,0.0,17.0,200.0,600.0,600.0,0.0,0.0
2021-04-14 00:00:00+05:30,367,Gudimalkapur,1571,Gudumalkapur,125,Bitter Gourd,125,Common,0.0,52.0,400.0,800.0,600.0,0.0,0.0
2021-04-14 00:00:00+05:30,325,Hyderabad,7,Meeralamandi,197,Green Mangos,202,Common,0.0,257.0,200.0,600.0,400.0,0.0,0.0
2021-04-15 00:00:00+05:30,324,Bowenpally,3,Bowenpally,122,Bottle Gourd,122,Common,0.0,15.0,300.0,800.0,600.0,0.0,0.0
2021-04-14 00:00:00+05:30,331,Vantimamidi,1612,Vantimamidi,125,Bitter Gourd,125,Common,0.0,38.0,1000.0,2200.0,1600.0,0.0,0.0
2021-04-15 00:00:00+05:30,323,Gaddiannaram,1,Gaddiannaram,97,Apple,97,Common,0.0,579.0,2500.0,15600.0,4650.0,0.0,0.0
2021-04-15 00:00:00+05:30,325,Hyderabad,6,Madannapeta,199,Capsicum,204,Common,0.0,4.0,2000.0,2000.0,2000.0,0.0,0.0
2021-04-15 00:00:00+05:30,323,Gaddiannaram,2,L.B Nagar,155,Donda,155,Common,0.0,47.0,1000.0,1500.0,1200.0,0.0,0.0
2021-04-15 00:00:00+05:30,325,Hyderabad,7,Meeralamandi,197,Green Mangos,202,Common,0.0,298.0,300.0,700.0,500.0,0.0,0.0
2021-04-15 00:00:00+05:30,367,Gudimalkapur,1571,Gudumalkapur,125,Bitter Gourd,125,Common,0.0,29.0,400.0,800.0,600.0,0.0,0.0
2021-04-16 00:00:00+05:30,325,Hyderabad,6,Madannapeta,199,Capsicum,204,Common,0.0,6.0,1800.0,2000.0,1900.0,0.0,0.0
2021-04-16 00:00:00+05:30,325,Hyderabad,7,Meeralamandi,197,Green Mangos,202,Common,0.0,456.0,300.0,800.0,550.0,0.0,0.0
2021-04-16 00:00:00+05:30,323,Gaddiannaram,2,L.B Nagar,155,Donda,155,Common,0.0,62.0,1000.0,1600.0,1300.0,0.0,0.0
2021-04-16 00:00:00+05:30,324,Bowenpally,3,Bowenpally,122,Bottle Gourd,122,Common,0.0,88.0,300.0,800.0,600.0,0.0,0.0
2021-04-15 00:00:00+05:30,331,Vantimamidi,1612,Vantimamidi,125,Bitter Gourd,125,Common,0.0,40.0,1000.0,2000.0,1500.0,0.0,0.0
2021-04-16 00:00:00+05:30,323,Gaddiannaram,1,Gaddiannaram,97,Apple,97,Common,0.0,2967.0,2500.0,16250.0,4600.0,0.0,0.0
2021-04-16 00:00:00+05:30,246,Warangal,886,Warangal,54,Chillies(Dry),289,1048,0.0,270.0,9000.0,13500.0,12500.0,0.0,0.0
2021-04-16 00:00:00+05:30,331,Vantimamidi,1612,Vantimamidi,125,Bitter Gourd,125,Common,0.0,45.0,1500.0,2000.0,1750.0,0.0,0.0
2021-04-16 00:00:00+05:30,367,Gudimalkapur,1571,Gudumalkapur,125,Bitter Gourd,125,Common,0.0,80.0,800.0,1200.0,1000.0,0.0,0.0
2021-04-17 00:00:00+05:30,323,Gaddiannaram,2,L.B Nagar,155,Donda,155,Common,0.0,78.0,1000.0,1500.0,1250.0,0.0,0.0
2021-04-17 00:00:00+05:30,323,Gaddiannaram,1,Gaddiannaram,97,Apple,97,Common,0.0,1072.0,2500.0,16250.0,4550.0,0.0,0.0
2021-04-17 00:00:00+05:30,324,Bowenpally,3,Bowenpally,122,Bottle Gourd,122,Common,0.0,19.0,300.0,1000.0,800.0,0.0,0.0
2021-04-17 00:00:00+05:30,325,Hyderabad,7,Meeralamandi,197,Green Mangos,202,Common,0.0,661.0,300.0,800.0,550.0,0.0,0.0
2021-04-17 00:00:00+05:30,367,Gudimalkapur,1571,Gudumalkapur,125,Bitter Gourd,125,Common,0.0,53.0,800.0,1200.0,1000.0,0.0,0.0
2021-04-17 00:00:00+05:30,331,Vantimamidi,1612,Vantimamidi,125,Bitter Gourd,125,Common,0.0,42.0,1000.0,2000.0,1500.0,0.0,0.0
2021-04-18 00:00:00+05:30,323,Gaddiannaram,1,Gaddiannaram,97,Apple,97,Common,0.0,300.0,2500.0,16250.0,4680.0,0.0,0.0
2021-04-18 00:00:00+05:30,325,Hyderabad,7,Meeralamandi,197,Green Mangos,202,Common,0.0,245.0,600.0,800.0,700.0,0.0,0.0
2021-04-18 00:00:00+05:30,323,Gaddiannaram,2,L.B Nagar,155,Donda,155,Common,0.0,61.0,1200.0,1400.0,1300.0,0.0,0.0
2021-04-18 00:00:00+05:30,367,Gudimalkapur,1571,Gudumalkapur,125,Bitter Gourd,125,Common,0.0,42.0,800.0,1200.0,1000.0,0.0,0.0
2021-04-18 00:00:00+05:30,331,Vantimamidi,1612,Vantimamidi,125,Bitter Gourd,125,Common,0.0,8.0,1500.0,2200.0,1850.0,0.0,0.0
2021-04-19 00:00:00+05:30,323,Gaddiannaram,2,L.B Nagar,155,Donda,155,Common,0.0,55.0,1000.0,1500.0,1200.0,0.0,0.0
2021-04-19 00:00:00+05:30,323,Gaddiannaram,1,Gaddiannaram,97,Apple,97,Common,0.0,2020.0,2500.0,16250.0,4550.0,0.0,0.0
2021-04-19 00:00:00+05:30,324,Bowenpally,3,Bowenpally,122,Bottle Gourd,122,Common,0.0,19.0,300.0,800.0,600.0,0.0,0.0
2021-04-19 00:00:00+05:30,246,Warangal,886,Warangal,54,Chillies(Dry),289,1048,0.0,335.0,9500.0,13000.0,12500.0,0.0,0.0
2021-04-19 00:00:00+05:30,325,Hyderabad,7,Meeralamandi,197,Green Mangos,202,Common,0.0,584.0,300.0,800.0,550.0,0.0,0.0
2021-04-19 00:00:00+05:30,367,Gudimalkapur,1571,Gudumalkapur,125,Bitter Gourd,125,Common,0.0,10.0,800.0,1200.0,1000.0,0.0,0.0
2021-04-19 00:00:00+05:30,331,Vantimamidi,1612,Vantimamidi,125,Bitter Gourd,125,Common,0.0,2.0,800.0,2400.0,1600.0,0.0,0.0
2021-04-20 00:00:00+05:30,323,Gaddiannaram,1,Gaddiannaram,97,Apple,97,Common,0.0,1204.0,2500.0,16250.0,4550.0,0.0,0.0
2021-04-20 00:00:00+05:30,324,Bowenpally,3,Bowenpally,122,Bottle Gourd,122,Common,0.0,13.0,300.0,800.0,600.0,0.0,0.0
2021-04-20 00:00:00+05:30,323,Gaddiannaram,2,L.B Nagar,155,Donda,155,Common,0.0,49.0,1000.0,1600.0,1300.0,0.0,0.0
2021-04-20 00:00:00+05:30,246,Warangal,886,Warangal,54,Chillies(Dry),289,1048,0.0,189.0,8000.0,12300.0,9000.0,0.0,0.0
2021-04-20 00:00:00+05:30,325,Hyderabad,6,Madannapeta,199,Capsicum,204,Common,0.0,5.0,1750.0,1750.0,1750.0,0.0,0.0
2021-04-20 00:00:00+05:30,325,Hyderabad,7,Meeralamandi,197,Green Mangos,202,Common,0.0,408.0,300.0,800.0,550.0,0.0,0.0
2021-04-20 00:00:00+05:30,367,Gudimalkapur,1571,Gudumalkapur,125,Bitter Gourd,125,Common,0.0,10.0,1000.0,1500.0,1200.0,0.0,0.0
2021-04-20 00:00:00+05:30,331,Vantimamidi,1612,Vantimamidi,125,Bitter Gourd,125,Common,0.0,12.0,1600.0,2300.0,1950.0,0.0,0.0
2021-04-21 00:00:00+05:30,323,Gaddiannaram,1,Gaddiannaram,97,Apple,97,Common,0.0,1163.0,2500.0,16250.0,5000.0,0.0,0.0
2021-04-21 00:00:00+05:30,325,Hyderabad,7,Meeralamandi,197,Green Mangos,202,Common,0.0,387.0,300.0,700.0,500.0,0.0,0.0
2021-04-21 00:00:00+05:30,323,Gaddiannaram,2,L.B Nagar,155,Donda,155,Common,0.0,68.0,1000.0,1500.0,1200.0,0.0,0.0
2021-04-21 00:00:00+05:30,331,Vantimamidi,1612,Vantimamidi,125,Bitter Gourd,125,Common,0.0,15.0,1500.0,2300.0,1900.0,0.0,0.0
2021-04-21 00:00:00+05:30,367,Gudimalkapur,1571,Gudumalkapur,125,Bitter Gourd,125,Common,0.0,34.0,1000.0,1500.0,1200.0,0.0,0.0
2021-04-22 00:00:00+05:30,323,Gaddiannaram,2,L.B Nagar,155,Donda,155,Common,0.0,70.0,1000.0,1500.0,1200.0,0.0,0.0
2021-04-22 00:00:00+05:30,323,Gaddiannaram,1,Gaddiannaram,97,Apple,97,Common,0.0,2164.0,2500.0,16250.0,4350.0,0.0,0.0
2021-04-22 00:00:00+05:30,246,Warangal,886,Warangal,54,Chillies(Dry),289,1048,0.0,139.0,9000.0,13200.0,12000.0,0.0,0.0
2021-04-22 00:00:00+05:30,325,Hyderabad,7,Meeralamandi,197,Green Mangos,202,Common,0.0,232.0,300.0,800.0,550.0,0.0,0.0
2021-04-22 00:00:00+05:30,331,Vantimamidi,1612,Vantimamidi,125,Bitter Gourd,125,Common,0.0,25.0,1200.0,2200.0,1700.0,0.0,0.0
2021-04-22 00:00:00+05:30,367,Gudimalkapur,1571,Gudumalkapur,125,Bitter Gourd,125,Common,0.0,25.0,1000.0,1500.0,1200.0,0.0,0.0
2021-04-23 00:00:00+05:30,246,Warangal,886,Warangal,54,Chillies(Dry),289,1048,0.0,454.0,8000.0,11500.0,10500.0,0.0,0.0
2021-04-23 00:00:00+05:30,325,Hyderabad,7,Meeralamandi,197,Green Mangos,202,Common,0.0,280.0,300.0,700.0,500.0,0.0,0.0
2021-04-23 00:00:00+05:30,323,Gaddiannaram,2,L.B Nagar,155,Donda,155,Common,0.0,70.0,1000.0,1500.0,1200.0,0.0,0.0
2021-04-23 00:00:00+05:30,323,Gaddiannaram,1,Gaddiannaram,97,Apple,97,Common,0.0,598.0,2500.0,16250.0,4350.0,0.0,0.0
2021-04-23 00:00:00+05:30,331,Vantimamidi,1612,Vantimamidi,125,Bitter Gourd,125,Common,0.0,17.0,1200.0,2000.0,1600.0,0.0,0.0
2021-04-23 00:00:00+05:30,367,Gudimalkapur,1571,Gudumalkapur,125,Bitter Gourd,125,Common,0.0,22.0,1000.0,1600.0,1200.0,0.0,0.0
2021-04-24 00:00:00+05:30,325,Hyderabad,7,Meeralamandi,197,Green Mangos,202,Common,0.0,340.0,300.0,600.0,450.0,0.0,0.0
2021-04-24 00:00:00+05:30,323,Gaddiannaram,2,L.B Nagar,155,Donda,155,Common,0.0,85.0,1000.0,1500.0,1200.0,0.0,0.0
2021-04-24 00:00:00+05:30,323,Gaddiannaram,1,Gaddiannaram,97,Apple,97,Common,0.0,1091.0,2500.0,16250.0,4350.0,0.0,0.0
2021-04-25 00:00:00+05:30,325,Hyderabad,6,Madannapeta,199,Capsicum,204,Common,0.0,2.0,2200.0,2200.0,2200.0,0.0,0.0
2021-04-25 00:00:00+05:30,323,Gaddiannaram,2,L.B Nagar,155,Donda,155,Common,0.0,123.0,1000.0,1500.0,1200.0,0.0,0.0
2021-04-25 00:00:00+05:30,325,Hyderabad,7,Meeralamandi,197,Green Mangos,202,Common,0.0,418.0,200.0,600.0,400.0,0.0,0.0
2021-04-24 00:00:00+05:30,367,Gudimalkapur,1571,Gudumalkapur,125,Bitter Gourd,125,Common,0.0,26.0,1000.0,1600.0,1200.0,0.0,0.0
2021-04-24 00:00:00+05:30,331,Vantimamidi,1612,Vantimamidi,125,Bitter Gourd,125,Common,0.0,23.0,1600.0,2200.0,1900.0,0.0,0.0
2021-04-25 00:00:00+05:30,323,Gaddiannaram,1,Gaddiannaram,97,Apple,97,Common,0.0,192.0,2500.0,16250.0,4350.0,0.0,0.0
2021-04-25 00:00:00+05:30,331,Vantimamidi,1612,Vantimamidi,125,Bitter Gourd,125,Common,0.0,16.0,1200.0,2200.0,1700.0,0.0,0.0
2021-04-25 00:00:00+05:30,367,Gudimalkapur,1571,Gudumalkapur,125,Bitter Gourd,125,Common,0.0,29.0,1000.0,1500.0,1200.0,0.0,0.0
2021-04-26 00:00:00+05:30,325,Hyderabad,6,Madannapeta,199,Capsicum,204,Common,0.0,4.0,1000.0,1000.0,1000.0,0.0,0.0
2021-04-26 00:00:00+05:30,323,Gaddiannaram,2,L.B Nagar,155,Donda,155,Common,0.0,93.0,1000.0,1500.0,1200.0,0.0,0.0
2021-04-26 00:00:00+05:30,323,Gaddiannaram,1,Gaddiannaram,97,Apple,97,Common,0.0,192.0,2500.0,16250.0,4350.0,0.0,0.0
2021-04-26 00:00:00+05:30,367,Gudimalkapur,1571,Gudumalkapur,125,Bitter Gourd,125,Common,0.0,34.0,1000.0,1500.0,1200.0,0.0,0.0
2021-04-26 00:00:00+05:30,325,Hyderabad,7,Meeralamandi,197,Green Mangos,202,Common,0.0,238.0,200.0,600.0,400.0,0.0,0.0
2021-04-26 00:00:00+05:30,331,Vantimamidi,1612,Vantimamidi,125,Bitter Gourd,125,Common,0.0,23.0,1600.0,2500.0,2050.0,0.0,0.0
2021-04-27 00:00:00+05:30,323,Gaddiannaram,1,Gaddiannaram,97,Apple,97,Common,0.0,850.0,1200.0,16850.0,1700.0,0.0,0.0
2021-04-27 00:00:00+05:30,323,Gaddiannaram,2,L.B Nagar,155,Donda,155,Common,0.0,117.0,1000.0,1500.0,1200.0,0.0,0.0
2021-04-27 00:00:00+05:30,325,Hyderabad,6,Madannapeta,199,Capsicum,204,Common,0.0,3.0,1000.0,1000.0,1000.0,0.0,0.0
2021-04-27 00:00:00+05:30,325,Hyderabad,7,Meeralamandi,197,Green Mangos,202,Common,0.0,290.0,200.0,600.0,400.0,0.0,0.0
2021-04-27 00:00:00+05:30,367,Gudimalkapur,1571,Gudumalkapur,125,Bitter Gourd,125,Common,0.0,29.0,1000.0,1500.0,1200.0,0.0,0.0
2021-04-28 00:00:00+05:30,323,Gaddiannaram,2,L.B Nagar,155,Donda,155,Common,0.0,104.0,1000.0,1200.0,1100.0,0.0,0.0
2021-04-27 00:00:00+05:30,331,Vantimamidi,1612,Vantimamidi,125,Bitter Gourd,125,Common,0.0,19.0,1400.0,2200.0,1800.0,0.0,0.0
2021-04-28 00:00:00+05:30,323,Gaddiannaram,1,Gaddiannaram,97,Apple,97,Common,0.0,897.0,2500.0,16250.0,4300.0,0.0,0.0
2021-04-28 00:00:00+05:30,325,Hyderabad,7,Meeralamandi,197,Green Mangos,202,Common,0.0,299.0,500.0,700.0,600.0,0.0,0.0
2021-04-29 00:00:00+05:30,325,Hyderabad,7,Meeralamandi,197,Green Mangos,202,Common,0.0,337.0,200.0,600.0,400.0,0.0,0.0
2021-04-29 00:00:00+05:30,323,Gaddiannaram,2,L.B Nagar,155,Donda,155,Common,0.0,71.0,1000.0,1200.0,1100.0,0.0,0.0
2021-04-28 00:00:00+05:30,367,Gudimalkapur,1571,Gudumalkapur,125,Bitter Gourd,125,Common,0.0,103.0,400.0,600.0,500.0,0.0,0.0
2021-04-28 00:00:00+05:30,331,Vantimamidi,1612,Vantimamidi,125,Bitter Gourd,125,Common,0.0,24.0,1500.0,2200.0,1850.0,0.0,0.0
2021-04-29 00:00:00+05:30,323,Gaddiannaram,1,Gaddiannaram,97,Apple,97,Common,0.0,838.0,2500.0,16250.0,4350.0,0.0,0.0
2021-04-29 00:00:00+05:30,331,Vantimamidi,1612,Vantimamidi,125,Bitter Gourd,125,Common,0.0,1.0,1800.0,2200.0,2000.0,0.0,0.0
2021-04-29 00:00:00+05:30,367,Gudimalkapur,1571,Gudumalkapur,125,Bitter Gourd,125,Common,0.0,28.0,1000.0,1500.0,1200.0,0.0,0.0
2021-04-30 00:00:00+05:30,323,Gaddiannaram,1,Gaddiannaram,97,Apple,97,Common,0.0,1013.0,2500.0,16250.0,4350.0,0.0,0.0
2021-04-30 00:00:00+05:30,323,Gaddiannaram,2,L.B Nagar,155,Donda,155,Common,0.0,87.0,1000.0,1200.0,1100.0,0.0,0.0
2021-04-30 00:00:00+05:30,367,Gudimalkapur,1571,Gudumalkapur,125,Bitter Gourd,125,Common,0.0,26.0,1000.0,1500.0,1200.0,0.0,0.0
2021-04-07 00:00:00+05:30,323,Gaddiannaram,1,Gaddiannaram,201,Nashpati(Pear),207,Common,0.0,4.0,10000.0,25000.0,13300.0,0.0,0.0
2021-04-07 00:00:00+05:30,323,Gaddiannaram,2,L.B Nagar,198,Arati-Green Plantain,203,Common,0.0,8.0,2000.0,2000.0,2000.0,0.0,0.0
2021-04-06 00:00:00+05:30,331,Vantimamidi,1612,Vantimamidi,126,Ash Gourd,126,Common,0.0,17.0,200.0,200.0,200.0,0.0,0.0
2021-04-06 00:00:00+05:30,367,Gudimalkapur,1571,Gudumalkapur,127,Kheera,127,Common,0.0,341.0,200.0,600.0,400.0,0.0,0.0
2021-04-06 00:00:00+05:30,246,Warangal,886,Warangal,54,Chillies(Dry),290,Desi,0.0,1247.0,17000.0,20500.0,18500.0,0.0,0.0
2021-04-06 00:00:00+05:30,324,Bowenpally,3,Bowenpally,123,Ribbed Gourd,123,Common,0.0,295.0,1500.0,3000.0,2800.0,0.0,0.0
2021-04-06 00:00:00+05:30,323,Gaddiannaram,1,Gaddiannaram,201,Nashpati(Pear),207,Common,0.0,8.0,10000.0,25000.0,13300.0,0.0,0.0
2021-04-06 00:00:00+05:30,323,Gaddiannaram,2,L.B Nagar,198,Arati-Green Plantain,203,Common,0.0,6.0,2000.0,2000.0,2000.0,0.0,0.0
2021-04-05 00:00:00+05:30,331,Vantimamidi,1612,Vantimamidi,126,Ash Gourd,126,Common,0.0,9.0,300.0,300.0,300.0,0.0,0.0
2021-04-05 00:00:00+05:30,367,Gudimalkapur,1571,Gudumalkapur,127,Kheera,127,Common,0.0,204.0,400.0,600.0,500.0,0.0,0.0
2021-04-05 00:00:00+05:30,323,Gaddiannaram,1,Gaddiannaram,201,Nashpati(Pear),207,Common,0.0,1.0,10000.0,25000.0,13300.0,0.0,0.0
2021-04-04 00:00:00+05:30,331,Vantimamidi,1612,Vantimamidi,126,Ash Gourd,126,Common,0.0,36.0,300.0,400.0,350.0,0.0,0.0
2021-04-05 00:00:00+05:30,323,Gaddiannaram,2,L.B Nagar,198,Arati-Green Plantain,203,Common,0.0,10.0,2000.0,2000.0,2000.0,0.0,0.0
2021-04-04 00:00:00+05:30,367,Gudimalkapur,1571,Gudumalkapur,127,Kheera,127,Common,0.0,303.0,200.0,600.0,400.0,0.0,0.0
2021-04-04 00:00:00+05:30,324,Bowenpally,3,Bowenpally,123,Ribbed Gourd,123,Common,0.0,339.0,1200.0,2500.0,2100.0,0.0,0.0
2021-04-04 00:00:00+05:30,323,Gaddiannaram,2,L.B Nagar,198,Arati-Green Plantain,203,Common,0.0,16.0,2000.0,2000.0,2000.0,0.0,0.0
2021-04-04 00:00:00+05:30,323,Gaddiannaram,1,Gaddiannaram,201,Nashpati(Pear),207,Common,0.0,2.0,10000.0,25000.0,13300.0,0.0,0.0
2021-04-03 00:00:00+05:30,367,Gudimalkapur,1571,Gudumalkapur,127,Kheera,127,Common,0.0,268.0,200.0,600.0,400.0,0.0,0.0
2021-04-03 00:00:00+05:30,323,Gaddiannaram,1,Gaddiannaram,201,Nashpati(Pear),207,Common,0.0,1.0,10000.0,25000.0,13300.0,0.0,0.0
2021-04-03 00:00:00+05:30,323,Gaddiannaram,2,L.B Nagar,198,Arati-Green Plantain,203,Common,0.0,14.0,2000.0,2000.0,2000.0,0.0,0.0
2021-04-03 00:00:00+05:30,324,Bowenpally,3,Bowenpally,123,Ribbed Gourd,123,Common,0.0,295.0,1000.0,2500.0,2000.0,0.0,0.0
2021-04-02 00:00:00+05:30,367,Gudimalkapur,1571,Gudumalkapur,127,Kheera,127,Common,0.0,423.0,200.0,600.0,400.0,0.0,0.0
2021-04-02 00:00:00+05:30,324,Bowenpally,3,Bowenpally,123,Ribbed Gourd,123,Common,0.0,215.0,800.0,2000.0,1600.0,0.0,0.0
2021-04-02 00:00:00+05:30,323,Gaddiannaram,1,Gaddiannaram,201,Nashpati(Pear),207,Common,0.0,2.0,10800.0,26650.0,14150.0,0.0,0.0
2021-04-02 00:00:00+05:30,323,Gaddiannaram,2,L.B Nagar,198,Arati-Green Plantain,203,Common,0.0,17.0,2000.0,2000.0,2000.0,0.0,0.0
2021-04-01 00:00:00+05:30,331,Vantimamidi,1612,Vantimamidi,126,Ash Gourd,126,Common,0.0,4.0,800.0,800.0,800.0,0.0,0.0
2021-04-01 00:00:00+05:30,323,Gaddiannaram,1,Gaddiannaram,201,Nashpati(Pear),207,Common,0.0,14.0,10000.0,26650.0,14150.0,0.0,0.0
2021-04-01 00:00:00+05:30,246,Warangal,886,Warangal,54,Chillies(Dry),290,Desi,0.0,1220.0,18000.0,21000.0,19000.0,0.0,0.0
2021-04-01 00:00:00+05:30,324,Bowenpally,3,Bowenpally,123,Ribbed Gourd,123,Common,0.0,391.0,800.0,2500.0,2000.0,0.0,0.0
2021-04-01 00:00:00+05:30,323,Gaddiannaram,2,L.B Nagar,198,Arati-Green Plantain,203,Common,0.0,9.0,2000.0,2000.0,2000.0,0.0,0.0
2021-04-12 00:00:00+05:30,324,Bowenpally,3,Bowenpally,123,Ribbed Gourd,123,Common,0.0,305.0,1000.0,2500.0,2000.0,0.0,0.0
2021-04-12 00:00:00+05:30,323,Gaddiannaram,2,L.B Nagar,198,Arati-Green Plantain,203,Common,0.0,8.0,2000.0,2000.0,2000.0,0.0,0.0
2021-04-11 00:00:00+05:30,367,Gudimalkapur,1571,Gudumalkapur,127,Kheera,127,Common,0.0,363.0,400.0,600.0,500.0,0.0,0.0
2021-04-12 00:00:00+05:30,323,Gaddiannaram,1,Gaddiannaram,201,Nashpati(Pear),207,Common,0.0,15.0,1000.0,25000.0,11000.0,0.0,0.0
2021-04-11 00:00:00+05:30,331,Vantimamidi,1612,Vantimamidi,126,Ash Gourd,126,Common,0.0,10.0,300.0,700.0,500.0,0.0,0.0
2021-04-11 00:00:00+05:30,323,Gaddiannaram,2,L.B Nagar,198,Arati-Green Plantain,203,Common,0.0,20.0,2000.0,2000.0,2000.0,0.0,0.0
2021-04-11 00:00:00+05:30,324,Bowenpally,3,Bowenpally,123,Ribbed Gourd,123,Common,0.0,230.0,1000.0,2000.0,1800.0,0.0,0.0
2021-04-10 00:00:00+05:30,367,Gudimalkapur,1571,Gudumalkapur,127,Kheera,127,Common,0.0,327.0,400.0,600.0,500.0,0.0,0.0
2021-04-10 00:00:00+05:30,324,Bowenpally,3,Bowenpally,123,Ribbed Gourd,123,Common,0.0,202.0,1000.0,2500.0,2000.0,0.0,0.0
2021-04-09 00:00:00+05:30,367,Gudimalkapur,1571,Gudumalkapur,127,Kheera,127,Common,0.0,363.0,400.0,600.0,500.0,0.0,0.0
2021-04-09 00:00:00+05:30,246,Warangal,886,Warangal,54,Chillies(Dry),290,Desi,0.0,813.0,17000.0,19500.0,18000.0,0.0,0.0
2021-04-09 00:00:00+05:30,324,Bowenpally,3,Bowenpally,123,Ribbed Gourd,123,Common,0.0,250.0,1000.0,2000.0,1800.0,0.0,0.0
2021-04-09 00:00:00+05:30,323,Gaddiannaram,1,Gaddiannaram,201,Nashpati(Pear),207,Common,0.0,3.0,10000.0,25000.0,13000.0,0.0,0.0
2021-04-09 00:00:00+05:30,323,Gaddiannaram,2,L.B Nagar,198,Arati-Green Plantain,203,Common,0.0,8.0,2000.0,2000.0,2000.0,0.0,0.0
2021-04-08 00:00:00+05:30,367,Gudimalkapur,1571,Gudumalkapur,127,Kheera,127,Common,0.0,371.0,400.0,600.0,500.0,0.0,0.0
2021-04-08 00:00:00+05:30,246,Warangal,886,Warangal,54,Chillies(Dry),290,Desi,0.0,254.0,17000.0,20000.0,18500.0,0.0,0.0
2021-04-08 00:00:00+05:30,323,Gaddiannaram,2,L.B Nagar,198,Arati-Green Plantain,203,Common,0.0,13.0,2500.0,3500.0,3000.0,0.0,0.0
2021-04-08 00:00:00+05:30,323,Gaddiannaram,1,Gaddiannaram,201,Nashpati(Pear),207,Common,0.0,2.0,8300.0,23300.0,10000.0,0.0,0.0
2021-04-08 00:00:00+05:30,324,Bowenpally,3,Bowenpally,123,Ribbed Gourd,123,Common,0.0,242.0,1000.0,2300.0,2000.0,0.0,0.0
2021-04-07 00:00:00+05:30,367,Gudimalkapur,1571,Gudumalkapur,127,Kheera,127,Common,0.0,396.0,400.0,600.0,500.0,0.0,0.0
2021-04-07 00:00:00+05:30,324,Bowenpally,3,Bowenpally,123,Ribbed Gourd,123,Common,0.0,399.0,800.0,2000.0,1600.0,0.0,0.0
2021-04-07 00:00:00+05:30,246,Warangal,886,Warangal,54,Chillies(Dry),290,Desi,0.0,1126.0,17000.0,21000.0,19000.0,0.0,0.0
2021-04-19 00:00:00+05:30,324,Bowenpally,3,Bowenpally,123,Ribbed Gourd,123,Common,0.0,514.0,800.0,2500.0,2000.0,0.0,0.0
2021-04-19 00:00:00+05:30,323,Gaddiannaram,2,L.B Nagar,198,Arati-Green Plantain,203,Common,0.0,8.0,2000.0,2000.0,2000.0,0.0,0.0
2021-04-18 00:00:00+05:30,367,Gudimalkapur,1571,Gudumalkapur,127,Kheera,127,Common,0.0,315.0,400.0,600.0,500.0,0.0,0.0
2021-04-18 00:00:00+05:30,323,Gaddiannaram,2,L.B Nagar,198,Arati-Green Plantain,203,Common,0.0,4.0,1500.0,2000.0,1750.0,0.0,0.0
2021-04-17 00:00:00+05:30,367,Gudimalkapur,1571,Gudumalkapur,127,Kheera,127,Common,0.0,286.0,400.0,600.0,500.0,0.0,0.0
2021-04-17 00:00:00+05:30,324,Bowenpally,3,Bowenpally,123,Ribbed Gourd,123,Common,0.0,351.0,1000.0,3000.0,2500.0,0.0,0.0
2021-04-17 00:00:00+05:30,323,Gaddiannaram,2,L.B Nagar,198,Arati-Green Plantain,203,Common,0.0,2.0,1500.0,1500.0,1500.0,0.0,0.0
2021-04-16 00:00:00+05:30,367,Gudimalkapur,1571,Gudumalkapur,127,Kheera,127,Common,0.0,489.0,200.0,600.0,400.0,0.0,0.0
2021-04-16 00:00:00+05:30,331,Vantimamidi,1612,Vantimamidi,126,Ash Gourd,126,Common,0.0,14.0,350.0,350.0,350.0,0.0,0.0
2021-04-16 00:00:00+05:30,246,Warangal,886,Warangal,54,Chillies(Dry),290,Desi,0.0,1218.0,15000.0,18500.0,16500.0,0.0,0.0
2021-04-16 00:00:00+05:30,323,Gaddiannaram,1,Gaddiannaram,201,Nashpati(Pear),207,Common,0.0,15.0,10000.0,26650.0,13300.0,0.0,0.0
2021-04-15 00:00:00+05:30,331,Vantimamidi,1612,Vantimamidi,126,Ash Gourd,126,Common,0.0,3.0,300.0,300.0,300.0,0.0,0.0
2021-04-16 00:00:00+05:30,324,Bowenpally,3,Bowenpally,123,Ribbed Gourd,123,Common,0.0,260.0,1000.0,3000.0,2500.0,0.0,0.0
2021-04-16 00:00:00+05:30,323,Gaddiannaram,2,L.B Nagar,198,Arati-Green Plantain,203,Common,0.0,10.0,2000.0,2000.0,2000.0,0.0,0.0
2021-04-15 00:00:00+05:30,367,Gudimalkapur,1571,Gudumalkapur,127,Kheera,127,Common,0.0,467.0,300.0,500.0,400.0,0.0,0.0
2021-04-15 00:00:00+05:30,323,Gaddiannaram,2,L.B Nagar,198,Arati-Green Plantain,203,Common,0.0,9.0,2000.0,2000.0,2000.0,0.0,0.0
2021-04-15 00:00:00+05:30,323,Gaddiannaram,1,Gaddiannaram,201,Nashpati(Pear),207,Common,0.0,24.0,8300.0,23300.0,10000.0,0.0,0.0
2021-04-15 00:00:00+05:30,324,Bowenpally,3,Bowenpally,123,Ribbed Gourd,123,Common,0.0,338.0,800.0,3000.0,2200.0,0.0,0.0
2021-04-14 00:00:00+05:30,367,Gudimalkapur,1571,Gudumalkapur,127,Kheera,127,Common,0.0,235.0,300.0,500.0,400.0,0.0,0.0
2021-04-14 00:00:00+05:30,324,Bowenpally,3,Bowenpally,123,Ribbed Gourd,123,Common,0.0,160.0,800.0,2500.0,2000.0,0.0,0.0
2021-04-14 00:00:00+05:30,323,Gaddiannaram,2,L.B Nagar,198,Arati-Green Plantain,203,Common,0.0,12.0,2000.0,2000.0,0.0,0.0,0.0
2021-04-12 00:00:00+05:30,367,Gudimalkapur,1571,Gudumalkapur,127,Kheera,127,Common,0.0,379.0,400.0,600.0,500.0,0.0,0.0
2021-04-14 00:00:00+05:30,323,Gaddiannaram,1,Gaddiannaram,201,Nashpati(Pear),207,Common,0.0,3.0,10000.0,23300.0,11650.0,0.0,0.0
2021-04-13 00:00:00+05:30,331,Vantimamidi,1612,Vantimamidi,126,Ash Gourd,126,Common,0.0,1.0,200.0,200.0,200.0,0.0,0.0
2021-04-13 00:00:00+05:30,323,Gaddiannaram,1,Gaddiannaram,201,Nashpati(Pear),207,Common,0.0,1.0,10000.0,23300.0,11650.0,0.0,0.0
2021-04-24 00:00:00+05:30,367,Gudimalkapur,1571,Gudumalkapur,127,Kheera,127,Common,0.0,269.0,400.0,600.0,500.0,0.0,0.0
2021-04-25 00:00:00+05:30,323,Gaddiannaram,2,L.B Nagar,198,Arati-Green Plantain,203,Common,0.0,15.0,2000.0,2000.0,2000.0,0.0,0.0
2021-04-24 00:00:00+05:30,323,Gaddiannaram,1,Gaddiannaram,201,Nashpati(Pear),207,Common,0.0,14.0,10000.0,26667.0,13333.0,0.0,0.0
2021-04-24 00:00:00+05:30,323,Gaddiannaram,2,L.B Nagar,198,Arati-Green Plantain,203,Common,0.0,4.0,2000.0,2000.0,2000.0,0.0,0.0
2021-04-23 00:00:00+05:30,367,Gudimalkapur,1571,Gudumalkapur,127,Kheera,127,Common,0.0,342.0,400.0,600.0,500.0,0.0,0.0
2021-04-23 00:00:00+05:30,323,Gaddiannaram,2,L.B Nagar,198,Arati-Green Plantain,203,Common,0.0,12.0,2000.0,2000.0,2000.0,0.0,0.0
2021-04-23 00:00:00+05:30,246,Warangal,886,Warangal,54,Chillies(Dry),290,Desi,0.0,814.0,15000.0,18500.0,17000.0,0.0,0.0
2021-04-22 00:00:00+05:30,367,Gudimalkapur,1571,Gudumalkapur,127,Kheera,127,Common,0.0,302.0,400.0,800.0,600.0,0.0,0.0
2021-04-22 00:00:00+05:30,246,Warangal,886,Warangal,54,Chillies(Dry),290,Desi,0.0,938.0,17000.0,19000.0,18000.0,0.0,0.0
2021-04-22 00:00:00+05:30,323,Gaddiannaram,1,Gaddiannaram,201,Nashpati(Pear),207,Common,0.0,8.0,10000.0,26650.0,13300.0,0.0,0.0
2021-04-22 00:00:00+05:30,323,Gaddiannaram,2,L.B Nagar,198,Arati-Green Plantain,203,Common,0.0,12.0,2000.0,2000.0,2000.0,0.0,0.0
2021-04-21 00:00:00+05:30,367,Gudimalkapur,1571,Gudumalkapur,127,Kheera,127,Common,0.0,257.0,400.0,600.0,500.0,0.0,0.0
2021-04-21 00:00:00+05:30,323,Gaddiannaram,2,L.B Nagar,198,Arati-Green Plantain,203,Common,0.0,15.0,2000.0,2000.0,2000.0,0.0,0.0
2021-04-21 00:00:00+05:30,323,Gaddiannaram,1,Gaddiannaram,201,Nashpati(Pear),207,Common,0.0,5.0,8300.0,25000.0,11650.0,0.0,0.0
2021-04-20 00:00:00+05:30,331,Vantimamidi,1612,Vantimamidi,126,Ash Gourd,126,Common,0.0,7.0,400.0,700.0,550.0,0.0,0.0
2021-04-20 00:00:00+05:30,367,Gudimalkapur,1571,Gudumalkapur,127,Kheera,127,Common,0.0,365.0,400.0,600.0,500.0,0.0,0.0
2021-04-20 00:00:00+05:30,246,Warangal,886,Warangal,54,Chillies(Dry),290,Desi,0.0,569.0,15000.0,19000.0,17000.0,0.0,0.0
2021-04-20 00:00:00+05:30,323,Gaddiannaram,2,L.B Nagar,198,Arati-Green Plantain,203,Common,0.0,17.0,2000.0,2000.0,2000.0,0.0,0.0
2021-04-20 00:00:00+05:30,324,Bowenpally,3,Bowenpally,123,Ribbed Gourd,123,Common,0.0,439.0,800.0,2500.0,2000.0,0.0,0.0
2021-04-20 00:00:00+05:30,323,Gaddiannaram,1,Gaddiannaram,201,Nashpati(Pear),207,Common,0.0,15.0,10000.0,26650.0,13300.0,0.0,0.0
2021-04-19 00:00:00+05:30,367,Gudimalkapur,1571,Gudumalkapur,127,Kheera,127,Common,0.0,240.0,400.0,600.0,500.0,0.0,0.0
2021-04-19 00:00:00+05:30,246,Warangal,886,Warangal,54,Chillies(Dry),290,Desi,0.0,1249.0,15000.0,20000.0,16500.0,0.0,0.0
2021-04-30 00:00:00+05:30,367,Gudimalkapur,1571,Gudumalkapur,127,Kheera,127,Common,0.0,212.0,200.0,600.0,400.0,0.0,0.0
2021-04-30 00:00:00+05:30,323,Gaddiannaram,2,L.B Nagar,198,Arati-Green Plantain,203,Common,0.0,4.0,2000.0,2000.0,2000.0,0.0,0.0
2021-04-30 00:00:00+05:30,323,Gaddiannaram,1,Gaddiannaram,201,Nashpati(Pear),207,Common,0.0,26.0,10000.0,26650.0,13300.0,0.0,0.0
2021-04-29 00:00:00+05:30,367,Gudimalkapur,1571,Gudumalkapur,127,Kheera,127,Common,0.0,304.0,400.0,600.0,500.0,0.0,0.0
2021-04-29 00:00:00+05:30,323,Gaddiannaram,1,Gaddiannaram,201,Nashpati(Pear),207,Common,0.0,1.0,10000.0,26650.0,13300.0,0.0,0.0
2021-04-28 00:00:00+05:30,367,Gudimalkapur,1571,Gudumalkapur,127,Kheera,127,Common,0.0,375.0,400.0,600.0,500.0,0.0,0.0
2021-04-29 00:00:00+05:30,323,Gaddiannaram,2,L.B Nagar,198,Arati-Green Plantain,203,Common,0.0,4.0,2000.0,2000.0,2000.0,0.0,0.0
2021-04-28 00:00:00+05:30,323,Gaddiannaram,1,Gaddiannaram,201,Nashpati(Pear),207,Common,0.0,1.0,10000.0,26650.0,13300.0,0.0,0.0
2021-04-28 00:00:00+05:30,323,Gaddiannaram,2,L.B Nagar,198,Arati-Green Plantain,203,Common,0.0,13.0,2000.0,2000.0,2000.0,0.0,0.0
2021-04-27 00:00:00+05:30,367,Gudimalkapur,1571,Gudumalkapur,127,Kheera,127,Common,0.0,263.0,400.0,600.0,500.0,0.0,0.0
2021-04-27 00:00:00+05:30,323,Gaddiannaram,2,L.B Nagar,198,Arati-Green Plantain,203,Common,0.0,4.0,2000.0,2000.0,2000.0,0.0,0.0
2021-04-27 00:00:00+05:30,323,Gaddiannaram,1,Gaddiannaram,201,Nashpati(Pear),207,Common,0.0,15.0,10000.0,26000.0,13000.0,0.0,0.0
2021-04-26 00:00:00+05:30,367,Gudimalkapur,1571,Gudumalkapur,127,Kheera,127,Common,0.0,220.0,400.0,600.0,500.0,0.0,0.0
2021-04-26 00:00:00+05:30,323,Gaddiannaram,1,Gaddiannaram,201,Nashpati(Pear),207,Common,0.0,2.0,10000.0,26650.0,13300.0,0.0,0.0
2021-04-26 00:00:00+05:30,323,Gaddiannaram,2,L.B Nagar,198,Arati-Green Plantain,203,Common,0.0,10.0,2000.0,2000.0,2000.0,0.0,0.0
2021-04-25 00:00:00+05:30,367,Gudimalkapur,1571,Gudumalkapur,127,Kheera,127,Common,0.0,310.0,400.0,600.0,500.0,0.0,0.0
2021-04-01 00:00:00+05:30,323,Gaddiannaram,2,L.B Nagar,199,Capsicum,204,Common,0.0,10.0,2500.0,3500.0,3000.0,0.0,0.0
2021-04-01 00:00:00+05:30,324,Bowenpally,3,Bowenpally,125,Bitter Gourd,125,Common,0.0,194.0,800.0,1500.0,1200.0,0.0,0.0
2021-04-01 00:00:00+05:30,246,Warangal,886,Warangal,57,Tumeric,227,Finger,0.0,66.0,5000.0,6600.0,6000.0,0.0,0.0
2021-04-01 00:00:00+05:30,331,Vantimamidi,1612,Vantimamidi,127,Kheera,127,Common,0.0,232.0,200.0,300.0,250.0,0.0,0.0
2021-04-02 00:00:00+05:30,323,Gaddiannaram,2,L.B Nagar,199,Capsicum,204,Common,0.0,9.0,2500.0,3500.0,3000.0,0.0,0.0
2021-04-02 00:00:00+05:30,323,Gaddiannaram,1,Gaddiannaram,202,Plum(Aloobukara),206,Common,0.0,1.0,4250.0,8550.0,6400.0,0.0,0.0
2021-04-02 00:00:00+05:30,324,Bowenpally,3,Bowenpally,125,Bitter Gourd,125,Common,0.0,159.0,800.0,2000.0,1700.0,0.0,0.0
2021-04-02 00:00:00+05:30,331,Vantimamidi,1612,Vantimamidi,127,Kheera,127,Common,0.0,164.0,200.0,500.0,350.0,0.0,0.0
2021-04-03 00:00:00+05:30,324,Bowenpally,3,Bowenpally,125,Bitter Gourd,125,Common,0.0,161.0,800.0,2000.0,1600.0,0.0,0.0
2021-04-03 00:00:00+05:30,323,Gaddiannaram,2,L.B Nagar,199,Capsicum,204,Common,0.0,10.0,2500.0,3500.0,3000.0,0.0,0.0
2021-04-03 00:00:00+05:30,367,Gudimalkapur,1571,Gudumalkapur,128,Pumpkin,128,Common,0.0,20.0,400.0,600.0,500.0,0.0,0.0
2021-04-04 00:00:00+05:30,323,Gaddiannaram,1,Gaddiannaram,202,Plum(Aloobukara),206,Common,0.0,24.0,4250.0,8550.0,5700.0,0.0,0.0
2021-04-03 00:00:00+05:30,331,Vantimamidi,1612,Vantimamidi,127,Kheera,127,Common,0.0,297.0,200.0,500.0,350.0,0.0,0.0
2021-04-04 00:00:00+05:30,323,Gaddiannaram,2,L.B Nagar,199,Capsicum,204,Common,0.0,12.0,2500.0,3500.0,3000.0,0.0,0.0
2021-04-04 00:00:00+05:30,324,Bowenpally,3,Bowenpally,125,Bitter Gourd,125,Common,0.0,204.0,1000.0,2000.0,1800.0,0.0,0.0
2021-04-04 00:00:00+05:30,367,Gudimalkapur,1571,Gudumalkapur,128,Pumpkin,128,Common,0.0,62.0,400.0,600.0,500.0,0.0,0.0
2021-04-05 00:00:00+05:30,323,Gaddiannaram,2,L.B Nagar,199,Capsicum,204,Common,0.0,9.0,2500.0,3500.0,3200.0,0.0,0.0
2021-04-04 00:00:00+05:30,331,Vantimamidi,1612,Vantimamidi,127,Kheera,127,Common,0.0,173.0,200.0,400.0,300.0,0.0,0.0
2021-04-05 00:00:00+05:30,323,Gaddiannaram,1,Gaddiannaram,202,Plum(Aloobukara),206,Common,0.0,12.0,4250.0,8550.0,5700.0,0.0,0.0
2021-04-05 00:00:00+05:30,208,Nizamabad,1080,Nizamabad,55,Onions,217,No.I,0.0,13.0,905.0,905.0,905.0,0.0,0.0
2021-04-05 00:00:00+05:30,367,Gudimalkapur,1571,Gudumalkapur,128,Pumpkin,128,Common,0.0,70.0,400.0,600.0,500.0,0.0,0.0
2021-04-05 00:00:00+05:30,331,Vantimamidi,1612,Vantimamidi,127,Kheera,127,Common,0.0,420.0,100.0,400.0,250.0,0.0,0.0
2021-04-06 00:00:00+05:30,323,Gaddiannaram,2,L.B Nagar,199,Capsicum,204,Common,0.0,15.0,3000.0,3500.0,3200.0,0.0,0.0
2021-04-06 00:00:00+05:30,323,Gaddiannaram,1,Gaddiannaram,202,Plum(Aloobukara),206,Common,0.0,12.0,5700.0,8550.0,7100.0,0.0,0.0
2021-04-06 00:00:00+05:30,324,Bowenpally,3,Bowenpally,125,Bitter Gourd,125,Common,0.0,165.0,500.0,1600.0,1400.0,0.0,0.0
2021-04-06 00:00:00+05:30,246,Warangal,886,Warangal,57,Tumeric,227,Finger,0.0,108.0,5500.0,6600.0,6000.0,0.0,0.0
2021-04-06 00:00:00+05:30,208,Nizamabad,1080,Nizamabad,55,Onions,217,No.I,0.0,36.0,911.0,913.0,913.0,0.0,0.0
2021-04-06 00:00:00+05:30,367,Gudimalkapur,1571,Gudumalkapur,128,Pumpkin,128,Common,0.0,18.0,300.0,500.0,400.0,0.0,0.0
2021-04-06 00:00:00+05:30,331,Vantimamidi,1612,Vantimamidi,127,Kheera,127,Common,0.0,346.0,200.0,600.0,400.0,0.0,0.0
2021-04-07 00:00:00+05:30,323,Gaddiannaram,2,L.B Nagar,199,Capsicum,204,Common,0.0,20.0,3000.0,3500.0,3200.0,0.0,0.0
2021-04-07 00:00:00+05:30,323,Gaddiannaram,1,Gaddiannaram,202,Plum(Aloobukara),206,Common,0.0,11.0,5700.0,8550.0,7100.0,0.0,0.0
2021-04-07 00:00:00+05:30,246,Warangal,886,Warangal,57,Tumeric,227,Finger,0.0,210.0,5500.0,6755.0,6000.0,0.0,0.0
2021-04-07 00:00:00+05:30,324,Bowenpally,3,Bowenpally,125,Bitter Gourd,125,Common,0.0,300.0,800.0,2000.0,1600.0,0.0,0.0
2021-04-07 00:00:00+05:30,367,Gudimalkapur,1571,Gudumalkapur,128,Pumpkin,128,Common,0.0,30.0,300.0,500.0,400.0,0.0,0.0
2021-04-08 00:00:00+05:30,324,Bowenpally,3,Bowenpally,125,Bitter Gourd,125,Common,0.0,110.0,600.0,1500.0,1200.0,0.0,0.0
2021-04-07 00:00:00+05:30,331,Vantimamidi,1612,Vantimamidi,127,Kheera,127,Common,0.0,234.0,200.0,500.0,350.0,0.0,0.0
2021-04-08 00:00:00+05:30,323,Gaddiannaram,2,L.B Nagar,199,Capsicum,204,Common,0.0,12.0,2500.0,3500.0,3000.0,0.0,0.0
2021-04-08 00:00:00+05:30,246,Warangal,886,Warangal,57,Tumeric,227,Finger,0.0,210.0,5500.0,6805.0,6000.0,0.0,0.0
2021-04-08 00:00:00+05:30,367,Gudimalkapur,1571,Gudumalkapur,128,Pumpkin,128,Common,0.0,32.0,300.0,500.0,400.0,0.0,0.0
2021-04-09 00:00:00+05:30,323,Gaddiannaram,2,L.B Nagar,199,Capsicum,204,Common,0.0,17.0,3000.0,3500.0,3200.0,0.0,0.0
2021-04-09 00:00:00+05:30,323,Gaddiannaram,1,Gaddiannaram,202,Plum(Aloobukara),206,Common,0.0,41.0,2250.0,8550.0,3400.0,0.0,0.0
2021-04-08 00:00:00+05:30,331,Vantimamidi,1612,Vantimamidi,127,Kheera,127,Common,0.0,232.0,100.0,400.0,250.0,0.0,0.0
2021-04-09 00:00:00+05:30,324,Bowenpally,3,Bowenpally,125,Bitter Gourd,125,Common,0.0,116.0,600.0,1500.0,1200.0,0.0,0.0
2021-04-09 00:00:00+05:30,246,Warangal,886,Warangal,57,Tumeric,227,Finger,0.0,138.0,5500.0,6800.0,6000.0,0.0,0.0
2021-04-09 00:00:00+05:30,208,Nizamabad,1080,Nizamabad,55,Onions,217,No.I,0.0,39.0,400.0,779.0,511.0,0.0,0.0
2021-04-09 00:00:00+05:30,367,Gudimalkapur,1571,Gudumalkapur,128,Pumpkin,128,Common,0.0,77.0,400.0,600.0,500.0,0.0,0.0
2021-04-09 00:00:00+05:30,331,Vantimamidi,1612,Vantimamidi,127,Kheera,127,Common,0.0,242.0,100.0,500.0,300.0,0.0,0.0
2021-04-09 00:00:00+05:30,292,Zaheerabad,1198,Zaheerabad,220,Bazra,246,common,0.0,4.0,1067.0,1067.0,1067.0,0.0,0.0
2021-04-10 00:00:00+05:30,324,Bowenpally,3,Bowenpally,125,Bitter Gourd,125,Common,0.0,149.0,800.0,2000.0,1600.0,0.0,0.0
2021-04-10 00:00:00+05:30,367,Gudimalkapur,1571,Gudumalkapur,128,Pumpkin,128,Common,0.0,33.0,400.0,600.0,500.0,0.0,0.0
2021-04-10 00:00:00+05:30,331,Vantimamidi,1612,Vantimamidi,127,Kheera,127,Common,0.0,161.0,300.0,500.0,400.0,0.0,0.0
2021-04-11 00:00:00+05:30,324,Bowenpally,3,Bowenpally,125,Bitter Gourd,125,Common,0.0,175.0,600.0,1800.0,1500.0,0.0,0.0
2021-04-11 00:00:00+05:30,323,Gaddiannaram,2,L.B Nagar,199,Capsicum,204,Common,0.0,10.0,3500.0,4200.0,3800.0,0.0,0.0
2021-04-11 00:00:00+05:30,331,Vantimamidi,1612,Vantimamidi,127,Kheera,127,Common,0.0,204.0,200.0,500.0,350.0,0.0,0.0
2021-04-12 00:00:00+05:30,323,Gaddiannaram,1,Gaddiannaram,202,Plum(Aloobukara),206,Common,0.0,12.0,4200.0,8500.0,5700.0,0.0,0.0
2021-04-11 00:00:00+05:30,367,Gudimalkapur,1571,Gudumalkapur,128,Pumpkin,128,Common,0.0,7.0,600.0,800.0,700.0,0.0,0.0
2021-04-11 00:00:00+05:30,323,Gaddiannaram,1,Gaddiannaram,202,Plum(Aloobukara),206,Common,0.0,1.0,4200.0,8500.0,5700.0,0.0,0.0
2021-04-12 00:00:00+05:30,323,Gaddiannaram,2,L.B Nagar,199,Capsicum,204,Common,0.0,15.0,3000.0,4000.0,3500.0,0.0,0.0
2021-04-12 00:00:00+05:30,324,Bowenpally,3,Bowenpally,125,Bitter Gourd,125,Common,0.0,210.0,600.0,1500.0,1200.0,0.0,0.0
2021-04-13 00:00:00+05:30,323,Gaddiannaram,1,Gaddiannaram,202,Plum(Aloobukara),206,Common,0.0,1.0,4250.0,8550.0,5700.0,0.0,0.0
2021-04-13 00:00:00+05:30,331,Vantimamidi,1612,Vantimamidi,127,Kheera,127,Common,0.0,159.0,200.0,500.0,350.0,0.0,0.0
2021-04-14 00:00:00+05:30,323,Gaddiannaram,1,Gaddiannaram,202,Plum(Aloobukara),206,Common,0.0,21.0,4250.0,9250.0,5700.0,0.0,0.0
2021-04-12 00:00:00+05:30,367,Gudimalkapur,1571,Gudumalkapur,128,Pumpkin,128,Common,0.0,17.0,600.0,800.0,700.0,0.0,0.0
2021-04-14 00:00:00+05:30,323,Gaddiannaram,2,L.B Nagar,199,Capsicum,204,Common,0.0,10.0,3000.0,4000.0,3500.0,0.0,0.0
2021-04-14 00:00:00+05:30,324,Bowenpally,3,Bowenpally,125,Bitter Gourd,125,Common,0.0,152.0,300.0,1500.0,1200.0,0.0,0.0
2021-04-14 00:00:00+05:30,367,Gudimalkapur,1571,Gudumalkapur,128,Pumpkin,128,Common,0.0,2.0,400.0,600.0,500.0,0.0,0.0
2021-04-15 00:00:00+05:30,324,Bowenpally,3,Bowenpally,125,Bitter Gourd,125,Common,0.0,271.0,600.0,1800.0,1400.0,0.0,0.0
2021-04-15 00:00:00+05:30,323,Gaddiannaram,1,Gaddiannaram,202,Plum(Aloobukara),206,Common,0.0,14.0,4250.0,9250.0,5700.0,0.0,0.0
2021-04-14 00:00:00+05:30,331,Vantimamidi,1612,Vantimamidi,127,Kheera,127,Common,0.0,354.0,200.0,430.0,315.0,0.0,0.0
2021-04-15 00:00:00+05:30,323,Gaddiannaram,2,L.B Nagar,199,Capsicum,204,Common,0.0,14.0,3000.0,3500.0,3200.0,0.0,0.0
2021-04-15 00:00:00+05:30,246,Warangal,886,Warangal,57,Tumeric,227,Finger,0.0,252.0,550.0,6650.0,6000.0,0.0,0.0
2021-04-15 00:00:00+05:30,367,Gudimalkapur,1571,Gudumalkapur,128,Pumpkin,128,Common,0.0,40.0,600.0,800.0,700.0,0.0,0.0
2021-04-15 00:00:00+05:30,208,Nizamabad,1080,Nizamabad,55,Onions,217,No.I,0.0,30.0,558.0,558.0,558.0,0.0,0.0
2021-04-16 00:00:00+05:30,323,Gaddiannaram,2,L.B Nagar,199,Capsicum,204,Common,0.0,7.0,3000.0,4000.0,3500.0,0.0,0.0
2021-04-16 00:00:00+05:30,324,Bowenpally,3,Bowenpally,125,Bitter Gourd,125,Common,0.0,247.0,400.0,2000.0,1600.0,0.0,0.0
2021-04-15 00:00:00+05:30,331,Vantimamidi,1612,Vantimamidi,127,Kheera,127,Common,0.0,257.0,200.0,500.0,350.0,0.0,0.0
2021-04-16 00:00:00+05:30,323,Gaddiannaram,1,Gaddiannaram,202,Plum(Aloobukara),206,Common,0.0,18.0,5700.0,8550.0,7100.0,0.0,0.0
2021-04-16 00:00:00+05:30,246,Warangal,886,Warangal,57,Tumeric,227,Finger,0.0,258.0,5400.0,6670.0,6100.0,0.0,0.0
2021-04-16 00:00:00+05:30,208,Nizamabad,1080,Nizamabad,55,Onions,217,No.I,0.0,28.0,451.0,451.0,451.0,0.0,0.0
2021-04-16 00:00:00+05:30,331,Vantimamidi,1612,Vantimamidi,127,Kheera,127,Common,0.0,235.0,200.0,700.0,450.0,0.0,0.0
2021-04-16 00:00:00+05:30,367,Gudimalkapur,1571,Gudumalkapur,128,Pumpkin,128,Common,0.0,7.0,300.0,500.0,400.0,0.0,0.0
2021-04-17 00:00:00+05:30,323,Gaddiannaram,2,L.B Nagar,199,Capsicum,204,Common,0.0,22.0,3000.0,3500.0,3250.0,0.0,0.0
2021-04-17 00:00:00+05:30,324,Bowenpally,3,Bowenpally,125,Bitter Gourd,125,Common,0.0,162.0,500.0,1800.0,1400.0,0.0,0.0
2021-04-17 00:00:00+05:30,367,Gudimalkapur,1571,Gudumalkapur,128,Pumpkin,128,Common,0.0,15.0,200.0,600.0,400.0,0.0,0.0
2021-04-17 00:00:00+05:30,331,Vantimamidi,1612,Vantimamidi,127,Kheera,127,Common,0.0,270.0,200.0,400.0,300.0,0.0,0.0
2021-04-18 00:00:00+05:30,323,Gaddiannaram,2,L.B Nagar,199,Capsicum,204,Common,0.0,6.0,2000.0,3000.0,2500.0,0.0,0.0
2021-04-18 00:00:00+05:30,367,Gudimalkapur,1571,Gudumalkapur,128,Pumpkin,128,Common,0.0,4.0,600.0,800.0,700.0,0.0,0.0
2021-04-18 00:00:00+05:30,331,Vantimamidi,1612,Vantimamidi,127,Kheera,127,Common,0.0,179.0,200.0,500.0,350.0,0.0,0.0
2021-04-19 00:00:00+05:30,323,Gaddiannaram,2,L.B Nagar,199,Capsicum,204,Common,0.0,12.0,3000.0,3500.0,3200.0,0.0,0.0
2021-04-19 00:00:00+05:30,323,Gaddiannaram,1,Gaddiannaram,202,Plum(Aloobukara),206,Common,0.0,28.0,5700.0,8550.0,7100.0,0.0,0.0
2021-04-19 00:00:00+05:30,324,Bowenpally,3,Bowenpally,125,Bitter Gourd,125,Common,0.0,248.0,600.0,1000.0,800.0,0.0,0.0
2021-04-19 00:00:00+05:30,246,Warangal,886,Warangal,57,Tumeric,227,Finger,0.0,360.0,5400.0,6670.0,6100.0,0.0,0.0
2021-04-19 00:00:00+05:30,208,Nizamabad,1080,Nizamabad,55,Onions,217,No.I,0.0,34.0,501.0,558.0,558.0,0.0,0.0
2021-04-19 00:00:00+05:30,367,Gudimalkapur,1571,Gudumalkapur,128,Pumpkin,128,Common,0.0,10.0,600.0,800.0,700.0,0.0,0.0
2021-04-20 00:00:00+05:30,323,Gaddiannaram,1,Gaddiannaram,202,Plum(Aloobukara),206,Common,0.0,5.0,5714.0,8571.0,7143.0,0.0,0.0
2021-04-19 00:00:00+05:30,331,Vantimamidi,1612,Vantimamidi,127,Kheera,127,Common,0.0,255.0,100.0,400.0,250.0,0.0,0.0
2021-04-20 00:00:00+05:30,324,Bowenpally,3,Bowenpally,125,Bitter Gourd,125,Common,0.0,135.0,600.0,2000.0,1500.0,0.0,0.0
2021-04-20 00:00:00+05:30,323,Gaddiannaram,2,L.B Nagar,199,Capsicum,204,Common,0.0,12.0,3000.0,3500.0,3200.0,0.0,0.0
2021-04-20 00:00:00+05:30,246,Warangal,886,Warangal,57,Tumeric,227,Finger,0.0,312.0,5400.0,6670.0,6100.0,0.0,0.0
2021-04-20 00:00:00+05:30,331,Vantimamidi,1612,Vantimamidi,127,Kheera,127,Common,0.0,211.0,200.0,400.0,300.0,0.0,0.0
2021-04-21 00:00:00+05:30,323,Gaddiannaram,1,Gaddiannaram,202,Plum(Aloobukara),206,Common,0.0,8.0,5700.0,8550.0,7100.0,0.0,0.0
2021-04-21 00:00:00+05:30,323,Gaddiannaram,2,L.B Nagar,199,Capsicum,204,Common,0.0,11.0,2500.0,3500.0,3000.0,0.0,0.0
2021-04-21 00:00:00+05:30,367,Gudimalkapur,1571,Gudumalkapur,128,Pumpkin,128,Common,0.0,27.0,400.0,600.0,500.0,0.0,0.0
2021-04-21 00:00:00+05:30,331,Vantimamidi,1612,Vantimamidi,127,Kheera,127,Common,0.0,251.0,200.0,300.0,250.0,0.0,0.0
2021-04-22 00:00:00+05:30,323,Gaddiannaram,2,L.B Nagar,199,Capsicum,204,Common,0.0,20.0,3000.0,3500.0,3200.0,0.0,0.0
2021-04-22 00:00:00+05:30,323,Gaddiannaram,1,Gaddiannaram,202,Plum(Aloobukara),206,Common,0.0,16.0,5700.0,8550.0,7100.0,0.0,0.0
2021-04-22 00:00:00+05:30,246,Warangal,886,Warangal,57,Tumeric,227,Finger,0.0,378.0,5500.0,6756.0,6200.0,0.0,0.0
2021-04-22 00:00:00+05:30,367,Gudimalkapur,1571,Gudumalkapur,128,Pumpkin,128,Common,0.0,42.0,400.0,600.0,500.0,0.0,0.0
2021-04-22 00:00:00+05:30,331,Vantimamidi,1612,Vantimamidi,127,Kheera,127,Common,0.0,232.0,300.0,600.0,450.0,0.0,0.0
2021-04-23 00:00:00+05:30,246,Warangal,886,Warangal,57,Tumeric,227,Finger,0.0,300.0,5600.0,6850.0,6300.0,0.0,0.0
2021-04-23 00:00:00+05:30,323,Gaddiannaram,2,L.B Nagar,199,Capsicum,204,Common,0.0,20.0,3000.0,3500.0,3200.0,0.0,0.0
2021-04-23 00:00:00+05:30,323,Gaddiannaram,1,Gaddiannaram,202,Plum(Aloobukara),206,Common,0.0,24.0,5700.0,8550.0,7100.0,0.0,0.0
2021-04-23 00:00:00+05:30,367,Gudimalkapur,1571,Gudumalkapur,128,Pumpkin,128,Common,0.0,2.0,400.0,600.0,500.0,0.0,0.0
2021-04-23 00:00:00+05:30,331,Vantimamidi,1612,Vantimamidi,127,Kheera,127,Common,0.0,140.0,100.0,300.0,200.0,0.0,0.0
2021-04-24 00:00:00+05:30,323,Gaddiannaram,2,L.B Nagar,199,Capsicum,204,Common,0.0,12.0,3000.0,3500.0,3200.0,0.0,0.0
2021-04-24 00:00:00+05:30,323,Gaddiannaram,1,Gaddiannaram,202,Plum(Aloobukara),206,Common,0.0,45.0,5700.0,8550.0,7100.0,0.0,0.0
2021-04-25 00:00:00+05:30,323,Gaddiannaram,2,L.B Nagar,199,Capsicum,204,Common,0.0,12.0,3000.0,3500.0,3200.0,0.0,0.0
2021-04-24 00:00:00+05:30,367,Gudimalkapur,1571,Gudumalkapur,128,Pumpkin,128,Common,0.0,9.0,400.0,600.0,500.0,0.0,0.0
2021-04-25 00:00:00+05:30,323,Gaddiannaram,1,Gaddiannaram,202,Plum(Aloobukara),206,Common,0.0,4.0,5700.0,8550.0,7100.0,0.0,0.0
2021-04-24 00:00:00+05:30,331,Vantimamidi,1612,Vantimamidi,127,Kheera,127,Common,0.0,217.0,300.0,600.0,450.0,0.0,0.0
2021-04-25 00:00:00+05:30,367,Gudimalkapur,1571,Gudumalkapur,128,Pumpkin,128,Common,0.0,15.0,400.0,600.0,500.0,0.0,0.0
2021-04-25 00:00:00+05:30,331,Vantimamidi,1612,Vantimamidi,127,Kheera,127,Common,0.0,182.0,200.0,500.0,350.0,0.0,0.0
2021-04-26 00:00:00+05:30,323,Gaddiannaram,2,L.B Nagar,199,Capsicum,204,Common,0.0,14.0,3000.0,3500.0,3200.0,0.0,0.0
2021-04-26 00:00:00+05:30,323,Gaddiannaram,1,Gaddiannaram,202,Plum(Aloobukara),206,Common,0.0,17.0,5700.0,8550.0,7100.0,0.0,0.0
2021-04-26 00:00:00+05:30,367,Gudimalkapur,1571,Gudumalkapur,128,Pumpkin,128,Common,0.0,32.0,400.0,600.0,500.0,0.0,0.0
2021-04-27 00:00:00+05:30,323,Gaddiannaram,1,Gaddiannaram,202,Plum(Aloobukara),206,Common,0.0,19.0,5700.0,5800.0,7100.0,0.0,0.0
2021-04-26 00:00:00+05:30,331,Vantimamidi,1612,Vantimamidi,127,Kheera,127,Common,0.0,209.0,200.0,600.0,400.0,0.0,0.0
2021-04-27 00:00:00+05:30,323,Gaddiannaram,2,L.B Nagar,199,Capsicum,204,Common,0.0,9.0,2500.0,3000.0,2700.0,0.0,0.0
2021-04-27 00:00:00+05:30,367,Gudimalkapur,1571,Gudumalkapur,128,Pumpkin,128,Common,0.0,10.0,400.0,600.0,500.0,0.0,0.0
2021-04-28 00:00:00+05:30,323,Gaddiannaram,2,L.B Nagar,199,Capsicum,204,Common,0.0,9.0,3000.0,3500.0,3200.0,0.0,0.0
2021-04-28 00:00:00+05:30,323,Gaddiannaram,1,Gaddiannaram,202,Plum(Aloobukara),206,Common,0.0,2.0,5700.0,8550.0,7100.0,0.0,0.0
2021-04-27 00:00:00+05:30,331,Vantimamidi,1612,Vantimamidi,127,Kheera,127,Common,0.0,205.0,300.0,500.0,400.0,0.0,0.0
2021-04-29 00:00:00+05:30,323,Gaddiannaram,2,L.B Nagar,199,Capsicum,204,Common,0.0,10.0,3000.0,3500.0,3200.0,0.0,0.0
2021-04-28 00:00:00+05:30,367,Gudimalkapur,1571,Gudumalkapur,128,Pumpkin,128,Common,0.0,18.0,300.0,500.0,400.0,0.0,0.0
2021-04-29 00:00:00+05:30,323,Gaddiannaram,1,Gaddiannaram,202,Plum(Aloobukara),206,Common,0.0,4.0,5700.0,8550.0,7100.0,0.0,0.0
2021-04-28 00:00:00+05:30,331,Vantimamidi,1612,Vantimamidi,127,Kheera,127,Common,0.0,215.0,200.0,500.0,350.0,0.0,0.0
2021-04-29 00:00:00+05:30,367,Gudimalkapur,1571,Gudumalkapur,128,Pumpkin,128,Common,0.0,35.0,400.0,600.0,500.0,0.0,0.0
2021-04-29 00:00:00+05:30,331,Vantimamidi,1612,Vantimamidi,127,Kheera,127,Common,0.0,204.0,200.0,400.0,300.0,0.0,0.0
2021-04-30 00:00:00+05:30,323,Gaddiannaram,1,Gaddiannaram,202,Plum(Aloobukara),206,Common,0.0,23.0,5700.0,8550.0,7100.0,0.0,0.0
2021-04-30 00:00:00+05:30,323,Gaddiannaram,2,L.B Nagar,199,Capsicum,204,Common,0.0,8.0,3000.0,3500.0,3200.0,0.0,0.0
2021-04-06 00:00:00+05:30,331,Vantimamidi,1612,Vantimamidi,128,Pumpkin,128,Common,0.0,40.0,200.0,400.0,300.0,0.0,0.0
2021-04-06 00:00:00+05:30,367,Gudimalkapur,1571,Gudumalkapur,129,Cucumber,129,Common,0.0,24.0,300.0,500.0,400.0,0.0,0.0
2021-04-06 00:00:00+05:30,246,Warangal,886,Warangal,57,Tumeric,228,Bulb,0.0,48.0,5000.0,6200.0,5800.0,0.0,0.0
2021-04-06 00:00:00+05:30,212,Choppadandi,1123,Choppadandi,195,Lobha,236,Seed,0.0,2.0,6328.0,6328.0,6328.0,0.0,0.0
2021-04-06 00:00:00+05:30,324,Bowenpally,3,Bowenpally,127,Kheera,127,Common,0.0,731.0,600.0,1800.0,1400.0,0.0,0.0
2021-04-05 00:00:00+05:30,331,Vantimamidi,1612,Vantimamidi,128,Pumpkin,128,Common,0.0,9.0,400.0,600.0,500.0,0.0,0.0
2021-04-05 00:00:00+05:30,367,Gudimalkapur,1571,Gudumalkapur,129,Cucumber,129,Common,0.0,74.0,300.0,500.0,400.0,0.0,0.0
2021-04-04 00:00:00+05:30,331,Vantimamidi,1612,Vantimamidi,128,Pumpkin,128,Common,0.0,15.0,300.0,300.0,300.0,0.0,0.0
2021-04-04 00:00:00+05:30,367,Gudimalkapur,1571,Gudumalkapur,129,Cucumber,129,Common,0.0,121.0,400.0,600.0,500.0,0.0,0.0
2021-04-04 00:00:00+05:30,324,Bowenpally,3,Bowenpally,127,Kheera,127,Common,0.0,550.0,400.0,1000.0,900.0,0.0,0.0
2021-04-03 00:00:00+05:30,331,Vantimamidi,1612,Vantimamidi,128,Pumpkin,128,Common,0.0,2.0,300.0,300.0,300.0,0.0,0.0
2021-04-03 00:00:00+05:30,367,Gudimalkapur,1571,Gudumalkapur,129,Cucumber,129,Common,0.0,78.0,400.0,600.0,500.0,0.0,0.0
2021-04-03 00:00:00+05:30,212,Choppadandi,1123,Choppadandi,195,Lobha,236,Seed,0.0,1.0,6303.0,6303.0,6303.0,0.0,0.0
2021-04-03 00:00:00+05:30,324,Bowenpally,3,Bowenpally,127,Kheera,127,Common,0.0,656.0,600.0,1600.0,1400.0,0.0,0.0
2021-04-02 00:00:00+05:30,331,Vantimamidi,1612,Vantimamidi,128,Pumpkin,128,Common,0.0,6.0,300.0,300.0,300.0,0.0,0.0
2021-04-02 00:00:00+05:30,367,Gudimalkapur,1571,Gudumalkapur,129,Cucumber,129,Common,0.0,126.0,400.0,600.0,500.0,0.0,0.0
2021-04-02 00:00:00+05:30,324,Bowenpally,3,Bowenpally,127,Kheera,127,Common,0.0,544.0,400.0,800.0,600.0,0.0,0.0
2021-04-01 00:00:00+05:30,331,Vantimamidi,1612,Vantimamidi,128,Pumpkin,128,Common,0.0,12.0,1000.0,1000.0,1000.0,0.0,0.0
2021-04-01 00:00:00+05:30,246,Warangal,886,Warangal,57,Tumeric,228,Bulb,0.0,18.0,5000.0,6200.0,5800.0,0.0,0.0
2021-04-01 00:00:00+05:30,324,Bowenpally,3,Bowenpally,127,Kheera,127,Common,0.0,434.0,800.0,1500.0,1200.0,0.0,0.0
2021-04-12 00:00:00+05:30,324,Bowenpally,3,Bowenpally,127,Kheera,127,Common,0.0,826.0,800.0,1600.0,1400.0,0.0,0.0
2021-04-11 00:00:00+05:30,367,Gudimalkapur,1571,Gudumalkapur,129,Cucumber,129,Common,0.0,48.0,400.0,600.0,500.0,0.0,0.0
2021-04-11 00:00:00+05:30,331,Vantimamidi,1612,Vantimamidi,128,Pumpkin,128,Common,0.0,33.0,300.0,1000.0,650.0,0.0,0.0
2021-04-11 00:00:00+05:30,324,Bowenpally,3,Bowenpally,127,Kheera,127,Common,0.0,431.0,800.0,1500.0,1300.0,0.0,0.0
2021-04-10 00:00:00+05:30,331,Vantimamidi,1612,Vantimamidi,128,Pumpkin,128,Common,0.0,2.0,600.0,600.0,600.0,0.0,0.0
2021-04-10 00:00:00+05:30,367,Gudimalkapur,1571,Gudumalkapur,129,Cucumber,129,Common,0.0,49.0,1000.0,1500.0,1200.0,0.0,0.0
2021-04-10 00:00:00+05:30,324,Bowenpally,3,Bowenpally,127,Kheera,127,Common,0.0,799.0,800.0,1000.0,900.0,0.0,0.0
2021-04-10 00:00:00+05:30,212,Choppadandi,1123,Choppadandi,195,Lobha,236,Seed,0.0,5.0,6252.0,6503.0,6225.0,0.0,0.0
2021-04-09 00:00:00+05:30,367,Gudimalkapur,1571,Gudumalkapur,129,Cucumber,129,Common,0.0,10.0,400.0,600.0,500.0,0.0,0.0
2021-04-09 00:00:00+05:30,246,Warangal,886,Warangal,57,Tumeric,228,Bulb,0.0,66.0,5100.0,6400.0,5600.0,0.0,0.0
2021-04-09 00:00:00+05:30,324,Bowenpally,3,Bowenpally,127,Kheera,127,Common,0.0,493.0,800.0,1600.0,1400.0,0.0,0.0
2021-04-08 00:00:00+05:30,367,Gudimalkapur,1571,Gudumalkapur,129,Cucumber,129,Common,0.0,70.0,400.0,600.0,500.0,0.0,0.0
2021-04-08 00:00:00+05:30,246,Warangal,886,Warangal,57,Tumeric,228,Bulb,0.0,84.0,5100.0,6405.0,5600.0,0.0,0.0
2021-04-07 00:00:00+05:30,331,Vantimamidi,1612,Vantimamidi,128,Pumpkin,128,Common,0.0,12.0,200.0,300.0,250.0,0.0,0.0
2021-04-08 00:00:00+05:30,324,Bowenpally,3,Bowenpally,127,Kheera,127,Common,0.0,871.0,800.0,1800.0,1600.0,0.0,0.0
2021-04-07 00:00:00+05:30,367,Gudimalkapur,1571,Gudumalkapur,129,Cucumber,129,Common,0.0,45.0,400.0,600.0,500.0,0.0,0.0
2021-04-07 00:00:00+05:30,289,Sadasivpet,1200,Sadasivapet,219,Ajwan,269,Common,0.0,2.0,13205.0,14105.0,14105.0,0.0,0.0
2021-04-07 00:00:00+05:30,324,Bowenpally,3,Bowenpally,127,Kheera,127,Common,0.0,699.0,1000.0,1600.0,1400.0,0.0,0.0
2021-04-07 00:00:00+05:30,246,Warangal,886,Warangal,57,Tumeric,228,Bulb,0.0,90.0,5000.0,6355.0,5500.0,0.0,0.0
2021-04-07 00:00:00+05:30,212,Choppadandi,1123,Choppadandi,195,Lobha,236,Seed,0.0,6.0,6333.0,6333.0,6333.0,0.0,0.0
2021-04-07 00:00:00+05:30,290,Siddipet,1193,Siddipet,34,Safflower,34,Common,0.0,223.0,5825.0,6328.0,6076.0,0.0,0.0
2021-04-19 00:00:00+05:30,324,Bowenpally,3,Bowenpally,127,Kheera,127,Common,0.0,1062.0,800.0,1500.0,1200.0,0.0,0.0
2021-04-18 00:00:00+05:30,367,Gudimalkapur,1571,Gudumalkapur,129,Cucumber,129,Common,0.0,42.0,400.0,600.0,500.0,0.0,0.0
2021-04-17 00:00:00+05:30,367,Gudimalkapur,1571,Gudumalkapur,129,Cucumber,129,Common,0.0,45.0,400.0,600.0,500.0,0.0,0.0
2021-04-17 00:00:00+05:30,324,Bowenpally,3,Bowenpally,127,Kheera,127,Common,0.0,639.0,1000.0,1800.0,1600.0,0.0,0.0
2021-04-16 00:00:00+05:30,367,Gudimalkapur,1571,Gudumalkapur,129,Cucumber,129,Common,0.0,29.0,400.0,600.0,500.0,0.0,0.0
2021-04-16 00:00:00+05:30,246,Warangal,886,Warangal,57,Tumeric,228,Bulb,0.0,78.0,5000.0,6270.0,5700.0,0.0,0.0
2021-04-16 00:00:00+05:30,289,Sadasivpet,1200,Sadasivapet,219,Ajwan,269,Common,0.0,3.0,9504.0,11054.0,9705.0,0.0,0.0
2021-04-16 00:00:00+05:30,324,Bowenpally,3,Bowenpally,127,Kheera,127,Common,0.0,960.0,800.0,1500.0,1200.0,0.0,0.0
2021-04-15 00:00:00+05:30,367,Gudimalkapur,1571,Gudumalkapur,129,Cucumber,129,Common,0.0,66.0,400.0,600.0,500.0,0.0,0.0
2021-04-15 00:00:00+05:30,246,Warangal,886,Warangal,57,Tumeric,228,Bulb,0.0,108.0,5100.0,6250.0,5600.0,0.0,0.0
2021-04-14 00:00:00+05:30,331,Vantimamidi,1612,Vantimamidi,128,Pumpkin,128,Common,0.0,15.0,300.0,700.0,500.0,0.0,0.0
2021-04-15 00:00:00+05:30,324,Bowenpally,3,Bowenpally,127,Kheera,127,Common,0.0,642.0,1000.0,1600.0,1400.0,0.0,0.0
2021-04-14 00:00:00+05:30,367,Gudimalkapur,1571,Gudumalkapur,129,Cucumber,129,Common,0.0,5.0,400.0,600.0,500.0,0.0,0.0
2021-04-14 00:00:00+05:30,324,Bowenpally,3,Bowenpally,127,Kheera,127,Common,0.0,538.0,600.0,1200.0,1000.0,0.0,0.0
2021-04-12 00:00:00+05:30,367,Gudimalkapur,1571,Gudumalkapur,129,Cucumber,129,Common,0.0,35.0,400.0,600.0,500.0,0.0,0.0
2021-04-24 00:00:00+05:30,367,Gudimalkapur,1571,Gudumalkapur,129,Cucumber,129,Common,0.0,76.0,400.0,600.0,500.0,0.0,0.0
2021-04-23 00:00:00+05:30,331,Vantimamidi,1612,Vantimamidi,128,Pumpkin,128,Common,0.0,3.0,200.0,300.0,250.0,0.0,0.0
2021-04-23 00:00:00+05:30,367,Gudimalkapur,1571,Gudumalkapur,129,Cucumber,129,Common,0.0,56.0,400.0,800.0,600.0,0.0,0.0
2021-04-23 00:00:00+05:30,246,Warangal,886,Warangal,57,Tumeric,228,Bulb,0.0,150.0,5200.0,6450.0,5900.0,0.0,0.0
2021-04-22 00:00:00+05:30,331,Vantimamidi,1612,Vantimamidi,128,Pumpkin,128,Common,0.0,8.0,300.0,500.0,400.0,0.0,0.0
2021-04-22 00:00:00+05:30,367,Gudimalkapur,1571,Gudumalkapur,129,Cucumber,129,Common,0.0,15.0,400.0,600.0,500.0,0.0,0.0
2021-04-22 00:00:00+05:30,246,Warangal,886,Warangal,57,Tumeric,228,Bulb,0.0,144.0,5100.0,6356.0,5800.0,0.0,0.0
2021-04-21 00:00:00+05:30,331,Vantimamidi,1612,Vantimamidi,128,Pumpkin,128,Common,0.0,8.0,600.0,600.0,600.0,0.0,0.0
2021-04-21 00:00:00+05:30,367,Gudimalkapur,1571,Gudumalkapur,129,Cucumber,129,Common,0.0,66.0,400.0,600.0,500.0,0.0,0.0
2021-04-20 00:00:00+05:30,367,Gudimalkapur,1571,Gudumalkapur,129,Cucumber,129,Common,0.0,32.0,400.0,600.0,500.0,0.0,0.0
2021-04-20 00:00:00+05:30,246,Warangal,886,Warangal,57,Tumeric,228,Bulb,0.0,144.0,5000.0,6270.0,5700.0,0.0,0.0
2021-04-20 00:00:00+05:30,212,Choppadandi,1123,Choppadandi,195,Lobha,236,Seed,0.0,1.0,4501.0,4501.0,4501.0,0.0,0.0
2021-04-20 00:00:00+05:30,324,Bowenpally,3,Bowenpally,127,Kheera,127,Common,0.0,436.0,1000.0,1600.0,1400.0,0.0,0.0
2021-04-19 00:00:00+05:30,331,Vantimamidi,1612,Vantimamidi,128,Pumpkin,128,Common,0.0,11.0,200.0,800.0,500.0,0.0,0.0
2021-04-19 00:00:00+05:30,367,Gudimalkapur,1571,Gudumalkapur,129,Cucumber,129,Common,0.0,35.0,400.0,600.0,500.0,0.0,0.0
2021-04-19 00:00:00+05:30,246,Warangal,886,Warangal,57,Tumeric,228,Bulb,0.0,150.0,5000.0,6270.0,5700.0,0.0,0.0
2021-04-19 00:00:00+05:30,212,Choppadandi,1123,Choppadandi,195,Lobha,236,Seed,0.0,5.0,6125.0,6221.0,6221.0,0.0,0.0
2021-04-19 00:00:00+05:30,289,Sadasivpet,1200,Sadasivapet,219,Ajwan,269,Common,0.0,1.0,12231.0,12231.0,12231.0,0.0,0.0
2021-04-29 00:00:00+05:30,367,Gudimalkapur,1571,Gudumalkapur,129,Cucumber,129,Common,0.0,47.0,300.0,500.0,400.0,0.0,0.0
2021-04-28 00:00:00+05:30,367,Gudimalkapur,1571,Gudumalkapur,129,Cucumber,129,Common,0.0,38.0,200.0,400.0,300.0,0.0,0.0
2021-04-27 00:00:00+05:30,367,Gudimalkapur,1571,Gudumalkapur,129,Cucumber,129,Common,0.0,48.0,400.0,600.0,500.0,0.0,0.0
2021-04-26 00:00:00+05:30,331,Vantimamidi,1612,Vantimamidi,128,Pumpkin,128,Common,0.0,6.0,500.0,500.0,500.0,0.0,0.0
2021-04-26 00:00:00+05:30,367,Gudimalkapur,1571,Gudumalkapur,129,Cucumber,129,Common,0.0,67.0,400.0,600.0,500.0,0.0,0.0
2021-04-25 00:00:00+05:30,331,Vantimamidi,1612,Vantimamidi,128,Pumpkin,128,Common,0.0,8.0,300.0,600.0,450.0,0.0,0.0
2021-04-25 00:00:00+05:30,367,Gudimalkapur,1571,Gudumalkapur,129,Cucumber,129,Common,0.0,81.0,400.0,600.0,500.0,0.0,0.0
2021-04-30 00:00:00+05:30,367,Gudimalkapur,1571,Gudumalkapur,129,Cucumber,129,Common,0.0,66.0,400.0,600.0,500.0,0.0,0.0
2021-04-01 00:00:00+05:30,324,Bowenpally,3,Bowenpally,128,Pumpkin,128,Common,0.0,109.0,400.0,600.0,500.0,0.0,0.0
2021-04-01 00:00:00+05:30,331,Vantimamidi,1612,Vantimamidi,129,Cucumber,129,Common,0.0,26.0,500.0,800.0,650.0,0.0,0.0
2021-04-02 00:00:00+05:30,324,Bowenpally,3,Bowenpally,128,Pumpkin,128,Common,0.0,229.0,200.0,500.0,400.0,0.0,0.0
2021-04-02 00:00:00+05:30,367,Gudimalkapur,1571,Gudumalkapur,130,Drumstick,130,Common,0.0,107.0,1000.0,2000.0,1500.0,0.0,0.0
2021-04-02 00:00:00+05:30,331,Vantimamidi,1612,Vantimamidi,129,Cucumber,129,Common,0.0,17.0,400.0,700.0,550.0,0.0,0.0
2021-04-03 00:00:00+05:30,324,Bowenpally,3,Bowenpally,128,Pumpkin,128,Common,0.0,272.0,1000.0,2500.0,2000.0,0.0,0.0
2021-04-03 00:00:00+05:30,367,Gudimalkapur,1571,Gudumalkapur,130,Drumstick,130,Common,0.0,87.0,1000.0,2000.0,1500.0,0.0,0.0
2021-04-03 00:00:00+05:30,331,Vantimamidi,1612,Vantimamidi,129,Cucumber,129,Common,0.0,18.0,400.0,600.0,500.0,0.0,0.0
2021-04-04 00:00:00+05:30,324,Bowenpally,3,Bowenpally,128,Pumpkin,128,Common,0.0,238.0,300.0,800.0,700.0,0.0,0.0
2021-04-04 00:00:00+05:30,367,Gudimalkapur,1571,Gudumalkapur,130,Drumstick,130,Common,0.0,105.0,1000.0,2000.0,1500.0,0.0,0.0
2021-04-04 00:00:00+05:30,331,Vantimamidi,1612,Vantimamidi,129,Cucumber,129,Common,0.0,24.0,300.0,500.0,400.0,0.0,0.0
2021-04-05 00:00:00+05:30,208,Nizamabad,1080,Nizamabad,57,Tumeric,227,Finger,0.0,13968.0,5000.0,8349.0,7050.0,0.0,0.0
2021-04-05 00:00:00+05:30,367,Gudimalkapur,1571,Gudumalkapur,130,Drumstick,130,Common,0.0,79.0,1000.0,2000.0,1500.0,0.0,0.0
2021-04-05 00:00:00+05:30,331,Vantimamidi,1612,Vantimamidi,129,Cucumber,129,Common,0.0,29.0,300.0,600.0,450.0,0.0,0.0
2021-04-06 00:00:00+05:30,324,Bowenpally,3,Bowenpally,128,Pumpkin,128,Common,0.0,272.0,400.0,1000.0,800.0,0.0,0.0
2021-04-06 00:00:00+05:30,208,Nizamabad,1080,Nizamabad,57,Tumeric,227,Finger,0.0,8066.0,5001.0,8469.0,7050.0,0.0,0.0
2021-04-06 00:00:00+05:30,367,Gudimalkapur,1571,Gudumalkapur,130,Drumstick,130,Common,0.0,61.0,1000.0,2000.0,1500.0,0.0,0.0
2021-04-06 00:00:00+05:30,331,Vantimamidi,1612,Vantimamidi,129,Cucumber,129,Common,0.0,14.0,400.0,500.0,450.0,0.0,0.0
2021-04-07 00:00:00+05:30,208,Nizamabad,1080,Nizamabad,57,Tumeric,227,Finger,0.0,8730.0,5001.0,8618.0,7050.0,0.0,0.0
2021-04-07 00:00:00+05:30,324,Bowenpally,3,Bowenpally,128,Pumpkin,128,Common,0.0,241.0,400.0,1000.0,800.0,0.0,0.0
2021-04-07 00:00:00+05:30,367,Gudimalkapur,1571,Gudumalkapur,130,Drumstick,130,Common,0.0,125.0,1000.0,1600.0,1200.0,0.0,0.0
2021-04-08 00:00:00+05:30,324,Bowenpally,3,Bowenpally,128,Pumpkin,128,Common,0.0,292.0,400.0,1000.0,800.0,0.0,0.0
2021-04-07 00:00:00+05:30,331,Vantimamidi,1612,Vantimamidi,129,Cucumber,129,Common,0.0,1.0,500.0,500.0,500.0,0.0,0.0
2021-04-08 00:00:00+05:30,208,Nizamabad,1080,Nizamabad,57,Tumeric,227,Finger,0.0,7392.0,5000.0,8390.0,7025.0,0.0,0.0
2021-04-08 00:00:00+05:30,367,Gudimalkapur,1571,Gudumalkapur,130,Drumstick,130,Common,0.0,57.0,1300.0,1500.0,1400.0,0.0,0.0
2021-04-08 00:00:00+05:30,331,Vantimamidi,1612,Vantimamidi,129,Cucumber,129,Common,0.0,4.0,500.0,500.0,500.0,0.0,0.0
2021-04-09 00:00:00+05:30,324,Bowenpally,3,Bowenpally,128,Pumpkin,128,Common,0.0,473.0,600.0,1000.0,800.0,0.0,0.0
2021-04-09 00:00:00+05:30,208,Nizamabad,1080,Nizamabad,57,Tumeric,227,Finger,0.0,6131.0,5000.0,8539.0,6888.0,0.0,0.0
2021-04-09 00:00:00+05:30,367,Gudimalkapur,1571,Gudumalkapur,130,Drumstick,130,Common,0.0,106.0,1000.0,2000.0,1400.0,0.0,0.0
2021-04-09 00:00:00+05:30,331,Vantimamidi,1612,Vantimamidi,129,Cucumber,129,Common,0.0,31.0,200.0,800.0,500.0,0.0,0.0
2021-04-10 00:00:00+05:30,324,Bowenpally,3,Bowenpally,128,Pumpkin,128,Common,0.0,608.0,300.0,500.0,400.0,0.0,0.0
2021-04-10 00:00:00+05:30,367,Gudimalkapur,1571,Gudumalkapur,130,Drumstick,130,Common,0.0,63.0,1000.0,2000.0,1400.0,0.0,0.0
2021-04-10 00:00:00+05:30,331,Vantimamidi,1612,Vantimamidi,129,Cucumber,129,Common,0.0,52.0,300.0,600.0,450.0,0.0,0.0
2021-04-11 00:00:00+05:30,324,Bowenpally,3,Bowenpally,128,Pumpkin,128,Common,0.0,557.0,500.0,1200.0,1000.0,0.0,0.0
2021-04-11 00:00:00+05:30,331,Vantimamidi,1612,Vantimamidi,129,Cucumber,129,Common,0.0,13.0,200.0,500.0,350.0,0.0,0.0
2021-04-11 00:00:00+05:30,367,Gudimalkapur,1571,Gudumalkapur,130,Drumstick,130,Common,0.0,32.0,1000.0,1500.0,1200.0,0.0,0.0
2021-04-12 00:00:00+05:30,324,Bowenpally,3,Bowenpally,128,Pumpkin,128,Common,0.0,366.0,700.0,1200.0,1000.0,0.0,0.0
2021-04-12 00:00:00+05:30,367,Gudimalkapur,1571,Gudumalkapur,130,Drumstick,130,Common,0.0,36.0,1000.0,1500.0,1200.0,0.0,0.0
2021-04-13 00:00:00+05:30,331,Vantimamidi,1612,Vantimamidi,129,Cucumber,129,Common,0.0,6.0,200.0,600.0,400.0,0.0,0.0
2021-04-14 00:00:00+05:30,324,Bowenpally,3,Bowenpally,128,Pumpkin,128,Common,0.0,35.0,300.0,1000.0,800.0,0.0,0.0
2021-04-14 00:00:00+05:30,367,Gudimalkapur,1571,Gudumalkapur,130,Drumstick,130,Common,0.0,21.0,1000.0,1500.0,1200.0,0.0,0.0
2021-04-15 00:00:00+05:30,324,Bowenpally,3,Bowenpally,128,Pumpkin,128,Common,0.0,8.0,400.0,500.0,450.0,0.0,0.0
2021-04-14 00:00:00+05:30,331,Vantimamidi,1612,Vantimamidi,129,Cucumber,129,Common,0.0,12.0,400.0,500.0,450.0,0.0,0.0
2021-04-15 00:00:00+05:30,367,Gudimalkapur,1571,Gudumalkapur,130,Drumstick,130,Common,0.0,45.0,1000.0,1500.0,1200.0,0.0,0.0
2021-04-15 00:00:00+05:30,208,Nizamabad,1080,Nizamabad,57,Tumeric,227,Finger,0.0,6036.0,5000.0,8255.0,7050.0,0.0,0.0
2021-04-16 00:00:00+05:30,324,Bowenpally,3,Bowenpally,128,Pumpkin,128,Common,0.0,183.0,500.0,700.0,600.0,0.0,0.0
2021-04-15 00:00:00+05:30,331,Vantimamidi,1612,Vantimamidi,129,Cucumber,129,Common,0.0,39.0,300.0,700.0,500.0,0.0,0.0
2021-04-16 00:00:00+05:30,208,Nizamabad,1080,Nizamabad,57,Tumeric,227,Finger,0.0,4438.0,5000.0,8521.0,6950.0,0.0,0.0
2021-04-16 00:00:00+05:30,367,Gudimalkapur,1571,Gudumalkapur,130,Drumstick,130,Common,0.0,63.0,1000.0,1500.0,1200.0,0.0,0.0
2021-04-16 00:00:00+05:30,331,Vantimamidi,1612,Vantimamidi,129,Cucumber,129,Common,0.0,29.0,300.0,600.0,450.0,0.0,0.0
2021-04-17 00:00:00+05:30,324,Bowenpally,3,Bowenpally,128,Pumpkin,128,Common,0.0,363.0,400.0,700.0,600.0,0.0,0.0
2021-04-17 00:00:00+05:30,367,Gudimalkapur,1571,Gudumalkapur,130,Drumstick,130,Common,0.0,52.0,800.0,1200.0,1000.0,0.0,0.0
2021-04-17 00:00:00+05:30,331,Vantimamidi,1612,Vantimamidi,129,Cucumber,129,Common,0.0,25.0,300.0,600.0,450.0,0.0,0.0
2021-04-18 00:00:00+05:30,367,Gudimalkapur,1571,Gudumalkapur,130,Drumstick,130,Common,0.0,89.0,1000.0,1500.0,1200.0,0.0,0.0
2021-04-18 00:00:00+05:30,331,Vantimamidi,1612,Vantimamidi,129,Cucumber,129,Common,0.0,57.0,250.0,1000.0,625.0,0.0,0.0
2021-04-19 00:00:00+05:30,324,Bowenpally,3,Bowenpally,128,Pumpkin,128,Common,0.0,286.0,400.0,600.0,500.0,0.0,0.0
2021-04-19 00:00:00+05:30,208,Nizamabad,1080,Nizamabad,57,Tumeric,227,Finger,0.0,9076.0,5000.0,8589.0,7071.0,0.0,0.0
2021-04-19 00:00:00+05:30,367,Gudimalkapur,1571,Gudumalkapur,130,Drumstick,130,Common,0.0,69.0,800.0,1200.0,1000.0,0.0,0.0
2021-04-19 00:00:00+05:30,331,Vantimamidi,1612,Vantimamidi,129,Cucumber,129,Common,0.0,43.0,200.0,600.0,400.0,0.0,0.0
2021-04-20 00:00:00+05:30,324,Bowenpally,3,Bowenpally,128,Pumpkin,128,Common,0.0,304.0,400.0,700.0,600.0,0.0,0.0
2021-04-20 00:00:00+05:30,208,Nizamabad,1080,Nizamabad,57,Tumeric,227,Finger,0.0,940.0,5006.0,7777.0,6800.0,0.0,0.0
2021-04-20 00:00:00+05:30,367,Gudimalkapur,1571,Gudumalkapur,130,Drumstick,130,Common,0.0,90.0,800.0,1000.0,900.0,0.0,0.0
2021-04-20 00:00:00+05:30,331,Vantimamidi,1612,Vantimamidi,129,Cucumber,129,Common,0.0,49.0,200.0,400.0,300.0,0.0,0.0
2021-04-21 00:00:00+05:30,367,Gudimalkapur,1571,Gudumalkapur,130,Drumstick,130,Common,0.0,71.0,400.0,600.0,500.0,0.0,0.0
2021-04-21 00:00:00+05:30,331,Vantimamidi,1612,Vantimamidi,129,Cucumber,129,Common,0.0,57.0,200.0,700.0,450.0,0.0,0.0
2021-04-22 00:00:00+05:30,367,Gudimalkapur,1571,Gudumalkapur,130,Drumstick,130,Common,0.0,89.0,600.0,1000.0,800.0,0.0,0.0
2021-04-22 00:00:00+05:30,331,Vantimamidi,1612,Vantimamidi,129,Cucumber,129,Common,0.0,35.0,300.0,700.0,500.0,0.0,0.0
2021-04-22 00:00:00+05:30,208,Nizamabad,1080,Nizamabad,57,Tumeric,227,Finger,0.0,7340.0,5000.0,8685.0,7070.0,0.0,0.0
2021-04-23 00:00:00+05:30,208,Nizamabad,1080,Nizamabad,57,Tumeric,227,Finger,0.0,3592.0,5001.0,8719.0,6950.0,0.0,0.0
2021-04-23 00:00:00+05:30,367,Gudimalkapur,1571,Gudumalkapur,130,Drumstick,130,Common,0.0,36.0,600.0,800.0,700.0,0.0,0.0
2021-04-23 00:00:00+05:30,331,Vantimamidi,1612,Vantimamidi,129,Cucumber,129,Common,0.0,42.0,200.0,500.0,350.0,0.0,0.0
2021-04-24 00:00:00+05:30,367,Gudimalkapur,1571,Gudumalkapur,130,Drumstick,130,Common,0.0,39.0,600.0,800.0,700.0,0.0,0.0
2021-04-24 00:00:00+05:30,331,Vantimamidi,1612,Vantimamidi,129,Cucumber,129,Common,0.0,62.0,300.0,500.0,400.0,0.0,0.0
2021-04-30 00:00:00+05:30,367,Gudimalkapur,1571,Gudumalkapur,130,Drumstick,130,Common,0.0,38.0,600.0,800.0,700.0,0.0,0.0
2021-04-25 00:00:00+05:30,331,Vantimamidi,1612,Vantimamidi,129,Cucumber,129,Common,0.0,8.0,300.0,500.0,400.0,0.0,0.0
2021-04-26 00:00:00+05:30,367,Gudimalkapur,1571,Gudumalkapur,130,Drumstick,130,Common,0.0,38.0,600.0,1000.0,800.0,0.0,0.0
2021-04-26 00:00:00+05:30,331,Vantimamidi,1612,Vantimamidi,129,Cucumber,129,Common,0.0,38.0,200.0,500.0,350.0,0.0,0.0
2021-04-27 00:00:00+05:30,367,Gudimalkapur,1571,Gudumalkapur,130,Drumstick,130,Common,0.0,46.0,400.0,800.0,600.0,0.0,0.0
2021-04-27 00:00:00+05:30,331,Vantimamidi,1612,Vantimamidi,129,Cucumber,129,Common,0.0,58.0,300.0,500.0,400.0,0.0,0.0
2021-04-28 00:00:00+05:30,367,Gudimalkapur,1571,Gudumalkapur,130,Drumstick,130,Common,0.0,42.0,400.0,600.0,500.0,0.0,0.0
2021-04-28 00:00:00+05:30,331,Vantimamidi,1612,Vantimamidi,129,Cucumber,129,Common,0.0,38.0,200.0,800.0,500.0,0.0,0.0
2021-04-28 00:00:00+05:30,208,Nizamabad,1080,Nizamabad,57,Tumeric,227,Finger,0.0,10138.0,5002.0,8389.0,7056.0,0.0,0.0
2021-04-29 00:00:00+05:30,367,Gudimalkapur,1571,Gudumalkapur,130,Drumstick,130,Common,0.0,26.0,400.0,600.0,500.0,0.0,0.0
2021-04-29 00:00:00+05:30,331,Vantimamidi,1612,Vantimamidi,129,Cucumber,129,Common,0.0,20.0,200.0,400.0,300.0,0.0,0.0
2021-04-06 00:00:00+05:30,208,Nizamabad,1080,Nizamabad,57,Tumeric,228,Bulb,0.0,7253.0,4505.0,7389.0,6325.0,0.0,0.0
2021-04-06 00:00:00+05:30,324,Bowenpally,3,Bowenpally,129,Cucumber,129,Common,0.0,116.0,300.0,600.0,500.0,0.0,0.0
2021-04-05 00:00:00+05:30,331,Vantimamidi,1612,Vantimamidi,130,Drumstick,130,Common,0.0,9.0,1500.0,1500.0,1500.0,0.0,0.0
2021-04-05 00:00:00+05:30,208,Nizamabad,1080,Nizamabad,57,Tumeric,228,Bulb,0.0,11524.0,4506.0,7391.0,6262.0,0.0,0.0
2021-04-04 00:00:00+05:30,324,Bowenpally,3,Bowenpally,129,Cucumber,129,Common,0.0,288.0,300.0,600.0,500.0,0.0,0.0
2021-04-03 00:00:00+05:30,331,Vantimamidi,1612,Vantimamidi,130,Drumstick,130,Common,0.0,3.0,1500.0,1500.0,1500.0,0.0,0.0
2021-04-03 00:00:00+05:30,324,Bowenpally,3,Bowenpally,129,Cucumber,129,Common,0.0,284.0,400.0,800.0,600.0,0.0,0.0
2021-04-02 00:00:00+05:30,331,Vantimamidi,1612,Vantimamidi,130,Drumstick,130,Common,0.0,2.0,1500.0,1500.0,1500.0,0.0,0.0
2021-04-02 00:00:00+05:30,317,Pargi,39,Pargi,219,Ajwan,269,Common,0.0,16.8,12112.0,14555.0,14500.0,0.0,0.0
2021-04-02 00:00:00+05:30,324,Bowenpally,3,Bowenpally,129,Cucumber,129,Common,0.0,322.0,200.0,600.0,500.0,0.0,0.0
2021-04-01 00:00:00+05:30,331,Vantimamidi,1612,Vantimamidi,130,Drumstick,130,Common,0.0,3.0,1500.0,2000.0,1750.0,0.0,0.0
2021-04-01 00:00:00+05:30,324,Bowenpally,3,Bowenpally,129,Cucumber,129,Common,0.0,297.0,300.0,700.0,600.0,0.0,0.0
2021-04-12 00:00:00+05:30,324,Bowenpally,3,Bowenpally,129,Cucumber,129,Common,0.0,163.0,200.0,500.0,400.0,0.0,0.0
2021-04-11 00:00:00+05:30,324,Bowenpally,3,Bowenpally,129,Cucumber,129,Common,0.0,220.0,200.0,600.0,500.0,0.0,0.0
2021-04-10 00:00:00+05:30,324,Bowenpally,3,Bowenpally,129,Cucumber,129,Common,0.0,312.0,300.0,600.0,500.0,0.0,0.0
2021-04-09 00:00:00+05:30,331,Vantimamidi,1612,Vantimamidi,130,Drumstick,130,Common,0.0,11.0,1000.0,1200.0,1100.0,0.0,0.0
2021-04-09 00:00:00+05:30,208,Nizamabad,1080,Nizamabad,57,Tumeric,228,Bulb,0.0,4750.0,4500.0,7279.0,6255.0,0.0,0.0
2021-04-09 00:00:00+05:30,324,Bowenpally,3,Bowenpally,129,Cucumber,129,Common,0.0,123.0,300.0,800.0,600.0,0.0,0.0
2021-04-08 00:00:00+05:30,331,Vantimamidi,1612,Vantimamidi,130,Drumstick,130,Common,0.0,16.0,800.0,1500.0,1150.0,0.0,0.0
2021-04-08 00:00:00+05:30,208,Nizamabad,1080,Nizamabad,57,Tumeric,228,Bulb,0.0,6040.0,4501.0,7280.0,6425.0,0.0,0.0
2021-04-08 00:00:00+05:30,324,Bowenpally,3,Bowenpally,129,Cucumber,129,Common,0.0,195.0,300.0,500.0,400.0,0.0,0.0
2021-04-07 00:00:00+05:30,324,Bowenpally,3,Bowenpally,129,Cucumber,129,Common,0.0,312.0,300.0,600.0,500.0,0.0,0.0
2021-04-07 00:00:00+05:30,208,Nizamabad,1080,Nizamabad,57,Tumeric,228,Bulb,0.0,7192.0,4505.0,7310.0,6400.0,0.0,0.0
2021-04-19 00:00:00+05:30,324,Bowenpally,3,Bowenpally,129,Cucumber,129,Common,0.0,395.0,300.0,500.0,400.0,0.0,0.0
2021-04-18 00:00:00+05:30,331,Vantimamidi,1612,Vantimamidi,130,Drumstick,130,Common,0.0,3.0,1000.0,1000.0,1000.0,0.0,0.0
2021-04-17 00:00:00+05:30,331,Vantimamidi,1612,Vantimamidi,130,Drumstick,130,Common,0.0,9.0,1600.0,1800.0,1700.0,0.0,0.0
2021-04-17 00:00:00+05:30,324,Bowenpally,3,Bowenpally,129,Cucumber,129,Common,0.0,441.0,200.0,600.0,500.0,0.0,0.0
2021-04-16 00:00:00+05:30,331,Vantimamidi,1612,Vantimamidi,130,Drumstick,130,Common,0.0,6.0,1500.0,1500.0,1500.0,0.0,0.0
2021-04-16 00:00:00+05:30,208,Nizamabad,1080,Nizamabad,57,Tumeric,228,Bulb,0.0,3750.0,4509.0,7676.0,6155.0,0.0,0.0
2021-04-15 00:00:00+05:30,331,Vantimamidi,1612,Vantimamidi,130,Drumstick,130,Common,0.0,2.0,1500.0,3000.0,2250.0,0.0,0.0
2021-04-16 00:00:00+05:30,324,Bowenpally,3,Bowenpally,129,Cucumber,129,Common,0.0,280.0,300.0,600.0,500.0,0.0,0.0
2021-04-16 00:00:00+05:30,317,Pargi,39,Pargi,219,Ajwan,269,Common,0.0,2.0,10511.0,13511.0,13511.0,0.0,0.0
2021-04-15 00:00:00+05:30,208,Nizamabad,1080,Nizamabad,57,Tumeric,228,Bulb,0.0,4593.0,4501.0,7019.0,6150.0,0.0,0.0
2021-04-14 00:00:00+05:30,331,Vantimamidi,1612,Vantimamidi,130,Drumstick,130,Common,0.0,5.0,1500.0,1800.0,1650.0,0.0,0.0
2021-04-15 00:00:00+05:30,324,Bowenpally,3,Bowenpally,129,Cucumber,129,Common,0.0,36.0,400.0,600.0,500.0,0.0,0.0
2021-04-14 00:00:00+05:30,324,Bowenpally,3,Bowenpally,129,Cucumber,129,Common,0.0,67.0,400.0,1000.0,800.0,0.0,0.0
2021-04-24 00:00:00+05:30,331,Vantimamidi,1612,Vantimamidi,130,Drumstick,130,Common,0.0,10.0,1200.0,1200.0,1200.0,0.0,0.0
2021-04-23 00:00:00+05:30,331,Vantimamidi,1612,Vantimamidi,130,Drumstick,130,Common,0.0,12.0,1200.0,1200.0,1200.0,0.0,0.0
2021-04-23 00:00:00+05:30,208,Nizamabad,1080,Nizamabad,57,Tumeric,228,Bulb,0.0,2750.0,4525.0,7129.0,6251.0,0.0,0.0
2021-04-23 00:00:00+05:30,317,Pargi,39,Pargi,219,Ajwan,269,Common,0.0,17.0,11555.0,13555.0,12555.0,0.0,0.0
2021-04-22 00:00:00+05:30,208,Nizamabad,1080,Nizamabad,57,Tumeric,228,Bulb,0.0,5603.0,4506.0,7129.0,6225.0,0.0,0.0
2021-04-21 00:00:00+05:30,331,Vantimamidi,1612,Vantimamidi,130,Drumstick,130,Common,0.0,8.0,1200.0,1200.0,1200.0,0.0,0.0
2021-04-20 00:00:00+05:30,331,Vantimamidi,1612,Vantimamidi,130,Drumstick,130,Common,0.0,12.0,800.0,1500.0,1150.0,0.0,0.0
2021-04-20 00:00:00+05:30,208,Nizamabad,1080,Nizamabad,57,Tumeric,228,Bulb,0.0,435.0,4609.0,7011.0,6375.0,0.0,0.0
2021-04-20 00:00:00+05:30,324,Bowenpally,3,Bowenpally,129,Cucumber,129,Common,0.0,288.0,300.0,500.0,400.0,0.0,0.0
2021-04-19 00:00:00+05:30,331,Vantimamidi,1612,Vantimamidi,130,Drumstick,130,Common,0.0,9.0,1300.0,1800.0,1550.0,0.0,0.0
2021-04-19 00:00:00+05:30,208,Nizamabad,1080,Nizamabad,57,Tumeric,228,Bulb,0.0,6477.0,4500.0,7139.0,6200.0,0.0,0.0
2021-04-29 00:00:00+05:30,331,Vantimamidi,1612,Vantimamidi,130,Drumstick,130,Common,0.0,2.0,1000.0,1400.0,1200.0,0.0,0.0
2021-04-28 00:00:00+05:30,208,Nizamabad,1080,Nizamabad,57,Tumeric,228,Bulb,0.0,7112.0,4500.0,7136.0,6247.0,0.0,0.0
2021-04-27 00:00:00+05:30,331,Vantimamidi,1612,Vantimamidi,130,Drumstick,130,Common,0.0,4.0,600.0,600.0,600.0,0.0,0.0
2021-04-26 00:00:00+05:30,331,Vantimamidi,1612,Vantimamidi,130,Drumstick,130,Common,0.0,6.0,1200.0,1500.0,1350.0,0.0,0.0
2021-04-25 00:00:00+05:30,331,Vantimamidi,1612,Vantimamidi,130,Drumstick,130,Common,0.0,10.0,1000.0,1200.0,1100.0,0.0,0.0
2021-04-01 00:00:00+05:30,324,Bowenpally,3,Bowenpally,130,Drumstick,130,Common,0.0,435.0,1000.0,2000.0,1800.0,0.0,0.0
2021-04-01 00:00:00+05:30,290,Siddipet,1193,Siddipet,69,Sunflower,69,Common,0.0,121.0,5866.0,6175.0,5925.0,0.0,0.0
2021-04-02 00:00:00+05:30,324,Bowenpally,3,Bowenpally,130,Drumstick,130,Common,0.0,507.0,800.0,2000.0,1600.0,0.0,0.0
2021-04-02 00:00:00+05:30,331,Vantimamidi,1612,Vantimamidi,155,Donda,155,Common,0.0,6.0,1300.0,1600.0,1450.0,0.0,0.0
2021-04-02 00:00:00+05:30,367,Gudimalkapur,1571,Gudumalkapur,155,Donda,155,Common,0.0,170.0,900.0,1300.0,1000.0,0.0,0.0
2021-04-03 00:00:00+05:30,324,Bowenpally,3,Bowenpally,130,Drumstick,130,Common,0.0,442.0,1000.0,2000.0,1800.0,0.0,0.0
2021-04-03 00:00:00+05:30,331,Vantimamidi,1612,Vantimamidi,155,Donda,155,Common,0.0,8.0,1400.0,2000.0,1700.0,0.0,0.0
2021-04-03 00:00:00+05:30,367,Gudimalkapur,1571,Gudumalkapur,155,Donda,155,Common,0.0,138.0,800.0,1200.0,1000.0,0.0,0.0
2021-04-03 00:00:00+05:30,290,Siddipet,1193,Siddipet,69,Sunflower,69,Common,0.0,170.5,5850.0,6238.0,6198.0,0.0,0.0
2021-04-04 00:00:00+05:30,324,Bowenpally,3,Bowenpally,130,Drumstick,130,Common,0.0,600.0,1000.0,2000.0,1800.0,0.0,0.0
2021-04-04 00:00:00+05:30,367,Gudimalkapur,1571,Gudumalkapur,155,Donda,155,Common,0.0,192.0,800.0,1200.0,1000.0,0.0,0.0
2021-04-04 00:00:00+05:30,331,Vantimamidi,1612,Vantimamidi,155,Donda,155,Common,0.0,5.0,900.0,1600.0,1250.0,0.0,0.0
2021-04-05 00:00:00+05:30,331,Vantimamidi,1612,Vantimamidi,155,Donda,155,Common,0.0,5.0,1800.0,2000.0,1900.0,0.0,0.0
2021-04-05 00:00:00+05:30,367,Gudimalkapur,1571,Gudumalkapur,155,Donda,155,Common,0.0,165.0,1000.0,1200.0,1100.0,0.0,0.0
2021-04-06 00:00:00+05:30,324,Bowenpally,3,Bowenpally,130,Drumstick,130,Common,0.0,764.0,1000.0,2000.0,1800.0,0.0,0.0
2021-04-06 00:00:00+05:30,290,Siddipet,1193,Siddipet,69,Sunflower,69,Common,0.0,142.5,6068.0,6295.0,6175.0,0.0,0.0
2021-04-06 00:00:00+05:30,367,Gudimalkapur,1571,Gudumalkapur,155,Donda,155,Common,0.0,152.0,1000.0,1200.0,1100.0,0.0,0.0
2021-04-07 00:00:00+05:30,324,Bowenpally,3,Bowenpally,130,Drumstick,130,Common,0.0,421.0,800.0,1600.0,1300.0,0.0,0.0
2021-04-08 00:00:00+05:30,324,Bowenpally,3,Bowenpally,130,Drumstick,130,Common,0.0,698.0,600.0,1500.0,1300.0,0.0,0.0
2021-04-07 00:00:00+05:30,331,Vantimamidi,1612,Vantimamidi,155,Donda,155,Common,0.0,5.0,1200.0,2000.0,1600.0,0.0,0.0
2021-04-07 00:00:00+05:30,367,Gudimalkapur,1571,Gudumalkapur,155,Donda,155,Common,0.0,169.0,1000.0,1200.0,1100.0,0.0,0.0
2021-04-08 00:00:00+05:30,331,Vantimamidi,1612,Vantimamidi,155,Donda,155,Common,0.0,29.0,500.0,1200.0,850.0,0.0,0.0
2021-04-08 00:00:00+05:30,367,Gudimalkapur,1571,Gudumalkapur,155,Donda,155,Common,0.0,189.0,600.0,1200.0,900.0,0.0,0.0
2021-04-08 00:00:00+05:30,290,Siddipet,1193,Siddipet,69,Sunflower,69,Common,0.0,137.0,6159.0,6349.0,6249.0,0.0,0.0
2021-04-09 00:00:00+05:30,324,Bowenpally,3,Bowenpally,130,Drumstick,130,Common,0.0,315.0,500.0,1000.0,800.0,0.0,0.0
2021-04-09 00:00:00+05:30,331,Vantimamidi,1612,Vantimamidi,155,Donda,155,Common,0.0,22.0,800.0,1200.0,1000.0,0.0,0.0
2021-04-09 00:00:00+05:30,367,Gudimalkapur,1571,Gudumalkapur,155,Donda,155,Common,0.0,154.0,800.0,1200.0,1000.0,0.0,0.0
2021-04-09 00:00:00+05:30,290,Siddipet,1193,Siddipet,69,Sunflower,69,Common,0.0,37.0,6929.0,6359.0,6294.0,0.0,0.0
2021-04-10 00:00:00+05:30,324,Bowenpally,3,Bowenpally,130,Drumstick,130,Common,0.0,427.0,500.0,1000.0,800.0,0.0,0.0
2021-04-10 00:00:00+05:30,290,Siddipet,1193,Siddipet,69,Sunflower,69,Common,0.0,94.0,6259.0,6359.0,6308.0,0.0,0.0
2021-04-11 00:00:00+05:30,324,Bowenpally,3,Bowenpally,130,Drumstick,130,Common,0.0,389.0,400.0,1000.0,900.0,0.0,0.0
2021-04-10 00:00:00+05:30,331,Vantimamidi,1612,Vantimamidi,155,Donda,155,Common,0.0,9.0,600.0,1500.0,1050.0,0.0,0.0
2021-04-10 00:00:00+05:30,367,Gudimalkapur,1571,Gudumalkapur,155,Donda,155,Common,0.0,190.0,800.0,1200.0,900.0,0.0,0.0
2021-04-12 00:00:00+05:30,324,Bowenpally,3,Bowenpally,130,Drumstick,130,Common,0.0,389.0,500.0,1000.0,900.0,0.0,0.0
2021-04-11 00:00:00+05:30,367,Gudimalkapur,1571,Gudumalkapur,155,Donda,155,Common,0.0,164.0,800.0,100.0,900.0,0.0,0.0
2021-04-11 00:00:00+05:30,331,Vantimamidi,1612,Vantimamidi,155,Donda,155,Common,0.0,14.0,500.0,1000.0,750.0,0.0,0.0
2021-04-14 00:00:00+05:30,324,Bowenpally,3,Bowenpally,130,Drumstick,130,Common,0.0,120.0,400.0,1000.0,900.0,0.0,0.0
2021-04-14 00:00:00+05:30,367,Gudimalkapur,1571,Gudumalkapur,155,Donda,155,Common,0.0,21.0,200.0,400.0,300.0,0.0,0.0
2021-04-13 00:00:00+05:30,331,Vantimamidi,1612,Vantimamidi,155,Donda,155,Common,0.0,11.0,800.0,1300.0,1050.0,0.0,0.0
2021-04-12 00:00:00+05:30,367,Gudimalkapur,1571,Gudumalkapur,155,Donda,155,Common,0.0,115.0,600.0,1200.0,1000.0,0.0,0.0
2021-04-15 00:00:00+05:30,324,Bowenpally,3,Bowenpally,130,Drumstick,130,Common,0.0,238.0,800.0,1600.0,1400.0,0.0,0.0
2021-04-14 00:00:00+05:30,331,Vantimamidi,1612,Vantimamidi,155,Donda,155,Common,0.0,8.0,800.0,1500.0,1150.0,0.0,0.0
2021-04-15 00:00:00+05:30,367,Gudimalkapur,1571,Gudumalkapur,155,Donda,155,Common,0.0,93.0,800.0,1000.0,900.0,0.0,0.0
2021-04-15 00:00:00+05:30,290,Siddipet,1193,Siddipet,69,Sunflower,69,Common,0.0,33.5,6200.0,6335.0,6245.0,0.0,0.0
2021-04-16 00:00:00+05:30,324,Bowenpally,3,Bowenpally,130,Drumstick,130,Common,0.0,482.0,500.0,1000.0,800.0,0.0,0.0
2021-04-15 00:00:00+05:30,331,Vantimamidi,1612,Vantimamidi,155,Donda,155,Common,0.0,13.0,800.0,1500.0,1150.0,0.0,0.0
2021-04-16 00:00:00+05:30,290,Siddipet,1193,Siddipet,69,Sunflower,69,Common,0.0,87.0,6003.0,6361.0,6312.0,0.0,0.0
2021-04-16 00:00:00+05:30,331,Vantimamidi,1612,Vantimamidi,155,Donda,155,Common,0.0,16.0,600.0,1300.0,950.0,0.0,0.0
2021-04-16 00:00:00+05:30,367,Gudimalkapur,1571,Gudumalkapur,155,Donda,155,Common,0.0,226.0,800.0,1200.0,1000.0,0.0,0.0
2021-04-17 00:00:00+05:30,324,Bowenpally,3,Bowenpally,130,Drumstick,130,Common,0.0,676.0,400.0,1000.0,800.0,0.0,0.0
2021-04-17 00:00:00+05:30,331,Vantimamidi,1612,Vantimamidi,155,Donda,155,Common,0.0,10.0,600.0,1000.0,800.0,0.0,0.0
2021-04-17 00:00:00+05:30,367,Gudimalkapur,1571,Gudumalkapur,155,Donda,155,Common,0.0,156.0,600.0,800.0,700.0,0.0,0.0
2021-04-17 00:00:00+05:30,290,Siddipet,1193,Siddipet,69,Sunflower,69,Common,0.0,71.0,6275.0,6415.0,6347.0,0.0,0.0
2021-04-18 00:00:00+05:30,331,Vantimamidi,1612,Vantimamidi,155,Donda,155,Common,0.0,1.0,500.0,500.0,500.0,0.0,0.0
2021-04-18 00:00:00+05:30,367,Gudimalkapur,1571,Gudumalkapur,155,Donda,155,Common,0.0,174.0,800.0,1200.0,1000.0,0.0,0.0
2021-04-19 00:00:00+05:30,324,Bowenpally,3,Bowenpally,130,Drumstick,130,Common,0.0,799.0,500.0,1000.0,800.0,0.0,0.0
2021-04-19 00:00:00+05:30,290,Siddipet,1193,Siddipet,69,Sunflower,69,Common,0.0,39.0,6356.0,6416.0,6412.0,0.0,0.0
2021-04-19 00:00:00+05:30,331,Vantimamidi,1612,Vantimamidi,155,Donda,155,Common,0.0,10.0,1000.0,1800.0,1400.0,0.0,0.0
2021-04-19 00:00:00+05:30,367,Gudimalkapur,1571,Gudumalkapur,155,Donda,155,Common,0.0,187.0,600.0,800.0,700.0,0.0,0.0
2021-04-20 00:00:00+05:30,324,Bowenpally,3,Bowenpally,130,Drumstick,130,Common,0.0,342.0,400.0,1000.0,800.0,0.0,0.0
2021-04-20 00:00:00+05:30,290,Siddipet,1193,Siddipet,69,Sunflower,69,Common,0.0,26.0,6352.0,6416.0,6384.0,0.0,0.0
2021-04-20 00:00:00+05:30,331,Vantimamidi,1612,Vantimamidi,155,Donda,155,Common,0.0,4.0,1300.0,2000.0,1650.0,0.0,0.0
2021-04-20 00:00:00+05:30,367,Gudimalkapur,1571,Gudumalkapur,155,Donda,155,Common,0.0,133.0,600.0,1000.0,800.0,0.0,0.0
2021-04-21 00:00:00+05:30,331,Vantimamidi,1612,Vantimamidi,155,Donda,155,Common,0.0,2.0,2200.0,2200.0,2200.0,0.0,0.0
2021-04-21 00:00:00+05:30,367,Gudimalkapur,1571,Gudumalkapur,155,Donda,155,Common,0.0,86.0,800.0,1000.0,900.0,0.0,0.0
2021-04-22 00:00:00+05:30,290,Siddipet,1193,Siddipet,69,Sunflower,69,Common,0.0,63.0,5500.0,6423.0,5962.0,0.0,0.0
2021-04-22 00:00:00+05:30,331,Vantimamidi,1612,Vantimamidi,155,Donda,155,Common,0.0,6.0,800.0,1200.0,1000.0,0.0,0.0
2021-04-22 00:00:00+05:30,367,Gudimalkapur,1571,Gudumalkapur,155,Donda,155,Common,0.0,60.0,1000.0,1200.0,1100.0,0.0,0.0
2021-04-23 00:00:00+05:30,290,Siddipet,1193,Siddipet,69,Sunflower,69,Common,0.0,25.0,62950.0,6426.0,6356.0,0.0,0.0
2021-04-23 00:00:00+05:30,331,Vantimamidi,1612,Vantimamidi,155,Donda,155,Common,0.0,11.0,700.0,2100.0,1400.0,0.0,0.0
2021-04-23 00:00:00+05:30,367,Gudimalkapur,1571,Gudumalkapur,155,Donda,155,Common,0.0,128.0,1000.0,1400.0,1200.0,0.0,0.0
2021-04-24 00:00:00+05:30,331,Vantimamidi,1612,Vantimamidi,155,Donda,155,Common,0.0,5.0,800.0,1700.0,1250.0,0.0,0.0
2021-04-24 00:00:00+05:30,367,Gudimalkapur,1571,Gudumalkapur,155,Donda,155,Common,0.0,197.0,800.0,1400.0,1100.0,0.0,0.0
2021-04-24 00:00:00+05:30,290,Siddipet,1193,Siddipet,69,Sunflower,69,Common,0.0,25.0,6405.0,6455.0,6430.0,0.0,0.0
2021-04-25 00:00:00+05:30,331,Vantimamidi,1612,Vantimamidi,155,Donda,155,Common,0.0,12.0,800.0,2000.0,1400.0,0.0,0.0
2021-04-25 00:00:00+05:30,367,Gudimalkapur,1571,Gudumalkapur,155,Donda,155,Common,0.0,253.0,800.0,1200.0,900.0,0.0,0.0
2021-04-26 00:00:00+05:30,367,Gudimalkapur,1571,Gudumalkapur,155,Donda,155,Common,0.0,244.0,800.0,1200.0,1000.0,0.0,0.0
2021-04-26 00:00:00+05:30,290,Siddipet,1193,Siddipet,69,Sunflower,69,Common,0.0,143.5,6395.0,6485.0,6440.0,0.0,0.0
2021-04-26 00:00:00+05:30,331,Vantimamidi,1612,Vantimamidi,155,Donda,155,Common,0.0,7.0,800.0,2000.0,1400.0,0.0,0.0
2021-04-27 00:00:00+05:30,331,Vantimamidi,1612,Vantimamidi,155,Donda,155,Common,0.0,7.0,600.0,1800.0,1200.0,0.0,0.0
2021-04-27 00:00:00+05:30,367,Gudimalkapur,1571,Gudumalkapur,155,Donda,155,Common,0.0,212.0,800.0,1000.0,900.0,0.0,0.0
2021-04-27 00:00:00+05:30,290,Siddipet,1193,Siddipet,69,Sunflower,69,Common,0.0,33.0,6255.0,6305.0,6280.0,0.0,0.0
2021-04-28 00:00:00+05:30,290,Siddipet,1193,Siddipet,69,Sunflower,69,Common,0.0,13.0,6353.0,6353.0,6353.0,0.0,0.0
2021-04-28 00:00:00+05:30,331,Vantimamidi,1612,Vantimamidi,155,Donda,155,Common,0.0,13.0,500.0,1500.0,1000.0,0.0,0.0
2021-04-28 00:00:00+05:30,367,Gudimalkapur,1571,Gudumalkapur,155,Donda,155,Common,0.0,218.0,800.0,1200.0,1000.0,0.0,0.0
2021-04-29 00:00:00+05:30,331,Vantimamidi,1612,Vantimamidi,155,Donda,155,Common,0.0,8.0,1000.0,1400.0,1200.0,0.0,0.0
2021-04-29 00:00:00+05:30,367,Gudimalkapur,1571,Gudumalkapur,155,Donda,155,Common,0.0,166.0,600.0,1000.0,800.0,0.0,0.0
2021-04-29 00:00:00+05:30,290,Siddipet,1193,Siddipet,69,Sunflower,69,Common,0.0,24.0,6255.0,6311.0,6283.0,0.0,0.0
2021-04-30 00:00:00+05:30,367,Gudimalkapur,1571,Gudumalkapur,155,Donda,155,Common,0.0,176.0,400.0,800.0,600.0,0.0,0.0
2021-04-06 00:00:00+05:30,331,Vantimamidi,1612,Vantimamidi,195,Lobha,199,Common,0.0,73.0,1000.0,1500.0,1250.0,0.0,0.0
2021-04-06 00:00:00+05:30,208,Nizamabad,1080,Nizamabad,68,Tamarind,221,No.I,0.0,29.0,5815.0,8888.0,7366.0,0.0,0.0
2021-04-05 00:00:00+05:30,331,Vantimamidi,1612,Vantimamidi,195,Lobha,199,Common,0.0,53.0,1000.0,1600.0,1300.0,0.0,0.0
2021-04-04 00:00:00+05:30,331,Vantimamidi,1612,Vantimamidi,195,Lobha,199,Common,0.0,61.0,1000.0,1600.0,1300.0,0.0,0.0
2021-04-05 00:00:00+05:30,208,Nizamabad,1080,Nizamabad,68,Tamarind,221,No.I,0.0,92.0,2060.0,9380.0,7750.0,0.0,0.0
2021-04-03 00:00:00+05:30,331,Vantimamidi,1612,Vantimamidi,195,Lobha,199,Common,0.0,61.0,1000.0,1600.0,1300.0,0.0,0.0
2021-04-02 00:00:00+05:30,331,Vantimamidi,1612,Vantimamidi,195,Lobha,199,Common,0.0,42.0,1000.0,1500.0,1250.0,0.0,0.0
2021-04-01 00:00:00+05:30,331,Vantimamidi,1612,Vantimamidi,195,Lobha,199,Common,0.0,38.0,1000.0,1400.0,1200.0,0.0,0.0
2021-04-11 00:00:00+05:30,331,Vantimamidi,1612,Vantimamidi,195,Lobha,199,Common,0.0,54.0,1000.0,2200.0,1600.0,0.0,0.0
2021-04-10 00:00:00+05:30,331,Vantimamidi,1612,Vantimamidi,195,Lobha,199,Common,0.0,67.0,600.0,1200.0,900.0,0.0,0.0
2021-04-10 00:00:00+05:30,208,Nizamabad,1080,Nizamabad,68,Tamarind,221,No.I,0.0,16.0,4700.0,8050.0,6051.0,0.0,0.0
2021-04-10 00:00:00+05:30,324,Bowenpally,3,Bowenpally,147,Green Tamarind,147,Common,0.0,1.0,5000.0,6000.0,5500.0,0.0,0.0
2021-04-09 00:00:00+05:30,290,Siddipet,1193,Siddipet,75,Soyabean,75,Common,0.0,2.8,6926.0,6926.0,6926.0,0.0,0.0
2021-04-09 00:00:00+05:30,331,Vantimamidi,1612,Vantimamidi,195,Lobha,199,Common,0.0,79.0,800.0,1200.0,1000.0,0.0,0.0
2021-04-09 00:00:00+05:30,208,Nizamabad,1080,Nizamabad,68,Tamarind,221,No.I,0.0,52.0,4500.0,9220.0,6825.0,0.0,0.0
2021-04-08 00:00:00+05:30,331,Vantimamidi,1612,Vantimamidi,195,Lobha,199,Common,0.0,47.0,600.0,1300.0,950.0,0.0,0.0
2021-04-07 00:00:00+05:30,331,Vantimamidi,1612,Vantimamidi,195,Lobha,199,Common,0.0,84.0,800.0,1400.0,1100.0,0.0,0.0
2021-04-08 00:00:00+05:30,324,Bowenpally,3,Bowenpally,147,Green Tamarind,147,Common,0.0,2.0,5000.0,8000.0,7000.0,0.0,0.0
2021-04-19 00:00:00+05:30,324,Bowenpally,3,Bowenpally,147,Green Tamarind,147,Common,0.0,5.0,5000.0,7000.0,6500.0,0.0,0.0
2021-04-18 00:00:00+05:30,331,Vantimamidi,1612,Vantimamidi,195,Lobha,199,Common,0.0,113.0,500.0,1000.0,750.0,0.0,0.0
2021-04-17 00:00:00+05:30,331,Vantimamidi,1612,Vantimamidi,195,Lobha,199,Common,0.0,60.0,600.0,1100.0,850.0,0.0,0.0
2021-04-17 00:00:00+05:30,324,Bowenpally,3,Bowenpally,147,Green Tamarind,147,Common,0.0,3.0,7000.0,7000.0,7000.0,0.0,0.0
2021-04-16 00:00:00+05:30,331,Vantimamidi,1612,Vantimamidi,195,Lobha,199,Common,0.0,61.0,600.0,1400.0,1000.0,0.0,0.0
2021-04-16 00:00:00+05:30,208,Nizamabad,1080,Nizamabad,68,Tamarind,221,No.I,0.0,30.0,5211.0,7020.0,5820.0,0.0,0.0
2021-04-15 00:00:00+05:30,331,Vantimamidi,1612,Vantimamidi,195,Lobha,199,Common,0.0,100.0,600.0,1200.0,900.0,0.0,0.0
2021-04-14 00:00:00+05:30,331,Vantimamidi,1612,Vantimamidi,195,Lobha,199,Common,0.0,109.0,600.0,1300.0,950.0,0.0,0.0
2021-04-13 00:00:00+05:30,331,Vantimamidi,1612,Vantimamidi,195,Lobha,199,Common,0.0,40.0,800.0,1800.0,1300.0,0.0,0.0
2021-04-24 00:00:00+05:30,331,Vantimamidi,1612,Vantimamidi,195,Lobha,199,Common,0.0,124.0,500.0,1400.0,950.0,0.0,0.0
2021-04-23 00:00:00+05:30,331,Vantimamidi,1612,Vantimamidi,195,Lobha,199,Common,0.0,119.0,500.0,1000.0,750.0,0.0,0.0
2021-04-22 00:00:00+05:30,331,Vantimamidi,1612,Vantimamidi,195,Lobha,199,Common,0.0,74.0,500.0,1100.0,800.0,0.0,0.0
2021-04-21 00:00:00+05:30,331,Vantimamidi,1612,Vantimamidi,195,Lobha,199,Common,0.0,140.0,400.0,1000.0,700.0,0.0,0.0
2021-04-20 00:00:00+05:30,331,Vantimamidi,1612,Vantimamidi,195,Lobha,199,Common,0.0,86.0,500.0,1000.0,750.0,0.0,0.0
2021-04-20 00:00:00+05:30,324,Bowenpally,3,Bowenpally,147,Green Tamarind,147,Common,0.0,1.0,5000.0,6500.0,6000.0,0.0,0.0
2021-04-19 00:00:00+05:30,331,Vantimamidi,1612,Vantimamidi,195,Lobha,199,Common,0.0,111.0,600.0,1200.0,900.0,0.0,0.0
2021-04-29 00:00:00+05:30,331,Vantimamidi,1612,Vantimamidi,195,Lobha,199,Common,0.0,80.0,400.0,1000.0,700.0,0.0,0.0
2021-04-28 00:00:00+05:30,331,Vantimamidi,1612,Vantimamidi,195,Lobha,199,Common,0.0,128.0,400.0,900.0,650.0,0.0,0.0
2021-04-27 00:00:00+05:30,331,Vantimamidi,1612,Vantimamidi,195,Lobha,199,Common,0.0,123.0,500.0,900.0,700.0,0.0,0.0
2021-04-26 00:00:00+05:30,331,Vantimamidi,1612,Vantimamidi,195,Lobha,199,Common,0.0,62.0,500.0,800.0,650.0,0.0,0.0
2021-04-25 00:00:00+05:30,331,Vantimamidi,1612,Vantimamidi,195,Lobha,199,Common,0.0,78.0,400.0,800.0,600.0,0.0,0.0
2021-04-01 00:00:00+05:30,324,Bowenpally,3,Bowenpally,148,Culinery Banana,148,Common,0.0,213.0,200.0,400.0,300.0,0.0,0.0
2021-04-02 00:00:00+05:30,331,Vantimamidi,1612,Vantimamidi,199,Capsicum,204,Common,0.0,3.0,1500.0,2000.0,1750.0,0.0,0.0
2021-04-02 00:00:00+05:30,324,Bowenpally,3,Bowenpally,148,Culinery Banana,148,Common,0.0,329.0,200.0,400.0,400.0,0.0,0.0
2021-04-03 00:00:00+05:30,324,Bowenpally,3,Bowenpally,148,Culinery Banana,148,Common,0.0,266.0,200.0,400.0,300.0,0.0,0.0
2021-04-03 00:00:00+05:30,331,Vantimamidi,1612,Vantimamidi,199,Capsicum,204,Common,0.0,9.0,1000.0,2000.0,1500.0,0.0,0.0
2021-04-03 00:00:00+05:30,367,Gudimalkapur,1571,Gudumalkapur,195,Lobha,199,Common,0.0,1.0,1000.0,1000.0,1000.0,0.0,0.0
2021-04-04 00:00:00+05:30,367,Gudimalkapur,1571,Gudumalkapur,195,Lobha,199,Common,0.0,3.0,800.0,1200.0,1000.0,0.0,0.0
2021-04-04 00:00:00+05:30,324,Bowenpally,3,Bowenpally,148,Culinery Banana,148,Common,0.0,307.0,200.0,400.0,0.0,0.0,0.0
2021-04-04 00:00:00+05:30,331,Vantimamidi,1612,Vantimamidi,199,Capsicum,204,Common,0.0,3.0,1000.0,1300.0,1150.0,0.0,0.0
2021-04-05 00:00:00+05:30,367,Gudimalkapur,1571,Gudumalkapur,195,Lobha,199,Common,0.0,4.0,800.0,1000.0,900.0,0.0,0.0
2021-04-06 00:00:00+05:30,324,Bowenpally,3,Bowenpally,148,Culinery Banana,148,Common,0.0,252.0,300.0,400.0,350.0,0.0,0.0
2021-04-06 00:00:00+05:30,367,Gudimalkapur,1571,Gudumalkapur,195,Lobha,199,Common,0.0,3.0,800.0,1000.0,900.0,0.0,0.0
2021-04-08 00:00:00+05:30,324,Bowenpally,3,Bowenpally,148,Culinery Banana,148,Common,0.0,176.0,200.0,500.0,400.0,0.0,0.0
2021-04-07 00:00:00+05:30,331,Vantimamidi,1612,Vantimamidi,199,Capsicum,204,Common,0.0,10.0,2000.0,2500.0,2250.0,0.0,0.0
2021-04-07 00:00:00+05:30,367,Gudimalkapur,1571,Gudumalkapur,195,Lobha,199,Common,0.0,5.0,800.0,1000.0,900.0,0.0,0.0
2021-04-07 00:00:00+05:30,324,Bowenpally,3,Bowenpally,148,Culinery Banana,148,Common,0.0,295.0,200.0,400.0,300.0,0.0,0.0
2021-04-08 00:00:00+05:30,331,Vantimamidi,1612,Vantimamidi,199,Capsicum,204,Common,0.0,1.0,5000.0,5000.0,5000.0,0.0,0.0
2021-04-08 00:00:00+05:30,367,Gudimalkapur,1571,Gudumalkapur,195,Lobha,199,Common,0.0,7.0,1000.0,1200.0,1100.0,0.0,0.0
2021-04-09 00:00:00+05:30,324,Bowenpally,3,Bowenpally,148,Culinery Banana,148,Common,0.0,115.0,200.0,400.0,300.0,0.0,0.0
2021-04-09 00:00:00+05:30,331,Vantimamidi,1612,Vantimamidi,199,Capsicum,204,Common,0.0,6.0,2600.0,2600.0,2600.0,0.0,0.0
2021-04-09 00:00:00+05:30,367,Gudimalkapur,1571,Gudumalkapur,195,Lobha,199,Common,0.0,5.0,800.0,1000.0,900.0,0.0,0.0
2021-04-10 00:00:00+05:30,324,Bowenpally,3,Bowenpally,148,Culinery Banana,148,Common,0.0,151.0,200.0,400.0,300.0,0.0,0.0
2021-04-10 00:00:00+05:30,331,Vantimamidi,1612,Vantimamidi,199,Capsicum,204,Common,0.0,8.0,2200.0,2500.0,2350.0,0.0,0.0
2021-04-10 00:00:00+05:30,367,Gudimalkapur,1571,Gudumalkapur,195,Lobha,199,Common,0.0,2.0,800.0,1000.0,900.0,0.0,0.0
2021-04-11 00:00:00+05:30,324,Bowenpally,3,Bowenpally,148,Culinery Banana,148,Common,0.0,285.0,300.0,500.0,500.0,0.0,0.0
2021-04-11 00:00:00+05:30,367,Gudimalkapur,1571,Gudumalkapur,195,Lobha,199,Common,0.0,2.0,800.0,1000.0,900.0,0.0,0.0
2021-04-12 00:00:00+05:30,324,Bowenpally,3,Bowenpally,148,Culinery Banana,148,Common,0.0,169.0,200.0,400.0,300.0,0.0,0.0
2021-04-12 00:00:00+05:30,367,Gudimalkapur,1571,Gudumalkapur,195,Lobha,199,Common,0.0,5.0,800.0,1000.0,900.0,0.0,0.0
2021-04-14 00:00:00+05:30,367,Gudimalkapur,1571,Gudumalkapur,195,Lobha,199,Common,0.0,4.0,1000.0,1000.0,1000.0,0.0,0.0
2021-04-14 00:00:00+05:30,324,Bowenpally,3,Bowenpally,148,Culinery Banana,148,Common,0.0,238.0,200.0,500.0,400.0,0.0,0.0
2021-04-14 00:00:00+05:30,331,Vantimamidi,1612,Vantimamidi,199,Capsicum,204,Common,0.0,5.0,2000.0,2000.0,2000.0,0.0,0.0
2021-04-15 00:00:00+05:30,324,Bowenpally,3,Bowenpally,148,Culinery Banana,148,Common,0.0,203.0,200.0,400.0,300.0,0.0,0.0
2021-04-15 00:00:00+05:30,367,Gudimalkapur,1571,Gudumalkapur,195,Lobha,199,Common,0.0,5.0,800.0,1000.0,900.0,0.0,0.0
2021-04-15 00:00:00+05:30,331,Vantimamidi,1612,Vantimamidi,199,Capsicum,204,Common,0.0,6.0,1500.0,1500.0,1500.0,0.0,0.0
2021-04-16 00:00:00+05:30,324,Bowenpally,3,Bowenpally,148,Culinery Banana,148,Common,0.0,144.0,300.0,500.0,400.0,0.0,0.0
2021-04-16 00:00:00+05:30,331,Vantimamidi,1612,Vantimamidi,199,Capsicum,204,Common,0.0,10.0,1500.0,3000.0,2250.0,0.0,0.0
2021-04-16 00:00:00+05:30,367,Gudimalkapur,1571,Gudumalkapur,195,Lobha,199,Common,0.0,9.0,800.0,1000.0,900.0,0.0,0.0
2021-04-17 00:00:00+05:30,324,Bowenpally,3,Bowenpally,148,Culinery Banana,148,Common,0.0,195.0,200.0,400.0,300.0,0.0,0.0
2021-04-17 00:00:00+05:30,367,Gudimalkapur,1571,Gudumalkapur,195,Lobha,199,Common,0.0,6.0,800.0,1000.0,900.0,0.0,0.0
2021-04-18 00:00:00+05:30,331,Vantimamidi,1612,Vantimamidi,199,Capsicum,204,Common,0.0,11.0,2000.0,2200.0,2100.0,0.0,0.0
2021-04-18 00:00:00+05:30,367,Gudimalkapur,1571,Gudumalkapur,195,Lobha,199,Common,0.0,9.0,800.0,1000.0,900.0,0.0,0.0
2021-04-19 00:00:00+05:30,324,Bowenpally,3,Bowenpally,148,Culinery Banana,148,Common,0.0,227.0,200.0,400.0,300.0,0.0,0.0
2021-04-19 00:00:00+05:30,331,Vantimamidi,1612,Vantimamidi,199,Capsicum,204,Common,0.0,9.0,2000.0,2000.0,2000.0,0.0,0.0
2021-04-19 00:00:00+05:30,367,Gudimalkapur,1571,Gudumalkapur,195,Lobha,199,Common,0.0,4.0,800.0,1000.0,900.0,0.0,0.0
2021-04-20 00:00:00+05:30,324,Bowenpally,3,Bowenpally,148,Culinery Banana,148,Common,0.0,176.0,200.0,400.0,300.0,0.0,0.0
2021-04-20 00:00:00+05:30,331,Vantimamidi,1612,Vantimamidi,199,Capsicum,204,Common,0.0,5.0,2000.0,2000.0,2000.0,0.0,0.0
2021-04-20 00:00:00+05:30,367,Gudimalkapur,1571,Gudumalkapur,195,Lobha,199,Common,0.0,5.0,800.0,1000.0,900.0,0.0,0.0
2021-04-21 00:00:00+05:30,331,Vantimamidi,1612,Vantimamidi,199,Capsicum,204,Common,0.0,5.0,2000.0,2000.0,2000.0,0.0,0.0
2021-04-21 00:00:00+05:30,367,Gudimalkapur,1571,Gudumalkapur,195,Lobha,199,Common,0.0,4.0,800.0,1000.0,900.0,0.0,0.0
2021-04-22 00:00:00+05:30,331,Vantimamidi,1612,Vantimamidi,199,Capsicum,204,Common,0.0,5.0,1500.0,1500.0,1500.0,0.0,0.0
2021-04-22 00:00:00+05:30,367,Gudimalkapur,1571,Gudumalkapur,195,Lobha,199,Common,0.0,11.0,800.0,1000.0,900.0,0.0,0.0
2021-04-22 00:00:00+05:30,208,Nizamabad,1080,Nizamabad,69,Sunflower,69,Common,0.0,14.0,6101.0,6101.0,6101.0,0.0,0.0
2021-04-23 00:00:00+05:30,331,Vantimamidi,1612,Vantimamidi,199,Capsicum,204,Common,0.0,8.0,1000.0,1500.0,1250.0,0.0,0.0
2021-04-23 00:00:00+05:30,367,Gudimalkapur,1571,Gudumalkapur,195,Lobha,199,Common,0.0,7.0,800.0,1000.0,900.0,0.0,0.0
2021-04-24 00:00:00+05:30,367,Gudimalkapur,1571,Gudumalkapur,195,Lobha,199,Common,0.0,8.0,600.0,1000.0,800.0,0.0,0.0
2021-04-25 00:00:00+05:30,367,Gudimalkapur,1571,Gudumalkapur,195,Lobha,199,Common,0.0,5.0,800.0,1000.0,900.0,0.0,0.0
2021-04-26 00:00:00+05:30,367,Gudimalkapur,1571,Gudumalkapur,195,Lobha,199,Common,0.0,5.0,800.0,1000.0,900.0,0.0,0.0
2021-04-27 00:00:00+05:30,331,Vantimamidi,1612,Vantimamidi,199,Capsicum,204,Common,0.0,1.0,1500.0,1500.0,1500.0,0.0,0.0
2021-04-27 00:00:00+05:30,367,Gudimalkapur,1571,Gudumalkapur,195,Lobha,199,Common,0.0,4.0,1000.0,1000.0,1000.0,0.0,0.0
2021-04-28 00:00:00+05:30,331,Vantimamidi,1612,Vantimamidi,199,Capsicum,204,Common,0.0,5.0,2000.0,2000.0,2000.0,0.0,0.0
2021-04-28 00:00:00+05:30,367,Gudimalkapur,1571,Gudumalkapur,195,Lobha,199,Common,0.0,8.0,800.0,1000.0,900.0,0.0,0.0
2021-04-29 00:00:00+05:30,367,Gudimalkapur,1571,Gudumalkapur,195,Lobha,199,Common,0.0,7.0,800.0,1000.0,900.0,0.0,0.0
2021-04-06 00:00:00+05:30,367,Gudimalkapur,1571,Gudumalkapur,197,Green Mangos,202,Common,0.0,30.0,1000.0,1500.0,1200.0,0.0,0.0
2021-04-06 00:00:00+05:30,331,Vantimamidi,1612,Vantimamidi,234,Sweet Corn,280,Local,0.0,279.0,200.0,500.0,350.0,0.0,0.0
2021-04-06 00:00:00+05:30,324,Bowenpally,3,Bowenpally,154,Amla,154,Common,0.0,14.0,3000.0,5500.0,4800.0,0.0,0.0
2021-04-05 00:00:00+05:30,367,Gudimalkapur,1571,Gudumalkapur,197,Green Mangos,202,Common,0.0,33.0,1000.0,1500.0,1200.0,0.0,0.0
2021-04-05 00:00:00+05:30,331,Vantimamidi,1612,Vantimamidi,234,Sweet Corn,280,Local,0.0,202.0,200.0,450.0,325.0,0.0,0.0
2021-04-04 00:00:00+05:30,331,Vantimamidi,1612,Vantimamidi,234,Sweet Corn,280,Local,0.0,206.0,300.0,600.0,450.0,0.0,0.0
2021-04-04 00:00:00+05:30,324,Bowenpally,3,Bowenpally,154,Amla,154,Common,0.0,23.0,4000.0,6500.0,5600.0,0.0,0.0
2021-04-04 00:00:00+05:30,367,Gudimalkapur,1571,Gudumalkapur,197,Green Mangos,202,Common,0.0,40.0,1000.0,1500.0,1200.0,0.0,0.0
2021-04-03 00:00:00+05:30,367,Gudimalkapur,1571,Gudumalkapur,197,Green Mangos,202,Common,0.0,30.0,1000.0,1500.0,1200.0,0.0,0.0
2021-04-03 00:00:00+05:30,331,Vantimamidi,1612,Vantimamidi,234,Sweet Corn,280,Local,0.0,323.0,300.0,700.0,500.0,0.0,0.0
2021-04-03 00:00:00+05:30,324,Bowenpally,3,Bowenpally,154,Amla,154,Common,0.0,12.0,4000.0,5000.0,4800.0,0.0,0.0
2021-04-02 00:00:00+05:30,324,Bowenpally,3,Bowenpally,154,Amla,154,Common,0.0,10.0,3000.0,6500.0,6200.0,0.0,0.0
2021-04-02 00:00:00+05:30,331,Vantimamidi,1612,Vantimamidi,234,Sweet Corn,280,Local,0.0,205.0,300.0,550.0,425.0,0.0,0.0
2021-04-02 00:00:00+05:30,367,Gudimalkapur,1571,Gudumalkapur,197,Green Mangos,202,Common,0.0,35.0,1000.0,1500.0,1200.0,0.0,0.0
2021-04-01 00:00:00+05:30,331,Vantimamidi,1612,Vantimamidi,234,Sweet Corn,280,Local,0.0,210.0,300.0,500.0,400.0,0.0,0.0
2021-04-11 00:00:00+05:30,367,Gudimalkapur,1571,Gudumalkapur,197,Green Mangos,202,Common,0.0,64.0,800.0,1200.0,1000.0,0.0,0.0
2021-04-11 00:00:00+05:30,331,Vantimamidi,1612,Vantimamidi,234,Sweet Corn,280,Local,0.0,115.0,400.0,900.0,650.0,0.0,0.0
2021-04-10 00:00:00+05:30,367,Gudimalkapur,1571,Gudumalkapur,197,Green Mangos,202,Common,0.0,20.0,800.0,1200.0,1000.0,0.0,0.0
2021-04-10 00:00:00+05:30,331,Vantimamidi,1612,Vantimamidi,234,Sweet Corn,280,Local,0.0,147.0,300.0,700.0,500.0,0.0,0.0
2021-04-09 00:00:00+05:30,367,Gudimalkapur,1571,Gudumalkapur,197,Green Mangos,202,Common,0.0,16.0,800.0,1200.0,1000.0,0.0,0.0
2021-04-09 00:00:00+05:30,331,Vantimamidi,1612,Vantimamidi,234,Sweet Corn,280,Local,0.0,223.0,300.0,500.0,400.0,0.0,0.0
2021-04-08 00:00:00+05:30,367,Gudimalkapur,1571,Gudumalkapur,197,Green Mangos,202,Common,0.0,52.0,1000.0,1500.0,1200.0,0.0,0.0
2021-04-08 00:00:00+05:30,331,Vantimamidi,1612,Vantimamidi,234,Sweet Corn,280,Local,0.0,304.0,200.0,500.0,350.0,0.0,0.0
2021-04-07 00:00:00+05:30,367,Gudimalkapur,1571,Gudumalkapur,197,Green Mangos,202,Common,0.0,27.0,600.0,1000.0,800.0,0.0,0.0
2021-04-07 00:00:00+05:30,331,Vantimamidi,1612,Vantimamidi,234,Sweet Corn,280,Local,0.0,185.0,300.0,500.0,400.0,0.0,0.0
2021-04-08 00:00:00+05:30,324,Bowenpally,3,Bowenpally,154,Amla,154,Common,0.0,5.0,1500.0,3000.0,2500.0,0.0,0.0
2021-04-19 00:00:00+05:30,324,Bowenpally,3,Bowenpally,154,Amla,154,Common,0.0,12.0,4500.0,5000.0,4800.0,0.0,0.0
2021-04-18 00:00:00+05:30,367,Gudimalkapur,1571,Gudumalkapur,197,Green Mangos,202,Common,0.0,85.0,800.0,1200.0,1000.0,0.0,0.0
2021-04-18 00:00:00+05:30,331,Vantimamidi,1612,Vantimamidi,234,Sweet Corn,280,Local,0.0,138.0,300.0,600.0,450.0,0.0,0.0
2021-04-17 00:00:00+05:30,367,Gudimalkapur,1571,Gudumalkapur,197,Green Mangos,202,Common,0.0,35.0,500.0,700.0,600.0,0.0,0.0
2021-04-17 00:00:00+05:30,331,Vantimamidi,1612,Vantimamidi,234,Sweet Corn,280,Local,0.0,205.0,200.0,800.0,500.0,0.0,0.0
2021-04-16 00:00:00+05:30,367,Gudimalkapur,1571,Gudumalkapur,197,Green Mangos,202,Common,0.0,11.0,1000.0,1500.0,1200.0,0.0,0.0
2021-04-16 00:00:00+05:30,331,Vantimamidi,1612,Vantimamidi,234,Sweet Corn,280,Local,0.0,90.0,400.0,700.0,550.0,0.0,0.0
2021-04-16 00:00:00+05:30,324,Bowenpally,3,Bowenpally,154,Amla,154,Common,0.0,20.0,1500.0,5000.0,4000.0,0.0,0.0
2021-04-15 00:00:00+05:30,331,Vantimamidi,1612,Vantimamidi,234,Sweet Corn,280,Local,0.0,202.0,300.0,800.0,550.0,0.0,0.0
2021-04-15 00:00:00+05:30,367,Gudimalkapur,1571,Gudumalkapur,197,Green Mangos,202,Common,0.0,84.0,800.0,1200.0,1000.0,0.0,0.0
2021-04-15 00:00:00+05:30,208,Nizamabad,1080,Nizamabad,70,Amchur,70,Common,0.0,6.0,8100.0,17100.0,14100.0,0.0,0.0
2021-04-14 00:00:00+05:30,331,Vantimamidi,1612,Vantimamidi,234,Sweet Corn,280,Local,0.0,211.0,300.0,800.0,550.0,0.0,0.0
2021-04-14 00:00:00+05:30,367,Gudimalkapur,1571,Gudumalkapur,197,Green Mangos,202,Common,0.0,28.0,800.0,1200.0,1000.0,0.0,0.0
2021-04-12 00:00:00+05:30,367,Gudimalkapur,1571,Gudumalkapur,197,Green Mangos,202,Common,0.0,168.0,1000.0,1500.0,1200.0,0.0,0.0
2021-04-13 00:00:00+05:30,331,Vantimamidi,1612,Vantimamidi,234,Sweet Corn,280,Local,0.0,45.0,400.0,1000.0,700.0,0.0,0.0
2021-04-24 00:00:00+05:30,367,Gudimalkapur,1571,Gudumalkapur,197,Green Mangos,202,Common,0.0,63.0,400.0,800.0,600.0,0.0,0.0
2021-04-24 00:00:00+05:30,331,Vantimamidi,1612,Vantimamidi,234,Sweet Corn,280,Local,0.0,245.0,300.0,700.0,500.0,0.0,0.0
2021-04-23 00:00:00+05:30,367,Gudimalkapur,1571,Gudumalkapur,197,Green Mangos,202,Common,0.0,19.0,600.0,800.0,700.0,0.0,0.0
2021-04-23 00:00:00+05:30,331,Vantimamidi,1612,Vantimamidi,234,Sweet Corn,280,Local,0.0,179.0,300.0,600.0,450.0,0.0,0.0
2021-04-23 00:00:00+05:30,208,Nizamabad,1080,Nizamabad,70,Amchur,70,Common,0.0,38.0,9500.0,19600.0,15800.0,0.0,0.0
2021-04-22 00:00:00+05:30,208,Nizamabad,1080,Nizamabad,70,Amchur,70,Common,0.0,94.0,7300.0,21100.0,15300.0,0.0,0.0
2021-04-22 00:00:00+05:30,367,Gudimalkapur,1571,Gudumalkapur,197,Green Mangos,202,Common,0.0,3.0,600.0,800.0,700.0,0.0,0.0
2021-04-22 00:00:00+05:30,331,Vantimamidi,1612,Vantimamidi,234,Sweet Corn,280,Local,0.0,161.0,300.0,600.0,450.0,0.0,0.0
2021-04-21 00:00:00+05:30,367,Gudimalkapur,1571,Gudumalkapur,197,Green Mangos,202,Common,0.0,16.0,800.0,1200.0,1000.0,0.0,0.0
2021-04-21 00:00:00+05:30,331,Vantimamidi,1612,Vantimamidi,234,Sweet Corn,280,Local,0.0,136.0,300.0,600.0,450.0,0.0,0.0
2021-04-20 00:00:00+05:30,367,Gudimalkapur,1571,Gudumalkapur,197,Green Mangos,202,Common,0.0,43.0,800.0,1200.0,1000.0,0.0,0.0
2021-04-20 00:00:00+05:30,331,Vantimamidi,1612,Vantimamidi,234,Sweet Corn,280,Local,0.0,147.0,300.0,600.0,450.0,0.0,0.0
2021-04-20 00:00:00+05:30,324,Bowenpally,3,Bowenpally,154,Amla,154,Common,0.0,29.0,3000.0,5000.0,4200.0,0.0,0.0
2021-04-19 00:00:00+05:30,367,Gudimalkapur,1571,Gudumalkapur,197,Green Mangos,202,Common,0.0,28.0,800.0,1200.0,1000.0,0.0,0.0
2021-04-19 00:00:00+05:30,331,Vantimamidi,1612,Vantimamidi,234,Sweet Corn,280,Local,0.0,160.0,300.0,500.0,400.0,0.0,0.0
2021-04-29 00:00:00+05:30,367,Gudimalkapur,1571,Gudumalkapur,197,Green Mangos,202,Common,0.0,12.0,800.0,1200.0,1000.0,0.0,0.0
2021-04-29 00:00:00+05:30,331,Vantimamidi,1612,Vantimamidi,234,Sweet Corn,280,Local,0.0,108.0,200.0,500.0,350.0,0.0,0.0
2021-04-30 00:00:00+05:30,208,Nizamabad,1080,Nizamabad,70,Amchur,70,Common,0.0,156.0,5700.0,21200.0,16800.0,0.0,0.0
2021-04-28 00:00:00+05:30,367,Gudimalkapur,1571,Gudumalkapur,197,Green Mangos,202,Common,0.0,12.0,1600.0,2000.0,1800.0,0.0,0.0
2021-04-28 00:00:00+05:30,331,Vantimamidi,1612,Vantimamidi,234,Sweet Corn,280,Local,0.0,262.0,200.0,600.0,400.0,0.0,0.0
2021-04-28 00:00:00+05:30,208,Nizamabad,1080,Nizamabad,70,Amchur,70,Common,0.0,524.0,7200.0,20600.0,15800.0,0.0,0.0
2021-04-27 00:00:00+05:30,367,Gudimalkapur,1571,Gudumalkapur,197,Green Mangos,202,Common,0.0,32.0,800.0,1200.0,1000.0,0.0,0.0
2021-04-27 00:00:00+05:30,331,Vantimamidi,1612,Vantimamidi,234,Sweet Corn,280,Local,0.0,189.0,300.0,600.0,450.0,0.0,0.0
2021-04-26 00:00:00+05:30,331,Vantimamidi,1612,Vantimamidi,234,Sweet Corn,280,Local,0.0,152.0,300.0,500.0,400.0,0.0,0.0
2021-04-26 00:00:00+05:30,367,Gudimalkapur,1571,Gudumalkapur,197,Green Mangos,202,Common,0.0,36.0,800.0,1200.0,1000.0,0.0,0.0
2021-04-25 00:00:00+05:30,367,Gudimalkapur,1571,Gudumalkapur,197,Green Mangos,202,Common,0.0,54.0,500.0,700.0,700.0,0.0,0.0
2021-04-25 00:00:00+05:30,331,Vantimamidi,1612,Vantimamidi,234,Sweet Corn,280,Local,0.0,90.0,300.0,600.0,450.0,0.0,0.0
2021-04-30 00:00:00+05:30,367,Gudimalkapur,1571,Gudumalkapur,197,Green Mangos,202,Common,0.0,16.0,800.0,1200.0,1000.0,0.0,0.0
2021-04-01 00:00:00+05:30,324,Bowenpally,3,Bowenpally,155,Donda,155,Common,0.0,426.0,600.0,1800.0,1400.0,0.0,0.0
2021-04-02 00:00:00+05:30,367,Gudimalkapur,1571,Gudumalkapur,198,Arati-Green Plantain,203,Common,0.0,27.0,1000.0,2000.0,1500.0,0.0,0.0
2021-04-02 00:00:00+05:30,324,Bowenpally,3,Bowenpally,155,Donda,155,Common,0.0,379.0,600.0,1800.0,1400.0,0.0,0.0
2021-04-03 00:00:00+05:30,324,Bowenpally,3,Bowenpally,155,Donda,155,Common,0.0,309.0,600.0,1500.0,1200.0,0.0,0.0
2021-04-03 00:00:00+05:30,367,Gudimalkapur,1571,Gudumalkapur,198,Arati-Green Plantain,203,Common,0.0,22.0,1000.0,2000.0,1500.0,0.0,0.0
2021-04-04 00:00:00+05:30,367,Gudimalkapur,1571,Gudumalkapur,198,Arati-Green Plantain,203,Common,0.0,10.0,1000.0,2000.0,1500.0,0.0,0.0
2021-04-04 00:00:00+05:30,324,Bowenpally,3,Bowenpally,155,Donda,155,Common,0.0,446.0,1000.0,2000.0,1800.0,0.0,0.0
2021-04-05 00:00:00+05:30,367,Gudimalkapur,1571,Gudumalkapur,198,Arati-Green Plantain,203,Common,0.0,11.0,1000.0,2000.0,1500.0,0.0,0.0
2021-04-06 00:00:00+05:30,324,Bowenpally,3,Bowenpally,155,Donda,155,Common,0.0,536.0,1000.0,2000.0,1800.0,0.0,0.0
2021-04-06 00:00:00+05:30,367,Gudimalkapur,1571,Gudumalkapur,198,Arati-Green Plantain,203,Common,0.0,9.0,1000.0,1500.0,1250.0,0.0,0.0
2021-04-06 00:00:00+05:30,208,Nizamabad,1080,Nizamabad,75,Soyabean,213,White,0.0,11.0,3955.0,3955.0,3955.0,0.0,0.0
2021-04-08 00:00:00+05:30,324,Bowenpally,3,Bowenpally,155,Donda,155,Common,0.0,248.0,1000.0,1500.0,1400.0,0.0,0.0
2021-04-07 00:00:00+05:30,367,Gudimalkapur,1571,Gudumalkapur,198,Arati-Green Plantain,203,Common,0.0,13.0,1000.0,1500.0,1250.0,0.0,0.0
2021-04-07 00:00:00+05:30,324,Bowenpally,3,Bowenpally,155,Donda,155,Common,0.0,435.0,1000.0,1600.0,1400.0,0.0,0.0
2021-04-08 00:00:00+05:30,367,Gudimalkapur,1571,Gudumalkapur,198,Arati-Green Plantain,203,Common,0.0,6.0,1000.0,1500.0,1200.0,0.0,0.0
2021-04-09 00:00:00+05:30,367,Gudimalkapur,1571,Gudumalkapur,198,Arati-Green Plantain,203,Common,0.0,3.0,1000.0,1500.0,1200.0,0.0,0.0
2021-04-09 00:00:00+05:30,324,Bowenpally,3,Bowenpally,155,Donda,155,Common,0.0,328.0,600.0,1300.0,1000.0,0.0,0.0
2021-04-09 00:00:00+05:30,208,Nizamabad,1080,Nizamabad,75,Soyabean,213,White,0.0,10.0,4500.0,4500.0,4500.0,0.0,0.0
2021-04-10 00:00:00+05:30,367,Gudimalkapur,1571,Gudumalkapur,198,Arati-Green Plantain,203,Common,0.0,15.0,1000.0,2000.0,1500.0,0.0,0.0
2021-04-11 00:00:00+05:30,324,Bowenpally,3,Bowenpally,155,Donda,155,Common,0.0,559.0,800.0,1400.0,1300.0,0.0,0.0
2021-04-10 00:00:00+05:30,324,Bowenpally,3,Bowenpally,155,Donda,155,Common,0.0,397.0,700.0,1600.0,1400.0,0.0,0.0
2021-04-11 00:00:00+05:30,367,Gudimalkapur,1571,Gudumalkapur,198,Arati-Green Plantain,203,Common,0.0,15.0,1000.0,2000.0,1500.0,0.0,0.0
2021-04-12 00:00:00+05:30,324,Bowenpally,3,Bowenpally,155,Donda,155,Common,0.0,382.0,1000.0,1500.0,1300.0,0.0,0.0
2021-04-12 00:00:00+05:30,367,Gudimalkapur,1571,Gudumalkapur,198,Arati-Green Plantain,203,Common,0.0,9.0,1000.0,2000.0,1500.0,0.0,0.0
2021-04-14 00:00:00+05:30,367,Gudimalkapur,1571,Gudumalkapur,198,Arati-Green Plantain,203,Common,0.0,19.0,1000.0,2000.0,1500.0,0.0,0.0
2021-04-14 00:00:00+05:30,324,Bowenpally,3,Bowenpally,155,Donda,155,Common,0.0,224.0,600.0,1500.0,1200.0,0.0,0.0
2021-04-15 00:00:00+05:30,324,Bowenpally,3,Bowenpally,155,Donda,155,Common,0.0,272.0,800.0,1600.0,1400.0,0.0,0.0
2021-04-15 00:00:00+05:30,367,Gudimalkapur,1571,Gudumalkapur,198,Arati-Green Plantain,203,Common,0.0,11.0,1000.0,2000.0,1500.0,0.0,0.0
2021-04-16 00:00:00+05:30,324,Bowenpally,3,Bowenpally,155,Donda,155,Common,0.0,536.0,400.0,1600.0,1400.0,0.0,0.0
2021-04-16 00:00:00+05:30,367,Gudimalkapur,1571,Gudumalkapur,198,Arati-Green Plantain,203,Common,0.0,7.0,1500.0,2000.0,1800.0,0.0,0.0
2021-04-17 00:00:00+05:30,324,Bowenpally,3,Bowenpally,155,Donda,155,Common,0.0,552.0,400.0,1600.0,1400.0,0.0,0.0
2021-04-17 00:00:00+05:30,367,Gudimalkapur,1571,Gudumalkapur,198,Arati-Green Plantain,203,Common,0.0,11.0,1000.0,2000.0,1500.0,0.0,0.0
2021-04-18 00:00:00+05:30,367,Gudimalkapur,1571,Gudumalkapur,198,Arati-Green Plantain,203,Common,0.0,7.0,1000.0,2000.0,1500.0,0.0,0.0
2021-04-19 00:00:00+05:30,324,Bowenpally,3,Bowenpally,155,Donda,155,Common,0.0,423.0,800.0,1600.0,1400.0,0.0,0.0
2021-04-19 00:00:00+05:30,367,Gudimalkapur,1571,Gudumalkapur,198,Arati-Green Plantain,203,Common,0.0,15.0,1000.0,2000.0,1500.0,0.0,0.0
2021-04-20 00:00:00+05:30,324,Bowenpally,3,Bowenpally,155,Donda,155,Common,0.0,224.0,800.0,1600.0,1400.0,0.0,0.0
2021-04-20 00:00:00+05:30,367,Gudimalkapur,1571,Gudumalkapur,198,Arati-Green Plantain,203,Common,0.0,14.0,1500.0,2000.0,1800.0,0.0,0.0
2021-04-21 00:00:00+05:30,367,Gudimalkapur,1571,Gudumalkapur,198,Arati-Green Plantain,203,Common,0.0,12.0,1000.0,2000.0,1500.0,0.0,0.0
2021-04-22 00:00:00+05:30,367,Gudimalkapur,1571,Gudumalkapur,198,Arati-Green Plantain,203,Common,0.0,5.0,1500.0,2000.0,1800.0,0.0,0.0
2021-04-23 00:00:00+05:30,367,Gudimalkapur,1571,Gudumalkapur,198,Arati-Green Plantain,203,Common,0.0,10.0,1000.0,2000.0,1500.0,0.0,0.0
2021-04-24 00:00:00+05:30,367,Gudimalkapur,1571,Gudumalkapur,198,Arati-Green Plantain,203,Common,0.0,8.0,1000.0,2000.0,1500.0,0.0,0.0
2021-04-30 00:00:00+05:30,367,Gudimalkapur,1571,Gudumalkapur,198,Arati-Green Plantain,203,Common,0.0,3.0,1000.0,2000.0,1500.0,0.0,0.0
2021-04-25 00:00:00+05:30,367,Gudimalkapur,1571,Gudumalkapur,198,Arati-Green Plantain,203,Common,0.0,33.0,1000.0,1500.0,1200.0,0.0,0.0
2021-04-26 00:00:00+05:30,367,Gudimalkapur,1571,Gudumalkapur,198,Arati-Green Plantain,203,Common,0.0,6.0,1000.0,2000.0,1500.0,0.0,0.0
2021-04-27 00:00:00+05:30,367,Gudimalkapur,1571,Gudumalkapur,198,Arati-Green Plantain,203,Common,0.0,16.0,1000.0,1500.0,1200.0,0.0,0.0
2021-04-28 00:00:00+05:30,208,Nizamabad,1080,Nizamabad,75,Soyabean,213,White,0.0,10.0,4500.0,4500.0,4500.0,0.0,0.0
2021-04-28 00:00:00+05:30,367,Gudimalkapur,1571,Gudumalkapur,198,Arati-Green Plantain,203,Common,0.0,3.0,1000.0,2000.0,1500.0,0.0,0.0
2021-04-29 00:00:00+05:30,367,Gudimalkapur,1571,Gudumalkapur,198,Arati-Green Plantain,203,Common,0.0,13.0,1000.0,1500.0,1200.0,0.0,0.0
2021-04-06 00:00:00+05:30,367,Gudimalkapur,1571,Gudumalkapur,199,Capsicum,204,Common,0.0,41.0,1600.0,2000.0,1800.0,0.0,0.0
2021-04-06 00:00:00+05:30,324,Bowenpally,3,Bowenpally,195,Lobha,199,Common,0.0,17.0,1000.0,2000.0,1800.0,0.0,0.0
2021-04-05 00:00:00+05:30,367,Gudimalkapur,1571,Gudumalkapur,199,Capsicum,204,Common,0.0,46.0,1500.0,2500.0,2000.0,0.0,0.0
2021-04-04 00:00:00+05:30,324,Bowenpally,3,Bowenpally,195,Lobha,199,Common,0.0,15.0,1000.0,2000.0,1800.0,0.0,0.0
2021-04-04 00:00:00+05:30,367,Gudimalkapur,1571,Gudumalkapur,199,Capsicum,204,Common,0.0,36.0,1500.0,2500.0,2000.0,0.0,0.0
2021-04-03 00:00:00+05:30,367,Gudimalkapur,1571,Gudumalkapur,199,Capsicum,204,Common,0.0,57.0,1000.0,2000.0,1500.0,0.0,0.0
2021-04-03 00:00:00+05:30,324,Bowenpally,3,Bowenpally,195,Lobha,199,Common,0.0,5.0,1000.0,1800.0,1600.0,0.0,0.0
2021-04-02 00:00:00+05:30,324,Bowenpally,3,Bowenpally,195,Lobha,199,Common,0.0,5.0,800.0,1500.0,1300.0,0.0,0.0
2021-04-02 00:00:00+05:30,367,Gudimalkapur,1571,Gudumalkapur,199,Capsicum,204,Common,0.0,65.0,1000.0,2000.0,1500.0,0.0,0.0
2021-04-01 00:00:00+05:30,324,Bowenpally,3,Bowenpally,195,Lobha,199,Common,0.0,9.0,1000.0,2000.0,1600.0,0.0,0.0
2021-04-12 00:00:00+05:30,324,Bowenpally,3,Bowenpally,195,Lobha,199,Common,0.0,16.0,1000.0,1500.0,1300.0,0.0,0.0
2021-04-11 00:00:00+05:30,367,Gudimalkapur,1571,Gudumalkapur,199,Capsicum,204,Common,0.0,56.0,1600.0,2000.0,1800.0,0.0,0.0
2021-04-10 00:00:00+05:30,324,Bowenpally,3,Bowenpally,195,Lobha,199,Common,0.0,13.0,500.0,1000.0,800.0,0.0,0.0
2021-04-11 00:00:00+05:30,324,Bowenpally,3,Bowenpally,195,Lobha,199,Common,0.0,18.0,1000.0,2500.0,2000.0,0.0,0.0
2021-04-10 00:00:00+05:30,367,Gudimalkapur,1571,Gudumalkapur,199,Capsicum,204,Common,0.0,65.0,1600.0,2000.0,1800.0,0.0,0.0
2021-04-09 00:00:00+05:30,324,Bowenpally,3,Bowenpally,195,Lobha,199,Common,0.0,9.0,800.0,1500.0,1300.0,0.0,0.0
2021-04-09 00:00:00+05:30,367,Gudimalkapur,1571,Gudumalkapur,199,Capsicum,204,Common,0.0,56.0,1600.0,2000.0,1800.0,0.0,0.0
2021-04-08 00:00:00+05:30,367,Gudimalkapur,1571,Gudumalkapur,199,Capsicum,204,Common,0.0,34.0,1500.0,2500.0,2000.0,0.0,0.0
2021-04-07 00:00:00+05:30,324,Bowenpally,3,Bowenpally,195,Lobha,199,Common,0.0,16.0,1000.0,1500.0,1300.0,0.0,0.0
2021-04-07 00:00:00+05:30,367,Gudimalkapur,1571,Gudumalkapur,199,Capsicum,204,Common,0.0,16.0,1500.0,2500.0,2000.0,0.0,0.0
2021-04-08 00:00:00+05:30,324,Bowenpally,3,Bowenpally,195,Lobha,199,Common,0.0,15.0,1000.0,1500.0,1300.0,0.0,0.0
2021-04-19 00:00:00+05:30,324,Bowenpally,3,Bowenpally,195,Lobha,199,Common,0.0,27.0,600.0,800.0,700.0,0.0,0.0
2021-04-18 00:00:00+05:30,367,Gudimalkapur,1571,Gudumalkapur,199,Capsicum,204,Common,0.0,101.0,1500.0,2000.0,1800.0,0.0,0.0
2021-04-17 00:00:00+05:30,367,Gudimalkapur,1571,Gudumalkapur,199,Capsicum,204,Common,0.0,67.0,1600.0,2000.0,1800.0,0.0,0.0
2021-04-17 00:00:00+05:30,324,Bowenpally,3,Bowenpally,195,Lobha,199,Common,0.0,20.0,800.0,1500.0,1200.0,0.0,0.0
2021-04-16 00:00:00+05:30,367,Gudimalkapur,1571,Gudumalkapur,199,Capsicum,204,Common,0.0,66.0,1600.0,2000.0,1800.0,0.0,0.0
2021-04-16 00:00:00+05:30,324,Bowenpally,3,Bowenpally,195,Lobha,199,Common,0.0,23.0,1000.0,1500.0,1300.0,0.0,0.0
2021-04-15 00:00:00+05:30,367,Gudimalkapur,1571,Gudumalkapur,199,Capsicum,204,Common,0.0,63.0,1500.0,2000.0,1800.0,0.0,0.0
2021-04-15 00:00:00+05:30,324,Bowenpally,3,Bowenpally,195,Lobha,199,Common,0.0,37.0,600.0,1500.0,1200.0,0.0,0.0
2021-04-14 00:00:00+05:30,324,Bowenpally,3,Bowenpally,195,Lobha,199,Common,0.0,24.0,500.0,1000.0,800.0,0.0,0.0
2021-04-14 00:00:00+05:30,367,Gudimalkapur,1571,Gudumalkapur,199,Capsicum,204,Common,0.0,40.0,1500.0,2000.0,1800.0,0.0,0.0
2021-04-12 00:00:00+05:30,367,Gudimalkapur,1571,Gudumalkapur,199,Capsicum,204,Common,0.0,48.0,1500.0,2500.0,2000.0,0.0,0.0
2021-04-24 00:00:00+05:30,367,Gudimalkapur,1571,Gudumalkapur,199,Capsicum,204,Common,0.0,61.0,1600.0,2000.0,1800.0,0.0,0.0
2021-04-23 00:00:00+05:30,367,Gudimalkapur,1571,Gudumalkapur,199,Capsicum,204,Common,0.0,51.0,1500.0,2000.0,1800.0,0.0,0.0
2021-04-22 00:00:00+05:30,367,Gudimalkapur,1571,Gudumalkapur,199,Capsicum,204,Common,0.0,67.0,1500.0,2000.0,1800.0,0.0,0.0
2021-04-21 00:00:00+05:30,367,Gudimalkapur,1571,Gudumalkapur,199,Capsicum,204,Common,0.0,58.0,1600.0,2000.0,1800.0,0.0,0.0
2021-04-20 00:00:00+05:30,367,Gudimalkapur,1571,Gudumalkapur,199,Capsicum,204,Common,0.0,126.0,1500.0,2000.0,1800.0,0.0,0.0
2021-04-20 00:00:00+05:30,324,Bowenpally,3,Bowenpally,195,Lobha,199,Common,0.0,30.0,600.0,1500.0,1200.0,0.0,0.0
2021-04-19 00:00:00+05:30,367,Gudimalkapur,1571,Gudumalkapur,199,Capsicum,204,Common,0.0,77.0,1500.0,2000.0,1800.0,0.0,0.0
2021-04-29 00:00:00+05:30,367,Gudimalkapur,1571,Gudumalkapur,199,Capsicum,204,Common,0.0,52.0,1500.0,2500.0,2000.0,0.0,0.0
2021-04-28 00:00:00+05:30,367,Gudimalkapur,1571,Gudumalkapur,199,Capsicum,204,Common,0.0,15.0,1500.0,2000.0,2000.0,0.0,0.0
2021-04-27 00:00:00+05:30,367,Gudimalkapur,1571,Gudumalkapur,199,Capsicum,204,Common,0.0,75.0,1000.0,2000.0,1500.0,0.0,0.0
2021-04-26 00:00:00+05:30,367,Gudimalkapur,1571,Gudumalkapur,199,Capsicum,204,Common,0.0,27.0,1000.0,2000.0,1500.0,0.0,0.0
2021-04-25 00:00:00+05:30,367,Gudimalkapur,1571,Gudumalkapur,199,Capsicum,204,Common,0.0,95.0,1000.0,2000.0,1500.0,0.0,0.0
2021-04-30 00:00:00+05:30,367,Gudimalkapur,1571,Gudumalkapur,199,Capsicum,204,Common,0.0,35.0,1500.0,2000.0,1800.0,0.0,0.0
2021-04-01 00:00:00+05:30,324,Bowenpally,3,Bowenpally,197,Green Mangos,202,Common,0.0,495.0,1000.0,2600.0,2000.0,0.0,0.0
2021-04-02 00:00:00+05:30,324,Bowenpally,3,Bowenpally,197,Green Mangos,202,Common,0.0,609.0,600.0,3000.0,2100.0,0.0,0.0
2021-04-03 00:00:00+05:30,324,Bowenpally,3,Bowenpally,197,Green Mangos,202,Common,0.0,419.0,1000.0,3000.0,2500.0,0.0,0.0
2021-04-04 00:00:00+05:30,324,Bowenpally,3,Bowenpally,197,Green Mangos,202,Common,0.0,716.0,800.0,2400.0,1900.0,0.0,0.0
2021-04-06 00:00:00+05:30,324,Bowenpally,3,Bowenpally,197,Green Mangos,202,Common,0.0,524.0,400.0,3000.0,2500.0,0.0,0.0
2021-04-08 00:00:00+05:30,324,Bowenpally,3,Bowenpally,197,Green Mangos,202,Common,0.0,610.0,800.0,2400.0,2000.0,0.0,0.0
2021-04-07 00:00:00+05:30,324,Bowenpally,3,Bowenpally,197,Green Mangos,202,Common,0.0,577.0,800.0,2200.0,1800.0,0.0,0.0
2021-04-09 00:00:00+05:30,324,Bowenpally,3,Bowenpally,197,Green Mangos,202,Common,0.0,348.0,400.0,2400.0,2000.0,0.0,0.0
2021-04-09 00:00:00+05:30,208,Nizamabad,1080,Nizamabad,217,mustard,284,Common,0.0,1.0,4359.0,4359.0,4359.0,0.0,0.0
2021-04-11 00:00:00+05:30,324,Bowenpally,3,Bowenpally,197,Green Mangos,202,Common,0.0,758.0,600.0,2600.0,1900.0,0.0,0.0
2021-04-10 00:00:00+05:30,324,Bowenpally,3,Bowenpally,197,Green Mangos,202,Common,0.0,499.0,600.0,2400.0,1800.0,0.0,0.0
2021-04-12 00:00:00+05:30,324,Bowenpally,3,Bowenpally,197,Green Mangos,202,Common,0.0,1267.0,400.0,2400.0,2000.0,0.0,0.0
2021-04-14 00:00:00+05:30,324,Bowenpally,3,Bowenpally,197,Green Mangos,202,Common,0.0,367.0,800.0,2200.0,1800.0,0.0,0.0
2021-04-15 00:00:00+05:30,324,Bowenpally,3,Bowenpally,197,Green Mangos,202,Common,0.0,421.0,600.0,2600.0,1800.0,0.0,0.0
2021-04-16 00:00:00+05:30,324,Bowenpally,3,Bowenpally,197,Green Mangos,202,Common,0.0,400.0,400.0,2400.0,2000.0,0.0,0.0
2021-04-17 00:00:00+05:30,324,Bowenpally,3,Bowenpally,197,Green Mangos,202,Common,0.0,423.0,400.0,2400.0,1600.0,0.0,0.0
2021-04-19 00:00:00+05:30,324,Bowenpally,3,Bowenpally,197,Green Mangos,202,Common,0.0,464.0,600.0,2600.0,2000.0,0.0,0.0
2021-04-20 00:00:00+05:30,324,Bowenpally,3,Bowenpally,197,Green Mangos,202,Common,0.0,262.0,600.0,2000.0,1800.0,0.0,0.0
2021-04-20 00:00:00+05:30,208,Nizamabad,1080,Nizamabad,217,mustard,284,Common,0.0,1.0,4444.0,4444.0,4444.0,0.0,0.0
2021-04-06 00:00:00+05:30,324,Bowenpally,3,Bowenpally,199,Capsicum,204,Common,0.0,700.0,1500.0,3300.0,2600.0,0.0,0.0
2021-04-04 00:00:00+05:30,324,Bowenpally,3,Bowenpally,199,Capsicum,204,Common,0.0,699.0,1000.0,2800.0,2200.0,0.0,0.0
2021-04-03 00:00:00+05:30,324,Bowenpally,3,Bowenpally,199,Capsicum,204,Common,0.0,689.0,1000.0,2800.0,2200.0,0.0,0.0
2021-04-02 00:00:00+05:30,324,Bowenpally,3,Bowenpally,199,Capsicum,204,Common,0.0,625.0,1000.0,2800.0,2300.0,0.0,0.0
2021-04-01 00:00:00+05:30,324,Bowenpally,3,Bowenpally,199,Capsicum,204,Common,0.0,976.0,1000.0,2800.0,2200.0,0.0,0.0
2021-04-06 00:00:00+05:30,208,Nizamabad,1080,Nizamabad,220,Bazra,246,common,0.0,1.0,1315.0,1315.0,1315.0,0.0,0.0
2021-04-12 00:00:00+05:30,324,Bowenpally,3,Bowenpally,199,Capsicum,204,Common,0.0,1002.0,1000.0,2800.0,2500.0,0.0,0.0
2021-04-10 00:00:00+05:30,324,Bowenpally,3,Bowenpally,199,Capsicum,204,Common,0.0,426.0,1500.0,2800.0,2500.0,0.0,0.0
2021-04-11 00:00:00+05:30,324,Bowenpally,3,Bowenpally,199,Capsicum,204,Common,0.0,621.0,1500.0,2900.0,2500.0,0.0,0.0
2021-04-09 00:00:00+05:30,324,Bowenpally,3,Bowenpally,199,Capsicum,204,Common,0.0,553.0,1000.0,3000.0,2500.0,0.0,0.0
2021-04-07 00:00:00+05:30,324,Bowenpally,3,Bowenpally,199,Capsicum,204,Common,0.0,332.0,1000.0,3200.0,2600.0,0.0,0.0
2021-04-08 00:00:00+05:30,324,Bowenpally,3,Bowenpally,199,Capsicum,204,Common,0.0,450.0,1200.0,2500.0,2000.0,0.0,0.0
2021-04-19 00:00:00+05:30,324,Bowenpally,3,Bowenpally,199,Capsicum,204,Common,0.0,1065.0,1000.0,2200.0,2000.0,0.0,0.0
2021-04-17 00:00:00+05:30,324,Bowenpally,3,Bowenpally,199,Capsicum,204,Common,0.0,861.0,1000.0,2500.0,2000.0,0.0,0.0
2021-04-16 00:00:00+05:30,324,Bowenpally,3,Bowenpally,199,Capsicum,204,Common,0.0,840.0,1000.0,2500.0,2000.0,0.0,0.0
2021-04-15 00:00:00+05:30,324,Bowenpally,3,Bowenpally,199,Capsicum,204,Common,0.0,975.0,1000.0,3000.0,2500.0,0.0,0.0
2021-04-14 00:00:00+05:30,324,Bowenpally,3,Bowenpally,199,Capsicum,204,Common,0.0,463.0,1000.0,3000.0,2500.0,0.0,0.0
2021-04-20 00:00:00+05:30,324,Bowenpally,3,Bowenpally,199,Capsicum,204,Common,0.0,720.0,1000.0,2500.0,2000.0,0.0,0.0
2021-04-06 00:00:00+05:30,324,Bowenpally,3,Bowenpally,200,ChowChow,205,Common,0.0,6.0,300.0,500.0,400.0,0.0,0.0
2021-04-08 00:00:00+05:30,324,Bowenpally,3,Bowenpally,200,ChowChow,205,Common,0.0,1.0,500.0,800.0,700.0,0.0,0.0
2021-04-11 00:00:00+05:30,324,Bowenpally,3,Bowenpally,200,ChowChow,205,Common,0.0,8.0,500.0,1500.0,1200.0,0.0,0.0
2021-04-10 00:00:00+05:30,324,Bowenpally,3,Bowenpally,200,ChowChow,205,Common,0.0,5.0,800.0,1000.0,900.0,0.0,0.0
2021-04-12 00:00:00+05:30,324,Bowenpally,3,Bowenpally,200,ChowChow,205,Common,0.0,6.0,600.0,1000.0,800.0,0.0,0.0
2021-04-17 00:00:00+05:30,324,Bowenpally,3,Bowenpally,200,ChowChow,205,Common,0.0,3.0,300.0,600.0,500.0,0.0,0.0
2021-04-17 00:00:00+05:30,367,Gudimalkapur,1571,Gudumalkapur,213,Salgam,212,Common,0.0,5.0,600.0,800.0,700.0,0.0,0.0
2021-04-19 00:00:00+05:30,324,Bowenpally,3,Bowenpally,200,ChowChow,205,Common,0.0,12.0,500.0,600.0,550.0,0.0,0.0
2021-04-19 00:00:00+05:30,367,Gudimalkapur,1571,Gudumalkapur,213,Salgam,212,Common,0.0,9.0,600.0,800.0,700.0,0.0,0.0
2021-04-06 00:00:00+05:30,324,Bowenpally,3,Bowenpally,209,Green Chillies (Bold),209,common,0.0,186.0,1000.0,2500.0,2000.0,0.0,0.0
2021-04-04 00:00:00+05:30,324,Bowenpally,3,Bowenpally,209,Green Chillies (Bold),209,common,0.0,237.0,2000.0,3200.0,2900.0,0.0,0.0
2021-04-01 00:00:00+05:30,324,Bowenpally,3,Bowenpally,209,Green Chillies (Bold),209,common,0.0,81.0,1500.0,2500.0,2200.0,0.0,0.0
2021-04-02 00:00:00+05:30,324,Bowenpally,3,Bowenpally,209,Green Chillies (Bold),209,common,0.0,190.0,1500.0,3000.0,2600.0,0.0,0.0
2021-04-03 00:00:00+05:30,324,Bowenpally,3,Bowenpally,209,Green Chillies (Bold),209,common,0.0,57.0,2000.0,3500.0,3000.0,0.0,0.0
2021-04-12 00:00:00+05:30,324,Bowenpally,3,Bowenpally,209,Green Chillies (Bold),209,common,0.0,216.0,1000.0,3000.0,2500.0,0.0,0.0
2021-04-10 00:00:00+05:30,324,Bowenpally,3,Bowenpally,209,Green Chillies (Bold),209,common,0.0,182.0,1000.0,3000.0,2500.0,0.0,0.0
2021-04-11 00:00:00+05:30,324,Bowenpally,3,Bowenpally,209,Green Chillies (Bold),209,common,0.0,103.0,500.0,3000.0,2100.0,0.0,0.0
2021-04-09 00:00:00+05:30,324,Bowenpally,3,Bowenpally,209,Green Chillies (Bold),209,common,0.0,147.0,800.0,2500.0,2000.0,0.0,0.0
2021-04-08 00:00:00+05:30,324,Bowenpally,3,Bowenpally,209,Green Chillies (Bold),209,common,0.0,261.0,500.0,2000.0,1600.0,0.0,0.0
2021-04-07 00:00:00+05:30,324,Bowenpally,3,Bowenpally,209,Green Chillies (Bold),209,common,0.0,240.0,500.0,2500.0,2000.0,0.0,0.0
2021-04-19 00:00:00+05:30,324,Bowenpally,3,Bowenpally,209,Green Chillies (Bold),209,common,0.0,27.0,1000.0,3000.0,2500.0,0.0,0.0
2021-04-17 00:00:00+05:30,324,Bowenpally,3,Bowenpally,209,Green Chillies (Bold),209,common,0.0,235.0,800.0,2000.0,1800.0,0.0,0.0
2021-04-16 00:00:00+05:30,324,Bowenpally,3,Bowenpally,209,Green Chillies (Bold),209,common,0.0,121.0,1000.0,3000.0,2500.0,0.0,0.0
2021-04-14 00:00:00+05:30,324,Bowenpally,3,Bowenpally,209,Green Chillies (Bold),209,common,0.0,229.0,1000.0,3000.0,2500.0,0.0,0.0
2021-04-15 00:00:00+05:30,324,Bowenpally,3,Bowenpally,209,Green Chillies (Bold),209,common,0.0,192.0,800.0,2800.0,2200.0,0.0,0.0
2021-04-20 00:00:00+05:30,324,Bowenpally,3,Bowenpally,209,Green Chillies (Bold),209,common,0.0,136.0,500.0,2500.0,2000.0,0.0,0.0
2021-04-21 00:00:00+05:30,324,Bowenpally,3,Bowenpally,209,Green Chillies (Bold),209,common,0.0,125.0,500.0,1500.0,1200.0,0.0,0.0
2021-04-30 00:00:00+05:30,324,Bowenpally,3,Bowenpally,209,Green Chillies (Bold),209,common,0.0,214.0,1000.0,2500.0,2300.0,0.0,0.0
2021-04-03 00:00:00+05:30,324,Bowenpally,3,Bowenpally,234,Sweet Corn,280,Local,0.0,501.0,500.0,900.0,800.0,0.0,0.0
2021-04-02 00:00:00+05:30,324,Bowenpally,3,Bowenpally,234,Sweet Corn,280,Local,0.0,213.0,300.0,600.0,500.0,0.0,0.0
2021-04-01 00:00:00+05:30,324,Bowenpally,3,Bowenpally,234,Sweet Corn,280,Local,0.0,381.0,400.0,800.0,700.0,0.0,0.0
2021-04-04 00:00:00+05:30,324,Bowenpally,3,Bowenpally,234,Sweet Corn,280,Local,0.0,479.0,400.0,800.0,700.0,0.0,0.0
2021-04-06 00:00:00+05:30,324,Bowenpally,3,Bowenpally,234,Sweet Corn,280,Local,0.0,220.0,400.0,900.0,700.0,0.0,0.0
2021-04-07 00:00:00+05:30,324,Bowenpally,3,Bowenpally,234,Sweet Corn,280,Local,0.0,364.0,500.0,800.0,700.0,0.0,0.0
2021-04-08 00:00:00+05:30,324,Bowenpally,3,Bowenpally,234,Sweet Corn,280,Local,0.0,217.0,400.0,900.0,800.0,0.0,0.0
2021-04-09 00:00:00+05:30,324,Bowenpally,3,Bowenpally,234,Sweet Corn,280,Local,0.0,419.0,400.0,800.0,600.0,0.0,0.0
2021-04-11 00:00:00+05:30,324,Bowenpally,3,Bowenpally,234,Sweet Corn,280,Local,0.0,269.0,400.0,800.0,700.0,0.0,0.0
2021-04-10 00:00:00+05:30,324,Bowenpally,3,Bowenpally,234,Sweet Corn,280,Local,0.0,105.0,300.0,1000.0,800.0,0.0,0.0
2021-04-12 00:00:00+05:30,324,Bowenpally,3,Bowenpally,234,Sweet Corn,280,Local,0.0,362.0,400.0,1000.0,800.0,0.0,0.0
2021-04-15 00:00:00+05:30,324,Bowenpally,3,Bowenpally,234,Sweet Corn,280,Local,0.0,386.0,500.0,1100.0,900.0,0.0,0.0
2021-04-14 00:00:00+05:30,324,Bowenpally,3,Bowenpally,234,Sweet Corn,280,Local,0.0,221.0,300.0,1000.0,800.0,0.0,0.0
2021-04-16 00:00:00+05:30,324,Bowenpally,3,Bowenpally,234,Sweet Corn,280,Local,0.0,188.0,500.0,1100.0,900.0,0.0,0.0
2021-04-17 00:00:00+05:30,324,Bowenpally,3,Bowenpally,234,Sweet Corn,280,Local,0.0,282.0,300.0,800.0,600.0,0.0,0.0
2021-04-19 00:00:00+05:30,324,Bowenpally,3,Bowenpally,234,Sweet Corn,280,Local,0.0,311.0,300.0,500.0,400.0,0.0,0.0
2021-04-20 00:00:00+05:30,324,Bowenpally,3,Bowenpally,234,Sweet Corn,280,Local,0.0,250.0,300.0,600.0,500.0,0.0,0.0
