DDate,AmcCode,AmcName,YardCode,YardName,CommCode,CommName,VarityCode,VarityName,ProgArrivals,Arrivals,Minimum,Maximum,Model,Valuation,MarketFee
2025-10-01 00:00:00+05:30,323,Gaddiannaram,2,L.B Nagar,98,Cabbage,98,Common,0.0,59.0,500.0,800.0,650.0,0.0,0.0
2025-10-01 00:00:00+05:30,324,Bowenpally,3,Bowenpally,55,Onions,55,Common,0.0,397.0,800.0,1700.0,1300.0,0.0,0.0
2025-10-01 00:00:00+05:30,325,Hyderabad,6,Madannapeta,98,Cabbage,98,Common,0.0,20.0,800.0,1200.0,1000.0,0.0,0.0
2025-10-01 00:00:00+05:30,325,Hyderabad,7,Meeralamandi,98,Cabbage,98,Common,0.0,3.0,1200.0,1500.0,1350.0,0.0,0.0
2025-10-01 00:00:00+05:30,367,Gudimalkapur,1571,Gudumalkapur,55,Onions,55,Common,0.0,1678.0,500.0,1600.0,1200.0,0.0,0.0
2025-10-02 00:00:00+05:30,324,Bowenpally,3,Bowenpally,55,Onions,55,Common,0.0,363.0,500.0,1800.0,1400.0,0.0,0.0
2025-10-02 00:00:00+05:30,323,Gaddiannaram,2,L.B Nagar,98,Cabbage,98,Common,0.0,63.0,600.0,1000.0,800.0,0.0,0.0
2025-10-02 00:00:00+05:30,325,Hyderabad,6,Madannapeta,98,Cabbage,98,Common,0.0,25.0,800.0,1200.0,1000.0,0.0,0.0
2025-10-02 00:00:00+05:30,367,Gudimalkapur,1571,Gudumalkapur,55,Onions,55,Common,0.0,1081.0,800.0,1600.0,1400.0,0.0,0.0
2025-10-03 00:00:00+05:30,324,Bowenpally,3,Bowenpally,55,Onions,55,Common,0.0,272.0,400.0,1600.0,1300.0,0.0,0.0
2025-10-03 00:00:00+05:30,325,Hyderabad,6,Madannapeta,98,Cabbage,98,Common,0.0,30.0,1000.0,1200.0,1100.0,0.0,0.0
2025-10-03 00:00:00+05:30,367,Gudimalkapur,1571,Gudumalkapur,55,Onions,55,Common,0.0,987.0,400.0,1800.0,1200.0,0.0,0.0
2025-10-04 00:00:00+05:30,323,Gaddiannaram,2,L.B Nagar,98,Cabbage,98,Common,0.0,74.0,800.0,1000.0,900.0,0.0,0.0
2025-10-04 00:00:00+05:30,324,Bowenpally,3,Bowenpally,55,Onions,55,Common,0.0,114.0,400.0,1800.0,1200.0,0.0,0.0
2025-10-04 00:00:00+05:30,325,Hyderabad,6,Madannapeta,98,Cabbage,98,Common,0.0,30.0,1000.0,1200.0,1100.0,0.0,0.0
2025-10-04 00:00:00+05:30,325,Hyderabad,7,Meeralamandi,98,Cabbage,98,Common,0.0,5.0,1500.0,1500.0,1500.0,0.0,0.0
2025-10-04 00:00:00+05:30,316,Narsingi,49,Babbuguda,168,Cattle(All),168,Common,0.0,36.0,5000.0,20000.0,15000.0,0.0,0.0
2025-10-03 00:00:00+05:30,259,Nelakondapally,1071,Nelakondapally,1,Paddy,275,Grade-A (Samba Masuri Old),0.0,931.0,2100.0,2320.0,2300.0,0.0,0.0
2025-10-04 00:00:00+05:30,279,Thirumalagiri,9,Tirmalagiri,1,Paddy,237,Grade-A(IR64),0.0,4934.0,1630.0,1829.0,1792.0,0.0,0.0
2025-10-04 00:00:00+05:30,259,Nelakondapally,1071,Nelakondapally,1,Paddy,1,Common,0.0,421.0,2100.0,2320.0,2300.0,0.0,0.0
2025-10-04 00:00:00+05:30,278,Suryapet,1091,Suryapet,1,Paddy,195,Grade-A,0.0,77.0,1669.0,2406.0,2406.0,0.0,0.0
2025-10-04 00:00:00+05:30,301,Devarakadra,1352,Devarakadra,1,Paddy,271,Common (Hamsa),0.0,9.0,1719.0,1719.0,1719.0,0.0,0.0
2025-10-04 00:00:00+05:30,367,Gudimalkapur,1571,Gudumalkapur,55,Onions,55,Common,0.0,545.0,600.0,1600.0,1200.0,0.0,0.0
2025-10-05 00:00:00+05:30,323,Gaddiannaram,2,L.B Nagar,98,Cabbage,98,Common,0.0,85.0,800.0,1000.0,900.0,0.0,0.0
2025-10-05 00:00:00+05:30,324,Bowenpally,3,Bowenpally,55,Onions,55,Common,0.0,877.0,800.0,1800.0,1500.0,0.0,0.0
2025-10-05 00:00:00+05:30,325,Hyderabad,6,Madannapeta,98,Cabbage,98,Common,0.0,25.0,1000.0,1200.0,1100.0,0.0,0.0
2025-10-05 00:00:00+05:30,316,Narsingi,49,Babbuguda,168,Cattle(All),168,Common,0.0,201.0,20000.0,50000.0,40000.0,0.0,0.0
2025-10-05 00:00:00+05:30,325,Hyderabad,7,Meeralamandi,98,Cabbage,98,Common,0.0,7.0,1000.0,1200.0,1100.0,0.0,0.0
2025-10-05 00:00:00+05:30,259,Nelakondapally,1071,Nelakondapally,1,Paddy,1,Common,0.0,591.0,2100.0,2320.0,2300.0,0.0,0.0
2025-10-05 00:00:00+05:30,367,Gudimalkapur,1571,Gudumalkapur,55,Onions,55,Common,0.0,1649.0,500.0,1800.0,1200.0,0.0,0.0
2025-10-06 00:00:00+05:30,323,Gaddiannaram,2,L.B Nagar,98,Cabbage,98,Common,0.0,62.0,600.0,1000.0,800.0,0.0,0.0
2025-10-06 00:00:00+05:30,324,Bowenpally,3,Bowenpally,55,Onions,55,Common,0.0,36.0,1000.0,1500.0,1400.0,0.0,0.0
2025-10-06 00:00:00+05:30,325,Hyderabad,6,Madannapeta,98,Cabbage,98,Common,0.0,30.0,1000.0,1200.0,1100.0,0.0,0.0
2025-10-06 00:00:00+05:30,325,Hyderabad,7,Meeralamandi,98,Cabbage,98,Common,0.0,3.0,1500.0,1500.0,1500.0,0.0,0.0
2025-10-06 00:00:00+05:30,279,Thirumalagiri,9,Tirmalagiri,1,Paddy,237,Grade-A(IR64),0.0,6350.0,1630.0,1812.0,1769.0,0.0,0.0
2025-10-06 00:00:00+05:30,278,Suryapet,1091,Suryapet,1,Paddy,195,Grade-A,0.0,43.0,1575.0,2309.0,2216.0,0.0,0.0
2025-10-06 00:00:00+05:30,367,Gudimalkapur,1571,Gudumalkapur,55,Onions,55,Common,0.0,452.0,500.0,1600.0,1000.0,0.0,0.0
2025-10-07 00:00:00+05:30,323,Gaddiannaram,2,L.B Nagar,98,Cabbage,98,Common,0.0,48.0,600.0,1000.0,800.0,0.0,0.0
2025-10-07 00:00:00+05:30,324,Bowenpally,3,Bowenpally,55,Onions,55,Common,0.0,672.0,500.0,1800.0,1400.0,0.0,0.0
2025-10-07 00:00:00+05:30,325,Hyderabad,6,Madannapeta,98,Cabbage,98,Common,0.0,30.0,800.0,1200.0,1000.0,0.0,0.0
2025-10-07 00:00:00+05:30,325,Hyderabad,7,Meeralamandi,98,Cabbage,98,Common,0.0,6.0,1200.0,1200.0,1200.0,0.0,0.0
2025-10-07 00:00:00+05:30,279,Thirumalagiri,9,Tirmalagiri,1,Paddy,237,Grade-A(IR64),0.0,4738.0,1610.0,1816.0,1750.0,0.0,0.0
2025-10-06 00:00:00+05:30,301,Devarakadra,1352,Devarakadra,1,Paddy,271,Common (Hamsa),0.0,78.0,1754.0,1764.0,1759.0,0.0,0.0
2025-10-07 00:00:00+05:30,259,Nelakondapally,1071,Nelakondapally,1,Paddy,1,Common,0.0,250.0,2100.0,2320.0,2300.0,0.0,0.0
2025-10-07 00:00:00+05:30,278,Suryapet,1091,Suryapet,1,Paddy,195,Grade-A,0.0,71.0,1939.0,1939.0,1939.0,0.0,0.0
2025-10-07 00:00:00+05:30,301,Devarakadra,1352,Devarakadra,1,Paddy,271,Common (Hamsa),0.0,62.0,1789.0,1789.0,1789.0,0.0,0.0
2025-10-07 00:00:00+05:30,367,Gudimalkapur,1571,Gudumalkapur,55,Onions,55,Common,0.0,1886.0,400.0,1600.0,1200.0,0.0,0.0
2025-10-07 00:00:00+05:30,346,Rudrangi,1583,Rudrangi,1,Paddy,195,Grade-A,0.0,83.0,2369.0,2400.0,2400.0,0.0,0.0
2025-10-08 00:00:00+05:30,324,Bowenpally,3,Bowenpally,55,Onions,55,Common,0.0,883.0,800.0,1800.0,1500.0,0.0,0.0
2025-10-08 00:00:00+05:30,323,Gaddiannaram,2,L.B Nagar,98,Cabbage,98,Common,0.0,80.0,600.0,1000.0,800.0,0.0,0.0
2025-10-08 00:00:00+05:30,325,Hyderabad,6,Madannapeta,98,Cabbage,98,Common,0.0,25.0,1000.0,1200.0,1100.0,0.0,0.0
2025-10-08 00:00:00+05:30,325,Hyderabad,7,Meeralamandi,98,Cabbage,98,Common,0.0,4.0,1000.0,1200.0,1100.0,0.0,0.0
2025-10-08 00:00:00+05:30,279,Thirumalagiri,9,Tirmalagiri,1,Paddy,237,Grade-A(IR64),0.0,3218.0,1610.0,1836.0,1769.0,0.0,0.0
2025-10-08 00:00:00+05:30,278,Suryapet,1091,Suryapet,1,Paddy,195,Grade-A,0.0,38.0,2106.0,2366.0,2366.0,0.0,0.0
2025-10-08 00:00:00+05:30,259,Nelakondapally,1071,Nelakondapally,1,Paddy,1,Common,0.0,520.0,2100.0,2320.0,2300.0,0.0,0.0
2025-10-08 00:00:00+05:30,228,Pothugal,1140,Pothugal,1,Paddy,195,Grade-A,0.0,170.0,2369.0,2300.0,2389.0,0.0,0.0
2025-10-08 00:00:00+05:30,367,Gudimalkapur,1571,Gudumalkapur,55,Onions,55,Common,0.0,1941.0,300.0,1600.0,1200.0,0.0,0.0
2025-10-09 00:00:00+05:30,323,Gaddiannaram,2,L.B Nagar,98,Cabbage,98,Common,0.0,95.0,600.0,1000.0,800.0,0.0,0.0
2025-10-09 00:00:00+05:30,324,Bowenpally,3,Bowenpally,55,Onions,55,Common,0.0,768.0,500.0,1800.0,1400.0,0.0,0.0
2025-10-09 00:00:00+05:30,325,Hyderabad,6,Madannapeta,98,Cabbage,98,Common,0.0,35.0,1000.0,1200.0,1100.0,0.0,0.0
2025-10-09 00:00:00+05:30,325,Hyderabad,7,Meeralamandi,98,Cabbage,98,Common,0.0,7.0,1000.0,1200.0,1100.0,0.0,0.0
2025-10-09 00:00:00+05:30,279,Thirumalagiri,9,Tirmalagiri,1,Paddy,237,Grade-A(IR64),0.0,2401.0,1670.0,1846.0,1800.0,0.0,0.0
2025-10-08 00:00:00+05:30,301,Devarakadra,1352,Devarakadra,1,Paddy,271,Common (Hamsa),0.0,12.0,1719.0,1719.0,1719.0,0.0,0.0
2025-10-09 00:00:00+05:30,259,Nelakondapally,1071,Nelakondapally,1,Paddy,1,Common,0.0,560.0,2100.0,2320.0,2300.0,0.0,0.0
2025-10-09 00:00:00+05:30,367,Gudimalkapur,1571,Gudumalkapur,55,Onions,55,Common,0.0,2063.0,400.0,1600.0,1200.0,0.0,0.0
2025-10-09 00:00:00+05:30,304,Kollapur,1601,Kollapur,1,Paddy,1,Common,0.0,60.0,2400.0,2400.0,2400.0,0.0,0.0
2025-10-10 00:00:00+05:30,324,Bowenpally,3,Bowenpally,55,Onions,55,Common,0.0,903.0,1000.0,1600.0,1500.0,0.0,0.0
2025-10-10 00:00:00+05:30,323,Gaddiannaram,2,L.B Nagar,98,Cabbage,98,Common,0.0,100.0,600.0,1000.0,800.0,0.0,0.0
2025-10-10 00:00:00+05:30,325,Hyderabad,7,Meeralamandi,98,Cabbage,98,Common,0.0,5.0,1200.0,1200.0,1200.0,0.0,0.0
2025-10-09 00:00:00+05:30,346,Rudrangi,1583,Rudrangi,1,Paddy,195,Grade-A,0.0,83.0,2369.0,2389.0,2389.0,0.0,0.0
2025-10-10 00:00:00+05:30,279,Thirumalagiri,9,Tirmalagiri,1,Paddy,237,Grade-A(IR64),0.0,3059.0,1696.0,1872.0,1829.0,0.0,0.0
2025-10-10 00:00:00+05:30,259,Nelakondapally,1071,Nelakondapally,1,Paddy,1,Common,0.0,389.0,2100.0,2320.0,2300.0,0.0,0.0
2025-10-10 00:00:00+05:30,278,Suryapet,1091,Suryapet,1,Paddy,195,Grade-A,0.0,78.0,1689.0,2332.0,2089.0,0.0,0.0
2025-10-10 00:00:00+05:30,301,Devarakadra,1352,Devarakadra,1,Paddy,271,Common (Hamsa),0.0,12.0,1739.0,1739.0,1739.0,0.0,0.0
2025-10-10 00:00:00+05:30,367,Gudimalkapur,1571,Gudumalkapur,55,Onions,55,Common,0.0,1421.0,400.0,1600.0,1200.0,0.0,0.0
2025-10-10 00:00:00+05:30,304,Kollapur,1601,Kollapur,1,Paddy,1,Common,0.0,60.0,2400.0,2400.0,2400.0,0.0,0.0
2025-10-11 00:00:00+05:30,323,Gaddiannaram,2,L.B Nagar,98,Cabbage,98,Common,0.0,107.0,600.0,1000.0,800.0,0.0,0.0
2025-10-11 00:00:00+05:30,324,Bowenpally,3,Bowenpally,55,Onions,55,Common,0.0,782.0,500.0,1600.0,1300.0,0.0,0.0
2025-10-11 00:00:00+05:30,325,Hyderabad,6,Madannapeta,98,Cabbage,98,Common,0.0,30.0,800.0,1200.0,1000.0,0.0,0.0
2025-10-11 00:00:00+05:30,325,Hyderabad,7,Meeralamandi,98,Cabbage,98,Common,0.0,6.0,1000.0,1200.0,1100.0,0.0,0.0
2025-10-11 00:00:00+05:30,316,Narsingi,49,Babbuguda,168,Cattle(All),168,Common,0.0,78.0,5000.0,20000.0,15000.0,0.0,0.0
2025-10-11 00:00:00+05:30,279,Thirumalagiri,9,Tirmalagiri,1,Paddy,237,Grade-A(IR64),0.0,2817.0,1779.0,1918.0,1862.0,0.0,0.0
2025-10-11 00:00:00+05:30,259,Nelakondapally,1071,Nelakondapally,1,Paddy,1,Common,0.0,1489.0,2100.0,2320.0,2300.0,0.0,0.0
2025-10-11 00:00:00+05:30,278,Suryapet,1091,Suryapet,1,Paddy,195,Grade-A,0.0,24.0,1609.0,2189.0,2066.0,0.0,0.0
2025-10-11 00:00:00+05:30,367,Gudimalkapur,1571,Gudumalkapur,55,Onions,55,Common,0.0,2416.0,600.0,1800.0,1300.0,0.0,0.0
2025-10-11 00:00:00+05:30,304,Kollapur,1601,Kollapur,1,Paddy,1,Common,0.0,143.0,2370.0,2370.0,2370.0,0.0,0.0
2025-10-12 00:00:00+05:30,323,Gaddiannaram,2,L.B Nagar,98,Cabbage,98,Common,0.0,90.0,600.0,1000.0,800.0,0.0,0.0
2025-10-12 00:00:00+05:30,324,Bowenpally,3,Bowenpally,55,Onions,55,Common,0.0,962.0,500.0,1600.0,1200.0,0.0,0.0
2025-10-12 00:00:00+05:30,325,Hyderabad,7,Meeralamandi,98,Cabbage,98,Common,0.0,4.0,1200.0,1200.0,1200.0,0.0,0.0
2025-10-12 00:00:00+05:30,316,Narsingi,49,Babbuguda,168,Cattle(All),168,Common,0.0,256.0,20000.0,50000.0,40000.0,0.0,0.0
2025-10-12 00:00:00+05:30,367,Gudimalkapur,1571,Gudumalkapur,55,Onions,55,Common,0.0,2046.0,500.0,1800.0,1300.0,0.0,0.0
2025-10-12 00:00:00+05:30,259,Nelakondapally,1071,Nelakondapally,1,Paddy,1,Common,0.0,1633.0,2280.0,2320.0,2300.0,0.0,0.0
2025-10-13 00:00:00+05:30,324,Bowenpally,3,Bowenpally,55,Onions,55,Common,0.0,272.0,500.0,1600.0,1200.0,0.0,0.0
2025-10-13 00:00:00+05:30,323,Gaddiannaram,2,L.B Nagar,98,Cabbage,98,Common,0.0,85.0,600.0,1000.0,800.0,0.0,0.0
2025-10-13 00:00:00+05:30,325,Hyderabad,6,Madannapeta,98,Cabbage,98,Common,0.0,30.0,800.0,1200.0,1000.0,0.0,0.0
2025-10-13 00:00:00+05:30,325,Hyderabad,7,Meeralamandi,98,Cabbage,98,Common,0.0,5.0,1000.0,12000.0,1100.0,0.0,0.0
2025-10-13 00:00:00+05:30,279,Thirumalagiri,9,Tirmalagiri,1,Paddy,237,Grade-A(IR64),0.0,4595.0,1739.0,1936.0,1869.0,0.0,0.0
2025-10-13 00:00:00+05:30,259,Nelakondapally,1071,Nelakondapally,1,Paddy,1,Common,0.0,253.0,2280.0,2320.0,2300.0,0.0,0.0
2025-10-13 00:00:00+05:30,231,Vemulawada,1126,Vemulawada,1,Paddy,237,Grade-A(IR64),0.0,84.0,2300.0,2380.0,2380.0,0.0,0.0
2025-10-13 00:00:00+05:30,301,Devarakadra,1352,Devarakadra,1,Paddy,271,Common (Hamsa),0.0,12.0,1802.0,1802.0,1802.0,0.0,0.0
2025-10-13 00:00:00+05:30,367,Gudimalkapur,1571,Gudumalkapur,55,Onions,55,Common,0.0,890.0,300.0,1700.0,1100.0,0.0,0.0
2025-10-14 00:00:00+05:30,323,Gaddiannaram,2,L.B Nagar,98,Cabbage,98,Common,0.0,78.0,600.0,1000.0,800.0,0.0,0.0
2025-10-14 00:00:00+05:30,324,Bowenpally,3,Bowenpally,55,Onions,55,Common,0.0,743.0,500.0,1600.0,1200.0,0.0,0.0
2025-10-14 00:00:00+05:30,325,Hyderabad,6,Madannapeta,98,Cabbage,98,Common,0.0,40.0,800.0,1200.0,1000.0,0.0,0.0
2025-10-14 00:00:00+05:30,325,Hyderabad,7,Meeralamandi,98,Cabbage,98,Common,0.0,6.0,1000.0,1000.0,1000.0,0.0,0.0
2025-10-14 00:00:00+05:30,279,Thirumalagiri,9,Tirmalagiri,1,Paddy,237,Grade-A(IR64),0.0,889.0,1780.0,1944.0,1919.0,0.0,0.0
2025-10-14 00:00:00+05:30,278,Suryapet,1091,Suryapet,1,Paddy,195,Grade-A,0.0,30.0,2029.0,2386.0,2386.0,0.0,0.0
2025-10-14 00:00:00+05:30,259,Nelakondapally,1071,Nelakondapally,1,Paddy,1,Common,0.0,416.0,2280.0,2320.0,2300.0,0.0,0.0
2025-10-14 00:00:00+05:30,231,Vemulawada,1126,Vemulawada,1,Paddy,237,Grade-A(IR64),0.0,400.0,2369.0,2389.0,2389.0,0.0,0.0
2025-10-14 00:00:00+05:30,367,Gudimalkapur,1571,Gudumalkapur,55,Onions,55,Common,0.0,1645.0,400.0,1700.0,1100.0,0.0,0.0
2025-10-14 00:00:00+05:30,304,Kollapur,1601,Kollapur,1,Paddy,1,Common,0.0,253.0,2370.0,2370.0,2370.0,0.0,0.0
2025-10-15 00:00:00+05:30,324,Bowenpally,3,Bowenpally,55,Onions,55,Common,0.0,1148.0,500.0,1600.0,1400.0,0.0,0.0
2025-10-15 00:00:00+05:30,323,Gaddiannaram,2,L.B Nagar,98,Cabbage,98,Common,0.0,95.0,600.0,1000.0,800.0,0.0,0.0
2025-10-15 00:00:00+05:30,325,Hyderabad,6,Madannapeta,98,Cabbage,98,Common,0.0,25.0,1000.0,1200.0,1100.0,0.0,0.0
2025-10-15 00:00:00+05:30,325,Hyderabad,5,Mahabubmansion,54,Chillies(Dry),250,Teja,0.0,20.0,9000.0,14200.0,12000.0,0.0,0.0
2025-10-15 00:00:00+05:30,325,Hyderabad,7,Meeralamandi,98,Cabbage,98,Common,0.0,4.0,1100.0,1200.0,1000.0,0.0,0.0
2025-10-14 00:00:00+05:30,309,Narayanpet,1342,Narayanpet,1,Paddy,271,Common (Hamsa),0.0,52.8,2456.0,2621.0,2456.0,0.0,0.0
2025-10-14 00:00:00+05:30,301,Devarakadra,1352,Devarakadra,1,Paddy,271,Common (Hamsa),0.0,45.0,1763.0,1780.0,1772.0,0.0,0.0
2025-10-15 00:00:00+05:30,279,Thirumalagiri,9,Tirmalagiri,1,Paddy,237,Grade-A(IR64),0.0,2224.0,1601.0,1950.0,1889.0,0.0,0.0
2025-10-14 00:00:00+05:30,346,Rudrangi,1583,Rudrangi,1,Paddy,195,Grade-A,0.0,83.0,2369.0,2389.0,2389.0,0.0,0.0
2025-10-15 00:00:00+05:30,278,Suryapet,1091,Suryapet,1,Paddy,195,Grade-A,0.0,86.0,1506.0,2366.0,2366.0,0.0,0.0
2025-10-15 00:00:00+05:30,231,Vemulawada,1126,Vemulawada,1,Paddy,237,Grade-A(IR64),0.0,50.0,2369.0,2389.0,2389.0,0.0,0.0
2025-10-15 00:00:00+05:30,367,Gudimalkapur,1571,Gudumalkapur,55,Onions,55,Common,0.0,147.0,500.0,1800.0,1100.0,0.0,0.0
2025-10-15 00:00:00+05:30,304,Kollapur,1601,Kollapur,1,Paddy,1,Common,0.0,227.0,2370.0,2370.0,2370.0,0.0,0.0
2025-10-16 00:00:00+05:30,323,Gaddiannaram,2,L.B Nagar,98,Cabbage,98,Common,0.0,112.0,600.0,1000.0,800.0,0.0,0.0
2025-10-16 00:00:00+05:30,324,Bowenpally,3,Bowenpally,55,Onions,55,Common,0.0,733.0,500.0,1400.0,1100.0,0.0,0.0
2025-10-16 00:00:00+05:30,325,Hyderabad,6,Madannapeta,98,Cabbage,98,Common,0.0,35.0,1000.0,1200.0,1100.0,0.0,0.0
2025-10-16 00:00:00+05:30,325,Hyderabad,5,Mahabubmansion,54,Chillies(Dry),250,Teja,0.0,75.0,10000.0,15000.0,13000.0,0.0,0.0
2025-10-16 00:00:00+05:30,325,Hyderabad,7,Meeralamandi,98,Cabbage,98,Common,0.0,4.0,1000.0,1200.0,1100.0,0.0,0.0
2025-10-15 00:00:00+05:30,309,Narayanpet,1342,Narayanpet,1,Paddy,271,Common (Hamsa),0.0,61.2,1860.0,2670.0,2489.0,0.0,0.0
2025-10-15 00:00:00+05:30,301,Devarakadra,1352,Devarakadra,1,Paddy,271,Common (Hamsa),0.0,72.0,1809.0,1809.0,1809.0,0.0,0.0
2025-10-16 00:00:00+05:30,279,Thirumalagiri,9,Tirmalagiri,1,Paddy,237,Grade-A(IR64),0.0,2496.0,1642.0,1954.0,1889.0,0.0,0.0
2025-10-15 00:00:00+05:30,346,Rudrangi,1583,Rudrangi,1,Paddy,195,Grade-A,0.0,83.0,2369.0,2389.0,2389.0,0.0,0.0
2025-10-16 00:00:00+05:30,278,Suryapet,1091,Suryapet,1,Paddy,195,Grade-A,0.0,20.0,2462.0,2462.0,2462.0,0.0,0.0
2025-10-16 00:00:00+05:30,367,Gudimalkapur,1571,Gudumalkapur,55,Onions,55,Common,0.0,2289.0,400.0,1600.0,1100.0,0.0,0.0
2025-10-16 00:00:00+05:30,304,Kollapur,1601,Kollapur,1,Paddy,1,Common,0.0,255.0,2150.0,2150.0,2150.0,0.0,0.0
2025-10-16 00:00:00+05:30,301,Devarakadra,1352,Devarakadra,1,Paddy,271,Common (Hamsa),0.0,39.0,1789.0,1789.0,1789.0,0.0,0.0
2025-10-17 00:00:00+05:30,324,Bowenpally,3,Bowenpally,55,Onions,55,Common,0.0,506.0,400.0,1500.0,1200.0,0.0,0.0
2025-10-17 00:00:00+05:30,323,Gaddiannaram,2,L.B Nagar,98,Cabbage,98,Common,0.0,90.0,600.0,1000.0,800.0,0.0,0.0
2025-10-17 00:00:00+05:30,325,Hyderabad,6,Madannapeta,98,Cabbage,98,Common,0.0,40.0,1000.0,1200.0,1100.0,0.0,0.0
2025-10-17 00:00:00+05:30,325,Hyderabad,7,Meeralamandi,98,Cabbage,98,Common,0.0,4.0,1000.0,1200.0,1100.0,0.0,0.0
2025-10-17 00:00:00+05:30,279,Thirumalagiri,9,Tirmalagiri,1,Paddy,237,Grade-A(IR64),0.0,3303.0,1660.0,1949.0,1889.0,0.0,0.0
2025-10-17 00:00:00+05:30,317,Pargi,39,Pargi,1,Paddy,270,Grade-A (1010),0.0,6.0,1818.0,1818.0,1818.0,0.0,0.0
2025-10-17 00:00:00+05:30,278,Suryapet,1091,Suryapet,1,Paddy,195,Grade-A,0.0,31.0,2129.0,2329.0,2306.0,0.0,0.0
2025-10-17 00:00:00+05:30,231,Vemulawada,1126,Vemulawada,1,Paddy,237,Grade-A(IR64),0.0,100.0,2369.0,2389.0,2389.0,0.0,0.0
2025-10-17 00:00:00+05:30,367,Gudimalkapur,1571,Gudumalkapur,55,Onions,55,Common,0.0,1293.0,500.0,1800.0,1200.0,0.0,0.0
2025-10-17 00:00:00+05:30,304,Kollapur,1601,Kollapur,1,Paddy,1,Common,0.0,250.0,2040.0,2040.0,2040.0,0.0,0.0
2025-10-18 00:00:00+05:30,324,Bowenpally,3,Bowenpally,55,Onions,55,Common,0.0,603.0,800.0,1500.0,1300.0,0.0,0.0
2025-10-18 00:00:00+05:30,323,Gaddiannaram,2,L.B Nagar,98,Cabbage,98,Common,0.0,101.0,600.0,1000.0,800.0,0.0,0.0
2025-10-18 00:00:00+05:30,325,Hyderabad,6,Madannapeta,98,Cabbage,98,Common,0.0,25.0,1000.0,1200.0,1100.0,0.0,0.0
2025-10-17 00:00:00+05:30,301,Devarakadra,1352,Devarakadra,1,Paddy,271,Common (Hamsa),0.0,126.0,1792.0,1809.0,1801.0,0.0,0.0
2025-10-18 00:00:00+05:30,325,Hyderabad,7,Meeralamandi,98,Cabbage,98,Common,0.0,5.0,1200.0,1200.0,1200.0,0.0,0.0
2025-10-18 00:00:00+05:30,316,Narsingi,49,Babbuguda,168,Cattle(All),168,Common,0.0,45.0,5000.0,20000.0,15000.0,0.0,0.0
2025-10-18 00:00:00+05:30,279,Thirumalagiri,9,Tirmalagiri,1,Paddy,237,Grade-A(IR64),0.0,3355.0,1662.0,1961.0,1912.0,0.0,0.0
2025-10-17 00:00:00+05:30,346,Rudrangi,1583,Rudrangi,1,Paddy,195,Grade-A,0.0,83.0,2369.0,2389.0,2389.0,0.0,0.0
2025-10-18 00:00:00+05:30,231,Vemulawada,1126,Vemulawada,1,Paddy,237,Grade-A(IR64),0.0,83.0,2369.0,2389.0,2369.0,0.0,0.0
2025-10-18 00:00:00+05:30,367,Gudimalkapur,1571,Gudumalkapur,55,Onions,55,Common,0.0,1850.0,300.0,1700.0,1000.0,0.0,0.0
2025-10-18 00:00:00+05:30,304,Kollapur,1601,Kollapur,1,Paddy,1,Common,0.0,100.0,3000.0,3000.0,3000.0,0.0,0.0
2025-10-19 00:00:00+05:30,324,Bowenpally,3,Bowenpally,55,Onions,55,Common,0.0,731.0,800.0,1500.0,1300.0,0.0,0.0
2025-10-19 00:00:00+05:30,323,Gaddiannaram,2,L.B Nagar,98,Cabbage,98,Common,0.0,70.0,600.0,1000.0,800.0,0.0,0.0
2025-10-19 00:00:00+05:30,325,Hyderabad,6,Madannapeta,98,Cabbage,98,Common,0.0,35.0,1000.0,1200.0,1100.0,0.0,0.0
2025-10-19 00:00:00+05:30,325,Hyderabad,7,Meeralamandi,98,Cabbage,98,Common,0.0,5.0,1200.0,1500.0,1350.0,0.0,0.0
2025-10-19 00:00:00+05:30,316,Narsingi,49,Babbuguda,168,Cattle(All),168,Common,0.0,264.0,20000.0,50000.0,40000.0,0.0,0.0
2025-10-19 00:00:00+05:30,367,Gudimalkapur,1571,Gudumalkapur,55,Onions,55,Common,0.0,1790.0,1300.0,1900.0,1600.0,0.0,0.0
2025-10-18 00:00:00+05:30,346,Rudrangi,1583,Rudrangi,1,Paddy,195,Grade-A,0.0,83.0,2369.0,2389.0,2389.0,0.0,0.0
2025-10-19 00:00:00+05:30,304,Kollapur,1601,Kollapur,1,Paddy,1,Common,0.0,100.0,3000.0,3000.0,3000.0,0.0,0.0
2025-10-20 00:00:00+05:30,323,Gaddiannaram,2,L.B Nagar,98,Cabbage,98,Common,0.0,82.0,600.0,1000.0,800.0,0.0,0.0
2025-10-20 00:00:00+05:30,324,Bowenpally,3,Bowenpally,55,Onions,55,Common,0.0,32.0,800.0,1800.0,1400.0,0.0,0.0
2025-10-20 00:00:00+05:30,325,Hyderabad,6,Madannapeta,98,Cabbage,98,Common,0.0,25.0,1400.0,1800.0,1600.0,0.0,0.0
2025-10-20 00:00:00+05:30,367,Gudimalkapur,1571,Gudumalkapur,55,Onions,55,Common,0.0,685.0,300.0,1000.0,700.0,0.0,0.0
2025-10-20 00:00:00+05:30,346,Rudrangi,1583,Rudrangi,1,Paddy,195,Grade-A,0.0,167.0,2369.0,2389.0,2389.0,0.0,0.0
2025-10-20 00:00:00+05:30,231,Vemulawada,1126,Vemulawada,1,Paddy,237,Grade-A(IR64),0.0,62.0,2369.0,2389.0,2389.0,0.0,0.0
2025-10-21 00:00:00+05:30,259,Nelakondapally,1071,Nelakondapally,1,Paddy,1,Common,0.0,3578.0,2280.0,2320.0,2300.0,0.0,0.0
2025-10-22 00:00:00+05:30,324,Bowenpally,3,Bowenpally,55,Onions,55,Common,0.0,256.0,400.0,1200.0,1000.0,0.0,0.0
2025-10-22 00:00:00+05:30,323,Gaddiannaram,2,L.B Nagar,98,Cabbage,98,Common,0.0,65.0,800.0,1200.0,1000.0,0.0,0.0
2025-10-22 00:00:00+05:30,325,Hyderabad,5,Mahabubmansion,54,Chillies(Dry),250,Teja,0.0,149.0,11000.0,15000.0,13000.0,0.0,0.0
2025-10-22 00:00:00+05:30,325,Hyderabad,6,Madannapeta,98,Cabbage,98,Common,0.0,25.0,1200.0,1500.0,1350.0,0.0,0.0
2025-10-22 00:00:00+05:30,325,Hyderabad,7,Meeralamandi,98,Cabbage,98,Common,0.0,4.0,1200.0,1500.0,1350.0,0.0,0.0
2025-10-22 00:00:00+05:30,279,Thirumalagiri,9,Tirmalagiri,1,Paddy,237,Grade-A(IR64),0.0,4325.0,1726.0,1949.0,1886.0,0.0,0.0
2025-10-22 00:00:00+05:30,259,Nelakondapally,1071,Nelakondapally,1,Paddy,1,Common,0.0,586.0,2320.0,2389.0,2350.0,0.0,0.0
2025-10-22 00:00:00+05:30,278,Suryapet,1091,Suryapet,1,Paddy,195,Grade-A,0.0,36.0,1726.0,1889.0,1726.0,0.0,0.0
2025-10-21 00:00:00+05:30,231,Vemulawada,1126,Vemulawada,1,Paddy,237,Grade-A(IR64),0.0,159.0,2369.0,2389.0,2389.0,0.0,0.0
2025-10-22 00:00:00+05:30,231,Vemulawada,1126,Vemulawada,1,Paddy,237,Grade-A(IR64),0.0,650.0,2369.0,2389.0,2389.0,0.0,0.0
2025-10-22 00:00:00+05:30,309,Narayanpet,1342,Narayanpet,1,Paddy,271,Common (Hamsa),0.0,136.8,2251.0,2781.0,2771.0,0.0,0.0
2025-10-22 00:00:00+05:30,367,Gudimalkapur,1571,Gudumalkapur,55,Onions,55,Common,0.0,443.0,700.0,1800.0,1000.0,0.0,0.0
2025-10-22 00:00:00+05:30,304,Kollapur,1601,Kollapur,1,Paddy,1,Common,0.0,100.0,2500.0,2500.0,2500.0,0.0,0.0
2025-10-23 00:00:00+05:30,323,Gaddiannaram,2,L.B Nagar,98,Cabbage,98,Common,0.0,75.0,800.0,1200.0,1000.0,0.0,0.0
2025-10-23 00:00:00+05:30,324,Bowenpally,3,Bowenpally,55,Onions,55,Common,0.0,256.0,400.0,1200.0,1000.0,0.0,0.0
2025-10-23 00:00:00+05:30,325,Hyderabad,6,Madannapeta,98,Cabbage,98,Common,0.0,20.0,1400.0,1800.0,1600.0,0.0,0.0
2025-10-23 00:00:00+05:30,325,Hyderabad,7,Meeralamandi,98,Cabbage,98,Common,0.0,5.0,1500.0,2000.0,1750.0,0.0,0.0
2025-10-23 00:00:00+05:30,279,Thirumalagiri,9,Tirmalagiri,1,Paddy,237,Grade-A(IR64),0.0,3434.0,1669.0,1926.0,1839.0,0.0,0.0
2025-10-22 00:00:00+05:30,346,Rudrangi,1583,Rudrangi,1,Paddy,195,Grade-A,0.0,166.0,2369.0,2389.0,2389.0,0.0,0.0
2025-10-23 00:00:00+05:30,259,Nelakondapally,1071,Nelakondapally,1,Paddy,1,Common,0.0,666.0,2280.0,2389.0,2320.0,0.0,0.0
2025-10-23 00:00:00+05:30,278,Suryapet,1091,Suryapet,1,Paddy,195,Grade-A,0.0,55.0,1609.0,2409.0,2309.0,0.0,0.0
2025-10-23 00:00:00+05:30,309,Narayanpet,1342,Narayanpet,1,Paddy,271,Common (Hamsa),0.0,189.0,2330.0,2740.0,2369.0,0.0,0.0
2025-10-23 00:00:00+05:30,367,Gudimalkapur,1571,Gudumalkapur,55,Onions,55,Common,0.0,1061.0,400.0,1700.0,1100.0,0.0,0.0
2025-10-23 00:00:00+05:30,336,Ellanthakunta,1580,Ellanthakunta,1,Paddy,195,Grade-A,0.0,1132.0,2389.0,2389.0,2389.0,0.0,0.0
2025-10-23 00:00:00+05:30,304,Kollapur,1601,Kollapur,1,Paddy,1,Common,0.0,250.0,2400.0,2400.0,2400.0,0.0,0.0
2025-10-24 00:00:00+05:30,324,Bowenpally,3,Bowenpally,55,Onions,55,Common,0.0,246.0,500.0,1500.0,1200.0,0.0,0.0
2025-10-24 00:00:00+05:30,323,Gaddiannaram,2,L.B Nagar,98,Cabbage,98,Common,0.0,55.0,1000.0,1500.0,1200.0,0.0,0.0
2025-10-24 00:00:00+05:30,325,Hyderabad,6,Madannapeta,98,Cabbage,98,Common,0.0,30.0,1600.0,2000.0,1800.0,0.0,0.0
2025-10-24 00:00:00+05:30,325,Hyderabad,7,Meeralamandi,98,Cabbage,98,Common,0.0,4.0,1500.0,2000.0,1750.0,0.0,0.0
2025-10-23 00:00:00+05:30,301,Devarakadra,1352,Devarakadra,1,Paddy,271,Common (Hamsa),0.0,174.0,1759.0,1779.0,1769.0,0.0,0.0
2025-10-24 00:00:00+05:30,279,Thirumalagiri,9,Tirmalagiri,1,Paddy,237,Grade-A(IR64),0.0,4335.0,1719.0,1929.0,1859.0,0.0,0.0
2025-10-24 00:00:00+05:30,259,Nelakondapally,1071,Nelakondapally,1,Paddy,1,Common,0.0,279.0,2280.0,2389.0,2320.0,0.0,0.0
2025-10-24 00:00:00+05:30,231,Vemulawada,1126,Vemulawada,1,Paddy,237,Grade-A(IR64),0.0,650.0,2369.0,2389.0,2369.0,0.0,0.0
2025-10-24 00:00:00+05:30,367,Gudimalkapur,1571,Gudumalkapur,55,Onions,55,Common,0.0,1008.0,700.0,1800.0,1200.0,0.0,0.0
2025-10-25 00:00:00+05:30,324,Bowenpally,3,Bowenpally,55,Onions,55,Common,0.0,511.0,500.0,2000.0,1500.0,0.0,0.0
2025-10-25 00:00:00+05:30,323,Gaddiannaram,2,L.B Nagar,98,Cabbage,98,Common,0.0,64.0,1000.0,1500.0,1200.0,0.0,0.0
2025-10-25 00:00:00+05:30,325,Hyderabad,6,Madannapeta,98,Cabbage,98,Common,0.0,25.0,1200.0,2000.0,1600.0,0.0,0.0
2025-10-25 00:00:00+05:30,325,Hyderabad,7,Meeralamandi,98,Cabbage,98,Common,0.0,4.0,1800.0,2000.0,1900.0,0.0,0.0
2025-10-25 00:00:00+05:30,316,Narsingi,49,Babbuguda,168,Cattle(All),168,Common,0.0,50.0,5000.0,20000.0,15000.0,0.0,0.0
2025-10-24 00:00:00+05:30,309,Narayanpet,1342,Narayanpet,1,Paddy,271,Common (Hamsa),0.0,18.6,2520.0,2771.0,2520.0,0.0,0.0
2025-10-25 00:00:00+05:30,259,Nelakondapally,1071,Nelakondapally,1,Paddy,1,Common,0.0,360.0,2280.0,2389.0,2300.0,0.0,0.0
2025-10-25 00:00:00+05:30,278,Suryapet,1091,Suryapet,1,Paddy,195,Grade-A,0.0,508.0,1619.0,2116.0,2099.0,0.0,0.0
2025-10-25 00:00:00+05:30,309,Narayanpet,1342,Narayanpet,1,Paddy,271,Common (Hamsa),0.0,14.4,2670.0,2759.0,2670.0,0.0,0.0
2025-10-25 00:00:00+05:30,301,Devarakadra,1352,Devarakadra,1,Paddy,271,Common (Hamsa),0.0,498.0,1685.0,1789.0,1737.0,0.0,0.0
2025-10-25 00:00:00+05:30,367,Gudimalkapur,1571,Gudumalkapur,55,Onions,55,Common,0.0,908.0,600.0,2200.0,1100.0,0.0,0.0
2025-10-25 00:00:00+05:30,304,Kollapur,1601,Kollapur,1,Paddy,1,Common,0.0,200.0,3000.0,3000.0,3000.0,0.0,0.0
2025-10-26 00:00:00+05:30,324,Bowenpally,3,Bowenpally,55,Onions,55,Common,0.0,647.0,1000.0,3000.0,2500.0,0.0,0.0
2025-10-26 00:00:00+05:30,323,Gaddiannaram,2,L.B Nagar,98,Cabbage,98,Common,0.0,104.0,1000.0,2000.0,1500.0,0.0,0.0
2025-10-26 00:00:00+05:30,325,Hyderabad,6,Madannapeta,98,Cabbage,98,Common,0.0,33.0,1200.0,2000.0,1600.0,0.0,0.0
2025-10-26 00:00:00+05:30,325,Hyderabad,7,Meeralamandi,98,Cabbage,98,Common,0.0,5.0,2000.0,2200.0,2100.0,0.0,0.0
2025-10-26 00:00:00+05:30,367,Gudimalkapur,1571,Gudumalkapur,55,Onions,55,Common,0.0,1899.0,700.0,2200.0,1300.0,0.0,0.0
2025-10-27 00:00:00+05:30,323,Gaddiannaram,2,L.B Nagar,98,Cabbage,98,Common,0.0,76.0,1000.0,1500.0,1200.0,0.0,0.0
2025-10-27 00:00:00+05:30,324,Bowenpally,3,Bowenpally,55,Onions,55,Common,0.0,61.0,500.0,1000.0,800.0,0.0,0.0
2025-10-26 00:00:00+05:30,304,Kollapur,1601,Kollapur,1,Paddy,1,Common,0.0,100.0,3000.0,3000.0,3000.0,0.0,0.0
2025-10-27 00:00:00+05:30,325,Hyderabad,5,Mahabubmansion,54,Chillies(Dry),250,Teja,0.0,65.0,6000.0,8000.0,7000.0,0.0,0.0
2025-10-27 00:00:00+05:30,325,Hyderabad,6,Madannapeta,98,Cabbage,98,Common,0.0,33.0,1200.0,2000.0,1600.0,0.0,0.0
2025-10-27 00:00:00+05:30,325,Hyderabad,7,Meeralamandi,98,Cabbage,98,Common,0.0,5.0,1800.0,2000.0,1900.0,0.0,0.0
2025-10-26 00:00:00+05:30,259,Nelakondapally,1071,Nelakondapally,1,Paddy,1,Common,0.0,470.0,2280.0,2389.0,2300.0,0.0,0.0
2025-10-26 00:00:00+05:30,231,Vemulawada,1126,Vemulawada,1,Paddy,237,Grade-A(IR64),0.0,787.0,2369.0,2389.0,2389.0,0.0,0.0
2025-10-27 00:00:00+05:30,279,Thirumalagiri,9,Tirmalagiri,1,Paddy,237,Grade-A(IR64),0.0,4036.0,1776.0,1936.0,1889.0,0.0,0.0
2025-10-27 00:00:00+05:30,259,Nelakondapally,1071,Nelakondapally,1,Paddy,1,Common,0.0,2287.0,2280.0,2389.0,2300.0,0.0,0.0
2025-10-27 00:00:00+05:30,278,Suryapet,1091,Suryapet,1,Paddy,195,Grade-A,0.0,556.0,1529.0,2232.0,2109.0,0.0,0.0
2025-10-27 00:00:00+05:30,231,Vemulawada,1126,Vemulawada,1,Paddy,237,Grade-A(IR64),0.0,892.0,2369.0,2389.0,2389.0,0.0,0.0
2025-10-27 00:00:00+05:30,309,Narayanpet,1342,Narayanpet,1,Paddy,271,Common (Hamsa),0.0,207.6,1740.0,2751.0,2180.0,0.0,0.0
2025-10-27 00:00:00+05:30,301,Devarakadra,1352,Devarakadra,1,Paddy,271,Common (Hamsa),0.0,348.0,1729.0,1801.0,1765.0,0.0,0.0
2025-10-27 00:00:00+05:30,367,Gudimalkapur,1571,Gudumalkapur,55,Onions,55,Common,0.0,551.0,600.0,2000.0,1400.0,0.0,0.0
2025-10-28 00:00:00+05:30,323,Gaddiannaram,2,L.B Nagar,98,Cabbage,98,Common,0.0,120.0,3000.0,4000.0,3500.0,0.0,0.0
2025-10-28 00:00:00+05:30,324,Bowenpally,3,Bowenpally,55,Onions,55,Common,0.0,1103.0,800.0,2000.0,1600.0,0.0,0.0
2025-10-27 00:00:00+05:30,304,Kollapur,1601,Kollapur,1,Paddy,1,Common,0.0,100.0,3000.0,3000.0,3000.0,0.0,0.0
2025-10-28 00:00:00+05:30,325,Hyderabad,6,Madannapeta,98,Cabbage,98,Common,0.0,40.0,1200.0,1500.0,1350.0,0.0,0.0
2025-10-28 00:00:00+05:30,325,Hyderabad,7,Meeralamandi,98,Cabbage,98,Common,0.0,5.0,1500.0,2000.0,1750.0,0.0,0.0
2025-10-28 00:00:00+05:30,279,Thirumalagiri,9,Tirmalagiri,1,Paddy,237,Grade-A(IR64),0.0,3472.0,1686.0,1939.0,1889.0,0.0,0.0
2025-10-28 00:00:00+05:30,198,Luxettipet,27,Luxettipet,1,Paddy,1,Common,0.0,300.0,2500.0,2500.0,2500.0,0.0,0.0
2025-10-28 00:00:00+05:30,259,Nelakondapally,1071,Nelakondapally,1,Paddy,1,Common,0.0,97.0,2280.0,2389.0,2300.0,0.0,0.0
2025-10-28 00:00:00+05:30,278,Suryapet,1091,Suryapet,1,Paddy,195,Grade-A,0.0,450.0,1569.0,2202.0,1980.0,0.0,0.0
2025-10-28 00:00:00+05:30,231,Vemulawada,1126,Vemulawada,1,Paddy,237,Grade-A(IR64),0.0,278.0,2369.0,2389.0,2369.0,0.0,0.0
2025-10-28 00:00:00+05:30,309,Narayanpet,1342,Narayanpet,1,Paddy,271,Common (Hamsa),0.0,18.0,2240.0,2660.0,2240.0,0.0,0.0
2025-10-28 00:00:00+05:30,367,Gudimalkapur,1571,Gudumalkapur,55,Onions,55,Common,0.0,2117.0,500.0,2000.0,1300.0,0.0,0.0
2025-10-29 00:00:00+05:30,323,Gaddiannaram,2,L.B Nagar,98,Cabbage,98,Common,0.0,90.0,1000.0,1500.0,1200.0,0.0,0.0
2025-10-29 00:00:00+05:30,324,Bowenpally,3,Bowenpally,55,Onions,55,Common,0.0,640.0,500.0,1500.0,1200.0,0.0,0.0
2025-10-29 00:00:00+05:30,325,Hyderabad,6,Madannapeta,98,Cabbage,98,Common,0.0,40.0,1000.0,1200.0,1100.0,0.0,0.0
2025-10-29 00:00:00+05:30,325,Hyderabad,7,Meeralamandi,98,Cabbage,98,Common,0.0,5.0,1500.0,2000.0,1750.0,0.0,0.0
2025-10-29 00:00:00+05:30,279,Thirumalagiri,9,Tirmalagiri,1,Paddy,237,Grade-A(IR64),0.0,1136.0,1700.0,1919.0,1879.0,0.0,0.0
2025-10-29 00:00:00+05:30,278,Suryapet,1091,Suryapet,1,Paddy,195,Grade-A,0.0,146.0,1509.0,2162.0,1981.0,0.0,0.0
2025-10-29 00:00:00+05:30,367,Gudimalkapur,1571,Gudumalkapur,55,Onions,55,Common,0.0,1751.0,900.0,2200.0,1500.0,0.0,0.0
2025-10-29 00:00:00+05:30,346,Rudrangi,1583,Rudrangi,1,Paddy,195,Grade-A,0.0,166.0,2369.0,2389.0,2389.0,0.0,0.0
2025-10-30 00:00:00+05:30,323,Gaddiannaram,2,L.B Nagar,98,Cabbage,98,Common,0.0,62.0,1500.0,2000.0,1700.0,0.0,0.0
2025-10-30 00:00:00+05:30,324,Bowenpally,3,Bowenpally,55,Onions,55,Common,0.0,853.0,800.0,2000.0,1600.0,0.0,0.0
2025-10-30 00:00:00+05:30,325,Hyderabad,6,Madannapeta,98,Cabbage,98,Common,0.0,35.0,1000.0,1200.0,1100.0,0.0,0.0
2025-10-30 00:00:00+05:30,325,Hyderabad,7,Meeralamandi,98,Cabbage,98,Common,0.0,4.0,1500.0,1500.0,1500.0,0.0,0.0
2025-10-30 00:00:00+05:30,278,Suryapet,1091,Suryapet,1,Paddy,195,Grade-A,0.0,94.0,1700.0,1979.0,1972.0,0.0,0.0
2025-10-30 00:00:00+05:30,279,Thirumalagiri,9,Tirmalagiri,1,Paddy,237,Grade-A(IR64),0.0,678.0,1651.0,1932.0,1869.0,0.0,0.0
2025-10-30 00:00:00+05:30,231,Vemulawada,1126,Vemulawada,1,Paddy,237,Grade-A(IR64),0.0,284.0,2369.0,2389.0,2389.0,0.0,0.0
2025-10-30 00:00:00+05:30,306,Mahbubnagar,1326,Mahaboobnagar,1,Paddy,271,Common (Hamsa),0.0,14.0,2690.0,2701.0,2690.0,0.0,0.0
2025-10-30 00:00:00+05:30,367,Gudimalkapur,1571,Gudumalkapur,55,Onions,55,Common,0.0,1246.0,400.0,2000.0,1200.0,0.0,0.0
2025-10-30 00:00:00+05:30,346,Rudrangi,1583,Rudrangi,1,Paddy,195,Grade-A,0.0,83.0,2369.0,2389.0,2389.0,0.0,0.0
2025-10-30 00:00:00+05:30,304,Kollapur,1601,Kollapur,1,Paddy,1,Common,0.0,100.0,2500.0,2500.0,2500.0,0.0,0.0
2025-10-31 00:00:00+05:30,323,Gaddiannaram,1,Gaddiannaram,76,Mango,291,Benishan,0.0,41.0,0.0,0.0,0.0,0.0,0.0
2025-10-31 00:00:00+05:30,324,Bowenpally,3,Bowenpally,55,Onions,55,Common,0.0,590.0,600.0,2000.0,1500.0,0.0,0.0
2025-10-31 00:00:00+05:30,323,Gaddiannaram,2,L.B Nagar,98,Cabbage,98,Common,0.0,89.0,1000.0,2000.0,1500.0,0.0,0.0
2025-10-31 00:00:00+05:30,325,Hyderabad,6,Madannapeta,98,Cabbage,98,Common,0.0,25.0,1200.0,2000.0,1600.0,0.0,0.0
2025-10-31 00:00:00+05:30,325,Hyderabad,7,Meeralamandi,98,Cabbage,98,Common,0.0,5.0,1500.0,1800.0,1650.0,0.0,0.0
2025-10-30 00:00:00+05:30,309,Narayanpet,1342,Narayanpet,1,Paddy,271,Common (Hamsa),0.0,57.6,1500.0,2669.0,2649.0,0.0,0.0
2025-10-30 00:00:00+05:30,301,Devarakadra,1352,Devarakadra,1,Paddy,271,Common (Hamsa),0.0,128.0,1680.0,1759.0,1720.0,0.0,0.0
2025-10-31 00:00:00+05:30,278,Suryapet,1091,Suryapet,1,Paddy,195,Grade-A,0.0,590.0,2000.0,2369.0,2129.0,0.0,0.0
2025-10-31 00:00:00+05:30,231,Vemulawada,1126,Vemulawada,1,Paddy,237,Grade-A(IR64),0.0,83.0,2369.0,2389.0,2369.0,0.0,0.0
2025-10-31 00:00:00+05:30,367,Gudimalkapur,1571,Gudumalkapur,55,Onions,55,Common,0.0,1964.0,500.0,2200.0,1400.0,0.0,0.0
2025-10-31 00:00:00+05:30,304,Kollapur,1601,Kollapur,1,Paddy,1,Common,0.0,100.0,2500.0,2500.0,2500.0,0.0,0.0
2025-10-31 00:00:00+05:30,309,Narayanpet,1342,Narayanpet,1,Paddy,271,Common (Hamsa),0.0,46.8,1600.0,2659.0,2659.0,0.0,0.0
2025-10-31 00:00:00+05:30,301,Devarakadra,1352,Devarakadra,1,Paddy,271,Common (Hamsa),0.0,186.0,1731.0,1779.0,1755.0,0.0,0.0
2025-10-31 00:00:00+05:30,346,Rudrangi,1583,Rudrangi,1,Paddy,195,Grade-A,0.0,166.0,2369.0,2389.0,2389.0,0.0,0.0
2025-10-28 00:00:00+05:30,324,Bowenpally,3,Bowenpally,98,Cabbage,98,Common,0.0,2016.0,600.0,2000.0,1500.0,0.0,0.0
2025-10-28 00:00:00+05:30,323,Gaddiannaram,2,L.B Nagar,99,Cauliflower,99,Common,0.0,16.0,1500.0,2500.0,2000.0,0.0,0.0
2025-10-28 00:00:00+05:30,323,Gaddiannaram,1,Gaddiannaram,76,Mango,292,Totapari,0.0,22.0,1900.0,3300.0,2200.0,0.0,0.0
2025-10-27 00:00:00+05:30,367,Gudimalkapur,1571,Gudumalkapur,98,Cabbage,98,Common,0.0,461.0,900.0,1600.0,1300.0,0.0,0.0
2025-10-27 00:00:00+05:30,301,Devarakadra,1352,Devarakadra,1,Paddy,272,Grade-A (Sonamasuri),0.0,234.0,1859.0,2400.0,2130.0,0.0,0.0
2025-10-27 00:00:00+05:30,282,Dubbaka,1215,Dubbak,1,Paddy,237,Grade-A(IR64),0.0,600.0,2389.0,2389.0,2389.0,0.0,0.0
2025-10-27 00:00:00+05:30,238,Jangoan,1169,Jangaon,1,Paddy,237,Grade-A(IR64),0.0,3151.85,1675.0,1928.0,1915.0,0.0,0.0
2025-10-27 00:00:00+05:30,300,Badepally,1327,Badepally,1,Paddy,195,Grade-A,0.0,99.0,1657.0,1657.0,1657.0,0.0,0.0
2025-10-27 00:00:00+05:30,219,Jagtial,1125,Jagtial,1,Paddy,241,Grade-A (Jai Sri Ram),0.0,255.0,2005.0,2402.0,2301.0,0.0,0.0
2025-10-27 00:00:00+05:30,232,Medipally,1141,Midipally,5,Maize,5,Common,0.0,200.0,2400.0,2400.0,2400.0,0.0,0.0
2025-10-27 00:00:00+05:30,239,Kesamudram,1168,Kesamudram,1,Paddy,241,Grade-A (Jai Sri Ram),0.0,65.0,2269.0,2289.0,2289.0,0.0,0.0
2025-10-27 00:00:00+05:30,278,Suryapet,1091,Suryapet,1,Paddy,237,Grade-A(IR64),0.0,2507.0,1619.0,1880.0,1859.0,0.0,0.0
2025-10-27 00:00:00+05:30,325,Hyderabad,7,Meeralamandi,99,Cauliflower,99,Common,0.0,9.0,2500.0,2500.0,2500.0,0.0,0.0
2025-10-27 00:00:00+05:30,325,Hyderabad,6,Madannapeta,99,Cauliflower,99,Common,0.0,4.0,2000.0,2000.0,2000.0,0.0,0.0
2025-10-27 00:00:00+05:30,325,Hyderabad,5,Mahabubmansion,54,Chillies(Dry),264,G.T,0.0,101.0,11000.0,14200.0,12000.0,0.0,0.0
2025-10-27 00:00:00+05:30,324,Bowenpally,3,Bowenpally,98,Cabbage,98,Common,0.0,1664.0,500.0,2000.0,1500.0,0.0,0.0
2025-10-27 00:00:00+05:30,323,Gaddiannaram,2,L.B Nagar,99,Cauliflower,99,Common,0.0,19.0,1500.0,2500.0,2000.0,0.0,0.0
2025-10-27 00:00:00+05:30,323,Gaddiannaram,1,Gaddiannaram,76,Mango,292,Totapari,0.0,65.0,1600.0,3800.0,2200.0,0.0,0.0
2025-10-26 00:00:00+05:30,367,Gudimalkapur,1571,Gudumalkapur,98,Cabbage,98,Common,0.0,414.0,900.0,1600.0,1200.0,0.0,0.0
2025-10-26 00:00:00+05:30,232,Medipally,1141,Midipally,5,Maize,5,Common,0.0,298.0,2400.0,2400.0,2400.0,0.0,0.0
2025-10-26 00:00:00+05:30,325,Hyderabad,7,Meeralamandi,99,Cauliflower,99,Common,0.0,11.0,3000.0,3500.0,3250.0,0.0,0.0
2025-10-26 00:00:00+05:30,325,Hyderabad,6,Madannapeta,99,Cauliflower,99,Common,0.0,6.0,1500.0,2000.0,1750.0,0.0,0.0
2025-10-26 00:00:00+05:30,323,Gaddiannaram,2,L.B Nagar,99,Cauliflower,99,Common,0.0,50.0,1500.0,2500.0,2000.0,0.0,0.0
2025-10-26 00:00:00+05:30,324,Bowenpally,3,Bowenpally,98,Cabbage,98,Common,0.0,2415.0,1000.0,2000.0,1800.0,0.0,0.0
2025-10-25 00:00:00+05:30,367,Gudimalkapur,1571,Gudumalkapur,98,Cabbage,98,Common,0.0,419.0,1300.0,1800.0,1500.0,0.0,0.0
2025-10-25 00:00:00+05:30,301,Devarakadra,1352,Devarakadra,1,Paddy,272,Grade-A (Sonamasuri),0.0,137.0,1819.0,2121.0,1970.0,0.0,0.0
2025-10-25 00:00:00+05:30,232,Medipally,1141,Midipally,5,Maize,5,Common,0.0,200.0,2400.0,2400.0,2400.0,0.0,0.0
2025-10-25 00:00:00+05:30,238,Jangoan,1169,Jangaon,1,Paddy,237,Grade-A(IR64),0.0,2128.75,1351.0,1912.0,1881.0,0.0,0.0
2025-10-25 00:00:00+05:30,278,Suryapet,1091,Suryapet,1,Paddy,237,Grade-A(IR64),0.0,708.0,1679.0,1929.0,1829.0,0.0,0.0
2025-10-25 00:00:00+05:30,219,Jagtial,1125,Jagtial,1,Paddy,241,Grade-A (Jai Sri Ram),0.0,82.0,1850.0,2300.0,2300.0,0.0,0.0
2025-10-25 00:00:00+05:30,325,Hyderabad,7,Meeralamandi,99,Cauliflower,99,Common,0.0,10.0,3000.0,4000.0,3500.0,0.0,0.0
2025-10-25 00:00:00+05:30,325,Hyderabad,6,Madannapeta,99,Cauliflower,99,Common,0.0,8.0,1000.0,2500.0,1750.0,0.0,0.0
2025-10-25 00:00:00+05:30,323,Gaddiannaram,2,L.B Nagar,99,Cauliflower,99,Common,0.0,22.0,1500.0,2500.0,2000.0,0.0,0.0
2025-10-25 00:00:00+05:30,324,Bowenpally,3,Bowenpally,98,Cabbage,98,Common,0.0,1821.0,800.0,2000.0,1600.0,0.0,0.0
2025-10-24 00:00:00+05:30,367,Gudimalkapur,1571,Gudumalkapur,98,Cabbage,98,Common,0.0,295.0,1300.0,2000.0,1500.0,0.0,0.0
2025-10-24 00:00:00+05:30,238,Jangoan,1169,Jangaon,1,Paddy,237,Grade-A(IR64),0.0,4884.75,1550.0,1908.0,1841.0,0.0,0.0
2025-10-24 00:00:00+05:30,219,Jagtial,1125,Jagtial,1,Paddy,241,Grade-A (Jai Sri Ram),0.0,105.0,1800.0,2250.0,1950.0,0.0,0.0
2025-10-24 00:00:00+05:30,239,Kesamudram,1168,Kesamudram,1,Paddy,241,Grade-A (Jai Sri Ram),0.0,29.0,2201.0,3111.0,2511.0,0.0,0.0
2025-10-23 00:00:00+05:30,301,Devarakadra,1352,Devarakadra,1,Paddy,272,Grade-A (Sonamasuri),0.0,48.0,1749.0,2121.0,1935.0,0.0,0.0
2025-10-24 00:00:00+05:30,325,Hyderabad,7,Meeralamandi,99,Cauliflower,99,Common,0.0,11.0,2000.0,2500.0,2250.0,0.0,0.0
2025-10-24 00:00:00+05:30,325,Hyderabad,6,Madannapeta,99,Cauliflower,99,Common,0.0,7.0,2000.0,4000.0,3000.0,0.0,0.0
2025-10-24 00:00:00+05:30,323,Gaddiannaram,2,L.B Nagar,99,Cauliflower,99,Common,0.0,22.0,1500.0,2500.0,2000.0,0.0,0.0
2025-10-24 00:00:00+05:30,324,Bowenpally,3,Bowenpally,98,Cabbage,98,Common,0.0,1249.0,1000.0,2200.0,2000.0,0.0,0.0
2025-10-24 00:00:00+05:30,323,Gaddiannaram,1,Gaddiannaram,76,Mango,292,Totapari,0.0,23.0,1650.0,3850.0,2200.0,0.0,0.0
2025-10-23 00:00:00+05:30,367,Gudimalkapur,1571,Gudumalkapur,98,Cabbage,98,Common,0.0,261.0,1300.0,1800.0,1500.0,0.0,0.0
2025-10-23 00:00:00+05:30,278,Suryapet,1091,Suryapet,1,Paddy,237,Grade-A(IR64),0.0,1133.0,1711.0,1919.0,1869.0,0.0,0.0
2025-10-23 00:00:00+05:30,219,Jagtial,1125,Jagtial,1,Paddy,241,Grade-A (Jai Sri Ram),0.0,22.0,2100.0,2451.0,2100.0,0.0,0.0
2025-10-23 00:00:00+05:30,302,Gadwal,1328,Gadwal,1,Paddy,272,Grade-A (Sonamasuri),0.0,21.0,1903.0,1903.0,1903.0,0.0,0.0
2025-10-23 00:00:00+05:30,325,Hyderabad,7,Meeralamandi,99,Cauliflower,99,Common,0.0,13.0,2000.0,25000.0,2250.0,0.0,0.0
2025-10-23 00:00:00+05:30,325,Hyderabad,6,Madannapeta,99,Cauliflower,99,Common,0.0,8.0,1500.0,2000.0,1750.0,0.0,0.0
2025-10-23 00:00:00+05:30,324,Bowenpally,3,Bowenpally,98,Cabbage,98,Common,0.0,827.0,500.0,2000.0,1500.0,0.0,0.0
2025-10-23 00:00:00+05:30,323,Gaddiannaram,2,L.B Nagar,99,Cauliflower,99,Common,0.0,35.0,1500.0,2500.0,2000.0,0.0,0.0
2025-10-22 00:00:00+05:30,367,Gudimalkapur,1571,Gudumalkapur,98,Cabbage,98,Common,0.0,230.0,900.0,1500.0,1200.0,0.0,0.0
2025-10-22 00:00:00+05:30,309,Narayanpet,1342,Narayanpet,1,Paddy,272,Grade-A (Sonamasuri),0.0,18.0,2309.0,2736.0,2309.0,0.0,0.0
2025-10-22 00:00:00+05:30,237,Ghanpur,1188,Ghanpur,1,Paddy,240,Common (1001),0.0,520.0,2200.0,2400.0,2300.0,0.0,0.0
2025-10-22 00:00:00+05:30,283,Gajwel,1201,Gajwel,5,Maize,5,Common,0.0,25.0,1900.0,2100.0,2100.0,0.0,0.0
2025-10-22 00:00:00+05:30,282,Dubbaka,1215,Dubbak,1,Paddy,237,Grade-A(IR64),0.0,320.0,2390.0,2390.0,2390.0,0.0,0.0
2025-10-22 00:00:00+05:30,306,Mahbubnagar,1326,Mahaboobnagar,1,Paddy,272,Grade-A (Sonamasuri),0.0,20.0,2012.0,2490.0,2490.0,0.0,0.0
2025-10-22 00:00:00+05:30,219,Jagtial,1125,Jagtial,1,Paddy,241,Grade-A (Jai Sri Ram),0.0,87.0,1751.0,2601.0,1751.0,0.0,0.0
2025-10-22 00:00:00+05:30,232,Medipally,1141,Midipally,5,Maize,5,Common,0.0,200.0,2400.0,2400.0,2400.0,0.0,0.0
2025-10-22 00:00:00+05:30,239,Kesamudram,1168,Kesamudram,1,Paddy,241,Grade-A (Jai Sri Ram),0.0,14.0,3006.0,3188.0,3188.0,0.0,0.0
2025-10-22 00:00:00+05:30,278,Suryapet,1091,Suryapet,1,Paddy,237,Grade-A(IR64),0.0,1844.0,1611.0,1879.0,1809.0,0.0,0.0
2025-10-22 00:00:00+05:30,208,Nizamabad,1080,Nizamabad,1,Paddy,238,Grade-A (BPT),0.0,43.0,2212.0,2212.0,2212.0,0.0,0.0
2025-10-22 00:00:00+05:30,325,Hyderabad,7,Meeralamandi,99,Cauliflower,99,Common,0.0,8.0,2500.0,3000.0,2750.0,0.0,0.0
2025-10-22 00:00:00+05:30,325,Hyderabad,6,Madannapeta,99,Cauliflower,99,Common,0.0,4.0,2000.0,2000.0,2000.0,0.0,0.0
2025-10-22 00:00:00+05:30,325,Hyderabad,5,Mahabubmansion,54,Chillies(Dry),264,G.T,0.0,185.0,10000.0,14000.0,12000.0,0.0,0.0
2025-10-22 00:00:00+05:30,323,Gaddiannaram,2,L.B Nagar,99,Cauliflower,99,Common,0.0,10.0,1500.0,2500.0,2000.0,0.0,0.0
2025-10-22 00:00:00+05:30,324,Bowenpally,3,Bowenpally,98,Cabbage,98,Common,0.0,827.0,500.0,2000.0,1500.0,0.0,0.0
2025-10-21 00:00:00+05:30,232,Medipally,1141,Midipally,5,Maize,5,Common,0.0,150.0,2400.0,2400.0,2400.0,0.0,0.0
2025-10-21 00:00:00+05:30,283,Gajwel,1201,Gajwel,5,Maize,5,Common,0.0,20.0,2000.0,2150.0,2100.0,0.0,0.0
2025-10-21 00:00:00+05:30,282,Dubbaka,1215,Dubbak,1,Paddy,237,Grade-A(IR64),0.0,320.0,2390.0,2390.0,2390.0,0.0,0.0
2025-10-20 00:00:00+05:30,367,Gudimalkapur,1571,Gudumalkapur,98,Cabbage,98,Common,0.0,373.0,500.0,1100.0,900.0,0.0,0.0
2025-10-20 00:00:00+05:30,283,Gajwel,1201,Gajwel,5,Maize,5,Common,0.0,15.0,1900.0,2100.0,2050.0,0.0,0.0
2025-10-20 00:00:00+05:30,325,Hyderabad,6,Madannapeta,99,Cauliflower,99,Common,0.0,4.0,2000.0,2000.0,2000.0,0.0,0.0
2025-10-20 00:00:00+05:30,324,Bowenpally,3,Bowenpally,98,Cabbage,98,Common,0.0,1069.0,600.0,2000.0,1600.0,0.0,0.0
2025-10-20 00:00:00+05:30,323,Gaddiannaram,2,L.B Nagar,99,Cauliflower,99,Common,0.0,13.0,1500.0,2500.0,2000.0,0.0,0.0
2025-10-20 00:00:00+05:30,323,Gaddiannaram,1,Gaddiannaram,76,Mango,292,Totapari,0.0,22.0,1650.0,3300.0,2500.0,0.0,0.0
2025-10-18 00:00:00+05:30,237,Ghanpur,1188,Ghanpur,1,Paddy,240,Common (1001),0.0,550.0,2200.0,2400.0,2300.0,0.0,0.0
2025-10-19 00:00:00+05:30,367,Gudimalkapur,1571,Gudumalkapur,98,Cabbage,98,Common,0.0,412.0,700.0,1000.0,800.0,0.0,0.0
2025-10-19 00:00:00+05:30,325,Hyderabad,7,Meeralamandi,99,Cauliflower,99,Common,0.0,8.0,2000.0,3000.0,2500.0,0.0,0.0
2025-10-19 00:00:00+05:30,323,Gaddiannaram,1,Gaddiannaram,76,Mango,292,Totapari,0.0,18.0,1650.0,3850.0,2200.0,0.0,0.0
2025-10-19 00:00:00+05:30,325,Hyderabad,6,Madannapeta,99,Cauliflower,99,Common,0.0,6.0,2000.0,2000.0,2000.0,0.0,0.0
2025-10-19 00:00:00+05:30,323,Gaddiannaram,2,L.B Nagar,99,Cauliflower,99,Common,0.0,15.0,1500.0,2500.0,2000.0,0.0,0.0
2025-10-19 00:00:00+05:30,324,Bowenpally,3,Bowenpally,98,Cabbage,98,Common,0.0,871.0,500.0,2000.0,1500.0,0.0,0.0
2025-10-18 00:00:00+05:30,367,Gudimalkapur,1571,Gudumalkapur,98,Cabbage,98,Common,0.0,449.0,800.0,1100.0,900.0,0.0,0.0
2025-10-18 00:00:00+05:30,238,Jangoan,1169,Jangaon,1,Paddy,237,Grade-A(IR64),0.0,2717.0,1609.0,1975.0,1879.0,0.0,0.0
2025-10-18 00:00:00+05:30,283,Gajwel,1201,Gajwel,5,Maize,5,Common,0.0,182.0,2000.0,2100.0,2050.0,0.0,0.0
2025-10-18 00:00:00+05:30,282,Dubbaka,1215,Dubbak,1,Paddy,237,Grade-A(IR64),0.0,700.0,2389.0,2389.0,2389.0,0.0,0.0
2025-10-18 00:00:00+05:30,325,Hyderabad,7,Meeralamandi,99,Cauliflower,99,Common,0.0,11.0,2000.0,3000.0,2500.0,0.0,0.0
2025-10-18 00:00:00+05:30,325,Hyderabad,6,Madannapeta,99,Cauliflower,99,Common,0.0,4.0,2000.0,2000.0,2000.0,0.0,0.0
2025-10-18 00:00:00+05:30,323,Gaddiannaram,2,L.B Nagar,99,Cauliflower,99,Common,0.0,10.0,1500.0,2500.0,2000.0,0.0,0.0
2025-10-18 00:00:00+05:30,324,Bowenpally,3,Bowenpally,98,Cabbage,98,Common,0.0,1244.0,500.0,2000.0,1600.0,0.0,0.0
2025-10-17 00:00:00+05:30,367,Gudimalkapur,1571,Gudumalkapur,98,Cabbage,98,Common,0.0,273.0,500.0,1000.0,700.0,0.0,0.0
2025-10-17 00:00:00+05:30,238,Jangoan,1169,Jangaon,1,Paddy,237,Grade-A(IR64),0.0,2315.95,1609.0,1917.0,1917.0,0.0,0.0
2025-10-17 00:00:00+05:30,239,Kesamudram,1168,Kesamudram,1,Paddy,241,Grade-A (Jai Sri Ram),0.0,110.0,2101.0,2951.0,2951.0,0.0,0.0
2025-10-17 00:00:00+05:30,283,Gajwel,1201,Gajwel,5,Maize,5,Common,0.0,165.0,1900.0,2100.0,2000.0,0.0,0.0
2025-10-17 00:00:00+05:30,282,Dubbaka,1215,Dubbak,1,Paddy,237,Grade-A(IR64),0.0,700.0,2389.0,2389.0,2389.0,0.0,0.0
2025-10-17 00:00:00+05:30,237,Ghanpur,1188,Ghanpur,1,Paddy,240,Common (1001),0.0,550.0,2200.0,2400.0,2300.0,0.0,0.0
2025-10-17 00:00:00+05:30,278,Suryapet,1091,Suryapet,1,Paddy,237,Grade-A(IR64),0.0,795.0,1719.0,1856.0,1836.0,0.0,0.0
2025-10-17 00:00:00+05:30,325,Hyderabad,7,Meeralamandi,99,Cauliflower,99,Common,0.0,10.0,2000.0,2000.0,2000.0,0.0,0.0
2025-10-17 00:00:00+05:30,325,Hyderabad,6,Madannapeta,99,Cauliflower,99,Common,0.0,11.0,2000.0,2000.0,2000.0,0.0,0.0
2025-10-17 00:00:00+05:30,323,Gaddiannaram,2,L.B Nagar,99,Cauliflower,99,Common,0.0,14.0,1500.0,2500.0,2000.0,0.0,0.0
2025-10-17 00:00:00+05:30,324,Bowenpally,3,Bowenpally,98,Cabbage,98,Common,0.0,1441.0,800.0,2000.0,1500.0,0.0,0.0
2025-10-16 00:00:00+05:30,238,Jangoan,1169,Jangaon,1,Paddy,237,Grade-A(IR64),0.0,2024.75,1518.0,1908.0,1888.0,0.0,0.0
2025-10-17 00:00:00+05:30,323,Gaddiannaram,1,Gaddiannaram,76,Mango,292,Totapari,0.0,65.0,1900.0,5550.0,2500.0,0.0,0.0
2025-10-16 00:00:00+05:30,367,Gudimalkapur,1571,Gudumalkapur,98,Cabbage,98,Common,0.0,515.0,600.0,1000.0,800.0,0.0,0.0
2025-10-16 00:00:00+05:30,283,Gajwel,1201,Gajwel,5,Maize,5,Common,0.0,5.0,6000.0,6300.0,6100.0,0.0,0.0
2025-10-16 00:00:00+05:30,278,Suryapet,1091,Suryapet,1,Paddy,237,Grade-A(IR64),0.0,578.0,1659.0,1836.0,1819.0,0.0,0.0
2025-10-16 00:00:00+05:30,325,Hyderabad,7,Meeralamandi,99,Cauliflower,99,Common,0.0,8.0,2500.0,3000.0,2750.0,0.0,0.0
2025-10-16 00:00:00+05:30,325,Hyderabad,6,Madannapeta,99,Cauliflower,99,Common,0.0,6.0,2000.0,2000.0,2000.0,0.0,0.0
2025-10-16 00:00:00+05:30,324,Bowenpally,3,Bowenpally,98,Cabbage,98,Common,0.0,1501.0,800.0,2000.0,1700.0,0.0,0.0
2025-10-16 00:00:00+05:30,323,Gaddiannaram,2,L.B Nagar,99,Cauliflower,99,Common,0.0,20.0,2000.0,3000.0,2500.0,0.0,0.0
2025-10-15 00:00:00+05:30,367,Gudimalkapur,1571,Gudumalkapur,98,Cabbage,98,Common,0.0,603.0,800.0,1300.0,1000.0,0.0,0.0
2025-10-15 00:00:00+05:30,239,Kesamudram,1168,Kesamudram,1,Paddy,241,Grade-A (Jai Sri Ram),0.0,8.0,2985.0,3111.0,3111.0,0.0,0.0
2025-10-15 00:00:00+05:30,238,Jangoan,1169,Jangaon,1,Paddy,237,Grade-A(IR64),0.0,1933.75,1539.0,1891.0,1861.0,0.0,0.0
2025-10-15 00:00:00+05:30,278,Suryapet,1091,Suryapet,1,Paddy,237,Grade-A(IR64),0.0,610.0,1709.0,1832.0,1819.0,0.0,0.0
2025-10-14 00:00:00+05:30,238,Jangoan,1169,Jangaon,1,Paddy,237,Grade-A(IR64),0.0,1781.0,1509.0,1896.0,1879.0,0.0,0.0
2025-10-15 00:00:00+05:30,325,Hyderabad,7,Meeralamandi,99,Cauliflower,99,Common,0.0,10.0,2000.0,2500.0,2250.0,0.0,0.0
2025-10-15 00:00:00+05:30,325,Hyderabad,5,Mahabubmansion,54,Chillies(Dry),264,G.T,0.0,40.0,7000.0,11000.0,9000.0,0.0,0.0
2025-10-15 00:00:00+05:30,325,Hyderabad,6,Madannapeta,99,Cauliflower,99,Common,0.0,3.0,2000.0,2000.0,2000.0,0.0,0.0
2025-10-15 00:00:00+05:30,323,Gaddiannaram,2,L.B Nagar,99,Cauliflower,99,Common,0.0,13.0,1500.0,2500.0,2000.0,0.0,0.0
2025-10-15 00:00:00+05:30,324,Bowenpally,3,Bowenpally,98,Cabbage,98,Common,0.0,1455.0,400.0,2000.0,1600.0,0.0,0.0
2025-10-14 00:00:00+05:30,367,Gudimalkapur,1571,Gudumalkapur,98,Cabbage,98,Common,0.0,426.0,800.0,1200.0,900.0,0.0,0.0
2025-10-14 00:00:00+05:30,239,Kesamudram,1168,Kesamudram,1,Paddy,241,Grade-A (Jai Sri Ram),0.0,21.0,2701.0,3111.0,2859.0,0.0,0.0
2025-10-14 00:00:00+05:30,237,Ghanpur,1188,Ghanpur,1,Paddy,240,Common (1001),0.0,5955.0,2200.0,2400.0,2300.0,0.0,0.0
2025-10-14 00:00:00+05:30,283,Gajwel,1201,Gajwel,5,Maize,5,Common,0.0,15.0,2000.0,2100.0,2100.0,0.0,0.0
2025-10-14 00:00:00+05:30,278,Suryapet,1091,Suryapet,1,Paddy,237,Grade-A(IR64),0.0,322.0,1709.0,1831.0,1801.0,0.0,0.0
2025-10-14 00:00:00+05:30,189,Boath,12,Boath,3,Wheat,3,Common,0.0,125.0,2600.0,2600.0,2600.0,0.0,0.0
2025-10-14 00:00:00+05:30,325,Hyderabad,7,Meeralamandi,99,Cauliflower,99,Common,0.0,11.0,1800.0,2000.0,1900.0,0.0,0.0
2025-10-14 00:00:00+05:30,325,Hyderabad,6,Madannapeta,99,Cauliflower,99,Common,0.0,4.0,2000.0,2000.0,2000.0,0.0,0.0
2025-10-14 00:00:00+05:30,323,Gaddiannaram,1,Gaddiannaram,76,Mango,292,Totapari,0.0,54.0,2200.0,3850.0,3050.0,0.0,0.0
2025-10-14 00:00:00+05:30,325,Hyderabad,5,Mahabubmansion,54,Chillies(Dry),264,G.T,0.0,160.0,6000.0,7000.0,6500.0,0.0,0.0
2025-10-14 00:00:00+05:30,324,Bowenpally,3,Bowenpally,98,Cabbage,98,Common,0.0,1285.0,400.0,2000.0,1500.0,0.0,0.0
2025-10-14 00:00:00+05:30,323,Gaddiannaram,2,L.B Nagar,99,Cauliflower,99,Common,0.0,6.0,1500.0,2500.0,2000.0,0.0,0.0
2025-10-13 00:00:00+05:30,283,Gajwel,1201,Gajwel,5,Maize,5,Common,0.0,10.0,1900.0,2100.0,2000.0,0.0,0.0
2025-10-13 00:00:00+05:30,282,Dubbaka,1215,Dubbak,1,Paddy,237,Grade-A(IR64),0.0,600.0,2390.0,2390.0,2390.0,0.0,0.0
2025-10-13 00:00:00+05:30,367,Gudimalkapur,1571,Gudumalkapur,98,Cabbage,98,Common,0.0,496.0,900.0,1200.0,1000.0,0.0,0.0
2025-10-13 00:00:00+05:30,239,Kesamudram,1168,Kesamudram,1,Paddy,241,Grade-A (Jai Sri Ram),0.0,39.0,2859.0,2859.0,2859.0,0.0,0.0
2025-10-13 00:00:00+05:30,325,Hyderabad,5,Mahabubmansion,54,Chillies(Dry),264,G.T,0.0,37.0,6000.0,13400.0,11000.0,0.0,0.0
2025-10-13 00:00:00+05:30,325,Hyderabad,7,Meeralamandi,99,Cauliflower,99,Common,0.0,7.0,2500.0,3000.0,2750.0,0.0,0.0
2025-10-13 00:00:00+05:30,325,Hyderabad,6,Madannapeta,99,Cauliflower,99,Common,0.0,3.0,2000.0,2000.0,2000.0,0.0,0.0
2025-10-13 00:00:00+05:30,323,Gaddiannaram,2,L.B Nagar,99,Cauliflower,99,Common,0.0,25.0,1500.0,2500.0,2000.0,0.0,0.0
2025-10-13 00:00:00+05:30,324,Bowenpally,3,Bowenpally,98,Cabbage,98,Common,0.0,1378.0,400.0,2000.0,1600.0,0.0,0.0
2025-10-13 00:00:00+05:30,323,Gaddiannaram,1,Gaddiannaram,76,Mango,292,Totapari,0.0,9.0,2200.0,3300.0,2500.0,0.0,0.0
2025-10-12 00:00:00+05:30,367,Gudimalkapur,1571,Gudumalkapur,98,Cabbage,98,Common,0.0,431.0,600.0,1000.0,800.0,0.0,0.0
2025-10-11 00:00:00+05:30,283,Gajwel,1201,Gajwel,5,Maize,5,Common,0.0,10.0,2100.0,2200.0,2200.0,0.0,0.0
2025-10-12 00:00:00+05:30,283,Gajwel,1201,Gajwel,5,Maize,5,Common,0.0,5.0,2000.0,2000.0,2000.0,0.0,0.0
2025-10-12 00:00:00+05:30,325,Hyderabad,7,Meeralamandi,99,Cauliflower,99,Common,0.0,6.0,3000.0,3000.0,3000.0,0.0,0.0
2025-10-12 00:00:00+05:30,324,Bowenpally,3,Bowenpally,98,Cabbage,98,Common,0.0,1275.0,1000.0,2000.0,1800.0,0.0,0.0
2025-10-12 00:00:00+05:30,323,Gaddiannaram,2,L.B Nagar,99,Cauliflower,99,Common,0.0,25.0,1500.0,2500.0,2000.0,0.0,0.0
2025-10-11 00:00:00+05:30,367,Gudimalkapur,1571,Gudumalkapur,98,Cabbage,98,Common,0.0,377.0,600.0,1000.0,800.0,0.0,0.0
2025-10-11 00:00:00+05:30,278,Suryapet,1091,Suryapet,1,Paddy,237,Grade-A(IR64),0.0,351.0,1730.0,1786.0,1786.0,0.0,0.0
2025-10-11 00:00:00+05:30,238,Jangoan,1169,Jangaon,1,Paddy,237,Grade-A(IR64),0.0,2130.7,1539.0,1869.0,1856.0,0.0,0.0
2025-10-11 00:00:00+05:30,325,Hyderabad,7,Meeralamandi,99,Cauliflower,99,Common,0.0,8.0,3000.0,3000.0,3000.0,0.0,0.0
2025-10-11 00:00:00+05:30,325,Hyderabad,5,Mahabubmansion,54,Chillies(Dry),264,G.T,0.0,158.0,7000.0,14600.0,11000.0,0.0,0.0
2025-10-11 00:00:00+05:30,325,Hyderabad,6,Madannapeta,99,Cauliflower,99,Common,0.0,4.0,2000.0,2000.0,2000.0,0.0,0.0
2025-10-11 00:00:00+05:30,324,Bowenpally,3,Bowenpally,98,Cabbage,98,Common,0.0,961.0,800.0,2200.0,1800.0,0.0,0.0
2025-10-11 00:00:00+05:30,323,Gaddiannaram,2,L.B Nagar,99,Cauliflower,99,Common,0.0,10.0,1500.0,2500.0,2000.0,0.0,0.0
2025-10-11 00:00:00+05:30,323,Gaddiannaram,1,Gaddiannaram,76,Mango,292,Totapari,0.0,23.0,2750.0,3850.0,3300.0,0.0,0.0
2025-10-10 00:00:00+05:30,238,Jangoan,1169,Jangaon,1,Paddy,237,Grade-A(IR64),0.0,1693.25,1401.0,1840.0,1819.0,0.0,0.0
2025-10-10 00:00:00+05:30,283,Gajwel,1201,Gajwel,5,Maize,5,Common,0.0,8.0,2000.0,2100.0,2100.0,0.0,0.0
2025-10-10 00:00:00+05:30,367,Gudimalkapur,1571,Gudumalkapur,98,Cabbage,98,Common,0.0,451.0,700.0,1100.0,800.0,0.0,0.0
2025-10-10 00:00:00+05:30,278,Suryapet,1091,Suryapet,1,Paddy,237,Grade-A(IR64),0.0,468.0,1589.0,1864.0,1769.0,0.0,0.0
2025-10-10 00:00:00+05:30,239,Kesamudram,1168,Kesamudram,1,Paddy,241,Grade-A (Jai Sri Ram),0.0,18.0,3101.0,3106.0,3106.0,0.0,0.0
2025-10-10 00:00:00+05:30,325,Hyderabad,7,Meeralamandi,99,Cauliflower,99,Common,0.0,10.0,2000.0,2500.0,2250.0,0.0,0.0
2025-10-10 00:00:00+05:30,325,Hyderabad,5,Mahabubmansion,54,Chillies(Dry),264,G.T,0.0,66.0,7000.0,12000.0,10000.0,0.0,0.0
2025-10-10 00:00:00+05:30,323,Gaddiannaram,2,L.B Nagar,99,Cauliflower,99,Common,0.0,5.0,1500.0,2500.0,2000.0,0.0,0.0
2025-10-10 00:00:00+05:30,324,Bowenpally,3,Bowenpally,98,Cabbage,98,Common,0.0,1421.0,1000.0,2000.0,1800.0,0.0,0.0
2025-10-09 00:00:00+05:30,367,Gudimalkapur,1571,Gudumalkapur,98,Cabbage,98,Common,0.0,481.0,900.0,1300.0,1100.0,0.0,0.0
2025-10-09 00:00:00+05:30,239,Kesamudram,1168,Kesamudram,1,Paddy,241,Grade-A (Jai Sri Ram),0.0,87.0,1859.0,2591.0,2325.0,0.0,0.0
2025-10-09 00:00:00+05:30,283,Gajwel,1201,Gajwel,5,Maize,5,Common,0.0,5.0,1900.0,2000.0,2000.0,0.0,0.0
2025-10-08 00:00:00+05:30,283,Gajwel,1201,Gajwel,5,Maize,5,Common,0.0,10.0,2100.0,2300.0,2200.0,0.0,0.0
2025-10-08 00:00:00+05:30,282,Dubbaka,1215,Dubbak,1,Paddy,237,Grade-A(IR64),0.0,600.0,2369.0,2369.0,2369.0,0.0,0.0
2025-10-09 00:00:00+05:30,325,Hyderabad,7,Meeralamandi,99,Cauliflower,99,Common,0.0,16.0,2000.0,2500.0,2250.0,0.0,0.0
2025-10-09 00:00:00+05:30,325,Hyderabad,6,Madannapeta,99,Cauliflower,99,Common,0.0,5.0,2000.0,2000.0,2000.0,0.0,0.0
2025-10-09 00:00:00+05:30,323,Gaddiannaram,1,Gaddiannaram,76,Mango,292,Totapari,0.0,23.0,2750.0,5000.0,3850.0,0.0,0.0
2025-10-09 00:00:00+05:30,325,Hyderabad,5,Mahabubmansion,54,Chillies(Dry),264,G.T,0.0,24.0,9000.0,14800.0,11000.0,0.0,0.0
2025-10-09 00:00:00+05:30,324,Bowenpally,3,Bowenpally,98,Cabbage,98,Common,0.0,1836.0,1000.0,1800.0,1600.0,0.0,0.0
2025-10-09 00:00:00+05:30,323,Gaddiannaram,2,L.B Nagar,99,Cauliflower,99,Common,0.0,10.0,1500.0,2000.0,1700.0,0.0,0.0
2025-10-08 00:00:00+05:30,367,Gudimalkapur,1571,Gudumalkapur,98,Cabbage,98,Common,0.0,543.0,500.0,1000.0,700.0,0.0,0.0
2025-10-08 00:00:00+05:30,239,Kesamudram,1168,Kesamudram,1,Paddy,241,Grade-A (Jai Sri Ram),0.0,117.0,2311.0,3176.0,3176.0,0.0,0.0
2025-10-08 00:00:00+05:30,238,Jangoan,1169,Jangaon,1,Paddy,237,Grade-A(IR64),0.0,2853.5,1309.0,1805.0,1741.0,0.0,0.0
2025-10-08 00:00:00+05:30,278,Suryapet,1091,Suryapet,1,Paddy,237,Grade-A(IR64),0.0,277.0,1611.0,1809.0,1749.0,0.0,0.0
2025-10-08 00:00:00+05:30,325,Hyderabad,7,Meeralamandi,99,Cauliflower,99,Common,0.0,14.0,2000.0,2000.0,2000.0,0.0,0.0
2025-10-08 00:00:00+05:30,325,Hyderabad,6,Madannapeta,99,Cauliflower,99,Common,0.0,5.0,2500.0,2500.0,2500.0,0.0,0.0
2025-10-08 00:00:00+05:30,323,Gaddiannaram,2,L.B Nagar,99,Cauliflower,99,Common,0.0,12.0,1500.0,2500.0,2000.0,0.0,0.0
2025-10-08 00:00:00+05:30,325,Hyderabad,5,Mahabubmansion,54,Chillies(Dry),264,G.T,0.0,24.0,6000.0,12900.0,10000.0,0.0,0.0
2025-10-08 00:00:00+05:30,324,Bowenpally,3,Bowenpally,98,Cabbage,98,Common,0.0,1622.0,600.0,1800.0,1500.0,0.0,0.0
2025-10-07 00:00:00+05:30,367,Gudimalkapur,1571,Gudumalkapur,98,Cabbage,98,Common,0.0,267.0,800.0,1000.0,900.0,0.0,0.0
2025-10-07 00:00:00+05:30,278,Suryapet,1091,Suryapet,1,Paddy,237,Grade-A(IR64),0.0,320.0,1643.0,1872.0,1779.0,0.0,0.0
2025-10-07 00:00:00+05:30,239,Kesamudram,1168,Kesamudram,1,Paddy,241,Grade-A (Jai Sri Ram),0.0,23.0,3091.0,3121.0,3121.0,0.0,0.0
2025-10-07 00:00:00+05:30,238,Jangoan,1169,Jangaon,1,Paddy,237,Grade-A(IR64),0.0,3831.75,1400.0,1799.0,1739.0,0.0,0.0
2025-10-07 00:00:00+05:30,283,Gajwel,1201,Gajwel,5,Maize,5,Common,0.0,5.0,2200.0,2300.0,2300.0,0.0,0.0
2025-10-07 00:00:00+05:30,325,Hyderabad,7,Meeralamandi,99,Cauliflower,99,Common,0.0,14.0,2000.0,2500.0,2250.0,0.0,0.0
2025-10-07 00:00:00+05:30,325,Hyderabad,6,Madannapeta,99,Cauliflower,99,Common,0.0,4.0,2000.0,2000.0,2000.0,0.0,0.0
2025-10-07 00:00:00+05:30,325,Hyderabad,5,Mahabubmansion,54,Chillies(Dry),264,G.T,0.0,48.0,6000.0,11000.0,10000.0,0.0,0.0
2025-10-07 00:00:00+05:30,324,Bowenpally,3,Bowenpally,98,Cabbage,98,Common,0.0,1389.0,600.0,1200.0,1100.0,0.0,0.0
2025-10-07 00:00:00+05:30,323,Gaddiannaram,2,L.B Nagar,99,Cauliflower,99,Common,0.0,6.0,1500.0,2500.0,2000.0,0.0,0.0
2025-10-06 00:00:00+05:30,367,Gudimalkapur,1571,Gudumalkapur,98,Cabbage,98,Common,0.0,413.0,500.0,1000.0,800.0,0.0,0.0
2025-10-06 00:00:00+05:30,278,Suryapet,1091,Suryapet,1,Paddy,237,Grade-A(IR64),0.0,528.0,1521.0,1909.0,1716.0,0.0,0.0
2025-10-06 00:00:00+05:30,325,Hyderabad,7,Meeralamandi,99,Cauliflower,99,Common,0.0,13.0,1800.0,3000.0,2400.0,0.0,0.0
2025-10-06 00:00:00+05:30,239,Kesamudram,1168,Kesamudram,1,Paddy,241,Grade-A (Jai Sri Ram),0.0,26.0,3069.0,3069.0,3069.0,0.0,0.0
2025-10-06 00:00:00+05:30,238,Jangoan,1169,Jangaon,1,Paddy,237,Grade-A(IR64),0.0,4564.95,1500.0,1799.0,1739.0,0.0,0.0
2025-10-06 00:00:00+05:30,237,Ghanpur,1188,Ghanpur,1,Paddy,240,Common (1001),0.0,300.0,2200.0,2400.0,2300.0,0.0,0.0
2025-10-06 00:00:00+05:30,283,Gajwel,1201,Gajwel,5,Maize,5,Common,0.0,2.0,2200.0,2300.0,2300.0,0.0,0.0
2025-10-06 00:00:00+05:30,325,Hyderabad,6,Madannapeta,99,Cauliflower,99,Common,0.0,4.0,2000.0,2000.0,2000.0,0.0,0.0
2025-10-06 00:00:00+05:30,324,Bowenpally,3,Bowenpally,98,Cabbage,98,Common,0.0,1487.0,1000.0,1800.0,1600.0,0.0,0.0
2025-10-06 00:00:00+05:30,323,Gaddiannaram,2,L.B Nagar,99,Cauliflower,99,Common,0.0,15.0,1500.0,2500.0,2000.0,0.0,0.0
2025-10-05 00:00:00+05:30,367,Gudimalkapur,1571,Gudumalkapur,98,Cabbage,98,Common,0.0,463.0,700.0,1000.0,800.0,0.0,0.0
2025-10-04 00:00:00+05:30,238,Jangoan,1169,Jangaon,1,Paddy,237,Grade-A(IR64),0.0,2795.0,1729.0,1769.0,1611.0,0.0,0.0
2025-10-05 00:00:00+05:30,325,Hyderabad,7,Meeralamandi,99,Cauliflower,99,Common,0.0,12.0,2000.0,3000.0,2500.0,0.0,0.0
2025-10-05 00:00:00+05:30,324,Bowenpally,3,Bowenpally,98,Cabbage,98,Common,0.0,918.0,400.0,1900.0,1500.0,0.0,0.0
2025-10-05 00:00:00+05:30,323,Gaddiannaram,2,L.B Nagar,99,Cauliflower,99,Common,0.0,25.0,1000.0,2000.0,1500.0,0.0,0.0
2025-10-04 00:00:00+05:30,367,Gudimalkapur,1571,Gudumalkapur,98,Cabbage,98,Common,0.0,288.0,500.0,800.0,700.0,0.0,0.0
2025-10-04 00:00:00+05:30,278,Suryapet,1091,Suryapet,1,Paddy,237,Grade-A(IR64),0.0,143.0,1535.0,1959.0,1669.0,0.0,0.0
2025-10-04 00:00:00+05:30,283,Gajwel,1201,Gajwel,5,Maize,5,Common,0.0,5.0,2200.0,2300.0,2300.0,0.0,0.0
2025-10-04 00:00:00+05:30,325,Hyderabad,7,Meeralamandi,99,Cauliflower,99,Common,0.0,26.0,1200.0,1500.0,1350.0,0.0,0.0
2025-10-04 00:00:00+05:30,324,Bowenpally,3,Bowenpally,98,Cabbage,98,Common,0.0,968.0,400.0,1700.0,1000.0,0.0,0.0
2025-10-04 00:00:00+05:30,323,Gaddiannaram,2,L.B Nagar,99,Cauliflower,99,Common,0.0,4.0,2000.0,3000.0,2500.0,0.0,0.0
2025-10-03 00:00:00+05:30,367,Gudimalkapur,1571,Gudumalkapur,98,Cabbage,98,Common,0.0,177.0,400.0,800.0,600.0,0.0,0.0
2025-10-03 00:00:00+05:30,325,Hyderabad,6,Madannapeta,99,Cauliflower,99,Common,0.0,2.0,1500.0,1500.0,1500.0,0.0,0.0
2025-10-03 00:00:00+05:30,283,Gajwel,1201,Gajwel,5,Maize,5,Common,0.0,10.0,2300.0,2300.0,2300.0,0.0,0.0
2025-10-03 00:00:00+05:30,324,Bowenpally,3,Bowenpally,98,Cabbage,98,Common,0.0,1175.0,400.0,1600.0,1300.0,0.0,0.0
2025-10-02 00:00:00+05:30,367,Gudimalkapur,1571,Gudumalkapur,98,Cabbage,98,Common,0.0,270.0,800.0,1000.0,900.0,0.0,0.0
2025-10-02 00:00:00+05:30,323,Gaddiannaram,2,L.B Nagar,99,Cauliflower,99,Common,0.0,4.0,1500.0,2500.0,2000.0,0.0,0.0
2025-10-02 00:00:00+05:30,324,Bowenpally,3,Bowenpally,98,Cabbage,98,Common,0.0,584.0,400.0,1500.0,1200.0,0.0,0.0
2025-10-01 00:00:00+05:30,367,Gudimalkapur,1571,Gudumalkapur,98,Cabbage,98,Common,0.0,384.0,500.0,1000.0,700.0,0.0,0.0
2025-10-01 00:00:00+05:30,325,Hyderabad,7,Meeralamandi,99,Cauliflower,99,Common,0.0,11.0,2000.0,2000.0,2000.0,0.0,0.0
2025-10-01 00:00:00+05:30,325,Hyderabad,5,Mahabubmansion,54,Chillies(Dry),264,G.T,0.0,28.0,9000.0,12800.0,10000.0,0.0,0.0
2025-10-01 00:00:00+05:30,325,Hyderabad,6,Madannapeta,99,Cauliflower,99,Common,0.0,4.0,1500.0,2000.0,1750.0,0.0,0.0
2025-10-01 00:00:00+05:30,324,Bowenpally,3,Bowenpally,98,Cabbage,98,Common,0.0,1135.0,400.0,1600.0,1200.0,0.0,0.0
2025-10-01 00:00:00+05:30,323,Gaddiannaram,2,L.B Nagar,99,Cauliflower,99,Common,0.0,21.0,1500.0,2500.0,2000.0,0.0,0.0
2025-10-01 00:00:00+05:30,323,Gaddiannaram,1,Gaddiannaram,76,Mango,292,Totapari,0.0,14.0,2750.0,2750.0,2750.0,0.0,0.0
2025-10-31 00:00:00+05:30,301,Devarakadra,1352,Devarakadra,1,Paddy,272,Grade-A (Sonamasuri),0.0,564.0,1852.0,2109.0,1980.0,0.0,0.0
2025-10-31 00:00:00+05:30,309,Narayanpet,1342,Narayanpet,1,Paddy,272,Grade-A (Sonamasuri),0.0,61.2,1919.0,2219.0,2209.0,0.0,0.0
2025-10-31 00:00:00+05:30,367,Gudimalkapur,1571,Gudumalkapur,98,Cabbage,98,Common,0.0,383.0,900.0,1500.0,1100.0,0.0,0.0
2025-10-31 00:00:00+05:30,238,Jangoan,1169,Jangaon,1,Paddy,237,Grade-A(IR64),0.0,767.0,1679.0,1919.0,1917.0,0.0,0.0
2025-10-31 00:00:00+05:30,283,Gajwel,1201,Gajwel,5,Maize,5,Common,0.0,170.0,2060.0,2100.0,2085.0,0.0,0.0
2025-10-31 00:00:00+05:30,302,Gadwal,1328,Gadwal,1,Paddy,272,Grade-A (Sonamasuri),0.0,60.0,1802.0,2000.0,2000.0,0.0,0.0
2025-10-31 00:00:00+05:30,212,Choppadandi,1123,Choppadandi,1,Paddy,195,Grade-A,0.0,160.0,1802.0,1972.0,1951.0,0.0,0.0
2025-10-31 00:00:00+05:30,278,Suryapet,1091,Suryapet,1,Paddy,237,Grade-A(IR64),0.0,1686.0,1601.0,1889.0,1819.0,0.0,0.0
2025-10-30 00:00:00+05:30,301,Devarakadra,1352,Devarakadra,1,Paddy,272,Grade-A (Sonamasuri),0.0,156.0,2009.0,2109.0,2059.0,0.0,0.0
2025-10-30 00:00:00+05:30,309,Narayanpet,1342,Narayanpet,1,Paddy,272,Grade-A (Sonamasuri),0.0,132.0,1829.0,2170.0,2170.0,0.0,0.0
2025-10-30 00:00:00+05:30,302,Gadwal,1328,Gadwal,1,Paddy,272,Grade-A (Sonamasuri),0.0,16.0,1810.0,1810.0,1810.0,0.0,0.0
2025-10-31 00:00:00+05:30,325,Hyderabad,7,Meeralamandi,99,Cauliflower,99,Common,0.0,10.0,2000.0,2500.0,2250.0,0.0,0.0
2025-10-31 00:00:00+05:30,325,Hyderabad,6,Madannapeta,99,Cauliflower,99,Common,0.0,6.0,2500.0,2500.0,2500.0,0.0,0.0
2025-10-31 00:00:00+05:30,323,Gaddiannaram,2,L.B Nagar,99,Cauliflower,99,Common,0.0,74.0,2000.0,3000.0,2500.0,0.0,0.0
2025-10-31 00:00:00+05:30,324,Bowenpally,3,Bowenpally,98,Cabbage,98,Common,0.0,1285.0,400.0,1800.0,1400.0,0.0,0.0
2025-10-30 00:00:00+05:30,367,Gudimalkapur,1571,Gudumalkapur,98,Cabbage,98,Common,0.0,227.0,600.0,1000.0,700.0,0.0,0.0
2025-10-30 00:00:00+05:30,219,Jagtial,1125,Jagtial,1,Paddy,241,Grade-A (Jai Sri Ram),0.0,19.0,1950.0,1950.0,1950.0,0.0,0.0
2025-10-30 00:00:00+05:30,238,Jangoan,1169,Jangaon,1,Paddy,237,Grade-A(IR64),0.0,570.05,1310.0,1896.0,1889.0,0.0,0.0
2025-10-30 00:00:00+05:30,278,Suryapet,1091,Suryapet,1,Paddy,237,Grade-A(IR64),0.0,543.0,1509.0,1839.0,1719.0,0.0,0.0
2025-10-30 00:00:00+05:30,325,Hyderabad,6,Madannapeta,99,Cauliflower,99,Common,0.0,3.0,2000.0,2000.0,2000.0,0.0,0.0
2025-10-30 00:00:00+05:30,323,Gaddiannaram,1,Gaddiannaram,76,Mango,292,Totapari,0.0,137.0,1650.0,4400.0,2200.0,0.0,0.0
2025-10-30 00:00:00+05:30,325,Hyderabad,5,Mahabubmansion,54,Chillies(Dry),264,G.T,0.0,55.0,12000.0,14200.0,13000.0,0.0,0.0
2025-10-30 00:00:00+05:30,324,Bowenpally,3,Bowenpally,98,Cabbage,98,Common,0.0,1929.0,400.0,1800.0,1400.0,0.0,0.0
2025-10-30 00:00:00+05:30,323,Gaddiannaram,2,L.B Nagar,99,Cauliflower,99,Common,0.0,9.0,2000.0,3000.0,2500.0,0.0,0.0
2025-10-29 00:00:00+05:30,302,Gadwal,1328,Gadwal,1,Paddy,272,Grade-A (Sonamasuri),0.0,33.0,1828.0,1828.0,1828.0,0.0,0.0
2025-10-29 00:00:00+05:30,367,Gudimalkapur,1571,Gudumalkapur,98,Cabbage,98,Common,0.0,169.0,1500.0,5000.0,3000.0,0.0,0.0
2025-10-29 00:00:00+05:30,232,Medipally,1141,Midipally,5,Maize,5,Common,0.0,200.0,2400.0,2400.0,2400.0,0.0,0.0
2025-10-29 00:00:00+05:30,238,Jangoan,1169,Jangaon,1,Paddy,237,Grade-A(IR64),0.0,1482.0,1756.0,1923.0,1846.0,0.0,0.0
2025-10-29 00:00:00+05:30,278,Suryapet,1091,Suryapet,1,Paddy,237,Grade-A(IR64),0.0,633.0,1641.0,1871.0,1839.0,0.0,0.0
2025-10-29 00:00:00+05:30,325,Hyderabad,7,Meeralamandi,99,Cauliflower,99,Common,0.0,8.0,2500.0,2500.0,2500.0,0.0,0.0
2025-10-29 00:00:00+05:30,325,Hyderabad,6,Madannapeta,99,Cauliflower,99,Common,0.0,4.0,2000.0,2000.0,2000.0,0.0,0.0
2025-10-29 00:00:00+05:30,325,Hyderabad,5,Mahabubmansion,54,Chillies(Dry),264,G.T,0.0,40.0,8800.0,14500.0,11000.0,0.0,0.0
2025-10-29 00:00:00+05:30,324,Bowenpally,3,Bowenpally,98,Cabbage,98,Common,0.0,1427.0,400.0,1800.0,1400.0,0.0,0.0
2025-10-29 00:00:00+05:30,323,Gaddiannaram,2,L.B Nagar,99,Cauliflower,99,Common,0.0,42.0,2000.0,2500.0,2200.0,0.0,0.0
2025-10-28 00:00:00+05:30,367,Gudimalkapur,1571,Gudumalkapur,98,Cabbage,98,Common,0.0,380.0,600.0,1200.0,900.0,0.0,0.0
2025-10-28 00:00:00+05:30,277,Nidmanoor,1095,Nidamanoor,1,Paddy,270,Grade-A (1010),0.0,50.0,2360.0,2380.0,2380.0,0.0,0.0
2025-10-28 00:00:00+05:30,219,Jagtial,1125,Jagtial,1,Paddy,241,Grade-A (Jai Sri Ram),0.0,292.0,2270.0,2421.0,2350.0,0.0,0.0
2025-10-28 00:00:00+05:30,278,Suryapet,1091,Suryapet,1,Paddy,237,Grade-A(IR64),0.0,2736.0,1529.0,1886.0,1700.0,0.0,0.0
2025-10-28 00:00:00+05:30,314,Marpally,45,Marpally,5,Maize,5,Common,0.0,15.0,2000.0,2000.0,2000.0,0.0,0.0
2025-10-28 00:00:00+05:30,232,Medipally,1141,Midipally,5,Maize,5,Common,0.0,250.0,2400.0,2400.0,2400.0,0.0,0.0
2025-10-28 00:00:00+05:30,238,Jangoan,1169,Jangaon,1,Paddy,237,Grade-A(IR64),0.0,2401.75,1619.0,1950.0,1836.0,0.0,0.0
2025-10-28 00:00:00+05:30,325,Hyderabad,7,Meeralamandi,99,Cauliflower,99,Common,0.0,13.0,2000.0,2000.0,2000.0,0.0,0.0
2025-10-28 00:00:00+05:30,325,Hyderabad,6,Madannapeta,99,Cauliflower,99,Common,0.0,4.0,2000.0,2000.0,2000.0,0.0,0.0
2025-10-01 00:00:00+05:30,323,Gaddiannaram,2,L.B Nagar,101,Beet Root,101,Common,0.0,7.0,1000.0,2000.0,1500.0,0.0,0.0
2025-10-01 00:00:00+05:30,324,Bowenpally,3,Bowenpally,99,Cauliflower,99,Common,0.0,137.0,500.0,1500.0,1200.0,0.0,0.0
2025-10-01 00:00:00+05:30,325,Hyderabad,7,Meeralamandi,103,Carrot,103,Common,0.0,2.0,3000.0,4000.0,3500.0,0.0,0.0
2025-10-01 00:00:00+05:30,367,Gudimalkapur,1571,Gudumalkapur,99,Cauliflower,99,Common,0.0,120.0,1500.0,3000.0,2000.0,0.0,0.0
2025-10-02 00:00:00+05:30,324,Bowenpally,3,Bowenpally,99,Cauliflower,99,Common,0.0,105.0,500.0,1500.0,1200.0,0.0,0.0
2025-10-02 00:00:00+05:30,323,Gaddiannaram,2,L.B Nagar,101,Beet Root,101,Common,0.0,10.0,1000.0,2000.0,1500.0,0.0,0.0
2025-10-02 00:00:00+05:30,367,Gudimalkapur,1571,Gudumalkapur,99,Cauliflower,99,Common,0.0,96.0,1800.0,2400.0,2000.0,0.0,0.0
2025-10-03 00:00:00+05:30,324,Bowenpally,3,Bowenpally,99,Cauliflower,99,Common,0.0,148.0,500.0,2000.0,1600.0,0.0,0.0
2025-10-02 00:00:00+05:30,208,Nizamabad,1080,Nizamabad,1,Paddy,241,Grade-A (Jai Sri Ram),0.0,1.0,2300.0,2300.0,2300.0,0.0,0.0
2025-10-03 00:00:00+05:30,367,Gudimalkapur,1571,Gudumalkapur,99,Cauliflower,99,Common,0.0,43.0,2000.0,300.0,2500.0,0.0,0.0
2025-10-04 00:00:00+05:30,323,Gaddiannaram,2,L.B Nagar,101,Beet Root,101,Common,0.0,10.0,1500.0,2000.0,1700.0,0.0,0.0
2025-10-04 00:00:00+05:30,324,Bowenpally,3,Bowenpally,99,Cauliflower,99,Common,0.0,76.0,500.0,2000.0,1500.0,0.0,0.0
2025-10-04 00:00:00+05:30,325,Hyderabad,7,Meeralamandi,103,Carrot,103,Common,0.0,3.0,3000.0,4000.0,3500.0,0.0,0.0
2025-10-01 00:00:00+05:30,208,Nizamabad,1080,Nizamabad,1,Paddy,241,Grade-A (Jai Sri Ram),0.0,1.0,2300.0,2300.0,2300.0,0.0,0.0
2025-10-04 00:00:00+05:30,325,Hyderabad,6,Madannapeta,101,Beet Root,101,Common,0.0,3.0,2500.0,2500.0,2500.0,0.0,0.0
2025-10-03 00:00:00+05:30,208,Nizamabad,1080,Nizamabad,1,Paddy,241,Grade-A (Jai Sri Ram),0.0,1.0,2300.0,2300.0,2300.0,0.0,0.0
2025-10-04 00:00:00+05:30,188,Bhainsa,11,Bhainsa,5,Maize,215,Hybrid New,0.0,6.0,1515.0,1515.0,1515.0,0.0,0.0
2025-10-04 00:00:00+05:30,367,Gudimalkapur,1571,Gudumalkapur,99,Cauliflower,99,Common,0.0,118.0,2500.0,2000.0,3000.0,0.0,0.0
2025-10-05 00:00:00+05:30,323,Gaddiannaram,2,L.B Nagar,101,Beet Root,101,Common,0.0,10.0,1500.0,2000.0,1700.0,0.0,0.0
2025-10-04 00:00:00+05:30,331,Vantimamidi,1612,Vantimamidi,30,Groundnut pods,243,Wet,0.0,3.0,2500.0,3000.0,2750.0,0.0,0.0
2025-10-05 00:00:00+05:30,324,Bowenpally,3,Bowenpally,99,Cauliflower,99,Common,0.0,156.0,500.0,2000.0,1600.0,0.0,0.0
2025-10-05 00:00:00+05:30,325,Hyderabad,6,Madannapeta,101,Beet Root,101,Common,0.0,6.0,2500.0,3000.0,2750.0,0.0,0.0
2025-10-05 00:00:00+05:30,325,Hyderabad,7,Meeralamandi,103,Carrot,103,Common,0.0,3.0,3000.0,4000.0,3500.0,0.0,0.0
2025-10-05 00:00:00+05:30,243,Narsampet,1176,Narsampet,5,Maize,215,Hybrid New,0.0,1434.74,1852.0,2098.0,2021.0,0.0,0.0
2025-10-05 00:00:00+05:30,367,Gudimalkapur,1571,Gudumalkapur,99,Cauliflower,99,Common,0.0,209.0,1500.0,3000.0,2000.0,0.0,0.0
2025-10-06 00:00:00+05:30,323,Gaddiannaram,2,L.B Nagar,101,Beet Root,101,Common,0.0,12.0,1500.0,2000.0,1700.0,0.0,0.0
2025-10-06 00:00:00+05:30,324,Bowenpally,3,Bowenpally,99,Cauliflower,99,Common,0.0,147.0,1000.0,2000.0,1800.0,0.0,0.0
2025-10-06 00:00:00+05:30,325,Hyderabad,6,Madannapeta,101,Beet Root,101,Common,0.0,3.0,3000.0,3000.0,3000.0,0.0,0.0
2025-10-06 00:00:00+05:30,239,Kesamudram,1168,Kesamudram,1,Paddy,256,Grade-A (RNR),0.0,161.0,2261.0,2611.0,2429.0,0.0,0.0
2025-10-06 00:00:00+05:30,243,Narsampet,1176,Narsampet,5,Maize,215,Hybrid New,0.0,358.48,1814.0,2109.0,2107.0,0.0,0.0
2025-10-06 00:00:00+05:30,241,Mahabubabad,1177,Mahabubabad,1,Paddy,241,Grade-A (Jai Sri Ram),0.0,21.0,2293.0,3160.0,3160.0,0.0,0.0
2025-10-06 00:00:00+05:30,212,Choppadandi,1123,Choppadandi,1,Paddy,237,Grade-A(IR64),0.0,28.0,1926.0,1971.0,1935.0,0.0,0.0
2025-10-06 00:00:00+05:30,325,Hyderabad,7,Meeralamandi,103,Carrot,103,Common,0.0,3.0,3000.0,3500.0,3250.0,0.0,0.0
2025-10-06 00:00:00+05:30,188,Bhainsa,11,Bhainsa,5,Maize,215,Hybrid New,0.0,6.05,1919.0,1919.0,1919.0,0.0,0.0
2025-10-06 00:00:00+05:30,367,Gudimalkapur,1571,Gudumalkapur,99,Cauliflower,99,Common,0.0,240.0,1500.0,2500.0,2000.0,0.0,0.0
2025-10-07 00:00:00+05:30,323,Gaddiannaram,2,L.B Nagar,101,Beet Root,101,Common,0.0,12.0,2000.0,2500.0,2200.0,0.0,0.0
2025-10-06 00:00:00+05:30,331,Vantimamidi,1612,Vantimamidi,30,Groundnut pods,243,Wet,0.0,2.0,3000.0,3000.0,3000.0,0.0,0.0
2025-10-07 00:00:00+05:30,324,Bowenpally,3,Bowenpally,99,Cauliflower,99,Common,0.0,95.0,1000.0,2000.0,1800.0,0.0,0.0
2025-10-07 00:00:00+05:30,325,Hyderabad,7,Meeralamandi,103,Carrot,103,Common,0.0,3.0,4000.0,5000.0,4500.0,0.0,0.0
2025-10-07 00:00:00+05:30,188,Bhainsa,11,Bhainsa,5,Maize,215,Hybrid New,0.0,75.5,1414.0,1957.0,1947.0,0.0,0.0
2025-10-07 00:00:00+05:30,254,Enkoor,1078,Enkoor,25,Cotton,25,Common,0.0,178.0,4800.0,5600.0,5300.0,0.0,0.0
2025-10-07 00:00:00+05:30,241,Mahabubabad,1177,Mahabubabad,1,Paddy,241,Grade-A (Jai Sri Ram),0.0,10.0,2356.0,2810.0,2356.0,0.0,0.0
2025-10-07 00:00:00+05:30,239,Kesamudram,1168,Kesamudram,1,Paddy,256,Grade-A (RNR),0.0,136.0,1855.0,2624.0,2575.0,0.0,0.0
2025-10-07 00:00:00+05:30,212,Choppadandi,1123,Choppadandi,1,Paddy,237,Grade-A(IR64),0.0,8.0,1926.0,1926.0,1926.0,0.0,0.0
2025-10-07 00:00:00+05:30,367,Gudimalkapur,1571,Gudumalkapur,99,Cauliflower,99,Common,0.0,140.0,1000.0,3000.0,2000.0,0.0,0.0
2025-10-08 00:00:00+05:30,324,Bowenpally,3,Bowenpally,99,Cauliflower,99,Common,0.0,158.0,500.0,2000.0,1500.0,0.0,0.0
2025-10-07 00:00:00+05:30,331,Vantimamidi,1612,Vantimamidi,30,Groundnut pods,243,Wet,0.0,2.0,3000.0,3000.0,3000.0,0.0,0.0
2025-10-08 00:00:00+05:30,323,Gaddiannaram,2,L.B Nagar,101,Beet Root,101,Common,0.0,12.0,1500.0,2500.0,2000.0,0.0,0.0
2025-10-08 00:00:00+05:30,325,Hyderabad,6,Madannapeta,101,Beet Root,101,Common,0.0,5.0,3000.0,3500.0,3250.0,0.0,0.0
2025-10-08 00:00:00+05:30,325,Hyderabad,7,Meeralamandi,103,Carrot,103,Common,0.0,4.0,5000.0,5000.0,5000.0,0.0,0.0
2025-10-08 00:00:00+05:30,188,Bhainsa,11,Bhainsa,5,Maize,215,Hybrid New,0.0,54.6,1500.0,1936.0,1813.0,0.0,0.0
2025-10-08 00:00:00+05:30,243,Narsampet,1176,Narsampet,5,Maize,215,Hybrid New,0.0,1110.1,1893.0,2121.0,2121.0,0.0,0.0
2025-10-08 00:00:00+05:30,239,Kesamudram,1168,Kesamudram,1,Paddy,256,Grade-A (RNR),0.0,60.0,2251.0,2553.0,2389.0,0.0,0.0
2025-10-08 00:00:00+05:30,254,Enkoor,1078,Enkoor,25,Cotton,25,Common,0.0,228.0,4800.0,6000.0,5500.0,0.0,0.0
2025-10-08 00:00:00+05:30,367,Gudimalkapur,1571,Gudumalkapur,99,Cauliflower,99,Common,0.0,131.0,1000.0,3000.0,1800.0,0.0,0.0
2025-10-09 00:00:00+05:30,323,Gaddiannaram,2,L.B Nagar,101,Beet Root,101,Common,0.0,19.0,2000.0,3000.0,2500.0,0.0,0.0
2025-10-09 00:00:00+05:30,324,Bowenpally,3,Bowenpally,99,Cauliflower,99,Common,0.0,164.0,500.0,2000.0,1500.0,0.0,0.0
2025-10-09 00:00:00+05:30,325,Hyderabad,7,Meeralamandi,103,Carrot,103,Common,0.0,3.0,3000.0,4000.0,3500.0,0.0,0.0
2025-10-09 00:00:00+05:30,192,Jainath,26,Jainath,5,Maize,5,Common,0.0,339.0,2300.0,2300.0,2300.0,0.0,0.0
2025-10-09 00:00:00+05:30,188,Bhainsa,11,Bhainsa,5,Maize,215,Hybrid New,0.0,19.14,1642.0,1642.0,1642.0,0.0,0.0
2025-10-09 00:00:00+05:30,243,Narsampet,1176,Narsampet,5,Maize,215,Hybrid New,0.0,1375.06,1941.0,2135.0,2133.0,0.0,0.0
2025-10-09 00:00:00+05:30,241,Mahabubabad,1177,Mahabubabad,1,Paddy,241,Grade-A (Jai Sri Ram),0.0,23.0,2510.0,3176.0,2510.0,0.0,0.0
2025-10-09 00:00:00+05:30,254,Enkoor,1078,Enkoor,25,Cotton,25,Common,0.0,133.0,5000.0,6000.0,5500.0,0.0,0.0
2025-10-09 00:00:00+05:30,212,Choppadandi,1123,Choppadandi,1,Paddy,237,Grade-A(IR64),0.0,12.0,1809.0,1826.0,1809.0,0.0,0.0
2025-10-09 00:00:00+05:30,239,Kesamudram,1168,Kesamudram,1,Paddy,256,Grade-A (RNR),0.0,138.0,1859.0,2591.0,2325.0,0.0,0.0
2025-10-09 00:00:00+05:30,296,Achampet,1337,Achampet,5,Maize,5,Common,0.0,170.0,1711.0,2032.0,1768.0,0.0,0.0
2025-10-09 00:00:00+05:30,367,Gudimalkapur,1571,Gudumalkapur,99,Cauliflower,99,Common,0.0,118.0,1500.0,3000.0,2000.0,0.0,0.0
2025-10-10 00:00:00+05:30,324,Bowenpally,3,Bowenpally,99,Cauliflower,99,Common,0.0,155.0,1000.0,2000.0,1800.0,0.0,0.0
2025-10-10 00:00:00+05:30,323,Gaddiannaram,2,L.B Nagar,101,Beet Root,101,Common,0.0,12.0,1500.0,2500.0,2000.0,0.0,0.0
2025-10-10 00:00:00+05:30,239,Kesamudram,1168,Kesamudram,1,Paddy,256,Grade-A (RNR),0.0,55.0,2201.0,2531.0,2349.0,0.0,0.0
2025-10-10 00:00:00+05:30,254,Enkoor,1078,Enkoor,25,Cotton,25,Common,0.0,261.0,4800.0,6000.0,5500.0,0.0,0.0
2025-10-10 00:00:00+05:30,188,Bhainsa,11,Bhainsa,5,Maize,215,Hybrid New,0.0,110.5,1681.0,2055.0,1878.0,0.0,0.0
2025-10-10 00:00:00+05:30,367,Gudimalkapur,1571,Gudumalkapur,99,Cauliflower,99,Common,0.0,132.0,1000.0,3000.0,2000.0,0.0,0.0
2025-10-10 00:00:00+05:30,243,Narsampet,1176,Narsampet,5,Maize,215,Hybrid New,0.0,816.0,1853.0,2147.0,2136.0,0.0,0.0
2025-10-10 00:00:00+05:30,331,Vantimamidi,1612,Vantimamidi,30,Groundnut pods,243,Wet,0.0,1.0,3000.0,3800.0,3400.0,0.0,0.0
2025-10-11 00:00:00+05:30,323,Gaddiannaram,2,L.B Nagar,101,Beet Root,101,Common,0.0,12.0,1000.0,2000.0,1500.0,0.0,0.0
2025-10-11 00:00:00+05:30,324,Bowenpally,3,Bowenpally,99,Cauliflower,99,Common,0.0,135.0,1000.0,2000.0,1800.0,0.0,0.0
2025-10-11 00:00:00+05:30,325,Hyderabad,6,Madannapeta,101,Beet Root,101,Common,0.0,3.0,3000.0,4000.0,3500.0,0.0,0.0
2025-10-11 00:00:00+05:30,325,Hyderabad,7,Meeralamandi,103,Carrot,103,Common,0.0,3.0,4000.0,4000.0,4000.0,0.0,0.0
2025-10-11 00:00:00+05:30,243,Narsampet,1176,Narsampet,5,Maize,215,Hybrid New,0.0,1554.83,1960.0,2144.0,2124.0,0.0,0.0
2025-10-11 00:00:00+05:30,192,Jainath,26,Jainath,5,Maize,5,Common,0.0,346.5,2300.0,2300.0,2300.0,0.0,0.0
2025-10-11 00:00:00+05:30,212,Choppadandi,1123,Choppadandi,1,Paddy,237,Grade-A(IR64),0.0,38.0,1852.0,1966.0,1966.0,0.0,0.0
2025-10-11 00:00:00+05:30,254,Enkoor,1078,Enkoor,25,Cotton,25,Common,0.0,321.0,5500.0,6000.0,5600.0,0.0,0.0
2025-10-11 00:00:00+05:30,188,Bhainsa,11,Bhainsa,5,Maize,215,Hybrid New,0.0,172.5,1877.0,1009.0,1809.0,0.0,0.0
2025-10-11 00:00:00+05:30,367,Gudimalkapur,1571,Gudumalkapur,99,Cauliflower,99,Common,0.0,365.0,2000.0,3000.0,2500.0,0.0,0.0
2025-10-12 00:00:00+05:30,323,Gaddiannaram,2,L.B Nagar,101,Beet Root,101,Common,0.0,12.0,2000.0,2500.0,2200.0,0.0,0.0
2025-10-12 00:00:00+05:30,324,Bowenpally,3,Bowenpally,99,Cauliflower,99,Common,0.0,146.0,1000.0,2000.0,1800.0,0.0,0.0
2025-10-12 00:00:00+05:30,325,Hyderabad,7,Meeralamandi,103,Carrot,103,Common,0.0,4.0,3000.0,4000.0,3500.0,0.0,0.0
2025-10-12 00:00:00+05:30,192,Jainath,26,Jainath,5,Maize,5,Common,0.0,926.6,2400.0,2400.0,2400.0,0.0,0.0
2025-10-12 00:00:00+05:30,367,Gudimalkapur,1571,Gudumalkapur,99,Cauliflower,99,Common,0.0,182.0,2000.0,3500.0,2500.0,0.0,0.0
2025-10-13 00:00:00+05:30,324,Bowenpally,3,Bowenpally,99,Cauliflower,99,Common,0.0,165.0,500.0,2000.0,1500.0,0.0,0.0
2025-10-13 00:00:00+05:30,323,Gaddiannaram,2,L.B Nagar,101,Beet Root,101,Common,0.0,15.0,2000.0,3000.0,2500.0,0.0,0.0
2025-10-13 00:00:00+05:30,325,Hyderabad,6,Madannapeta,101,Beet Root,101,Common,0.0,3.0,3500.0,4000.0,3750.0,0.0,0.0
2025-10-13 00:00:00+05:30,325,Hyderabad,7,Meeralamandi,103,Carrot,103,Common,0.0,3.0,3500.0,4000.0,3750.0,0.0,0.0
2025-10-13 00:00:00+05:30,254,Enkoor,1078,Enkoor,25,Cotton,25,Common,0.0,403.0,5000.0,6100.0,5600.0,0.0,0.0
2025-10-13 00:00:00+05:30,188,Bhainsa,11,Bhainsa,5,Maize,215,Hybrid New,0.0,287.26,1719.0,1951.0,1911.0,0.0,0.0
2025-10-12 00:00:00+05:30,243,Narsampet,1176,Narsampet,5,Maize,215,Hybrid New,0.0,906.0,2001.0,2082.0,2001.0,0.0,0.0
2025-10-13 00:00:00+05:30,192,Jainath,26,Jainath,5,Maize,5,Common,0.0,322.0,2400.0,2400.0,2400.0,0.0,0.0
2025-10-13 00:00:00+05:30,239,Kesamudram,1168,Kesamudram,1,Paddy,256,Grade-A (RNR),0.0,51.0,2309.0,285.0,2579.0,0.0,0.0
2025-10-13 00:00:00+05:30,367,Gudimalkapur,1571,Gudumalkapur,99,Cauliflower,99,Common,0.0,141.0,2000.0,3500.0,2500.0,0.0,0.0
2025-10-12 00:00:00+05:30,329,Navabpet(MBNR),1483,Navabpet,5,Maize,5,Common,0.0,1177.0,1501.0,2080.0,2039.0,0.0,0.0
2025-10-13 00:00:00+05:30,331,Vantimamidi,1612,Vantimamidi,30,Groundnut pods,243,Wet,0.0,2.0,3000.0,3000.0,3000.0,0.0,0.0
2025-10-14 00:00:00+05:30,323,Gaddiannaram,2,L.B Nagar,101,Beet Root,101,Common,0.0,12.0,1500.0,2500.0,2000.0,0.0,0.0
2025-10-14 00:00:00+05:30,324,Bowenpally,3,Bowenpally,99,Cauliflower,99,Common,0.0,149.0,500.0,2000.0,1500.0,0.0,0.0
2025-10-14 00:00:00+05:30,325,Hyderabad,6,Madannapeta,101,Beet Root,101,Common,0.0,3.0,4000.0,4000.0,4000.0,0.0,0.0
2025-10-14 00:00:00+05:30,325,Hyderabad,7,Meeralamandi,103,Carrot,103,Common,0.0,4.0,3000.0,4000.0,3500.0,0.0,0.0
2025-10-14 00:00:00+05:30,241,Mahabubabad,1177,Mahabubabad,1,Paddy,241,Grade-A (Jai Sri Ram),0.0,10.0,2580.0,2580.0,2580.0,0.0,0.0
2025-10-14 00:00:00+05:30,239,Kesamudram,1168,Kesamudram,1,Paddy,256,Grade-A (RNR),0.0,101.0,1871.0,2559.0,2308.0,0.0,0.0
2025-10-14 00:00:00+05:30,254,Enkoor,1078,Enkoor,25,Cotton,25,Common,0.0,607.0,5200.0,6150.0,5800.0,0.0,0.0
2025-10-14 00:00:00+05:30,212,Choppadandi,1123,Choppadandi,1,Paddy,237,Grade-A(IR64),0.0,187.0,1600.0,8121.0,1811.0,0.0,0.0
2025-10-14 00:00:00+05:30,367,Gudimalkapur,1571,Gudumalkapur,99,Cauliflower,99,Common,0.0,112.0,2000.0,3500.0,2500.0,0.0,0.0
2025-10-14 00:00:00+05:30,331,Vantimamidi,1612,Vantimamidi,30,Groundnut pods,243,Wet,0.0,1.0,3000.0,3000.0,3000.0,0.0,0.0
2025-10-15 00:00:00+05:30,324,Bowenpally,3,Bowenpally,99,Cauliflower,99,Common,0.0,154.0,500.0,2000.0,1600.0,0.0,0.0
2025-10-15 00:00:00+05:30,323,Gaddiannaram,2,L.B Nagar,101,Beet Root,101,Common,0.0,12.0,1500.0,2500.0,2000.0,0.0,0.0
2025-10-15 00:00:00+05:30,325,Hyderabad,6,Madannapeta,101,Beet Root,101,Common,0.0,2.0,3500.0,3500.0,3500.0,0.0,0.0
2025-10-15 00:00:00+05:30,325,Hyderabad,7,Meeralamandi,103,Carrot,103,Common,0.0,2.0,4000.0,4000.0,4000.0,0.0,0.0
2025-10-15 00:00:00+05:30,188,Bhainsa,11,Bhainsa,5,Maize,215,Hybrid New,0.0,102.5,1688.0,1987.0,1855.0,0.0,0.0
2025-10-15 00:00:00+05:30,254,Enkoor,1078,Enkoor,25,Cotton,25,Common,0.0,435.0,5500.0,6200.0,5800.0,0.0,0.0
2025-10-15 00:00:00+05:30,243,Narsampet,1176,Narsampet,5,Maize,215,Hybrid New,0.0,758.55,1961.0,2082.0,2068.0,0.0,0.0
2025-10-15 00:00:00+05:30,239,Kesamudram,1168,Kesamudram,1,Paddy,256,Grade-A (RNR),0.0,60.0,2051.0,2551.0,2250.0,0.0,0.0
2025-10-15 00:00:00+05:30,212,Choppadandi,1123,Choppadandi,1,Paddy,237,Grade-A(IR64),0.0,38.0,1821.0,1811.0,1851.0,0.0,0.0
2025-10-15 00:00:00+05:30,367,Gudimalkapur,1571,Gudumalkapur,99,Cauliflower,99,Common,0.0,173.0,3000.0,3000.0,3000.0,0.0,0.0
2025-10-16 00:00:00+05:30,323,Gaddiannaram,2,L.B Nagar,101,Beet Root,101,Common,0.0,17.0,2000.0,3000.0,2500.0,0.0,0.0
2025-10-15 00:00:00+05:30,296,Achampet,1337,Achampet,5,Maize,5,Common,0.0,137.0,1735.0,2080.0,1786.0,0.0,0.0
2025-10-15 00:00:00+05:30,283,Gajwel,1201,Gajwel,25,Cotton,25,Common,0.0,3.0,5800.0,6300.0,6000.0,0.0,0.0
2025-10-15 00:00:00+05:30,241,Mahabubabad,1177,Mahabubabad,1,Paddy,241,Grade-A (Jai Sri Ram),0.0,82.0,2890.0,3241.0,3233.0,0.0,0.0
2025-10-16 00:00:00+05:30,324,Bowenpally,3,Bowenpally,99,Cauliflower,99,Common,0.0,170.0,500.0,2000.0,1600.0,0.0,0.0
2025-10-16 00:00:00+05:30,325,Hyderabad,7,Meeralamandi,103,Carrot,103,Common,0.0,3.0,3000.0,4000.0,3500.0,0.0,0.0
2025-10-16 00:00:00+05:30,254,Enkoor,1078,Enkoor,25,Cotton,25,Common,0.0,175.0,5000.0,6000.0,5500.0,0.0,0.0
2025-10-16 00:00:00+05:30,188,Bhainsa,11,Bhainsa,5,Maize,215,Hybrid New,0.0,110.15,1814.0,2215.0,2088.0,0.0,0.0
2025-10-16 00:00:00+05:30,192,Jainath,26,Jainath,5,Maize,5,Common,0.0,235.0,2400.0,2400.0,2400.0,0.0,0.0
2025-10-15 00:00:00+05:30,329,Navabpet(MBNR),1483,Navabpet,5,Maize,5,Common,0.0,683.0,1502.0,2094.0,1819.0,0.0,0.0
2025-10-16 00:00:00+05:30,296,Achampet,1337,Achampet,5,Maize,5,Common,0.0,406.0,1656.0,2092.0,1947.0,0.0,0.0
2025-10-16 00:00:00+05:30,212,Choppadandi,1123,Choppadandi,1,Paddy,237,Grade-A(IR64),0.0,166.0,1966.0,1901.0,1966.0,0.0,0.0
2025-10-16 00:00:00+05:30,239,Kesamudram,1168,Kesamudram,1,Paddy,256,Grade-A (RNR),0.0,95.0,1959.0,2439.0,2209.0,0.0,0.0
2025-10-16 00:00:00+05:30,241,Mahabubabad,1177,Mahabubabad,1,Paddy,241,Grade-A (Jai Sri Ram),0.0,29.0,2410.0,2680.0,2410.0,0.0,0.0
2025-10-16 00:00:00+05:30,367,Gudimalkapur,1571,Gudumalkapur,99,Cauliflower,99,Common,0.0,255.0,1000.0,3000.0,2000.0,0.0,0.0
2025-10-17 00:00:00+05:30,324,Bowenpally,3,Bowenpally,99,Cauliflower,99,Common,0.0,169.0,500.0,2000.0,1600.0,0.0,0.0
2025-10-17 00:00:00+05:30,323,Gaddiannaram,2,L.B Nagar,101,Beet Root,101,Common,0.0,12.0,1500.0,2500.0,2000.0,0.0,0.0
2025-10-17 00:00:00+05:30,325,Hyderabad,6,Madannapeta,101,Beet Root,101,Common,0.0,4.0,3500.0,3500.0,3500.0,0.0,0.0
2025-10-17 00:00:00+05:30,325,Hyderabad,7,Meeralamandi,103,Carrot,103,Common,0.0,2.0,4000.0,4000.0,4000.0,0.0,0.0
2025-10-17 00:00:00+05:30,254,Enkoor,1078,Enkoor,25,Cotton,25,Common,0.0,198.0,5000.0,6100.0,5500.0,0.0,0.0
2025-10-17 00:00:00+05:30,208,Nizamabad,1080,Nizamabad,1,Paddy,241,Grade-A (Jai Sri Ram),0.0,1.0,2300.0,2300.0,2300.0,0.0,0.0
2025-10-17 00:00:00+05:30,243,Narsampet,1176,Narsampet,5,Maize,215,Hybrid New,0.0,1255.31,1812.0,2062.0,1942.0,0.0,0.0
2025-10-17 00:00:00+05:30,296,Achampet,1337,Achampet,5,Maize,5,Common,0.0,625.0,1612.0,2089.0,1656.0,0.0,0.0
2025-10-17 00:00:00+05:30,239,Kesamudram,1168,Kesamudram,1,Paddy,256,Grade-A (RNR),0.0,120.0,2089.0,2576.0,2301.0,0.0,0.0
2025-10-17 00:00:00+05:30,241,Mahabubabad,1177,Mahabubabad,1,Paddy,241,Grade-A (Jai Sri Ram),0.0,44.0,2240.0,2860.0,2450.0,0.0,0.0
2025-10-17 00:00:00+05:30,367,Gudimalkapur,1571,Gudumalkapur,99,Cauliflower,99,Common,0.0,160.0,1500.0,3000.0,2000.0,0.0,0.0
2025-10-17 00:00:00+05:30,331,Vantimamidi,1612,Vantimamidi,30,Groundnut pods,243,Wet,0.0,4.0,2500.0,2500.0,2500.0,0.0,0.0
2025-10-18 00:00:00+05:30,324,Bowenpally,3,Bowenpally,99,Cauliflower,99,Common,0.0,212.0,500.0,2000.0,1500.0,0.0,0.0
2025-10-18 00:00:00+05:30,323,Gaddiannaram,2,L.B Nagar,101,Beet Root,101,Common,0.0,15.0,2000.0,2500.0,2200.0,0.0,0.0
2025-10-18 00:00:00+05:30,325,Hyderabad,6,Madannapeta,101,Beet Root,101,Common,0.0,2.0,3500.0,3500.0,3500.0,0.0,0.0
2025-10-18 00:00:00+05:30,325,Hyderabad,7,Meeralamandi,103,Carrot,103,Common,0.0,3.0,4000.0,4500.0,4250.0,0.0,0.0
2025-10-18 00:00:00+05:30,192,Jainath,26,Jainath,5,Maize,5,Common,0.0,250.6,2400.0,2400.0,2400.0,0.0,0.0
2025-10-18 00:00:00+05:30,254,Enkoor,1078,Enkoor,25,Cotton,25,Common,0.0,173.0,5000.0,6100.0,5500.0,0.0,0.0
2025-10-18 00:00:00+05:30,208,Nizamabad,1080,Nizamabad,1,Paddy,241,Grade-A (Jai Sri Ram),0.0,1.0,2300.0,2300.0,2300.0,0.0,0.0
2025-10-18 00:00:00+05:30,212,Choppadandi,1123,Choppadandi,1,Paddy,237,Grade-A(IR64),0.0,324.0,1911.0,1969.0,1926.0,0.0,0.0
2025-10-18 00:00:00+05:30,367,Gudimalkapur,1571,Gudumalkapur,99,Cauliflower,99,Common,0.0,148.0,1200.0,3500.0,2500.0,0.0,0.0
2025-10-19 00:00:00+05:30,324,Bowenpally,3,Bowenpally,99,Cauliflower,99,Common,0.0,184.0,500.0,2000.0,1500.0,0.0,0.0
2025-10-19 00:00:00+05:30,323,Gaddiannaram,2,L.B Nagar,101,Beet Root,101,Common,0.0,12.0,1500.0,2500.0,2000.0,0.0,0.0
2025-10-19 00:00:00+05:30,325,Hyderabad,7,Meeralamandi,103,Carrot,103,Common,0.0,3.0,4000.0,4000.0,4000.0,0.0,0.0
2025-10-19 00:00:00+05:30,367,Gudimalkapur,1571,Gudumalkapur,99,Cauliflower,99,Common,0.0,207.0,1500.0,3000.0,2000.0,0.0,0.0
2025-10-18 00:00:00+05:30,243,Narsampet,1176,Narsampet,5,Maize,215,Hybrid New,0.0,784.08,1869.0,2043.0,1961.0,0.0,0.0
2025-10-19 00:00:00+05:30,243,Narsampet,1176,Narsampet,5,Maize,215,Hybrid New,0.0,454.35,1703.0,2011.0,2011.0,0.0,0.0
2025-10-20 00:00:00+05:30,323,Gaddiannaram,2,L.B Nagar,101,Beet Root,101,Common,0.0,15.0,1500.0,2500.0,2000.0,0.0,0.0
2025-10-20 00:00:00+05:30,324,Bowenpally,3,Bowenpally,99,Cauliflower,99,Common,0.0,180.0,500.0,2000.0,1600.0,0.0,0.0
2025-10-19 00:00:00+05:30,208,Nizamabad,1080,Nizamabad,1,Paddy,241,Grade-A (Jai Sri Ram),0.0,2.0,2300.0,2300.0,2300.0,0.0,0.0
2025-10-19 00:00:00+05:30,329,Navabpet(MBNR),1483,Navabpet,5,Maize,5,Common,0.0,4673.0,1515.0,2121.0,2082.0,0.0,0.0
2025-10-20 00:00:00+05:30,367,Gudimalkapur,1571,Gudumalkapur,99,Cauliflower,99,Common,0.0,93.0,1500.0,4000.0,2000.0,0.0,0.0
2025-10-21 00:00:00+05:30,208,Nizamabad,1080,Nizamabad,1,Paddy,241,Grade-A (Jai Sri Ram),0.0,1.0,2300.0,2300.0,2300.0,0.0,0.0
2025-10-20 00:00:00+05:30,208,Nizamabad,1080,Nizamabad,1,Paddy,241,Grade-A (Jai Sri Ram),0.0,1.0,2300.0,2300.0,2300.0,0.0,0.0
2025-10-22 00:00:00+05:30,324,Bowenpally,3,Bowenpally,99,Cauliflower,99,Common,0.0,121.0,500.0,2000.0,1500.0,0.0,0.0
2025-10-22 00:00:00+05:30,323,Gaddiannaram,2,L.B Nagar,101,Beet Root,101,Common,0.0,13.0,2000.0,3000.0,2500.0,0.0,0.0
2025-10-22 00:00:00+05:30,325,Hyderabad,7,Meeralamandi,103,Carrot,103,Common,0.0,3.0,4000.0,4500.0,4250.0,0.0,0.0
2025-10-22 00:00:00+05:30,188,Bhainsa,11,Bhainsa,5,Maize,215,Hybrid New,0.0,275.71,1438.0,14827.0,1800.0,0.0,0.0
2025-10-22 00:00:00+05:30,239,Kesamudram,1168,Kesamudram,1,Paddy,256,Grade-A (RNR),0.0,14.0,2209.0,2279.0,2279.0,0.0,0.0
2025-10-22 00:00:00+05:30,243,Narsampet,1176,Narsampet,5,Maize,215,Hybrid New,0.0,929.7,1746.0,1972.0,1901.0,0.0,0.0
2025-10-22 00:00:00+05:30,367,Gudimalkapur,1571,Gudumalkapur,99,Cauliflower,99,Common,0.0,191.0,1200.0,3000.0,2000.0,0.0,0.0
2025-10-23 00:00:00+05:30,323,Gaddiannaram,2,L.B Nagar,101,Beet Root,101,Common,0.0,12.0,2000.0,3000.0,2500.0,0.0,0.0
2025-10-22 00:00:00+05:30,331,Vantimamidi,1612,Vantimamidi,30,Groundnut pods,243,Wet,0.0,2.0,3000.0,3000.0,3000.0,0.0,0.0
2025-10-23 00:00:00+05:30,324,Bowenpally,3,Bowenpally,99,Cauliflower,99,Common,0.0,121.0,500.0,2000.0,1500.0,0.0,0.0
2025-10-23 00:00:00+05:30,325,Hyderabad,7,Meeralamandi,103,Carrot,103,Common,0.0,2.0,4000.0,5000.0,4500.0,0.0,0.0
2025-10-23 00:00:00+05:30,188,Bhainsa,11,Bhainsa,5,Maize,215,Hybrid New,0.0,227.78,1408.0,1858.0,1858.0,0.0,0.0
2025-10-23 00:00:00+05:30,254,Enkoor,1078,Enkoor,25,Cotton,25,Common,0.0,345.0,5000.0,6300.0,5800.0,0.0,0.0
2025-10-23 00:00:00+05:30,189,Boath,12,Boath,5,Maize,5,Common,0.0,130.0,2400.0,2400.0,2400.0,0.0,0.0
2025-10-23 00:00:00+05:30,243,Narsampet,1176,Narsampet,5,Maize,215,Hybrid New,0.0,214.81,1733.0,1946.0,1862.0,0.0,0.0
2025-10-23 00:00:00+05:30,241,Mahabubabad,1177,Mahabubabad,1,Paddy,241,Grade-A (Jai Sri Ram),0.0,6.0,2189.0,2189.0,2189.0,0.0,0.0
2025-10-23 00:00:00+05:30,239,Kesamudram,1168,Kesamudram,1,Paddy,256,Grade-A (RNR),0.0,38.0,1859.0,2565.0,2425.0,0.0,0.0
2025-10-23 00:00:00+05:30,367,Gudimalkapur,1571,Gudumalkapur,99,Cauliflower,99,Common,0.0,174.0,2000.0,3500.0,2500.0,0.0,0.0
2025-10-23 00:00:00+05:30,300,Badepally,1327,Badepally,1,Paddy,256,Grade-A (RNR),0.0,60.0,2219.0,2219.0,2219.0,0.0,0.0
2025-10-23 00:00:00+05:30,283,Gajwel,1201,Gajwel,25,Cotton,25,Common,0.0,17.0,6400.0,6600.0,6550.0,0.0,0.0
2025-10-23 00:00:00+05:30,331,Vantimamidi,1612,Vantimamidi,30,Groundnut pods,243,Wet,0.0,5.0,3000.0,3000.0,3000.0,0.0,0.0
2025-10-24 00:00:00+05:30,324,Bowenpally,3,Bowenpally,99,Cauliflower,99,Common,0.0,242.0,1000.0,2000.0,1800.0,0.0,0.0
2025-10-24 00:00:00+05:30,323,Gaddiannaram,2,L.B Nagar,101,Beet Root,101,Common,0.0,13.0,2000.0,3000.0,2500.0,0.0,0.0
2025-10-24 00:00:00+05:30,325,Hyderabad,7,Meeralamandi,103,Carrot,103,Common,0.0,2.0,5000.0,5500.0,5250.0,0.0,0.0
2025-10-24 00:00:00+05:30,325,Hyderabad,5,Mahabubmansion,54,Chillies(Dry),266,Devanooru Delux,0.0,62.0,900.0,15800.0,14000.0,0.0,0.0
2025-10-24 00:00:00+05:30,188,Bhainsa,11,Bhainsa,5,Maize,215,Hybrid New,0.0,149.48,1439.0,1879.0,1839.0,0.0,0.0
2025-10-24 00:00:00+05:30,239,Kesamudram,1168,Kesamudram,1,Paddy,256,Grade-A (RNR),0.0,33.0,2201.0,2586.0,2319.0,0.0,0.0
2025-10-24 00:00:00+05:30,254,Enkoor,1078,Enkoor,25,Cotton,25,Common,0.0,291.0,5000.0,6300.0,5600.0,0.0,0.0
2025-10-24 00:00:00+05:30,241,Mahabubabad,1177,Mahabubabad,1,Paddy,241,Grade-A (Jai Sri Ram),0.0,8.0,2360.0,2360.0,2360.0,0.0,0.0
2025-10-24 00:00:00+05:30,283,Gajwel,1201,Gajwel,25,Cotton,25,Common,0.0,14.0,6560.0,6600.0,6575.0,0.0,0.0
2025-10-24 00:00:00+05:30,367,Gudimalkapur,1571,Gudumalkapur,99,Cauliflower,99,Common,0.0,219.0,1000.0,3000.0,2000.0,0.0,0.0
2025-10-24 00:00:00+05:30,331,Vantimamidi,1612,Vantimamidi,30,Groundnut pods,243,Wet,0.0,5.0,3000.0,3000.0,3000.0,0.0,0.0
2025-10-24 00:00:00+05:30,296,Achampet,1337,Achampet,5,Maize,5,Common,0.0,80.0,1526.0,1807.0,1526.0,0.0,0.0
2025-10-25 00:00:00+05:30,324,Bowenpally,3,Bowenpally,99,Cauliflower,99,Common,0.0,216.0,1000.0,2000.0,1800.0,0.0,0.0
2025-10-25 00:00:00+05:30,323,Gaddiannaram,2,L.B Nagar,101,Beet Root,101,Common,0.0,15.0,3000.0,4000.0,3500.0,0.0,0.0
2025-10-25 00:00:00+05:30,325,Hyderabad,7,Meeralamandi,103,Carrot,103,Common,0.0,2.0,5000.0,5500.0,5250.0,0.0,0.0
2025-10-25 00:00:00+05:30,325,Hyderabad,5,Mahabubmansion,54,Chillies(Dry),266,Devanooru Delux,0.0,40.0,14000.0,14000.0,14000.0,0.0,0.0
2025-10-25 00:00:00+05:30,212,Choppadandi,1123,Choppadandi,1,Paddy,237,Grade-A(IR64),0.0,44.0,1841.0,1931.0,1931.0,0.0,0.0
2025-10-25 00:00:00+05:30,254,Enkoor,1078,Enkoor,25,Cotton,25,Common,0.0,488.0,5000.0,6300.0,5600.0,0.0,0.0
2025-10-24 00:00:00+05:30,237,Ghanpur,1188,Ghanpur,1,Paddy,270,Grade-A (1010),0.0,700.0,2200.0,2400.0,2300.0,0.0,0.0
2025-10-25 00:00:00+05:30,283,Gajwel,1201,Gajwel,25,Cotton,25,Common,0.0,12.0,6500.0,6600.0,6550.0,0.0,0.0
2025-10-25 00:00:00+05:30,367,Gudimalkapur,1571,Gudumalkapur,99,Cauliflower,99,Common,0.0,216.0,1200.0,3000.0,2000.0,0.0,0.0
2025-10-26 00:00:00+05:30,324,Bowenpally,3,Bowenpally,99,Cauliflower,99,Common,0.0,269.0,500.0,2000.0,1500.0,0.0,0.0
2025-10-26 00:00:00+05:30,323,Gaddiannaram,2,L.B Nagar,101,Beet Root,101,Common,0.0,12.0,3000.0,4000.0,3500.0,0.0,0.0
2025-10-26 00:00:00+05:30,325,Hyderabad,7,Meeralamandi,103,Carrot,103,Common,0.0,3.0,5000.0,5000.0,5000.0,0.0,0.0
2025-10-26 00:00:00+05:30,283,Gajwel,1201,Gajwel,25,Cotton,25,Common,0.0,7.0,6400.0,6600.0,6500.0,0.0,0.0
2025-10-26 00:00:00+05:30,367,Gudimalkapur,1571,Gudumalkapur,99,Cauliflower,99,Common,0.0,265.0,1000.0,2000.0,1500.0,0.0,0.0
2025-10-27 00:00:00+05:30,323,Gaddiannaram,2,L.B Nagar,101,Beet Root,101,Common,0.0,17.0,3000.0,4000.0,3500.0,0.0,0.0
2025-10-27 00:00:00+05:30,324,Bowenpally,3,Bowenpally,99,Cauliflower,99,Common,0.0,159.0,500.0,2000.0,1500.0,0.0,0.0
2025-10-27 00:00:00+05:30,325,Hyderabad,6,Madannapeta,101,Beet Root,101,Common,0.0,3.0,5000.0,5000.0,5000.0,0.0,0.0
2025-10-26 00:00:00+05:30,208,Nizamabad,1080,Nizamabad,1,Paddy,241,Grade-A (Jai Sri Ram),0.0,1.0,2300.0,2300.0,2300.0,0.0,0.0
2025-10-27 00:00:00+05:30,254,Enkoor,1078,Enkoor,25,Cotton,25,Common,0.0,375.0,5200.0,6450.0,5800.0,0.0,0.0
2025-10-27 00:00:00+05:30,188,Bhainsa,11,Bhainsa,5,Maize,215,Hybrid New,0.0,79.95,1468.0,1862.0,1468.0,0.0,0.0
2025-10-26 00:00:00+05:30,329,Navabpet(MBNR),1483,Navabpet,5,Maize,5,Common,0.0,2834.0,1502.0,2072.0,1942.0,0.0,0.0
2025-10-27 00:00:00+05:30,239,Kesamudram,1168,Kesamudram,1,Paddy,256,Grade-A (RNR),0.0,113.0,1859.0,2586.0,2289.0,0.0,0.0
2025-10-27 00:00:00+05:30,241,Mahabubabad,1177,Mahabubabad,1,Paddy,241,Grade-A (Jai Sri Ram),0.0,43.0,2305.0,2540.0,2540.0,0.0,0.0
2025-10-27 00:00:00+05:30,212,Choppadandi,1123,Choppadandi,1,Paddy,237,Grade-A(IR64),0.0,366.0,1215.0,2003.0,1215.0,0.0,0.0
2025-10-27 00:00:00+05:30,300,Badepally,1327,Badepally,1,Paddy,256,Grade-A (RNR),0.0,115.0,1755.0,2105.0,1945.0,0.0,0.0
2025-10-27 00:00:00+05:30,310,Shadnagar,1330,Shadnagar,5,Maize,5,Common,0.0,212.67,1817.0,1917.0,1911.0,0.0,0.0
2025-10-27 00:00:00+05:30,367,Gudimalkapur,1571,Gudumalkapur,99,Cauliflower,99,Common,0.0,130.0,1500.0,3000.0,2000.0,0.0,0.0
2025-10-28 00:00:00+05:30,323,Gaddiannaram,2,L.B Nagar,101,Beet Root,101,Common,0.0,12.0,2000.0,4000.0,3000.0,0.0,0.0
2025-10-28 00:00:00+05:30,324,Bowenpally,3,Bowenpally,99,Cauliflower,99,Common,0.0,162.0,500.0,2000.0,1500.0,0.0,0.0
2025-10-27 00:00:00+05:30,283,Gajwel,1201,Gajwel,25,Cotton,25,Common,0.0,9.0,6500.0,6600.0,6600.0,0.0,0.0
2025-10-27 00:00:00+05:30,331,Vantimamidi,1612,Vantimamidi,30,Groundnut pods,243,Wet,0.0,5.0,3000.0,3000.0,3000.0,0.0,0.0
2025-10-28 00:00:00+05:30,325,Hyderabad,6,Madannapeta,101,Beet Root,101,Common,0.0,6.0,3500.0,4500.0,4000.0,0.0,0.0
2025-10-28 00:00:00+05:30,325,Hyderabad,7,Meeralamandi,103,Carrot,103,Common,0.0,3.0,4500.0,5000.0,4750.0,0.0,0.0
2025-10-28 00:00:00+05:30,188,Bhainsa,11,Bhainsa,5,Maize,215,Hybrid New,0.0,280.64,1259.0,1868.0,1868.0,0.0,0.0
2025-10-28 00:00:00+05:30,235,Ibrahimpatnam(JGL),1143,Ibrahimpatnam,5,Maize,5,Common,0.0,100.0,2400.0,2400.0,2400.0,0.0,0.0
2025-10-28 00:00:00+05:30,239,Kesamudram,1168,Kesamudram,1,Paddy,256,Grade-A (RNR),0.0,36.0,2142.0,2320.0,2250.0,0.0,0.0
2025-10-28 00:00:00+05:30,283,Gajwel,1201,Gajwel,25,Cotton,25,Common,0.0,20.0,6500.0,6600.0,6560.0,0.0,0.0
2025-10-28 00:00:00+05:30,254,Enkoor,1078,Enkoor,25,Cotton,25,Common,0.0,433.0,5200.0,6800.0,5800.0,0.0,0.0
2025-10-28 00:00:00+05:30,212,Choppadandi,1123,Choppadandi,1,Paddy,237,Grade-A(IR64),0.0,68.0,1928.0,1967.0,1928.0,0.0,0.0
2025-10-28 00:00:00+05:30,367,Gudimalkapur,1571,Gudumalkapur,99,Cauliflower,99,Common,0.0,224.0,1500.0,4000.0,2000.0,0.0,0.0
2025-10-29 00:00:00+05:30,323,Gaddiannaram,2,L.B Nagar,101,Beet Root,101,Common,0.0,12.0,2000.0,4000.0,3000.0,0.0,0.0
2025-10-29 00:00:00+05:30,324,Bowenpally,3,Bowenpally,99,Cauliflower,99,Common,0.0,137.0,500.0,2000.0,1500.0,0.0,0.0
2025-10-29 00:00:00+05:30,325,Hyderabad,6,Madannapeta,101,Beet Root,101,Common,0.0,2.0,4000.0,4000.0,4000.0,0.0,0.0
2025-10-29 00:00:00+05:30,325,Hyderabad,7,Meeralamandi,103,Carrot,103,Common,0.0,3.0,5000.0,6000.0,5500.0,0.0,0.0
2025-10-28 00:00:00+05:30,300,Badepally,1327,Badepally,1,Paddy,256,Grade-A (RNR),0.0,120.0,1895.0,2249.0,1895.0,0.0,0.0
2025-10-29 00:00:00+05:30,254,Enkoor,1078,Enkoor,25,Cotton,25,Common,0.0,196.0,5000.0,6300.0,5500.0,0.0,0.0
2025-10-29 00:00:00+05:30,189,Boath,12,Boath,5,Maize,5,Common,0.0,130.0,2400.0,2400.0,2400.0,0.0,0.0
2025-10-29 00:00:00+05:30,283,Gajwel,1201,Gajwel,25,Cotton,25,Common,0.0,5.0,6400.0,6600.0,6500.0,0.0,0.0
2025-10-29 00:00:00+05:30,235,Ibrahimpatnam(JGL),1143,Ibrahimpatnam,5,Maize,5,Common,0.0,250.0,2400.0,2400.0,2400.0,0.0,0.0
2025-10-29 00:00:00+05:30,367,Gudimalkapur,1571,Gudumalkapur,99,Cauliflower,99,Common,0.0,140.0,1000.0,1500.0,1200.0,0.0,0.0
2025-10-30 00:00:00+05:30,323,Gaddiannaram,2,L.B Nagar,101,Beet Root,101,Common,0.0,10.0,3000.0,3500.0,3200.0,0.0,0.0
2025-10-30 00:00:00+05:30,324,Bowenpally,3,Bowenpally,99,Cauliflower,99,Common,0.0,107.0,500.0,2000.0,1500.0,0.0,0.0
2025-10-30 00:00:00+05:30,208,Nizamabad,1080,Nizamabad,1,Paddy,241,Grade-A (Jai Sri Ram),0.0,1.0,2300.0,2300.0,2300.0,0.0,0.0
2025-10-30 00:00:00+05:30,235,Ibrahimpatnam(JGL),1143,Ibrahimpatnam,5,Maize,5,Common,0.0,1172.0,2400.0,2400.0,2400.0,0.0,0.0
2025-10-30 00:00:00+05:30,283,Gajwel,1201,Gajwel,25,Cotton,25,Common,0.0,10.0,6400.0,6600.0,6500.0,0.0,0.0
2025-10-30 00:00:00+05:30,325,Hyderabad,7,Meeralamandi,103,Carrot,103,Common,0.0,3.0,5500.0,6000.0,3750.0,0.0,0.0
2025-10-30 00:00:00+05:30,367,Gudimalkapur,1571,Gudumalkapur,99,Cauliflower,99,Common,0.0,122.0,2000.0,3500.0,2500.0,0.0,0.0
2025-10-30 00:00:00+05:30,310,Shadnagar,1330,Shadnagar,5,Maize,5,Common,0.0,555.56,1701.0,2021.0,1890.0,0.0,0.0
2025-10-31 00:00:00+05:30,324,Bowenpally,3,Bowenpally,99,Cauliflower,99,Common,0.0,61.0,500.0,2500.0,2000.0,0.0,0.0
2025-10-31 00:00:00+05:30,323,Gaddiannaram,2,L.B Nagar,101,Beet Root,101,Common,0.0,11.0,3000.0,3500.0,3200.0,0.0,0.0
2025-10-31 00:00:00+05:30,325,Hyderabad,6,Madannapeta,101,Beet Root,101,Common,0.0,3.0,3000.0,3000.0,3000.0,0.0,0.0
2025-10-31 00:00:00+05:30,325,Hyderabad,7,Meeralamandi,103,Carrot,103,Common,0.0,2.0,4500.0,5000.0,4750.0,0.0,0.0
2025-10-31 00:00:00+05:30,300,Badepally,1327,Badepally,1,Paddy,256,Grade-A (RNR),0.0,130.0,1739.0,2089.0,2089.0,0.0,0.0
2025-10-31 00:00:00+05:30,296,Achampet,1337,Achampet,5,Maize,5,Common,0.0,881.5,1206.0,1999.0,1997.0,0.0,0.0
2025-10-31 00:00:00+05:30,306,Mahbubnagar,1326,Mahaboobnagar,1,Paddy,277,Grade-A (Chittymuthyalu),0.0,12.0,1929.0,1929.0,1929.0,0.0,0.0
2025-10-31 00:00:00+05:30,310,Shadnagar,1330,Shadnagar,5,Maize,5,Common,0.0,630.0,1601.0,2027.0,1971.0,0.0,0.0
2025-10-31 00:00:00+05:30,367,Gudimalkapur,1571,Gudumalkapur,99,Cauliflower,99,Common,0.0,335.0,1000.0,2000.0,1500.0,0.0,0.0
2025-10-31 00:00:00+05:30,329,Navabpet(MBNR),1483,Navabpet,5,Maize,5,Common,0.0,2083.0,1502.0,2104.0,1803.0,0.0,0.0
2025-10-27 00:00:00+05:30,331,Vantimamidi,1612,Vantimamidi,98,Cabbage,98,Common,0.0,12.0,500.0,1000.0,750.0,0.0,0.0
2025-10-28 00:00:00+05:30,324,Bowenpally,3,Bowenpally,101,Beet Root,101,Common,0.0,1769.0,600.0,4000.0,2600.0,0.0,0.0
2025-10-28 00:00:00+05:30,323,Gaddiannaram,2,L.B Nagar,103,Carrot,103,Common,0.0,50.0,3000.0,4000.0,3500.0,0.0,0.0
2025-10-27 00:00:00+05:30,367,Gudimalkapur,1571,Gudumalkapur,101,Beet Root,101,Common,0.0,44.0,2200.0,3000.0,2600.0,0.0,0.0
2025-10-27 00:00:00+05:30,289,Sadasivpet,1200,Sadasivapet,5,Maize,5,Common,0.0,36.0,1789.0,1839.0,1789.0,0.0,0.0
2025-10-27 00:00:00+05:30,306,Mahbubnagar,1326,Mahaboobnagar,5,Maize,5,Common,0.0,440.0,1501.0,2019.0,1511.0,0.0,0.0
2025-10-27 00:00:00+05:30,308,Nagarkurnool,1334,Nagarkurnool,5,Maize,5,Common,0.0,840.24,1602.0,2001.0,1732.0,0.0,0.0
2025-10-27 00:00:00+05:30,212,Choppadandi,1123,Choppadandi,1,Paddy,238,Grade-A (BPT),0.0,12.0,1803.0,1803.0,1803.0,0.0,0.0
2025-10-27 00:00:00+05:30,226,Metpally,1133,Metpally,5,Maize,5,Common,0.0,442.0,2400.0,2400.0,2400.0,0.0,0.0
2025-10-27 00:00:00+05:30,278,Suryapet,1091,Suryapet,1,Paddy,241,Grade-A (Jai Sri Ram),0.0,1368.0,1569.0,2902.0,2369.0,0.0,0.0
2025-10-27 00:00:00+05:30,320,Tandur,37,Tandur,5,Maize,5,Common,0.0,50.0,1890.0,1953.0,1935.0,0.0,0.0
2025-10-27 00:00:00+05:30,325,Hyderabad,7,Meeralamandi,105,Potato,105,Common,0.0,16.0,1500.0,1600.0,1550.0,0.0,0.0
2025-10-27 00:00:00+05:30,325,Hyderabad,6,Madannapeta,103,Carrot,103,Common,0.0,6.0,5000.0,5000.0,5000.0,0.0,0.0
2025-10-27 00:00:00+05:30,324,Bowenpally,3,Bowenpally,101,Beet Root,101,Common,0.0,1074.0,600.0,5000.0,3200.0,0.0,0.0
2025-10-27 00:00:00+05:30,323,Gaddiannaram,2,L.B Nagar,103,Carrot,103,Common,0.0,45.0,3000.0,5000.0,4000.0,0.0,0.0
2025-10-26 00:00:00+05:30,367,Gudimalkapur,1571,Gudumalkapur,101,Beet Root,101,Common,0.0,43.0,3000.0,4000.0,3300.0,0.0,0.0
2025-10-26 00:00:00+05:30,323,Gaddiannaram,2,L.B Nagar,103,Carrot,103,Common,0.0,45.0,3000.0,5000.0,4000.0,0.0,0.0
2025-10-26 00:00:00+05:30,325,Hyderabad,6,Madannapeta,103,Carrot,103,Common,0.0,6.0,4000.0,5000.0,4500.0,0.0,0.0
2025-10-26 00:00:00+05:30,324,Bowenpally,3,Bowenpally,101,Beet Root,101,Common,0.0,413.0,1000.0,5500.0,3600.0,0.0,0.0
2025-10-25 00:00:00+05:30,367,Gudimalkapur,1571,Gudumalkapur,101,Beet Root,101,Common,0.0,46.0,2400.0,3000.0,2600.0,0.0,0.0
2025-10-25 00:00:00+05:30,331,Vantimamidi,1612,Vantimamidi,98,Cabbage,98,Common,0.0,14.0,500.0,1000.0,750.0,0.0,0.0
2025-10-25 00:00:00+05:30,306,Mahbubnagar,1326,Mahaboobnagar,5,Maize,5,Common,0.0,10.0,1529.0,1529.0,1529.0,0.0,0.0
2025-10-25 00:00:00+05:30,308,Nagarkurnool,1334,Nagarkurnool,5,Maize,5,Common,0.0,39.42,1601.0,1688.0,1601.0,0.0,0.0
2025-10-25 00:00:00+05:30,226,Metpally,1133,Metpally,5,Maize,5,Common,0.0,225.0,2400.0,2400.0,2400.0,0.0,0.0
2025-10-25 00:00:00+05:30,289,Sadasivpet,1200,Sadasivapet,5,Maize,5,Common,0.0,39.0,1602.0,1801.0,1712.0,0.0,0.0
2025-10-24 00:00:00+05:30,289,Sadasivpet,1200,Sadasivapet,5,Maize,5,Common,0.0,31.0,1820.0,1835.0,1835.0,0.0,0.0
2025-10-24 00:00:00+05:30,308,Nagarkurnool,1334,Nagarkurnool,5,Maize,5,Common,0.0,75.6,1629.0,1719.0,1639.0,0.0,0.0
2025-10-25 00:00:00+05:30,186,Adilabad,10,Adilabad,25,Cotton,25,Common,0.0,347.5,7786.0,8110.0,8029.0,0.0,0.0
2025-10-25 00:00:00+05:30,320,Tandur,37,Tandur,5,Maize,5,Common,0.0,120.0,1881.0,1971.0,1971.0,0.0,0.0
2025-10-25 00:00:00+05:30,219,Jagtial,1125,Jagtial,1,Paddy,256,Grade-A (RNR),0.0,26.0,1911.0,1911.0,1911.0,0.0,0.0
2025-10-25 00:00:00+05:30,278,Suryapet,1091,Suryapet,1,Paddy,241,Grade-A (Jai Sri Ram),0.0,156.0,1639.0,2919.0,2919.0,0.0,0.0
2025-10-25 00:00:00+05:30,325,Hyderabad,7,Meeralamandi,105,Potato,105,Common,0.0,37.0,1200.0,1500.0,1350.0,0.0,0.0
2025-10-25 00:00:00+05:30,323,Gaddiannaram,2,L.B Nagar,103,Carrot,103,Common,0.0,48.0,3000.0,5000.0,4000.0,0.0,0.0
2025-10-25 00:00:00+05:30,325,Hyderabad,6,Madannapeta,103,Carrot,103,Common,0.0,6.0,5000.0,5500.0,5250.0,0.0,0.0
2025-10-25 00:00:00+05:30,324,Bowenpally,3,Bowenpally,101,Beet Root,101,Common,0.0,222.0,1500.0,5000.0,3600.0,0.0,0.0
2025-10-24 00:00:00+05:30,331,Vantimamidi,1612,Vantimamidi,98,Cabbage,98,Common,0.0,5.0,500.0,800.0,650.0,0.0,0.0
2025-10-24 00:00:00+05:30,367,Gudimalkapur,1571,Gudumalkapur,101,Beet Root,101,Common,0.0,33.0,2000.0,4500.0,3000.0,0.0,0.0
2025-10-24 00:00:00+05:30,306,Mahbubnagar,1326,Mahaboobnagar,5,Maize,5,Common,0.0,665.0,1512.0,2050.0,1721.0,0.0,0.0
2025-10-24 00:00:00+05:30,188,Bhainsa,11,Bhainsa,6,Jowar,226,Hybrid,0.0,5.84,1151.0,1151.0,1151.0,0.0,0.0
2025-10-23 00:00:00+05:30,299,Atmakur(WNP),1343,Atmakur,31,Castor,31,Common,0.0,2.5,5600.0,5600.0,5600.0,0.0,0.0
2025-10-24 00:00:00+05:30,323,Gaddiannaram,2,L.B Nagar,103,Carrot,103,Common,0.0,43.0,3000.0,4000.0,3500.0,0.0,0.0
2025-10-24 00:00:00+05:30,325,Hyderabad,6,Madannapeta,103,Carrot,103,Common,0.0,6.0,5500.0,6000.0,5750.0,0.0,0.0
2025-10-24 00:00:00+05:30,324,Bowenpally,3,Bowenpally,101,Beet Root,101,Common,0.0,124.0,2000.0,5000.0,4000.0,0.0,0.0
2025-10-23 00:00:00+05:30,331,Vantimamidi,1612,Vantimamidi,98,Cabbage,98,Common,0.0,12.0,600.0,1000.0,800.0,0.0,0.0
2025-10-23 00:00:00+05:30,306,Mahbubnagar,1326,Mahaboobnagar,5,Maize,5,Common,0.0,1135.0,1509.0,2032.0,2032.0,0.0,0.0
2025-10-23 00:00:00+05:30,308,Nagarkurnool,1334,Nagarkurnool,5,Maize,5,Common,0.0,233.82,1609.0,1851.0,1669.0,0.0,0.0
2025-10-23 00:00:00+05:30,367,Gudimalkapur,1571,Gudumalkapur,101,Beet Root,101,Common,0.0,28.0,2000.0,4000.0,3000.0,0.0,0.0
2025-10-23 00:00:00+05:30,278,Suryapet,1091,Suryapet,1,Paddy,241,Grade-A (Jai Sri Ram),0.0,855.0,1669.0,2769.0,2259.0,0.0,0.0
2025-10-23 00:00:00+05:30,243,Narsampet,1176,Narsampet,25,Cotton,25,Common,0.0,50.5,4900.0,6550.0,6200.0,0.0,0.0
2025-10-23 00:00:00+05:30,325,Hyderabad,7,Meeralamandi,105,Potato,105,Common,0.0,25.0,1500.0,1600.0,1550.0,0.0,0.0
2025-10-23 00:00:00+05:30,324,Bowenpally,3,Bowenpally,101,Beet Root,101,Common,0.0,498.0,600.0,4500.0,3000.0,0.0,0.0
2025-10-23 00:00:00+05:30,325,Hyderabad,6,Madannapeta,103,Carrot,103,Common,0.0,6.0,6000.0,6500.0,6250.0,0.0,0.0
2025-10-22 00:00:00+05:30,331,Vantimamidi,1612,Vantimamidi,98,Cabbage,98,Common,0.0,11.0,500.0,1000.0,750.0,0.0,0.0
2025-10-23 00:00:00+05:30,323,Gaddiannaram,2,L.B Nagar,103,Carrot,103,Common,0.0,36.0,3000.0,4000.0,3500.0,0.0,0.0
2025-10-22 00:00:00+05:30,367,Gudimalkapur,1571,Gudumalkapur,101,Beet Root,101,Common,0.0,40.0,1500.0,3000.0,2000.0,0.0,0.0
2025-10-22 00:00:00+05:30,306,Mahbubnagar,1326,Mahaboobnagar,5,Maize,5,Common,0.0,1253.0,1509.0,2070.0,1959.0,0.0,0.0
2025-10-22 00:00:00+05:30,308,Nagarkurnool,1334,Nagarkurnool,5,Maize,5,Common,0.0,497.88,1606.0,2019.0,2019.0,0.0,0.0
2025-10-22 00:00:00+05:30,243,Narsampet,1176,Narsampet,25,Cotton,25,Common,0.0,23.5,6350.0,6700.0,6550.0,0.0,0.0
2025-10-22 00:00:00+05:30,289,Sadasivpet,1200,Sadasivapet,5,Maize,5,Common,0.0,135.0,1751.0,1925.0,1851.0,0.0,0.0
2025-10-22 00:00:00+05:30,278,Suryapet,1091,Suryapet,1,Paddy,241,Grade-A (Jai Sri Ram),0.0,593.0,1739.0,2869.0,2259.0,0.0,0.0
2025-10-22 00:00:00+05:30,325,Hyderabad,7,Meeralamandi,105,Potato,105,Common,0.0,17.0,1500.0,2000.0,1750.0,0.0,0.0
2025-10-22 00:00:00+05:30,325,Hyderabad,6,Madannapeta,103,Carrot,103,Common,0.0,6.0,3000.0,5000.0,4000.0,0.0,0.0
2025-10-22 00:00:00+05:30,323,Gaddiannaram,2,L.B Nagar,103,Carrot,103,Common,0.0,30.0,3000.0,4000.0,3500.0,0.0,0.0
2025-10-22 00:00:00+05:30,324,Bowenpally,3,Bowenpally,101,Beet Root,101,Common,0.0,498.0,600.0,4500.0,3000.0,0.0,0.0
2025-10-21 00:00:00+05:30,331,Vantimamidi,1612,Vantimamidi,98,Cabbage,98,Common,0.0,5.0,800.0,1000.0,900.0,0.0,0.0
2025-10-20 00:00:00+05:30,367,Gudimalkapur,1571,Gudumalkapur,101,Beet Root,101,Common,0.0,27.0,1800.0,3000.0,2000.0,0.0,0.0
2025-10-20 00:00:00+05:30,324,Bowenpally,3,Bowenpally,101,Beet Root,101,Common,0.0,447.0,600.0,3600.0,2800.0,0.0,0.0
2025-10-20 00:00:00+05:30,325,Hyderabad,6,Madannapeta,103,Carrot,103,Common,0.0,5.0,4000.0,4500.0,4250.0,0.0,0.0
2025-10-20 00:00:00+05:30,323,Gaddiannaram,2,L.B Nagar,103,Carrot,103,Common,0.0,50.0,3000.0,3500.0,3200.0,0.0,0.0
2025-10-19 00:00:00+05:30,367,Gudimalkapur,1571,Gudumalkapur,101,Beet Root,101,Common,0.0,65.0,1500.0,2500.0,2000.0,0.0,0.0
2025-10-19 00:00:00+05:30,323,Gaddiannaram,2,L.B Nagar,103,Carrot,103,Common,0.0,35.0,3000.0,4000.0,3500.0,0.0,0.0
2025-10-19 00:00:00+05:30,325,Hyderabad,6,Madannapeta,103,Carrot,103,Common,0.0,11.0,4000.0,4000.0,4000.0,0.0,0.0
2025-10-19 00:00:00+05:30,324,Bowenpally,3,Bowenpally,101,Beet Root,101,Common,0.0,396.0,600.0,3800.0,2600.0,0.0,0.0
2025-10-18 00:00:00+05:30,367,Gudimalkapur,1571,Gudumalkapur,101,Beet Root,101,Common,0.0,37.0,1800.0,4000.0,2200.0,0.0,0.0
2025-10-18 00:00:00+05:30,331,Vantimamidi,1612,Vantimamidi,98,Cabbage,98,Common,0.0,3.0,1000.0,1000.0,1000.0,0.0,0.0
2025-10-18 00:00:00+05:30,308,Nagarkurnool,1334,Nagarkurnool,5,Maize,5,Common,0.0,402.84,1758.0,2106.0,1929.0,0.0,0.0
2025-10-18 00:00:00+05:30,306,Mahbubnagar,1326,Mahaboobnagar,5,Maize,5,Common,0.0,1129.0,1509.0,2097.0,2062.0,0.0,0.0
2025-10-17 00:00:00+05:30,308,Nagarkurnool,1334,Nagarkurnool,5,Maize,5,Common,0.0,231.66,1641.0,2105.0,2039.0,0.0,0.0
2025-10-18 00:00:00+05:30,325,Hyderabad,5,Mahabubmansion,54,Chillies(Dry),268,Talu,0.0,58.0,2000.0,4000.0,3000.0,0.0,0.0
2025-10-18 00:00:00+05:30,325,Hyderabad,6,Madannapeta,103,Carrot,103,Common,0.0,11.0,4000.0,4500.0,4250.0,0.0,0.0
2025-10-18 00:00:00+05:30,323,Gaddiannaram,2,L.B Nagar,103,Carrot,103,Common,0.0,49.0,3000.0,3500.0,3200.0,0.0,0.0
2025-10-18 00:00:00+05:30,324,Bowenpally,3,Bowenpally,101,Beet Root,101,Common,0.0,670.0,600.0,3500.0,2500.0,0.0,0.0
2025-10-17 00:00:00+05:30,331,Vantimamidi,1612,Vantimamidi,98,Cabbage,98,Common,0.0,10.0,600.0,1000.0,800.0,0.0,0.0
2025-10-17 00:00:00+05:30,367,Gudimalkapur,1571,Gudumalkapur,101,Beet Root,101,Common,0.0,22.0,1300.0,2500.0,1600.0,0.0,0.0
2025-10-17 00:00:00+05:30,243,Narsampet,1176,Narsampet,25,Cotton,25,Common,0.0,23.5,522.0,6500.0,6500.0,0.0,0.0
2025-10-17 00:00:00+05:30,306,Mahbubnagar,1326,Mahaboobnagar,5,Maize,5,Common,0.0,1356.0,1512.0,2152.0,2112.0,0.0,0.0
2025-10-17 00:00:00+05:30,278,Suryapet,1091,Suryapet,1,Paddy,241,Grade-A (Jai Sri Ram),0.0,502.0,1688.0,3201.0,2888.0,0.0,0.0
2025-10-17 00:00:00+05:30,317,Pargi,39,Pargi,5,Maize,5,Common,0.0,1931.0,1515.0,2121.0,2081.0,0.0,0.0
2025-10-17 00:00:00+05:30,325,Hyderabad,7,Meeralamandi,105,Potato,105,Common,0.0,17.0,1500.0,1600.0,1550.0,0.0,0.0
2025-10-17 00:00:00+05:30,325,Hyderabad,6,Madannapeta,103,Carrot,103,Common,0.0,7.0,4500.0,5000.0,4750.0,0.0,0.0
2025-10-17 00:00:00+05:30,323,Gaddiannaram,2,L.B Nagar,103,Carrot,103,Common,0.0,43.0,3000.0,4000.0,3500.0,0.0,0.0
2025-10-17 00:00:00+05:30,324,Bowenpally,3,Bowenpally,101,Beet Root,101,Common,0.0,389.0,500.0,3800.0,2600.0,0.0,0.0
2025-10-16 00:00:00+05:30,243,Narsampet,1176,Narsampet,25,Cotton,25,Common,0.0,27.5,5600.0,6600.0,6400.0,0.0,0.0
2025-10-16 00:00:00+05:30,308,Nagarkurnool,1334,Nagarkurnool,5,Maize,5,Common,0.0,201.0,2016.0,2098.0,2098.0,0.0,0.0
2025-10-16 00:00:00+05:30,299,Atmakur(WNP),1343,Atmakur,31,Castor,31,Common,0.0,4.5,5600.0,5600.0,5600.0,0.0,0.0
2025-10-16 00:00:00+05:30,331,Vantimamidi,1612,Vantimamidi,98,Cabbage,98,Common,0.0,9.0,500.0,1000.0,750.0,0.0,0.0
2025-10-16 00:00:00+05:30,367,Gudimalkapur,1571,Gudumalkapur,101,Beet Root,101,Common,0.0,86.0,1500.0,3000.0,2000.0,0.0,0.0
2025-10-16 00:00:00+05:30,241,Mahabubabad,1177,Mahabubabad,1,Paddy,247,Grade-A (Samba Masuri),0.0,3.0,2405.0,2405.0,2405.0,0.0,0.0
2025-10-16 00:00:00+05:30,306,Mahbubnagar,1326,Mahaboobnagar,5,Maize,5,Common,0.0,955.0,1609.0,2141.0,2112.0,0.0,0.0
2025-10-15 00:00:00+05:30,312,Wanaparthy Town,1344,W.P.Town,5,Maize,5,Common,0.0,1607.0,1651.0,2069.0,1970.0,0.0,0.0
2025-10-16 00:00:00+05:30,278,Suryapet,1091,Suryapet,1,Paddy,241,Grade-A (Jai Sri Ram),0.0,682.0,1616.0,3079.0,2629.0,0.0,0.0
2025-10-16 00:00:00+05:30,325,Hyderabad,6,Madannapeta,103,Carrot,103,Common,0.0,11.0,4000.0,4000.0,4000.0,0.0,0.0
2025-10-16 00:00:00+05:30,324,Bowenpally,3,Bowenpally,101,Beet Root,101,Common,0.0,829.0,600.0,3500.0,2600.0,0.0,0.0
2025-10-15 00:00:00+05:30,241,Mahabubabad,1177,Mahabubabad,1,Paddy,247,Grade-A (Samba Masuri),0.0,8.0,2166.0,2186.0,2186.0,0.0,0.0
2025-10-15 00:00:00+05:30,308,Nagarkurnool,1334,Nagarkurnool,5,Maize,5,Common,0.0,78.0,1955.0,2125.0,2056.0,0.0,0.0
2025-10-15 00:00:00+05:30,331,Vantimamidi,1612,Vantimamidi,98,Cabbage,98,Common,0.0,15.0,700.0,1200.0,950.0,0.0,0.0
2025-10-16 00:00:00+05:30,323,Gaddiannaram,2,L.B Nagar,103,Carrot,103,Common,0.0,36.0,2500.0,3500.0,3000.0,0.0,0.0
2025-10-15 00:00:00+05:30,367,Gudimalkapur,1571,Gudumalkapur,101,Beet Root,101,Common,0.0,43.0,2200.0,3000.0,2400.0,0.0,0.0
2025-10-15 00:00:00+05:30,243,Narsampet,1176,Narsampet,25,Cotton,25,Common,0.0,86.5,5500.0,6600.0,6400.0,0.0,0.0
2025-10-15 00:00:00+05:30,278,Suryapet,1091,Suryapet,1,Paddy,241,Grade-A (Jai Sri Ram),0.0,464.0,1889.0,2939.0,2474.0,0.0,0.0
2025-10-15 00:00:00+05:30,320,Tandur,37,Tandur,5,Maize,5,Common,0.0,8.0,2007.0,2007.0,2007.0,0.0,0.0
2025-10-15 00:00:00+05:30,325,Hyderabad,7,Meeralamandi,105,Potato,105,Common,0.0,24.0,1500.0,1600.0,1550.0,0.0,0.0
2025-10-15 00:00:00+05:30,325,Hyderabad,5,Mahabubmansion,54,Chillies(Dry),268,Talu,0.0,84.0,2000.0,4000.0,3000.0,0.0,0.0
2025-10-15 00:00:00+05:30,325,Hyderabad,6,Madannapeta,103,Carrot,103,Common,0.0,10.0,4000.0,4500.0,4250.0,0.0,0.0
2025-10-15 00:00:00+05:30,323,Gaddiannaram,2,L.B Nagar,103,Carrot,103,Common,0.0,74.0,3000.0,4000.0,3500.0,0.0,0.0
2025-10-15 00:00:00+05:30,324,Bowenpally,3,Bowenpally,101,Beet Root,101,Common,0.0,287.0,800.0,4000.0,3000.0,0.0,0.0
2025-10-14 00:00:00+05:30,331,Vantimamidi,1612,Vantimamidi,98,Cabbage,98,Common,0.0,17.0,500.0,1200.0,850.0,0.0,0.0
2025-10-14 00:00:00+05:30,308,Nagarkurnool,1334,Nagarkurnool,5,Maize,5,Common,0.0,328.32,1709.0,2148.0,1709.0,0.0,0.0
2025-10-14 00:00:00+05:30,367,Gudimalkapur,1571,Gudumalkapur,101,Beet Root,101,Common,0.0,47.0,1300.0,2200.0,1500.0,0.0,0.0
2025-10-14 00:00:00+05:30,237,Ghanpur,1188,Ghanpur,5,Maize,5,Common,0.0,4964.0,2100.0,2304.0,2200.0,0.0,0.0
2025-10-14 00:00:00+05:30,306,Mahbubnagar,1326,Mahaboobnagar,5,Maize,5,Common,0.0,637.0,1622.0,2069.0,1909.0,0.0,0.0
2025-10-14 00:00:00+05:30,278,Suryapet,1091,Suryapet,1,Paddy,241,Grade-A (Jai Sri Ram),0.0,154.0,1859.0,3059.0,2689.0,0.0,0.0
2025-10-14 00:00:00+05:30,317,Pargi,39,Pargi,5,Maize,5,Common,0.0,166.0,1659.0,2112.0,2112.0,0.0,0.0
2025-10-14 00:00:00+05:30,325,Hyderabad,6,Madannapeta,103,Carrot,103,Common,0.0,8.0,4000.0,4500.0,4250.0,0.0,0.0
2025-10-14 00:00:00+05:30,324,Bowenpally,3,Bowenpally,101,Beet Root,101,Common,0.0,456.0,600.0,4000.0,2800.0,0.0,0.0
2025-10-14 00:00:00+05:30,323,Gaddiannaram,2,L.B Nagar,103,Carrot,103,Common,0.0,60.0,3000.0,4000.0,3500.0,0.0,0.0
2025-10-13 00:00:00+05:30,331,Vantimamidi,1612,Vantimamidi,98,Cabbage,98,Common,0.0,7.0,500.0,800.0,650.0,0.0,0.0
2025-10-13 00:00:00+05:30,306,Mahbubnagar,1326,Mahaboobnagar,5,Maize,5,Common,0.0,989.0,1512.0,2052.0,1890.0,0.0,0.0
2025-10-13 00:00:00+05:30,367,Gudimalkapur,1571,Gudumalkapur,101,Beet Root,101,Common,0.0,59.0,1500.0,4000.0,2000.0,0.0,0.0
2025-10-13 00:00:00+05:30,320,Tandur,37,Tandur,5,Maize,5,Common,0.0,29.0,2025.0,2025.0,2025.0,0.0,0.0
2025-10-13 00:00:00+05:30,308,Nagarkurnool,1334,Nagarkurnool,5,Maize,5,Common,0.0,277.02,1739.0,2168.0,2048.0,0.0,0.0
2025-10-13 00:00:00+05:30,188,Bhainsa,11,Bhainsa,6,Jowar,226,Hybrid,0.0,2.6,1851.0,1937.0,1937.0,0.0,0.0
2025-10-13 00:00:00+05:30,325,Hyderabad,7,Meeralamandi,105,Potato,105,Common,0.0,15.0,1600.0,1600.0,1600.0,0.0,0.0
2025-10-13 00:00:00+05:30,325,Hyderabad,6,Madannapeta,103,Carrot,103,Common,0.0,7.0,3500.0,4500.0,4000.0,0.0,0.0
2025-10-13 00:00:00+05:30,323,Gaddiannaram,2,L.B Nagar,103,Carrot,103,Common,0.0,54.0,3000.0,3500.0,3200.0,0.0,0.0
2025-10-13 00:00:00+05:30,324,Bowenpally,3,Bowenpally,101,Beet Root,101,Common,0.0,387.0,500.0,4000.0,3000.0,0.0,0.0
2025-10-12 00:00:00+05:30,367,Gudimalkapur,1571,Gudumalkapur,101,Beet Root,101,Common,0.0,43.0,1800.0,3000.0,2200.0,0.0,0.0
2025-10-11 00:00:00+05:30,306,Mahbubnagar,1326,Mahaboobnagar,5,Maize,5,Common,0.0,352.0,1709.0,2051.0,1819.0,0.0,0.0
2025-10-12 00:00:00+05:30,331,Vantimamidi,1612,Vantimamidi,98,Cabbage,98,Common,0.0,10.0,500.0,1200.0,850.0,0.0,0.0
2025-10-12 00:00:00+05:30,325,Hyderabad,7,Meeralamandi,105,Potato,105,Common,0.0,27.0,1500.0,1600.0,1550.0,0.0,0.0
2025-10-12 00:00:00+05:30,324,Bowenpally,3,Bowenpally,101,Beet Root,101,Common,0.0,439.0,1000.0,4000.0,3000.0,0.0,0.0
2025-10-12 00:00:00+05:30,323,Gaddiannaram,2,L.B Nagar,103,Carrot,103,Common,0.0,40.0,2500.0,3500.0,3000.0,0.0,0.0
2025-10-11 00:00:00+05:30,331,Vantimamidi,1612,Vantimamidi,98,Cabbage,98,Common,0.0,4.0,500.0,1000.0,750.0,0.0,0.0
2025-10-11 00:00:00+05:30,308,Nagarkurnool,1334,Nagarkurnool,5,Maize,5,Common,0.0,407.0,1653.0,2156.0,2156.0,0.0,0.0
2025-10-11 00:00:00+05:30,367,Gudimalkapur,1571,Gudumalkapur,101,Beet Root,101,Common,0.0,51.0,1800.0,2500.0,2000.0,0.0,0.0
2025-10-11 00:00:00+05:30,317,Pargi,39,Pargi,5,Maize,5,Common,0.0,955.0,1650.0,2100.0,1855.0,0.0,0.0
2025-10-11 00:00:00+05:30,278,Suryapet,1091,Suryapet,1,Paddy,241,Grade-A (Jai Sri Ram),0.0,160.0,1909.0,3119.0,3059.0,0.0,0.0
2025-10-11 00:00:00+05:30,325,Hyderabad,6,Madannapeta,103,Carrot,103,Common,0.0,6.0,3000.0,4000.0,3500.0,0.0,0.0
2025-10-11 00:00:00+05:30,324,Bowenpally,3,Bowenpally,101,Beet Root,101,Common,0.0,292.0,800.0,2500.0,2000.0,0.0,0.0
2025-10-11 00:00:00+05:30,323,Gaddiannaram,2,L.B Nagar,103,Carrot,103,Common,0.0,47.0,2500.0,3500.0,3000.0,0.0,0.0
2025-10-10 00:00:00+05:30,308,Nagarkurnool,1334,Nagarkurnool,5,Maize,5,Common,0.0,88.0,1638.0,2129.0,2129.0,0.0,0.0
2025-10-10 00:00:00+05:30,331,Vantimamidi,1612,Vantimamidi,98,Cabbage,98,Common,0.0,13.0,1000.0,1800.0,1400.0,0.0,0.0
2025-10-10 00:00:00+05:30,306,Mahbubnagar,1326,Mahaboobnagar,5,Maize,5,Common,0.0,328.0,1512.0,2009.0,1512.0,0.0,0.0
2025-10-10 00:00:00+05:30,367,Gudimalkapur,1571,Gudumalkapur,101,Beet Root,101,Common,0.0,40.0,1500.0,2000.0,1700.0,0.0,0.0
2025-10-09 00:00:00+05:30,346,Rudrangi,1583,Rudrangi,5,Maize,5,Common,0.0,166.0,2350.0,2400.0,2400.0,0.0,0.0
2025-10-10 00:00:00+05:30,278,Suryapet,1091,Suryapet,1,Paddy,241,Grade-A (Jai Sri Ram),0.0,393.0,1511.0,3129.0,2689.0,0.0,0.0
2025-10-10 00:00:00+05:30,323,Gaddiannaram,2,L.B Nagar,103,Carrot,103,Common,0.0,56.0,3000.0,3500.0,3200.0,0.0,0.0
2025-10-10 00:00:00+05:30,324,Bowenpally,3,Bowenpally,101,Beet Root,101,Common,0.0,512.0,1000.0,3500.0,2600.0,0.0,0.0
2025-10-09 00:00:00+05:30,331,Vantimamidi,1612,Vantimamidi,98,Cabbage,98,Common,0.0,10.0,400.0,1000.0,700.0,0.0,0.0
2025-10-09 00:00:00+05:30,367,Gudimalkapur,1571,Gudumalkapur,101,Beet Root,101,Common,0.0,40.0,1300.0,2000.0,1500.0,0.0,0.0
2025-10-09 00:00:00+05:30,299,Atmakur(WNP),1343,Atmakur,31,Castor,31,Common,0.0,5.0,5700.0,5700.0,5700.0,0.0,0.0
2025-10-09 00:00:00+05:30,312,Wanaparthy Town,1344,W.P.Town,5,Maize,5,Common,0.0,720.0,1690.0,2062.0,1729.0,0.0,0.0
2025-10-09 00:00:00+05:30,241,Mahabubabad,1177,Mahabubabad,1,Paddy,247,Grade-A (Samba Masuri),0.0,2.0,2259.0,2259.0,2259.0,0.0,0.0
2025-10-09 00:00:00+05:30,306,Mahbubnagar,1326,Mahaboobnagar,5,Maize,5,Common,0.0,165.0,1519.0,2112.0,1870.0,0.0,0.0
2025-10-09 00:00:00+05:30,188,Bhainsa,11,Bhainsa,6,Jowar,226,Hybrid,0.0,3.91,1515.0,1515.0,1515.0,0.0,0.0
2025-10-09 00:00:00+05:30,325,Hyderabad,7,Meeralamandi,105,Potato,105,Common,0.0,27.0,1600.0,1600.0,1600.0,0.0,0.0
2025-10-08 00:00:00+05:30,306,Mahbubnagar,1326,Mahaboobnagar,5,Maize,5,Common,0.0,275.0,1522.0,2100.0,1669.0,0.0,0.0
2025-10-09 00:00:00+05:30,324,Bowenpally,3,Bowenpally,101,Beet Root,101,Common,0.0,458.0,1000.0,3500.0,2800.0,0.0,0.0
2025-10-09 00:00:00+05:30,325,Hyderabad,5,Mahabubmansion,54,Chillies(Dry),268,Talu,0.0,148.0,2000.0,4000.0,3000.0,0.0,0.0
2025-10-09 00:00:00+05:30,325,Hyderabad,6,Madannapeta,103,Carrot,103,Common,0.0,7.0,4000.0,4500.0,4250.0,0.0,0.0
2025-10-09 00:00:00+05:30,323,Gaddiannaram,2,L.B Nagar,103,Carrot,103,Common,0.0,58.0,3000.0,4000.0,3500.0,0.0,0.0
2025-10-08 00:00:00+05:30,308,Nagarkurnool,1334,Nagarkurnool,5,Maize,5,Common,0.0,41.0,1848.0,1943.0,1943.0,0.0,0.0
2025-10-08 00:00:00+05:30,331,Vantimamidi,1612,Vantimamidi,98,Cabbage,98,Common,0.0,17.0,500.0,800.0,650.0,0.0,0.0
2025-10-08 00:00:00+05:30,367,Gudimalkapur,1571,Gudumalkapur,101,Beet Root,101,Common,0.0,39.0,1300.0,2000.0,1800.0,0.0,0.0
2025-10-08 00:00:00+05:30,289,Sadasivpet,1200,Sadasivapet,5,Maize,5,Common,0.0,26.0,1788.0,1788.0,1788.0,0.0,0.0
2025-10-08 00:00:00+05:30,231,Vemulawada,1126,Vemulawada,5,Maize,5,Common,0.0,166.0,2225.0,2400.0,2300.0,0.0,0.0
2025-10-08 00:00:00+05:30,278,Suryapet,1091,Suryapet,1,Paddy,241,Grade-A (Jai Sri Ram),0.0,186.0,2069.0,3129.0,2892.0,0.0,0.0
2025-10-08 00:00:00+05:30,188,Bhainsa,11,Bhainsa,6,Jowar,226,Hybrid,0.0,4.85,1414.0,1936.0,1936.0,0.0,0.0
2025-10-08 00:00:00+05:30,325,Hyderabad,6,Madannapeta,103,Carrot,103,Common,0.0,9.0,3000.0,4000.0,3500.0,0.0,0.0
2025-10-08 00:00:00+05:30,323,Gaddiannaram,2,L.B Nagar,103,Carrot,103,Common,0.0,30.0,3000.0,3500.0,3200.0,0.0,0.0
2025-10-07 00:00:00+05:30,331,Vantimamidi,1612,Vantimamidi,98,Cabbage,98,Common,0.0,14.0,500.0,1200.0,850.0,0.0,0.0
2025-10-08 00:00:00+05:30,324,Bowenpally,3,Bowenpally,101,Beet Root,101,Common,0.0,552.0,1000.0,3500.0,2500.0,0.0,0.0
2025-10-07 00:00:00+05:30,367,Gudimalkapur,1571,Gudumalkapur,101,Beet Root,101,Common,0.0,33.0,1600.0,2000.0,1800.0,0.0,0.0
2025-10-07 00:00:00+05:30,278,Suryapet,1091,Suryapet,1,Paddy,241,Grade-A (Jai Sri Ram),0.0,470.0,1643.0,3239.0,3206.0,0.0,0.0
2025-10-07 00:00:00+05:30,306,Mahbubnagar,1326,Mahaboobnagar,5,Maize,5,Common,0.0,146.0,1551.0,2050.0,1909.0,0.0,0.0
2025-10-07 00:00:00+05:30,317,Pargi,39,Pargi,5,Maize,5,Common,0.0,156.0,1452.0,2022.0,1625.0,0.0,0.0
2025-10-07 00:00:00+05:30,188,Bhainsa,11,Bhainsa,6,Jowar,226,Hybrid,0.0,1.26,1717.0,1717.0,1717.0,0.0,0.0
2025-10-07 00:00:00+05:30,325,Hyderabad,7,Meeralamandi,105,Potato,105,Common,0.0,17.0,1600.0,1600.0,1600.0,0.0,0.0
2025-10-07 00:00:00+05:30,324,Bowenpally,3,Bowenpally,101,Beet Root,101,Common,0.0,626.0,1000.0,3500.0,2600.0,0.0,0.0
2025-10-07 00:00:00+05:30,325,Hyderabad,6,Madannapeta,103,Carrot,103,Common,0.0,7.0,5000.0,5200.0,5100.0,0.0,0.0
2025-10-06 00:00:00+05:30,331,Vantimamidi,1612,Vantimamidi,98,Cabbage,98,Common,0.0,23.0,400.0,900.0,650.0,0.0,0.0
2025-10-07 00:00:00+05:30,323,Gaddiannaram,2,L.B Nagar,103,Carrot,103,Common,0.0,43.0,3000.0,3500.0,3200.0,0.0,0.0
2025-10-06 00:00:00+05:30,367,Gudimalkapur,1571,Gudumalkapur,101,Beet Root,101,Common,0.0,35.0,2000.0,2500.0,2200.0,0.0,0.0
2025-10-06 00:00:00+05:30,308,Nagarkurnool,1334,Nagarkurnool,5,Maize,5,Common,0.0,81.0,1773.0,1853.0,1821.0,0.0,0.0
2025-10-06 00:00:00+05:30,299,Atmakur(WNP),1343,Atmakur,31,Castor,31,Common,0.0,6.0,5700.0,5700.0,5700.0,0.0,0.0
2025-10-06 00:00:00+05:30,312,Wanaparthy Town,1344,W.P.Town,5,Maize,5,Common,0.0,246.0,1700.0,1939.0,1700.0,0.0,0.0
2025-10-06 00:00:00+05:30,188,Bhainsa,11,Bhainsa,6,Jowar,226,Hybrid,0.0,5.0,1515.0,1515.0,1515.0,0.0,0.0
2025-10-06 00:00:00+05:30,278,Suryapet,1091,Suryapet,1,Paddy,241,Grade-A (Jai Sri Ram),0.0,465.0,1629.0,3092.0,2959.0,0.0,0.0
2025-10-06 00:00:00+05:30,231,Vemulawada,1126,Vemulawada,5,Maize,5,Common,0.0,70.0,2225.0,2430.0,2430.0,0.0,0.0
2025-10-06 00:00:00+05:30,306,Mahbubnagar,1326,Mahaboobnagar,5,Maize,5,Common,0.0,314.0,1503.0,2012.0,1719.0,0.0,0.0
2025-10-06 00:00:00+05:30,325,Hyderabad,6,Madannapeta,103,Carrot,103,Common,0.0,6.0,5000.0,5500.0,5250.0,0.0,0.0
2025-10-05 00:00:00+05:30,331,Vantimamidi,1612,Vantimamidi,98,Cabbage,98,Common,0.0,18.0,500.0,900.0,700.0,0.0,0.0
2025-10-06 00:00:00+05:30,325,Hyderabad,5,Mahabubmansion,54,Chillies(Dry),268,Talu,0.0,75.0,2000.0,4000.0,3000.0,0.0,0.0
2025-10-06 00:00:00+05:30,324,Bowenpally,3,Bowenpally,101,Beet Root,101,Common,0.0,526.0,1000.0,3800.0,2800.0,0.0,0.0
2025-10-06 00:00:00+05:30,323,Gaddiannaram,2,L.B Nagar,103,Carrot,103,Common,0.0,23.0,3000.0,4000.0,3500.0,0.0,0.0
2025-10-05 00:00:00+05:30,367,Gudimalkapur,1571,Gudumalkapur,101,Beet Root,101,Common,0.0,51.0,1300.0,2000.0,1500.0,0.0,0.0
2025-10-05 00:00:00+05:30,325,Hyderabad,7,Meeralamandi,105,Potato,105,Common,0.0,37.0,1500.0,1600.0,1550.0,0.0,0.0
2025-10-05 00:00:00+05:30,312,Wanaparthy Town,1344,W.P.Town,5,Maize,5,Common,0.0,896.0,1659.0,1975.0,1800.0,0.0,0.0
2025-10-05 00:00:00+05:30,325,Hyderabad,6,Madannapeta,103,Carrot,103,Common,0.0,5.0,3500.0,3500.0,3500.0,0.0,0.0
2025-10-05 00:00:00+05:30,324,Bowenpally,3,Bowenpally,101,Beet Root,101,Common,0.0,310.0,600.0,4000.0,2800.0,0.0,0.0
2025-10-04 00:00:00+05:30,331,Vantimamidi,1612,Vantimamidi,98,Cabbage,98,Common,0.0,31.0,400.0,1000.0,700.0,0.0,0.0
2025-10-05 00:00:00+05:30,323,Gaddiannaram,2,L.B Nagar,103,Carrot,103,Common,0.0,33.0,3000.0,4000.0,3500.0,0.0,0.0
2025-10-04 00:00:00+05:30,367,Gudimalkapur,1571,Gudumalkapur,101,Beet Root,101,Common,0.0,26.0,1500.0,2500.0,1800.0,0.0,0.0
2025-10-04 00:00:00+05:30,306,Mahbubnagar,1326,Mahaboobnagar,5,Maize,5,Common,0.0,224.0,1503.0,1830.0,1690.0,0.0,0.0
2025-10-04 00:00:00+05:30,278,Suryapet,1091,Suryapet,1,Paddy,241,Grade-A (Jai Sri Ram),0.0,263.0,1512.0,3216.0,2969.0,0.0,0.0
2025-10-04 00:00:00+05:30,188,Bhainsa,11,Bhainsa,6,Jowar,226,Hybrid,0.0,2.04,1911.0,1911.0,1911.0,0.0,0.0
2025-10-04 00:00:00+05:30,325,Hyderabad,6,Madannapeta,103,Carrot,103,Common,0.0,7.0,3000.0,3500.0,3250.0,0.0,0.0
2025-10-04 00:00:00+05:30,325,Hyderabad,5,Mahabubmansion,54,Chillies(Dry),268,Talu,0.0,24.0,2000.0,4000.0,3000.0,0.0,0.0
2025-10-04 00:00:00+05:30,325,Hyderabad,7,Meeralamandi,105,Potato,105,Common,0.0,40.0,1500.0,2000.0,1900.0,0.0,0.0
2025-10-04 00:00:00+05:30,324,Bowenpally,3,Bowenpally,101,Beet Root,101,Common,0.0,156.0,600.0,3000.0,2000.0,0.0,0.0
2025-10-04 00:00:00+05:30,323,Gaddiannaram,2,L.B Nagar,103,Carrot,103,Common,0.0,31.0,3000.0,4000.0,3500.0,0.0,0.0
2025-10-03 00:00:00+05:30,367,Gudimalkapur,1571,Gudumalkapur,101,Beet Root,101,Common,0.0,22.0,1800.0,2000.0,1500.0,0.0,0.0
2025-10-03 00:00:00+05:30,325,Hyderabad,6,Madannapeta,103,Carrot,103,Common,0.0,9.0,3000.0,3500.0,3250.0,0.0,0.0
2025-10-03 00:00:00+05:30,324,Bowenpally,3,Bowenpally,101,Beet Root,101,Common,0.0,366.0,600.0,2500.0,2000.0,0.0,0.0
2025-10-02 00:00:00+05:30,367,Gudimalkapur,1571,Gudumalkapur,101,Beet Root,101,Common,0.0,7.0,1600.0,2200.0,1800.0,0.0,0.0
2025-10-02 00:00:00+05:30,323,Gaddiannaram,2,L.B Nagar,103,Carrot,103,Common,0.0,25.0,2000.0,3000.0,2500.0,0.0,0.0
2025-10-02 00:00:00+05:30,325,Hyderabad,6,Madannapeta,103,Carrot,103,Common,0.0,7.0,3000.0,3500.0,3250.0,0.0,0.0
2025-10-02 00:00:00+05:30,324,Bowenpally,3,Bowenpally,101,Beet Root,101,Common,0.0,336.0,600.0,2500.0,2000.0,0.0,0.0
2025-10-01 00:00:00+05:30,331,Vantimamidi,1612,Vantimamidi,98,Cabbage,98,Common,0.0,8.0,600.0,1300.0,950.0,0.0,0.0
2025-10-01 00:00:00+05:30,367,Gudimalkapur,1571,Gudumalkapur,101,Beet Root,101,Common,0.0,26.0,1300.0,2200.0,1500.0,0.0,0.0
2025-10-01 00:00:00+05:30,325,Hyderabad,7,Meeralamandi,105,Potato,105,Common,0.0,49.0,1500.0,1600.0,1550.0,0.0,0.0
2025-10-01 00:00:00+05:30,325,Hyderabad,6,Madannapeta,103,Carrot,103,Common,0.0,7.0,3000.0,3500.0,3250.0,0.0,0.0
2025-10-01 00:00:00+05:30,324,Bowenpally,3,Bowenpally,101,Beet Root,101,Common,0.0,365.0,500.0,800.0,700.0,0.0,0.0
2025-10-01 00:00:00+05:30,323,Gaddiannaram,2,L.B Nagar,103,Carrot,103,Common,0.0,37.0,2000.0,3000.0,2500.0,0.0,0.0
2025-10-31 00:00:00+05:30,367,Gudimalkapur,1571,Gudumalkapur,101,Beet Root,101,Common,0.0,22.0,2300.0,3000.0,2500.0,0.0,0.0
2025-10-31 00:00:00+05:30,331,Vantimamidi,1612,Vantimamidi,98,Cabbage,98,Common,0.0,12.0,500.0,800.0,650.0,0.0,0.0
2025-10-31 00:00:00+05:30,306,Mahbubnagar,1326,Mahaboobnagar,5,Maize,5,Common,0.0,871.0,1501.0,2024.0,1669.0,0.0,0.0
2025-10-31 00:00:00+05:30,289,Sadasivpet,1200,Sadasivapet,5,Maize,5,Common,0.0,15.0,1575.0,1575.0,1575.0,0.0,0.0
2025-10-31 00:00:00+05:30,226,Metpally,1133,Metpally,5,Maize,5,Common,0.0,985.5,2400.0,2400.0,2400.0,0.0,0.0
2025-10-31 00:00:00+05:30,308,Nagarkurnool,1334,Nagarkurnool,5,Maize,5,Common,0.0,750.0,1609.0,1945.0,1861.0,0.0,0.0
2025-10-31 00:00:00+05:30,317,Pargi,39,Pargi,5,Maize,5,Common,0.0,455.0,1800.0,2100.0,2000.0,0.0,0.0
2025-10-31 00:00:00+05:30,186,Adilabad,10,Adilabad,25,Cotton,25,Common,0.0,119.43,6028.0,6860.0,6576.0,0.0,0.0
2025-10-31 00:00:00+05:30,186,Adilabad,10,Adilabad,25,Cotton,25,Common,0.0,190.5,7786.0,8110.0,7786.0,0.0,0.0
2025-10-31 00:00:00+05:30,320,Tandur,37,Tandur,5,Maize,5,Common,0.0,175.0,1701.0,1971.0,1971.0,0.0,0.0
2025-10-31 00:00:00+05:30,278,Suryapet,1091,Suryapet,1,Paddy,241,Grade-A (Jai Sri Ram),0.0,1154.0,1509.0,2419.0,2389.0,0.0,0.0
2025-10-31 00:00:00+05:30,325,Hyderabad,6,Madannapeta,103,Carrot,103,Common,0.0,8.0,5000.0,6500.0,6000.0,0.0,0.0
2025-10-31 00:00:00+05:30,323,Gaddiannaram,2,L.B Nagar,103,Carrot,103,Common,0.0,38.0,4000.0,6000.0,5000.0,0.0,0.0
2025-10-31 00:00:00+05:30,324,Bowenpally,3,Bowenpally,101,Beet Root,101,Common,0.0,348.0,600.0,4500.0,3000.0,0.0,0.0
2025-10-30 00:00:00+05:30,308,Nagarkurnool,1334,Nagarkurnool,5,Maize,5,Common,0.0,468.72,1623.0,1944.0,1639.0,0.0,0.0
2025-10-30 00:00:00+05:30,367,Gudimalkapur,1571,Gudumalkapur,101,Beet Root,101,Common,0.0,25.0,2000.0,3000.0,2500.0,0.0,0.0
2025-10-30 00:00:00+05:30,331,Vantimamidi,1612,Vantimamidi,98,Cabbage,98,Common,0.0,8.0,500.0,800.0,650.0,0.0,0.0
2025-10-30 00:00:00+05:30,320,Tandur,37,Tandur,5,Maize,5,Common,0.0,401.0,1521.0,1962.0,1962.0,0.0,0.0
2025-10-30 00:00:00+05:30,289,Sadasivpet,1200,Sadasivapet,5,Maize,5,Common,0.0,56.0,1450.0,1862.0,1862.0,0.0,0.0
2025-10-30 00:00:00+05:30,306,Mahbubnagar,1326,Mahaboobnagar,5,Maize,5,Common,0.0,366.0,1509.0,1970.0,1719.0,0.0,0.0
2025-10-30 00:00:00+05:30,278,Suryapet,1091,Suryapet,1,Paddy,241,Grade-A (Jai Sri Ram),0.0,315.0,1519.0,2381.0,2159.0,0.0,0.0
2025-10-30 00:00:00+05:30,324,Bowenpally,3,Bowenpally,101,Beet Root,101,Common,0.0,571.0,600.0,3500.0,2600.0,0.0,0.0
2025-10-30 00:00:00+05:30,325,Hyderabad,5,Mahabubmansion,54,Chillies(Dry),268,Talu,0.0,259.0,4500.0,8000.0,7000.0,0.0,0.0
2025-10-30 00:00:00+05:30,325,Hyderabad,6,Madannapeta,103,Carrot,103,Common,0.0,4.0,5000.0,6500.0,5750.0,0.0,0.0
2025-10-30 00:00:00+05:30,323,Gaddiannaram,2,L.B Nagar,103,Carrot,103,Common,0.0,28.0,4000.0,5000.0,4500.0,0.0,0.0
2025-10-29 00:00:00+05:30,367,Gudimalkapur,1571,Gudumalkapur,101,Beet Root,101,Common,0.0,73.0,1500.0,3000.0,2500.0,0.0,0.0
2025-10-29 00:00:00+05:30,226,Metpally,1133,Metpally,5,Maize,5,Common,0.0,49.5,2400.0,2400.0,2400.0,0.0,0.0
2025-10-29 00:00:00+05:30,320,Tandur,37,Tandur,5,Maize,5,Common,0.0,7.0,1890.0,1890.0,1890.0,0.0,0.0
2025-10-29 00:00:00+05:30,278,Suryapet,1091,Suryapet,1,Paddy,241,Grade-A (Jai Sri Ram),0.0,409.0,1509.0,1869.0,1759.0,0.0,0.0
2025-10-29 00:00:00+05:30,186,Adilabad,10,Adilabad,25,Cotton,25,Common,0.0,1280.82,5993.0,6810.0,6538.0,0.0,0.0
2025-10-29 00:00:00+05:30,186,Adilabad,10,Adilabad,25,Cotton,25,Common,0.0,997.2,7786.0,8110.0,7786.0,0.0,0.0
2025-10-29 00:00:00+05:30,325,Hyderabad,6,Madannapeta,103,Carrot,103,Common,0.0,4.0,5000.0,5000.0,5000.0,0.0,0.0
2025-10-29 00:00:00+05:30,324,Bowenpally,3,Bowenpally,101,Beet Root,101,Common,0.0,372.0,600.0,3500.0,2800.0,0.0,0.0
2025-10-29 00:00:00+05:30,323,Gaddiannaram,2,L.B Nagar,103,Carrot,103,Common,0.0,46.0,3000.0,5000.0,4000.0,0.0,0.0
2025-10-28 00:00:00+05:30,331,Vantimamidi,1612,Vantimamidi,98,Cabbage,98,Common,0.0,6.0,1000.0,1800.0,1400.0,0.0,0.0
2025-10-28 00:00:00+05:30,367,Gudimalkapur,1571,Gudumalkapur,101,Beet Root,101,Common,0.0,51.0,1800.0,3000.0,2200.0,0.0,0.0
2025-10-28 00:00:00+05:30,278,Suryapet,1091,Suryapet,1,Paddy,241,Grade-A (Jai Sri Ram),0.0,1371.0,1559.0,2339.0,2331.0,0.0,0.0
2025-10-28 00:00:00+05:30,198,Luxettipet,27,Luxettipet,25,Cotton,25,Common,0.0,622.0,8150.0,8150.0,8150.0,0.0,0.0
2025-10-28 00:00:00+05:30,186,Adilabad,10,Adilabad,25,Cotton,25,Common,0.0,6877.39,6116.0,6810.0,6810.0,0.0,0.0
2025-10-28 00:00:00+05:30,186,Adilabad,10,Adilabad,25,Cotton,25,Common,0.0,1617.35,7786.0,8110.0,8110.0,0.0,0.0
2025-10-28 00:00:00+05:30,320,Tandur,37,Tandur,5,Maize,5,Common,0.0,295.0,1809.0,1960.0,1935.0,0.0,0.0
2025-10-28 00:00:00+05:30,306,Mahbubnagar,1326,Mahaboobnagar,5,Maize,5,Common,0.0,380.0,1512.0,1930.0,1812.0,0.0,0.0
2025-10-28 00:00:00+05:30,289,Sadasivpet,1200,Sadasivapet,5,Maize,5,Common,0.0,49.0,1770.0,1840.0,1840.0,0.0,0.0
2025-10-28 00:00:00+05:30,226,Metpally,1133,Metpally,5,Maize,5,Common,0.0,353.0,2400.0,2400.0,2400.0,0.0,0.0
2025-10-28 00:00:00+05:30,308,Nagarkurnool,1334,Nagarkurnool,5,Maize,5,Common,0.0,270.0,1612.0,2011.0,1620.0,0.0,0.0
2025-10-28 00:00:00+05:30,325,Hyderabad,6,Madannapeta,103,Carrot,103,Common,0.0,5.0,5000.0,6000.0,5500.0,0.0,0.0
2025-10-01 00:00:00+05:30,323,Gaddiannaram,2,L.B Nagar,105,Potato,105,Common,0.0,198.0,1500.0,2000.0,1750.0,0.0,0.0
2025-10-01 00:00:00+05:30,324,Bowenpally,3,Bowenpally,102,Radish,102,Common,0.0,3.0,200.0,300.0,270.0,0.0,0.0
2025-10-01 00:00:00+05:30,325,Hyderabad,6,Madannapeta,105,Potato,105,Common,0.0,25.0,1800.0,1800.0,1800.0,0.0,0.0
2025-10-01 00:00:00+05:30,367,Gudimalkapur,1571,Gudumalkapur,102,Radish,102,Common,0.0,16.0,1200.0,1600.0,1400.0,0.0,0.0
2025-10-02 00:00:00+05:30,323,Gaddiannaram,2,L.B Nagar,105,Potato,105,Common,0.0,120.0,1500.0,2000.0,1750.0,0.0,0.0
2025-10-02 00:00:00+05:30,367,Gudimalkapur,1571,Gudumalkapur,102,Radish,102,Common,0.0,8.0,1000.0,1600.0,1200.0,0.0,0.0
2025-10-03 00:00:00+05:30,367,Gudimalkapur,1571,Gudumalkapur,102,Radish,102,Common,0.0,21.0,1000.0,1000.0,1000.0,0.0,0.0
2025-10-04 00:00:00+05:30,323,Gaddiannaram,2,L.B Nagar,105,Potato,105,Common,0.0,376.0,1800.0,2000.0,1900.0,0.0,0.0
2025-10-04 00:00:00+05:30,324,Bowenpally,3,Bowenpally,102,Radish,102,Common,0.0,6.0,200.0,300.0,250.0,0.0,0.0
2025-10-04 00:00:00+05:30,325,Hyderabad,6,Madannapeta,105,Potato,105,Common,0.0,30.0,1800.0,1800.0,1800.0,0.0,0.0
2025-10-04 00:00:00+05:30,188,Bhainsa,11,Bhainsa,14,Bengal Gram,14,Common,0.0,1.6,4141.0,4141.0,4141.0,0.0,0.0
2025-10-04 00:00:00+05:30,300,Badepally,1327,Badepally,5,Maize,5,Common,0.0,1612.0,1601.0,2067.0,1606.0,0.0,0.0
2025-10-04 00:00:00+05:30,367,Gudimalkapur,1571,Gudumalkapur,102,Radish,102,Common,0.0,20.0,1200.0,1600.0,1400.0,0.0,0.0
2025-10-05 00:00:00+05:30,323,Gaddiannaram,2,L.B Nagar,105,Potato,105,Common,0.0,132.0,1800.0,2000.0,1900.0,0.0,0.0
2025-10-05 00:00:00+05:30,367,Gudimalkapur,1571,Gudumalkapur,102,Radish,102,Common,0.0,3.0,1000.0,1400.0,1200.0,0.0,0.0
2025-10-06 00:00:00+05:30,323,Gaddiannaram,2,L.B Nagar,105,Potato,105,Common,0.0,380.0,1800.0,2000.0,1900.0,0.0,0.0
2025-10-06 00:00:00+05:30,324,Bowenpally,3,Bowenpally,102,Radish,102,Common,0.0,2.0,200.0,300.0,270.0,0.0,0.0
2025-10-06 00:00:00+05:30,325,Hyderabad,6,Madannapeta,105,Potato,105,Common,0.0,40.0,1600.0,1600.0,1600.0,0.0,0.0
2025-10-06 00:00:00+05:30,241,Mahabubabad,1177,Mahabubabad,1,Paddy,256,Grade-A (RNR),0.0,238.0,233.0,2535.0,2520.0,0.0,0.0
2025-10-06 00:00:00+05:30,300,Badepally,1327,Badepally,5,Maize,5,Common,0.0,2562.0,1601.0,2081.0,1636.0,0.0,0.0
2025-10-06 00:00:00+05:30,367,Gudimalkapur,1571,Gudumalkapur,102,Radish,102,Common,0.0,11.0,1000.0,1600.0,1200.0,0.0,0.0
2025-10-07 00:00:00+05:30,323,Gaddiannaram,2,L.B Nagar,105,Potato,105,Common,0.0,255.0,1800.0,2000.0,1900.0,0.0,0.0
2025-10-07 00:00:00+05:30,324,Bowenpally,3,Bowenpally,102,Radish,102,Common,0.0,3.0,100.0,300.0,250.0,0.0,0.0
2025-10-07 00:00:00+05:30,300,Badepally,1327,Badepally,5,Maize,5,Common,0.0,1772.0,1601.0,2057.0,1686.0,0.0,0.0
2025-10-07 00:00:00+05:30,241,Mahabubabad,1177,Mahabubabad,1,Paddy,256,Grade-A (RNR),0.0,132.0,2146.0,2546.0,2290.0,0.0,0.0
2025-10-07 00:00:00+05:30,239,Kesamudram,1168,Kesamudram,1,Paddy,272,Grade-A (Sonamasuri),0.0,89.0,2582.0,2611.0,2582.0,0.0,0.0
2025-10-07 00:00:00+05:30,367,Gudimalkapur,1571,Gudumalkapur,102,Radish,102,Common,0.0,22.0,800.0,1200.0,1000.0,0.0,0.0
2025-10-08 00:00:00+05:30,324,Bowenpally,3,Bowenpally,102,Radish,102,Common,0.0,5.0,200.0,300.0,270.0,0.0,0.0
2025-10-08 00:00:00+05:30,323,Gaddiannaram,2,L.B Nagar,105,Potato,105,Common,0.0,330.0,1800.0,2000.0,1900.0,0.0,0.0
2025-10-08 00:00:00+05:30,325,Hyderabad,6,Madannapeta,105,Potato,105,Common,0.0,50.0,1500.0,1500.0,1500.0,0.0,0.0
2025-10-08 00:00:00+05:30,289,Sadasivpet,1200,Sadasivapet,6,Jowar,225,White,0.0,10.0,1911.0,1911.0,1911.0,0.0,0.0
2025-10-08 00:00:00+05:30,300,Badepally,1327,Badepally,5,Maize,5,Common,0.0,1502.0,1601.0,2071.0,2030.0,0.0,0.0
2025-10-08 00:00:00+05:30,367,Gudimalkapur,1571,Gudumalkapur,102,Radish,102,Common,0.0,14.0,1100.0,1300.0,1200.0,0.0,0.0
2025-10-09 00:00:00+05:30,323,Gaddiannaram,2,L.B Nagar,105,Potato,105,Common,0.0,325.0,1800.0,2000.0,1900.0,0.0,0.0
2025-10-09 00:00:00+05:30,324,Bowenpally,3,Bowenpally,102,Radish,102,Common,0.0,2.0,200.0,300.0,270.0,0.0,0.0
2025-10-09 00:00:00+05:30,188,Bhainsa,11,Bhainsa,14,Bengal Gram,14,Common,0.0,0.5,4559.0,4559.0,4559.0,0.0,0.0
2025-10-09 00:00:00+05:30,300,Badepally,1327,Badepally,5,Maize,5,Common,0.0,1396.0,1611.0,2077.0,1855.0,0.0,0.0
2025-10-09 00:00:00+05:30,241,Mahabubabad,1177,Mahabubabad,1,Paddy,256,Grade-A (RNR),0.0,177.0,2160.0,2652.0,2299.0,0.0,0.0
2025-10-09 00:00:00+05:30,367,Gudimalkapur,1571,Gudumalkapur,102,Radish,102,Common,0.0,28.0,800.0,1200.0,1000.0,0.0,0.0
2025-10-10 00:00:00+05:30,324,Bowenpally,3,Bowenpally,102,Radish,102,Common,0.0,4.0,200.0,500.0,400.0,0.0,0.0
2025-10-10 00:00:00+05:30,323,Gaddiannaram,2,L.B Nagar,105,Potato,105,Common,0.0,165.0,1800.0,2000.0,1900.0,0.0,0.0
2025-10-09 00:00:00+05:30,289,Sadasivpet,1200,Sadasivapet,6,Jowar,225,White,0.0,4.0,1908.0,1908.0,1908.0,0.0,0.0
2025-10-10 00:00:00+05:30,367,Gudimalkapur,1571,Gudumalkapur,102,Radish,102,Common,0.0,10.0,1000.0,1400.0,1200.0,0.0,0.0
2025-10-10 00:00:00+05:30,300,Badepally,1327,Badepally,5,Maize,5,Common,0.0,1584.0,1601.0,2078.0,1777.0,0.0,0.0
2025-10-11 00:00:00+05:30,323,Gaddiannaram,2,L.B Nagar,105,Potato,105,Common,0.0,373.0,1800.0,2000.0,1900.0,0.0,0.0
2025-10-11 00:00:00+05:30,324,Bowenpally,3,Bowenpally,102,Radish,102,Common,0.0,10.0,200.0,400.0,350.0,0.0,0.0
2025-10-11 00:00:00+05:30,188,Bhainsa,11,Bhainsa,14,Bengal Gram,14,Common,0.0,3.46,4600.0,4636.0,4600.0,0.0,0.0
2025-10-11 00:00:00+05:30,367,Gudimalkapur,1571,Gudumalkapur,102,Radish,102,Common,0.0,16.0,1000.0,1600.0,1200.0,0.0,0.0
2025-10-12 00:00:00+05:30,323,Gaddiannaram,2,L.B Nagar,105,Potato,105,Common,0.0,130.0,1800.0,2000.0,1900.0,0.0,0.0
2025-10-11 00:00:00+05:30,300,Badepally,1327,Badepally,5,Maize,5,Common,0.0,1801.0,1601.0,2063.0,1801.0,0.0,0.0
2025-10-12 00:00:00+05:30,367,Gudimalkapur,1571,Gudumalkapur,102,Radish,102,Common,0.0,19.0,1000.0,1600.0,1200.0,0.0,0.0
2025-10-13 00:00:00+05:30,323,Gaddiannaram,2,L.B Nagar,105,Potato,105,Common,0.0,552.0,1800.0,2000.0,1900.0,0.0,0.0
2025-10-13 00:00:00+05:30,367,Gudimalkapur,1571,Gudumalkapur,102,Radish,102,Common,0.0,14.0,1600.0,1600.0,1600.0,0.0,0.0
2025-10-13 00:00:00+05:30,300,Badepally,1327,Badepally,5,Maize,5,Common,0.0,5225.0,1600.0,2089.0,1601.0,0.0,0.0
2025-10-14 00:00:00+05:30,323,Gaddiannaram,2,L.B Nagar,105,Potato,105,Common,0.0,130.0,1800.0,2000.0,1900.0,0.0,0.0
2025-10-14 00:00:00+05:30,324,Bowenpally,3,Bowenpally,102,Radish,102,Common,0.0,3.0,200.0,300.0,270.0,0.0,0.0
2025-10-14 00:00:00+05:30,325,Hyderabad,6,Madannapeta,105,Potato,105,Common,0.0,40.0,1600.0,1600.0,1600.0,0.0,0.0
2025-10-14 00:00:00+05:30,300,Badepally,1327,Badepally,5,Maize,5,Common,0.0,3101.0,1600.0,2070.0,1701.0,0.0,0.0
2025-10-14 00:00:00+05:30,241,Mahabubabad,1177,Mahabubabad,1,Paddy,256,Grade-A (RNR),0.0,135.0,1414.0,2475.0,2367.0,0.0,0.0
2025-10-14 00:00:00+05:30,367,Gudimalkapur,1571,Gudumalkapur,102,Radish,102,Common,0.0,26.0,1200.0,1200.0,1200.0,0.0,0.0
2025-10-15 00:00:00+05:30,323,Gaddiannaram,2,L.B Nagar,105,Potato,105,Common,0.0,350.0,1800.0,2000.0,1900.0,0.0,0.0
2025-10-15 00:00:00+05:30,367,Gudimalkapur,1571,Gudumalkapur,102,Radish,102,Common,0.0,37.0,1200.0,1600.0,1400.0,0.0,0.0
2025-10-16 00:00:00+05:30,323,Gaddiannaram,2,L.B Nagar,105,Potato,105,Common,0.0,351.0,1600.0,1800.0,1700.0,0.0,0.0
2025-10-15 00:00:00+05:30,289,Sadasivpet,1200,Sadasivapet,6,Jowar,225,White,0.0,5.0,2111.0,2111.0,2111.0,0.0,0.0
2025-10-15 00:00:00+05:30,241,Mahabubabad,1177,Mahabubabad,1,Paddy,256,Grade-A (RNR),0.0,166.0,2002.0,2540.0,2482.0,0.0,0.0
2025-10-15 00:00:00+05:30,300,Badepally,1327,Badepally,5,Maize,5,Common,0.0,2100.0,1600.0,2086.0,1716.0,0.0,0.0
2025-10-16 00:00:00+05:30,324,Bowenpally,3,Bowenpally,102,Radish,102,Common,0.0,5.0,200.0,300.0,270.0,0.0,0.0
2025-10-16 00:00:00+05:30,325,Hyderabad,6,Madannapeta,105,Potato,105,Common,0.0,40.0,1600.0,1600.0,1600.0,0.0,0.0
2025-10-16 00:00:00+05:30,300,Badepally,1327,Badepally,5,Maize,5,Common,0.0,2812.0,1601.0,2075.0,2063.0,0.0,0.0
2025-10-16 00:00:00+05:30,241,Mahabubabad,1177,Mahabubabad,1,Paddy,256,Grade-A (RNR),0.0,118.0,2279.0,2329.0,2279.0,0.0,0.0
2025-10-16 00:00:00+05:30,367,Gudimalkapur,1571,Gudumalkapur,102,Radish,102,Common,0.0,13.0,1000.0,1600.0,1200.0,0.0,0.0
2025-10-17 00:00:00+05:30,324,Bowenpally,3,Bowenpally,102,Radish,102,Common,0.0,3.0,200.0,300.0,270.0,0.0,0.0
2025-10-17 00:00:00+05:30,323,Gaddiannaram,2,L.B Nagar,105,Potato,105,Common,0.0,140.0,1600.0,1800.0,1700.0,0.0,0.0
2025-10-17 00:00:00+05:30,241,Mahabubabad,1177,Mahabubabad,1,Paddy,256,Grade-A (RNR),0.0,47.0,2020.0,2292.0,2292.0,0.0,0.0
2025-10-17 00:00:00+05:30,239,Kesamudram,1168,Kesamudram,1,Paddy,272,Grade-A (Sonamasuri),0.0,80.0,2590.0,2601.0,2601.0,0.0,0.0
2025-10-17 00:00:00+05:30,367,Gudimalkapur,1571,Gudumalkapur,102,Radish,102,Common,0.0,14.0,1200.0,1200.0,1200.0,0.0,0.0
2025-10-18 00:00:00+05:30,324,Bowenpally,3,Bowenpally,102,Radish,102,Common,0.0,2.0,300.0,400.0,370.0,0.0,0.0
2025-10-18 00:00:00+05:30,323,Gaddiannaram,2,L.B Nagar,105,Potato,105,Common,0.0,354.0,1600.0,1800.0,1700.0,0.0,0.0
2025-10-18 00:00:00+05:30,300,Badepally,1327,Badepally,5,Maize,5,Common,0.0,5929.0,1606.0,2062.0,1810.0,0.0,0.0
2025-10-18 00:00:00+05:30,367,Gudimalkapur,1571,Gudumalkapur,102,Radish,102,Common,0.0,30.0,900.0,1600.0,1000.0,0.0,0.0
2025-10-19 00:00:00+05:30,324,Bowenpally,3,Bowenpally,102,Radish,102,Common,0.0,14.0,300.0,400.0,370.0,0.0,0.0
2025-10-19 00:00:00+05:30,323,Gaddiannaram,2,L.B Nagar,105,Potato,105,Common,0.0,100.0,1600.0,1800.0,1700.0,0.0,0.0
2025-10-19 00:00:00+05:30,367,Gudimalkapur,1571,Gudumalkapur,102,Radish,102,Common,0.0,30.0,1000.0,1200.0,1100.0,0.0,0.0
2025-10-20 00:00:00+05:30,323,Gaddiannaram,2,L.B Nagar,105,Potato,105,Common,0.0,99.0,1600.0,1800.0,1700.0,0.0,0.0
2025-10-19 00:00:00+05:30,331,Vantimamidi,1612,Vantimamidi,99,Cauliflower,99,Common,0.0,16.0,1000.0,1000.0,1000.0,0.0,0.0
2025-10-20 00:00:00+05:30,325,Hyderabad,6,Madannapeta,105,Potato,105,Common,0.0,50.0,1500.0,1500.0,1500.0,0.0,0.0
2025-10-20 00:00:00+05:30,324,Bowenpally,3,Bowenpally,102,Radish,102,Common,0.0,16.0,300.0,500.0,400.0,0.0,0.0
2025-10-20 00:00:00+05:30,367,Gudimalkapur,1571,Gudumalkapur,102,Radish,102,Common,0.0,10.0,1600.0,1600.0,1600.0,0.0,0.0
2025-10-22 00:00:00+05:30,324,Bowenpally,3,Bowenpally,102,Radish,102,Common,0.0,20.0,300.0,500.0,450.0,0.0,0.0
2025-10-22 00:00:00+05:30,323,Gaddiannaram,2,L.B Nagar,105,Potato,105,Common,0.0,504.0,1600.0,1800.0,1700.0,0.0,0.0
2025-10-22 00:00:00+05:30,325,Hyderabad,5,Mahabubmansion,54,Chillies(Dry),289,1048,0.0,98.0,6000.0,8000.0,7000.0,0.0,0.0
2025-10-22 00:00:00+05:30,325,Hyderabad,6,Madannapeta,105,Potato,105,Common,0.0,40.0,1600.0,1600.0,1600.0,0.0,0.0
2025-10-22 00:00:00+05:30,289,Sadasivpet,1200,Sadasivapet,6,Jowar,225,White,0.0,12.0,1705.0,2052.0,2052.0,0.0,0.0
2025-10-22 00:00:00+05:30,241,Mahabubabad,1177,Mahabubabad,1,Paddy,256,Grade-A (RNR),0.0,47.0,2115.0,2670.0,2115.0,0.0,0.0
2025-10-22 00:00:00+05:30,300,Badepally,1327,Badepally,5,Maize,5,Common,0.0,8210.0,1600.0,2041.0,1646.0,0.0,0.0
2025-10-22 00:00:00+05:30,367,Gudimalkapur,1571,Gudumalkapur,102,Radish,102,Common,0.0,3.0,1300.0,1500.0,1400.0,0.0,0.0
2025-10-23 00:00:00+05:30,323,Gaddiannaram,2,L.B Nagar,105,Potato,105,Common,0.0,401.0,1600.0,1800.0,1700.0,0.0,0.0
2025-10-23 00:00:00+05:30,325,Hyderabad,5,Mahabubmansion,54,Chillies(Dry),289,1048,0.0,12.0,5000.0,8000.0,7000.0,0.0,0.0
2025-10-23 00:00:00+05:30,324,Bowenpally,3,Bowenpally,102,Radish,102,Common,0.0,20.0,300.0,500.0,450.0,0.0,0.0
2025-10-23 00:00:00+05:30,241,Mahabubabad,1177,Mahabubabad,1,Paddy,256,Grade-A (RNR),0.0,69.0,1433.0,2515.0,2515.0,0.0,0.0
2025-10-23 00:00:00+05:30,300,Badepally,1327,Badepally,5,Maize,5,Common,0.0,5299.0,1600.0,2021.0,1717.0,0.0,0.0
2025-10-24 00:00:00+05:30,324,Bowenpally,3,Bowenpally,102,Radish,102,Common,0.0,29.0,300.0,500.0,450.0,0.0,0.0
2025-10-24 00:00:00+05:30,325,Hyderabad,6,Madannapeta,105,Potato,105,Common,0.0,50.0,1400.0,1400.0,1400.0,0.0,0.0
2025-10-24 00:00:00+05:30,323,Gaddiannaram,2,L.B Nagar,105,Potato,105,Common,0.0,108.0,1600.0,1800.0,1700.0,0.0,0.0
2025-10-24 00:00:00+05:30,241,Mahabubabad,1177,Mahabubabad,1,Paddy,256,Grade-A (RNR),0.0,28.0,2245.0,2309.0,2280.0,0.0,0.0
2025-10-24 00:00:00+05:30,239,Kesamudram,1168,Kesamudram,1,Paddy,272,Grade-A (Sonamasuri),0.0,7.0,1959.0,2451.0,2451.0,0.0,0.0
2025-10-24 00:00:00+05:30,367,Gudimalkapur,1571,Gudumalkapur,102,Radish,102,Common,0.0,6.0,1000.0,1600.0,1200.0,0.0,0.0
2025-10-25 00:00:00+05:30,324,Bowenpally,3,Bowenpally,102,Radish,102,Common,0.0,26.0,200.0,500.0,400.0,0.0,0.0
2025-10-25 00:00:00+05:30,323,Gaddiannaram,2,L.B Nagar,105,Potato,105,Common,0.0,332.0,1600.0,1800.0,1700.0,0.0,0.0
2025-10-25 00:00:00+05:30,367,Gudimalkapur,1571,Gudumalkapur,102,Radish,102,Common,0.0,20.0,1000.0,1400.0,1200.0,0.0,0.0
2025-10-26 00:00:00+05:30,324,Bowenpally,3,Bowenpally,102,Radish,102,Common,0.0,67.0,200.0,500.0,400.0,0.0,0.0
2025-10-26 00:00:00+05:30,323,Gaddiannaram,2,L.B Nagar,105,Potato,105,Common,0.0,337.0,1800.0,2000.0,1900.0,0.0,0.0
2025-10-26 00:00:00+05:30,367,Gudimalkapur,1571,Gudumalkapur,102,Radish,102,Common,0.0,30.0,1000.0,1600.0,1200.0,0.0,0.0
2025-10-27 00:00:00+05:30,323,Gaddiannaram,2,L.B Nagar,105,Potato,105,Common,0.0,353.0,1800.0,2000.0,1900.0,0.0,0.0
2025-10-27 00:00:00+05:30,324,Bowenpally,3,Bowenpally,102,Radish,102,Common,0.0,40.0,300.0,500.0,450.0,0.0,0.0
2025-10-27 00:00:00+05:30,325,Hyderabad,6,Madannapeta,105,Potato,105,Common,0.0,40.0,1500.0,1500.0,1500.0,0.0,0.0
2025-10-27 00:00:00+05:30,241,Mahabubabad,1177,Mahabubabad,1,Paddy,256,Grade-A (RNR),0.0,58.0,2221.0,2315.0,2315.0,0.0,0.0
2025-10-27 00:00:00+05:30,300,Badepally,1327,Badepally,5,Maize,5,Common,0.0,5020.0,1600.0,2006.0,1651.0,0.0,0.0
2025-10-27 00:00:00+05:30,367,Gudimalkapur,1571,Gudumalkapur,102,Radish,102,Common,0.0,41.0,1000.0,1600.0,1200.0,0.0,0.0
2025-10-28 00:00:00+05:30,323,Gaddiannaram,2,L.B Nagar,105,Potato,105,Common,0.0,333.0,1800.0,2200.0,2000.0,0.0,0.0
2025-10-28 00:00:00+05:30,324,Bowenpally,3,Bowenpally,102,Radish,102,Common,0.0,34.0,300.0,500.0,450.0,0.0,0.0
2025-10-28 00:00:00+05:30,239,Kesamudram,1168,Kesamudram,1,Paddy,272,Grade-A (Sonamasuri),0.0,3.0,2485.0,2485.0,2485.0,0.0,0.0
2025-10-28 00:00:00+05:30,241,Mahabubabad,1177,Mahabubabad,1,Paddy,256,Grade-A (RNR),0.0,3.0,2322.0,2322.0,2322.0,0.0,0.0
2025-10-28 00:00:00+05:30,367,Gudimalkapur,1571,Gudumalkapur,102,Radish,102,Common,0.0,28.0,1000.0,1400.0,1200.0,0.0,0.0
2025-10-29 00:00:00+05:30,323,Gaddiannaram,2,L.B Nagar,105,Potato,105,Common,0.0,147.0,1800.0,2200.0,2000.0,0.0,0.0
2025-10-29 00:00:00+05:30,324,Bowenpally,3,Bowenpally,102,Radish,102,Common,0.0,37.0,300.0,400.0,370.0,0.0,0.0
2025-10-28 00:00:00+05:30,300,Badepally,1327,Badepally,5,Maize,5,Common,0.0,4695.0,1606.0,2006.0,1736.0,0.0,0.0
2025-10-29 00:00:00+05:30,300,Badepally,1327,Badepally,5,Maize,5,Common,0.0,813.0,1600.0,1901.0,1840.0,0.0,0.0
2025-10-29 00:00:00+05:30,367,Gudimalkapur,1571,Gudumalkapur,102,Radish,102,Common,0.0,14.0,1000.0,1600.0,1300.0,0.0,0.0
2025-10-30 00:00:00+05:30,323,Gaddiannaram,2,L.B Nagar,105,Potato,105,Common,0.0,32.0,1800.0,2400.0,2100.0,0.0,0.0
2025-10-30 00:00:00+05:30,324,Bowenpally,3,Bowenpally,102,Radish,102,Common,0.0,1.0,300.0,400.0,370.0,0.0,0.0
2025-10-30 00:00:00+05:30,300,Badepally,1327,Badepally,5,Maize,5,Common,0.0,1675.0,1601.0,1977.0,1789.0,0.0,0.0
2025-10-30 00:00:00+05:30,367,Gudimalkapur,1571,Gudumalkapur,102,Radish,102,Common,0.0,4.0,1000.0,1600.0,1200.0,0.0,0.0
2025-10-31 00:00:00+05:30,324,Bowenpally,3,Bowenpally,102,Radish,102,Common,0.0,32.0,300.0,500.0,450.0,0.0,0.0
2025-10-31 00:00:00+05:30,323,Gaddiannaram,2,L.B Nagar,105,Potato,105,Common,0.0,518.0,2000.0,2300.0,2150.0,0.0,0.0
2025-10-31 00:00:00+05:30,325,Hyderabad,6,Madannapeta,105,Potato,105,Common,0.0,40.0,1600.0,1600.0,1600.0,0.0,0.0
2025-10-31 00:00:00+05:30,201,Sarangapur,25,Sarangapur,25,Cotton,25,Common,0.0,2.7,5750.0,6000.0,6079.0,0.0,0.0
2025-10-31 00:00:00+05:30,201,Sarangapur,25,Sarangapur,25,Cotton,25,Common,0.0,5.6,7785.0,8101.0,7926.0,0.0,0.0
2025-10-31 00:00:00+05:30,325,Hyderabad,5,Mahabubmansion,54,Chillies(Dry),289,1048,0.0,30.0,5000.0,7000.0,6000.0,0.0,0.0
2025-10-31 00:00:00+05:30,300,Badepally,1327,Badepally,5,Maize,5,Common,0.0,2695.0,1600.0,2007.0,1682.0,0.0,0.0
2025-10-31 00:00:00+05:30,367,Gudimalkapur,1571,Gudumalkapur,102,Radish,102,Common,0.0,13.0,1000.0,1600.0,1300.0,0.0,0.0
2025-10-28 00:00:00+05:30,324,Bowenpally,3,Bowenpally,103,Carrot,103,Common,0.0,2316.0,800.0,6000.0,4000.0,0.0,0.0
2025-10-28 00:00:00+05:30,323,Gaddiannaram,2,L.B Nagar,106,ColaCasio(Arvi),106,Common,0.0,10.0,1500.0,2500.0,2000.0,0.0,0.0
2025-10-28 00:00:00+05:30,323,Gaddiannaram,1,Gaddiannaram,77,Mosambi,77,Common,0.0,975.0,800.0,3000.0,1200.0,0.0,0.0
2025-10-27 00:00:00+05:30,367,Gudimalkapur,1571,Gudumalkapur,103,Carrot,103,Common,0.0,193.0,1500.0,4000.0,2200.0,0.0,0.0
2025-10-27 00:00:00+05:30,306,Mahbubnagar,1326,Mahaboobnagar,8,Ragi,8,Common,0.0,9.0,3520.0,3590.0,3529.0,0.0,0.0
2025-10-27 00:00:00+05:30,302,Gadwal,1328,Gadwal,30,Groundnut pods,30,Common,0.0,336.0,2759.0,5698.0,4600.0,0.0,0.0
2025-10-27 00:00:00+05:30,312,Wanaparthy Town,1344,W.P.Town,30,Groundnut pods,30,Common,0.0,40.0,3302.0,4500.0,4201.0,0.0,0.0
2025-10-27 00:00:00+05:30,239,Kesamudram,1168,Kesamudram,5,Maize,5,Common,0.0,4859.0,1601.0,1966.0,1879.0,0.0,0.0
2025-10-27 00:00:00+05:30,219,Jagtial,1125,Jagtial,1,Paddy,270,Grade-A (1010),0.0,575.0,1785.0,1831.0,1801.0,0.0,0.0
2025-10-27 00:00:00+05:30,278,Suryapet,1091,Suryapet,1,Paddy,247,Grade-A (Samba Masuri),0.0,1241.0,1659.0,2412.0,1919.0,0.0,0.0
2025-10-27 00:00:00+05:30,221,Jammikunta,36,Jammikunta,25,Cotton,25,Common,0.0,1062.0,6200.0,7200.0,7000.0,0.0,0.0
2025-10-27 00:00:00+05:30,325,Hyderabad,7,Meeralamandi,111,Brinjal,111,Common,0.0,4.0,3500.0,5000.0,4250.0,0.0,0.0
2025-10-27 00:00:00+05:30,279,Thirumalagiri,9,Tirmalagiri,1,Paddy,247,Grade-A (Samba Masuri),0.0,717.0,1709.0,1944.0,1841.0,0.0,0.0
2025-10-27 00:00:00+05:30,325,Hyderabad,6,Madannapeta,106,ColaCasio(Arvi),106,Common,0.0,3.0,2000.0,2000.0,2000.0,0.0,0.0
2025-10-27 00:00:00+05:30,324,Bowenpally,3,Bowenpally,103,Carrot,103,Common,0.0,1810.0,500.0,6500.0,4000.0,0.0,0.0
2025-10-27 00:00:00+05:30,323,Gaddiannaram,2,L.B Nagar,106,ColaCasio(Arvi),106,Common,0.0,12.0,1500.0,2500.0,2000.0,0.0,0.0
2025-10-27 00:00:00+05:30,323,Gaddiannaram,1,Gaddiannaram,77,Mosambi,77,Common,0.0,1815.0,900.0,4000.0,1300.0,0.0,0.0
2025-10-26 00:00:00+05:30,367,Gudimalkapur,1571,Gudumalkapur,103,Carrot,103,Common,0.0,256.0,1800.0,5000.0,3000.0,0.0,0.0
2025-10-26 00:00:00+05:30,325,Hyderabad,7,Meeralamandi,111,Brinjal,111,Common,0.0,4.0,4000.0,5000.0,4500.0,0.0,0.0
2025-10-26 00:00:00+05:30,323,Gaddiannaram,2,L.B Nagar,106,ColaCasio(Arvi),106,Common,0.0,20.0,1500.0,2000.0,1700.0,0.0,0.0
2025-10-26 00:00:00+05:30,325,Hyderabad,6,Madannapeta,106,ColaCasio(Arvi),106,Common,0.0,3.0,2500.0,2500.0,2500.0,0.0,0.0
2025-10-26 00:00:00+05:30,324,Bowenpally,3,Bowenpally,103,Carrot,103,Common,0.0,1540.0,1000.0,5500.0,3800.0,0.0,0.0
2025-10-25 00:00:00+05:30,367,Gudimalkapur,1571,Gudumalkapur,103,Carrot,103,Common,0.0,278.0,500.0,3500.0,2200.0,0.0,0.0
2025-10-25 00:00:00+05:30,302,Gadwal,1328,Gadwal,30,Groundnut pods,30,Common,0.0,91.0,3080.0,5800.0,4420.0,0.0,0.0
2025-10-25 00:00:00+05:30,306,Mahbubnagar,1326,Mahaboobnagar,8,Ragi,8,Common,0.0,5.0,3211.0,3455.0,3211.0,0.0,0.0
2025-10-25 00:00:00+05:30,312,Wanaparthy Town,1344,W.P.Town,30,Groundnut pods,30,Common,0.0,15.0,4790.0,5400.0,4790.0,0.0,0.0
2025-10-25 00:00:00+05:30,325,Hyderabad,7,Meeralamandi,111,Brinjal,111,Common,0.0,4.0,5000.0,5000.0,5000.0,0.0,0.0
2025-10-25 00:00:00+05:30,278,Suryapet,1091,Suryapet,1,Paddy,247,Grade-A (Samba Masuri),0.0,104.0,1659.0,2333.0,2312.0,0.0,0.0
2025-10-25 00:00:00+05:30,219,Jagtial,1125,Jagtial,1,Paddy,270,Grade-A (1010),0.0,81.0,1795.0,1821.0,1795.0,0.0,0.0
2025-10-24 00:00:00+05:30,312,Wanaparthy Town,1344,W.P.Town,30,Groundnut pods,30,Common,0.0,23.0,4217.0,5921.0,5791.0,0.0,0.0
2025-10-25 00:00:00+05:30,323,Gaddiannaram,2,L.B Nagar,106,ColaCasio(Arvi),106,Common,0.0,10.0,1500.0,2000.0,1700.0,0.0,0.0
2025-10-25 00:00:00+05:30,325,Hyderabad,6,Madannapeta,106,ColaCasio(Arvi),106,Common,0.0,3.0,3000.0,3000.0,3000.0,0.0,0.0
2025-10-25 00:00:00+05:30,324,Bowenpally,3,Bowenpally,103,Carrot,103,Common,0.0,1918.0,800.0,5000.0,3500.0,0.0,0.0
2025-10-24 00:00:00+05:30,367,Gudimalkapur,1571,Gudumalkapur,103,Carrot,103,Common,0.0,204.0,1500.0,5000.0,2500.0,0.0,0.0
2025-10-25 00:00:00+05:30,323,Gaddiannaram,1,Gaddiannaram,77,Mosambi,77,Common,0.0,592.0,1100.0,4500.0,1200.0,0.0,0.0
2025-10-24 00:00:00+05:30,239,Kesamudram,1168,Kesamudram,5,Maize,5,Common,0.0,3515.0,1601.0,2106.0,1912.0,0.0,0.0
2025-10-24 00:00:00+05:30,219,Jagtial,1125,Jagtial,1,Paddy,270,Grade-A (1010),0.0,318.0,1785.0,1845.0,1801.0,0.0,0.0
2025-10-24 00:00:00+05:30,306,Mahbubnagar,1326,Mahaboobnagar,8,Ragi,8,Common,0.0,5.0,3830.0,3830.0,3830.0,0.0,0.0
2025-10-24 00:00:00+05:30,302,Gadwal,1328,Gadwal,30,Groundnut pods,30,Common,0.0,95.0,2719.0,5429.0,4286.0,0.0,0.0
2025-10-23 00:00:00+05:30,312,Wanaparthy Town,1344,W.P.Town,30,Groundnut pods,30,Common,0.0,25.0,4900.0,5901.0,5400.0,0.0,0.0
2025-10-24 00:00:00+05:30,279,Thirumalagiri,9,Tirmalagiri,1,Paddy,247,Grade-A (Samba Masuri),0.0,314.0,1789.0,1909.0,1889.0,0.0,0.0
2025-10-24 00:00:00+05:30,221,Jammikunta,36,Jammikunta,25,Cotton,25,Common,0.0,1227.0,6100.0,7200.0,6800.0,0.0,0.0
2025-10-24 00:00:00+05:30,325,Hyderabad,7,Meeralamandi,111,Brinjal,111,Common,0.0,5.0,3500.0,4000.0,3750.0,0.0,0.0
2025-10-24 00:00:00+05:30,323,Gaddiannaram,2,L.B Nagar,106,ColaCasio(Arvi),106,Common,0.0,12.0,1500.0,2500.0,2000.0,0.0,0.0
2025-10-24 00:00:00+05:30,325,Hyderabad,6,Madannapeta,106,ColaCasio(Arvi),106,Common,0.0,3.0,3000.0,3000.0,3000.0,0.0,0.0
2025-10-24 00:00:00+05:30,324,Bowenpally,3,Bowenpally,103,Carrot,103,Common,0.0,2346.0,1000.0,5500.0,3600.0,0.0,0.0
2025-10-24 00:00:00+05:30,323,Gaddiannaram,1,Gaddiannaram,77,Mosambi,77,Common,0.0,464.0,800.0,2100.0,900.0,0.0,0.0
2025-10-23 00:00:00+05:30,306,Mahbubnagar,1326,Mahaboobnagar,8,Ragi,8,Common,0.0,8.0,3260.0,3780.0,3260.0,0.0,0.0
2025-10-23 00:00:00+05:30,367,Gudimalkapur,1571,Gudumalkapur,103,Carrot,103,Common,0.0,238.0,2000.0,5000.0,3000.0,0.0,0.0
2025-10-23 00:00:00+05:30,302,Gadwal,1328,Gadwal,30,Groundnut pods,30,Common,0.0,273.0,2229.0,5801.0,4100.0,0.0,0.0
2025-10-23 00:00:00+05:30,278,Suryapet,1091,Suryapet,1,Paddy,247,Grade-A (Samba Masuri),0.0,865.0,1506.0,2411.0,1976.0,0.0,0.0
2025-10-23 00:00:00+05:30,239,Kesamudram,1168,Kesamudram,5,Maize,5,Common,0.0,4286.0,1601.0,2063.0,2016.0,0.0,0.0
2025-10-23 00:00:00+05:30,219,Jagtial,1125,Jagtial,1,Paddy,270,Grade-A (1010),0.0,200.0,1750.0,1836.0,1791.0,0.0,0.0
2025-10-23 00:00:00+05:30,324,Bowenpally,3,Bowenpally,103,Carrot,103,Common,0.0,1222.0,600.0,6000.0,3600.0,0.0,0.0
2025-10-23 00:00:00+05:30,323,Gaddiannaram,1,Gaddiannaram,77,Mosambi,77,Common,0.0,543.0,800.0,2300.0,900.0,0.0,0.0
2025-10-23 00:00:00+05:30,325,Hyderabad,6,Madannapeta,106,ColaCasio(Arvi),106,Common,0.0,3.0,3000.0,3000.0,3000.0,0.0,0.0
2025-10-23 00:00:00+05:30,325,Hyderabad,7,Meeralamandi,111,Brinjal,111,Common,0.0,3.0,3500.0,4000.0,3750.0,0.0,0.0
2025-10-23 00:00:00+05:30,188,Bhainsa,11,Bhainsa,15,Red Gram,15,Common,0.0,5.82,5222.0,6439.0,6304.0,0.0,0.0
2025-10-23 00:00:00+05:30,279,Thirumalagiri,9,Tirmalagiri,1,Paddy,247,Grade-A (Samba Masuri),0.0,438.0,1678.0,1896.0,1846.0,0.0,0.0
2025-10-23 00:00:00+05:30,221,Jammikunta,36,Jammikunta,25,Cotton,25,Common,0.0,1063.0,6000.0,7100.0,6700.0,0.0,0.0
2025-10-23 00:00:00+05:30,323,Gaddiannaram,2,L.B Nagar,106,ColaCasio(Arvi),106,Common,0.0,10.0,1500.0,2500.0,2000.0,0.0,0.0
2025-10-22 00:00:00+05:30,367,Gudimalkapur,1571,Gudumalkapur,103,Carrot,103,Common,0.0,258.0,2000.0,4000.0,3000.0,0.0,0.0
2025-10-22 00:00:00+05:30,289,Sadasivpet,1200,Sadasivapet,6,Jowar,232,Yellow,0.0,11.0,2000.0,4550.0,3001.0,0.0,0.0
2025-10-22 00:00:00+05:30,302,Gadwal,1328,Gadwal,30,Groundnut pods,30,Common,0.0,450.0,2830.0,5320.0,4390.0,0.0,0.0
2025-10-22 00:00:00+05:30,239,Kesamudram,1168,Kesamudram,5,Maize,5,Common,0.0,4858.0,1803.0,2058.0,1959.0,0.0,0.0
2025-10-22 00:00:00+05:30,219,Jagtial,1125,Jagtial,1,Paddy,270,Grade-A (1010),0.0,251.0,1775.0,1836.0,1819.0,0.0,0.0
2025-10-22 00:00:00+05:30,221,Jammikunta,36,Jammikunta,25,Cotton,25,Common,0.0,343.0,6100.0,7050.0,6800.0,0.0,0.0
2025-10-22 00:00:00+05:30,278,Suryapet,1091,Suryapet,1,Paddy,247,Grade-A (Samba Masuri),0.0,977.0,1808.0,2479.0,1941.0,0.0,0.0
2025-10-22 00:00:00+05:30,325,Hyderabad,6,Madannapeta,106,ColaCasio(Arvi),106,Common,0.0,6.0,2000.0,2000.0,2000.0,0.0,0.0
2025-10-22 00:00:00+05:30,325,Hyderabad,7,Meeralamandi,111,Brinjal,111,Common,0.0,4.0,2500.0,3000.0,2750.0,0.0,0.0
2025-10-22 00:00:00+05:30,188,Bhainsa,11,Bhainsa,15,Red Gram,15,Common,0.0,7.74,5555.0,6569.0,6569.0,0.0,0.0
2025-10-22 00:00:00+05:30,279,Thirumalagiri,9,Tirmalagiri,1,Paddy,247,Grade-A (Samba Masuri),0.0,419.0,1776.0,1876.0,1856.0,0.0,0.0
2025-10-22 00:00:00+05:30,323,Gaddiannaram,1,Gaddiannaram,77,Mosambi,77,Common,0.0,916.0,900.0,3500.0,1100.0,0.0,0.0
2025-10-22 00:00:00+05:30,323,Gaddiannaram,2,L.B Nagar,106,ColaCasio(Arvi),106,Common,0.0,10.0,1500.0,2000.0,1700.0,0.0,0.0
2025-10-22 00:00:00+05:30,324,Bowenpally,3,Bowenpally,103,Carrot,103,Common,0.0,1222.0,600.0,6000.0,3600.0,0.0,0.0
2025-10-20 00:00:00+05:30,367,Gudimalkapur,1571,Gudumalkapur,103,Carrot,103,Common,0.0,230.0,1800.0,3000.0,2200.0,0.0,0.0
2025-10-19 00:00:00+05:30,312,Wanaparthy Town,1344,W.P.Town,30,Groundnut pods,30,Common,0.0,104.0,4009.0,5687.0,5590.0,0.0,0.0
2025-10-21 00:00:00+05:30,323,Gaddiannaram,1,Gaddiannaram,77,Mosambi,77,Common,0.0,835.0,900.0,2600.0,1000.0,0.0,0.0
2025-10-20 00:00:00+05:30,324,Bowenpally,3,Bowenpally,103,Carrot,103,Common,0.0,1954.0,500.0,4000.0,3000.0,0.0,0.0
2025-10-20 00:00:00+05:30,325,Hyderabad,6,Madannapeta,106,ColaCasio(Arvi),106,Common,0.0,5.0,2000.0,3000.0,2500.0,0.0,0.0
2025-10-18 00:00:00+05:30,312,Wanaparthy Town,1344,W.P.Town,30,Groundnut pods,30,Common,0.0,37.0,4181.0,5461.0,4941.0,0.0,0.0
2025-10-20 00:00:00+05:30,323,Gaddiannaram,2,L.B Nagar,106,ColaCasio(Arvi),106,Common,0.0,12.0,1000.0,2000.0,1500.0,0.0,0.0
2025-10-20 00:00:00+05:30,323,Gaddiannaram,1,Gaddiannaram,77,Mosambi,77,Common,0.0,1285.0,800.0,2500.0,1100.0,0.0,0.0
2025-10-19 00:00:00+05:30,367,Gudimalkapur,1571,Gudumalkapur,103,Carrot,103,Common,0.0,238.0,1300.0,3000.0,2200.0,0.0,0.0
2025-10-19 00:00:00+05:30,325,Hyderabad,7,Meeralamandi,111,Brinjal,111,Common,0.0,4.0,2800.0,3000.0,2900.0,0.0,0.0
2025-10-19 00:00:00+05:30,323,Gaddiannaram,1,Gaddiannaram,77,Mosambi,77,Common,0.0,240.0,900.0,2900.0,1100.0,0.0,0.0
2025-10-19 00:00:00+05:30,323,Gaddiannaram,2,L.B Nagar,106,ColaCasio(Arvi),106,Common,0.0,13.0,1500.0,2000.0,1700.0,0.0,0.0
2025-10-19 00:00:00+05:30,325,Hyderabad,6,Madannapeta,106,ColaCasio(Arvi),106,Common,0.0,3.0,3000.0,3000.0,3000.0,0.0,0.0
2025-10-19 00:00:00+05:30,324,Bowenpally,3,Bowenpally,103,Carrot,103,Common,0.0,2163.0,800.0,4500.0,3000.0,0.0,0.0
2025-10-18 00:00:00+05:30,367,Gudimalkapur,1571,Gudumalkapur,103,Carrot,103,Common,0.0,271.0,1200.0,3500.0,2000.0,0.0,0.0
2025-10-18 00:00:00+05:30,279,Thirumalagiri,9,Tirmalagiri,1,Paddy,247,Grade-A (Samba Masuri),0.0,332.0,1668.0,1929.0,1889.0,0.0,0.0
2025-10-18 00:00:00+05:30,323,Gaddiannaram,2,L.B Nagar,106,ColaCasio(Arvi),106,Common,0.0,18.0,1500.0,2000.0,1700.0,0.0,0.0
2025-10-18 00:00:00+05:30,325,Hyderabad,6,Madannapeta,106,ColaCasio(Arvi),106,Common,0.0,12.0,2000.0,2000.0,2000.0,0.0,0.0
2025-10-17 00:00:00+05:30,312,Wanaparthy Town,1344,W.P.Town,30,Groundnut pods,30,Common,0.0,62.0,4061.0,5730.0,4835.0,0.0,0.0
2025-10-17 00:00:00+05:30,301,Devarakadra,1352,Devarakadra,31,Castor,31,Common,0.0,13.0,5809.0,5809.0,5809.0,0.0,0.0
2025-10-18 00:00:00+05:30,325,Hyderabad,7,Meeralamandi,111,Brinjal,111,Common,0.0,4.0,4000.0,4000.0,4000.0,0.0,0.0
2025-10-18 00:00:00+05:30,324,Bowenpally,3,Bowenpally,103,Carrot,103,Common,0.0,1998.0,800.0,4200.0,3000.0,0.0,0.0
2025-10-17 00:00:00+05:30,367,Gudimalkapur,1571,Gudumalkapur,103,Carrot,103,Common,0.0,205.0,2700.0,2000.0,3500.0,0.0,0.0
2025-10-18 00:00:00+05:30,323,Gaddiannaram,1,Gaddiannaram,77,Mosambi,77,Common,0.0,1257.0,900.0,2900.0,1100.0,0.0,0.0
2025-10-17 00:00:00+05:30,239,Kesamudram,1168,Kesamudram,5,Maize,5,Common,0.0,6610.0,1850.0,2098.0,1959.0,0.0,0.0
2025-10-17 00:00:00+05:30,302,Gadwal,1328,Gadwal,30,Groundnut pods,30,Common,0.0,154.0,3686.0,5252.0,4650.0,0.0,0.0
2025-10-17 00:00:00+05:30,221,Jammikunta,36,Jammikunta,25,Cotton,25,Common,0.0,1281.0,5700.0,6800.0,6400.0,0.0,0.0
2025-10-17 00:00:00+05:30,279,Thirumalagiri,9,Tirmalagiri,1,Paddy,247,Grade-A (Samba Masuri),0.0,369.0,1839.0,1949.0,1921.0,0.0,0.0
2025-10-17 00:00:00+05:30,278,Suryapet,1091,Suryapet,1,Paddy,247,Grade-A (Samba Masuri),0.0,318.0,1619.0,2379.0,2219.0,0.0,0.0
2025-10-17 00:00:00+05:30,219,Jagtial,1125,Jagtial,1,Paddy,270,Grade-A (1010),0.0,7.0,1850.0,1850.0,1850.0,0.0,0.0
2025-10-17 00:00:00+05:30,323,Gaddiannaram,2,L.B Nagar,106,ColaCasio(Arvi),106,Common,0.0,15.0,1500.0,2500.0,2000.0,0.0,0.0
2025-10-17 00:00:00+05:30,325,Hyderabad,7,Meeralamandi,111,Brinjal,111,Common,0.0,4.0,2800.0,3000.0,2900.0,0.0,0.0
2025-10-17 00:00:00+05:30,324,Bowenpally,3,Bowenpally,103,Carrot,103,Common,0.0,2064.0,600.0,4500.0,3000.0,0.0,0.0
2025-10-16 00:00:00+05:30,312,Wanaparthy Town,1344,W.P.Town,30,Groundnut pods,30,Common,0.0,53.0,4869.0,5890.0,4869.0,0.0,0.0
2025-10-16 00:00:00+05:30,301,Devarakadra,1352,Devarakadra,31,Castor,31,Common,0.0,10.0,5629.0,5709.0,5669.0,0.0,0.0
2025-10-17 00:00:00+05:30,323,Gaddiannaram,1,Gaddiannaram,77,Mosambi,77,Common,0.0,1240.0,1100.0,3000.0,1200.0,0.0,0.0
2025-10-16 00:00:00+05:30,367,Gudimalkapur,1571,Gudumalkapur,103,Carrot,103,Common,0.0,174.0,1800.0,3000.0,2200.0,0.0,0.0
2025-10-16 00:00:00+05:30,239,Kesamudram,1168,Kesamudram,5,Maize,5,Common,0.0,3960.0,1800.0,2092.0,2060.0,0.0,0.0
2025-10-16 00:00:00+05:30,219,Jagtial,1125,Jagtial,1,Paddy,270,Grade-A (1010),0.0,65.0,1765.0,1765.0,1765.0,0.0,0.0
2025-10-16 00:00:00+05:30,302,Gadwal,1328,Gadwal,30,Groundnut pods,30,Common,0.0,207.0,2670.0,4950.0,4386.0,0.0,0.0
2025-10-16 00:00:00+05:30,325,Hyderabad,6,Madannapeta,106,ColaCasio(Arvi),106,Common,0.0,3.0,3000.0,3000.0,3000.0,0.0,0.0
2025-10-16 00:00:00+05:30,325,Hyderabad,7,Meeralamandi,111,Brinjal,111,Common,0.0,6.0,2500.0,3000.0,2750.0,0.0,0.0
2025-10-16 00:00:00+05:30,324,Bowenpally,3,Bowenpally,103,Carrot,103,Common,0.0,2681.0,600.0,4000.0,3000.0,0.0,0.0
2025-10-16 00:00:00+05:30,278,Suryapet,1091,Suryapet,1,Paddy,247,Grade-A (Samba Masuri),0.0,642.0,1779.0,2449.0,2389.0,0.0,0.0
2025-10-15 00:00:00+05:30,312,Wanaparthy Town,1344,W.P.Town,30,Groundnut pods,30,Common,0.0,110.0,4806.0,5590.0,5370.0,0.0,0.0
2025-10-16 00:00:00+05:30,279,Thirumalagiri,9,Tirmalagiri,1,Paddy,247,Grade-A (Samba Masuri),0.0,211.0,1939.0,1969.0,1969.0,0.0,0.0
2025-10-16 00:00:00+05:30,221,Jammikunta,36,Jammikunta,25,Cotton,25,Common,0.0,1208.0,5500.0,6700.0,6500.0,0.0,0.0
2025-10-15 00:00:00+05:30,302,Gadwal,1328,Gadwal,30,Groundnut pods,30,Common,0.0,137.0,3389.0,4709.0,4079.0,0.0,0.0
2025-10-16 00:00:00+05:30,323,Gaddiannaram,2,L.B Nagar,106,ColaCasio(Arvi),106,Common,0.0,14.0,1500.0,2500.0,2000.0,0.0,0.0
2025-10-16 00:00:00+05:30,323,Gaddiannaram,1,Gaddiannaram,77,Mosambi,77,Common,0.0,1374.0,900.0,2900.0,1300.0,0.0,0.0
2025-10-15 00:00:00+05:30,367,Gudimalkapur,1571,Gudumalkapur,103,Carrot,103,Common,0.0,221.0,1200.0,3000.0,2200.0,0.0,0.0
2025-10-15 00:00:00+05:30,278,Suryapet,1091,Suryapet,1,Paddy,247,Grade-A (Samba Masuri),0.0,611.0,1549.0,2616.0,2439.0,0.0,0.0
2025-10-15 00:00:00+05:30,221,Jammikunta,36,Jammikunta,25,Cotton,25,Common,0.0,997.0,5500.0,6800.0,6400.0,0.0,0.0
2025-10-15 00:00:00+05:30,239,Kesamudram,1168,Kesamudram,5,Maize,5,Common,0.0,1822.0,1729.0,2161.0,2097.0,0.0,0.0
2025-10-15 00:00:00+05:30,219,Jagtial,1125,Jagtial,1,Paddy,270,Grade-A (1010),0.0,201.0,1745.0,1811.0,1811.0,0.0,0.0
2025-10-15 00:00:00+05:30,323,Gaddiannaram,2,L.B Nagar,106,ColaCasio(Arvi),106,Common,0.0,19.0,1000.0,2000.0,1500.0,0.0,0.0
2025-10-15 00:00:00+05:30,325,Hyderabad,6,Madannapeta,106,ColaCasio(Arvi),106,Common,0.0,3.0,2000.0,2000.0,2000.0,0.0,0.0
2025-10-15 00:00:00+05:30,324,Bowenpally,3,Bowenpally,103,Carrot,103,Common,0.0,1788.0,600.0,4300.0,3000.0,0.0,0.0
2025-10-15 00:00:00+05:30,325,Hyderabad,7,Meeralamandi,111,Brinjal,111,Common,0.0,6.0,2500.0,3000.0,2900.0,0.0,0.0
2025-10-14 00:00:00+05:30,301,Devarakadra,1352,Devarakadra,31,Castor,31,Common,0.0,12.0,5703.0,5703.0,5703.0,0.0,0.0
2025-10-15 00:00:00+05:30,279,Thirumalagiri,9,Tirmalagiri,1,Paddy,247,Grade-A (Samba Masuri),0.0,112.0,1861.0,1923.0,1921.0,0.0,0.0
2025-10-14 00:00:00+05:30,367,Gudimalkapur,1571,Gudumalkapur,103,Carrot,103,Common,0.0,256.0,1800.0,3500.0,2200.0,0.0,0.0
2025-10-15 00:00:00+05:30,323,Gaddiannaram,1,Gaddiannaram,77,Mosambi,77,Common,0.0,1238.0,900.0,2200.0,1200.0,0.0,0.0
2025-10-14 00:00:00+05:30,302,Gadwal,1328,Gadwal,30,Groundnut pods,30,Common,0.0,116.0,3459.0,4689.0,4310.0,0.0,0.0
2025-10-14 00:00:00+05:30,239,Kesamudram,1168,Kesamudram,5,Maize,5,Common,0.0,2777.0,1829.0,2176.0,2126.0,0.0,0.0
2025-10-14 00:00:00+05:30,219,Jagtial,1125,Jagtial,1,Paddy,270,Grade-A (1010),0.0,175.0,1801.0,1730.0,1730.0,0.0,0.0
2025-10-14 00:00:00+05:30,221,Jammikunta,36,Jammikunta,25,Cotton,25,Common,0.0,989.0,5000.0,6400.0,6000.0,0.0,0.0
2025-10-14 00:00:00+05:30,278,Suryapet,1091,Suryapet,1,Paddy,247,Grade-A (Samba Masuri),0.0,523.0,1659.0,2436.0,2412.0,0.0,0.0
2025-10-14 00:00:00+05:30,325,Hyderabad,7,Meeralamandi,111,Brinjal,111,Common,0.0,6.0,2800.0,3000.0,2900.0,0.0,0.0
2025-10-14 00:00:00+05:30,279,Thirumalagiri,9,Tirmalagiri,1,Paddy,247,Grade-A (Samba Masuri),0.0,50.0,1873.0,2228.0,2228.0,0.0,0.0
2025-10-14 00:00:00+05:30,325,Hyderabad,6,Madannapeta,106,ColaCasio(Arvi),106,Common,0.0,12.0,2000.0,2000.0,2000.0,0.0,0.0
2025-10-14 00:00:00+05:30,323,Gaddiannaram,1,Gaddiannaram,77,Mosambi,77,Common,0.0,815.0,800.0,3400.0,1100.0,0.0,0.0
2025-10-14 00:00:00+05:30,324,Bowenpally,3,Bowenpally,103,Carrot,103,Common,0.0,2342.0,500.0,4200.0,3000.0,0.0,0.0
2025-10-14 00:00:00+05:30,323,Gaddiannaram,2,L.B Nagar,106,ColaCasio(Arvi),106,Common,0.0,20.0,1000.0,2000.0,1500.0,0.0,0.0
2025-10-13 00:00:00+05:30,312,Wanaparthy Town,1344,W.P.Town,30,Groundnut pods,30,Common,0.0,104.0,4749.0,6617.0,5190.0,0.0,0.0
2025-10-13 00:00:00+05:30,367,Gudimalkapur,1571,Gudumalkapur,103,Carrot,103,Common,0.0,273.0,1300.0,3000.0,1800.0,0.0,0.0
2025-10-13 00:00:00+05:30,302,Gadwal,1328,Gadwal,30,Groundnut pods,30,Common,0.0,280.0,2905.0,4859.0,4091.0,0.0,0.0
2025-10-13 00:00:00+05:30,239,Kesamudram,1168,Kesamudram,5,Maize,5,Common,0.0,3377.0,1879.0,2171.0,2146.0,0.0,0.0
2025-10-13 00:00:00+05:30,219,Jagtial,1125,Jagtial,1,Paddy,270,Grade-A (1010),0.0,23.0,1870.0,1870.0,1870.0,0.0,0.0
2025-10-13 00:00:00+05:30,325,Hyderabad,7,Meeralamandi,111,Brinjal,111,Common,0.0,6.0,2500.0,3000.0,2750.0,0.0,0.0
2025-10-13 00:00:00+05:30,279,Thirumalagiri,9,Tirmalagiri,1,Paddy,247,Grade-A (Samba Masuri),0.0,400.0,1652.0,1901.0,1861.0,0.0,0.0
2025-10-13 00:00:00+05:30,221,Jammikunta,36,Jammikunta,25,Cotton,25,Common,0.0,1451.0,5500.0,6400.0,6000.0,0.0,0.0
2025-10-12 00:00:00+05:30,312,Wanaparthy Town,1344,W.P.Town,30,Groundnut pods,30,Common,0.0,97.0,3211.0,5309.0,5199.0,0.0,0.0
2025-10-13 00:00:00+05:30,323,Gaddiannaram,2,L.B Nagar,106,ColaCasio(Arvi),106,Common,0.0,25.0,1500.0,2500.0,2000.0,0.0,0.0
2025-10-13 00:00:00+05:30,325,Hyderabad,6,Madannapeta,106,ColaCasio(Arvi),106,Common,0.0,15.0,2000.0,2000.0,2000.0,0.0,0.0
2025-10-13 00:00:00+05:30,324,Bowenpally,3,Bowenpally,103,Carrot,103,Common,0.0,2532.0,500.0,5000.0,3200.0,0.0,0.0
2025-10-12 00:00:00+05:30,367,Gudimalkapur,1571,Gudumalkapur,103,Carrot,103,Common,0.0,309.0,1800.0,4000.0,2000.0,0.0,0.0
2025-10-11 00:00:00+05:30,312,Wanaparthy Town,1344,W.P.Town,30,Groundnut pods,30,Common,0.0,42.0,4284.0,6389.0,4881.0,0.0,0.0
2025-10-13 00:00:00+05:30,323,Gaddiannaram,1,Gaddiannaram,77,Mosambi,77,Common,0.0,1595.0,800.0,2800.0,1200.0,0.0,0.0
2025-10-12 00:00:00+05:30,323,Gaddiannaram,2,L.B Nagar,106,ColaCasio(Arvi),106,Common,0.0,27.0,1500.0,2500.0,2000.0,0.0,0.0
2025-10-11 00:00:00+05:30,367,Gudimalkapur,1571,Gudumalkapur,103,Carrot,103,Common,0.0,254.0,1800.0,3500.0,2300.0,0.0,0.0
2025-10-12 00:00:00+05:30,324,Bowenpally,3,Bowenpally,103,Carrot,103,Common,0.0,2529.0,1000.0,4500.0,3200.0,0.0,0.0
2025-10-12 00:00:00+05:30,325,Hyderabad,7,Meeralamandi,111,Brinjal,111,Common,0.0,5.0,2000.0,2500.0,2250.0,0.0,0.0
2025-10-11 00:00:00+05:30,188,Bhainsa,11,Bhainsa,15,Red Gram,15,Common,0.0,1.0,5504.0,5504.0,5504.0,0.0,0.0
2025-10-11 00:00:00+05:30,279,Thirumalagiri,9,Tirmalagiri,1,Paddy,247,Grade-A (Samba Masuri),0.0,24.0,1618.0,2260.0,2260.0,0.0,0.0
2025-10-11 00:00:00+05:30,278,Suryapet,1091,Suryapet,1,Paddy,247,Grade-A (Samba Masuri),0.0,348.0,1509.0,2421.0,2289.0,0.0,0.0
2025-10-11 00:00:00+05:30,212,Choppadandi,1123,Choppadandi,1,Paddy,241,Grade-A (Jai Sri Ram),0.0,3.0,2835.0,2835.0,2835.0,0.0,0.0
2025-10-11 00:00:00+05:30,302,Gadwal,1328,Gadwal,30,Groundnut pods,30,Common,0.0,70.0,2959.0,4702.0,4559.0,0.0,0.0
2025-10-11 00:00:00+05:30,324,Bowenpally,3,Bowenpally,103,Carrot,103,Common,0.0,2187.0,800.0,4500.0,3200.0,0.0,0.0
2025-10-11 00:00:00+05:30,325,Hyderabad,6,Madannapeta,106,ColaCasio(Arvi),106,Common,0.0,18.0,2000.0,2000.0,2000.0,0.0,0.0
2025-10-11 00:00:00+05:30,325,Hyderabad,7,Meeralamandi,111,Brinjal,111,Common,0.0,4.0,2500.0,3000.0,2750.0,0.0,0.0
2025-10-10 00:00:00+05:30,312,Wanaparthy Town,1344,W.P.Town,30,Groundnut pods,30,Common,0.0,96.0,4209.0,5366.0,4866.0,0.0,0.0
2025-10-11 00:00:00+05:30,323,Gaddiannaram,2,L.B Nagar,106,ColaCasio(Arvi),106,Common,0.0,17.0,1500.0,2000.0,1700.0,0.0,0.0
2025-10-11 00:00:00+05:30,323,Gaddiannaram,1,Gaddiannaram,77,Mosambi,77,Common,0.0,1415.0,900.0,2900.0,1200.0,0.0,0.0
2025-10-10 00:00:00+05:30,302,Gadwal,1328,Gadwal,30,Groundnut pods,30,Common,0.0,83.0,2919.0,4389.0,3769.0,0.0,0.0
2025-10-10 00:00:00+05:30,367,Gudimalkapur,1571,Gudumalkapur,103,Carrot,103,Common,0.0,301.0,1200.0,3000.0,2000.0,0.0,0.0
2025-10-10 00:00:00+05:30,221,Jammikunta,36,Jammikunta,25,Cotton,25,Common,0.0,839.0,5500.0,6800.0,6500.0,0.0,0.0
2025-10-10 00:00:00+05:30,278,Suryapet,1091,Suryapet,1,Paddy,247,Grade-A (Samba Masuri),0.0,231.0,1709.0,2459.0,2289.0,0.0,0.0
2025-10-10 00:00:00+05:30,239,Kesamudram,1168,Kesamudram,5,Maize,5,Common,0.0,3216.0,1800.0,2162.0,2036.0,0.0,0.0
2025-10-10 00:00:00+05:30,323,Gaddiannaram,2,L.B Nagar,106,ColaCasio(Arvi),106,Common,0.0,33.0,1500.0,2500.0,2000.0,0.0,0.0
2025-10-10 00:00:00+05:30,325,Hyderabad,7,Meeralamandi,111,Brinjal,111,Common,0.0,4.0,3000.0,3500.0,3250.0,0.0,0.0
2025-10-10 00:00:00+05:30,324,Bowenpally,3,Bowenpally,103,Carrot,103,Common,0.0,1604.0,1000.0,4200.0,3400.0,0.0,0.0
2025-10-10 00:00:00+05:30,323,Gaddiannaram,1,Gaddiannaram,77,Mosambi,77,Common,0.0,1457.0,800.0,2600.0,1100.0,0.0,0.0
2025-10-09 00:00:00+05:30,367,Gudimalkapur,1571,Gudumalkapur,103,Carrot,103,Common,0.0,221.0,1500.0,300.0,2300.0,0.0,0.0
2025-10-09 00:00:00+05:30,312,Wanaparthy Town,1344,W.P.Town,30,Groundnut pods,30,Common,0.0,49.0,4217.0,5381.0,4984.0,0.0,0.0
2025-10-09 00:00:00+05:30,301,Devarakadra,1352,Devarakadra,31,Castor,31,Common,0.0,4.0,5613.0,5613.0,5613.0,0.0,0.0
2025-10-09 00:00:00+05:30,239,Kesamudram,1168,Kesamudram,5,Maize,5,Common,0.0,3210.0,1801.0,2109.0,2081.0,0.0,0.0
2025-10-09 00:00:00+05:30,302,Gadwal,1328,Gadwal,30,Groundnut pods,30,Common,0.0,85.0,3499.0,4370.0,3910.0,0.0,0.0
2025-10-09 00:00:00+05:30,212,Choppadandi,1123,Choppadandi,1,Paddy,241,Grade-A (Jai Sri Ram),0.0,48.0,2142.0,2142.0,2142.0,0.0,0.0
2025-10-09 00:00:00+05:30,221,Jammikunta,36,Jammikunta,25,Cotton,25,Common,0.0,684.0,6000.0,7000.0,6700.0,0.0,0.0
2025-10-09 00:00:00+05:30,188,Bhainsa,11,Bhainsa,15,Red Gram,15,Common,0.0,3.28,5656.0,5759.0,5759.0,0.0,0.0
2025-10-08 00:00:00+05:30,301,Devarakadra,1352,Devarakadra,31,Castor,31,Common,0.0,8.0,5622.0,5622.0,5622.0,0.0,0.0
2025-10-09 00:00:00+05:30,256,Khammam,1067,Khammam,15,Red Gram,15,Common,0.0,40.0,5100.0,5100.0,5100.0,0.0,0.0
2025-10-08 00:00:00+05:30,306,Mahbubnagar,1326,Mahaboobnagar,8,Ragi,8,Common,0.0,11.0,3790.0,4000.0,3790.0,0.0,0.0
2025-10-09 00:00:00+05:30,279,Thirumalagiri,9,Tirmalagiri,1,Paddy,247,Grade-A (Samba Masuri),0.0,7.0,2330.0,2330.0,2330.0,0.0,0.0
2025-10-09 00:00:00+05:30,325,Hyderabad,7,Meeralamandi,111,Brinjal,111,Common,0.0,4.0,3000.0,3000.0,3000.0,0.0,0.0
2025-10-09 00:00:00+05:30,324,Bowenpally,3,Bowenpally,103,Carrot,103,Common,0.0,2844.0,1000.0,4500.0,3000.0,0.0,0.0
2025-10-09 00:00:00+05:30,325,Hyderabad,6,Madannapeta,106,ColaCasio(Arvi),106,Common,0.0,11.0,2000.0,2500.0,2250.0,0.0,0.0
2025-10-09 00:00:00+05:30,323,Gaddiannaram,1,Gaddiannaram,77,Mosambi,77,Common,0.0,1063.0,900.0,3200.0,1050.0,0.0,0.0
2025-10-09 00:00:00+05:30,323,Gaddiannaram,2,L.B Nagar,106,ColaCasio(Arvi),106,Common,0.0,20.0,1500.0,2500.0,2000.0,0.0,0.0
2025-10-08 00:00:00+05:30,367,Gudimalkapur,1571,Gudumalkapur,103,Carrot,103,Common,0.0,297.0,2000.0,3500.0,2800.0,0.0,0.0
2025-10-08 00:00:00+05:30,302,Gadwal,1328,Gadwal,30,Groundnut pods,30,Common,0.0,90.0,2220.0,4879.0,3820.0,0.0,0.0
2025-10-08 00:00:00+05:30,289,Sadasivpet,1200,Sadasivapet,6,Jowar,232,Yellow,0.0,1.0,3200.0,3200.0,3200.0,0.0,0.0
2025-10-08 00:00:00+05:30,325,Hyderabad,6,Madannapeta,106,ColaCasio(Arvi),106,Common,0.0,5.0,3000.0,3000.0,3000.0,0.0,0.0
2025-10-08 00:00:00+05:30,188,Bhainsa,11,Bhainsa,15,Red Gram,15,Common,0.0,25.03,5013.0,6366.0,6366.0,0.0,0.0
2025-10-08 00:00:00+05:30,279,Thirumalagiri,9,Tirmalagiri,1,Paddy,247,Grade-A (Samba Masuri),0.0,10.0,2319.0,2319.0,2319.0,0.0,0.0
2025-10-08 00:00:00+05:30,325,Hyderabad,7,Meeralamandi,111,Brinjal,111,Common,0.0,4.0,2500.0,3000.0,2750.0,0.0,0.0
2025-10-08 00:00:00+05:30,323,Gaddiannaram,2,L.B Nagar,106,ColaCasio(Arvi),106,Common,0.0,11.0,1000.0,2000.0,1500.0,0.0,0.0
2025-10-08 00:00:00+05:30,323,Gaddiannaram,1,Gaddiannaram,77,Mosambi,77,Common,0.0,1400.0,900.0,3300.0,1100.0,0.0,0.0
2025-10-08 00:00:00+05:30,278,Suryapet,1091,Suryapet,1,Paddy,247,Grade-A (Samba Masuri),0.0,483.0,1619.0,2439.0,2412.0,0.0,0.0
2025-10-08 00:00:00+05:30,221,Jammikunta,36,Jammikunta,25,Cotton,25,Common,0.0,395.0,5500.0,6800.0,6200.0,0.0,0.0
2025-10-08 00:00:00+05:30,256,Khammam,1067,Khammam,15,Red Gram,15,Common,0.0,14.0,5300.0,5300.0,5300.0,0.0,0.0
2025-10-08 00:00:00+05:30,239,Kesamudram,1168,Kesamudram,5,Maize,5,Common,0.0,2144.0,1885.0,2161.0,2070.0,0.0,0.0
2025-10-08 00:00:00+05:30,324,Bowenpally,3,Bowenpally,103,Carrot,103,Common,0.0,2158.0,800.0,4500.0,3000.0,0.0,0.0
2025-10-07 00:00:00+05:30,302,Gadwal,1328,Gadwal,30,Groundnut pods,30,Common,0.0,164.0,2626.0,4869.0,3680.0,0.0,0.0
2025-10-07 00:00:00+05:30,367,Gudimalkapur,1571,Gudumalkapur,103,Carrot,103,Common,0.0,258.0,2000.0,3500.0,2500.0,0.0,0.0
2025-10-07 00:00:00+05:30,239,Kesamudram,1168,Kesamudram,5,Maize,5,Common,0.0,2280.0,1355.0,2125.0,2074.0,0.0,0.0
2025-10-07 00:00:00+05:30,278,Suryapet,1091,Suryapet,1,Paddy,247,Grade-A (Samba Masuri),0.0,515.0,1519.0,2459.0,2249.0,0.0,0.0
2025-10-07 00:00:00+05:30,306,Mahbubnagar,1326,Mahaboobnagar,8,Ragi,8,Common,0.0,12.0,2519.0,3489.0,2919.0,0.0,0.0
2025-10-07 00:00:00+05:30,324,Bowenpally,3,Bowenpally,103,Carrot,103,Common,0.0,2351.0,1500.0,5000.0,3600.0,0.0,0.0
2025-10-07 00:00:00+05:30,325,Hyderabad,6,Madannapeta,106,ColaCasio(Arvi),106,Common,0.0,3.0,2000.0,2000.0,2000.0,0.0,0.0
2025-10-07 00:00:00+05:30,323,Gaddiannaram,1,Gaddiannaram,77,Mosambi,77,Common,0.0,2415.0,900.0,3500.0,1200.0,0.0,0.0
2025-10-07 00:00:00+05:30,325,Hyderabad,7,Meeralamandi,111,Brinjal,111,Common,0.0,5.0,2500.0,3000.0,2750.0,0.0,0.0
2025-10-07 00:00:00+05:30,279,Thirumalagiri,9,Tirmalagiri,1,Paddy,247,Grade-A (Samba Masuri),0.0,49.0,1620.0,1730.0,1730.0,0.0,0.0
2025-10-06 00:00:00+05:30,301,Devarakadra,1352,Devarakadra,31,Castor,31,Common,0.0,11.0,5613.0,5700.0,5657.0,0.0,0.0
2025-10-07 00:00:00+05:30,221,Jammikunta,36,Jammikunta,25,Cotton,25,Common,0.0,338.0,4600.0,6400.0,5500.0,0.0,0.0
2025-10-07 00:00:00+05:30,323,Gaddiannaram,2,L.B Nagar,106,ColaCasio(Arvi),106,Common,0.0,10.0,1500.0,2500.0,2000.0,0.0,0.0
2025-10-06 00:00:00+05:30,367,Gudimalkapur,1571,Gudumalkapur,103,Carrot,103,Common,0.0,197.0,1500.0,3500.0,2400.0,0.0,0.0
2025-10-06 00:00:00+05:30,300,Badepally,1327,Badepally,6,Jowar,6,Common,0.0,3.0,1850.0,1850.0,1850.0,0.0,0.0
2025-10-06 00:00:00+05:30,312,Wanaparthy Town,1344,W.P.Town,30,Groundnut pods,30,Common,0.0,105.0,3099.0,5884.0,5459.0,0.0,0.0
2025-10-06 00:00:00+05:30,239,Kesamudram,1168,Kesamudram,5,Maize,5,Common,0.0,2224.0,1851.0,2109.0,2059.0,0.0,0.0
2025-10-06 00:00:00+05:30,306,Mahbubnagar,1326,Mahaboobnagar,8,Ragi,8,Common,0.0,6.0,3260.0,3260.0,3260.0,0.0,0.0
2025-10-06 00:00:00+05:30,302,Gadwal,1328,Gadwal,30,Groundnut pods,30,Common,0.0,238.0,2729.0,5009.0,4809.0,0.0,0.0
2025-10-06 00:00:00+05:30,278,Suryapet,1091,Suryapet,1,Paddy,247,Grade-A (Samba Masuri),0.0,263.0,1999.0,2459.0,2379.0,0.0,0.0
2025-10-06 00:00:00+05:30,221,Jammikunta,36,Jammikunta,25,Cotton,25,Common,0.0,206.0,5500.0,6500.0,6100.0,0.0,0.0
2025-10-06 00:00:00+05:30,279,Thirumalagiri,9,Tirmalagiri,1,Paddy,247,Grade-A (Samba Masuri),0.0,22.0,1648.0,2202.0,2202.0,0.0,0.0
2025-10-06 00:00:00+05:30,325,Hyderabad,7,Meeralamandi,111,Brinjal,111,Common,0.0,4.0,2800.0,3000.0,2900.0,0.0,0.0
2025-10-06 00:00:00+05:30,325,Hyderabad,6,Madannapeta,106,ColaCasio(Arvi),106,Common,0.0,3.0,2000.0,2000.0,2000.0,0.0,0.0
2025-10-06 00:00:00+05:30,324,Bowenpally,3,Bowenpally,103,Carrot,103,Common,0.0,1966.0,1000.0,5000.0,3500.0,0.0,0.0
2025-10-06 00:00:00+05:30,323,Gaddiannaram,2,L.B Nagar,106,ColaCasio(Arvi),106,Common,0.0,7.0,2000.0,2500.0,2200.0,0.0,0.0
2025-10-06 00:00:00+05:30,323,Gaddiannaram,1,Gaddiannaram,77,Mosambi,77,Common,0.0,3197.0,1000.0,3100.0,1200.0,0.0,0.0
2025-10-05 00:00:00+05:30,367,Gudimalkapur,1571,Gudumalkapur,103,Carrot,103,Common,0.0,229.0,2000.0,4000.0,2500.0,0.0,0.0
2025-10-05 00:00:00+05:30,312,Wanaparthy Town,1344,W.P.Town,30,Groundnut pods,30,Common,0.0,32.0,3084.0,5619.0,4684.0,0.0,0.0
2025-10-04 00:00:00+05:30,312,Wanaparthy Town,1344,W.P.Town,30,Groundnut pods,30,Common,0.0,11.0,5267.0,5496.0,5267.0,0.0,0.0
2025-10-05 00:00:00+05:30,325,Hyderabad,7,Meeralamandi,111,Brinjal,111,Common,0.0,4.0,3000.0,3000.0,3000.0,0.0,0.0
2025-10-05 00:00:00+05:30,324,Bowenpally,3,Bowenpally,103,Carrot,103,Common,0.0,1369.0,800.0,5000.0,3500.0,0.0,0.0
2025-10-05 00:00:00+05:30,325,Hyderabad,6,Madannapeta,106,ColaCasio(Arvi),106,Common,0.0,5.0,2000.0,2000.0,2000.0,0.0,0.0
2025-10-05 00:00:00+05:30,323,Gaddiannaram,2,L.B Nagar,106,ColaCasio(Arvi),106,Common,0.0,3.0,2000.0,2500.0,2200.0,0.0,0.0
2025-10-04 00:00:00+05:30,367,Gudimalkapur,1571,Gudumalkapur,103,Carrot,103,Common,0.0,123.0,2000.0,3500.0,2500.0,0.0,0.0
2025-10-04 00:00:00+05:30,278,Suryapet,1091,Suryapet,1,Paddy,247,Grade-A (Samba Masuri),0.0,142.0,2129.0,2429.0,2406.0,0.0,0.0
2025-10-04 00:00:00+05:30,302,Gadwal,1328,Gadwal,30,Groundnut pods,30,Common,0.0,158.0,3259.0,4652.0,4250.0,0.0,0.0
2025-10-04 00:00:00+05:30,325,Hyderabad,6,Madannapeta,106,ColaCasio(Arvi),106,Common,0.0,3.0,2000.0,2000.0,2000.0,0.0,0.0
2025-10-04 00:00:00+05:30,325,Hyderabad,7,Meeralamandi,111,Brinjal,111,Common,0.0,3.0,2000.0,3000.0,2500.0,0.0,0.0
2025-10-04 00:00:00+05:30,324,Bowenpally,3,Bowenpally,103,Carrot,103,Common,0.0,1090.0,500.0,4000.0,2500.0,0.0,0.0
2025-10-04 00:00:00+05:30,323,Gaddiannaram,2,L.B Nagar,106,ColaCasio(Arvi),106,Common,0.0,5.0,2000.0,3000.0,2500.0,0.0,0.0
2025-10-03 00:00:00+05:30,367,Gudimalkapur,1571,Gudumalkapur,103,Carrot,103,Common,0.0,75.0,2000.0,3500.0,2800.0,0.0,0.0
2025-10-04 00:00:00+05:30,323,Gaddiannaram,1,Gaddiannaram,77,Mosambi,77,Common,0.0,692.0,1000.0,3100.0,1200.0,0.0,0.0
2025-10-03 00:00:00+05:30,324,Bowenpally,3,Bowenpally,103,Carrot,103,Common,0.0,1754.0,500.0,2800.0,2400.0,0.0,0.0
2025-10-02 00:00:00+05:30,367,Gudimalkapur,1571,Gudumalkapur,103,Carrot,103,Common,0.0,135.0,2000.0,3500.0,2600.0,0.0,0.0
2025-10-03 00:00:00+05:30,323,Gaddiannaram,1,Gaddiannaram,77,Mosambi,77,Common,0.0,290.0,800.0,2700.0,950.0,0.0,0.0
2025-10-02 00:00:00+05:30,323,Gaddiannaram,2,L.B Nagar,106,ColaCasio(Arvi),106,Common,0.0,4.0,1000.0,2000.0,1500.0,0.0,0.0
2025-10-02 00:00:00+05:30,325,Hyderabad,6,Madannapeta,106,ColaCasio(Arvi),106,Common,0.0,6.0,2000.0,2000.0,2000.0,0.0,0.0
2025-10-02 00:00:00+05:30,324,Bowenpally,3,Bowenpally,103,Carrot,103,Common,0.0,1574.0,600.0,3000.0,2500.0,0.0,0.0
2025-10-01 00:00:00+05:30,367,Gudimalkapur,1571,Gudumalkapur,103,Carrot,103,Common,0.0,183.0,1000.0,3500.0,2200.0,0.0,0.0
2025-10-01 00:00:00+05:30,325,Hyderabad,6,Madannapeta,106,ColaCasio(Arvi),106,Common,0.0,6.0,2000.0,2000.0,2000.0,0.0,0.0
2025-10-01 00:00:00+05:30,325,Hyderabad,7,Meeralamandi,111,Brinjal,111,Common,0.0,5.0,2500.0,3000.0,2750.0,0.0,0.0
2025-10-01 00:00:00+05:30,324,Bowenpally,3,Bowenpally,103,Carrot,103,Common,0.0,1964.0,600.0,3500.0,2600.0,0.0,0.0
2025-10-01 00:00:00+05:30,323,Gaddiannaram,2,L.B Nagar,106,ColaCasio(Arvi),106,Common,0.0,5.0,1000.0,2000.0,1500.0,0.0,0.0
2025-10-01 00:00:00+05:30,323,Gaddiannaram,1,Gaddiannaram,77,Mosambi,77,Common,0.0,2580.0,900.0,2700.0,1100.0,0.0,0.0
2025-10-31 00:00:00+05:30,367,Gudimalkapur,1571,Gudumalkapur,103,Carrot,103,Common,0.0,155.0,1200.0,5000.0,2700.0,0.0,0.0
2025-10-31 00:00:00+05:30,300,Badepally,1327,Badepally,6,Jowar,6,Common,0.0,2.0,1701.0,1701.0,1701.0,0.0,0.0
2025-10-31 00:00:00+05:30,302,Gadwal,1328,Gadwal,30,Groundnut pods,30,Common,0.0,623.0,2816.0,5100.0,4900.0,0.0,0.0
2025-10-31 00:00:00+05:30,239,Kesamudram,1168,Kesamudram,5,Maize,5,Common,0.0,2253.0,1602.0,1881.0,1735.0,0.0,0.0
2025-10-31 00:00:00+05:30,325,Hyderabad,7,Meeralamandi,111,Brinjal,111,Common,0.0,6.0,4000.0,4000.0,4000.0,0.0,0.0
2025-10-30 00:00:00+05:30,301,Devarakadra,1352,Devarakadra,31,Castor,31,Common,0.0,15.0,5759.0,5759.0,5759.0,0.0,0.0
2025-10-30 00:00:00+05:30,302,Gadwal,1328,Gadwal,30,Groundnut pods,30,Common,0.0,144.0,3016.0,5306.0,4010.0,0.0,0.0
2025-10-30 00:00:00+05:30,312,Wanaparthy Town,1344,W.P.Town,30,Groundnut pods,30,Common,0.0,3.0,5181.0,5181.0,5181.0,0.0,0.0
2025-10-31 00:00:00+05:30,278,Suryapet,1091,Suryapet,1,Paddy,247,Grade-A (Samba Masuri),0.0,650.0,1709.0,2009.0,1869.0,0.0,0.0
2025-10-31 00:00:00+05:30,323,Gaddiannaram,2,L.B Nagar,106,ColaCasio(Arvi),106,Common,0.0,12.0,2000.0,3000.0,2500.0,0.0,0.0
2025-10-31 00:00:00+05:30,324,Bowenpally,3,Bowenpally,103,Carrot,103,Common,0.0,1977.0,600.0,6500.0,4500.0,0.0,0.0
2025-10-30 00:00:00+05:30,367,Gudimalkapur,1571,Gudumalkapur,103,Carrot,103,Common,0.0,178.0,1000.0,5000.0,2200.0,0.0,0.0
2025-10-31 00:00:00+05:30,323,Gaddiannaram,1,Gaddiannaram,77,Mosambi,77,Common,0.0,430.0,800.0,4000.0,900.0,0.0,0.0
2025-10-31 00:00:00+05:30,312,Wanaparthy Town,1344,W.P.Town,30,Groundnut pods,30,Common,0.0,28.0,4216.0,5900.0,4730.0,0.0,0.0
2025-10-31 00:00:00+05:30,301,Devarakadra,1352,Devarakadra,31,Castor,31,Common,0.0,5.0,5802.0,5802.0,5802.0,0.0,0.0
2025-10-30 00:00:00+05:30,306,Mahbubnagar,1326,Mahaboobnagar,8,Ragi,8,Common,0.0,3.0,3980.0,3980.0,3980.0,0.0,0.0
2025-10-29 00:00:00+05:30,312,Wanaparthy Town,1344,W.P.Town,30,Groundnut pods,30,Common,0.0,75.0,4621.0,5581.0,4921.0,0.0,0.0
2025-10-30 00:00:00+05:30,239,Kesamudram,1168,Kesamudram,5,Maize,5,Common,0.0,2195.0,1601.0,1952.0,1889.0,0.0,0.0
2025-10-30 00:00:00+05:30,219,Jagtial,1125,Jagtial,1,Paddy,270,Grade-A (1010),0.0,133.0,1775.0,1820.0,1775.0,0.0,0.0
2025-10-30 00:00:00+05:30,278,Suryapet,1091,Suryapet,1,Paddy,247,Grade-A (Samba Masuri),0.0,98.0,1611.0,1831.0,1831.0,0.0,0.0
2025-10-30 00:00:00+05:30,279,Thirumalagiri,9,Tirmalagiri,1,Paddy,247,Grade-A (Samba Masuri),0.0,89.0,1759.0,1808.0,1789.0,0.0,0.0
2025-10-30 00:00:00+05:30,325,Hyderabad,7,Meeralamandi,111,Brinjal,111,Common,0.0,6.0,4000.0,4500.0,4250.0,0.0,0.0
2025-10-30 00:00:00+05:30,324,Bowenpally,3,Bowenpally,103,Carrot,103,Common,0.0,3160.0,800.0,6000.0,3800.0,0.0,0.0
2025-10-30 00:00:00+05:30,325,Hyderabad,6,Madannapeta,106,ColaCasio(Arvi),106,Common,0.0,8.0,2000.0,3000.0,2500.0,0.0,0.0
2025-10-30 00:00:00+05:30,323,Gaddiannaram,2,L.B Nagar,106,ColaCasio(Arvi),106,Common,0.0,10.0,2500.0,3000.0,2700.0,0.0,0.0
2025-10-29 00:00:00+05:30,302,Gadwal,1328,Gadwal,30,Groundnut pods,30,Common,0.0,88.0,2839.0,4629.0,3830.0,0.0,0.0
2025-10-29 00:00:00+05:30,304,Kollapur,1601,Kollapur,5,Maize,5,Common,0.0,93.0,2010.0,2010.0,2010.0,0.0,0.0
2025-10-29 00:00:00+05:30,367,Gudimalkapur,1571,Gudumalkapur,103,Carrot,103,Common,0.0,169.0,1500.0,5000.0,3000.0,0.0,0.0
2025-10-28 00:00:00+05:30,300,Badepally,1327,Badepally,6,Jowar,6,Common,0.0,6.0,4111.0,4111.0,4111.0,0.0,0.0
2025-10-29 00:00:00+05:30,279,Thirumalagiri,9,Tirmalagiri,1,Paddy,247,Grade-A (Samba Masuri),0.0,288.0,1766.0,1926.0,1866.0,0.0,0.0
2025-10-29 00:00:00+05:30,325,Hyderabad,7,Meeralamandi,111,Brinjal,111,Common,0.0,4.0,3500.0,4000.0,3750.0,0.0,0.0
2025-10-29 00:00:00+05:30,278,Suryapet,1091,Suryapet,1,Paddy,247,Grade-A (Samba Masuri),0.0,231.0,1761.0,1829.0,1819.0,0.0,0.0
2025-10-29 00:00:00+05:30,221,Jammikunta,36,Jammikunta,25,Cotton,25,Common,0.0,595.0,6000.0,7000.0,6700.0,0.0,0.0
2025-10-28 00:00:00+05:30,304,Kollapur,1601,Kollapur,5,Maize,5,Common,0.0,93.0,2010.0,2010.0,2010.0,0.0,0.0
2025-10-29 00:00:00+05:30,324,Bowenpally,3,Bowenpally,103,Carrot,103,Common,0.0,3124.0,800.0,6000.0,4000.0,0.0,0.0
2025-10-29 00:00:00+05:30,325,Hyderabad,6,Madannapeta,106,ColaCasio(Arvi),106,Common,0.0,8.0,2000.0,2500.0,2250.0,0.0,0.0
2025-10-29 00:00:00+05:30,323,Gaddiannaram,1,Gaddiannaram,77,Mosambi,77,Common,0.0,592.0,800.0,2100.0,900.0,0.0,0.0
2025-10-29 00:00:00+05:30,323,Gaddiannaram,2,L.B Nagar,106,ColaCasio(Arvi),106,Common,0.0,15.0,1500.0,2500.0,2000.0,0.0,0.0
2025-10-28 00:00:00+05:30,367,Gudimalkapur,1571,Gudumalkapur,103,Carrot,103,Common,0.0,210.0,1200.0,4000.0,2500.0,0.0,0.0
2025-10-28 00:00:00+05:30,306,Mahbubnagar,1326,Mahaboobnagar,8,Ragi,8,Common,0.0,28.0,2500.0,4070.0,4070.0,0.0,0.0
2025-10-28 00:00:00+05:30,239,Kesamudram,1168,Kesamudram,5,Maize,5,Common,0.0,4694.0,1601.0,1999.0,1876.0,0.0,0.0
2025-10-28 00:00:00+05:30,238,Jangoan,1169,Jangaon,1,Paddy,256,Grade-A (RNR),0.0,6.5,1619.0,1619.0,1619.0,0.0,0.0
2025-10-28 00:00:00+05:30,302,Gadwal,1328,Gadwal,30,Groundnut pods,30,Common,0.0,496.0,2539.0,5299.0,4510.0,0.0,0.0
2025-10-28 00:00:00+05:30,221,Jammikunta,36,Jammikunta,25,Cotton,25,Common,0.0,1174.0,6000.0,7000.0,6700.0,0.0,0.0
2025-10-28 00:00:00+05:30,278,Suryapet,1091,Suryapet,1,Paddy,247,Grade-A (Samba Masuri),0.0,683.0,1616.0,2383.0,1849.0,0.0,0.0
2025-10-28 00:00:00+05:30,212,Choppadandi,1123,Choppadandi,1,Paddy,241,Grade-A (Jai Sri Ram),0.0,2.0,2403.0,2403.0,2403.0,0.0,0.0
2025-10-28 00:00:00+05:30,219,Jagtial,1125,Jagtial,1,Paddy,270,Grade-A (1010),0.0,288.0,1775.0,1828.0,1801.0,0.0,0.0
2025-10-28 00:00:00+05:30,325,Hyderabad,6,Madannapeta,106,ColaCasio(Arvi),106,Common,0.0,3.0,2000.0,2000.0,2000.0,0.0,0.0
2025-10-28 00:00:00+05:30,188,Bhainsa,11,Bhainsa,15,Red Gram,15,Common,0.0,1.03,4513.0,6059.0,6059.0,0.0,0.0
2025-10-28 00:00:00+05:30,279,Thirumalagiri,9,Tirmalagiri,1,Paddy,247,Grade-A (Samba Masuri),0.0,665.0,1789.0,1962.0,1906.0,0.0,0.0
2025-10-28 00:00:00+05:30,325,Hyderabad,7,Meeralamandi,111,Brinjal,111,Common,0.0,4.0,3000.0,4000.0,3500.0,0.0,0.0
2025-10-01 00:00:00+05:30,323,Gaddiannaram,1,Gaddiannaram,79,Orange,79,Common,0.0,1883.0,500.0,5000.0,1500.0,0.0,0.0
2025-10-01 00:00:00+05:30,324,Bowenpally,3,Bowenpally,105,Potato,105,Common,0.0,4398.0,800.0,2000.0,1600.0,0.0,0.0
2025-10-01 00:00:00+05:30,325,Hyderabad,7,Meeralamandi,112,Ladys Finger,112,Common,0.0,2.0,4000.0,4500.0,4250.0,0.0,0.0
2025-10-01 00:00:00+05:30,325,Hyderabad,6,Madannapeta,111,Brinjal,111,Common,0.0,5.0,3000.0,3000.0,3000.0,0.0,0.0
2025-10-01 00:00:00+05:30,367,Gudimalkapur,1571,Gudumalkapur,105,Potato,105,Common,0.0,1434.0,1300.0,1800.0,1500.0,0.0,0.0
2025-10-02 00:00:00+05:30,324,Bowenpally,3,Bowenpally,105,Potato,105,Common,0.0,2718.0,800.0,2200.0,1800.0,0.0,0.0
2025-10-02 00:00:00+05:30,325,Hyderabad,6,Madannapeta,111,Brinjal,111,Common,0.0,5.0,3000.0,3000.0,3000.0,0.0,0.0
2025-10-03 00:00:00+05:30,323,Gaddiannaram,1,Gaddiannaram,79,Orange,79,Common,0.0,2632.0,500.0,5000.0,1500.0,0.0,0.0
2025-10-02 00:00:00+05:30,367,Gudimalkapur,1571,Gudumalkapur,105,Potato,105,Common,0.0,1754.0,1000.0,1800.0,1500.0,0.0,0.0
2025-10-03 00:00:00+05:30,324,Bowenpally,3,Bowenpally,105,Potato,105,Common,0.0,3700.0,800.0,2000.0,1600.0,0.0,0.0
2025-10-04 00:00:00+05:30,323,Gaddiannaram,1,Gaddiannaram,79,Orange,79,Common,0.0,1620.0,500.0,5000.0,1500.0,0.0,0.0
2025-10-03 00:00:00+05:30,367,Gudimalkapur,1571,Gudumalkapur,105,Potato,105,Common,0.0,1119.0,1200.0,1800.0,1500.0,0.0,0.0
2025-10-04 00:00:00+05:30,324,Bowenpally,3,Bowenpally,105,Potato,105,Common,0.0,5184.0,800.0,2100.0,1600.0,0.0,0.0
2025-10-04 00:00:00+05:30,325,Hyderabad,7,Meeralamandi,112,Ladys Finger,112,Common,0.0,4.0,2800.0,3000.0,2900.0,0.0,0.0
2025-10-04 00:00:00+05:30,325,Hyderabad,6,Madannapeta,111,Brinjal,111,Common,0.0,5.0,3000.0,3000.0,3000.0,0.0,0.0
2025-10-04 00:00:00+05:30,320,Tandur,37,Tandur,15,Red Gram,15,Common,0.0,32.0,6255.0,6669.0,6669.0,0.0,0.0
2025-10-04 00:00:00+05:30,302,Gadwal,1328,Gadwal,31,Castor,31,Common,0.0,380.0,4609.0,5809.0,5779.0,0.0,0.0
2025-10-04 00:00:00+05:30,367,Gudimalkapur,1571,Gudumalkapur,105,Potato,105,Common,0.0,1670.0,1000.0,1700.0,1400.0,0.0,0.0
2025-10-05 00:00:00+05:30,325,Hyderabad,6,Madannapeta,111,Brinjal,111,Common,0.0,13.0,2000.0,3000.0,2500.0,0.0,0.0
2025-10-05 00:00:00+05:30,323,Gaddiannaram,1,Gaddiannaram,79,Orange,79,Common,0.0,162.0,500.0,5000.0,1500.0,0.0,0.0
2025-10-05 00:00:00+05:30,324,Bowenpally,3,Bowenpally,105,Potato,105,Common,0.0,5722.0,800.0,2100.0,1800.0,0.0,0.0
2025-10-05 00:00:00+05:30,325,Hyderabad,7,Meeralamandi,112,Ladys Finger,112,Common,0.0,3.0,3000.0,3500.0,3250.0,0.0,0.0
2025-10-05 00:00:00+05:30,367,Gudimalkapur,1571,Gudumalkapur,105,Potato,105,Common,0.0,1265.0,1300.0,1900.0,1500.0,0.0,0.0
2025-10-06 00:00:00+05:30,323,Gaddiannaram,1,Gaddiannaram,79,Orange,79,Common,0.0,2293.0,500.0,5000.0,1500.0,0.0,0.0
2025-10-06 00:00:00+05:30,324,Bowenpally,3,Bowenpally,105,Potato,105,Common,0.0,2266.0,800.0,2000.0,1600.0,0.0,0.0
2025-10-06 00:00:00+05:30,325,Hyderabad,7,Meeralamandi,112,Ladys Finger,112,Common,0.0,4.0,3500.0,3500.0,3500.0,0.0,0.0
2025-10-06 00:00:00+05:30,320,Tandur,37,Tandur,15,Red Gram,15,Common,0.0,209.0,6326.0,6795.0,6750.0,0.0,0.0
2025-10-06 00:00:00+05:30,278,Suryapet,1091,Suryapet,1,Paddy,256,Grade-A (RNR),0.0,6.0,1559.0,1559.0,1559.0,0.0,0.0
2025-10-06 00:00:00+05:30,302,Gadwal,1328,Gadwal,31,Castor,31,Common,0.0,377.0,5661.0,5802.0,5721.0,0.0,0.0
2025-10-06 00:00:00+05:30,241,Mahabubabad,1177,Mahabubabad,1,Paddy,274,Common (HMT),0.0,32.0,2430.0,2533.0,2430.0,0.0,0.0
2025-10-06 00:00:00+05:30,256,Khammam,1067,Khammam,16,Green Gram,16,Common,0.0,344.0,2800.0,5650.0,4500.0,0.0,0.0
2025-10-06 00:00:00+05:30,367,Gudimalkapur,1571,Gudumalkapur,105,Potato,105,Common,0.0,1436.0,1300.0,2000.0,1500.0,0.0,0.0
2025-10-07 00:00:00+05:30,188,Bhainsa,11,Bhainsa,16,Green Gram,16,Common,0.0,0.5,3000.0,3000.0,3000.0,0.0,0.0
2025-10-07 00:00:00+05:30,325,Hyderabad,7,Meeralamandi,112,Ladys Finger,112,Common,0.0,3.0,3500.0,3500.0,3500.0,0.0,0.0
2025-10-07 00:00:00+05:30,323,Gaddiannaram,1,Gaddiannaram,79,Orange,79,Common,0.0,2002.0,500.0,4600.0,1250.0,0.0,0.0
2025-10-07 00:00:00+05:30,325,Hyderabad,6,Madannapeta,111,Brinjal,111,Common,0.0,9.0,2000.0,3000.0,2500.0,0.0,0.0
2025-10-07 00:00:00+05:30,324,Bowenpally,3,Bowenpally,105,Potato,105,Common,0.0,4740.0,1000.0,2000.0,1800.0,0.0,0.0
2025-10-07 00:00:00+05:30,241,Mahabubabad,1177,Mahabubabad,1,Paddy,274,Common (HMT),0.0,40.0,2020.0,2589.0,2589.0,0.0,0.0
2025-10-07 00:00:00+05:30,256,Khammam,1067,Khammam,16,Green Gram,16,Common,0.0,528.0,3000.0,5550.0,5000.0,0.0,0.0
2025-10-07 00:00:00+05:30,367,Gudimalkapur,1571,Gudumalkapur,105,Potato,105,Common,0.0,1378.0,1000.0,2000.0,1500.0,0.0,0.0
2025-10-07 00:00:00+05:30,302,Gadwal,1328,Gadwal,31,Castor,31,Common,0.0,117.0,3869.0,5849.0,5759.0,0.0,0.0
2025-10-08 00:00:00+05:30,324,Bowenpally,3,Bowenpally,105,Potato,105,Common,0.0,3494.0,1000.0,2000.0,1800.0,0.0,0.0
2025-10-08 00:00:00+05:30,256,Khammam,1067,Khammam,16,Green Gram,16,Common,0.0,454.0,3000.0,5500.0,3950.0,0.0,0.0
2025-10-08 00:00:00+05:30,320,Tandur,37,Tandur,15,Red Gram,15,Common,0.0,160.0,6759.0,7065.0,7011.0,0.0,0.0
2025-10-08 00:00:00+05:30,323,Gaddiannaram,1,Gaddiannaram,79,Orange,79,Common,0.0,2492.0,500.0,4500.0,1250.0,0.0,0.0
2025-10-08 00:00:00+05:30,325,Hyderabad,7,Meeralamandi,112,Ladys Finger,112,Common,0.0,2.0,3500.0,4000.0,2750.0,0.0,0.0
2025-10-08 00:00:00+05:30,325,Hyderabad,6,Madannapeta,111,Brinjal,111,Common,0.0,13.0,3000.0,3000.0,3000.0,0.0,0.0
2025-10-08 00:00:00+05:30,289,Sadasivpet,1200,Sadasivapet,14,Bengal Gram,14,Common,0.0,1.0,5455.0,5455.0,5455.0,0.0,0.0
2025-10-08 00:00:00+05:30,302,Gadwal,1328,Gadwal,31,Castor,31,Common,0.0,183.0,3530.0,5870.0,5870.0,0.0,0.0
2025-10-08 00:00:00+05:30,367,Gudimalkapur,1571,Gudumalkapur,105,Potato,105,Common,0.0,1470.0,1300.0,1800.0,1500.0,0.0,0.0
2025-10-09 00:00:00+05:30,323,Gaddiannaram,1,Gaddiannaram,79,Orange,79,Common,0.0,1888.0,450.0,4000.0,1000.0,0.0,0.0
2025-10-09 00:00:00+05:30,325,Hyderabad,6,Madannapeta,111,Brinjal,111,Common,0.0,5.0,3000.0,3000.0,3000.0,0.0,0.0
2025-10-09 00:00:00+05:30,324,Bowenpally,3,Bowenpally,105,Potato,105,Common,0.0,5904.0,800.0,2000.0,1600.0,0.0,0.0
2025-10-09 00:00:00+05:30,325,Hyderabad,7,Meeralamandi,112,Ladys Finger,112,Common,0.0,3.0,3000.0,3000.0,3000.0,0.0,0.0
2025-10-09 00:00:00+05:30,256,Khammam,1067,Khammam,16,Green Gram,16,Common,0.0,409.0,3000.0,5600.0,4200.0,0.0,0.0
2025-10-08 00:00:00+05:30,301,Devarakadra,1352,Devarakadra,55,Onions,55,Common,0.0,28.0,1000.0,1950.0,1475.0,0.0,0.0
2025-10-09 00:00:00+05:30,188,Bhainsa,11,Bhainsa,16,Green Gram,16,Common,0.0,0.45,3511.0,3511.0,3511.0,0.0,0.0
2025-10-09 00:00:00+05:30,302,Gadwal,1328,Gadwal,31,Castor,31,Common,0.0,110.0,4119.0,5819.0,5786.0,0.0,0.0
2025-10-09 00:00:00+05:30,241,Mahabubabad,1177,Mahabubabad,1,Paddy,274,Common (HMT),0.0,25.0,2527.0,2527.0,2527.0,0.0,0.0
2025-10-09 00:00:00+05:30,367,Gudimalkapur,1571,Gudumalkapur,105,Potato,105,Common,0.0,1179.0,1300.0,1900.0,1500.0,0.0,0.0
2025-10-10 00:00:00+05:30,323,Gaddiannaram,1,Gaddiannaram,79,Orange,79,Common,0.0,2533.0,350.0,5000.0,1000.0,0.0,0.0
2025-10-10 00:00:00+05:30,324,Bowenpally,3,Bowenpally,105,Potato,105,Common,0.0,3517.0,1000.0,2000.0,1800.0,0.0,0.0
2025-10-10 00:00:00+05:30,325,Hyderabad,7,Meeralamandi,112,Ladys Finger,112,Common,0.0,2.0,3200.0,3500.0,3350.0,0.0,0.0
2025-10-10 00:00:00+05:30,256,Khammam,1067,Khammam,16,Green Gram,16,Common,0.0,387.0,3000.0,6500.0,4300.0,0.0,0.0
2025-10-10 00:00:00+05:30,320,Tandur,37,Tandur,15,Red Gram,15,Common,0.0,288.0,6300.0,7016.0,6669.0,0.0,0.0
2025-10-10 00:00:00+05:30,367,Gudimalkapur,1571,Gudumalkapur,105,Potato,105,Common,0.0,1704.0,1000.0,1900.0,1400.0,0.0,0.0
2025-10-10 00:00:00+05:30,302,Gadwal,1328,Gadwal,31,Castor,31,Common,0.0,51.0,5519.0,5819.0,5819.0,0.0,0.0
2025-10-11 00:00:00+05:30,323,Gaddiannaram,1,Gaddiannaram,79,Orange,79,Common,0.0,2620.0,350.0,4100.0,1000.0,0.0,0.0
2025-10-10 00:00:00+05:30,346,Rudrangi,1583,Rudrangi,25,Cotton,25,Common,0.0,60.0,7710.0,8110.0,7900.0,0.0,0.0
2025-10-11 00:00:00+05:30,325,Hyderabad,7,Meeralamandi,112,Ladys Finger,112,Common,0.0,4.0,3000.0,3500.0,3250.0,0.0,0.0
2025-10-11 00:00:00+05:30,325,Hyderabad,6,Madannapeta,111,Brinjal,111,Common,0.0,5.0,3000.0,3000.0,3000.0,0.0,0.0
2025-10-11 00:00:00+05:30,324,Bowenpally,3,Bowenpally,105,Potato,105,Common,0.0,4868.0,800.0,2000.0,1600.0,0.0,0.0
2025-10-11 00:00:00+05:30,302,Gadwal,1328,Gadwal,31,Castor,31,Common,0.0,136.0,4519.0,5859.0,5749.0,0.0,0.0
2025-10-11 00:00:00+05:30,320,Tandur,37,Tandur,15,Red Gram,15,Common,0.0,239.0,6336.0,7002.0,6885.0,0.0,0.0
2025-10-12 00:00:00+05:30,325,Hyderabad,7,Meeralamandi,112,Ladys Finger,112,Common,0.0,4.0,3500.0,3500.0,3500.0,0.0,0.0
2025-10-12 00:00:00+05:30,323,Gaddiannaram,1,Gaddiannaram,79,Orange,79,Common,0.0,391.0,350.0,4100.0,1000.0,0.0,0.0
2025-10-12 00:00:00+05:30,324,Bowenpally,3,Bowenpally,105,Potato,105,Common,0.0,4196.0,800.0,2000.0,1600.0,0.0,0.0
2025-10-11 00:00:00+05:30,367,Gudimalkapur,1571,Gudumalkapur,105,Potato,105,Common,0.0,1584.0,1300.0,1900.0,1500.0,0.0,0.0
2025-10-13 00:00:00+05:30,323,Gaddiannaram,1,Gaddiannaram,79,Orange,79,Common,0.0,2843.0,350.0,4100.0,1000.0,0.0,0.0
2025-10-11 00:00:00+05:30,346,Rudrangi,1583,Rudrangi,25,Cotton,25,Common,0.0,60.0,7710.0,8110.0,7900.0,0.0,0.0
2025-10-12 00:00:00+05:30,367,Gudimalkapur,1571,Gudumalkapur,105,Potato,105,Common,0.0,1145.0,1300.0,2000.0,1600.0,0.0,0.0
2025-10-13 00:00:00+05:30,324,Bowenpally,3,Bowenpally,105,Potato,105,Common,0.0,5110.0,800.0,2000.0,1600.0,0.0,0.0
2025-10-13 00:00:00+05:30,325,Hyderabad,6,Madannapeta,111,Brinjal,111,Common,0.0,5.0,3000.0,3000.0,3000.0,0.0,0.0
2025-10-13 00:00:00+05:30,325,Hyderabad,7,Meeralamandi,112,Ladys Finger,112,Common,0.0,4.0,2500.0,3000.0,2750.0,0.0,0.0
2025-10-13 00:00:00+05:30,320,Tandur,37,Tandur,15,Red Gram,15,Common,0.0,358.0,6471.0,7029.0,6624.0,0.0,0.0
2025-10-13 00:00:00+05:30,302,Gadwal,1328,Gadwal,31,Castor,31,Common,0.0,156.0,5429.0,5901.0,5901.0,0.0,0.0
2025-10-13 00:00:00+05:30,367,Gudimalkapur,1571,Gudumalkapur,105,Potato,105,Common,0.0,2826.0,1300.0,1900.0,1500.0,0.0,0.0
2025-10-14 00:00:00+05:30,324,Bowenpally,3,Bowenpally,105,Potato,105,Common,0.0,4065.0,800.0,2100.0,1800.0,0.0,0.0
2025-10-14 00:00:00+05:30,323,Gaddiannaram,1,Gaddiannaram,79,Orange,79,Common,0.0,2187.0,350.0,4100.0,1000.0,0.0,0.0
2025-10-14 00:00:00+05:30,325,Hyderabad,5,Mahabubmansion,54,Chillies(Dry),306,273,0.0,79.0,7000.0,9100.0,8000.0,0.0,0.0
2025-10-14 00:00:00+05:30,325,Hyderabad,6,Madannapeta,111,Brinjal,111,Common,0.0,5.0,3000.0,3000.0,3000.0,0.0,0.0
2025-10-14 00:00:00+05:30,325,Hyderabad,7,Meeralamandi,112,Ladys Finger,112,Common,0.0,3.0,3000.0,3000.0,3000.0,0.0,0.0
2025-10-14 00:00:00+05:30,320,Tandur,37,Tandur,15,Red Gram,15,Common,0.0,225.0,6615.0,6921.0,6903.0,0.0,0.0
2025-10-14 00:00:00+05:30,256,Khammam,1067,Khammam,16,Green Gram,16,Common,0.0,223.0,2650.0,5600.0,4300.0,0.0,0.0
2025-10-14 00:00:00+05:30,302,Gadwal,1328,Gadwal,31,Castor,31,Common,0.0,137.0,4359.0,5911.0,5579.0,0.0,0.0
2025-10-14 00:00:00+05:30,241,Mahabubabad,1177,Mahabubabad,1,Paddy,274,Common (HMT),0.0,40.0,2389.0,2535.0,2525.0,0.0,0.0
2025-10-15 00:00:00+05:30,323,Gaddiannaram,1,Gaddiannaram,79,Orange,79,Common,0.0,2615.0,500.0,5000.0,1250.0,0.0,0.0
2025-10-14 00:00:00+05:30,367,Gudimalkapur,1571,Gudumalkapur,105,Potato,105,Common,0.0,1576.0,1200.0,1900.0,1500.0,0.0,0.0
2025-10-15 00:00:00+05:30,320,Tandur,37,Tandur,15,Red Gram,15,Common,0.0,18.0,6561.0,7000.0,6561.0,0.0,0.0
2025-10-14 00:00:00+05:30,346,Rudrangi,1583,Rudrangi,25,Cotton,25,Common,0.0,132.0,7710.0,8110.0,8110.0,0.0,0.0
2025-10-15 00:00:00+05:30,325,Hyderabad,7,Meeralamandi,112,Ladys Finger,112,Common,0.0,3.0,3000.0,3500.0,3250.0,0.0,0.0
2025-10-15 00:00:00+05:30,324,Bowenpally,3,Bowenpally,105,Potato,105,Common,0.0,3871.0,800.0,2000.0,1600.0,0.0,0.0
2025-10-15 00:00:00+05:30,325,Hyderabad,6,Madannapeta,111,Brinjal,111,Common,0.0,5.0,3000.0,3000.0,3000.0,0.0,0.0
2025-10-13 00:00:00+05:30,346,Rudrangi,1583,Rudrangi,25,Cotton,25,Common,0.0,42.0,7710.0,8110.0,8110.0,0.0,0.0
2025-10-15 00:00:00+05:30,256,Khammam,1067,Khammam,16,Green Gram,16,Common,0.0,61.0,2900.0,4700.0,4400.0,0.0,0.0
2025-10-15 00:00:00+05:30,367,Gudimalkapur,1571,Gudumalkapur,105,Potato,105,Common,0.0,1141.0,1300.0,1900.0,1500.0,0.0,0.0
2025-10-16 00:00:00+05:30,323,Gaddiannaram,1,Gaddiannaram,79,Orange,79,Common,0.0,2078.0,300.0,4500.0,1000.0,0.0,0.0
2025-10-15 00:00:00+05:30,302,Gadwal,1328,Gadwal,31,Castor,31,Common,0.0,156.0,5519.0,5931.0,5889.0,0.0,0.0
2025-10-15 00:00:00+05:30,241,Mahabubabad,1177,Mahabubabad,1,Paddy,274,Common (HMT),0.0,81.0,2225.0,2540.0,2519.0,0.0,0.0
2025-10-15 00:00:00+05:30,346,Rudrangi,1583,Rudrangi,25,Cotton,25,Common,0.0,66.0,7710.0,8110.0,8110.0,0.0,0.0
2025-10-16 00:00:00+05:30,256,Khammam,1067,Khammam,16,Green Gram,16,Common,0.0,183.0,3000.0,5000.0,4300.0,0.0,0.0
2025-10-16 00:00:00+05:30,324,Bowenpally,3,Bowenpally,105,Potato,105,Common,0.0,3957.0,800.0,2000.0,1600.0,0.0,0.0
2025-10-16 00:00:00+05:30,325,Hyderabad,7,Meeralamandi,112,Ladys Finger,112,Common,0.0,5.0,2500.0,3000.0,2750.0,0.0,0.0
2025-10-16 00:00:00+05:30,325,Hyderabad,6,Madannapeta,111,Brinjal,111,Common,0.0,19.0,2500.0,4000.0,3000.0,0.0,0.0
2025-10-16 00:00:00+05:30,302,Gadwal,1328,Gadwal,31,Castor,31,Common,0.0,113.0,5710.0,5940.0,5932.0,0.0,0.0
2025-10-16 00:00:00+05:30,241,Mahabubabad,1177,Mahabubabad,1,Paddy,274,Common (HMT),0.0,10.0,2490.0,2490.0,2490.0,0.0,0.0
2025-10-16 00:00:00+05:30,367,Gudimalkapur,1571,Gudumalkapur,105,Potato,105,Common,0.0,791.0,1000.0,1900.0,1500.0,0.0,0.0
2025-10-17 00:00:00+05:30,323,Gaddiannaram,1,Gaddiannaram,79,Orange,79,Common,0.0,2090.0,350.0,4900.0,1000.0,0.0,0.0
2025-10-17 00:00:00+05:30,324,Bowenpally,3,Bowenpally,105,Potato,105,Common,0.0,5161.0,800.0,2000.0,1600.0,0.0,0.0
2025-10-17 00:00:00+05:30,325,Hyderabad,7,Meeralamandi,112,Ladys Finger,112,Common,0.0,2.0,2800.0,3000.0,2900.0,0.0,0.0
2025-10-17 00:00:00+05:30,325,Hyderabad,6,Madannapeta,111,Brinjal,111,Common,0.0,24.0,3500.0,5000.0,4000.0,0.0,0.0
2025-10-16 00:00:00+05:30,346,Rudrangi,1583,Rudrangi,25,Cotton,25,Common,0.0,72.0,7710.0,8110.0,8110.0,0.0,0.0
2025-10-17 00:00:00+05:30,256,Khammam,1067,Khammam,16,Green Gram,16,Common,0.0,209.0,3400.0,4700.0,4700.0,0.0,0.0
2025-10-17 00:00:00+05:30,302,Gadwal,1328,Gadwal,31,Castor,31,Common,0.0,87.0,4469.0,5941.0,5929.0,0.0,0.0
2025-10-17 00:00:00+05:30,241,Mahabubabad,1177,Mahabubabad,1,Paddy,274,Common (HMT),0.0,56.0,2270.0,2470.0,2470.0,0.0,0.0
2025-10-18 00:00:00+05:30,323,Gaddiannaram,1,Gaddiannaram,79,Orange,79,Common,0.0,2589.0,1000.0,500.0,4600.0,0.0,0.0
2025-10-17 00:00:00+05:30,367,Gudimalkapur,1571,Gudumalkapur,105,Potato,105,Common,0.0,1503.0,1300.0,1900.0,1500.0,0.0,0.0
2025-10-18 00:00:00+05:30,324,Bowenpally,3,Bowenpally,105,Potato,105,Common,0.0,4110.0,800.0,2000.0,1600.0,0.0,0.0
2025-10-18 00:00:00+05:30,325,Hyderabad,7,Meeralamandi,112,Ladys Finger,112,Common,0.0,3.0,3000.0,3500.0,3250.0,0.0,0.0
2025-10-18 00:00:00+05:30,325,Hyderabad,6,Madannapeta,111,Brinjal,111,Common,0.0,2.0,3000.0,3000.0,3000.0,0.0,0.0
2025-10-17 00:00:00+05:30,346,Rudrangi,1583,Rudrangi,25,Cotton,25,Common,0.0,18.0,7710.0,8110.0,8110.0,0.0,0.0
2025-10-18 00:00:00+05:30,367,Gudimalkapur,1571,Gudumalkapur,105,Potato,105,Common,0.0,1365.0,1300.0,1900.0,1500.0,0.0,0.0
2025-10-19 00:00:00+05:30,324,Bowenpally,3,Bowenpally,105,Potato,105,Common,0.0,3747.0,800.0,2200.0,1800.0,0.0,0.0
2025-10-19 00:00:00+05:30,325,Hyderabad,6,Madannapeta,111,Brinjal,111,Common,0.0,19.0,2500.0,4000.0,3000.0,0.0,0.0
2025-10-19 00:00:00+05:30,323,Gaddiannaram,1,Gaddiannaram,79,Orange,79,Common,0.0,1136.0,500.0,4600.0,1000.0,0.0,0.0
2025-10-19 00:00:00+05:30,325,Hyderabad,7,Meeralamandi,112,Ladys Finger,112,Common,0.0,4.0,2200.0,2500.0,2350.0,0.0,0.0
2025-10-19 00:00:00+05:30,367,Gudimalkapur,1571,Gudumalkapur,105,Potato,105,Common,0.0,1790.0,1300.0,1900.0,1600.0,0.0,0.0
2025-10-20 00:00:00+05:30,323,Gaddiannaram,1,Gaddiannaram,79,Orange,79,Common,0.0,2326.0,500.0,4600.0,1000.0,0.0,0.0
2025-10-18 00:00:00+05:30,346,Rudrangi,1583,Rudrangi,25,Cotton,25,Common,0.0,24.0,7710.0,8110.0,8110.0,0.0,0.0
2025-10-20 00:00:00+05:30,325,Hyderabad,6,Madannapeta,111,Brinjal,111,Common,0.0,15.0,4000.0,5000.0,4500.0,0.0,0.0
2025-10-20 00:00:00+05:30,324,Bowenpally,3,Bowenpally,105,Potato,105,Common,0.0,3454.0,800.0,2100.0,1600.0,0.0,0.0
2025-10-21 00:00:00+05:30,323,Gaddiannaram,1,Gaddiannaram,79,Orange,79,Common,0.0,613.0,450.0,4600.0,1000.0,0.0,0.0
2025-10-20 00:00:00+05:30,367,Gudimalkapur,1571,Gudumalkapur,105,Potato,105,Common,0.0,1430.0,1800.0,1900.0,1500.0,0.0,0.0
2025-10-22 00:00:00+05:30,324,Bowenpally,3,Bowenpally,105,Potato,105,Common,0.0,7103.0,800.0,2000.0,1600.0,0.0,0.0
2025-10-19 00:00:00+05:30,346,Rudrangi,1583,Rudrangi,25,Cotton,25,Common,0.0,48.0,7710.0,8110.0,8110.0,0.0,0.0
2025-10-22 00:00:00+05:30,323,Gaddiannaram,1,Gaddiannaram,79,Orange,79,Common,0.0,1163.0,500.0,4600.0,1000.0,0.0,0.0
2025-10-22 00:00:00+05:30,325,Hyderabad,5,Mahabubmansion,54,Chillies(Dry),306,273,0.0,116.0,9000.0,13000.0,11000.0,0.0,0.0
2025-10-22 00:00:00+05:30,325,Hyderabad,7,Meeralamandi,112,Ladys Finger,112,Common,0.0,3.0,3000.0,3000.0,3000.0,0.0,0.0
2025-10-22 00:00:00+05:30,325,Hyderabad,6,Madannapeta,111,Brinjal,111,Common,0.0,10.0,3000.0,4000.0,3500.0,0.0,0.0
2025-10-22 00:00:00+05:30,256,Khammam,1067,Khammam,16,Green Gram,16,Common,0.0,223.0,3000.0,5000.0,4900.0,0.0,0.0
2025-10-22 00:00:00+05:30,302,Gadwal,1328,Gadwal,31,Castor,31,Common,0.0,141.0,4920.0,5960.0,5940.0,0.0,0.0
2025-10-22 00:00:00+05:30,241,Mahabubabad,1177,Mahabubabad,1,Paddy,274,Common (HMT),0.0,2.0,2139.0,2409.0,2139.0,0.0,0.0
2025-10-22 00:00:00+05:30,367,Gudimalkapur,1571,Gudumalkapur,105,Potato,105,Common,0.0,2573.0,1200.0,1900.0,1500.0,0.0,0.0
2025-10-22 00:00:00+05:30,346,Rudrangi,1583,Rudrangi,25,Cotton,25,Common,0.0,72.0,7710.0,8110.0,8110.0,0.0,0.0
2025-10-23 00:00:00+05:30,256,Khammam,1067,Khammam,16,Green Gram,16,Common,0.0,518.0,2800.0,4800.0,4600.0,0.0,0.0
2025-10-23 00:00:00+05:30,325,Hyderabad,7,Meeralamandi,112,Ladys Finger,112,Common,0.0,4.0,3000.0,3000.0,3000.0,0.0,0.0
2025-10-23 00:00:00+05:30,325,Hyderabad,6,Madannapeta,111,Brinjal,111,Common,0.0,17.0,3000.0,4000.0,3500.0,0.0,0.0
2025-10-23 00:00:00+05:30,323,Gaddiannaram,1,Gaddiannaram,79,Orange,79,Common,0.0,1761.0,500.0,4600.0,1000.0,0.0,0.0
2025-10-23 00:00:00+05:30,324,Bowenpally,3,Bowenpally,105,Potato,105,Common,0.0,7103.0,800.0,2000.0,1600.0,0.0,0.0
2025-10-23 00:00:00+05:30,239,Kesamudram,1168,Kesamudram,15,Red Gram,15,Common,0.0,5.0,6169.0,6169.0,6169.0,0.0,0.0
2025-10-23 00:00:00+05:30,302,Gadwal,1328,Gadwal,31,Castor,31,Common,0.0,112.0,4119.0,5921.0,5829.0,0.0,0.0
2025-10-23 00:00:00+05:30,241,Mahabubabad,1177,Mahabubabad,1,Paddy,274,Common (HMT),0.0,8.0,1966.0,2432.0,2432.0,0.0,0.0
2025-10-23 00:00:00+05:30,367,Gudimalkapur,1571,Gudumalkapur,105,Potato,105,Common,0.0,1529.0,1100.0,1800.0,1400.0,0.0,0.0
2025-10-24 00:00:00+05:30,323,Gaddiannaram,1,Gaddiannaram,79,Orange,79,Common,0.0,2193.0,500.0,4750.0,1000.0,0.0,0.0
2025-10-24 00:00:00+05:30,324,Bowenpally,3,Bowenpally,105,Potato,105,Common,0.0,3591.0,800.0,2000.0,1600.0,0.0,0.0
2025-10-24 00:00:00+05:30,325,Hyderabad,6,Madannapeta,111,Brinjal,111,Common,0.0,20.0,3500.0,5000.0,4000.0,0.0,0.0
2025-10-24 00:00:00+05:30,325,Hyderabad,7,Meeralamandi,112,Ladys Finger,112,Common,0.0,3.0,3000.0,3500.0,3250.0,0.0,0.0
2025-10-24 00:00:00+05:30,256,Khammam,1067,Khammam,16,Green Gram,16,Common,0.0,96.0,3000.0,4800.0,4600.0,0.0,0.0
2025-10-24 00:00:00+05:30,302,Gadwal,1328,Gadwal,31,Castor,31,Common,0.0,11.0,5529.0,5919.0,5829.0,0.0,0.0
2025-10-24 00:00:00+05:30,241,Mahabubabad,1177,Mahabubabad,1,Paddy,274,Common (HMT),0.0,13.0,2480.0,2480.0,2480.0,0.0,0.0
2025-10-25 00:00:00+05:30,323,Gaddiannaram,1,Gaddiannaram,79,Orange,79,Common,0.0,3033.0,350.0,4750.0,1000.0,0.0,0.0
2025-10-24 00:00:00+05:30,367,Gudimalkapur,1571,Gudumalkapur,105,Potato,105,Common,0.0,912.0,1300.0,2100.0,1600.0,0.0,0.0
2025-10-25 00:00:00+05:30,324,Bowenpally,3,Bowenpally,105,Potato,105,Common,0.0,3439.0,800.0,2000.0,1600.0,0.0,0.0
2025-10-25 00:00:00+05:30,325,Hyderabad,6,Madannapeta,111,Brinjal,111,Common,0.0,11.0,3000.0,5000.0,4000.0,0.0,0.0
2025-10-25 00:00:00+05:30,320,Tandur,37,Tandur,15,Red Gram,15,Common,0.0,68.0,7065.0,7461.0,7425.0,0.0,0.0
2025-10-25 00:00:00+05:30,325,Hyderabad,7,Meeralamandi,112,Ladys Finger,112,Common,0.0,3.0,3000.0,3000.0,3000.0,0.0,0.0
2025-10-25 00:00:00+05:30,302,Gadwal,1328,Gadwal,31,Castor,31,Common,0.0,10.0,4856.0,5809.0,5759.0,0.0,0.0
2025-10-25 00:00:00+05:30,367,Gudimalkapur,1571,Gudumalkapur,105,Potato,105,Common,0.0,1184.0,1300.0,2200.0,1600.0,0.0,0.0
2025-10-26 00:00:00+05:30,324,Bowenpally,3,Bowenpally,105,Potato,105,Common,0.0,3021.0,1000.0,2500.0,2000.0,0.0,0.0
2025-10-26 00:00:00+05:30,325,Hyderabad,6,Madannapeta,111,Brinjal,111,Common,0.0,8.0,3500.0,4000.0,3750.0,0.0,0.0
2025-10-26 00:00:00+05:30,325,Hyderabad,7,Meeralamandi,112,Ladys Finger,112,Common,0.0,3.0,3000.0,3500.0,3250.0,0.0,0.0
2025-10-26 00:00:00+05:30,323,Gaddiannaram,1,Gaddiannaram,79,Orange,79,Common,0.0,757.0,350.0,4750.0,1000.0,0.0,0.0
2025-10-26 00:00:00+05:30,367,Gudimalkapur,1571,Gudumalkapur,105,Potato,105,Common,0.0,1985.0,1300.0,2200.0,1700.0,0.0,0.0
2025-10-27 00:00:00+05:30,323,Gaddiannaram,1,Gaddiannaram,79,Orange,79,Common,0.0,2818.0,350.0,4750.0,1000.0,0.0,0.0
2025-10-27 00:00:00+05:30,324,Bowenpally,3,Bowenpally,105,Potato,105,Common,0.0,4271.0,800.0,2500.0,2000.0,0.0,0.0
2025-10-27 00:00:00+05:30,325,Hyderabad,6,Madannapeta,111,Brinjal,111,Common,0.0,9.0,3500.0,4000.0,3750.0,0.0,0.0
2025-10-27 00:00:00+05:30,325,Hyderabad,5,Mahabubmansion,54,Chillies(Dry),306,273,0.0,24.0,8000.0,11000.0,10000.0,0.0,0.0
2025-10-27 00:00:00+05:30,325,Hyderabad,7,Meeralamandi,112,Ladys Finger,112,Common,0.0,3.0,4000.0,4500.0,4250.0,0.0,0.0
2025-10-27 00:00:00+05:30,320,Tandur,37,Tandur,15,Red Gram,15,Common,0.0,188.0,7101.0,7254.0,7101.0,0.0,0.0
2025-10-27 00:00:00+05:30,241,Mahabubabad,1177,Mahabubabad,1,Paddy,274,Common (HMT),0.0,17.0,2285.0,2445.0,2285.0,0.0,0.0
2025-10-27 00:00:00+05:30,302,Gadwal,1328,Gadwal,31,Castor,31,Common,0.0,223.0,4019.0,5929.0,5839.0,0.0,0.0
2025-10-27 00:00:00+05:30,367,Gudimalkapur,1571,Gudumalkapur,105,Potato,105,Common,0.0,1191.0,1300.0,2200.0,160.0,0.0,0.0
2025-10-28 00:00:00+05:30,323,Gaddiannaram,1,Gaddiannaram,79,Orange,79,Common,0.0,2215.0,350.0,5000.0,1000.0,0.0,0.0
2025-10-28 00:00:00+05:30,324,Bowenpally,3,Bowenpally,105,Potato,105,Common,0.0,4236.0,800.0,2500.0,2000.0,0.0,0.0
2025-10-28 00:00:00+05:30,325,Hyderabad,7,Meeralamandi,112,Ladys Finger,112,Common,0.0,2.0,3000.0,3200.0,3100.0,0.0,0.0
2025-10-28 00:00:00+05:30,325,Hyderabad,6,Madannapeta,111,Brinjal,111,Common,0.0,4.0,3500.0,4000.0,3750.0,0.0,0.0
2025-10-28 00:00:00+05:30,320,Tandur,37,Tandur,15,Red Gram,15,Common,0.0,225.0,6615.0,7335.0,7011.0,0.0,0.0
2025-10-28 00:00:00+05:30,256,Khammam,1067,Khammam,16,Green Gram,16,Common,0.0,119.0,3400.0,5300.0,5050.0,0.0,0.0
2025-10-28 00:00:00+05:30,302,Gadwal,1328,Gadwal,31,Castor,31,Common,0.0,125.0,4456.0,5939.0,5939.0,0.0,0.0
2025-10-28 00:00:00+05:30,367,Gudimalkapur,1571,Gudumalkapur,105,Potato,105,Common,0.0,1774.0,1300.0,2200.0,1600.0,0.0,0.0
2025-10-29 00:00:00+05:30,323,Gaddiannaram,1,Gaddiannaram,79,Orange,79,Common,0.0,1749.0,300.0,4750.0,1000.0,0.0,0.0
2025-10-29 00:00:00+05:30,325,Hyderabad,6,Madannapeta,111,Brinjal,111,Common,0.0,8.0,3000.0,4000.0,3500.0,0.0,0.0
2025-10-29 00:00:00+05:30,324,Bowenpally,3,Bowenpally,105,Potato,105,Common,0.0,4402.0,800.0,2400.0,2000.0,0.0,0.0
2025-10-29 00:00:00+05:30,325,Hyderabad,7,Meeralamandi,112,Ladys Finger,112,Common,0.0,3.0,4000.0,4500.0,4250.0,0.0,0.0
2025-10-29 00:00:00+05:30,367,Gudimalkapur,1571,Gudumalkapur,105,Potato,105,Common,0.0,1383.0,1500.0,2200.0,1800.0,0.0,0.0
2025-10-29 00:00:00+05:30,302,Gadwal,1328,Gadwal,31,Castor,31,Common,0.0,20.0,4119.0,5900.0,5841.0,0.0,0.0
2025-10-30 00:00:00+05:30,325,Hyderabad,6,Madannapeta,111,Brinjal,111,Common,0.0,5.0,3000.0,3500.0,3250.0,0.0,0.0
2025-10-30 00:00:00+05:30,325,Hyderabad,5,Mahabubmansion,54,Chillies(Dry),306,273,0.0,77.0,7500.0,12000.0,10000.0,0.0,0.0
2025-10-30 00:00:00+05:30,323,Gaddiannaram,1,Gaddiannaram,79,Orange,79,Common,0.0,1106.0,350.0,4500.0,1000.0,0.0,0.0
2025-10-30 00:00:00+05:30,324,Bowenpally,3,Bowenpally,105,Potato,105,Common,0.0,1843.0,800.0,2500.0,2000.0,0.0,0.0
2025-10-30 00:00:00+05:30,325,Hyderabad,7,Meeralamandi,112,Ladys Finger,112,Common,0.0,3.0,3000.0,4500.0,3500.0,0.0,0.0
2025-10-30 00:00:00+05:30,320,Tandur,37,Tandur,15,Red Gram,15,Common,0.0,121.0,6435.0,7245.0,7155.0,0.0,0.0
2025-10-31 00:00:00+05:30,346,Rudrangi,1583,Rudrangi,25,Cotton,25,Common,0.0,84.0,7710.0,8110.0,8110.0,0.0,0.0
2025-10-31 00:00:00+05:30,323,Gaddiannaram,1,Gaddiannaram,79,Orange,79,Common,0.0,1367.0,350.0,4500.0,1000.0,0.0,0.0
2025-10-30 00:00:00+05:30,367,Gudimalkapur,1571,Gudumalkapur,105,Potato,105,Common,0.0,590.0,1400.0,2200.0,1800.0,0.0,0.0
2025-10-31 00:00:00+05:30,324,Bowenpally,3,Bowenpally,105,Potato,105,Common,0.0,10351.0,800.0,2000.0,1600.0,0.0,0.0
2025-10-31 00:00:00+05:30,325,Hyderabad,6,Madannapeta,111,Brinjal,111,Common,0.0,10.0,4000.0,4000.0,4000.0,0.0,0.0
2025-10-30 00:00:00+05:30,302,Gadwal,1328,Gadwal,31,Castor,31,Common,0.0,38.0,5357.0,5890.0,5860.0,0.0,0.0
2025-10-31 00:00:00+05:30,320,Tandur,37,Tandur,15,Red Gram,15,Common,0.0,85.0,6705.0,7245.0,7245.0,0.0,0.0
2025-10-31 00:00:00+05:30,325,Hyderabad,7,Meeralamandi,112,Ladys Finger,112,Common,0.0,3.0,4000.0,5000.0,4500.0,0.0,0.0
2025-10-31 00:00:00+05:30,302,Gadwal,1328,Gadwal,31,Castor,31,Common,0.0,62.0,5319.0,5921.0,5901.0,0.0,0.0
2025-10-31 00:00:00+05:30,300,Badepally,1327,Badepally,8,Ragi,8,Common,0.0,2.0,3777.0,3777.0,3777.0,0.0,0.0
2025-10-31 00:00:00+05:30,367,Gudimalkapur,1571,Gudumalkapur,105,Potato,105,Common,0.0,3255.0,1300.0,2200.0,1800.0,0.0,0.0
2025-10-28 00:00:00+05:30,324,Bowenpally,3,Bowenpally,106,ColaCasio(Arvi),106,Common,0.0,333.0,1000.0,2000.0,1800.0,0.0,0.0
2025-10-27 00:00:00+05:30,367,Gudimalkapur,1571,Gudumalkapur,106,ColaCasio(Arvi),106,Common,0.0,55.0,1300.0,2000.0,1500.0,0.0,0.0
2025-10-27 00:00:00+05:30,238,Jangoan,1169,Jangaon,5,Maize,5,Common,0.0,805.2,1225.0,1961.0,1771.0,0.0,0.0
2025-10-27 00:00:00+05:30,239,Kesamudram,1168,Kesamudram,16,Green Gram,16,Common,0.0,3.0,3239.0,5036.0,4809.0,0.0,0.0
2025-10-27 00:00:00+05:30,222,Karimnagar,1121,Karimnagar,5,Maize,5,Common,0.0,19.0,1977.0,1977.0,1977.0,0.0,0.0
2025-10-27 00:00:00+05:30,208,Nizamabad,1080,Nizamabad,5,Maize,215,Hybrid New,0.0,975.0,1305.0,1900.0,1756.0,0.0,0.0
2025-10-27 00:00:00+05:30,325,Hyderabad,7,Meeralamandi,113,Green Chillies,113,Common,0.0,3.0,3500.0,3500.0,3500.0,0.0,0.0
2025-10-27 00:00:00+05:30,325,Hyderabad,6,Madannapeta,112,Ladys Finger,112,Common,0.0,20.0,2000.0,3000.0,2500.0,0.0,0.0
2025-10-27 00:00:00+05:30,246,Warangal,886,Warangal,5,Maize,5,Common,0.0,283.29,1540.0,1921.0,1810.0,0.0,0.0
2025-10-27 00:00:00+05:30,324,Bowenpally,3,Bowenpally,106,ColaCasio(Arvi),106,Common,0.0,153.0,1000.0,2000.0,1800.0,0.0,0.0
2025-10-26 00:00:00+05:30,367,Gudimalkapur,1571,Gudumalkapur,106,ColaCasio(Arvi),106,Common,0.0,98.0,1300.0,2000.0,1500.0,0.0,0.0
2025-10-26 00:00:00+05:30,325,Hyderabad,7,Meeralamandi,113,Green Chillies,113,Common,0.0,7.0,4000.0,4500.0,4250.0,0.0,0.0
2025-10-26 00:00:00+05:30,325,Hyderabad,6,Madannapeta,112,Ladys Finger,112,Common,0.0,11.0,2500.0,3000.0,2750.0,0.0,0.0
2025-10-26 00:00:00+05:30,324,Bowenpally,3,Bowenpally,106,ColaCasio(Arvi),106,Common,0.0,273.0,1000.0,2000.0,1800.0,0.0,0.0
2025-10-25 00:00:00+05:30,367,Gudimalkapur,1571,Gudumalkapur,106,ColaCasio(Arvi),106,Common,0.0,152.0,1300.0,2000.0,1500.0,0.0,0.0
2025-10-25 00:00:00+05:30,238,Jangoan,1169,Jangaon,5,Maize,5,Common,0.0,480.7,1253.0,1949.0,1759.0,0.0,0.0
2025-10-25 00:00:00+05:30,306,Mahbubnagar,1326,Mahaboobnagar,30,Groundnut pods,30,Common,0.0,25.0,4302.0,4320.0,4302.0,0.0,0.0
2025-10-25 00:00:00+05:30,325,Hyderabad,7,Meeralamandi,113,Green Chillies,113,Common,0.0,3.0,2500.0,3000.0,2750.0,0.0,0.0
2025-10-25 00:00:00+05:30,320,Tandur,37,Tandur,16,Green Gram,16,Common,0.0,136.0,3501.0,5805.0,4671.0,0.0,0.0
2025-10-25 00:00:00+05:30,208,Nizamabad,1080,Nizamabad,5,Maize,215,Hybrid New,0.0,1196.0,1550.0,1970.0,1875.0,0.0,0.0
2025-10-25 00:00:00+05:30,325,Hyderabad,6,Madannapeta,112,Ladys Finger,112,Common,0.0,23.0,2500.0,3000.0,2750.0,0.0,0.0
2025-10-25 00:00:00+05:30,324,Bowenpally,3,Bowenpally,106,ColaCasio(Arvi),106,Common,0.0,55.0,1000.0,2000.0,1800.0,0.0,0.0
2025-10-24 00:00:00+05:30,367,Gudimalkapur,1571,Gudumalkapur,106,ColaCasio(Arvi),106,Common,0.0,53.0,1300.0,2000.0,1500.0,0.0,0.0
2025-10-24 00:00:00+05:30,238,Jangoan,1169,Jangaon,5,Maize,5,Common,0.0,865.15,1251.0,1951.0,1951.0,0.0,0.0
2025-10-24 00:00:00+05:30,222,Karimnagar,1121,Karimnagar,5,Maize,5,Common,0.0,23.0,1900.0,1900.0,1900.0,0.0,0.0
2025-10-24 00:00:00+05:30,239,Kesamudram,1168,Kesamudram,16,Green Gram,16,Common,0.0,1.0,4522.0,4522.0,4522.0,0.0,0.0
2025-10-24 00:00:00+05:30,208,Nizamabad,1080,Nizamabad,5,Maize,215,Hybrid New,0.0,1337.0,1351.0,1980.0,1856.0,0.0,0.0
2025-10-24 00:00:00+05:30,325,Hyderabad,7,Meeralamandi,113,Green Chillies,113,Common,0.0,4.0,2800.0,3500.0,3150.0,0.0,0.0
2025-10-24 00:00:00+05:30,325,Hyderabad,6,Madannapeta,112,Ladys Finger,112,Common,0.0,31.0,2000.0,3000.0,2500.0,0.0,0.0
2025-10-24 00:00:00+05:30,246,Warangal,886,Warangal,5,Maize,5,Common,0.0,50.38,1510.0,1925.0,1781.0,0.0,0.0
2025-10-24 00:00:00+05:30,324,Bowenpally,3,Bowenpally,106,ColaCasio(Arvi),106,Common,0.0,397.0,1000.0,1500.0,1300.0,0.0,0.0
2025-10-23 00:00:00+05:30,367,Gudimalkapur,1571,Gudumalkapur,106,ColaCasio(Arvi),106,Common,0.0,31.0,1300.0,2000.0,1500.0,0.0,0.0
2025-10-23 00:00:00+05:30,239,Kesamudram,1168,Kesamudram,16,Green Gram,16,Common,0.0,1.0,5139.0,5139.0,5139.0,0.0,0.0
2025-10-23 00:00:00+05:30,324,Bowenpally,3,Bowenpally,106,ColaCasio(Arvi),106,Common,0.0,457.0,1000.0,2000.0,1800.0,0.0,0.0
2025-10-23 00:00:00+05:30,325,Hyderabad,6,Madannapeta,112,Ladys Finger,112,Common,0.0,25.0,2500.0,3500.0,3000.0,0.0,0.0
2025-10-23 00:00:00+05:30,325,Hyderabad,7,Meeralamandi,113,Green Chillies,113,Common,0.0,4.0,3000.0,4000.0,3500.0,0.0,0.0
2025-10-23 00:00:00+05:30,208,Nizamabad,1080,Nizamabad,5,Maize,215,Hybrid New,0.0,1380.0,1405.0,2000.0,1900.0,0.0,0.0
2025-10-23 00:00:00+05:30,246,Warangal,886,Warangal,5,Maize,5,Common,0.0,128.77,1560.0,2000.0,1980.0,0.0,0.0
2025-10-22 00:00:00+05:30,367,Gudimalkapur,1571,Gudumalkapur,106,ColaCasio(Arvi),106,Common,0.0,75.0,1300.0,2000.0,1500.0,0.0,0.0
2025-10-22 00:00:00+05:30,222,Karimnagar,1121,Karimnagar,5,Maize,5,Common,0.0,21.0,1739.0,1969.0,1969.0,0.0,0.0
2025-10-22 00:00:00+05:30,239,Kesamudram,1168,Kesamudram,16,Green Gram,16,Common,0.0,2.0,3839.0,5041.0,4049.0,0.0,0.0
2025-10-22 00:00:00+05:30,208,Nizamabad,1080,Nizamabad,5,Maize,215,Hybrid New,0.0,1386.0,1420.0,2052.0,1900.0,0.0,0.0
2025-10-22 00:00:00+05:30,325,Hyderabad,6,Madannapeta,112,Ladys Finger,112,Common,0.0,18.0,2000.0,3000.0,2500.0,0.0,0.0
2025-10-22 00:00:00+05:30,325,Hyderabad,7,Meeralamandi,113,Green Chillies,113,Common,0.0,6.0,3000.0,3500.0,3250.0,0.0,0.0
2025-10-22 00:00:00+05:30,324,Bowenpally,3,Bowenpally,106,ColaCasio(Arvi),106,Common,0.0,457.0,1000.0,2000.0,1800.0,0.0,0.0
2025-10-20 00:00:00+05:30,367,Gudimalkapur,1571,Gudumalkapur,106,ColaCasio(Arvi),106,Common,0.0,15.0,1300.0,1800.0,1500.0,0.0,0.0
2025-10-20 00:00:00+05:30,324,Bowenpally,3,Bowenpally,106,ColaCasio(Arvi),106,Common,0.0,179.0,1000.0,1800.0,1400.0,0.0,0.0
2025-10-20 00:00:00+05:30,325,Hyderabad,6,Madannapeta,112,Ladys Finger,112,Common,0.0,31.0,2000.0,3000.0,2500.0,0.0,0.0
2025-10-19 00:00:00+05:30,367,Gudimalkapur,1571,Gudumalkapur,106,ColaCasio(Arvi),106,Common,0.0,70.0,1300.0,2000.0,1500.0,0.0,0.0
2025-10-19 00:00:00+05:30,325,Hyderabad,7,Meeralamandi,113,Green Chillies,113,Common,0.0,6.0,3000.0,3000.0,3000.0,0.0,0.0
2025-10-19 00:00:00+05:30,325,Hyderabad,6,Madannapeta,112,Ladys Finger,112,Common,0.0,22.0,2500.0,3000.0,2750.0,0.0,0.0
2025-10-19 00:00:00+05:30,324,Bowenpally,3,Bowenpally,106,ColaCasio(Arvi),106,Common,0.0,441.0,1000.0,1800.0,1600.0,0.0,0.0
2025-10-18 00:00:00+05:30,367,Gudimalkapur,1571,Gudumalkapur,106,ColaCasio(Arvi),106,Common,0.0,74.0,1300.0,2000.0,1500.0,0.0,0.0
2025-10-18 00:00:00+05:30,306,Mahbubnagar,1326,Mahaboobnagar,30,Groundnut pods,30,Common,0.0,23.0,4010.0,4050.0,4050.0,0.0,0.0
2025-10-18 00:00:00+05:30,238,Jangoan,1169,Jangaon,5,Maize,5,Common,0.0,638.0,1539.0,2024.0,1956.0,0.0,0.0
2025-10-18 00:00:00+05:30,325,Hyderabad,6,Madannapeta,112,Ladys Finger,112,Common,0.0,26.0,2000.0,2500.0,2250.0,0.0,0.0
2025-10-18 00:00:00+05:30,325,Hyderabad,7,Meeralamandi,113,Green Chillies,113,Common,0.0,5.0,3500.0,3500.0,3500.0,0.0,0.0
2025-10-18 00:00:00+05:30,324,Bowenpally,3,Bowenpally,106,ColaCasio(Arvi),106,Common,0.0,376.0,800.0,1800.0,1500.0,0.0,0.0
2025-10-17 00:00:00+05:30,367,Gudimalkapur,1571,Gudumalkapur,106,ColaCasio(Arvi),106,Common,0.0,84.0,1300.0,2000.0,1500.0,0.0,0.0
2025-10-17 00:00:00+05:30,238,Jangoan,1169,Jangaon,5,Maize,5,Common,0.0,797.5,1639.0,2021.0,1969.0,0.0,0.0
2025-10-17 00:00:00+05:30,239,Kesamudram,1168,Kesamudram,16,Green Gram,16,Common,0.0,14.0,3309.0,4505.0,4089.0,0.0,0.0
2025-10-17 00:00:00+05:30,222,Karimnagar,1121,Karimnagar,5,Maize,5,Common,0.0,80.0,1921.0,1979.0,1979.0,0.0,0.0
2025-10-17 00:00:00+05:30,325,Hyderabad,6,Madannapeta,112,Ladys Finger,112,Common,0.0,18.0,2000.0,3500.0,3000.0,0.0,0.0
2025-10-17 00:00:00+05:30,325,Hyderabad,7,Meeralamandi,113,Green Chillies,113,Common,0.0,3.0,2500.0,3000.0,2750.0,0.0,0.0
2025-10-17 00:00:00+05:30,324,Bowenpally,3,Bowenpally,106,ColaCasio(Arvi),106,Common,0.0,118.0,800.0,1800.0,1500.0,0.0,0.0
2025-10-16 00:00:00+05:30,238,Jangoan,1169,Jangaon,5,Maize,5,Common,0.0,970.2,1325.0,1961.0,1861.0,0.0,0.0
2025-10-16 00:00:00+05:30,367,Gudimalkapur,1571,Gudumalkapur,106,ColaCasio(Arvi),106,Common,0.0,73.0,1300.0,2000.0,1500.0,0.0,0.0
2025-10-16 00:00:00+05:30,239,Kesamudram,1168,Kesamudram,16,Green Gram,16,Common,0.0,6.0,2559.0,4069.0,4069.0,0.0,0.0
2025-10-16 00:00:00+05:30,325,Hyderabad,6,Madannapeta,112,Ladys Finger,112,Common,0.0,22.0,2500.0,3000.0,2750.0,0.0,0.0
2025-10-16 00:00:00+05:30,325,Hyderabad,7,Meeralamandi,113,Green Chillies,113,Common,0.0,4.0,2500.0,3000.0,2750.0,0.0,0.0
2025-10-16 00:00:00+05:30,324,Bowenpally,3,Bowenpally,106,ColaCasio(Arvi),106,Common,0.0,506.0,1000.0,1800.0,1600.0,0.0,0.0
2025-10-16 00:00:00+05:30,208,Nizamabad,1080,Nizamabad,5,Maize,215,Hybrid New,0.0,503.0,1457.0,2028.0,1872.0,0.0,0.0
2025-10-16 00:00:00+05:30,246,Warangal,886,Warangal,5,Maize,5,Common,0.0,2.21,1810.0,1810.0,1810.0,0.0,0.0
2025-10-15 00:00:00+05:30,367,Gudimalkapur,1571,Gudumalkapur,106,ColaCasio(Arvi),106,Common,0.0,52.0,1300.0,2000.0,1500.0,0.0,0.0
2025-10-15 00:00:00+05:30,239,Kesamudram,1168,Kesamudram,16,Green Gram,16,Common,0.0,13.0,2869.0,3876.0,3266.0,0.0,0.0
2025-10-15 00:00:00+05:30,238,Jangoan,1169,Jangaon,5,Maize,5,Common,0.0,357.5,1556.0,2012.0,2007.0,0.0,0.0
2025-10-15 00:00:00+05:30,325,Hyderabad,6,Madannapeta,112,Ladys Finger,112,Common,0.0,11.0,3000.0,3000.0,3000.0,0.0,0.0
2025-10-15 00:00:00+05:30,324,Bowenpally,3,Bowenpally,106,ColaCasio(Arvi),106,Common,0.0,318.0,1000.0,2000.0,1800.0,0.0,0.0
2025-10-15 00:00:00+05:30,325,Hyderabad,7,Meeralamandi,113,Green Chillies,113,Common,0.0,5.0,3000.0,3000.0,3000.0,0.0,0.0
2025-10-15 00:00:00+05:30,325,Hyderabad,5,Mahabubmansion,54,Chillies(Dry),307,Bydagi,0.0,68.0,10000.0,14800.0,12000.0,0.0,0.0
2025-10-15 00:00:00+05:30,320,Tandur,37,Tandur,16,Green Gram,16,Common,0.0,38.0,3501.0,4991.0,3501.0,0.0,0.0
2025-10-14 00:00:00+05:30,238,Jangoan,1169,Jangaon,5,Maize,5,Common,0.0,247.5,1626.0,2009.0,1626.0,0.0,0.0
2025-10-15 00:00:00+05:30,246,Warangal,886,Warangal,5,Maize,5,Common,0.0,22.24,1869.0,1960.0,1960.0,0.0,0.0
2025-10-14 00:00:00+05:30,367,Gudimalkapur,1571,Gudumalkapur,106,ColaCasio(Arvi),106,Common,0.0,46.0,1300.0,2000.0,1500.0,0.0,0.0
2025-10-14 00:00:00+05:30,239,Kesamudram,1168,Kesamudram,16,Green Gram,16,Common,0.0,37.0,2216.0,4909.0,4419.0,0.0,0.0
2025-10-14 00:00:00+05:30,208,Nizamabad,1080,Nizamabad,5,Maize,215,Hybrid New,0.0,1348.0,1305.0,2051.0,1900.0,0.0,0.0
2025-10-14 00:00:00+05:30,320,Tandur,37,Tandur,16,Green Gram,16,Common,0.0,9.0,3800.0,4005.0,3800.0,0.0,0.0
2025-10-14 00:00:00+05:30,325,Hyderabad,7,Meeralamandi,113,Green Chillies,113,Common,0.0,5.0,2500.0,3000.0,2750.0,0.0,0.0
2025-10-14 00:00:00+05:30,325,Hyderabad,6,Madannapeta,112,Ladys Finger,112,Common,0.0,15.0,3000.0,3500.0,3250.0,0.0,0.0
2025-10-14 00:00:00+05:30,246,Warangal,886,Warangal,5,Maize,5,Common,0.0,140.33,1509.0,2000.0,1940.0,0.0,0.0
2025-10-14 00:00:00+05:30,324,Bowenpally,3,Bowenpally,106,ColaCasio(Arvi),106,Common,0.0,267.0,1000.0,2000.0,1800.0,0.0,0.0
2025-10-13 00:00:00+05:30,306,Mahbubnagar,1326,Mahaboobnagar,30,Groundnut pods,30,Common,0.0,3.0,3740.0,3470.0,3740.0,0.0,0.0
2025-10-13 00:00:00+05:30,367,Gudimalkapur,1571,Gudumalkapur,106,ColaCasio(Arvi),106,Common,0.0,75.0,1300.0,2000.0,1500.0,0.0,0.0
2025-10-13 00:00:00+05:30,320,Tandur,37,Tandur,16,Green Gram,16,Common,0.0,89.0,3825.0,6003.0,4185.0,0.0,0.0
2025-10-13 00:00:00+05:30,325,Hyderabad,7,Meeralamandi,113,Green Chillies,113,Common,0.0,5.0,2500.0,3000.0,2750.0,0.0,0.0
2025-10-13 00:00:00+05:30,208,Nizamabad,1080,Nizamabad,5,Maize,215,Hybrid New,0.0,1620.0,1437.0,2089.0,1958.0,0.0,0.0
2025-10-13 00:00:00+05:30,246,Warangal,886,Warangal,5,Maize,5,Common,0.0,230.0,1505.0,2040.0,2040.0,0.0,0.0
2025-10-13 00:00:00+05:30,325,Hyderabad,6,Madannapeta,112,Ladys Finger,112,Common,0.0,14.0,3000.0,3500.0,3250.0,0.0,0.0
2025-10-13 00:00:00+05:30,324,Bowenpally,3,Bowenpally,106,ColaCasio(Arvi),106,Common,0.0,519.0,1000.0,1800.0,1600.0,0.0,0.0
2025-10-12 00:00:00+05:30,367,Gudimalkapur,1571,Gudumalkapur,106,ColaCasio(Arvi),106,Common,0.0,93.0,1500.0,2000.0,1800.0,0.0,0.0
2025-10-11 00:00:00+05:30,367,Gudimalkapur,1571,Gudumalkapur,106,ColaCasio(Arvi),106,Common,0.0,131.0,1300.0,2000.0,1500.0,0.0,0.0
2025-10-12 00:00:00+05:30,324,Bowenpally,3,Bowenpally,106,ColaCasio(Arvi),106,Common,0.0,352.0,1000.0,2000.0,1800.0,0.0,0.0
2025-10-12 00:00:00+05:30,325,Hyderabad,7,Meeralamandi,113,Green Chillies,113,Common,0.0,6.0,2200.0,3000.0,2600.0,0.0,0.0
2025-10-11 00:00:00+05:30,320,Tandur,37,Tandur,16,Green Gram,16,Common,0.0,114.0,3500.0,6021.0,3969.0,0.0,0.0
2025-10-11 00:00:00+05:30,238,Jangoan,1169,Jangaon,5,Maize,5,Common,0.0,838.0,1957.0,2006.0,1421.0,0.0,0.0
2025-10-11 00:00:00+05:30,324,Bowenpally,3,Bowenpally,106,ColaCasio(Arvi),106,Common,0.0,710.0,1000.0,2000.0,1800.0,0.0,0.0
2025-10-11 00:00:00+05:30,325,Hyderabad,6,Madannapeta,112,Ladys Finger,112,Common,0.0,15.0,2000.0,3000.0,2500.0,0.0,0.0
2025-10-11 00:00:00+05:30,325,Hyderabad,7,Meeralamandi,113,Green Chillies,113,Common,0.0,6.0,2500.0,3000.0,2750.0,0.0,0.0
2025-10-10 00:00:00+05:30,238,Jangoan,1169,Jangaon,5,Maize,5,Common,0.0,649.55,1631.0,2001.0,1859.0,0.0,0.0
2025-10-10 00:00:00+05:30,367,Gudimalkapur,1571,Gudumalkapur,106,ColaCasio(Arvi),106,Common,0.0,87.0,1300.0,2000.0,1500.0,0.0,0.0
2025-10-10 00:00:00+05:30,320,Tandur,37,Tandur,16,Green Gram,16,Common,0.0,74.0,3816.0,5004.0,4122.0,0.0,0.0
2025-10-10 00:00:00+05:30,239,Kesamudram,1168,Kesamudram,16,Green Gram,16,Common,0.0,5.0,4316.0,5036.0,4515.0,0.0,0.0
2025-10-10 00:00:00+05:30,208,Nizamabad,1080,Nizamabad,5,Maize,215,Hybrid New,0.0,1466.0,1309.0,2114.0,1900.0,0.0,0.0
2025-10-10 00:00:00+05:30,325,Hyderabad,7,Meeralamandi,113,Green Chillies,113,Common,0.0,3.0,3000.0,3500.0,3250.0,0.0,0.0
2025-10-10 00:00:00+05:30,325,Hyderabad,5,Mahabubmansion,54,Chillies(Dry),307,Bydagi,0.0,65.0,11000.0,15000.0,13000.0,0.0,0.0
2025-10-10 00:00:00+05:30,246,Warangal,886,Warangal,5,Maize,5,Common,0.0,420.78,1435.0,2050.0,1950.0,0.0,0.0
2025-10-10 00:00:00+05:30,324,Bowenpally,3,Bowenpally,106,ColaCasio(Arvi),106,Common,0.0,659.0,1000.0,2000.0,1800.0,0.0,0.0
2025-10-09 00:00:00+05:30,367,Gudimalkapur,1571,Gudumalkapur,106,ColaCasio(Arvi),106,Common,0.0,41.0,1300.0,2000.0,1500.0,0.0,0.0
2025-10-09 00:00:00+05:30,239,Kesamudram,1168,Kesamudram,16,Green Gram,16,Common,0.0,6.0,4089.0,4089.0,4089.0,0.0,0.0
2025-10-09 00:00:00+05:30,208,Nizamabad,1080,Nizamabad,5,Maize,215,Hybrid New,0.0,986.0,1215.0,2109.0,1859.0,0.0,0.0
2025-10-09 00:00:00+05:30,188,Bhainsa,11,Bhainsa,17,Black Gram,17,Common,0.0,2.55,4041.0,4041.0,4041.0,0.0,0.0
2025-10-09 00:00:00+05:30,325,Hyderabad,7,Meeralamandi,113,Green Chillies,113,Common,0.0,4.0,3500.0,4000.0,3750.0,0.0,0.0
2025-10-08 00:00:00+05:30,306,Mahbubnagar,1326,Mahaboobnagar,30,Groundnut pods,30,Common,0.0,10.0,3010.0,4500.0,3610.0,0.0,0.0
2025-10-09 00:00:00+05:30,246,Warangal,886,Warangal,5,Maize,5,Common,0.0,354.29,1322.0,2050.0,1975.0,0.0,0.0
2025-10-09 00:00:00+05:30,324,Bowenpally,3,Bowenpally,106,ColaCasio(Arvi),106,Common,0.0,495.0,1000.0,2000.0,1800.0,0.0,0.0
2025-10-09 00:00:00+05:30,325,Hyderabad,6,Madannapeta,112,Ladys Finger,112,Common,0.0,17.0,3000.0,3500.0,3250.0,0.0,0.0
2025-10-09 00:00:00+05:30,325,Hyderabad,5,Mahabubmansion,54,Chillies(Dry),307,Bydagi,0.0,24.0,1000.0,14800.0,12000.0,0.0,0.0
2025-10-08 00:00:00+05:30,367,Gudimalkapur,1571,Gudumalkapur,106,ColaCasio(Arvi),106,Common,0.0,207.0,1300.0,2000.0,1500.0,0.0,0.0
2025-10-08 00:00:00+05:30,325,Hyderabad,6,Madannapeta,112,Ladys Finger,112,Common,0.0,22.0,2000.0,3000.0,2500.0,0.0,0.0
2025-10-08 00:00:00+05:30,325,Hyderabad,7,Meeralamandi,113,Green Chillies,113,Common,0.0,4.0,4000.0,5000.0,4500.0,0.0,0.0
2025-10-08 00:00:00+05:30,188,Bhainsa,11,Bhainsa,17,Black Gram,17,Common,0.0,6.0,4000.0,4333.0,4000.0,0.0,0.0
2025-10-08 00:00:00+05:30,320,Tandur,37,Tandur,16,Green Gram,16,Common,0.0,219.0,3501.0,6003.0,4293.0,0.0,0.0
2025-10-08 00:00:00+05:30,239,Kesamudram,1168,Kesamudram,16,Green Gram,16,Common,0.0,1.0,4515.0,4515.0,4515.0,0.0,0.0
2025-10-08 00:00:00+05:30,238,Jangoan,1169,Jangaon,5,Maize,5,Common,0.0,321.75,1251.0,1953.0,1851.0,0.0,0.0
2025-10-08 00:00:00+05:30,208,Nizamabad,1080,Nizamabad,5,Maize,215,Hybrid New,0.0,1345.0,1373.0,2100.0,1850.0,0.0,0.0
2025-10-08 00:00:00+05:30,246,Warangal,886,Warangal,5,Maize,5,Common,0.0,112.11,1850.0,2000.0,1907.0,0.0,0.0
2025-10-08 00:00:00+05:30,324,Bowenpally,3,Bowenpally,106,ColaCasio(Arvi),106,Common,0.0,430.0,1000.0,2200.0,1800.0,0.0,0.0
2025-10-07 00:00:00+05:30,367,Gudimalkapur,1571,Gudumalkapur,106,ColaCasio(Arvi),106,Common,0.0,123.0,1800.0,2500.0,2200.0,0.0,0.0
2025-10-07 00:00:00+05:30,239,Kesamudram,1168,Kesamudram,16,Green Gram,16,Common,0.0,8.0,2911.0,5389.0,4739.0,0.0,0.0
2025-10-07 00:00:00+05:30,238,Jangoan,1169,Jangaon,5,Maize,5,Common,0.0,503.25,1529.0,1962.0,1759.0,0.0,0.0
2025-10-07 00:00:00+05:30,306,Mahbubnagar,1326,Mahaboobnagar,30,Groundnut pods,30,Common,0.0,5.0,3109.0,3109.0,3109.0,0.0,0.0
2025-10-07 00:00:00+05:30,324,Bowenpally,3,Bowenpally,106,ColaCasio(Arvi),106,Common,0.0,67.0,1000.0,2200.0,1800.0,0.0,0.0
2025-10-07 00:00:00+05:30,325,Hyderabad,6,Madannapeta,112,Ladys Finger,112,Common,0.0,9.0,3000.0,4000.0,3500.0,0.0,0.0
2025-10-07 00:00:00+05:30,325,Hyderabad,5,Mahabubmansion,54,Chillies(Dry),307,Bydagi,0.0,49.0,10000.0,14800.0,11000.0,0.0,0.0
2025-10-07 00:00:00+05:30,325,Hyderabad,7,Meeralamandi,113,Green Chillies,113,Common,0.0,5.0,4500.0,5000.0,4750.0,0.0,0.0
2025-10-07 00:00:00+05:30,188,Bhainsa,11,Bhainsa,17,Black Gram,17,Common,0.0,1.78,3888.0,3888.0,3888.0,0.0,0.0
2025-10-07 00:00:00+05:30,208,Nizamabad,1080,Nizamabad,5,Maize,215,Hybrid New,0.0,1587.0,1200.0,2038.0,1850.0,0.0,0.0
2025-10-06 00:00:00+05:30,367,Gudimalkapur,1571,Gudumalkapur,106,ColaCasio(Arvi),106,Common,0.0,95.0,1600.0,2000.0,1800.0,0.0,0.0
2025-10-06 00:00:00+05:30,239,Kesamudram,1168,Kesamudram,16,Green Gram,16,Common,0.0,5.0,3129.0,3531.0,3221.0,0.0,0.0
2025-10-06 00:00:00+05:30,306,Mahbubnagar,1326,Mahaboobnagar,30,Groundnut pods,30,Common,0.0,4.0,3370.0,4822.0,4822.0,0.0,0.0
2025-10-06 00:00:00+05:30,238,Jangoan,1169,Jangaon,5,Maize,5,Common,0.0,424.05,1125.0,1952.0,1809.0,0.0,0.0
2025-10-06 00:00:00+05:30,320,Tandur,37,Tandur,16,Green Gram,16,Common,0.0,94.0,3501.0,5625.0,3501.0,0.0,0.0
2025-10-06 00:00:00+05:30,208,Nizamabad,1080,Nizamabad,5,Maize,215,Hybrid New,0.0,1825.0,1316.0,2070.0,1866.0,0.0,0.0
2025-10-06 00:00:00+05:30,325,Hyderabad,7,Meeralamandi,113,Green Chillies,113,Common,0.0,4.0,5000.0,5500.0,5250.0,0.0,0.0
2025-10-06 00:00:00+05:30,324,Bowenpally,3,Bowenpally,106,ColaCasio(Arvi),106,Common,0.0,356.0,1000.0,2000.0,1800.0,0.0,0.0
2025-10-06 00:00:00+05:30,325,Hyderabad,6,Madannapeta,112,Ladys Finger,112,Common,0.0,17.0,3000.0,3500.0,3250.0,0.0,0.0
2025-10-06 00:00:00+05:30,246,Warangal,886,Warangal,5,Maize,5,Common,0.0,181.07,1402.0,2057.0,1850.0,0.0,0.0
2025-10-05 00:00:00+05:30,367,Gudimalkapur,1571,Gudumalkapur,106,ColaCasio(Arvi),106,Common,0.0,82.0,1600.0,2500.0,2000.0,0.0,0.0
2025-10-04 00:00:00+05:30,238,Jangoan,1169,Jangaon,5,Maize,5,Common,0.0,174.9,1675.0,1951.0,1425.0,0.0,0.0
2025-10-05 00:00:00+05:30,324,Bowenpally,3,Bowenpally,106,ColaCasio(Arvi),106,Common,0.0,412.0,1000.0,2000.0,1800.0,0.0,0.0
2025-10-05 00:00:00+05:30,325,Hyderabad,6,Madannapeta,112,Ladys Finger,112,Common,0.0,32.0,3250.0,3250.0,3250.0,0.0,0.0
2025-10-04 00:00:00+05:30,367,Gudimalkapur,1571,Gudumalkapur,106,ColaCasio(Arvi),106,Common,0.0,50.0,1300.0,1500.0,1400.0,0.0,0.0
2025-10-04 00:00:00+05:30,320,Tandur,37,Tandur,16,Green Gram,16,Common,0.0,150.0,3555.0,5805.0,3726.0,0.0,0.0
2025-10-04 00:00:00+05:30,208,Nizamabad,1080,Nizamabad,5,Maize,215,Hybrid New,0.0,1525.0,1219.0,2089.0,1688.0,0.0,0.0
2025-10-04 00:00:00+05:30,325,Hyderabad,6,Madannapeta,112,Ladys Finger,112,Common,0.0,24.0,3000.0,3500.0,3250.0,0.0,0.0
2025-10-04 00:00:00+05:30,325,Hyderabad,7,Meeralamandi,113,Green Chillies,113,Common,0.0,4.0,3000.0,3500.0,3250.0,0.0,0.0
2025-10-04 00:00:00+05:30,324,Bowenpally,3,Bowenpally,106,ColaCasio(Arvi),106,Common,0.0,108.0,1000.0,2000.0,1500.0,0.0,0.0
2025-10-03 00:00:00+05:30,367,Gudimalkapur,1571,Gudumalkapur,106,ColaCasio(Arvi),106,Common,0.0,30.0,1600.0,2000.0,1800.0,0.0,0.0
2025-10-03 00:00:00+05:30,331,Vantimamidi,1612,Vantimamidi,105,Potato,105,Common,0.0,113.0,1000.0,1000.0,1000.0,0.0,0.0
2025-10-03 00:00:00+05:30,324,Bowenpally,3,Bowenpally,106,ColaCasio(Arvi),106,Common,0.0,142.0,1000.0,2000.0,1600.0,0.0,0.0
2025-10-02 00:00:00+05:30,367,Gudimalkapur,1571,Gudumalkapur,106,ColaCasio(Arvi),106,Common,0.0,40.0,1600.0,2000.0,1800.0,0.0,0.0
2025-10-02 00:00:00+05:30,325,Hyderabad,6,Madannapeta,112,Ladys Finger,112,Common,0.0,22.0,3000.0,3000.0,3000.0,0.0,0.0
2025-10-02 00:00:00+05:30,324,Bowenpally,3,Bowenpally,106,ColaCasio(Arvi),106,Common,0.0,54.0,1000.0,4000.0,3000.0,0.0,0.0
2025-10-01 00:00:00+05:30,367,Gudimalkapur,1571,Gudumalkapur,106,ColaCasio(Arvi),106,Common,0.0,47.0,1300.0,2000.0,1500.0,0.0,0.0
2025-10-01 00:00:00+05:30,325,Hyderabad,6,Madannapeta,112,Ladys Finger,112,Common,0.0,14.0,3000.0,3000.0,3000.0,0.0,0.0
2025-10-01 00:00:00+05:30,325,Hyderabad,7,Meeralamandi,113,Green Chillies,113,Common,0.0,4.0,2000.0,2500.0,2250.0,0.0,0.0
2025-10-01 00:00:00+05:30,324,Bowenpally,3,Bowenpally,106,ColaCasio(Arvi),106,Common,0.0,154.0,1000.0,1800.0,1600.0,0.0,0.0
2025-10-31 00:00:00+05:30,367,Gudimalkapur,1571,Gudumalkapur,106,ColaCasio(Arvi),106,Common,0.0,120.0,1300.0,2000.0,1500.0,0.0,0.0
2025-10-31 00:00:00+05:30,238,Jangoan,1169,Jangaon,5,Maize,5,Common,0.0,281.6,1357.0,1789.0,1689.0,0.0,0.0
2025-10-31 00:00:00+05:30,325,Hyderabad,7,Meeralamandi,113,Green Chillies,113,Common,0.0,4.0,3000.0,4000.0,3500.0,0.0,0.0
2025-10-31 00:00:00+05:30,325,Hyderabad,5,Mahabubmansion,54,Chillies(Dry),307,Bydagi,0.0,35.0,12000.0,18000.0,14000.0,0.0,0.0
2025-10-31 00:00:00+05:30,320,Tandur,37,Tandur,16,Green Gram,16,Common,0.0,27.0,3501.0,5859.0,5355.0,0.0,0.0
2025-10-31 00:00:00+05:30,208,Nizamabad,1080,Nizamabad,5,Maize,215,Hybrid New,0.0,148.0,1621.0,1881.0,1780.0,0.0,0.0
2025-10-31 00:00:00+05:30,325,Hyderabad,6,Madannapeta,112,Ladys Finger,112,Common,0.0,15.0,3500.0,5000.0,4000.0,0.0,0.0
2025-10-31 00:00:00+05:30,324,Bowenpally,3,Bowenpally,106,ColaCasio(Arvi),106,Common,0.0,259.0,1000.0,2000.0,1800.0,0.0,0.0
2025-10-30 00:00:00+05:30,367,Gudimalkapur,1571,Gudumalkapur,106,ColaCasio(Arvi),106,Common,0.0,9.0,2000.0,3000.0,2500.0,0.0,0.0
2025-10-30 00:00:00+05:30,320,Tandur,37,Tandur,16,Green Gram,16,Common,0.0,80.0,3771.0,5657.0,4950.0,0.0,0.0
2025-10-30 00:00:00+05:30,325,Hyderabad,7,Meeralamandi,113,Green Chillies,113,Common,0.0,4.0,3000.0,4000.0,3500.0,0.0,0.0
2025-10-30 00:00:00+05:30,238,Jangoan,1169,Jangaon,5,Maize,5,Common,0.0,157.85,1355.0,1822.0,1753.0,0.0,0.0
2025-10-30 00:00:00+05:30,324,Bowenpally,3,Bowenpally,106,ColaCasio(Arvi),106,Common,0.0,228.0,1000.0,2000.0,1800.0,0.0,0.0
2025-10-30 00:00:00+05:30,325,Hyderabad,6,Madannapeta,112,Ladys Finger,112,Common,0.0,6.0,3000.0,4000.0,3500.0,0.0,0.0
2025-10-29 00:00:00+05:30,367,Gudimalkapur,1571,Gudumalkapur,106,ColaCasio(Arvi),106,Common,0.0,60.0,1300.0,2000.0,1500.0,0.0,0.0
2025-10-29 00:00:00+05:30,238,Jangoan,1169,Jangaon,5,Maize,5,Common,0.0,137.5,1429.0,1789.0,1429.0,0.0,0.0
2025-10-29 00:00:00+05:30,222,Karimnagar,1121,Karimnagar,5,Maize,5,Common,0.0,46.0,1821.0,1821.0,1821.0,0.0,0.0
2025-10-29 00:00:00+05:30,325,Hyderabad,7,Meeralamandi,113,Green Chillies,113,Common,0.0,6.0,3000.0,3000.0,3000.0,0.0,0.0
2025-10-29 00:00:00+05:30,320,Tandur,37,Tandur,16,Green Gram,16,Common,0.0,3.0,4059.0,4869.0,4869.0,0.0,0.0
2025-10-29 00:00:00+05:30,208,Nizamabad,1080,Nizamabad,5,Maize,215,Hybrid New,0.0,400.0,1414.0,1888.0,1750.0,0.0,0.0
2025-10-29 00:00:00+05:30,246,Warangal,886,Warangal,5,Maize,5,Common,0.0,5.51,1450.0,1450.0,1450.0,0.0,0.0
2025-10-29 00:00:00+05:30,324,Bowenpally,3,Bowenpally,106,ColaCasio(Arvi),106,Common,0.0,139.0,1000.0,2000.0,1800.0,0.0,0.0
2025-10-29 00:00:00+05:30,325,Hyderabad,6,Madannapeta,112,Ladys Finger,112,Common,0.0,8.0,3000.0,3500.0,3250.0,0.0,0.0
2025-10-28 00:00:00+05:30,367,Gudimalkapur,1571,Gudumalkapur,106,ColaCasio(Arvi),106,Common,0.0,101.0,1400.0,2000.0,1600.0,0.0,0.0
2025-10-28 00:00:00+05:30,238,Jangoan,1169,Jangaon,5,Maize,5,Common,0.0,674.3,1402.0,1905.0,1751.0,0.0,0.0
2025-10-28 00:00:00+05:30,239,Kesamudram,1168,Kesamudram,16,Green Gram,16,Common,0.0,11.0,2809.0,4689.0,4029.0,0.0,0.0
2025-10-28 00:00:00+05:30,208,Nizamabad,1080,Nizamabad,5,Maize,215,Hybrid New,0.0,686.0,1560.0,1908.0,1800.0,0.0,0.0
2025-10-28 00:00:00+05:30,320,Tandur,37,Tandur,16,Green Gram,16,Common,0.0,45.0,3501.0,4869.0,3915.0,0.0,0.0
2025-10-28 00:00:00+05:30,325,Hyderabad,6,Madannapeta,112,Ladys Finger,112,Common,0.0,20.0,3000.0,3500.0,3250.0,0.0,0.0
2025-10-28 00:00:00+05:30,325,Hyderabad,7,Meeralamandi,113,Green Chillies,113,Common,0.0,6.0,3000.0,3000.0,3000.0,0.0,0.0
2025-10-28 00:00:00+05:30,246,Warangal,886,Warangal,5,Maize,5,Common,0.0,265.99,1221.0,1920.0,1751.0,0.0,0.0
2025-10-01 00:00:00+05:30,324,Bowenpally,3,Bowenpally,107,Sweet Potato,107,Common,0.0,101.0,1000.0,3000.0,2500.0,0.0,0.0
2025-10-01 00:00:00+05:30,323,Gaddiannaram,1,Gaddiannaram,81,Grapes,81,Common,0.0,11.0,11650.0,26650.0,16650.0,0.0,0.0
2025-10-01 00:00:00+05:30,323,Gaddiannaram,2,L.B Nagar,111,Brinjal,111,Common,0.0,20.0,2000.0,3000.0,2500.0,0.0,0.0
2025-10-01 00:00:00+05:30,325,Hyderabad,7,Meeralamandi,114,Tomato,114,Common,0.0,36.0,1200.0,1800.0,1500.0,0.0,0.0
2025-10-01 00:00:00+05:30,325,Hyderabad,6,Madannapeta,113,Green Chillies,113,Common,0.0,14.0,3000.0,3500.0,3250.0,0.0,0.0
2025-10-01 00:00:00+05:30,367,Gudimalkapur,1571,Gudumalkapur,107,Sweet Potato,107,Common,0.0,13.0,1400.0,1600.0,1500.0,0.0,0.0
2025-10-02 00:00:00+05:30,324,Bowenpally,3,Bowenpally,107,Sweet Potato,107,Common,0.0,98.0,1000.0,3000.0,2500.0,0.0,0.0
2025-10-02 00:00:00+05:30,325,Hyderabad,6,Madannapeta,113,Green Chillies,113,Common,0.0,30.0,4000.0,5000.0,4500.0,0.0,0.0
2025-10-02 00:00:00+05:30,323,Gaddiannaram,2,L.B Nagar,111,Brinjal,111,Common,0.0,10.0,2000.0,2500.0,2200.0,0.0,0.0
2025-10-02 00:00:00+05:30,367,Gudimalkapur,1571,Gudumalkapur,107,Sweet Potato,107,Common,0.0,18.0,1000.0,1600.0,1300.0,0.0,0.0
2025-10-03 00:00:00+05:30,323,Gaddiannaram,1,Gaddiannaram,81,Grapes,81,Common,0.0,4.0,11650.0,26650.0,16650.0,0.0,0.0
2025-10-03 00:00:00+05:30,325,Hyderabad,6,Madannapeta,113,Green Chillies,113,Common,0.0,25.0,4000.0,5000.0,4500.0,0.0,0.0
2025-10-02 00:00:00+05:30,274,Nakrekal,1098,Nakrekal,151,Lemon,151,Common,0.0,607.0,50.0,300.0,100.0,0.0,0.0
2025-10-03 00:00:00+05:30,316,Narsingi,44,Narsingi,168,Cattle(All),168,Common,0.0,55.0,20000.0,50000.0,40000.0,0.0,0.0
2025-10-04 00:00:00+05:30,323,Gaddiannaram,1,Gaddiannaram,81,Grapes,81,Common,0.0,23.0,11650.0,26650.0,16650.0,0.0,0.0
2025-10-04 00:00:00+05:30,323,Gaddiannaram,2,L.B Nagar,111,Brinjal,111,Common,0.0,30.0,2000.0,2500.0,2200.0,0.0,0.0
2025-10-04 00:00:00+05:30,325,Hyderabad,7,Meeralamandi,114,Tomato,114,Common,0.0,29.0,1200.0,2000.0,1600.0,0.0,0.0
2025-10-01 00:00:00+05:30,274,Nakrekal,1098,Nakrekal,151,Lemon,151,Common,0.0,802.0,50.0,400.0,100.0,0.0,0.0
2025-10-04 00:00:00+05:30,325,Hyderabad,6,Madannapeta,113,Green Chillies,113,Common,0.0,35.0,5000.0,5500.0,5250.0,0.0,0.0
2025-10-04 00:00:00+05:30,320,Tandur,37,Tandur,17,Black Gram,17,Common,0.0,70.0,3510.0,6409.0,4400.0,0.0,0.0
2025-10-04 00:00:00+05:30,367,Gudimalkapur,1571,Gudumalkapur,107,Sweet Potato,107,Common,0.0,7.0,1500.0,1500.0,1500.0,0.0,0.0
2025-10-05 00:00:00+05:30,323,Gaddiannaram,2,L.B Nagar,111,Brinjal,111,Common,0.0,56.0,2000.0,3000.0,2500.0,0.0,0.0
2025-10-05 00:00:00+05:30,325,Hyderabad,6,Madannapeta,113,Green Chillies,113,Common,0.0,45.0,4000.0,5000.0,4500.0,0.0,0.0
2025-10-05 00:00:00+05:30,323,Gaddiannaram,1,Gaddiannaram,81,Grapes,81,Common,0.0,2.0,11650.0,26650.0,16650.0,0.0,0.0
2025-10-05 00:00:00+05:30,324,Bowenpally,3,Bowenpally,107,Sweet Potato,107,Common,0.0,167.0,1000.0,4000.0,3000.0,0.0,0.0
2025-10-05 00:00:00+05:30,274,Nakrekal,1098,Nakrekal,151,Lemon,151,Common,0.0,609.0,50.0,300.0,100.0,0.0,0.0
2025-10-05 00:00:00+05:30,325,Hyderabad,7,Meeralamandi,114,Tomato,114,Common,0.0,26.0,1600.0,2000.0,1800.0,0.0,0.0
2025-10-06 00:00:00+05:30,246,Warangal,886,Warangal,5,Maize,261,Bilt,0.0,933.78,1300.0,2160.0,2050.0,0.0,0.0
2025-10-06 00:00:00+05:30,325,Hyderabad,6,Madannapeta,113,Green Chillies,113,Common,0.0,35.0,4000.0,6000.0,5000.0,0.0,0.0
2025-10-06 00:00:00+05:30,324,Bowenpally,3,Bowenpally,107,Sweet Potato,107,Common,0.0,177.0,2000.0,4000.0,3500.0,0.0,0.0
2025-10-06 00:00:00+05:30,323,Gaddiannaram,1,Gaddiannaram,81,Grapes,81,Common,0.0,3.0,11650.0,26650.0,16650.0,0.0,0.0
2025-10-06 00:00:00+05:30,323,Gaddiannaram,2,L.B Nagar,111,Brinjal,111,Common,0.0,68.0,2500.0,3000.0,2700.0,0.0,0.0
2025-10-06 00:00:00+05:30,325,Hyderabad,7,Meeralamandi,114,Tomato,114,Common,0.0,44.0,1200.0,1600.0,1400.0,0.0,0.0
2025-10-06 00:00:00+05:30,320,Tandur,37,Tandur,17,Black Gram,17,Common,0.0,193.0,3501.0,6003.0,4520.0,0.0,0.0
2025-10-06 00:00:00+05:30,239,Kesamudram,1168,Kesamudram,25,Cotton,25,Common,0.0,40.0,3111.0,7011.0,6521.0,0.0,0.0
2025-10-06 00:00:00+05:30,241,Mahabubabad,1177,Mahabubabad,5,Maize,5,Common,0.0,1826.0,1706.0,2095.0,2056.0,0.0,0.0
2025-10-06 00:00:00+05:30,274,Nakrekal,1098,Nakrekal,151,Lemon,151,Common,0.0,838.0,50.0,300.0,100.0,0.0,0.0
2025-10-06 00:00:00+05:30,231,Vemulawada,1126,Vemulawada,25,Cotton,25,Common,0.0,24.0,7121.0,8110.0,7500.0,0.0,0.0
2025-10-06 00:00:00+05:30,367,Gudimalkapur,1571,Gudumalkapur,107,Sweet Potato,107,Common,0.0,10.0,1600.0,1800.0,1700.0,0.0,0.0
2025-10-07 00:00:00+05:30,323,Gaddiannaram,2,L.B Nagar,111,Brinjal,111,Common,0.0,51.0,2000.0,2500.0,2200.0,0.0,0.0
2025-10-06 00:00:00+05:30,219,Jagtial,1125,Jagtial,5,Maize,5,Common,0.0,15.0,1746.0,1818.0,1818.0,0.0,0.0
2025-10-07 00:00:00+05:30,325,Hyderabad,7,Meeralamandi,114,Tomato,114,Common,0.0,36.0,1200.0,2000.0,1600.0,0.0,0.0
2025-10-07 00:00:00+05:30,314,Marpally,45,Marpally,75,Soyabean,75,Common,0.0,16.0,4400.0,4400.0,400.0,0.0,0.0
2025-10-07 00:00:00+05:30,325,Hyderabad,6,Madannapeta,113,Green Chillies,113,Common,0.0,35.0,4000.0,5000.0,4500.0,0.0,0.0
2025-10-07 00:00:00+05:30,324,Bowenpally,3,Bowenpally,107,Sweet Potato,107,Common,0.0,370.0,1000.0,3500.0,2600.0,0.0,0.0
2025-10-07 00:00:00+05:30,241,Mahabubabad,1177,Mahabubabad,5,Maize,5,Common,0.0,546.0,1490.0,2166.0,2068.0,0.0,0.0
2025-10-07 00:00:00+05:30,274,Nakrekal,1098,Nakrekal,151,Lemon,151,Common,0.0,886.0,50.0,300.0,100.0,0.0,0.0
2025-10-07 00:00:00+05:30,219,Jagtial,1125,Jagtial,5,Maize,5,Common,0.0,15.0,1750.0,2111.0,2000.0,0.0,0.0
2025-10-07 00:00:00+05:30,239,Kesamudram,1168,Kesamudram,25,Cotton,25,Common,0.0,30.0,3151.0,7252.0,6625.0,0.0,0.0
2025-10-08 00:00:00+05:30,324,Bowenpally,3,Bowenpally,107,Sweet Potato,107,Common,0.0,174.0,500.0,3500.0,2500.0,0.0,0.0
2025-10-08 00:00:00+05:30,246,Warangal,886,Warangal,5,Maize,261,Bilt,0.0,244.36,1980.0,2140.0,2080.0,0.0,0.0
2025-10-08 00:00:00+05:30,231,Vemulawada,1126,Vemulawada,25,Cotton,25,Common,0.0,24.0,7710.0,8110.0,7900.0,0.0,0.0
2025-10-08 00:00:00+05:30,274,Nakrekal,1098,Nakrekal,151,Lemon,151,Common,0.0,911.0,50.0,300.0,100.0,0.0,0.0
2025-10-08 00:00:00+05:30,219,Jagtial,1125,Jagtial,5,Maize,5,Common,0.0,21.0,1726.0,1978.0,1978.0,0.0,0.0
2025-10-08 00:00:00+05:30,239,Kesamudram,1168,Kesamudram,25,Cotton,25,Common,0.0,24.0,3384.0,7129.0,6666.0,0.0,0.0
2025-10-08 00:00:00+05:30,320,Tandur,37,Tandur,17,Black Gram,17,Common,0.0,210.0,3500.0,5629.0,3860.0,0.0,0.0
2025-10-08 00:00:00+05:30,278,Suryapet,1091,Suryapet,5,Maize,5,Common,0.0,68.0,1712.0,1722.0,1722.0,0.0,0.0
2025-10-08 00:00:00+05:30,325,Hyderabad,7,Meeralamandi,114,Tomato,114,Common,0.0,40.0,1200.0,2000.0,1600.0,0.0,0.0
2025-10-08 00:00:00+05:30,325,Hyderabad,6,Madannapeta,113,Green Chillies,113,Common,0.0,47.0,3000.0,4000.0,3500.0,0.0,0.0
2025-10-08 00:00:00+05:30,323,Gaddiannaram,1,Gaddiannaram,81,Grapes,81,Common,0.0,4.0,11650.0,26650.0,16650.0,0.0,0.0
2025-10-08 00:00:00+05:30,323,Gaddiannaram,2,L.B Nagar,111,Brinjal,111,Common,0.0,49.0,1500.0,2500.0,2000.0,0.0,0.0
2025-10-08 00:00:00+05:30,367,Gudimalkapur,1571,Gudumalkapur,107,Sweet Potato,107,Common,0.0,5.0,1500.0,1500.0,1500.0,0.0,0.0
2025-10-09 00:00:00+05:30,323,Gaddiannaram,2,L.B Nagar,111,Brinjal,111,Common,0.0,28.0,1500.0,2500.0,2000.0,0.0,0.0
2025-10-09 00:00:00+05:30,323,Gaddiannaram,1,Gaddiannaram,81,Grapes,81,Common,0.0,2.0,13300.0,26650.0,16650.0,0.0,0.0
2025-10-09 00:00:00+05:30,325,Hyderabad,6,Madannapeta,113,Green Chillies,113,Common,0.0,40.0,2500.0,3500.0,3000.0,0.0,0.0
2025-10-09 00:00:00+05:30,324,Bowenpally,3,Bowenpally,107,Sweet Potato,107,Common,0.0,481.0,1000.0,3700.0,2800.0,0.0,0.0
2025-10-09 00:00:00+05:30,246,Warangal,886,Warangal,5,Maize,261,Bilt,0.0,696.04,1825.0,2130.0,2130.0,0.0,0.0
2025-10-09 00:00:00+05:30,325,Hyderabad,7,Meeralamandi,114,Tomato,114,Common,0.0,36.0,1200.0,2000.0,1600.0,0.0,0.0
2025-10-09 00:00:00+05:30,274,Nakrekal,1098,Nakrekal,151,Lemon,151,Common,0.0,816.0,50.0,300.0,100.0,0.0,0.0
2025-10-09 00:00:00+05:30,219,Jagtial,1125,Jagtial,5,Maize,5,Common,0.0,60.0,1965.0,2057.0,1940.0,0.0,0.0
2025-10-09 00:00:00+05:30,231,Vemulawada,1126,Vemulawada,25,Cotton,25,Common,0.0,90.0,7710.0,8110.0,7900.0,0.0,0.0
2025-10-09 00:00:00+05:30,241,Mahabubabad,1177,Mahabubabad,5,Maize,5,Common,0.0,630.0,1726.0,2085.0,2085.0,0.0,0.0
2025-10-09 00:00:00+05:30,239,Kesamudram,1168,Kesamudram,25,Cotton,25,Common,0.0,85.0,3189.0,7261.0,7131.0,0.0,0.0
2025-10-09 00:00:00+05:30,367,Gudimalkapur,1571,Gudumalkapur,107,Sweet Potato,107,Common,0.0,10.0,1300.0,1600.0,1400.0,0.0,0.0
2025-10-10 00:00:00+05:30,324,Bowenpally,3,Bowenpally,107,Sweet Potato,107,Common,0.0,179.0,1000.0,3000.0,2500.0,0.0,0.0
2025-10-10 00:00:00+05:30,323,Gaddiannaram,1,Gaddiannaram,81,Grapes,81,Common,0.0,18.0,13300.0,25000.0,16650.0,0.0,0.0
2025-10-10 00:00:00+05:30,246,Warangal,886,Warangal,5,Maize,261,Bilt,0.0,899.46,1750.0,2200.0,2165.0,0.0,0.0
2025-10-10 00:00:00+05:30,325,Hyderabad,7,Meeralamandi,114,Tomato,114,Common,0.0,32.0,1600.0,2400.0,2000.0,0.0,0.0
2025-10-10 00:00:00+05:30,323,Gaddiannaram,2,L.B Nagar,111,Brinjal,111,Common,0.0,17.0,1500.0,2500.0,2000.0,0.0,0.0
2025-10-10 00:00:00+05:30,239,Kesamudram,1168,Kesamudram,25,Cotton,25,Common,0.0,52.0,3159.0,7311.0,6811.0,0.0,0.0
2025-10-10 00:00:00+05:30,219,Jagtial,1125,Jagtial,5,Maize,5,Common,0.0,108.0,1600.0,2056.0,1823.0,0.0,0.0
2025-10-10 00:00:00+05:30,231,Vemulawada,1126,Vemulawada,25,Cotton,25,Common,0.0,246.0,7710.0,8110.0,7900.0,0.0,0.0
2025-10-10 00:00:00+05:30,320,Tandur,37,Tandur,17,Black Gram,17,Common,0.0,188.0,3501.0,5859.0,4729.0,0.0,0.0
2025-10-10 00:00:00+05:30,316,Narsingi,44,Narsingi,168,Cattle(All),168,Common,0.0,75.0,20000.0,50000.0,40000.0,0.0,0.0
2025-10-10 00:00:00+05:30,279,Thirumalagiri,9,Tirmalagiri,1,Paddy,256,Grade-A (RNR),0.0,6.0,2020.0,2020.0,2020.0,0.0,0.0
2025-10-10 00:00:00+05:30,367,Gudimalkapur,1571,Gudumalkapur,107,Sweet Potato,107,Common,0.0,28.0,1000.0,1600.0,1200.0,0.0,0.0
2025-10-11 00:00:00+05:30,323,Gaddiannaram,2,L.B Nagar,111,Brinjal,111,Common,0.0,37.0,1500.0,2500.0,2000.0,0.0,0.0
2025-10-11 00:00:00+05:30,325,Hyderabad,7,Meeralamandi,114,Tomato,114,Common,0.0,42.0,1600.0,2400.0,2000.0,0.0,0.0
2025-10-11 00:00:00+05:30,325,Hyderabad,6,Madannapeta,113,Green Chillies,113,Common,0.0,45.0,2500.0,3000.0,2750.0,0.0,0.0
2025-10-11 00:00:00+05:30,324,Bowenpally,3,Bowenpally,107,Sweet Potato,107,Common,0.0,387.0,1000.0,3500.0,2800.0,0.0,0.0
2025-10-11 00:00:00+05:30,274,Nakrekal,1098,Nakrekal,151,Lemon,151,Common,0.0,857.0,50.0,300.0,100.0,0.0,0.0
2025-10-11 00:00:00+05:30,219,Jagtial,1125,Jagtial,5,Maize,5,Common,0.0,178.0,1785.0,2055.0,1925.0,0.0,0.0
2025-10-11 00:00:00+05:30,320,Tandur,37,Tandur,17,Black Gram,17,Common,0.0,96.0,3680.0,5759.0,5759.0,0.0,0.0
2025-10-11 00:00:00+05:30,314,Marpally,45,Marpally,75,Soyabean,75,Common,0.0,93.0,4400.0,4400.0,4400.0,0.0,0.0
2025-10-11 00:00:00+05:30,278,Suryapet,1091,Suryapet,5,Maize,5,Common,0.0,32.0,1729.0,1729.0,1729.0,0.0,0.0
2025-10-12 00:00:00+05:30,325,Hyderabad,7,Meeralamandi,114,Tomato,114,Common,0.0,44.0,1200.0,1600.0,1400.0,0.0,0.0
2025-10-12 00:00:00+05:30,323,Gaddiannaram,1,Gaddiannaram,81,Grapes,81,Common,0.0,2.0,13300.0,25000.0,16650.0,0.0,0.0
2025-10-12 00:00:00+05:30,324,Bowenpally,3,Bowenpally,107,Sweet Potato,107,Common,0.0,700.0,1000.0,3000.0,2500.0,0.0,0.0
2025-10-11 00:00:00+05:30,367,Gudimalkapur,1571,Gudumalkapur,107,Sweet Potato,107,Common,0.0,23.0,1400.0,1800.0,1600.0,0.0,0.0
2025-10-12 00:00:00+05:30,323,Gaddiannaram,2,L.B Nagar,111,Brinjal,111,Common,0.0,32.0,3000.0,3500.0,3200.0,0.0,0.0
2025-10-12 00:00:00+05:30,367,Gudimalkapur,1571,Gudumalkapur,107,Sweet Potato,107,Common,0.0,49.0,1200.0,3000.0,1600.0,0.0,0.0
2025-10-13 00:00:00+05:30,323,Gaddiannaram,1,Gaddiannaram,81,Grapes,81,Common,0.0,5.0,13300.0,25000.0,16650.0,0.0,0.0
2025-10-12 00:00:00+05:30,274,Nakrekal,1098,Nakrekal,151,Lemon,151,Common,0.0,713.0,50.0,250.0,100.0,0.0,0.0
2025-10-12 00:00:00+05:30,231,Vemulawada,1126,Vemulawada,25,Cotton,25,Common,0.0,129.0,7710.0,8110.0,7900.0,0.0,0.0
2025-10-12 00:00:00+05:30,314,Marpally,45,Marpally,75,Soyabean,75,Common,0.0,94.0,4450.0,4450.0,4450.0,0.0,0.0
2025-10-13 00:00:00+05:30,324,Bowenpally,3,Bowenpally,107,Sweet Potato,107,Common,0.0,276.0,1000.0,3500.0,2800.0,0.0,0.0
2025-10-13 00:00:00+05:30,325,Hyderabad,6,Madannapeta,113,Green Chillies,113,Common,0.0,40.0,2500.0,3000.0,2750.0,0.0,0.0
2025-10-13 00:00:00+05:30,323,Gaddiannaram,2,L.B Nagar,111,Brinjal,111,Common,0.0,41.0,2000.0,3000.0,2500.0,0.0,0.0
2025-10-13 00:00:00+05:30,246,Warangal,886,Warangal,5,Maize,261,Bilt,0.0,896.79,1250.0,2205.0,2120.0,0.0,0.0
2025-10-13 00:00:00+05:30,325,Hyderabad,7,Meeralamandi,114,Tomato,114,Common,0.0,42.0,1600.0,2000.0,1800.0,0.0,0.0
2025-10-13 00:00:00+05:30,320,Tandur,37,Tandur,17,Black Gram,17,Common,0.0,90.0,3529.0,5209.0,5089.0,0.0,0.0
2025-10-13 00:00:00+05:30,274,Nakrekal,1098,Nakrekal,151,Lemon,151,Common,0.0,549.0,50.0,250.0,100.0,0.0,0.0
2025-10-13 00:00:00+05:30,219,Jagtial,1125,Jagtial,5,Maize,5,Common,0.0,793.0,1600.0,2111.0,1965.0,0.0,0.0
2025-10-13 00:00:00+05:30,231,Vemulawada,1126,Vemulawada,25,Cotton,25,Common,0.0,140.0,7200.0,8100.0,7500.0,0.0,0.0
2025-10-13 00:00:00+05:30,239,Kesamudram,1168,Kesamudram,25,Cotton,25,Common,0.0,45.0,3033.0,7259.0,7011.0,0.0,0.0
2025-10-13 00:00:00+05:30,241,Mahabubabad,1177,Mahabubabad,5,Maize,5,Common,0.0,2054.0,1820.0,2121.0,2085.0,0.0,0.0
2025-10-13 00:00:00+05:30,367,Gudimalkapur,1571,Gudumalkapur,107,Sweet Potato,107,Common,0.0,12.0,1400.0,1800.0,1600.0,0.0,0.0
2025-10-14 00:00:00+05:30,323,Gaddiannaram,2,L.B Nagar,111,Brinjal,111,Common,0.0,45.0,2000.0,3000.0,2500.0,0.0,0.0
2025-10-14 00:00:00+05:30,324,Bowenpally,3,Bowenpally,107,Sweet Potato,107,Common,0.0,187.0,1000.0,3000.0,2500.0,0.0,0.0
2025-10-14 00:00:00+05:30,246,Warangal,886,Warangal,5,Maize,261,Bilt,0.0,481.26,1600.0,2205.0,2205.0,0.0,0.0
2025-10-14 00:00:00+05:30,325,Hyderabad,6,Madannapeta,113,Green Chillies,113,Common,0.0,50.0,2500.0,3000.0,2750.0,0.0,0.0
2025-10-14 00:00:00+05:30,325,Hyderabad,7,Meeralamandi,114,Tomato,114,Common,0.0,38.0,1200.0,1600.0,1400.0,0.0,0.0
2025-10-14 00:00:00+05:30,279,Thirumalagiri,9,Tirmalagiri,1,Paddy,256,Grade-A (RNR),0.0,12.0,2300.0,2300.0,2300.0,0.0,0.0
2025-10-14 00:00:00+05:30,320,Tandur,37,Tandur,17,Black Gram,17,Common,0.0,167.0,3500.0,6498.0,3700.0,0.0,0.0
2025-10-14 00:00:00+05:30,314,Marpally,45,Marpally,75,Soyabean,75,Common,0.0,258.0,4000.0,4200.0,4100.0,0.0,0.0
2025-10-14 00:00:00+05:30,274,Nakrekal,1098,Nakrekal,151,Lemon,151,Common,0.0,110.0,50.0,400.0,100.0,0.0,0.0
2025-10-14 00:00:00+05:30,239,Kesamudram,1168,Kesamudram,25,Cotton,25,Common,0.0,206.0,3011.0,7201.0,7111.0,0.0,0.0
2025-10-14 00:00:00+05:30,219,Jagtial,1125,Jagtial,5,Maize,5,Common,0.0,738.0,1650.0,2075.0,1865.0,0.0,0.0
2025-10-14 00:00:00+05:30,231,Vemulawada,1126,Vemulawada,25,Cotton,25,Common,0.0,194.0,7710.0,8110.0,8110.0,0.0,0.0
2025-10-14 00:00:00+05:30,241,Mahabubabad,1177,Mahabubabad,5,Maize,5,Common,0.0,1855.0,1516.0,2105.0,2091.0,0.0,0.0
2025-10-14 00:00:00+05:30,367,Gudimalkapur,1571,Gudumalkapur,107,Sweet Potato,107,Common,0.0,43.0,1600.0,2000.0,1700.0,0.0,0.0
2025-10-15 00:00:00+05:30,323,Gaddiannaram,1,Gaddiannaram,81,Grapes,81,Common,0.0,3.0,13300.0,25000.0,16650.0,0.0,0.0
2025-10-15 00:00:00+05:30,246,Warangal,886,Warangal,5,Maize,261,Bilt,0.0,202.23,2050.0,2210.0,2210.0,0.0,0.0
2025-10-15 00:00:00+05:30,320,Tandur,37,Tandur,17,Black Gram,17,Common,0.0,21.0,3629.0,5209.0,5209.0,0.0,0.0
2025-10-15 00:00:00+05:30,325,Hyderabad,7,Meeralamandi,114,Tomato,114,Common,0.0,35.0,1200.0,2000.0,1600.0,0.0,0.0
2025-10-15 00:00:00+05:30,324,Bowenpally,3,Bowenpally,107,Sweet Potato,107,Common,0.0,252.0,1000.0,3000.0,2500.0,0.0,0.0
2025-10-15 00:00:00+05:30,325,Hyderabad,6,Madannapeta,113,Green Chillies,113,Common,0.0,42.0,2000.0,3000.0,2500.0,0.0,0.0
2025-10-15 00:00:00+05:30,323,Gaddiannaram,2,L.B Nagar,111,Brinjal,111,Common,0.0,42.0,2000.0,3000.0,2500.0,0.0,0.0
2025-10-15 00:00:00+05:30,239,Kesamudram,1168,Kesamudram,25,Cotton,25,Common,0.0,173.0,3011.0,7219.0,7089.0,0.0,0.0
2025-10-15 00:00:00+05:30,219,Jagtial,1125,Jagtial,5,Maize,5,Common,0.0,687.0,1600.0,2111.0,1850.0,0.0,0.0
2025-10-15 00:00:00+05:30,231,Vemulawada,1126,Vemulawada,25,Cotton,25,Common,0.0,425.0,7710.0,8110.0,8110.0,0.0,0.0
2025-10-15 00:00:00+05:30,274,Nakrekal,1098,Nakrekal,151,Lemon,151,Common,0.0,679.0,50.0,300.0,100.0,0.0,0.0
2025-10-15 00:00:00+05:30,241,Mahabubabad,1177,Mahabubabad,5,Maize,5,Common,0.0,1526.0,1505.0,2288.0,2078.0,0.0,0.0
2025-10-16 00:00:00+05:30,323,Gaddiannaram,1,Gaddiannaram,81,Grapes,81,Common,0.0,21.0,13300.0,25000.0,16650.0,0.0,0.0
2025-10-16 00:00:00+05:30,323,Gaddiannaram,2,L.B Nagar,111,Brinjal,111,Common,0.0,25.0,2000.0,3000.0,2500.0,0.0,0.0
2025-10-16 00:00:00+05:30,246,Warangal,886,Warangal,5,Maize,261,Bilt,0.0,448.6,1800.0,2170.0,2050.0,0.0,0.0
2025-10-16 00:00:00+05:30,314,Marpally,45,Marpally,75,Soyabean,75,Common,0.0,203.0,4400.0,4400.0,4400.0,0.0,0.0
2025-10-16 00:00:00+05:30,278,Suryapet,1091,Suryapet,5,Maize,5,Common,0.0,22.0,1515.0,1515.0,1515.0,0.0,0.0
2025-10-16 00:00:00+05:30,279,Thirumalagiri,9,Tirmalagiri,1,Paddy,256,Grade-A (RNR),0.0,9.0,1959.0,1959.0,1959.0,0.0,0.0
2025-10-16 00:00:00+05:30,324,Bowenpally,3,Bowenpally,107,Sweet Potato,107,Common,0.0,303.0,1000.0,3000.0,2500.0,0.0,0.0
2025-10-16 00:00:00+05:30,325,Hyderabad,7,Meeralamandi,114,Tomato,114,Common,0.0,30.0,1200.0,1600.0,1400.0,0.0,0.0
2025-10-16 00:00:00+05:30,325,Hyderabad,5,Mahabubmansion,54,Chillies(Dry),309,Armoor,0.0,48.0,8000.0,13600.0,10000.0,0.0,0.0
2025-10-16 00:00:00+05:30,325,Hyderabad,6,Madannapeta,113,Green Chillies,113,Common,0.0,50.0,2000.0,3000.0,2500.0,0.0,0.0
2025-10-16 00:00:00+05:30,239,Kesamudram,1168,Kesamudram,25,Cotton,25,Common,0.0,126.0,3255.0,7221.0,7119.0,0.0,0.0
2025-10-16 00:00:00+05:30,241,Mahabubabad,1177,Mahabubabad,5,Maize,5,Common,0.0,2104.0,2046.0,1975.0,0.0,0.0,0.0
2025-10-16 00:00:00+05:30,219,Jagtial,1125,Jagtial,5,Maize,5,Common,0.0,932.0,1600.0,2045.0,1865.0,0.0,0.0
2025-10-16 00:00:00+05:30,231,Vemulawada,1126,Vemulawada,25,Cotton,25,Common,0.0,260.0,7710.0,8110.0,8110.0,0.0,0.0
2025-10-16 00:00:00+05:30,274,Nakrekal,1098,Nakrekal,151,Lemon,151,Common,0.0,523.0,50.0,250.0,100.0,0.0,0.0
2025-10-16 00:00:00+05:30,367,Gudimalkapur,1571,Gudumalkapur,107,Sweet Potato,107,Common,0.0,21.0,1000.0,1600.0,1200.0,0.0,0.0
2025-10-17 00:00:00+05:30,323,Gaddiannaram,1,Gaddiannaram,81,Grapes,81,Common,0.0,2.0,13300.0,25000.0,16650.0,0.0,0.0
2025-10-17 00:00:00+05:30,324,Bowenpally,3,Bowenpally,107,Sweet Potato,107,Common,0.0,299.0,1000.0,3000.0,2500.0,0.0,0.0
2025-10-17 00:00:00+05:30,325,Hyderabad,7,Meeralamandi,114,Tomato,114,Common,0.0,33.0,1200.0,1600.0,1400.0,0.0,0.0
2025-10-17 00:00:00+05:30,325,Hyderabad,6,Madannapeta,113,Green Chillies,113,Common,0.0,42.0,2500.0,3500.0,3000.0,0.0,0.0
2025-10-17 00:00:00+05:30,323,Gaddiannaram,2,L.B Nagar,111,Brinjal,111,Common,0.0,30.0,1500.0,2500.0,2000.0,0.0,0.0
2025-10-17 00:00:00+05:30,246,Warangal,886,Warangal,5,Maize,261,Bilt,0.0,113.38,1252.0,1922.0,1860.0,0.0,0.0
2025-10-17 00:00:00+05:30,219,Jagtial,1125,Jagtial,5,Maize,5,Common,0.0,928.0,1621.0,2066.0,1867.0,0.0,0.0
2025-10-17 00:00:00+05:30,314,Marpally,45,Marpally,75,Soyabean,75,Common,0.0,115.0,4200.0,4200.0,4200.0,0.0,0.0
2025-10-17 00:00:00+05:30,279,Thirumalagiri,9,Tirmalagiri,1,Paddy,256,Grade-A (RNR),0.0,24.0,1829.0,1829.0,1829.0,0.0,0.0
2025-10-17 00:00:00+05:30,239,Kesamudram,1168,Kesamudram,25,Cotton,25,Common,0.0,166.0,2584.0,7119.0,6861.0,0.0,0.0
2025-10-17 00:00:00+05:30,231,Vemulawada,1126,Vemulawada,25,Cotton,25,Common,0.0,698.0,7710.0,8110.0,8110.0,0.0,0.0
2025-10-17 00:00:00+05:30,241,Mahabubabad,1177,Mahabubabad,5,Maize,5,Common,0.0,4892.0,1611.0,2106.0,2046.0,0.0,0.0
2025-10-18 00:00:00+05:30,323,Gaddiannaram,1,Gaddiannaram,81,Grapes,81,Common,0.0,1.0,13300.0,25000.0,16650.0,0.0,0.0
2025-10-18 00:00:00+05:30,324,Bowenpally,3,Bowenpally,107,Sweet Potato,107,Common,0.0,377.0,1000.0,3500.0,2800.0,0.0,0.0
2025-10-18 00:00:00+05:30,325,Hyderabad,7,Meeralamandi,114,Tomato,114,Common,0.0,25.0,1200.0,2000.0,1600.0,0.0,0.0
2025-10-18 00:00:00+05:30,325,Hyderabad,6,Madannapeta,113,Green Chillies,113,Common,0.0,35.0,2500.0,3000.0,2750.0,0.0,0.0
2025-10-18 00:00:00+05:30,323,Gaddiannaram,2,L.B Nagar,111,Brinjal,111,Common,0.0,45.0,2000.0,3000.0,2500.0,0.0,0.0
2025-10-18 00:00:00+05:30,231,Vemulawada,1126,Vemulawada,25,Cotton,25,Common,0.0,108.0,7110.0,8110.0,8110.0,0.0,0.0
2025-10-18 00:00:00+05:30,279,Thirumalagiri,9,Tirmalagiri,1,Paddy,256,Grade-A (RNR),0.0,41.0,1708.0,1708.0,1708.0,0.0,0.0
2025-10-18 00:00:00+05:30,274,Nakrekal,1098,Nakrekal,151,Lemon,151,Common,0.0,595.0,50.0,250.0,100.0,0.0,0.0
2025-10-18 00:00:00+05:30,314,Marpally,45,Marpally,75,Soyabean,75,Common,0.0,120.0,4200.0,4200.0,4200.0,0.0,0.0
2025-10-18 00:00:00+05:30,367,Gudimalkapur,1571,Gudumalkapur,107,Sweet Potato,107,Common,0.0,22.0,1600.0,2200.0,1800.0,0.0,0.0
2025-10-19 00:00:00+05:30,324,Bowenpally,3,Bowenpally,107,Sweet Potato,107,Common,0.0,412.0,1000.0,3000.0,2500.0,0.0,0.0
2025-10-19 00:00:00+05:30,325,Hyderabad,6,Madannapeta,113,Green Chillies,113,Common,0.0,50.0,2000.0,3000.0,2500.0,0.0,0.0
2025-10-19 00:00:00+05:30,323,Gaddiannaram,2,L.B Nagar,111,Brinjal,111,Common,0.0,48.0,2000.0,3000.0,2500.0,0.0,0.0
2025-10-19 00:00:00+05:30,325,Hyderabad,7,Meeralamandi,114,Tomato,114,Common,0.0,47.0,1200.0,1600.0,1400.0,0.0,0.0
2025-10-19 00:00:00+05:30,323,Gaddiannaram,1,Gaddiannaram,81,Grapes,81,Common,0.0,3.0,13300.0,25000.0,16650.0,0.0,0.0
2025-10-19 00:00:00+05:30,367,Gudimalkapur,1571,Gudumalkapur,107,Sweet Potato,107,Common,0.0,5.0,1800.0,2200.0,2000.0,0.0,0.0
2025-10-19 00:00:00+05:30,314,Marpally,45,Marpally,75,Soyabean,75,Common,0.0,340.0,4200.0,4200.0,4200.0,0.0,0.0
2025-10-20 00:00:00+05:30,323,Gaddiannaram,1,Gaddiannaram,81,Grapes,81,Common,0.0,1.0,13300.0,25000.0,16650.0,0.0,0.0
2025-10-20 00:00:00+05:30,323,Gaddiannaram,2,L.B Nagar,111,Brinjal,111,Common,0.0,45.0,2000.0,3000.0,2500.0,0.0,0.0
2025-10-20 00:00:00+05:30,325,Hyderabad,6,Madannapeta,113,Green Chillies,113,Common,0.0,39.0,2000.0,3000.0,2500.0,0.0,0.0
2025-10-20 00:00:00+05:30,324,Bowenpally,3,Bowenpally,107,Sweet Potato,107,Common,0.0,262.0,1000.0,3000.0,2500.0,0.0,0.0
2025-10-20 00:00:00+05:30,367,Gudimalkapur,1571,Gudumalkapur,107,Sweet Potato,107,Common,0.0,1.0,2000.0,2000.0,2000.0,0.0,0.0
2025-10-19 00:00:00+05:30,231,Vemulawada,1126,Vemulawada,25,Cotton,25,Common,0.0,176.0,7710.0,8110.0,8110.0,0.0,0.0
2025-10-21 00:00:00+05:30,314,Marpally,45,Marpally,75,Soyabean,75,Common,0.0,54.0,4000.0,4200.0,4100.0,0.0,0.0
2025-10-22 00:00:00+05:30,324,Bowenpally,3,Bowenpally,107,Sweet Potato,107,Common,0.0,135.0,1000.0,3000.0,2500.0,0.0,0.0
2025-10-20 00:00:00+05:30,274,Nakrekal,1098,Nakrekal,151,Lemon,151,Common,0.0,626.0,50.0,300.0,100.0,0.0,0.0
2025-10-20 00:00:00+05:30,231,Vemulawada,1126,Vemulawada,25,Cotton,25,Common,0.0,30.0,7710.0,8110.0,8110.0,0.0,0.0
2025-10-22 00:00:00+05:30,325,Hyderabad,7,Meeralamandi,114,Tomato,114,Common,0.0,28.0,1200.0,2000.0,1600.0,0.0,0.0
2025-10-22 00:00:00+05:30,279,Thirumalagiri,9,Tirmalagiri,1,Paddy,256,Grade-A (RNR),0.0,22.0,1618.0,1618.0,1618.0,0.0,0.0
2025-10-22 00:00:00+05:30,325,Hyderabad,6,Madannapeta,113,Green Chillies,113,Common,0.0,40.0,3000.0,4000.0,3500.0,0.0,0.0
2025-10-22 00:00:00+05:30,325,Hyderabad,5,Mahabubmansion,54,Chillies(Dry),309,Armoor,0.0,121.0,9000.0,13000.0,11000.0,0.0,0.0
2025-10-22 00:00:00+05:30,323,Gaddiannaram,1,Gaddiannaram,81,Grapes,81,Common,0.0,2.0,13300.0,25000.0,16650.0,0.0,0.0
2025-10-22 00:00:00+05:30,323,Gaddiannaram,2,L.B Nagar,111,Brinjal,111,Common,0.0,42.0,2000.0,3000.0,2500.0,0.0,0.0
2025-10-22 00:00:00+05:30,278,Suryapet,1091,Suryapet,5,Maize,5,Common,0.0,97.0,1822.0,1822.0,1822.0,0.0,0.0
2025-10-22 00:00:00+05:30,246,Warangal,886,Warangal,5,Maize,261,Bilt,0.0,1366.2,1350.0,2100.0,1950.0,0.0,0.0
2025-10-22 00:00:00+05:30,239,Kesamudram,1168,Kesamudram,25,Cotton,25,Common,0.0,152.0,2259.0,7081.0,6911.0,0.0,0.0
2025-10-22 00:00:00+05:30,219,Jagtial,1125,Jagtial,5,Maize,5,Common,0.0,1016.0,1750.0,2152.0,1980.0,0.0,0.0
2025-10-22 00:00:00+05:30,231,Vemulawada,1126,Vemulawada,25,Cotton,25,Common,0.0,247.0,7710.0,8110.0,8110.0,0.0,0.0
2025-10-22 00:00:00+05:30,314,Marpally,45,Marpally,75,Soyabean,75,Common,0.0,320.0,4200.0,4200.0,4200.0,0.0,0.0
2025-10-21 00:00:00+05:30,231,Vemulawada,1126,Vemulawada,25,Cotton,25,Common,0.0,200.0,7710.0,8110.0,8110.0,0.0,0.0
2025-10-22 00:00:00+05:30,241,Mahabubabad,1177,Mahabubabad,5,Maize,5,Common,0.0,7267.0,1629.0,2031.0,2016.0,0.0,0.0
2025-10-22 00:00:00+05:30,367,Gudimalkapur,1571,Gudumalkapur,107,Sweet Potato,107,Common,0.0,18.0,1300.0,2000.0,1500.0,0.0,0.0
2025-10-23 00:00:00+05:30,323,Gaddiannaram,2,L.B Nagar,111,Brinjal,111,Common,0.0,3.0,2000.0,3000.0,2500.0,0.0,0.0
2025-10-23 00:00:00+05:30,246,Warangal,886,Warangal,5,Maize,261,Bilt,0.0,668.05,1725.0,2070.0,1970.0,0.0,0.0
2025-10-23 00:00:00+05:30,314,Marpally,45,Marpally,75,Soyabean,75,Common,0.0,120.0,4100.0,4100.0,4100.0,0.0,0.0
2025-10-23 00:00:00+05:30,325,Hyderabad,7,Meeralamandi,114,Tomato,114,Common,0.0,28.0,1600.0,2000.0,1800.0,0.0,0.0
2025-10-23 00:00:00+05:30,325,Hyderabad,6,Madannapeta,113,Green Chillies,113,Common,0.0,50.0,2500.0,3500.0,3000.0,0.0,0.0
2025-10-23 00:00:00+05:30,325,Hyderabad,5,Mahabubmansion,54,Chillies(Dry),309,Armoor,0.0,50.0,9000.0,14600.0,11000.0,0.0,0.0
2025-10-23 00:00:00+05:30,324,Bowenpally,3,Bowenpally,107,Sweet Potato,107,Common,0.0,135.0,1000.0,3000.0,2500.0,0.0,0.0
2025-10-23 00:00:00+05:30,239,Kesamudram,1168,Kesamudram,25,Cotton,25,Common,0.0,239.0,3022.0,7088.0,6979.0,0.0,0.0
2025-10-23 00:00:00+05:30,219,Jagtial,1125,Jagtial,5,Maize,5,Common,0.0,1829.0,1655.0,2150.0,2001.0,0.0,0.0
2025-10-23 00:00:00+05:30,231,Vemulawada,1126,Vemulawada,25,Cotton,25,Common,0.0,374.0,7710.0,8110.0,8110.0,0.0,0.0
2025-10-23 00:00:00+05:30,278,Suryapet,1091,Suryapet,5,Maize,5,Common,0.0,328.0,1552.0,1752.0,1712.0,0.0,0.0
2025-10-23 00:00:00+05:30,274,Nakrekal,1098,Nakrekal,151,Lemon,151,Common,0.0,571.0,50.0,300.0,100.0,0.0,0.0
2025-10-24 00:00:00+05:30,324,Bowenpally,3,Bowenpally,107,Sweet Potato,107,Common,0.0,220.0,1000.0,3500.0,2600.0,0.0,0.0
2025-10-24 00:00:00+05:30,323,Gaddiannaram,1,Gaddiannaram,81,Grapes,81,Common,0.0,2.0,13300.0,25000.0,16650.0,0.0,0.0
2025-10-24 00:00:00+05:30,246,Warangal,886,Warangal,5,Maize,261,Bilt,0.0,945.84,1900.0,2050.0,1707.0,0.0,0.0
2025-10-24 00:00:00+05:30,325,Hyderabad,6,Madannapeta,113,Green Chillies,113,Common,0.0,40.0,2000.0,3000.0,2500.0,0.0,0.0
2025-10-24 00:00:00+05:30,323,Gaddiannaram,2,L.B Nagar,111,Brinjal,111,Common,0.0,43.0,2000.0,3000.0,2500.0,0.0,0.0
2025-10-24 00:00:00+05:30,325,Hyderabad,7,Meeralamandi,114,Tomato,114,Common,0.0,23.0,2000.0,2800.0,2400.0,0.0,0.0
2025-10-24 00:00:00+05:30,316,Narsingi,44,Narsingi,168,Cattle(All),168,Common,0.0,100.0,20000.0,50000.0,40000.0,0.0,0.0
2025-10-24 00:00:00+05:30,279,Thirumalagiri,9,Tirmalagiri,1,Paddy,256,Grade-A (RNR),0.0,5.0,1668.0,1668.0,1668.0,0.0,0.0
2025-10-24 00:00:00+05:30,239,Kesamudram,1168,Kesamudram,25,Cotton,25,Common,0.0,216.0,2221.0,7111.0,7091.0,0.0,0.0
2025-10-24 00:00:00+05:30,219,Jagtial,1125,Jagtial,5,Maize,5,Common,0.0,1657.0,1600.0,2101.0,2015.0,0.0,0.0
2025-10-24 00:00:00+05:30,231,Vemulawada,1126,Vemulawada,25,Cotton,25,Common,0.0,294.0,7710.0,8110.0,8110.0,0.0,0.0
2025-10-24 00:00:00+05:30,241,Mahabubabad,1177,Mahabubabad,5,Maize,5,Common,0.0,4490.0,1415.0,2052.0,1908.0,0.0,0.0
2025-10-24 00:00:00+05:30,367,Gudimalkapur,1571,Gudumalkapur,107,Sweet Potato,107,Common,0.0,2.0,2000.0,2000.0,2000.0,0.0,0.0
2025-10-25 00:00:00+05:30,323,Gaddiannaram,1,Gaddiannaram,81,Grapes,81,Common,0.0,3.0,11650.0,25000.0,16650.0,0.0,0.0
2025-10-25 00:00:00+05:30,324,Bowenpally,3,Bowenpally,107,Sweet Potato,107,Common,0.0,221.0,1000.0,3500.0,3000.0,0.0,0.0
2025-10-25 00:00:00+05:30,325,Hyderabad,6,Madannapeta,113,Green Chillies,113,Common,0.0,43.0,2500.0,3500.0,3000.0,0.0,0.0
2025-10-25 00:00:00+05:30,323,Gaddiannaram,2,L.B Nagar,111,Brinjal,111,Common,0.0,49.0,2000.0,3000.0,2500.0,0.0,0.0
2025-10-25 00:00:00+05:30,320,Tandur,37,Tandur,17,Black Gram,17,Common,0.0,47.0,3569.0,5359.0,4500.0,0.0,0.0
2025-10-25 00:00:00+05:30,188,Bhainsa,11,Bhainsa,25,Cotton,25,Common,0.0,1173.1,6500.0,7101.0,6900.0,0.0,0.0
2025-10-25 00:00:00+05:30,219,Jagtial,1125,Jagtial,5,Maize,5,Common,0.0,473.0,1600.0,2026.0,2026.0,0.0,0.0
2025-10-25 00:00:00+05:30,231,Vemulawada,1126,Vemulawada,25,Cotton,25,Common,0.0,496.0,7710.0,8110.0,8110.0,0.0,0.0
2025-10-22 00:00:00+05:30,274,Nakrekal,1098,Nakrekal,151,Lemon,151,Common,0.0,481.0,50.0,300.0,100.0,0.0,0.0
2025-10-25 00:00:00+05:30,278,Suryapet,1091,Suryapet,5,Maize,5,Common,0.0,43.0,1638.0,1708.0,1708.0,0.0,0.0
2025-10-25 00:00:00+05:30,325,Hyderabad,7,Meeralamandi,114,Tomato,114,Common,0.0,20.0,1600.0,2400.0,2000.0,0.0,0.0
2025-10-25 00:00:00+05:30,274,Nakrekal,1098,Nakrekal,151,Lemon,151,Common,0.0,277.0,50.0,300.0,100.0,0.0,0.0
2025-10-26 00:00:00+05:30,324,Bowenpally,3,Bowenpally,107,Sweet Potato,107,Common,0.0,428.0,1000.0,3500.0,2800.0,0.0,0.0
2025-10-26 00:00:00+05:30,325,Hyderabad,6,Madannapeta,113,Green Chillies,113,Common,0.0,35.0,2500.0,3000.0,2750.0,0.0,0.0
2025-10-26 00:00:00+05:30,323,Gaddiannaram,2,L.B Nagar,111,Brinjal,111,Common,0.0,48.0,2000.0,3000.0,2500.0,0.0,0.0
2025-10-26 00:00:00+05:30,325,Hyderabad,7,Meeralamandi,114,Tomato,114,Common,0.0,47.0,1600.0,1800.0,1700.0,0.0,0.0
2025-10-26 00:00:00+05:30,323,Gaddiannaram,1,Gaddiannaram,81,Grapes,81,Common,0.0,4.0,11650.0,25000.0,16650.0,0.0,0.0
2025-10-26 00:00:00+05:30,314,Marpally,45,Marpally,75,Soyabean,75,Common,0.0,110.0,4100.0,4100.0,4100.0,0.0,0.0
2025-10-26 00:00:00+05:30,367,Gudimalkapur,1571,Gudumalkapur,107,Sweet Potato,107,Common,0.0,7.0,1300.0,2000.0,1500.0,0.0,0.0
2025-10-27 00:00:00+05:30,324,Bowenpally,3,Bowenpally,107,Sweet Potato,107,Common,0.0,355.0,1000.0,3500.0,2600.0,0.0,0.0
2025-10-27 00:00:00+05:30,323,Gaddiannaram,1,Gaddiannaram,81,Grapes,81,Common,0.0,2.0,13300.0,26600.0,16600.0,0.0,0.0
2025-10-27 00:00:00+05:30,323,Gaddiannaram,2,L.B Nagar,111,Brinjal,111,Common,0.0,42.0,2000.0,3000.0,2500.0,0.0,0.0
2025-10-27 00:00:00+05:30,246,Warangal,886,Warangal,5,Maize,261,Bilt,0.0,504.23,1630.0,2050.0,1675.0,0.0,0.0
2025-10-27 00:00:00+05:30,325,Hyderabad,6,Madannapeta,113,Green Chillies,113,Common,0.0,45.0,2500.0,3000.0,2750.0,0.0,0.0
2025-10-27 00:00:00+05:30,325,Hyderabad,5,Mahabubmansion,54,Chillies(Dry),309,Armoor,0.0,80.0,8000.0,12500.0,11000.0,0.0,0.0
2025-10-27 00:00:00+05:30,325,Hyderabad,7,Meeralamandi,114,Tomato,114,Common,0.0,27.0,2000.0,2800.0,2400.0,0.0,0.0
2025-10-26 00:00:00+05:30,274,Nakrekal,1098,Nakrekal,151,Lemon,151,Common,0.0,662.0,50.0,350.0,100.0,0.0,0.0
2025-10-26 00:00:00+05:30,231,Vemulawada,1126,Vemulawada,25,Cotton,25,Common,0.0,216.0,7710.0,8110.0,8110.0,0.0,0.0
2025-10-27 00:00:00+05:30,320,Tandur,37,Tandur,17,Black Gram,17,Common,0.0,30.0,4500.0,6000.0,4500.0,0.0,0.0
2025-10-27 00:00:00+05:30,188,Bhainsa,11,Bhainsa,25,Cotton,25,Common,0.0,441.41,6500.0,7000.0,6900.0,0.0,0.0
2025-10-27 00:00:00+05:30,314,Marpally,45,Marpally,75,Soyabean,75,Common,0.0,220.0,4000.0,4200.0,4100.0,0.0,0.0
2025-10-27 00:00:00+05:30,278,Suryapet,1091,Suryapet,5,Maize,5,Common,0.0,113.0,1359.0,1832.0,1359.0,0.0,0.0
2025-10-27 00:00:00+05:30,239,Kesamudram,1168,Kesamudram,25,Cotton,25,Common,0.0,484.0,2210.0,7135.0,7011.0,0.0,0.0
2025-10-27 00:00:00+05:30,241,Mahabubabad,1177,Mahabubabad,5,Maize,5,Common,0.0,5995.0,1425.0,2006.0,1925.0,0.0,0.0
2025-10-27 00:00:00+05:30,219,Jagtial,1125,Jagtial,5,Maize,5,Common,0.0,1494.0,1680.0,2065.0,2031.0,0.0,0.0
2025-10-27 00:00:00+05:30,274,Nakrekal,1098,Nakrekal,151,Lemon,151,Common,0.0,987.0,50.0,350.0,100.0,0.0,0.0
2025-10-27 00:00:00+05:30,231,Vemulawada,1126,Vemulawada,25,Cotton,25,Common,0.0,550.0,7710.0,8110.0,8110.0,0.0,0.0
2025-10-27 00:00:00+05:30,367,Gudimalkapur,1571,Gudumalkapur,107,Sweet Potato,107,Common,0.0,13.0,1300.0,1800.0,1500.0,0.0,0.0
2025-10-28 00:00:00+05:30,324,Bowenpally,3,Bowenpally,107,Sweet Potato,107,Common,0.0,205.0,400.0,3500.0,2500.0,0.0,0.0
2025-10-28 00:00:00+05:30,323,Gaddiannaram,1,Gaddiannaram,81,Grapes,81,Common,0.0,5.0,13300.0,26600.0,16600.0,0.0,0.0
2025-10-28 00:00:00+05:30,323,Gaddiannaram,2,L.B Nagar,111,Brinjal,111,Common,0.0,35.0,2000.0,3000.0,2500.0,0.0,0.0
2025-10-28 00:00:00+05:30,246,Warangal,886,Warangal,5,Maize,261,Bilt,0.0,378.11,1550.0,2070.0,1800.0,0.0,0.0
2025-10-28 00:00:00+05:30,325,Hyderabad,7,Meeralamandi,114,Tomato,114,Common,0.0,27.0,2000.0,2800.0,2400.0,0.0,0.0
2025-10-28 00:00:00+05:30,279,Thirumalagiri,9,Tirmalagiri,1,Paddy,256,Grade-A (RNR),0.0,7.0,2359.0,2359.0,2359.0,0.0,0.0
2025-10-28 00:00:00+05:30,325,Hyderabad,6,Madannapeta,113,Green Chillies,113,Common,0.0,40.0,2500.0,3000.0,2750.0,0.0,0.0
2025-10-28 00:00:00+05:30,320,Tandur,37,Tandur,17,Black Gram,17,Common,0.0,89.0,3500.0,5129.0,4500.0,0.0,0.0
2025-10-28 00:00:00+05:30,314,Marpally,45,Marpally,75,Soyabean,75,Common,0.0,487.0,4000.0,4200.0,4100.0,0.0,0.0
2025-10-28 00:00:00+05:30,219,Jagtial,1125,Jagtial,5,Maize,5,Common,0.0,1228.0,1651.0,2025.0,1941.0,0.0,0.0
2025-10-28 00:00:00+05:30,274,Nakrekal,1098,Nakrekal,151,Lemon,151,Common,0.0,778.0,50.0,250.0,100.0,0.0,0.0
2025-10-28 00:00:00+05:30,231,Vemulawada,1126,Vemulawada,25,Cotton,25,Common,0.0,356.0,7710.0,8110.0,8110.0,0.0,0.0
2025-10-28 00:00:00+05:30,239,Kesamudram,1168,Kesamudram,25,Cotton,25,Common,0.0,264.0,2622.0,7089.0,7059.0,0.0,0.0
2025-10-28 00:00:00+05:30,241,Mahabubabad,1177,Mahabubabad,5,Maize,5,Common,0.0,3414.0,1549.0,1996.0,1911.0,0.0,0.0
2025-10-28 00:00:00+05:30,367,Gudimalkapur,1571,Gudumalkapur,107,Sweet Potato,107,Common,0.0,15.0,1800.0,2000.0,1800.0,0.0,0.0
2025-10-29 00:00:00+05:30,323,Gaddiannaram,2,L.B Nagar,111,Brinjal,111,Common,0.0,28.0,2000.0,3000.0,2500.0,0.0,0.0
2025-10-29 00:00:00+05:30,325,Hyderabad,6,Madannapeta,113,Green Chillies,113,Common,0.0,40.0,2500.0,3000.0,2750.0,0.0,0.0
2025-10-29 00:00:00+05:30,323,Gaddiannaram,1,Gaddiannaram,81,Grapes,81,Common,0.0,6.0,13300.0,26600.0,16600.0,0.0,0.0
2025-10-29 00:00:00+05:30,324,Bowenpally,3,Bowenpally,107,Sweet Potato,107,Common,0.0,347.0,1000.0,3500.0,2500.0,0.0,0.0
2025-10-29 00:00:00+05:30,246,Warangal,886,Warangal,5,Maize,261,Bilt,0.0,110.08,1675.0,2000.0,1675.0,0.0,0.0
2025-10-29 00:00:00+05:30,278,Suryapet,1091,Suryapet,5,Maize,5,Common,0.0,195.0,1653.0,1772.0,1772.0,0.0,0.0
2025-10-29 00:00:00+05:30,320,Tandur,37,Tandur,17,Black Gram,17,Common,0.0,14.0,3825.0,5009.0,4815.0,0.0,0.0
2025-10-29 00:00:00+05:30,325,Hyderabad,7,Meeralamandi,114,Tomato,114,Common,0.0,17.0,2000.0,3200.0,2600.0,0.0,0.0
2025-10-29 00:00:00+05:30,274,Nakrekal,1098,Nakrekal,151,Lemon,151,Common,0.0,246.0,50.0,250.0,100.0,0.0,0.0
2025-10-29 00:00:00+05:30,231,Vemulawada,1126,Vemulawada,25,Cotton,25,Common,0.0,73.0,7710.0,8110.0,8110.0,0.0,0.0
2025-10-29 00:00:00+05:30,241,Mahabubabad,1177,Mahabubabad,5,Maize,5,Common,0.0,1070.0,1123.0,1956.0,1896.0,0.0,0.0
2025-10-29 00:00:00+05:30,367,Gudimalkapur,1571,Gudumalkapur,107,Sweet Potato,107,Common,0.0,41.0,1000.0,2200.0,1400.0,0.0,0.0
2025-10-30 00:00:00+05:30,323,Gaddiannaram,2,L.B Nagar,111,Brinjal,111,Common,0.0,21.0,3000.0,3500.0,3200.0,0.0,0.0
2025-10-30 00:00:00+05:30,325,Hyderabad,6,Madannapeta,113,Green Chillies,113,Common,0.0,40.0,2500.0,3000.0,2750.0,0.0,0.0
2025-10-30 00:00:00+05:30,323,Gaddiannaram,1,Gaddiannaram,81,Grapes,81,Common,0.0,1.0,11650.0,26650.0,16650.0,0.0,0.0
2025-10-30 00:00:00+05:30,324,Bowenpally,3,Bowenpally,107,Sweet Potato,107,Common,0.0,335.0,1000.0,3300.0,2500.0,0.0,0.0
2025-10-30 00:00:00+05:30,219,Jagtial,1125,Jagtial,5,Maize,5,Common,0.0,262.0,1700.0,2011.0,2010.0,0.0,0.0
2025-10-30 00:00:00+05:30,231,Vemulawada,1126,Vemulawada,25,Cotton,25,Common,0.0,274.0,7710.0,8110.0,8110.0,0.0,0.0
2025-10-30 00:00:00+05:30,274,Nakrekal,1098,Nakrekal,151,Lemon,151,Common,0.0,29.0,50.0,300.0,100.0,0.0,0.0
2025-10-30 00:00:00+05:30,278,Suryapet,1091,Suryapet,5,Maize,5,Common,0.0,178.0,1375.0,1785.0,1785.0,0.0,0.0
2025-10-30 00:00:00+05:30,325,Hyderabad,7,Meeralamandi,114,Tomato,114,Common,0.0,36.0,1200.0,2000.0,1600.0,0.0,0.0
2025-10-30 00:00:00+05:30,320,Tandur,37,Tandur,17,Black Gram,17,Common,0.0,47.0,3500.0,5289.0,5289.0,0.0,0.0
2025-10-31 00:00:00+05:30,323,Gaddiannaram,1,Gaddiannaram,81,Grapes,81,Common,0.0,5.0,11650.0,26650.0,16650.0,0.0,0.0
2025-10-31 00:00:00+05:30,324,Bowenpally,3,Bowenpally,107,Sweet Potato,107,Common,0.0,100.0,1000.0,3000.0,2500.0,0.0,0.0
2025-10-31 00:00:00+05:30,325,Hyderabad,6,Madannapeta,113,Green Chillies,113,Common,0.0,51.0,2000.0,3000.0,2500.0,0.0,0.0
2025-10-31 00:00:00+05:30,323,Gaddiannaram,2,L.B Nagar,111,Brinjal,111,Common,0.0,53.0,2500.0,3500.0,3000.0,0.0,0.0
2025-10-31 00:00:00+05:30,231,Vemulawada,1126,Vemulawada,25,Cotton,25,Common,0.0,163.0,7710.0,8110.0,8110.0,0.0,0.0
2025-10-31 00:00:00+05:30,320,Tandur,37,Tandur,17,Black Gram,17,Common,0.0,20.0,3825.0,5319.0,5319.0,0.0,0.0
2025-10-31 00:00:00+05:30,188,Bhainsa,11,Bhainsa,25,Cotton,25,Common,0.0,564.82,6500.0,6900.0,6800.0,0.0,0.0
2025-10-31 00:00:00+05:30,325,Hyderabad,5,Mahabubmansion,54,Chillies(Dry),309,Armoor,0.0,72.0,9000.0,14600.0,10000.0,0.0,0.0
2025-10-31 00:00:00+05:30,325,Hyderabad,7,Meeralamandi,114,Tomato,114,Common,0.0,26.0,1200.0,2000.0,1600.0,0.0,0.0
2025-10-31 00:00:00+05:30,316,Narsingi,44,Narsingi,168,Cattle(All),168,Common,0.0,75.0,20000.0,50000.0,40000.0,0.0,0.0
2025-10-31 00:00:00+05:30,314,Marpally,45,Marpally,75,Soyabean,75,Common,0.0,330.0,4100.0,4100.0,4100.0,0.0,0.0
2025-10-28 00:00:00+05:30,323,Gaddiannaram,2,L.B Nagar,112,Ladys Finger,112,Common,0.0,60.0,2000.0,3000.0,2500.0,0.0,0.0
2025-10-28 00:00:00+05:30,323,Gaddiannaram,1,Gaddiannaram,81,Grapes,296,Black,0.0,43.0,1700.0,6400.0,2850.0,0.0,0.0
2025-10-28 00:00:00+05:30,324,Bowenpally,3,Bowenpally,108,Yam,108,Common,0.0,41.0,2000.0,4000.0,3500.0,0.0,0.0
2025-10-28 00:00:00+05:30,325,Hyderabad,5,Mahabubmansion,55,Onions,217,No.I,0.0,3209.0,1800.0,2300.0,2000.0,0.0,0.0
2025-10-27 00:00:00+05:30,367,Gudimalkapur,1571,Gudumalkapur,108,Yam,108,Common,0.0,18.0,2500.0,4000.0,3000.0,0.0,0.0
2025-10-27 00:00:00+05:30,256,Khammam,1067,Khammam,25,Cotton,25,Common,0.0,5982.0,4500.0,7000.0,6500.0,0.0,0.0
2025-10-27 00:00:00+05:30,325,Hyderabad,5,Mahabubmansion,55,Onions,217,No.I,0.0,4619.0,1800.0,2200.0,2000.0,0.0,0.0
2025-10-27 00:00:00+05:30,325,Hyderabad,6,Madannapeta,114,Tomato,114,Common,0.0,147.0,1600.0,2800.0,2200.0,0.0,0.0
2025-10-27 00:00:00+05:30,323,Gaddiannaram,2,L.B Nagar,112,Ladys Finger,112,Common,0.0,55.0,2000.0,3000.0,2500.0,0.0,0.0
2025-10-27 00:00:00+05:30,323,Gaddiannaram,1,Gaddiannaram,81,Grapes,296,Black,0.0,164.0,1700.0,5700.0,2800.0,0.0,0.0
2025-10-27 00:00:00+05:30,324,Bowenpally,3,Bowenpally,108,Yam,108,Common,0.0,177.0,2000.0,4000.0,3500.0,0.0,0.0
2025-10-26 00:00:00+05:30,303,Kalwakurthy,1340,Kalwakurthy,98,Cabbage,98,Common,0.0,4.0,2300.0,2500.0,2400.0,0.0,0.0
2025-10-26 00:00:00+05:30,323,Gaddiannaram,2,L.B Nagar,112,Ladys Finger,112,Common,0.0,62.0,1500.0,2500.0,2000.0,0.0,0.0
2025-10-26 00:00:00+05:30,325,Hyderabad,6,Madannapeta,114,Tomato,114,Common,0.0,242.0,1200.0,2000.0,1600.0,0.0,0.0
2025-10-26 00:00:00+05:30,324,Bowenpally,3,Bowenpally,108,Yam,108,Common,0.0,85.0,2000.0,4500.0,3600.0,0.0,0.0
2025-10-25 00:00:00+05:30,303,Kalwakurthy,1340,Kalwakurthy,98,Cabbage,98,Common,0.0,1.0,2800.0,2800.0,2800.0,0.0,0.0
2025-10-25 00:00:00+05:30,325,Hyderabad,5,Mahabubmansion,55,Onions,217,No.I,0.0,3111.0,1800.0,2000.0,1900.0,0.0,0.0
2025-10-24 00:00:00+05:30,308,Nagarkurnool,1334,Nagarkurnool,16,Green Gram,16,Common,0.0,2.5,5257.0,5257.0,5257.0,0.0,0.0
2025-10-25 00:00:00+05:30,323,Gaddiannaram,2,L.B Nagar,112,Ladys Finger,112,Common,0.0,54.0,1000.0,2000.0,1500.0,0.0,0.0
2025-10-25 00:00:00+05:30,325,Hyderabad,6,Madannapeta,114,Tomato,114,Common,0.0,260.0,1200.0,2000.0,1600.0,0.0,0.0
2025-10-25 00:00:00+05:30,324,Bowenpally,3,Bowenpally,108,Yam,108,Common,0.0,92.0,2000.0,4000.0,3500.0,0.0,0.0
2025-10-25 00:00:00+05:30,323,Gaddiannaram,1,Gaddiannaram,81,Grapes,296,Black,0.0,72.0,1700.0,6400.0,2850.0,0.0,0.0
2025-10-24 00:00:00+05:30,367,Gudimalkapur,1571,Gudumalkapur,108,Yam,108,Common,0.0,1.0,2000.0,2000.0,2000.0,0.0,0.0
2025-10-24 00:00:00+05:30,256,Khammam,1067,Khammam,25,Cotton,25,Common,0.0,2480.0,4600.0,7011.0,6500.0,0.0,0.0
2025-10-24 00:00:00+05:30,325,Hyderabad,5,Mahabubmansion,55,Onions,217,No.I,0.0,2213.0,1800.0,2000.0,1900.0,0.0,0.0
2025-10-24 00:00:00+05:30,323,Gaddiannaram,2,L.B Nagar,112,Ladys Finger,112,Common,0.0,60.0,1000.0,2000.0,1500.0,0.0,0.0
2025-10-24 00:00:00+05:30,325,Hyderabad,6,Madannapeta,114,Tomato,114,Common,0.0,237.0,1600.0,2400.0,2000.0,0.0,0.0
2025-10-24 00:00:00+05:30,323,Gaddiannaram,1,Gaddiannaram,81,Grapes,296,Black,0.0,163.0,1700.0,6400.0,2850.0,0.0,0.0
2025-10-24 00:00:00+05:30,324,Bowenpally,3,Bowenpally,108,Yam,108,Common,0.0,3.0,1000.0,3000.0,2500.0,0.0,0.0
2025-10-23 00:00:00+05:30,367,Gudimalkapur,1571,Gudumalkapur,108,Yam,108,Common,0.0,6.0,4000.0,4000.0,4000.0,0.0,0.0
2025-10-23 00:00:00+05:30,324,Bowenpally,3,Bowenpally,108,Yam,108,Common,0.0,169.0,2000.0,4500.0,3600.0,0.0,0.0
2025-10-23 00:00:00+05:30,325,Hyderabad,5,Mahabubmansion,55,Onions,217,No.I,0.0,1452.0,1700.0,1900.0,1800.0,0.0,0.0
2025-10-23 00:00:00+05:30,323,Gaddiannaram,1,Gaddiannaram,81,Grapes,296,Black,0.0,11.0,1700.0,6400.0,2850.0,0.0,0.0
2025-10-23 00:00:00+05:30,325,Hyderabad,6,Madannapeta,114,Tomato,114,Common,0.0,205.0,1600.0,2800.0,2400.0,0.0,0.0
2025-10-23 00:00:00+05:30,256,Khammam,1067,Khammam,25,Cotton,25,Common,0.0,3253.0,4500.0,7000.0,6700.0,0.0,0.0
2025-10-23 00:00:00+05:30,323,Gaddiannaram,2,L.B Nagar,112,Ladys Finger,112,Common,0.0,49.0,1000.0,2000.0,1500.0,0.0,0.0
2025-10-22 00:00:00+05:30,256,Khammam,1067,Khammam,25,Cotton,25,Common,0.0,3918.0,4500.0,7000.0,6700.0,0.0,0.0
2025-10-22 00:00:00+05:30,323,Gaddiannaram,2,L.B Nagar,112,Ladys Finger,112,Common,0.0,135.0,1000.0,2000.0,1500.0,0.0,0.0
2025-10-22 00:00:00+05:30,323,Gaddiannaram,1,Gaddiannaram,81,Grapes,296,Black,0.0,118.0,1700.0,6400.0,2850.0,0.0,0.0
2025-10-22 00:00:00+05:30,325,Hyderabad,5,Mahabubmansion,55,Onions,217,No.I,0.0,4260.0,1600.0,1800.0,1700.0,0.0,0.0
2025-10-22 00:00:00+05:30,325,Hyderabad,6,Madannapeta,114,Tomato,114,Common,0.0,235.0,1200.0,2000.0,1600.0,0.0,0.0
2025-10-21 00:00:00+05:30,303,Kalwakurthy,1340,Kalwakurthy,98,Cabbage,98,Common,0.0,1.0,2500.0,2500.0,2500.0,0.0,0.0
2025-10-22 00:00:00+05:30,324,Bowenpally,3,Bowenpally,108,Yam,108,Common,0.0,169.0,2000.0,4500.0,3600.0,0.0,0.0
2025-10-21 00:00:00+05:30,323,Gaddiannaram,1,Gaddiannaram,81,Grapes,296,Black,0.0,21.0,1700.0,6400.0,2850.0,0.0,0.0
2025-10-20 00:00:00+05:30,325,Hyderabad,5,Mahabubmansion,55,Onions,217,No.I,0.0,1199.0,1500.0,1700.0,1600.0,0.0,0.0
2025-10-20 00:00:00+05:30,324,Bowenpally,3,Bowenpally,108,Yam,108,Common,0.0,65.0,2000.0,4000.0,3500.0,0.0,0.0
2025-10-20 00:00:00+05:30,325,Hyderabad,6,Madannapeta,114,Tomato,114,Common,0.0,227.0,800.0,1600.0,1200.0,0.0,0.0
2025-10-20 00:00:00+05:30,323,Gaddiannaram,2,L.B Nagar,112,Ladys Finger,112,Common,0.0,85.0,1000.0,2000.0,1500.0,0.0,0.0
2025-10-20 00:00:00+05:30,323,Gaddiannaram,1,Gaddiannaram,81,Grapes,296,Black,0.0,105.0,1700.0,6400.0,2850.0,0.0,0.0
2025-10-19 00:00:00+05:30,303,Kalwakurthy,1340,Kalwakurthy,98,Cabbage,98,Common,0.0,1.0,1800.0,1800.0,1800.0,0.0,0.0
2025-10-19 00:00:00+05:30,367,Gudimalkapur,1571,Gudumalkapur,108,Yam,108,Common,0.0,20.0,3000.0,3500.0,3000.0,0.0,0.0
2025-10-19 00:00:00+05:30,323,Gaddiannaram,1,Gaddiannaram,81,Grapes,296,Black,0.0,21.0,1700.0,6400.0,2850.0,0.0,0.0
2025-10-19 00:00:00+05:30,323,Gaddiannaram,2,L.B Nagar,112,Ladys Finger,112,Common,0.0,80.0,1000.0,2000.0,1500.0,0.0,0.0
2025-10-19 00:00:00+05:30,325,Hyderabad,6,Madannapeta,114,Tomato,114,Common,0.0,225.0,800.0,1600.0,1200.0,0.0,0.0
2025-10-19 00:00:00+05:30,324,Bowenpally,3,Bowenpally,108,Yam,108,Common,0.0,173.0,2000.0,3500.0,3000.0,0.0,0.0
2025-10-18 00:00:00+05:30,367,Gudimalkapur,1571,Gudumalkapur,108,Yam,108,Common,0.0,7.0,2500.0,2500.0,2500.0,0.0,0.0
2025-10-18 00:00:00+05:30,303,Kalwakurthy,1340,Kalwakurthy,98,Cabbage,98,Common,0.0,2.0,2000.0,2000.0,2000.0,0.0,0.0
2025-10-18 00:00:00+05:30,323,Gaddiannaram,2,L.B Nagar,112,Ladys Finger,112,Common,0.0,75.0,1000.0,2000.0,1500.0,0.0,0.0
2025-10-18 00:00:00+05:30,325,Hyderabad,6,Madannapeta,114,Tomato,114,Common,0.0,272.0,800.0,1600.0,1200.0,0.0,0.0
2025-10-18 00:00:00+05:30,325,Hyderabad,5,Mahabubmansion,55,Onions,217,No.I,0.0,3390.0,1300.0,1500.0,1400.0,0.0,0.0
2025-10-18 00:00:00+05:30,324,Bowenpally,3,Bowenpally,108,Yam,108,Common,0.0,148.0,1500.0,4000.0,3000.0,0.0,0.0
2025-10-18 00:00:00+05:30,323,Gaddiannaram,1,Gaddiannaram,81,Grapes,296,Black,0.0,61.0,1700.0,6400.0,2850.0,0.0,0.0
2025-10-17 00:00:00+05:30,367,Gudimalkapur,1571,Gudumalkapur,108,Yam,108,Common,0.0,1.0,3000.0,3500.0,3500.0,0.0,0.0
2025-10-17 00:00:00+05:30,325,Hyderabad,5,Mahabubmansion,55,Onions,217,No.I,0.0,4162.0,1300.0,1500.0,1400.0,0.0,0.0
2025-10-17 00:00:00+05:30,256,Khammam,1067,Khammam,25,Cotton,25,Common,0.0,2559.0,4600.0,6900.0,6200.0,0.0,0.0
2025-10-17 00:00:00+05:30,246,Warangal,886,Warangal,6,Jowar,225,White,0.0,392.53,1800.0,2180.0,1800.0,0.0,0.0
2025-10-17 00:00:00+05:30,323,Gaddiannaram,2,L.B Nagar,112,Ladys Finger,112,Common,0.0,65.0,1000.0,2000.0,1500.0,0.0,0.0
2025-10-17 00:00:00+05:30,325,Hyderabad,6,Madannapeta,114,Tomato,114,Common,0.0,250.0,800.0,1600.0,1200.0,0.0,0.0
2025-10-17 00:00:00+05:30,324,Bowenpally,3,Bowenpally,108,Yam,108,Common,0.0,111.0,2000.0,3500.0,3000.0,0.0,0.0
2025-10-17 00:00:00+05:30,323,Gaddiannaram,1,Gaddiannaram,81,Grapes,296,Black,0.0,158.0,1700.0,6400.0,2850.0,0.0,0.0
2025-10-16 00:00:00+05:30,367,Gudimalkapur,1571,Gudumalkapur,108,Yam,108,Common,0.0,7.0,2500.0,3500.0,3000.0,0.0,0.0
2025-10-16 00:00:00+05:30,325,Hyderabad,6,Madannapeta,114,Tomato,114,Common,0.0,227.0,800.0,1600.0,1200.0,0.0,0.0
2025-10-16 00:00:00+05:30,325,Hyderabad,5,Mahabubmansion,55,Onions,217,No.I,0.0,5113.0,1400.0,1600.0,1500.0,0.0,0.0
2025-10-16 00:00:00+05:30,324,Bowenpally,3,Bowenpally,108,Yam,108,Common,0.0,72.0,2000.0,4000.0,3500.0,0.0,0.0
2025-10-16 00:00:00+05:30,256,Khammam,1067,Khammam,25,Cotton,25,Common,0.0,4307.0,4600.0,7100.0,6000.0,0.0,0.0
2025-10-16 00:00:00+05:30,323,Gaddiannaram,2,L.B Nagar,112,Ladys Finger,112,Common,0.0,80.0,1000.0,2000.0,1500.0,0.0,0.0
2025-10-16 00:00:00+05:30,323,Gaddiannaram,1,Gaddiannaram,81,Grapes,296,Black,0.0,21.0,1700.0,6400.0,2850.0,0.0,0.0
2025-10-15 00:00:00+05:30,256,Khammam,1067,Khammam,25,Cotton,25,Common,0.0,4670.0,4600.0,7211.0,6300.0,0.0,0.0
2025-10-15 00:00:00+05:30,367,Gudimalkapur,1571,Gudumalkapur,108,Yam,108,Common,0.0,8.0,3000.0,3500.0,3200.0,0.0,0.0
2025-10-15 00:00:00+05:30,323,Gaddiannaram,2,L.B Nagar,112,Ladys Finger,112,Common,0.0,94.0,1000.0,2000.0,1500.0,0.0,0.0
2025-10-15 00:00:00+05:30,325,Hyderabad,6,Madannapeta,114,Tomato,114,Common,0.0,270.0,1000.0,1500.0,1300.0,0.0,0.0
2025-10-15 00:00:00+05:30,324,Bowenpally,3,Bowenpally,108,Yam,108,Common,0.0,129.0,1000.0,3500.0,2800.0,0.0,0.0
2025-10-15 00:00:00+05:30,325,Hyderabad,5,Mahabubmansion,55,Onions,217,No.I,0.0,5046.0,1400.0,1600.0,1500.0,0.0,0.0
2025-10-15 00:00:00+05:30,323,Gaddiannaram,1,Gaddiannaram,81,Grapes,296,Black,0.0,172.0,1700.0,6400.0,2850.0,0.0,0.0
2025-10-14 00:00:00+05:30,367,Gudimalkapur,1571,Gudumalkapur,108,Yam,108,Common,0.0,8.0,2500.0,2500.0,2500.0,0.0,0.0
2025-10-14 00:00:00+05:30,278,Suryapet,1091,Suryapet,6,Jowar,225,White,0.0,13.0,2132.0,2132.0,2132.0,0.0,0.0
2025-10-14 00:00:00+05:30,325,Hyderabad,6,Madannapeta,114,Tomato,114,Common,0.0,252.0,1200.0,1600.0,1400.0,0.0,0.0
2025-10-14 00:00:00+05:30,325,Hyderabad,5,Mahabubmansion,55,Onions,217,No.I,0.0,5664.0,1200.0,1500.0,1300.0,0.0,0.0
2025-10-14 00:00:00+05:30,323,Gaddiannaram,1,Gaddiannaram,81,Grapes,296,Black,0.0,21.0,1700.0,6400.0,2850.0,0.0,0.0
2025-10-14 00:00:00+05:30,324,Bowenpally,3,Bowenpally,108,Yam,108,Common,0.0,43.0,2000.0,4000.0,3500.0,0.0,0.0
2025-10-14 00:00:00+05:30,323,Gaddiannaram,2,L.B Nagar,112,Ladys Finger,112,Common,0.0,94.0,1000.0,2000.0,1500.0,0.0,0.0
2025-10-13 00:00:00+05:30,367,Gudimalkapur,1571,Gudumalkapur,108,Yam,108,Common,0.0,3.0,1500.0,1500.0,1500.0,0.0,0.0
2025-10-13 00:00:00+05:30,256,Khammam,1067,Khammam,25,Cotton,25,Common,0.0,2560.0,4500.0,7100.0,6300.0,0.0,0.0
2025-10-13 00:00:00+05:30,325,Hyderabad,5,Mahabubmansion,55,Onions,217,No.I,0.0,7298.0,1400.0,1600.0,1500.0,0.0,0.0
2025-10-13 00:00:00+05:30,323,Gaddiannaram,2,L.B Nagar,112,Ladys Finger,112,Common,0.0,86.0,1000.0,2000.0,1500.0,0.0,0.0
2025-10-13 00:00:00+05:30,325,Hyderabad,6,Madannapeta,114,Tomato,114,Common,0.0,197.0,800.0,1600.0,1200.0,0.0,0.0
2025-10-13 00:00:00+05:30,324,Bowenpally,3,Bowenpally,108,Yam,108,Common,0.0,49.0,2500.0,4000.0,3600.0,0.0,0.0
2025-10-12 00:00:00+05:30,303,Kalwakurthy,1340,Kalwakurthy,98,Cabbage,98,Common,0.0,1.0,1800.0,1800.0,1800.0,0.0,0.0
2025-10-13 00:00:00+05:30,323,Gaddiannaram,1,Gaddiannaram,81,Grapes,296,Black,0.0,195.0,1700.0,6400.0,2850.0,0.0,0.0
2025-10-12 00:00:00+05:30,367,Gudimalkapur,1571,Gudumalkapur,108,Yam,108,Common,0.0,4.0,2000.0,2000.0,2000.0,0.0,0.0
2025-10-12 00:00:00+05:30,323,Gaddiannaram,2,L.B Nagar,112,Ladys Finger,112,Common,0.0,101.0,1000.0,2000.0,1500.0,0.0,0.0
2025-10-12 00:00:00+05:30,324,Bowenpally,3,Bowenpally,108,Yam,108,Common,0.0,61.0,2000.0,4000.0,3500.0,0.0,0.0
2025-10-12 00:00:00+05:30,323,Gaddiannaram,1,Gaddiannaram,81,Grapes,296,Black,0.0,21.0,1700.0,6400.0,2850.0,0.0,0.0
2025-10-11 00:00:00+05:30,324,Bowenpally,3,Bowenpally,108,Yam,108,Common,0.0,66.0,1500.0,3000.0,2600.0,0.0,0.0
2025-10-11 00:00:00+05:30,325,Hyderabad,6,Madannapeta,114,Tomato,114,Common,0.0,232.0,1200.0,1600.0,1400.0,0.0,0.0
2025-10-10 00:00:00+05:30,289,Sadasivpet,1200,Sadasivapet,17,Black Gram,17,Common,0.0,5.0,5229.0,5229.0,5229.0,0.0,0.0
2025-10-11 00:00:00+05:30,325,Hyderabad,5,Mahabubmansion,55,Onions,217,No.I,0.0,6103.0,1500.0,1700.0,1600.0,0.0,0.0
2025-10-11 00:00:00+05:30,323,Gaddiannaram,2,L.B Nagar,112,Ladys Finger,112,Common,0.0,93.0,1000.0,2000.0,1500.0,0.0,0.0
2025-10-11 00:00:00+05:30,323,Gaddiannaram,1,Gaddiannaram,81,Grapes,296,Black,0.0,38.0,1700.0,6400.0,2850.0,0.0,0.0
2025-10-10 00:00:00+05:30,256,Khammam,1067,Khammam,25,Cotton,25,Common,0.0,2342.0,4500.0,7100.0,6500.0,0.0,0.0
2025-10-10 00:00:00+05:30,239,Kesamudram,1168,Kesamudram,30,Groundnut pods,30,Common,0.0,1.0,2011.0,2011.0,2011.0,0.0,0.0
2025-10-10 00:00:00+05:30,323,Gaddiannaram,2,L.B Nagar,112,Ladys Finger,112,Common,0.0,75.0,1000.0,2000.0,1500.0,0.0,0.0
2025-10-10 00:00:00+05:30,325,Hyderabad,5,Mahabubmansion,55,Onions,217,No.I,0.0,4659.0,1600.0,1800.0,1700.0,0.0,0.0
2025-10-10 00:00:00+05:30,323,Gaddiannaram,1,Gaddiannaram,81,Grapes,296,Black,0.0,180.0,1700.0,6400.0,2850.0,0.0,0.0
2025-10-10 00:00:00+05:30,324,Bowenpally,3,Bowenpally,108,Yam,108,Common,0.0,106.0,1500.0,3500.0,3000.0,0.0,0.0
2025-10-09 00:00:00+05:30,367,Gudimalkapur,1571,Gudumalkapur,108,Yam,108,Common,0.0,13.0,2000.0,4000.0,3000.0,0.0,0.0
2025-10-09 00:00:00+05:30,256,Khammam,1067,Khammam,25,Cotton,25,Common,0.0,2078.0,4500.0,7111.0,6700.0,0.0,0.0
2025-10-09 00:00:00+05:30,324,Bowenpally,3,Bowenpally,108,Yam,108,Common,0.0,52.0,2000.0,3500.0,3000.0,0.0,0.0
2025-10-09 00:00:00+05:30,325,Hyderabad,6,Madannapeta,114,Tomato,114,Common,0.0,217.0,1200.0,2400.0,1800.0,0.0,0.0
2025-10-09 00:00:00+05:30,323,Gaddiannaram,1,Gaddiannaram,81,Grapes,296,Black,0.0,21.0,1700.0,6400.0,2850.0,0.0,0.0
2025-10-09 00:00:00+05:30,325,Hyderabad,5,Mahabubmansion,55,Onions,217,No.I,0.0,4316.0,1600.0,1900.0,1800.0,0.0,0.0
2025-10-09 00:00:00+05:30,323,Gaddiannaram,2,L.B Nagar,112,Ladys Finger,112,Common,0.0,65.0,1000.0,2000.0,1500.0,0.0,0.0
2025-10-08 00:00:00+05:30,367,Gudimalkapur,1571,Gudumalkapur,108,Yam,108,Common,0.0,1.0,3000.0,3000.0,3000.0,0.0,0.0
2025-10-08 00:00:00+05:30,289,Sadasivpet,1200,Sadasivapet,17,Black Gram,17,Common,0.0,5.0,3511.0,4011.0,4011.0,0.0,0.0
2025-10-08 00:00:00+05:30,323,Gaddiannaram,2,L.B Nagar,112,Ladys Finger,112,Common,0.0,83.0,1000.0,2000.0,1500.0,0.0,0.0
2025-10-08 00:00:00+05:30,323,Gaddiannaram,1,Gaddiannaram,81,Grapes,296,Black,0.0,168.0,1700.0,6400.0,2850.0,0.0,0.0
2025-10-08 00:00:00+05:30,325,Hyderabad,5,Mahabubmansion,55,Onions,217,No.I,0.0,4511.0,1600.0,1900.0,1700.0,0.0,0.0
2025-10-08 00:00:00+05:30,325,Hyderabad,6,Madannapeta,114,Tomato,114,Common,0.0,212.0,1200.0,2000.0,1600.0,0.0,0.0
2025-10-08 00:00:00+05:30,256,Khammam,1067,Khammam,25,Cotton,25,Common,0.0,1269.0,4500.0,7050.0,6400.0,0.0,0.0
2025-10-08 00:00:00+05:30,324,Bowenpally,3,Bowenpally,108,Yam,108,Common,0.0,79.0,2000.0,4000.0,3500.0,0.0,0.0
2025-10-07 00:00:00+05:30,256,Khammam,1067,Khammam,25,Cotton,25,Common,0.0,1533.0,4500.0,6900.0,6000.0,0.0,0.0
2025-10-07 00:00:00+05:30,367,Gudimalkapur,1571,Gudumalkapur,108,Yam,108,Common,0.0,6.0,4500.0,4500.0,4500.0,0.0,0.0
2025-10-07 00:00:00+05:30,324,Bowenpally,3,Bowenpally,108,Yam,108,Common,0.0,108.0,2000.0,4000.0,3500.0,0.0,0.0
2025-10-07 00:00:00+05:30,325,Hyderabad,6,Madannapeta,114,Tomato,114,Common,0.0,237.0,1200.0,1600.0,1400.0,0.0,0.0
2025-10-07 00:00:00+05:30,325,Hyderabad,5,Mahabubmansion,55,Onions,217,No.I,0.0,3122.0,1400.0,1800.0,1600.0,0.0,0.0
2025-10-07 00:00:00+05:30,323,Gaddiannaram,1,Gaddiannaram,81,Grapes,296,Black,0.0,60.0,1700.0,6400.0,2850.0,0.0,0.0
2025-10-07 00:00:00+05:30,319,Shankerpally,40,Shankerpally,105,Potato,105,Common,0.0,7.5,2500.0,2600.0,2550.0,0.0,0.0
2025-10-07 00:00:00+05:30,323,Gaddiannaram,2,L.B Nagar,112,Ladys Finger,112,Common,0.0,48.0,1000.0,2000.0,1500.0,0.0,0.0
2025-10-06 00:00:00+05:30,367,Gudimalkapur,1571,Gudumalkapur,108,Yam,108,Common,0.0,3.0,3000.0,3000.0,3000.0,0.0,0.0
2025-10-06 00:00:00+05:30,256,Khammam,1067,Khammam,25,Cotton,25,Common,0.0,2120.0,4500.0,7101.0,6000.0,0.0,0.0
2025-10-06 00:00:00+05:30,323,Gaddiannaram,2,L.B Nagar,112,Ladys Finger,112,Common,0.0,88.0,1000.0,2000.0,1500.0,0.0,0.0
2025-10-06 00:00:00+05:30,323,Gaddiannaram,1,Gaddiannaram,81,Grapes,296,Black,0.0,205.0,1700.0,6400.0,2850.0,0.0,0.0
2025-10-06 00:00:00+05:30,324,Bowenpally,3,Bowenpally,108,Yam,108,Common,0.0,88.0,2000.0,4000.0,3500.0,0.0,0.0
2025-10-06 00:00:00+05:30,325,Hyderabad,6,Madannapeta,114,Tomato,114,Common,0.0,232.0,1200.0,2000.0,1600.0,0.0,0.0
2025-10-06 00:00:00+05:30,325,Hyderabad,5,Mahabubmansion,55,Onions,217,No.I,0.0,3363.0,1400.0,1800.0,1600.0,0.0,0.0
2025-10-05 00:00:00+05:30,367,Gudimalkapur,1571,Gudumalkapur,108,Yam,108,Common,0.0,5.0,3000.0,3500.0,3000.0,0.0,0.0
2025-10-05 00:00:00+05:30,324,Bowenpally,3,Bowenpally,108,Yam,108,Common,0.0,71.0,2000.0,4500.0,3600.0,0.0,0.0
2025-10-05 00:00:00+05:30,323,Gaddiannaram,1,Gaddiannaram,81,Grapes,296,Black,0.0,21.0,1700.0,7100.0,2850.0,0.0,0.0
2025-10-05 00:00:00+05:30,325,Hyderabad,6,Madannapeta,114,Tomato,114,Common,0.0,255.0,1200.0,2000.0,1600.0,0.0,0.0
2025-10-05 00:00:00+05:30,323,Gaddiannaram,2,L.B Nagar,112,Ladys Finger,112,Common,0.0,53.0,1000.0,1500.0,1200.0,0.0,0.0
2025-10-04 00:00:00+05:30,303,Kalwakurthy,1340,Kalwakurthy,98,Cabbage,98,Common,0.0,1.0,1500.0,1500.0,1500.0,0.0,0.0
2025-10-04 00:00:00+05:30,367,Gudimalkapur,1571,Gudumalkapur,108,Yam,108,Common,0.0,11.0,2400.0,3000.0,2600.0,0.0,0.0
2025-10-04 00:00:00+05:30,319,Shankerpally,40,Shankerpally,105,Potato,105,Common,0.0,6.0,2500.0,2600.0,2550.0,0.0,0.0
2025-10-04 00:00:00+05:30,325,Hyderabad,6,Madannapeta,114,Tomato,114,Common,0.0,175.0,1200.0,2000.0,1600.0,0.0,0.0
2025-10-04 00:00:00+05:30,325,Hyderabad,5,Mahabubmansion,55,Onions,217,No.I,0.0,4961.0,1400.0,1600.0,1500.0,0.0,0.0
2025-10-04 00:00:00+05:30,323,Gaddiannaram,2,L.B Nagar,112,Ladys Finger,112,Common,0.0,100.0,1000.0,1500.0,1200.0,0.0,0.0
2025-10-04 00:00:00+05:30,324,Bowenpally,3,Bowenpally,108,Yam,108,Common,0.0,38.0,1500.0,4500.0,2700.0,0.0,0.0
2025-10-04 00:00:00+05:30,323,Gaddiannaram,1,Gaddiannaram,81,Grapes,296,Black,0.0,21.0,1700.0,7100.0,2850.0,0.0,0.0
2025-10-03 00:00:00+05:30,367,Gudimalkapur,1571,Gudumalkapur,108,Yam,108,Common,0.0,3.0,2000.0,2500.0,2000.0,0.0,0.0
2025-10-03 00:00:00+05:30,325,Hyderabad,6,Madannapeta,114,Tomato,114,Common,0.0,87.0,1200.0,2000.0,1600.0,0.0,0.0
2025-10-03 00:00:00+05:30,324,Bowenpally,3,Bowenpally,108,Yam,108,Common,0.0,64.0,1500.0,3500.0,2800.0,0.0,0.0
2025-10-03 00:00:00+05:30,323,Gaddiannaram,1,Gaddiannaram,81,Grapes,296,Black,0.0,168.0,1700.0,7100.0,2850.0,0.0,0.0
2025-10-02 00:00:00+05:30,323,Gaddiannaram,2,L.B Nagar,112,Ladys Finger,112,Common,0.0,55.0,1000.0,1500.0,1200.0,0.0,0.0
2025-10-02 00:00:00+05:30,325,Hyderabad,6,Madannapeta,114,Tomato,114,Common,0.0,162.0,1200.0,2000.0,1600.0,0.0,0.0
2025-10-02 00:00:00+05:30,324,Bowenpally,3,Bowenpally,108,Yam,108,Common,0.0,48.0,2000.0,4500.0,3800.0,0.0,0.0
2025-10-01 00:00:00+05:30,303,Kalwakurthy,1340,Kalwakurthy,98,Cabbage,98,Common,0.0,1.0,1500.0,1500.0,1500.0,0.0,0.0
2025-10-01 00:00:00+05:30,367,Gudimalkapur,1571,Gudumalkapur,108,Yam,108,Common,0.0,5.0,2000.0,2000.0,2000.0,0.0,0.0
2025-10-01 00:00:00+05:30,325,Hyderabad,6,Madannapeta,114,Tomato,114,Common,0.0,285.0,1200.0,1600.0,1400.0,0.0,0.0
2025-10-01 00:00:00+05:30,325,Hyderabad,5,Mahabubmansion,55,Onions,217,No.I,0.0,4586.0,1600.0,1800.0,1700.0,0.0,0.0
2025-10-01 00:00:00+05:30,323,Gaddiannaram,2,L.B Nagar,112,Ladys Finger,112,Common,0.0,30.0,1000.0,2000.0,1500.0,0.0,0.0
2025-10-01 00:00:00+05:30,323,Gaddiannaram,1,Gaddiannaram,81,Grapes,296,Black,0.0,63.0,1700.0,7100.0,2850.0,0.0,0.0
2025-10-01 00:00:00+05:30,324,Bowenpally,3,Bowenpally,108,Yam,108,Common,0.0,12.0,1000.0,2500.0,2000.0,0.0,0.0
2025-10-31 00:00:00+05:30,325,Hyderabad,5,Mahabubmansion,55,Onions,217,No.I,0.0,4113.0,1700.0,2000.0,1800.0,0.0,0.0
2025-10-31 00:00:00+05:30,256,Khammam,1067,Khammam,25,Cotton,25,Common,0.0,6522.0,5000.0,7100.0,6700.0,0.0,0.0
2025-10-31 00:00:00+05:30,303,Kalwakurthy,1340,Kalwakurthy,98,Cabbage,98,Common,0.0,2.0,2500.0,2500.0,2500.0,0.0,0.0
2025-10-31 00:00:00+05:30,323,Gaddiannaram,2,L.B Nagar,112,Ladys Finger,112,Common,0.0,45.0,3000.0,3500.0,3200.0,0.0,0.0
2025-10-31 00:00:00+05:30,325,Hyderabad,6,Madannapeta,114,Tomato,114,Common,0.0,297.0,1000.0,2000.0,1500.0,0.0,0.0
2025-10-31 00:00:00+05:30,324,Bowenpally,3,Bowenpally,108,Yam,108,Common,0.0,29.0,1500.0,4000.0,3200.0,0.0,0.0
2025-10-31 00:00:00+05:30,323,Gaddiannaram,1,Gaddiannaram,81,Grapes,296,Black,0.0,115.0,1700.0,5700.0,2850.0,0.0,0.0
2025-10-30 00:00:00+05:30,324,Bowenpally,3,Bowenpally,108,Yam,108,Common,0.0,26.0,1500.0,3000.0,2600.0,0.0,0.0
2025-10-30 00:00:00+05:30,325,Hyderabad,5,Mahabubmansion,55,Onions,217,No.I,0.0,3019.0,1700.0,2000.0,1800.0,0.0,0.0
2025-10-30 00:00:00+05:30,325,Hyderabad,6,Madannapeta,114,Tomato,114,Common,0.0,245.0,1200.0,2000.0,1600.0,0.0,0.0
2025-10-30 00:00:00+05:30,323,Gaddiannaram,2,L.B Nagar,112,Ladys Finger,112,Common,0.0,68.0,3000.0,3500.0,3200.0,0.0,0.0
2025-10-29 00:00:00+05:30,367,Gudimalkapur,1571,Gudumalkapur,108,Yam,108,Common,0.0,2.0,2500.0,3000.0,2500.0,0.0,0.0
2025-10-29 00:00:00+05:30,324,Bowenpally,3,Bowenpally,108,Yam,108,Common,0.0,68.0,2000.0,4000.0,3500.0,0.0,0.0
2025-10-29 00:00:00+05:30,323,Gaddiannaram,1,Gaddiannaram,81,Grapes,296,Black,0.0,83.0,1700.0,6400.0,2800.0,0.0,0.0
2025-10-29 00:00:00+05:30,325,Hyderabad,5,Mahabubmansion,55,Onions,217,No.I,0.0,3825.0,1800.0,2100.0,1900.0,0.0,0.0
2025-10-29 00:00:00+05:30,325,Hyderabad,6,Madannapeta,114,Tomato,114,Common,0.0,280.0,800.0,1600.0,1200.0,0.0,0.0
2025-10-29 00:00:00+05:30,323,Gaddiannaram,2,L.B Nagar,112,Ladys Finger,112,Common,0.0,49.0,2000.0,3000.0,2500.0,0.0,0.0
2025-10-28 00:00:00+05:30,367,Gudimalkapur,1571,Gudumalkapur,108,Yam,108,Common,0.0,2.0,3000.0,3000.0,3000.0,0.0,0.0
2025-10-28 00:00:00+05:30,189,Boath,12,Boath,25,Cotton,25,Common,0.0,20.0,7500.0,7500.0,7500.0,0.0,0.0
2025-10-28 00:00:00+05:30,256,Khammam,1067,Khammam,25,Cotton,25,Common,0.0,3400.0,4500.0,7000.0,6500.0,0.0,0.0
2025-10-28 00:00:00+05:30,325,Hyderabad,6,Madannapeta,114,Tomato,114,Common,0.0,202.0,1600.0,2800.0,2200.0,0.0,0.0
2025-10-01 00:00:00+05:30,323,Gaddiannaram,2,L.B Nagar,113,Green Chillies,113,Common,0.0,191.0,2000.0,3000.0,2500.0,0.0,0.0
2025-10-01 00:00:00+05:30,325,Hyderabad,5,Mahabubmansion,55,Onions,218,No.II,0.0,6880.0,300.0,1500.0,1200.0,0.0,0.0
2025-10-01 00:00:00+05:30,325,Hyderabad,6,Madannapeta,116,French Beans,116,Common,0.0,4.0,5000.0,5000.0,5000.0,0.0,0.0
2025-10-01 00:00:00+05:30,367,Gudimalkapur,1571,Gudumalkapur,110,Green Onion,110,Common,0.0,3.0,2000.0,2500.0,2000.0,0.0,0.0
2025-10-02 00:00:00+05:30,324,Bowenpally,3,Bowenpally,110,Green Onion,110,Common,0.0,15.0,1500.0,3500.0,2800.0,0.0,0.0
2025-10-02 00:00:00+05:30,325,Hyderabad,6,Madannapeta,116,French Beans,116,Common,0.0,7.0,5000.0,6000.0,5500.0,0.0,0.0
2025-10-02 00:00:00+05:30,323,Gaddiannaram,2,L.B Nagar,113,Green Chillies,113,Common,0.0,136.0,2000.0,3000.0,2500.0,0.0,0.0
2025-10-03 00:00:00+05:30,324,Bowenpally,3,Bowenpally,110,Green Onion,110,Common,0.0,4.0,1500.0,3000.0,2500.0,0.0,0.0
2025-10-03 00:00:00+05:30,325,Hyderabad,6,Madannapeta,116,French Beans,116,Common,0.0,5.0,5000.0,5000.0,5000.0,0.0,0.0
2025-10-03 00:00:00+05:30,367,Gudimalkapur,1571,Gudumalkapur,110,Green Onion,110,Common,0.0,1.0,2000.0,2000.0,2000.0,0.0,0.0
2025-10-04 00:00:00+05:30,323,Gaddiannaram,2,L.B Nagar,113,Green Chillies,113,Common,0.0,171.0,3000.0,4000.0,3500.0,0.0,0.0
2025-10-04 00:00:00+05:30,325,Hyderabad,5,Mahabubmansion,55,Onions,218,No.II,0.0,7441.0,400.0,1300.0,1000.0,0.0,0.0
2025-10-01 00:00:00+05:30,290,Siddipet,1193,Siddipet,5,Maize,5,Common,0.0,150.81,1944.0,2032.0,1971.0,0.0,0.0
2025-10-04 00:00:00+05:30,325,Hyderabad,6,Madannapeta,116,French Beans,116,Common,0.0,8.0,5000.0,6500.0,5750.0,0.0,0.0
2025-10-04 00:00:00+05:30,188,Bhainsa,11,Bhainsa,32,Gingelly,32,Common,0.0,75.87,9465.0,10189.0,9859.0,0.0,0.0
2025-10-04 00:00:00+05:30,367,Gudimalkapur,1571,Gudumalkapur,110,Green Onion,110,Common,0.0,3.0,200.0,3000.0,2500.0,0.0,0.0
2025-10-04 00:00:00+05:30,278,Suryapet,1091,Suryapet,15,Red Gram,15,Common,0.0,8.0,3096.0,5594.0,5373.0,0.0,0.0
2025-10-05 00:00:00+05:30,323,Gaddiannaram,2,L.B Nagar,113,Green Chillies,113,Common,0.0,274.0,2000.0,3000.0,2500.0,0.0,0.0
2025-10-05 00:00:00+05:30,325,Hyderabad,6,Madannapeta,116,French Beans,116,Common,0.0,9.0,5000.0,5500.0,5250.0,0.0,0.0
2025-10-05 00:00:00+05:30,367,Gudimalkapur,1571,Gudumalkapur,110,Green Onion,110,Common,0.0,1.0,2000.0,2000.0,2000.0,0.0,0.0
2025-10-04 00:00:00+05:30,290,Siddipet,1193,Siddipet,5,Maize,5,Common,0.0,410.05,1905.0,2065.0,1963.0,0.0,0.0
2025-10-05 00:00:00+05:30,303,Kalwakurthy,1340,Kalwakurthy,105,Potato,105,Common,0.0,3.0,2300.0,2300.0,2300.0,0.0,0.0
2025-10-06 00:00:00+05:30,325,Hyderabad,5,Mahabubmansion,55,Onions,218,No.II,0.0,5045.0,400.0,1300.0,1100.0,0.0,0.0
2025-10-06 00:00:00+05:30,325,Hyderabad,6,Madannapeta,116,French Beans,116,Common,0.0,9.0,5000.0,5500.0,5250.0,0.0,0.0
2025-10-06 00:00:00+05:30,246,Warangal,886,Warangal,6,Jowar,232,Yellow,0.0,5.3,1412.0,2502.0,2502.0,0.0,0.0
2025-10-06 00:00:00+05:30,324,Bowenpally,3,Bowenpally,110,Green Onion,110,Common,0.0,12.0,1500.0,3000.0,2600.0,0.0,0.0
2025-10-06 00:00:00+05:30,323,Gaddiannaram,2,L.B Nagar,113,Green Chillies,113,Common,0.0,212.0,2000.0,4000.0,3000.0,0.0,0.0
2025-10-06 00:00:00+05:30,212,Choppadandi,1123,Choppadandi,5,Maize,5,Common,0.0,102.0,2100.0,2100.0,2100.0,0.0,0.0
2025-10-06 00:00:00+05:30,241,Mahabubabad,1177,Mahabubabad,16,Green Gram,16,Common,0.0,17.0,2360.0,5260.0,4860.0,0.0,0.0
2025-10-06 00:00:00+05:30,290,Siddipet,1193,Siddipet,5,Maize,5,Common,0.0,383.0,1951.0,2081.0,2021.0,0.0,0.0
2025-10-06 00:00:00+05:30,278,Suryapet,1091,Suryapet,15,Red Gram,15,Common,0.0,32.0,4892.0,5789.0,5396.0,0.0,0.0
2025-10-06 00:00:00+05:30,188,Bhainsa,11,Bhainsa,32,Gingelly,32,Common,0.0,24.65,6618.0,10256.0,9965.0,0.0,0.0
2025-10-06 00:00:00+05:30,300,Badepally,1327,Badepally,17,Black Gram,17,Common,0.0,17.0,4510.0,4510.0,4510.0,0.0,0.0
2025-10-07 00:00:00+05:30,323,Gaddiannaram,2,L.B Nagar,113,Green Chillies,113,Common,0.0,207.0,2000.0,3000.0,2500.0,0.0,0.0
2025-10-07 00:00:00+05:30,319,Shankerpally,40,Shankerpally,111,Brinjal,111,Common,0.0,0.7,3000.0,3000.0,3000.0,0.0,0.0
2025-10-07 00:00:00+05:30,188,Bhainsa,11,Bhainsa,32,Gingelly,32,Common,0.0,77.21,8823.0,9999.0,9999.0,0.0,0.0
2025-10-07 00:00:00+05:30,325,Hyderabad,5,Mahabubmansion,55,Onions,218,No.II,0.0,4684.0,400.0,1200.0,1100.0,0.0,0.0
2025-10-07 00:00:00+05:30,325,Hyderabad,6,Madannapeta,116,French Beans,116,Common,0.0,8.0,4000.0,5000.0,4500.0,0.0,0.0
2025-10-07 00:00:00+05:30,367,Gudimalkapur,1571,Gudumalkapur,110,Green Onion,110,Common,0.0,1.0,2000.0,2000.0,2000.0,0.0,0.0
2025-10-07 00:00:00+05:30,212,Choppadandi,1123,Choppadandi,5,Maize,5,Common,0.0,123.0,2055.0,2106.0,2055.0,0.0,0.0
2025-10-07 00:00:00+05:30,278,Suryapet,1091,Suryapet,15,Red Gram,15,Common,0.0,48.0,3393.0,6001.0,5193.0,0.0,0.0
2025-10-07 00:00:00+05:30,241,Mahabubabad,1177,Mahabubabad,16,Green Gram,16,Common,0.0,41.0,3028.0,6066.0,4726.0,0.0,0.0
2025-10-07 00:00:00+05:30,290,Siddipet,1193,Siddipet,5,Maize,5,Common,0.0,295.35,1921.0,2071.0,2003.0,0.0,0.0
2025-10-08 00:00:00+05:30,324,Bowenpally,3,Bowenpally,110,Green Onion,110,Common,0.0,13.0,1500.0,3000.0,2600.0,0.0,0.0
2025-10-07 00:00:00+05:30,303,Kalwakurthy,1340,Kalwakurthy,105,Potato,105,Common,0.0,1.0,2300.0,2300.0,2300.0,0.0,0.0
2025-10-07 00:00:00+05:30,331,Vantimamidi,1612,Vantimamidi,110,Green Onion,110,Common,0.0,2.0,2000.0,2000.0,2000.0,0.0,0.0
2025-10-08 00:00:00+05:30,278,Suryapet,1091,Suryapet,15,Red Gram,15,Common,0.0,63.0,5031.0,5969.0,5693.0,0.0,0.0
2025-10-08 00:00:00+05:30,290,Siddipet,1193,Siddipet,5,Maize,5,Common,0.0,611.61,1935.0,2072.0,2002.0,0.0,0.0
2025-10-08 00:00:00+05:30,325,Hyderabad,6,Madannapeta,116,French Beans,116,Common,0.0,9.0,4000.0,5000.0,4500.0,0.0,0.0
2025-10-08 00:00:00+05:30,188,Bhainsa,11,Bhainsa,32,Gingelly,32,Common,0.0,135.03,8909.0,10216.0,10211.0,0.0,0.0
2025-10-08 00:00:00+05:30,325,Hyderabad,5,Mahabubmansion,55,Onions,218,No.II,0.0,6767.0,400.0,1500.0,1100.0,0.0,0.0
2025-10-08 00:00:00+05:30,323,Gaddiannaram,2,L.B Nagar,113,Green Chillies,113,Common,0.0,232.0,2000.0,3000.0,2500.0,0.0,0.0
2025-10-09 00:00:00+05:30,323,Gaddiannaram,2,L.B Nagar,113,Green Chillies,113,Common,0.0,188.0,2000.0,3000.0,2500.0,0.0,0.0
2025-10-08 00:00:00+05:30,331,Vantimamidi,1612,Vantimamidi,110,Green Onion,110,Common,0.0,2.0,2000.0,2000.0,2000.0,0.0,0.0
2025-10-09 00:00:00+05:30,325,Hyderabad,5,Mahabubmansion,55,Onions,218,No.II,0.0,6475.0,400.0,1500.0,1000.0,0.0,0.0
2025-10-09 00:00:00+05:30,325,Hyderabad,6,Madannapeta,116,French Beans,116,Common,0.0,2.0,4000.0,4000.0,4000.0,0.0,0.0
2025-10-09 00:00:00+05:30,188,Bhainsa,11,Bhainsa,32,Gingelly,32,Common,0.0,94.7,6408.0,10164.0,9369.0,0.0,0.0
2025-10-09 00:00:00+05:30,241,Mahabubabad,1177,Mahabubabad,16,Green Gram,16,Common,0.0,12.0,5160.0,6360.0,5660.0,0.0,0.0
2025-10-09 00:00:00+05:30,290,Siddipet,1193,Siddipet,5,Maize,5,Common,0.0,842.16,2035.0,2086.0,1981.0,0.0,0.0
2025-10-09 00:00:00+05:30,212,Choppadandi,1123,Choppadandi,5,Maize,5,Common,0.0,153.0,1822.0,2103.0,1845.0,0.0,0.0
2025-10-10 00:00:00+05:30,324,Bowenpally,3,Bowenpally,110,Green Onion,110,Common,0.0,24.0,1000.0,5000.0,3500.0,0.0,0.0
2025-10-10 00:00:00+05:30,325,Hyderabad,5,Mahabubmansion,55,Onions,218,No.II,0.0,6988.0,300.0,1500.0,1200.0,0.0,0.0
2025-10-10 00:00:00+05:30,323,Gaddiannaram,2,L.B Nagar,113,Green Chillies,113,Common,0.0,269.0,2000.0,3000.0,2500.0,0.0,0.0
2025-10-10 00:00:00+05:30,246,Warangal,886,Warangal,6,Jowar,232,Yellow,0.0,14.19,2959.0,3023.0,3023.0,0.0,0.0
2025-10-10 00:00:00+05:30,278,Suryapet,1091,Suryapet,15,Red Gram,15,Common,0.0,39.0,5470.0,6139.0,6139.0,0.0,0.0
2025-10-10 00:00:00+05:30,367,Gudimalkapur,1571,Gudumalkapur,110,Green Onion,110,Common,0.0,1.0,2500.0,2500.0,2500.0,0.0,0.0
2025-10-11 00:00:00+05:30,323,Gaddiannaram,2,L.B Nagar,113,Green Chillies,113,Common,0.0,252.0,2000.0,3000.0,2500.0,0.0,0.0
2025-10-10 00:00:00+05:30,290,Siddipet,1193,Siddipet,5,Maize,5,Common,0.0,857.93,1955.0,2091.0,2055.0,0.0,0.0
2025-10-11 00:00:00+05:30,325,Hyderabad,5,Mahabubmansion,55,Onions,218,No.II,0.0,9154.0,400.0,1400.0,1100.0,0.0,0.0
2025-10-11 00:00:00+05:30,325,Hyderabad,6,Madannapeta,116,French Beans,116,Common,0.0,5.0,4000.0,4500.0,4250.0,0.0,0.0
2025-10-11 00:00:00+05:30,324,Bowenpally,3,Bowenpally,110,Green Onion,110,Common,0.0,26.0,2000.0,5000.0,4000.0,0.0,0.0
2025-10-11 00:00:00+05:30,278,Suryapet,1091,Suryapet,15,Red Gram,15,Common,0.0,10.0,5536.0,5936.0,5676.0,0.0,0.0
2025-10-11 00:00:00+05:30,212,Choppadandi,1123,Choppadandi,5,Maize,5,Common,0.0,241.0,1855.0,2105.0,1912.0,0.0,0.0
2025-10-11 00:00:00+05:30,290,Siddipet,1193,Siddipet,5,Maize,5,Common,0.0,1388.74,1955.0,2102.0,2085.0,0.0,0.0
2025-10-11 00:00:00+05:30,188,Bhainsa,11,Bhainsa,32,Gingelly,32,Common,0.0,37.94,6245.0,9941.0,9941.0,0.0,0.0
2025-10-12 00:00:00+05:30,324,Bowenpally,3,Bowenpally,110,Green Onion,110,Common,0.0,24.0,1500.0,4500.0,3500.0,0.0,0.0
2025-10-12 00:00:00+05:30,323,Gaddiannaram,2,L.B Nagar,113,Green Chillies,113,Common,0.0,242.0,2000.0,3000.0,2500.0,0.0,0.0
2025-10-11 00:00:00+05:30,367,Gudimalkapur,1571,Gudumalkapur,110,Green Onion,110,Common,0.0,1.0,2500.0,2500.0,2500.0,0.0,0.0
2025-10-12 00:00:00+05:30,367,Gudimalkapur,1571,Gudumalkapur,110,Green Onion,110,Common,0.0,2.0,2000.0,2500.0,2000.0,0.0,0.0
2025-10-13 00:00:00+05:30,325,Hyderabad,6,Madannapeta,116,French Beans,116,Common,0.0,6.0,4000.0,4500.0,4250.0,0.0,0.0
2025-10-13 00:00:00+05:30,323,Gaddiannaram,2,L.B Nagar,113,Green Chillies,113,Common,0.0,227.0,2000.0,3000.0,2500.0,0.0,0.0
2025-10-13 00:00:00+05:30,325,Hyderabad,5,Mahabubmansion,55,Onions,218,No.II,0.0,10947.0,300.0,1300.0,1100.0,0.0,0.0
2025-10-13 00:00:00+05:30,188,Bhainsa,11,Bhainsa,32,Gingelly,32,Common,0.0,87.56,7811.0,9808.0,9668.0,0.0,0.0
2025-10-13 00:00:00+05:30,290,Siddipet,1193,Siddipet,5,Maize,5,Common,0.0,1847.25,1966.0,2109.0,2056.0,0.0,0.0
2025-10-13 00:00:00+05:30,303,Kalwakurthy,1340,Kalwakurthy,105,Potato,105,Common,0.0,2.0,2300.0,2300.0,2300.0,0.0,0.0
2025-10-13 00:00:00+05:30,367,Gudimalkapur,1571,Gudumalkapur,110,Green Onion,110,Common,0.0,2.0,2500.0,2500.0,2500.0,0.0,0.0
2025-10-14 00:00:00+05:30,323,Gaddiannaram,2,L.B Nagar,113,Green Chillies,113,Common,0.0,264.0,2000.0,3000.0,2500.0,0.0,0.0
2025-10-14 00:00:00+05:30,324,Bowenpally,3,Bowenpally,110,Green Onion,110,Common,0.0,28.0,2000.0,5000.0,4000.0,0.0,0.0
2025-10-14 00:00:00+05:30,325,Hyderabad,5,Mahabubmansion,55,Onions,218,No.II,0.0,8497.0,300.0,1100.0,1000.0,0.0,0.0
2025-10-14 00:00:00+05:30,325,Hyderabad,6,Madannapeta,116,French Beans,116,Common,0.0,9.0,4000.0,5000.0,4500.0,0.0,0.0
2025-10-14 00:00:00+05:30,246,Warangal,886,Warangal,6,Jowar,232,Yellow,0.0,1.04,3052.0,3052.0,3052.0,0.0,0.0
2025-10-14 00:00:00+05:30,278,Suryapet,1091,Suryapet,15,Red Gram,15,Common,0.0,69.0,4689.0,6159.0,5736.0,0.0,0.0
2025-10-14 00:00:00+05:30,188,Bhainsa,11,Bhainsa,32,Gingelly,32,Common,0.0,4.0,7820.0,7820.0,7820.0,0.0,0.0
2025-10-14 00:00:00+05:30,290,Siddipet,1193,Siddipet,5,Maize,5,Common,0.0,1391.3,1989.0,2110.0,2055.0,0.0,0.0
2025-10-14 00:00:00+05:30,212,Choppadandi,1123,Choppadandi,5,Maize,5,Common,0.0,347.0,1683.0,2086.0,2086.0,0.0,0.0
2025-10-14 00:00:00+05:30,331,Vantimamidi,1612,Vantimamidi,110,Green Onion,110,Common,0.0,3.0,2000.0,2000.0,2000.0,0.0,0.0
2025-10-15 00:00:00+05:30,325,Hyderabad,5,Mahabubmansion,55,Onions,218,No.II,0.0,7570.0,400.0,1300.0,1100.0,0.0,0.0
2025-10-15 00:00:00+05:30,324,Bowenpally,3,Bowenpally,110,Green Onion,110,Common,0.0,8.0,1500.0,4500.0,3500.0,0.0,0.0
2025-10-15 00:00:00+05:30,325,Hyderabad,6,Madannapeta,116,French Beans,116,Common,0.0,8.0,4000.0,4000.0,4000.0,0.0,0.0
2025-10-15 00:00:00+05:30,323,Gaddiannaram,2,L.B Nagar,113,Green Chillies,113,Common,0.0,232.0,2000.0,3000.0,2500.0,0.0,0.0
2025-10-15 00:00:00+05:30,367,Gudimalkapur,1571,Gudumalkapur,110,Green Onion,110,Common,0.0,2.0,2000.0,3000.0,2500.0,0.0,0.0
2025-10-15 00:00:00+05:30,278,Suryapet,1091,Suryapet,15,Red Gram,15,Common,0.0,114.0,4095.0,6273.0,5796.0,0.0,0.0
2025-10-15 00:00:00+05:30,212,Choppadandi,1123,Choppadandi,5,Maize,5,Common,0.0,290.0,2105.0,1656.0,2022.0,0.0,0.0
2025-10-15 00:00:00+05:30,303,Kalwakurthy,1340,Kalwakurthy,105,Potato,105,Common,0.0,1.0,2300.0,2300.0,2300.0,0.0,0.0
2025-10-16 00:00:00+05:30,323,Gaddiannaram,2,L.B Nagar,113,Green Chillies,113,Common,0.0,108.0,2000.0,2500.0,2200.0,0.0,0.0
2025-10-15 00:00:00+05:30,241,Mahabubabad,1177,Mahabubabad,16,Green Gram,16,Common,0.0,15.0,3512.0,7022.0,5055.0,0.0,0.0
2025-10-15 00:00:00+05:30,290,Siddipet,1193,Siddipet,5,Maize,5,Common,0.0,567.61,1975.0,2115.0,2035.0,0.0,0.0
2025-10-15 00:00:00+05:30,331,Vantimamidi,1612,Vantimamidi,110,Green Onion,110,Common,0.0,1.0,1000.0,1500.0,1250.0,0.0,0.0
2025-10-16 00:00:00+05:30,278,Suryapet,1091,Suryapet,15,Red Gram,15,Common,0.0,92.0,4793.0,6282.0,6192.0,0.0,0.0
2025-10-16 00:00:00+05:30,324,Bowenpally,3,Bowenpally,110,Green Onion,110,Common,0.0,38.0,2000.0,5000.0,4000.0,0.0,0.0
2025-10-16 00:00:00+05:30,325,Hyderabad,5,Mahabubmansion,55,Onions,218,No.II,0.0,7669.0,400.0,1300.0,1100.0,0.0,0.0
2025-10-16 00:00:00+05:30,325,Hyderabad,6,Madannapeta,116,French Beans,116,Common,0.0,8.0,4000.0,4500.0,4250.0,0.0,0.0
2025-10-16 00:00:00+05:30,367,Gudimalkapur,1571,Gudumalkapur,110,Green Onion,110,Common,0.0,1.0,3000.0,3000.0,3000.0,0.0,0.0
2025-10-16 00:00:00+05:30,212,Choppadandi,1123,Choppadandi,5,Maize,5,Common,0.0,285.0,2098.0,1786.0,2106.0,0.0,0.0
2025-10-16 00:00:00+05:30,241,Mahabubabad,1177,Mahabubabad,16,Green Gram,16,Common,0.0,15.0,4660.0,5860.0,4660.0,0.0,0.0
2025-10-17 00:00:00+05:30,325,Hyderabad,6,Madannapeta,116,French Beans,116,Common,0.0,13.0,4000.0,5000.0,4500.0,0.0,0.0
2025-10-17 00:00:00+05:30,323,Gaddiannaram,2,L.B Nagar,113,Green Chillies,113,Common,0.0,164.0,2000.0,2500.0,2200.0,0.0,0.0
2025-10-17 00:00:00+05:30,246,Warangal,886,Warangal,6,Jowar,232,Yellow,0.0,5.76,2502.0,2502.0,2502.0,0.0,0.0
2025-10-17 00:00:00+05:30,325,Hyderabad,5,Mahabubmansion,55,Onions,218,No.II,0.0,6244.0,400.0,1200.0,1100.0,0.0,0.0
2025-10-17 00:00:00+05:30,212,Choppadandi,1123,Choppadandi,5,Maize,5,Common,0.0,324.0,1926.0,2142.0,2099.0,0.0,0.0
2025-10-17 00:00:00+05:30,278,Suryapet,1091,Suryapet,15,Red Gram,15,Common,0.0,26.0,5639.0,6192.0,5639.0,0.0,0.0
2025-10-17 00:00:00+05:30,241,Mahabubabad,1177,Mahabubabad,16,Green Gram,16,Common,0.0,2.0,3710.0,3710.0,3710.0,0.0,0.0
2025-10-17 00:00:00+05:30,290,Siddipet,1193,Siddipet,5,Maize,5,Common,0.0,1085.9,1985.0,2115.0,2035.0,0.0,0.0
2025-10-18 00:00:00+05:30,324,Bowenpally,3,Bowenpally,110,Green Onion,110,Common,0.0,14.0,1500.0,3800.0,3000.0,0.0,0.0
2025-10-18 00:00:00+05:30,325,Hyderabad,5,Mahabubmansion,55,Onions,218,No.II,0.0,5085.0,400.0,1200.0,1100.0,0.0,0.0
2025-10-18 00:00:00+05:30,325,Hyderabad,6,Madannapeta,116,French Beans,116,Common,0.0,10.0,4000.0,4500.0,4250.0,0.0,0.0
2025-10-18 00:00:00+05:30,323,Gaddiannaram,2,L.B Nagar,113,Green Chillies,113,Common,0.0,274.0,2000.0,2500.0,2200.0,0.0,0.0
2025-10-18 00:00:00+05:30,212,Choppadandi,1123,Choppadandi,5,Maize,5,Common,0.0,640.0,1751.0,2170.0,2152.0,0.0,0.0
2025-10-19 00:00:00+05:30,325,Hyderabad,6,Madannapeta,116,French Beans,116,Common,0.0,8.0,4000.0,4500.0,4250.0,0.0,0.0
2025-10-19 00:00:00+05:30,323,Gaddiannaram,2,L.B Nagar,113,Green Chillies,113,Common,0.0,134.0,2000.0,2500.0,2200.0,0.0,0.0
2025-10-19 00:00:00+05:30,303,Kalwakurthy,1340,Kalwakurthy,105,Potato,105,Common,0.0,2.0,2300.0,2300.0,2300.0,0.0,0.0
2025-10-18 00:00:00+05:30,290,Siddipet,1193,Siddipet,5,Maize,5,Common,0.0,1625.77,1938.0,2115.0,2058.0,0.0,0.0
2025-10-20 00:00:00+05:30,323,Gaddiannaram,2,L.B Nagar,113,Green Chillies,113,Common,0.0,197.0,2000.0,2500.0,2200.0,0.0,0.0
2025-10-20 00:00:00+05:30,325,Hyderabad,6,Madannapeta,116,French Beans,116,Common,0.0,8.0,4000.0,4500.0,4250.0,0.0,0.0
2025-10-20 00:00:00+05:30,325,Hyderabad,5,Mahabubmansion,55,Onions,218,No.II,0.0,1798.0,400.0,1300.0,1200.0,0.0,0.0
2025-10-22 00:00:00+05:30,324,Bowenpally,3,Bowenpally,110,Green Onion,110,Common,0.0,22.0,1000.0,3500.0,2600.0,0.0,0.0
2025-10-22 00:00:00+05:30,325,Hyderabad,6,Madannapeta,116,French Beans,116,Common,0.0,7.0,4000.0,6000.0,5000.0,0.0,0.0
2025-10-22 00:00:00+05:30,188,Bhainsa,11,Bhainsa,32,Gingelly,32,Common,0.0,26.01,9166.0,9898.0,9341.0,0.0,0.0
2025-10-22 00:00:00+05:30,325,Hyderabad,5,Mahabubmansion,55,Onions,218,No.II,0.0,6391.0,400.0,1500.0,1200.0,0.0,0.0
2025-10-22 00:00:00+05:30,323,Gaddiannaram,2,L.B Nagar,113,Green Chillies,113,Common,0.0,187.0,2000.0,3000.0,2500.0,0.0,0.0
2025-10-22 00:00:00+05:30,241,Mahabubabad,1177,Mahabubabad,16,Green Gram,16,Common,0.0,7.0,4180.0,4180.0,4180.0,0.0,0.0
2025-10-22 00:00:00+05:30,278,Suryapet,1091,Suryapet,15,Red Gram,15,Common,0.0,29.0,6189.0,6349.0,6349.0,0.0,0.0
2025-10-23 00:00:00+05:30,323,Gaddiannaram,2,L.B Nagar,113,Green Chillies,113,Common,0.0,264.0,2000.0,3000.0,2500.0,0.0,0.0
2025-10-22 00:00:00+05:30,290,Siddipet,1193,Siddipet,5,Maize,5,Common,0.0,1938.68,1955.0,2071.0,2025.0,0.0,0.0
2025-10-23 00:00:00+05:30,188,Bhainsa,11,Bhainsa,32,Gingelly,32,Common,0.0,41.2,7852.0,9711.0,7852.0,0.0,0.0
2025-10-23 00:00:00+05:30,325,Hyderabad,6,Madannapeta,116,French Beans,116,Common,0.0,5.0,7000.0,8000.0,7500.0,0.0,0.0
2025-10-23 00:00:00+05:30,325,Hyderabad,5,Mahabubmansion,55,Onions,218,No.II,0.0,2179.0,400.0,1600.0,1300.0,0.0,0.0
2025-10-23 00:00:00+05:30,324,Bowenpally,3,Bowenpally,110,Green Onion,110,Common,0.0,22.0,1000.0,3500.0,2600.0,0.0,0.0
2025-10-23 00:00:00+05:30,290,Siddipet,1193,Siddipet,5,Maize,5,Common,0.0,1699.57,2021.0,2063.0,1935.0,0.0,0.0
2025-10-23 00:00:00+05:30,241,Mahabubabad,1177,Mahabubabad,16,Green Gram,16,Common,0.0,1.0,3560.0,3560.0,3560.0,0.0,0.0
2025-10-23 00:00:00+05:30,278,Suryapet,1091,Suryapet,15,Red Gram,15,Common,0.0,63.0,4572.0,6422.0,6356.0,0.0,0.0
2025-10-24 00:00:00+05:30,324,Bowenpally,3,Bowenpally,110,Green Onion,110,Common,0.0,16.0,1000.0,3500.0,3700.0,0.0,0.0
2025-10-24 00:00:00+05:30,325,Hyderabad,6,Madannapeta,116,French Beans,116,Common,0.0,5.0,6000.0,7000.0,6500.0,0.0,0.0
2025-10-24 00:00:00+05:30,323,Gaddiannaram,2,L.B Nagar,113,Green Chillies,113,Common,0.0,182.0,2000.0,3000.0,2500.0,0.0,0.0
2025-10-24 00:00:00+05:30,325,Hyderabad,5,Mahabubmansion,55,Onions,218,No.II,0.0,3320.0,400.0,1700.0,1300.0,0.0,0.0
2025-10-24 00:00:00+05:30,188,Bhainsa,11,Bhainsa,32,Gingelly,32,Common,0.0,30.63,7711.0,9689.0,8519.0,0.0,0.0
2025-10-24 00:00:00+05:30,241,Mahabubabad,1177,Mahabubabad,16,Green Gram,16,Common,0.0,3.0,3360.0,3360.0,3360.0,0.0,0.0
2025-10-24 00:00:00+05:30,303,Kalwakurthy,1340,Kalwakurthy,105,Potato,105,Common,0.0,1.0,2200.0,2200.0,2200.0,0.0,0.0
2025-10-25 00:00:00+05:30,324,Bowenpally,3,Bowenpally,110,Green Onion,110,Common,0.0,12.0,1500.0,3500.0,3000.0,0.0,0.0
2025-10-25 00:00:00+05:30,325,Hyderabad,6,Madannapeta,116,French Beans,116,Common,0.0,6.0,5000.0,6000.0,5500.0,0.0,0.0
2025-10-25 00:00:00+05:30,323,Gaddiannaram,2,L.B Nagar,113,Green Chillies,113,Common,0.0,227.0,2000.0,3000.0,2500.0,0.0,0.0
2025-10-25 00:00:00+05:30,278,Suryapet,1091,Suryapet,15,Red Gram,15,Common,0.0,36.0,5945.0,6296.0,5945.0,0.0,0.0
2025-10-25 00:00:00+05:30,212,Choppadandi,1123,Choppadandi,5,Maize,5,Common,0.0,467.0,1559.0,2095.0,1889.0,0.0,0.0
2025-10-25 00:00:00+05:30,325,Hyderabad,5,Mahabubmansion,55,Onions,218,No.II,0.0,4666.0,400.0,1700.0,1300.0,0.0,0.0
2025-10-25 00:00:00+05:30,290,Siddipet,1193,Siddipet,5,Maize,5,Common,0.0,582.08,1925.0,2055.0,2001.0,0.0,0.0
2025-10-26 00:00:00+05:30,325,Hyderabad,6,Madannapeta,116,French Beans,116,Common,0.0,8.0,4000.0,5000.0,4500.0,0.0,0.0
2025-10-26 00:00:00+05:30,323,Gaddiannaram,2,L.B Nagar,113,Green Chillies,113,Common,0.0,325.0,2000.0,3000.0,2500.0,0.0,0.0
2025-10-26 00:00:00+05:30,303,Kalwakurthy,1340,Kalwakurthy,105,Potato,105,Common,0.0,2.0,2300.0,2300.0,2300.0,0.0,0.0
2025-10-27 00:00:00+05:30,324,Bowenpally,3,Bowenpally,110,Green Onion,110,Common,0.0,29.0,2000.0,6000.0,4500.0,0.0,0.0
2025-10-27 00:00:00+05:30,323,Gaddiannaram,2,L.B Nagar,113,Green Chillies,113,Common,0.0,235.0,1500.0,2500.0,2000.0,0.0,0.0
2025-10-27 00:00:00+05:30,325,Hyderabad,6,Madannapeta,116,French Beans,116,Common,0.0,8.0,5000.0,6000.0,5500.0,0.0,0.0
2025-10-27 00:00:00+05:30,325,Hyderabad,5,Mahabubmansion,55,Onions,218,No.II,0.0,6928.0,400.0,1700.0,1300.0,0.0,0.0
2025-10-27 00:00:00+05:30,278,Suryapet,1091,Suryapet,15,Red Gram,15,Common,0.0,51.0,5266.0,6369.0,5686.0,0.0,0.0
2025-10-27 00:00:00+05:30,212,Choppadandi,1123,Choppadandi,5,Maize,5,Common,0.0,865.0,1229.0,2089.0,1839.0,0.0,0.0
2025-10-27 00:00:00+05:30,290,Siddipet,1193,Siddipet,5,Maize,5,Common,0.0,749.31,1945.0,2052.0,1985.0,0.0,0.0
2025-10-27 00:00:00+05:30,188,Bhainsa,11,Bhainsa,32,Gingelly,32,Common,0.0,53.63,4066.0,9839.0,8669.0,0.0,0.0
2025-10-27 00:00:00+05:30,367,Gudimalkapur,1571,Gudumalkapur,110,Green Onion,110,Common,0.0,2.0,3000.0,3000.0,3000.0,0.0,0.0
2025-10-27 00:00:00+05:30,303,Kalwakurthy,1340,Kalwakurthy,105,Potato,105,Common,0.0,1.0,2300.0,2300.0,2300.0,0.0,0.0
2025-10-28 00:00:00+05:30,325,Hyderabad,5,Mahabubmansion,55,Onions,218,No.II,0.0,4814.0,400.0,1700.0,1300.0,0.0,0.0
2025-10-28 00:00:00+05:30,324,Bowenpally,3,Bowenpally,110,Green Onion,110,Common,0.0,18.0,1000.0,3500.0,3000.0,0.0,0.0
2025-10-28 00:00:00+05:30,323,Gaddiannaram,2,L.B Nagar,113,Green Chillies,113,Common,0.0,193.0,2000.0,2500.0,2200.0,0.0,0.0
2025-10-28 00:00:00+05:30,325,Hyderabad,6,Madannapeta,116,French Beans,116,Common,0.0,2.0,5000.0,5000.0,5000.0,0.0,0.0
2025-10-28 00:00:00+05:30,188,Bhainsa,11,Bhainsa,32,Gingelly,32,Common,0.0,11.79,8587.0,9919.0,9919.0,0.0,0.0
2025-10-28 00:00:00+05:30,212,Choppadandi,1123,Choppadandi,5,Maize,5,Common,0.0,563.0,2035.0,2037.0,2035.0,0.0,0.0
2025-10-28 00:00:00+05:30,278,Suryapet,1091,Suryapet,15,Red Gram,15,Common,0.0,4.0,5626.0,6376.0,6376.0,0.0,0.0
2025-10-28 00:00:00+05:30,241,Mahabubabad,1177,Mahabubabad,16,Green Gram,16,Common,0.0,3.0,3351.0,3935.0,3935.0,0.0,0.0
2025-10-29 00:00:00+05:30,323,Gaddiannaram,2,L.B Nagar,113,Green Chillies,113,Common,0.0,145.0,2000.0,2500.0,2200.0,0.0,0.0
2025-10-29 00:00:00+05:30,325,Hyderabad,6,Madannapeta,116,French Beans,116,Common,0.0,4.0,5000.0,6000.0,5500.0,0.0,0.0
2025-10-29 00:00:00+05:30,325,Hyderabad,5,Mahabubmansion,55,Onions,218,No.II,0.0,5558.0,400.0,1700.0,1300.0,0.0,0.0
2025-10-29 00:00:00+05:30,324,Bowenpally,3,Bowenpally,110,Green Onion,110,Common,0.0,15.0,1500.0,5000.0,4000.0,0.0,0.0
2025-10-29 00:00:00+05:30,290,Siddipet,1193,Siddipet,5,Maize,5,Common,0.0,523.18,1833.0,2011.0,1925.0,0.0,0.0
2025-10-30 00:00:00+05:30,323,Gaddiannaram,2,L.B Nagar,113,Green Chillies,113,Common,0.0,160.0,2000.0,4000.0,3000.0,0.0,0.0
2025-10-29 00:00:00+05:30,278,Suryapet,1091,Suryapet,15,Red Gram,15,Common,0.0,1.0,4694.0,4694.0,4694.0,0.0,0.0
2025-10-30 00:00:00+05:30,325,Hyderabad,6,Madannapeta,116,French Beans,116,Common,0.0,6.0,4000.0,6000.0,5000.0,0.0,0.0
2025-10-30 00:00:00+05:30,325,Hyderabad,5,Mahabubmansion,55,Onions,218,No.II,0.0,4527.0,400.0,1600.0,1300.0,0.0,0.0
2025-10-30 00:00:00+05:30,324,Bowenpally,3,Bowenpally,110,Green Onion,110,Common,0.0,28.0,2000.0,5000.0,4000.0,0.0,0.0
2025-10-30 00:00:00+05:30,278,Suryapet,1091,Suryapet,15,Red Gram,15,Common,0.0,8.0,5288.0,5776.0,5776.0,0.0,0.0
2025-10-30 00:00:00+05:30,290,Siddipet,1193,Siddipet,5,Maize,5,Common,0.0,409.23,1899.0,1955.0,1921.0,0.0,0.0
2025-10-30 00:00:00+05:30,367,Gudimalkapur,1571,Gudumalkapur,110,Green Onion,110,Common,0.0,2.0,2500.0,2500.0,2500.0,0.0,0.0
2025-10-31 00:00:00+05:30,325,Hyderabad,6,Madannapeta,116,French Beans,116,Common,0.0,5.0,7000.0,7000.0,7000.0,0.0,0.0
2025-10-31 00:00:00+05:30,323,Gaddiannaram,2,L.B Nagar,113,Green Chillies,113,Common,0.0,214.0,2000.0,3000.0,2500.0,0.0,0.0
2025-10-31 00:00:00+05:30,367,Gudimalkapur,1571,Gudumalkapur,110,Green Onion,110,Common,0.0,2.0,3000.0,3000.0,3000.0,0.0,0.0
2025-10-31 00:00:00+05:30,212,Choppadandi,1123,Choppadandi,5,Maize,5,Common,0.0,299.0,1859.0,2036.0,2036.0,0.0,0.0
2025-10-31 00:00:00+05:30,278,Suryapet,1091,Suryapet,15,Red Gram,15,Common,0.0,9.0,5286.0,5878.0,5678.0,0.0,0.0
2025-10-31 00:00:00+05:30,325,Hyderabad,5,Mahabubmansion,55,Onions,218,No.II,0.0,6169.0,400.0,1600.0,1300.0,0.0,0.0
2025-10-28 00:00:00+05:30,323,Gaddiannaram,2,L.B Nagar,114,Tomato,114,Common,0.0,635.0,1200.0,2400.0,1600.0,0.0,0.0
2025-10-28 00:00:00+05:30,323,Gaddiannaram,1,Gaddiannaram,82,Pomegrenates,82,Common,0.0,1232.0,1000.0,15000.0,3000.0,0.0,0.0
2025-10-28 00:00:00+05:30,324,Bowenpally,3,Bowenpally,111,Brinjal,278,Kalyani,0.0,666.0,600.0,3000.0,2200.0,0.0,0.0
2025-10-28 00:00:00+05:30,325,Hyderabad,5,Mahabubmansion,56,Garlic,56,Common,0.0,180.0,2500.0,7000.0,4000.0,0.0,0.0
2025-10-27 00:00:00+05:30,331,Vantimamidi,1612,Vantimamidi,111,Brinjal,111,Common,0.0,14.0,1500.0,2500.0,2000.0,0.0,0.0
2025-10-27 00:00:00+05:30,367,Gudimalkapur,1571,Gudumalkapur,111,Brinjal,279,Round,0.0,213.0,800.0,3000.0,1300.0,0.0,0.0
2025-10-27 00:00:00+05:30,279,Thirumalagiri,9,Tirmalagiri,5,Maize,5,Common,0.0,239.0,1601.0,1836.0,1689.0,0.0,0.0
2025-10-27 00:00:00+05:30,278,Suryapet,1091,Suryapet,16,Green Gram,16,Common,0.0,780.0,2489.0,7002.0,4473.0,0.0,0.0
2025-10-27 00:00:00+05:30,322,Chevella,46,Chevella,114,Tomato,197,Local,0.0,56.0,1000.0,1000.0,1000.0,0.0,0.0
2025-10-27 00:00:00+05:30,325,Hyderabad,5,Mahabubmansion,56,Garlic,56,Common,0.0,160.0,25000.0,7000.0,4500.0,0.0,0.0
2025-10-26 00:00:00+05:30,331,Vantimamidi,1612,Vantimamidi,111,Brinjal,111,Common,0.0,7.0,2000.0,3000.0,2500.0,0.0,0.0
2025-10-27 00:00:00+05:30,325,Hyderabad,6,Madannapeta,117,Cluster Beans,117,Common,0.0,2.0,3000.0,3000.0,3000.0,0.0,0.0
2025-10-27 00:00:00+05:30,323,Gaddiannaram,2,L.B Nagar,114,Tomato,114,Common,0.0,749.0,800.0,2000.0,1200.0,0.0,0.0
2025-10-27 00:00:00+05:30,323,Gaddiannaram,1,Gaddiannaram,82,Pomegrenates,82,Common,0.0,1550.0,1000.0,16000.0,3000.0,0.0,0.0
2025-10-27 00:00:00+05:30,324,Bowenpally,3,Bowenpally,111,Brinjal,278,Kalyani,0.0,934.0,600.0,2500.0,2000.0,0.0,0.0
2025-10-26 00:00:00+05:30,367,Gudimalkapur,1571,Gudumalkapur,111,Brinjal,279,Round,0.0,232.0,1200.0,3000.0,1800.0,0.0,0.0
2025-10-26 00:00:00+05:30,322,Chevella,46,Chevella,114,Tomato,197,Local,0.0,68.0,1000.0,1000.0,1000.0,0.0,0.0
2025-10-26 00:00:00+05:30,323,Gaddiannaram,2,L.B Nagar,114,Tomato,114,Common,0.0,827.0,800.0,2000.0,1200.0,0.0,0.0
2025-10-26 00:00:00+05:30,325,Hyderabad,6,Madannapeta,117,Cluster Beans,117,Common,0.0,2.0,3000.0,3000.0,3000.0,0.0,0.0
2025-10-26 00:00:00+05:30,324,Bowenpally,3,Bowenpally,111,Brinjal,278,Kalyani,0.0,187.0,800.0,2500.0,2000.0,0.0,0.0
2025-10-25 00:00:00+05:30,367,Gudimalkapur,1571,Gudumalkapur,111,Brinjal,279,Round,0.0,240.0,400.0,2200.0,1500.0,0.0,0.0
2025-10-25 00:00:00+05:30,331,Vantimamidi,1612,Vantimamidi,111,Brinjal,111,Common,0.0,12.0,1500.0,2500.0,2000.0,0.0,0.0
2025-10-25 00:00:00+05:30,325,Hyderabad,5,Mahabubmansion,56,Garlic,56,Common,0.0,196.0,2500.0,7000.0,4000.0,0.0,0.0
2025-10-25 00:00:00+05:30,322,Chevella,46,Chevella,114,Tomato,197,Local,0.0,88.0,1000.0,1000.0,1000.0,0.0,0.0
2025-10-25 00:00:00+05:30,278,Suryapet,1091,Suryapet,16,Green Gram,16,Common,0.0,187.0,3731.0,6494.0,5222.0,0.0,0.0
2025-10-25 00:00:00+05:30,323,Gaddiannaram,2,L.B Nagar,114,Tomato,114,Common,0.0,879.0,800.0,2000.0,1200.0,0.0,0.0
2025-10-25 00:00:00+05:30,325,Hyderabad,6,Madannapeta,117,Cluster Beans,117,Common,0.0,3.0,4000.0,4000.0,4000.0,0.0,0.0
2025-10-25 00:00:00+05:30,324,Bowenpally,3,Bowenpally,111,Brinjal,278,Kalyani,0.0,282.0,1000.0,3000.0,2500.0,0.0,0.0
2025-10-25 00:00:00+05:30,323,Gaddiannaram,1,Gaddiannaram,82,Pomegrenates,82,Common,0.0,1562.0,1000.0,15000.0,3000.0,0.0,0.0
2025-10-24 00:00:00+05:30,331,Vantimamidi,1612,Vantimamidi,111,Brinjal,111,Common,0.0,13.0,2000.0,3000.0,2500.0,0.0,0.0
2025-10-24 00:00:00+05:30,367,Gudimalkapur,1571,Gudumalkapur,111,Brinjal,279,Round,0.0,202.0,1300.0,3200.0,2100.0,0.0,0.0
2025-10-24 00:00:00+05:30,322,Chevella,46,Chevella,114,Tomato,197,Local,0.0,66.0,1000.0,1000.0,1000.0,0.0,0.0
2025-10-24 00:00:00+05:30,279,Thirumalagiri,9,Tirmalagiri,5,Maize,5,Common,0.0,173.0,1651.0,1895.0,1885.0,0.0,0.0
2025-10-24 00:00:00+05:30,325,Hyderabad,5,Mahabubmansion,56,Garlic,56,Common,0.0,100.0,2500.0,7000.0,4000.0,0.0,0.0
2025-10-24 00:00:00+05:30,323,Gaddiannaram,2,L.B Nagar,114,Tomato,114,Common,0.0,792.0,1000.0,2000.0,1500.0,0.0,0.0
2025-10-24 00:00:00+05:30,325,Hyderabad,6,Madannapeta,117,Cluster Beans,117,Common,0.0,9.0,4000.0,5000.0,4500.0,0.0,0.0
2025-10-24 00:00:00+05:30,324,Bowenpally,3,Bowenpally,111,Brinjal,278,Kalyani,0.0,333.0,1000.0,3000.0,2500.0,0.0,0.0
2025-10-24 00:00:00+05:30,323,Gaddiannaram,1,Gaddiannaram,82,Pomegrenates,82,Common,0.0,1217.0,1000.0,15000.0,3000.0,0.0,0.0
2025-10-23 00:00:00+05:30,278,Suryapet,1091,Suryapet,16,Green Gram,16,Common,0.0,341.0,3443.0,6395.0,4892.0,0.0,0.0
2025-10-23 00:00:00+05:30,367,Gudimalkapur,1571,Gudumalkapur,111,Brinjal,279,Round,0.0,246.0,1800.0,3500.0,2400.0,0.0,0.0
2025-10-23 00:00:00+05:30,324,Bowenpally,3,Bowenpally,111,Brinjal,278,Kalyani,0.0,534.0,600.0,3000.0,2200.0,0.0,0.0
2025-10-23 00:00:00+05:30,325,Hyderabad,5,Mahabubmansion,56,Garlic,56,Common,0.0,120.0,2500.0,7000.0,4000.0,0.0,0.0
2025-10-23 00:00:00+05:30,323,Gaddiannaram,1,Gaddiannaram,82,Pomegrenates,82,Common,0.0,327.0,1000.0,15000.0,3000.0,0.0,0.0
2025-10-23 00:00:00+05:30,325,Hyderabad,6,Madannapeta,117,Cluster Beans,117,Common,0.0,9.0,4000.0,5000.0,4500.0,0.0,0.0
2025-10-23 00:00:00+05:30,279,Thirumalagiri,9,Tirmalagiri,5,Maize,5,Common,0.0,200.0,1608.0,1821.0,1756.0,0.0,0.0
2025-10-23 00:00:00+05:30,322,Chevella,46,Chevella,114,Tomato,197,Local,0.0,56.0,1000.0,1000.0,1000.0,0.0,0.0
2025-10-22 00:00:00+05:30,367,Gudimalkapur,1571,Gudumalkapur,111,Brinjal,279,Round,0.0,208.0,1300.0,3000.0,2000.0,0.0,0.0
2025-10-23 00:00:00+05:30,323,Gaddiannaram,2,L.B Nagar,114,Tomato,114,Common,0.0,697.0,1200.0,2000.0,1600.0,0.0,0.0
2025-10-22 00:00:00+05:30,331,Vantimamidi,1612,Vantimamidi,111,Brinjal,111,Common,0.0,6.0,1000.0,2000.0,1500.0,0.0,0.0
2025-10-22 00:00:00+05:30,278,Suryapet,1091,Suryapet,16,Green Gram,16,Common,0.0,29.0,3389.0,6593.0,5169.0,0.0,0.0
2025-10-22 00:00:00+05:30,322,Chevella,46,Chevella,114,Tomato,197,Local,0.0,66.0,1000.0,1000.0,1000.0,0.0,0.0
2025-10-22 00:00:00+05:30,323,Gaddiannaram,2,L.B Nagar,114,Tomato,114,Common,0.0,618.0,800.0,1600.0,1200.0,0.0,0.0
2025-10-22 00:00:00+05:30,325,Hyderabad,5,Mahabubmansion,56,Garlic,56,Common,0.0,280.0,2500.0,7000.0,4000.0,0.0,0.0
2025-10-22 00:00:00+05:30,323,Gaddiannaram,1,Gaddiannaram,82,Pomegrenates,82,Common,0.0,726.0,1000.0,16000.0,3000.0,0.0,0.0
2025-10-22 00:00:00+05:30,279,Thirumalagiri,9,Tirmalagiri,5,Maize,5,Common,0.0,270.0,1601.0,1901.0,1861.0,0.0,0.0
2025-10-22 00:00:00+05:30,325,Hyderabad,6,Madannapeta,117,Cluster Beans,117,Common,0.0,2.0,3000.0,3000.0,3000.0,0.0,0.0
2025-10-22 00:00:00+05:30,324,Bowenpally,3,Bowenpally,111,Brinjal,278,Kalyani,0.0,534.0,600.0,3000.0,2200.0,0.0,0.0
2025-10-21 00:00:00+05:30,331,Vantimamidi,1612,Vantimamidi,111,Brinjal,111,Common,0.0,24.0,1000.0,2500.0,1750.0,0.0,0.0
2025-10-20 00:00:00+05:30,325,Hyderabad,5,Mahabubmansion,56,Garlic,56,Common,0.0,122.0,2500.0,7000.0,4000.0,0.0,0.0
2025-10-20 00:00:00+05:30,367,Gudimalkapur,1571,Gudumalkapur,111,Brinjal,279,Round,0.0,199.0,1200.0,3000.0,1500.0,0.0,0.0
2025-10-21 00:00:00+05:30,323,Gaddiannaram,1,Gaddiannaram,82,Pomegrenates,82,Common,0.0,311.0,1000.0,16000.0,3000.0,0.0,0.0
2025-10-20 00:00:00+05:30,322,Chevella,46,Chevella,114,Tomato,197,Local,0.0,68.0,1000.0,1000.0,1000.0,0.0,0.0
2025-10-20 00:00:00+05:30,324,Bowenpally,3,Bowenpally,111,Brinjal,278,Kalyani,0.0,508.0,500.0,3000.0,2500.0,0.0,0.0
2025-10-20 00:00:00+05:30,323,Gaddiannaram,2,L.B Nagar,114,Tomato,114,Common,0.0,767.0,800.0,1600.0,1200.0,0.0,0.0
2025-10-20 00:00:00+05:30,323,Gaddiannaram,1,Gaddiannaram,82,Pomegrenates,82,Common,0.0,986.0,1000.0,16000.0,3000.0,0.0,0.0
2025-10-19 00:00:00+05:30,322,Chevella,46,Chevella,114,Tomato,197,Local,0.0,77.0,1000.0,1000.0,1000.0,0.0,0.0
2025-10-19 00:00:00+05:30,331,Vantimamidi,1612,Vantimamidi,111,Brinjal,111,Common,0.0,11.0,1000.0,1500.0,1250.0,0.0,0.0
2025-10-19 00:00:00+05:30,323,Gaddiannaram,1,Gaddiannaram,82,Pomegrenates,82,Common,0.0,51.0,1000.0,16000.0,3000.0,0.0,0.0
2025-10-19 00:00:00+05:30,367,Gudimalkapur,1571,Gudumalkapur,111,Brinjal,279,Round,0.0,183.0,1300.0,2500.0,1800.0,0.0,0.0
2025-10-19 00:00:00+05:30,323,Gaddiannaram,2,L.B Nagar,114,Tomato,114,Common,0.0,695.0,800.0,1600.0,1200.0,0.0,0.0
2025-10-19 00:00:00+05:30,325,Hyderabad,6,Madannapeta,117,Cluster Beans,117,Common,0.0,3.0,5000.0,5000.0,5000.0,0.0,0.0
2025-10-19 00:00:00+05:30,324,Bowenpally,3,Bowenpally,111,Brinjal,278,Kalyani,0.0,715.0,500.0,3000.0,2200.0,0.0,0.0
2025-10-18 00:00:00+05:30,322,Chevella,46,Chevella,114,Tomato,197,Local,0.0,58.0,1000.0,1000.0,1000.0,0.0,0.0
2025-10-18 00:00:00+05:30,279,Thirumalagiri,9,Tirmalagiri,5,Maize,5,Common,0.0,412.0,1711.0,1935.0,1890.0,0.0,0.0
2025-10-18 00:00:00+05:30,331,Vantimamidi,1612,Vantimamidi,111,Brinjal,111,Common,0.0,10.0,1000.0,1500.0,1250.0,0.0,0.0
2025-10-18 00:00:00+05:30,367,Gudimalkapur,1571,Gudumalkapur,111,Brinjal,279,Round,0.0,204.0,1300.0,2500.0,2000.0,0.0,0.0
2025-10-18 00:00:00+05:30,323,Gaddiannaram,2,L.B Nagar,114,Tomato,114,Common,0.0,647.0,800.0,1600.0,1200.0,0.0,0.0
2025-10-18 00:00:00+05:30,325,Hyderabad,6,Madannapeta,117,Cluster Beans,117,Common,0.0,2.0,3000.0,3000.0,3000.0,0.0,0.0
2025-10-18 00:00:00+05:30,325,Hyderabad,5,Mahabubmansion,56,Garlic,56,Common,0.0,152.0,2500.0,7000.0,4000.0,0.0,0.0
2025-10-18 00:00:00+05:30,324,Bowenpally,3,Bowenpally,111,Brinjal,278,Kalyani,0.0,433.0,600.0,2500.0,2000.0,0.0,0.0
2025-10-17 00:00:00+05:30,367,Gudimalkapur,1571,Gudumalkapur,111,Brinjal,279,Round,0.0,182.0,900.0,2000.0,1300.0,0.0,0.0
2025-10-18 00:00:00+05:30,323,Gaddiannaram,1,Gaddiannaram,82,Pomegrenates,82,Common,0.0,1399.0,1000.0,16000.0,3000.0,0.0,0.0
2025-10-17 00:00:00+05:30,331,Vantimamidi,1612,Vantimamidi,111,Brinjal,111,Common,0.0,8.0,1000.0,1500.0,1250.0,0.0,0.0
2025-10-17 00:00:00+05:30,239,Kesamudram,1168,Kesamudram,57,Tumeric,227,Finger,0.0,1.0,9001.0,9001.0,9001.0,0.0,0.0
2025-10-17 00:00:00+05:30,278,Suryapet,1091,Suryapet,16,Green Gram,16,Common,0.0,69.0,3348.0,7778.0,4644.0,0.0,0.0
2025-10-17 00:00:00+05:30,325,Hyderabad,5,Mahabubmansion,56,Garlic,56,Common,0.0,160.0,2500.0,7000.0,4000.0,0.0,0.0
2025-10-17 00:00:00+05:30,279,Thirumalagiri,9,Tirmalagiri,5,Maize,5,Common,0.0,235.0,1891.0,1931.0,1921.0,0.0,0.0
2025-10-17 00:00:00+05:30,322,Chevella,46,Chevella,114,Tomato,197,Local,0.0,55.0,1000.0,1000.0,1000.0,0.0,0.0
2025-10-17 00:00:00+05:30,323,Gaddiannaram,2,L.B Nagar,114,Tomato,114,Common,0.0,525.0,600.0,1400.0,1000.0,0.0,0.0
2025-10-17 00:00:00+05:30,325,Hyderabad,6,Madannapeta,117,Cluster Beans,117,Common,0.0,4.0,5000.0,5000.0,5000.0,0.0,0.0
2025-10-16 00:00:00+05:30,367,Gudimalkapur,1571,Gudumalkapur,111,Brinjal,279,Round,0.0,273.0,1200.0,3000.0,2000.0,0.0,0.0
2025-10-17 00:00:00+05:30,323,Gaddiannaram,1,Gaddiannaram,82,Pomegrenates,82,Common,0.0,1820.0,1000.0,16000.0,3000.0,0.0,0.0
2025-10-16 00:00:00+05:30,331,Vantimamidi,1612,Vantimamidi,111,Brinjal,111,Common,0.0,5.0,1200.0,2000.0,1600.0,0.0,0.0
2025-10-17 00:00:00+05:30,324,Bowenpally,3,Bowenpally,111,Brinjal,278,Kalyani,0.0,438.0,600.0,3500.0,2500.0,0.0,0.0
2025-10-16 00:00:00+05:30,325,Hyderabad,6,Madannapeta,117,Cluster Beans,117,Common,0.0,3.0,5000.0,5000.0,5000.0,0.0,0.0
2025-10-16 00:00:00+05:30,325,Hyderabad,5,Mahabubmansion,56,Garlic,56,Common,0.0,148.0,2500.0,7000.0,4000.0,0.0,0.0
2025-10-16 00:00:00+05:30,324,Bowenpally,3,Bowenpally,111,Brinjal,278,Kalyani,0.0,447.0,500.0,3500.0,2500.0,0.0,0.0
2025-10-16 00:00:00+05:30,278,Suryapet,1091,Suryapet,16,Green Gram,16,Common,0.0,96.0,3794.0,6795.0,4992.0,0.0,0.0
2025-10-16 00:00:00+05:30,322,Chevella,46,Chevella,114,Tomato,197,Local,0.0,77.0,1000.0,1000.0,1000.0,0.0,0.0
2025-10-16 00:00:00+05:30,279,Thirumalagiri,9,Tirmalagiri,5,Maize,5,Common,0.0,140.0,1629.0,1931.0,1839.0,0.0,0.0
2025-10-15 00:00:00+05:30,331,Vantimamidi,1612,Vantimamidi,111,Brinjal,111,Common,0.0,6.0,1000.0,2000.0,1500.0,0.0,0.0
2025-10-15 00:00:00+05:30,322,Chevella,46,Chevella,114,Tomato,197,Local,0.0,67.0,1000.0,1000.0,1000.0,0.0,0.0
2025-10-16 00:00:00+05:30,323,Gaddiannaram,2,L.B Nagar,114,Tomato,114,Common,0.0,640.0,600.0,1400.0,1000.0,0.0,0.0
2025-10-16 00:00:00+05:30,323,Gaddiannaram,1,Gaddiannaram,82,Pomegrenates,82,Common,0.0,1160.0,1000.0,16000.0,3000.0,0.0,0.0
2025-10-15 00:00:00+05:30,278,Suryapet,1091,Suryapet,16,Green Gram,16,Common,0.0,233.0,3059.0,6652.0,6652.0,0.0,0.0
2025-10-15 00:00:00+05:30,367,Gudimalkapur,1571,Gudumalkapur,111,Brinjal,279,Round,0.0,152.0,1300.0,2500.0,1800.0,0.0,0.0
2025-10-15 00:00:00+05:30,323,Gaddiannaram,2,L.B Nagar,114,Tomato,114,Common,0.0,808.0,800.0,1600.0,1200.0,0.0,0.0
2025-10-15 00:00:00+05:30,325,Hyderabad,6,Madannapeta,117,Cluster Beans,117,Common,0.0,6.0,3000.0,4000.0,3500.0,0.0,0.0
2025-10-15 00:00:00+05:30,324,Bowenpally,3,Bowenpally,111,Brinjal,278,Kalyani,0.0,380.0,500.0,3000.0,2200.0,0.0,0.0
2025-10-15 00:00:00+05:30,325,Hyderabad,5,Mahabubmansion,56,Garlic,56,Common,0.0,88.0,2500.0,7000.0,4000.0,0.0,0.0
2025-10-15 00:00:00+05:30,279,Thirumalagiri,9,Tirmalagiri,5,Maize,5,Common,0.0,11.0,1971.0,1971.0,1971.0,0.0,0.0
2025-10-15 00:00:00+05:30,246,Warangal,886,Warangal,14,Bengal Gram,14,Common,0.0,1.9,6052.0,6052.0,6052.0,0.0,0.0
2025-10-14 00:00:00+05:30,331,Vantimamidi,1612,Vantimamidi,111,Brinjal,111,Common,0.0,10.0,1000.0,2000.0,1500.0,0.0,0.0
2025-10-15 00:00:00+05:30,323,Gaddiannaram,1,Gaddiannaram,82,Pomegrenates,82,Common,0.0,1253.0,1000.0,16000.0,3000.0,0.0,0.0
2025-10-14 00:00:00+05:30,367,Gudimalkapur,1571,Gudumalkapur,111,Brinjal,279,Round,0.0,127.0,800.0,2500.0,1500.0,0.0,0.0
2025-10-14 00:00:00+05:30,279,Thirumalagiri,9,Tirmalagiri,5,Maize,5,Common,0.0,102.0,1911.0,1961.0,1921.0,0.0,0.0
2025-10-14 00:00:00+05:30,278,Suryapet,1091,Suryapet,16,Green Gram,16,Common,0.0,68.0,3286.0,8019.0,5832.0,0.0,0.0
2025-10-14 00:00:00+05:30,246,Warangal,886,Warangal,14,Bengal Gram,14,Common,0.0,0.96,6121.0,6121.0,6121.0,0.0,0.0
2025-10-14 00:00:00+05:30,325,Hyderabad,6,Madannapeta,117,Cluster Beans,117,Common,0.0,4.0,3000.0,4000.0,3500.0,0.0,0.0
2025-10-14 00:00:00+05:30,325,Hyderabad,5,Mahabubmansion,56,Garlic,56,Common,0.0,125.0,2500.0,7000.0,4000.0,0.0,0.0
2025-10-14 00:00:00+05:30,323,Gaddiannaram,1,Gaddiannaram,82,Pomegrenates,82,Common,0.0,945.0,1000.0,16000.0,3000.0,0.0,0.0
2025-10-14 00:00:00+05:30,324,Bowenpally,3,Bowenpally,111,Brinjal,278,Kalyani,0.0,488.0,600.0,3500.0,2500.0,0.0,0.0
2025-10-14 00:00:00+05:30,323,Gaddiannaram,2,L.B Nagar,114,Tomato,114,Common,0.0,872.0,800.0,1600.0,1200.0,0.0,0.0
2025-10-13 00:00:00+05:30,331,Vantimamidi,1612,Vantimamidi,111,Brinjal,111,Common,0.0,6.0,1000.0,1500.0,1250.0,0.0,0.0
2025-10-13 00:00:00+05:30,367,Gudimalkapur,1571,Gudumalkapur,111,Brinjal,279,Round,0.0,132.0,1200.0,3000.0,1800.0,0.0,0.0
2025-10-13 00:00:00+05:30,322,Chevella,46,Chevella,114,Tomato,197,Local,0.0,75.0,1000.0,1000.0,1000.0,0.0,0.0
2025-10-13 00:00:00+05:30,325,Hyderabad,5,Mahabubmansion,56,Garlic,56,Common,0.0,180.0,3000.0,8000.0,5000.0,0.0,0.0
2025-10-13 00:00:00+05:30,279,Thirumalagiri,9,Tirmalagiri,5,Maize,5,Common,0.0,232.0,1736.0,1963.0,1820.0,0.0,0.0
2025-10-13 00:00:00+05:30,323,Gaddiannaram,2,L.B Nagar,114,Tomato,114,Common,0.0,902.0,800.0,1600.0,1200.0,0.0,0.0
2025-10-13 00:00:00+05:30,325,Hyderabad,6,Madannapeta,117,Cluster Beans,117,Common,0.0,6.0,3000.0,4000.0,3500.0,0.0,0.0
2025-10-13 00:00:00+05:30,324,Bowenpally,3,Bowenpally,111,Brinjal,278,Kalyani,0.0,452.0,600.0,4000.0,2800.0,0.0,0.0
2025-10-12 00:00:00+05:30,367,Gudimalkapur,1571,Gudumalkapur,111,Brinjal,279,Round,0.0,157.0,1300.0,3500.0,1800.0,0.0,0.0
2025-10-13 00:00:00+05:30,323,Gaddiannaram,1,Gaddiannaram,82,Pomegrenates,82,Common,0.0,1595.0,1000.0,16000.0,3000.0,0.0,0.0
2025-10-12 00:00:00+05:30,322,Chevella,46,Chevella,114,Tomato,197,Local,0.0,56.0,1000.0,1000.0,1000.0,0.0,0.0
2025-10-12 00:00:00+05:30,331,Vantimamidi,1612,Vantimamidi,111,Brinjal,111,Common,0.0,10.0,1500.0,2000.0,1750.0,0.0,0.0
2025-10-11 00:00:00+05:30,367,Gudimalkapur,1571,Gudumalkapur,111,Brinjal,279,Round,0.0,131.0,1500.0,3500.0,2200.0,0.0,0.0
2025-10-12 00:00:00+05:30,323,Gaddiannaram,2,L.B Nagar,114,Tomato,114,Common,0.0,808.0,800.0,1600.0,1200.0,0.0,0.0
2025-10-11 00:00:00+05:30,331,Vantimamidi,1612,Vantimamidi,111,Brinjal,111,Common,0.0,5.0,1000.0,1500.0,1250.0,0.0,0.0
2025-10-12 00:00:00+05:30,324,Bowenpally,3,Bowenpally,111,Brinjal,278,Kalyani,0.0,106.0,1500.0,4000.0,3000.0,0.0,0.0
2025-10-11 00:00:00+05:30,279,Thirumalagiri,9,Tirmalagiri,5,Maize,5,Common,0.0,76.0,1630.0,1950.0,1920.0,0.0,0.0
2025-10-11 00:00:00+05:30,322,Chevella,46,Chevella,114,Tomato,197,Local,0.0,56.0,1000.0,1000.0,1000.0,0.0,0.0
2025-10-11 00:00:00+05:30,278,Suryapet,1091,Suryapet,16,Green Gram,16,Common,0.0,18.0,2961.0,6273.0,5522.0,0.0,0.0
2025-10-11 00:00:00+05:30,324,Bowenpally,3,Bowenpally,111,Brinjal,278,Kalyani,0.0,164.0,800.0,2500.0,2000.0,0.0,0.0
2025-10-11 00:00:00+05:30,325,Hyderabad,6,Madannapeta,117,Cluster Beans,117,Common,0.0,6.0,3000.0,3000.0,3000.0,0.0,0.0
2025-10-11 00:00:00+05:30,325,Hyderabad,5,Mahabubmansion,56,Garlic,56,Common,0.0,160.0,2500.0,7000.0,4000.0,0.0,0.0
2025-10-10 00:00:00+05:30,331,Vantimamidi,1612,Vantimamidi,111,Brinjal,111,Common,0.0,3.0,1000.0,2000.0,1500.0,0.0,0.0
2025-10-11 00:00:00+05:30,323,Gaddiannaram,2,L.B Nagar,114,Tomato,114,Common,0.0,796.0,600.0,1400.0,1000.0,0.0,0.0
2025-10-11 00:00:00+05:30,323,Gaddiannaram,1,Gaddiannaram,82,Pomegrenates,82,Common,0.0,1320.0,1000.0,16000.0,3000.0,0.0,0.0
2025-10-10 00:00:00+05:30,367,Gudimalkapur,1571,Gudumalkapur,111,Brinjal,279,Round,0.0,123.0,800.0,2000.0,1300.0,0.0,0.0
2025-10-10 00:00:00+05:30,278,Suryapet,1091,Suryapet,16,Green Gram,16,Common,0.0,137.0,2959.0,6413.0,4293.0,0.0,0.0
2025-10-10 00:00:00+05:30,279,Thirumalagiri,9,Tirmalagiri,5,Maize,5,Common,0.0,32.0,1628.0,1911.0,1911.0,0.0,0.0
2025-10-10 00:00:00+05:30,322,Chevella,46,Chevella,114,Tomato,197,Local,0.0,56.0,1000.0,1000.0,1000.0,0.0,0.0
2025-10-10 00:00:00+05:30,323,Gaddiannaram,2,L.B Nagar,114,Tomato,114,Common,0.0,817.0,800.0,1600.0,1200.0,0.0,0.0
2025-10-10 00:00:00+05:30,325,Hyderabad,5,Mahabubmansion,56,Garlic,56,Common,0.0,160.0,2500.0,7000.0,4000.0,0.0,0.0
2025-10-10 00:00:00+05:30,324,Bowenpally,3,Bowenpally,111,Brinjal,278,Kalyani,0.0,198.0,1500.0,3000.0,2500.0,0.0,0.0
2025-10-10 00:00:00+05:30,323,Gaddiannaram,1,Gaddiannaram,82,Pomegrenates,82,Common,0.0,1324.0,1000.0,16000.0,3000.0,0.0,0.0
2025-10-09 00:00:00+05:30,331,Vantimamidi,1612,Vantimamidi,111,Brinjal,111,Common,0.0,2.0,1000.0,1800.0,1400.0,0.0,0.0
2025-10-09 00:00:00+05:30,322,Chevella,46,Chevella,114,Tomato,197,Local,0.0,86.0,1000.0,1000.0,1000.0,0.0,0.0
2025-10-09 00:00:00+05:30,367,Gudimalkapur,1571,Gudumalkapur,111,Brinjal,279,Round,0.0,154.0,800.0,2000.0,1200.0,0.0,0.0
2025-10-09 00:00:00+05:30,239,Kesamudram,1168,Kesamudram,57,Tumeric,227,Finger,0.0,13.0,4710.0,6601.0,6001.0,0.0,0.0
2025-10-09 00:00:00+05:30,279,Thirumalagiri,9,Tirmalagiri,5,Maize,5,Common,0.0,91.0,1711.0,1960.0,1921.0,0.0,0.0
2025-10-09 00:00:00+05:30,325,Hyderabad,6,Madannapeta,117,Cluster Beans,117,Common,0.0,5.0,3000.0,5000.0,4000.0,0.0,0.0
2025-10-09 00:00:00+05:30,325,Hyderabad,5,Mahabubmansion,56,Garlic,56,Common,0.0,175.0,2500.0,7000.0,3500.0,0.0,0.0
2025-10-09 00:00:00+05:30,323,Gaddiannaram,1,Gaddiannaram,82,Pomegrenates,82,Common,0.0,741.0,1000.0,16000.0,3000.0,0.0,0.0
2025-10-09 00:00:00+05:30,324,Bowenpally,3,Bowenpally,111,Brinjal,278,Kalyani,0.0,126.0,800.0,3000.0,2400.0,0.0,0.0
2025-10-08 00:00:00+05:30,331,Vantimamidi,1612,Vantimamidi,111,Brinjal,111,Common,0.0,3.0,1000.0,2000.0,1500.0,0.0,0.0
2025-10-09 00:00:00+05:30,323,Gaddiannaram,2,L.B Nagar,114,Tomato,114,Common,0.0,585.0,1000.0,2000.0,1500.0,0.0,0.0
2025-10-08 00:00:00+05:30,367,Gudimalkapur,1571,Gudumalkapur,111,Brinjal,279,Round,0.0,193.0,800.0,2000.0,1300.0,0.0,0.0
2025-10-08 00:00:00+05:30,323,Gaddiannaram,2,L.B Nagar,114,Tomato,114,Common,0.0,766.0,800.0,1600.0,1200.0,0.0,0.0
2025-10-08 00:00:00+05:30,325,Hyderabad,5,Mahabubmansion,56,Garlic,56,Common,0.0,200.0,2500.0,7000.0,4000.0,0.0,0.0
2025-10-08 00:00:00+05:30,323,Gaddiannaram,1,Gaddiannaram,82,Pomegrenates,82,Common,0.0,1592.0,1000.0,16000.0,3000.0,0.0,0.0
2025-10-08 00:00:00+05:30,279,Thirumalagiri,9,Tirmalagiri,5,Maize,5,Common,0.0,140.0,1650.0,1959.0,1869.0,0.0,0.0
2025-10-08 00:00:00+05:30,325,Hyderabad,6,Madannapeta,117,Cluster Beans,117,Common,0.0,13.0,3000.0,3000.0,3000.0,0.0,0.0
2025-10-08 00:00:00+05:30,278,Suryapet,1091,Suryapet,16,Green Gram,16,Common,0.0,140.0,3059.0,7371.0,5129.0,0.0,0.0
2025-10-08 00:00:00+05:30,322,Chevella,46,Chevella,114,Tomato,197,Local,0.0,99.0,1000.0,1000.0,1000.0,0.0,0.0
2025-10-07 00:00:00+05:30,331,Vantimamidi,1612,Vantimamidi,111,Brinjal,111,Common,0.0,8.0,1500.0,2000.0,1750.0,0.0,0.0
2025-10-08 00:00:00+05:30,324,Bowenpally,3,Bowenpally,111,Brinjal,278,Kalyani,0.0,122.0,1000.0,3000.0,2500.0,0.0,0.0
2025-10-07 00:00:00+05:30,278,Suryapet,1091,Suryapet,16,Green Gram,16,Common,0.0,156.0,3393.0,7269.0,7269.0,0.0,0.0
2025-10-07 00:00:00+05:30,367,Gudimalkapur,1571,Gudumalkapur,111,Brinjal,279,Round,0.0,195.0,1400.0,2800.0,2000.0,0.0,0.0
2025-10-07 00:00:00+05:30,325,Hyderabad,6,Madannapeta,117,Cluster Beans,117,Common,0.0,9.0,3000.0,4000.0,3500.0,0.0,0.0
2025-10-07 00:00:00+05:30,325,Hyderabad,5,Mahabubmansion,56,Garlic,56,Common,0.0,140.0,3000.0,7000.0,4500.0,0.0,0.0
2025-10-07 00:00:00+05:30,323,Gaddiannaram,1,Gaddiannaram,82,Pomegrenates,82,Common,0.0,987.0,1000.0,16000.0,3000.0,0.0,0.0
2025-10-07 00:00:00+05:30,324,Bowenpally,3,Bowenpally,111,Brinjal,278,Kalyani,0.0,169.0,1000.0,3000.0,2500.0,0.0,0.0
2025-10-07 00:00:00+05:30,323,Gaddiannaram,2,L.B Nagar,114,Tomato,114,Common,0.0,542.0,800.0,1600.0,1200.0,0.0,0.0
2025-10-06 00:00:00+05:30,331,Vantimamidi,1612,Vantimamidi,111,Brinjal,111,Common,0.0,14.0,1000.0,2000.0,1500.0,0.0,0.0
2025-10-06 00:00:00+05:30,367,Gudimalkapur,1571,Gudumalkapur,111,Brinjal,279,Round,0.0,150.0,1200.0,3500.0,2000.0,0.0,0.0
2025-10-06 00:00:00+05:30,279,Thirumalagiri,9,Tirmalagiri,5,Maize,5,Common,0.0,104.0,1961.0,2061.0,2031.0,0.0,0.0
2025-10-06 00:00:00+05:30,278,Suryapet,1091,Suryapet,16,Green Gram,16,Common,0.0,237.0,3156.0,7475.0,5396.0,0.0,0.0
2025-10-06 00:00:00+05:30,322,Chevella,46,Chevella,114,Tomato,197,Local,0.0,77.0,1000.0,1000.0,1000.0,0.0,0.0
2025-10-05 00:00:00+05:30,322,Chevella,46,Chevella,114,Tomato,197,Local,0.0,87.0,1000.0,1000.0,1000.0,0.0,0.0
2025-10-06 00:00:00+05:30,323,Gaddiannaram,2,L.B Nagar,114,Tomato,114,Common,0.0,704.0,800.0,1600.0,1200.0,0.0,0.0
2025-10-06 00:00:00+05:30,323,Gaddiannaram,1,Gaddiannaram,82,Pomegrenates,82,Common,0.0,1631.0,1000.0,16000.0,3000.0,0.0,0.0
2025-10-06 00:00:00+05:30,324,Bowenpally,3,Bowenpally,111,Brinjal,278,Kalyani,0.0,143.0,1000.0,3500.0,2500.0,0.0,0.0
2025-10-06 00:00:00+05:30,325,Hyderabad,6,Madannapeta,117,Cluster Beans,117,Common,0.0,4.0,3000.0,3000.0,3000.0,0.0,0.0
2025-10-06 00:00:00+05:30,325,Hyderabad,5,Mahabubmansion,56,Garlic,56,Common,0.0,240.0,1500.0,7000.0,2200.0,0.0,0.0
2025-10-05 00:00:00+05:30,331,Vantimamidi,1612,Vantimamidi,111,Brinjal,111,Common,0.0,10.0,1500.0,2000.0,1750.0,0.0,0.0
2025-10-04 00:00:00+05:30,322,Chevella,46,Chevella,114,Tomato,197,Local,0.0,66.0,1000.0,1000.0,1000.0,0.0,0.0
2025-10-05 00:00:00+05:30,367,Gudimalkapur,1571,Gudumalkapur,111,Brinjal,279,Round,0.0,218.0,1800.0,3000.0,2000.0,0.0,0.0
2025-10-05 00:00:00+05:30,325,Hyderabad,6,Madannapeta,117,Cluster Beans,117,Common,0.0,6.0,3000.0,4000.0,3500.0,0.0,0.0
2025-10-05 00:00:00+05:30,324,Bowenpally,3,Bowenpally,111,Brinjal,278,Kalyani,0.0,531.0,600.0,4000.0,2800.0,0.0,0.0
2025-10-05 00:00:00+05:30,323,Gaddiannaram,2,L.B Nagar,114,Tomato,114,Common,0.0,650.0,600.0,1600.0,1000.0,0.0,0.0
2025-10-04 00:00:00+05:30,331,Vantimamidi,1612,Vantimamidi,111,Brinjal,111,Common,0.0,12.0,1000.0,1800.0,1400.0,0.0,0.0
2025-10-04 00:00:00+05:30,278,Suryapet,1091,Suryapet,16,Green Gram,16,Common,0.0,27.0,4874.0,6292.0,5495.0,0.0,0.0
2025-10-04 00:00:00+05:30,367,Gudimalkapur,1571,Gudumalkapur,111,Brinjal,279,Round,0.0,72.0,1800.0,3000.0,2200.0,0.0,0.0
2025-10-04 00:00:00+05:30,279,Thirumalagiri,9,Tirmalagiri,5,Maize,5,Common,0.0,51.0,1689.0,1939.0,1939.0,0.0,0.0
2025-10-04 00:00:00+05:30,325,Hyderabad,6,Madannapeta,117,Cluster Beans,117,Common,0.0,2.0,3000.0,3000.0,3000.0,0.0,0.0
2025-10-04 00:00:00+05:30,325,Hyderabad,5,Mahabubmansion,56,Garlic,56,Common,0.0,140.0,2000.0,7000.0,4000.0,0.0,0.0
2025-10-04 00:00:00+05:30,323,Gaddiannaram,2,L.B Nagar,114,Tomato,114,Common,0.0,492.0,1000.0,2000.0,1400.0,0.0,0.0
2025-10-03 00:00:00+05:30,367,Gudimalkapur,1571,Gudumalkapur,111,Brinjal,279,Round,0.0,47.0,2000.0,3000.0,2500.0,0.0,0.0
2025-10-04 00:00:00+05:30,323,Gaddiannaram,1,Gaddiannaram,82,Pomegrenates,82,Common,0.0,948.0,1000.0,16000.0,3000.0,0.0,0.0
2025-10-03 00:00:00+05:30,331,Vantimamidi,1612,Vantimamidi,111,Brinjal,111,Common,0.0,2.0,1500.0,1500.0,1500.0,0.0,0.0
2025-10-03 00:00:00+05:30,325,Hyderabad,6,Madannapeta,117,Cluster Beans,117,Common,0.0,2.0,3000.0,3000.0,3000.0,0.0,0.0
2025-10-03 00:00:00+05:30,322,Chevella,46,Chevella,114,Tomato,197,Local,0.0,88.0,1000.0,1000.0,1000.0,0.0,0.0
2025-10-03 00:00:00+05:30,324,Bowenpally,3,Bowenpally,111,Brinjal,278,Kalyani,0.0,50.0,600.0,3000.0,2500.0,0.0,0.0
2025-10-02 00:00:00+05:30,323,Gaddiannaram,2,L.B Nagar,114,Tomato,114,Common,0.0,182.0,600.0,1200.0,800.0,0.0,0.0
2025-10-02 00:00:00+05:30,325,Hyderabad,6,Madannapeta,117,Cluster Beans,117,Common,0.0,3.0,3000.0,3000.0,3000.0,0.0,0.0
2025-10-02 00:00:00+05:30,322,Chevella,46,Chevella,114,Tomato,197,Local,0.0,65.0,1000.0,1000.0,1000.0,0.0,0.0
2025-10-03 00:00:00+05:30,323,Gaddiannaram,1,Gaddiannaram,82,Pomegrenates,82,Common,0.0,966.0,1000.0,16000.0,3000.0,0.0,0.0
2025-10-02 00:00:00+05:30,367,Gudimalkapur,1571,Gudumalkapur,111,Brinjal,279,Round,0.0,38.0,1500.0,3000.0,2000.0,0.0,0.0
2025-10-02 00:00:00+05:30,324,Bowenpally,3,Bowenpally,111,Brinjal,278,Kalyani,0.0,40.0,600.0,2500.0,2000.0,0.0,0.0
2025-10-01 00:00:00+05:30,331,Vantimamidi,1612,Vantimamidi,111,Brinjal,111,Common,0.0,5.0,1000.0,1000.0,1000.0,0.0,0.0
2025-10-01 00:00:00+05:30,322,Chevella,46,Chevella,114,Tomato,197,Local,0.0,85.0,1000.0,1000.0,1000.0,0.0,0.0
2025-10-01 00:00:00+05:30,367,Gudimalkapur,1571,Gudumalkapur,111,Brinjal,279,Round,0.0,147.0,800.0,2000.0,1300.0,0.0,0.0
2025-10-01 00:00:00+05:30,325,Hyderabad,6,Madannapeta,117,Cluster Beans,117,Common,0.0,4.0,3000.0,3000.0,3000.0,0.0,0.0
2025-10-01 00:00:00+05:30,325,Hyderabad,5,Mahabubmansion,56,Garlic,56,Common,0.0,104.0,2500.0,7000.0,4000.0,0.0,0.0
2025-10-01 00:00:00+05:30,323,Gaddiannaram,2,L.B Nagar,114,Tomato,114,Common,0.0,730.0,600.0,1200.0,800.0,0.0,0.0
2025-10-01 00:00:00+05:30,323,Gaddiannaram,1,Gaddiannaram,82,Pomegrenates,82,Common,0.0,1242.0,1000.0,16000.0,3000.0,0.0,0.0
2025-10-01 00:00:00+05:30,324,Bowenpally,3,Bowenpally,111,Brinjal,278,Kalyani,0.0,240.0,600.0,2500.0,2000.0,0.0,0.0
2025-10-31 00:00:00+05:30,325,Hyderabad,5,Mahabubmansion,56,Garlic,56,Common,0.0,140.0,2500.0,7000.0,4000.0,0.0,0.0
2025-10-31 00:00:00+05:30,322,Chevella,46,Chevella,114,Tomato,197,Local,0.0,31.0,1000.0,1000.0,1000.0,0.0,0.0
2025-10-31 00:00:00+05:30,278,Suryapet,1091,Suryapet,16,Green Gram,16,Common,0.0,138.0,3468.0,6273.0,4473.0,0.0,0.0
2025-10-31 00:00:00+05:30,367,Gudimalkapur,1571,Gudumalkapur,111,Brinjal,279,Round,0.0,185.0,1300.0,3000.0,1800.0,0.0,0.0
2025-10-31 00:00:00+05:30,331,Vantimamidi,1612,Vantimamidi,111,Brinjal,111,Common,0.0,14.0,2000.0,2800.0,2400.0,0.0,0.0
2025-10-31 00:00:00+05:30,323,Gaddiannaram,2,L.B Nagar,114,Tomato,114,Common,0.0,723.0,800.0,2000.0,1400.0,0.0,0.0
2025-10-31 00:00:00+05:30,325,Hyderabad,6,Madannapeta,117,Cluster Beans,117,Common,0.0,3.0,4000.0,4000.0,4000.0,0.0,0.0
2025-10-31 00:00:00+05:30,324,Bowenpally,3,Bowenpally,111,Brinjal,278,Kalyani,0.0,667.0,500.0,3000.0,2200.0,0.0,0.0
2025-10-30 00:00:00+05:30,367,Gudimalkapur,1571,Gudumalkapur,111,Brinjal,279,Round,0.0,131.0,900.0,4000.0,1600.0,0.0,0.0
2025-10-31 00:00:00+05:30,323,Gaddiannaram,1,Gaddiannaram,82,Pomegrenates,82,Common,0.0,550.0,1000.0,16000.0,3000.0,0.0,0.0
2025-10-30 00:00:00+05:30,331,Vantimamidi,1612,Vantimamidi,111,Brinjal,111,Common,0.0,5.0,2000.0,2000.0,2000.0,0.0,0.0
2025-10-30 00:00:00+05:30,278,Suryapet,1091,Suryapet,16,Green Gram,16,Common,0.0,19.0,3389.0,4595.0,4272.0,0.0,0.0
2025-10-30 00:00:00+05:30,322,Chevella,46,Chevella,114,Tomato,197,Local,0.0,95.0,1000.0,1000.0,1000.0,0.0,0.0
2025-10-30 00:00:00+05:30,324,Bowenpally,3,Bowenpally,111,Brinjal,278,Kalyani,0.0,343.0,500.0,2500.0,2000.0,0.0,0.0
2025-10-30 00:00:00+05:30,325,Hyderabad,5,Mahabubmansion,56,Garlic,56,Common,0.0,120.0,25000.0,7000.0,4000.0,0.0,0.0
2025-10-30 00:00:00+05:30,323,Gaddiannaram,1,Gaddiannaram,82,Pomegrenates,82,Common,0.0,240.0,1000.0,13500.0,3000.0,0.0,0.0
2025-10-30 00:00:00+05:30,325,Hyderabad,6,Madannapeta,117,Cluster Beans,117,Common,0.0,6.0,3000.0,4000.0,3500.0,0.0,0.0
2025-10-29 00:00:00+05:30,278,Suryapet,1091,Suryapet,16,Green Gram,16,Common,0.0,32.0,2691.0,6453.0,6453.0,0.0,0.0
2025-10-29 00:00:00+05:30,322,Chevella,46,Chevella,114,Tomato,197,Local,0.0,99.0,1000.0,1000.0,1000.0,0.0,0.0
2025-10-30 00:00:00+05:30,323,Gaddiannaram,2,L.B Nagar,114,Tomato,114,Common,0.0,665.0,800.0,2400.0,1600.0,0.0,0.0
2025-10-29 00:00:00+05:30,331,Vantimamidi,1612,Vantimamidi,111,Brinjal,111,Common,0.0,10.0,2000.0,3500.0,2750.0,0.0,0.0
2025-10-29 00:00:00+05:30,367,Gudimalkapur,1571,Gudumalkapur,111,Brinjal,279,Round,0.0,121.0,900.0,3000.0,1500.0,0.0,0.0
2025-10-29 00:00:00+05:30,324,Bowenpally,3,Bowenpally,111,Brinjal,278,Kalyani,0.0,797.0,500.0,2500.0,2000.0,0.0,0.0
2025-10-29 00:00:00+05:30,325,Hyderabad,5,Mahabubmansion,56,Garlic,56,Common,0.0,80.0,2500.0,7000.0,4000.0,0.0,0.0
2025-10-29 00:00:00+05:30,323,Gaddiannaram,1,Gaddiannaram,82,Pomegrenates,82,Common,0.0,990.0,1000.0,15000.0,3000.0,0.0,0.0
2025-10-29 00:00:00+05:30,325,Hyderabad,6,Madannapeta,117,Cluster Beans,117,Common,0.0,4.0,3000.0,4000.0,3500.0,0.0,0.0
2025-10-29 00:00:00+05:30,323,Gaddiannaram,2,L.B Nagar,114,Tomato,114,Common,0.0,939.0,1200.0,2400.0,1600.0,0.0,0.0
2025-10-28 00:00:00+05:30,331,Vantimamidi,1612,Vantimamidi,111,Brinjal,111,Common,0.0,8.0,1000.0,2000.0,1500.0,0.0,0.0
2025-10-28 00:00:00+05:30,367,Gudimalkapur,1571,Gudumalkapur,111,Brinjal,279,Round,0.0,170.0,1000.0,3000.0,1800.0,0.0,0.0
2025-10-28 00:00:00+05:30,278,Suryapet,1091,Suryapet,16,Green Gram,16,Common,0.0,77.0,3929.0,6259.0,6259.0,0.0,0.0
2025-10-28 00:00:00+05:30,279,Thirumalagiri,9,Tirmalagiri,5,Maize,5,Common,0.0,37.0,1601.0,1631.0,1631.0,0.0,0.0
2025-10-28 00:00:00+05:30,325,Hyderabad,6,Madannapeta,117,Cluster Beans,117,Common,0.0,4.0,3000.0,4000.0,3500.0,0.0,0.0
2025-10-28 00:00:00+05:30,246,Warangal,886,Warangal,14,Bengal Gram,14,Common,0.0,3.09,5652.0,5652.0,5652.0,0.0,0.0
2025-10-01 00:00:00+05:30,324,Bowenpally,3,Bowenpally,111,Brinjal,279,Round,0.0,140.0,600.0,2500.0,2000.0,0.0,0.0
2025-10-01 00:00:00+05:30,323,Gaddiannaram,2,L.B Nagar,116,French Beans,116,Common,0.0,12.0,3000.0,4000.0,3500.0,0.0,0.0
2025-10-01 00:00:00+05:30,367,Gudimalkapur,1571,Gudumalkapur,112,Ladys Finger,112,Common,0.0,344.0,1200.0,3000.0,1800.0,0.0,0.0
2025-10-01 00:00:00+05:30,331,Vantimamidi,1612,Vantimamidi,112,Ladys Finger,112,Common,0.0,3.0,1500.0,1600.0,1550.0,0.0,0.0
2025-10-01 00:00:00+05:30,303,Kalwakurthy,1340,Kalwakurthy,111,Brinjal,111,Common,0.0,2.0,3000.0,4000.0,3500.0,0.0,0.0
2025-10-02 00:00:00+05:30,324,Bowenpally,3,Bowenpally,111,Brinjal,279,Round,0.0,42.0,600.0,2500.0,2000.0,0.0,0.0
2025-10-02 00:00:00+05:30,367,Gudimalkapur,1571,Gudumalkapur,112,Ladys Finger,112,Common,0.0,259.0,1000.0,1800.0,1400.0,0.0,0.0
2025-10-03 00:00:00+05:30,323,Gaddiannaram,1,Gaddiannaram,84,Sapota,84,Common,0.0,3.0,1200.0,1200.0,1200.0,0.0,0.0
2025-10-02 00:00:00+05:30,323,Gaddiannaram,2,L.B Nagar,116,French Beans,116,Common,0.0,10.0,3000.0,4000.0,3500.0,0.0,0.0
2025-10-03 00:00:00+05:30,324,Bowenpally,3,Bowenpally,111,Brinjal,279,Round,0.0,50.0,600.0,3000.0,2500.0,0.0,0.0
2025-10-03 00:00:00+05:30,310,Shadnagar,1330,Shadnagar,98,Cabbage,98,Common,0.0,20.0,1800.0,2200.0,2000.0,0.0,0.0
2025-10-02 00:00:00+05:30,310,Shadnagar,1330,Shadnagar,98,Cabbage,98,Common,0.0,5.0,1800.0,2500.0,2000.0,0.0,0.0
2025-10-03 00:00:00+05:30,331,Vantimamidi,1612,Vantimamidi,112,Ladys Finger,112,Common,0.0,22.0,2000.0,3000.0,2500.0,0.0,0.0
2025-10-04 00:00:00+05:30,323,Gaddiannaram,1,Gaddiannaram,84,Sapota,84,Common,0.0,5.0,1100.0,1100.0,1100.0,0.0,0.0
2025-10-03 00:00:00+05:30,367,Gudimalkapur,1571,Gudumalkapur,112,Ladys Finger,112,Common,0.0,262.0,1000.0,2000.0,1500.0,0.0,0.0
2025-10-04 00:00:00+05:30,323,Gaddiannaram,2,L.B Nagar,116,French Beans,116,Common,0.0,16.0,5000.0,7000.0,6000.0,0.0,0.0
2025-10-04 00:00:00+05:30,324,Bowenpally,3,Bowenpally,111,Brinjal,279,Round,0.0,125.0,600.0,4000.0,2500.0,0.0,0.0
2025-10-04 00:00:00+05:30,367,Gudimalkapur,1571,Gudumalkapur,112,Ladys Finger,112,Common,0.0,378.0,1000.0,2500.0,1800.0,0.0,0.0
2025-10-04 00:00:00+05:30,310,Shadnagar,1330,Shadnagar,98,Cabbage,98,Common,0.0,20.0,1200.0,1800.0,1500.0,0.0,0.0
2025-10-04 00:00:00+05:30,331,Vantimamidi,1612,Vantimamidi,112,Ladys Finger,112,Common,0.0,8.0,1200.0,2500.0,1850.0,0.0,0.0
2025-10-04 00:00:00+05:30,303,Kalwakurthy,1340,Kalwakurthy,111,Brinjal,111,Common,0.0,1.0,3000.0,3000.0,3000.0,0.0,0.0
2025-10-05 00:00:00+05:30,323,Gaddiannaram,2,L.B Nagar,116,French Beans,116,Common,0.0,15.0,5000.0,6000.0,5500.0,0.0,0.0
2025-10-05 00:00:00+05:30,324,Bowenpally,3,Bowenpally,111,Brinjal,279,Round,0.0,300.0,600.0,4000.0,3000.0,0.0,0.0
2025-10-05 00:00:00+05:30,367,Gudimalkapur,1571,Gudumalkapur,112,Ladys Finger,112,Common,0.0,379.0,1200.0,2500.0,1600.0,0.0,0.0
2025-10-05 00:00:00+05:30,303,Kalwakurthy,1340,Kalwakurthy,111,Brinjal,111,Common,0.0,5.0,2500.0,4000.0,3250.0,0.0,0.0
2025-10-05 00:00:00+05:30,310,Shadnagar,1330,Shadnagar,98,Cabbage,98,Common,0.0,30.0,2500.0,3500.0,3000.0,0.0,0.0
2025-10-05 00:00:00+05:30,331,Vantimamidi,1612,Vantimamidi,112,Ladys Finger,112,Common,0.0,2.0,1200.0,2000.0,1600.0,0.0,0.0
2025-10-06 00:00:00+05:30,325,Hyderabad,6,Madannapeta,118,Field Beans,118,Common,0.0,4.0,4000.0,4000.0,4000.0,0.0,0.0
2025-10-06 00:00:00+05:30,246,Warangal,886,Warangal,15,Red Gram,15,Common,0.0,0.77,5369.0,5369.0,5369.0,0.0,0.0
2025-10-06 00:00:00+05:30,324,Bowenpally,3,Bowenpally,111,Brinjal,279,Round,0.0,700.0,1500.0,4000.0,3200.0,0.0,0.0
2025-10-06 00:00:00+05:30,323,Gaddiannaram,1,Gaddiannaram,84,Sapota,84,Common,0.0,6.0,1300.0,1300.0,1300.0,0.0,0.0
2025-10-06 00:00:00+05:30,323,Gaddiannaram,2,L.B Nagar,116,French Beans,116,Common,0.0,7.0,4000.0,6000.0,5000.0,0.0,0.0
2025-10-06 00:00:00+05:30,256,Khammam,1067,Khammam,54,Chillies(Dry),250,Teja,0.0,237.0,5000.0,8200.0,7200.0,0.0,0.0
2025-10-06 00:00:00+05:30,310,Shadnagar,1330,Shadnagar,98,Cabbage,98,Common,0.0,30.0,2200.0,2800.0,2500.0,0.0,0.0
2025-10-06 00:00:00+05:30,367,Gudimalkapur,1571,Gudumalkapur,112,Ladys Finger,112,Common,0.0,315.0,1200.0,3000.0,2000.0,0.0,0.0
2025-10-06 00:00:00+05:30,303,Kalwakurthy,1340,Kalwakurthy,111,Brinjal,111,Common,0.0,3.0,2000.0,3000.0,2500.0,0.0,0.0
2025-10-06 00:00:00+05:30,331,Vantimamidi,1612,Vantimamidi,112,Ladys Finger,112,Common,0.0,9.0,1500.0,2500.0,2000.0,0.0,0.0
2025-10-07 00:00:00+05:30,323,Gaddiannaram,2,L.B Nagar,116,French Beans,116,Common,0.0,27.0,4000.0,5000.0,4500.0,0.0,0.0
2025-10-07 00:00:00+05:30,324,Bowenpally,3,Bowenpally,111,Brinjal,279,Round,0.0,900.0,1000.0,3000.0,2500.0,0.0,0.0
2025-10-07 00:00:00+05:30,325,Hyderabad,5,Mahabubmansion,57,Tumeric,57,Common,0.0,85.0,14000.0,17000.0,15000.0,0.0,0.0
2025-10-07 00:00:00+05:30,367,Gudimalkapur,1571,Gudumalkapur,112,Ladys Finger,112,Common,0.0,387.0,2200.0,3500.0,2300.0,0.0,0.0
2025-10-07 00:00:00+05:30,256,Khammam,1067,Khammam,54,Chillies(Dry),250,Teja,0.0,138.0,5000.0,8100.0,7000.0,0.0,0.0
2025-10-07 00:00:00+05:30,241,Mahabubabad,1177,Mahabubabad,22,Cowpea,22,Common,0.0,2.0,6260.0,6260.0,6020.0,0.0,0.0
2025-10-08 00:00:00+05:30,324,Bowenpally,3,Bowenpally,111,Brinjal,279,Round,0.0,800.0,1000.0,3000.0,2500.0,0.0,0.0
2025-10-07 00:00:00+05:30,331,Vantimamidi,1612,Vantimamidi,112,Ladys Finger,112,Common,0.0,5.0,2000.0,2800.0,2400.0,0.0,0.0
2025-10-07 00:00:00+05:30,303,Kalwakurthy,1340,Kalwakurthy,111,Brinjal,111,Common,0.0,1.0,1500.0,3000.0,2250.0,0.0,0.0
2025-10-07 00:00:00+05:30,310,Shadnagar,1330,Shadnagar,98,Cabbage,98,Common,0.0,20.0,2000.0,2800.0,2500.0,0.0,0.0
2025-10-08 00:00:00+05:30,256,Khammam,1067,Khammam,54,Chillies(Dry),250,Teja,0.0,410.0,6500.0,8200.0,7000.0,0.0,0.0
2025-10-08 00:00:00+05:30,323,Gaddiannaram,2,L.B Nagar,116,French Beans,116,Common,0.0,16.0,3500.0,4500.0,4000.0,0.0,0.0
2025-10-08 00:00:00+05:30,367,Gudimalkapur,1571,Gudumalkapur,112,Ladys Finger,112,Common,0.0,387.0,1800.0,4000.0,2200.0,0.0,0.0
2025-10-08 00:00:00+05:30,310,Shadnagar,1330,Shadnagar,98,Cabbage,98,Common,0.0,20.0,1800.0,2600.0,2200.0,0.0,0.0
2025-10-09 00:00:00+05:30,323,Gaddiannaram,2,L.B Nagar,116,French Beans,116,Common,0.0,20.0,3500.0,4500.0,4000.0,0.0,0.0
2025-10-08 00:00:00+05:30,331,Vantimamidi,1612,Vantimamidi,112,Ladys Finger,112,Common,0.0,1.0,2000.0,3000.0,2500.0,0.0,0.0
2025-10-08 00:00:00+05:30,303,Kalwakurthy,1340,Kalwakurthy,111,Brinjal,111,Common,0.0,5.0,2000.0,3500.0,2750.0,0.0,0.0
2025-10-09 00:00:00+05:30,324,Bowenpally,3,Bowenpally,111,Brinjal,279,Round,0.0,500.0,800.0,3000.0,2400.0,0.0,0.0
2025-10-09 00:00:00+05:30,256,Khammam,1067,Khammam,54,Chillies(Dry),250,Teja,0.0,1508.0,6300.0,8100.0,7100.0,0.0,0.0
2025-10-09 00:00:00+05:30,246,Warangal,886,Warangal,15,Red Gram,15,Common,0.0,8.17,5052.0,6029.0,5859.0,0.0,0.0
2025-10-09 00:00:00+05:30,239,Kesamudram,1168,Kesamudram,57,Tumeric,228,Bulb,0.0,1.0,5501.0,5501.0,5501.0,0.0,0.0
2025-10-09 00:00:00+05:30,303,Kalwakurthy,1340,Kalwakurthy,111,Brinjal,111,Common,0.0,2.0,2000.0,3500.0,2750.0,0.0,0.0
2025-10-09 00:00:00+05:30,367,Gudimalkapur,1571,Gudumalkapur,112,Ladys Finger,112,Common,0.0,399.0,1200.0,3000.0,1800.0,0.0,0.0
2025-10-09 00:00:00+05:30,310,Shadnagar,1330,Shadnagar,98,Cabbage,98,Common,0.0,25.0,2500.0,3500.0,3000.0,0.0,0.0
2025-10-09 00:00:00+05:30,331,Vantimamidi,1612,Vantimamidi,112,Ladys Finger,112,Common,0.0,9.0,2000.0,3000.0,2500.0,0.0,0.0
2025-10-10 00:00:00+05:30,323,Gaddiannaram,1,Gaddiannaram,84,Sapota,84,Common,0.0,8.0,1400.0,1400.0,1400.0,0.0,0.0
2025-10-10 00:00:00+05:30,324,Bowenpally,3,Bowenpally,111,Brinjal,279,Round,0.0,500.0,1000.0,3000.0,2500.0,0.0,0.0
2025-10-10 00:00:00+05:30,325,Hyderabad,5,Mahabubmansion,57,Tumeric,57,Common,0.0,42.0,14000.0,17000.0,15000.0,0.0,0.0
2025-10-10 00:00:00+05:30,323,Gaddiannaram,2,L.B Nagar,116,French Beans,116,Common,0.0,10.0,3000.0,4000.0,3500.0,0.0,0.0
2025-10-10 00:00:00+05:30,246,Warangal,886,Warangal,15,Red Gram,15,Common,0.0,0.39,5352.0,5352.0,5352.0,0.0,0.0
2025-10-10 00:00:00+05:30,256,Khammam,1067,Khammam,54,Chillies(Dry),250,Teja,0.0,845.0,6300.0,8200.0,7100.0,0.0,0.0
2025-10-10 00:00:00+05:30,367,Gudimalkapur,1571,Gudumalkapur,112,Ladys Finger,112,Common,0.0,342.0,1200.0,3200.0,1800.0,0.0,0.0
2025-10-10 00:00:00+05:30,303,Kalwakurthy,1340,Kalwakurthy,111,Brinjal,111,Common,0.0,3.0,2500.0,3500.0,3000.0,0.0,0.0
2025-10-11 00:00:00+05:30,323,Gaddiannaram,2,L.B Nagar,116,French Beans,116,Common,0.0,22.0,4000.0,4500.0,4200.0,0.0,0.0
2025-10-10 00:00:00+05:30,331,Vantimamidi,1612,Vantimamidi,112,Ladys Finger,112,Common,0.0,5.0,3000.0,4000.0,3500.0,0.0,0.0
2025-10-10 00:00:00+05:30,310,Shadnagar,1330,Shadnagar,98,Cabbage,98,Common,0.0,20.0,2000.0,2800.0,2500.0,0.0,0.0
2025-10-11 00:00:00+05:30,324,Bowenpally,3,Bowenpally,111,Brinjal,279,Round,0.0,500.0,1000.0,3000.0,2500.0,0.0,0.0
2025-10-11 00:00:00+05:30,310,Shadnagar,1330,Shadnagar,98,Cabbage,98,Common,0.0,20.0,2000.0,2600.0,2500.0,0.0,0.0
2025-10-12 00:00:00+05:30,324,Bowenpally,3,Bowenpally,111,Brinjal,279,Round,0.0,700.0,1000.0,3000.0,2500.0,0.0,0.0
2025-10-11 00:00:00+05:30,331,Vantimamidi,1612,Vantimamidi,112,Ladys Finger,112,Common,0.0,4.0,2000.0,3000.0,2500.0,0.0,0.0
2025-10-11 00:00:00+05:30,303,Kalwakurthy,1340,Kalwakurthy,111,Brinjal,111,Common,0.0,4.0,3000.0,3500.0,3250.0,0.0,0.0
2025-10-12 00:00:00+05:30,323,Gaddiannaram,2,L.B Nagar,116,French Beans,116,Common,0.0,20.0,3500.0,4500.0,4000.0,0.0,0.0
2025-10-11 00:00:00+05:30,367,Gudimalkapur,1571,Gudumalkapur,112,Ladys Finger,112,Common,0.0,407.0,1800.0,3200.0,2200.0,0.0,0.0
2025-10-12 00:00:00+05:30,331,Vantimamidi,1612,Vantimamidi,112,Ladys Finger,112,Common,0.0,7.0,1500.0,2500.0,2000.0,0.0,0.0
2025-10-12 00:00:00+05:30,367,Gudimalkapur,1571,Gudumalkapur,112,Ladys Finger,112,Common,0.0,127.0,1200.0,4000.0,2200.0,0.0,0.0
2025-10-12 00:00:00+05:30,310,Shadnagar,1330,Shadnagar,98,Cabbage,98,Common,0.0,30.0,1800.0,2500.0,2200.0,0.0,0.0
2025-10-13 00:00:00+05:30,324,Bowenpally,3,Bowenpally,111,Brinjal,279,Round,0.0,200.0,600.0,3500.0,2500.0,0.0,0.0
2025-10-13 00:00:00+05:30,323,Gaddiannaram,2,L.B Nagar,116,French Beans,116,Common,0.0,17.0,3500.0,4000.0,3700.0,0.0,0.0
2025-10-13 00:00:00+05:30,246,Warangal,886,Warangal,15,Red Gram,15,Common,0.0,2.3,5312.0,5414.0,5312.0,0.0,0.0
2025-10-13 00:00:00+05:30,256,Khammam,1067,Khammam,54,Chillies(Dry),250,Teja,0.0,1601.0,6000.0,8100.0,7000.0,0.0,0.0
2025-10-13 00:00:00+05:30,303,Kalwakurthy,1340,Kalwakurthy,111,Brinjal,111,Common,0.0,5.0,2000.0,3500.0,2750.0,0.0,0.0
2025-10-13 00:00:00+05:30,310,Shadnagar,1330,Shadnagar,98,Cabbage,98,Common,0.0,25.0,1800.0,2500.0,2000.0,0.0,0.0
2025-10-13 00:00:00+05:30,367,Gudimalkapur,1571,Gudumalkapur,112,Ladys Finger,112,Common,0.0,366.0,1500.0,4000.0,2200.0,0.0,0.0
2025-10-13 00:00:00+05:30,331,Vantimamidi,1612,Vantimamidi,112,Ladys Finger,112,Common,0.0,8.0,1500.0,2500.0,2000.0,0.0,0.0
2025-10-14 00:00:00+05:30,323,Gaddiannaram,2,L.B Nagar,116,French Beans,116,Common,0.0,22.0,3500.0,4500.0,4000.0,0.0,0.0
2025-10-14 00:00:00+05:30,324,Bowenpally,3,Bowenpally,111,Brinjal,279,Round,0.0,400.0,600.0,3500.0,2500.0,0.0,0.0
2025-10-14 00:00:00+05:30,323,Gaddiannaram,1,Gaddiannaram,84,Sapota,84,Common,0.0,4.0,1600.0,1600.0,1600.0,0.0,0.0
2025-10-14 00:00:00+05:30,325,Hyderabad,5,Mahabubmansion,57,Tumeric,57,Common,0.0,10.0,13000.0,15000.0,14000.0,0.0,0.0
2025-10-14 00:00:00+05:30,246,Warangal,886,Warangal,15,Red Gram,15,Common,0.0,8.51,5122.0,5633.0,5633.0,0.0,0.0
2025-10-14 00:00:00+05:30,256,Khammam,1067,Khammam,54,Chillies(Dry),250,Teja,0.0,3055.0,6000.0,8000.0,7500.0,0.0,0.0
2025-10-14 00:00:00+05:30,310,Shadnagar,1330,Shadnagar,98,Cabbage,98,Common,0.0,25.0,1600.0,2200.0,2000.0,0.0,0.0
2025-10-14 00:00:00+05:30,367,Gudimalkapur,1571,Gudumalkapur,112,Ladys Finger,112,Common,0.0,323.0,1800.0,4000.0,2000.0,0.0,0.0
2025-10-14 00:00:00+05:30,303,Kalwakurthy,1340,Kalwakurthy,111,Brinjal,111,Common,0.0,2.0,2500.0,3500.0,3000.0,0.0,0.0
2025-10-14 00:00:00+05:30,331,Vantimamidi,1612,Vantimamidi,112,Ladys Finger,112,Common,0.0,3.0,2000.0,2500.0,2250.0,0.0,0.0
2025-10-15 00:00:00+05:30,324,Bowenpally,3,Bowenpally,111,Brinjal,279,Round,0.0,384.0,600.0,3000.0,2400.0,0.0,0.0
2025-10-15 00:00:00+05:30,323,Gaddiannaram,2,L.B Nagar,116,French Beans,116,Common,0.0,20.0,3500.0,4500.0,4000.0,0.0,0.0
2025-10-15 00:00:00+05:30,367,Gudimalkapur,1571,Gudumalkapur,112,Ladys Finger,112,Common,0.0,352.0,1200.0,4000.0,2000.0,0.0,0.0
2025-10-15 00:00:00+05:30,278,Suryapet,1091,Suryapet,17,Black Gram,17,Common,0.0,12.0,6192.0,6293.0,6293.0,0.0,0.0
2025-10-15 00:00:00+05:30,256,Khammam,1067,Khammam,54,Chillies(Dry),250,Teja,0.0,1343.0,6000.0,8000.0,7500.0,0.0,0.0
2025-10-15 00:00:00+05:30,303,Kalwakurthy,1340,Kalwakurthy,111,Brinjal,111,Common,0.0,2.0,3000.0,4000.0,3500.0,0.0,0.0
2025-10-16 00:00:00+05:30,323,Gaddiannaram,2,L.B Nagar,116,French Beans,116,Common,0.0,20.0,3500.0,4500.0,4000.0,0.0,0.0
2025-10-15 00:00:00+05:30,310,Shadnagar,1330,Shadnagar,98,Cabbage,98,Common,0.0,25.0,1800.0,2500.0,2000.0,0.0,0.0
2025-10-15 00:00:00+05:30,331,Vantimamidi,1612,Vantimamidi,112,Ladys Finger,112,Common,0.0,11.0,1500.0,2500.0,2000.0,0.0,0.0
2025-10-16 00:00:00+05:30,256,Khammam,1067,Khammam,54,Chillies(Dry),250,Teja,0.0,1935.0,6000.0,8100.0,4500.0,0.0,0.0
2025-10-16 00:00:00+05:30,278,Suryapet,1091,Suryapet,17,Black Gram,17,Common,0.0,11.0,6359.0,6459.0,6459.0,0.0,0.0
2025-10-16 00:00:00+05:30,246,Warangal,886,Warangal,15,Red Gram,15,Common,0.0,4.43,5152.0,5869.0,5356.0,0.0,0.0
2025-10-16 00:00:00+05:30,324,Bowenpally,3,Bowenpally,111,Brinjal,279,Round,0.0,348.0,600.0,3500.0,2500.0,0.0,0.0
2025-10-17 00:00:00+05:30,324,Bowenpally,3,Bowenpally,111,Brinjal,279,Round,0.0,300.0,600.0,3500.0,2500.0,0.0,0.0
2025-10-16 00:00:00+05:30,331,Vantimamidi,1612,Vantimamidi,112,Ladys Finger,112,Common,0.0,7.0,2000.0,3000.0,2500.0,0.0,0.0
2025-10-16 00:00:00+05:30,367,Gudimalkapur,1571,Gudumalkapur,112,Ladys Finger,112,Common,0.0,343.0,1500.0,3500.0,2000.0,0.0,0.0
2025-10-16 00:00:00+05:30,310,Shadnagar,1330,Shadnagar,98,Cabbage,98,Common,0.0,30.0,2000.0,2800.0,2500.0,0.0,0.0
2025-10-16 00:00:00+05:30,303,Kalwakurthy,1340,Kalwakurthy,111,Brinjal,111,Common,0.0,2.0,3500.0,4000.0,3750.0,0.0,0.0
2025-10-17 00:00:00+05:30,325,Hyderabad,6,Madannapeta,118,Field Beans,118,Common,0.0,14.0,3000.0,4000.0,3500.0,0.0,0.0
2025-10-17 00:00:00+05:30,323,Gaddiannaram,2,L.B Nagar,116,French Beans,116,Common,0.0,7.0,3000.0,4000.0,3500.0,0.0,0.0
2025-10-17 00:00:00+05:30,246,Warangal,886,Warangal,15,Red Gram,15,Common,0.0,3.0,5552.0,5552.0,5552.0,0.0,0.0
2025-10-17 00:00:00+05:30,256,Khammam,1067,Khammam,54,Chillies(Dry),250,Teja,0.0,1258.0,5900.0,8000.0,7000.0,0.0,0.0
2025-10-17 00:00:00+05:30,278,Suryapet,1091,Suryapet,17,Black Gram,17,Common,0.0,2.0,6479.0,6479.0,6479.0,0.0,0.0
2025-10-17 00:00:00+05:30,239,Kesamudram,1168,Kesamudram,57,Tumeric,228,Bulb,0.0,1.0,9001.0,9001.0,9001.0,0.0,0.0
2025-10-17 00:00:00+05:30,303,Kalwakurthy,1340,Kalwakurthy,111,Brinjal,111,Common,0.0,5.0,2500.0,3500.0,3000.0,0.0,0.0
2025-10-17 00:00:00+05:30,310,Shadnagar,1330,Shadnagar,98,Cabbage,98,Common,0.0,30.0,2500.0,3000.0,2800.0,0.0,0.0
2025-10-17 00:00:00+05:30,331,Vantimamidi,1612,Vantimamidi,112,Ladys Finger,112,Common,0.0,3.0,2000.0,2500.0,2250.0,0.0,0.0
2025-10-18 00:00:00+05:30,323,Gaddiannaram,1,Gaddiannaram,84,Sapota,84,Common,0.0,18.0,1000.0,1600.0,1200.0,0.0,0.0
2025-10-17 00:00:00+05:30,367,Gudimalkapur,1571,Gudumalkapur,112,Ladys Finger,112,Common,0.0,320.0,1300.0,3500.0,1800.0,0.0,0.0
2025-10-18 00:00:00+05:30,324,Bowenpally,3,Bowenpally,111,Brinjal,279,Round,0.0,400.0,600.0,2500.0,2000.0,0.0,0.0
2025-10-18 00:00:00+05:30,323,Gaddiannaram,2,L.B Nagar,116,French Beans,116,Common,0.0,15.0,3000.0,5000.0,4000.0,0.0,0.0
2025-10-18 00:00:00+05:30,367,Gudimalkapur,1571,Gudumalkapur,112,Ladys Finger,112,Common,0.0,363.0,1200.0,4000.0,2200.0,0.0,0.0
2025-10-18 00:00:00+05:30,331,Vantimamidi,1612,Vantimamidi,112,Ladys Finger,112,Common,0.0,9.0,2000.0,3000.0,2500.0,0.0,0.0
2025-10-18 00:00:00+05:30,303,Kalwakurthy,1340,Kalwakurthy,111,Brinjal,111,Common,0.0,3.0,2500.0,3500.0,3000.0,0.0,0.0
2025-10-18 00:00:00+05:30,310,Shadnagar,1330,Shadnagar,98,Cabbage,98,Common,0.0,25.0,2800.0,3500.0,3200.0,0.0,0.0
2025-10-19 00:00:00+05:30,324,Bowenpally,3,Bowenpally,111,Brinjal,279,Round,0.0,600.0,500.0,3000.0,2200.0,0.0,0.0
2025-10-19 00:00:00+05:30,323,Gaddiannaram,2,L.B Nagar,116,French Beans,116,Common,0.0,19.0,3500.0,4500.0,4000.0,0.0,0.0
2025-10-19 00:00:00+05:30,367,Gudimalkapur,1571,Gudumalkapur,112,Ladys Finger,112,Common,0.0,369.0,1300.0,4000.0,2600.0,0.0,0.0
2025-10-19 00:00:00+05:30,331,Vantimamidi,1612,Vantimamidi,112,Ladys Finger,112,Common,0.0,13.0,2000.0,3000.0,2500.0,0.0,0.0
2025-10-19 00:00:00+05:30,303,Kalwakurthy,1340,Kalwakurthy,111,Brinjal,111,Common,0.0,6.0,2000.0,3500.0,2750.0,0.0,0.0
2025-10-19 00:00:00+05:30,310,Shadnagar,1330,Shadnagar,98,Cabbage,98,Common,0.0,35.0,3500.0,4000.0,3800.0,0.0,0.0
2025-10-20 00:00:00+05:30,323,Gaddiannaram,1,Gaddiannaram,84,Sapota,84,Common,0.0,4.0,1400.0,1400.0,1400.0,0.0,0.0
2025-10-20 00:00:00+05:30,323,Gaddiannaram,2,L.B Nagar,116,French Beans,116,Common,0.0,15.0,3500.0,4500.0,4000.0,0.0,0.0
2025-10-20 00:00:00+05:30,324,Bowenpally,3,Bowenpally,111,Brinjal,279,Round,0.0,500.0,600.0,3000.0,2500.0,0.0,0.0
2025-10-21 00:00:00+05:30,323,Gaddiannaram,1,Gaddiannaram,84,Sapota,84,Common,0.0,10.0,1000.0,1400.0,1200.0,0.0,0.0
2025-10-20 00:00:00+05:30,303,Kalwakurthy,1340,Kalwakurthy,111,Brinjal,111,Common,0.0,4.0,2000.0,3000.0,2500.0,0.0,0.0
2025-10-20 00:00:00+05:30,367,Gudimalkapur,1571,Gudumalkapur,112,Ladys Finger,112,Common,0.0,318.0,1800.0,4000.0,2200.0,0.0,0.0
2025-10-20 00:00:00+05:30,310,Shadnagar,1330,Shadnagar,98,Cabbage,98,Common,0.0,15.0,3000.0,4000.0,3500.0,0.0,0.0
2025-10-21 00:00:00+05:30,331,Vantimamidi,1612,Vantimamidi,112,Ladys Finger,112,Common,0.0,10.0,2000.0,3000.0,2500.0,0.0,0.0
2025-10-21 00:00:00+05:30,303,Kalwakurthy,1340,Kalwakurthy,111,Brinjal,111,Common,0.0,4.0,2500.0,4000.0,3250.0,0.0,0.0
2025-10-21 00:00:00+05:30,310,Shadnagar,1330,Shadnagar,98,Cabbage,98,Common,0.0,20.0,2500.0,3500.0,3000.0,0.0,0.0
2025-10-22 00:00:00+05:30,324,Bowenpally,3,Bowenpally,111,Brinjal,279,Round,0.0,400.0,600.0,4000.0,2600.0,0.0,0.0
2025-10-22 00:00:00+05:30,323,Gaddiannaram,1,Gaddiannaram,84,Sapota,84,Common,0.0,33.0,1000.0,1600.0,1200.0,0.0,0.0
2025-10-22 00:00:00+05:30,323,Gaddiannaram,2,L.B Nagar,116,French Beans,116,Common,0.0,12.0,4000.0,4500.0,4200.0,0.0,0.0
2025-10-22 00:00:00+05:30,256,Khammam,1067,Khammam,54,Chillies(Dry),250,Teja,0.0,1010.0,6700.0,8000.0,7000.0,0.0,0.0
2025-10-22 00:00:00+05:30,239,Kesamudram,1168,Kesamudram,57,Tumeric,228,Bulb,0.0,1.0,5555.0,5555.0,5555.0,0.0,0.0
2025-10-22 00:00:00+05:30,310,Shadnagar,1330,Shadnagar,98,Cabbage,98,Common,0.0,25.0,2000.0,3500.0,2500.0,0.0,0.0
2025-10-22 00:00:00+05:30,208,Nizamabad,1080,Nizamabad,15,Red Gram,15,Common,0.0,2.0,5055.0,5055.0,5055.0,0.0,0.0
2025-10-22 00:00:00+05:30,246,Warangal,886,Warangal,15,Red Gram,15,Common,0.0,9.92,5852.0,6102.0,6102.0,0.0,0.0
2025-10-22 00:00:00+05:30,331,Vantimamidi,1612,Vantimamidi,112,Ladys Finger,112,Common,0.0,4.0,2000.0,3000.0,2500.0,0.0,0.0
2025-10-23 00:00:00+05:30,323,Gaddiannaram,2,L.B Nagar,116,French Beans,116,Common,0.0,10.0,3500.0,4500.0,4000.0,0.0,0.0
2025-10-22 00:00:00+05:30,367,Gudimalkapur,1571,Gudumalkapur,112,Ladys Finger,112,Common,0.0,486.0,1300.0,2500.0,1800.0,0.0,0.0
2025-10-22 00:00:00+05:30,303,Kalwakurthy,1340,Kalwakurthy,111,Brinjal,111,Common,0.0,6.0,2000.0,3200.0,2600.0,0.0,0.0
2025-10-23 00:00:00+05:30,256,Khammam,1067,Khammam,54,Chillies(Dry),250,Teja,0.0,1346.0,7500.0,8000.0,7800.0,0.0,0.0
2025-10-23 00:00:00+05:30,208,Nizamabad,1080,Nizamabad,15,Red Gram,15,Common,0.0,3.0,4857.0,4857.0,4857.0,0.0,0.0
2025-10-23 00:00:00+05:30,246,Warangal,886,Warangal,15,Red Gram,15,Common,0.0,1.46,5322.0,5852.0,5322.0,0.0,0.0
2025-10-23 00:00:00+05:30,324,Bowenpally,3,Bowenpally,111,Brinjal,279,Round,0.0,400.0,600.0,4000.0,2600.0,0.0,0.0
2025-10-23 00:00:00+05:30,367,Gudimalkapur,1571,Gudumalkapur,112,Ladys Finger,112,Common,0.0,239.0,1800.0,4000.0,2400.0,0.0,0.0
2025-10-23 00:00:00+05:30,303,Kalwakurthy,1340,Kalwakurthy,111,Brinjal,111,Common,0.0,5.0,2000.0,3500.0,2750.0,0.0,0.0
2025-10-23 00:00:00+05:30,278,Suryapet,1091,Suryapet,17,Black Gram,17,Common,0.0,1.0,1766.0,1766.0,1766.0,0.0,0.0
2025-10-23 00:00:00+05:30,310,Shadnagar,1330,Shadnagar,98,Cabbage,98,Common,0.0,18.0,2500.0,3500.0,3000.0,0.0,0.0
2025-10-24 00:00:00+05:30,323,Gaddiannaram,1,Gaddiannaram,84,Sapota,84,Common,0.0,10.0,1400.0,1400.0,1400.0,0.0,0.0
2025-10-23 00:00:00+05:30,331,Vantimamidi,1612,Vantimamidi,112,Ladys Finger,112,Common,0.0,7.0,1500.0,2500.0,2000.0,0.0,0.0
2025-10-24 00:00:00+05:30,324,Bowenpally,3,Bowenpally,111,Brinjal,279,Round,0.0,1000.0,1000.0,3500.0,2600.0,0.0,0.0
2025-10-24 00:00:00+05:30,325,Hyderabad,6,Madannapeta,118,Field Beans,118,Common,0.0,9.0,2500.0,3500.0,3000.0,0.0,0.0
2025-10-24 00:00:00+05:30,323,Gaddiannaram,2,L.B Nagar,116,French Beans,116,Common,0.0,10.0,5000.0,7000.0,6000.0,0.0,0.0
2025-10-24 00:00:00+05:30,246,Warangal,886,Warangal,15,Red Gram,15,Common,0.0,11.73,5952.0,6122.0,6122.0,0.0,0.0
2025-10-24 00:00:00+05:30,325,Hyderabad,5,Mahabubmansion,57,Tumeric,57,Common,0.0,40.0,13000.0,15000.0,14000.0,0.0,0.0
2025-10-24 00:00:00+05:30,256,Khammam,1067,Khammam,54,Chillies(Dry),250,Teja,0.0,1161.0,7000.0,8100.0,7500.0,0.0,0.0
2025-10-24 00:00:00+05:30,310,Shadnagar,1330,Shadnagar,98,Cabbage,98,Common,0.0,25.0,3500.0,4000.0,3800.0,0.0,0.0
2025-10-24 00:00:00+05:30,208,Nizamabad,1080,Nizamabad,15,Red Gram,15,Common,0.0,1.0,4045.0,4045.0,4045.0,0.0,0.0
2025-10-24 00:00:00+05:30,367,Gudimalkapur,1571,Gudumalkapur,112,Ladys Finger,112,Common,0.0,385.0,1500.0,4000.0,2200.0,0.0,0.0
2025-10-24 00:00:00+05:30,331,Vantimamidi,1612,Vantimamidi,112,Ladys Finger,112,Common,0.0,11.0,2000.0,3000.0,2500.0,0.0,0.0
2025-10-25 00:00:00+05:30,323,Gaddiannaram,1,Gaddiannaram,84,Sapota,84,Common,0.0,5.0,3000.0,3000.0,3000.0,0.0,0.0
2025-10-24 00:00:00+05:30,303,Kalwakurthy,1340,Kalwakurthy,111,Brinjal,111,Common,0.0,5.0,2000.0,3000.0,2500.0,0.0,0.0
2025-10-25 00:00:00+05:30,324,Bowenpally,3,Bowenpally,111,Brinjal,279,Round,0.0,1000.0,1000.0,3000.0,2500.0,0.0,0.0
2025-10-25 00:00:00+05:30,325,Hyderabad,6,Madannapeta,118,Field Beans,118,Common,0.0,15.0,3000.0,4000.0,3500.0,0.0,0.0
2025-10-25 00:00:00+05:30,323,Gaddiannaram,2,L.B Nagar,116,French Beans,116,Common,0.0,22.0,4000.0,4500.0,4200.0,0.0,0.0
2025-10-25 00:00:00+05:30,331,Vantimamidi,1612,Vantimamidi,112,Ladys Finger,112,Common,0.0,6.0,1500.0,2500.0,2000.0,0.0,0.0
2025-10-25 00:00:00+05:30,367,Gudimalkapur,1571,Gudumalkapur,112,Ladys Finger,112,Common,0.0,259.0,1500.0,4000.0,2400.0,0.0,0.0
2025-10-25 00:00:00+05:30,310,Shadnagar,1330,Shadnagar,98,Cabbage,98,Common,0.0,25.0,3000.0,4000.0,3500.0,0.0,0.0
2025-10-25 00:00:00+05:30,303,Kalwakurthy,1340,Kalwakurthy,111,Brinjal,111,Common,0.0,5.0,2500.0,3500.0,3000.0,0.0,0.0
2025-10-26 00:00:00+05:30,324,Bowenpally,3,Bowenpally,111,Brinjal,279,Round,0.0,400.0,1000.0,3000.0,2500.0,0.0,0.0
2025-10-26 00:00:00+05:30,323,Gaddiannaram,2,L.B Nagar,116,French Beans,116,Common,0.0,15.0,3500.0,4500.0,4000.0,0.0,0.0
2025-10-26 00:00:00+05:30,323,Gaddiannaram,1,Gaddiannaram,84,Sapota,84,Common,0.0,10.0,3000.0,3000.0,3000.0,0.0,0.0
2025-10-26 00:00:00+05:30,367,Gudimalkapur,1571,Gudumalkapur,112,Ladys Finger,112,Common,0.0,342.0,1300.0,4000.0,2200.0,0.0,0.0
2025-10-26 00:00:00+05:30,303,Kalwakurthy,1340,Kalwakurthy,111,Brinjal,111,Common,0.0,5.0,2000.0,3000.0,2500.0,0.0,0.0
2025-10-26 00:00:00+05:30,310,Shadnagar,1330,Shadnagar,98,Cabbage,98,Common,0.0,30.0,2500.0,3000.0,2800.0,0.0,0.0
2025-10-27 00:00:00+05:30,324,Bowenpally,3,Bowenpally,111,Brinjal,279,Round,0.0,65.0,600.0,3000.0,2200.0,0.0,0.0
2025-10-27 00:00:00+05:30,323,Gaddiannaram,1,Gaddiannaram,84,Sapota,84,Common,0.0,50.0,1400.0,2400.0,1600.0,0.0,0.0
2025-10-27 00:00:00+05:30,323,Gaddiannaram,2,L.B Nagar,116,French Beans,116,Common,0.0,10.0,3000.0,5000.0,4000.0,0.0,0.0
2025-10-27 00:00:00+05:30,325,Hyderabad,5,Mahabubmansion,57,Tumeric,57,Common,0.0,25.0,13000.0,15000.0,14000.0,0.0,0.0
2025-10-27 00:00:00+05:30,246,Warangal,886,Warangal,15,Red Gram,15,Common,0.0,4.1,5523.0,6152.0,5902.0,0.0,0.0
2025-10-27 00:00:00+05:30,256,Khammam,1067,Khammam,54,Chillies(Dry),250,Teja,0.0,1682.0,6000.0,8100.0,7500.0,0.0,0.0
2025-10-27 00:00:00+05:30,367,Gudimalkapur,1571,Gudumalkapur,112,Ladys Finger,112,Common,0.0,237.0,2000.0,5000.0,2600.0,0.0,0.0
2025-10-27 00:00:00+05:30,303,Kalwakurthy,1340,Kalwakurthy,111,Brinjal,111,Common,0.0,2.0,2500.0,4000.0,3250.0,0.0,0.0
2025-10-27 00:00:00+05:30,310,Shadnagar,1330,Shadnagar,98,Cabbage,98,Common,0.0,30.0,3500.0,4000.0,3800.0,0.0,0.0
2025-10-27 00:00:00+05:30,331,Vantimamidi,1612,Vantimamidi,112,Ladys Finger,112,Common,0.0,8.0,2000.0,3000.0,2500.0,0.0,0.0
2025-10-28 00:00:00+05:30,324,Bowenpally,3,Bowenpally,111,Brinjal,279,Round,0.0,550.0,600.0,3500.0,2400.0,0.0,0.0
2025-10-28 00:00:00+05:30,323,Gaddiannaram,1,Gaddiannaram,84,Sapota,84,Common,0.0,33.0,1600.0,2400.0,1800.0,0.0,0.0
2025-10-28 00:00:00+05:30,323,Gaddiannaram,2,L.B Nagar,116,French Beans,116,Common,0.0,14.0,3500.0,4500.0,4000.0,0.0,0.0
2025-10-28 00:00:00+05:30,246,Warangal,886,Warangal,15,Red Gram,15,Common,0.0,1.99,6229.0,6229.0,6229.0,0.0,0.0
2025-10-28 00:00:00+05:30,325,Hyderabad,6,Madannapeta,118,Field Beans,118,Common,0.0,2.0,6000.0,6000.0,6000.0,0.0,0.0
2025-10-28 00:00:00+05:30,256,Khammam,1067,Khammam,54,Chillies(Dry),250,Teja,0.0,200.0,6500.0,8000.0,7500.0,0.0,0.0
2025-10-28 00:00:00+05:30,310,Shadnagar,1330,Shadnagar,98,Cabbage,98,Common,0.0,30.0,2000.0,2500.0,2300.0,0.0,0.0
2025-10-28 00:00:00+05:30,303,Kalwakurthy,1340,Kalwakurthy,111,Brinjal,111,Common,0.0,3.0,2000.0,4000.0,3000.0,0.0,0.0
2025-10-28 00:00:00+05:30,367,Gudimalkapur,1571,Gudumalkapur,112,Ladys Finger,112,Common,0.0,357.0,1600.0,4500.0,2400.0,0.0,0.0
2025-10-28 00:00:00+05:30,331,Vantimamidi,1612,Vantimamidi,112,Ladys Finger,112,Common,0.0,6.0,2000.0,3000.0,2500.0,0.0,0.0
2025-10-29 00:00:00+05:30,323,Gaddiannaram,2,L.B Nagar,116,French Beans,116,Common,0.0,12.0,3500.0,4500.0,4000.0,0.0,0.0
2025-10-29 00:00:00+05:30,325,Hyderabad,6,Madannapeta,118,Field Beans,118,Common,0.0,1.0,6000.0,6000.0,6000.0,0.0,0.0
2025-10-29 00:00:00+05:30,323,Gaddiannaram,1,Gaddiannaram,84,Sapota,84,Common,0.0,13.0,1400.0,1800.0,1600.0,0.0,0.0
2025-10-29 00:00:00+05:30,325,Hyderabad,5,Mahabubmansion,57,Tumeric,57,Common,0.0,47.0,13000.0,15000.0,14000.0,0.0,0.0
2025-10-29 00:00:00+05:30,324,Bowenpally,3,Bowenpally,111,Brinjal,279,Round,0.0,600.0,600.0,3000.0,2200.0,0.0,0.0
2025-10-29 00:00:00+05:30,367,Gudimalkapur,1571,Gudumalkapur,112,Ladys Finger,112,Common,0.0,298.0,1200.0,3000.0,2000.0,0.0,0.0
2025-10-29 00:00:00+05:30,256,Khammam,1067,Khammam,54,Chillies(Dry),250,Teja,0.0,815.0,6500.0,8000.0,7000.0,0.0,0.0
2025-10-29 00:00:00+05:30,331,Vantimamidi,1612,Vantimamidi,112,Ladys Finger,112,Common,0.0,8.0,2000.0,2500.0,2250.0,0.0,0.0
2025-10-29 00:00:00+05:30,310,Shadnagar,1330,Shadnagar,98,Cabbage,98,Common,0.0,20.0,3200.0,3800.0,3500.0,0.0,0.0
2025-10-30 00:00:00+05:30,323,Gaddiannaram,2,L.B Nagar,116,French Beans,116,Common,0.0,10.0,6000.0,9000.0,7000.0,0.0,0.0
2025-10-29 00:00:00+05:30,246,Warangal,886,Warangal,15,Red Gram,15,Common,0.0,2.3,5912.0,6012.0,6012.0,0.0,0.0
2025-10-30 00:00:00+05:30,324,Bowenpally,3,Bowenpally,111,Brinjal,279,Round,0.0,244.0,600.0,3000.0,2400.0,0.0,0.0
2025-10-29 00:00:00+05:30,303,Kalwakurthy,1340,Kalwakurthy,111,Brinjal,111,Common,0.0,3.0,2000.0,3500.0,2750.0,0.0,0.0
2025-10-30 00:00:00+05:30,331,Vantimamidi,1612,Vantimamidi,112,Ladys Finger,112,Common,0.0,6.0,2000.0,3000.0,2500.0,0.0,0.0
2025-10-31 00:00:00+05:30,323,Gaddiannaram,1,Gaddiannaram,84,Sapota,84,Common,0.0,54.0,1600.0,2200.0,1800.0,0.0,0.0
2025-10-30 00:00:00+05:30,367,Gudimalkapur,1571,Gudumalkapur,112,Ladys Finger,112,Common,0.0,322.0,2000.0,4000.0,2500.0,0.0,0.0
2025-10-30 00:00:00+05:30,303,Kalwakurthy,1340,Kalwakurthy,111,Brinjal,111,Common,0.0,1.0,3500.0,3500.0,3500.0,0.0,0.0
2025-10-30 00:00:00+05:30,310,Shadnagar,1330,Shadnagar,98,Cabbage,98,Common,0.0,25.0,2500.0,3000.0,2800.0,0.0,0.0
2025-10-31 00:00:00+05:30,324,Bowenpally,3,Bowenpally,111,Brinjal,279,Round,0.0,400.0,600.0,3500.0,2500.0,0.0,0.0
2025-10-31 00:00:00+05:30,325,Hyderabad,6,Madannapeta,118,Field Beans,118,Common,0.0,6.0,3000.0,5500.0,4000.0,0.0,0.0
2025-10-31 00:00:00+05:30,323,Gaddiannaram,2,L.B Nagar,116,French Beans,116,Common,0.0,11.0,6000.0,7000.0,6500.0,0.0,0.0
2025-10-31 00:00:00+05:30,331,Vantimamidi,1612,Vantimamidi,112,Ladys Finger,112,Common,0.0,5.0,1500.0,2500.0,2000.0,0.0,0.0
2025-10-31 00:00:00+05:30,367,Gudimalkapur,1571,Gudumalkapur,112,Ladys Finger,112,Common,0.0,195.0,3000.0,5000.0,3500.0,0.0,0.0
2025-10-31 00:00:00+05:30,303,Kalwakurthy,1340,Kalwakurthy,111,Brinjal,111,Common,0.0,6.0,2000.0,3500.0,2750.0,0.0,0.0
2025-10-31 00:00:00+05:30,310,Shadnagar,1330,Shadnagar,98,Cabbage,98,Common,0.0,25.0,2200.0,3000.0,2500.0,0.0,0.0
2025-10-31 00:00:00+05:30,256,Khammam,1067,Khammam,54,Chillies(Dry),250,Teja,0.0,1433.0,6000.0,8000.0,7500.0,0.0,0.0
2025-10-28 00:00:00+05:30,323,Gaddiannaram,2,L.B Nagar,117,Cluster Beans,117,Common,0.0,17.0,3000.0,4000.0,3500.0,0.0,0.0
2025-10-28 00:00:00+05:30,323,Gaddiannaram,1,Gaddiannaram,85,Musk Melon,85,Common,0.0,160.0,800.0,3000.0,1000.0,0.0,0.0
2025-10-28 00:00:00+05:30,324,Bowenpally,3,Bowenpally,112,Ladys Finger,112,Common,0.0,989.0,800.0,2000.0,1600.0,0.0,0.0
2025-10-27 00:00:00+05:30,310,Shadnagar,1330,Shadnagar,103,Carrot,103,Common,0.0,35.0,3500.0,4500.0,4000.0,0.0,0.0
2025-10-27 00:00:00+05:30,303,Kalwakurthy,1340,Kalwakurthy,112,Ladys Finger,112,Common,0.0,2.0,3000.0,4000.0,3500.0,0.0,0.0
2025-10-27 00:00:00+05:30,367,Gudimalkapur,1571,Gudumalkapur,113,Green Chillies,113,Common,0.0,619.0,1000.0,2500.0,1500.0,0.0,0.0
2025-10-27 00:00:00+05:30,325,Hyderabad,7,Meeralamandi,122,Bottle Gourd,122,Common,0.0,7.0,800.0,900.0,850.0,0.0,0.0
2025-10-27 00:00:00+05:30,246,Warangal,886,Warangal,16,Green Gram,16,Common,0.0,3.09,3922.0,5650.0,3922.0,0.0,0.0
2025-10-26 00:00:00+05:30,331,Vantimamidi,1612,Vantimamidi,113,Green Chillies,113,Common,0.0,5.0,1500.0,2200.0,1850.0,0.0,0.0
2025-10-27 00:00:00+05:30,325,Hyderabad,6,Madannapeta,122,Bottle Gourd,122,Common,0.0,50.0,300.0,400.0,350.0,0.0,0.0
2025-10-27 00:00:00+05:30,323,Gaddiannaram,2,L.B Nagar,117,Cluster Beans,117,Common,0.0,17.0,3000.0,5000.0,4000.0,0.0,0.0
2025-10-27 00:00:00+05:30,323,Gaddiannaram,1,Gaddiannaram,85,Musk Melon,85,Common,0.0,240.0,800.0,2000.0,1000.0,0.0,0.0
2025-10-27 00:00:00+05:30,324,Bowenpally,3,Bowenpally,112,Ladys Finger,112,Common,0.0,491.0,800.0,2000.0,1600.0,0.0,0.0
2025-10-26 00:00:00+05:30,310,Shadnagar,1330,Shadnagar,103,Carrot,103,Common,0.0,25.0,3500.0,4000.0,3800.0,0.0,0.0
2025-10-26 00:00:00+05:30,303,Kalwakurthy,1340,Kalwakurthy,112,Ladys Finger,112,Common,0.0,2.0,3000.0,4000.0,3500.0,0.0,0.0
2025-10-26 00:00:00+05:30,367,Gudimalkapur,1571,Gudumalkapur,113,Green Chillies,113,Common,0.0,718.0,1800.0,3000.0,2200.0,0.0,0.0
2025-10-26 00:00:00+05:30,323,Gaddiannaram,1,Gaddiannaram,85,Musk Melon,85,Common,0.0,355.0,800.0,3000.0,1000.0,0.0,0.0
2025-10-26 00:00:00+05:30,325,Hyderabad,7,Meeralamandi,122,Bottle Gourd,122,Common,0.0,9.0,600.0,800.0,750.0,0.0,0.0
2025-10-26 00:00:00+05:30,323,Gaddiannaram,2,L.B Nagar,117,Cluster Beans,117,Common,0.0,28.0,3000.0,5000.0,4000.0,0.0,0.0
2025-10-26 00:00:00+05:30,325,Hyderabad,6,Madannapeta,122,Bottle Gourd,122,Common,0.0,20.0,400.0,400.0,400.0,0.0,0.0
2025-10-26 00:00:00+05:30,324,Bowenpally,3,Bowenpally,112,Ladys Finger,112,Common,0.0,451.0,500.0,1500.0,1200.0,0.0,0.0
2025-10-25 00:00:00+05:30,303,Kalwakurthy,1340,Kalwakurthy,112,Ladys Finger,112,Common,0.0,3.0,3000.0,4500.0,3750.0,0.0,0.0
2025-10-25 00:00:00+05:30,310,Shadnagar,1330,Shadnagar,103,Carrot,103,Common,0.0,20.0,3800.0,4800.0,4000.0,0.0,0.0
2025-10-25 00:00:00+05:30,367,Gudimalkapur,1571,Gudumalkapur,113,Green Chillies,113,Common,0.0,847.0,1800.0,3500.0,2200.0,0.0,0.0
2025-10-25 00:00:00+05:30,331,Vantimamidi,1612,Vantimamidi,113,Green Chillies,113,Common,0.0,1.0,2000.0,2000.0,2000.0,0.0,0.0
2025-10-25 00:00:00+05:30,325,Hyderabad,7,Meeralamandi,122,Bottle Gourd,122,Common,0.0,8.0,800.0,1000.0,900.0,0.0,0.0
2025-10-25 00:00:00+05:30,323,Gaddiannaram,2,L.B Nagar,117,Cluster Beans,117,Common,0.0,24.0,3000.0,5000.0,4000.0,0.0,0.0
2025-10-25 00:00:00+05:30,325,Hyderabad,6,Madannapeta,122,Bottle Gourd,122,Common,0.0,5.0,800.0,800.0,800.0,0.0,0.0
2025-10-25 00:00:00+05:30,324,Bowenpally,3,Bowenpally,112,Ladys Finger,112,Common,0.0,483.0,800.0,1500.0,1300.0,0.0,0.0
2025-10-24 00:00:00+05:30,303,Kalwakurthy,1340,Kalwakurthy,112,Ladys Finger,112,Common,0.0,3.0,2500.0,5000.0,3750.0,0.0,0.0
2025-10-25 00:00:00+05:30,323,Gaddiannaram,1,Gaddiannaram,85,Musk Melon,85,Common,0.0,260.0,800.0,3000.0,1000.0,0.0,0.0
2025-10-24 00:00:00+05:30,331,Vantimamidi,1612,Vantimamidi,113,Green Chillies,113,Common,0.0,1.0,2000.0,2000.0,2000.0,0.0,0.0
2025-10-24 00:00:00+05:30,367,Gudimalkapur,1571,Gudumalkapur,113,Green Chillies,113,Common,0.0,628.0,1300.0,2500.0,1800.0,0.0,0.0
2025-10-24 00:00:00+05:30,310,Shadnagar,1330,Shadnagar,103,Carrot,103,Common,0.0,20.0,3200.0,3800.0,3500.0,0.0,0.0
2025-10-24 00:00:00+05:30,323,Gaddiannaram,2,L.B Nagar,117,Cluster Beans,117,Common,0.0,17.0,3000.0,4000.0,3500.0,0.0,0.0
2025-10-24 00:00:00+05:30,324,Bowenpally,3,Bowenpally,112,Ladys Finger,112,Common,0.0,581.0,500.0,1500.0,1200.0,0.0,0.0
2025-10-23 00:00:00+05:30,331,Vantimamidi,1612,Vantimamidi,113,Green Chillies,113,Common,0.0,2.0,2000.0,2000.0,2000.0,0.0,0.0
2025-10-24 00:00:00+05:30,323,Gaddiannaram,1,Gaddiannaram,85,Musk Melon,85,Common,0.0,125.0,800.0,3000.0,1000.0,0.0,0.0
2025-10-23 00:00:00+05:30,310,Shadnagar,1330,Shadnagar,103,Carrot,103,Common,0.0,12.0,3500.0,4000.0,3800.0,0.0,0.0
2025-10-23 00:00:00+05:30,303,Kalwakurthy,1340,Kalwakurthy,112,Ladys Finger,112,Common,0.0,2.0,3000.0,4000.0,3500.0,0.0,0.0
2025-10-23 00:00:00+05:30,309,Narayanpet,1342,Narayanpet,31,Castor,31,Common,0.0,13.2,5409.0,5409.0,5409.0,0.0,0.0
2025-10-23 00:00:00+05:30,367,Gudimalkapur,1571,Gudumalkapur,113,Green Chillies,113,Common,0.0,803.0,1600.0,2800.0,2000.0,0.0,0.0
2025-10-23 00:00:00+05:30,324,Bowenpally,3,Bowenpally,112,Ladys Finger,112,Common,0.0,1047.0,800.0,1500.0,1300.0,0.0,0.0
2025-10-23 00:00:00+05:30,325,Hyderabad,6,Madannapeta,122,Bottle Gourd,122,Common,0.0,40.0,600.0,800.0,700.0,0.0,0.0
2025-10-23 00:00:00+05:30,323,Gaddiannaram,1,Gaddiannaram,85,Musk Melon,85,Common,0.0,250.0,800.0,3000.0,1000.0,0.0,0.0
2025-10-23 00:00:00+05:30,208,Nizamabad,1080,Nizamabad,16,Green Gram,16,Common,0.0,3.0,2781.0,2781.0,2781.0,0.0,0.0
2025-10-23 00:00:00+05:30,325,Hyderabad,7,Meeralamandi,122,Bottle Gourd,122,Common,0.0,8.0,400.0,500.0,450.0,0.0,0.0
2025-10-22 00:00:00+05:30,303,Kalwakurthy,1340,Kalwakurthy,112,Ladys Finger,112,Common,0.0,4.0,3000.0,4000.0,3500.0,0.0,0.0
2025-10-22 00:00:00+05:30,300,Badepally,1327,Badepally,25,Cotton,25,Common,0.0,6.0,6521.0,6769.0,6769.0,0.0,0.0
2025-10-22 00:00:00+05:30,367,Gudimalkapur,1571,Gudumalkapur,113,Green Chillies,113,Common,0.0,510.0,1600.0,3300.0,2400.0,0.0,0.0
2025-10-23 00:00:00+05:30,323,Gaddiannaram,2,L.B Nagar,117,Cluster Beans,117,Common,0.0,35.0,4000.0,4500.0,4200.0,0.0,0.0
2025-10-22 00:00:00+05:30,331,Vantimamidi,1612,Vantimamidi,113,Green Chillies,113,Common,0.0,3.0,2000.0,2000.0,2000.0,0.0,0.0
2025-10-22 00:00:00+05:30,246,Warangal,886,Warangal,16,Green Gram,16,Common,0.0,19.34,3833.0,5350.0,3833.0,0.0,0.0
2025-10-22 00:00:00+05:30,208,Nizamabad,1080,Nizamabad,16,Green Gram,16,Common,0.0,2.0,6700.0,6700.0,6700.0,0.0,0.0
2025-10-22 00:00:00+05:30,310,Shadnagar,1330,Shadnagar,103,Carrot,103,Common,0.0,20.0,3500.0,4000.0,3800.0,0.0,0.0
2025-10-22 00:00:00+05:30,323,Gaddiannaram,2,L.B Nagar,117,Cluster Beans,117,Common,0.0,19.0,3000.0,5000.0,4000.0,0.0,0.0
2025-10-22 00:00:00+05:30,323,Gaddiannaram,1,Gaddiannaram,85,Musk Melon,85,Common,0.0,360.0,800.0,3000.0,1000.0,0.0,0.0
2025-10-22 00:00:00+05:30,325,Hyderabad,6,Madannapeta,122,Bottle Gourd,122,Common,0.0,20.0,400.0,400.0,400.0,0.0,0.0
2025-10-22 00:00:00+05:30,325,Hyderabad,7,Meeralamandi,122,Bottle Gourd,122,Common,0.0,5.0,600.0,800.0,700.0,0.0,0.0
2025-10-22 00:00:00+05:30,324,Bowenpally,3,Bowenpally,112,Ladys Finger,112,Common,0.0,1047.0,500.0,1500.0,1300.0,0.0,0.0
2025-10-21 00:00:00+05:30,310,Shadnagar,1330,Shadnagar,103,Carrot,103,Common,0.0,15.0,3500.0,4000.0,3800.0,0.0,0.0
2025-10-21 00:00:00+05:30,303,Kalwakurthy,1340,Kalwakurthy,112,Ladys Finger,112,Common,0.0,2.0,4000.0,5400.0,4700.0,0.0,0.0
2025-10-20 00:00:00+05:30,310,Shadnagar,1330,Shadnagar,103,Carrot,103,Common,0.0,20.0,3500.0,4500.0,4000.0,0.0,0.0
2025-10-20 00:00:00+05:30,367,Gudimalkapur,1571,Gudumalkapur,113,Green Chillies,113,Common,0.0,596.0,1300.0,2500.0,1800.0,0.0,0.0
2025-10-20 00:00:00+05:30,303,Kalwakurthy,1340,Kalwakurthy,112,Ladys Finger,112,Common,0.0,2.0,3000.0,5000.0,4000.0,0.0,0.0
2025-10-20 00:00:00+05:30,324,Bowenpally,3,Bowenpally,112,Ladys Finger,112,Common,0.0,925.0,800.0,1500.0,1200.0,0.0,0.0
2025-10-20 00:00:00+05:30,325,Hyderabad,6,Madannapeta,122,Bottle Gourd,122,Common,0.0,30.0,800.0,800.0,800.0,0.0,0.0
2025-10-20 00:00:00+05:30,323,Gaddiannaram,2,L.B Nagar,117,Cluster Beans,117,Common,0.0,12.0,3000.0,4000.0,3500.0,0.0,0.0
2025-10-20 00:00:00+05:30,323,Gaddiannaram,1,Gaddiannaram,85,Musk Melon,85,Common,0.0,63.0,800.0,2500.0,1100.0,0.0,0.0
2025-10-19 00:00:00+05:30,310,Shadnagar,1330,Shadnagar,103,Carrot,103,Common,0.0,28.0,2800.0,3500.0,3200.0,0.0,0.0
2025-10-19 00:00:00+05:30,303,Kalwakurthy,1340,Kalwakurthy,112,Ladys Finger,112,Common,0.0,4.0,4000.0,5000.0,4500.0,0.0,0.0
2025-10-19 00:00:00+05:30,367,Gudimalkapur,1571,Gudumalkapur,113,Green Chillies,113,Common,0.0,660.0,1800.0,3500.0,2500.0,0.0,0.0
2025-10-19 00:00:00+05:30,323,Gaddiannaram,1,Gaddiannaram,85,Musk Melon,85,Common,0.0,430.0,800.0,2500.0,900.0,0.0,0.0
2025-10-19 00:00:00+05:30,325,Hyderabad,7,Meeralamandi,122,Bottle Gourd,122,Common,0.0,9.0,1000.0,1200.0,1100.0,0.0,0.0
2025-10-19 00:00:00+05:30,323,Gaddiannaram,2,L.B Nagar,117,Cluster Beans,117,Common,0.0,16.0,3000.0,4000.0,3500.0,0.0,0.0
2025-10-19 00:00:00+05:30,324,Bowenpally,3,Bowenpally,112,Ladys Finger,112,Common,0.0,641.0,800.0,1500.0,1300.0,0.0,0.0
2025-10-18 00:00:00+05:30,310,Shadnagar,1330,Shadnagar,103,Carrot,103,Common,0.0,12.0,3500.0,4500.0,4000.0,0.0,0.0
2025-10-18 00:00:00+05:30,303,Kalwakurthy,1340,Kalwakurthy,112,Ladys Finger,112,Common,0.0,3.0,3000.0,5000.0,4000.0,0.0,0.0
2025-10-18 00:00:00+05:30,367,Gudimalkapur,1571,Gudumalkapur,113,Green Chillies,113,Common,0.0,894.0,1600.0,3000.0,2000.0,0.0,0.0
2025-10-18 00:00:00+05:30,323,Gaddiannaram,2,L.B Nagar,117,Cluster Beans,117,Common,0.0,16.0,3000.0,4000.0,3500.0,0.0,0.0
2025-10-18 00:00:00+05:30,325,Hyderabad,6,Madannapeta,122,Bottle Gourd,122,Common,0.0,40.0,400.0,600.0,500.0,0.0,0.0
2025-10-18 00:00:00+05:30,325,Hyderabad,7,Meeralamandi,122,Bottle Gourd,122,Common,0.0,5.0,1000.0,1000.0,1000.0,0.0,0.0
2025-10-18 00:00:00+05:30,324,Bowenpally,3,Bowenpally,112,Ladys Finger,112,Common,0.0,860.0,800.0,1500.0,1300.0,0.0,0.0
2025-10-17 00:00:00+05:30,367,Gudimalkapur,1571,Gudumalkapur,113,Green Chillies,113,Common,0.0,553.0,1500.0,2200.0,1800.0,0.0,0.0
2025-10-18 00:00:00+05:30,323,Gaddiannaram,1,Gaddiannaram,85,Musk Melon,85,Common,0.0,240.0,800.0,2500.0,900.0,0.0,0.0
2025-10-17 00:00:00+05:30,310,Shadnagar,1330,Shadnagar,103,Carrot,103,Common,0.0,18.0,2200.0,2800.0,2500.0,0.0,0.0
2025-10-17 00:00:00+05:30,303,Kalwakurthy,1340,Kalwakurthy,112,Ladys Finger,112,Common,0.0,2.0,3000.0,5000.0,4000.0,0.0,0.0
2025-10-17 00:00:00+05:30,246,Warangal,886,Warangal,16,Green Gram,16,Common,0.0,1.38,2259.0,2259.0,2259.0,0.0,0.0
2025-10-17 00:00:00+05:30,323,Gaddiannaram,2,L.B Nagar,117,Cluster Beans,117,Common,0.0,20.0,3000.0,4000.0,3500.0,0.0,0.0
2025-10-17 00:00:00+05:30,325,Hyderabad,7,Meeralamandi,122,Bottle Gourd,122,Common,0.0,7.0,600.0,1000.0,800.0,0.0,0.0
2025-10-16 00:00:00+05:30,303,Kalwakurthy,1340,Kalwakurthy,112,Ladys Finger,112,Common,0.0,2.0,3000.0,4500.0,3750.0,0.0,0.0
2025-10-16 00:00:00+05:30,310,Shadnagar,1330,Shadnagar,103,Carrot,103,Common,0.0,25.0,1800.0,2500.0,2200.0,0.0,0.0
2025-10-16 00:00:00+05:30,212,Choppadandi,1123,Choppadandi,15,Red Gram,233,White,0.0,3.0,4852.0,4852.0,4852.0,0.0,0.0
2025-10-16 00:00:00+05:30,367,Gudimalkapur,1571,Gudumalkapur,113,Green Chillies,113,Common,0.0,642.0,1600.0,3000.0,2000.0,0.0,0.0
2025-10-17 00:00:00+05:30,323,Gaddiannaram,1,Gaddiannaram,85,Musk Melon,85,Common,0.0,70.0,800.0,2500.0,900.0,0.0,0.0
2025-10-17 00:00:00+05:30,324,Bowenpally,3,Bowenpally,112,Ladys Finger,112,Common,0.0,647.0,600.0,1500.0,1200.0,0.0,0.0
2025-10-16 00:00:00+05:30,324,Bowenpally,3,Bowenpally,112,Ladys Finger,112,Common,0.0,630.0,800.0,1500.0,1300.0,0.0,0.0
2025-10-16 00:00:00+05:30,325,Hyderabad,7,Meeralamandi,122,Bottle Gourd,122,Common,0.0,9.0,600.0,600.0,600.0,0.0,0.0
2025-10-16 00:00:00+05:30,246,Warangal,886,Warangal,16,Green Gram,16,Common,0.0,43.35,3852.0,4550.0,3912.0,0.0,0.0
2025-10-16 00:00:00+05:30,208,Nizamabad,1080,Nizamabad,16,Green Gram,16,Common,0.0,3.0,2750.0,2750.0,2750.0,0.0,0.0
2025-10-15 00:00:00+05:30,331,Vantimamidi,1612,Vantimamidi,113,Green Chillies,113,Common,0.0,2.0,1500.0,2000.0,1750.0,0.0,0.0
2025-10-15 00:00:00+05:30,310,Shadnagar,1330,Shadnagar,103,Carrot,103,Common,0.0,20.0,1800.0,2300.0,2000.0,0.0,0.0
2025-10-16 00:00:00+05:30,323,Gaddiannaram,2,L.B Nagar,117,Cluster Beans,117,Common,0.0,20.0,3000.0,4000.0,3500.0,0.0,0.0
2025-10-15 00:00:00+05:30,303,Kalwakurthy,1340,Kalwakurthy,112,Ladys Finger,112,Common,0.0,2.0,2500.0,4500.0,3500.0,0.0,0.0
2025-10-16 00:00:00+05:30,323,Gaddiannaram,1,Gaddiannaram,85,Musk Melon,85,Common,0.0,260.0,800.0,2500.0,900.0,0.0,0.0
2025-10-15 00:00:00+05:30,367,Gudimalkapur,1571,Gudumalkapur,113,Green Chillies,113,Common,0.0,656.0,1200.0,3000.0,1600.0,0.0,0.0
2025-10-15 00:00:00+05:30,323,Gaddiannaram,2,L.B Nagar,117,Cluster Beans,117,Common,0.0,15.0,3000.0,4000.0,3500.0,0.0,0.0
2025-10-15 00:00:00+05:30,325,Hyderabad,6,Madannapeta,122,Bottle Gourd,122,Common,0.0,90.0,400.0,600.0,500.0,0.0,0.0
2025-10-15 00:00:00+05:30,324,Bowenpally,3,Bowenpally,112,Ladys Finger,112,Common,0.0,551.0,600.0,3000.0,2400.0,0.0,0.0
2025-10-15 00:00:00+05:30,246,Warangal,886,Warangal,16,Green Gram,16,Common,0.0,40.93,1933.0,5350.0,4250.0,0.0,0.0
2025-10-15 00:00:00+05:30,325,Hyderabad,7,Meeralamandi,122,Bottle Gourd,122,Common,0.0,12.0,400.0,600.0,500.0,0.0,0.0
2025-10-14 00:00:00+05:30,303,Kalwakurthy,1340,Kalwakurthy,112,Ladys Finger,112,Common,0.0,2.0,3000.0,5000.0,4000.0,0.0,0.0
2025-10-15 00:00:00+05:30,323,Gaddiannaram,1,Gaddiannaram,85,Musk Melon,85,Common,0.0,225.0,800.0,2500.0,900.0,0.0,0.0
2025-10-14 00:00:00+05:30,367,Gudimalkapur,1571,Gudumalkapur,113,Green Chillies,113,Common,0.0,571.0,1600.0,4000.0,2000.0,0.0,0.0
2025-10-14 00:00:00+05:30,310,Shadnagar,1330,Shadnagar,103,Carrot,103,Common,0.0,20.0,2200.0,2600.0,2300.0,0.0,0.0
2025-10-14 00:00:00+05:30,219,Jagtial,1125,Jagtial,32,Gingelly,223,White,0.0,1.0,7225.0,7225.0,7225.0,0.0,0.0
2025-10-14 00:00:00+05:30,325,Hyderabad,7,Meeralamandi,122,Bottle Gourd,122,Common,0.0,7.0,500.0,500.0,500.0,0.0,0.0
2025-10-14 00:00:00+05:30,246,Warangal,886,Warangal,16,Green Gram,16,Common,0.0,14.13,1952.0,6150.0,4722.0,0.0,0.0
2025-10-14 00:00:00+05:30,323,Gaddiannaram,1,Gaddiannaram,85,Musk Melon,85,Common,0.0,295.0,600.0,2500.0,800.0,0.0,0.0
2025-10-14 00:00:00+05:30,325,Hyderabad,6,Madannapeta,122,Bottle Gourd,122,Common,0.0,70.0,400.0,600.0,500.0,0.0,0.0
2025-10-14 00:00:00+05:30,324,Bowenpally,3,Bowenpally,112,Ladys Finger,112,Common,0.0,831.0,800.0,1500.0,1300.0,0.0,0.0
2025-10-14 00:00:00+05:30,323,Gaddiannaram,2,L.B Nagar,117,Cluster Beans,117,Common,0.0,31.0,3000.0,4000.0,3500.0,0.0,0.0
2025-10-13 00:00:00+05:30,367,Gudimalkapur,1571,Gudumalkapur,113,Green Chillies,113,Common,0.0,647.0,1400.0,2500.0,2300.0,0.0,0.0
2025-10-13 00:00:00+05:30,310,Shadnagar,1330,Shadnagar,103,Carrot,103,Common,0.0,20.0,1800.0,2300.0,2000.0,0.0,0.0
2025-10-13 00:00:00+05:30,303,Kalwakurthy,1340,Kalwakurthy,112,Ladys Finger,112,Common,0.0,2.0,3000.0,4000.0,3500.0,0.0,0.0
2025-10-13 00:00:00+05:30,219,Jagtial,1125,Jagtial,32,Gingelly,223,White,0.0,1.0,8200.0,8200.0,8200.0,0.0,0.0
2025-10-13 00:00:00+05:30,246,Warangal,886,Warangal,16,Green Gram,16,Common,0.0,7.13,3212.0,4222.0,3212.0,0.0,0.0
2025-10-13 00:00:00+05:30,325,Hyderabad,7,Meeralamandi,122,Bottle Gourd,122,Common,0.0,8.0,500.0,600.0,550.0,0.0,0.0
2025-10-13 00:00:00+05:30,323,Gaddiannaram,2,L.B Nagar,117,Cluster Beans,117,Common,0.0,12.0,3000.0,4000.0,3500.0,0.0,0.0
2025-10-13 00:00:00+05:30,324,Bowenpally,3,Bowenpally,112,Ladys Finger,112,Common,0.0,659.0,800.0,1500.0,1300.0,0.0,0.0
2025-10-12 00:00:00+05:30,310,Shadnagar,1330,Shadnagar,103,Carrot,103,Common,0.0,20.0,2500.0,3500.0,3000.0,0.0,0.0
2025-10-12 00:00:00+05:30,367,Gudimalkapur,1571,Gudumalkapur,113,Green Chillies,113,Common,0.0,659.0,1600.0,3500.0,2000.0,0.0,0.0
2025-10-12 00:00:00+05:30,331,Vantimamidi,1612,Vantimamidi,113,Green Chillies,113,Common,0.0,1.0,2000.0,2000.0,2000.0,0.0,0.0
2025-10-12 00:00:00+05:30,303,Kalwakurthy,1340,Kalwakurthy,112,Ladys Finger,112,Common,0.0,1.0,3000.0,5000.0,4000.0,0.0,0.0
2025-10-13 00:00:00+05:30,323,Gaddiannaram,1,Gaddiannaram,85,Musk Melon,85,Common,0.0,245.0,600.0,2500.0,800.0,0.0,0.0
2025-10-11 00:00:00+05:30,367,Gudimalkapur,1571,Gudumalkapur,113,Green Chillies,113,Common,0.0,730.0,1400.0,2800.0,1800.0,0.0,0.0
2025-10-12 00:00:00+05:30,323,Gaddiannaram,2,L.B Nagar,117,Cluster Beans,117,Common,0.0,15.0,3000.0,3500.0,3200.0,0.0,0.0
2025-10-11 00:00:00+05:30,303,Kalwakurthy,1340,Kalwakurthy,112,Ladys Finger,112,Common,0.0,2.0,2000.0,4000.0,3500.0,0.0,0.0
2025-10-12 00:00:00+05:30,324,Bowenpally,3,Bowenpally,112,Ladys Finger,112,Common,0.0,706.0,800.0,1500.0,1300.0,0.0,0.0
2025-10-12 00:00:00+05:30,323,Gaddiannaram,1,Gaddiannaram,85,Musk Melon,85,Common,0.0,315.0,600.0,2500.0,800.0,0.0,0.0
2025-10-12 00:00:00+05:30,325,Hyderabad,7,Meeralamandi,122,Bottle Gourd,122,Common,0.0,7.0,400.0,400.0,400.0,0.0,0.0
2025-10-11 00:00:00+05:30,310,Shadnagar,1330,Shadnagar,103,Carrot,103,Common,0.0,25.0,3000.0,3800.0,3500.0,0.0,0.0
2025-10-11 00:00:00+05:30,324,Bowenpally,3,Bowenpally,112,Ladys Finger,112,Common,0.0,526.0,500.0,1500.0,1200.0,0.0,0.0
2025-10-11 00:00:00+05:30,325,Hyderabad,7,Meeralamandi,122,Bottle Gourd,122,Common,0.0,10.0,300.0,500.0,400.0,0.0,0.0
2025-10-11 00:00:00+05:30,325,Hyderabad,6,Madannapeta,122,Bottle Gourd,122,Common,0.0,84.0,400.0,600.0,500.0,0.0,0.0
2025-10-10 00:00:00+05:30,310,Shadnagar,1330,Shadnagar,103,Carrot,103,Common,0.0,18.0,2500.0,3000.0,2800.0,0.0,0.0
2025-10-11 00:00:00+05:30,323,Gaddiannaram,2,L.B Nagar,117,Cluster Beans,117,Common,0.0,18.0,3000.0,3500.0,3200.0,0.0,0.0
2025-10-10 00:00:00+05:30,303,Kalwakurthy,1340,Kalwakurthy,112,Ladys Finger,112,Common,0.0,3.0,2000.0,4000.0,3000.0,0.0,0.0
2025-10-11 00:00:00+05:30,323,Gaddiannaram,1,Gaddiannaram,85,Musk Melon,85,Common,0.0,150.0,600.0,2500.0,800.0,0.0,0.0
2025-10-10 00:00:00+05:30,367,Gudimalkapur,1571,Gudumalkapur,113,Green Chillies,113,Common,0.0,637.0,1600.0,4000.0,2000.0,0.0,0.0
2025-10-10 00:00:00+05:30,246,Warangal,886,Warangal,16,Green Gram,16,Common,0.0,4.17,3355.0,4312.0,4312.0,0.0,0.0
2025-10-10 00:00:00+05:30,323,Gaddiannaram,2,L.B Nagar,117,Cluster Beans,117,Common,0.0,22.0,3000.0,3500.0,3200.0,0.0,0.0
2025-10-10 00:00:00+05:30,325,Hyderabad,7,Meeralamandi,122,Bottle Gourd,122,Common,0.0,5.0,300.0,500.0,400.0,0.0,0.0
2025-10-10 00:00:00+05:30,324,Bowenpally,3,Bowenpally,112,Ladys Finger,112,Common,0.0,843.0,1000.0,2000.0,1800.0,0.0,0.0
2025-10-10 00:00:00+05:30,323,Gaddiannaram,1,Gaddiannaram,85,Musk Melon,85,Common,0.0,210.0,600.0,2500.0,800.0,0.0,0.0
2025-10-09 00:00:00+05:30,310,Shadnagar,1330,Shadnagar,103,Carrot,103,Common,0.0,20.0,3500.0,4500.0,4000.0,0.0,0.0
2025-10-09 00:00:00+05:30,367,Gudimalkapur,1571,Gudumalkapur,113,Green Chillies,113,Common,0.0,817.0,1600.0,3500.0,1800.0,0.0,0.0
2025-10-09 00:00:00+05:30,303,Kalwakurthy,1340,Kalwakurthy,112,Ladys Finger,112,Common,0.0,2.0,3000.0,4000.0,3500.0,0.0,0.0
2025-10-09 00:00:00+05:30,246,Warangal,886,Warangal,16,Green Gram,16,Common,0.0,29.88,1529.0,4522.0,4302.0,0.0,0.0
2025-10-09 00:00:00+05:30,325,Hyderabad,7,Meeralamandi,122,Bottle Gourd,122,Common,0.0,7.0,600.0,600.0,600.0,0.0,0.0
2025-10-09 00:00:00+05:30,324,Bowenpally,3,Bowenpally,112,Ladys Finger,112,Common,0.0,520.0,500.0,1500.0,1200.0,0.0,0.0
2025-10-09 00:00:00+05:30,323,Gaddiannaram,1,Gaddiannaram,85,Musk Melon,85,Common,0.0,180.0,600.0,2500.0,800.0,0.0,0.0
2025-10-09 00:00:00+05:30,325,Hyderabad,6,Madannapeta,122,Bottle Gourd,122,Common,0.0,45.0,400.0,300.0,500.0,0.0,0.0
2025-10-08 00:00:00+05:30,303,Kalwakurthy,1340,Kalwakurthy,112,Ladys Finger,112,Common,0.0,2.0,2000.0,4000.0,3000.0,0.0,0.0
2025-10-09 00:00:00+05:30,323,Gaddiannaram,2,L.B Nagar,117,Cluster Beans,117,Common,0.0,17.0,3000.0,4000.0,3500.0,0.0,0.0
2025-10-08 00:00:00+05:30,310,Shadnagar,1330,Shadnagar,103,Carrot,103,Common,0.0,18.0,2500.0,3500.0,3000.0,0.0,0.0
2025-10-08 00:00:00+05:30,367,Gudimalkapur,1571,Gudumalkapur,113,Green Chillies,113,Common,0.0,660.0,1800.0,3500.0,2200.0,0.0,0.0
2025-10-08 00:00:00+05:30,323,Gaddiannaram,2,L.B Nagar,117,Cluster Beans,117,Common,0.0,39.0,3000.0,4000.0,3500.0,0.0,0.0
2025-10-08 00:00:00+05:30,323,Gaddiannaram,1,Gaddiannaram,85,Musk Melon,85,Common,0.0,293.0,600.0,2500.0,800.0,0.0,0.0
2025-10-08 00:00:00+05:30,325,Hyderabad,6,Madannapeta,122,Bottle Gourd,122,Common,0.0,20.0,400.0,600.0,500.0,0.0,0.0
2025-10-08 00:00:00+05:30,325,Hyderabad,7,Meeralamandi,122,Bottle Gourd,122,Common,0.0,5.0,600.0,800.0,700.0,0.0,0.0
2025-10-08 00:00:00+05:30,246,Warangal,886,Warangal,16,Green Gram,16,Common,0.0,39.66,1550.0,6250.0,4150.0,0.0,0.0
2025-10-07 00:00:00+05:30,310,Shadnagar,1330,Shadnagar,103,Carrot,103,Common,0.0,25.0,3500.0,4500.0,4000.0,0.0,0.0
2025-10-07 00:00:00+05:30,303,Kalwakurthy,1340,Kalwakurthy,112,Ladys Finger,112,Common,0.0,1.0,2500.0,4300.0,3400.0,0.0,0.0
2025-10-08 00:00:00+05:30,324,Bowenpally,3,Bowenpally,112,Ladys Finger,112,Common,0.0,658.0,800.0,1800.0,1500.0,0.0,0.0
2025-10-07 00:00:00+05:30,367,Gudimalkapur,1571,Gudumalkapur,113,Green Chillies,113,Common,0.0,667.0,2000.0,4500.0,2200.0,0.0,0.0
2025-10-07 00:00:00+05:30,323,Gaddiannaram,1,Gaddiannaram,85,Musk Melon,85,Common,0.0,297.0,600.0,2500.0,800.0,0.0,0.0
2025-10-07 00:00:00+05:30,325,Hyderabad,6,Madannapeta,122,Bottle Gourd,122,Common,0.0,55.0,600.0,800.0,700.0,0.0,0.0
2025-10-07 00:00:00+05:30,324,Bowenpally,3,Bowenpally,112,Ladys Finger,112,Common,0.0,611.0,500.0,1500.0,1200.0,0.0,0.0
2025-10-07 00:00:00+05:30,325,Hyderabad,7,Meeralamandi,122,Bottle Gourd,122,Common,0.0,7.0,600.0,600.0,600.0,0.0,0.0
2025-10-07 00:00:00+05:30,319,Shankerpally,40,Shankerpally,113,Green Chillies,113,Common,0.0,4.5,4000.0,4500.0,4250.0,0.0,0.0
2025-10-07 00:00:00+05:30,323,Gaddiannaram,2,L.B Nagar,117,Cluster Beans,117,Common,0.0,14.0,3000.0,4000.0,3500.0,0.0,0.0
2025-10-06 00:00:00+05:30,331,Vantimamidi,1612,Vantimamidi,113,Green Chillies,113,Common,0.0,4.0,1500.0,2000.0,1750.0,0.0,0.0
2025-10-06 00:00:00+05:30,303,Kalwakurthy,1340,Kalwakurthy,112,Ladys Finger,112,Common,0.0,2.0,2000.0,3500.0,2750.0,0.0,0.0
2025-10-06 00:00:00+05:30,308,Nagarkurnool,1334,Nagarkurnool,31,Castor,31,Common,0.0,5.54,5608.0,5608.0,5608.0,0.0,0.0
2025-10-06 00:00:00+05:30,367,Gudimalkapur,1571,Gudumalkapur,113,Green Chillies,113,Common,0.0,560.0,1800.0,5000.0,2200.0,0.0,0.0
2025-10-06 00:00:00+05:30,310,Shadnagar,1330,Shadnagar,103,Carrot,103,Common,0.0,25.0,3500.0,4000.0,3800.0,0.0,0.0
2025-10-06 00:00:00+05:30,325,Hyderabad,7,Meeralamandi,122,Bottle Gourd,122,Common,0.0,9.0,600.0,600.0,600.0,0.0,0.0
2025-10-06 00:00:00+05:30,323,Gaddiannaram,2,L.B Nagar,117,Cluster Beans,117,Common,0.0,18.0,3000.0,3500.0,3200.0,0.0,0.0
2025-10-06 00:00:00+05:30,323,Gaddiannaram,1,Gaddiannaram,85,Musk Melon,85,Common,0.0,155.0,600.0,2500.0,800.0,0.0,0.0
2025-10-06 00:00:00+05:30,324,Bowenpally,3,Bowenpally,112,Ladys Finger,112,Common,0.0,625.0,1000.0,1500.0,1400.0,0.0,0.0
2025-10-06 00:00:00+05:30,246,Warangal,886,Warangal,16,Green Gram,16,Common,0.0,10.8,2152.0,4822.0,2859.0,0.0,0.0
2025-10-06 00:00:00+05:30,325,Hyderabad,6,Madannapeta,122,Bottle Gourd,122,Common,0.0,45.0,400.0,600.0,500.0,0.0,0.0
2025-10-05 00:00:00+05:30,310,Shadnagar,1330,Shadnagar,103,Carrot,103,Common,0.0,15.0,3500.0,4500.0,3800.0,0.0,0.0
2025-10-05 00:00:00+05:30,325,Hyderabad,7,Meeralamandi,122,Bottle Gourd,122,Common,0.0,7.0,400.0,500.0,450.0,0.0,0.0
2025-10-05 00:00:00+05:30,303,Kalwakurthy,1340,Kalwakurthy,112,Ladys Finger,112,Common,0.0,4.0,2000.0,3500.0,2750.0,0.0,0.0
2025-10-05 00:00:00+05:30,367,Gudimalkapur,1571,Gudumalkapur,113,Green Chillies,113,Common,0.0,831.0,1800.0,4000.0,2200.0,0.0,0.0
2025-10-05 00:00:00+05:30,324,Bowenpally,3,Bowenpally,112,Ladys Finger,112,Common,0.0,605.0,500.0,3000.0,2200.0,0.0,0.0
2025-10-05 00:00:00+05:30,325,Hyderabad,6,Madannapeta,122,Bottle Gourd,122,Common,0.0,20.0,400.0,600.0,500.0,0.0,0.0
2025-10-05 00:00:00+05:30,323,Gaddiannaram,1,Gaddiannaram,85,Musk Melon,85,Common,0.0,260.0,600.0,2500.0,1000.0,0.0,0.0
2025-10-05 00:00:00+05:30,323,Gaddiannaram,2,L.B Nagar,117,Cluster Beans,117,Common,0.0,17.0,3000.0,3500.0,3200.0,0.0,0.0
2025-10-04 00:00:00+05:30,303,Kalwakurthy,1340,Kalwakurthy,112,Ladys Finger,112,Common,0.0,3.0,2000.0,3000.0,2500.0,0.0,0.0
2025-10-04 00:00:00+05:30,331,Vantimamidi,1612,Vantimamidi,113,Green Chillies,113,Common,0.0,2.0,2000.0,2000.0,2000.0,0.0,0.0
2025-10-04 00:00:00+05:30,310,Shadnagar,1330,Shadnagar,103,Carrot,103,Common,0.0,18.0,2000.0,2500.0,2300.0,0.0,0.0
2025-10-04 00:00:00+05:30,367,Gudimalkapur,1571,Gudumalkapur,113,Green Chillies,113,Common,0.0,300.0,1800.0,5000.0,3000.0,0.0,0.0
2025-10-04 00:00:00+05:30,325,Hyderabad,7,Meeralamandi,122,Bottle Gourd,122,Common,0.0,5.0,800.0,1000.0,900.0,0.0,0.0
2025-10-04 00:00:00+05:30,325,Hyderabad,6,Madannapeta,122,Bottle Gourd,122,Common,0.0,30.0,400.0,600.0,500.0,0.0,0.0
2025-10-04 00:00:00+05:30,319,Shankerpally,40,Shankerpally,113,Green Chillies,113,Common,0.0,4.2,4000.0,4500.0,4250.0,0.0,0.0
2025-10-04 00:00:00+05:30,323,Gaddiannaram,2,L.B Nagar,117,Cluster Beans,117,Common,0.0,15.0,3000.0,3500.0,3200.0,0.0,0.0
2025-10-03 00:00:00+05:30,367,Gudimalkapur,1571,Gudumalkapur,113,Green Chillies,113,Common,0.0,567.0,1500.0,2500.0,2000.0,0.0,0.0
2025-10-04 00:00:00+05:30,323,Gaddiannaram,1,Gaddiannaram,85,Musk Melon,85,Common,0.0,225.0,600.0,2500.0,1000.0,0.0,0.0
2025-10-03 00:00:00+05:30,331,Vantimamidi,1612,Vantimamidi,113,Green Chillies,113,Common,0.0,2.0,2000.0,2000.0,2000.0,0.0,0.0
2025-10-02 00:00:00+05:30,310,Shadnagar,1330,Shadnagar,103,Carrot,103,Common,0.0,10.0,1800.0,2300.0,2000.0,0.0,0.0
2025-10-03 00:00:00+05:30,310,Shadnagar,1330,Shadnagar,103,Carrot,103,Common,0.0,15.0,2500.0,3000.0,2800.0,0.0,0.0
2025-10-03 00:00:00+05:30,324,Bowenpally,3,Bowenpally,112,Ladys Finger,112,Common,0.0,447.0,600.0,3000.0,2500.0,0.0,0.0
2025-10-02 00:00:00+05:30,323,Gaddiannaram,2,L.B Nagar,117,Cluster Beans,117,Common,0.0,7.0,2000.0,3000.0,2500.0,0.0,0.0
2025-10-02 00:00:00+05:30,325,Hyderabad,6,Madannapeta,122,Bottle Gourd,122,Common,0.0,20.0,400.0,400.0,400.0,0.0,0.0
2025-10-03 00:00:00+05:30,323,Gaddiannaram,1,Gaddiannaram,85,Musk Melon,85,Common,0.0,175.0,600.0,2500.0,1000.0,0.0,0.0
2025-10-02 00:00:00+05:30,367,Gudimalkapur,1571,Gudumalkapur,113,Green Chillies,113,Common,0.0,374.0,1800.0,2500.0,2000.0,0.0,0.0
2025-10-02 00:00:00+05:30,324,Bowenpally,3,Bowenpally,112,Ladys Finger,112,Common,0.0,563.0,600.0,3000.0,2500.0,0.0,0.0
2025-10-01 00:00:00+05:30,303,Kalwakurthy,1340,Kalwakurthy,112,Ladys Finger,112,Common,0.0,4.0,2200.0,3000.0,2600.0,0.0,0.0
2025-10-01 00:00:00+05:30,367,Gudimalkapur,1571,Gudumalkapur,113,Green Chillies,113,Common,0.0,709.0,1500.0,2200.0,1800.0,0.0,0.0
2025-10-01 00:00:00+05:30,325,Hyderabad,7,Meeralamandi,122,Bottle Gourd,122,Common,0.0,9.0,400.0,400.0,400.0,0.0,0.0
2025-10-01 00:00:00+05:30,323,Gaddiannaram,2,L.B Nagar,117,Cluster Beans,117,Common,0.0,19.0,2000.0,3000.0,2500.0,0.0,0.0
2025-10-01 00:00:00+05:30,323,Gaddiannaram,1,Gaddiannaram,85,Musk Melon,85,Common,0.0,340.0,600.0,2500.0,1000.0,0.0,0.0
2025-10-01 00:00:00+05:30,324,Bowenpally,3,Bowenpally,112,Ladys Finger,112,Common,0.0,479.0,800.0,1500.0,1300.0,0.0,0.0
2025-10-31 00:00:00+05:30,325,Hyderabad,7,Meeralamandi,122,Bottle Gourd,122,Common,0.0,5.0,600.0,600.0,600.0,0.0,0.0
2025-10-31 00:00:00+05:30,310,Shadnagar,1330,Shadnagar,103,Carrot,103,Common,0.0,22.0,3000.0,3500.0,3200.0,0.0,0.0
2025-10-31 00:00:00+05:30,303,Kalwakurthy,1340,Kalwakurthy,112,Ladys Finger,112,Common,0.0,3.0,3000.0,5000.0,4000.0,0.0,0.0
2025-10-31 00:00:00+05:30,367,Gudimalkapur,1571,Gudumalkapur,113,Green Chillies,113,Common,0.0,743.0,1300.0,2000.0,1500.0,0.0,0.0
2025-10-31 00:00:00+05:30,331,Vantimamidi,1612,Vantimamidi,113,Green Chillies,113,Common,0.0,1.0,2000.0,2000.0,2000.0,0.0,0.0
2025-10-31 00:00:00+05:30,323,Gaddiannaram,2,L.B Nagar,117,Cluster Beans,117,Common,0.0,22.0,4000.0,4500.0,4200.0,0.0,0.0
2025-10-31 00:00:00+05:30,325,Hyderabad,6,Madannapeta,122,Bottle Gourd,122,Common,0.0,15.0,600.0,600.0,600.0,0.0,0.0
2025-10-31 00:00:00+05:30,324,Bowenpally,3,Bowenpally,112,Ladys Finger,112,Common,0.0,301.0,800.0,2200.0,1800.0,0.0,0.0
2025-10-30 00:00:00+05:30,310,Shadnagar,1330,Shadnagar,103,Carrot,103,Common,0.0,20.0,1800.0,2500.0,2000.0,0.0,0.0
2025-10-30 00:00:00+05:30,303,Kalwakurthy,1340,Kalwakurthy,112,Ladys Finger,112,Common,0.0,2.0,3000.0,5000.0,4000.0,0.0,0.0
2025-10-30 00:00:00+05:30,367,Gudimalkapur,1571,Gudumalkapur,113,Green Chillies,113,Common,0.0,648.0,1500.0,3500.0,2200.0,0.0,0.0
2025-10-31 00:00:00+05:30,323,Gaddiannaram,1,Gaddiannaram,85,Musk Melon,85,Common,0.0,329.0,700.0,1500.0,1000.0,0.0,0.0
2025-10-29 00:00:00+05:30,303,Kalwakurthy,1340,Kalwakurthy,112,Ladys Finger,112,Common,0.0,1.0,3000.0,4000.0,3500.0,0.0,0.0
2025-10-30 00:00:00+05:30,325,Hyderabad,7,Meeralamandi,122,Bottle Gourd,122,Common,0.0,8.0,400.0,600.0,500.0,0.0,0.0
2025-10-30 00:00:00+05:30,324,Bowenpally,3,Bowenpally,112,Ladys Finger,112,Common,0.0,435.0,800.0,1800.0,1500.0,0.0,0.0
2025-10-30 00:00:00+05:30,325,Hyderabad,6,Madannapeta,122,Bottle Gourd,122,Common,0.0,55.0,400.0,500.0,300.0,0.0,0.0
2025-10-30 00:00:00+05:30,323,Gaddiannaram,1,Gaddiannaram,85,Musk Melon,85,Common,0.0,90.0,700.0,2500.0,1000.0,0.0,0.0
2025-10-29 00:00:00+05:30,246,Warangal,886,Warangal,16,Green Gram,16,Common,0.0,2.3,3852.0,3852.0,3852.0,0.0,0.0
2025-10-29 00:00:00+05:30,325,Hyderabad,7,Meeralamandi,122,Bottle Gourd,122,Common,0.0,7.0,500.0,600.0,550.0,0.0,0.0
2025-10-30 00:00:00+05:30,323,Gaddiannaram,2,L.B Nagar,117,Cluster Beans,117,Common,0.0,16.0,3000.0,4000.0,3500.0,0.0,0.0
2025-10-29 00:00:00+05:30,310,Shadnagar,1330,Shadnagar,103,Carrot,103,Common,0.0,25.0,3500.0,4500.0,4000.0,0.0,0.0
2025-10-29 00:00:00+05:30,300,Badepally,1327,Badepally,25,Cotton,25,Common,0.0,16.0,5719.0,6379.0,6379.0,0.0,0.0
2025-10-29 00:00:00+05:30,241,Mahabubabad,1177,Mahabubabad,25,Cotton,25,Common,0.0,74.0,5700.0,6937.0,6752.0,0.0,0.0
2025-10-29 00:00:00+05:30,367,Gudimalkapur,1571,Gudumalkapur,113,Green Chillies,113,Common,0.0,427.0,2000.0,3500.0,2400.0,0.0,0.0
2025-10-29 00:00:00+05:30,324,Bowenpally,3,Bowenpally,112,Ladys Finger,112,Common,0.0,558.0,800.0,2000.0,1600.0,0.0,0.0
2025-10-29 00:00:00+05:30,323,Gaddiannaram,1,Gaddiannaram,85,Musk Melon,85,Common,0.0,122.0,700.0,2500.0,800.0,0.0,0.0
2025-10-29 00:00:00+05:30,325,Hyderabad,6,Madannapeta,122,Bottle Gourd,122,Common,0.0,40.0,400.0,400.0,400.0,0.0,0.0
2025-10-29 00:00:00+05:30,323,Gaddiannaram,2,L.B Nagar,117,Cluster Beans,117,Common,0.0,13.0,3000.0,5000.0,4000.0,0.0,0.0
2025-10-28 00:00:00+05:30,331,Vantimamidi,1612,Vantimamidi,113,Green Chillies,113,Common,0.0,2.0,1500.0,2000.0,1750.0,0.0,0.0
2025-10-28 00:00:00+05:30,367,Gudimalkapur,1571,Gudumalkapur,113,Green Chillies,113,Common,0.0,521.0,1200.0,4000.0,2000.0,0.0,0.0
2025-10-28 00:00:00+05:30,303,Kalwakurthy,1340,Kalwakurthy,112,Ladys Finger,112,Common,0.0,3.0,3500.0,4500.0,4000.0,0.0,0.0
2025-10-28 00:00:00+05:30,310,Shadnagar,1330,Shadnagar,103,Carrot,103,Common,0.0,25.0,3500.0,4000.0,3800.0,0.0,0.0
2025-10-28 00:00:00+05:30,241,Mahabubabad,1177,Mahabubabad,25,Cotton,25,Common,0.0,214.0,3509.0,6930.0,6500.0,0.0,0.0
2025-10-28 00:00:00+05:30,219,Jagtial,1125,Jagtial,32,Gingelly,223,White,0.0,1.0,7675.0,7675.0,7675.0,0.0,0.0
2025-10-28 00:00:00+05:30,325,Hyderabad,6,Madannapeta,122,Bottle Gourd,122,Common,0.0,85.0,400.0,500.0,450.0,0.0,0.0
2025-10-28 00:00:00+05:30,325,Hyderabad,7,Meeralamandi,122,Bottle Gourd,122,Common,0.0,6.0,500.0,600.0,550.0,0.0,0.0
2025-10-28 00:00:00+05:30,246,Warangal,886,Warangal,16,Green Gram,16,Common,0.0,0.66,4052.0,4052.0,4052.0,0.0,0.0
2025-10-01 00:00:00+05:30,324,Bowenpally,3,Bowenpally,113,Green Chillies,113,Common,0.0,1800.0,1000.0,3500.0,2600.0,0.0,0.0
2025-10-01 00:00:00+05:30,323,Gaddiannaram,1,Gaddiannaram,86,Water Melon,86,Common,0.0,910.0,400.0,1000.0,600.0,0.0,0.0
2025-10-01 00:00:00+05:30,323,Gaddiannaram,2,L.B Nagar,118,Field Beans,118,Common,0.0,15.0,3000.0,4000.0,3500.0,0.0,0.0
2025-10-01 00:00:00+05:30,325,Hyderabad,7,Meeralamandi,123,Ribbed Gourd,123,Common,0.0,3.0,2000.0,3000.0,2500.0,0.0,0.0
2025-10-01 00:00:00+05:30,325,Hyderabad,5,Mahabubmansion,62,Ginger,62,Common,0.0,381.0,1300.0,2500.0,1800.0,0.0,0.0
2025-10-01 00:00:00+05:30,367,Gudimalkapur,1571,Gudumalkapur,114,Tomato,114,Common,0.0,2526.0,800.0,2400.0,1000.0,0.0,0.0
2025-10-01 00:00:00+05:30,303,Kalwakurthy,1340,Kalwakurthy,113,Green Chillies,113,Common,0.0,6.0,3000.0,5000.0,4000.0,0.0,0.0
2025-10-01 00:00:00+05:30,331,Vantimamidi,1612,Vantimamidi,114,Tomato,197,Local,0.0,94.0,400.0,500.0,450.0,0.0,0.0
2025-10-02 00:00:00+05:30,324,Bowenpally,3,Bowenpally,113,Green Chillies,113,Common,0.0,791.0,1000.0,3000.0,2500.0,0.0,0.0
2025-10-02 00:00:00+05:30,367,Gudimalkapur,1571,Gudumalkapur,114,Tomato,114,Common,0.0,1140.0,800.0,2000.0,1000.0,0.0,0.0
2025-10-03 00:00:00+05:30,323,Gaddiannaram,1,Gaddiannaram,86,Water Melon,86,Common,0.0,460.0,400.0,1000.0,600.0,0.0,0.0
2025-10-02 00:00:00+05:30,325,Hyderabad,6,Madannapeta,123,Ribbed Gourd,123,Common,0.0,5.0,2000.0,2000.0,2000.0,0.0,0.0
2025-10-02 00:00:00+05:30,323,Gaddiannaram,2,L.B Nagar,118,Field Beans,118,Common,0.0,7.0,3000.0,4000.0,3500.0,0.0,0.0
2025-10-03 00:00:00+05:30,324,Bowenpally,3,Bowenpally,113,Green Chillies,113,Common,0.0,1458.0,1000.0,2500.0,2000.0,0.0,0.0
2025-10-03 00:00:00+05:30,310,Shadnagar,1330,Shadnagar,111,Brinjal,111,Common,0.0,12.0,1200.0,1500.0,1300.0,0.0,0.0
2025-10-02 00:00:00+05:30,310,Shadnagar,1330,Shadnagar,111,Brinjal,111,Common,0.0,15.0,800.0,1500.0,1000.0,0.0,0.0
2025-10-03 00:00:00+05:30,331,Vantimamidi,1612,Vantimamidi,114,Tomato,197,Local,0.0,35.0,1000.0,1800.0,1400.0,0.0,0.0
2025-10-04 00:00:00+05:30,323,Gaddiannaram,1,Gaddiannaram,86,Water Melon,86,Common,0.0,590.0,400.0,1000.0,600.0,0.0,0.0
2025-10-03 00:00:00+05:30,367,Gudimalkapur,1571,Gudumalkapur,114,Tomato,114,Common,0.0,1370.0,800.0,2400.0,1200.0,0.0,0.0
2025-10-04 00:00:00+05:30,323,Gaddiannaram,2,L.B Nagar,118,Field Beans,118,Common,0.0,11.0,4000.0,5000.0,4500.0,0.0,0.0
2025-10-04 00:00:00+05:30,324,Bowenpally,3,Bowenpally,113,Green Chillies,113,Common,0.0,812.0,1000.0,3500.0,2600.0,0.0,0.0
2025-10-04 00:00:00+05:30,319,Shankerpally,40,Shankerpally,114,Tomato,197,Local,0.0,19.6,1500.0,2250.0,1875.0,0.0,0.0
2025-10-04 00:00:00+05:30,325,Hyderabad,6,Madannapeta,123,Ribbed Gourd,123,Common,0.0,11.0,2000.0,2500.0,2250.0,0.0,0.0
2025-10-04 00:00:00+05:30,325,Hyderabad,5,Mahabubmansion,62,Ginger,62,Common,0.0,312.0,1000.0,3000.0,2000.0,0.0,0.0
2025-10-04 00:00:00+05:30,367,Gudimalkapur,1571,Gudumalkapur,114,Tomato,114,Common,0.0,2026.0,800.0,2400.0,1200.0,0.0,0.0
2025-10-04 00:00:00+05:30,310,Shadnagar,1330,Shadnagar,111,Brinjal,111,Common,0.0,15.0,1600.0,2000.0,1800.0,0.0,0.0
2025-10-04 00:00:00+05:30,300,Badepally,1327,Badepally,30,Groundnut pods,30,Common,0.0,49.0,3151.0,5112.0,5112.0,0.0,0.0
2025-10-04 00:00:00+05:30,331,Vantimamidi,1612,Vantimamidi,114,Tomato,197,Local,0.0,65.0,1000.0,1500.0,1250.0,0.0,0.0
2025-10-04 00:00:00+05:30,303,Kalwakurthy,1340,Kalwakurthy,113,Green Chillies,113,Common,0.0,5.0,4500.0,5000.0,4750.0,0.0,0.0
2025-10-05 00:00:00+05:30,323,Gaddiannaram,2,L.B Nagar,118,Field Beans,118,Common,0.0,15.0,5000.0,6000.0,5500.0,0.0,0.0
2025-10-05 00:00:00+05:30,323,Gaddiannaram,1,Gaddiannaram,86,Water Melon,86,Common,0.0,1210.0,400.0,1000.0,600.0,0.0,0.0
2025-10-05 00:00:00+05:30,324,Bowenpally,3,Bowenpally,113,Green Chillies,113,Common,0.0,1715.0,1000.0,3500.0,2600.0,0.0,0.0
2025-10-05 00:00:00+05:30,367,Gudimalkapur,1571,Gudumalkapur,114,Tomato,114,Common,0.0,3473.0,400.0,2000.0,1200.0,0.0,0.0
2025-10-05 00:00:00+05:30,303,Kalwakurthy,1340,Kalwakurthy,113,Green Chillies,113,Common,0.0,6.0,3500.0,6500.0,5000.0,0.0,0.0
2025-10-05 00:00:00+05:30,310,Shadnagar,1330,Shadnagar,111,Brinjal,111,Common,0.0,10.0,1600.0,2000.0,1800.0,0.0,0.0
2025-10-06 00:00:00+05:30,325,Hyderabad,6,Madannapeta,123,Ribbed Gourd,123,Common,0.0,5.0,2000.0,2000.0,2000.0,0.0,0.0
2025-10-05 00:00:00+05:30,331,Vantimamidi,1612,Vantimamidi,114,Tomato,197,Local,0.0,119.0,1000.0,1500.0,1250.0,0.0,0.0
2025-10-06 00:00:00+05:30,325,Hyderabad,5,Mahabubmansion,62,Ginger,62,Common,0.0,552.0,1500.0,6000.0,3566.0,0.0,0.0
2025-10-06 00:00:00+05:30,324,Bowenpally,3,Bowenpally,113,Green Chillies,113,Common,0.0,1560.0,1000.0,3500.0,2800.0,0.0,0.0
2025-10-06 00:00:00+05:30,323,Gaddiannaram,1,Gaddiannaram,86,Water Melon,86,Common,0.0,1290.0,300.0,1000.0,600.0,0.0,0.0
2025-10-06 00:00:00+05:30,323,Gaddiannaram,2,L.B Nagar,118,Field Beans,118,Common,0.0,20.0,3500.0,4000.0,3700.0,0.0,0.0
2025-10-06 00:00:00+05:30,279,Thirumalagiri,9,Tirmalagiri,15,Red Gram,15,Common,0.0,2.0,5300.0,5300.0,5300.0,0.0,0.0
2025-10-06 00:00:00+05:30,310,Shadnagar,1330,Shadnagar,111,Brinjal,111,Common,0.0,20.0,1200.0,1800.0,1500.0,0.0,0.0
2025-10-06 00:00:00+05:30,367,Gudimalkapur,1571,Gudumalkapur,114,Tomato,114,Common,0.0,3201.0,800.0,2000.0,1000.0,0.0,0.0
2025-10-06 00:00:00+05:30,303,Kalwakurthy,1340,Kalwakurthy,113,Green Chillies,113,Common,0.0,7.0,4000.0,6000.0,5000.0,0.0,0.0
2025-10-06 00:00:00+05:30,331,Vantimamidi,1612,Vantimamidi,114,Tomato,197,Local,0.0,99.0,1000.0,1800.0,1400.0,0.0,0.0
2025-10-07 00:00:00+05:30,323,Gaddiannaram,2,L.B Nagar,118,Field Beans,118,Common,0.0,27.0,3000.0,5000.0,4000.0,0.0,0.0
2025-10-07 00:00:00+05:30,319,Shankerpally,40,Shankerpally,114,Tomato,197,Local,0.0,14.8,1500.0,2250.0,1875.0,0.0,0.0
2025-10-07 00:00:00+05:30,279,Thirumalagiri,9,Tirmalagiri,15,Red Gram,15,Common,0.0,8.0,5200.0,6090.0,5600.0,0.0,0.0
2025-10-07 00:00:00+05:30,324,Bowenpally,3,Bowenpally,113,Green Chillies,113,Common,0.0,1787.0,1000.0,5000.0,3500.0,0.0,0.0
2025-10-07 00:00:00+05:30,323,Gaddiannaram,1,Gaddiannaram,86,Water Melon,86,Common,0.0,926.0,300.0,1000.0,600.0,0.0,0.0
2025-10-07 00:00:00+05:30,325,Hyderabad,5,Mahabubmansion,62,Ginger,62,Common,0.0,444.0,1500.0,6000.0,3733.0,0.0,0.0
2025-10-07 00:00:00+05:30,367,Gudimalkapur,1571,Gudumalkapur,114,Tomato,114,Common,0.0,3029.0,400.0,2400.0,1000.0,0.0,0.0
2025-10-07 00:00:00+05:30,241,Mahabubabad,1177,Mahabubabad,30,Groundnut pods,30,Common,0.0,1.0,4622.0,4622.0,4622.0,0.0,0.0
2025-10-07 00:00:00+05:30,300,Badepally,1327,Badepally,30,Groundnut pods,30,Common,0.0,6.0,3356.0,4609.0,4456.0,0.0,0.0
2025-10-08 00:00:00+05:30,324,Bowenpally,3,Bowenpally,113,Green Chillies,113,Common,0.0,1998.0,1000.0,4000.0,3000.0,0.0,0.0
2025-10-07 00:00:00+05:30,303,Kalwakurthy,1340,Kalwakurthy,113,Green Chillies,113,Common,0.0,7.0,5000.0,6000.0,5500.0,0.0,0.0
2025-10-07 00:00:00+05:30,310,Shadnagar,1330,Shadnagar,111,Brinjal,111,Common,0.0,20.0,1500.0,2000.0,1800.0,0.0,0.0
2025-10-07 00:00:00+05:30,331,Vantimamidi,1612,Vantimamidi,114,Tomato,197,Local,0.0,50.0,1000.0,1500.0,1250.0,0.0,0.0
2025-10-08 00:00:00+05:30,325,Hyderabad,6,Madannapeta,123,Ribbed Gourd,123,Common,0.0,13.0,2000.0,4000.0,3000.0,0.0,0.0
2025-10-08 00:00:00+05:30,323,Gaddiannaram,1,Gaddiannaram,86,Water Melon,86,Common,0.0,853.0,300.0,1000.0,600.0,0.0,0.0
2025-10-08 00:00:00+05:30,325,Hyderabad,5,Mahabubmansion,62,Ginger,62,Common,0.0,480.0,1500.0,6000.0,3330.0,0.0,0.0
2025-10-08 00:00:00+05:30,323,Gaddiannaram,2,L.B Nagar,118,Field Beans,118,Common,0.0,17.0,4000.0,5000.0,4500.0,0.0,0.0
2025-10-08 00:00:00+05:30,367,Gudimalkapur,1571,Gudumalkapur,114,Tomato,114,Common,0.0,2358.0,600.0,2400.0,1200.0,0.0,0.0
2025-10-08 00:00:00+05:30,310,Shadnagar,1330,Shadnagar,111,Brinjal,111,Common,0.0,25.0,1600.0,2000.0,1800.0,0.0,0.0
2025-10-09 00:00:00+05:30,323,Gaddiannaram,2,L.B Nagar,118,Field Beans,118,Common,0.0,17.0,4000.0,5000.0,4500.0,0.0,0.0
2025-10-08 00:00:00+05:30,303,Kalwakurthy,1340,Kalwakurthy,113,Green Chillies,113,Common,0.0,7.0,4000.0,6000.0,500.0,0.0,0.0
2025-10-08 00:00:00+05:30,331,Vantimamidi,1612,Vantimamidi,114,Tomato,197,Local,0.0,122.0,1500.0,2000.0,1750.0,0.0,0.0
2025-10-09 00:00:00+05:30,325,Hyderabad,6,Madannapeta,123,Ribbed Gourd,123,Common,0.0,16.0,3000.0,6000.0,4500.0,0.0,0.0
2025-10-09 00:00:00+05:30,323,Gaddiannaram,1,Gaddiannaram,86,Water Melon,86,Common,0.0,992.0,300.0,1000.0,600.0,0.0,0.0
2025-10-09 00:00:00+05:30,325,Hyderabad,5,Mahabubmansion,62,Ginger,62,Common,0.0,498.0,2500.0,5600.0,3133.0,0.0,0.0
2025-10-09 00:00:00+05:30,324,Bowenpally,3,Bowenpally,113,Green Chillies,113,Common,0.0,2002.0,1000.0,4000.0,3000.0,0.0,0.0
2025-10-09 00:00:00+05:30,279,Thirumalagiri,9,Tirmalagiri,15,Red Gram,15,Common,0.0,9.0,3668.0,5360.0,5360.0,0.0,0.0
2025-10-09 00:00:00+05:30,303,Kalwakurthy,1340,Kalwakurthy,113,Green Chillies,113,Common,0.0,9.0,4500.0,6000.0,5250.0,0.0,0.0
2025-10-09 00:00:00+05:30,367,Gudimalkapur,1571,Gudumalkapur,114,Tomato,114,Common,0.0,3193.0,400.0,2400.0,1200.0,0.0,0.0
2025-10-09 00:00:00+05:30,310,Shadnagar,1330,Shadnagar,111,Brinjal,111,Common,0.0,15.0,1800.0,2500.0,2000.0,0.0,0.0
2025-10-10 00:00:00+05:30,323,Gaddiannaram,1,Gaddiannaram,86,Water Melon,86,Common,0.0,1075.0,300.0,1000.0,600.0,0.0,0.0
2025-10-09 00:00:00+05:30,331,Vantimamidi,1612,Vantimamidi,114,Tomato,197,Local,0.0,166.0,1200.0,2000.0,1600.0,0.0,0.0
2025-10-10 00:00:00+05:30,324,Bowenpally,3,Bowenpally,113,Green Chillies,113,Common,0.0,1134.0,1000.0,4000.0,3000.0,0.0,0.0
2025-10-10 00:00:00+05:30,325,Hyderabad,5,Mahabubmansion,62,Ginger,62,Common,0.0,495.0,1000.0,3500.0,2250.0,0.0,0.0
2025-10-10 00:00:00+05:30,323,Gaddiannaram,2,L.B Nagar,118,Field Beans,118,Common,0.0,16.0,3000.0,5000.0,4000.0,0.0,0.0
2025-10-10 00:00:00+05:30,367,Gudimalkapur,1571,Gudumalkapur,114,Tomato,114,Common,0.0,2493.0,600.0,2200.0,1200.0,0.0,0.0
2025-10-10 00:00:00+05:30,320,Tandur,37,Tandur,75,Soyabean,214,Yellow,0.0,149.0,4005.0,4105.0,4105.0,0.0,0.0
2025-10-10 00:00:00+05:30,279,Thirumalagiri,9,Tirmalagiri,15,Red Gram,15,Common,0.0,6.0,5930.0,5930.0,5930.0,0.0,0.0
2025-10-11 00:00:00+05:30,323,Gaddiannaram,1,Gaddiannaram,86,Water Melon,86,Common,0.0,960.0,300.0,1000.0,600.0,0.0,0.0
2025-10-10 00:00:00+05:30,303,Kalwakurthy,1340,Kalwakurthy,113,Green Chillies,113,Common,0.0,11.0,4000.0,5600.0,4800.0,0.0,0.0
2025-10-11 00:00:00+05:30,323,Gaddiannaram,2,L.B Nagar,118,Field Beans,118,Common,0.0,15.0,3000.0,4000.0,3500.0,0.0,0.0
2025-10-10 00:00:00+05:30,310,Shadnagar,1330,Shadnagar,111,Brinjal,111,Common,0.0,20.0,1600.0,2000.0,1800.0,0.0,0.0
2025-10-10 00:00:00+05:30,300,Badepally,1327,Badepally,30,Groundnut pods,30,Common,0.0,4.0,4066.0,4066.0,4066.0,0.0,0.0
2025-10-10 00:00:00+05:30,331,Vantimamidi,1612,Vantimamidi,114,Tomato,197,Local,0.0,151.0,800.0,1300.0,1050.0,0.0,0.0
2025-10-11 00:00:00+05:30,325,Hyderabad,6,Madannapeta,123,Ribbed Gourd,123,Common,0.0,6.0,3000.0,3500.0,3250.0,0.0,0.0
2025-10-11 00:00:00+05:30,325,Hyderabad,5,Mahabubmansion,62,Ginger,62,Common,0.0,420.0,1500.0,3600.0,2750.0,0.0,0.0
2025-10-11 00:00:00+05:30,324,Bowenpally,3,Bowenpally,113,Green Chillies,113,Common,0.0,1981.0,1000.0,3500.0,2600.0,0.0,0.0
2025-10-11 00:00:00+05:30,310,Shadnagar,1330,Shadnagar,111,Brinjal,111,Common,0.0,20.0,1600.0,2000.0,1800.0,0.0,0.0
2025-10-11 00:00:00+05:30,320,Tandur,37,Tandur,75,Soyabean,214,Yellow,0.0,97.0,4005.0,4149.0,4059.0,0.0,0.0
2025-10-12 00:00:00+05:30,323,Gaddiannaram,1,Gaddiannaram,86,Water Melon,86,Common,0.0,910.0,300.0,1000.0,600.0,0.0,0.0
2025-10-12 00:00:00+05:30,324,Bowenpally,3,Bowenpally,113,Green Chillies,113,Common,0.0,1518.0,1000.0,3500.0,2600.0,0.0,0.0
2025-10-11 00:00:00+05:30,303,Kalwakurthy,1340,Kalwakurthy,113,Green Chillies,113,Common,0.0,9.0,2000.0,5000.0,3500.0,0.0,0.0
2025-10-11 00:00:00+05:30,331,Vantimamidi,1612,Vantimamidi,114,Tomato,197,Local,0.0,144.0,1500.0,2000.0,1750.0,0.0,0.0
2025-10-12 00:00:00+05:30,323,Gaddiannaram,2,L.B Nagar,118,Field Beans,118,Common,0.0,10.0,3500.0,4000.0,3700.0,0.0,0.0
2025-10-11 00:00:00+05:30,367,Gudimalkapur,1571,Gudumalkapur,114,Tomato,114,Common,0.0,2822.0,600.0,2400.0,1300.0,0.0,0.0
2025-10-13 00:00:00+05:30,323,Gaddiannaram,1,Gaddiannaram,86,Water Melon,86,Common,0.0,775.0,300.0,1000.0,600.0,0.0,0.0
2025-10-12 00:00:00+05:30,303,Kalwakurthy,1340,Kalwakurthy,113,Green Chillies,113,Common,0.0,6.0,3500.0,5000.0,4250.0,0.0,0.0
2025-10-12 00:00:00+05:30,331,Vantimamidi,1612,Vantimamidi,114,Tomato,197,Local,0.0,158.0,1200.0,2000.0,1600.0,0.0,0.0
2025-10-12 00:00:00+05:30,367,Gudimalkapur,1571,Gudumalkapur,114,Tomato,114,Common,0.0,3034.0,600.0,2400.0,1200.0,0.0,0.0
2025-10-12 00:00:00+05:30,310,Shadnagar,1330,Shadnagar,111,Brinjal,111,Common,0.0,15.0,1200.0,1800.0,1500.0,0.0,0.0
2025-10-11 00:00:00+05:30,300,Badepally,1327,Badepally,30,Groundnut pods,30,Common,0.0,11.0,4606.0,4606.0,4606.0,0.0,0.0
2025-10-13 00:00:00+05:30,324,Bowenpally,3,Bowenpally,113,Green Chillies,113,Common,0.0,1924.0,1000.0,3500.0,2600.0,0.0,0.0
2025-10-13 00:00:00+05:30,323,Gaddiannaram,2,L.B Nagar,118,Field Beans,118,Common,0.0,12.0,3000.0,4000.0,3500.0,0.0,0.0
2025-10-13 00:00:00+05:30,325,Hyderabad,6,Madannapeta,123,Ribbed Gourd,123,Common,0.0,5.0,3000.0,3000.0,3000.0,0.0,0.0
2025-10-13 00:00:00+05:30,325,Hyderabad,7,Meeralamandi,123,Ribbed Gourd,123,Common,0.0,3.0,3500.0,3500.0,3500.0,0.0,0.0
2025-10-13 00:00:00+05:30,325,Hyderabad,5,Mahabubmansion,62,Ginger,62,Common,0.0,579.0,2500.0,6500.0,4500.0,0.0,0.0
2025-10-13 00:00:00+05:30,188,Bhainsa,11,Bhainsa,58,Coriander,58,Common,0.0,0.88,6073.0,6073.0,6073.0,0.0,0.0
2025-10-13 00:00:00+05:30,222,Karimnagar,1121,Karimnagar,25,Cotton,25,Common,0.0,26.0,5275.0,5405.0,5345.0,0.0,0.0
2025-10-13 00:00:00+05:30,303,Kalwakurthy,1340,Kalwakurthy,113,Green Chillies,113,Common,0.0,10.0,2000.0,4500.0,3250.0,0.0,0.0
2025-10-13 00:00:00+05:30,310,Shadnagar,1330,Shadnagar,111,Brinjal,111,Common,0.0,25.0,1200.0,1800.0,1500.0,0.0,0.0
2025-10-13 00:00:00+05:30,367,Gudimalkapur,1571,Gudumalkapur,114,Tomato,114,Common,0.0,3751.0,400.0,2400.0,900.0,0.0,0.0
2025-10-14 00:00:00+05:30,323,Gaddiannaram,2,L.B Nagar,118,Field Beans,118,Common,0.0,10.0,3000.0,4000.0,3500.0,0.0,0.0
2025-10-13 00:00:00+05:30,331,Vantimamidi,1612,Vantimamidi,114,Tomato,197,Local,0.0,124.0,1000.0,1500.0,1250.0,0.0,0.0
2025-10-13 00:00:00+05:30,300,Badepally,1327,Badepally,30,Groundnut pods,30,Common,0.0,7.0,3351.0,3351.0,3351.0,0.0,0.0
2025-10-14 00:00:00+05:30,324,Bowenpally,3,Bowenpally,113,Green Chillies,113,Common,0.0,1694.0,1000.0,3000.0,2500.0,0.0,0.0
2025-10-14 00:00:00+05:30,325,Hyderabad,6,Madannapeta,123,Ribbed Gourd,123,Common,0.0,5.0,3000.0,3000.0,3000.0,0.0,0.0
2025-10-14 00:00:00+05:30,323,Gaddiannaram,1,Gaddiannaram,86,Water Melon,86,Common,0.0,902.0,300.0,1000.0,600.0,0.0,0.0
2025-10-14 00:00:00+05:30,325,Hyderabad,5,Mahabubmansion,62,Ginger,62,Common,0.0,411.0,1000.0,4500.0,2500.0,0.0,0.0
2025-10-14 00:00:00+05:30,325,Hyderabad,7,Meeralamandi,123,Ribbed Gourd,123,Common,0.0,2.0,3000.0,3200.0,3100.0,0.0,0.0
2025-10-14 00:00:00+05:30,279,Thirumalagiri,9,Tirmalagiri,15,Red Gram,15,Common,0.0,11.0,5260.0,5963.0,5963.0,0.0,0.0
2025-10-14 00:00:00+05:30,320,Tandur,37,Tandur,75,Soyabean,214,Yellow,0.0,853.0,3015.0,4059.0,3969.0,0.0,0.0
2025-10-14 00:00:00+05:30,278,Suryapet,1091,Suryapet,22,Cowpea,22,Common,0.0,3.0,4789.0,5396.0,4789.0,0.0,0.0
2025-10-14 00:00:00+05:30,222,Karimnagar,1121,Karimnagar,25,Cotton,25,Common,0.0,6.0,5401.0,5401.0,5401.0,0.0,0.0
2025-10-14 00:00:00+05:30,310,Shadnagar,1330,Shadnagar,111,Brinjal,111,Common,0.0,18.0,1600.0,2000.0,1800.0,0.0,0.0
2025-10-14 00:00:00+05:30,367,Gudimalkapur,1571,Gudumalkapur,114,Tomato,114,Common,0.0,2989.0,600.0,2000.0,1000.0,0.0,0.0
2025-10-15 00:00:00+05:30,323,Gaddiannaram,1,Gaddiannaram,86,Water Melon,86,Common,0.0,755.0,300.0,1100.0,600.0,0.0,0.0
2025-10-14 00:00:00+05:30,303,Kalwakurthy,1340,Kalwakurthy,113,Green Chillies,113,Common,0.0,6.0,2000.0,5000.0,3500.0,0.0,0.0
2025-10-14 00:00:00+05:30,331,Vantimamidi,1612,Vantimamidi,114,Tomato,197,Local,0.0,148.0,1000.0,1600.0,1300.0,0.0,0.0
2025-10-15 00:00:00+05:30,325,Hyderabad,5,Mahabubmansion,62,Ginger,62,Common,0.0,381.0,1500.0,4500.0,2850.0,0.0,0.0
2025-10-15 00:00:00+05:30,320,Tandur,37,Tandur,75,Soyabean,214,Yellow,0.0,375.0,3501.0,4131.0,4095.0,0.0,0.0
2025-10-15 00:00:00+05:30,324,Bowenpally,3,Bowenpally,113,Green Chillies,113,Common,0.0,1854.0,1000.0,3000.0,2500.0,0.0,0.0
2025-10-15 00:00:00+05:30,325,Hyderabad,6,Madannapeta,123,Ribbed Gourd,123,Common,0.0,3.0,3000.0,3000.0,3000.0,0.0,0.0
2025-10-15 00:00:00+05:30,323,Gaddiannaram,2,L.B Nagar,118,Field Beans,118,Common,0.0,10.0,3000.0,4000.0,3500.0,0.0,0.0
2025-10-15 00:00:00+05:30,367,Gudimalkapur,1571,Gudumalkapur,114,Tomato,114,Common,0.0,2419.0,600.0,2200.0,1000.0,0.0,0.0
2025-10-15 00:00:00+05:30,222,Karimnagar,1121,Karimnagar,25,Cotton,25,Common,0.0,15.0,5250.0,5600.0,5300.0,0.0,0.0
2025-10-16 00:00:00+05:30,323,Gaddiannaram,1,Gaddiannaram,86,Water Melon,86,Common,0.0,640.0,300.0,1100.0,600.0,0.0,0.0
2025-10-15 00:00:00+05:30,303,Kalwakurthy,1340,Kalwakurthy,113,Green Chillies,113,Common,0.0,8.0,2500.0,5000.0,3750.0,0.0,0.0
2025-10-16 00:00:00+05:30,323,Gaddiannaram,2,L.B Nagar,118,Field Beans,118,Common,0.0,15.0,3000.0,4000.0,3500.0,0.0,0.0
2025-10-15 00:00:00+05:30,310,Shadnagar,1330,Shadnagar,111,Brinjal,111,Common,0.0,15.0,1200.0,1800.0,1500.0,0.0,0.0
2025-10-15 00:00:00+05:30,331,Vantimamidi,1612,Vantimamidi,114,Tomato,197,Local,0.0,164.0,1100.0,2000.0,1550.0,0.0,0.0
2025-10-16 00:00:00+05:30,325,Hyderabad,7,Meeralamandi,123,Ribbed Gourd,123,Common,0.0,4.0,3000.0,3000.0,3000.0,0.0,0.0
2025-10-16 00:00:00+05:30,325,Hyderabad,5,Mahabubmansion,62,Ginger,62,Common,0.0,459.0,1500.0,3500.0,2350.0,0.0,0.0
2025-10-16 00:00:00+05:30,325,Hyderabad,6,Madannapeta,123,Ribbed Gourd,123,Common,0.0,5.0,3000.0,3000.0,3000.0,0.0,0.0
2025-10-16 00:00:00+05:30,324,Bowenpally,3,Bowenpally,113,Green Chillies,113,Common,0.0,1679.0,1000.0,3000.0,2500.0,0.0,0.0
2025-10-17 00:00:00+05:30,324,Bowenpally,3,Bowenpally,113,Green Chillies,113,Common,0.0,1304.0,1000.0,3000.0,2500.0,0.0,0.0
2025-10-17 00:00:00+05:30,323,Gaddiannaram,1,Gaddiannaram,86,Water Melon,86,Common,0.0,1057.0,300.0,1100.0,600.0,0.0,0.0
2025-10-16 00:00:00+05:30,331,Vantimamidi,1612,Vantimamidi,114,Tomato,197,Local,0.0,105.0,1000.0,1500.0,1250.0,0.0,0.0
2025-10-16 00:00:00+05:30,367,Gudimalkapur,1571,Gudumalkapur,114,Tomato,114,Common,0.0,3128.0,600.0,2000.0,1000.0,0.0,0.0
2025-10-16 00:00:00+05:30,222,Karimnagar,1121,Karimnagar,25,Cotton,25,Common,0.0,32.0,5001.0,5651.0,5355.0,0.0,0.0
2025-10-16 00:00:00+05:30,310,Shadnagar,1330,Shadnagar,111,Brinjal,111,Common,0.0,10.0,1800.0,2500.0,2000.0,0.0,0.0
2025-10-16 00:00:00+05:30,303,Kalwakurthy,1340,Kalwakurthy,113,Green Chillies,113,Common,0.0,8.0,2000.0,4600.0,3300.0,0.0,0.0
2025-10-17 00:00:00+05:30,325,Hyderabad,6,Madannapeta,123,Ribbed Gourd,123,Common,0.0,2.0,2000.0,2000.0,2000.0,0.0,0.0
2025-10-17 00:00:00+05:30,323,Gaddiannaram,2,L.B Nagar,118,Field Beans,118,Common,0.0,20.0,3000.0,5000.0,4000.0,0.0,0.0
2025-10-17 00:00:00+05:30,303,Kalwakurthy,1340,Kalwakurthy,113,Green Chillies,113,Common,0.0,8.0,3000.0,4000.0,3500.0,0.0,0.0
2025-10-17 00:00:00+05:30,310,Shadnagar,1330,Shadnagar,111,Brinjal,111,Common,0.0,20.0,1200.0,1800.0,1500.0,0.0,0.0
2025-10-17 00:00:00+05:30,222,Karimnagar,1121,Karimnagar,25,Cotton,25,Common,0.0,30.0,5120.0,5675.0,5355.0,0.0,0.0
2025-10-17 00:00:00+05:30,279,Thirumalagiri,9,Tirmalagiri,15,Red Gram,15,Common,0.0,1.0,5450.0,5450.0,5450.0,0.0,0.0
2025-10-17 00:00:00+05:30,325,Hyderabad,5,Mahabubmansion,62,Ginger,62,Common,0.0,384.0,1500.0,3500.0,2350.0,0.0,0.0
2025-10-18 00:00:00+05:30,323,Gaddiannaram,1,Gaddiannaram,86,Water Melon,86,Common,0.0,805.0,300.0,1100.0,600.0,0.0,0.0
2025-10-17 00:00:00+05:30,331,Vantimamidi,1612,Vantimamidi,114,Tomato,197,Local,0.0,156.0,1000.0,1300.0,1150.0,0.0,0.0
2025-10-17 00:00:00+05:30,367,Gudimalkapur,1571,Gudumalkapur,114,Tomato,114,Common,0.0,2527.0,800.0,2000.0,1000.0,0.0,0.0
2025-10-18 00:00:00+05:30,324,Bowenpally,3,Bowenpally,113,Green Chillies,113,Common,0.0,1859.0,1000.0,3000.0,2500.0,0.0,0.0
2025-10-18 00:00:00+05:30,325,Hyderabad,5,Mahabubmansion,62,Ginger,62,Common,0.0,357.0,1500.0,3500.0,2350.0,0.0,0.0
2025-10-18 00:00:00+05:30,325,Hyderabad,6,Madannapeta,123,Ribbed Gourd,123,Common,0.0,12.0,3000.0,3500.0,3250.0,0.0,0.0
2025-10-18 00:00:00+05:30,323,Gaddiannaram,2,L.B Nagar,118,Field Beans,118,Common,0.0,25.0,3500.0,4500.0,4000.0,0.0,0.0
2025-10-18 00:00:00+05:30,367,Gudimalkapur,1571,Gudumalkapur,114,Tomato,114,Common,0.0,2293.0,600.0,2200.0,1000.0,0.0,0.0
2025-10-18 00:00:00+05:30,303,Kalwakurthy,1340,Kalwakurthy,113,Green Chillies,113,Common,0.0,7.0,3000.0,4000.0,3500.0,0.0,0.0
2025-10-18 00:00:00+05:30,331,Vantimamidi,1612,Vantimamidi,114,Tomato,197,Local,0.0,160.0,800.0,1000.0,900.0,0.0,0.0
2025-10-18 00:00:00+05:30,310,Shadnagar,1330,Shadnagar,111,Brinjal,111,Common,0.0,10.0,2500.0,3500.0,3000.0,0.0,0.0
2025-10-19 00:00:00+05:30,324,Bowenpally,3,Bowenpally,113,Green Chillies,113,Common,0.0,1418.0,1000.0,3000.0,2500.0,0.0,0.0
2025-10-19 00:00:00+05:30,323,Gaddiannaram,2,L.B Nagar,118,Field Beans,118,Common,0.0,20.0,3000.0,5000.0,4000.0,0.0,0.0
2025-10-19 00:00:00+05:30,325,Hyderabad,6,Madannapeta,123,Ribbed Gourd,123,Common,0.0,5.0,3000.0,3000.0,3000.0,0.0,0.0
2025-10-19 00:00:00+05:30,325,Hyderabad,7,Meeralamandi,123,Ribbed Gourd,123,Common,0.0,3.0,3500.0,3500.0,3500.0,0.0,0.0
2025-10-19 00:00:00+05:30,323,Gaddiannaram,1,Gaddiannaram,86,Water Melon,86,Common,0.0,898.0,300.0,1100.0,600.0,0.0,0.0
2025-10-19 00:00:00+05:30,367,Gudimalkapur,1571,Gudumalkapur,114,Tomato,114,Common,0.0,2392.0,400.0,2000.0,1000.0,0.0,0.0
2025-10-19 00:00:00+05:30,303,Kalwakurthy,1340,Kalwakurthy,113,Green Chillies,113,Common,0.0,9.0,3000.0,4000.0,3500.0,0.0,0.0
2025-10-19 00:00:00+05:30,331,Vantimamidi,1612,Vantimamidi,114,Tomato,197,Local,0.0,150.0,800.0,1000.0,900.0,0.0,0.0
2025-10-19 00:00:00+05:30,310,Shadnagar,1330,Shadnagar,111,Brinjal,111,Common,0.0,15.0,2500.0,3200.0,3000.0,0.0,0.0
2025-10-20 00:00:00+05:30,323,Gaddiannaram,1,Gaddiannaram,86,Water Melon,86,Common,0.0,583.0,400.0,1500.0,600.0,0.0,0.0
2025-10-20 00:00:00+05:30,323,Gaddiannaram,2,L.B Nagar,118,Field Beans,118,Common,0.0,13.0,4000.0,5000.0,4500.0,0.0,0.0
2025-10-20 00:00:00+05:30,325,Hyderabad,6,Madannapeta,123,Ribbed Gourd,123,Common,0.0,18.0,2000.0,3000.0,2500.0,0.0,0.0
2025-10-20 00:00:00+05:30,324,Bowenpally,3,Bowenpally,113,Green Chillies,113,Common,0.0,1597.0,1000.0,3000.0,2500.0,0.0,0.0
2025-10-20 00:00:00+05:30,303,Kalwakurthy,1340,Kalwakurthy,113,Green Chillies,113,Common,0.0,9.0,3000.0,4500.0,3750.0,0.0,0.0
2025-10-21 00:00:00+05:30,323,Gaddiannaram,1,Gaddiannaram,86,Water Melon,86,Common,0.0,590.0,400.0,1300.0,600.0,0.0,0.0
2025-10-20 00:00:00+05:30,367,Gudimalkapur,1571,Gudumalkapur,114,Tomato,114,Common,0.0,2848.0,400.0,2200.0,1000.0,0.0,0.0
2025-10-20 00:00:00+05:30,310,Shadnagar,1330,Shadnagar,111,Brinjal,111,Common,0.0,15.0,2500.0,3200.0,2800.0,0.0,0.0
2025-10-20 00:00:00+05:30,325,Hyderabad,5,Mahabubmansion,62,Ginger,62,Common,0.0,270.0,1500.0,3500.0,2350.0,0.0,0.0
2025-10-21 00:00:00+05:30,303,Kalwakurthy,1340,Kalwakurthy,113,Green Chillies,113,Common,0.0,8.0,2000.0,4200.0,3100.0,0.0,0.0
2025-10-21 00:00:00+05:30,331,Vantimamidi,1612,Vantimamidi,114,Tomato,197,Local,0.0,270.0,800.0,1000.0,900.0,0.0,0.0
2025-10-21 00:00:00+05:30,310,Shadnagar,1330,Shadnagar,111,Brinjal,111,Common,0.0,10.0,2500.0,3500.0,3500.0,0.0,0.0
2025-10-22 00:00:00+05:30,324,Bowenpally,3,Bowenpally,113,Green Chillies,113,Common,0.0,1336.0,1000.0,3000.0,2500.0,0.0,0.0
2025-10-22 00:00:00+05:30,325,Hyderabad,7,Meeralamandi,123,Ribbed Gourd,123,Common,0.0,3.0,3000.0,4000.0,3500.0,0.0,0.0
2025-10-22 00:00:00+05:30,325,Hyderabad,6,Madannapeta,123,Ribbed Gourd,123,Common,0.0,25.0,2000.0,3000.0,2500.0,0.0,0.0
2025-10-22 00:00:00+05:30,323,Gaddiannaram,1,Gaddiannaram,86,Water Melon,86,Common,0.0,360.0,400.0,1300.0,600.0,0.0,0.0
2025-10-22 00:00:00+05:30,325,Hyderabad,5,Mahabubmansion,62,Ginger,62,Common,0.0,624.0,1500.0,6000.0,3566.0,0.0,0.0
2025-10-22 00:00:00+05:30,323,Gaddiannaram,2,L.B Nagar,118,Field Beans,118,Common,0.0,15.0,3500.0,4500.0,4000.0,0.0,0.0
2025-10-22 00:00:00+05:30,310,Shadnagar,1330,Shadnagar,111,Brinjal,111,Common,0.0,18.0,1600.0,2000.0,1800.0,0.0,0.0
2025-10-22 00:00:00+05:30,222,Karimnagar,1121,Karimnagar,25,Cotton,25,Common,0.0,2.0,5400.0,5500.0,5500.0,0.0,0.0
2025-10-22 00:00:00+05:30,331,Vantimamidi,1612,Vantimamidi,114,Tomato,197,Local,0.0,188.0,1000.0,1500.0,1250.0,0.0,0.0
2025-10-23 00:00:00+05:30,323,Gaddiannaram,2,L.B Nagar,118,Field Beans,118,Common,0.0,20.0,3500.0,4500.0,4000.0,0.0,0.0
2025-10-22 00:00:00+05:30,367,Gudimalkapur,1571,Gudumalkapur,114,Tomato,114,Common,0.0,2421.0,600.0,2000.0,1000.0,0.0,0.0
2025-10-22 00:00:00+05:30,300,Badepally,1327,Badepally,30,Groundnut pods,30,Common,0.0,24.0,4331.0,4331.0,4331.0,0.0,0.0
2025-10-22 00:00:00+05:30,303,Kalwakurthy,1340,Kalwakurthy,113,Green Chillies,113,Common,0.0,9.0,2000.0,3500.0,2750.0,0.0,0.0
2025-10-23 00:00:00+05:30,246,Warangal,886,Warangal,17,Black Gram,17,Common,0.0,3.58,6602.0,6602.0,6602.0,0.0,0.0
2025-10-23 00:00:00+05:30,323,Gaddiannaram,1,Gaddiannaram,86,Water Melon,86,Common,0.0,665.0,400.0,1300.0,600.0,0.0,0.0
2025-10-23 00:00:00+05:30,325,Hyderabad,5,Mahabubmansion,62,Ginger,62,Common,0.0,390.0,2500.0,5500.0,4000.0,0.0,0.0
2025-10-23 00:00:00+05:30,325,Hyderabad,6,Madannapeta,123,Ribbed Gourd,123,Common,0.0,24.0,2000.0,3000.0,2500.0,0.0,0.0
2025-10-23 00:00:00+05:30,324,Bowenpally,3,Bowenpally,113,Green Chillies,113,Common,0.0,1336.0,1000.0,3000.0,2500.0,0.0,0.0
2025-10-23 00:00:00+05:30,367,Gudimalkapur,1571,Gudumalkapur,114,Tomato,114,Common,0.0,2014.0,800.0,3200.0,1600.0,0.0,0.0
2025-10-23 00:00:00+05:30,300,Badepally,1327,Badepally,30,Groundnut pods,30,Common,0.0,23.0,4029.0,5061.0,4031.0,0.0,0.0
2025-10-23 00:00:00+05:30,303,Kalwakurthy,1340,Kalwakurthy,113,Green Chillies,113,Common,0.0,11.0,1000.0,3000.0,2000.0,0.0,0.0
2025-10-23 00:00:00+05:30,310,Shadnagar,1330,Shadnagar,111,Brinjal,111,Common,0.0,10.0,1200.0,1800.0,1500.0,0.0,0.0
2025-10-23 00:00:00+05:30,241,Mahabubabad,1177,Mahabubabad,30,Groundnut pods,30,Common,0.0,4.0,4620.0,4720.0,4720.0,0.0,0.0
2025-10-23 00:00:00+05:30,222,Karimnagar,1121,Karimnagar,25,Cotton,25,Common,0.0,6.0,5400.0,5851.0,5751.0,0.0,0.0
2025-10-24 00:00:00+05:30,323,Gaddiannaram,1,Gaddiannaram,86,Water Melon,86,Common,0.0,390.0,400.0,1300.0,600.0,0.0,0.0
2025-10-23 00:00:00+05:30,331,Vantimamidi,1612,Vantimamidi,114,Tomato,197,Local,0.0,138.0,800.0,1200.0,1000.0,0.0,0.0
2025-10-24 00:00:00+05:30,324,Bowenpally,3,Bowenpally,113,Green Chillies,113,Common,0.0,1559.0,1000.0,2800.0,2500.0,0.0,0.0
2025-10-24 00:00:00+05:30,323,Gaddiannaram,2,L.B Nagar,118,Field Beans,118,Common,0.0,17.0,4000.0,6000.0,5000.0,0.0,0.0
2025-10-24 00:00:00+05:30,325,Hyderabad,6,Madannapeta,123,Ribbed Gourd,123,Common,0.0,16.0,2000.0,3000.0,2500.0,0.0,0.0
2025-10-24 00:00:00+05:30,310,Shadnagar,1330,Shadnagar,111,Brinjal,111,Common,0.0,25.0,2200.0,2800.0,2500.0,0.0,0.0
2025-10-24 00:00:00+05:30,222,Karimnagar,1121,Karimnagar,25,Cotton,25,Common,0.0,29.0,5200.0,6000.0,5550.0,0.0,0.0
2025-10-24 00:00:00+05:30,325,Hyderabad,5,Mahabubmansion,62,Ginger,62,Common,0.0,297.0,2500.0,5500.0,4000.0,0.0,0.0
2025-10-24 00:00:00+05:30,367,Gudimalkapur,1571,Gudumalkapur,114,Tomato,114,Common,0.0,2803.0,800.0,3200.0,1200.0,0.0,0.0
2025-10-24 00:00:00+05:30,331,Vantimamidi,1612,Vantimamidi,114,Tomato,197,Local,0.0,148.0,1000.0,1200.0,1100.0,0.0,0.0
2025-10-25 00:00:00+05:30,323,Gaddiannaram,1,Gaddiannaram,86,Water Melon,86,Common,0.0,724.0,400.0,1300.0,600.0,0.0,0.0
2025-10-24 00:00:00+05:30,303,Kalwakurthy,1340,Kalwakurthy,113,Green Chillies,113,Common,0.0,7.0,2000.0,3000.0,2500.0,0.0,0.0
2025-10-25 00:00:00+05:30,324,Bowenpally,3,Bowenpally,113,Green Chillies,113,Common,0.0,1712.0,1000.0,2500.0,1800.0,0.0,0.0
2025-10-25 00:00:00+05:30,325,Hyderabad,6,Madannapeta,123,Ribbed Gourd,123,Common,0.0,13.0,2500.0,3000.0,2750.0,0.0,0.0
2025-10-25 00:00:00+05:30,323,Gaddiannaram,2,L.B Nagar,118,Field Beans,118,Common,0.0,21.0,4000.0,5000.0,4500.0,0.0,0.0
2025-10-25 00:00:00+05:30,325,Hyderabad,7,Meeralamandi,123,Ribbed Gourd,123,Common,0.0,4.0,3000.0,3000.0,3000.0,0.0,0.0
2025-10-25 00:00:00+05:30,325,Hyderabad,5,Mahabubmansion,62,Ginger,62,Common,0.0,228.0,2500.0,5500.0,4000.0,0.0,0.0
2025-10-25 00:00:00+05:30,320,Tandur,37,Tandur,75,Soyabean,214,Yellow,0.0,740.0,3159.0,4230.0,4221.0,0.0,0.0
2025-10-25 00:00:00+05:30,331,Vantimamidi,1612,Vantimamidi,114,Tomato,197,Local,0.0,240.0,1000.0,1500.0,1250.0,0.0,0.0
2025-10-25 00:00:00+05:30,367,Gudimalkapur,1571,Gudumalkapur,114,Tomato,114,Common,0.0,3421.0,600.0,2200.0,1000.0,0.0,0.0
2025-10-25 00:00:00+05:30,310,Shadnagar,1330,Shadnagar,111,Brinjal,111,Common,0.0,15.0,2500.0,3000.0,2800.0,0.0,0.0
2025-10-25 00:00:00+05:30,303,Kalwakurthy,1340,Kalwakurthy,113,Green Chillies,113,Common,0.0,7.0,2000.0,4000.0,3000.0,0.0,0.0
2025-10-26 00:00:00+05:30,324,Bowenpally,3,Bowenpally,113,Green Chillies,113,Common,0.0,2200.0,1000.0,2000.0,1800.0,0.0,0.0
2025-10-26 00:00:00+05:30,325,Hyderabad,6,Madannapeta,123,Ribbed Gourd,123,Common,0.0,10.0,2000.0,3000.0,2500.0,0.0,0.0
2025-10-26 00:00:00+05:30,323,Gaddiannaram,2,L.B Nagar,118,Field Beans,118,Common,0.0,20.0,4000.0,5000.0,4500.0,0.0,0.0
2025-10-26 00:00:00+05:30,325,Hyderabad,7,Meeralamandi,123,Ribbed Gourd,123,Common,0.0,4.0,3000.0,3200.0,3100.0,0.0,0.0
2025-10-26 00:00:00+05:30,323,Gaddiannaram,1,Gaddiannaram,86,Water Melon,86,Common,0.0,1570.0,400.0,1300.0,600.0,0.0,0.0
2025-10-26 00:00:00+05:30,367,Gudimalkapur,1571,Gudumalkapur,114,Tomato,114,Common,0.0,2797.0,600.0,2400.0,1200.0,0.0,0.0
2025-10-26 00:00:00+05:30,303,Kalwakurthy,1340,Kalwakurthy,113,Green Chillies,113,Common,0.0,7.0,2000.0,3500.0,2750.0,0.0,0.0
2025-10-26 00:00:00+05:30,310,Shadnagar,1330,Shadnagar,111,Brinjal,111,Common,0.0,20.0,1800.0,2500.0,2200.0,0.0,0.0
2025-10-27 00:00:00+05:30,324,Bowenpally,3,Bowenpally,113,Green Chillies,113,Common,0.0,1569.0,1000.0,3000.0,2500.0,0.0,0.0
2025-10-27 00:00:00+05:30,323,Gaddiannaram,1,Gaddiannaram,86,Water Melon,86,Common,0.0,1463.0,500.0,1500.0,800.0,0.0,0.0
2025-10-27 00:00:00+05:30,323,Gaddiannaram,2,L.B Nagar,118,Field Beans,118,Common,0.0,16.0,3000.0,5000.0,4500.0,0.0,0.0
2025-10-27 00:00:00+05:30,325,Hyderabad,6,Madannapeta,123,Ribbed Gourd,123,Common,0.0,5.0,2000.0,2000.0,2000.0,0.0,0.0
2025-10-26 00:00:00+05:30,331,Vantimamidi,1612,Vantimamidi,114,Tomato,197,Local,0.0,250.0,1000.0,1800.0,1400.0,0.0,0.0
2025-10-27 00:00:00+05:30,325,Hyderabad,5,Mahabubmansion,62,Ginger,62,Common,0.0,471.0,2500.0,5500.0,4000.0,0.0,0.0
2025-10-27 00:00:00+05:30,320,Tandur,37,Tandur,75,Soyabean,214,Yellow,0.0,893.0,3204.0,4305.0,4305.0,0.0,0.0
2025-10-27 00:00:00+05:30,222,Karimnagar,1121,Karimnagar,25,Cotton,25,Common,0.0,26.0,5850.0,6100.0,6000.0,0.0,0.0
2025-10-27 00:00:00+05:30,367,Gudimalkapur,1571,Gudumalkapur,114,Tomato,114,Common,0.0,2206.0,600.0,2200.0,1200.0,0.0,0.0
2025-10-27 00:00:00+05:30,303,Kalwakurthy,1340,Kalwakurthy,113,Green Chillies,113,Common,0.0,9.0,1800.0,3500.0,2650.0,0.0,0.0
2025-10-27 00:00:00+05:30,310,Shadnagar,1330,Shadnagar,111,Brinjal,111,Common,0.0,25.0,1800.0,2500.0,2000.0,0.0,0.0
2025-10-27 00:00:00+05:30,300,Badepally,1327,Badepally,30,Groundnut pods,30,Common,0.0,2.0,3309.0,3309.0,3309.0,0.0,0.0
2025-10-28 00:00:00+05:30,324,Bowenpally,3,Bowenpally,113,Green Chillies,113,Common,0.0,1277.0,1000.0,2500.0,2000.0,0.0,0.0
2025-10-28 00:00:00+05:30,323,Gaddiannaram,1,Gaddiannaram,86,Water Melon,86,Common,0.0,1705.0,500.0,2000.0,800.0,0.0,0.0
2025-10-28 00:00:00+05:30,323,Gaddiannaram,2,L.B Nagar,118,Field Beans,118,Common,0.0,20.0,3500.0,4500.0,4000.0,0.0,0.0
2025-10-27 00:00:00+05:30,331,Vantimamidi,1612,Vantimamidi,114,Tomato,197,Local,0.0,160.0,1000.0,1500.0,1250.0,0.0,0.0
2025-10-28 00:00:00+05:30,325,Hyderabad,5,Mahabubmansion,62,Ginger,62,Common,0.0,489.0,2500.0,5500.0,4000.0,0.0,0.0
2025-10-28 00:00:00+05:30,325,Hyderabad,6,Madannapeta,123,Ribbed Gourd,123,Common,0.0,17.0,2000.0,2500.0,2250.0,0.0,0.0
2025-10-28 00:00:00+05:30,222,Karimnagar,1121,Karimnagar,25,Cotton,25,Common,0.0,50.0,5100.0,6200.0,6100.0,0.0,0.0
2025-10-28 00:00:00+05:30,320,Tandur,37,Tandur,75,Soyabean,214,Yellow,0.0,362.0,4055.0,4311.0,4311.0,0.0,0.0
2025-10-28 00:00:00+05:30,310,Shadnagar,1330,Shadnagar,111,Brinjal,111,Common,0.0,20.0,1800.0,2500.0,2000.0,0.0,0.0
2025-10-28 00:00:00+05:30,303,Kalwakurthy,1340,Kalwakurthy,113,Green Chillies,113,Common,0.0,7.0,2500.0,3000.0,2750.0,0.0,0.0
2025-10-28 00:00:00+05:30,367,Gudimalkapur,1571,Gudumalkapur,114,Tomato,114,Common,0.0,2241.0,800.0,2800.0,1400.0,0.0,0.0
2025-10-28 00:00:00+05:30,331,Vantimamidi,1612,Vantimamidi,114,Tomato,197,Local,0.0,134.0,1000.0,1400.0,1200.0,0.0,0.0
2025-10-29 00:00:00+05:30,323,Gaddiannaram,2,L.B Nagar,118,Field Beans,118,Common,0.0,15.0,4000.0,4500.0,4200.0,0.0,0.0
2025-10-29 00:00:00+05:30,325,Hyderabad,6,Madannapeta,123,Ribbed Gourd,123,Common,0.0,8.0,2000.0,2000.0,2000.0,0.0,0.0
2025-10-29 00:00:00+05:30,323,Gaddiannaram,1,Gaddiannaram,86,Water Melon,86,Common,0.0,140.0,500.0,1500.0,700.0,0.0,0.0
2025-10-29 00:00:00+05:30,325,Hyderabad,5,Mahabubmansion,62,Ginger,62,Common,0.0,258.0,2000.0,5000.0,3500.0,0.0,0.0
2025-10-29 00:00:00+05:30,324,Bowenpally,3,Bowenpally,113,Green Chillies,113,Common,0.0,743.0,1000.0,3000.0,2500.0,0.0,0.0
2025-10-29 00:00:00+05:30,367,Gudimalkapur,1571,Gudumalkapur,114,Tomato,114,Common,0.0,3392.0,600.0,2800.0,1200.0,0.0,0.0
2025-10-29 00:00:00+05:30,222,Karimnagar,1121,Karimnagar,25,Cotton,25,Common,0.0,39.0,5200.0,6225.0,6100.0,0.0,0.0
2025-10-29 00:00:00+05:30,310,Shadnagar,1330,Shadnagar,111,Brinjal,111,Common,0.0,20.0,1800.0,2500.0,2200.0,0.0,0.0
2025-10-29 00:00:00+05:30,331,Vantimamidi,1612,Vantimamidi,114,Tomato,197,Local,0.0,110.0,1000.0,1200.0,1100.0,0.0,0.0
2025-10-30 00:00:00+05:30,323,Gaddiannaram,2,L.B Nagar,118,Field Beans,118,Common,0.0,20.0,4000.0,6000.0,5000.0,0.0,0.0
2025-10-28 00:00:00+05:30,300,Badepally,1327,Badepally,30,Groundnut pods,30,Common,0.0,3.0,3509.0,3509.0,3509.0,0.0,0.0
2025-10-29 00:00:00+05:30,320,Tandur,37,Tandur,75,Soyabean,214,Yellow,0.0,80.0,4005.0,4320.0,4320.0,0.0,0.0
2025-10-30 00:00:00+05:30,323,Gaddiannaram,1,Gaddiannaram,86,Water Melon,86,Common,0.0,335.0,500.0,1200.0,700.0,0.0,0.0
2025-10-30 00:00:00+05:30,325,Hyderabad,5,Mahabubmansion,62,Ginger,62,Common,0.0,294.0,2000.0,5000.0,3500.0,0.0,0.0
2025-10-30 00:00:00+05:30,325,Hyderabad,6,Madannapeta,123,Ribbed Gourd,123,Common,0.0,25.0,2000.0,3000.0,2500.0,0.0,0.0
2025-10-30 00:00:00+05:30,324,Bowenpally,3,Bowenpally,113,Green Chillies,113,Common,0.0,1386.0,1000.0,2500.0,2000.0,0.0,0.0
2025-10-30 00:00:00+05:30,325,Hyderabad,7,Meeralamandi,123,Ribbed Gourd,123,Common,0.0,3.0,3000.0,4000.0,3500.0,0.0,0.0
2025-10-29 00:00:00+05:30,303,Kalwakurthy,1340,Kalwakurthy,113,Green Chillies,113,Common,0.0,5.0,2500.0,3500.0,3000.0,0.0,0.0
2025-10-30 00:00:00+05:30,320,Tandur,37,Tandur,75,Soyabean,214,Yellow,0.0,236.0,3950.0,4335.0,4335.0,0.0,0.0
2025-10-30 00:00:00+05:30,222,Karimnagar,1121,Karimnagar,25,Cotton,25,Common,0.0,4.0,6100.0,6100.0,6100.0,0.0,0.0
2025-10-30 00:00:00+05:30,300,Badepally,1327,Badepally,30,Groundnut pods,30,Common,0.0,12.0,4816.0,4816.0,4816.0,0.0,0.0
2025-10-31 00:00:00+05:30,323,Gaddiannaram,1,Gaddiannaram,86,Water Melon,86,Common,0.0,325.0,500.0,2000.0,800.0,0.0,0.0
2025-10-30 00:00:00+05:30,331,Vantimamidi,1612,Vantimamidi,114,Tomato,197,Local,0.0,113.0,1000.0,1200.0,1100.0,0.0,0.0
2025-10-30 00:00:00+05:30,367,Gudimalkapur,1571,Gudumalkapur,114,Tomato,114,Common,0.0,1942.0,400.0,2400.0,1200.0,0.0,0.0
2025-10-30 00:00:00+05:30,303,Kalwakurthy,1340,Kalwakurthy,113,Green Chillies,113,Common,0.0,6.0,2500.0,5000.0,3750.0,0.0,0.0
2025-10-30 00:00:00+05:30,310,Shadnagar,1330,Shadnagar,111,Brinjal,111,Common,0.0,15.0,1800.0,2500.0,2000.0,0.0,0.0
2025-10-31 00:00:00+05:30,324,Bowenpally,3,Bowenpally,113,Green Chillies,113,Common,0.0,1335.0,1000.0,2500.0,2000.0,0.0,0.0
2025-10-31 00:00:00+05:30,325,Hyderabad,6,Madannapeta,123,Ribbed Gourd,123,Common,0.0,12.0,2000.0,3000.0,2500.0,0.0,0.0
2025-10-31 00:00:00+05:30,323,Gaddiannaram,2,L.B Nagar,118,Field Beans,118,Common,0.0,29.0,3000.0,5000.0,4000.0,0.0,0.0
2025-10-31 00:00:00+05:30,331,Vantimamidi,1612,Vantimamidi,114,Tomato,197,Local,0.0,166.0,1200.0,2000.0,1600.0,0.0,0.0
2025-10-31 00:00:00+05:30,367,Gudimalkapur,1571,Gudumalkapur,114,Tomato,114,Common,0.0,3120.0,600.0,2200.0,1200.0,0.0,0.0
2025-10-31 00:00:00+05:30,303,Kalwakurthy,1340,Kalwakurthy,113,Green Chillies,113,Common,0.0,12.0,2000.0,3500.0,2750.0,0.0,0.0
2025-10-31 00:00:00+05:30,222,Karimnagar,1121,Karimnagar,25,Cotton,25,Common,0.0,8.0,5751.0,6001.0,5951.0,0.0,0.0
2025-10-31 00:00:00+05:30,310,Shadnagar,1330,Shadnagar,111,Brinjal,111,Common,0.0,20.0,1600.0,2000.0,1800.0,0.0,0.0
2025-10-31 00:00:00+05:30,325,Hyderabad,5,Mahabubmansion,62,Ginger,62,Common,0.0,279.0,2000.0,5000.0,2500.0,0.0,0.0
2025-10-31 00:00:00+05:30,320,Tandur,37,Tandur,75,Soyabean,214,Yellow,0.0,72.0,3321.0,4329.0,4329.0,0.0,0.0
2025-10-31 00:00:00+05:30,278,Suryapet,1091,Suryapet,22,Cowpea,22,Common,0.0,1.0,3628.0,3628.0,3628.0,0.0,0.0
2025-10-28 00:00:00+05:30,323,Gaddiannaram,2,L.B Nagar,121,Snake Gourd,121,Common,0.0,2.0,2000.0,2000.0,2000.0,0.0,0.0
2025-10-28 00:00:00+05:30,323,Gaddiannaram,1,Gaddiannaram,87,Pine apple,87,Common,0.0,395.0,400.0,4300.0,800.0,0.0,0.0
2025-10-28 00:00:00+05:30,324,Bowenpally,3,Bowenpally,114,Tomato,198,Hybrid,0.0,3757.0,400.0,2400.0,1800.0,0.0,0.0
2025-10-27 00:00:00+05:30,300,Badepally,1327,Badepally,31,Castor,31,Common,0.0,5.0,5252.0,5252.0,5252.0,0.0,0.0
2025-10-27 00:00:00+05:30,310,Shadnagar,1330,Shadnagar,112,Ladys Finger,112,Common,0.0,20.0,2500.0,3500.0,3000.0,0.0,0.0
2025-10-27 00:00:00+05:30,303,Kalwakurthy,1340,Kalwakurthy,114,Tomato,197,Local,0.0,36.0,1000.0,2400.0,1700.0,0.0,0.0
2025-10-27 00:00:00+05:30,188,Bhainsa,11,Bhainsa,75,Soyabean,214,Yellow,0.0,2532.4,1585.0,4336.0,4289.0,0.0,0.0
2025-10-27 00:00:00+05:30,325,Hyderabad,5,Mahabubmansion,68,Tamarind,221,No.I,0.0,10.0,10000.0,13000.0,11000.0,0.0,0.0
2025-10-27 00:00:00+05:30,325,Hyderabad,6,Madannapeta,125,Bitter Gourd,125,Common,0.0,13.0,2000.0,3000.0,2500.0,0.0,0.0
2025-10-27 00:00:00+05:30,323,Gaddiannaram,2,L.B Nagar,121,Snake Gourd,121,Common,0.0,2.0,2000.0,2000.0,2000.0,0.0,0.0
2025-10-27 00:00:00+05:30,323,Gaddiannaram,1,Gaddiannaram,87,Pine apple,87,Common,0.0,687.0,480.0,4400.0,800.0,0.0,0.0
2025-10-27 00:00:00+05:30,324,Bowenpally,3,Bowenpally,114,Tomato,198,Hybrid,0.0,2623.0,400.0,2800.0,2000.0,0.0,0.0
2025-10-26 00:00:00+05:30,310,Shadnagar,1330,Shadnagar,112,Ladys Finger,112,Common,0.0,25.0,3000.0,3800.0,3500.0,0.0,0.0
2025-10-26 00:00:00+05:30,303,Kalwakurthy,1340,Kalwakurthy,114,Tomato,197,Local,0.0,47.0,1000.0,2400.0,1700.0,0.0,0.0
2025-10-26 00:00:00+05:30,323,Gaddiannaram,1,Gaddiannaram,87,Pine apple,87,Common,0.0,485.0,480.0,4000.0,800.0,0.0,0.0
2025-10-26 00:00:00+05:30,323,Gaddiannaram,2,L.B Nagar,121,Snake Gourd,121,Common,0.0,2.0,2000.0,2000.0,2000.0,0.0,0.0
2025-10-25 00:00:00+05:30,303,Kalwakurthy,1340,Kalwakurthy,114,Tomato,197,Local,0.0,25.0,1500.0,3000.0,2250.0,0.0,0.0
2025-10-25 00:00:00+05:30,310,Shadnagar,1330,Shadnagar,112,Ladys Finger,112,Common,0.0,20.0,3000.0,3800.0,3500.0,0.0,0.0
2025-10-25 00:00:00+05:30,325,Hyderabad,5,Mahabubmansion,68,Tamarind,221,No.I,0.0,13.0,10000.0,13000.0,11000.0,0.0,0.0
2025-10-25 00:00:00+05:30,323,Gaddiannaram,2,L.B Nagar,121,Snake Gourd,121,Common,0.0,4.0,2000.0,2000.0,2000.0,0.0,0.0
2025-10-25 00:00:00+05:30,325,Hyderabad,6,Madannapeta,125,Bitter Gourd,125,Common,0.0,16.0,2500.0,3000.0,2750.0,0.0,0.0
2025-10-25 00:00:00+05:30,324,Bowenpally,3,Bowenpally,114,Tomato,198,Hybrid,0.0,4864.0,400.0,2000.0,1500.0,0.0,0.0
2025-10-24 00:00:00+05:30,303,Kalwakurthy,1340,Kalwakurthy,114,Tomato,197,Local,0.0,24.0,1600.0,2700.0,2150.0,0.0,0.0
2025-10-25 00:00:00+05:30,323,Gaddiannaram,1,Gaddiannaram,87,Pine apple,87,Common,0.0,394.0,480.0,4000.0,800.0,0.0,0.0
2025-10-24 00:00:00+05:30,325,Hyderabad,5,Mahabubmansion,68,Tamarind,221,No.I,0.0,56.0,9500.0,13000.0,10000.0,0.0,0.0
2025-10-24 00:00:00+05:30,188,Bhainsa,11,Bhainsa,75,Soyabean,214,Yellow,0.0,5024.63,1789.0,4289.0,4248.0,0.0,0.0
2025-10-24 00:00:00+05:30,279,Thirumalagiri,9,Tirmalagiri,16,Green Gram,16,Common,0.0,3.0,4100.0,4100.0,4100.0,0.0,0.0
2025-10-24 00:00:00+05:30,310,Shadnagar,1330,Shadnagar,112,Ladys Finger,112,Common,0.0,20.0,3500.0,4500.0,3800.0,0.0,0.0
2025-10-24 00:00:00+05:30,241,Mahabubabad,1177,Mahabubabad,54,Chillies(Dry),250,Teja,0.0,705.0,8800.0,14699.0,14399.0,0.0,0.0
2025-10-24 00:00:00+05:30,325,Hyderabad,6,Madannapeta,125,Bitter Gourd,125,Common,0.0,15.0,3000.0,3000.0,3000.0,0.0,0.0
2025-10-24 00:00:00+05:30,323,Gaddiannaram,2,L.B Nagar,121,Snake Gourd,121,Common,0.0,2.0,2000.0,2000.0,2000.0,0.0,0.0
2025-10-24 00:00:00+05:30,324,Bowenpally,3,Bowenpally,114,Tomato,198,Hybrid,0.0,3637.0,800.0,2800.0,2200.0,0.0,0.0
2025-10-24 00:00:00+05:30,323,Gaddiannaram,1,Gaddiannaram,87,Pine apple,87,Common,0.0,713.0,480.0,4000.0,800.0,0.0,0.0
2025-10-23 00:00:00+05:30,310,Shadnagar,1330,Shadnagar,112,Ladys Finger,112,Common,0.0,15.0,2500.0,3500.0,3000.0,0.0,0.0
2025-10-23 00:00:00+05:30,303,Kalwakurthy,1340,Kalwakurthy,114,Tomato,197,Local,0.0,35.0,1000.0,1600.0,1300.0,0.0,0.0
2025-10-23 00:00:00+05:30,324,Bowenpally,3,Bowenpally,114,Tomato,198,Hybrid,0.0,2974.0,400.0,7500.0,1500.0,0.0,0.0
2025-10-23 00:00:00+05:30,325,Hyderabad,6,Madannapeta,125,Bitter Gourd,125,Common,0.0,10.0,3000.0,3500.0,3250.0,0.0,0.0
2025-10-23 00:00:00+05:30,325,Hyderabad,5,Mahabubmansion,68,Tamarind,221,No.I,0.0,28.0,10000.0,13000.0,11000.0,0.0,0.0
2025-10-23 00:00:00+05:30,323,Gaddiannaram,1,Gaddiannaram,87,Pine apple,87,Common,0.0,375.0,480.0,4000.0,800.0,0.0,0.0
2025-10-23 00:00:00+05:30,279,Thirumalagiri,9,Tirmalagiri,16,Green Gram,16,Common,0.0,7.0,4309.0,5100.0,4500.0,0.0,0.0
2025-10-23 00:00:00+05:30,188,Bhainsa,11,Bhainsa,75,Soyabean,214,Yellow,0.0,5995.51,2315.0,4301.0,4259.0,0.0,0.0
2025-10-23 00:00:00+05:30,320,Tandur,37,Tandur,168,Cattle(All),168,Common,0.0,19.0,15000.0,50000.0,30000.0,0.0,0.0
2025-10-22 00:00:00+05:30,303,Kalwakurthy,1340,Kalwakurthy,114,Tomato,197,Local,0.0,36.0,1000.0,1800.0,1400.0,0.0,0.0
2025-10-23 00:00:00+05:30,323,Gaddiannaram,2,L.B Nagar,121,Snake Gourd,121,Common,0.0,2.0,2000.0,2000.0,2000.0,0.0,0.0
2025-10-22 00:00:00+05:30,310,Shadnagar,1330,Shadnagar,112,Ladys Finger,112,Common,0.0,15.0,2500.0,3500.0,3000.0,0.0,0.0
2025-10-22 00:00:00+05:30,323,Gaddiannaram,2,L.B Nagar,121,Snake Gourd,121,Common,0.0,2.0,2000.0,2000.0,2000.0,0.0,0.0
2025-10-22 00:00:00+05:30,325,Hyderabad,5,Mahabubmansion,68,Tamarind,221,No.I,0.0,59.0,10000.0,13500.0,11000.0,0.0,0.0
2025-10-22 00:00:00+05:30,323,Gaddiannaram,1,Gaddiannaram,87,Pine apple,87,Common,0.0,265.0,480.0,4400.0,800.0,0.0,0.0
2025-10-22 00:00:00+05:30,325,Hyderabad,6,Madannapeta,125,Bitter Gourd,125,Common,0.0,4.0,3000.0,3500.0,3250.0,0.0,0.0
2025-10-22 00:00:00+05:30,188,Bhainsa,11,Bhainsa,75,Soyabean,214,Yellow,0.0,2805.11,3131.0,4311.0,4279.0,0.0,0.0
2025-10-22 00:00:00+05:30,324,Bowenpally,3,Bowenpally,114,Tomato,198,Hybrid,0.0,2974.0,400.0,2000.0,1500.0,0.0,0.0
2025-10-21 00:00:00+05:30,310,Shadnagar,1330,Shadnagar,112,Ladys Finger,112,Common,0.0,12.0,3500.0,4500.0,3800.0,0.0,0.0
2025-10-21 00:00:00+05:30,303,Kalwakurthy,1340,Kalwakurthy,114,Tomato,197,Local,0.0,33.0,1000.0,1600.0,1300.0,0.0,0.0
2025-10-20 00:00:00+05:30,325,Hyderabad,5,Mahabubmansion,68,Tamarind,221,No.I,0.0,38.0,9500.0,11000.0,10000.0,0.0,0.0
2025-10-20 00:00:00+05:30,310,Shadnagar,1330,Shadnagar,112,Ladys Finger,112,Common,0.0,10.0,3000.0,3500.0,3200.0,0.0,0.0
2025-10-21 00:00:00+05:30,323,Gaddiannaram,1,Gaddiannaram,87,Pine apple,87,Common,0.0,290.0,480.0,4400.0,800.0,0.0,0.0
2025-10-20 00:00:00+05:30,303,Kalwakurthy,1340,Kalwakurthy,114,Tomato,197,Local,0.0,32.0,1000.0,1900.0,1450.0,0.0,0.0
2025-10-20 00:00:00+05:30,325,Hyderabad,6,Madannapeta,125,Bitter Gourd,125,Common,0.0,7.0,3000.0,3000.0,3000.0,0.0,0.0
2025-10-20 00:00:00+05:30,323,Gaddiannaram,2,L.B Nagar,121,Snake Gourd,121,Common,0.0,2.0,2000.0,2000.0,2000.0,0.0,0.0
2025-10-20 00:00:00+05:30,323,Gaddiannaram,1,Gaddiannaram,87,Pine apple,87,Common,0.0,275.0,480.0,4400.0,800.0,0.0,0.0
2025-10-19 00:00:00+05:30,310,Shadnagar,1330,Shadnagar,112,Ladys Finger,112,Common,0.0,10.0,2500.0,3500.0,3000.0,0.0,0.0
2025-10-19 00:00:00+05:30,303,Kalwakurthy,1340,Kalwakurthy,114,Tomato,197,Local,0.0,51.0,800.0,1800.0,1300.0,0.0,0.0
2025-10-19 00:00:00+05:30,323,Gaddiannaram,1,Gaddiannaram,87,Pine apple,87,Common,0.0,180.0,480.0,4400.0,800.0,0.0,0.0
2025-10-19 00:00:00+05:30,325,Hyderabad,6,Madannapeta,125,Bitter Gourd,125,Common,0.0,22.0,2500.0,3000.0,2750.0,0.0,0.0
2025-10-19 00:00:00+05:30,323,Gaddiannaram,2,L.B Nagar,121,Snake Gourd,121,Common,0.0,2.0,2000.0,2000.0,2000.0,0.0,0.0
2025-10-18 00:00:00+05:30,310,Shadnagar,1330,Shadnagar,112,Ladys Finger,112,Common,0.0,15.0,2500.0,3500.0,3000.0,0.0,0.0
2025-10-18 00:00:00+05:30,212,Choppadandi,1123,Choppadandi,16,Green Gram,16,Common,0.0,2.0,4141.0,4141.0,4141.0,0.0,0.0
2025-10-18 00:00:00+05:30,303,Kalwakurthy,1340,Kalwakurthy,114,Tomato,197,Local,0.0,50.0,800.0,1600.0,1200.0,0.0,0.0
2025-10-18 00:00:00+05:30,323,Gaddiannaram,2,L.B Nagar,121,Snake Gourd,121,Common,0.0,2.0,2000.0,2000.0,2000.0,0.0,0.0
2025-10-18 00:00:00+05:30,325,Hyderabad,6,Madannapeta,125,Bitter Gourd,125,Common,0.0,2.0,3000.0,3000.0,3000.0,0.0,0.0
2025-10-18 00:00:00+05:30,325,Hyderabad,5,Mahabubmansion,68,Tamarind,221,No.I,0.0,9.0,9500.0,13000.0,10000.0,0.0,0.0
2025-10-18 00:00:00+05:30,324,Bowenpally,3,Bowenpally,114,Tomato,198,Hybrid,0.0,2807.0,400.0,1600.0,1200.0,0.0,0.0
2025-10-18 00:00:00+05:30,323,Gaddiannaram,1,Gaddiannaram,87,Pine apple,87,Common,0.0,467.0,480.0,4400.0,800.0,0.0,0.0
2025-10-17 00:00:00+05:30,325,Hyderabad,5,Mahabubmansion,68,Tamarind,221,No.I,0.0,8.0,9500.0,13000.0,10000.0,0.0,0.0
2025-10-17 00:00:00+05:30,279,Thirumalagiri,9,Tirmalagiri,16,Green Gram,16,Common,0.0,10.0,4100.0,4900.0,4860.0,0.0,0.0
2025-10-17 00:00:00+05:30,212,Choppadandi,1123,Choppadandi,16,Green Gram,16,Common,0.0,5.0,4712.0,4812.0,4812.0,0.0,0.0
2025-10-17 00:00:00+05:30,310,Shadnagar,1330,Shadnagar,112,Ladys Finger,112,Common,0.0,25.0,2000.0,2400.0,2300.0,0.0,0.0
2025-10-17 00:00:00+05:30,303,Kalwakurthy,1340,Kalwakurthy,114,Tomato,197,Local,0.0,23.0,1200.0,1800.0,1500.0,0.0,0.0
2025-10-17 00:00:00+05:30,323,Gaddiannaram,2,L.B Nagar,121,Snake Gourd,121,Common,0.0,3.0,2000.0,2000.0,2000.0,0.0,0.0
2025-10-17 00:00:00+05:30,325,Hyderabad,6,Madannapeta,125,Bitter Gourd,125,Common,0.0,14.0,3000.0,3000.0,3000.0,0.0,0.0
2025-10-16 00:00:00+05:30,303,Kalwakurthy,1340,Kalwakurthy,114,Tomato,197,Local,0.0,52.0,400.0,1200.0,800.0,0.0,0.0
2025-10-16 00:00:00+05:30,310,Shadnagar,1330,Shadnagar,112,Ladys Finger,112,Common,0.0,15.0,3000.0,3800.0,3500.0,0.0,0.0
2025-10-17 00:00:00+05:30,323,Gaddiannaram,1,Gaddiannaram,87,Pine apple,87,Common,0.0,695.0,480.0,4400.0,800.0,0.0,0.0
2025-10-17 00:00:00+05:30,324,Bowenpally,3,Bowenpally,114,Tomato,198,Hybrid,0.0,3102.0,400.0,1600.0,1200.0,0.0,0.0
2025-10-16 00:00:00+05:30,324,Bowenpally,3,Bowenpally,114,Tomato,198,Hybrid,0.0,3106.0,400.0,2000.0,1500.0,0.0,0.0
2025-10-16 00:00:00+05:30,325,Hyderabad,6,Madannapeta,125,Bitter Gourd,125,Common,0.0,22.0,2500.0,3000.0,2750.0,0.0,0.0
2025-10-16 00:00:00+05:30,325,Hyderabad,5,Mahabubmansion,68,Tamarind,221,No.I,0.0,15.0,9500.0,13000.0,10000.0,0.0,0.0
2025-10-16 00:00:00+05:30,279,Thirumalagiri,9,Tirmalagiri,16,Green Gram,16,Common,0.0,1.0,5269.0,5269.0,5269.0,0.0,0.0
2025-10-16 00:00:00+05:30,188,Bhainsa,11,Bhainsa,75,Soyabean,214,Yellow,0.0,1655.2,2145.0,4255.0,4201.0,0.0,0.0
2025-10-16 00:00:00+05:30,320,Tandur,37,Tandur,168,Cattle(All),168,Common,0.0,37.0,15000.0,50000.0,40000.0,0.0,0.0
2025-10-15 00:00:00+05:30,310,Shadnagar,1330,Shadnagar,112,Ladys Finger,112,Common,0.0,20.0,1800.0,2300.0,2200.0,0.0,0.0
2025-10-16 00:00:00+05:30,323,Gaddiannaram,2,L.B Nagar,121,Snake Gourd,121,Common,0.0,2.0,2000.0,2000.0,2000.0,0.0,0.0
2025-10-15 00:00:00+05:30,303,Kalwakurthy,1340,Kalwakurthy,114,Tomato,197,Local,0.0,46.0,400.0,1000.0,700.0,0.0,0.0
2025-10-16 00:00:00+05:30,323,Gaddiannaram,1,Gaddiannaram,87,Pine apple,87,Common,0.0,399.0,480.0,4400.0,800.0,0.0,0.0
2025-10-15 00:00:00+05:30,323,Gaddiannaram,2,L.B Nagar,121,Snake Gourd,121,Common,0.0,2.0,2000.0,2000.0,2000.0,0.0,0.0
2025-10-15 00:00:00+05:30,325,Hyderabad,6,Madannapeta,125,Bitter Gourd,125,Common,0.0,5.0,3000.0,3000.0,3000.0,0.0,0.0
2025-10-15 00:00:00+05:30,324,Bowenpally,3,Bowenpally,114,Tomato,198,Hybrid,0.0,3712.0,400.0,2000.0,1500.0,0.0,0.0
2025-10-15 00:00:00+05:30,188,Bhainsa,11,Bhainsa,75,Soyabean,214,Yellow,0.0,3025.65,2055.0,4322.0,4186.0,0.0,0.0
2025-10-15 00:00:00+05:30,279,Thirumalagiri,9,Tirmalagiri,16,Green Gram,16,Common,0.0,17.0,3869.0,5389.0,4889.0,0.0,0.0
2025-10-14 00:00:00+05:30,303,Kalwakurthy,1340,Kalwakurthy,114,Tomato,197,Local,0.0,44.0,500.0,1400.0,950.0,0.0,0.0
2025-10-15 00:00:00+05:30,323,Gaddiannaram,1,Gaddiannaram,87,Pine apple,87,Common,0.0,660.0,480.0,4400.0,800.0,0.0,0.0
2025-10-14 00:00:00+05:30,310,Shadnagar,1330,Shadnagar,112,Ladys Finger,112,Common,0.0,12.0,2000.0,2800.0,2500.0,0.0,0.0
2025-10-14 00:00:00+05:30,241,Mahabubabad,1177,Mahabubabad,54,Chillies(Dry),250,Teja,0.0,1088.0,8725.0,14655.0,14250.0,0.0,0.0
2025-10-14 00:00:00+05:30,279,Thirumalagiri,9,Tirmalagiri,16,Green Gram,16,Common,0.0,12.0,4600.0,5400.0,5129.0,0.0,0.0
2025-10-14 00:00:00+05:30,188,Bhainsa,11,Bhainsa,75,Soyabean,214,Yellow,0.0,672.0,2027.0,4218.0,3422.0,0.0,0.0
2025-10-14 00:00:00+05:30,192,Jainath,26,Jainath,75,Soyabean,213,White,0.0,227.8,5328.0,5328.0,5328.0,0.0,0.0
2025-10-14 00:00:00+05:30,325,Hyderabad,5,Mahabubmansion,68,Tamarind,221,No.I,0.0,10.0,10000.0,13000.0,11000.0,0.0,0.0
2025-10-14 00:00:00+05:30,323,Gaddiannaram,1,Gaddiannaram,87,Pine apple,87,Common,0.0,288.0,480.0,4400.0,800.0,0.0,0.0
2025-10-14 00:00:00+05:30,325,Hyderabad,6,Madannapeta,125,Bitter Gourd,125,Common,0.0,3.0,2500.0,2500.0,2500.0,0.0,0.0
2025-10-14 00:00:00+05:30,323,Gaddiannaram,2,L.B Nagar,121,Snake Gourd,121,Common,0.0,2.0,1500.0,1500.0,1500.0,0.0,0.0
2025-10-13 00:00:00+05:30,367,Gudimalkapur,1571,Gudumalkapur,115,Green Peas,115,Common,0.0,238.0,2500.0,4500.0,3000.0,0.0,0.0
2025-10-13 00:00:00+05:30,310,Shadnagar,1330,Shadnagar,112,Ladys Finger,112,Common,0.0,20.0,2500.0,3500.0,3000.0,0.0,0.0
2025-10-13 00:00:00+05:30,303,Kalwakurthy,1340,Kalwakurthy,114,Tomato,197,Local,0.0,51.0,1000.0,2000.0,1500.0,0.0,0.0
2025-10-13 00:00:00+05:30,188,Bhainsa,11,Bhainsa,75,Soyabean,214,Yellow,0.0,4725.03,2222.0,4353.0,4158.0,0.0,0.0
2025-10-13 00:00:00+05:30,325,Hyderabad,5,Mahabubmansion,68,Tamarind,221,No.I,0.0,105.0,9500.0,12000.0,1100.0,0.0,0.0
2025-10-13 00:00:00+05:30,279,Thirumalagiri,9,Tirmalagiri,16,Green Gram,16,Common,0.0,10.0,3008.0,5600.0,4869.0,0.0,0.0
2025-10-13 00:00:00+05:30,325,Hyderabad,6,Madannapeta,125,Bitter Gourd,125,Common,0.0,5.0,2500.0,3000.0,2750.0,0.0,0.0
2025-10-13 00:00:00+05:30,323,Gaddiannaram,2,L.B Nagar,121,Snake Gourd,121,Common,0.0,3.0,1500.0,1500.0,1500.0,0.0,0.0
2025-10-13 00:00:00+05:30,324,Bowenpally,3,Bowenpally,114,Tomato,198,Hybrid,0.0,4818.0,400.0,1800.0,1500.0,0.0,0.0
2025-10-11 00:00:00+05:30,300,Badepally,1327,Badepally,31,Castor,31,Common,0.0,25.0,5386.0,5686.0,5686.0,0.0,0.0
2025-10-12 00:00:00+05:30,310,Shadnagar,1330,Shadnagar,112,Ladys Finger,112,Common,0.0,20.0,2800.0,3500.0,3000.0,0.0,0.0
2025-10-12 00:00:00+05:30,303,Kalwakurthy,1340,Kalwakurthy,114,Tomato,197,Local,0.0,42.0,1000.0,1600.0,1300.0,0.0,0.0
2025-10-13 00:00:00+05:30,323,Gaddiannaram,1,Gaddiannaram,87,Pine apple,87,Common,0.0,845.0,480.0,4400.0,800.0,0.0,0.0
2025-10-12 00:00:00+05:30,323,Gaddiannaram,2,L.B Nagar,121,Snake Gourd,121,Common,0.0,2.0,1500.0,1500.0,1500.0,0.0,0.0
2025-10-11 00:00:00+05:30,303,Kalwakurthy,1340,Kalwakurthy,114,Tomato,197,Local,0.0,46.0,1000.0,1800.0,1400.0,0.0,0.0
2025-10-12 00:00:00+05:30,324,Bowenpally,3,Bowenpally,114,Tomato,198,Hybrid,0.0,3712.0,400.0,2000.0,1500.0,0.0,0.0
2025-10-12 00:00:00+05:30,323,Gaddiannaram,1,Gaddiannaram,87,Pine apple,87,Common,0.0,100.0,480.0,4400.0,800.0,0.0,0.0
2025-10-11 00:00:00+05:30,310,Shadnagar,1330,Shadnagar,112,Ladys Finger,112,Common,0.0,25.0,3000.0,3800.0,3500.0,0.0,0.0
2025-10-11 00:00:00+05:30,279,Thirumalagiri,9,Tirmalagiri,16,Green Gram,16,Common,0.0,13.0,3800.0,5169.0,4689.0,0.0,0.0
2025-10-11 00:00:00+05:30,188,Bhainsa,11,Bhainsa,75,Soyabean,214,Yellow,0.0,2943.82,1818.0,4352.0,4318.0,0.0,0.0
2025-10-11 00:00:00+05:30,325,Hyderabad,5,Mahabubmansion,68,Tamarind,221,No.I,0.0,47.0,10000.0,1300.0,11000.0,0.0,0.0
2025-10-11 00:00:00+05:30,325,Hyderabad,6,Madannapeta,125,Bitter Gourd,125,Common,0.0,5.0,2500.0,2500.0,2500.0,0.0,0.0
2025-10-10 00:00:00+05:30,310,Shadnagar,1330,Shadnagar,112,Ladys Finger,112,Common,0.0,18.0,2800.0,3600.0,3200.0,0.0,0.0
2025-10-11 00:00:00+05:30,323,Gaddiannaram,2,L.B Nagar,121,Snake Gourd,121,Common,0.0,3.0,1500.0,1500.0,1500.0,0.0,0.0
2025-10-10 00:00:00+05:30,303,Kalwakurthy,1340,Kalwakurthy,114,Tomato,197,Local,0.0,60.0,800.0,1800.0,1300.0,0.0,0.0
2025-10-11 00:00:00+05:30,323,Gaddiannaram,1,Gaddiannaram,87,Pine apple,87,Common,0.0,364.0,480.0,4400.0,800.0,0.0,0.0
2025-10-10 00:00:00+05:30,279,Thirumalagiri,9,Tirmalagiri,16,Green Gram,16,Common,0.0,25.0,4269.0,5668.0,5262.0,0.0,0.0
2025-10-10 00:00:00+05:30,188,Bhainsa,11,Bhainsa,75,Soyabean,214,Yellow,0.0,2566.3,2078.0,4301.0,4059.0,0.0,0.0
2025-10-10 00:00:00+05:30,323,Gaddiannaram,2,L.B Nagar,121,Snake Gourd,121,Common,0.0,3.0,1500.0,1500.0,1500.0,0.0,0.0
2025-10-10 00:00:00+05:30,325,Hyderabad,5,Mahabubmansion,68,Tamarind,221,No.I,0.0,82.0,10000.0,13000.0,11000.0,0.0,0.0
2025-10-10 00:00:00+05:30,323,Gaddiannaram,1,Gaddiannaram,87,Pine apple,87,Common,0.0,470.0,480.0,4400.0,800.0,0.0,0.0
2025-10-09 00:00:00+05:30,310,Shadnagar,1330,Shadnagar,112,Ladys Finger,112,Common,0.0,10.0,2500.0,3500.0,3000.0,0.0,0.0
2025-10-09 00:00:00+05:30,320,Tandur,37,Tandur,168,Cattle(All),168,Common,0.0,30.0,15000.0,50000.0,30000.0,0.0,0.0
2025-10-09 00:00:00+05:30,303,Kalwakurthy,1340,Kalwakurthy,114,Tomato,197,Local,0.0,40.0,1000.0,2000.0,1500.0,0.0,0.0
2025-10-09 00:00:00+05:30,279,Thirumalagiri,9,Tirmalagiri,16,Green Gram,16,Common,0.0,38.0,3329.0,5600.0,4629.0,0.0,0.0
2025-10-09 00:00:00+05:30,188,Bhainsa,11,Bhainsa,75,Soyabean,214,Yellow,0.0,2020.94,2525.0,4369.0,4336.0,0.0,0.0
2025-10-09 00:00:00+05:30,325,Hyderabad,5,Mahabubmansion,68,Tamarind,221,No.I,0.0,14.0,1000.0,13000.0,1100.0,0.0,0.0
2025-10-09 00:00:00+05:30,323,Gaddiannaram,1,Gaddiannaram,87,Pine apple,87,Common,0.0,485.0,480.0,4400.0,800.0,0.0,0.0
2025-10-09 00:00:00+05:30,325,Hyderabad,6,Madannapeta,125,Bitter Gourd,125,Common,0.0,3.0,2000.0,2000.0,2000.0,0.0,0.0
2025-10-08 00:00:00+05:30,303,Kalwakurthy,1340,Kalwakurthy,114,Tomato,197,Local,0.0,24.0,1500.0,3300.0,2400.0,0.0,0.0
2025-10-09 00:00:00+05:30,323,Gaddiannaram,2,L.B Nagar,121,Snake Gourd,121,Common,0.0,3.0,1500.0,1500.0,1500.0,0.0,0.0
2025-10-08 00:00:00+05:30,310,Shadnagar,1330,Shadnagar,112,Ladys Finger,112,Common,0.0,20.0,2500.0,3500.0,2800.0,0.0,0.0
2025-10-08 00:00:00+05:30,323,Gaddiannaram,2,L.B Nagar,121,Snake Gourd,121,Common,0.0,2.0,1500.0,1500.0,1500.0,0.0,0.0
2025-10-08 00:00:00+05:30,325,Hyderabad,5,Mahabubmansion,68,Tamarind,221,No.I,0.0,23.0,9500.0,11000.0,10000.0,0.0,0.0
2025-10-08 00:00:00+05:30,323,Gaddiannaram,1,Gaddiannaram,87,Pine apple,87,Common,0.0,350.0,480.0,4400.0,800.0,0.0,0.0
2025-10-08 00:00:00+05:30,325,Hyderabad,6,Madannapeta,125,Bitter Gourd,125,Common,0.0,7.0,3000.0,3000.0,3000.0,0.0,0.0
2025-10-08 00:00:00+05:30,279,Thirumalagiri,9,Tirmalagiri,16,Green Gram,16,Common,0.0,3.0,3839.0,4100.0,4100.0,0.0,0.0
2025-10-08 00:00:00+05:30,188,Bhainsa,11,Bhainsa,75,Soyabean,214,Yellow,0.0,2139.26,2400.0,4413.0,4139.0,0.0,0.0
2025-10-07 00:00:00+05:30,310,Shadnagar,1330,Shadnagar,112,Ladys Finger,112,Common,0.0,25.0,3500.0,4500.0,4000.0,0.0,0.0
2025-10-07 00:00:00+05:30,303,Kalwakurthy,1340,Kalwakurthy,114,Tomato,197,Local,0.0,25.0,1000.0,2300.0,1650.0,0.0,0.0
2025-10-07 00:00:00+05:30,300,Badepally,1327,Badepally,31,Castor,31,Common,0.0,15.0,5020.0,5020.0,5020.0,0.0,0.0
2025-10-07 00:00:00+05:30,241,Mahabubabad,1177,Mahabubabad,54,Chillies(Dry),250,Teja,0.0,342.0,11000.0,14739.0,14624.0,0.0,0.0
2025-10-07 00:00:00+05:30,325,Hyderabad,5,Mahabubmansion,68,Tamarind,221,No.I,0.0,80.0,9500.0,13500.0,11000.0,0.0,0.0
2025-10-07 00:00:00+05:30,323,Gaddiannaram,1,Gaddiannaram,87,Pine apple,87,Common,0.0,450.0,480.0,4400.0,800.0,0.0,0.0
2025-10-07 00:00:00+05:30,325,Hyderabad,6,Madannapeta,125,Bitter Gourd,125,Common,0.0,3.0,3000.0,3000.0,3000.0,0.0,0.0
2025-10-07 00:00:00+05:30,279,Thirumalagiri,9,Tirmalagiri,16,Green Gram,16,Common,0.0,6.0,3600.0,5508.0,4819.0,0.0,0.0
2025-10-07 00:00:00+05:30,188,Bhainsa,11,Bhainsa,75,Soyabean,214,Yellow,0.0,2144.41,2525.0,4429.0,4069.0,0.0,0.0
2025-10-07 00:00:00+05:30,323,Gaddiannaram,2,L.B Nagar,121,Snake Gourd,121,Common,0.0,2.0,1500.0,1500.0,1500.0,0.0,0.0
2025-10-06 00:00:00+05:30,303,Kalwakurthy,1340,Kalwakurthy,114,Tomato,197,Local,0.0,45.0,400.0,1000.0,700.0,0.0,0.0
2025-10-06 00:00:00+05:30,300,Badepally,1327,Badepally,31,Castor,31,Common,0.0,21.0,4646.0,4746.0,4746.0,0.0,0.0
2025-10-06 00:00:00+05:30,310,Shadnagar,1330,Shadnagar,112,Ladys Finger,112,Common,0.0,25.0,1800.0,2500.0,2000.0,0.0,0.0
2025-10-06 00:00:00+05:30,279,Thirumalagiri,9,Tirmalagiri,16,Green Gram,16,Common,0.0,16.0,3889.0,4939.0,4789.0,0.0,0.0
2025-10-06 00:00:00+05:30,188,Bhainsa,11,Bhainsa,75,Soyabean,214,Yellow,0.0,240.56,3689.0,4512.0,3689.0,0.0,0.0
2025-10-06 00:00:00+05:30,323,Gaddiannaram,2,L.B Nagar,121,Snake Gourd,121,Common,0.0,2.0,1500.0,1500.0,1500.0,0.0,0.0
2025-10-06 00:00:00+05:30,323,Gaddiannaram,1,Gaddiannaram,87,Pine apple,87,Common,0.0,620.0,480.0,4400.0,800.0,0.0,0.0
2025-10-06 00:00:00+05:30,325,Hyderabad,5,Mahabubmansion,68,Tamarind,221,No.I,0.0,111.0,9500.0,11000.0,10000.0,0.0,0.0
2025-10-06 00:00:00+05:30,325,Hyderabad,6,Madannapeta,125,Bitter Gourd,125,Common,0.0,7.0,2500.0,3000.0,2750.0,0.0,0.0
2025-10-05 00:00:00+05:30,310,Shadnagar,1330,Shadnagar,112,Ladys Finger,112,Common,0.0,15.0,2500.0,3500.0,3000.0,0.0,0.0
2025-10-05 00:00:00+05:30,303,Kalwakurthy,1340,Kalwakurthy,114,Tomato,197,Local,0.0,60.0,500.0,1200.0,850.0,0.0,0.0
2025-10-05 00:00:00+05:30,323,Gaddiannaram,1,Gaddiannaram,87,Pine apple,87,Common,0.0,180.0,480.0,4800.0,800.0,0.0,0.0
2025-10-05 00:00:00+05:30,325,Hyderabad,6,Madannapeta,125,Bitter Gourd,125,Common,0.0,12.0,2000.0,3000.0,2500.0,0.0,0.0
2025-10-05 00:00:00+05:30,323,Gaddiannaram,2,L.B Nagar,121,Snake Gourd,121,Common,0.0,2.0,1000.0,1500.0,1200.0,0.0,0.0
2025-10-04 00:00:00+05:30,303,Kalwakurthy,1340,Kalwakurthy,114,Tomato,197,Local,0.0,34.0,500.0,1400.0,950.0,0.0,0.0
2025-10-04 00:00:00+05:30,300,Badepally,1327,Badepally,31,Castor,31,Common,0.0,6.0,5770.0,5770.0,5770.0,0.0,0.0
2025-10-04 00:00:00+05:30,310,Shadnagar,1330,Shadnagar,112,Ladys Finger,112,Common,0.0,12.0,2500.0,3000.0,3000.0,0.0,0.0
2025-10-04 00:00:00+05:30,325,Hyderabad,5,Mahabubmansion,68,Tamarind,221,No.I,0.0,6.0,9500.0,11000.0,10000.0,0.0,0.0
2025-10-04 00:00:00+05:30,325,Hyderabad,6,Madannapeta,125,Bitter Gourd,125,Common,0.0,4.0,2000.0,3000.0,2500.0,0.0,0.0
2025-10-04 00:00:00+05:30,279,Thirumalagiri,9,Tirmalagiri,16,Green Gram,16,Common,0.0,15.0,3368.0,5051.0,4689.0,0.0,0.0
2025-10-04 00:00:00+05:30,188,Bhainsa,11,Bhainsa,75,Soyabean,214,Yellow,0.0,381.22,3839.0,4437.0,4095.0,0.0,0.0
2025-10-04 00:00:00+05:30,323,Gaddiannaram,2,L.B Nagar,121,Snake Gourd,121,Common,0.0,5.0,1000.0,1500.0,1200.0,0.0,0.0
2025-10-04 00:00:00+05:30,323,Gaddiannaram,1,Gaddiannaram,87,Pine apple,87,Common,0.0,476.0,480.0,4800.0,800.0,0.0,0.0
2025-10-02 00:00:00+05:30,310,Shadnagar,1330,Shadnagar,112,Ladys Finger,112,Common,0.0,10.0,2600.0,3000.0,2800.0,0.0,0.0
2025-10-03 00:00:00+05:30,310,Shadnagar,1330,Shadnagar,112,Ladys Finger,112,Common,0.0,10.0,2200.0,2600.0,2300.0,0.0,0.0
2025-10-02 00:00:00+05:30,323,Gaddiannaram,2,L.B Nagar,121,Snake Gourd,121,Common,0.0,2.0,1000.0,1000.0,1000.0,0.0,0.0
2025-10-03 00:00:00+05:30,323,Gaddiannaram,1,Gaddiannaram,87,Pine apple,87,Common,0.0,540.0,480.0,4800.0,800.0,0.0,0.0
2025-10-01 00:00:00+05:30,303,Kalwakurthy,1340,Kalwakurthy,114,Tomato,197,Local,0.0,54.0,400.0,1600.0,1000.0,0.0,0.0
2025-10-01 00:00:00+05:30,325,Hyderabad,5,Mahabubmansion,68,Tamarind,221,No.I,0.0,13.0,9500.0,11000.0,10000.0,0.0,0.0
2025-10-01 00:00:00+05:30,325,Hyderabad,6,Madannapeta,125,Bitter Gourd,125,Common,0.0,5.0,2000.0,2000.0,2000.0,0.0,0.0
2025-10-01 00:00:00+05:30,323,Gaddiannaram,2,L.B Nagar,121,Snake Gourd,121,Common,0.0,3.0,1500.0,1500.0,1500.0,0.0,0.0
2025-10-01 00:00:00+05:30,323,Gaddiannaram,1,Gaddiannaram,87,Pine apple,87,Common,0.0,99.0,480.0,4800.0,800.0,0.0,0.0
2025-10-31 00:00:00+05:30,310,Shadnagar,1330,Shadnagar,112,Ladys Finger,112,Common,0.0,25.0,2500.0,3200.0,3000.0,0.0,0.0
2025-10-31 00:00:00+05:30,303,Kalwakurthy,1340,Kalwakurthy,114,Tomato,197,Local,0.0,54.0,1000.0,2400.0,1700.0,0.0,0.0
2025-10-31 00:00:00+05:30,323,Gaddiannaram,2,L.B Nagar,121,Snake Gourd,121,Common,0.0,3.0,2000.0,2000.0,2000.0,0.0,0.0
2025-10-31 00:00:00+05:30,325,Hyderabad,6,Madannapeta,125,Bitter Gourd,125,Common,0.0,8.0,3000.0,3000.0,3000.0,0.0,0.0
2025-10-31 00:00:00+05:30,324,Bowenpally,3,Bowenpally,114,Tomato,198,Hybrid,0.0,3777.0,400.0,1800.0,1400.0,0.0,0.0
2025-10-30 00:00:00+05:30,310,Shadnagar,1330,Shadnagar,112,Ladys Finger,112,Common,0.0,10.0,2200.0,2800.0,2500.0,0.0,0.0
2025-10-30 00:00:00+05:30,303,Kalwakurthy,1340,Kalwakurthy,114,Tomato,197,Local,0.0,51.0,1000.0,2400.0,1700.0,0.0,0.0
2025-10-31 00:00:00+05:30,323,Gaddiannaram,1,Gaddiannaram,87,Pine apple,87,Common,0.0,644.0,480.0,4200.0,800.0,0.0,0.0
2025-10-30 00:00:00+05:30,300,Badepally,1327,Badepally,31,Castor,31,Common,0.0,9.0,5790.0,5790.0,5790.0,0.0,0.0
2025-10-30 00:00:00+05:30,320,Tandur,37,Tandur,168,Cattle(All),168,Common,0.0,29.0,15000.0,50000.0,30000.0,0.0,0.0
2025-10-29 00:00:00+05:30,303,Kalwakurthy,1340,Kalwakurthy,114,Tomato,197,Local,0.0,42.0,1000.0,2500.0,1750.0,0.0,0.0
2025-10-30 00:00:00+05:30,324,Bowenpally,3,Bowenpally,114,Tomato,198,Hybrid,0.0,3842.0,400.0,2000.0,1500.0,0.0,0.0
2025-10-30 00:00:00+05:30,325,Hyderabad,6,Madannapeta,125,Bitter Gourd,125,Common,0.0,2.0,3000.0,3000.0,3000.0,0.0,0.0
2025-10-30 00:00:00+05:30,325,Hyderabad,5,Mahabubmansion,68,Tamarind,221,No.I,0.0,48.0,9500.0,12000.0,10000.0,0.0,0.0
2025-10-30 00:00:00+05:30,323,Gaddiannaram,1,Gaddiannaram,87,Pine apple,87,Common,0.0,860.0,480.0,4000.0,800.0,0.0,0.0
2025-10-30 00:00:00+05:30,323,Gaddiannaram,2,L.B Nagar,121,Snake Gourd,121,Common,0.0,1.0,1500.0,1500.0,1500.0,0.0,0.0
2025-10-29 00:00:00+05:30,310,Shadnagar,1330,Shadnagar,112,Ladys Finger,112,Common,0.0,25.0,2500.0,3500.0,3000.0,0.0,0.0
2025-10-29 00:00:00+05:30,324,Bowenpally,3,Bowenpally,114,Tomato,198,Hybrid,0.0,3970.0,400.0,2200.0,1500.0,0.0,0.0
2025-10-29 00:00:00+05:30,325,Hyderabad,5,Mahabubmansion,68,Tamarind,221,No.I,0.0,34.0,9500.0,13000.0,10000.0,0.0,0.0
2025-10-29 00:00:00+05:30,323,Gaddiannaram,1,Gaddiannaram,87,Pine apple,87,Common,0.0,853.0,400.0,4300.0,800.0,0.0,0.0
2025-10-29 00:00:00+05:30,323,Gaddiannaram,2,L.B Nagar,121,Snake Gourd,121,Common,0.0,4.0,2000.0,2000.0,2000.0,0.0,0.0
2025-10-28 00:00:00+05:30,303,Kalwakurthy,1340,Kalwakurthy,114,Tomato,197,Local,0.0,38.0,1200.0,2600.0,1900.0,0.0,0.0
2025-10-28 00:00:00+05:30,310,Shadnagar,1330,Shadnagar,112,Ladys Finger,112,Common,0.0,15.0,2500.0,3500.0,3000.0,0.0,0.0
2025-10-28 00:00:00+05:30,241,Mahabubabad,1177,Mahabubabad,54,Chillies(Dry),250,Teja,0.0,402.0,5009.0,14611.0,14350.0,0.0,0.0
2025-10-28 00:00:00+05:30,325,Hyderabad,6,Madannapeta,125,Bitter Gourd,125,Common,0.0,2.0,3000.0,3000.0,3000.0,0.0,0.0
2025-10-28 00:00:00+05:30,188,Bhainsa,11,Bhainsa,75,Soyabean,214,Yellow,0.0,1851.67,1869.0,4332.0,4189.0,0.0,0.0
2025-10-01 00:00:00+05:30,323,Gaddiannaram,2,L.B Nagar,122,Bottle Gourd,122,Common,0.0,52.0,600.0,1000.0,800.0,0.0,0.0
2025-10-01 00:00:00+05:30,324,Bowenpally,3,Bowenpally,114,Tomato,210,618,0.0,2661.0,400.0,1400.0,1100.0,0.0,0.0
2025-10-01 00:00:00+05:30,325,Hyderabad,6,Madannapeta,127,Kheera,127,Common,0.0,8.0,1500.0,2000.0,1750.0,0.0,0.0
2025-10-01 00:00:00+05:30,325,Hyderabad,5,Mahabubmansion,68,Tamarind,222,No.II,0.0,20.0,7000.0,9000.0,8000.0,0.0,0.0
2025-10-01 00:00:00+05:30,325,Hyderabad,7,Meeralamandi,127,Kheera,127,Common,0.0,4.0,2000.0,2500.0,2720.0,0.0,0.0
2025-10-01 00:00:00+05:30,367,Gudimalkapur,1571,Gudumalkapur,116,French Beans,116,Common,0.0,169.0,3000.0,5000.0,3500.0,0.0,0.0
2025-10-01 00:00:00+05:30,303,Kalwakurthy,1340,Kalwakurthy,117,Cluster Beans,117,Common,0.0,2.0,3000.0,5500.0,4250.0,0.0,0.0
2025-10-02 00:00:00+05:30,324,Bowenpally,3,Bowenpally,114,Tomato,210,618,0.0,1033.0,400.0,1600.0,1300.0,0.0,0.0
2025-10-02 00:00:00+05:30,367,Gudimalkapur,1571,Gudumalkapur,116,French Beans,116,Common,0.0,81.0,3000.0,5000.0,4000.0,0.0,0.0
2025-10-02 00:00:00+05:30,323,Gaddiannaram,2,L.B Nagar,122,Bottle Gourd,122,Common,0.0,38.0,600.0,1000.0,800.0,0.0,0.0
2025-10-02 00:00:00+05:30,325,Hyderabad,6,Madannapeta,127,Kheera,127,Common,0.0,15.0,1500.0,1500.0,1500.0,0.0,0.0
2025-10-03 00:00:00+05:30,310,Shadnagar,1330,Shadnagar,113,Green Chillies,113,Common,0.0,12.0,2500.0,3500.0,3000.0,0.0,0.0
2025-10-02 00:00:00+05:30,310,Shadnagar,1330,Shadnagar,113,Green Chillies,113,Common,0.0,15.0,3000.0,4000.0,3200.0,0.0,0.0
2025-10-03 00:00:00+05:30,325,Hyderabad,6,Madannapeta,127,Kheera,127,Common,0.0,5.0,1500.0,1500.0,1500.0,0.0,0.0
2025-10-03 00:00:00+05:30,324,Bowenpally,3,Bowenpally,114,Tomato,210,618,0.0,1252.0,400.0,1600.0,1300.0,0.0,0.0
2025-10-03 00:00:00+05:30,367,Gudimalkapur,1571,Gudumalkapur,116,French Beans,116,Common,0.0,51.0,5000.0,5000.0,5500.0,0.0,0.0
2025-10-04 00:00:00+05:30,323,Gaddiannaram,2,L.B Nagar,122,Bottle Gourd,122,Common,0.0,40.0,600.0,1000.0,800.0,0.0,0.0
2025-10-04 00:00:00+05:30,324,Bowenpally,3,Bowenpally,114,Tomato,210,618,0.0,3004.0,400.0,2000.0,1200.0,0.0,0.0
2025-10-04 00:00:00+05:30,325,Hyderabad,6,Madannapeta,127,Kheera,127,Common,0.0,14.0,1500.0,1600.0,1550.0,0.0,0.0
2025-10-04 00:00:00+05:30,325,Hyderabad,5,Mahabubmansion,68,Tamarind,222,No.II,0.0,9.0,7000.0,9000.0,8000.0,0.0,0.0
2025-10-04 00:00:00+05:30,325,Hyderabad,7,Meeralamandi,127,Kheera,127,Common,0.0,2.0,3000.0,3000.0,3000.0,0.0,0.0
2025-10-04 00:00:00+05:30,310,Shadnagar,1330,Shadnagar,113,Green Chillies,113,Common,0.0,10.0,2800.0,3800.0,3000.0,0.0,0.0
2025-10-04 00:00:00+05:30,278,Suryapet,1091,Suryapet,30,Groundnut pods,30,Common,0.0,1.0,3506.0,3506.0,3506.0,0.0,0.0
2025-10-04 00:00:00+05:30,367,Gudimalkapur,1571,Gudumalkapur,116,French Beans,116,Common,0.0,78.0,4500.0,6000.0,5000.0,0.0,0.0
2025-10-04 00:00:00+05:30,303,Kalwakurthy,1340,Kalwakurthy,117,Cluster Beans,117,Common,0.0,1.0,5000.0,5000.0,5000.0,0.0,0.0
2025-10-05 00:00:00+05:30,323,Gaddiannaram,2,L.B Nagar,122,Bottle Gourd,122,Common,0.0,62.0,600.0,1000.0,800.0,0.0,0.0
2025-10-05 00:00:00+05:30,325,Hyderabad,6,Madannapeta,127,Kheera,127,Common,0.0,5.0,2000.0,2000.0,2000.0,0.0,0.0
2025-10-05 00:00:00+05:30,324,Bowenpally,3,Bowenpally,114,Tomato,210,618,0.0,3846.0,400.0,2000.0,1500.0,0.0,0.0
2025-10-05 00:00:00+05:30,310,Shadnagar,1330,Shadnagar,113,Green Chillies,113,Common,0.0,10.0,3800.0,5000.0,4500.0,0.0,0.0
2025-10-05 00:00:00+05:30,325,Hyderabad,7,Meeralamandi,127,Kheera,127,Common,0.0,5.0,2000.0,2500.0,2250.0,0.0,0.0
2025-10-05 00:00:00+05:30,367,Gudimalkapur,1571,Gudumalkapur,116,French Beans,116,Common,0.0,148.0,4000.0,7000.0,5000.0,0.0,0.0
2025-10-06 00:00:00+05:30,325,Hyderabad,6,Madannapeta,127,Kheera,127,Common,0.0,18.0,1500.0,1500.0,1500.0,0.0,0.0
2025-10-06 00:00:00+05:30,325,Hyderabad,5,Mahabubmansion,68,Tamarind,222,No.II,0.0,45.0,2000.0,4000.0,3000.0,0.0,0.0
2025-10-06 00:00:00+05:30,323,Gaddiannaram,2,L.B Nagar,122,Bottle Gourd,122,Common,0.0,74.0,600.0,1000.0,800.0,0.0,0.0
2025-10-06 00:00:00+05:30,324,Bowenpally,3,Bowenpally,114,Tomato,210,618,0.0,3107.0,400.0,2000.0,1400.0,0.0,0.0
2025-10-06 00:00:00+05:30,325,Hyderabad,7,Meeralamandi,127,Kheera,127,Common,0.0,6.0,2000.0,2200.0,2100.0,0.0,0.0
2025-10-06 00:00:00+05:30,278,Suryapet,1091,Suryapet,30,Groundnut pods,30,Common,0.0,38.0,4059.0,5229.0,4759.0,0.0,0.0
2025-10-06 00:00:00+05:30,310,Shadnagar,1330,Shadnagar,113,Green Chillies,113,Common,0.0,50.0,3500.0,4500.0,3800.0,0.0,0.0
2025-10-06 00:00:00+05:30,303,Kalwakurthy,1340,Kalwakurthy,117,Cluster Beans,117,Common,0.0,1.0,6000.0,6000.0,6000.0,0.0,0.0
2025-10-06 00:00:00+05:30,367,Gudimalkapur,1571,Gudumalkapur,116,French Beans,116,Common,0.0,192.0,3500.0,5500.0,4000.0,0.0,0.0
2025-10-07 00:00:00+05:30,323,Gaddiannaram,2,L.B Nagar,122,Bottle Gourd,122,Common,0.0,40.0,600.0,1000.0,800.0,0.0,0.0
2025-10-06 00:00:00+05:30,331,Vantimamidi,1612,Vantimamidi,116,French Beans,116,Common,0.0,2.0,3000.0,3000.0,3000.0,0.0,0.0
2025-10-07 00:00:00+05:30,325,Hyderabad,7,Meeralamandi,127,Kheera,127,Common,0.0,4.0,1200.0,1500.0,1350.0,0.0,0.0
2025-10-07 00:00:00+05:30,325,Hyderabad,6,Madannapeta,127,Kheera,127,Common,0.0,15.0,1500.0,1500.0,1500.0,0.0,0.0
2025-10-07 00:00:00+05:30,325,Hyderabad,5,Mahabubmansion,68,Tamarind,222,No.II,0.0,121.0,7000.0,9000.0,8000.0,0.0,0.0
2025-10-07 00:00:00+05:30,324,Bowenpally,3,Bowenpally,114,Tomato,210,618,0.0,3407.0,800.0,2000.0,1600.0,0.0,0.0
2025-10-07 00:00:00+05:30,278,Suryapet,1091,Suryapet,30,Groundnut pods,30,Common,0.0,34.0,4812.0,5159.0,5159.0,0.0,0.0
2025-10-07 00:00:00+05:30,367,Gudimalkapur,1571,Gudumalkapur,116,French Beans,116,Common,0.0,172.0,3000.0,4500.0,3500.0,0.0,0.0
2025-10-07 00:00:00+05:30,303,Kalwakurthy,1340,Kalwakurthy,117,Cluster Beans,117,Common,0.0,1.0,6000.0,6000.0,6000.0,0.0,0.0
2025-10-07 00:00:00+05:30,310,Shadnagar,1330,Shadnagar,113,Green Chillies,113,Common,0.0,20.0,3500.0,4500.0,3800.0,0.0,0.0
2025-10-07 00:00:00+05:30,331,Vantimamidi,1612,Vantimamidi,116,French Beans,116,Common,0.0,3.0,3000.0,3000.0,3000.0,0.0,0.0
2025-10-08 00:00:00+05:30,324,Bowenpally,3,Bowenpally,114,Tomato,210,618,0.0,3832.0,400.0,1800.0,1400.0,0.0,0.0
2025-10-08 00:00:00+05:30,325,Hyderabad,7,Meeralamandi,127,Kheera,127,Common,0.0,5.0,1200.0,1500.0,1350.0,0.0,0.0
2025-10-08 00:00:00+05:30,325,Hyderabad,6,Madannapeta,127,Kheera,127,Common,0.0,10.0,1300.0,1500.0,1400.0,0.0,0.0
2025-10-08 00:00:00+05:30,325,Hyderabad,5,Mahabubmansion,68,Tamarind,222,No.II,0.0,34.0,7000.0,9000.0,8000.0,0.0,0.0
2025-10-08 00:00:00+05:30,323,Gaddiannaram,2,L.B Nagar,122,Bottle Gourd,122,Common,0.0,80.0,800.0,1200.0,1000.0,0.0,0.0
2025-10-08 00:00:00+05:30,278,Suryapet,1091,Suryapet,30,Groundnut pods,30,Common,0.0,9.0,4559.0,5319.0,5073.0,0.0,0.0
2025-10-08 00:00:00+05:30,310,Shadnagar,1330,Shadnagar,113,Green Chillies,113,Common,0.0,25.0,3500.0,4000.0,3800.0,0.0,0.0
2025-10-08 00:00:00+05:30,367,Gudimalkapur,1571,Gudumalkapur,116,French Beans,116,Common,0.0,198.0,2000.0,4000.0,3000.0,0.0,0.0
2025-10-09 00:00:00+05:30,323,Gaddiannaram,2,L.B Nagar,122,Bottle Gourd,122,Common,0.0,90.0,800.0,1200.0,1000.0,0.0,0.0
2025-10-08 00:00:00+05:30,303,Kalwakurthy,1340,Kalwakurthy,117,Cluster Beans,117,Common,0.0,2.0,500.0,6000.0,5750.0,0.0,0.0
2025-10-08 00:00:00+05:30,331,Vantimamidi,1612,Vantimamidi,116,French Beans,116,Common,0.0,2.0,3000.0,3000.0,3000.0,0.0,0.0
2025-10-09 00:00:00+05:30,325,Hyderabad,6,Madannapeta,127,Kheera,127,Common,0.0,17.0,1500.0,1500.0,1500.0,0.0,0.0
2025-10-09 00:00:00+05:30,325,Hyderabad,5,Mahabubmansion,68,Tamarind,222,No.II,0.0,22.0,8000.0,9500.0,9000.0,0.0,0.0
2025-10-09 00:00:00+05:30,324,Bowenpally,3,Bowenpally,114,Tomato,210,618,0.0,3875.0,400.0,1800.0,1500.0,0.0,0.0
2025-10-09 00:00:00+05:30,325,Hyderabad,7,Meeralamandi,127,Kheera,127,Common,0.0,6.0,1500.0,1500.0,1500.0,0.0,0.0
2025-10-09 00:00:00+05:30,303,Kalwakurthy,1340,Kalwakurthy,117,Cluster Beans,117,Common,0.0,1.0,4000.0,5000.0,4500.0,0.0,0.0
2025-10-09 00:00:00+05:30,367,Gudimalkapur,1571,Gudumalkapur,116,French Beans,116,Common,0.0,243.0,2000.0,4000.0,3000.0,0.0,0.0
2025-10-09 00:00:00+05:30,310,Shadnagar,1330,Shadnagar,113,Green Chillies,113,Common,0.0,25.0,3200.0,3800.0,3500.0,0.0,0.0
2025-10-09 00:00:00+05:30,331,Vantimamidi,1612,Vantimamidi,116,French Beans,116,Common,0.0,1.0,3000.0,3000.0,3000.0,0.0,0.0
2025-10-10 00:00:00+05:30,324,Bowenpally,3,Bowenpally,114,Tomato,210,618,0.0,3371.0,400.0,2000.0,1500.0,0.0,0.0
2025-10-10 00:00:00+05:30,325,Hyderabad,5,Mahabubmansion,68,Tamarind,222,No.II,0.0,123.0,8000.0,9500.0,9000.0,0.0,0.0
2025-10-10 00:00:00+05:30,325,Hyderabad,7,Meeralamandi,127,Kheera,127,Common,0.0,4.0,1200.0,1500.0,1350.0,0.0,0.0
2025-10-10 00:00:00+05:30,323,Gaddiannaram,2,L.B Nagar,122,Bottle Gourd,122,Common,0.0,75.0,600.0,1000.0,800.0,0.0,0.0
2025-10-10 00:00:00+05:30,278,Suryapet,1091,Suryapet,30,Groundnut pods,30,Common,0.0,41.0,4109.0,6509.0,5252.0,0.0,0.0
2025-10-10 00:00:00+05:30,367,Gudimalkapur,1571,Gudumalkapur,116,French Beans,116,Common,0.0,100.0,2500.0,4500.0,3000.0,0.0,0.0
2025-10-11 00:00:00+05:30,323,Gaddiannaram,2,L.B Nagar,122,Bottle Gourd,122,Common,0.0,95.0,600.0,1000.0,800.0,0.0,0.0
2025-10-10 00:00:00+05:30,310,Shadnagar,1330,Shadnagar,113,Green Chillies,113,Common,0.0,20.0,3800.0,4200.0,4000.0,0.0,0.0
2025-10-11 00:00:00+05:30,325,Hyderabad,6,Madannapeta,127,Kheera,127,Common,0.0,17.0,1500.0,2000.0,1750.0,0.0,0.0
2025-10-11 00:00:00+05:30,325,Hyderabad,5,Mahabubmansion,68,Tamarind,222,No.II,0.0,70.0,8000.0,9500.0,9000.0,0.0,0.0
2025-10-11 00:00:00+05:30,325,Hyderabad,7,Meeralamandi,127,Kheera,127,Common,0.0,3.0,1500.0,1500.0,1500.0,0.0,0.0
2025-10-11 00:00:00+05:30,324,Bowenpally,3,Bowenpally,114,Tomato,210,618,0.0,3481.0,400.0,2000.0,1500.0,0.0,0.0
2025-10-11 00:00:00+05:30,310,Shadnagar,1330,Shadnagar,113,Green Chillies,113,Common,0.0,20.0,3500.0,4000.0,3800.0,0.0,0.0
2025-10-11 00:00:00+05:30,278,Suryapet,1091,Suryapet,30,Groundnut pods,30,Common,0.0,7.0,4059.0,5073.0,5073.0,0.0,0.0
2025-10-12 00:00:00+05:30,325,Hyderabad,7,Meeralamandi,127,Kheera,127,Common,0.0,3.0,1000.0,1500.0,1250.0,0.0,0.0
2025-10-12 00:00:00+05:30,323,Gaddiannaram,2,L.B Nagar,122,Bottle Gourd,122,Common,0.0,55.0,600.0,1000.0,800.0,0.0,0.0
2025-10-11 00:00:00+05:30,367,Gudimalkapur,1571,Gudumalkapur,116,French Beans,116,Common,0.0,121.0,3500.0,5000.0,4000.0,0.0,0.0
2025-10-12 00:00:00+05:30,310,Shadnagar,1330,Shadnagar,113,Green Chillies,113,Common,0.0,20.0,2800.0,3500.0,3000.0,0.0,0.0
2025-10-12 00:00:00+05:30,367,Gudimalkapur,1571,Gudumalkapur,116,French Beans,116,Common,0.0,232.0,3000.0,5000.0,4000.0,0.0,0.0
2025-10-13 00:00:00+05:30,323,Gaddiannaram,2,L.B Nagar,122,Bottle Gourd,122,Common,0.0,57.0,600.0,1000.0,800.0,0.0,0.0
2025-10-13 00:00:00+05:30,325,Hyderabad,6,Madannapeta,127,Kheera,127,Common,0.0,10.0,1500.0,1500.0,1500.0,0.0,0.0
2025-10-13 00:00:00+05:30,325,Hyderabad,5,Mahabubmansion,68,Tamarind,222,No.II,0.0,158.0,8000.0,9200.0,9000.0,0.0,0.0
2025-10-13 00:00:00+05:30,325,Hyderabad,7,Meeralamandi,127,Kheera,127,Common,0.0,7.0,1800.0,2000.0,1900.0,0.0,0.0
2025-10-13 00:00:00+05:30,303,Kalwakurthy,1340,Kalwakurthy,117,Cluster Beans,117,Common,0.0,2.0,5000.0,6000.0,5500.0,0.0,0.0
2025-10-13 00:00:00+05:30,310,Shadnagar,1330,Shadnagar,113,Green Chillies,113,Common,0.0,10.0,3200.0,3800.0,3500.0,0.0,0.0
2025-10-13 00:00:00+05:30,367,Gudimalkapur,1571,Gudumalkapur,116,French Beans,116,Common,0.0,238.0,2500.0,4500.0,3000.0,0.0,0.0
2025-10-14 00:00:00+05:30,323,Gaddiannaram,2,L.B Nagar,122,Bottle Gourd,122,Common,0.0,65.0,600.0,1000.0,800.0,0.0,0.0
2025-10-14 00:00:00+05:30,324,Bowenpally,3,Bowenpally,114,Tomato,210,618,0.0,3283.0,400.0,2000.0,1500.0,0.0,0.0
2025-10-14 00:00:00+05:30,325,Hyderabad,6,Madannapeta,127,Kheera,127,Common,0.0,8.0,1500.0,1500.0,1500.0,0.0,0.0
2025-10-14 00:00:00+05:30,325,Hyderabad,5,Mahabubmansion,68,Tamarind,222,No.II,0.0,14.0,8000.0,9500.0,9000.0,0.0,0.0
2025-10-14 00:00:00+05:30,325,Hyderabad,7,Meeralamandi,127,Kheera,127,Common,0.0,3.0,1200.0,1500.0,1350.0,0.0,0.0
2025-10-14 00:00:00+05:30,278,Suryapet,1091,Suryapet,30,Groundnut pods,30,Common,0.0,38.0,3256.0,5506.0,5406.0,0.0,0.0
2025-10-14 00:00:00+05:30,241,Mahabubabad,1177,Mahabubabad,54,Chillies(Dry),268,Talu,0.0,22.0,8500.0,8650.0,8650.0,0.0,0.0
2025-10-14 00:00:00+05:30,310,Shadnagar,1330,Shadnagar,113,Green Chillies,113,Common,0.0,30.0,3000.0,4000.0,3500.0,0.0,0.0
2025-10-14 00:00:00+05:30,331,Vantimamidi,1612,Vantimamidi,116,French Beans,116,Common,0.0,3.0,3000.0,3000.0,3000.0,0.0,0.0
2025-10-14 00:00:00+05:30,367,Gudimalkapur,1571,Gudumalkapur,116,French Beans,116,Common,0.0,174.0,2500.0,4000.0,3000.0,0.0,0.0
2025-10-15 00:00:00+05:30,325,Hyderabad,7,Meeralamandi,127,Kheera,127,Common,0.0,3.0,1200.0,1500.0,1350.0,0.0,0.0
2025-10-15 00:00:00+05:30,325,Hyderabad,6,Madannapeta,127,Kheera,127,Common,0.0,9.0,1500.0,2000.0,1750.0,0.0,0.0
2025-10-15 00:00:00+05:30,323,Gaddiannaram,2,L.B Nagar,122,Bottle Gourd,122,Common,0.0,54.0,600.0,1000.0,800.0,0.0,0.0
2025-10-16 00:00:00+05:30,323,Gaddiannaram,2,L.B Nagar,122,Bottle Gourd,122,Common,0.0,40.0,600.0,1000.0,800.0,0.0,0.0
2025-10-15 00:00:00+05:30,310,Shadnagar,1330,Shadnagar,113,Green Chillies,113,Common,0.0,25.0,3000.0,4500.0,3500.0,0.0,0.0
2025-10-15 00:00:00+05:30,278,Suryapet,1091,Suryapet,30,Groundnut pods,30,Common,0.0,27.0,3059.0,5259.0,5226.0,0.0,0.0
2025-10-15 00:00:00+05:30,367,Gudimalkapur,1571,Gudumalkapur,116,French Beans,116,Common,0.0,123.0,2000.0,4000.0,3000.0,0.0,0.0
2025-10-16 00:00:00+05:30,278,Suryapet,1091,Suryapet,30,Groundnut pods,30,Common,0.0,21.0,3776.0,5152.0,5152.0,0.0,0.0
2025-10-16 00:00:00+05:30,325,Hyderabad,5,Mahabubmansion,68,Tamarind,222,No.II,0.0,22.0,8000.0,9200.0,9000.0,0.0,0.0
2025-10-16 00:00:00+05:30,325,Hyderabad,7,Meeralamandi,127,Kheera,127,Common,0.0,4.0,1800.0,2000.0,1900.0,0.0,0.0
2025-10-16 00:00:00+05:30,325,Hyderabad,6,Madannapeta,127,Kheera,127,Common,0.0,25.0,1500.0,2500.0,2000.0,0.0,0.0
2025-10-16 00:00:00+05:30,310,Shadnagar,1330,Shadnagar,113,Green Chillies,113,Common,0.0,16.0,3200.0,3800.0,3500.0,0.0,0.0
2025-10-16 00:00:00+05:30,212,Choppadandi,1123,Choppadandi,25,Cotton,25,Common,0.0,8.0,5200.0,5100.0,5200.0,0.0,0.0
2025-10-16 00:00:00+05:30,367,Gudimalkapur,1571,Gudumalkapur,116,French Beans,116,Common,0.0,151.0,2500.0,4500.0,3000.0,0.0,0.0
2025-10-17 00:00:00+05:30,325,Hyderabad,7,Meeralamandi,127,Kheera,127,Common,0.0,3.0,2000.0,2500.0,2250.0,0.0,0.0
2025-10-17 00:00:00+05:30,323,Gaddiannaram,2,L.B Nagar,122,Bottle Gourd,122,Common,0.0,50.0,800.0,1200.0,1000.0,0.0,0.0
2025-10-17 00:00:00+05:30,310,Shadnagar,1330,Shadnagar,113,Green Chillies,113,Common,0.0,20.0,3000.0,3800.0,3500.0,0.0,0.0
2025-10-17 00:00:00+05:30,212,Choppadandi,1123,Choppadandi,25,Cotton,25,Common,0.0,6.0,5300.0,4500.0,5400.0,0.0,0.0
2025-10-17 00:00:00+05:30,278,Suryapet,1091,Suryapet,30,Groundnut pods,30,Common,0.0,14.0,4559.0,5263.0,4559.0,0.0,0.0
2025-10-17 00:00:00+05:30,325,Hyderabad,5,Mahabubmansion,68,Tamarind,222,No.II,0.0,13.0,8000.0,9200.0,9000.0,0.0,0.0
2025-10-17 00:00:00+05:30,331,Vantimamidi,1612,Vantimamidi,116,French Beans,116,Common,0.0,3.0,3500.0,4000.0,3750.0,0.0,0.0
2025-10-17 00:00:00+05:30,367,Gudimalkapur,1571,Gudumalkapur,116,French Beans,116,Common,0.0,121.0,2500.0,4000.0,3000.0,0.0,0.0
2025-10-18 00:00:00+05:30,325,Hyderabad,5,Mahabubmansion,68,Tamarind,222,No.II,0.0,13.0,8000.0,9200.0,9000.0,0.0,0.0
2025-10-18 00:00:00+05:30,325,Hyderabad,7,Meeralamandi,127,Kheera,127,Common,0.0,4.0,2000.0,2500.0,2250.0,0.0,0.0
2025-10-18 00:00:00+05:30,325,Hyderabad,6,Madannapeta,127,Kheera,127,Common,0.0,13.0,1500.0,2000.0,1750.0,0.0,0.0
2025-10-18 00:00:00+05:30,323,Gaddiannaram,2,L.B Nagar,122,Bottle Gourd,122,Common,0.0,55.0,800.0,1200.0,1000.0,0.0,0.0
2025-10-18 00:00:00+05:30,303,Kalwakurthy,1340,Kalwakurthy,117,Cluster Beans,117,Common,0.0,1.0,7000.0,7000.0,7000.0,0.0,0.0
2025-10-18 00:00:00+05:30,331,Vantimamidi,1612,Vantimamidi,116,French Beans,116,Common,0.0,12.0,3000.0,4500.0,3750.0,0.0,0.0
2025-10-18 00:00:00+05:30,367,Gudimalkapur,1571,Gudumalkapur,116,French Beans,116,Common,0.0,166.0,2000.0,4500.0,3000.0,0.0,0.0
2025-10-18 00:00:00+05:30,212,Choppadandi,1123,Choppadandi,25,Cotton,25,Common,0.0,6.0,5300.0,4500.0,5400.0,0.0,0.0
2025-10-18 00:00:00+05:30,310,Shadnagar,1330,Shadnagar,113,Green Chillies,113,Common,0.0,20.0,3000.0,3800.0,3500.0,0.0,0.0
2025-10-19 00:00:00+05:30,323,Gaddiannaram,2,L.B Nagar,122,Bottle Gourd,122,Common,0.0,32.0,800.0,1200.0,1000.0,0.0,0.0
2025-10-19 00:00:00+05:30,325,Hyderabad,6,Madannapeta,127,Kheera,127,Common,0.0,25.0,1500.0,2500.0,2000.0,0.0,0.0
2025-10-19 00:00:00+05:30,324,Bowenpally,3,Bowenpally,114,Tomato,210,618,0.0,2560.0,400.0,1800.0,1400.0,0.0,0.0
2025-10-19 00:00:00+05:30,325,Hyderabad,7,Meeralamandi,127,Kheera,127,Common,0.0,5.0,2000.0,2000.0,2000.0,0.0,0.0
2025-10-19 00:00:00+05:30,367,Gudimalkapur,1571,Gudumalkapur,116,French Beans,116,Common,0.0,156.0,2500.0,4500.0,3500.0,0.0,0.0
2025-10-19 00:00:00+05:30,303,Kalwakurthy,1340,Kalwakurthy,117,Cluster Beans,117,Common,0.0,1.0,6000.0,7000.0,6500.0,0.0,0.0
2025-10-19 00:00:00+05:30,310,Shadnagar,1330,Shadnagar,113,Green Chillies,113,Common,0.0,25.0,3000.0,4000.0,3500.0,0.0,0.0
2025-10-20 00:00:00+05:30,323,Gaddiannaram,2,L.B Nagar,122,Bottle Gourd,122,Common,0.0,47.0,800.0,1200.0,1000.0,0.0,0.0
2025-10-20 00:00:00+05:30,325,Hyderabad,6,Madannapeta,127,Kheera,127,Common,0.0,16.0,1300.0,1500.0,1400.0,0.0,0.0
2025-10-20 00:00:00+05:30,324,Bowenpally,3,Bowenpally,114,Tomato,210,618,0.0,4237.0,400.0,2000.0,1600.0,0.0,0.0
2025-10-20 00:00:00+05:30,303,Kalwakurthy,1340,Kalwakurthy,117,Cluster Beans,117,Common,0.0,1.0,7000.0,7000.0,7000.0,0.0,0.0
2025-10-20 00:00:00+05:30,310,Shadnagar,1330,Shadnagar,113,Green Chillies,113,Common,0.0,15.0,2800.0,3500.0,3200.0,0.0,0.0
2025-10-20 00:00:00+05:30,325,Hyderabad,5,Mahabubmansion,68,Tamarind,222,No.II,0.0,58.0,8000.0,9200.0,9000.0,0.0,0.0
2025-10-20 00:00:00+05:30,367,Gudimalkapur,1571,Gudumalkapur,116,French Beans,116,Common,0.0,134.0,2500.0,4000.0,3000.0,0.0,0.0
2025-10-21 00:00:00+05:30,331,Vantimamidi,1612,Vantimamidi,116,French Beans,116,Common,0.0,2.0,3500.0,4500.0,4000.0,0.0,0.0
2025-10-21 00:00:00+05:30,310,Shadnagar,1330,Shadnagar,113,Green Chillies,113,Common,0.0,15.0,3000.0,4000.0,3500.0,0.0,0.0
2025-10-22 00:00:00+05:30,325,Hyderabad,7,Meeralamandi,127,Kheera,127,Common,0.0,4.0,1500.0,2000.0,1750.0,0.0,0.0
2025-10-22 00:00:00+05:30,325,Hyderabad,6,Madannapeta,127,Kheera,127,Common,0.0,18.0,1500.0,2000.0,1750.0,0.0,0.0
2025-10-22 00:00:00+05:30,325,Hyderabad,5,Mahabubmansion,68,Tamarind,222,No.II,0.0,88.0,8000.0,9500.0,9000.0,0.0,0.0
2025-10-22 00:00:00+05:30,323,Gaddiannaram,2,L.B Nagar,122,Bottle Gourd,122,Common,0.0,53.0,800.0,1200.0,1000.0,0.0,0.0
2025-10-22 00:00:00+05:30,310,Shadnagar,1330,Shadnagar,113,Green Chillies,113,Common,0.0,20.0,3500.0,4000.0,3800.0,0.0,0.0
2025-10-22 00:00:00+05:30,278,Suryapet,1091,Suryapet,30,Groundnut pods,30,Common,0.0,24.0,4559.0,5679.0,4559.0,0.0,0.0
2025-10-23 00:00:00+05:30,323,Gaddiannaram,2,L.B Nagar,122,Bottle Gourd,122,Common,0.0,59.0,800.0,1200.0,1000.0,0.0,0.0
2025-10-22 00:00:00+05:30,331,Vantimamidi,1612,Vantimamidi,116,French Beans,116,Common,0.0,7.0,3000.0,3000.0,3000.0,0.0,0.0
2025-10-22 00:00:00+05:30,303,Kalwakurthy,1340,Kalwakurthy,117,Cluster Beans,117,Common,0.0,1.0,5000.0,7000.0,6000.0,0.0,0.0
2025-10-22 00:00:00+05:30,367,Gudimalkapur,1571,Gudumalkapur,116,French Beans,116,Common,0.0,96.0,3500.0,6000.0,4500.0,0.0,0.0
2025-10-23 00:00:00+05:30,325,Hyderabad,7,Meeralamandi,127,Kheera,127,Common,0.0,3.0,1500.0,2000.0,1750.0,0.0,0.0
2025-10-23 00:00:00+05:30,325,Hyderabad,5,Mahabubmansion,68,Tamarind,222,No.II,0.0,41.0,8000.0,9500.0,9000.0,0.0,0.0
2025-10-23 00:00:00+05:30,325,Hyderabad,6,Madannapeta,127,Kheera,127,Common,0.0,40.0,1000.0,1500.0,1250.0,0.0,0.0
2025-10-23 00:00:00+05:30,367,Gudimalkapur,1571,Gudumalkapur,116,French Beans,116,Common,0.0,73.0,3500.0,7000.0,5000.0,0.0,0.0
2025-10-23 00:00:00+05:30,310,Shadnagar,1330,Shadnagar,113,Green Chillies,113,Common,0.0,10.0,3500.0,4500.0,3800.0,0.0,0.0
2025-10-23 00:00:00+05:30,278,Suryapet,1091,Suryapet,30,Groundnut pods,30,Common,0.0,52.0,3716.0,4859.0,4816.0,0.0,0.0
2025-10-23 00:00:00+05:30,331,Vantimamidi,1612,Vantimamidi,116,French Beans,116,Common,0.0,1.0,3000.0,3000.0,3000.0,0.0,0.0
2025-10-24 00:00:00+05:30,323,Gaddiannaram,2,L.B Nagar,122,Bottle Gourd,122,Common,0.0,45.0,800.0,1200.0,1000.0,0.0,0.0
2025-10-24 00:00:00+05:30,325,Hyderabad,6,Madannapeta,127,Kheera,127,Common,0.0,15.0,1000.0,2000.0,1500.0,0.0,0.0
2025-10-24 00:00:00+05:30,310,Shadnagar,1330,Shadnagar,113,Green Chillies,113,Common,0.0,25.0,3500.0,4500.0,3800.0,0.0,0.0
2025-10-24 00:00:00+05:30,325,Hyderabad,5,Mahabubmansion,68,Tamarind,222,No.II,0.0,85.0,8000.0,9200.0,9000.0,0.0,0.0
2025-10-24 00:00:00+05:30,325,Hyderabad,7,Meeralamandi,127,Kheera,127,Common,0.0,3.0,1500.0,2000.0,1750.0,0.0,0.0
2025-10-24 00:00:00+05:30,331,Vantimamidi,1612,Vantimamidi,116,French Beans,116,Common,0.0,6.0,3000.0,3000.0,3000.0,0.0,0.0
2025-10-24 00:00:00+05:30,367,Gudimalkapur,1571,Gudumalkapur,116,French Beans,116,Common,0.0,100.0,3000.0,600.0,4000.0,0.0,0.0
2025-10-25 00:00:00+05:30,325,Hyderabad,6,Madannapeta,127,Kheera,127,Common,0.0,17.0,1000.0,1500.0,1250.0,0.0,0.0
2025-10-25 00:00:00+05:30,323,Gaddiannaram,2,L.B Nagar,122,Bottle Gourd,122,Common,0.0,24.0,800.0,1200.0,1000.0,0.0,0.0
2025-10-25 00:00:00+05:30,325,Hyderabad,5,Mahabubmansion,68,Tamarind,222,No.II,0.0,20.0,8000.0,9500.0,9000.0,0.0,0.0
2025-10-25 00:00:00+05:30,325,Hyderabad,7,Meeralamandi,127,Kheera,127,Common,0.0,5.0,1500.0,2000.0,1750.0,0.0,0.0
2025-10-25 00:00:00+05:30,278,Suryapet,1091,Suryapet,30,Groundnut pods,30,Common,0.0,18.0,3859.0,4879.0,4159.0,0.0,0.0
2025-10-25 00:00:00+05:30,310,Shadnagar,1330,Shadnagar,113,Green Chillies,113,Common,0.0,15.0,2200.0,2800.0,2500.0,0.0,0.0
2025-10-25 00:00:00+05:30,367,Gudimalkapur,1571,Gudumalkapur,116,French Beans,116,Common,0.0,261.0,4000.0,5500.0,5000.0,0.0,0.0
2025-10-25 00:00:00+05:30,331,Vantimamidi,1612,Vantimamidi,116,French Beans,116,Common,0.0,5.0,3000.0,3000.0,3000.0,0.0,0.0
2025-10-26 00:00:00+05:30,323,Gaddiannaram,2,L.B Nagar,122,Bottle Gourd,122,Common,0.0,52.0,800.0,1200.0,1000.0,0.0,0.0
2025-10-26 00:00:00+05:30,325,Hyderabad,6,Madannapeta,127,Kheera,127,Common,0.0,30.0,1000.0,1200.0,1100.0,0.0,0.0
2025-10-26 00:00:00+05:30,324,Bowenpally,3,Bowenpally,114,Tomato,210,618,0.0,3615.0,800.0,2000.0,1600.0,0.0,0.0
2025-10-26 00:00:00+05:30,325,Hyderabad,7,Meeralamandi,127,Kheera,127,Common,0.0,3.0,1500.0,2000.0,1750.0,0.0,0.0
2025-10-26 00:00:00+05:30,310,Shadnagar,1330,Shadnagar,113,Green Chillies,113,Common,0.0,20.0,3500.0,4500.0,3000.0,0.0,0.0
2025-10-26 00:00:00+05:30,367,Gudimalkapur,1571,Gudumalkapur,116,French Beans,116,Common,0.0,122.0,3000.0,5000.0,4000.0,0.0,0.0
2025-10-27 00:00:00+05:30,323,Gaddiannaram,2,L.B Nagar,122,Bottle Gourd,122,Common,0.0,68.0,800.0,1200.0,1000.0,0.0,0.0
2025-10-27 00:00:00+05:30,325,Hyderabad,6,Madannapeta,127,Kheera,127,Common,0.0,20.0,1000.0,1500.0,1250.0,0.0,0.0
2025-10-27 00:00:00+05:30,325,Hyderabad,5,Mahabubmansion,68,Tamarind,222,No.II,0.0,15.0,8000.0,9500.0,9000.0,0.0,0.0
2025-10-26 00:00:00+05:30,331,Vantimamidi,1612,Vantimamidi,116,French Beans,116,Common,0.0,13.0,2000.0,3500.0,2750.0,0.0,0.0
2025-10-27 00:00:00+05:30,325,Hyderabad,7,Meeralamandi,127,Kheera,127,Common,0.0,6.0,2000.0,2000.0,2000.0,0.0,0.0
2025-10-27 00:00:00+05:30,278,Suryapet,1091,Suryapet,30,Groundnut pods,30,Common,0.0,18.0,4350.0,6013.0,5063.0,0.0,0.0
2025-10-27 00:00:00+05:30,303,Kalwakurthy,1340,Kalwakurthy,117,Cluster Beans,117,Common,0.0,1.0,6000.0,6000.0,6000.0,0.0,0.0
2025-10-27 00:00:00+05:30,310,Shadnagar,1330,Shadnagar,113,Green Chillies,113,Common,0.0,25.0,3500.0,4500.0,4000.0,0.0,0.0
2025-10-27 00:00:00+05:30,367,Gudimalkapur,1571,Gudumalkapur,116,French Beans,116,Common,0.0,114.0,3500.0,5500.0,4000.0,0.0,0.0
2025-10-28 00:00:00+05:30,323,Gaddiannaram,2,L.B Nagar,122,Bottle Gourd,122,Common,0.0,78.0,800.0,1200.0,1000.0,0.0,0.0
2025-10-27 00:00:00+05:30,331,Vantimamidi,1612,Vantimamidi,116,French Beans,116,Common,0.0,3.0,3000.0,3000.0,3000.0,0.0,0.0
2025-10-28 00:00:00+05:30,325,Hyderabad,7,Meeralamandi,127,Kheera,127,Common,0.0,3.0,1500.0,1500.0,1500.0,0.0,0.0
2025-10-28 00:00:00+05:30,325,Hyderabad,6,Madannapeta,127,Kheera,127,Common,0.0,12.0,1000.0,1200.0,1100.0,0.0,0.0
2025-10-28 00:00:00+05:30,241,Mahabubabad,1177,Mahabubabad,54,Chillies(Dry),268,Talu,0.0,7.0,8210.0,9000.0,8210.0,0.0,0.0
2025-10-28 00:00:00+05:30,310,Shadnagar,1330,Shadnagar,113,Green Chillies,113,Common,0.0,20.0,3500.0,4000.0,3800.0,0.0,0.0
2025-10-28 00:00:00+05:30,303,Kalwakurthy,1340,Kalwakurthy,117,Cluster Beans,117,Common,0.0,1.0,6000.0,6000.0,6000.0,0.0,0.0
2025-10-28 00:00:00+05:30,278,Suryapet,1091,Suryapet,30,Groundnut pods,30,Common,0.0,7.0,4550.0,4559.0,4550.0,0.0,0.0
2025-10-28 00:00:00+05:30,212,Choppadandi,1123,Choppadandi,25,Cotton,25,Common,0.0,13.0,5100.0,5800.0,5800.0,0.0,0.0
2025-10-29 00:00:00+05:30,323,Gaddiannaram,2,L.B Nagar,122,Bottle Gourd,122,Common,0.0,85.0,800.0,1200.0,1000.0,0.0,0.0
2025-10-28 00:00:00+05:30,331,Vantimamidi,1612,Vantimamidi,116,French Beans,116,Common,0.0,12.0,3000.0,5000.0,4000.0,0.0,0.0
2025-10-28 00:00:00+05:30,367,Gudimalkapur,1571,Gudumalkapur,116,French Beans,116,Common,0.0,120.0,2500.0,6000.0,4000.0,0.0,0.0
2025-10-29 00:00:00+05:30,325,Hyderabad,5,Mahabubmansion,68,Tamarind,222,No.II,0.0,50.0,7000.0,9200.0,8000.0,0.0,0.0
2025-10-29 00:00:00+05:30,325,Hyderabad,6,Madannapeta,127,Kheera,127,Common,0.0,30.0,1000.0,1200.0,1100.0,0.0,0.0
2025-10-29 00:00:00+05:30,310,Shadnagar,1330,Shadnagar,113,Green Chillies,113,Common,0.0,20.0,3800.0,4500.0,4200.0,0.0,0.0
2025-10-29 00:00:00+05:30,331,Vantimamidi,1612,Vantimamidi,116,French Beans,116,Common,0.0,11.0,2000.0,3000.0,2500.0,0.0,0.0
2025-10-30 00:00:00+05:30,323,Gaddiannaram,2,L.B Nagar,122,Bottle Gourd,122,Common,0.0,55.0,700.0,1000.0,800.0,0.0,0.0
2025-10-29 00:00:00+05:30,367,Gudimalkapur,1571,Gudumalkapur,116,French Beans,116,Common,0.0,91.0,2500.0,5000.0,4000.0,0.0,0.0
2025-10-30 00:00:00+05:30,325,Hyderabad,5,Mahabubmansion,68,Tamarind,222,No.II,0.0,72.0,8000.0,9200.0,9000.0,0.0,0.0
2025-10-30 00:00:00+05:30,325,Hyderabad,6,Madannapeta,127,Kheera,127,Common,0.0,18.0,1000.0,1200.0,1100.0,0.0,0.0
2025-10-30 00:00:00+05:30,325,Hyderabad,7,Meeralamandi,127,Kheera,127,Common,0.0,4.0,2000.0,2500.0,2250.0,0.0,0.0
2025-10-30 00:00:00+05:30,278,Suryapet,1091,Suryapet,30,Groundnut pods,30,Common,0.0,6.0,4900.0,4900.0,4900.0,0.0,0.0
2025-10-30 00:00:00+05:30,331,Vantimamidi,1612,Vantimamidi,116,French Beans,116,Common,0.0,5.0,3000.0,3000.0,3000.0,0.0,0.0
2025-10-30 00:00:00+05:30,303,Kalwakurthy,1340,Kalwakurthy,117,Cluster Beans,117,Common,0.0,1.0,6000.0,6000.0,6000.0,0.0,0.0
2025-10-30 00:00:00+05:30,310,Shadnagar,1330,Shadnagar,113,Green Chillies,113,Common,0.0,15.0,2500.0,3500.0,3000.0,0.0,0.0
2025-10-30 00:00:00+05:30,367,Gudimalkapur,1571,Gudumalkapur,116,French Beans,116,Common,0.0,67.0,4000.0,6000.0,4500.0,0.0,0.0
2025-10-31 00:00:00+05:30,325,Hyderabad,6,Madannapeta,127,Kheera,127,Common,0.0,6.0,2000.0,2000.0,2000.0,0.0,0.0
2025-10-31 00:00:00+05:30,323,Gaddiannaram,2,L.B Nagar,122,Bottle Gourd,122,Common,0.0,59.0,1000.0,1200.0,1100.0,0.0,0.0
2025-10-31 00:00:00+05:30,303,Kalwakurthy,1340,Kalwakurthy,117,Cluster Beans,117,Common,0.0,1.0,6000.0,6000.0,6000.0,0.0,0.0
2025-10-31 00:00:00+05:30,310,Shadnagar,1330,Shadnagar,113,Green Chillies,113,Common,0.0,20.0,3200.0,3800.0,3500.0,0.0,0.0
2025-10-31 00:00:00+05:30,367,Gudimalkapur,1571,Gudumalkapur,116,French Beans,116,Common,0.0,69.0,4000.0,6000.0,5000.0,0.0,0.0
2025-10-31 00:00:00+05:30,331,Vantimamidi,1612,Vantimamidi,116,French Beans,116,Common,0.0,42.0,2500.0,3200.0,2850.0,0.0,0.0
2025-10-31 00:00:00+05:30,278,Suryapet,1091,Suryapet,30,Groundnut pods,30,Common,0.0,31.0,3672.0,5046.0,4559.0,0.0,0.0
2025-10-31 00:00:00+05:30,212,Choppadandi,1123,Choppadandi,25,Cotton,25,Common,0.0,20.0,5600.0,6000.0,6000.0,0.0,0.0
2025-10-31 00:00:00+05:30,325,Hyderabad,7,Meeralamandi,127,Kheera,127,Common,0.0,3.0,1000.0,1500.0,1250.0,0.0,0.0
2025-10-28 00:00:00+05:30,323,Gaddiannaram,2,L.B Nagar,123,Ribbed Gourd,123,Common,0.0,49.0,2000.0,3000.0,2500.0,0.0,0.0
2025-10-28 00:00:00+05:30,323,Gaddiannaram,1,Gaddiannaram,89,Papaya,89,Common,0.0,894.0,600.0,1500.0,700.0,0.0,0.0
2025-10-27 00:00:00+05:30,367,Gudimalkapur,1571,Gudumalkapur,117,Cluster Beans,117,Common,0.0,60.0,3000.0,7000.0,4000.0,0.0,0.0
2025-10-27 00:00:00+05:30,310,Shadnagar,1330,Shadnagar,114,Tomato,197,Local,0.0,20.0,2500.0,3500.0,3000.0,0.0,0.0
2025-10-27 00:00:00+05:30,325,Hyderabad,6,Madannapeta,129,Cucumber,129,Common,0.0,3.0,2500.0,2500.0,2500.0,0.0,0.0
2025-10-27 00:00:00+05:30,246,Warangal,886,Warangal,25,Cotton,25,Common,0.0,7449.0,5000.0,6925.0,6500.0,0.0,0.0
2025-10-27 00:00:00+05:30,323,Gaddiannaram,2,L.B Nagar,123,Ribbed Gourd,123,Common,0.0,47.0,2000.0,3000.0,2500.0,0.0,0.0
2025-10-27 00:00:00+05:30,323,Gaddiannaram,1,Gaddiannaram,89,Papaya,89,Common,0.0,1009.0,400.0,1600.0,600.0,0.0,0.0
2025-10-26 00:00:00+05:30,367,Gudimalkapur,1571,Gudumalkapur,117,Cluster Beans,117,Common,0.0,111.0,3000.0,7000.0,4000.0,0.0,0.0
2025-10-26 00:00:00+05:30,310,Shadnagar,1330,Shadnagar,114,Tomato,197,Local,0.0,20.0,2800.0,3500.0,3000.0,0.0,0.0
2025-10-26 00:00:00+05:30,323,Gaddiannaram,1,Gaddiannaram,89,Papaya,89,Common,0.0,682.0,400.0,1200.0,500.0,0.0,0.0
2025-10-26 00:00:00+05:30,325,Hyderabad,6,Madannapeta,129,Cucumber,129,Common,0.0,3.0,2500.0,2500.0,2500.0,0.0,0.0
2025-10-26 00:00:00+05:30,323,Gaddiannaram,2,L.B Nagar,123,Ribbed Gourd,123,Common,0.0,91.0,2000.0,3000.0,2500.0,0.0,0.0
2025-10-25 00:00:00+05:30,367,Gudimalkapur,1571,Gudumalkapur,117,Cluster Beans,117,Common,0.0,87.0,2500.0,6000.0,4000.0,0.0,0.0
2025-10-25 00:00:00+05:30,310,Shadnagar,1330,Shadnagar,114,Tomato,197,Local,0.0,20.0,1500.0,2000.0,1800.0,0.0,0.0
2025-10-25 00:00:00+05:30,323,Gaddiannaram,2,L.B Nagar,123,Ribbed Gourd,123,Common,0.0,50.0,2000.0,3000.0,2500.0,0.0,0.0
2025-10-24 00:00:00+05:30,367,Gudimalkapur,1571,Gudumalkapur,117,Cluster Beans,117,Common,0.0,111.0,3500.0,7000.0,4000.0,0.0,0.0
2025-10-25 00:00:00+05:30,323,Gaddiannaram,1,Gaddiannaram,89,Papaya,89,Common,0.0,1360.0,500.0,1700.0,700.0,0.0,0.0
2025-10-24 00:00:00+05:30,310,Shadnagar,1330,Shadnagar,114,Tomato,197,Local,0.0,20.0,1800.0,2200.0,2000.0,0.0,0.0
2025-10-24 00:00:00+05:30,323,Gaddiannaram,2,L.B Nagar,123,Ribbed Gourd,123,Common,0.0,60.0,2000.0,3000.0,2500.0,0.0,0.0
2025-10-24 00:00:00+05:30,246,Warangal,886,Warangal,25,Cotton,25,Common,0.0,4634.0,5000.0,6905.0,6300.0,0.0,0.0
2025-10-24 00:00:00+05:30,323,Gaddiannaram,1,Gaddiannaram,89,Papaya,89,Common,0.0,947.0,500.0,1700.0,700.0,0.0,0.0
2025-10-23 00:00:00+05:30,310,Shadnagar,1330,Shadnagar,114,Tomato,197,Local,0.0,12.0,1800.0,2500.0,2200.0,0.0,0.0
2025-10-23 00:00:00+05:30,367,Gudimalkapur,1571,Gudumalkapur,117,Cluster Beans,117,Common,0.0,87.0,4500.0,6500.0,5000.0,0.0,0.0
2025-10-23 00:00:00+05:30,325,Hyderabad,6,Madannapeta,129,Cucumber,129,Common,0.0,5.0,2000.0,2000.0,2000.0,0.0,0.0
2025-10-23 00:00:00+05:30,323,Gaddiannaram,1,Gaddiannaram,89,Papaya,89,Common,0.0,929.0,700.0,2000.0,900.0,0.0,0.0
2025-10-23 00:00:00+05:30,246,Warangal,886,Warangal,25,Cotton,25,Common,0.0,4014.0,5200.0,6810.0,6000.0,0.0,0.0
2025-10-22 00:00:00+05:30,367,Gudimalkapur,1571,Gudumalkapur,117,Cluster Beans,117,Common,0.0,81.0,3500.0,7500.0,4500.0,0.0,0.0
2025-10-23 00:00:00+05:30,323,Gaddiannaram,2,L.B Nagar,123,Ribbed Gourd,123,Common,0.0,65.0,2000.0,3000.0,2500.0,0.0,0.0
2025-10-22 00:00:00+05:30,246,Warangal,886,Warangal,25,Cotton,25,Common,0.0,2406.0,5000.0,7010.0,6400.0,0.0,0.0
2025-10-22 00:00:00+05:30,310,Shadnagar,1330,Shadnagar,114,Tomato,197,Local,0.0,15.0,1500.0,2000.0,1800.0,0.0,0.0
2025-10-22 00:00:00+05:30,323,Gaddiannaram,2,L.B Nagar,123,Ribbed Gourd,123,Common,0.0,52.0,2000.0,3000.0,2500.0,0.0,0.0
2025-10-22 00:00:00+05:30,323,Gaddiannaram,1,Gaddiannaram,89,Papaya,89,Common,0.0,380.0,400.0,1700.0,600.0,0.0,0.0
2025-10-21 00:00:00+05:30,310,Shadnagar,1330,Shadnagar,114,Tomato,197,Local,0.0,20.0,1800.0,2500.0,2000.0,0.0,0.0
2025-10-20 00:00:00+05:30,367,Gudimalkapur,1571,Gudumalkapur,117,Cluster Beans,117,Common,0.0,95.0,3000.0,4500.0,3500.0,0.0,0.0
2025-10-20 00:00:00+05:30,310,Shadnagar,1330,Shadnagar,114,Tomato,197,Local,0.0,10.0,1800.0,2500.0,2000.0,0.0,0.0
2025-10-21 00:00:00+05:30,323,Gaddiannaram,1,Gaddiannaram,89,Papaya,89,Common,0.0,463.0,400.0,1600.0,600.0,0.0,0.0
2025-10-20 00:00:00+05:30,325,Hyderabad,6,Madannapeta,129,Cucumber,129,Common,0.0,5.0,2000.0,2000.0,2000.0,0.0,0.0
2025-10-20 00:00:00+05:30,323,Gaddiannaram,2,L.B Nagar,123,Ribbed Gourd,123,Common,0.0,65.0,2000.0,3000.0,2500.0,0.0,0.0
2025-10-20 00:00:00+05:30,323,Gaddiannaram,1,Gaddiannaram,89,Papaya,89,Common,0.0,465.0,500.0,1400.0,600.0,0.0,0.0
2025-10-19 00:00:00+05:30,310,Shadnagar,1330,Shadnagar,114,Tomato,197,Local,0.0,20.0,2200.0,2500.0,2300.0,0.0,0.0
2025-10-19 00:00:00+05:30,367,Gudimalkapur,1571,Gudumalkapur,117,Cluster Beans,117,Common,0.0,82.0,3000.0,5000.0,3700.0,0.0,0.0
2025-10-19 00:00:00+05:30,323,Gaddiannaram,1,Gaddiannaram,89,Papaya,89,Common,0.0,467.0,400.0,1400.0,600.0,0.0,0.0
2025-10-19 00:00:00+05:30,325,Hyderabad,6,Madannapeta,129,Cucumber,129,Common,0.0,20.0,1500.0,2000.0,1750.0,0.0,0.0
2025-10-19 00:00:00+05:30,323,Gaddiannaram,2,L.B Nagar,123,Ribbed Gourd,123,Common,0.0,45.0,2000.0,3000.0,2500.0,0.0,0.0
2025-10-18 00:00:00+05:30,310,Shadnagar,1330,Shadnagar,114,Tomato,197,Local,0.0,20.0,1800.0,2500.0,2000.0,0.0,0.0
2025-10-18 00:00:00+05:30,192,Jainath,26,Jainath,77,Mosambi,77,Common,0.0,160.0,550.0,625.0,587.0,0.0,0.0
2025-10-18 00:00:00+05:30,367,Gudimalkapur,1571,Gudumalkapur,117,Cluster Beans,117,Common,0.0,99.0,2000.0,4000.0,3200.0,0.0,0.0
2025-10-18 00:00:00+05:30,323,Gaddiannaram,2,L.B Nagar,123,Ribbed Gourd,123,Common,0.0,54.0,2000.0,3000.0,2500.0,0.0,0.0
2025-10-18 00:00:00+05:30,325,Hyderabad,6,Madannapeta,129,Cucumber,129,Common,0.0,3.0,2500.0,2500.0,2500.0,0.0,0.0
2025-10-17 00:00:00+05:30,367,Gudimalkapur,1571,Gudumalkapur,117,Cluster Beans,117,Common,0.0,81.0,2500.0,5000.0,3500.0,0.0,0.0
2025-10-18 00:00:00+05:30,323,Gaddiannaram,1,Gaddiannaram,89,Papaya,89,Common,0.0,862.0,1000.0,1600.0,1200.0,0.0,0.0
2025-10-17 00:00:00+05:30,310,Shadnagar,1330,Shadnagar,114,Tomato,197,Local,0.0,25.0,1800.0,2200.0,2000.0,0.0,0.0
2025-10-17 00:00:00+05:30,323,Gaddiannaram,2,L.B Nagar,123,Ribbed Gourd,123,Common,0.0,50.0,2000.0,3000.0,2500.0,0.0,0.0
2025-10-17 00:00:00+05:30,325,Hyderabad,6,Madannapeta,129,Cucumber,129,Common,0.0,10.0,1000.0,1500.0,1250.0,0.0,0.0
2025-10-17 00:00:00+05:30,246,Warangal,886,Warangal,25,Cotton,25,Common,0.0,7084.0,5300.0,6800.0,6400.0,0.0,0.0
2025-10-16 00:00:00+05:30,367,Gudimalkapur,1571,Gudumalkapur,117,Cluster Beans,117,Common,0.0,119.0,3000.0,5500.0,4000.0,0.0,0.0
2025-10-16 00:00:00+05:30,310,Shadnagar,1330,Shadnagar,114,Tomato,197,Local,0.0,20.0,1800.0,2200.0,2300.0,0.0,0.0
2025-10-17 00:00:00+05:30,323,Gaddiannaram,1,Gaddiannaram,89,Papaya,89,Common,0.0,1139.0,300.0,1600.0,600.0,0.0,0.0
2025-10-16 00:00:00+05:30,325,Hyderabad,6,Madannapeta,129,Cucumber,129,Common,0.0,20.0,1500.0,2000.0,1750.0,0.0,0.0
2025-10-16 00:00:00+05:30,246,Warangal,886,Warangal,25,Cotton,25,Common,0.0,5159.0,5000.0,6930.0,6300.0,0.0,0.0
2025-10-15 00:00:00+05:30,367,Gudimalkapur,1571,Gudumalkapur,117,Cluster Beans,117,Common,0.0,113.0,3500.0,7000.0,4500.0,0.0,0.0
2025-10-15 00:00:00+05:30,310,Shadnagar,1330,Shadnagar,114,Tomato,197,Local,0.0,15.0,2000.0,2800.0,2500.0,0.0,0.0
2025-10-16 00:00:00+05:30,323,Gaddiannaram,2,L.B Nagar,123,Ribbed Gourd,123,Common,0.0,55.0,2000.0,3000.0,2500.0,0.0,0.0
2025-10-16 00:00:00+05:30,323,Gaddiannaram,1,Gaddiannaram,89,Papaya,89,Common,0.0,969.0,300.0,1800.0,700.0,0.0,0.0
2025-10-15 00:00:00+05:30,323,Gaddiannaram,2,L.B Nagar,123,Ribbed Gourd,123,Common,0.0,115.0,2000.0,3000.0,2500.0,0.0,0.0
2025-10-15 00:00:00+05:30,325,Hyderabad,6,Madannapeta,129,Cucumber,129,Common,0.0,3.0,2000.0,2000.0,2000.0,0.0,0.0
2025-10-15 00:00:00+05:30,246,Warangal,886,Warangal,25,Cotton,25,Common,0.0,6312.0,5200.0,6940.0,6000.0,0.0,0.0
2025-10-14 00:00:00+05:30,367,Gudimalkapur,1571,Gudumalkapur,117,Cluster Beans,117,Common,0.0,105.0,3500.0,7000.0,4500.0,0.0,0.0
2025-10-15 00:00:00+05:30,323,Gaddiannaram,1,Gaddiannaram,89,Papaya,89,Common,0.0,1129.0,400.0,1800.0,600.0,0.0,0.0
2025-10-14 00:00:00+05:30,310,Shadnagar,1330,Shadnagar,114,Tomato,197,Local,0.0,12.0,2000.0,2500.0,2300.0,0.0,0.0
2025-10-14 00:00:00+05:30,278,Suryapet,1091,Suryapet,31,Castor,31,Common,0.0,19.0,5532.0,5532.0,5532.0,0.0,0.0
2025-10-14 00:00:00+05:30,323,Gaddiannaram,1,Gaddiannaram,89,Papaya,89,Common,0.0,1054.0,600.0,1800.0,800.0,0.0,0.0
2025-10-14 00:00:00+05:30,325,Hyderabad,6,Madannapeta,129,Cucumber,129,Common,0.0,6.0,2000.0,2000.0,2000.0,0.0,0.0
2025-10-14 00:00:00+05:30,246,Warangal,886,Warangal,25,Cotton,25,Common,0.0,4615.0,5000.0,6960.0,6000.0,0.0,0.0
2025-10-14 00:00:00+05:30,323,Gaddiannaram,2,L.B Nagar,123,Ribbed Gourd,123,Common,0.0,73.0,2000.0,3000.0,2500.0,0.0,0.0
2025-10-13 00:00:00+05:30,367,Gudimalkapur,1571,Gudumalkapur,117,Cluster Beans,117,Common,0.0,60.0,3000.0,5000.0,3500.0,0.0,0.0
2025-10-13 00:00:00+05:30,310,Shadnagar,1330,Shadnagar,114,Tomato,197,Local,0.0,15.0,1800.0,2500.0,2000.0,0.0,0.0
2025-10-13 00:00:00+05:30,246,Warangal,886,Warangal,25,Cotton,25,Common,0.0,8779.0,5500.0,6930.0,6500.0,0.0,0.0
2025-10-13 00:00:00+05:30,325,Hyderabad,6,Madannapeta,129,Cucumber,129,Common,0.0,11.0,2000.0,2500.0,2250.0,0.0,0.0
2025-10-13 00:00:00+05:30,323,Gaddiannaram,2,L.B Nagar,123,Ribbed Gourd,123,Common,0.0,62.0,2000.0,3000.0,2500.0,0.0,0.0
2025-10-12 00:00:00+05:30,367,Gudimalkapur,1571,Gudumalkapur,117,Cluster Beans,117,Common,0.0,68.0,3500.0,5500.0,4000.0,0.0,0.0
2025-10-12 00:00:00+05:30,310,Shadnagar,1330,Shadnagar,114,Tomato,197,Local,0.0,10.0,1200.0,1800.0,1500.0,0.0,0.0
2025-10-13 00:00:00+05:30,323,Gaddiannaram,1,Gaddiannaram,89,Papaya,89,Common,0.0,816.0,400.0,1900.0,600.0,0.0,0.0
2025-10-11 00:00:00+05:30,367,Gudimalkapur,1571,Gudumalkapur,117,Cluster Beans,117,Common,0.0,103.0,3000.0,5500.0,4000.0,0.0,0.0
2025-10-12 00:00:00+05:30,323,Gaddiannaram,2,L.B Nagar,123,Ribbed Gourd,123,Common,0.0,65.0,2000.0,3000.0,2500.0,0.0,0.0
2025-10-12 00:00:00+05:30,323,Gaddiannaram,1,Gaddiannaram,89,Papaya,89,Common,0.0,799.0,400.0,2100.0,600.0,0.0,0.0
2025-10-11 00:00:00+05:30,310,Shadnagar,1330,Shadnagar,114,Tomato,197,Local,0.0,10.0,2000.0,3000.0,2500.0,0.0,0.0
2025-10-11 00:00:00+05:30,325,Hyderabad,6,Madannapeta,129,Cucumber,129,Common,0.0,5.0,2500.0,2500.0,2500.0,0.0,0.0
2025-10-10 00:00:00+05:30,310,Shadnagar,1330,Shadnagar,114,Tomato,197,Local,0.0,18.0,2500.0,3000.0,2800.0,0.0,0.0
2025-10-10 00:00:00+05:30,331,Vantimamidi,1612,Vantimamidi,117,Cluster Beans,117,Common,0.0,1.0,2500.0,2500.0,2500.0,0.0,0.0
2025-10-11 00:00:00+05:30,323,Gaddiannaram,2,L.B Nagar,123,Ribbed Gourd,123,Common,0.0,63.0,2000.0,3000.0,2500.0,0.0,0.0
2025-10-11 00:00:00+05:30,323,Gaddiannaram,1,Gaddiannaram,89,Papaya,89,Common,0.0,676.0,500.0,2000.0,700.0,0.0,0.0
2025-10-10 00:00:00+05:30,367,Gudimalkapur,1571,Gudumalkapur,117,Cluster Beans,117,Common,0.0,115.0,2500.0,5000.0,3000.0,0.0,0.0
2025-10-10 00:00:00+05:30,323,Gaddiannaram,2,L.B Nagar,123,Ribbed Gourd,123,Common,0.0,67.0,2000.0,3000.0,2500.0,0.0,0.0
2025-10-10 00:00:00+05:30,246,Warangal,886,Warangal,25,Cotton,25,Common,0.0,5999.0,5500.0,7050.0,6300.0,0.0,0.0
2025-10-10 00:00:00+05:30,323,Gaddiannaram,1,Gaddiannaram,89,Papaya,89,Common,0.0,986.0,500.0,1800.0,600.0,0.0,0.0
2025-10-09 00:00:00+05:30,310,Shadnagar,1330,Shadnagar,114,Tomato,197,Local,0.0,20.0,2500.0,3500.0,2800.0,0.0,0.0
2025-10-09 00:00:00+05:30,367,Gudimalkapur,1571,Gudumalkapur,117,Cluster Beans,117,Common,0.0,188.0,1500.0,3000.0,2000.0,0.0,0.0
2025-10-09 00:00:00+05:30,246,Warangal,886,Warangal,25,Cotton,25,Common,0.0,4652.0,5500.0,7120.0,6500.0,0.0,0.0
2025-10-09 00:00:00+05:30,323,Gaddiannaram,1,Gaddiannaram,89,Papaya,89,Common,0.0,800.0,400.0,1900.0,700.0,0.0,0.0
2025-10-09 00:00:00+05:30,325,Hyderabad,6,Madannapeta,129,Cucumber,129,Common,0.0,8.0,1000.0,2500.0,1750.0,0.0,0.0
2025-10-09 00:00:00+05:30,323,Gaddiannaram,2,L.B Nagar,123,Ribbed Gourd,123,Common,0.0,51.0,2000.0,3000.0,2500.0,0.0,0.0
2025-10-08 00:00:00+05:30,367,Gudimalkapur,1571,Gudumalkapur,117,Cluster Beans,117,Common,0.0,109.0,3000.0,5000.0,4000.0,0.0,0.0
2025-10-08 00:00:00+05:30,310,Shadnagar,1330,Shadnagar,114,Tomato,197,Local,0.0,20.0,2200.0,2800.0,2500.0,0.0,0.0
2025-10-08 00:00:00+05:30,246,Warangal,886,Warangal,25,Cotton,25,Common,0.0,3160.0,5500.0,7191.0,6800.0,0.0,0.0
2025-10-08 00:00:00+05:30,323,Gaddiannaram,2,L.B Nagar,123,Ribbed Gourd,123,Common,0.0,37.0,2000.0,3000.0,2500.0,0.0,0.0
2025-10-08 00:00:00+05:30,323,Gaddiannaram,1,Gaddiannaram,89,Papaya,89,Common,0.0,958.0,400.0,1800.0,600.0,0.0,0.0
2025-10-08 00:00:00+05:30,325,Hyderabad,6,Madannapeta,129,Cucumber,129,Common,0.0,28.0,1500.0,1500.0,1500.0,0.0,0.0
2025-10-08 00:00:00+05:30,192,Jainath,26,Jainath,77,Mosambi,77,Common,0.0,160.0,550.0,625.0,587.0,0.0,0.0
2025-10-07 00:00:00+05:30,310,Shadnagar,1330,Shadnagar,114,Tomato,197,Local,0.0,25.0,1500.0,2000.0,1800.0,0.0,0.0
2025-10-07 00:00:00+05:30,367,Gudimalkapur,1571,Gudumalkapur,117,Cluster Beans,117,Common,0.0,95.0,3500.0,5000.0,4000.0,0.0,0.0
2025-10-07 00:00:00+05:30,323,Gaddiannaram,1,Gaddiannaram,89,Papaya,89,Common,0.0,983.0,300.0,1800.0,600.0,0.0,0.0
2025-10-07 00:00:00+05:30,325,Hyderabad,6,Madannapeta,129,Cucumber,129,Common,0.0,3.0,2500.0,2500.0,2500.0,0.0,0.0
2025-10-07 00:00:00+05:30,246,Warangal,886,Warangal,25,Cotton,25,Common,0.0,2183.0,5900.0,7320.0,6800.0,0.0,0.0
2025-10-07 00:00:00+05:30,323,Gaddiannaram,2,L.B Nagar,123,Ribbed Gourd,123,Common,0.0,40.0,2000.0,3000.0,2500.0,0.0,0.0
2025-10-06 00:00:00+05:30,367,Gudimalkapur,1571,Gudumalkapur,117,Cluster Beans,117,Common,0.0,113.0,3500.0,7000.0,4000.0,0.0,0.0
2025-10-06 00:00:00+05:30,310,Shadnagar,1330,Shadnagar,114,Tomato,197,Local,0.0,15.0,2500.0,3500.0,3000.0,0.0,0.0
2025-10-06 00:00:00+05:30,323,Gaddiannaram,2,L.B Nagar,123,Ribbed Gourd,123,Common,0.0,33.0,2000.0,3000.0,2500.0,0.0,0.0
2025-10-06 00:00:00+05:30,323,Gaddiannaram,1,Gaddiannaram,89,Papaya,89,Common,0.0,973.0,300.0,1700.0,600.0,0.0,0.0
2025-10-06 00:00:00+05:30,325,Hyderabad,6,Madannapeta,129,Cucumber,129,Common,0.0,3.0,2500.0,2500.0,2500.0,0.0,0.0
2025-10-06 00:00:00+05:30,246,Warangal,886,Warangal,25,Cotton,25,Common,0.0,2339.0,5500.0,7350.0,6800.0,0.0,0.0
2025-10-05 00:00:00+05:30,367,Gudimalkapur,1571,Gudumalkapur,117,Cluster Beans,117,Common,0.0,100.0,3000.0,7000.0,4000.0,0.0,0.0
2025-10-05 00:00:00+05:30,310,Shadnagar,1330,Shadnagar,114,Tomato,197,Local,0.0,15.0,1200.0,1800.0,1500.0,0.0,0.0
2025-10-05 00:00:00+05:30,325,Hyderabad,6,Madannapeta,129,Cucumber,129,Common,0.0,10.0,2000.0,2000.0,2000.0,0.0,0.0
2025-10-05 00:00:00+05:30,323,Gaddiannaram,1,Gaddiannaram,89,Papaya,89,Common,0.0,1199.0,300.0,1600.0,500.0,0.0,0.0
2025-10-05 00:00:00+05:30,323,Gaddiannaram,2,L.B Nagar,123,Ribbed Gourd,123,Common,0.0,100.0,2000.0,3000.0,2500.0,0.0,0.0
2025-10-04 00:00:00+05:30,367,Gudimalkapur,1571,Gudumalkapur,117,Cluster Beans,117,Common,0.0,47.0,2500.0,4500.0,2800.0,0.0,0.0
2025-10-04 00:00:00+05:30,310,Shadnagar,1330,Shadnagar,114,Tomato,197,Local,0.0,15.0,1800.0,2500.0,2000.0,0.0,0.0
2025-10-02 00:00:00+05:30,192,Jainath,26,Jainath,77,Mosambi,77,Common,0.0,160.0,550.0,625.0,587.0,0.0,0.0
2025-10-04 00:00:00+05:30,325,Hyderabad,6,Madannapeta,129,Cucumber,129,Common,0.0,2.0,2500.0,2500.0,2500.0,0.0,0.0
2025-10-04 00:00:00+05:30,323,Gaddiannaram,2,L.B Nagar,123,Ribbed Gourd,123,Common,0.0,68.0,2000.0,3000.0,2500.0,0.0,0.0
2025-10-03 00:00:00+05:30,367,Gudimalkapur,1571,Gudumalkapur,117,Cluster Beans,117,Common,0.0,22.0,2000.0,3000.0,2500.0,0.0,0.0
2025-10-04 00:00:00+05:30,323,Gaddiannaram,1,Gaddiannaram,89,Papaya,89,Common,0.0,1091.0,500.0,2300.0,900.0,0.0,0.0
2025-10-02 00:00:00+05:30,310,Shadnagar,1330,Shadnagar,114,Tomato,197,Local,0.0,20.0,1800.0,2500.0,2000.0,0.0,0.0
2025-10-03 00:00:00+05:30,310,Shadnagar,1330,Shadnagar,114,Tomato,197,Local,0.0,10.0,2500.0,3500.0,3000.0,0.0,0.0
2025-10-02 00:00:00+05:30,325,Hyderabad,6,Madannapeta,129,Cucumber,129,Common,0.0,3.0,2500.0,2500.0,2500.0,0.0,0.0
2025-10-02 00:00:00+05:30,323,Gaddiannaram,2,L.B Nagar,123,Ribbed Gourd,123,Common,0.0,23.0,2000.0,3000.0,2500.0,0.0,0.0
2025-10-02 00:00:00+05:30,367,Gudimalkapur,1571,Gudumalkapur,117,Cluster Beans,117,Common,0.0,15.0,1800.0,4000.0,2600.0,0.0,0.0
2025-10-03 00:00:00+05:30,323,Gaddiannaram,1,Gaddiannaram,89,Papaya,89,Common,0.0,345.0,1000.0,2600.0,1200.0,0.0,0.0
2025-10-01 00:00:00+05:30,367,Gudimalkapur,1571,Gudumalkapur,117,Cluster Beans,117,Common,0.0,123.0,2500.0,4000.0,2600.0,0.0,0.0
2025-10-01 00:00:00+05:30,325,Hyderabad,6,Madannapeta,129,Cucumber,129,Common,0.0,8.0,2000.0,2000.0,2000.0,0.0,0.0
2025-10-01 00:00:00+05:30,323,Gaddiannaram,2,L.B Nagar,123,Ribbed Gourd,123,Common,0.0,45.0,2000.0,3000.0,2500.0,0.0,0.0
2025-10-01 00:00:00+05:30,323,Gaddiannaram,1,Gaddiannaram,89,Papaya,89,Common,0.0,501.0,400.0,1700.0,700.0,0.0,0.0
2025-10-31 00:00:00+05:30,367,Gudimalkapur,1571,Gudumalkapur,117,Cluster Beans,117,Common,0.0,60.0,3500.0,7000.0,4000.0,0.0,0.0
2025-10-31 00:00:00+05:30,310,Shadnagar,1330,Shadnagar,114,Tomato,197,Local,0.0,15.0,2000.0,2500.0,2200.0,0.0,0.0
2025-10-31 00:00:00+05:30,323,Gaddiannaram,2,L.B Nagar,123,Ribbed Gourd,123,Common,0.0,62.0,3000.0,3500.0,3200.0,0.0,0.0
2025-10-30 00:00:00+05:30,367,Gudimalkapur,1571,Gudumalkapur,117,Cluster Beans,117,Common,0.0,84.0,3500.0,6000.0,4500.0,0.0,0.0
2025-10-30 00:00:00+05:30,310,Shadnagar,1330,Shadnagar,114,Tomato,197,Local,0.0,20.0,2500.0,3500.0,3000.0,0.0,0.0
2025-10-31 00:00:00+05:30,323,Gaddiannaram,1,Gaddiannaram,89,Papaya,89,Common,0.0,1140.0,500.0,1700.0,700.0,0.0,0.0
2025-10-30 00:00:00+05:30,323,Gaddiannaram,1,Gaddiannaram,89,Papaya,89,Common,0.0,860.0,600.0,2000.0,800.0,0.0,0.0
2025-10-29 00:00:00+05:30,367,Gudimalkapur,1571,Gudumalkapur,117,Cluster Beans,117,Common,0.0,81.0,3500.0,5500.0,4000.0,0.0,0.0
2025-10-30 00:00:00+05:30,323,Gaddiannaram,2,L.B Nagar,123,Ribbed Gourd,123,Common,0.0,41.0,3000.0,3500.0,3200.0,0.0,0.0
2025-10-29 00:00:00+05:30,310,Shadnagar,1330,Shadnagar,114,Tomato,197,Local,0.0,25.0,2500.0,3500.0,3000.0,0.0,0.0
2025-10-29 00:00:00+05:30,246,Warangal,886,Warangal,25,Cotton,25,Common,0.0,3646.0,5500.0,7010.0,6500.0,0.0,0.0
2025-10-29 00:00:00+05:30,325,Hyderabad,6,Madannapeta,129,Cucumber,129,Common,0.0,2.0,2500.0,2500.0,2500.0,0.0,0.0
2025-10-29 00:00:00+05:30,323,Gaddiannaram,1,Gaddiannaram,89,Papaya,89,Common,0.0,1019.0,300.0,1400.0,600.0,0.0,0.0
2025-10-28 00:00:00+05:30,367,Gudimalkapur,1571,Gudumalkapur,117,Cluster Beans,117,Common,0.0,66.0,3500.0,5000.0,4000.0,0.0,0.0
2025-10-29 00:00:00+05:30,323,Gaddiannaram,2,L.B Nagar,123,Ribbed Gourd,123,Common,0.0,54.0,2000.0,3000.0,2500.0,0.0,0.0
2025-10-28 00:00:00+05:30,310,Shadnagar,1330,Shadnagar,114,Tomato,197,Local,0.0,15.0,3500.0,4000.0,3800.0,0.0,0.0
2025-10-28 00:00:00+05:30,325,Hyderabad,6,Madannapeta,129,Cucumber,129,Common,0.0,6.0,2000.0,2500.0,2250.0,0.0,0.0
2025-10-28 00:00:00+05:30,246,Warangal,886,Warangal,25,Cotton,25,Common,0.0,5231.0,5500.0,6900.0,6500.0,0.0,0.0
2025-10-01 00:00:00+05:30,323,Gaddiannaram,1,Gaddiannaram,90,Guava,90,Common,0.0,313.0,1500.0,5000.0,3000.0,0.0,0.0
2025-10-01 00:00:00+05:30,323,Gaddiannaram,2,L.B Nagar,125,Bitter Gourd,125,Common,0.0,22.0,2000.0,3000.0,2500.0,0.0,0.0
2025-10-01 00:00:00+05:30,324,Bowenpally,3,Bowenpally,116,French Beans,116,Common,0.0,308.0,2000.0,4000.0,3500.0,0.0,0.0
2025-10-01 00:00:00+05:30,325,Hyderabad,5,Mahabubmansion,105,Potato,105,Common,0.0,243.0,2100.0,2100.0,2100.0,0.0,0.0
2025-10-01 00:00:00+05:30,367,Gudimalkapur,1571,Gudumalkapur,118,Field Beans,118,Common,0.0,92.0,3000.0,5500.0,3500.0,0.0,0.0
2025-10-03 00:00:00+05:30,323,Gaddiannaram,1,Gaddiannaram,90,Guava,90,Common,0.0,94.0,1500.0,5000.0,3000.0,0.0,0.0
2025-10-02 00:00:00+05:30,367,Gudimalkapur,1571,Gudumalkapur,118,Field Beans,118,Common,0.0,17.0,3000.0,4500.0,3500.0,0.0,0.0
2025-10-02 00:00:00+05:30,323,Gaddiannaram,2,L.B Nagar,125,Bitter Gourd,125,Common,0.0,14.0,2000.0,3000.0,2500.0,0.0,0.0
2025-10-02 00:00:00+05:30,324,Bowenpally,3,Bowenpally,116,French Beans,116,Common,0.0,212.0,2000.0,5000.0,4000.0,0.0,0.0
2025-10-01 00:00:00+05:30,303,Kalwakurthy,1340,Kalwakurthy,123,Ribbed Gourd,123,Common,0.0,5.0,3000.0,4600.0,3800.0,0.0,0.0
2025-10-01 00:00:00+05:30,331,Vantimamidi,1612,Vantimamidi,118,Field Beans,118,Common,0.0,1.0,4500.0,4500.0,4500.0,0.0,0.0
2025-10-03 00:00:00+05:30,310,Shadnagar,1330,Shadnagar,117,Cluster Beans,117,Common,0.0,12.0,2800.0,3500.0,3000.0,0.0,0.0
2025-10-03 00:00:00+05:30,324,Bowenpally,3,Bowenpally,116,French Beans,116,Common,0.0,169.0,2000.0,6000.0,5000.0,0.0,0.0
2025-10-04 00:00:00+05:30,323,Gaddiannaram,1,Gaddiannaram,90,Guava,90,Common,0.0,239.0,1500.0,5000.0,3000.0,0.0,0.0
2025-10-03 00:00:00+05:30,367,Gudimalkapur,1571,Gudumalkapur,118,Field Beans,118,Common,0.0,17.0,2000.0,4000.0,2500.0,0.0,0.0
2025-10-04 00:00:00+05:30,323,Gaddiannaram,2,L.B Nagar,125,Bitter Gourd,125,Common,0.0,23.0,2000.0,3000.0,2500.0,0.0,0.0
2025-10-04 00:00:00+05:30,324,Bowenpally,3,Bowenpally,116,French Beans,116,Common,0.0,197.0,2000.0,7000.0,4000.0,0.0,0.0
2025-10-04 00:00:00+05:30,310,Shadnagar,1330,Shadnagar,117,Cluster Beans,117,Common,0.0,12.0,3200.0,3800.0,3500.0,0.0,0.0
2025-10-04 00:00:00+05:30,367,Gudimalkapur,1571,Gudumalkapur,118,Field Beans,118,Common,0.0,102.0,3000.0,4500.0,3500.0,0.0,0.0
2025-10-05 00:00:00+05:30,323,Gaddiannaram,2,L.B Nagar,125,Bitter Gourd,125,Common,0.0,42.0,2000.0,3000.0,2500.0,0.0,0.0
2025-10-04 00:00:00+05:30,303,Kalwakurthy,1340,Kalwakurthy,123,Ribbed Gourd,123,Common,0.0,5.0,3000.0,4000.0,3500.0,0.0,0.0
2025-10-04 00:00:00+05:30,331,Vantimamidi,1612,Vantimamidi,118,Field Beans,118,Common,0.0,2.0,2000.0,3000.0,2500.0,0.0,0.0
2025-10-05 00:00:00+05:30,323,Gaddiannaram,1,Gaddiannaram,90,Guava,90,Common,0.0,50.0,1500.0,5000.0,3000.0,0.0,0.0
2025-10-05 00:00:00+05:30,324,Bowenpally,3,Bowenpally,116,French Beans,116,Common,0.0,479.0,2000.0,7000.0,5000.0,0.0,0.0
2025-10-05 00:00:00+05:30,310,Shadnagar,1330,Shadnagar,117,Cluster Beans,117,Common,0.0,10.0,3500.0,4500.0,3800.0,0.0,0.0
2025-10-05 00:00:00+05:30,303,Kalwakurthy,1340,Kalwakurthy,123,Ribbed Gourd,123,Common,0.0,1.0,3000.0,4500.0,3750.0,0.0,0.0
2025-10-05 00:00:00+05:30,367,Gudimalkapur,1571,Gudumalkapur,118,Field Beans,118,Common,0.0,100.0,3500.0,5000.0,4000.0,0.0,0.0
2025-10-06 00:00:00+05:30,325,Hyderabad,5,Mahabubmansion,105,Potato,105,Common,0.0,100.0,2000.0,2000.0,2000.0,0.0,0.0
2025-10-05 00:00:00+05:30,331,Vantimamidi,1612,Vantimamidi,118,Field Beans,118,Common,0.0,3.0,2000.0,3000.0,2500.0,0.0,0.0
2025-10-06 00:00:00+05:30,323,Gaddiannaram,1,Gaddiannaram,90,Guava,90,Common,0.0,283.0,1500.0,5000.0,3000.0,0.0,0.0
2025-10-06 00:00:00+05:30,323,Gaddiannaram,2,L.B Nagar,125,Bitter Gourd,125,Common,0.0,35.0,2000.0,3000.0,2500.0,0.0,0.0
2025-10-06 00:00:00+05:30,324,Bowenpally,3,Bowenpally,116,French Beans,116,Common,0.0,499.0,2000.0,5000.0,4000.0,0.0,0.0
2025-10-06 00:00:00+05:30,310,Shadnagar,1330,Shadnagar,117,Cluster Beans,117,Common,0.0,12.0,2500.0,3500.0,3000.0,0.0,0.0
2025-10-06 00:00:00+05:30,367,Gudimalkapur,1571,Gudumalkapur,118,Field Beans,118,Common,0.0,146.0,3000.0,5000.0,3500.0,0.0,0.0
2025-10-06 00:00:00+05:30,303,Kalwakurthy,1340,Kalwakurthy,123,Ribbed Gourd,123,Common,0.0,2.0,4000.0,4600.0,4300.0,0.0,0.0
2025-10-07 00:00:00+05:30,323,Gaddiannaram,2,L.B Nagar,125,Bitter Gourd,125,Common,0.0,22.0,2000.0,3000.0,2500.0,0.0,0.0
2025-10-06 00:00:00+05:30,331,Vantimamidi,1612,Vantimamidi,118,Field Beans,118,Common,0.0,2.0,2000.0,3000.0,2500.0,0.0,0.0
2025-10-07 00:00:00+05:30,323,Gaddiannaram,1,Gaddiannaram,90,Guava,90,Common,0.0,348.0,1500.0,4250.0,3000.0,0.0,0.0
2025-10-07 00:00:00+05:30,325,Hyderabad,5,Mahabubmansion,105,Potato,105,Common,0.0,149.0,20000.0,2000.0,2000.0,0.0,0.0
2025-10-07 00:00:00+05:30,324,Bowenpally,3,Bowenpally,116,French Beans,116,Common,0.0,601.0,2000.0,5000.0,4000.0,0.0,0.0
2025-10-07 00:00:00+05:30,367,Gudimalkapur,1571,Gudumalkapur,118,Field Beans,118,Common,0.0,134.0,3000.0,5000.0,3500.0,0.0,0.0
2025-10-07 00:00:00+05:30,310,Shadnagar,1330,Shadnagar,117,Cluster Beans,117,Common,0.0,20.0,3500.0,3800.0,3600.0,0.0,0.0
2025-10-07 00:00:00+05:30,303,Kalwakurthy,1340,Kalwakurthy,123,Ribbed Gourd,123,Common,0.0,4.0,4000.0,4000.0,4000.0,0.0,0.0
2025-10-07 00:00:00+05:30,331,Vantimamidi,1612,Vantimamidi,118,Field Beans,118,Common,0.0,2.0,2000.0,3000.0,2500.0,0.0,0.0
2025-10-08 00:00:00+05:30,324,Bowenpally,3,Bowenpally,116,French Beans,116,Common,0.0,529.0,2000.0,5000.0,4000.0,0.0,0.0
2025-10-08 00:00:00+05:30,323,Gaddiannaram,1,Gaddiannaram,90,Guava,90,Common,0.0,364.0,1250.0,4000.0,2250.0,0.0,0.0
2025-10-08 00:00:00+05:30,325,Hyderabad,5,Mahabubmansion,105,Potato,105,Common,0.0,200.0,2000.0,2000.0,2000.0,0.0,0.0
2025-10-08 00:00:00+05:30,323,Gaddiannaram,2,L.B Nagar,125,Bitter Gourd,125,Common,0.0,24.0,2000.0,3000.0,2500.0,0.0,0.0
2025-10-08 00:00:00+05:30,310,Shadnagar,1330,Shadnagar,117,Cluster Beans,117,Common,0.0,15.0,3200.0,3800.0,3500.0,0.0,0.0
2025-10-08 00:00:00+05:30,367,Gudimalkapur,1571,Gudumalkapur,118,Field Beans,118,Common,0.0,82.0,2000.0,4500.0,3300.0,0.0,0.0
2025-10-09 00:00:00+05:30,323,Gaddiannaram,2,L.B Nagar,125,Bitter Gourd,125,Common,0.0,19.0,2000.0,3000.0,2500.0,0.0,0.0
2025-10-08 00:00:00+05:30,331,Vantimamidi,1612,Vantimamidi,118,Field Beans,118,Common,0.0,2.0,2000.0,3000.0,2500.0,0.0,0.0
2025-10-08 00:00:00+05:30,303,Kalwakurthy,1340,Kalwakurthy,123,Ribbed Gourd,123,Common,0.0,1.0,4500.0,5000.0,4750.0,0.0,0.0
2025-10-09 00:00:00+05:30,323,Gaddiannaram,1,Gaddiannaram,90,Guava,90,Common,0.0,247.0,1250.0,4000.0,2500.0,0.0,0.0
2025-10-09 00:00:00+05:30,325,Hyderabad,5,Mahabubmansion,105,Potato,105,Common,0.0,219.0,2000.0,2000.0,2000.0,0.0,0.0
2025-10-09 00:00:00+05:30,324,Bowenpally,3,Bowenpally,116,French Beans,116,Common,0.0,505.0,2000.0,4000.0,3500.0,0.0,0.0
2025-10-09 00:00:00+05:30,367,Gudimalkapur,1571,Gudumalkapur,118,Field Beans,118,Common,0.0,121.0,3000.0,4500.0,3500.0,0.0,0.0
2025-10-09 00:00:00+05:30,303,Kalwakurthy,1340,Kalwakurthy,123,Ribbed Gourd,123,Common,0.0,1.0,4000.0,6000.0,5000.0,0.0,0.0
2025-10-09 00:00:00+05:30,310,Shadnagar,1330,Shadnagar,117,Cluster Beans,117,Common,0.0,15.0,2500.0,3800.0,3000.0,0.0,0.0
2025-10-10 00:00:00+05:30,323,Gaddiannaram,1,Gaddiannaram,90,Guava,90,Common,0.0,323.0,1000.0,3750.0,2000.0,0.0,0.0
2025-10-09 00:00:00+05:30,331,Vantimamidi,1612,Vantimamidi,118,Field Beans,118,Common,0.0,3.0,2000.0,3000.0,2500.0,0.0,0.0
2025-10-10 00:00:00+05:30,324,Bowenpally,3,Bowenpally,116,French Beans,116,Common,0.0,337.0,2000.0,4000.0,3500.0,0.0,0.0
2025-10-10 00:00:00+05:30,323,Gaddiannaram,2,L.B Nagar,125,Bitter Gourd,125,Common,0.0,38.0,2000.0,3000.0,2500.0,0.0,0.0
2025-10-10 00:00:00+05:30,325,Hyderabad,5,Mahabubmansion,105,Potato,105,Common,0.0,150.0,2000.0,2000.0,2000.0,0.0,0.0
2025-10-10 00:00:00+05:30,367,Gudimalkapur,1571,Gudumalkapur,118,Field Beans,118,Common,0.0,101.0,4000.0,4500.0,4000.0,0.0,0.0
2025-10-11 00:00:00+05:30,323,Gaddiannaram,1,Gaddiannaram,90,Guava,90,Common,0.0,438.0,1000.0,3750.0,2250.0,0.0,0.0
2025-10-10 00:00:00+05:30,303,Kalwakurthy,1340,Kalwakurthy,123,Ribbed Gourd,123,Common,0.0,7.0,3500.0,4000.0,3750.0,0.0,0.0
2025-10-11 00:00:00+05:30,323,Gaddiannaram,2,L.B Nagar,125,Bitter Gourd,125,Common,0.0,25.0,2000.0,3000.0,2500.0,0.0,0.0
2025-10-10 00:00:00+05:30,331,Vantimamidi,1612,Vantimamidi,118,Field Beans,118,Common,0.0,2.0,4000.0,5500.0,4750.0,0.0,0.0
2025-10-10 00:00:00+05:30,310,Shadnagar,1330,Shadnagar,117,Cluster Beans,117,Common,0.0,25.0,3200.0,3800.0,3500.0,0.0,0.0
2025-10-11 00:00:00+05:30,324,Bowenpally,3,Bowenpally,116,French Beans,116,Common,0.0,445.0,1500.0,5000.0,4000.0,0.0,0.0
2025-10-11 00:00:00+05:30,310,Shadnagar,1330,Shadnagar,117,Cluster Beans,117,Common,0.0,15.0,3200.0,3800.0,3500.0,0.0,0.0
2025-10-12 00:00:00+05:30,323,Gaddiannaram,1,Gaddiannaram,90,Guava,90,Common,0.0,96.0,1000.0,3750.0,2250.0,0.0,0.0
2025-10-12 00:00:00+05:30,324,Bowenpally,3,Bowenpally,116,French Beans,116,Common,0.0,738.0,2000.0,4000.0,3500.0,0.0,0.0
2025-10-12 00:00:00+05:30,323,Gaddiannaram,2,L.B Nagar,125,Bitter Gourd,125,Common,0.0,28.0,2000.0,3000.0,2500.0,0.0,0.0
2025-10-11 00:00:00+05:30,303,Kalwakurthy,1340,Kalwakurthy,123,Ribbed Gourd,123,Common,0.0,1.0,5000.0,5000.0,5000.0,0.0,0.0
2025-10-11 00:00:00+05:30,367,Gudimalkapur,1571,Gudumalkapur,118,Field Beans,118,Common,0.0,56.0,3000.0,4500.0,3500.0,0.0,0.0
2025-10-13 00:00:00+05:30,323,Gaddiannaram,1,Gaddiannaram,90,Guava,90,Common,0.0,328.0,1000.0,3750.0,2250.0,0.0,0.0
2025-10-12 00:00:00+05:30,303,Kalwakurthy,1340,Kalwakurthy,123,Ribbed Gourd,123,Common,0.0,1.0,2500.0,5300.0,3900.0,0.0,0.0
2025-10-12 00:00:00+05:30,331,Vantimamidi,1612,Vantimamidi,118,Field Beans,118,Common,0.0,4.0,2000.0,3000.0,2500.0,0.0,0.0
2025-10-12 00:00:00+05:30,310,Shadnagar,1330,Shadnagar,117,Cluster Beans,117,Common,0.0,15.0,3000.0,3800.0,3500.0,0.0,0.0
2025-10-12 00:00:00+05:30,367,Gudimalkapur,1571,Gudumalkapur,118,Field Beans,118,Common,0.0,83.0,3500.0,5000.0,4000.0,0.0,0.0
2025-10-13 00:00:00+05:30,323,Gaddiannaram,2,L.B Nagar,125,Bitter Gourd,125,Common,0.0,35.0,2000.0,3000.0,2500.0,0.0,0.0
2025-10-13 00:00:00+05:30,324,Bowenpally,3,Bowenpally,116,French Beans,116,Common,0.0,602.0,2000.0,4000.0,3500.0,0.0,0.0
2025-10-13 00:00:00+05:30,310,Shadnagar,1330,Shadnagar,117,Cluster Beans,117,Common,0.0,10.0,2500.0,3500.0,3000.0,0.0,0.0
2025-10-13 00:00:00+05:30,303,Kalwakurthy,1340,Kalwakurthy,123,Ribbed Gourd,123,Common,0.0,3.0,4000.0,5000.0,4500.0,0.0,0.0
2025-10-13 00:00:00+05:30,367,Gudimalkapur,1571,Gudumalkapur,118,Field Beans,118,Common,0.0,86.0,3000.0,5000.0,4000.0,0.0,0.0
2025-10-14 00:00:00+05:30,323,Gaddiannaram,2,L.B Nagar,125,Bitter Gourd,125,Common,0.0,22.0,2000.0,3000.0,2500.0,0.0,0.0
2025-10-13 00:00:00+05:30,331,Vantimamidi,1612,Vantimamidi,118,Field Beans,118,Common,0.0,2.0,2000.0,3000.0,2500.0,0.0,0.0
2025-10-14 00:00:00+05:30,324,Bowenpally,3,Bowenpally,116,French Beans,116,Common,0.0,463.0,1000.0,4000.0,3000.0,0.0,0.0
2025-10-14 00:00:00+05:30,323,Gaddiannaram,1,Gaddiannaram,90,Guava,90,Common,0.0,267.0,1000.0,3500.0,2250.0,0.0,0.0
2025-10-14 00:00:00+05:30,325,Hyderabad,5,Mahabubmansion,105,Potato,105,Common,0.0,299.0,2000.0,2000.0,2000.0,0.0,0.0
2025-10-14 00:00:00+05:30,310,Shadnagar,1330,Shadnagar,117,Cluster Beans,117,Common,0.0,10.0,2500.0,3500.0,3000.0,0.0,0.0
2025-10-15 00:00:00+05:30,323,Gaddiannaram,1,Gaddiannaram,90,Guava,90,Common,0.0,333.0,1000.0,4000.0,2250.0,0.0,0.0
2025-10-14 00:00:00+05:30,303,Kalwakurthy,1340,Kalwakurthy,123,Ribbed Gourd,123,Common,0.0,3.0,4000.0,5000.0,4500.0,0.0,0.0
2025-10-14 00:00:00+05:30,331,Vantimamidi,1612,Vantimamidi,118,Field Beans,118,Common,0.0,3.0,2500.0,4000.0,3250.0,0.0,0.0
2025-10-14 00:00:00+05:30,367,Gudimalkapur,1571,Gudumalkapur,118,Field Beans,118,Common,0.0,84.0,3500.0,5000.0,4000.0,0.0,0.0
2025-10-15 00:00:00+05:30,325,Hyderabad,5,Mahabubmansion,105,Potato,105,Common,0.0,140.0,2000.0,2000.0,2000.0,0.0,0.0
2025-10-15 00:00:00+05:30,323,Gaddiannaram,2,L.B Nagar,125,Bitter Gourd,125,Common,0.0,35.0,2000.0,3000.0,2500.0,0.0,0.0
2025-10-15 00:00:00+05:30,324,Bowenpally,3,Bowenpally,116,French Beans,116,Common,0.0,453.0,2000.0,4000.0,3500.0,0.0,0.0
2025-10-16 00:00:00+05:30,323,Gaddiannaram,1,Gaddiannaram,90,Guava,90,Common,0.0,448.0,1000.0,4000.0,2250.0,0.0,0.0
2025-10-15 00:00:00+05:30,303,Kalwakurthy,1340,Kalwakurthy,123,Ribbed Gourd,123,Common,0.0,1.0,5000.0,5000.0,5000.0,0.0,0.0
2025-10-16 00:00:00+05:30,323,Gaddiannaram,2,L.B Nagar,125,Bitter Gourd,125,Common,0.0,35.0,2000.0,3000.0,2500.0,0.0,0.0
2025-10-15 00:00:00+05:30,310,Shadnagar,1330,Shadnagar,117,Cluster Beans,117,Common,0.0,12.0,3000.0,3600.0,3200.0,0.0,0.0
2025-10-15 00:00:00+05:30,331,Vantimamidi,1612,Vantimamidi,118,Field Beans,118,Common,0.0,1.0,1600.0,2500.0,2050.0,0.0,0.0
2025-10-15 00:00:00+05:30,367,Gudimalkapur,1571,Gudumalkapur,118,Field Beans,118,Common,0.0,101.0,4000.0,5500.0,4500.0,0.0,0.0
2025-10-16 00:00:00+05:30,325,Hyderabad,5,Mahabubmansion,105,Potato,105,Common,0.0,236.0,2000.0,2000.0,2000.0,0.0,0.0
2025-10-16 00:00:00+05:30,324,Bowenpally,3,Bowenpally,116,French Beans,116,Common,0.0,403.0,1500.0,4000.0,2500.0,0.0,0.0
2025-10-17 00:00:00+05:30,323,Gaddiannaram,1,Gaddiannaram,90,Guava,90,Common,0.0,176.0,750.0,3000.0,1500.0,0.0,0.0
2025-10-16 00:00:00+05:30,331,Vantimamidi,1612,Vantimamidi,118,Field Beans,118,Common,0.0,1.0,2500.0,4000.0,3250.0,0.0,0.0
2025-10-17 00:00:00+05:30,324,Bowenpally,3,Bowenpally,116,French Beans,116,Common,0.0,404.0,1000.0,4000.0,2500.0,0.0,0.0
2025-10-16 00:00:00+05:30,310,Shadnagar,1330,Shadnagar,117,Cluster Beans,117,Common,0.0,25.0,2500.0,3500.0,3000.0,0.0,0.0
2025-10-16 00:00:00+05:30,303,Kalwakurthy,1340,Kalwakurthy,123,Ribbed Gourd,123,Common,0.0,4.0,4000.0,5000.0,4500.0,0.0,0.0
2025-10-16 00:00:00+05:30,367,Gudimalkapur,1571,Gudumalkapur,118,Field Beans,118,Common,0.0,126.0,2500.0,5000.0,3000.0,0.0,0.0
2025-10-17 00:00:00+05:30,323,Gaddiannaram,2,L.B Nagar,125,Bitter Gourd,125,Common,0.0,22.0,2000.0,3000.0,2500.0,0.0,0.0
2025-10-17 00:00:00+05:30,310,Shadnagar,1330,Shadnagar,117,Cluster Beans,117,Common,0.0,20.0,2500.0,3500.0,3000.0,0.0,0.0
2025-10-17 00:00:00+05:30,325,Hyderabad,5,Mahabubmansion,105,Potato,105,Common,0.0,95.0,2000.0,2000.0,2000.0,0.0,0.0
2025-10-18 00:00:00+05:30,323,Gaddiannaram,1,Gaddiannaram,90,Guava,90,Common,0.0,330.0,750.0,3000.0,1750.0,0.0,0.0
2025-10-17 00:00:00+05:30,367,Gudimalkapur,1571,Gudumalkapur,118,Field Beans,118,Common,0.0,91.0,3000.0,5500.0,4000.0,0.0,0.0
2025-10-18 00:00:00+05:30,324,Bowenpally,3,Bowenpally,116,French Beans,116,Common,0.0,510.0,1000.0,4000.0,3000.0,0.0,0.0
2025-10-18 00:00:00+05:30,323,Gaddiannaram,2,L.B Nagar,125,Bitter Gourd,125,Common,0.0,29.0,2000.0,3000.0,2500.0,0.0,0.0
2025-10-18 00:00:00+05:30,367,Gudimalkapur,1571,Gudumalkapur,118,Field Beans,118,Common,0.0,130.0,3500.0,5500.0,4000.0,0.0,0.0
2025-10-18 00:00:00+05:30,303,Kalwakurthy,1340,Kalwakurthy,123,Ribbed Gourd,123,Common,0.0,3.0,4000.0,5000.0,4500.0,0.0,0.0
2025-10-18 00:00:00+05:30,310,Shadnagar,1330,Shadnagar,117,Cluster Beans,117,Common,0.0,25.0,3500.0,4000.0,3800.0,0.0,0.0
2025-10-19 00:00:00+05:30,323,Gaddiannaram,2,L.B Nagar,125,Bitter Gourd,125,Common,0.0,25.0,2000.0,3000.0,2500.0,0.0,0.0
2025-10-19 00:00:00+05:30,324,Bowenpally,3,Bowenpally,116,French Beans,116,Common,0.0,559.0,1500.0,4000.0,3200.0,0.0,0.0
2025-10-19 00:00:00+05:30,323,Gaddiannaram,1,Gaddiannaram,90,Guava,90,Common,0.0,214.0,750.0,3000.0,1750.0,0.0,0.0
2025-10-19 00:00:00+05:30,367,Gudimalkapur,1571,Gudumalkapur,118,Field Beans,118,Common,0.0,136.0,3500.0,5500.0,4000.0,0.0,0.0
2025-10-19 00:00:00+05:30,310,Shadnagar,1330,Shadnagar,117,Cluster Beans,117,Common,0.0,18.0,3000.0,4000.0,3500.0,0.0,0.0
2025-10-19 00:00:00+05:30,303,Kalwakurthy,1340,Kalwakurthy,123,Ribbed Gourd,123,Common,0.0,6.0,4000.0,5000.0,4500.0,0.0,0.0
2025-10-20 00:00:00+05:30,323,Gaddiannaram,1,Gaddiannaram,90,Guava,90,Common,0.0,440.0,750.0,3000.0,1750.0,0.0,0.0
2025-10-20 00:00:00+05:30,323,Gaddiannaram,2,L.B Nagar,125,Bitter Gourd,125,Common,0.0,22.0,2000.0,3000.0,2500.0,0.0,0.0
2025-10-20 00:00:00+05:30,324,Bowenpally,3,Bowenpally,116,French Beans,116,Common,0.0,578.0,2000.0,4000.0,3500.0,0.0,0.0
2025-10-21 00:00:00+05:30,323,Gaddiannaram,1,Gaddiannaram,90,Guava,90,Common,0.0,98.0,750.0,2500.0,1500.0,0.0,0.0
2025-10-20 00:00:00+05:30,303,Kalwakurthy,1340,Kalwakurthy,123,Ribbed Gourd,123,Common,0.0,1.0,4800.0,6000.0,5400.0,0.0,0.0
2025-10-20 00:00:00+05:30,310,Shadnagar,1330,Shadnagar,117,Cluster Beans,117,Common,0.0,15.0,3200.0,3600.0,3800.0,0.0,0.0
2025-10-20 00:00:00+05:30,325,Hyderabad,5,Mahabubmansion,105,Potato,105,Common,0.0,81.0,2000.0,2000.0,2000.0,0.0,0.0
2025-10-20 00:00:00+05:30,367,Gudimalkapur,1571,Gudumalkapur,118,Field Beans,118,Common,0.0,82.0,3000.0,5000.0,3500.0,0.0,0.0
2025-10-21 00:00:00+05:30,310,Shadnagar,1330,Shadnagar,117,Cluster Beans,117,Common,0.0,25.0,3000.0,3800.0,3500.0,0.0,0.0
2025-10-21 00:00:00+05:30,331,Vantimamidi,1612,Vantimamidi,118,Field Beans,118,Common,0.0,2.0,3000.0,3000.0,3000.0,0.0,0.0
2025-10-21 00:00:00+05:30,303,Kalwakurthy,1340,Kalwakurthy,123,Ribbed Gourd,123,Common,0.0,5.0,4000.0,5000.0,4500.0,0.0,0.0
2025-10-22 00:00:00+05:30,324,Bowenpally,3,Bowenpally,116,French Beans,116,Common,0.0,494.0,2000.0,5000.0,4000.0,0.0,0.0
2025-10-22 00:00:00+05:30,323,Gaddiannaram,1,Gaddiannaram,90,Guava,90,Common,0.0,184.0,750.0,3000.0,1750.0,0.0,0.0
2025-10-22 00:00:00+05:30,325,Hyderabad,5,Mahabubmansion,105,Potato,105,Common,0.0,571.0,2000.0,2000.0,2000.0,0.0,0.0
2025-10-22 00:00:00+05:30,323,Gaddiannaram,2,L.B Nagar,125,Bitter Gourd,125,Common,0.0,40.0,2000.0,3000.0,2500.0,0.0,0.0
2025-10-22 00:00:00+05:30,310,Shadnagar,1330,Shadnagar,117,Cluster Beans,117,Common,0.0,20.0,3200.0,3800.0,3500.0,0.0,0.0
2025-10-23 00:00:00+05:30,323,Gaddiannaram,2,L.B Nagar,125,Bitter Gourd,125,Common,0.0,41.0,2000.0,3000.0,2500.0,0.0,0.0
2025-10-22 00:00:00+05:30,331,Vantimamidi,1612,Vantimamidi,118,Field Beans,118,Common,0.0,4.0,2000.0,3500.0,2750.0,0.0,0.0
2025-10-22 00:00:00+05:30,367,Gudimalkapur,1571,Gudumalkapur,118,Field Beans,118,Common,0.0,107.0,2000.0,4000.0,2800.0,0.0,0.0
2025-10-22 00:00:00+05:30,303,Kalwakurthy,1340,Kalwakurthy,123,Ribbed Gourd,123,Common,0.0,2.0,3500.0,5000.0,4250.0,0.0,0.0
2025-10-23 00:00:00+05:30,246,Warangal,886,Warangal,26,Sunnhemp,26,Common,0.0,3.75,10123.0,10123.0,10123.0,0.0,0.0
2025-10-23 00:00:00+05:30,323,Gaddiannaram,1,Gaddiannaram,90,Guava,90,Common,0.0,194.0,750.0,3000.0,1750.0,0.0,0.0
2025-10-23 00:00:00+05:30,324,Bowenpally,3,Bowenpally,116,French Beans,116,Common,0.0,494.0,2000.0,5000.0,4000.0,0.0,0.0
2025-10-23 00:00:00+05:30,367,Gudimalkapur,1571,Gudumalkapur,118,Field Beans,118,Common,0.0,136.0,3000.0,5000.0,4000.0,0.0,0.0
2025-10-23 00:00:00+05:30,303,Kalwakurthy,1340,Kalwakurthy,123,Ribbed Gourd,123,Common,0.0,4.0,3000.0,4000.0,3500.0,0.0,0.0
2025-10-23 00:00:00+05:30,310,Shadnagar,1330,Shadnagar,117,Cluster Beans,117,Common,0.0,10.0,2500.0,3500.0,3000.0,0.0,0.0
2025-10-24 00:00:00+05:30,323,Gaddiannaram,1,Gaddiannaram,90,Guava,90,Common,0.0,335.0,750.0,3000.0,1500.0,0.0,0.0
2025-10-23 00:00:00+05:30,331,Vantimamidi,1612,Vantimamidi,118,Field Beans,118,Common,0.0,5.0,2000.0,3500.0,2750.0,0.0,0.0
2025-10-24 00:00:00+05:30,324,Bowenpally,3,Bowenpally,116,French Beans,116,Common,0.0,408.0,2000.0,7000.0,5000.0,0.0,0.0
2025-10-24 00:00:00+05:30,323,Gaddiannaram,2,L.B Nagar,125,Bitter Gourd,125,Common,0.0,37.0,2000.0,3000.0,2500.0,0.0,0.0
2025-10-24 00:00:00+05:30,310,Shadnagar,1330,Shadnagar,117,Cluster Beans,117,Common,0.0,15.0,3200.0,3800.0,3500.0,0.0,0.0
2025-10-25 00:00:00+05:30,323,Gaddiannaram,1,Gaddiannaram,90,Guava,90,Common,0.0,575.0,750.0,2750.0,1500.0,0.0,0.0
2025-10-24 00:00:00+05:30,303,Kalwakurthy,1340,Kalwakurthy,123,Ribbed Gourd,123,Common,0.0,3.0,300.0,4000.0,3500.0,0.0,0.0
2025-10-24 00:00:00+05:30,331,Vantimamidi,1612,Vantimamidi,118,Field Beans,118,Common,0.0,6.0,2000.0,4000.0,3000.0,0.0,0.0
2025-10-24 00:00:00+05:30,367,Gudimalkapur,1571,Gudumalkapur,118,Field Beans,118,Common,0.0,128.0,2500.0,5000.0,3000.0,0.0,0.0
2025-10-25 00:00:00+05:30,323,Gaddiannaram,2,L.B Nagar,125,Bitter Gourd,125,Common,0.0,20.0,2000.0,3000.0,2500.0,0.0,0.0
2025-10-25 00:00:00+05:30,324,Bowenpally,3,Bowenpally,116,French Beans,116,Common,0.0,670.0,2000.0,5000.0,4000.0,0.0,0.0
2025-10-25 00:00:00+05:30,310,Shadnagar,1330,Shadnagar,117,Cluster Beans,117,Common,0.0,25.0,3500.0,4500.0,4000.0,0.0,0.0
2025-10-25 00:00:00+05:30,303,Kalwakurthy,1340,Kalwakurthy,123,Ribbed Gourd,123,Common,0.0,2.0,4000.0,4000.0,4000.0,0.0,0.0
2025-10-25 00:00:00+05:30,367,Gudimalkapur,1571,Gudumalkapur,118,Field Beans,118,Common,0.0,145.0,3000.0,5000.0,3500.0,0.0,0.0
2025-10-25 00:00:00+05:30,331,Vantimamidi,1612,Vantimamidi,118,Field Beans,118,Common,0.0,2.0,2000.0,3000.0,2500.0,0.0,0.0
2025-10-25 00:00:00+05:30,325,Hyderabad,5,Mahabubmansion,105,Potato,105,Common,0.0,91.0,2000.0,2000.0,2000.0,0.0,0.0
2025-10-26 00:00:00+05:30,323,Gaddiannaram,2,L.B Nagar,125,Bitter Gourd,125,Common,0.0,30.0,2000.0,3000.0,2500.0,0.0,0.0
2025-10-26 00:00:00+05:30,324,Bowenpally,3,Bowenpally,116,French Beans,116,Common,0.0,321.0,2000.0,5000.0,4000.0,0.0,0.0
2025-10-26 00:00:00+05:30,323,Gaddiannaram,1,Gaddiannaram,90,Guava,90,Common,0.0,227.0,750.0,2750.0,1500.0,0.0,0.0
2025-10-26 00:00:00+05:30,310,Shadnagar,1330,Shadnagar,117,Cluster Beans,117,Common,0.0,20.0,2500.0,3500.0,3000.0,0.0,0.0
2025-10-26 00:00:00+05:30,303,Kalwakurthy,1340,Kalwakurthy,123,Ribbed Gourd,123,Common,0.0,6.0,3300.0,4500.0,3900.0,0.0,0.0
2025-10-26 00:00:00+05:30,367,Gudimalkapur,1571,Gudumalkapur,118,Field Beans,118,Common,0.0,148.0,3000.0,5000.0,3500.0,0.0,0.0
2025-10-27 00:00:00+05:30,323,Gaddiannaram,1,Gaddiannaram,90,Guava,90,Common,0.0,833.0,750.0,2500.0,1500.0,0.0,0.0
2025-10-27 00:00:00+05:30,323,Gaddiannaram,2,L.B Nagar,125,Bitter Gourd,125,Common,0.0,28.0,2000.0,3000.0,2500.0,0.0,0.0
2025-10-27 00:00:00+05:30,324,Bowenpally,3,Bowenpally,116,French Beans,116,Common,0.0,616.0,1500.0,5000.0,3600.0,0.0,0.0
2025-10-26 00:00:00+05:30,331,Vantimamidi,1612,Vantimamidi,118,Field Beans,118,Common,0.0,4.0,2000.0,4000.0,3000.0,0.0,0.0
2025-10-27 00:00:00+05:30,325,Hyderabad,5,Mahabubmansion,105,Potato,105,Common,0.0,100.0,2000.0,2000.0,2000.0,0.0,0.0
2025-10-27 00:00:00+05:30,310,Shadnagar,1330,Shadnagar,117,Cluster Beans,117,Common,0.0,15.0,2500.0,3800.0,3500.0,0.0,0.0
2025-10-27 00:00:00+05:30,303,Kalwakurthy,1340,Kalwakurthy,123,Ribbed Gourd,123,Common,0.0,2.0,3500.0,5000.0,4250.0,0.0,0.0
2025-10-27 00:00:00+05:30,367,Gudimalkapur,1571,Gudumalkapur,118,Field Beans,118,Common,0.0,96.0,2500.0,5000.0,3000.0,0.0,0.0
2025-10-28 00:00:00+05:30,323,Gaddiannaram,1,Gaddiannaram,90,Guava,90,Common,0.0,392.0,500.0,2250.0,1250.0,0.0,0.0
2025-10-28 00:00:00+05:30,323,Gaddiannaram,2,L.B Nagar,125,Bitter Gourd,125,Common,0.0,26.0,2000.0,3000.0,2500.0,0.0,0.0
2025-10-28 00:00:00+05:30,324,Bowenpally,3,Bowenpally,116,French Beans,116,Common,0.0,613.0,1500.0,5000.0,4000.0,0.0,0.0
2025-10-27 00:00:00+05:30,331,Vantimamidi,1612,Vantimamidi,118,Field Beans,118,Common,0.0,1.0,3000.0,3000.0,3000.0,0.0,0.0
2025-10-28 00:00:00+05:30,325,Hyderabad,5,Mahabubmansion,105,Potato,105,Common,0.0,280.0,2000.0,2000.0,2000.0,0.0,0.0
2025-10-28 00:00:00+05:30,310,Shadnagar,1330,Shadnagar,117,Cluster Beans,117,Common,0.0,20.0,3500.0,4000.0,3800.0,0.0,0.0
2025-10-28 00:00:00+05:30,303,Kalwakurthy,1340,Kalwakurthy,123,Ribbed Gourd,123,Common,0.0,2.0,4000.0,5500.0,4750.0,0.0,0.0
2025-10-29 00:00:00+05:30,323,Gaddiannaram,2,L.B Nagar,125,Bitter Gourd,125,Common,0.0,19.0,2000.0,3000.0,2500.0,0.0,0.0
2025-10-28 00:00:00+05:30,331,Vantimamidi,1612,Vantimamidi,118,Field Beans,118,Common,0.0,5.0,4000.0,4500.0,4250.0,0.0,0.0
2025-10-28 00:00:00+05:30,367,Gudimalkapur,1571,Gudumalkapur,118,Field Beans,118,Common,0.0,102.0,2500.0,5000.0,4000.0,0.0,0.0
2025-10-29 00:00:00+05:30,323,Gaddiannaram,1,Gaddiannaram,90,Guava,90,Common,0.0,352.0,500.0,2250.0,1250.0,0.0,0.0
2025-10-29 00:00:00+05:30,325,Hyderabad,5,Mahabubmansion,105,Potato,105,Common,0.0,366.0,2000.0,2000.0,2000.0,0.0,0.0
2025-10-29 00:00:00+05:30,324,Bowenpally,3,Bowenpally,116,French Beans,116,Common,0.0,578.0,1500.0,5000.0,4000.0,0.0,0.0
2025-10-29 00:00:00+05:30,310,Shadnagar,1330,Shadnagar,117,Cluster Beans,117,Common,0.0,20.0,3500.0,4500.0,4000.0,0.0,0.0
2025-10-29 00:00:00+05:30,331,Vantimamidi,1612,Vantimamidi,118,Field Beans,118,Common,0.0,5.0,3000.0,3200.0,3100.0,0.0,0.0
2025-10-30 00:00:00+05:30,323,Gaddiannaram,2,L.B Nagar,125,Bitter Gourd,125,Common,0.0,20.0,3000.0,3500.0,3200.0,0.0,0.0
2025-10-29 00:00:00+05:30,367,Gudimalkapur,1571,Gudumalkapur,118,Field Beans,118,Common,0.0,83.0,3500.0,5000.0,4000.0,0.0,0.0
2025-10-30 00:00:00+05:30,323,Gaddiannaram,1,Gaddiannaram,90,Guava,90,Common,0.0,205.0,500.0,2250.0,1250.0,0.0,0.0
2025-10-30 00:00:00+05:30,324,Bowenpally,3,Bowenpally,116,French Beans,116,Common,0.0,287.0,2000.0,5000.0,4000.0,0.0,0.0
2025-10-29 00:00:00+05:30,303,Kalwakurthy,1340,Kalwakurthy,123,Ribbed Gourd,123,Common,0.0,3.0,4000.0,4000.0,4000.0,0.0,0.0
2025-10-31 00:00:00+05:30,323,Gaddiannaram,1,Gaddiannaram,90,Guava,90,Common,0.0,195.0,500.0,2500.0,1250.0,0.0,0.0
2025-10-30 00:00:00+05:30,331,Vantimamidi,1612,Vantimamidi,118,Field Beans,118,Common,0.0,6.0,2000.0,3500.0,2750.0,0.0,0.0
2025-10-30 00:00:00+05:30,310,Shadnagar,1330,Shadnagar,117,Cluster Beans,117,Common,0.0,15.0,2500.0,3500.0,3000.0,0.0,0.0
2025-10-30 00:00:00+05:30,303,Kalwakurthy,1340,Kalwakurthy,123,Ribbed Gourd,123,Common,0.0,2.0,4000.0,5000.0,4500.0,0.0,0.0
2025-10-30 00:00:00+05:30,367,Gudimalkapur,1571,Gudumalkapur,118,Field Beans,118,Common,0.0,49.0,2500.0,5000.0,4000.0,0.0,0.0
2025-10-31 00:00:00+05:30,323,Gaddiannaram,2,L.B Nagar,125,Bitter Gourd,125,Common,0.0,43.0,3000.0,3500.0,3200.0,0.0,0.0
2025-10-31 00:00:00+05:30,324,Bowenpally,3,Bowenpally,116,French Beans,116,Common,0.0,295.0,1500.0,8000.0,5200.0,0.0,0.0
2025-10-31 00:00:00+05:30,310,Shadnagar,1330,Shadnagar,117,Cluster Beans,117,Common,0.0,20.0,2500.0,3500.0,3200.0,0.0,0.0
2025-10-31 00:00:00+05:30,303,Kalwakurthy,1340,Kalwakurthy,123,Ribbed Gourd,123,Common,0.0,5.0,3000.0,5000.0,4000.0,0.0,0.0
2025-10-31 00:00:00+05:30,367,Gudimalkapur,1571,Gudumalkapur,118,Field Beans,118,Common,0.0,140.0,3500.0,5000.0,4000.0,0.0,0.0
2025-10-31 00:00:00+05:30,331,Vantimamidi,1612,Vantimamidi,118,Field Beans,118,Common,0.0,4.0,2000.0,3000.0,2500.0,0.0,0.0
2025-10-31 00:00:00+05:30,325,Hyderabad,5,Mahabubmansion,105,Potato,105,Common,0.0,235.0,2000.0,2000.0,2000.0,0.0,0.0
2025-10-28 00:00:00+05:30,324,Bowenpally,3,Bowenpally,117,Cluster Beans,117,Common,0.0,106.0,1000.0,4500.0,3000.0,0.0,0.0
2025-10-28 00:00:00+05:30,323,Gaddiannaram,2,L.B Nagar,128,Pumpkin,128,Common,0.0,30.0,1000.0,1500.0,1200.0,0.0,0.0
2025-10-28 00:00:00+05:30,323,Gaddiannaram,1,Gaddiannaram,91,Ber,91,Common,0.0,216.0,2000.0,4000.0,3000.0,0.0,0.0
2025-10-27 00:00:00+05:30,367,Gudimalkapur,1571,Gudumalkapur,121,Snake Gourd,121,Common,0.0,5.0,1000.0,1000.0,1000.0,0.0,0.0
2025-10-27 00:00:00+05:30,303,Kalwakurthy,1340,Kalwakurthy,125,Bitter Gourd,125,Common,0.0,5.0,2500.0,4000.0,3250.0,0.0,0.0
2025-10-27 00:00:00+05:30,310,Shadnagar,1330,Shadnagar,123,Ribbed Gourd,123,Common,0.0,10.0,2500.0,3800.0,3000.0,0.0,0.0
2025-10-27 00:00:00+05:30,208,Nizamabad,1080,Nizamabad,32,Gingelly,223,White,0.0,9.0,9750.0,10145.0,9950.0,0.0,0.0
2025-10-27 00:00:00+05:30,246,Warangal,886,Warangal,30,Groundnut pods,30,Common,0.0,27.6,4800.0,6560.0,5000.0,0.0,0.0
2025-10-27 00:00:00+05:30,324,Bowenpally,3,Bowenpally,117,Cluster Beans,117,Common,0.0,76.0,1000.0,4000.0,3000.0,0.0,0.0
2025-10-27 00:00:00+05:30,323,Gaddiannaram,1,Gaddiannaram,91,Ber,91,Common,0.0,444.0,2500.0,7000.0,3500.0,0.0,0.0
2025-10-26 00:00:00+05:30,367,Gudimalkapur,1571,Gudumalkapur,121,Snake Gourd,121,Common,0.0,2.0,1500.0,1500.0,1500.0,0.0,0.0
2025-10-26 00:00:00+05:30,303,Kalwakurthy,1340,Kalwakurthy,125,Bitter Gourd,125,Common,0.0,7.0,2000.0,3300.0,2650.0,0.0,0.0
2025-10-26 00:00:00+05:30,310,Shadnagar,1330,Shadnagar,123,Ribbed Gourd,123,Common,0.0,15.0,3500.0,4500.0,3800.0,0.0,0.0
2025-10-26 00:00:00+05:30,324,Bowenpally,3,Bowenpally,117,Cluster Beans,117,Common,0.0,190.0,2000.0,4000.0,3500.0,0.0,0.0
2025-10-25 00:00:00+05:30,208,Nizamabad,1080,Nizamabad,32,Gingelly,223,White,0.0,43.0,9250.0,10182.0,9925.0,0.0,0.0
2025-10-25 00:00:00+05:30,331,Vantimamidi,1612,Vantimamidi,121,Snake Gourd,121,Common,0.0,1.0,1000.0,1000.0,1000.0,0.0,0.0
2025-10-25 00:00:00+05:30,303,Kalwakurthy,1340,Kalwakurthy,125,Bitter Gourd,125,Common,0.0,3.0,3000.0,3300.0,3150.0,0.0,0.0
2025-10-25 00:00:00+05:30,310,Shadnagar,1330,Shadnagar,123,Ribbed Gourd,123,Common,0.0,20.0,3500.0,4500.0,3800.0,0.0,0.0
2025-10-25 00:00:00+05:30,324,Bowenpally,3,Bowenpally,117,Cluster Beans,117,Common,0.0,169.0,2000.0,4500.0,3600.0,0.0,0.0
2025-10-24 00:00:00+05:30,367,Gudimalkapur,1571,Gudumalkapur,121,Snake Gourd,121,Common,0.0,1.0,1000.0,1000.0,1000.0,0.0,0.0
2025-10-24 00:00:00+05:30,303,Kalwakurthy,1340,Kalwakurthy,125,Bitter Gourd,125,Common,0.0,7.0,2000.0,3300.0,2650.0,0.0,0.0
2025-10-25 00:00:00+05:30,323,Gaddiannaram,1,Gaddiannaram,91,Ber,91,Common,0.0,167.0,2000.0,3000.0,2500.0,0.0,0.0
2025-10-24 00:00:00+05:30,310,Shadnagar,1330,Shadnagar,123,Ribbed Gourd,123,Common,0.0,10.0,3500.0,4500.0,3800.0,0.0,0.0
2025-10-24 00:00:00+05:30,208,Nizamabad,1080,Nizamabad,32,Gingelly,223,White,0.0,26.0,9227.0,9957.0,9757.0,0.0,0.0
2025-10-24 00:00:00+05:30,323,Gaddiannaram,2,L.B Nagar,128,Pumpkin,128,Common,0.0,50.0,1000.0,1500.0,1200.0,0.0,0.0
2025-10-24 00:00:00+05:30,246,Warangal,886,Warangal,30,Groundnut pods,30,Common,0.0,4.75,4600.0,4600.0,4600.0,0.0,0.0
2025-10-24 00:00:00+05:30,324,Bowenpally,3,Bowenpally,117,Cluster Beans,117,Common,0.0,216.0,2000.0,4500.0,3600.0,0.0,0.0
2025-10-24 00:00:00+05:30,323,Gaddiannaram,1,Gaddiannaram,91,Ber,91,Common,0.0,207.0,2500.0,6000.0,3000.0,0.0,0.0
2025-10-23 00:00:00+05:30,310,Shadnagar,1330,Shadnagar,123,Ribbed Gourd,123,Common,0.0,12.0,3800.0,4500.0,4000.0,0.0,0.0
2025-10-23 00:00:00+05:30,303,Kalwakurthy,1340,Kalwakurthy,125,Bitter Gourd,125,Common,0.0,6.0,2500.0,3000.0,2750.0,0.0,0.0
2025-10-23 00:00:00+05:30,367,Gudimalkapur,1571,Gudumalkapur,121,Snake Gourd,121,Common,0.0,11.0,900.0,1500.0,1200.0,0.0,0.0
2025-10-23 00:00:00+05:30,324,Bowenpally,3,Bowenpally,117,Cluster Beans,117,Common,0.0,194.0,1000.0,5000.0,3500.0,0.0,0.0
2025-10-23 00:00:00+05:30,323,Gaddiannaram,1,Gaddiannaram,91,Ber,91,Common,0.0,60.0,2000.0,4000.0,3000.0,0.0,0.0
2025-10-23 00:00:00+05:30,246,Warangal,886,Warangal,30,Groundnut pods,30,Common,0.0,19.17,4500.0,6100.0,5000.0,0.0,0.0
2025-10-23 00:00:00+05:30,208,Nizamabad,1080,Nizamabad,32,Gingelly,223,White,0.0,28.0,9900.0,10077.0,9900.0,0.0,0.0
2025-10-22 00:00:00+05:30,303,Kalwakurthy,1340,Kalwakurthy,125,Bitter Gourd,125,Common,0.0,4.0,2500.0,3300.0,2900.0,0.0,0.0
2025-10-22 00:00:00+05:30,367,Gudimalkapur,1571,Gudumalkapur,121,Snake Gourd,121,Common,0.0,3.0,400.0,1000.0,800.0,0.0,0.0
2025-10-22 00:00:00+05:30,331,Vantimamidi,1612,Vantimamidi,121,Snake Gourd,121,Common,0.0,2.0,500.0,1000.0,750.0,0.0,0.0
2025-10-23 00:00:00+05:30,323,Gaddiannaram,2,L.B Nagar,128,Pumpkin,128,Common,0.0,70.0,1000.0,1500.0,1200.0,0.0,0.0
2025-10-22 00:00:00+05:30,310,Shadnagar,1330,Shadnagar,123,Ribbed Gourd,123,Common,0.0,15.0,3500.0,4500.0,3800.0,0.0,0.0
2025-10-22 00:00:00+05:30,246,Warangal,886,Warangal,30,Groundnut pods,30,Common,0.0,12.05,4000.0,4050.0,4050.0,0.0,0.0
2025-10-22 00:00:00+05:30,208,Nizamabad,1080,Nizamabad,32,Gingelly,223,White,0.0,126.0,7500.0,10170.0,9850.0,0.0,0.0
2025-10-22 00:00:00+05:30,323,Gaddiannaram,2,L.B Nagar,128,Pumpkin,128,Common,0.0,30.0,1200.0,1800.0,1600.0,0.0,0.0
2025-10-22 00:00:00+05:30,323,Gaddiannaram,1,Gaddiannaram,91,Ber,91,Common,0.0,117.0,2000.0,5000.0,3000.0,0.0,0.0
2025-10-22 00:00:00+05:30,324,Bowenpally,3,Bowenpally,117,Cluster Beans,117,Common,0.0,194.0,1000.0,5000.0,3500.0,0.0,0.0
2025-10-21 00:00:00+05:30,303,Kalwakurthy,1340,Kalwakurthy,125,Bitter Gourd,125,Common,0.0,3.0,2500.0,3300.0,2900.0,0.0,0.0
2025-10-21 00:00:00+05:30,310,Shadnagar,1330,Shadnagar,123,Ribbed Gourd,123,Common,0.0,10.0,3800.0,4600.0,4200.0,0.0,0.0
2025-10-20 00:00:00+05:30,367,Gudimalkapur,1571,Gudumalkapur,121,Snake Gourd,121,Common,0.0,3.0,1200.0,1200.0,1200.0,0.0,0.0
2025-10-20 00:00:00+05:30,310,Shadnagar,1330,Shadnagar,123,Ribbed Gourd,123,Common,0.0,10.0,3800.0,4200.0,4000.0,0.0,0.0
2025-10-20 00:00:00+05:30,303,Kalwakurthy,1340,Kalwakurthy,125,Bitter Gourd,125,Common,0.0,5.0,2500.0,4000.0,3250.0,0.0,0.0
2025-10-21 00:00:00+05:30,323,Gaddiannaram,1,Gaddiannaram,91,Ber,91,Common,0.0,12.0,4000.0,4000.0,4000.0,0.0,0.0
2025-10-20 00:00:00+05:30,324,Bowenpally,3,Bowenpally,117,Cluster Beans,117,Common,0.0,128.0,1500.0,5000.0,4000.0,0.0,0.0
2025-10-20 00:00:00+05:30,323,Gaddiannaram,2,L.B Nagar,128,Pumpkin,128,Common,0.0,30.0,1000.0,1500.0,1200.0,0.0,0.0
2025-10-20 00:00:00+05:30,323,Gaddiannaram,1,Gaddiannaram,91,Ber,91,Common,0.0,79.0,1500.0,3000.0,2000.0,0.0,0.0
2025-10-19 00:00:00+05:30,303,Kalwakurthy,1340,Kalwakurthy,125,Bitter Gourd,125,Common,0.0,7.0,2000.0,4000.0,3000.0,0.0,0.0
2025-10-19 00:00:00+05:30,310,Shadnagar,1330,Shadnagar,123,Ribbed Gourd,123,Common,0.0,12.0,3000.0,4000.0,3500.0,0.0,0.0
2025-10-19 00:00:00+05:30,367,Gudimalkapur,1571,Gudumalkapur,121,Snake Gourd,121,Common,0.0,11.0,1000.0,1000.0,1000.0,0.0,0.0
2025-10-19 00:00:00+05:30,324,Bowenpally,3,Bowenpally,117,Cluster Beans,117,Common,0.0,111.0,1000.0,4000.0,3000.0,0.0,0.0
2025-10-19 00:00:00+05:30,323,Gaddiannaram,2,L.B Nagar,128,Pumpkin,128,Common,0.0,200.0,1000.0,1500.0,1200.0,0.0,0.0
2025-10-18 00:00:00+05:30,310,Shadnagar,1330,Shadnagar,123,Ribbed Gourd,123,Common,0.0,20.0,3000.0,4500.0,3800.0,0.0,0.0
2025-10-18 00:00:00+05:30,303,Kalwakurthy,1340,Kalwakurthy,125,Bitter Gourd,125,Common,0.0,5.0,25000.0,4000.0,3250.0,0.0,0.0
2025-10-18 00:00:00+05:30,367,Gudimalkapur,1571,Gudumalkapur,121,Snake Gourd,121,Common,0.0,2.0,1000.0,1000.0,1000.0,0.0,0.0
2025-10-18 00:00:00+05:30,323,Gaddiannaram,2,L.B Nagar,128,Pumpkin,128,Common,0.0,145.0,1000.0,1500.0,1200.0,0.0,0.0
2025-10-18 00:00:00+05:30,324,Bowenpally,3,Bowenpally,117,Cluster Beans,117,Common,0.0,197.0,1500.0,4000.0,3200.0,0.0,0.0
2025-10-17 00:00:00+05:30,367,Gudimalkapur,1571,Gudumalkapur,121,Snake Gourd,121,Common,0.0,2.0,1000.0,1500.0,1000.0,0.0,0.0
2025-10-18 00:00:00+05:30,323,Gaddiannaram,1,Gaddiannaram,91,Ber,91,Common,0.0,120.0,2000.0,4000.0,3000.0,0.0,0.0
2025-10-17 00:00:00+05:30,310,Shadnagar,1330,Shadnagar,123,Ribbed Gourd,123,Common,0.0,15.0,3200.0,3800.0,3500.0,0.0,0.0
2025-10-17 00:00:00+05:30,303,Kalwakurthy,1340,Kalwakurthy,125,Bitter Gourd,125,Common,0.0,5.0,2700.0,3600.0,3150.0,0.0,0.0
2025-10-17 00:00:00+05:30,323,Gaddiannaram,2,L.B Nagar,128,Pumpkin,128,Common,0.0,170.0,1000.0,1500.0,1200.0,0.0,0.0
2025-10-17 00:00:00+05:30,246,Warangal,886,Warangal,30,Groundnut pods,30,Common,0.0,11.34,4200.0,6000.0,4200.0,0.0,0.0
2025-10-16 00:00:00+05:30,303,Kalwakurthy,1340,Kalwakurthy,125,Bitter Gourd,125,Common,0.0,4.0,2300.0,3500.0,2900.0,0.0,0.0
2025-10-16 00:00:00+05:30,310,Shadnagar,1330,Shadnagar,123,Ribbed Gourd,123,Common,0.0,20.0,3200.0,3600.0,3500.0,0.0,0.0
2025-10-17 00:00:00+05:30,324,Bowenpally,3,Bowenpally,117,Cluster Beans,117,Common,0.0,179.0,1000.0,4000.0,3000.0,0.0,0.0
2025-10-17 00:00:00+05:30,323,Gaddiannaram,1,Gaddiannaram,91,Ber,91,Common,0.0,244.0,1500.0,3000.0,2500.0,0.0,0.0
2025-10-16 00:00:00+05:30,324,Bowenpally,3,Bowenpally,117,Cluster Beans,117,Common,0.0,236.0,1000.0,4000.0,3000.0,0.0,0.0
2025-10-16 00:00:00+05:30,246,Warangal,886,Warangal,30,Groundnut pods,30,Common,0.0,9.12,4100.0,6570.0,5000.0,0.0,0.0
2025-10-16 00:00:00+05:30,208,Nizamabad,1080,Nizamabad,32,Gingelly,223,White,0.0,58.0,8659.0,10199.0,9875.0,0.0,0.0
2025-10-15 00:00:00+05:30,367,Gudimalkapur,1571,Gudumalkapur,121,Snake Gourd,121,Common,0.0,6.0,1000.0,1000.0,1000.0,0.0,0.0
2025-10-15 00:00:00+05:30,208,Nizamabad,1080,Nizamabad,32,Gingelly,223,White,0.0,93.0,8859.0,10326.0,10120.0,0.0,0.0
2025-10-15 00:00:00+05:30,310,Shadnagar,1330,Shadnagar,123,Ribbed Gourd,123,Common,0.0,15.0,3500.0,4500.0,3800.0,0.0,0.0
2025-10-16 00:00:00+05:30,323,Gaddiannaram,2,L.B Nagar,128,Pumpkin,128,Common,0.0,75.0,1000.0,1500.0,1200.0,0.0,0.0
2025-10-15 00:00:00+05:30,303,Kalwakurthy,1340,Kalwakurthy,125,Bitter Gourd,125,Common,0.0,5.0,3000.0,3500.0,3250.0,0.0,0.0
2025-10-16 00:00:00+05:30,323,Gaddiannaram,1,Gaddiannaram,91,Ber,91,Common,0.0,120.0,2000.0,4000.0,3000.0,0.0,0.0
2025-10-15 00:00:00+05:30,324,Bowenpally,3,Bowenpally,117,Cluster Beans,117,Common,0.0,108.0,1000.0,4000.0,3000.0,0.0,0.0
2025-10-15 00:00:00+05:30,323,Gaddiannaram,2,L.B Nagar,128,Pumpkin,128,Common,0.0,125.0,800.0,1200.0,1000.0,0.0,0.0
2025-10-15 00:00:00+05:30,246,Warangal,886,Warangal,30,Groundnut pods,30,Common,0.0,19.78,3800.0,6530.0,5000.0,0.0,0.0
2025-10-14 00:00:00+05:30,367,Gudimalkapur,1571,Gudumalkapur,121,Snake Gourd,121,Common,0.0,4.0,1000.0,1200.0,1000.0,0.0,0.0
2025-10-14 00:00:00+05:30,303,Kalwakurthy,1340,Kalwakurthy,125,Bitter Gourd,125,Common,0.0,3.0,3500.0,4000.0,3750.0,0.0,0.0
2025-10-15 00:00:00+05:30,323,Gaddiannaram,1,Gaddiannaram,91,Ber,91,Common,0.0,103.0,2000.0,4000.0,3000.0,0.0,0.0
2025-10-14 00:00:00+05:30,310,Shadnagar,1330,Shadnagar,123,Ribbed Gourd,123,Common,0.0,15.0,3500.0,4500.0,2000.0,0.0,0.0
2025-10-14 00:00:00+05:30,208,Nizamabad,1080,Nizamabad,32,Gingelly,223,White,0.0,3.0,9856.0,9856.0,9856.0,0.0,0.0
2025-10-14 00:00:00+05:30,192,Jainath,26,Jainath,80,Banana,80,Common,0.0,160.0,550.0,625.0,587.0,0.0,0.0
2025-10-14 00:00:00+05:30,323,Gaddiannaram,1,Gaddiannaram,91,Ber,91,Common,0.0,28.0,1000.0,2500.0,1500.0,0.0,0.0
2025-10-14 00:00:00+05:30,246,Warangal,886,Warangal,30,Groundnut pods,30,Common,0.0,17.92,3600.0,6110.0,5000.0,0.0,0.0
2025-10-14 00:00:00+05:30,324,Bowenpally,3,Bowenpally,117,Cluster Beans,117,Common,0.0,108.0,1000.0,4500.0,3200.0,0.0,0.0
2025-10-13 00:00:00+05:30,367,Gudimalkapur,1571,Gudumalkapur,121,Snake Gourd,121,Common,0.0,8.0,1200.0,1200.0,1200.0,0.0,0.0
2025-10-13 00:00:00+05:30,303,Kalwakurthy,1340,Kalwakurthy,125,Bitter Gourd,125,Common,0.0,5.0,3000.0,3300.0,3150.0,0.0,0.0
2025-10-13 00:00:00+05:30,310,Shadnagar,1330,Shadnagar,123,Ribbed Gourd,123,Common,0.0,15.0,3200.0,3800.0,3500.0,0.0,0.0
2025-10-13 00:00:00+05:30,246,Warangal,886,Warangal,30,Groundnut pods,30,Common,0.0,26.27,4000.0,6700.0,5500.0,0.0,0.0
2025-10-13 00:00:00+05:30,208,Nizamabad,1080,Nizamabad,32,Gingelly,223,White,0.0,49.0,9000.0,10256.0,10156.0,0.0,0.0
2025-10-13 00:00:00+05:30,324,Bowenpally,3,Bowenpally,117,Cluster Beans,117,Common,0.0,324.0,1000.0,4500.0,3200.0,0.0,0.0
2025-10-12 00:00:00+05:30,367,Gudimalkapur,1571,Gudumalkapur,121,Snake Gourd,121,Common,0.0,2.0,1500.0,1500.0,1500.0,0.0,0.0
2025-10-12 00:00:00+05:30,310,Shadnagar,1330,Shadnagar,123,Ribbed Gourd,123,Common,0.0,20.0,3000.0,3800.0,3500.0,0.0,0.0
2025-10-12 00:00:00+05:30,192,Jainath,26,Jainath,80,Banana,80,Common,0.0,160.0,550.0,625.0,587.0,0.0,0.0
2025-10-12 00:00:00+05:30,303,Kalwakurthy,1340,Kalwakurthy,125,Bitter Gourd,125,Common,0.0,5.0,3000.0,4000.0,3500.0,0.0,0.0
2025-10-13 00:00:00+05:30,323,Gaddiannaram,1,Gaddiannaram,91,Ber,91,Common,0.0,58.0,2000.0,4000.0,3000.0,0.0,0.0
2025-10-11 00:00:00+05:30,367,Gudimalkapur,1571,Gudumalkapur,121,Snake Gourd,121,Common,0.0,11.0,1000.0,1400.0,1000.0,0.0,0.0
2025-10-11 00:00:00+05:30,303,Kalwakurthy,1340,Kalwakurthy,125,Bitter Gourd,125,Common,0.0,4.0,3000.0,3500.0,3250.0,0.0,0.0
2025-10-12 00:00:00+05:30,323,Gaddiannaram,2,L.B Nagar,128,Pumpkin,128,Common,0.0,80.0,800.0,1200.0,1000.0,0.0,0.0
2025-10-12 00:00:00+05:30,324,Bowenpally,3,Bowenpally,117,Cluster Beans,117,Common,0.0,205.0,1500.0,4500.0,3500.0,0.0,0.0
2025-10-11 00:00:00+05:30,310,Shadnagar,1330,Shadnagar,123,Ribbed Gourd,123,Common,0.0,10.0,3000.0,4500.0,3500.0,0.0,0.0
2025-10-11 00:00:00+05:30,208,Nizamabad,1080,Nizamabad,32,Gingelly,223,White,0.0,45.0,9200.0,10326.0,10025.0,0.0,0.0
2025-10-11 00:00:00+05:30,324,Bowenpally,3,Bowenpally,117,Cluster Beans,117,Common,0.0,255.0,2000.0,4500.0,3600.0,0.0,0.0
2025-10-10 00:00:00+05:30,310,Shadnagar,1330,Shadnagar,123,Ribbed Gourd,123,Common,0.0,10.0,2500.0,3500.0,3000.0,0.0,0.0
2025-10-11 00:00:00+05:30,323,Gaddiannaram,2,L.B Nagar,128,Pumpkin,128,Common,0.0,150.0,1000.0,1500.0,1200.0,0.0,0.0
2025-10-10 00:00:00+05:30,303,Kalwakurthy,1340,Kalwakurthy,125,Bitter Gourd,125,Common,0.0,5.0,2500.0,3500.0,3000.0,0.0,0.0
2025-10-11 00:00:00+05:30,323,Gaddiannaram,1,Gaddiannaram,91,Ber,91,Common,0.0,17.0,1000.0,2500.0,1500.0,0.0,0.0
2025-10-10 00:00:00+05:30,367,Gudimalkapur,1571,Gudumalkapur,121,Snake Gourd,121,Common,0.0,7.0,1000.0,1000.0,1000.0,0.0,0.0
2025-10-10 00:00:00+05:30,208,Nizamabad,1080,Nizamabad,32,Gingelly,223,White,0.0,98.0,9650.0,10305.0,10275.0,0.0,0.0
2025-10-10 00:00:00+05:30,246,Warangal,886,Warangal,30,Groundnut pods,30,Common,0.0,27.32,4000.0,5900.0,4100.0,0.0,0.0
2025-10-10 00:00:00+05:30,324,Bowenpally,3,Bowenpally,117,Cluster Beans,117,Common,0.0,187.0,2000.0,5000.0,4000.0,0.0,0.0
2025-10-10 00:00:00+05:30,323,Gaddiannaram,1,Gaddiannaram,91,Ber,91,Common,0.0,93.0,2000.0,4000.0,3000.0,0.0,0.0
2025-10-09 00:00:00+05:30,310,Shadnagar,1330,Shadnagar,123,Ribbed Gourd,123,Common,0.0,10.0,3800.0,4200.0,4000.0,0.0,0.0
2025-10-09 00:00:00+05:30,208,Nizamabad,1080,Nizamabad,32,Gingelly,223,White,0.0,35.0,9322.0,10225.0,10200.0,0.0,0.0
2025-10-09 00:00:00+05:30,303,Kalwakurthy,1340,Kalwakurthy,125,Bitter Gourd,125,Common,0.0,2.0,3000.0,4500.0,3750.0,0.0,0.0
2025-10-09 00:00:00+05:30,367,Gudimalkapur,1571,Gudumalkapur,121,Snake Gourd,121,Common,0.0,8.0,1000.0,1000.0,1000.0,0.0,0.0
2025-10-09 00:00:00+05:30,246,Warangal,886,Warangal,30,Groundnut pods,30,Common,0.0,56.3,3500.0,6500.0,5800.0,0.0,0.0
2025-10-09 00:00:00+05:30,324,Bowenpally,3,Bowenpally,117,Cluster Beans,117,Common,0.0,202.0,2000.0,5000.0,4000.0,0.0,0.0
2025-10-09 00:00:00+05:30,323,Gaddiannaram,1,Gaddiannaram,91,Ber,91,Common,0.0,36.0,2500.0,4000.0,3000.0,0.0,0.0
2025-10-08 00:00:00+05:30,303,Kalwakurthy,1340,Kalwakurthy,125,Bitter Gourd,125,Common,0.0,5.0,2000.0,3000.0,2500.0,0.0,0.0
2025-10-09 00:00:00+05:30,323,Gaddiannaram,2,L.B Nagar,128,Pumpkin,128,Common,0.0,100.0,800.0,1200.0,1000.0,0.0,0.0
2025-10-08 00:00:00+05:30,310,Shadnagar,1330,Shadnagar,123,Ribbed Gourd,123,Common,0.0,20.0,3500.0,3800.0,3600.0,0.0,0.0
2025-10-08 00:00:00+05:30,323,Gaddiannaram,2,L.B Nagar,128,Pumpkin,128,Common,0.0,30.0,800.0,1200.0,1000.0,0.0,0.0
2025-10-08 00:00:00+05:30,323,Gaddiannaram,1,Gaddiannaram,91,Ber,91,Common,0.0,85.0,2000.0,3000.0,2500.0,0.0,0.0
2025-10-08 00:00:00+05:30,246,Warangal,886,Warangal,30,Groundnut pods,30,Common,0.0,47.0,3000.0,6250.0,6060.0,0.0,0.0
2025-10-08 00:00:00+05:30,208,Nizamabad,1080,Nizamabad,32,Gingelly,223,White,0.0,50.0,9350.0,10256.0,9500.0,0.0,0.0
2025-10-08 00:00:00+05:30,324,Bowenpally,3,Bowenpally,117,Cluster Beans,117,Common,0.0,191.0,2000.0,4500.0,3800.0,0.0,0.0
2025-10-07 00:00:00+05:30,303,Kalwakurthy,1340,Kalwakurthy,125,Bitter Gourd,125,Common,0.0,5.0,2500.0,3000.0,2750.0,0.0,0.0
2025-10-07 00:00:00+05:30,310,Shadnagar,1330,Shadnagar,123,Ribbed Gourd,123,Common,0.0,25.0,3500.0,4500.0,3800.0,0.0,0.0
2025-10-07 00:00:00+05:30,367,Gudimalkapur,1571,Gudumalkapur,121,Snake Gourd,121,Common,0.0,5.0,800.0,1200.0,1000.0,0.0,0.0
2025-10-07 00:00:00+05:30,324,Bowenpally,3,Bowenpally,117,Cluster Beans,117,Common,0.0,298.0,2000.0,5000.0,4000.0,0.0,0.0
2025-10-07 00:00:00+05:30,323,Gaddiannaram,1,Gaddiannaram,91,Ber,91,Common,0.0,13.0,1500.0,3000.0,2000.0,0.0,0.0
2025-10-07 00:00:00+05:30,246,Warangal,886,Warangal,30,Groundnut pods,30,Common,0.0,97.9,3900.0,6610.0,6300.0,0.0,0.0
2025-10-07 00:00:00+05:30,208,Nizamabad,1080,Nizamabad,32,Gingelly,223,White,0.0,23.0,8672.0,10325.0,10172.0,0.0,0.0
2025-10-07 00:00:00+05:30,323,Gaddiannaram,2,L.B Nagar,128,Pumpkin,128,Common,0.0,30.0,800.0,1200.0,1000.0,0.0,0.0
2025-10-06 00:00:00+05:30,303,Kalwakurthy,1340,Kalwakurthy,125,Bitter Gourd,125,Common,0.0,5.0,2000.0,3000.0,2750.0,0.0,0.0
2025-10-06 00:00:00+05:30,367,Gudimalkapur,1571,Gudumalkapur,121,Snake Gourd,121,Common,0.0,6.0,1600.0,1600.0,1600.0,0.0,0.0
2025-10-06 00:00:00+05:30,310,Shadnagar,1330,Shadnagar,123,Ribbed Gourd,123,Common,0.0,20.0,3500.0,4500.0,3800.0,0.0,0.0
2025-10-06 00:00:00+05:30,324,Bowenpally,3,Bowenpally,117,Cluster Beans,117,Common,0.0,166.0,3000.0,6000.0,5000.0,0.0,0.0
2025-10-06 00:00:00+05:30,323,Gaddiannaram,1,Gaddiannaram,91,Ber,91,Common,0.0,103.0,2500.0,5000.0,3000.0,0.0,0.0
2025-10-06 00:00:00+05:30,246,Warangal,886,Warangal,30,Groundnut pods,30,Common,0.0,26.4,6500.0,6500.0,6500.0,0.0,0.0
2025-10-05 00:00:00+05:30,367,Gudimalkapur,1571,Gudumalkapur,121,Snake Gourd,121,Common,0.0,6.0,1200.0,1200.0,1200.0,0.0,0.0
2025-10-05 00:00:00+05:30,303,Kalwakurthy,1340,Kalwakurthy,125,Bitter Gourd,125,Common,0.0,6.0,2000.0,3000.0,2500.0,0.0,0.0
2025-10-05 00:00:00+05:30,310,Shadnagar,1330,Shadnagar,123,Ribbed Gourd,123,Common,0.0,15.0,3500.0,4000.0,3800.0,0.0,0.0
2025-10-05 00:00:00+05:30,324,Bowenpally,3,Bowenpally,117,Cluster Beans,117,Common,0.0,162.0,1000.0,5000.0,3500.0,0.0,0.0
2025-10-04 00:00:00+05:30,303,Kalwakurthy,1340,Kalwakurthy,125,Bitter Gourd,125,Common,0.0,4.0,2000.0,3000.0,2500.0,0.0,0.0
2025-10-04 00:00:00+05:30,367,Gudimalkapur,1571,Gudumalkapur,121,Snake Gourd,121,Common,0.0,8.0,1600.0,1600.0,1600.0,0.0,0.0
2025-10-02 00:00:00+05:30,192,Jainath,26,Jainath,80,Banana,80,Common,0.0,160.0,550.0,625.0,587.0,0.0,0.0
2025-10-04 00:00:00+05:30,208,Nizamabad,1080,Nizamabad,32,Gingelly,223,White,0.0,48.0,6180.0,10225.0,10165.0,0.0,0.0
2025-10-04 00:00:00+05:30,324,Bowenpally,3,Bowenpally,117,Cluster Beans,117,Common,0.0,3.0,1000.0,4000.0,3000.0,0.0,0.0
2025-10-04 00:00:00+05:30,323,Gaddiannaram,2,L.B Nagar,128,Pumpkin,128,Common,0.0,40.0,1000.0,1500.0,1200.0,0.0,0.0
2025-10-03 00:00:00+05:30,367,Gudimalkapur,1571,Gudumalkapur,121,Snake Gourd,121,Common,0.0,2.0,2000.0,2000.0,2000.0,0.0,0.0
2025-10-04 00:00:00+05:30,323,Gaddiannaram,1,Gaddiannaram,91,Ber,91,Common,0.0,52.0,1500.0,3000.0,2000.0,0.0,0.0
2025-10-03 00:00:00+05:30,324,Bowenpally,3,Bowenpally,117,Cluster Beans,117,Common,0.0,2.0,1000.0,2000.0,1600.0,0.0,0.0
2025-10-01 00:00:00+05:30,303,Kalwakurthy,1340,Kalwakurthy,125,Bitter Gourd,125,Common,0.0,2.0,1000.0,2500.0,1750.0,0.0,0.0
2025-10-02 00:00:00+05:30,324,Bowenpally,3,Bowenpally,117,Cluster Beans,117,Common,0.0,2.0,3000.0,4000.0,3600.0,0.0,0.0
2025-10-02 00:00:00+05:30,367,Gudimalkapur,1571,Gudumalkapur,121,Snake Gourd,121,Common,0.0,7.0,1000.0,1000.0,1000.0,0.0,0.0
2025-10-03 00:00:00+05:30,323,Gaddiannaram,1,Gaddiannaram,91,Ber,91,Common,0.0,24.0,1500.0,3000.0,2000.0,0.0,0.0
2025-10-01 00:00:00+05:30,367,Gudimalkapur,1571,Gudumalkapur,121,Snake Gourd,121,Common,0.0,9.0,1000.0,1200.0,1000.0,0.0,0.0
2025-10-01 00:00:00+05:30,324,Bowenpally,3,Bowenpally,117,Cluster Beans,117,Common,0.0,179.0,1000.0,4000.0,3000.0,0.0,0.0
2025-10-01 00:00:00+05:30,323,Gaddiannaram,2,L.B Nagar,128,Pumpkin,128,Common,0.0,320.0,800.0,1200.0,1000.0,0.0,0.0
2025-10-01 00:00:00+05:30,323,Gaddiannaram,1,Gaddiannaram,91,Ber,91,Common,0.0,6.0,1000.0,3000.0,1500.0,0.0,0.0
2025-10-31 00:00:00+05:30,208,Nizamabad,1080,Nizamabad,32,Gingelly,223,White,0.0,85.0,9872.0,10347.0,10307.0,0.0,0.0
2025-10-31 00:00:00+05:30,367,Gudimalkapur,1571,Gudumalkapur,121,Snake Gourd,121,Common,0.0,7.0,900.0,1500.0,1100.0,0.0,0.0
2025-10-31 00:00:00+05:30,303,Kalwakurthy,1340,Kalwakurthy,125,Bitter Gourd,125,Common,0.0,4.0,2500.0,4000.0,3250.0,0.0,0.0
2025-10-31 00:00:00+05:30,310,Shadnagar,1330,Shadnagar,123,Ribbed Gourd,123,Common,0.0,15.0,3200.0,3800.0,3500.0,0.0,0.0
2025-10-31 00:00:00+05:30,324,Bowenpally,3,Bowenpally,117,Cluster Beans,117,Common,0.0,73.0,1500.0,4500.0,3500.0,0.0,0.0
2025-10-30 00:00:00+05:30,303,Kalwakurthy,1340,Kalwakurthy,125,Bitter Gourd,125,Common,0.0,3.0,2500.0,4000.0,2750.0,0.0,0.0
2025-10-30 00:00:00+05:30,310,Shadnagar,1330,Shadnagar,123,Ribbed Gourd,123,Common,0.0,10.0,3500.0,4000.0,3800.0,0.0,0.0
2025-10-30 00:00:00+05:30,331,Vantimamidi,1612,Vantimamidi,121,Snake Gourd,121,Common,0.0,2.0,1000.0,1000.0,1000.0,0.0,0.0
2025-10-31 00:00:00+05:30,323,Gaddiannaram,1,Gaddiannaram,91,Ber,91,Common,0.0,221.0,2000.0,6000.0,3000.0,0.0,0.0
2025-10-29 00:00:00+05:30,303,Kalwakurthy,1340,Kalwakurthy,125,Bitter Gourd,125,Common,0.0,1.0,3300.0,3300.0,3300.0,0.0,0.0
2025-10-30 00:00:00+05:30,324,Bowenpally,3,Bowenpally,117,Cluster Beans,117,Common,0.0,73.0,2000.0,4500.0,3600.0,0.0,0.0
2025-10-30 00:00:00+05:30,323,Gaddiannaram,1,Gaddiannaram,91,Ber,91,Common,0.0,27.0,1000.0,2500.0,1500.0,0.0,0.0
2025-10-30 00:00:00+05:30,323,Gaddiannaram,2,L.B Nagar,128,Pumpkin,128,Common,0.0,30.0,1000.0,1500.0,1200.0,0.0,0.0
2025-10-29 00:00:00+05:30,310,Shadnagar,1330,Shadnagar,123,Ribbed Gourd,123,Common,0.0,15.0,3500.0,4500.0,3800.0,0.0,0.0
2025-10-29 00:00:00+05:30,246,Warangal,886,Warangal,30,Groundnut pods,30,Common,0.0,8.11,2600.0,4400.0,4400.0,0.0,0.0
2025-10-29 00:00:00+05:30,208,Nizamabad,1080,Nizamabad,32,Gingelly,223,White,0.0,130.0,4953.0,10136.0,9653.0,0.0,0.0
2025-10-29 00:00:00+05:30,324,Bowenpally,3,Bowenpally,117,Cluster Beans,117,Common,0.0,96.0,1500.0,4500.0,3500.0,0.0,0.0
2025-10-29 00:00:00+05:30,323,Gaddiannaram,1,Gaddiannaram,91,Ber,91,Common,0.0,137.0,2000.0,4000.0,2500.0,0.0,0.0
2025-10-28 00:00:00+05:30,367,Gudimalkapur,1571,Gudumalkapur,121,Snake Gourd,121,Common,0.0,4.0,1000.0,1000.0,1000.0,0.0,0.0
2025-10-28 00:00:00+05:30,331,Vantimamidi,1612,Vantimamidi,121,Snake Gourd,121,Common,0.0,4.0,500.0,800.0,650.0,0.0,0.0
2025-10-29 00:00:00+05:30,323,Gaddiannaram,2,L.B Nagar,128,Pumpkin,128,Common,0.0,60.0,1000.0,1500.0,1200.0,0.0,0.0
2025-10-28 00:00:00+05:30,303,Kalwakurthy,1340,Kalwakurthy,125,Bitter Gourd,125,Common,0.0,4.0,2500.0,4000.0,3250.0,0.0,0.0
2025-10-28 00:00:00+05:30,310,Shadnagar,1330,Shadnagar,123,Ribbed Gourd,123,Common,0.0,25.0,3500.0,4500.0,3800.0,0.0,0.0
2025-10-28 00:00:00+05:30,208,Nizamabad,1080,Nizamabad,32,Gingelly,223,White,0.0,98.0,9350.0,10156.0,1026.0,0.0,0.0
2025-10-28 00:00:00+05:30,246,Warangal,886,Warangal,30,Groundnut pods,30,Common,0.0,4.59,4000.0,4000.0,4000.0,0.0,0.0
2025-10-01 00:00:00+05:30,323,Gaddiannaram,1,Gaddiannaram,92,Custard apple,92,Common,0.0,520.0,500.0,3500.0,1250.0,0.0,0.0
2025-10-01 00:00:00+05:30,323,Gaddiannaram,2,L.B Nagar,129,Cucumber,129,Common,0.0,46.0,1000.0,1500.0,1200.0,0.0,0.0
2025-10-01 00:00:00+05:30,324,Bowenpally,3,Bowenpally,118,Field Beans,118,Common,0.0,380.0,2000.0,4000.0,3500.0,0.0,0.0
2025-10-01 00:00:00+05:30,367,Gudimalkapur,1571,Gudumalkapur,122,Bottle Gourd,122,Common,0.0,197.0,500.0,700.0,600.0,0.0,0.0
2025-10-01 00:00:00+05:30,325,Hyderabad,7,Meeralamandi,151,Lemon,151,Common,0.0,260.0,320.0,1680.0,1000.0,0.0,0.0
2025-10-03 00:00:00+05:30,323,Gaddiannaram,1,Gaddiannaram,92,Custard apple,92,Common,0.0,282.0,1000.0,3500.0,1500.0,0.0,0.0
2025-10-02 00:00:00+05:30,367,Gudimalkapur,1571,Gudumalkapur,122,Bottle Gourd,122,Common,0.0,77.0,600.0,800.0,700.0,0.0,0.0
2025-10-02 00:00:00+05:30,323,Gaddiannaram,2,L.B Nagar,129,Cucumber,129,Common,0.0,57.0,1000.0,1500.0,1200.0,0.0,0.0
2025-10-02 00:00:00+05:30,324,Bowenpally,3,Bowenpally,118,Field Beans,118,Common,0.0,81.0,1500.0,4000.0,3000.0,0.0,0.0
2025-10-01 00:00:00+05:30,303,Kalwakurthy,1340,Kalwakurthy,129,Cucumber,129,Common,0.0,6.0,2500.0,3500.0,3000.0,0.0,0.0
2025-10-03 00:00:00+05:30,324,Bowenpally,3,Bowenpally,118,Field Beans,118,Common,0.0,34.0,2000.0,5000.0,4000.0,0.0,0.0
2025-10-04 00:00:00+05:30,323,Gaddiannaram,1,Gaddiannaram,92,Custard apple,92,Common,0.0,353.0,1000.0,3500.0,1250.0,0.0,0.0
2025-10-03 00:00:00+05:30,367,Gudimalkapur,1571,Gudumalkapur,122,Bottle Gourd,122,Common,0.0,70.0,800.0,1600.0,1200.0,0.0,0.0
2025-10-04 00:00:00+05:30,323,Gaddiannaram,2,L.B Nagar,129,Cucumber,129,Common,0.0,93.0,1000.0,1500.0,1200.0,0.0,0.0
2025-10-04 00:00:00+05:30,324,Bowenpally,3,Bowenpally,118,Field Beans,118,Common,0.0,441.0,1500.0,5000.0,3000.0,0.0,0.0
2025-10-04 00:00:00+05:30,325,Hyderabad,7,Meeralamandi,151,Lemon,151,Common,0.0,240.0,800.0,1800.0,1300.0,0.0,0.0
2025-10-04 00:00:00+05:30,367,Gudimalkapur,1571,Gudumalkapur,122,Bottle Gourd,122,Common,0.0,281.0,700.0,300.0,500.0,0.0,0.0
2025-10-04 00:00:00+05:30,303,Kalwakurthy,1340,Kalwakurthy,129,Cucumber,129,Common,0.0,3.0,3000.0,3500.0,3250.0,0.0,0.0
2025-10-05 00:00:00+05:30,323,Gaddiannaram,2,L.B Nagar,129,Cucumber,129,Common,0.0,83.0,1000.0,1500.0,1200.0,0.0,0.0
2025-10-05 00:00:00+05:30,324,Bowenpally,3,Bowenpally,118,Field Beans,118,Common,0.0,515.0,1500.0,6000.0,4200.0,0.0,0.0
2025-10-05 00:00:00+05:30,323,Gaddiannaram,1,Gaddiannaram,92,Custard apple,92,Common,0.0,145.0,750.0,3000.0,1250.0,0.0,0.0
2025-10-05 00:00:00+05:30,310,Shadnagar,1330,Shadnagar,125,Bitter Gourd,125,Common,0.0,10.0,3500.0,4500.0,4000.0,0.0,0.0
2025-10-05 00:00:00+05:30,325,Hyderabad,7,Meeralamandi,151,Lemon,151,Common,0.0,175.0,1200.0,1920.0,1560.0,0.0,0.0
2025-10-05 00:00:00+05:30,303,Kalwakurthy,1340,Kalwakurthy,129,Cucumber,129,Common,0.0,10.0,2000.0,3000.0,2500.0,0.0,0.0
2025-10-05 00:00:00+05:30,367,Gudimalkapur,1571,Gudumalkapur,122,Bottle Gourd,122,Common,0.0,182.0,300.0,800.0,500.0,0.0,0.0
2025-10-06 00:00:00+05:30,246,Warangal,886,Warangal,32,Gingelly,223,White,0.0,2.27,8666.0,8702.0,8702.0,0.0,0.0
2025-10-05 00:00:00+05:30,331,Vantimamidi,1612,Vantimamidi,122,Bottle Gourd,122,Common,0.0,2.0,500.0,500.0,500.0,0.0,0.0
2025-10-06 00:00:00+05:30,323,Gaddiannaram,1,Gaddiannaram,92,Custard apple,92,Common,0.0,404.0,750.0,6250.0,1500.0,0.0,0.0
2025-10-06 00:00:00+05:30,323,Gaddiannaram,2,L.B Nagar,129,Cucumber,129,Common,0.0,134.0,1000.0,1500.0,1200.0,0.0,0.0
2025-10-06 00:00:00+05:30,324,Bowenpally,3,Bowenpally,118,Field Beans,118,Common,0.0,918.0,1500.0,5000.0,3600.0,0.0,0.0
2025-10-06 00:00:00+05:30,289,Sadasivpet,1200,Sadasivapet,55,Onions,55,Common,0.0,33.0,333.0,1519.0,1480.0,0.0,0.0
2025-10-06 00:00:00+05:30,325,Hyderabad,7,Meeralamandi,151,Lemon,151,Common,0.0,205.0,1000.0,1800.0,1400.0,0.0,0.0
2025-10-06 00:00:00+05:30,367,Gudimalkapur,1571,Gudumalkapur,122,Bottle Gourd,122,Common,0.0,244.0,500.0,700.0,600.0,0.0,0.0
2025-10-06 00:00:00+05:30,303,Kalwakurthy,1340,Kalwakurthy,129,Cucumber,129,Common,0.0,2.0,3000.0,3000.0,3000.0,0.0,0.0
2025-10-07 00:00:00+05:30,323,Gaddiannaram,2,L.B Nagar,129,Cucumber,129,Common,0.0,133.0,1000.0,1500.0,1200.0,0.0,0.0
2025-10-06 00:00:00+05:30,331,Vantimamidi,1612,Vantimamidi,122,Bottle Gourd,122,Common,0.0,2.0,500.0,500.0,500.0,0.0,0.0
2025-10-07 00:00:00+05:30,325,Hyderabad,7,Meeralamandi,151,Lemon,151,Common,0.0,297.0,280.0,1640.0,960.0,0.0,0.0
2025-10-07 00:00:00+05:30,279,Thirumalagiri,9,Tirmalagiri,30,Groundnut pods,30,Common,0.0,7.0,4108.0,5500.0,4800.0,0.0,0.0
2025-10-07 00:00:00+05:30,323,Gaddiannaram,1,Gaddiannaram,92,Custard apple,92,Common,0.0,741.0,750.0,4500.0,1500.0,0.0,0.0
2025-10-07 00:00:00+05:30,324,Bowenpally,3,Bowenpally,118,Field Beans,118,Common,0.0,1029.0,2000.0,5000.0,4000.0,0.0,0.0
2025-10-07 00:00:00+05:30,367,Gudimalkapur,1571,Gudumalkapur,122,Bottle Gourd,122,Common,0.0,305.0,600.0,1000.0,800.0,0.0,0.0
2025-10-07 00:00:00+05:30,289,Sadasivpet,1200,Sadasivapet,55,Onions,55,Common,0.0,4.0,1422.0,1422.0,1422.0,0.0,0.0
2025-10-07 00:00:00+05:30,303,Kalwakurthy,1340,Kalwakurthy,129,Cucumber,129,Common,0.0,2.0,2000.0,3000.0,2500.0,0.0,0.0
2025-10-07 00:00:00+05:30,331,Vantimamidi,1612,Vantimamidi,122,Bottle Gourd,122,Common,0.0,1.0,500.0,500.0,500.0,0.0,0.0
2025-10-08 00:00:00+05:30,324,Bowenpally,3,Bowenpally,118,Field Beans,118,Common,0.0,664.0,2000.0,5000.0,4000.0,0.0,0.0
2025-10-08 00:00:00+05:30,323,Gaddiannaram,1,Gaddiannaram,92,Custard apple,92,Common,0.0,979.0,500.0,3500.0,1500.0,0.0,0.0
2025-10-08 00:00:00+05:30,323,Gaddiannaram,2,L.B Nagar,129,Cucumber,129,Common,0.0,178.0,1000.0,1500.0,1200.0,0.0,0.0
2025-10-08 00:00:00+05:30,279,Thirumalagiri,9,Tirmalagiri,30,Groundnut pods,30,Common,0.0,7.0,4108.0,5020.0,5010.0,0.0,0.0
2025-10-08 00:00:00+05:30,325,Hyderabad,7,Meeralamandi,151,Lemon,151,Common,0.0,277.0,800.0,1520.0,1160.0,0.0,0.0
2025-10-08 00:00:00+05:30,289,Sadasivpet,1200,Sadasivapet,55,Onions,55,Common,0.0,206.0,527.0,1749.0,1569.0,0.0,0.0
2025-10-08 00:00:00+05:30,367,Gudimalkapur,1571,Gudumalkapur,122,Bottle Gourd,122,Common,0.0,358.0,500.0,800.0,600.0,0.0,0.0
2025-10-09 00:00:00+05:30,323,Gaddiannaram,2,L.B Nagar,129,Cucumber,129,Common,0.0,160.0,1000.0,1500.0,1200.0,0.0,0.0
2025-10-08 00:00:00+05:30,303,Kalwakurthy,1340,Kalwakurthy,129,Cucumber,129,Common,0.0,5.0,2500.0,3500.0,3000.0,0.0,0.0
2025-10-08 00:00:00+05:30,331,Vantimamidi,1612,Vantimamidi,122,Bottle Gourd,122,Common,0.0,4.0,500.0,500.0,500.0,0.0,0.0
2025-10-09 00:00:00+05:30,323,Gaddiannaram,1,Gaddiannaram,92,Custard apple,92,Common,0.0,676.0,500.0,5000.0,1250.0,0.0,0.0
2025-10-09 00:00:00+05:30,324,Bowenpally,3,Bowenpally,118,Field Beans,118,Common,0.0,636.0,2000.0,5000.0,4000.0,0.0,0.0
2025-10-09 00:00:00+05:30,246,Warangal,886,Warangal,32,Gingelly,223,White,0.0,3.53,8822.0,8822.0,8822.0,0.0,0.0
2025-10-09 00:00:00+05:30,325,Hyderabad,7,Meeralamandi,151,Lemon,151,Common,0.0,309.0,200.0,1520.0,860.0,0.0,0.0
2025-10-09 00:00:00+05:30,367,Gudimalkapur,1571,Gudumalkapur,122,Bottle Gourd,122,Common,0.0,230.0,300.0,800.0,500.0,0.0,0.0
2025-10-09 00:00:00+05:30,303,Kalwakurthy,1340,Kalwakurthy,129,Cucumber,129,Common,0.0,3.0,1500.0,3500.0,2500.0,0.0,0.0
2025-10-09 00:00:00+05:30,310,Shadnagar,1330,Shadnagar,125,Bitter Gourd,125,Common,0.0,15.0,3200.0,3800.0,3500.0,0.0,0.0
2025-10-10 00:00:00+05:30,323,Gaddiannaram,1,Gaddiannaram,92,Custard apple,92,Common,0.0,963.0,750.0,4000.0,1250.0,0.0,0.0
2025-10-09 00:00:00+05:30,331,Vantimamidi,1612,Vantimamidi,122,Bottle Gourd,122,Common,0.0,9.0,400.0,600.0,500.0,0.0,0.0
2025-10-10 00:00:00+05:30,324,Bowenpally,3,Bowenpally,118,Field Beans,118,Common,0.0,445.0,2000.0,5500.0,4200.0,0.0,0.0
2025-10-10 00:00:00+05:30,325,Hyderabad,7,Meeralamandi,151,Lemon,151,Common,0.0,307.0,400.0,1200.0,800.0,0.0,0.0
2025-10-10 00:00:00+05:30,323,Gaddiannaram,2,L.B Nagar,129,Cucumber,129,Common,0.0,107.0,1000.0,1500.0,1200.0,0.0,0.0
2025-10-10 00:00:00+05:30,279,Thirumalagiri,9,Tirmalagiri,30,Groundnut pods,30,Common,0.0,4.0,4508.0,4508.0,4508.0,0.0,0.0
2025-10-09 00:00:00+05:30,289,Sadasivpet,1200,Sadasivapet,55,Onions,55,Common,0.0,127.0,427.0,1540.0,1340.0,0.0,0.0
2025-10-10 00:00:00+05:30,367,Gudimalkapur,1571,Gudumalkapur,122,Bottle Gourd,122,Common,0.0,223.0,500.0,800.0,600.0,0.0,0.0
2025-10-11 00:00:00+05:30,323,Gaddiannaram,1,Gaddiannaram,92,Custard apple,92,Common,0.0,776.0,750.0,4500.0,1250.0,0.0,0.0
2025-10-10 00:00:00+05:30,303,Kalwakurthy,1340,Kalwakurthy,129,Cucumber,129,Common,0.0,8.0,2000.0,3500.0,2750.0,0.0,0.0
2025-10-11 00:00:00+05:30,323,Gaddiannaram,2,L.B Nagar,129,Cucumber,129,Common,0.0,192.0,1000.0,1500.0,1200.0,0.0,0.0
2025-10-10 00:00:00+05:30,310,Shadnagar,1330,Shadnagar,125,Bitter Gourd,125,Common,0.0,12.0,3200.0,3800.0,3500.0,0.0,0.0
2025-10-10 00:00:00+05:30,331,Vantimamidi,1612,Vantimamidi,122,Bottle Gourd,122,Common,0.0,4.0,1000.0,1000.0,1000.0,0.0,0.0
2025-10-11 00:00:00+05:30,324,Bowenpally,3,Bowenpally,118,Field Beans,118,Common,0.0,559.0,2000.0,5000.0,4000.0,0.0,0.0
2025-10-11 00:00:00+05:30,325,Hyderabad,7,Meeralamandi,151,Lemon,151,Common,0.0,283.0,200.0,1360.0,880.0,0.0,0.0
2025-10-10 00:00:00+05:30,289,Sadasivpet,1200,Sadasivapet,55,Onions,55,Common,0.0,140.0,507.0,1622.0,1386.0,0.0,0.0
2025-10-11 00:00:00+05:30,279,Thirumalagiri,9,Tirmalagiri,30,Groundnut pods,30,Common,0.0,1.0,4108.0,4108.0,4108.0,0.0,0.0
2025-10-11 00:00:00+05:30,310,Shadnagar,1330,Shadnagar,125,Bitter Gourd,125,Common,0.0,12.0,3000.0,4500.0,3500.0,0.0,0.0
2025-10-11 00:00:00+05:30,289,Sadasivpet,1200,Sadasivapet,55,Onions,55,Common,0.0,595.0,317.0,1640.0,1442.0,0.0,0.0
2025-10-12 00:00:00+05:30,324,Bowenpally,3,Bowenpally,118,Field Beans,118,Common,0.0,323.0,2000.0,6000.0,4500.0,0.0,0.0
2025-10-12 00:00:00+05:30,323,Gaddiannaram,1,Gaddiannaram,92,Custard apple,92,Common,0.0,274.0,750.0,2500.0,1000.0,0.0,0.0
2025-10-12 00:00:00+05:30,325,Hyderabad,7,Meeralamandi,151,Lemon,151,Common,0.0,218.0,240.0,1480.0,860.0,0.0,0.0
2025-10-12 00:00:00+05:30,323,Gaddiannaram,2,L.B Nagar,129,Cucumber,129,Common,0.0,80.0,1000.0,1500.0,1200.0,0.0,0.0
2025-10-11 00:00:00+05:30,303,Kalwakurthy,1340,Kalwakurthy,129,Cucumber,129,Common,0.0,6.0,1500.0,3000.0,2250.0,0.0,0.0
2025-10-11 00:00:00+05:30,331,Vantimamidi,1612,Vantimamidi,122,Bottle Gourd,122,Common,0.0,2.0,400.0,600.0,500.0,0.0,0.0
2025-10-11 00:00:00+05:30,367,Gudimalkapur,1571,Gudumalkapur,122,Bottle Gourd,122,Common,0.0,244.0,300.0,800.0,500.0,0.0,0.0
2025-10-13 00:00:00+05:30,323,Gaddiannaram,1,Gaddiannaram,92,Custard apple,92,Common,0.0,1286.0,750.0,4750.0,1250.0,0.0,0.0
2025-10-12 00:00:00+05:30,303,Kalwakurthy,1340,Kalwakurthy,129,Cucumber,129,Common,0.0,1.0,1200.0,1200.0,1200.0,0.0,0.0
2025-10-12 00:00:00+05:30,331,Vantimamidi,1612,Vantimamidi,122,Bottle Gourd,122,Common,0.0,7.0,600.0,1000.0,800.0,0.0,0.0
2025-10-12 00:00:00+05:30,310,Shadnagar,1330,Shadnagar,125,Bitter Gourd,125,Common,0.0,15.0,2800.0,3600.0,3200.0,0.0,0.0
2025-10-12 00:00:00+05:30,367,Gudimalkapur,1571,Gudumalkapur,122,Bottle Gourd,122,Common,0.0,271.0,300.0,800.0,500.0,0.0,0.0
2025-10-13 00:00:00+05:30,324,Bowenpally,3,Bowenpally,118,Field Beans,118,Common,0.0,486.0,1500.0,6500.0,4500.0,0.0,0.0
2025-10-13 00:00:00+05:30,323,Gaddiannaram,2,L.B Nagar,129,Cucumber,129,Common,0.0,140.0,1000.0,1500.0,1200.0,0.0,0.0
2025-10-13 00:00:00+05:30,325,Hyderabad,7,Meeralamandi,151,Lemon,151,Common,0.0,207.0,240.0,1400.0,820.0,0.0,0.0
2025-10-13 00:00:00+05:30,246,Warangal,886,Warangal,32,Gingelly,223,White,0.0,6.82,8722.0,8959.0,8959.0,0.0,0.0
2025-10-13 00:00:00+05:30,303,Kalwakurthy,1340,Kalwakurthy,129,Cucumber,129,Common,0.0,5.0,1500.0,3000.0,2250.0,0.0,0.0
2025-10-13 00:00:00+05:30,367,Gudimalkapur,1571,Gudumalkapur,122,Bottle Gourd,122,Common,0.0,208.0,500.0,800.0,700.0,0.0,0.0
2025-10-14 00:00:00+05:30,324,Bowenpally,3,Bowenpally,118,Field Beans,118,Common,0.0,450.0,1000.0,7000.0,4500.0,0.0,0.0
2025-10-13 00:00:00+05:30,331,Vantimamidi,1612,Vantimamidi,122,Bottle Gourd,122,Common,0.0,5.0,500.0,500.0,500.0,0.0,0.0
2025-10-14 00:00:00+05:30,323,Gaddiannaram,2,L.B Nagar,129,Cucumber,129,Common,0.0,113.0,1000.0,1500.0,1200.0,0.0,0.0
2025-10-14 00:00:00+05:30,246,Warangal,886,Warangal,32,Gingelly,223,White,0.0,1.17,8652.0,8652.0,8652.0,0.0,0.0
2025-10-14 00:00:00+05:30,323,Gaddiannaram,1,Gaddiannaram,92,Custard apple,92,Common,0.0,853.0,750.0,4500.0,1250.0,0.0,0.0
2025-10-14 00:00:00+05:30,279,Thirumalagiri,9,Tirmalagiri,30,Groundnut pods,30,Common,0.0,4.0,4808.0,5300.0,5300.0,0.0,0.0
2025-10-14 00:00:00+05:30,325,Hyderabad,7,Meeralamandi,151,Lemon,151,Common,0.0,250.0,200.0,1200.0,700.0,0.0,0.0
2025-10-14 00:00:00+05:30,310,Shadnagar,1330,Shadnagar,125,Bitter Gourd,125,Common,0.0,10.0,2500.0,3500.0,3000.0,0.0,0.0
2025-10-14 00:00:00+05:30,289,Sadasivpet,1200,Sadasivapet,55,Onions,55,Common,0.0,238.0,472.0,1442.0,1360.0,0.0,0.0
2025-10-15 00:00:00+05:30,323,Gaddiannaram,1,Gaddiannaram,92,Custard apple,92,Common,0.0,908.0,500.0,4000.0,1250.0,0.0,0.0
2025-10-14 00:00:00+05:30,303,Kalwakurthy,1340,Kalwakurthy,129,Cucumber,129,Common,0.0,2.0,1500.0,3500.0,2500.0,0.0,0.0
2025-10-14 00:00:00+05:30,331,Vantimamidi,1612,Vantimamidi,122,Bottle Gourd,122,Common,0.0,8.0,500.0,700.0,600.0,0.0,0.0
2025-10-14 00:00:00+05:30,367,Gudimalkapur,1571,Gudumalkapur,122,Bottle Gourd,122,Common,0.0,187.0,500.0,700.0,600.0,0.0,0.0
2025-10-15 00:00:00+05:30,246,Warangal,886,Warangal,32,Gingelly,223,White,0.0,2.15,8352.0,8962.0,8962.0,0.0,0.0
2025-10-15 00:00:00+05:30,325,Hyderabad,7,Meeralamandi,151,Lemon,151,Common,0.0,211.0,200.0,1240.0,720.0,0.0,0.0
2025-10-15 00:00:00+05:30,323,Gaddiannaram,2,L.B Nagar,129,Cucumber,129,Common,0.0,149.0,1000.0,1500.0,1200.0,0.0,0.0
2025-10-15 00:00:00+05:30,324,Bowenpally,3,Bowenpally,118,Field Beans,118,Common,0.0,412.0,1000.0,7000.0,4500.0,0.0,0.0
2025-10-16 00:00:00+05:30,323,Gaddiannaram,1,Gaddiannaram,92,Custard apple,92,Common,0.0,1105.0,750.0,4000.0,1250.0,0.0,0.0
2025-10-15 00:00:00+05:30,303,Kalwakurthy,1340,Kalwakurthy,129,Cucumber,129,Common,0.0,8.0,2500.0,3000.0,2750.0,0.0,0.0
2025-10-16 00:00:00+05:30,323,Gaddiannaram,2,L.B Nagar,129,Cucumber,129,Common,0.0,99.0,1000.0,1500.0,1200.0,0.0,0.0
2025-10-15 00:00:00+05:30,289,Sadasivpet,1200,Sadasivapet,55,Onions,55,Common,0.0,381.0,456.0,1616.0,1420.0,0.0,0.0
2025-10-15 00:00:00+05:30,331,Vantimamidi,1612,Vantimamidi,122,Bottle Gourd,122,Common,0.0,4.0,500.0,1000.0,750.0,0.0,0.0
2025-10-15 00:00:00+05:30,367,Gudimalkapur,1571,Gudumalkapur,122,Bottle Gourd,122,Common,0.0,249.0,500.0,700.0,600.0,0.0,0.0
2025-10-16 00:00:00+05:30,324,Bowenpally,3,Bowenpally,118,Field Beans,118,Common,0.0,651.0,1500.0,7000.0,5000.0,0.0,0.0
2025-10-16 00:00:00+05:30,325,Hyderabad,7,Meeralamandi,151,Lemon,151,Common,0.0,215.0,160.0,1280.0,720.0,0.0,0.0
2025-10-17 00:00:00+05:30,323,Gaddiannaram,1,Gaddiannaram,92,Custard apple,92,Common,0.0,1049.0,750.0,4000.0,1250.0,0.0,0.0
2025-10-16 00:00:00+05:30,331,Vantimamidi,1612,Vantimamidi,122,Bottle Gourd,122,Common,0.0,8.0,500.0,800.0,650.0,0.0,0.0
2025-10-17 00:00:00+05:30,324,Bowenpally,3,Bowenpally,118,Field Beans,118,Common,0.0,690.0,1500.0,6000.0,4200.0,0.0,0.0
2025-10-16 00:00:00+05:30,303,Kalwakurthy,1340,Kalwakurthy,129,Cucumber,129,Common,0.0,3.0,2500.0,3000.0,2750.0,0.0,0.0
2025-10-16 00:00:00+05:30,367,Gudimalkapur,1571,Gudumalkapur,122,Bottle Gourd,122,Common,0.0,247.0,300.0,800.0,500.0,0.0,0.0
2025-10-17 00:00:00+05:30,323,Gaddiannaram,2,L.B Nagar,129,Cucumber,129,Common,0.0,55.0,1000.0,1500.0,1200.0,0.0,0.0
2025-10-17 00:00:00+05:30,325,Hyderabad,7,Meeralamandi,151,Lemon,151,Common,0.0,195.0,240.0,1200.0,720.0,0.0,0.0
2025-10-17 00:00:00+05:30,303,Kalwakurthy,1340,Kalwakurthy,129,Cucumber,129,Common,0.0,7.0,2500.0,3000.0,2750.0,0.0,0.0
2025-10-17 00:00:00+05:30,279,Thirumalagiri,9,Tirmalagiri,30,Groundnut pods,30,Common,0.0,9.0,4208.0,4308.0,4308.0,0.0,0.0
2025-10-18 00:00:00+05:30,323,Gaddiannaram,1,Gaddiannaram,92,Custard apple,92,Common,0.0,1793.0,500.0,3000.0,1250.0,0.0,0.0
2025-10-17 00:00:00+05:30,331,Vantimamidi,1612,Vantimamidi,122,Bottle Gourd,122,Common,0.0,8.0,2000.0,2500.0,2250.0,0.0,0.0
2025-10-17 00:00:00+05:30,367,Gudimalkapur,1571,Gudumalkapur,122,Bottle Gourd,122,Common,0.0,179.0,500.0,700.0,600.0,0.0,0.0
2025-10-18 00:00:00+05:30,324,Bowenpally,3,Bowenpally,118,Field Beans,118,Common,0.0,527.0,1500.0,6000.0,4500.0,0.0,0.0
2025-10-18 00:00:00+05:30,323,Gaddiannaram,2,L.B Nagar,129,Cucumber,129,Common,0.0,16.0,1000.0,1500.0,1200.0,0.0,0.0
2025-10-18 00:00:00+05:30,325,Hyderabad,7,Meeralamandi,151,Lemon,151,Common,0.0,171.0,320.0,1400.0,860.0,0.0,0.0
2025-10-18 00:00:00+05:30,367,Gudimalkapur,1571,Gudumalkapur,122,Bottle Gourd,122,Common,0.0,238.0,300.0,800.0,500.0,0.0,0.0
2025-10-18 00:00:00+05:30,303,Kalwakurthy,1340,Kalwakurthy,129,Cucumber,129,Common,0.0,4.0,3000.0,3000.0,3000.0,0.0,0.0
2025-10-18 00:00:00+05:30,331,Vantimamidi,1612,Vantimamidi,122,Bottle Gourd,122,Common,0.0,3.0,700.0,1000.0,850.0,0.0,0.0
2025-10-18 00:00:00+05:30,310,Shadnagar,1330,Shadnagar,125,Bitter Gourd,125,Common,0.0,20.0,3500.0,4000.0,3800.0,0.0,0.0
2025-10-19 00:00:00+05:30,323,Gaddiannaram,2,L.B Nagar,129,Cucumber,129,Common,0.0,102.0,1000.0,1500.0,1200.0,0.0,0.0
2025-10-19 00:00:00+05:30,324,Bowenpally,3,Bowenpally,118,Field Beans,118,Common,0.0,738.0,1000.0,6000.0,4000.0,0.0,0.0
2025-10-19 00:00:00+05:30,367,Gudimalkapur,1571,Gudumalkapur,122,Bottle Gourd,122,Common,0.0,158.0,300.0,800.0,500.0,0.0,0.0
2025-10-19 00:00:00+05:30,323,Gaddiannaram,1,Gaddiannaram,92,Custard apple,92,Common,0.0,331.0,500.0,3000.0,1250.0,0.0,0.0
2025-10-19 00:00:00+05:30,325,Hyderabad,7,Meeralamandi,151,Lemon,151,Common,0.0,203.0,160.0,1200.0,680.0,0.0,0.0
2025-10-19 00:00:00+05:30,310,Shadnagar,1330,Shadnagar,125,Bitter Gourd,125,Common,0.0,20.0,3200.0,3800.0,3500.0,0.0,0.0
2025-10-19 00:00:00+05:30,303,Kalwakurthy,1340,Kalwakurthy,129,Cucumber,129,Common,0.0,6.0,2500.0,3200.0,2850.0,0.0,0.0
2025-10-20 00:00:00+05:30,323,Gaddiannaram,1,Gaddiannaram,92,Custard apple,92,Common,0.0,942.0,750.0,3500.0,1250.0,0.0,0.0
2025-10-20 00:00:00+05:30,323,Gaddiannaram,2,L.B Nagar,129,Cucumber,129,Common,0.0,95.0,1000.0,1500.0,1200.0,0.0,0.0
2025-10-20 00:00:00+05:30,324,Bowenpally,3,Bowenpally,118,Field Beans,118,Common,0.0,558.0,2000.0,6000.0,5000.0,0.0,0.0
2025-10-21 00:00:00+05:30,323,Gaddiannaram,1,Gaddiannaram,92,Custard apple,92,Common,0.0,259.0,1000.0,3000.0,1500.0,0.0,0.0
2025-10-20 00:00:00+05:30,303,Kalwakurthy,1340,Kalwakurthy,129,Cucumber,129,Common,0.0,3.0,3000.0,3500.0,3250.0,0.0,0.0
2025-10-20 00:00:00+05:30,310,Shadnagar,1330,Shadnagar,125,Bitter Gourd,125,Common,0.0,15.0,3000.0,4500.0,3500.0,0.0,0.0
2025-10-20 00:00:00+05:30,367,Gudimalkapur,1571,Gudumalkapur,122,Bottle Gourd,122,Common,0.0,135.0,300.0,800.0,500.0,0.0,0.0
2025-10-21 00:00:00+05:30,310,Shadnagar,1330,Shadnagar,125,Bitter Gourd,125,Common,0.0,15.0,3000.0,4000.0,3500.0,0.0,0.0
2025-10-20 00:00:00+05:30,325,Hyderabad,7,Meeralamandi,151,Lemon,151,Common,0.0,208.0,640.0,1400.0,1020.0,0.0,0.0
2025-10-22 00:00:00+05:30,324,Bowenpally,3,Bowenpally,118,Field Beans,118,Common,0.0,328.0,2000.0,6500.0,4600.0,0.0,0.0
2025-10-22 00:00:00+05:30,323,Gaddiannaram,1,Gaddiannaram,92,Custard apple,92,Common,0.0,455.0,1000.0,3500.0,1500.0,0.0,0.0
2025-10-22 00:00:00+05:30,323,Gaddiannaram,2,L.B Nagar,129,Cucumber,129,Common,0.0,117.0,1000.0,1500.0,1200.0,0.0,0.0
2025-10-22 00:00:00+05:30,325,Hyderabad,7,Meeralamandi,151,Lemon,151,Common,0.0,189.0,400.0,1400.0,900.0,0.0,0.0
2025-10-22 00:00:00+05:30,310,Shadnagar,1330,Shadnagar,125,Bitter Gourd,125,Common,0.0,10.0,3200.0,3800.0,3500.0,0.0,0.0
2025-10-22 00:00:00+05:30,289,Sadasivpet,1200,Sadasivapet,55,Onions,55,Common,0.0,657.0,502.0,1550.0,1300.0,0.0,0.0
2025-10-23 00:00:00+05:30,323,Gaddiannaram,2,L.B Nagar,129,Cucumber,129,Common,0.0,154.0,1000.0,1500.0,1200.0,0.0,0.0
2025-10-22 00:00:00+05:30,331,Vantimamidi,1612,Vantimamidi,122,Bottle Gourd,122,Common,0.0,11.0,400.0,600.0,500.0,0.0,0.0
2025-10-22 00:00:00+05:30,367,Gudimalkapur,1571,Gudumalkapur,122,Bottle Gourd,122,Common,0.0,337.0,400.0,800.0,600.0,0.0,0.0
2025-10-22 00:00:00+05:30,303,Kalwakurthy,1340,Kalwakurthy,129,Cucumber,129,Common,0.0,3.0,2200.0,3000.0,2600.0,0.0,0.0
2025-10-23 00:00:00+05:30,325,Hyderabad,7,Meeralamandi,151,Lemon,151,Common,0.0,176.0,200.0,1440.0,820.0,0.0,0.0
2025-10-23 00:00:00+05:30,323,Gaddiannaram,1,Gaddiannaram,92,Custard apple,92,Common,0.0,670.0,1000.0,3000.0,1500.0,0.0,0.0
2025-10-23 00:00:00+05:30,324,Bowenpally,3,Bowenpally,118,Field Beans,118,Common,0.0,328.0,2000.0,6500.0,4600.0,0.0,0.0
2025-10-23 00:00:00+05:30,367,Gudimalkapur,1571,Gudumalkapur,122,Bottle Gourd,122,Common,0.0,195.0,600.0,1200.0,900.0,0.0,0.0
2025-10-23 00:00:00+05:30,303,Kalwakurthy,1340,Kalwakurthy,129,Cucumber,129,Common,0.0,8.0,2000.0,3000.0,2500.0,0.0,0.0
2025-10-23 00:00:00+05:30,289,Sadasivpet,1200,Sadasivapet,55,Onions,55,Common,0.0,42.0,317.0,1343.0,939.0,0.0,0.0
2025-10-23 00:00:00+05:30,310,Shadnagar,1330,Shadnagar,125,Bitter Gourd,125,Common,0.0,10.0,2500.0,3500.0,3000.0,0.0,0.0
2025-10-24 00:00:00+05:30,323,Gaddiannaram,1,Gaddiannaram,92,Custard apple,92,Common,0.0,1286.0,1000.0,3000.0,1500.0,0.0,0.0
2025-10-23 00:00:00+05:30,331,Vantimamidi,1612,Vantimamidi,122,Bottle Gourd,122,Common,0.0,9.0,500.0,1000.0,750.0,0.0,0.0
2025-10-24 00:00:00+05:30,324,Bowenpally,3,Bowenpally,118,Field Beans,118,Common,0.0,723.0,2000.0,6000.0,4500.0,0.0,0.0
2025-10-24 00:00:00+05:30,323,Gaddiannaram,2,L.B Nagar,129,Cucumber,129,Common,0.0,88.0,1000.0,2000.0,1500.0,0.0,0.0
2025-10-24 00:00:00+05:30,325,Hyderabad,7,Meeralamandi,151,Lemon,151,Common,0.0,201.0,240.0,1400.0,820.0,0.0,0.0
2025-10-25 00:00:00+05:30,323,Gaddiannaram,1,Gaddiannaram,92,Custard apple,92,Common,0.0,1404.0,750.0,3000.0,1500.0,0.0,0.0
2025-10-24 00:00:00+05:30,303,Kalwakurthy,1340,Kalwakurthy,129,Cucumber,129,Common,0.0,2.0,2500.0,3000.0,2750.0,0.0,0.0
2025-10-24 00:00:00+05:30,331,Vantimamidi,1612,Vantimamidi,122,Bottle Gourd,122,Common,0.0,7.0,400.0,600.0,500.0,0.0,0.0
2025-10-24 00:00:00+05:30,367,Gudimalkapur,1571,Gudumalkapur,122,Bottle Gourd,122,Common,0.0,183.0,500.0,900.0,700.0,0.0,0.0
2025-10-25 00:00:00+05:30,324,Bowenpally,3,Bowenpally,118,Field Beans,118,Common,0.0,492.0,2000.0,6000.0,4500.0,0.0,0.0
2025-10-25 00:00:00+05:30,323,Gaddiannaram,2,L.B Nagar,129,Cucumber,129,Common,0.0,60.0,1000.0,1500.0,1200.0,0.0,0.0
2025-10-25 00:00:00+05:30,310,Shadnagar,1330,Shadnagar,125,Bitter Gourd,125,Common,0.0,15.0,3500.0,4500.0,3800.0,0.0,0.0
2025-10-25 00:00:00+05:30,289,Sadasivpet,1200,Sadasivapet,55,Onions,55,Common,0.0,132.0,607.0,1818.0,1800.0,0.0,0.0
2025-10-25 00:00:00+05:30,303,Kalwakurthy,1340,Kalwakurthy,129,Cucumber,129,Common,0.0,6.0,2000.0,3500.0,2750.0,0.0,0.0
2025-10-25 00:00:00+05:30,367,Gudimalkapur,1571,Gudumalkapur,122,Bottle Gourd,122,Common,0.0,202.0,600.0,1100.0,700.0,0.0,0.0
2025-10-24 00:00:00+05:30,289,Sadasivpet,1200,Sadasivapet,55,Onions,55,Common,0.0,33.0,301.0,1365.0,1329.0,0.0,0.0
2025-10-25 00:00:00+05:30,325,Hyderabad,7,Meeralamandi,151,Lemon,151,Common,0.0,202.0,200.0,1200.0,700.0,0.0,0.0
2025-10-26 00:00:00+05:30,324,Bowenpally,3,Bowenpally,118,Field Beans,118,Common,0.0,298.0,2000.0,6000.0,4500.0,0.0,0.0
2025-10-26 00:00:00+05:30,323,Gaddiannaram,2,L.B Nagar,129,Cucumber,129,Common,0.0,115.0,1000.0,1500.0,1200.0,0.0,0.0
2025-10-26 00:00:00+05:30,310,Shadnagar,1330,Shadnagar,125,Bitter Gourd,125,Common,0.0,10.0,2500.0,3500.0,3000.0,0.0,0.0
2025-10-26 00:00:00+05:30,303,Kalwakurthy,1340,Kalwakurthy,129,Cucumber,129,Common,0.0,6.0,1500.0,3000.0,2250.0,0.0,0.0
2025-10-26 00:00:00+05:30,367,Gudimalkapur,1571,Gudumalkapur,122,Bottle Gourd,122,Common,0.0,178.0,500.0,900.0,700.0,0.0,0.0
2025-10-26 00:00:00+05:30,323,Gaddiannaram,1,Gaddiannaram,92,Custard apple,92,Common,0.0,485.0,750.0,2500.0,1250.0,0.0,0.0
2025-10-26 00:00:00+05:30,325,Hyderabad,7,Meeralamandi,151,Lemon,151,Common,0.0,208.0,160.0,1440.0,800.0,0.0,0.0
2025-10-27 00:00:00+05:30,323,Gaddiannaram,1,Gaddiannaram,92,Custard apple,92,Common,0.0,1383.0,750.0,2750.0,1250.0,0.0,0.0
2025-10-27 00:00:00+05:30,323,Gaddiannaram,2,L.B Nagar,129,Cucumber,129,Common,0.0,147.0,1000.0,1500.0,1200.0,0.0,0.0
2025-10-27 00:00:00+05:30,324,Bowenpally,3,Bowenpally,118,Field Beans,118,Common,0.0,1032.0,1000.0,5500.0,4000.0,0.0,0.0
2025-10-26 00:00:00+05:30,331,Vantimamidi,1612,Vantimamidi,122,Bottle Gourd,122,Common,0.0,2.0,400.0,600.0,500.0,0.0,0.0
2025-10-27 00:00:00+05:30,325,Hyderabad,7,Meeralamandi,151,Lemon,151,Common,0.0,232.0,200.0,1200.0,700.0,0.0,0.0
2025-10-27 00:00:00+05:30,279,Thirumalagiri,9,Tirmalagiri,30,Groundnut pods,30,Common,0.0,1.0,5109.0,5109.0,5109.0,0.0,0.0
2025-10-27 00:00:00+05:30,310,Shadnagar,1330,Shadnagar,125,Bitter Gourd,125,Common,0.0,15.0,3500.0,4500.0,3800.0,0.0,0.0
2025-10-27 00:00:00+05:30,289,Sadasivpet,1200,Sadasivapet,55,Onions,55,Common,0.0,54.0,369.0,1562.0,1401.0,0.0,0.0
2025-10-27 00:00:00+05:30,303,Kalwakurthy,1340,Kalwakurthy,129,Cucumber,129,Common,0.0,2.0,2500.0,3500.0,3000.0,0.0,0.0
2025-10-27 00:00:00+05:30,367,Gudimalkapur,1571,Gudumalkapur,122,Bottle Gourd,122,Common,0.0,234.0,500.0,900.0,700.0,0.0,0.0
2025-10-28 00:00:00+05:30,323,Gaddiannaram,1,Gaddiannaram,92,Custard apple,92,Common,0.0,1249.0,750.0,2500.0,1250.0,0.0,0.0
2025-10-28 00:00:00+05:30,323,Gaddiannaram,2,L.B Nagar,129,Cucumber,129,Common,0.0,105.0,1000.0,1500.0,1200.0,0.0,0.0
2025-10-28 00:00:00+05:30,324,Bowenpally,3,Bowenpally,118,Field Beans,118,Common,0.0,862.0,1500.0,5000.0,4000.0,0.0,0.0
2025-10-28 00:00:00+05:30,325,Hyderabad,7,Meeralamandi,151,Lemon,151,Common,0.0,275.0,160.0,1200.0,680.0,0.0,0.0
2025-10-28 00:00:00+05:30,310,Shadnagar,1330,Shadnagar,125,Bitter Gourd,125,Common,0.0,20.0,2500.0,3500.0,3000.0,0.0,0.0
2025-10-28 00:00:00+05:30,303,Kalwakurthy,1340,Kalwakurthy,129,Cucumber,129,Common,0.0,2.0,3000.0,3000.0,3000.0,0.0,0.0
2025-10-28 00:00:00+05:30,289,Sadasivpet,1200,Sadasivapet,55,Onions,55,Common,0.0,9.0,1530.0,1602.0,1530.0,0.0,0.0
2025-10-29 00:00:00+05:30,323,Gaddiannaram,2,L.B Nagar,129,Cucumber,129,Common,0.0,74.0,1000.0,1500.0,1200.0,0.0,0.0
2025-10-28 00:00:00+05:30,331,Vantimamidi,1612,Vantimamidi,122,Bottle Gourd,122,Common,0.0,7.0,1000.0,1500.0,1250.0,0.0,0.0
2025-10-28 00:00:00+05:30,367,Gudimalkapur,1571,Gudumalkapur,122,Bottle Gourd,122,Common,0.0,300.0,600.0,1200.0,900.0,0.0,0.0
2025-10-29 00:00:00+05:30,323,Gaddiannaram,1,Gaddiannaram,92,Custard apple,92,Common,0.0,1077.0,500.0,2500.0,1250.0,0.0,0.0
2025-10-29 00:00:00+05:30,324,Bowenpally,3,Bowenpally,118,Field Beans,118,Common,0.0,1053.0,1500.0,5000.0,4000.0,0.0,0.0
2025-10-29 00:00:00+05:30,325,Hyderabad,7,Meeralamandi,151,Lemon,151,Common,0.0,261.0,150.0,1400.0,780.0,0.0,0.0
2025-10-29 00:00:00+05:30,331,Vantimamidi,1612,Vantimamidi,122,Bottle Gourd,122,Common,0.0,4.0,400.0,600.0,500.0,0.0,0.0
2025-10-30 00:00:00+05:30,323,Gaddiannaram,2,L.B Nagar,129,Cucumber,129,Common,0.0,35.0,1500.0,2500.0,2000.0,0.0,0.0
2025-10-29 00:00:00+05:30,367,Gudimalkapur,1571,Gudumalkapur,122,Bottle Gourd,122,Common,0.0,244.0,500.0,900.0,700.0,0.0,0.0
2025-10-29 00:00:00+05:30,289,Sadasivpet,1200,Sadasivapet,55,Onions,55,Common,0.0,2.0,732.0,732.0,732.0,0.0,0.0
2025-10-30 00:00:00+05:30,323,Gaddiannaram,1,Gaddiannaram,92,Custard apple,92,Common,0.0,293.0,500.0,2500.0,1250.0,0.0,0.0
2025-10-30 00:00:00+05:30,324,Bowenpally,3,Bowenpally,118,Field Beans,118,Common,0.0,503.0,1500.0,5500.0,4000.0,0.0,0.0
2025-10-29 00:00:00+05:30,303,Kalwakurthy,1340,Kalwakurthy,129,Cucumber,129,Common,0.0,2.0,3000.0,3500.0,3250.0,0.0,0.0
2025-10-30 00:00:00+05:30,325,Hyderabad,7,Meeralamandi,151,Lemon,151,Common,0.0,261.0,200.0,1320.0,760.0,0.0,0.0
2025-10-30 00:00:00+05:30,208,Nizamabad,1080,Nizamabad,32,Gingelly,224,Black,0.0,45.0,9426.0,10199.0,10199.0,0.0,0.0
2025-10-30 00:00:00+05:30,289,Sadasivpet,1200,Sadasivapet,55,Onions,55,Common,0.0,37.0,774.0,1818.0,1802.0,0.0,0.0
2025-10-31 00:00:00+05:30,323,Gaddiannaram,1,Gaddiannaram,92,Custard apple,92,Common,0.0,483.0,750.0,2500.0,1250.0,0.0,0.0
2025-10-30 00:00:00+05:30,310,Shadnagar,1330,Shadnagar,125,Bitter Gourd,125,Common,0.0,12.0,2500.0,3500.0,3000.0,0.0,0.0
2025-10-30 00:00:00+05:30,303,Kalwakurthy,1340,Kalwakurthy,129,Cucumber,129,Common,0.0,2.0,2500.0,3000.0,3250.0,0.0,0.0
2025-10-30 00:00:00+05:30,367,Gudimalkapur,1571,Gudumalkapur,122,Bottle Gourd,122,Common,0.0,177.0,400.0,1000.0,600.0,0.0,0.0
2025-10-31 00:00:00+05:30,324,Bowenpally,3,Bowenpally,118,Field Beans,118,Common,0.0,916.0,2000.0,5000.0,4000.0,0.0,0.0
2025-10-31 00:00:00+05:30,323,Gaddiannaram,2,L.B Nagar,129,Cucumber,129,Common,0.0,90.0,1000.0,2000.0,1500.0,0.0,0.0
2025-10-31 00:00:00+05:30,310,Shadnagar,1330,Shadnagar,125,Bitter Gourd,125,Common,0.0,10.0,2800.0,3200.0,3000.0,0.0,0.0
2025-10-31 00:00:00+05:30,289,Sadasivpet,1200,Sadasivapet,55,Onions,55,Common,0.0,5.0,1746.0,1746.0,1746.0,0.0,0.0
2025-10-31 00:00:00+05:30,303,Kalwakurthy,1340,Kalwakurthy,129,Cucumber,129,Common,0.0,10.0,2000.0,3500.0,2750.0,0.0,0.0
2025-10-31 00:00:00+05:30,367,Gudimalkapur,1571,Gudumalkapur,122,Bottle Gourd,122,Common,0.0,162.0,600.0,1000.0,800.0,0.0,0.0
2025-10-31 00:00:00+05:30,331,Vantimamidi,1612,Vantimamidi,122,Bottle Gourd,122,Common,0.0,8.0,400.0,1000.0,700.0,0.0,0.0
2025-10-31 00:00:00+05:30,325,Hyderabad,7,Meeralamandi,151,Lemon,151,Common,0.0,169.0,400.0,1400.0,900.0,0.0,0.0
2025-10-28 00:00:00+05:30,324,Bowenpally,3,Bowenpally,121,Snake Gourd,121,Common,0.0,29.0,500.0,1500.0,1200.0,0.0,0.0
2025-10-28 00:00:00+05:30,323,Gaddiannaram,2,L.B Nagar,130,Drumstick,130,Common,0.0,7.0,3000.0,4000.0,3500.0,0.0,0.0
2025-10-27 00:00:00+05:30,331,Vantimamidi,1612,Vantimamidi,123,Ribbed Gourd,123,Common,0.0,111.0,2000.0,3000.0,2500.0,0.0,0.0
2025-10-27 00:00:00+05:30,367,Gudimalkapur,1571,Gudumalkapur,123,Ribbed Gourd,123,Common,0.0,171.0,1300.0,2500.0,1800.0,0.0,0.0
2025-10-26 00:00:00+05:30,331,Vantimamidi,1612,Vantimamidi,123,Ribbed Gourd,123,Common,0.0,107.0,2000.0,3000.0,2500.0,0.0,0.0
2025-10-27 00:00:00+05:30,325,Hyderabad,6,Madannapeta,155,Donda,155,Common,0.0,16.0,2500.0,3000.0,2750.0,0.0,0.0
2025-10-27 00:00:00+05:30,324,Bowenpally,3,Bowenpally,121,Snake Gourd,121,Common,0.0,22.0,500.0,2000.0,1500.0,0.0,0.0
2025-10-27 00:00:00+05:30,323,Gaddiannaram,2,L.B Nagar,130,Drumstick,130,Common,0.0,7.0,3000.0,4000.0,3500.0,0.0,0.0
2025-10-26 00:00:00+05:30,325,Hyderabad,7,Meeralamandi,155,Donda,155,Common,0.0,2.0,2500.0,3000.0,2750.0,0.0,0.0
2025-10-26 00:00:00+05:30,367,Gudimalkapur,1571,Gudumalkapur,123,Ribbed Gourd,123,Common,0.0,246.0,1500.0,3200.0,2000.0,0.0,0.0
2025-10-26 00:00:00+05:30,323,Gaddiannaram,2,L.B Nagar,130,Drumstick,130,Common,0.0,10.0,3000.0,4000.0,3500.0,0.0,0.0
2025-10-26 00:00:00+05:30,325,Hyderabad,6,Madannapeta,155,Donda,155,Common,0.0,14.0,2500.0,3000.0,2750.0,0.0,0.0
2025-10-26 00:00:00+05:30,324,Bowenpally,3,Bowenpally,121,Snake Gourd,121,Common,0.0,41.0,1000.0,2000.0,1800.0,0.0,0.0
2025-10-25 00:00:00+05:30,325,Hyderabad,7,Meeralamandi,155,Donda,155,Common,0.0,3.0,3000.0,3200.0,3100.0,0.0,0.0
2025-10-25 00:00:00+05:30,367,Gudimalkapur,1571,Gudumalkapur,123,Ribbed Gourd,123,Common,0.0,228.0,1300.0,2500.0,1500.0,0.0,0.0
2025-10-25 00:00:00+05:30,331,Vantimamidi,1612,Vantimamidi,123,Ribbed Gourd,123,Common,0.0,120.0,2000.0,3000.0,2500.0,0.0,0.0
2025-10-25 00:00:00+05:30,323,Gaddiannaram,2,L.B Nagar,130,Drumstick,130,Common,0.0,15.0,3500.0,4500.0,4000.0,0.0,0.0
2025-10-25 00:00:00+05:30,325,Hyderabad,6,Madannapeta,155,Donda,155,Common,0.0,16.0,3000.0,3000.0,3000.0,0.0,0.0
2025-10-25 00:00:00+05:30,324,Bowenpally,3,Bowenpally,121,Snake Gourd,121,Common,0.0,15.0,1000.0,1500.0,1300.0,0.0,0.0
2025-10-24 00:00:00+05:30,367,Gudimalkapur,1571,Gudumalkapur,123,Ribbed Gourd,123,Common,0.0,316.0,1500.0,3000.0,1800.0,0.0,0.0
2025-10-24 00:00:00+05:30,331,Vantimamidi,1612,Vantimamidi,123,Ribbed Gourd,123,Common,0.0,103.0,2000.0,3000.0,2500.0,0.0,0.0
2025-10-24 00:00:00+05:30,323,Gaddiannaram,2,L.B Nagar,130,Drumstick,130,Common,0.0,7.0,2000.0,3000.0,2500.0,0.0,0.0
2025-10-24 00:00:00+05:30,325,Hyderabad,6,Madannapeta,155,Donda,155,Common,0.0,20.0,3000.0,3000.0,3000.0,0.0,0.0
2025-10-24 00:00:00+05:30,324,Bowenpally,3,Bowenpally,121,Snake Gourd,121,Common,0.0,33.0,1000.0,2000.0,1800.0,0.0,0.0
2025-10-23 00:00:00+05:30,331,Vantimamidi,1612,Vantimamidi,123,Ribbed Gourd,123,Common,0.0,143.0,2000.0,3000.0,2500.0,0.0,0.0
2025-10-23 00:00:00+05:30,367,Gudimalkapur,1571,Gudumalkapur,123,Ribbed Gourd,123,Common,0.0,306.0,1200.0,3200.0,1800.0,0.0,0.0
2025-10-23 00:00:00+05:30,324,Bowenpally,3,Bowenpally,121,Snake Gourd,121,Common,0.0,56.0,500.0,1500.0,1200.0,0.0,0.0
2025-10-23 00:00:00+05:30,325,Hyderabad,6,Madannapeta,155,Donda,155,Common,0.0,13.0,3000.0,3000.0,3000.0,0.0,0.0
2025-10-23 00:00:00+05:30,246,Warangal,886,Warangal,32,Gingelly,224,Black,0.0,0.37,2552.0,2552.0,2552.0,0.0,0.0
2025-10-22 00:00:00+05:30,367,Gudimalkapur,1571,Gudumalkapur,123,Ribbed Gourd,123,Common,0.0,335.0,1800.0,3200.0,2500.0,0.0,0.0
2025-10-22 00:00:00+05:30,331,Vantimamidi,1612,Vantimamidi,123,Ribbed Gourd,123,Common,0.0,112.0,2000.0,3000.0,2500.0,0.0,0.0
2025-10-23 00:00:00+05:30,323,Gaddiannaram,2,L.B Nagar,130,Drumstick,130,Common,0.0,10.0,2000.0,3000.0,2500.0,0.0,0.0
2025-10-22 00:00:00+05:30,289,Sadasivpet,1200,Sadasivapet,57,Tumeric,227,Finger,0.0,26.0,3000.0,11555.0,11555.0,0.0,0.0
2025-10-22 00:00:00+05:30,325,Hyderabad,7,Meeralamandi,155,Donda,155,Common,0.0,4.0,2000.0,2200.0,2100.0,0.0,0.0
2025-10-22 00:00:00+05:30,325,Hyderabad,6,Madannapeta,155,Donda,155,Common,0.0,11.0,1500.0,2000.0,1750.0,0.0,0.0
2025-10-22 00:00:00+05:30,323,Gaddiannaram,2,L.B Nagar,130,Drumstick,130,Common,0.0,10.0,2000.0,3000.0,2500.0,0.0,0.0
2025-10-22 00:00:00+05:30,324,Bowenpally,3,Bowenpally,121,Snake Gourd,121,Common,0.0,56.0,500.0,1500.0,1200.0,0.0,0.0
2025-10-21 00:00:00+05:30,331,Vantimamidi,1612,Vantimamidi,123,Ribbed Gourd,123,Common,0.0,183.0,1500.0,2000.0,1750.0,0.0,0.0
2025-10-20 00:00:00+05:30,367,Gudimalkapur,1571,Gudumalkapur,123,Ribbed Gourd,123,Common,0.0,176.0,1400.0,3000.0,2200.0,0.0,0.0
2025-10-20 00:00:00+05:30,324,Bowenpally,3,Bowenpally,121,Snake Gourd,121,Common,0.0,46.0,500.0,1500.0,1200.0,0.0,0.0
2025-10-20 00:00:00+05:30,325,Hyderabad,6,Madannapeta,155,Donda,155,Common,0.0,17.0,1600.0,2000.0,1800.0,0.0,0.0
2025-10-20 00:00:00+05:30,323,Gaddiannaram,2,L.B Nagar,130,Drumstick,130,Common,0.0,8.0,2500.0,3500.0,3000.0,0.0,0.0
2025-10-19 00:00:00+05:30,331,Vantimamidi,1612,Vantimamidi,123,Ribbed Gourd,123,Common,0.0,99.0,2800.0,3000.0,2900.0,0.0,0.0
2025-10-19 00:00:00+05:30,325,Hyderabad,7,Meeralamandi,155,Donda,155,Common,0.0,2.0,2000.0,2000.0,2000.0,0.0,0.0
2025-10-19 00:00:00+05:30,367,Gudimalkapur,1571,Gudumalkapur,123,Ribbed Gourd,123,Common,0.0,449.0,1800.0,3500.0,2300.0,0.0,0.0
2025-10-19 00:00:00+05:30,324,Bowenpally,3,Bowenpally,121,Snake Gourd,121,Common,0.0,36.0,500.0,1500.0,1200.0,0.0,0.0
2025-10-19 00:00:00+05:30,323,Gaddiannaram,2,L.B Nagar,130,Drumstick,130,Common,0.0,6.0,3000.0,3500.0,3200.0,0.0,0.0
2025-10-19 00:00:00+05:30,325,Hyderabad,6,Madannapeta,155,Donda,155,Common,0.0,23.0,1500.0,2000.0,1750.0,0.0,0.0
2025-10-18 00:00:00+05:30,310,Shadnagar,1330,Shadnagar,199,Capsicum,204,Common,0.0,15.0,3500.0,4500.0,4000.0,0.0,0.0
2025-10-18 00:00:00+05:30,331,Vantimamidi,1612,Vantimamidi,123,Ribbed Gourd,123,Common,0.0,85.0,2500.0,3000.0,2750.0,0.0,0.0
2025-10-18 00:00:00+05:30,367,Gudimalkapur,1571,Gudumalkapur,123,Ribbed Gourd,123,Common,0.0,154.0,1800.0,3500.0,2200.0,0.0,0.0
2025-10-18 00:00:00+05:30,323,Gaddiannaram,2,L.B Nagar,130,Drumstick,130,Common,0.0,12.0,3000.0,4000.0,3500.0,0.0,0.0
2025-10-18 00:00:00+05:30,325,Hyderabad,6,Madannapeta,155,Donda,155,Common,0.0,17.0,1500.0,2000.0,1750.0,0.0,0.0
2025-10-18 00:00:00+05:30,324,Bowenpally,3,Bowenpally,121,Snake Gourd,121,Common,0.0,54.0,500.0,1500.0,1200.0,0.0,0.0
2025-10-17 00:00:00+05:30,367,Gudimalkapur,1571,Gudumalkapur,123,Ribbed Gourd,123,Common,0.0,200.0,1800.0,3200.0,2000.0,0.0,0.0
2025-10-17 00:00:00+05:30,331,Vantimamidi,1612,Vantimamidi,123,Ribbed Gourd,123,Common,0.0,69.0,2500.0,3000.0,2750.0,0.0,0.0
2025-10-17 00:00:00+05:30,325,Hyderabad,6,Madannapeta,155,Donda,155,Common,0.0,16.0,1500.0,2000.0,1750.0,0.0,0.0
2025-10-17 00:00:00+05:30,323,Gaddiannaram,2,L.B Nagar,130,Drumstick,130,Common,0.0,10.0,3000.0,3500.0,3200.0,0.0,0.0
2025-10-16 00:00:00+05:30,367,Gudimalkapur,1571,Gudumalkapur,123,Ribbed Gourd,123,Common,0.0,368.0,1200.0,3000.0,1800.0,0.0,0.0
2025-10-17 00:00:00+05:30,324,Bowenpally,3,Bowenpally,121,Snake Gourd,121,Common,0.0,24.0,500.0,1500.0,1200.0,0.0,0.0
2025-10-16 00:00:00+05:30,331,Vantimamidi,1612,Vantimamidi,123,Ribbed Gourd,123,Common,0.0,103.0,2000.0,2500.0,2250.0,0.0,0.0
2025-10-16 00:00:00+05:30,325,Hyderabad,7,Meeralamandi,155,Donda,155,Common,0.0,3.0,2000.0,2000.0,2000.0,0.0,0.0
2025-10-16 00:00:00+05:30,325,Hyderabad,6,Madannapeta,155,Donda,155,Common,0.0,23.0,1500.0,2000.0,1750.0,0.0,0.0
2025-10-16 00:00:00+05:30,324,Bowenpally,3,Bowenpally,121,Snake Gourd,121,Common,0.0,45.0,500.0,1500.0,1200.0,0.0,0.0
2025-10-15 00:00:00+05:30,367,Gudimalkapur,1571,Gudumalkapur,123,Ribbed Gourd,123,Common,0.0,162.0,2500.0,3500.0,3000.0,0.0,0.0
2025-10-15 00:00:00+05:30,331,Vantimamidi,1612,Vantimamidi,123,Ribbed Gourd,123,Common,0.0,89.0,2000.0,3000.0,2500.0,0.0,0.0
2025-10-16 00:00:00+05:30,323,Gaddiannaram,2,L.B Nagar,130,Drumstick,130,Common,0.0,15.0,3000.0,3500.0,3200.0,0.0,0.0
2025-10-15 00:00:00+05:30,324,Bowenpally,3,Bowenpally,121,Snake Gourd,121,Common,0.0,40.0,500.0,1500.0,1200.0,0.0,0.0
2025-10-15 00:00:00+05:30,323,Gaddiannaram,2,L.B Nagar,130,Drumstick,130,Common,0.0,6.0,3000.0,4000.0,3500.0,0.0,0.0
2025-10-15 00:00:00+05:30,325,Hyderabad,6,Madannapeta,155,Donda,155,Common,0.0,21.0,1500.0,2000.0,1750.0,0.0,0.0
2025-10-15 00:00:00+05:30,325,Hyderabad,7,Meeralamandi,155,Donda,155,Common,0.0,3.0,2000.0,2500.0,2250.0,0.0,0.0
2025-10-15 00:00:00+05:30,246,Warangal,886,Warangal,32,Gingelly,224,Black,0.0,5.21,6000.0,7252.0,6000.0,0.0,0.0
2025-10-14 00:00:00+05:30,367,Gudimalkapur,1571,Gudumalkapur,123,Ribbed Gourd,123,Common,0.0,251.0,1800.0,3000.0,2000.0,0.0,0.0
2025-10-14 00:00:00+05:30,331,Vantimamidi,1612,Vantimamidi,123,Ribbed Gourd,123,Common,0.0,97.0,2000.0,3000.0,2500.0,0.0,0.0
2025-10-14 00:00:00+05:30,325,Hyderabad,6,Madannapeta,155,Donda,155,Common,0.0,21.0,2000.0,2500.0,2250.0,0.0,0.0
2025-10-14 00:00:00+05:30,323,Gaddiannaram,2,L.B Nagar,130,Drumstick,130,Common,0.0,11.0,3000.0,4000.0,3500.0,0.0,0.0
2025-10-13 00:00:00+05:30,331,Vantimamidi,1612,Vantimamidi,123,Ribbed Gourd,123,Common,0.0,91.0,2000.0,3500.0,2750.0,0.0,0.0
2025-10-14 00:00:00+05:30,324,Bowenpally,3,Bowenpally,121,Snake Gourd,121,Common,0.0,37.0,500.0,1500.0,1200.0,0.0,0.0
2025-10-13 00:00:00+05:30,367,Gudimalkapur,1571,Gudumalkapur,123,Ribbed Gourd,123,Common,0.0,168.0,2000.0,3500.0,2500.0,0.0,0.0
2025-10-13 00:00:00+05:30,325,Hyderabad,7,Meeralamandi,155,Donda,155,Common,0.0,3.0,2500.0,2500.0,2500.0,0.0,0.0
2025-10-13 00:00:00+05:30,323,Gaddiannaram,2,L.B Nagar,130,Drumstick,130,Common,0.0,10.0,3000.0,4000.0,3500.0,0.0,0.0
2025-10-13 00:00:00+05:30,325,Hyderabad,6,Madannapeta,155,Donda,155,Common,0.0,18.0,2000.0,2500.0,2250.0,0.0,0.0
2025-10-13 00:00:00+05:30,324,Bowenpally,3,Bowenpally,121,Snake Gourd,121,Common,0.0,25.0,500.0,1500.0,1200.0,0.0,0.0
2025-10-12 00:00:00+05:30,367,Gudimalkapur,1571,Gudumalkapur,123,Ribbed Gourd,123,Common,0.0,286.0,1800.0,3500.0,2200.0,0.0,0.0
2025-10-12 00:00:00+05:30,331,Vantimamidi,1612,Vantimamidi,123,Ribbed Gourd,123,Common,0.0,94.0,2000.0,3500.0,2750.0,0.0,0.0
2025-10-11 00:00:00+05:30,367,Gudimalkapur,1571,Gudumalkapur,123,Ribbed Gourd,123,Common,0.0,270.0,2500.0,5000.0,3000.0,0.0,0.0
2025-10-11 00:00:00+05:30,331,Vantimamidi,1612,Vantimamidi,123,Ribbed Gourd,123,Common,0.0,91.0,2500.0,3200.0,2850.0,0.0,0.0
2025-10-12 00:00:00+05:30,323,Gaddiannaram,2,L.B Nagar,130,Drumstick,130,Common,0.0,6.0,3000.0,4000.0,3500.0,0.0,0.0
2025-10-12 00:00:00+05:30,325,Hyderabad,7,Meeralamandi,155,Donda,155,Common,0.0,2.0,2500.0,3000.0,2750.0,0.0,0.0
2025-10-12 00:00:00+05:30,324,Bowenpally,3,Bowenpally,121,Snake Gourd,121,Common,0.0,27.0,1000.0,2000.0,1800.0,0.0,0.0
2025-10-11 00:00:00+05:30,325,Hyderabad,7,Meeralamandi,155,Donda,155,Common,0.0,2.0,2200.0,2500.0,2350.0,0.0,0.0
2025-10-11 00:00:00+05:30,325,Hyderabad,6,Madannapeta,155,Donda,155,Common,0.0,12.0,2000.0,2500.0,2250.0,0.0,0.0
2025-10-11 00:00:00+05:30,324,Bowenpally,3,Bowenpally,121,Snake Gourd,121,Common,0.0,44.0,1000.0,1500.0,1400.0,0.0,0.0
2025-10-10 00:00:00+05:30,331,Vantimamidi,1612,Vantimamidi,123,Ribbed Gourd,123,Common,0.0,48.0,2500.0,3000.0,2750.0,0.0,0.0
2025-10-11 00:00:00+05:30,323,Gaddiannaram,2,L.B Nagar,130,Drumstick,130,Common,0.0,18.0,4000.0,5000.0,4500.0,0.0,0.0
2025-10-10 00:00:00+05:30,367,Gudimalkapur,1571,Gudumalkapur,123,Ribbed Gourd,123,Common,0.0,193.0,1800.0,3200.0,2200.0,0.0,0.0
2025-10-10 00:00:00+05:30,323,Gaddiannaram,2,L.B Nagar,130,Drumstick,130,Common,0.0,15.0,4000.0,5000.0,4500.0,0.0,0.0
2025-10-10 00:00:00+05:30,324,Bowenpally,3,Bowenpally,121,Snake Gourd,121,Common,0.0,34.0,1000.0,1500.0,1400.0,0.0,0.0
2025-10-09 00:00:00+05:30,331,Vantimamidi,1612,Vantimamidi,123,Ribbed Gourd,123,Common,0.0,114.0,2000.0,3500.0,2750.0,0.0,0.0
2025-10-09 00:00:00+05:30,367,Gudimalkapur,1571,Gudumalkapur,123,Ribbed Gourd,123,Common,0.0,214.0,1800.0,3000.0,2000.0,0.0,0.0
2025-10-09 00:00:00+05:30,246,Warangal,886,Warangal,32,Gingelly,224,Black,0.0,0.72,6629.0,6629.0,6629.0,0.0,0.0
2025-10-09 00:00:00+05:30,324,Bowenpally,3,Bowenpally,121,Snake Gourd,121,Common,0.0,30.0,1000.0,1500.0,1400.0,0.0,0.0
2025-10-09 00:00:00+05:30,325,Hyderabad,6,Madannapeta,155,Donda,155,Common,0.0,23.0,2000.0,2500.0,2250.0,0.0,0.0
2025-10-08 00:00:00+05:30,331,Vantimamidi,1612,Vantimamidi,123,Ribbed Gourd,123,Common,0.0,77.0,2000.0,3500.0,2750.0,0.0,0.0
2025-10-09 00:00:00+05:30,323,Gaddiannaram,2,L.B Nagar,130,Drumstick,130,Common,0.0,21.0,4000.0,5000.0,4500.0,0.0,0.0
2025-10-08 00:00:00+05:30,367,Gudimalkapur,1571,Gudumalkapur,123,Ribbed Gourd,123,Common,0.0,240.0,1800.0,3200.0,2200.0,0.0,0.0
2025-10-08 00:00:00+05:30,325,Hyderabad,7,Meeralamandi,155,Donda,155,Common,0.0,3.0,3000.0,3000.0,3000.0,0.0,0.0
2025-10-08 00:00:00+05:30,325,Hyderabad,6,Madannapeta,155,Donda,155,Common,0.0,26.0,2000.0,3000.0,2500.0,0.0,0.0
2025-10-08 00:00:00+05:30,323,Gaddiannaram,2,L.B Nagar,130,Drumstick,130,Common,0.0,10.0,4000.0,5000.0,4500.0,0.0,0.0
2025-10-08 00:00:00+05:30,246,Warangal,886,Warangal,32,Gingelly,224,Black,0.0,4.74,6252.0,6822.0,6822.0,0.0,0.0
2025-10-08 00:00:00+05:30,324,Bowenpally,3,Bowenpally,121,Snake Gourd,121,Common,0.0,34.0,1000.0,1500.0,1300.0,0.0,0.0
2025-10-07 00:00:00+05:30,331,Vantimamidi,1612,Vantimamidi,123,Ribbed Gourd,123,Common,0.0,93.0,2000.0,3500.0,2750.0,0.0,0.0
2025-10-07 00:00:00+05:30,367,Gudimalkapur,1571,Gudumalkapur,123,Ribbed Gourd,123,Common,0.0,185.0,2500.0,4000.0,3000.0,0.0,0.0
2025-10-07 00:00:00+05:30,324,Bowenpally,3,Bowenpally,121,Snake Gourd,121,Common,0.0,31.0,900.0,1500.0,1300.0,0.0,0.0
2025-10-07 00:00:00+05:30,325,Hyderabad,6,Madannapeta,155,Donda,155,Common,0.0,20.0,2500.0,3000.0,2750.0,0.0,0.0
2025-10-07 00:00:00+05:30,325,Hyderabad,7,Meeralamandi,155,Donda,155,Common,0.0,2.0,3000.0,3000.0,3000.0,0.0,0.0
2025-10-06 00:00:00+05:30,331,Vantimamidi,1612,Vantimamidi,123,Ribbed Gourd,123,Common,0.0,103.0,2000.0,3200.0,2600.0,0.0,0.0
2025-10-07 00:00:00+05:30,323,Gaddiannaram,2,L.B Nagar,130,Drumstick,130,Common,0.0,14.0,4000.0,6000.0,5000.0,0.0,0.0
2025-10-06 00:00:00+05:30,367,Gudimalkapur,1571,Gudumalkapur,123,Ribbed Gourd,123,Common,0.0,173.0,2000.0,4000.0,3000.0,0.0,0.0
2025-10-06 00:00:00+05:30,325,Hyderabad,7,Meeralamandi,155,Donda,155,Common,0.0,2.0,3000.0,3000.0,3000.0,0.0,0.0
2025-10-06 00:00:00+05:30,324,Bowenpally,3,Bowenpally,121,Snake Gourd,121,Common,0.0,31.0,1000.0,1500.0,1400.0,0.0,0.0
2025-10-06 00:00:00+05:30,323,Gaddiannaram,2,L.B Nagar,130,Drumstick,130,Common,0.0,8.0,4000.0,6000.0,5000.0,0.0,0.0
2025-10-05 00:00:00+05:30,331,Vantimamidi,1612,Vantimamidi,123,Ribbed Gourd,123,Common,0.0,75.0,2000.0,3500.0,2750.0,0.0,0.0
2025-10-06 00:00:00+05:30,325,Hyderabad,6,Madannapeta,155,Donda,155,Common,0.0,10.0,3000.0,3000.0,3000.0,0.0,0.0
2025-10-05 00:00:00+05:30,367,Gudimalkapur,1571,Gudumalkapur,123,Ribbed Gourd,123,Common,0.0,206.0,1300.0,2500.0,1800.0,0.0,0.0
2025-10-05 00:00:00+05:30,325,Hyderabad,7,Meeralamandi,155,Donda,155,Common,0.0,3.0,2500.0,3000.0,2750.0,0.0,0.0
2025-10-05 00:00:00+05:30,325,Hyderabad,6,Madannapeta,155,Donda,155,Common,0.0,16.0,3000.0,3000.0,3000.0,0.0,0.0
2025-10-05 00:00:00+05:30,324,Bowenpally,3,Bowenpally,121,Snake Gourd,121,Common,0.0,38.0,500.0,1500.0,1200.0,0.0,0.0
2025-10-05 00:00:00+05:30,323,Gaddiannaram,2,L.B Nagar,130,Drumstick,130,Common,0.0,7.0,4000.0,6000.0,5000.0,0.0,0.0
2025-10-04 00:00:00+05:30,331,Vantimamidi,1612,Vantimamidi,123,Ribbed Gourd,123,Common,0.0,40.0,2000.0,3000.0,2500.0,0.0,0.0
2025-10-04 00:00:00+05:30,367,Gudimalkapur,1571,Gudumalkapur,123,Ribbed Gourd,123,Common,0.0,263.0,2000.0,3500.0,2500.0,0.0,0.0
2025-10-04 00:00:00+05:30,325,Hyderabad,7,Meeralamandi,155,Donda,155,Common,0.0,2.0,2800.0,3000.0,2900.0,0.0,0.0
2025-10-04 00:00:00+05:30,325,Hyderabad,6,Madannapeta,155,Donda,155,Common,0.0,10.0,3000.0,3500.0,3250.0,0.0,0.0
2025-10-04 00:00:00+05:30,323,Gaddiannaram,2,L.B Nagar,130,Drumstick,130,Common,0.0,7.0,4000.0,6000.0,5000.0,0.0,0.0
2025-10-03 00:00:00+05:30,367,Gudimalkapur,1571,Gudumalkapur,123,Ribbed Gourd,123,Common,0.0,72.0,2000.0,3500.0,2800.0,0.0,0.0
2025-10-03 00:00:00+05:30,331,Vantimamidi,1612,Vantimamidi,123,Ribbed Gourd,123,Common,0.0,40.0,2000.0,3500.0,2750.0,0.0,0.0
2025-10-03 00:00:00+05:30,324,Bowenpally,3,Bowenpally,121,Snake Gourd,121,Common,0.0,3.0,500.0,1000.0,800.0,0.0,0.0
2025-10-03 00:00:00+05:30,325,Hyderabad,6,Madannapeta,155,Donda,155,Common,0.0,7.0,3000.0,3000.0,3000.0,0.0,0.0
2025-10-01 00:00:00+05:30,331,Vantimamidi,1612,Vantimamidi,123,Ribbed Gourd,123,Common,0.0,15.0,3000.0,4000.0,3500.0,0.0,0.0
2025-10-02 00:00:00+05:30,324,Bowenpally,3,Bowenpally,121,Snake Gourd,121,Common,0.0,4.0,500.0,1500.0,1200.0,0.0,0.0
2025-10-02 00:00:00+05:30,323,Gaddiannaram,2,L.B Nagar,130,Drumstick,130,Common,0.0,7.0,2000.0,3000.0,2500.0,0.0,0.0
2025-10-02 00:00:00+05:30,325,Hyderabad,6,Madannapeta,155,Donda,155,Common,0.0,7.0,3000.0,3000.0,3000.0,0.0,0.0
2025-10-02 00:00:00+05:30,367,Gudimalkapur,1571,Gudumalkapur,123,Ribbed Gourd,123,Common,0.0,90.0,2500.0,4000.0,3000.0,0.0,0.0
2025-10-01 00:00:00+05:30,325,Hyderabad,6,Madannapeta,155,Donda,155,Common,0.0,7.0,3000.0,3000.0,3000.0,0.0,0.0
2025-10-01 00:00:00+05:30,367,Gudimalkapur,1571,Gudumalkapur,123,Ribbed Gourd,123,Common,0.0,234.0,2500.0,3500.0,3000.0,0.0,0.0
2025-10-01 00:00:00+05:30,324,Bowenpally,3,Bowenpally,121,Snake Gourd,121,Common,0.0,56.0,500.0,1500.0,1200.0,0.0,0.0
2025-10-01 00:00:00+05:30,323,Gaddiannaram,2,L.B Nagar,130,Drumstick,130,Common,0.0,5.0,2000.0,3000.0,2500.0,0.0,0.0
2025-10-31 00:00:00+05:30,325,Hyderabad,7,Meeralamandi,155,Donda,155,Common,0.0,4.0,3000.0,3000.0,3000.0,0.0,0.0
2025-10-31 00:00:00+05:30,331,Vantimamidi,1612,Vantimamidi,123,Ribbed Gourd,123,Common,0.0,102.0,2000.0,3000.0,2500.0,0.0,0.0
2025-10-31 00:00:00+05:30,367,Gudimalkapur,1571,Gudumalkapur,123,Ribbed Gourd,123,Common,0.0,145.0,1500.0,3200.0,2100.0,0.0,0.0
2025-10-31 00:00:00+05:30,323,Gaddiannaram,2,L.B Nagar,130,Drumstick,130,Common,0.0,10.0,6000.0,9000.0,7000.0,0.0,0.0
2025-10-31 00:00:00+05:30,325,Hyderabad,6,Madannapeta,155,Donda,155,Common,0.0,27.0,2500.0,3500.0,3000.0,0.0,0.0
2025-10-31 00:00:00+05:30,324,Bowenpally,3,Bowenpally,121,Snake Gourd,121,Common,0.0,31.0,500.0,2000.0,1500.0,0.0,0.0
2025-10-30 00:00:00+05:30,367,Gudimalkapur,1571,Gudumalkapur,123,Ribbed Gourd,123,Common,0.0,141.0,1500.0,3000.0,2000.0,0.0,0.0
2025-10-30 00:00:00+05:30,331,Vantimamidi,1612,Vantimamidi,123,Ribbed Gourd,123,Common,0.0,27.0,2000.0,3000.0,2500.0,0.0,0.0
2025-10-30 00:00:00+05:30,325,Hyderabad,7,Meeralamandi,155,Donda,155,Common,0.0,2.0,3000.0,3000.0,3000.0,0.0,0.0
2025-10-30 00:00:00+05:30,324,Bowenpally,3,Bowenpally,121,Snake Gourd,121,Common,0.0,14.0,500.0,2000.0,1500.0,0.0,0.0
2025-10-30 00:00:00+05:30,325,Hyderabad,6,Madannapeta,155,Donda,155,Common,0.0,11.0,2500.0,3000.0,2750.0,0.0,0.0
2025-10-29 00:00:00+05:30,367,Gudimalkapur,1571,Gudumalkapur,123,Ribbed Gourd,123,Common,0.0,126.0,1600.0,2800.0,2200.0,0.0,0.0
2025-10-30 00:00:00+05:30,323,Gaddiannaram,2,L.B Nagar,130,Drumstick,130,Common,0.0,7.0,8000.0,10000.0,9000.0,0.0,0.0
2025-10-29 00:00:00+05:30,331,Vantimamidi,1612,Vantimamidi,123,Ribbed Gourd,123,Common,0.0,129.0,1500.0,2500.0,2000.0,0.0,0.0
2025-10-29 00:00:00+05:30,324,Bowenpally,3,Bowenpally,121,Snake Gourd,121,Common,0.0,15.0,500.0,2000.0,1500.0,0.0,0.0
2025-10-29 00:00:00+05:30,325,Hyderabad,6,Madannapeta,155,Donda,155,Common,0.0,19.0,2500.0,3000.0,2750.0,0.0,0.0
2025-10-28 00:00:00+05:30,367,Gudimalkapur,1571,Gudumalkapur,123,Ribbed Gourd,123,Common,0.0,191.0,1300.0,2500.0,1800.0,0.0,0.0
2025-10-28 00:00:00+05:30,331,Vantimamidi,1612,Vantimamidi,123,Ribbed Gourd,123,Common,0.0,103.0,2000.0,2500.0,2250.0,0.0,0.0
2025-10-29 00:00:00+05:30,323,Gaddiannaram,2,L.B Nagar,130,Drumstick,130,Common,0.0,10.0,3500.0,4500.0,4000.0,0.0,0.0
2025-10-28 00:00:00+05:30,325,Hyderabad,6,Madannapeta,155,Donda,155,Common,0.0,16.0,2500.0,3000.0,2750.0,0.0,0.0
2025-10-01 00:00:00+05:30,323,Gaddiannaram,1,Gaddiannaram,97,Apple,97,Common,0.0,1924.0,4000.0,14650.0,8000.0,0.0,0.0
2025-10-01 00:00:00+05:30,324,Bowenpally,3,Bowenpally,122,Bottle Gourd,122,Common,0.0,312.0,400.0,1000.0,800.0,0.0,0.0
2025-10-01 00:00:00+05:30,367,Gudimalkapur,1571,Gudumalkapur,125,Bitter Gourd,125,Common,0.0,106.0,1800.0,3000.0,2200.0,0.0,0.0
2025-10-01 00:00:00+05:30,325,Hyderabad,6,Madannapeta,199,Capsicum,204,Common,0.0,3.0,3500.0,3500.0,3500.0,0.0,0.0
2025-10-02 00:00:00+05:30,367,Gudimalkapur,1571,Gudumalkapur,125,Bitter Gourd,125,Common,0.0,30.0,2000.0,3200.0,2600.0,0.0,0.0
2025-10-03 00:00:00+05:30,323,Gaddiannaram,1,Gaddiannaram,97,Apple,97,Common,0.0,2817.0,4000.0,14000.0,7300.0,0.0,0.0
2025-10-02 00:00:00+05:30,324,Bowenpally,3,Bowenpally,122,Bottle Gourd,122,Common,0.0,429.0,400.0,1200.0,1000.0,0.0,0.0
2025-10-01 00:00:00+05:30,331,Vantimamidi,1612,Vantimamidi,125,Bitter Gourd,125,Common,0.0,4.0,1000.0,1500.0,1250.0,0.0,0.0
2025-10-03 00:00:00+05:30,324,Bowenpally,3,Bowenpally,122,Bottle Gourd,122,Common,0.0,441.0,400.0,1400.0,1200.0,0.0,0.0
2025-10-03 00:00:00+05:30,331,Vantimamidi,1612,Vantimamidi,125,Bitter Gourd,125,Common,0.0,23.0,2000.0,2800.0,2400.0,0.0,0.0
2025-10-04 00:00:00+05:30,323,Gaddiannaram,1,Gaddiannaram,97,Apple,97,Common,0.0,3095.0,3300.0,14650.0,8000.0,0.0,0.0
2025-10-03 00:00:00+05:30,367,Gudimalkapur,1571,Gudumalkapur,125,Bitter Gourd,125,Common,0.0,85.0,2000.0,3000.0,2500.0,0.0,0.0
2025-10-04 00:00:00+05:30,324,Bowenpally,3,Bowenpally,122,Bottle Gourd,122,Common,0.0,550.0,400.0,1600.0,800.0,0.0,0.0
2025-10-04 00:00:00+05:30,325,Hyderabad,6,Madannapeta,199,Capsicum,204,Common,0.0,4.0,4000.0,4000.0,4000.0,0.0,0.0
2025-10-04 00:00:00+05:30,367,Gudimalkapur,1571,Gudumalkapur,125,Bitter Gourd,125,Common,0.0,126.0,2000.0,3000.0,2500.0,0.0,0.0
2025-10-04 00:00:00+05:30,331,Vantimamidi,1612,Vantimamidi,125,Bitter Gourd,125,Common,0.0,24.0,1800.0,2500.0,2150.0,0.0,0.0
2025-10-05 00:00:00+05:30,324,Bowenpally,3,Bowenpally,122,Bottle Gourd,122,Common,0.0,796.0,300.0,1200.0,1000.0,0.0,0.0
2025-10-05 00:00:00+05:30,323,Gaddiannaram,1,Gaddiannaram,97,Apple,97,Common,0.0,624.0,3300.0,14650.0,8000.0,0.0,0.0
2025-10-05 00:00:00+05:30,303,Kalwakurthy,1340,Kalwakurthy,155,Donda,155,Common,0.0,1.0,4000.0,4000.0,4000.0,0.0,0.0
2025-10-05 00:00:00+05:30,367,Gudimalkapur,1571,Gudumalkapur,125,Bitter Gourd,125,Common,0.0,111.0,2000.0,3100.0,2500.0,0.0,0.0
2025-10-05 00:00:00+05:30,331,Vantimamidi,1612,Vantimamidi,125,Bitter Gourd,125,Common,0.0,17.0,2000.0,3000.0,2500.0,0.0,0.0
2025-10-06 00:00:00+05:30,323,Gaddiannaram,1,Gaddiannaram,97,Apple,97,Common,0.0,4553.0,3300.0,15300.0,8650.0,0.0,0.0
2025-10-06 00:00:00+05:30,324,Bowenpally,3,Bowenpally,122,Bottle Gourd,122,Common,0.0,802.0,400.0,1200.0,1000.0,0.0,0.0
2025-10-06 00:00:00+05:30,367,Gudimalkapur,1571,Gudumalkapur,125,Bitter Gourd,125,Common,0.0,81.0,1800.0,3000.0,2200.0,0.0,0.0
2025-10-06 00:00:00+05:30,331,Vantimamidi,1612,Vantimamidi,125,Bitter Gourd,125,Common,0.0,5.0,2000.0,3000.0,2500.0,0.0,0.0
2025-10-07 00:00:00+05:30,325,Hyderabad,6,Madannapeta,199,Capsicum,204,Common,0.0,7.0,3000.0,4000.0,3500.0,0.0,0.0
2025-10-07 00:00:00+05:30,323,Gaddiannaram,1,Gaddiannaram,97,Apple,97,Common,0.0,2374.0,3300.0,14650.0,7300.0,0.0,0.0
2025-10-07 00:00:00+05:30,324,Bowenpally,3,Bowenpally,122,Bottle Gourd,122,Common,0.0,729.0,400.0,1200.0,1000.0,0.0,0.0
2025-10-07 00:00:00+05:30,367,Gudimalkapur,1571,Gudumalkapur,125,Bitter Gourd,125,Common,0.0,116.0,1800.0,3000.0,2200.0,0.0,0.0
2025-10-07 00:00:00+05:30,331,Vantimamidi,1612,Vantimamidi,125,Bitter Gourd,125,Common,0.0,19.0,2000.0,3000.0,2500.0,0.0,0.0
2025-10-07 00:00:00+05:30,303,Kalwakurthy,1340,Kalwakurthy,155,Donda,155,Common,0.0,2.0,4000.0,4000.0,4000.0,0.0,0.0
2025-10-08 00:00:00+05:30,324,Bowenpally,3,Bowenpally,122,Bottle Gourd,122,Common,0.0,1010.0,400.0,1200.0,1000.0,0.0,0.0
2025-10-08 00:00:00+05:30,246,Warangal,886,Warangal,34,Safflower,34,Common,0.0,0.46,2859.0,2859.0,2859.0,0.0,0.0
2025-10-08 00:00:00+05:30,323,Gaddiannaram,1,Gaddiannaram,97,Apple,97,Common,0.0,2525.0,400.0,14000.0,7300.0,0.0,0.0
2025-10-08 00:00:00+05:30,325,Hyderabad,6,Madannapeta,199,Capsicum,204,Common,0.0,3.0,4000.0,4000.0,4000.0,0.0,0.0
2025-10-08 00:00:00+05:30,367,Gudimalkapur,1571,Gudumalkapur,125,Bitter Gourd,125,Common,0.0,116.0,1800.0,3000.0,2200.0,0.0,0.0
2025-10-08 00:00:00+05:30,289,Sadasivpet,1200,Sadasivapet,57,Tumeric,228,Bulb,0.0,1.0,8411.0,8411.0,8411.0,0.0,0.0
2025-10-08 00:00:00+05:30,331,Vantimamidi,1612,Vantimamidi,125,Bitter Gourd,125,Common,0.0,21.0,2000.0,3200.0,2600.0,0.0,0.0
2025-10-09 00:00:00+05:30,323,Gaddiannaram,1,Gaddiannaram,97,Apple,97,Common,0.0,4422.0,3300.0,14650.0,8000.0,0.0,0.0
2025-10-09 00:00:00+05:30,324,Bowenpally,3,Bowenpally,122,Bottle Gourd,122,Common,0.0,1101.0,400.0,1200.0,1000.0,0.0,0.0
2025-10-09 00:00:00+05:30,367,Gudimalkapur,1571,Gudumalkapur,125,Bitter Gourd,125,Common,0.0,121.0,2000.0,3500.0,2500.0,0.0,0.0
2025-10-09 00:00:00+05:30,303,Kalwakurthy,1340,Kalwakurthy,155,Donda,155,Common,0.0,2.0,2000.0,3000.0,2500.0,0.0,0.0
2025-10-09 00:00:00+05:30,331,Vantimamidi,1612,Vantimamidi,125,Bitter Gourd,125,Common,0.0,8.0,2500.0,3000.0,2750.0,0.0,0.0
2025-10-10 00:00:00+05:30,323,Gaddiannaram,1,Gaddiannaram,97,Apple,97,Common,0.0,3000.0,3300.0,14650.0,8000.0,0.0,0.0
2025-10-10 00:00:00+05:30,324,Bowenpally,3,Bowenpally,122,Bottle Gourd,122,Common,0.0,877.0,400.0,1200.0,1000.0,0.0,0.0
2025-10-10 00:00:00+05:30,367,Gudimalkapur,1571,Gudumalkapur,125,Bitter Gourd,125,Common,0.0,103.0,1800.0,3500.0,2300.0,0.0,0.0
2025-10-11 00:00:00+05:30,323,Gaddiannaram,1,Gaddiannaram,97,Apple,97,Common,0.0,1948.0,4000.0,14650.0,8000.0,0.0,0.0
2025-10-10 00:00:00+05:30,331,Vantimamidi,1612,Vantimamidi,125,Bitter Gourd,125,Common,0.0,21.0,1500.0,2300.0,1900.0,0.0,0.0
2025-10-11 00:00:00+05:30,324,Bowenpally,3,Bowenpally,122,Bottle Gourd,122,Common,0.0,751.0,400.0,1200.0,1000.0,0.0,0.0
2025-10-11 00:00:00+05:30,325,Hyderabad,6,Madannapeta,199,Capsicum,204,Common,0.0,6.0,4000.0,6000.0,5000.0,0.0,0.0
2025-10-12 00:00:00+05:30,324,Bowenpally,3,Bowenpally,122,Bottle Gourd,122,Common,0.0,401.0,400.0,1200.0,1000.0,0.0,0.0
2025-10-12 00:00:00+05:30,323,Gaddiannaram,1,Gaddiannaram,97,Apple,97,Common,0.0,728.0,4000.0,14650.0,8000.0,0.0,0.0
2025-10-11 00:00:00+05:30,331,Vantimamidi,1612,Vantimamidi,125,Bitter Gourd,125,Common,0.0,31.0,2000.0,3000.0,2500.0,0.0,0.0
2025-10-11 00:00:00+05:30,367,Gudimalkapur,1571,Gudumalkapur,125,Bitter Gourd,125,Common,0.0,114.0,2000.0,3500.0,2500.0,0.0,0.0
2025-10-12 00:00:00+05:30,331,Vantimamidi,1612,Vantimamidi,125,Bitter Gourd,125,Common,0.0,8.0,2000.0,3000.0,2500.0,0.0,0.0
2025-10-13 00:00:00+05:30,323,Gaddiannaram,1,Gaddiannaram,97,Apple,97,Common,0.0,3438.0,4000.0,14650.0,8650.0,0.0,0.0
2025-10-12 00:00:00+05:30,367,Gudimalkapur,1571,Gudumalkapur,125,Bitter Gourd,125,Common,0.0,99.0,2000.0,3500.0,2600.0,0.0,0.0
2025-10-13 00:00:00+05:30,324,Bowenpally,3,Bowenpally,122,Bottle Gourd,122,Common,0.0,706.0,400.0,1200.0,1000.0,0.0,0.0
2025-10-13 00:00:00+05:30,367,Gudimalkapur,1571,Gudumalkapur,125,Bitter Gourd,125,Common,0.0,100.0,1800.0,3500.0,2200.0,0.0,0.0
2025-10-14 00:00:00+05:30,324,Bowenpally,3,Bowenpally,122,Bottle Gourd,122,Common,0.0,552.0,400.0,1200.0,1000.0,0.0,0.0
2025-10-13 00:00:00+05:30,331,Vantimamidi,1612,Vantimamidi,125,Bitter Gourd,125,Common,0.0,29.0,2000.0,3000.0,2500.0,0.0,0.0
2025-10-14 00:00:00+05:30,325,Hyderabad,6,Madannapeta,199,Capsicum,204,Common,0.0,1.0,5000.0,5000.0,5000.0,0.0,0.0
2025-10-14 00:00:00+05:30,323,Gaddiannaram,1,Gaddiannaram,97,Apple,97,Common,0.0,1850.0,4000.0,15300.0,8000.0,0.0,0.0
2025-10-14 00:00:00+05:30,331,Vantimamidi,1612,Vantimamidi,125,Bitter Gourd,125,Common,0.0,42.0,2000.0,3000.0,2500.0,0.0,0.0
2025-10-14 00:00:00+05:30,303,Kalwakurthy,1340,Kalwakurthy,155,Donda,155,Common,0.0,3.0,3000.0,3000.0,3000.0,0.0,0.0
2025-10-15 00:00:00+05:30,323,Gaddiannaram,1,Gaddiannaram,97,Apple,97,Common,0.0,1069.0,4000.0,14650.0,8650.0,0.0,0.0
2025-10-14 00:00:00+05:30,367,Gudimalkapur,1571,Gudumalkapur,125,Bitter Gourd,125,Common,0.0,163.0,1400.0,3500.0,2200.0,0.0,0.0
2025-10-15 00:00:00+05:30,325,Hyderabad,6,Madannapeta,199,Capsicum,204,Common,0.0,3.0,6000.0,6000.0,6000.0,0.0,0.0
2025-10-15 00:00:00+05:30,324,Bowenpally,3,Bowenpally,122,Bottle Gourd,122,Common,0.0,592.0,400.0,1200.0,1000.0,0.0,0.0
2025-10-16 00:00:00+05:30,323,Gaddiannaram,1,Gaddiannaram,97,Apple,97,Common,0.0,2532.0,4000.0,14650.0,8650.0,0.0,0.0
2025-10-15 00:00:00+05:30,331,Vantimamidi,1612,Vantimamidi,125,Bitter Gourd,125,Common,0.0,50.0,2500.0,3500.0,3000.0,0.0,0.0
2025-10-15 00:00:00+05:30,367,Gudimalkapur,1571,Gudumalkapur,125,Bitter Gourd,125,Common,0.0,100.0,2000.0,3500.0,2500.0,0.0,0.0
2025-10-16 00:00:00+05:30,324,Bowenpally,3,Bowenpally,122,Bottle Gourd,122,Common,0.0,610.0,400.0,1200.0,1000.0,0.0,0.0
2025-10-16 00:00:00+05:30,325,Hyderabad,6,Madannapeta,199,Capsicum,204,Common,0.0,6.0,3000.0,3000.0,3000.0,0.0,0.0
2025-10-16 00:00:00+05:30,331,Vantimamidi,1612,Vantimamidi,125,Bitter Gourd,125,Common,0.0,48.0,2000.0,3000.0,2500.0,0.0,0.0
2025-10-17 00:00:00+05:30,323,Gaddiannaram,1,Gaddiannaram,97,Apple,97,Common,0.0,3381.0,4000.0,14650.0,8650.0,0.0,0.0
2025-10-17 00:00:00+05:30,324,Bowenpally,3,Bowenpally,122,Bottle Gourd,122,Common,0.0,621.0,400.0,1200.0,1000.0,0.0,0.0
2025-10-16 00:00:00+05:30,367,Gudimalkapur,1571,Gudumalkapur,125,Bitter Gourd,125,Common,0.0,138.0,2500.0,3500.0,3000.0,0.0,0.0
2025-10-17 00:00:00+05:30,331,Vantimamidi,1612,Vantimamidi,125,Bitter Gourd,125,Common,0.0,57.0,2000.0,2500.0,2250.0,0.0,0.0
2025-10-18 00:00:00+05:30,323,Gaddiannaram,1,Gaddiannaram,97,Apple,97,Common,0.0,3814.0,8650.0,4000.0,14650.0,0.0,0.0
2025-10-17 00:00:00+05:30,367,Gudimalkapur,1571,Gudumalkapur,125,Bitter Gourd,125,Common,0.0,122.0,1800.0,3000.0,200.0,0.0,0.0
2025-10-18 00:00:00+05:30,324,Bowenpally,3,Bowenpally,122,Bottle Gourd,122,Common,0.0,598.0,400.0,1200.0,1000.0,0.0,0.0
2025-10-18 00:00:00+05:30,325,Hyderabad,6,Madannapeta,199,Capsicum,204,Common,0.0,2.0,5000.0,5000.0,5000.0,0.0,0.0
2025-10-18 00:00:00+05:30,367,Gudimalkapur,1571,Gudumalkapur,125,Bitter Gourd,125,Common,0.0,136.0,2000.0,3500.0,3000.0,0.0,0.0
2025-10-18 00:00:00+05:30,331,Vantimamidi,1612,Vantimamidi,125,Bitter Gourd,125,Common,0.0,48.0,2500.0,3000.0,2750.0,0.0,0.0
2025-10-19 00:00:00+05:30,325,Hyderabad,6,Madannapeta,199,Capsicum,204,Common,0.0,6.0,3000.0,3000.0,3000.0,0.0,0.0
2025-10-19 00:00:00+05:30,324,Bowenpally,3,Bowenpally,122,Bottle Gourd,122,Common,0.0,54.0,400.0,1200.0,1000.0,0.0,0.0
2025-10-19 00:00:00+05:30,367,Gudimalkapur,1571,Gudumalkapur,125,Bitter Gourd,125,Common,0.0,126.0,1800.0,3300.0,2500.0,0.0,0.0
2025-10-19 00:00:00+05:30,323,Gaddiannaram,1,Gaddiannaram,97,Apple,97,Common,0.0,475.0,4000.0,14650.0,8650.0,0.0,0.0
2025-10-19 00:00:00+05:30,331,Vantimamidi,1612,Vantimamidi,125,Bitter Gourd,125,Common,0.0,25.0,2500.0,3200.0,2850.0,0.0,0.0
2025-10-20 00:00:00+05:30,323,Gaddiannaram,1,Gaddiannaram,97,Apple,97,Common,0.0,3705.0,4000.0,14650.0,8650.0,0.0,0.0
2025-10-20 00:00:00+05:30,324,Bowenpally,3,Bowenpally,122,Bottle Gourd,122,Common,0.0,480.0,400.0,1200.0,1000.0,0.0,0.0
2025-10-20 00:00:00+05:30,367,Gudimalkapur,1571,Gudumalkapur,125,Bitter Gourd,125,Common,0.0,54.0,1800.0,3200.0,2000.0,0.0,0.0
2025-10-20 00:00:00+05:30,303,Kalwakurthy,1340,Kalwakurthy,155,Donda,155,Common,0.0,1.0,2200.0,2200.0,2200.0,0.0,0.0
2025-10-21 00:00:00+05:30,323,Gaddiannaram,1,Gaddiannaram,97,Apple,97,Common,0.0,3173.0,4000.0,13300.0,7300.0,0.0,0.0
2025-10-21 00:00:00+05:30,331,Vantimamidi,1612,Vantimamidi,125,Bitter Gourd,125,Common,0.0,25.0,2000.0,2600.0,2300.0,0.0,0.0
2025-10-22 00:00:00+05:30,324,Bowenpally,3,Bowenpally,122,Bottle Gourd,122,Common,0.0,836.0,400.0,1400.0,1100.0,0.0,0.0
2025-10-22 00:00:00+05:30,323,Gaddiannaram,1,Gaddiannaram,97,Apple,97,Common,0.0,2733.0,4650.0,12650.0,7300.0,0.0,0.0
2025-10-22 00:00:00+05:30,289,Sadasivpet,1200,Sadasivapet,57,Tumeric,228,Bulb,0.0,16.0,5000.0,11331.0,11331.0,0.0,0.0
2025-10-22 00:00:00+05:30,331,Vantimamidi,1612,Vantimamidi,125,Bitter Gourd,125,Common,0.0,48.0,2000.0,2800.0,2400.0,0.0,0.0
2025-10-22 00:00:00+05:30,367,Gudimalkapur,1571,Gudumalkapur,125,Bitter Gourd,125,Common,0.0,105.0,1600.0,3000.0,2400.0,0.0,0.0
2025-10-23 00:00:00+05:30,323,Gaddiannaram,1,Gaddiannaram,97,Apple,97,Common,0.0,4662.0,4650.0,12650.0,7300.0,0.0,0.0
2025-10-23 00:00:00+05:30,324,Bowenpally,3,Bowenpally,122,Bottle Gourd,122,Common,0.0,836.0,400.0,1400.0,1100.0,0.0,0.0
2025-10-23 00:00:00+05:30,367,Gudimalkapur,1571,Gudumalkapur,125,Bitter Gourd,125,Common,0.0,151.0,1300.0,3000.0,2400.0,0.0,0.0
2025-10-23 00:00:00+05:30,303,Kalwakurthy,1340,Kalwakurthy,155,Donda,155,Common,0.0,1.0,2500.0,2500.0,2500.0,0.0,0.0
2025-10-23 00:00:00+05:30,331,Vantimamidi,1612,Vantimamidi,125,Bitter Gourd,125,Common,0.0,23.0,2000.0,3500.0,2750.0,0.0,0.0
2025-10-24 00:00:00+05:30,323,Gaddiannaram,1,Gaddiannaram,97,Apple,97,Common,0.0,4170.0,4000.0,13300.0,6650.0,0.0,0.0
2025-10-24 00:00:00+05:30,324,Bowenpally,3,Bowenpally,122,Bottle Gourd,122,Common,0.0,497.0,400.0,1400.0,1100.0,0.0,0.0
2025-10-24 00:00:00+05:30,331,Vantimamidi,1612,Vantimamidi,125,Bitter Gourd,125,Common,0.0,31.0,2000.0,3200.0,2600.0,0.0,0.0
2025-10-25 00:00:00+05:30,323,Gaddiannaram,1,Gaddiannaram,97,Apple,97,Common,0.0,2106.0,4000.0,13300.0,7300.0,0.0,0.0
2025-10-24 00:00:00+05:30,367,Gudimalkapur,1571,Gudumalkapur,125,Bitter Gourd,125,Common,0.0,138.0,1600.0,3000.0,2000.0,0.0,0.0
2025-10-25 00:00:00+05:30,324,Bowenpally,3,Bowenpally,122,Bottle Gourd,122,Common,0.0,573.0,400.0,1200.0,1000.0,0.0,0.0
2025-10-25 00:00:00+05:30,325,Hyderabad,6,Madannapeta,199,Capsicum,204,Common,0.0,6.0,3000.0,3000.0,3000.0,0.0,0.0
2025-10-25 00:00:00+05:30,331,Vantimamidi,1612,Vantimamidi,125,Bitter Gourd,125,Common,0.0,29.0,2000.0,3500.0,2750.0,0.0,0.0
2025-10-25 00:00:00+05:30,367,Gudimalkapur,1571,Gudumalkapur,125,Bitter Gourd,125,Common,0.0,111.0,1000.0,2500.0,2000.0,0.0,0.0
2025-10-25 00:00:00+05:30,303,Kalwakurthy,1340,Kalwakurthy,155,Donda,155,Common,0.0,1.0,3500.0,3500.0,3500.0,0.0,0.0
2025-10-25 00:00:00+05:30,208,Nizamabad,1080,Nizamabad,47,Tamarind Seed,47,Common,0.0,1.0,1100.0,1100.0,1100.0,0.0,0.0
2025-10-26 00:00:00+05:30,324,Bowenpally,3,Bowenpally,122,Bottle Gourd,122,Common,0.0,1164.0,400.0,1200.0,1000.0,0.0,0.0
2025-10-26 00:00:00+05:30,325,Hyderabad,6,Madannapeta,199,Capsicum,204,Common,0.0,5.0,2500.0,3000.0,2750.0,0.0,0.0
2025-10-26 00:00:00+05:30,367,Gudimalkapur,1571,Gudumalkapur,125,Bitter Gourd,125,Common,0.0,174.0,1500.0,3000.0,2000.0,0.0,0.0
2025-10-26 00:00:00+05:30,323,Gaddiannaram,1,Gaddiannaram,97,Apple,97,Common,0.0,768.0,4000.0,13300.0,7300.0,0.0,0.0
2025-10-27 00:00:00+05:30,323,Gaddiannaram,1,Gaddiannaram,97,Apple,97,Common,0.0,6549.0,3300.0,14000.0,7300.0,0.0,0.0
2025-10-27 00:00:00+05:30,324,Bowenpally,3,Bowenpally,122,Bottle Gourd,122,Common,0.0,1029.0,400.0,1200.0,1000.0,0.0,0.0
2025-10-27 00:00:00+05:30,325,Hyderabad,6,Madannapeta,199,Capsicum,204,Common,0.0,4.0,3000.0,4500.0,3750.0,0.0,0.0
2025-10-26 00:00:00+05:30,331,Vantimamidi,1612,Vantimamidi,125,Bitter Gourd,125,Common,0.0,56.0,2000.0,3200.0,2600.0,0.0,0.0
2025-10-27 00:00:00+05:30,367,Gudimalkapur,1571,Gudumalkapur,125,Bitter Gourd,125,Common,0.0,134.0,1600.0,2800.0,2000.0,0.0,0.0
2025-10-27 00:00:00+05:30,331,Vantimamidi,1612,Vantimamidi,125,Bitter Gourd,125,Common,0.0,48.0,2000.0,3500.0,2750.0,0.0,0.0
2025-10-28 00:00:00+05:30,323,Gaddiannaram,1,Gaddiannaram,97,Apple,97,Common,0.0,2483.0,4000.0,13300.0,7300.0,0.0,0.0
2025-10-28 00:00:00+05:30,324,Bowenpally,3,Bowenpally,122,Bottle Gourd,122,Common,0.0,1340.0,400.0,1200.0,1000.0,0.0,0.0
2025-10-28 00:00:00+05:30,325,Hyderabad,6,Madannapeta,199,Capsicum,204,Common,0.0,7.0,3000.0,3000.0,3000.0,0.0,0.0
2025-10-28 00:00:00+05:30,331,Vantimamidi,1612,Vantimamidi,125,Bitter Gourd,125,Common,0.0,43.0,1500.0,2000.0,1750.0,0.0,0.0
2025-10-28 00:00:00+05:30,367,Gudimalkapur,1571,Gudumalkapur,125,Bitter Gourd,125,Common,0.0,84.0,1200.0,2500.0,2000.0,0.0,0.0
2025-10-29 00:00:00+05:30,325,Hyderabad,6,Madannapeta,199,Capsicum,204,Common,0.0,9.0,3000.0,5000.0,4000.0,0.0,0.0
2025-10-29 00:00:00+05:30,323,Gaddiannaram,1,Gaddiannaram,97,Apple,97,Common,0.0,4390.0,4000.0,13300.0,7300.0,0.0,0.0
2025-10-29 00:00:00+05:30,324,Bowenpally,3,Bowenpally,122,Bottle Gourd,122,Common,0.0,703.0,400.0,1200.0,1000.0,0.0,0.0
2025-10-29 00:00:00+05:30,331,Vantimamidi,1612,Vantimamidi,125,Bitter Gourd,125,Common,0.0,51.0,2000.0,2000.0,2000.0,0.0,0.0
2025-10-29 00:00:00+05:30,367,Gudimalkapur,1571,Gudumalkapur,125,Bitter Gourd,125,Common,0.0,79.0,1800.0,3000.0,2400.0,0.0,0.0
2025-10-30 00:00:00+05:30,325,Hyderabad,6,Madannapeta,199,Capsicum,204,Common,0.0,6.0,4000.0,5000.0,4500.0,0.0,0.0
2025-10-30 00:00:00+05:30,323,Gaddiannaram,1,Gaddiannaram,97,Apple,97,Common,0.0,1101.0,4000.0,12000.0,6000.0,0.0,0.0
2025-10-30 00:00:00+05:30,324,Bowenpally,3,Bowenpally,122,Bottle Gourd,122,Common,0.0,675.0,400.0,1200.0,1000.0,0.0,0.0
2025-10-30 00:00:00+05:30,331,Vantimamidi,1612,Vantimamidi,125,Bitter Gourd,125,Common,0.0,33.0,2500.0,3500.0,3000.0,0.0,0.0
2025-10-31 00:00:00+05:30,323,Gaddiannaram,1,Gaddiannaram,97,Apple,97,Common,0.0,4806.0,4650.0,14650.0,6650.0,0.0,0.0
2025-10-30 00:00:00+05:30,367,Gudimalkapur,1571,Gudumalkapur,125,Bitter Gourd,125,Common,0.0,64.0,1800.0,3000.0,2100.0,0.0,0.0
2025-10-31 00:00:00+05:30,324,Bowenpally,3,Bowenpally,122,Bottle Gourd,122,Common,0.0,1023.0,400.0,1200.0,1000.0,0.0,0.0
2025-10-31 00:00:00+05:30,325,Hyderabad,6,Madannapeta,199,Capsicum,204,Common,0.0,3.0,3000.0,3000.0,3000.0,0.0,0.0
2025-10-31 00:00:00+05:30,367,Gudimalkapur,1571,Gudumalkapur,125,Bitter Gourd,125,Common,0.0,94.0,1500.0,2500.0,2100.0,0.0,0.0
2025-10-31 00:00:00+05:30,331,Vantimamidi,1612,Vantimamidi,125,Bitter Gourd,125,Common,0.0,37.0,2000.0,3500.0,2750.0,0.0,0.0
2025-10-31 00:00:00+05:30,303,Kalwakurthy,1340,Kalwakurthy,155,Donda,155,Common,0.0,4.0,4000.0,5000.0,4500.0,0.0,0.0
2025-10-28 00:00:00+05:30,324,Bowenpally,3,Bowenpally,123,Ribbed Gourd,123,Common,0.0,1028.0,800.0,1800.0,1500.0,0.0,0.0
2025-10-28 00:00:00+05:30,323,Gaddiannaram,2,L.B Nagar,155,Donda,155,Common,0.0,75.0,2000.0,3000.0,2500.0,0.0,0.0
2025-10-27 00:00:00+05:30,367,Gudimalkapur,1571,Gudumalkapur,127,Kheera,127,Common,0.0,238.0,900.0,1400.0,1100.0,0.0,0.0
2025-10-27 00:00:00+05:30,303,Kalwakurthy,1340,Kalwakurthy,222,Vegetables(All),282,Common,0.0,2.0,4000.0,6000.0,0.0,0.0,0.0
2025-10-27 00:00:00+05:30,246,Warangal,886,Warangal,54,Chillies(Dry),250,Teja,0.0,103.0,8000.0,14000.0,11000.0,0.0,0.0
2025-10-27 00:00:00+05:30,324,Bowenpally,3,Bowenpally,123,Ribbed Gourd,123,Common,0.0,684.0,800.0,1300.0,1100.0,0.0,0.0
2025-10-27 00:00:00+05:30,323,Gaddiannaram,1,Gaddiannaram,201,Nashpati(Pear),207,Common,0.0,14.0,10000.0,25000.0,15000.0,0.0,0.0
2025-10-27 00:00:00+05:30,323,Gaddiannaram,2,L.B Nagar,155,Donda,155,Common,0.0,90.0,2000.0,3000.0,2500.0,0.0,0.0
2025-10-26 00:00:00+05:30,323,Gaddiannaram,1,Gaddiannaram,201,Nashpati(Pear),207,Common,0.0,2.0,10000.0,25000.0,15000.0,0.0,0.0
2025-10-26 00:00:00+05:30,367,Gudimalkapur,1571,Gudumalkapur,127,Kheera,127,Common,0.0,513.0,600.0,1200.0,800.0,0.0,0.0
2025-10-26 00:00:00+05:30,303,Kalwakurthy,1340,Kalwakurthy,222,Vegetables(All),282,Common,0.0,3.0,4000.0,7000.0,5500.0,0.0,0.0
2025-10-26 00:00:00+05:30,323,Gaddiannaram,2,L.B Nagar,155,Donda,155,Common,0.0,35.0,2000.0,3000.0,2500.0,0.0,0.0
2025-10-26 00:00:00+05:30,324,Bowenpally,3,Bowenpally,123,Ribbed Gourd,123,Common,0.0,643.0,500.0,1300.0,1100.0,0.0,0.0
2025-10-25 00:00:00+05:30,303,Kalwakurthy,1340,Kalwakurthy,222,Vegetables(All),282,Common,0.0,1.0,4500.0,7000.0,5750.0,0.0,0.0
2025-10-25 00:00:00+05:30,367,Gudimalkapur,1571,Gudumalkapur,127,Kheera,127,Common,0.0,664.0,800.0,1200.0,1000.0,0.0,0.0
2025-10-25 00:00:00+05:30,323,Gaddiannaram,2,L.B Nagar,155,Donda,155,Common,0.0,51.0,2000.0,3000.0,2500.0,0.0,0.0
2025-10-25 00:00:00+05:30,324,Bowenpally,3,Bowenpally,123,Ribbed Gourd,123,Common,0.0,883.0,500.0,1300.0,1100.0,0.0,0.0
2025-10-24 00:00:00+05:30,367,Gudimalkapur,1571,Gudumalkapur,127,Kheera,127,Common,0.0,186.0,800.0,1500.0,1000.0,0.0,0.0
2025-10-25 00:00:00+05:30,323,Gaddiannaram,1,Gaddiannaram,201,Nashpati(Pear),207,Common,0.0,2.0,10000.0,25000.0,15000.0,0.0,0.0
2025-10-24 00:00:00+05:30,303,Kalwakurthy,1340,Kalwakurthy,222,Vegetables(All),282,Common,0.0,2.0,5000.0,8000.0,6500.0,0.0,0.0
2025-10-24 00:00:00+05:30,324,Bowenpally,3,Bowenpally,123,Ribbed Gourd,123,Common,0.0,1583.0,500.0,1300.0,1100.0,0.0,0.0
2025-10-24 00:00:00+05:30,323,Gaddiannaram,1,Gaddiannaram,201,Nashpati(Pear),207,Common,0.0,2.0,10000.0,25000.0,15000.0,0.0,0.0
2025-10-23 00:00:00+05:30,303,Kalwakurthy,1340,Kalwakurthy,222,Vegetables(All),282,Common,0.0,1.0,5000.0,7000.0,6000.0,0.0,0.0
2025-10-23 00:00:00+05:30,367,Gudimalkapur,1571,Gudumalkapur,127,Kheera,127,Common,0.0,455.0,600.0,1200.0,800.0,0.0,0.0
2025-10-24 00:00:00+05:30,323,Gaddiannaram,2,L.B Nagar,155,Donda,155,Common,0.0,80.0,1500.0,2500.0,2000.0,0.0,0.0
2025-10-24 00:00:00+05:30,246,Warangal,886,Warangal,54,Chillies(Dry),250,Teja,0.0,93.0,7500.0,13200.0,11200.0,0.0,0.0
2025-10-23 00:00:00+05:30,324,Bowenpally,3,Bowenpally,123,Ribbed Gourd,123,Common,0.0,1999.0,800.0,1700.0,1500.0,0.0,0.0
2025-10-23 00:00:00+05:30,323,Gaddiannaram,1,Gaddiannaram,201,Nashpati(Pear),207,Common,0.0,4.0,10000.0,25000.0,15000.0,0.0,0.0
2025-10-23 00:00:00+05:30,246,Warangal,886,Warangal,54,Chillies(Dry),250,Teja,0.0,88.0,7500.0,13500.0,9500.0,0.0,0.0
2025-10-22 00:00:00+05:30,367,Gudimalkapur,1571,Gudumalkapur,127,Kheera,127,Common,0.0,528.0,1000.0,1600.0,1300.0,0.0,0.0
2025-10-22 00:00:00+05:30,303,Kalwakurthy,1340,Kalwakurthy,222,Vegetables(All),282,Common,0.0,1.0,7000.0,7000.0,7000.0,0.0,0.0
2025-10-23 00:00:00+05:30,323,Gaddiannaram,2,L.B Nagar,155,Donda,155,Common,0.0,73.0,2000.0,2500.0,2200.0,0.0,0.0
2025-10-22 00:00:00+05:30,246,Warangal,886,Warangal,54,Chillies(Dry),250,Teja,0.0,5.0,6000.0,8500.0,8500.0,0.0,0.0
2025-10-22 00:00:00+05:30,323,Gaddiannaram,2,L.B Nagar,155,Donda,155,Common,0.0,70.0,1500.0,2000.0,1700.0,0.0,0.0
2025-10-22 00:00:00+05:30,324,Bowenpally,3,Bowenpally,123,Ribbed Gourd,123,Common,0.0,1999.0,800.0,1700.0,1500.0,0.0,0.0
2025-10-21 00:00:00+05:30,303,Kalwakurthy,1340,Kalwakurthy,222,Vegetables(All),282,Common,0.0,1.0,6000.0,6000.0,6000.0,0.0,0.0
2025-10-20 00:00:00+05:30,367,Gudimalkapur,1571,Gudumalkapur,127,Kheera,127,Common,0.0,355.0,900.0,1500.0,1100.0,0.0,0.0
2025-10-20 00:00:00+05:30,324,Bowenpally,3,Bowenpally,123,Ribbed Gourd,123,Common,0.0,1377.0,800.0,1700.0,1300.0,0.0,0.0
2025-10-20 00:00:00+05:30,323,Gaddiannaram,1,Gaddiannaram,201,Nashpati(Pear),207,Common,0.0,5.0,10000.0,25000.0,15000.0,0.0,0.0
2025-10-20 00:00:00+05:30,323,Gaddiannaram,2,L.B Nagar,155,Donda,155,Common,0.0,67.0,1000.0,1500.0,1200.0,0.0,0.0
2025-10-19 00:00:00+05:30,303,Kalwakurthy,1340,Kalwakurthy,222,Vegetables(All),282,Common,0.0,2.0,5000.0,8000.0,6500.0,0.0,0.0
2025-10-19 00:00:00+05:30,367,Gudimalkapur,1571,Gudumalkapur,127,Kheera,127,Common,0.0,574.0,600.0,1500.0,800.0,0.0,0.0
2025-10-19 00:00:00+05:30,324,Bowenpally,3,Bowenpally,123,Ribbed Gourd,123,Common,0.0,1271.0,800.0,1700.0,1500.0,0.0,0.0
2025-10-19 00:00:00+05:30,323,Gaddiannaram,2,L.B Nagar,155,Donda,155,Common,0.0,80.0,1000.0,1500.0,1200.0,0.0,0.0
2025-10-18 00:00:00+05:30,303,Kalwakurthy,1340,Kalwakurthy,222,Vegetables(All),282,Common,0.0,1.0,6000.0,8000.0,7000.0,0.0,0.0
2025-10-18 00:00:00+05:30,367,Gudimalkapur,1571,Gudumalkapur,127,Kheera,127,Common,0.0,458.0,900.0,1600.0,1200.0,0.0,0.0
2025-10-18 00:00:00+05:30,192,Jainath,26,Jainath,89,Papaya,89,Common,0.0,80.0,550.0,625.0,587.0,0.0,0.0
2025-10-18 00:00:00+05:30,323,Gaddiannaram,2,L.B Nagar,155,Donda,155,Common,0.0,77.0,1000.0,1500.0,1200.0,0.0,0.0
2025-10-18 00:00:00+05:30,324,Bowenpally,3,Bowenpally,123,Ribbed Gourd,123,Common,0.0,1344.0,500.0,1500.0,1200.0,0.0,0.0
2025-10-17 00:00:00+05:30,367,Gudimalkapur,1571,Gudumalkapur,127,Kheera,127,Common,0.0,222.0,900.0,1500.0,1200.0,0.0,0.0
2025-10-18 00:00:00+05:30,323,Gaddiannaram,1,Gaddiannaram,201,Nashpati(Pear),207,Common,0.0,1.0,10000.0,25000.0,15000.0,0.0,0.0
2025-10-17 00:00:00+05:30,323,Gaddiannaram,2,L.B Nagar,155,Donda,155,Common,0.0,108.0,1500.0,2000.0,1700.0,0.0,0.0
2025-10-17 00:00:00+05:30,246,Warangal,886,Warangal,54,Chillies(Dry),250,Teja,0.0,184.0,7000.0,14300.0,11300.0,0.0,0.0
2025-10-16 00:00:00+05:30,367,Gudimalkapur,1571,Gudumalkapur,127,Kheera,127,Common,0.0,500.0,900.0,1600.0,1200.0,0.0,0.0
2025-10-17 00:00:00+05:30,324,Bowenpally,3,Bowenpally,123,Ribbed Gourd,123,Common,0.0,887.0,600.0,3000.0,2200.0,0.0,0.0
2025-10-16 00:00:00+05:30,324,Bowenpally,3,Bowenpally,123,Ribbed Gourd,123,Common,0.0,1308.0,800.0,1700.0,1400.0,0.0,0.0
2025-10-16 00:00:00+05:30,246,Warangal,886,Warangal,54,Chillies(Dry),250,Teja,0.0,162.0,8000.0,14200.0,12500.0,0.0,0.0
2025-10-15 00:00:00+05:30,367,Gudimalkapur,1571,Gudumalkapur,127,Kheera,127,Common,0.0,395.0,1200.0,2200.0,1500.0,0.0,0.0
2025-10-16 00:00:00+05:30,323,Gaddiannaram,1,Gaddiannaram,201,Nashpati(Pear),207,Common,0.0,11.0,10000.0,25000.0,15000.0,0.0,0.0
2025-10-16 00:00:00+05:30,323,Gaddiannaram,2,L.B Nagar,155,Donda,155,Common,0.0,108.0,1000.0,1500.0,1200.0,0.0,0.0
2025-10-15 00:00:00+05:30,324,Bowenpally,3,Bowenpally,123,Ribbed Gourd,123,Common,0.0,1279.0,800.0,1500.0,1300.0,0.0,0.0
2025-10-15 00:00:00+05:30,323,Gaddiannaram,2,L.B Nagar,155,Donda,155,Common,0.0,147.0,1500.0,2000.0,1700.0,0.0,0.0
2025-10-15 00:00:00+05:30,246,Warangal,886,Warangal,54,Chillies(Dry),250,Teja,0.0,237.0,8000.0,13300.0,11200.0,0.0,0.0
2025-10-14 00:00:00+05:30,367,Gudimalkapur,1571,Gudumalkapur,127,Kheera,127,Common,0.0,334.0,1400.0,2200.0,1800.0,0.0,0.0
2025-10-14 00:00:00+05:30,303,Kalwakurthy,1340,Kalwakurthy,222,Vegetables(All),282,Common,0.0,2.0,2500.0,3500.0,3000.0,0.0,0.0
2025-10-14 00:00:00+05:30,323,Gaddiannaram,1,Gaddiannaram,201,Nashpati(Pear),207,Common,0.0,1.0,10000.0,24000.0,14000.0,0.0,0.0
2025-10-14 00:00:00+05:30,246,Warangal,886,Warangal,54,Chillies(Dry),250,Teja,0.0,99.0,8000.0,12800.0,11500.0,0.0,0.0
2025-10-14 00:00:00+05:30,323,Gaddiannaram,2,L.B Nagar,155,Donda,155,Common,0.0,177.0,1500.0,2500.0,2000.0,0.0,0.0
2025-10-14 00:00:00+05:30,324,Bowenpally,3,Bowenpally,123,Ribbed Gourd,123,Common,0.0,1141.0,600.0,3000.0,2400.0,0.0,0.0
2025-10-13 00:00:00+05:30,367,Gudimalkapur,1571,Gudumalkapur,127,Kheera,127,Common,0.0,341.0,1000.0,1800.0,1400.0,0.0,0.0
2025-10-13 00:00:00+05:30,246,Warangal,886,Warangal,54,Chillies(Dry),250,Teja,0.0,129.0,6000.0,14100.0,10000.0,0.0,0.0
2025-10-13 00:00:00+05:30,324,Bowenpally,3,Bowenpally,123,Ribbed Gourd,123,Common,0.0,1217.0,600.0,3300.0,2400.0,0.0,0.0
2025-10-13 00:00:00+05:30,323,Gaddiannaram,2,L.B Nagar,155,Donda,155,Common,0.0,60.0,1000.0,2000.0,1500.0,0.0,0.0
2025-10-12 00:00:00+05:30,367,Gudimalkapur,1571,Gudumalkapur,127,Kheera,127,Common,0.0,267.0,1300.0,2000.0,1500.0,0.0,0.0
2025-10-12 00:00:00+05:30,192,Jainath,26,Jainath,89,Papaya,89,Common,0.0,160.0,550.0,625.0,587.0,0.0,0.0
2025-10-13 00:00:00+05:30,323,Gaddiannaram,1,Gaddiannaram,201,Nashpati(Pear),207,Common,0.0,11.0,10000.0,24000.0,14000.0,0.0,0.0
2025-10-11 00:00:00+05:30,367,Gudimalkapur,1571,Gudumalkapur,127,Kheera,127,Common,0.0,276.0,1300.0,1800.0,1500.0,0.0,0.0
2025-10-11 00:00:00+05:30,303,Kalwakurthy,1340,Kalwakurthy,222,Vegetables(All),282,Common,0.0,1.0,5000.0,5000.0,5000.0,0.0,0.0
2025-10-12 00:00:00+05:30,323,Gaddiannaram,2,L.B Nagar,155,Donda,155,Common,0.0,106.0,1000.0,1500.0,1200.0,0.0,0.0
2025-10-12 00:00:00+05:30,324,Bowenpally,3,Bowenpally,123,Ribbed Gourd,123,Common,0.0,1372.0,1000.0,2000.0,1800.0,0.0,0.0
2025-10-11 00:00:00+05:30,324,Bowenpally,3,Bowenpally,123,Ribbed Gourd,123,Common,0.0,1223.0,1000.0,2000.0,1800.0,0.0,0.0
2025-10-10 00:00:00+05:30,303,Kalwakurthy,1340,Kalwakurthy,222,Vegetables(All),282,Common,0.0,2.0,5000.0,7000.0,6000.0,0.0,0.0
2025-10-11 00:00:00+05:30,323,Gaddiannaram,2,L.B Nagar,155,Donda,155,Common,0.0,110.0,1000.0,2000.0,1500.0,0.0,0.0
2025-10-10 00:00:00+05:30,367,Gudimalkapur,1571,Gudumalkapur,127,Kheera,127,Common,0.0,327.0,900.0,1500.0,1200.0,0.0,0.0
2025-10-10 00:00:00+05:30,324,Bowenpally,3,Bowenpally,123,Ribbed Gourd,123,Common,0.0,1203.0,1000.0,2000.0,1800.0,0.0,0.0
2025-10-10 00:00:00+05:30,323,Gaddiannaram,1,Gaddiannaram,201,Nashpati(Pear),207,Common,0.0,31.0,10000.0,24000.0,14000.0,0.0,0.0
2025-10-10 00:00:00+05:30,323,Gaddiannaram,2,L.B Nagar,155,Donda,155,Common,0.0,121.0,1500.0,2000.0,1700.0,0.0,0.0
2025-10-10 00:00:00+05:30,246,Warangal,886,Warangal,54,Chillies(Dry),250,Teja,0.0,55.0,8500.0,13000.0,11000.0,0.0,0.0
2025-10-09 00:00:00+05:30,303,Kalwakurthy,1340,Kalwakurthy,222,Vegetables(All),282,Common,0.0,2.0,2000.0,3500.0,2750.0,0.0,0.0
2025-10-09 00:00:00+05:30,367,Gudimalkapur,1571,Gudumalkapur,127,Kheera,127,Common,0.0,234.0,900.0,1800.0,1300.0,0.0,0.0
2025-10-09 00:00:00+05:30,246,Warangal,886,Warangal,54,Chillies(Dry),250,Teja,0.0,33.0,8000.0,12500.0,10000.0,0.0,0.0
2025-10-09 00:00:00+05:30,192,Jainath,26,Jainath,89,Papaya,89,Common,0.0,160.0,550.0,625.0,587.0,0.0,0.0
2025-10-09 00:00:00+05:30,324,Bowenpally,3,Bowenpally,123,Ribbed Gourd,123,Common,0.0,1026.0,1000.0,2000.0,1800.0,0.0,0.0
2025-10-09 00:00:00+05:30,323,Gaddiannaram,1,Gaddiannaram,201,Nashpati(Pear),207,Common,0.0,97.0,10000.0,24000.0,14000.0,0.0,0.0
2025-10-08 00:00:00+05:30,303,Kalwakurthy,1340,Kalwakurthy,222,Vegetables(All),282,Common,0.0,1.0,7000.0,7000.0,7000.0,0.0,0.0
2025-10-09 00:00:00+05:30,323,Gaddiannaram,2,L.B Nagar,155,Donda,155,Common,0.0,120.0,1000.0,2000.0,150.0,0.0,0.0
2025-10-08 00:00:00+05:30,367,Gudimalkapur,1571,Gudumalkapur,127,Kheera,127,Common,0.0,471.0,800.0,1600.0,1300.0,0.0,0.0
2025-10-08 00:00:00+05:30,323,Gaddiannaram,1,Gaddiannaram,201,Nashpati(Pear),207,Common,0.0,5.0,10000.0,25000.0,15000.0,0.0,0.0
2025-10-08 00:00:00+05:30,323,Gaddiannaram,2,L.B Nagar,155,Donda,155,Common,0.0,167.0,2000.0,2500.0,2200.0,0.0,0.0
2025-10-08 00:00:00+05:30,324,Bowenpally,3,Bowenpally,123,Ribbed Gourd,123,Common,0.0,1449.0,1000.0,2000.0,1800.0,0.0,0.0
2025-10-07 00:00:00+05:30,303,Kalwakurthy,1340,Kalwakurthy,222,Vegetables(All),282,Common,0.0,1.0,5000.0,7000.0,6000.0,0.0,0.0
2025-10-07 00:00:00+05:30,367,Gudimalkapur,1571,Gudumalkapur,127,Kheera,127,Common,0.0,295.0,1000.0,1600.0,1200.0,0.0,0.0
2025-10-07 00:00:00+05:30,324,Bowenpally,3,Bowenpally,123,Ribbed Gourd,123,Common,0.0,875.0,1000.0,2000.0,1800.0,0.0,0.0
2025-10-07 00:00:00+05:30,323,Gaddiannaram,2,L.B Nagar,155,Donda,155,Common,0.0,102.0,2000.0,3000.0,2500.0,0.0,0.0
2025-10-06 00:00:00+05:30,367,Gudimalkapur,1571,Gudumalkapur,127,Kheera,127,Common,0.0,379.0,1000.0,1500.0,1200.0,0.0,0.0
2025-10-06 00:00:00+05:30,303,Kalwakurthy,1340,Kalwakurthy,222,Vegetables(All),282,Common,0.0,3.0,4000.0,7000.0,5500.0,0.0,0.0
2025-10-06 00:00:00+05:30,324,Bowenpally,3,Bowenpally,123,Ribbed Gourd,123,Common,0.0,963.0,1000.0,2000.0,1800.0,0.0,0.0
2025-10-06 00:00:00+05:30,323,Gaddiannaram,1,Gaddiannaram,201,Nashpati(Pear),207,Common,0.0,4.0,10000.0,25000.0,15000.0,0.0,0.0
2025-10-06 00:00:00+05:30,323,Gaddiannaram,2,L.B Nagar,155,Donda,155,Common,0.0,106.0,2000.0,3000.0,2500.0,0.0,0.0
2025-10-06 00:00:00+05:30,246,Warangal,886,Warangal,54,Chillies(Dry),250,Teja,0.0,32.0,7000.0,12500.0,10500.0,0.0,0.0
2025-10-05 00:00:00+05:30,367,Gudimalkapur,1571,Gudumalkapur,127,Kheera,127,Common,0.0,229.0,1300.0,2000.0,1500.0,0.0,0.0
2025-10-05 00:00:00+05:30,303,Kalwakurthy,1340,Kalwakurthy,222,Vegetables(All),282,Common,0.0,1.0,4500.0,7000.0,5750.0,0.0,0.0
2025-10-05 00:00:00+05:30,324,Bowenpally,3,Bowenpally,123,Ribbed Gourd,123,Common,0.0,854.0,800.0,2000.0,1600.0,0.0,0.0
2025-10-05 00:00:00+05:30,323,Gaddiannaram,2,L.B Nagar,155,Donda,155,Common,0.0,89.0,2000.0,3000.0,2500.0,0.0,0.0
2025-10-04 00:00:00+05:30,367,Gudimalkapur,1571,Gudumalkapur,127,Kheera,127,Common,0.0,335.0,1200.0,800.0,1500.0,0.0,0.0
2025-10-04 00:00:00+05:30,324,Bowenpally,3,Bowenpally,123,Ribbed Gourd,123,Common,0.0,727.0,600.0,4000.0,2500.0,0.0,0.0
2025-10-04 00:00:00+05:30,323,Gaddiannaram,2,L.B Nagar,155,Donda,155,Common,0.0,70.0,2500.0,3000.0,2700.0,0.0,0.0
2025-10-03 00:00:00+05:30,367,Gudimalkapur,1571,Gudumalkapur,127,Kheera,127,Common,0.0,160.0,1200.0,2000.0,1600.0,0.0,0.0
2025-10-04 00:00:00+05:30,323,Gaddiannaram,1,Gaddiannaram,201,Nashpati(Pear),207,Common,0.0,1.0,10000.0,25000.0,15000.0,0.0,0.0
2025-10-03 00:00:00+05:30,324,Bowenpally,3,Bowenpally,123,Ribbed Gourd,123,Common,0.0,204.0,600.0,3500.0,2800.0,0.0,0.0
2025-10-02 00:00:00+05:30,324,Bowenpally,3,Bowenpally,123,Ribbed Gourd,123,Common,0.0,288.0,600.0,4000.0,3500.0,0.0,0.0
2025-10-03 00:00:00+05:30,323,Gaddiannaram,1,Gaddiannaram,201,Nashpati(Pear),207,Common,0.0,2.0,10000.0,25000.0,15000.0,0.0,0.0
2025-10-02 00:00:00+05:30,367,Gudimalkapur,1571,Gudumalkapur,127,Kheera,127,Common,0.0,232.0,1500.0,2000.0,1700.0,0.0,0.0
2025-10-02 00:00:00+05:30,323,Gaddiannaram,2,L.B Nagar,155,Donda,155,Common,0.0,15.0,2000.0,2500.0,2200.0,0.0,0.0
2025-10-01 00:00:00+05:30,192,Jainath,26,Jainath,89,Papaya,89,Common,0.0,160.0,550.0,625.0,587.0,0.0,0.0
2025-10-01 00:00:00+05:30,367,Gudimalkapur,1571,Gudumalkapur,127,Kheera,127,Common,0.0,253.0,1500.0,2200.0,1800.0,0.0,0.0
2025-10-01 00:00:00+05:30,324,Bowenpally,3,Bowenpally,123,Ribbed Gourd,123,Common,0.0,330.0,800.0,2000.0,1600.0,0.0,0.0
2025-10-01 00:00:00+05:30,323,Gaddiannaram,1,Gaddiannaram,201,Nashpati(Pear),207,Common,0.0,38.0,10000.0,25000.0,15000.0,0.0,0.0
2025-10-01 00:00:00+05:30,323,Gaddiannaram,2,L.B Nagar,155,Donda,155,Common,0.0,40.0,2000.0,2500.0,2200.0,0.0,0.0
2025-10-31 00:00:00+05:30,303,Kalwakurthy,1340,Kalwakurthy,222,Vegetables(All),282,Common,0.0,2.0,5000.0,6500.0,5750.0,0.0,0.0
2025-10-31 00:00:00+05:30,367,Gudimalkapur,1571,Gudumalkapur,127,Kheera,127,Common,0.0,128.0,900.0,1200.0,1000.0,0.0,0.0
2025-10-31 00:00:00+05:30,323,Gaddiannaram,2,L.B Nagar,155,Donda,155,Common,0.0,68.0,2000.0,3000.0,2500.0,0.0,0.0
2025-10-31 00:00:00+05:30,324,Bowenpally,3,Bowenpally,123,Ribbed Gourd,123,Common,0.0,716.0,800.0,1800.0,1500.0,0.0,0.0
2025-10-30 00:00:00+05:30,367,Gudimalkapur,1571,Gudumalkapur,127,Kheera,127,Common,0.0,184.0,800.0,1200.0,1000.0,0.0,0.0
2025-10-30 00:00:00+05:30,303,Kalwakurthy,1340,Kalwakurthy,222,Vegetables(All),282,Common,0.0,1.0,5500.0,6000.0,5750.0,0.0,0.0
2025-10-31 00:00:00+05:30,323,Gaddiannaram,1,Gaddiannaram,201,Nashpati(Pear),207,Common,0.0,10.0,10000.0,25000.0,15000.0,0.0,0.0
2025-10-30 00:00:00+05:30,324,Bowenpally,3,Bowenpally,123,Ribbed Gourd,123,Common,0.0,808.0,800.0,1800.0,1500.0,0.0,0.0
2025-10-30 00:00:00+05:30,323,Gaddiannaram,1,Gaddiannaram,201,Nashpati(Pear),207,Common,0.0,1.0,10000.0,25000.0,15000.0,0.0,0.0
2025-10-29 00:00:00+05:30,367,Gudimalkapur,1571,Gudumalkapur,127,Kheera,127,Common,0.0,283.0,900.0,1500.0,1100.0,0.0,0.0
2025-10-30 00:00:00+05:30,323,Gaddiannaram,2,L.B Nagar,155,Donda,155,Common,0.0,25.0,3000.0,3500.0,3200.0,0.0,0.0
2025-10-29 00:00:00+05:30,246,Warangal,886,Warangal,54,Chillies(Dry),250,Teja,0.0,11.0,11500.0,12500.0,12000.0,0.0,0.0
2025-10-29 00:00:00+05:30,324,Bowenpally,3,Bowenpally,123,Ribbed Gourd,123,Common,0.0,963.0,800.0,1800.0,1500.0,0.0,0.0
2025-10-28 00:00:00+05:30,367,Gudimalkapur,1571,Gudumalkapur,127,Kheera,127,Common,0.0,260.0,600.0,1200.0,900.0,0.0,0.0
2025-10-29 00:00:00+05:30,323,Gaddiannaram,2,L.B Nagar,155,Donda,155,Common,0.0,70.0,2000.0,3000.0,2500.0,0.0,0.0
2025-10-28 00:00:00+05:30,246,Warangal,886,Warangal,54,Chillies(Dry),250,Teja,0.0,65.0,8000.0,13800.0,11300.0,0.0,0.0
2025-10-28 00:00:00+05:30,303,Kalwakurthy,1340,Kalwakurthy,222,Vegetables(All),282,Common,0.0,2.0,5000.0,7000.0,6000.0,0.0,0.0
2025-10-01 00:00:00+05:30,323,Gaddiannaram,2,L.B Nagar,198,Arati-Green Plantain,203,Common,0.0,2.0,2000.0,3000.0,2500.0,0.0,0.0
2025-10-01 00:00:00+05:30,323,Gaddiannaram,1,Gaddiannaram,202,Plum(Aloobukara),206,Common,0.0,3.0,15000.0,25000.0,20000.0,0.0,0.0
2025-10-01 00:00:00+05:30,324,Bowenpally,3,Bowenpally,125,Bitter Gourd,125,Common,0.0,941.0,600.0,2600.0,2000.0,0.0,0.0
2025-10-01 00:00:00+05:30,367,Gudimalkapur,1571,Gudumalkapur,128,Pumpkin,128,Common,0.0,247.0,1000.0,1200.0,1100.0,0.0,0.0
2025-10-02 00:00:00+05:30,323,Gaddiannaram,2,L.B Nagar,198,Arati-Green Plantain,203,Common,0.0,2.0,2000.0,3000.0,2500.0,0.0,0.0
2025-10-02 00:00:00+05:30,367,Gudimalkapur,1571,Gudumalkapur,128,Pumpkin,128,Common,0.0,18.0,1300.0,1800.0,1500.0,0.0,0.0
2025-10-03 00:00:00+05:30,323,Gaddiannaram,1,Gaddiannaram,202,Plum(Aloobukara),206,Common,0.0,1.0,15000.0,25000.0,20000.0,0.0,0.0
2025-10-02 00:00:00+05:30,324,Bowenpally,3,Bowenpally,125,Bitter Gourd,125,Common,0.0,301.0,600.0,2300.0,1800.0,0.0,0.0
2025-10-01 00:00:00+05:30,331,Vantimamidi,1612,Vantimamidi,127,Kheera,127,Common,0.0,6.0,1500.0,1800.0,1650.0,0.0,0.0
2025-10-03 00:00:00+05:30,324,Bowenpally,3,Bowenpally,125,Bitter Gourd,125,Common,0.0,374.0,600.0,2700.0,2000.0,0.0,0.0
2025-10-03 00:00:00+05:30,331,Vantimamidi,1612,Vantimamidi,127,Kheera,127,Common,0.0,15.0,600.0,1000.0,800.0,0.0,0.0
2025-10-04 00:00:00+05:30,323,Gaddiannaram,2,L.B Nagar,198,Arati-Green Plantain,203,Common,0.0,18.0,3000.0,4000.0,3500.0,0.0,0.0
2025-10-04 00:00:00+05:30,324,Bowenpally,3,Bowenpally,125,Bitter Gourd,125,Common,0.0,1105.0,600.0,2700.0,1500.0,0.0,0.0
2025-10-04 00:00:00+05:30,367,Gudimalkapur,1571,Gudumalkapur,128,Pumpkin,128,Common,0.0,35.0,1200.0,1800.0,1400.0,0.0,0.0
2025-10-05 00:00:00+05:30,323,Gaddiannaram,2,L.B Nagar,198,Arati-Green Plantain,203,Common,0.0,17.0,3000.0,4000.0,3500.0,0.0,0.0
2025-10-04 00:00:00+05:30,331,Vantimamidi,1612,Vantimamidi,127,Kheera,127,Common,0.0,5.0,500.0,800.0,650.0,0.0,0.0
2025-10-05 00:00:00+05:30,324,Bowenpally,3,Bowenpally,125,Bitter Gourd,125,Common,0.0,940.0,600.0,2700.0,2000.0,0.0,0.0
2025-10-05 00:00:00+05:30,367,Gudimalkapur,1571,Gudumalkapur,128,Pumpkin,128,Common,0.0,15.0,1000.0,1400.0,1200.0,0.0,0.0
2025-10-05 00:00:00+05:30,331,Vantimamidi,1612,Vantimamidi,127,Kheera,127,Common,0.0,9.0,600.0,1200.0,900.0,0.0,0.0
2025-10-06 00:00:00+05:30,323,Gaddiannaram,2,L.B Nagar,198,Arati-Green Plantain,203,Common,0.0,30.0,3000.0,3500.0,3200.0,0.0,0.0
2025-10-06 00:00:00+05:30,323,Gaddiannaram,1,Gaddiannaram,202,Plum(Aloobukara),206,Common,0.0,3.0,12500.0,25000.0,17500.0,0.0,0.0
2025-10-06 00:00:00+05:30,324,Bowenpally,3,Bowenpally,125,Bitter Gourd,125,Common,0.0,689.0,1000.0,2600.0,2200.0,0.0,0.0
2025-10-06 00:00:00+05:30,367,Gudimalkapur,1571,Gudumalkapur,128,Pumpkin,128,Common,0.0,45.0,1000.0,1400.0,1200.0,0.0,0.0
2025-10-07 00:00:00+05:30,323,Gaddiannaram,2,L.B Nagar,198,Arati-Green Plantain,203,Common,0.0,15.0,2500.0,3500.0,3000.0,0.0,0.0
2025-10-06 00:00:00+05:30,331,Vantimamidi,1612,Vantimamidi,127,Kheera,127,Common,0.0,17.0,500.0,1000.0,750.0,0.0,0.0
2025-10-07 00:00:00+05:30,324,Bowenpally,3,Bowenpally,125,Bitter Gourd,125,Common,0.0,1132.0,1000.0,3000.0,2500.0,0.0,0.0
2025-10-07 00:00:00+05:30,246,Warangal,886,Warangal,54,Chillies(Dry),251,Wonderhot,0.0,101.0,8800.0,14400.0,13800.0,0.0,0.0
2025-10-07 00:00:00+05:30,367,Gudimalkapur,1571,Gudumalkapur,128,Pumpkin,128,Common,0.0,55.0,800.0,1100.0,1000.0,0.0,0.0
2025-10-07 00:00:00+05:30,331,Vantimamidi,1612,Vantimamidi,127,Kheera,127,Common,0.0,16.0,500.0,800.0,650.0,0.0,0.0
2025-10-08 00:00:00+05:30,324,Bowenpally,3,Bowenpally,125,Bitter Gourd,125,Common,0.0,905.0,1000.0,3300.0,2500.0,0.0,0.0
2025-10-08 00:00:00+05:30,323,Gaddiannaram,2,L.B Nagar,198,Arati-Green Plantain,203,Common,0.0,21.0,3000.0,3500.0,3200.0,0.0,0.0
2025-10-08 00:00:00+05:30,246,Warangal,886,Warangal,54,Chillies(Dry),251,Wonderhot,0.0,82.0,7000.0,13800.0,11500.0,0.0,0.0
2025-10-08 00:00:00+05:30,367,Gudimalkapur,1571,Gudumalkapur,128,Pumpkin,128,Common,0.0,14.0,1800.0,1800.0,1800.0,0.0,0.0
2025-10-09 00:00:00+05:30,323,Gaddiannaram,2,L.B Nagar,198,Arati-Green Plantain,203,Common,0.0,24.0,3000.0,3500.0,3200.0,0.0,0.0
2025-10-08 00:00:00+05:30,331,Vantimamidi,1612,Vantimamidi,127,Kheera,127,Common,0.0,14.0,400.0,1000.0,700.0,0.0,0.0
2025-10-09 00:00:00+05:30,324,Bowenpally,3,Bowenpally,125,Bitter Gourd,125,Common,0.0,838.0,1000.0,3300.0,2600.0,0.0,0.0
2025-10-09 00:00:00+05:30,246,Warangal,886,Warangal,54,Chillies(Dry),251,Wonderhot,0.0,34.0,8500.0,14000.0,9500.0,0.0,0.0
2025-10-09 00:00:00+05:30,367,Gudimalkapur,1571,Gudumalkapur,128,Pumpkin,128,Common,0.0,11.0,1000.0,1200.0,1100.0,0.0,0.0
2025-10-10 00:00:00+05:30,246,Warangal,886,Warangal,54,Chillies(Dry),251,Wonderhot,0.0,105.0,8000.0,14000.0,13000.0,0.0,0.0
2025-10-10 00:00:00+05:30,323,Gaddiannaram,2,L.B Nagar,198,Arati-Green Plantain,203,Common,0.0,20.0,2500.0,3500.0,3000.0,0.0,0.0
2025-10-10 00:00:00+05:30,323,Gaddiannaram,1,Gaddiannaram,202,Plum(Aloobukara),206,Common,0.0,8.0,10000.0,30000.0,15000.0,0.0,0.0
2025-10-09 00:00:00+05:30,331,Vantimamidi,1612,Vantimamidi,127,Kheera,127,Common,0.0,20.0,500.0,1200.0,850.0,0.0,0.0
2025-10-10 00:00:00+05:30,324,Bowenpally,3,Bowenpally,125,Bitter Gourd,125,Common,0.0,841.0,1000.0,3300.0,2600.0,0.0,0.0
2025-10-10 00:00:00+05:30,367,Gudimalkapur,1571,Gudumalkapur,128,Pumpkin,128,Common,0.0,71.0,1000.0,1600.0,1300.0,0.0,0.0
2025-10-11 00:00:00+05:30,323,Gaddiannaram,2,L.B Nagar,198,Arati-Green Plantain,203,Common,0.0,17.0,2500.0,35000.0,3000.0,0.0,0.0
2025-10-11 00:00:00+05:30,323,Gaddiannaram,1,Gaddiannaram,202,Plum(Aloobukara),206,Common,0.0,1.0,10000.0,30000.0,15000.0,0.0,0.0
2025-10-10 00:00:00+05:30,331,Vantimamidi,1612,Vantimamidi,127,Kheera,127,Common,0.0,10.0,1500.0,1600.0,1550.0,0.0,0.0
2025-10-11 00:00:00+05:30,324,Bowenpally,3,Bowenpally,125,Bitter Gourd,125,Common,0.0,1323.0,1000.0,3300.0,2600.0,0.0,0.0
2025-10-12 00:00:00+05:30,324,Bowenpally,3,Bowenpally,125,Bitter Gourd,125,Common,0.0,857.0,1000.0,3300.0,2500.0,0.0,0.0
2025-10-12 00:00:00+05:30,323,Gaddiannaram,2,L.B Nagar,198,Arati-Green Plantain,203,Common,0.0,18.0,2500.0,3500.0,3000.0,0.0,0.0
2025-10-11 00:00:00+05:30,331,Vantimamidi,1612,Vantimamidi,127,Kheera,127,Common,0.0,19.0,400.0,800.0,600.0,0.0,0.0
2025-10-11 00:00:00+05:30,367,Gudimalkapur,1571,Gudumalkapur,128,Pumpkin,128,Common,0.0,9.0,1000.0,1400.0,1200.0,0.0,0.0
2025-10-13 00:00:00+05:30,323,Gaddiannaram,1,Gaddiannaram,202,Plum(Aloobukara),206,Common,0.0,6.0,10000.0,25000.0,15000.0,0.0,0.0
2025-10-12 00:00:00+05:30,331,Vantimamidi,1612,Vantimamidi,127,Kheera,127,Common,0.0,15.0,500.0,800.0,650.0,0.0,0.0
2025-10-13 00:00:00+05:30,323,Gaddiannaram,2,L.B Nagar,198,Arati-Green Plantain,203,Common,0.0,21.0,2500.0,3500.0,3000.0,0.0,0.0
2025-10-13 00:00:00+05:30,324,Bowenpally,3,Bowenpally,125,Bitter Gourd,125,Common,0.0,856.0,600.0,2700.0,2000.0,0.0,0.0
2025-10-13 00:00:00+05:30,246,Warangal,886,Warangal,54,Chillies(Dry),251,Wonderhot,0.0,101.0,10500.0,14000.0,12000.0,0.0,0.0
2025-10-13 00:00:00+05:30,367,Gudimalkapur,1571,Gudumalkapur,128,Pumpkin,128,Common,0.0,22.0,900.0,1200.0,1000.0,0.0,0.0
2025-10-14 00:00:00+05:30,324,Bowenpally,3,Bowenpally,125,Bitter Gourd,125,Common,0.0,675.0,600.0,4000.0,3000.0,0.0,0.0
2025-10-14 00:00:00+05:30,323,Gaddiannaram,2,L.B Nagar,198,Arati-Green Plantain,203,Common,0.0,20.0,2500.0,3500.0,3000.0,0.0,0.0
2025-10-13 00:00:00+05:30,331,Vantimamidi,1612,Vantimamidi,127,Kheera,127,Common,0.0,13.0,500.0,1000.0,750.0,0.0,0.0
2025-10-14 00:00:00+05:30,246,Warangal,886,Warangal,54,Chillies(Dry),251,Wonderhot,0.0,70.0,9000.0,13500.0,10500.0,0.0,0.0
2025-10-14 00:00:00+05:30,331,Vantimamidi,1612,Vantimamidi,127,Kheera,127,Common,0.0,23.0,600.0,1000.0,800.0,0.0,0.0
2025-10-14 00:00:00+05:30,367,Gudimalkapur,1571,Gudumalkapur,128,Pumpkin,128,Common,0.0,4.0,800.0,800.0,800.0,0.0,0.0
2025-10-15 00:00:00+05:30,246,Warangal,886,Warangal,54,Chillies(Dry),251,Wonderhot,0.0,122.0,8800.0,15000.0,13000.0,0.0,0.0
2025-10-15 00:00:00+05:30,323,Gaddiannaram,2,L.B Nagar,198,Arati-Green Plantain,203,Common,0.0,21.0,2500.0,3500.0,3000.0,0.0,0.0
2025-10-15 00:00:00+05:30,324,Bowenpally,3,Bowenpally,125,Bitter Gourd,125,Common,0.0,1638.0,600.0,2700.0,21000.0,0.0,0.0
2025-10-16 00:00:00+05:30,323,Gaddiannaram,2,L.B Nagar,198,Arati-Green Plantain,203,Common,0.0,16.0,2500.0,3500.0,3000.0,0.0,0.0
2025-10-16 00:00:00+05:30,323,Gaddiannaram,1,Gaddiannaram,202,Plum(Aloobukara),206,Common,0.0,2.0,10000.0,30000.0,15000.0,0.0,0.0
2025-10-15 00:00:00+05:30,331,Vantimamidi,1612,Vantimamidi,127,Kheera,127,Common,0.0,19.0,500.0,1000.0,750.0,0.0,0.0
2025-10-15 00:00:00+05:30,367,Gudimalkapur,1571,Gudumalkapur,128,Pumpkin,128,Common,0.0,92.0,1000.0,1400.0,1200.0,0.0,0.0
2025-10-16 00:00:00+05:30,246,Warangal,886,Warangal,54,Chillies(Dry),251,Wonderhot,0.0,48.0,8800.0,14500.0,13000.0,0.0,0.0
2025-10-16 00:00:00+05:30,324,Bowenpally,3,Bowenpally,125,Bitter Gourd,125,Common,0.0,1119.0,500.0,2600.0,2000.0,0.0,0.0
2025-10-17 00:00:00+05:30,324,Bowenpally,3,Bowenpally,125,Bitter Gourd,125,Common,0.0,615.0,500.0,2600.0,2000.0,0.0,0.0
2025-10-17 00:00:00+05:30,323,Gaddiannaram,1,Gaddiannaram,202,Plum(Aloobukara),206,Common,0.0,10.0,10000.0,30000.0,15000.0,0.0,0.0
2025-10-16 00:00:00+05:30,331,Vantimamidi,1612,Vantimamidi,127,Kheera,127,Common,0.0,11.0,600.0,1200.0,900.0,0.0,0.0
2025-10-16 00:00:00+05:30,367,Gudimalkapur,1571,Gudumalkapur,128,Pumpkin,128,Common,0.0,194.0,1000.0,1600.0,1200.0,0.0,0.0
2025-10-17 00:00:00+05:30,246,Warangal,886,Warangal,54,Chillies(Dry),251,Wonderhot,0.0,111.0,8500.0,13500.0,10600.0,0.0,0.0
2025-10-17 00:00:00+05:30,323,Gaddiannaram,2,L.B Nagar,198,Arati-Green Plantain,203,Common,0.0,16.0,2500.0,3500.0,3000.0,0.0,0.0
2025-10-17 00:00:00+05:30,331,Vantimamidi,1612,Vantimamidi,127,Kheera,127,Common,0.0,8.0,800.0,1400.0,1100.0,0.0,0.0
2025-10-17 00:00:00+05:30,367,Gudimalkapur,1571,Gudumalkapur,128,Pumpkin,128,Common,0.0,243.0,1000.0,1600.0,1200.0,0.0,0.0
2025-10-18 00:00:00+05:30,324,Bowenpally,3,Bowenpally,125,Bitter Gourd,125,Common,0.0,929.0,600.0,2600.0,2200.0,0.0,0.0
2025-10-18 00:00:00+05:30,323,Gaddiannaram,2,L.B Nagar,198,Arati-Green Plantain,203,Common,0.0,15.0,2500.0,3500.0,3000.0,0.0,0.0
2025-10-18 00:00:00+05:30,367,Gudimalkapur,1571,Gudumalkapur,128,Pumpkin,128,Common,0.0,217.0,1000.0,1600.0,1200.0,0.0,0.0
2025-10-18 00:00:00+05:30,331,Vantimamidi,1612,Vantimamidi,127,Kheera,127,Common,0.0,71.0,800.0,1400.0,1100.0,0.0,0.0
2025-10-19 00:00:00+05:30,323,Gaddiannaram,2,L.B Nagar,198,Arati-Green Plantain,203,Common,0.0,20.0,2500.0,3500.0,3000.0,0.0,0.0
2025-10-19 00:00:00+05:30,324,Bowenpally,3,Bowenpally,125,Bitter Gourd,125,Common,0.0,928.0,500.0,2600.0,2000.0,0.0,0.0
2025-10-19 00:00:00+05:30,367,Gudimalkapur,1571,Gudumalkapur,128,Pumpkin,128,Common,0.0,100.0,1000.0,1600.0,1300.0,0.0,0.0
2025-10-19 00:00:00+05:30,331,Vantimamidi,1612,Vantimamidi,127,Kheera,127,Common,0.0,10.0,900.0,1400.0,1150.0,0.0,0.0
2025-10-20 00:00:00+05:30,323,Gaddiannaram,2,L.B Nagar,198,Arati-Green Plantain,203,Common,0.0,20.0,2500.0,3500.0,3000.0,0.0,0.0
2025-10-20 00:00:00+05:30,324,Bowenpally,3,Bowenpally,125,Bitter Gourd,125,Common,0.0,745.0,600.0,3300.0,2800.0,0.0,0.0
2025-10-20 00:00:00+05:30,367,Gudimalkapur,1571,Gudumalkapur,128,Pumpkin,128,Common,0.0,30.0,1000.0,1600.0,1200.0,0.0,0.0
2025-10-21 00:00:00+05:30,323,Gaddiannaram,1,Gaddiannaram,202,Plum(Aloobukara),206,Common,0.0,1.0,10000.0,30000.0,15000.0,0.0,0.0
2025-10-21 00:00:00+05:30,331,Vantimamidi,1612,Vantimamidi,127,Kheera,127,Common,0.0,72.0,600.0,1000.0,800.0,0.0,0.0
2025-10-22 00:00:00+05:30,324,Bowenpally,3,Bowenpally,125,Bitter Gourd,125,Common,0.0,1228.0,600.0,3300.0,2400.0,0.0,0.0
2025-10-22 00:00:00+05:30,323,Gaddiannaram,2,L.B Nagar,198,Arati-Green Plantain,203,Common,0.0,18.0,2000.0,3000.0,2500.0,0.0,0.0
2025-10-22 00:00:00+05:30,323,Gaddiannaram,1,Gaddiannaram,202,Plum(Aloobukara),206,Common,0.0,1.0,10000.0,30000.0,15000.0,0.0,0.0
2025-10-22 00:00:00+05:30,246,Warangal,886,Warangal,54,Chillies(Dry),251,Wonderhot,0.0,23.0,8500.0,15000.0,13000.0,0.0,0.0
2025-10-23 00:00:00+05:30,323,Gaddiannaram,2,L.B Nagar,198,Arati-Green Plantain,203,Common,0.0,22.0,2500.0,3000.0,2700.0,0.0,0.0
2025-10-22 00:00:00+05:30,331,Vantimamidi,1612,Vantimamidi,127,Kheera,127,Common,0.0,48.0,400.0,800.0,600.0,0.0,0.0
2025-10-22 00:00:00+05:30,367,Gudimalkapur,1571,Gudumalkapur,128,Pumpkin,128,Common,0.0,30.0,1000.0,1600.0,1200.0,0.0,0.0
2025-10-23 00:00:00+05:30,246,Warangal,886,Warangal,54,Chillies(Dry),251,Wonderhot,0.0,28.0,7000.0,13500.0,10000.0,0.0,0.0
2025-10-23 00:00:00+05:30,324,Bowenpally,3,Bowenpally,125,Bitter Gourd,125,Common,0.0,1228.0,600.0,3300.0,2400.0,0.0,0.0
2025-10-24 00:00:00+05:30,246,Warangal,886,Warangal,54,Chillies(Dry),251,Wonderhot,0.0,61.0,8000.0,13000.0,10500.0,0.0,0.0
2025-10-24 00:00:00+05:30,323,Gaddiannaram,2,L.B Nagar,198,Arati-Green Plantain,203,Common,0.0,18.0,2000.0,3000.0,2500.0,0.0,0.0
2025-10-23 00:00:00+05:30,367,Gudimalkapur,1571,Gudumalkapur,128,Pumpkin,128,Common,0.0,7.0,1000.0,2000.0,1600.0,0.0,0.0
2025-10-24 00:00:00+05:30,323,Gaddiannaram,1,Gaddiannaram,202,Plum(Aloobukara),206,Common,0.0,2.0,10000.0,30000.0,15000.0,0.0,0.0
2025-10-23 00:00:00+05:30,331,Vantimamidi,1612,Vantimamidi,127,Kheera,127,Common,0.0,29.0,500.0,1200.0,850.0,0.0,0.0
2025-10-24 00:00:00+05:30,324,Bowenpally,3,Bowenpally,125,Bitter Gourd,125,Common,0.0,1013.0,1000.0,3000.0,2500.0,0.0,0.0
2025-10-24 00:00:00+05:30,331,Vantimamidi,1612,Vantimamidi,127,Kheera,127,Common,0.0,36.0,400.0,1000.0,700.0,0.0,0.0
2025-10-24 00:00:00+05:30,367,Gudimalkapur,1571,Gudumalkapur,128,Pumpkin,128,Common,0.0,15.0,1000.0,1600.0,1200.0,0.0,0.0
2025-10-25 00:00:00+05:30,324,Bowenpally,3,Bowenpally,125,Bitter Gourd,125,Common,0.0,885.0,1000.0,3300.0,2500.0,0.0,0.0
2025-10-25 00:00:00+05:30,323,Gaddiannaram,2,L.B Nagar,198,Arati-Green Plantain,203,Common,0.0,20.0,2000.0,3000.0,2500.0,0.0,0.0
2025-10-25 00:00:00+05:30,367,Gudimalkapur,1571,Gudumalkapur,128,Pumpkin,128,Common,0.0,20.0,1500.0,2000.0,1500.0,0.0,0.0
2025-10-25 00:00:00+05:30,331,Vantimamidi,1612,Vantimamidi,127,Kheera,127,Common,0.0,41.0,400.0,800.0,600.0,0.0,0.0
2025-10-26 00:00:00+05:30,324,Bowenpally,3,Bowenpally,125,Bitter Gourd,125,Common,0.0,310.0,1000.0,3300.0,2500.0,0.0,0.0
2025-10-26 00:00:00+05:30,323,Gaddiannaram,2,L.B Nagar,198,Arati-Green Plantain,203,Common,0.0,19.0,2500.0,3000.0,2700.0,0.0,0.0
2025-10-26 00:00:00+05:30,367,Gudimalkapur,1571,Gudumalkapur,128,Pumpkin,128,Common,0.0,5.0,1600.0,2000.0,1800.0,0.0,0.0
2025-10-26 00:00:00+05:30,323,Gaddiannaram,1,Gaddiannaram,202,Plum(Aloobukara),206,Common,0.0,1.0,12500.0,30000.0,15000.0,0.0,0.0
2025-10-27 00:00:00+05:30,323,Gaddiannaram,2,L.B Nagar,198,Arati-Green Plantain,203,Common,0.0,23.0,2500.0,3000.0,2700.0,0.0,0.0
2025-10-27 00:00:00+05:30,323,Gaddiannaram,1,Gaddiannaram,202,Plum(Aloobukara),206,Common,0.0,4.0,10000.0,35000.0,15000.0,0.0,0.0
2025-10-27 00:00:00+05:30,324,Bowenpally,3,Bowenpally,125,Bitter Gourd,125,Common,0.0,1016.0,600.0,3300.0,2400.0,0.0,0.0
2025-10-27 00:00:00+05:30,246,Warangal,886,Warangal,54,Chillies(Dry),251,Wonderhot,0.0,128.0,8000.0,14400.0,11000.0,0.0,0.0
2025-10-26 00:00:00+05:30,331,Vantimamidi,1612,Vantimamidi,127,Kheera,127,Common,0.0,37.0,500.0,1200.0,850.0,0.0,0.0
2025-10-27 00:00:00+05:30,367,Gudimalkapur,1571,Gudumalkapur,128,Pumpkin,128,Common,0.0,24.0,1400.0,1800.0,1600.0,0.0,0.0
2025-10-28 00:00:00+05:30,323,Gaddiannaram,2,L.B Nagar,198,Arati-Green Plantain,203,Common,0.0,25.0,2500.0,3000.0,2700.0,0.0,0.0
2025-10-28 00:00:00+05:30,323,Gaddiannaram,1,Gaddiannaram,202,Plum(Aloobukara),206,Common,0.0,4.0,12500.0,35000.0,17500.0,0.0,0.0
2025-10-28 00:00:00+05:30,324,Bowenpally,3,Bowenpally,125,Bitter Gourd,125,Common,0.0,1227.0,600.0,3300.0,2200.0,0.0,0.0
2025-10-27 00:00:00+05:30,331,Vantimamidi,1612,Vantimamidi,127,Kheera,127,Common,0.0,51.0,500.0,1200.0,850.0,0.0,0.0
2025-10-28 00:00:00+05:30,246,Warangal,886,Warangal,54,Chillies(Dry),251,Wonderhot,0.0,107.0,8000.0,14000.0,12000.0,0.0,0.0
2025-10-29 00:00:00+05:30,323,Gaddiannaram,2,L.B Nagar,198,Arati-Green Plantain,203,Common,0.0,17.0,2500.0,3500.0,3000.0,0.0,0.0
2025-10-28 00:00:00+05:30,331,Vantimamidi,1612,Vantimamidi,127,Kheera,127,Common,0.0,21.0,500.0,1000.0,750.0,0.0,0.0
2025-10-28 00:00:00+05:30,367,Gudimalkapur,1571,Gudumalkapur,128,Pumpkin,128,Common,0.0,96.0,1300.0,1500.0,1400.0,0.0,0.0
2025-10-29 00:00:00+05:30,324,Bowenpally,3,Bowenpally,125,Bitter Gourd,125,Common,0.0,721.0,600.0,3000.0,2400.0,0.0,0.0
2025-10-29 00:00:00+05:30,323,Gaddiannaram,1,Gaddiannaram,202,Plum(Aloobukara),206,Common,0.0,1.0,12500.0,35000.0,17500.0,0.0,0.0
2025-10-29 00:00:00+05:30,246,Warangal,886,Warangal,54,Chillies(Dry),251,Wonderhot,0.0,96.0,7000.0,14500.0,11000.0,0.0,0.0
2025-10-30 00:00:00+05:30,323,Gaddiannaram,2,L.B Nagar,198,Arati-Green Plantain,203,Common,0.0,16.0,3000.0,3500.0,3200.0,0.0,0.0
2025-10-29 00:00:00+05:30,331,Vantimamidi,1612,Vantimamidi,127,Kheera,127,Common,0.0,7.0,500.0,1000.0,750.0,0.0,0.0
2025-10-29 00:00:00+05:30,367,Gudimalkapur,1571,Gudumalkapur,128,Pumpkin,128,Common,0.0,10.0,1500.0,2500.0,2000.0,0.0,0.0
2025-10-30 00:00:00+05:30,323,Gaddiannaram,1,Gaddiannaram,202,Plum(Aloobukara),206,Common,0.0,2.0,12500.0,35000.0,17500.0,0.0,0.0
2025-10-30 00:00:00+05:30,324,Bowenpally,3,Bowenpally,125,Bitter Gourd,125,Common,0.0,306.0,600.0,3000.0,2400.0,0.0,0.0
2025-10-31 00:00:00+05:30,323,Gaddiannaram,1,Gaddiannaram,202,Plum(Aloobukara),206,Common,0.0,2.0,12500.0,35000.0,17500.0,0.0,0.0
2025-10-30 00:00:00+05:30,331,Vantimamidi,1612,Vantimamidi,127,Kheera,127,Common,0.0,41.0,500.0,1000.0,750.0,0.0,0.0
2025-10-30 00:00:00+05:30,367,Gudimalkapur,1571,Gudumalkapur,128,Pumpkin,128,Common,0.0,5.0,2000.0,2000.0,2000.0,0.0,0.0
2025-10-31 00:00:00+05:30,324,Bowenpally,3,Bowenpally,125,Bitter Gourd,125,Common,0.0,972.0,600.0,3300.0,2200.0,0.0,0.0
2025-10-31 00:00:00+05:30,323,Gaddiannaram,2,L.B Nagar,198,Arati-Green Plantain,203,Common,0.0,35.0,2000.0,3000.0,2500.0,0.0,0.0
2025-10-31 00:00:00+05:30,367,Gudimalkapur,1571,Gudumalkapur,128,Pumpkin,128,Common,0.0,40.0,1000.0,1500.0,1200.0,0.0,0.0
2025-10-31 00:00:00+05:30,331,Vantimamidi,1612,Vantimamidi,127,Kheera,127,Common,0.0,12.0,500.0,1000.0,750.0,0.0,0.0
2025-10-28 00:00:00+05:30,324,Bowenpally,3,Bowenpally,127,Kheera,127,Common,0.0,1219.0,600.0,1500.0,1200.0,0.0,0.0
2025-10-28 00:00:00+05:30,323,Gaddiannaram,2,L.B Nagar,199,Capsicum,204,Common,0.0,21.0,3000.0,5000.0,4000.0,0.0,0.0
2025-10-27 00:00:00+05:30,367,Gudimalkapur,1571,Gudumalkapur,129,Cucumber,129,Common,0.0,62.0,1100.0,1500.0,1300.0,0.0,0.0
2025-10-27 00:00:00+05:30,246,Warangal,886,Warangal,54,Chillies(Dry),252,US-341,0.0,197.0,8500.0,14500.0,12000.0,0.0,0.0
2025-10-27 00:00:00+05:30,324,Bowenpally,3,Bowenpally,127,Kheera,127,Common,0.0,1271.0,500.0,1500.0,1200.0,0.0,0.0
2025-10-27 00:00:00+05:30,323,Gaddiannaram,2,L.B Nagar,199,Capsicum,204,Common,0.0,19.0,3000.0,5000.0,4000.0,0.0,0.0
2025-10-26 00:00:00+05:30,367,Gudimalkapur,1571,Gudumalkapur,129,Cucumber,129,Common,0.0,117.0,900.0,1500.0,1300.0,0.0,0.0
2025-10-26 00:00:00+05:30,323,Gaddiannaram,2,L.B Nagar,199,Capsicum,204,Common,0.0,16.0,3000.0,5000.0,4000.0,0.0,0.0
2025-10-26 00:00:00+05:30,324,Bowenpally,3,Bowenpally,127,Kheera,127,Common,0.0,621.0,500.0,1500.0,1200.0,0.0,0.0
2025-10-25 00:00:00+05:30,367,Gudimalkapur,1571,Gudumalkapur,129,Cucumber,129,Common,0.0,39.0,900.0,1200.0,1000.0,0.0,0.0
2025-10-25 00:00:00+05:30,289,Sadasivpet,1200,Sadasivapet,75,Soyabean,213,White,0.0,29.0,3900.0,4062.0,4062.0,0.0,0.0
2025-10-25 00:00:00+05:30,323,Gaddiannaram,2,L.B Nagar,199,Capsicum,204,Common,0.0,15.0,4000.0,6000.0,5000.0,0.0,0.0
2025-10-25 00:00:00+05:30,324,Bowenpally,3,Bowenpally,127,Kheera,127,Common,0.0,1797.0,500.0,2000.0,1600.0,0.0,0.0
2025-10-24 00:00:00+05:30,367,Gudimalkapur,1571,Gudumalkapur,129,Cucumber,129,Common,0.0,6.0,1300.0,2000.0,1500.0,0.0,0.0
2025-10-24 00:00:00+05:30,324,Bowenpally,3,Bowenpally,127,Kheera,127,Common,0.0,2153.0,500.0,2000.0,1600.0,0.0,0.0
2025-10-23 00:00:00+05:30,367,Gudimalkapur,1571,Gudumalkapur,129,Cucumber,129,Common,0.0,13.0,1500.0,2000.0,1800.0,0.0,0.0
2025-10-24 00:00:00+05:30,323,Gaddiannaram,2,L.B Nagar,199,Capsicum,204,Common,0.0,13.0,4000.0,5000.0,4500.0,0.0,0.0
2025-10-24 00:00:00+05:30,246,Warangal,886,Warangal,54,Chillies(Dry),252,US-341,0.0,47.0,8000.0,12000.0,10500.0,0.0,0.0
2025-10-23 00:00:00+05:30,324,Bowenpally,3,Bowenpally,127,Kheera,127,Common,0.0,1614.0,600.0,2000.0,1600.0,0.0,0.0
2025-10-23 00:00:00+05:30,246,Warangal,886,Warangal,54,Chillies(Dry),252,US-341,0.0,61.0,8300.0,13000.0,11000.0,0.0,0.0
2025-10-22 00:00:00+05:30,367,Gudimalkapur,1571,Gudumalkapur,129,Cucumber,129,Common,0.0,87.0,800.0,1200.0,1000.0,0.0,0.0
2025-10-23 00:00:00+05:30,323,Gaddiannaram,2,L.B Nagar,199,Capsicum,204,Common,0.0,5.0,3500.0,4500.0,4000.0,0.0,0.0
2025-10-22 00:00:00+05:30,246,Warangal,886,Warangal,54,Chillies(Dry),252,US-341,0.0,12.0,8000.0,10500.0,9000.0,0.0,0.0
2025-10-22 00:00:00+05:30,323,Gaddiannaram,2,L.B Nagar,199,Capsicum,204,Common,0.0,7.0,3500.0,4500.0,4000.0,0.0,0.0
2025-10-22 00:00:00+05:30,324,Bowenpally,3,Bowenpally,127,Kheera,127,Common,0.0,1614.0,600.0,2000.0,1600.0,0.0,0.0
2025-10-20 00:00:00+05:30,367,Gudimalkapur,1571,Gudumalkapur,129,Cucumber,129,Common,0.0,74.0,800.0,1200.0,1000.0,0.0,0.0
2025-10-20 00:00:00+05:30,324,Bowenpally,3,Bowenpally,127,Kheera,127,Common,0.0,2008.0,500.0,2000.0,1600.0,0.0,0.0
2025-10-20 00:00:00+05:30,323,Gaddiannaram,2,L.B Nagar,199,Capsicum,204,Common,0.0,6.0,3000.0,4000.0,3500.0,0.0,0.0
2025-10-19 00:00:00+05:30,331,Vantimamidi,1612,Vantimamidi,128,Pumpkin,128,Common,0.0,12.0,800.0,1200.0,1000.0,0.0,0.0
2025-10-19 00:00:00+05:30,367,Gudimalkapur,1571,Gudumalkapur,129,Cucumber,129,Common,0.0,73.0,800.0,1000.0,900.0,0.0,0.0
2025-10-19 00:00:00+05:30,324,Bowenpally,3,Bowenpally,127,Kheera,127,Common,0.0,1905.0,500.0,2000.0,1500.0,0.0,0.0
2025-10-19 00:00:00+05:30,323,Gaddiannaram,2,L.B Nagar,199,Capsicum,204,Common,0.0,11.0,3000.0,4000.0,3500.0,0.0,0.0
2025-10-18 00:00:00+05:30,331,Vantimamidi,1612,Vantimamidi,128,Pumpkin,128,Common,0.0,49.0,800.0,1200.0,1000.0,0.0,0.0
2025-10-18 00:00:00+05:30,367,Gudimalkapur,1571,Gudumalkapur,129,Cucumber,129,Common,0.0,53.0,900.0,1500.0,1200.0,0.0,0.0
2025-10-18 00:00:00+05:30,323,Gaddiannaram,2,L.B Nagar,199,Capsicum,204,Common,0.0,10.0,3000.0,4000.0,3500.0,0.0,0.0
2025-10-18 00:00:00+05:30,324,Bowenpally,3,Bowenpally,127,Kheera,127,Common,0.0,1925.0,600.0,2000.0,1500.0,0.0,0.0
2025-10-17 00:00:00+05:30,367,Gudimalkapur,1571,Gudumalkapur,129,Cucumber,129,Common,0.0,94.0,600.0,1200.0,900.0,0.0,0.0
2025-10-17 00:00:00+05:30,331,Vantimamidi,1612,Vantimamidi,128,Pumpkin,128,Common,0.0,66.0,500.0,800.0,650.0,0.0,0.0
2025-10-17 00:00:00+05:30,323,Gaddiannaram,2,L.B Nagar,199,Capsicum,204,Common,0.0,7.0,3000.0,5000.0,4000.0,0.0,0.0
2025-10-17 00:00:00+05:30,246,Warangal,886,Warangal,54,Chillies(Dry),252,US-341,0.0,32.0,10000.0,14000.0,11000.0,0.0,0.0
2025-10-16 00:00:00+05:30,367,Gudimalkapur,1571,Gudumalkapur,129,Cucumber,129,Common,0.0,142.0,700.0,1000.0,900.0,0.0,0.0
2025-10-16 00:00:00+05:30,331,Vantimamidi,1612,Vantimamidi,128,Pumpkin,128,Common,0.0,20.0,1000.0,1000.0,1000.0,0.0,0.0
2025-10-17 00:00:00+05:30,324,Bowenpally,3,Bowenpally,127,Kheera,127,Common,0.0,1472.0,600.0,2000.0,1500.0,0.0,0.0
2025-10-16 00:00:00+05:30,324,Bowenpally,3,Bowenpally,127,Kheera,127,Common,0.0,1363.0,600.0,2000.0,1600.0,0.0,0.0
2025-10-16 00:00:00+05:30,246,Warangal,886,Warangal,54,Chillies(Dry),252,US-341,0.0,59.0,8500.0,12500.0,10500.0,0.0,0.0
2025-10-15 00:00:00+05:30,367,Gudimalkapur,1571,Gudumalkapur,129,Cucumber,129,Common,0.0,170.0,600.0,1000.0,700.0,0.0,0.0
2025-10-16 00:00:00+05:30,323,Gaddiannaram,2,L.B Nagar,199,Capsicum,204,Common,0.0,17.0,3000.0,4000.0,3500.0,0.0,0.0
2025-10-15 00:00:00+05:30,324,Bowenpally,3,Bowenpally,127,Kheera,127,Common,0.0,1307.0,600.0,2000.0,1500.0,0.0,0.0
2025-10-15 00:00:00+05:30,323,Gaddiannaram,2,L.B Nagar,199,Capsicum,204,Common,0.0,16.0,3000.0,4000.0,3500.0,0.0,0.0
2025-10-15 00:00:00+05:30,246,Warangal,886,Warangal,54,Chillies(Dry),252,US-341,0.0,116.0,8000.0,14000.0,12000.0,0.0,0.0
2025-10-14 00:00:00+05:30,367,Gudimalkapur,1571,Gudumalkapur,129,Cucumber,129,Common,0.0,75.0,800.0,1200.0,1000.0,0.0,0.0
2025-10-14 00:00:00+05:30,246,Warangal,886,Warangal,54,Chillies(Dry),252,US-341,0.0,127.0,8000.0,14500.0,12500.0,0.0,0.0
2025-10-14 00:00:00+05:30,323,Gaddiannaram,2,L.B Nagar,199,Capsicum,204,Common,0.0,15.0,3000.0,4000.0,3500.0,0.0,0.0
2025-10-14 00:00:00+05:30,324,Bowenpally,3,Bowenpally,127,Kheera,127,Common,0.0,2303.0,600.0,2000.0,1500.0,0.0,0.0
2025-10-13 00:00:00+05:30,367,Gudimalkapur,1571,Gudumalkapur,129,Cucumber,129,Common,0.0,94.0,1000.0,1200.0,1100.0,0.0,0.0
2025-10-13 00:00:00+05:30,246,Warangal,886,Warangal,54,Chillies(Dry),252,US-341,0.0,93.0,8500.0,15000.0,13000.0,0.0,0.0
2025-10-13 00:00:00+05:30,324,Bowenpally,3,Bowenpally,127,Kheera,127,Common,0.0,1896.0,500.0,2000.0,1500.0,0.0,0.0
2025-10-13 00:00:00+05:30,323,Gaddiannaram,2,L.B Nagar,199,Capsicum,204,Common,0.0,15.0,3000.0,4000.0,3500.0,0.0,0.0
2025-10-12 00:00:00+05:30,367,Gudimalkapur,1571,Gudumalkapur,129,Cucumber,129,Common,0.0,134.0,900.0,1200.0,1000.0,0.0,0.0
2025-10-11 00:00:00+05:30,367,Gudimalkapur,1571,Gudumalkapur,129,Cucumber,129,Common,0.0,72.0,900.0,1200.0,1000.0,0.0,0.0
2025-10-12 00:00:00+05:30,323,Gaddiannaram,2,L.B Nagar,199,Capsicum,204,Common,0.0,12.0,3000.0,4000.0,3500.0,0.0,0.0
2025-10-12 00:00:00+05:30,324,Bowenpally,3,Bowenpally,127,Kheera,127,Common,0.0,1623.0,600.0,2000.0,1600.0,0.0,0.0
2025-10-11 00:00:00+05:30,324,Bowenpally,3,Bowenpally,127,Kheera,127,Common,0.0,1703.0,500.0,2000.0,1500.0,0.0,0.0
2025-10-11 00:00:00+05:30,289,Sadasivpet,1200,Sadasivapet,75,Soyabean,213,White,0.0,9.0,3869.0,3869.0,3869.0,0.0,0.0
2025-10-11 00:00:00+05:30,323,Gaddiannaram,2,L.B Nagar,199,Capsicum,204,Common,0.0,11.0,3000.0,4000.0,3500.0,0.0,0.0
2025-10-10 00:00:00+05:30,367,Gudimalkapur,1571,Gudumalkapur,129,Cucumber,129,Common,0.0,111.0,900.0,1200.0,1000.0,0.0,0.0
2025-10-10 00:00:00+05:30,324,Bowenpally,3,Bowenpally,127,Kheera,127,Common,0.0,1193.0,1000.0,2000.0,1800.0,0.0,0.0
2025-10-09 00:00:00+05:30,331,Vantimamidi,1612,Vantimamidi,128,Pumpkin,128,Common,0.0,4.0,500.0,500.0,500.0,0.0,0.0
2025-10-10 00:00:00+05:30,323,Gaddiannaram,2,L.B Nagar,199,Capsicum,204,Common,0.0,12.0,3000.0,4000.0,3500.0,0.0,0.0
2025-10-10 00:00:00+05:30,246,Warangal,886,Warangal,54,Chillies(Dry),252,US-341,0.0,58.0,8500.0,15000.0,11000.0,0.0,0.0
2025-10-09 00:00:00+05:30,367,Gudimalkapur,1571,Gudumalkapur,129,Cucumber,129,Common,0.0,113.0,900.0,1200.0,1000.0,0.0,0.0
2025-10-09 00:00:00+05:30,246,Warangal,886,Warangal,54,Chillies(Dry),252,US-341,0.0,71.0,8000.0,13500.0,10800.0,0.0,0.0
2025-10-09 00:00:00+05:30,324,Bowenpally,3,Bowenpally,127,Kheera,127,Common,0.0,1431.0,500.0,2000.0,1500.0,0.0,0.0
2025-10-09 00:00:00+05:30,323,Gaddiannaram,2,L.B Nagar,199,Capsicum,204,Common,0.0,12.0,3000.0,4000.0,3500.0,0.0,0.0
2025-10-08 00:00:00+05:30,367,Gudimalkapur,1571,Gudumalkapur,129,Cucumber,129,Common,0.0,250.0,800.0,1200.0,1000.0,0.0,0.0
2025-10-08 00:00:00+05:30,246,Warangal,886,Warangal,54,Chillies(Dry),252,US-341,0.0,65.0,7000.0,14000.0,12000.0,0.0,0.0
2025-10-08 00:00:00+05:30,323,Gaddiannaram,2,L.B Nagar,199,Capsicum,204,Common,0.0,12.0,3000.0,4000.0,3500.0,0.0,0.0
2025-10-08 00:00:00+05:30,324,Bowenpally,3,Bowenpally,127,Kheera,127,Common,0.0,1914.0,500.0,2000.0,1500.0,0.0,0.0
2025-10-07 00:00:00+05:30,367,Gudimalkapur,1571,Gudumalkapur,129,Cucumber,129,Common,0.0,188.0,800.0,1200.0,1000.0,0.0,0.0
2025-10-07 00:00:00+05:30,246,Warangal,886,Warangal,54,Chillies(Dry),252,US-341,0.0,80.0,8500.0,14700.0,11500.0,0.0,0.0
2025-10-07 00:00:00+05:30,324,Bowenpally,3,Bowenpally,127,Kheera,127,Common,0.0,1984.0,500.0,2000.0,1600.0,0.0,0.0
2025-10-07 00:00:00+05:30,323,Gaddiannaram,2,L.B Nagar,199,Capsicum,204,Common,0.0,12.0,4000.0,5000.0,4500.0,0.0,0.0
2025-10-06 00:00:00+05:30,367,Gudimalkapur,1571,Gudumalkapur,129,Cucumber,129,Common,0.0,143.0,1000.0,1500.0,1200.0,0.0,0.0
2025-10-06 00:00:00+05:30,324,Bowenpally,3,Bowenpally,127,Kheera,127,Common,0.0,1084.0,500.0,2000.0,1500.0,0.0,0.0
2025-10-06 00:00:00+05:30,323,Gaddiannaram,2,L.B Nagar,199,Capsicum,204,Common,0.0,13.0,4000.0,5000.0,4500.0,0.0,0.0
2025-10-05 00:00:00+05:30,367,Gudimalkapur,1571,Gudumalkapur,129,Cucumber,129,Common,0.0,94.0,800.0,1200.0,1000.0,0.0,0.0
2025-10-05 00:00:00+05:30,324,Bowenpally,3,Bowenpally,127,Kheera,127,Common,0.0,1843.0,600.0,2000.0,1600.0,0.0,0.0
2025-10-05 00:00:00+05:30,323,Gaddiannaram,2,L.B Nagar,199,Capsicum,204,Common,0.0,5.0,4000.0,5000.0,4500.0,0.0,0.0
2025-10-04 00:00:00+05:30,324,Bowenpally,3,Bowenpally,127,Kheera,127,Common,0.0,1419.0,800.0,400.0,2600.0,0.0,0.0
2025-10-04 00:00:00+05:30,323,Gaddiannaram,2,L.B Nagar,199,Capsicum,204,Common,0.0,4.0,4000.0,5000.0,4500.0,0.0,0.0
2025-10-03 00:00:00+05:30,331,Vantimamidi,1612,Vantimamidi,128,Pumpkin,128,Common,0.0,4.0,500.0,800.0,650.0,0.0,0.0
2025-10-03 00:00:00+05:30,367,Gudimalkapur,1571,Gudumalkapur,129,Cucumber,129,Common,0.0,35.0,800.0,1000.0,900.0,0.0,0.0
2025-10-03 00:00:00+05:30,324,Bowenpally,3,Bowenpally,127,Kheera,127,Common,0.0,1249.0,800.0,4000.0,3000.0,0.0,0.0
2025-10-01 00:00:00+05:30,331,Vantimamidi,1612,Vantimamidi,128,Pumpkin,128,Common,0.0,73.0,800.0,1200.0,1000.0,0.0,0.0
2025-10-02 00:00:00+05:30,324,Bowenpally,3,Bowenpally,127,Kheera,127,Common,0.0,608.0,800.0,3500.0,2800.0,0.0,0.0
2025-10-02 00:00:00+05:30,367,Gudimalkapur,1571,Gudumalkapur,129,Cucumber,129,Common,0.0,52.0,1000.0,1500.0,1200.0,0.0,0.0
2025-10-02 00:00:00+05:30,323,Gaddiannaram,2,L.B Nagar,199,Capsicum,204,Common,0.0,4.0,3000.0,4000.0,3500.0,0.0,0.0
2025-10-01 00:00:00+05:30,367,Gudimalkapur,1571,Gudumalkapur,129,Cucumber,129,Common,0.0,105.0,800.0,1200.0,1000.0,0.0,0.0
2025-10-01 00:00:00+05:30,324,Bowenpally,3,Bowenpally,127,Kheera,127,Common,0.0,1290.0,600.0,2000.0,1500.0,0.0,0.0
2025-10-01 00:00:00+05:30,323,Gaddiannaram,2,L.B Nagar,199,Capsicum,204,Common,0.0,7.0,3000.0,4000.0,3500.0,0.0,0.0
2025-10-31 00:00:00+05:30,367,Gudimalkapur,1571,Gudumalkapur,129,Cucumber,129,Common,0.0,38.0,1000.0,1500.0,1200.0,0.0,0.0
2025-10-31 00:00:00+05:30,323,Gaddiannaram,2,L.B Nagar,199,Capsicum,204,Common,0.0,17.0,4000.0,6000.0,5000.0,0.0,0.0
2025-10-31 00:00:00+05:30,324,Bowenpally,3,Bowenpally,127,Kheera,127,Common,0.0,1625.0,600.0,1500.0,1200.0,0.0,0.0
2025-10-30 00:00:00+05:30,367,Gudimalkapur,1571,Gudumalkapur,129,Cucumber,129,Common,0.0,2.0,900.0,1200.0,1000.0,0.0,0.0
2025-10-30 00:00:00+05:30,331,Vantimamidi,1612,Vantimamidi,128,Pumpkin,128,Common,0.0,4.0,2000.0,2000.0,2000.0,0.0,0.0
2025-10-30 00:00:00+05:30,324,Bowenpally,3,Bowenpally,127,Kheera,127,Common,0.0,997.0,500.0,1500.0,1200.0,0.0,0.0
2025-10-29 00:00:00+05:30,367,Gudimalkapur,1571,Gudumalkapur,129,Cucumber,129,Common,0.0,38.0,1000.0,1500.0,1200.0,0.0,0.0
2025-10-30 00:00:00+05:30,323,Gaddiannaram,2,L.B Nagar,199,Capsicum,204,Common,0.0,6.0,4000.0,6000.0,5000.0,0.0,0.0
2025-10-29 00:00:00+05:30,246,Warangal,886,Warangal,54,Chillies(Dry),252,US-341,0.0,174.0,7500.0,15000.0,12300.0,0.0,0.0
2025-10-29 00:00:00+05:30,324,Bowenpally,3,Bowenpally,127,Kheera,127,Common,0.0,117.0,600.0,1500.0,1200.0,0.0,0.0
2025-10-28 00:00:00+05:30,367,Gudimalkapur,1571,Gudumalkapur,129,Cucumber,129,Common,0.0,127.0,900.0,1200.0,1000.0,0.0,0.0
2025-10-29 00:00:00+05:30,323,Gaddiannaram,2,L.B Nagar,199,Capsicum,204,Common,0.0,11.0,3000.0,5000.0,4000.0,0.0,0.0
2025-10-28 00:00:00+05:30,246,Warangal,886,Warangal,54,Chillies(Dry),252,US-341,0.0,107.0,8000.0,13000.0,12000.0,0.0,0.0
2025-10-28 00:00:00+05:30,289,Sadasivpet,1200,Sadasivapet,75,Soyabean,213,White,0.0,22.0,4124.0,4124.0,4124.0,0.0,0.0
2025-10-01 00:00:00+05:30,324,Bowenpally,3,Bowenpally,128,Pumpkin,128,Common,0.0,3727.0,400.0,1800.0,1300.0,0.0,0.0
2025-10-01 00:00:00+05:30,367,Gudimalkapur,1571,Gudumalkapur,130,Drumstick,130,Common,0.0,26.0,6000.0,8000.0,7000.0,0.0,0.0
2025-10-02 00:00:00+05:30,367,Gudimalkapur,1571,Gudumalkapur,130,Drumstick,130,Common,0.0,12.0,6000.0,8000.0,7000.0,0.0,0.0
2025-10-02 00:00:00+05:30,324,Bowenpally,3,Bowenpally,128,Pumpkin,128,Common,0.0,761.0,400.0,2000.0,1600.0,0.0,0.0
2025-10-03 00:00:00+05:30,324,Bowenpally,3,Bowenpally,128,Pumpkin,128,Common,0.0,222.0,500.0,2000.0,1600.0,0.0,0.0
2025-10-03 00:00:00+05:30,367,Gudimalkapur,1571,Gudumalkapur,130,Drumstick,130,Common,0.0,14.0,6000.0,8000.0,7000.0,0.0,0.0
2025-10-05 00:00:00+05:30,324,Bowenpally,3,Bowenpally,128,Pumpkin,128,Common,0.0,298.0,500.0,2000.0,1500.0,0.0,0.0
2025-10-05 00:00:00+05:30,367,Gudimalkapur,1571,Gudumalkapur,130,Drumstick,130,Common,0.0,28.0,8000.0,10000.0,8000.0,0.0,0.0
2025-10-06 00:00:00+05:30,324,Bowenpally,3,Bowenpally,128,Pumpkin,128,Common,0.0,269.0,1000.0,2000.0,1800.0,0.0,0.0
2025-10-06 00:00:00+05:30,367,Gudimalkapur,1571,Gudumalkapur,130,Drumstick,130,Common,0.0,72.0,6000.0,8000.0,7000.0,0.0,0.0
2025-10-06 00:00:00+05:30,208,Nizamabad,1080,Nizamabad,57,Tumeric,227,Finger,0.0,195.0,9500.0,11511.0,11015.0,0.0,0.0
2025-10-07 00:00:00+05:30,324,Bowenpally,3,Bowenpally,128,Pumpkin,128,Common,0.0,480.0,1000.0,2000.0,1800.0,0.0,0.0
2025-10-07 00:00:00+05:30,208,Nizamabad,1080,Nizamabad,57,Tumeric,227,Finger,0.0,158.0,9500.0,11610.0,10500.0,0.0,0.0
2025-10-07 00:00:00+05:30,367,Gudimalkapur,1571,Gudumalkapur,130,Drumstick,130,Common,0.0,34.0,4000.0,6000.0,5000.0,0.0,0.0
2025-10-08 00:00:00+05:30,324,Bowenpally,3,Bowenpally,128,Pumpkin,128,Common,0.0,420.0,1000.0,2000.0,1800.0,0.0,0.0
2025-10-08 00:00:00+05:30,208,Nizamabad,1080,Nizamabad,57,Tumeric,227,Finger,0.0,198.0,9500.0,11007.0,10188.0,0.0,0.0
2025-10-08 00:00:00+05:30,367,Gudimalkapur,1571,Gudumalkapur,130,Drumstick,130,Common,0.0,54.0,5000.0,8000.0,7000.0,0.0,0.0
2025-10-08 00:00:00+05:30,289,Sadasivpet,1200,Sadasivapet,75,Soyabean,214,Yellow,0.0,10.0,4115.0,4115.0,4115.0,0.0,0.0
2025-10-09 00:00:00+05:30,324,Bowenpally,3,Bowenpally,128,Pumpkin,128,Common,0.0,464.0,1000.0,2000.0,1800.0,0.0,0.0
2025-10-09 00:00:00+05:30,367,Gudimalkapur,1571,Gudumalkapur,130,Drumstick,130,Common,0.0,66.0,5000.0,8000.0,6000.0,0.0,0.0
2025-10-09 00:00:00+05:30,208,Nizamabad,1080,Nizamabad,57,Tumeric,227,Finger,0.0,188.0,9606.0,12689.0,11620.0,0.0,0.0
2025-10-09 00:00:00+05:30,331,Vantimamidi,1612,Vantimamidi,129,Cucumber,129,Common,0.0,1.0,1000.0,1000.0,1000.0,0.0,0.0
2025-10-10 00:00:00+05:30,324,Bowenpally,3,Bowenpally,128,Pumpkin,128,Common,0.0,344.0,1000.0,2000.0,1800.0,0.0,0.0
2025-10-10 00:00:00+05:30,367,Gudimalkapur,1571,Gudumalkapur,130,Drumstick,130,Common,0.0,54.0,5000.0,8000.0,6000.0,0.0,0.0
2025-10-09 00:00:00+05:30,289,Sadasivpet,1200,Sadasivapet,75,Soyabean,214,Yellow,0.0,29.0,3552.0,3816.0,3552.0,0.0,0.0
2025-10-10 00:00:00+05:30,208,Nizamabad,1080,Nizamabad,57,Tumeric,227,Finger,0.0,109.0,9500.0,11522.0,11111.0,0.0,0.0
2025-10-10 00:00:00+05:30,331,Vantimamidi,1612,Vantimamidi,129,Cucumber,129,Common,0.0,2.0,800.0,1200.0,1000.0,0.0,0.0
2025-10-11 00:00:00+05:30,208,Nizamabad,1080,Nizamabad,57,Tumeric,227,Finger,0.0,13.0,9500.0,9500.0,9500.0,0.0,0.0
2025-10-11 00:00:00+05:30,324,Bowenpally,3,Bowenpally,128,Pumpkin,128,Common,0.0,910.0,1000.0,2000.0,1800.0,0.0,0.0
2025-10-12 00:00:00+05:30,324,Bowenpally,3,Bowenpally,128,Pumpkin,128,Common,0.0,201.0,1000.0,1800.0,1800.0,0.0,0.0
2025-10-11 00:00:00+05:30,367,Gudimalkapur,1571,Gudumalkapur,130,Drumstick,130,Common,0.0,48.0,6000.0,8000.0,7000.0,0.0,0.0
2025-10-12 00:00:00+05:30,367,Gudimalkapur,1571,Gudumalkapur,130,Drumstick,130,Common,0.0,44.0,4000.0,8000.0,7000.0,0.0,0.0
2025-10-13 00:00:00+05:30,324,Bowenpally,3,Bowenpally,128,Pumpkin,128,Common,0.0,1008.0,400.0,1500.0,1200.0,0.0,0.0
2025-10-13 00:00:00+05:30,208,Nizamabad,1080,Nizamabad,57,Tumeric,227,Finger,0.0,398.0,9500.0,12801.0,11510.0,0.0,0.0
2025-10-13 00:00:00+05:30,367,Gudimalkapur,1571,Gudumalkapur,130,Drumstick,130,Common,0.0,55.0,5000.0,8000.0,6000.0,0.0,0.0
2025-10-14 00:00:00+05:30,324,Bowenpally,3,Bowenpally,128,Pumpkin,128,Common,0.0,1140.0,500.0,1500.0,1200.0,0.0,0.0
2025-10-13 00:00:00+05:30,331,Vantimamidi,1612,Vantimamidi,129,Cucumber,129,Common,0.0,5.0,600.0,600.0,600.0,0.0,0.0
2025-10-14 00:00:00+05:30,367,Gudimalkapur,1571,Gudumalkapur,130,Drumstick,130,Common,0.0,59.0,5000.0,6000.0,5000.0,0.0,0.0
2025-10-14 00:00:00+05:30,331,Vantimamidi,1612,Vantimamidi,129,Cucumber,129,Common,0.0,3.0,800.0,1000.0,900.0,0.0,0.0
2025-10-14 00:00:00+05:30,208,Nizamabad,1080,Nizamabad,57,Tumeric,227,Finger,0.0,285.0,10000.0,13659.0,11860.0,0.0,0.0
2025-10-15 00:00:00+05:30,324,Bowenpally,3,Bowenpally,128,Pumpkin,128,Common,0.0,1400.0,500.0,2500.0,2000.0,0.0,0.0
2025-10-15 00:00:00+05:30,331,Vantimamidi,1612,Vantimamidi,129,Cucumber,129,Common,0.0,5.0,1000.0,1000.0,1000.0,0.0,0.0
2025-10-15 00:00:00+05:30,367,Gudimalkapur,1571,Gudumalkapur,130,Drumstick,130,Common,0.0,56.0,3000.0,8000.0,5000.0,0.0,0.0
2025-10-15 00:00:00+05:30,208,Nizamabad,1080,Nizamabad,57,Tumeric,227,Finger,0.0,35.0,11000.0,12002.0,11000.0,0.0,0.0
2025-10-16 00:00:00+05:30,208,Nizamabad,1080,Nizamabad,57,Tumeric,227,Finger,0.0,290.0,9500.0,1291.0,11100.0,0.0,0.0
2025-10-16 00:00:00+05:30,324,Bowenpally,3,Bowenpally,128,Pumpkin,128,Common,0.0,1954.0,500.0,2500.0,2000.0,0.0,0.0
2025-10-17 00:00:00+05:30,324,Bowenpally,3,Bowenpally,128,Pumpkin,128,Common,0.0,2772.0,500.0,2500.0,2000.0,0.0,0.0
2025-10-16 00:00:00+05:30,331,Vantimamidi,1612,Vantimamidi,129,Cucumber,129,Common,0.0,2.0,500.0,800.0,650.0,0.0,0.0
2025-10-16 00:00:00+05:30,367,Gudimalkapur,1571,Gudumalkapur,130,Drumstick,130,Common,0.0,53.0,3000.0,6000.0,4000.0,0.0,0.0
2025-10-17 00:00:00+05:30,367,Gudimalkapur,1571,Gudumalkapur,130,Drumstick,130,Common,0.0,30.0,2500.0,4500.0,3000.0,0.0,0.0
2025-10-18 00:00:00+05:30,324,Bowenpally,3,Bowenpally,128,Pumpkin,128,Common,0.0,3559.0,500.0,3000.0,1500.0,0.0,0.0
2025-10-18 00:00:00+05:30,367,Gudimalkapur,1571,Gudumalkapur,130,Drumstick,130,Common,0.0,67.0,2500.0,4500.0,3000.0,0.0,0.0
2025-10-19 00:00:00+05:30,324,Bowenpally,3,Bowenpally,128,Pumpkin,128,Common,0.0,2567.0,500.0,3000.0,2000.0,0.0,0.0
2025-10-19 00:00:00+05:30,367,Gudimalkapur,1571,Gudumalkapur,130,Drumstick,130,Common,0.0,27.0,1800.0,4000.0,3000.0,0.0,0.0
2025-10-19 00:00:00+05:30,331,Vantimamidi,1612,Vantimamidi,129,Cucumber,129,Common,0.0,3.0,800.0,800.0,800.0,0.0,0.0
2025-10-20 00:00:00+05:30,324,Bowenpally,3,Bowenpally,128,Pumpkin,128,Common,0.0,1046.0,500.0,2000.0,1600.0,0.0,0.0
2025-10-20 00:00:00+05:30,367,Gudimalkapur,1571,Gudumalkapur,130,Drumstick,130,Common,0.0,30.0,2000.0,4000.0,3000.0,0.0,0.0
2025-10-22 00:00:00+05:30,324,Bowenpally,3,Bowenpally,128,Pumpkin,128,Common,0.0,100.0,400.0,1500.0,1200.0,0.0,0.0
2025-10-22 00:00:00+05:30,208,Nizamabad,1080,Nizamabad,57,Tumeric,227,Finger,0.0,603.0,10006.0,15021.0,13160.0,0.0,0.0
2025-10-22 00:00:00+05:30,331,Vantimamidi,1612,Vantimamidi,129,Cucumber,129,Common,0.0,8.0,1500.0,1500.0,1500.0,0.0,0.0
2025-10-22 00:00:00+05:30,367,Gudimalkapur,1571,Gudumalkapur,130,Drumstick,130,Common,0.0,38.0,2800.0,4000.0,3200.0,0.0,0.0
2025-10-23 00:00:00+05:30,208,Nizamabad,1080,Nizamabad,57,Tumeric,227,Finger,0.0,468.0,9500.0,13511.0,12911.0,0.0,0.0
2025-10-23 00:00:00+05:30,324,Bowenpally,3,Bowenpally,128,Pumpkin,128,Common,0.0,100.0,500.0,2000.0,1500.0,0.0,0.0
2025-10-24 00:00:00+05:30,208,Nizamabad,1080,Nizamabad,57,Tumeric,227,Finger,0.0,326.0,9500.0,13800.0,12755.0,0.0,0.0
2025-10-23 00:00:00+05:30,367,Gudimalkapur,1571,Gudumalkapur,130,Drumstick,130,Common,0.0,20.0,3000.0,7000.0,5000.0,0.0,0.0
2025-10-23 00:00:00+05:30,289,Sadasivpet,1200,Sadasivapet,75,Soyabean,214,Yellow,0.0,54.0,3620.0,4158.0,3924.0,0.0,0.0
2025-10-24 00:00:00+05:30,324,Bowenpally,3,Bowenpally,128,Pumpkin,128,Common,0.0,195.0,1000.0,2000.0,1800.0,0.0,0.0
2025-10-24 00:00:00+05:30,367,Gudimalkapur,1571,Gudumalkapur,130,Drumstick,130,Common,0.0,37.0,3000.0,7000.0,4000.0,0.0,0.0
2025-10-24 00:00:00+05:30,331,Vantimamidi,1612,Vantimamidi,129,Cucumber,129,Common,0.0,8.0,1000.0,1000.0,1000.0,0.0,0.0
2025-10-25 00:00:00+05:30,324,Bowenpally,3,Bowenpally,128,Pumpkin,128,Common,0.0,298.0,800.0,2000.0,1600.0,0.0,0.0
2025-10-25 00:00:00+05:30,367,Gudimalkapur,1571,Gudumalkapur,130,Drumstick,130,Common,0.0,9.0,3500.0,5000.0,4000.0,0.0,0.0
2025-10-25 00:00:00+05:30,331,Vantimamidi,1612,Vantimamidi,129,Cucumber,129,Common,0.0,11.0,1000.0,1000.0,1000.0,0.0,0.0
2025-10-26 00:00:00+05:30,324,Bowenpally,3,Bowenpally,128,Pumpkin,128,Common,0.0,461.0,1500.0,3500.0,3000.0,0.0,0.0
2025-10-26 00:00:00+05:30,367,Gudimalkapur,1571,Gudumalkapur,130,Drumstick,130,Common,0.0,23.0,4000.0,9000.0,6000.0,0.0,0.0
2025-10-27 00:00:00+05:30,324,Bowenpally,3,Bowenpally,128,Pumpkin,128,Common,0.0,524.0,500.0,3000.0,2200.0,0.0,0.0
2025-10-27 00:00:00+05:30,367,Gudimalkapur,1571,Gudumalkapur,130,Drumstick,130,Common,0.0,21.0,6000.0,9000.0,7000.0,0.0,0.0
2025-10-27 00:00:00+05:30,208,Nizamabad,1080,Nizamabad,57,Tumeric,227,Finger,0.0,228.0,9706.0,13123.0,12727.0,0.0,0.0
2025-10-28 00:00:00+05:30,324,Bowenpally,3,Bowenpally,128,Pumpkin,128,Common,0.0,894.0,800.0,3000.0,2400.0,0.0,0.0
2025-10-28 00:00:00+05:30,208,Nizamabad,1080,Nizamabad,57,Tumeric,227,Finger,0.0,218.0,11727.0,13232.0,13232.0,0.0,0.0
2025-10-28 00:00:00+05:30,331,Vantimamidi,1612,Vantimamidi,129,Cucumber,129,Common,0.0,7.0,1000.0,1000.0,1000.0,0.0,0.0
2025-10-28 00:00:00+05:30,367,Gudimalkapur,1571,Gudumalkapur,130,Drumstick,130,Common,0.0,11.0,3000.0,7000.0,5000.0,0.0,0.0
2025-10-29 00:00:00+05:30,324,Bowenpally,3,Bowenpally,128,Pumpkin,128,Common,0.0,194.0,500.0,3000.0,2100.0,0.0,0.0
2025-10-29 00:00:00+05:30,208,Nizamabad,1080,Nizamabad,57,Tumeric,227,Finger,0.0,421.0,9500.0,13866.0,13468.0,0.0,0.0
2025-10-29 00:00:00+05:30,367,Gudimalkapur,1571,Gudumalkapur,130,Drumstick,130,Common,0.0,11.0,5000.0,9000.0,7000.0,0.0,0.0
2025-10-30 00:00:00+05:30,324,Bowenpally,3,Bowenpally,128,Pumpkin,128,Common,0.0,110.0,500.0,2000.0,1500.0,0.0,0.0
2025-10-30 00:00:00+05:30,208,Nizamabad,1080,Nizamabad,57,Tumeric,227,Finger,0.0,235.0,12002.0,13503.0,13350.0,0.0,0.0
2025-10-30 00:00:00+05:30,331,Vantimamidi,1612,Vantimamidi,129,Cucumber,129,Common,0.0,11.0,800.0,1500.0,1150.0,0.0,0.0
2025-10-30 00:00:00+05:30,367,Gudimalkapur,1571,Gudumalkapur,130,Drumstick,130,Common,0.0,11.0,4000.0,9000.0,6000.0,0.0,0.0
2025-10-31 00:00:00+05:30,324,Bowenpally,3,Bowenpally,128,Pumpkin,128,Common,0.0,197.0,400.0,2000.0,1500.0,0.0,0.0
2025-10-31 00:00:00+05:30,367,Gudimalkapur,1571,Gudumalkapur,130,Drumstick,130,Common,0.0,13.0,4000.0,7000.0,5000.0,0.0,0.0
2025-10-31 00:00:00+05:30,331,Vantimamidi,1612,Vantimamidi,129,Cucumber,129,Common,0.0,14.0,500.0,800.0,650.0,0.0,0.0
2025-10-31 00:00:00+05:30,208,Nizamabad,1080,Nizamabad,57,Tumeric,227,Finger,0.0,120.0,11520.0,13666.0,13222.0,0.0,0.0
2025-10-28 00:00:00+05:30,324,Bowenpally,3,Bowenpally,129,Cucumber,129,Common,0.0,424.0,400.0,1200.0,1000.0,0.0,0.0
2025-10-27 00:00:00+05:30,208,Nizamabad,1080,Nizamabad,57,Tumeric,228,Bulb,0.0,264.0,8001.0,12589.0,11006.0,0.0,0.0
2025-10-27 00:00:00+05:30,367,Gudimalkapur,1571,Gudumalkapur,147,Green Tamarind,147,Common,0.0,12.0,1300.0,2000.0,1500.0,0.0,0.0
2025-10-27 00:00:00+05:30,324,Bowenpally,3,Bowenpally,129,Cucumber,129,Common,0.0,633.0,400.0,1200.0,1000.0,0.0,0.0
2025-10-26 00:00:00+05:30,367,Gudimalkapur,1571,Gudumalkapur,147,Green Tamarind,147,Common,0.0,22.0,1300.0,2000.0,1500.0,0.0,0.0
2025-10-26 00:00:00+05:30,324,Bowenpally,3,Bowenpally,129,Cucumber,129,Common,0.0,450.0,600.0,1200.0,1100.0,0.0,0.0
2025-10-25 00:00:00+05:30,367,Gudimalkapur,1571,Gudumalkapur,147,Green Tamarind,147,Common,0.0,16.0,1000.0,1500.0,1200.0,0.0,0.0
2025-10-25 00:00:00+05:30,324,Bowenpally,3,Bowenpally,129,Cucumber,129,Common,0.0,345.0,500.0,1500.0,1200.0,0.0,0.0
2025-10-24 00:00:00+05:30,367,Gudimalkapur,1571,Gudumalkapur,147,Green Tamarind,147,Common,0.0,28.0,1300.0,2000.0,1500.0,0.0,0.0
2025-10-24 00:00:00+05:30,324,Bowenpally,3,Bowenpally,129,Cucumber,129,Common,0.0,379.0,500.0,1200.0,1000.0,0.0,0.0
2025-10-23 00:00:00+05:30,367,Gudimalkapur,1571,Gudumalkapur,147,Green Tamarind,147,Common,0.0,9.0,1300.0,1500.0,1400.0,0.0,0.0
2025-10-24 00:00:00+05:30,208,Nizamabad,1080,Nizamabad,57,Tumeric,228,Bulb,0.0,238.0,8606.0,13111.0,11500.0,0.0,0.0
2025-10-23 00:00:00+05:30,324,Bowenpally,3,Bowenpally,129,Cucumber,129,Common,0.0,369.0,400.0,1200.0,1000.0,0.0,0.0
2025-10-23 00:00:00+05:30,208,Nizamabad,1080,Nizamabad,57,Tumeric,228,Bulb,0.0,685.0,8559.0,13211.0,12670.0,0.0,0.0
2025-10-22 00:00:00+05:30,367,Gudimalkapur,1571,Gudumalkapur,147,Green Tamarind,147,Common,0.0,8.0,1500.0,2000.0,1800.0,0.0,0.0
2025-10-22 00:00:00+05:30,208,Nizamabad,1080,Nizamabad,57,Tumeric,228,Bulb,0.0,702.0,10006.0,13410.0,12700.0,0.0,0.0
2025-10-22 00:00:00+05:30,324,Bowenpally,3,Bowenpally,129,Cucumber,129,Common,0.0,369.0,400.0,1200.0,1000.0,0.0,0.0
2025-10-20 00:00:00+05:30,367,Gudimalkapur,1571,Gudumalkapur,147,Green Tamarind,147,Common,0.0,3.0,1500.0,2000.0,1500.0,0.0,0.0
2025-10-20 00:00:00+05:30,324,Bowenpally,3,Bowenpally,129,Cucumber,129,Common,0.0,132.0,400.0,1500.0,1200.0,0.0,0.0
2025-10-19 00:00:00+05:30,367,Gudimalkapur,1571,Gudumalkapur,147,Green Tamarind,147,Common,0.0,23.0,1300.0,2000.0,1600.0,0.0,0.0
2025-10-19 00:00:00+05:30,324,Bowenpally,3,Bowenpally,129,Cucumber,129,Common,0.0,2200.0,400.0,1500.0,1100.0,0.0,0.0
2025-10-18 00:00:00+05:30,367,Gudimalkapur,1571,Gudumalkapur,147,Green Tamarind,147,Common,0.0,8.0,1000.0,1600.0,1200.0,0.0,0.0
2025-10-18 00:00:00+05:30,324,Bowenpally,3,Bowenpally,129,Cucumber,129,Common,0.0,282.0,400.0,1500.0,1100.0,0.0,0.0
2025-10-17 00:00:00+05:30,367,Gudimalkapur,1571,Gudumalkapur,147,Green Tamarind,147,Common,0.0,23.0,900.0,1600.0,1200.0,0.0,0.0
2025-10-16 00:00:00+05:30,367,Gudimalkapur,1571,Gudumalkapur,147,Green Tamarind,147,Common,0.0,34.0,1000.0,1400.0,1200.0,0.0,0.0
2025-10-17 00:00:00+05:30,324,Bowenpally,3,Bowenpally,129,Cucumber,129,Common,0.0,310.0,400.0,1900.0,1400.0,0.0,0.0
2025-10-16 00:00:00+05:30,324,Bowenpally,3,Bowenpally,129,Cucumber,129,Common,0.0,558.0,400.0,1500.0,1200.0,0.0,0.0
2025-10-16 00:00:00+05:30,208,Nizamabad,1080,Nizamabad,57,Tumeric,228,Bulb,0.0,407.0,8505.0,13139.0,11408.0,0.0,0.0
2025-10-15 00:00:00+05:30,208,Nizamabad,1080,Nizamabad,57,Tumeric,228,Bulb,0.0,20.0,9300.0,10800.0,10800.0,0.0,0.0
2025-10-15 00:00:00+05:30,367,Gudimalkapur,1571,Gudumalkapur,147,Green Tamarind,147,Common,0.0,14.0,1400.0,2000.0,1600.0,0.0,0.0
2025-10-15 00:00:00+05:30,324,Bowenpally,3,Bowenpally,129,Cucumber,129,Common,0.0,671.0,400.0,1500.0,1200.0,0.0,0.0
2025-10-14 00:00:00+05:30,208,Nizamabad,1080,Nizamabad,57,Tumeric,228,Bulb,0.0,347.0,9270.0,13055.0,11447.0,0.0,0.0
2025-10-14 00:00:00+05:30,367,Gudimalkapur,1571,Gudumalkapur,147,Green Tamarind,147,Common,0.0,28.0,1300.0,2000.0,1500.0,0.0,0.0
2025-10-14 00:00:00+05:30,324,Bowenpally,3,Bowenpally,129,Cucumber,129,Common,0.0,544.0,400.0,1500.0,1200.0,0.0,0.0
2025-10-13 00:00:00+05:30,367,Gudimalkapur,1571,Gudumalkapur,147,Green Tamarind,147,Common,0.0,9.0,1500.0,1800.0,1600.0,0.0,0.0
2025-10-13 00:00:00+05:30,208,Nizamabad,1080,Nizamabad,57,Tumeric,228,Bulb,0.0,302.0,9502.0,11688.0,10506.0,0.0,0.0
2025-10-13 00:00:00+05:30,324,Bowenpally,3,Bowenpally,129,Cucumber,129,Common,0.0,644.0,400.0,1500.0,1200.0,0.0,0.0
2025-10-12 00:00:00+05:30,367,Gudimalkapur,1571,Gudumalkapur,147,Green Tamarind,147,Common,0.0,13.0,1300.0,2000.0,1500.0,0.0,0.0
2025-10-11 00:00:00+05:30,367,Gudimalkapur,1571,Gudumalkapur,147,Green Tamarind,147,Common,0.0,20.0,1300.0,2000.0,1500.0,0.0,0.0
2025-10-12 00:00:00+05:30,324,Bowenpally,3,Bowenpally,129,Cucumber,129,Common,0.0,412.0,500.0,1500.0,1200.0,0.0,0.0
2025-10-11 00:00:00+05:30,324,Bowenpally,3,Bowenpally,129,Cucumber,129,Common,0.0,334.0,500.0,1500.0,1200.0,0.0,0.0
2025-10-11 00:00:00+05:30,208,Nizamabad,1080,Nizamabad,57,Tumeric,228,Bulb,0.0,3.0,6500.0,6500.0,6500.0,0.0,0.0
2025-10-10 00:00:00+05:30,208,Nizamabad,1080,Nizamabad,57,Tumeric,228,Bulb,0.0,98.0,10600.0,10600.0,10600.0,0.0,0.0
2025-10-10 00:00:00+05:30,367,Gudimalkapur,1571,Gudumalkapur,147,Green Tamarind,147,Common,0.0,21.0,1300.0,1500.0,1400.0,0.0,0.0
2025-10-10 00:00:00+05:30,324,Bowenpally,3,Bowenpally,129,Cucumber,129,Common,0.0,584.0,500.0,1500.0,1200.0,0.0,0.0
2025-10-09 00:00:00+05:30,208,Nizamabad,1080,Nizamabad,57,Tumeric,228,Bulb,0.0,373.0,9506.0,12089.0,10006.0,0.0,0.0
2025-10-09 00:00:00+05:30,367,Gudimalkapur,1571,Gudumalkapur,147,Green Tamarind,147,Common,0.0,31.0,1300.0,2000.0,1500.0,0.0,0.0
2025-10-09 00:00:00+05:30,324,Bowenpally,3,Bowenpally,129,Cucumber,129,Common,0.0,669.0,500.0,1500.0,1200.0,0.0,0.0
2025-10-08 00:00:00+05:30,367,Gudimalkapur,1571,Gudumalkapur,147,Green Tamarind,147,Common,0.0,23.0,1300.0,2500.0,2000.0,0.0,0.0
2025-10-08 00:00:00+05:30,208,Nizamabad,1080,Nizamabad,57,Tumeric,228,Bulb,0.0,95.0,10305.0,11849.0,11839.0,0.0,0.0
2025-10-08 00:00:00+05:30,324,Bowenpally,3,Bowenpally,129,Cucumber,129,Common,0.0,594.0,500.0,1500.0,1200.0,0.0,0.0
2025-10-07 00:00:00+05:30,367,Gudimalkapur,1571,Gudumalkapur,147,Green Tamarind,147,Common,0.0,8.0,2000.0,2500.0,2000.0,0.0,0.0
2025-10-07 00:00:00+05:30,208,Nizamabad,1080,Nizamabad,57,Tumeric,228,Bulb,0.0,52.0,8200.0,10306.0,8800.0,0.0,0.0
2025-10-07 00:00:00+05:30,324,Bowenpally,3,Bowenpally,129,Cucumber,129,Common,0.0,602.0,500.0,1500.0,1200.0,0.0,0.0
2025-10-06 00:00:00+05:30,208,Nizamabad,1080,Nizamabad,57,Tumeric,228,Bulb,0.0,266.0,8000.0,10766.0,9325.0,0.0,0.0
2025-10-06 00:00:00+05:30,367,Gudimalkapur,1571,Gudumalkapur,147,Green Tamarind,147,Common,0.0,3.0,2500.0,2500.0,2500.0,0.0,0.0
2025-10-06 00:00:00+05:30,324,Bowenpally,3,Bowenpally,129,Cucumber,129,Common,0.0,506.0,800.0,1500.0,1300.0,0.0,0.0
2025-10-05 00:00:00+05:30,367,Gudimalkapur,1571,Gudumalkapur,147,Green Tamarind,147,Common,0.0,27.0,1300.0,2000.0,1500.0,0.0,0.0
2025-10-05 00:00:00+05:30,324,Bowenpally,3,Bowenpally,129,Cucumber,129,Common,0.0,399.0,400.0,1500.0,1200.0,0.0,0.0
2025-10-04 00:00:00+05:30,324,Bowenpally,3,Bowenpally,129,Cucumber,129,Common,0.0,249.0,400.0,1500.0,1000.0,0.0,0.0
2025-10-03 00:00:00+05:30,324,Bowenpally,3,Bowenpally,129,Cucumber,129,Common,0.0,222.0,400.0,1500.0,1200.0,0.0,0.0
2025-10-04 00:00:00+05:30,208,Nizamabad,1080,Nizamabad,57,Tumeric,228,Bulb,0.0,3.0,7000.0,7000.0,7000.0,0.0,0.0
2025-10-02 00:00:00+05:30,324,Bowenpally,3,Bowenpally,129,Cucumber,129,Common,0.0,122.0,400.0,1500.0,1200.0,0.0,0.0
2025-10-01 00:00:00+05:30,367,Gudimalkapur,1571,Gudumalkapur,147,Green Tamarind,147,Common,0.0,10.0,2000.0,2500.0,2200.0,0.0,0.0
2025-10-01 00:00:00+05:30,324,Bowenpally,3,Bowenpally,129,Cucumber,129,Common,0.0,288.0,400.0,1500.0,1200.0,0.0,0.0
2025-10-31 00:00:00+05:30,208,Nizamabad,1080,Nizamabad,57,Tumeric,228,Bulb,0.0,135.0,10199.0,13416.0,11966.0,0.0,0.0
2025-10-31 00:00:00+05:30,367,Gudimalkapur,1571,Gudumalkapur,147,Green Tamarind,147,Common,0.0,15.0,900.0,1600.0,1100.0,0.0,0.0
2025-10-31 00:00:00+05:30,324,Bowenpally,3,Bowenpally,129,Cucumber,129,Common,0.0,401.0,400.0,1000.0,800.0,0.0,0.0
2025-10-30 00:00:00+05:30,367,Gudimalkapur,1571,Gudumalkapur,147,Green Tamarind,147,Common,0.0,2.0,2500.0,2500.0,2500.0,0.0,0.0
2025-10-30 00:00:00+05:30,208,Nizamabad,1080,Nizamabad,57,Tumeric,228,Bulb,0.0,120.0,12189.0,14151.0,14151.0,0.0,0.0
2025-10-30 00:00:00+05:30,324,Bowenpally,3,Bowenpally,129,Cucumber,129,Common,0.0,336.0,400.0,1000.0,800.0,0.0,0.0
2025-10-29 00:00:00+05:30,367,Gudimalkapur,1571,Gudumalkapur,147,Green Tamarind,147,Common,0.0,7.0,1300.0,2000.0,1500.0,0.0,0.0
2025-10-29 00:00:00+05:30,208,Nizamabad,1080,Nizamabad,57,Tumeric,228,Bulb,0.0,80.0,9655.0,13300.0,11811.0,0.0,0.0
2025-10-29 00:00:00+05:30,324,Bowenpally,3,Bowenpally,129,Cucumber,129,Common,0.0,316.0,400.0,1200.0,1000.0,0.0,0.0
2025-10-28 00:00:00+05:30,367,Gudimalkapur,1571,Gudumalkapur,147,Green Tamarind,147,Common,0.0,15.0,1300.0,1800.0,1500.0,0.0,0.0
2025-10-28 00:00:00+05:30,208,Nizamabad,1080,Nizamabad,57,Tumeric,228,Bulb,0.0,286.0,9000.0,13137.0,11800.0,0.0,0.0
2025-10-01 00:00:00+05:30,324,Bowenpally,3,Bowenpally,130,Drumstick,130,Common,0.0,239.0,4000.0,10000.0,7500.0,0.0,0.0
2025-10-01 00:00:00+05:30,367,Gudimalkapur,1571,Gudumalkapur,155,Donda,155,Common,0.0,152.0,1800.0,2500.0,2200.0,0.0,0.0
2025-10-02 00:00:00+05:30,324,Bowenpally,3,Bowenpally,130,Drumstick,130,Common,0.0,219.0,3000.0,9000.0,7000.0,0.0,0.0
2025-10-02 00:00:00+05:30,367,Gudimalkapur,1571,Gudumalkapur,155,Donda,155,Common,0.0,27.0,1000.0,2400.0,1500.0,0.0,0.0
2025-10-03 00:00:00+05:30,324,Bowenpally,3,Bowenpally,130,Drumstick,130,Common,0.0,94.0,3000.0,8000.0,6000.0,0.0,0.0
2025-10-04 00:00:00+05:30,324,Bowenpally,3,Bowenpally,130,Drumstick,130,Common,0.0,173.0,4000.0,10000.0,6000.0,0.0,0.0
2025-10-03 00:00:00+05:30,367,Gudimalkapur,1571,Gudumalkapur,155,Donda,155,Common,0.0,56.0,2000.0,3000.0,2500.0,0.0,0.0
2025-10-05 00:00:00+05:30,324,Bowenpally,3,Bowenpally,130,Drumstick,130,Common,0.0,200.0,4000.0,10000.0,8000.0,0.0,0.0
2025-10-05 00:00:00+05:30,367,Gudimalkapur,1571,Gudumalkapur,155,Donda,155,Common,0.0,238.0,2400.0,3500.0,2800.0,0.0,0.0
2025-10-06 00:00:00+05:30,324,Bowenpally,3,Bowenpally,130,Drumstick,130,Common,0.0,248.0,400.0,1000.0,7500.0,0.0,0.0
2025-10-06 00:00:00+05:30,367,Gudimalkapur,1571,Gudumalkapur,155,Donda,155,Common,0.0,200.0,2000.0,3200.0,2400.0,0.0,0.0
2025-10-07 00:00:00+05:30,324,Bowenpally,3,Bowenpally,130,Drumstick,130,Common,0.0,575.0,4000.0,8000.0,6500.0,0.0,0.0
2025-10-07 00:00:00+05:30,367,Gudimalkapur,1571,Gudumalkapur,155,Donda,155,Common,0.0,297.0,1600.0,2500.0,2000.0,0.0,0.0
2025-10-08 00:00:00+05:30,324,Bowenpally,3,Bowenpally,130,Drumstick,130,Common,0.0,558.0,3000.0,7000.0,5500.0,0.0,0.0
2025-10-08 00:00:00+05:30,367,Gudimalkapur,1571,Gudumalkapur,155,Donda,155,Common,0.0,396.0,1400.0,2000.0,1600.0,0.0,0.0
2025-10-09 00:00:00+05:30,324,Bowenpally,3,Bowenpally,130,Drumstick,130,Common,0.0,514.0,2000.0,5000.0,4000.0,0.0,0.0
2025-10-09 00:00:00+05:30,367,Gudimalkapur,1571,Gudumalkapur,155,Donda,155,Common,0.0,223.0,1000.0,2000.0,1400.0,0.0,0.0
2025-10-10 00:00:00+05:30,324,Bowenpally,3,Bowenpally,130,Drumstick,130,Common,0.0,449.0,1500.0,4000.0,3200.0,0.0,0.0
2025-10-10 00:00:00+05:30,367,Gudimalkapur,1571,Gudumalkapur,155,Donda,155,Common,0.0,179.0,800.0,2000.0,1200.0,0.0,0.0
2025-10-11 00:00:00+05:30,324,Bowenpally,3,Bowenpally,130,Drumstick,130,Common,0.0,440.0,2000.0,4000.0,3500.0,0.0,0.0
2025-10-12 00:00:00+05:30,324,Bowenpally,3,Bowenpally,130,Drumstick,130,Common,0.0,382.0,2000.0,5000.0,4000.0,0.0,0.0
2025-10-11 00:00:00+05:30,367,Gudimalkapur,1571,Gudumalkapur,155,Donda,155,Common,0.0,220.0,1400.0,2000.0,1600.0,0.0,0.0
2025-10-12 00:00:00+05:30,367,Gudimalkapur,1571,Gudumalkapur,155,Donda,155,Common,0.0,176.0,1400.0,2000.0,1600.0,0.0,0.0
2025-10-13 00:00:00+05:30,324,Bowenpally,3,Bowenpally,130,Drumstick,130,Common,0.0,374.0,2000.0,5000.0,4000.0,0.0,0.0
2025-10-13 00:00:00+05:30,367,Gudimalkapur,1571,Gudumalkapur,155,Donda,155,Common,0.0,254.0,1300.0,2500.0,1600.0,0.0,0.0
2025-10-14 00:00:00+05:30,324,Bowenpally,3,Bowenpally,130,Drumstick,130,Common,0.0,460.0,2000.0,6000.0,4500.0,0.0,0.0
2025-10-14 00:00:00+05:30,367,Gudimalkapur,1571,Gudumalkapur,155,Donda,155,Common,0.0,334.0,1200.0,1600.0,1500.0,0.0,0.0
2025-10-15 00:00:00+05:30,324,Bowenpally,3,Bowenpally,130,Drumstick,130,Common,0.0,490.0,2000.0,6000.0,4500.0,0.0,0.0
2025-10-15 00:00:00+05:30,367,Gudimalkapur,1571,Gudumalkapur,155,Donda,155,Common,0.0,328.0,800.0,1200.0,1000.0,0.0,0.0
2025-10-16 00:00:00+05:30,192,Jainath,26,Jainath,114,Tomato,114,Common,0.0,160.0,550.0,625.0,587.0,0.0,0.0
2025-10-16 00:00:00+05:30,324,Bowenpally,3,Bowenpally,130,Drumstick,130,Common,0.0,558.0,2000.0,5000.0,4000.0,0.0,0.0
2025-10-17 00:00:00+05:30,324,Bowenpally,3,Bowenpally,130,Drumstick,130,Common,0.0,341.0,2000.0,5000.0,4000.0,0.0,0.0
2025-10-16 00:00:00+05:30,367,Gudimalkapur,1571,Gudumalkapur,155,Donda,155,Common,0.0,328.0,800.0,1000.0,900.0,0.0,0.0
2025-10-17 00:00:00+05:30,367,Gudimalkapur,1571,Gudumalkapur,155,Donda,155,Common,0.0,221.0,800.0,200.0,1000.0,0.0,0.0
2025-10-18 00:00:00+05:30,324,Bowenpally,3,Bowenpally,130,Drumstick,130,Common,0.0,357.0,2000.0,5000.0,4000.0,0.0,0.0
2025-10-18 00:00:00+05:30,367,Gudimalkapur,1571,Gudumalkapur,155,Donda,155,Common,0.0,148.0,600.0,2000.0,1000.0,0.0,0.0
2025-10-19 00:00:00+05:30,324,Bowenpally,3,Bowenpally,130,Drumstick,130,Common,0.0,316.0,2000.0,5000.0,4000.0,0.0,0.0
2025-10-19 00:00:00+05:30,367,Gudimalkapur,1571,Gudumalkapur,155,Donda,155,Common,0.0,258.0,500.0,2000.0,1000.0,0.0,0.0
2025-10-20 00:00:00+05:30,324,Bowenpally,3,Bowenpally,130,Drumstick,130,Common,0.0,424.0,2000.0,6000.0,5000.0,0.0,0.0
2025-10-20 00:00:00+05:30,367,Gudimalkapur,1571,Gudumalkapur,155,Donda,155,Common,0.0,128.0,600.0,2000.0,800.0,0.0,0.0
2025-10-22 00:00:00+05:30,324,Bowenpally,3,Bowenpally,130,Drumstick,130,Common,0.0,224.0,2000.0,8000.0,5500.0,0.0,0.0
2025-10-22 00:00:00+05:30,367,Gudimalkapur,1571,Gudumalkapur,155,Donda,155,Common,0.0,147.0,1600.0,2500.0,2000.0,0.0,0.0
2025-10-23 00:00:00+05:30,324,Bowenpally,3,Bowenpally,130,Drumstick,130,Common,0.0,224.0,2000.0,8000.0,5500.0,0.0,0.0
2025-10-23 00:00:00+05:30,367,Gudimalkapur,1571,Gudumalkapur,155,Donda,155,Common,0.0,225.0,1600.0,3000.0,2000.0,0.0,0.0
2025-10-24 00:00:00+05:30,324,Bowenpally,3,Bowenpally,130,Drumstick,130,Common,0.0,353.0,2000.0,7000.0,5000.0,0.0,0.0
2025-10-24 00:00:00+05:30,367,Gudimalkapur,1571,Gudumalkapur,155,Donda,155,Common,0.0,122.0,1600.0,2400.0,1800.0,0.0,0.0
2025-10-25 00:00:00+05:30,324,Bowenpally,3,Bowenpally,130,Drumstick,130,Common,0.0,446.0,3000.0,10000.0,7000.0,0.0,0.0
2025-10-25 00:00:00+05:30,367,Gudimalkapur,1571,Gudumalkapur,155,Donda,155,Common,0.0,167.0,1600.0,2200.0,2000.0,0.0,0.0
2025-10-26 00:00:00+05:30,324,Bowenpally,3,Bowenpally,130,Drumstick,130,Common,0.0,432.0,4000.0,10000.0,7500.0,0.0,0.0
2025-10-26 00:00:00+05:30,367,Gudimalkapur,1571,Gudumalkapur,155,Donda,155,Common,0.0,187.0,1800.0,4000.0,2400.0,0.0,0.0
2025-10-27 00:00:00+05:30,324,Bowenpally,3,Bowenpally,130,Drumstick,130,Common,0.0,516.0,3000.0,10000.0,7000.0,0.0,0.0
2025-10-27 00:00:00+05:30,367,Gudimalkapur,1571,Gudumalkapur,155,Donda,155,Common,0.0,171.0,1800.0,2500.0,2000.0,0.0,0.0
2025-10-28 00:00:00+05:30,324,Bowenpally,3,Bowenpally,130,Drumstick,130,Common,0.0,302.0,2000.0,8000.0,5500.0,0.0,0.0
2025-10-28 00:00:00+05:30,367,Gudimalkapur,1571,Gudumalkapur,155,Donda,155,Common,0.0,177.0,1300.0,2800.0,2000.0,0.0,0.0
2025-10-29 00:00:00+05:30,324,Bowenpally,3,Bowenpally,130,Drumstick,130,Common,0.0,238.0,2000.0,8000.0,5500.0,0.0,0.0
2025-10-29 00:00:00+05:30,367,Gudimalkapur,1571,Gudumalkapur,155,Donda,155,Common,0.0,182.0,1800.0,4000.0,2200.0,0.0,0.0
2025-10-30 00:00:00+05:30,324,Bowenpally,3,Bowenpally,130,Drumstick,130,Common,0.0,222.0,3000.0,9000.0,6500.0,0.0,0.0
2025-10-30 00:00:00+05:30,367,Gudimalkapur,1571,Gudumalkapur,155,Donda,155,Common,0.0,88.0,2000.0,2500.0,2200.0,0.0,0.0
2025-10-31 00:00:00+05:30,324,Bowenpally,3,Bowenpally,130,Drumstick,130,Common,0.0,239.0,2000.0,8000.0,5500.0,0.0,0.0
2025-10-31 00:00:00+05:30,367,Gudimalkapur,1571,Gudumalkapur,155,Donda,155,Common,0.0,218.0,1800.0,3500.0,2200.0,0.0,0.0
2025-10-27 00:00:00+05:30,331,Vantimamidi,1612,Vantimamidi,155,Donda,155,Common,0.0,33.0,2000.0,4000.0,3000.0,0.0,0.0
2025-10-26 00:00:00+05:30,331,Vantimamidi,1612,Vantimamidi,155,Donda,155,Common,0.0,17.0,2000.0,3500.0,2750.0,0.0,0.0
2025-10-25 00:00:00+05:30,331,Vantimamidi,1612,Vantimamidi,155,Donda,155,Common,0.0,27.0,2000.0,3000.0,2500.0,0.0,0.0
2025-10-24 00:00:00+05:30,331,Vantimamidi,1612,Vantimamidi,155,Donda,155,Common,0.0,23.0,2000.0,3500.0,2750.0,0.0,0.0
2025-10-23 00:00:00+05:30,331,Vantimamidi,1612,Vantimamidi,155,Donda,155,Common,0.0,18.0,2000.0,2600.0,2300.0,0.0,0.0
2025-10-22 00:00:00+05:30,331,Vantimamidi,1612,Vantimamidi,155,Donda,155,Common,0.0,50.0,1200.0,2200.0,1700.0,0.0,0.0
2025-10-21 00:00:00+05:30,331,Vantimamidi,1612,Vantimamidi,155,Donda,155,Common,0.0,25.0,1000.0,2000.0,1500.0,0.0,0.0
2025-10-19 00:00:00+05:30,331,Vantimamidi,1612,Vantimamidi,155,Donda,155,Common,0.0,11.0,1500.0,2200.0,1850.0,0.0,0.0
2025-10-18 00:00:00+05:30,331,Vantimamidi,1612,Vantimamidi,155,Donda,155,Common,0.0,30.0,1500.0,2000.0,1750.0,0.0,0.0
2025-10-17 00:00:00+05:30,331,Vantimamidi,1612,Vantimamidi,155,Donda,155,Common,0.0,24.0,2000.0,2600.0,2300.0,0.0,0.0
2025-10-16 00:00:00+05:30,331,Vantimamidi,1612,Vantimamidi,155,Donda,155,Common,0.0,39.0,2000.0,3200.0,2600.0,0.0,0.0
2025-10-16 00:00:00+05:30,324,Bowenpally,3,Bowenpally,147,Green Tamarind,147,Common,0.0,31.0,1000.0,3000.0,2500.0,0.0,0.0
2025-10-15 00:00:00+05:30,331,Vantimamidi,1612,Vantimamidi,155,Donda,155,Common,0.0,34.0,2000.0,3000.0,2500.0,0.0,0.0
2025-10-15 00:00:00+05:30,324,Bowenpally,3,Bowenpally,147,Green Tamarind,147,Common,0.0,29.0,1000.0,3000.0,2500.0,0.0,0.0
2025-10-14 00:00:00+05:30,331,Vantimamidi,1612,Vantimamidi,155,Donda,155,Common,0.0,32.0,2000.0,3000.0,2500.0,0.0,0.0
2025-10-14 00:00:00+05:30,324,Bowenpally,3,Bowenpally,147,Green Tamarind,147,Common,0.0,60.0,1000.0,3000.0,2500.0,0.0,0.0
2025-10-13 00:00:00+05:30,331,Vantimamidi,1612,Vantimamidi,155,Donda,155,Common,0.0,28.0,2000.0,3000.0,2500.0,0.0,0.0
2025-10-12 00:00:00+05:30,331,Vantimamidi,1612,Vantimamidi,155,Donda,155,Common,0.0,27.0,2000.0,3000.0,2500.0,0.0,0.0
2025-10-11 00:00:00+05:30,331,Vantimamidi,1612,Vantimamidi,155,Donda,155,Common,0.0,35.0,2500.0,3000.0,2750.0,0.0,0.0
2025-10-10 00:00:00+05:30,331,Vantimamidi,1612,Vantimamidi,155,Donda,155,Common,0.0,28.0,1500.0,2000.0,1750.0,0.0,0.0
2025-10-09 00:00:00+05:30,331,Vantimamidi,1612,Vantimamidi,155,Donda,155,Common,0.0,22.0,2000.0,3500.0,2750.0,0.0,0.0
2025-10-08 00:00:00+05:30,331,Vantimamidi,1612,Vantimamidi,155,Donda,155,Common,0.0,23.0,2000.0,3500.0,2750.0,0.0,0.0
2025-10-07 00:00:00+05:30,331,Vantimamidi,1612,Vantimamidi,155,Donda,155,Common,0.0,23.0,2000.0,3500.0,2750.0,0.0,0.0
2025-10-06 00:00:00+05:30,331,Vantimamidi,1612,Vantimamidi,155,Donda,155,Common,0.0,23.0,2000.0,3500.0,2750.0,0.0,0.0
2025-10-05 00:00:00+05:30,331,Vantimamidi,1612,Vantimamidi,155,Donda,155,Common,0.0,12.0,2000.0,3000.0,2500.0,0.0,0.0
2025-10-03 00:00:00+05:30,331,Vantimamidi,1612,Vantimamidi,155,Donda,155,Common,0.0,5.0,2500.0,3000.0,2750.0,0.0,0.0
2025-10-04 00:00:00+05:30,331,Vantimamidi,1612,Vantimamidi,155,Donda,155,Common,0.0,17.0,2000.0,2800.0,2400.0,0.0,0.0
2025-10-02 00:00:00+05:30,324,Bowenpally,3,Bowenpally,147,Green Tamarind,147,Common,0.0,6.0,1500.0,3000.0,2500.0,0.0,0.0
2025-10-01 00:00:00+05:30,331,Vantimamidi,1612,Vantimamidi,155,Donda,155,Common,0.0,3.0,2600.0,2600.0,2600.0,0.0,0.0
2025-10-31 00:00:00+05:30,331,Vantimamidi,1612,Vantimamidi,155,Donda,155,Common,0.0,25.0,2000.0,3000.0,2500.0,0.0,0.0
2025-10-30 00:00:00+05:30,331,Vantimamidi,1612,Vantimamidi,155,Donda,155,Common,0.0,9.0,2000.0,3200.0,2600.0,0.0,0.0
2025-10-29 00:00:00+05:30,331,Vantimamidi,1612,Vantimamidi,155,Donda,155,Common,0.0,4.0,2000.0,3000.0,2500.0,0.0,0.0
2025-10-29 00:00:00+05:30,324,Bowenpally,3,Bowenpally,147,Green Tamarind,147,Common,0.0,17.0,1000.0,3000.0,2500.0,0.0,0.0
2025-10-28 00:00:00+05:30,331,Vantimamidi,1612,Vantimamidi,155,Donda,155,Common,0.0,13.0,2000.0,2500.0,2250.0,0.0,0.0
2025-10-01 00:00:00+05:30,331,Vantimamidi,1612,Vantimamidi,195,Lobha,199,Common,0.0,1.0,1500.0,2000.0,1750.0,0.0,0.0
2025-10-02 00:00:00+05:30,324,Bowenpally,3,Bowenpally,148,Culinery Banana,148,Common,0.0,88.0,300.0,800.0,600.0,0.0,0.0
2025-10-01 00:00:00+05:30,367,Gudimalkapur,1571,Gudumalkapur,195,Lobha,199,Common,0.0,4.0,1600.0,1600.0,1600.0,0.0,0.0
2025-10-01 00:00:00+05:30,324,Bowenpally,3,Bowenpally,148,Culinery Banana,148,Common,0.0,130.0,300.0,800.0,700.0,0.0,0.0
2025-10-04 00:00:00+05:30,331,Vantimamidi,1612,Vantimamidi,195,Lobha,199,Common,0.0,6.0,1200.0,2000.0,1600.0,0.0,0.0
2025-10-04 00:00:00+05:30,367,Gudimalkapur,1571,Gudumalkapur,195,Lobha,199,Common,0.0,4.0,1000.0,1500.0,1200.0,0.0,0.0
2025-10-03 00:00:00+05:30,331,Vantimamidi,1612,Vantimamidi,195,Lobha,199,Common,0.0,5.0,1000.0,1500.0,1250.0,0.0,0.0
2025-10-04 00:00:00+05:30,324,Bowenpally,3,Bowenpally,148,Culinery Banana,148,Common,0.0,352.0,300.0,800.0,500.0,0.0,0.0
2025-10-03 00:00:00+05:30,324,Bowenpally,3,Bowenpally,148,Culinery Banana,148,Common,0.0,107.0,300.0,600.0,500.0,0.0,0.0
2025-10-05 00:00:00+05:30,331,Vantimamidi,1612,Vantimamidi,195,Lobha,199,Common,0.0,2.0,1600.0,1600.0,1600.0,0.0,0.0
2025-10-06 00:00:00+05:30,246,Warangal,886,Warangal,54,Chillies(Dry),268,Talu,0.0,36.0,3000.0,6500.0,5000.0,0.0,0.0
2025-10-06 00:00:00+05:30,324,Bowenpally,3,Bowenpally,148,Culinery Banana,148,Common,0.0,363.0,400.0,800.0,700.0,0.0,0.0
2025-10-05 00:00:00+05:30,367,Gudimalkapur,1571,Gudumalkapur,195,Lobha,199,Common,0.0,2.0,1400.0,1400.0,1400.0,0.0,0.0
2025-10-05 00:00:00+05:30,324,Bowenpally,3,Bowenpally,148,Culinery Banana,148,Common,0.0,242.0,300.0,800.0,700.0,0.0,0.0
2025-10-06 00:00:00+05:30,331,Vantimamidi,1612,Vantimamidi,195,Lobha,199,Common,0.0,2.0,1000.0,1800.0,1400.0,0.0,0.0
2025-10-06 00:00:00+05:30,367,Gudimalkapur,1571,Gudumalkapur,195,Lobha,199,Common,0.0,1.0,2000.0,2000.0,2000.0,0.0,0.0
2025-10-07 00:00:00+05:30,324,Bowenpally,3,Bowenpally,148,Culinery Banana,148,Common,0.0,244.0,400.0,800.0,700.0,0.0,0.0
2025-10-07 00:00:00+05:30,246,Warangal,886,Warangal,54,Chillies(Dry),268,Talu,0.0,88.0,2000.0,7500.0,6100.0,0.0,0.0
2025-10-07 00:00:00+05:30,331,Vantimamidi,1612,Vantimamidi,195,Lobha,199,Common,0.0,2.0,1000.0,1800.0,1400.0,0.0,0.0
2025-10-08 00:00:00+05:30,324,Bowenpally,3,Bowenpally,148,Culinery Banana,148,Common,0.0,395.0,400.0,800.0,700.0,0.0,0.0
2025-10-08 00:00:00+05:30,246,Warangal,886,Warangal,54,Chillies(Dry),268,Talu,0.0,8.0,5000.0,6500.0,5500.0,0.0,0.0
2025-10-08 00:00:00+05:30,331,Vantimamidi,1612,Vantimamidi,195,Lobha,199,Common,0.0,2.0,1000.0,1800.0,1400.0,0.0,0.0
2025-10-08 00:00:00+05:30,367,Gudimalkapur,1571,Gudumalkapur,195,Lobha,199,Common,0.0,2.0,2000.0,2000.0,2000.0,0.0,0.0
2025-10-09 00:00:00+05:30,324,Bowenpally,3,Bowenpally,148,Culinery Banana,148,Common,0.0,391.0,200.0,800.0,600.0,0.0,0.0
2025-10-09 00:00:00+05:30,367,Gudimalkapur,1571,Gudumalkapur,195,Lobha,199,Common,0.0,3.0,1500.0,1500.0,1500.0,0.0,0.0
2025-10-09 00:00:00+05:30,246,Warangal,886,Warangal,54,Chillies(Dry),268,Talu,0.0,18.0,2000.0,6000.0,4000.0,0.0,0.0
2025-10-09 00:00:00+05:30,331,Vantimamidi,1612,Vantimamidi,195,Lobha,199,Common,0.0,2.0,1000.0,1500.0,1250.0,0.0,0.0
2025-10-10 00:00:00+05:30,324,Bowenpally,3,Bowenpally,148,Culinery Banana,148,Common,0.0,165.0,400.0,600.0,550.0,0.0,0.0
2025-10-10 00:00:00+05:30,246,Warangal,886,Warangal,54,Chillies(Dry),268,Talu,0.0,8.0,3000.0,7000.0,4000.0,0.0,0.0
2025-10-10 00:00:00+05:30,331,Vantimamidi,1612,Vantimamidi,195,Lobha,199,Common,0.0,10.0,2000.0,2500.0,2250.0,0.0,0.0
2025-10-10 00:00:00+05:30,367,Gudimalkapur,1571,Gudumalkapur,195,Lobha,199,Common,0.0,4.0,1400.0,1400.0,1400.0,0.0,0.0
2025-10-11 00:00:00+05:30,331,Vantimamidi,1612,Vantimamidi,195,Lobha,199,Common,0.0,3.0,1500.0,2000.0,1750.0,0.0,0.0
2025-10-11 00:00:00+05:30,367,Gudimalkapur,1571,Gudumalkapur,195,Lobha,199,Common,0.0,1.0,2500.0,2500.0,2500.0,0.0,0.0
2025-10-12 00:00:00+05:30,324,Bowenpally,3,Bowenpally,148,Culinery Banana,148,Common,0.0,415.0,400.0,800.0,700.0,0.0,0.0
2025-10-11 00:00:00+05:30,324,Bowenpally,3,Bowenpally,148,Culinery Banana,148,Common,0.0,308.0,200.0,600.0,500.0,0.0,0.0
2025-10-12 00:00:00+05:30,331,Vantimamidi,1612,Vantimamidi,195,Lobha,199,Common,0.0,4.0,1200.0,2000.0,1600.0,0.0,0.0
2025-10-12 00:00:00+05:30,367,Gudimalkapur,1571,Gudumalkapur,195,Lobha,199,Common,0.0,1.0,3000.0,3000.0,3000.0,0.0,0.0
2025-10-13 00:00:00+05:30,324,Bowenpally,3,Bowenpally,148,Culinery Banana,148,Common,0.0,295.0,300.0,800.0,600.0,0.0,0.0
2025-10-13 00:00:00+05:30,246,Warangal,886,Warangal,54,Chillies(Dry),268,Talu,0.0,40.0,3000.0,6000.0,5000.0,0.0,0.0
2025-10-13 00:00:00+05:30,331,Vantimamidi,1612,Vantimamidi,195,Lobha,199,Common,0.0,4.0,1200.0,2000.0,1600.0,0.0,0.0
2025-10-14 00:00:00+05:30,324,Bowenpally,3,Bowenpally,148,Culinery Banana,148,Common,0.0,381.0,300.0,800.0,700.0,0.0,0.0
2025-10-14 00:00:00+05:30,246,Warangal,886,Warangal,54,Chillies(Dry),268,Talu,0.0,8.0,3200.0,6000.0,4000.0,0.0,0.0
2025-10-14 00:00:00+05:30,331,Vantimamidi,1612,Vantimamidi,195,Lobha,199,Common,0.0,5.0,1000.0,2000.0,1500.0,0.0,0.0
2025-10-14 00:00:00+05:30,367,Gudimalkapur,1571,Gudumalkapur,195,Lobha,199,Common,0.0,2.0,1200.0,1200.0,1200.0,0.0,0.0
2025-10-15 00:00:00+05:30,324,Bowenpally,3,Bowenpally,148,Culinery Banana,148,Common,0.0,239.0,300.0,800.0,600.0,0.0,0.0
2025-10-15 00:00:00+05:30,246,Warangal,886,Warangal,54,Chillies(Dry),268,Talu,0.0,19.0,3000.0,6500.0,4000.0,0.0,0.0
2025-10-15 00:00:00+05:30,331,Vantimamidi,1612,Vantimamidi,195,Lobha,199,Common,0.0,5.0,800.0,1500.0,1150.0,0.0,0.0
2025-10-15 00:00:00+05:30,367,Gudimalkapur,1571,Gudumalkapur,195,Lobha,199,Common,0.0,3.0,1000.0,1600.0,1600.0,0.0,0.0
2025-10-16 00:00:00+05:30,324,Bowenpally,3,Bowenpally,148,Culinery Banana,148,Common,0.0,332.0,300.0,800.0,700.0,0.0,0.0
2025-10-16 00:00:00+05:30,246,Warangal,886,Warangal,54,Chillies(Dry),268,Talu,0.0,14.0,3000.0,6000.0,5000.0,0.0,0.0
2025-10-16 00:00:00+05:30,331,Vantimamidi,1612,Vantimamidi,195,Lobha,199,Common,0.0,4.0,1000.0,2000.0,1500.0,0.0,0.0
2025-10-17 00:00:00+05:30,324,Bowenpally,3,Bowenpally,148,Culinery Banana,148,Common,0.0,250.0,300.0,700.0,600.0,0.0,0.0
2025-10-16 00:00:00+05:30,367,Gudimalkapur,1571,Gudumalkapur,195,Lobha,199,Common,0.0,2.0,900.0,1200.0,1000.0,0.0,0.0
2025-10-17 00:00:00+05:30,331,Vantimamidi,1612,Vantimamidi,195,Lobha,199,Common,0.0,1.0,1500.0,1500.0,1500.0,0.0,0.0
2025-10-17 00:00:00+05:30,367,Gudimalkapur,1571,Gudumalkapur,195,Lobha,199,Common,0.0,4.0,900.0,1100.0,1000.0,0.0,0.0
2025-10-18 00:00:00+05:30,324,Bowenpally,3,Bowenpally,148,Culinery Banana,148,Common,0.0,366.0,300.0,800.0,700.0,0.0,0.0
2025-10-17 00:00:00+05:30,246,Warangal,886,Warangal,54,Chillies(Dry),268,Talu,0.0,13.0,4000.0,5000.0,5000.0,0.0,0.0
2025-10-18 00:00:00+05:30,331,Vantimamidi,1612,Vantimamidi,195,Lobha,199,Common,0.0,8.0,3000.0,3500.0,3250.0,0.0,0.0
2025-10-18 00:00:00+05:30,367,Gudimalkapur,1571,Gudumalkapur,195,Lobha,199,Common,0.0,1.0,1500.0,1500.0,1500.0,0.0,0.0
2025-10-19 00:00:00+05:30,324,Bowenpally,3,Bowenpally,148,Culinery Banana,148,Common,0.0,316.0,400.0,800.0,700.0,0.0,0.0
2025-10-19 00:00:00+05:30,331,Vantimamidi,1612,Vantimamidi,195,Lobha,199,Common,0.0,1.0,2000.0,2000.0,2000.0,0.0,0.0
2025-10-19 00:00:00+05:30,367,Gudimalkapur,1571,Gudumalkapur,195,Lobha,199,Common,0.0,2.0,2000.0,2000.0,2000.0,0.0,0.0
2025-10-21 00:00:00+05:30,331,Vantimamidi,1612,Vantimamidi,195,Lobha,199,Common,0.0,12.0,2500.0,3000.0,2750.0,0.0,0.0
2025-10-22 00:00:00+05:30,324,Bowenpally,3,Bowenpally,148,Culinery Banana,148,Common,0.0,404.0,300.0,800.0,700.0,0.0,0.0
2025-10-20 00:00:00+05:30,367,Gudimalkapur,1571,Gudumalkapur,195,Lobha,199,Common,0.0,2.0,1000.0,1000.0,1000.0,0.0,0.0
2025-10-20 00:00:00+05:30,324,Bowenpally,3,Bowenpally,148,Culinery Banana,148,Common,0.0,331.0,300.0,800.0,600.0,0.0,0.0
2025-10-22 00:00:00+05:30,331,Vantimamidi,1612,Vantimamidi,195,Lobha,199,Common,0.0,4.0,2000.0,2500.0,2250.0,0.0,0.0
2025-10-22 00:00:00+05:30,367,Gudimalkapur,1571,Gudumalkapur,195,Lobha,199,Common,0.0,3.0,1500.0,2000.0,1800.0,0.0,0.0
2025-10-23 00:00:00+05:30,324,Bowenpally,3,Bowenpally,148,Culinery Banana,148,Common,0.0,404.0,300.0,800.0,700.0,0.0,0.0
2025-10-23 00:00:00+05:30,246,Warangal,886,Warangal,54,Chillies(Dry),268,Talu,0.0,11.0,2500.0,5000.0,3000.0,0.0,0.0
2025-10-23 00:00:00+05:30,331,Vantimamidi,1612,Vantimamidi,195,Lobha,199,Common,0.0,3.0,1000.0,2000.0,1500.0,0.0,0.0
2025-10-24 00:00:00+05:30,324,Bowenpally,3,Bowenpally,148,Culinery Banana,148,Common,0.0,313.0,200.0,800.0,600.0,0.0,0.0
2025-10-23 00:00:00+05:30,367,Gudimalkapur,1571,Gudumalkapur,195,Lobha,199,Common,0.0,2.0,3500.0,3500.0,3500.0,0.0,0.0
2025-10-24 00:00:00+05:30,246,Warangal,886,Warangal,54,Chillies(Dry),268,Talu,0.0,9.0,3000.0,4000.0,3500.0,0.0,0.0
2025-10-24 00:00:00+05:30,331,Vantimamidi,1612,Vantimamidi,195,Lobha,199,Common,0.0,4.0,1500.0,2500.0,2000.0,0.0,0.0
2025-10-24 00:00:00+05:30,367,Gudimalkapur,1571,Gudumalkapur,195,Lobha,199,Common,0.0,3.0,1000.0,1600.0,1300.0,0.0,0.0
2025-10-25 00:00:00+05:30,324,Bowenpally,3,Bowenpally,148,Culinery Banana,148,Common,0.0,381.0,200.0,800.0,600.0,0.0,0.0
2025-10-25 00:00:00+05:30,331,Vantimamidi,1612,Vantimamidi,195,Lobha,199,Common,0.0,2.0,1000.0,2000.0,1500.0,0.0,0.0
2025-10-25 00:00:00+05:30,367,Gudimalkapur,1571,Gudumalkapur,195,Lobha,199,Common,0.0,4.0,2000.0,2000.0,2000.0,0.0,0.0
2025-10-26 00:00:00+05:30,331,Vantimamidi,1612,Vantimamidi,195,Lobha,199,Common,0.0,3.0,1500.0,2000.0,1750.0,0.0,0.0
2025-10-27 00:00:00+05:30,246,Warangal,886,Warangal,54,Chillies(Dry),268,Talu,0.0,19.0,4000.0,5800.0,4500.0,0.0,0.0
2025-10-27 00:00:00+05:30,324,Bowenpally,3,Bowenpally,148,Culinery Banana,148,Common,0.0,365.0,400.0,800.0,700.0,0.0,0.0
2025-10-26 00:00:00+05:30,367,Gudimalkapur,1571,Gudumalkapur,195,Lobha,199,Common,0.0,4.0,2000.0,2000.0,2000.0,0.0,0.0
2025-10-26 00:00:00+05:30,324,Bowenpally,3,Bowenpally,148,Culinery Banana,148,Common,0.0,391.0,400.0,800.0,700.0,0.0,0.0
2025-10-27 00:00:00+05:30,331,Vantimamidi,1612,Vantimamidi,195,Lobha,199,Common,0.0,6.0,1200.0,2500.0,1850.0,0.0,0.0
2025-10-28 00:00:00+05:30,324,Bowenpally,3,Bowenpally,148,Culinery Banana,148,Common,0.0,450.0,300.0,800.0,600.0,0.0,0.0
2025-10-27 00:00:00+05:30,367,Gudimalkapur,1571,Gudumalkapur,195,Lobha,199,Common,0.0,1.0,3500.0,3500.0,3500.0,0.0,0.0
2025-10-28 00:00:00+05:30,331,Vantimamidi,1612,Vantimamidi,195,Lobha,199,Common,0.0,7.0,1000.0,2000.0,1500.0,0.0,0.0
2025-10-28 00:00:00+05:30,367,Gudimalkapur,1571,Gudumalkapur,195,Lobha,199,Common,0.0,6.0,1300.0,2000.0,1500.0,0.0,0.0
2025-10-29 00:00:00+05:30,324,Bowenpally,3,Bowenpally,148,Culinery Banana,148,Common,0.0,226.0,300.0,800.0,700.0,0.0,0.0
2025-10-28 00:00:00+05:30,246,Warangal,886,Warangal,54,Chillies(Dry),268,Talu,0.0,15.0,2500.0,5000.0,4000.0,0.0,0.0
2025-10-29 00:00:00+05:30,331,Vantimamidi,1612,Vantimamidi,195,Lobha,199,Common,0.0,3.0,1500.0,2000.0,1750.0,0.0,0.0
2025-10-29 00:00:00+05:30,367,Gudimalkapur,1571,Gudumalkapur,195,Lobha,199,Common,0.0,5.0,2000.0,3000.0,2500.0,0.0,0.0
2025-10-29 00:00:00+05:30,246,Warangal,886,Warangal,54,Chillies(Dry),268,Talu,0.0,4.0,4500.0,4500.0,4500.0,0.0,0.0
2025-10-30 00:00:00+05:30,324,Bowenpally,3,Bowenpally,148,Culinery Banana,148,Common,0.0,170.0,400.0,800.0,700.0,0.0,0.0
2025-10-30 00:00:00+05:30,331,Vantimamidi,1612,Vantimamidi,195,Lobha,199,Common,0.0,3.0,1000.0,2000.0,1500.0,0.0,0.0
2025-10-30 00:00:00+05:30,367,Gudimalkapur,1571,Gudumalkapur,195,Lobha,199,Common,0.0,1.0,3000.0,3000.0,3000.0,0.0,0.0
2025-10-31 00:00:00+05:30,324,Bowenpally,3,Bowenpally,148,Culinery Banana,148,Common,0.0,298.0,400.0,800.0,700.0,0.0,0.0
2025-10-31 00:00:00+05:30,331,Vantimamidi,1612,Vantimamidi,195,Lobha,199,Common,0.0,1.0,2000.0,2000.0,2000.0,0.0,0.0
2025-10-31 00:00:00+05:30,367,Gudimalkapur,1571,Gudumalkapur,195,Lobha,199,Common,0.0,2.0,1600.0,2000.0,1800.0,0.0,0.0
2025-10-27 00:00:00+05:30,367,Gudimalkapur,1571,Gudumalkapur,197,Green Mangos,202,Common,0.0,2.0,1200.0,1700.0,1500.0,0.0,0.0
2025-10-28 00:00:00+05:30,324,Bowenpally,3,Bowenpally,154,Amla,154,Common,0.0,372.0,2000.0,6000.0,4500.0,0.0,0.0
2025-10-26 00:00:00+05:30,324,Bowenpally,3,Bowenpally,154,Amla,154,Common,0.0,378.0,2000.0,6000.0,4500.0,0.0,0.0
2025-10-26 00:00:00+05:30,367,Gudimalkapur,1571,Gudumalkapur,197,Green Mangos,202,Common,0.0,2.0,1600.0,2200.0,1800.0,0.0,0.0
2025-10-27 00:00:00+05:30,324,Bowenpally,3,Bowenpally,154,Amla,154,Common,0.0,294.0,2000.0,6000.0,4500.0,0.0,0.0
2025-10-25 00:00:00+05:30,367,Gudimalkapur,1571,Gudumalkapur,197,Green Mangos,202,Common,0.0,2.0,1300.0,1800.0,1500.0,0.0,0.0
2025-10-25 00:00:00+05:30,331,Vantimamidi,1612,Vantimamidi,199,Capsicum,204,Common,0.0,4.0,2000.0,2000.0,2000.0,0.0,0.0
2025-10-25 00:00:00+05:30,324,Bowenpally,3,Bowenpally,154,Amla,154,Common,0.0,673.0,2000.0,6000.0,4500.0,0.0,0.0
2025-10-24 00:00:00+05:30,367,Gudimalkapur,1571,Gudumalkapur,197,Green Mangos,202,Common,0.0,2.0,1000.0,1500.0,1200.0,0.0,0.0
2025-10-23 00:00:00+05:30,367,Gudimalkapur,1571,Gudumalkapur,197,Green Mangos,202,Common,0.0,2.0,900.0,1100.0,1000.0,0.0,0.0
2025-10-24 00:00:00+05:30,324,Bowenpally,3,Bowenpally,154,Amla,154,Common,0.0,280.0,1000.0,3000.0,2500.0,0.0,0.0
2025-10-23 00:00:00+05:30,331,Vantimamidi,1612,Vantimamidi,199,Capsicum,204,Common,0.0,2.0,2000.0,2000.0,2000.0,0.0,0.0
2025-10-23 00:00:00+05:30,324,Bowenpally,3,Bowenpally,154,Amla,154,Common,0.0,363.0,2000.0,7000.0,5000.0,0.0,0.0
2025-10-22 00:00:00+05:30,367,Gudimalkapur,1571,Gudumalkapur,197,Green Mangos,202,Common,0.0,3.0,1800.0,2200.0,2000.0,0.0,0.0
2025-10-22 00:00:00+05:30,331,Vantimamidi,1612,Vantimamidi,199,Capsicum,204,Common,0.0,4.0,2000.0,2000.0,2000.0,0.0,0.0
2025-10-20 00:00:00+05:30,324,Bowenpally,3,Bowenpally,154,Amla,154,Common,0.0,42.0,2000.0,6000.0,5000.0,0.0,0.0
2025-10-20 00:00:00+05:30,367,Gudimalkapur,1571,Gudumalkapur,197,Green Mangos,202,Common,0.0,2.0,1300.0,1800.0,1500.0,0.0,0.0
2025-10-22 00:00:00+05:30,324,Bowenpally,3,Bowenpally,154,Amla,154,Common,0.0,363.0,2000.0,7000.0,5000.0,0.0,0.0
2025-10-19 00:00:00+05:30,367,Gudimalkapur,1571,Gudumalkapur,197,Green Mangos,202,Common,0.0,3.0,1000.0,1600.0,1200.0,0.0,0.0
2025-10-19 00:00:00+05:30,331,Vantimamidi,1612,Vantimamidi,199,Capsicum,204,Common,0.0,3.0,1000.0,1000.0,1000.0,0.0,0.0
2025-10-19 00:00:00+05:30,324,Bowenpally,3,Bowenpally,154,Amla,154,Common,0.0,4.0,2000.0,4000.0,3500.0,0.0,0.0
2025-10-18 00:00:00+05:30,331,Vantimamidi,1612,Vantimamidi,199,Capsicum,204,Common,0.0,9.0,1500.0,2000.0,1750.0,0.0,0.0
2025-10-18 00:00:00+05:30,324,Bowenpally,3,Bowenpally,154,Amla,154,Common,0.0,347.0,2000.0,5500.0,4200.0,0.0,0.0
2025-10-17 00:00:00+05:30,367,Gudimalkapur,1571,Gudumalkapur,197,Green Mangos,202,Common,0.0,2.0,1000.0,1600.0,1200.0,0.0,0.0
2025-10-16 00:00:00+05:30,367,Gudimalkapur,1571,Gudumalkapur,197,Green Mangos,202,Common,0.0,1.0,1600.0,1600.0,1600.0,0.0,0.0
2025-10-17 00:00:00+05:30,324,Bowenpally,3,Bowenpally,154,Amla,154,Common,0.0,150.0,2000.0,6000.0,4500.0,0.0,0.0
2025-10-16 00:00:00+05:30,331,Vantimamidi,1612,Vantimamidi,199,Capsicum,204,Common,0.0,5.0,2000.0,2000.0,2000.0,0.0,0.0
2025-10-16 00:00:00+05:30,324,Bowenpally,3,Bowenpally,154,Amla,154,Common,0.0,162.0,2000.0,6000.0,4500.0,0.0,0.0
2025-10-15 00:00:00+05:30,367,Gudimalkapur,1571,Gudumalkapur,197,Green Mangos,202,Common,0.0,1.0,1300.0,2000.0,1500.0,0.0,0.0
2025-10-15 00:00:00+05:30,331,Vantimamidi,1612,Vantimamidi,199,Capsicum,204,Common,0.0,4.0,2000.0,2000.0,2000.0,0.0,0.0
2025-10-15 00:00:00+05:30,324,Bowenpally,3,Bowenpally,154,Amla,154,Common,0.0,72.0,2000.0,6000.0,4500.0,0.0,0.0
2025-10-14 00:00:00+05:30,367,Gudimalkapur,1571,Gudumalkapur,197,Green Mangos,202,Common,0.0,2.0,3000.0,3000.0,3000.0,0.0,0.0
2025-10-14 00:00:00+05:30,324,Bowenpally,3,Bowenpally,154,Amla,154,Common,0.0,275.0,2000.0,6000.0,5000.0,0.0,0.0
2025-10-13 00:00:00+05:30,367,Gudimalkapur,1571,Gudumalkapur,197,Green Mangos,202,Common,0.0,2.0,1300.0,2000.0,1500.0,0.0,0.0
2025-10-13 00:00:00+05:30,324,Bowenpally,3,Bowenpally,154,Amla,154,Common,0.0,83.0,2000.0,6500.0,4600.0,0.0,0.0
2025-10-11 00:00:00+05:30,324,Bowenpally,3,Bowenpally,154,Amla,154,Common,0.0,64.0,2000.0,6500.0,4600.0,0.0,0.0
2025-10-12 00:00:00+05:30,324,Bowenpally,3,Bowenpally,154,Amla,154,Common,0.0,74.0,2000.0,6500.0,4600.0,0.0,0.0
2025-10-11 00:00:00+05:30,367,Gudimalkapur,1571,Gudumalkapur,197,Green Mangos,202,Common,0.0,6.0,1300.0,2000.0,1600.0,0.0,0.0
2025-10-11 00:00:00+05:30,331,Vantimamidi,1612,Vantimamidi,199,Capsicum,204,Common,0.0,3.0,2000.0,2000.0,2000.0,0.0,0.0
2025-10-10 00:00:00+05:30,367,Gudimalkapur,1571,Gudumalkapur,197,Green Mangos,202,Common,0.0,2.0,1000.0,1600.0,1200.0,0.0,0.0
2025-10-10 00:00:00+05:30,331,Vantimamidi,1612,Vantimamidi,199,Capsicum,204,Common,0.0,3.0,2000.0,2000.0,2000.0,0.0,0.0
2025-10-10 00:00:00+05:30,324,Bowenpally,3,Bowenpally,154,Amla,154,Common,0.0,265.0,2000.0,4000.0,3500.0,0.0,0.0
2025-10-09 00:00:00+05:30,331,Vantimamidi,1612,Vantimamidi,199,Capsicum,204,Common,0.0,5.0,2000.0,3000.0,2500.0,0.0,0.0
2025-10-09 00:00:00+05:30,367,Gudimalkapur,1571,Gudumalkapur,197,Green Mangos,202,Common,0.0,3.0,800.0,1000.0,900.0,0.0,0.0
2025-10-09 00:00:00+05:30,324,Bowenpally,3,Bowenpally,154,Amla,154,Common,0.0,67.0,2000.0,7000.0,5000.0,0.0,0.0
2025-10-08 00:00:00+05:30,367,Gudimalkapur,1571,Gudumalkapur,197,Green Mangos,202,Common,0.0,1.0,1800.0,1800.0,1800.0,0.0,0.0
2025-10-08 00:00:00+05:30,331,Vantimamidi,1612,Vantimamidi,199,Capsicum,204,Common,0.0,3.0,2000.0,2000.0,2000.0,0.0,0.0
2025-10-08 00:00:00+05:30,324,Bowenpally,3,Bowenpally,154,Amla,154,Common,0.0,126.0,2000.0,7000.0,5000.0,0.0,0.0
2025-10-07 00:00:00+05:30,367,Gudimalkapur,1571,Gudumalkapur,197,Green Mangos,202,Common,0.0,3.0,1400.0,1800.0,1000.0,0.0,0.0
2025-10-07 00:00:00+05:30,324,Bowenpally,3,Bowenpally,154,Amla,154,Common,0.0,16.0,2000.0,6000.0,4500.0,0.0,0.0
2025-10-05 00:00:00+05:30,324,Bowenpally,3,Bowenpally,154,Amla,154,Common,0.0,27.0,2000.0,6000.0,4500.0,0.0,0.0
2025-10-05 00:00:00+05:30,367,Gudimalkapur,1571,Gudumalkapur,197,Green Mangos,202,Common,0.0,4.0,2000.0,2500.0,2000.0,0.0,0.0
2025-10-06 00:00:00+05:30,324,Bowenpally,3,Bowenpally,154,Amla,154,Common,0.0,50.0,2000.0,7000.0,5000.0,0.0,0.0
2025-10-05 00:00:00+05:30,331,Vantimamidi,1612,Vantimamidi,199,Capsicum,204,Common,0.0,6.0,3000.0,3000.0,3000.0,0.0,0.0
2025-10-03 00:00:00+05:30,324,Bowenpally,3,Bowenpally,154,Amla,154,Common,0.0,60.0,2000.0,7000.0,5000.0,0.0,0.0
2025-10-04 00:00:00+05:30,324,Bowenpally,3,Bowenpally,154,Amla,154,Common,0.0,34.0,3000.0,7000.0,4500.0,0.0,0.0
2025-10-03 00:00:00+05:30,331,Vantimamidi,1612,Vantimamidi,199,Capsicum,204,Common,0.0,2.0,3000.0,3000.0,3000.0,0.0,0.0
2025-10-04 00:00:00+05:30,331,Vantimamidi,1612,Vantimamidi,199,Capsicum,204,Common,0.0,2.0,2000.0,2000.0,2000.0,0.0,0.0
2025-10-01 00:00:00+05:30,324,Bowenpally,3,Bowenpally,154,Amla,154,Common,0.0,8.0,2000.0,7000.0,5000.0,0.0,0.0
2025-10-01 00:00:00+05:30,367,Gudimalkapur,1571,Gudumalkapur,197,Green Mangos,202,Common,0.0,2.0,3000.0,3000.0,3000.0,0.0,0.0
2025-10-02 00:00:00+05:30,324,Bowenpally,3,Bowenpally,154,Amla,154,Common,0.0,26.0,2000.0,6000.0,5000.0,0.0,0.0
2025-10-31 00:00:00+05:30,367,Gudimalkapur,1571,Gudumalkapur,197,Green Mangos,202,Common,0.0,2.0,1600.0,2200.0,1800.0,0.0,0.0
2025-10-31 00:00:00+05:30,324,Bowenpally,3,Bowenpally,154,Amla,154,Common,0.0,659.0,2000.0,5500.0,4500.0,0.0,0.0
2025-10-30 00:00:00+05:30,324,Bowenpally,3,Bowenpally,154,Amla,154,Common,0.0,218.0,1500.0,5500.0,4000.0,0.0,0.0
2025-10-29 00:00:00+05:30,324,Bowenpally,3,Bowenpally,154,Amla,154,Common,0.0,320.0,2000.0,6000.0,4500.0,0.0,0.0
2025-10-28 00:00:00+05:30,367,Gudimalkapur,1571,Gudumalkapur,197,Green Mangos,202,Common,0.0,2.0,1300.0,2000.0,1500.0,0.0,0.0
2025-10-02 00:00:00+05:30,324,Bowenpally,3,Bowenpally,155,Donda,155,Common,0.0,195.0,800.0,3000.0,2500.0,0.0,0.0
2025-10-01 00:00:00+05:30,331,Vantimamidi,1612,Vantimamidi,234,Sweet Corn,280,Local,0.0,69.0,600.0,1500.0,1050.0,0.0,0.0
2025-10-02 00:00:00+05:30,367,Gudimalkapur,1571,Gudumalkapur,198,Arati-Green Plantain,203,Common,0.0,3.0,2000.0,3000.0,2000.0,0.0,0.0
2025-10-01 00:00:00+05:30,367,Gudimalkapur,1571,Gudumalkapur,198,Arati-Green Plantain,203,Common,0.0,2.0,1500.0,3000.0,2000.0,0.0,0.0
2025-10-01 00:00:00+05:30,324,Bowenpally,3,Bowenpally,155,Donda,155,Common,0.0,682.0,800.0,3000.0,2400.0,0.0,0.0
2025-10-04 00:00:00+05:30,331,Vantimamidi,1612,Vantimamidi,234,Sweet Corn,280,Local,0.0,520.0,400.0,1200.0,800.0,0.0,0.0
2025-10-04 00:00:00+05:30,367,Gudimalkapur,1571,Gudumalkapur,198,Arati-Green Plantain,203,Common,0.0,15.0,2000.0,3000.0,2500.0,0.0,0.0
2025-10-04 00:00:00+05:30,208,Nizamabad,1080,Nizamabad,75,Soyabean,213,White,0.0,1856.0,2208.0,4311.0,4180.0,0.0,0.0
2025-10-03 00:00:00+05:30,331,Vantimamidi,1612,Vantimamidi,234,Sweet Corn,280,Local,0.0,376.0,500.0,1400.0,950.0,0.0,0.0
2025-10-03 00:00:00+05:30,324,Bowenpally,3,Bowenpally,155,Donda,155,Common,0.0,393.0,600.0,3500.0,2800.0,0.0,0.0
2025-10-05 00:00:00+05:30,331,Vantimamidi,1612,Vantimamidi,234,Sweet Corn,280,Local,0.0,273.0,500.0,1400.0,950.0,0.0,0.0
2025-10-06 00:00:00+05:30,324,Bowenpally,3,Bowenpally,155,Donda,155,Common,0.0,845.0,1000.0,3000.0,2500.0,0.0,0.0
2025-10-05 00:00:00+05:30,367,Gudimalkapur,1571,Gudumalkapur,198,Arati-Green Plantain,203,Common,0.0,16.0,2000.0,3000.0,2500.0,0.0,0.0
2025-10-05 00:00:00+05:30,324,Bowenpally,3,Bowenpally,155,Donda,155,Common,0.0,930.0,800.0,3000.0,2400.0,0.0,0.0
2025-10-07 00:00:00+05:30,324,Bowenpally,3,Bowenpally,155,Donda,155,Common,0.0,1260.0,1000.0,3000.0,2500.0,0.0,0.0
2025-10-07 00:00:00+05:30,208,Nizamabad,1080,Nizamabad,75,Soyabean,213,White,0.0,2490.0,2900.0,4211.0,4043.0,0.0,0.0
2025-10-06 00:00:00+05:30,367,Gudimalkapur,1571,Gudumalkapur,198,Arati-Green Plantain,203,Common,0.0,19.0,2000.0,3000.0,2500.0,0.0,0.0
2025-10-06 00:00:00+05:30,331,Vantimamidi,1612,Vantimamidi,234,Sweet Corn,280,Local,0.0,195.0,500.0,1300.0,900.0,0.0,0.0
2025-10-07 00:00:00+05:30,367,Gudimalkapur,1571,Gudumalkapur,198,Arati-Green Plantain,203,Common,0.0,32.0,2000.0,3000.0,2500.0,0.0,0.0
2025-10-08 00:00:00+05:30,324,Bowenpally,3,Bowenpally,155,Donda,155,Common,0.0,1356.0,1000.0,3000.0,2500.0,0.0,0.0
2025-10-07 00:00:00+05:30,331,Vantimamidi,1612,Vantimamidi,234,Sweet Corn,280,Local,0.0,264.0,600.0,1400.0,1000.0,0.0,0.0
2025-10-08 00:00:00+05:30,208,Nizamabad,1080,Nizamabad,75,Soyabean,213,White,0.0,926.0,2208.0,4225.0,3965.0,0.0,0.0
2025-10-08 00:00:00+05:30,331,Vantimamidi,1612,Vantimamidi,234,Sweet Corn,280,Local,0.0,55.0,500.0,1400.0,950.0,0.0,0.0
2025-10-08 00:00:00+05:30,367,Gudimalkapur,1571,Gudumalkapur,198,Arati-Green Plantain,203,Common,0.0,39.0,2000.0,3000.0,2500.0,0.0,0.0
2025-10-09 00:00:00+05:30,324,Bowenpally,3,Bowenpally,155,Donda,155,Common,0.0,992.0,800.0,2500.0,2000.0,0.0,0.0
2025-10-09 00:00:00+05:30,367,Gudimalkapur,1571,Gudumalkapur,198,Arati-Green Plantain,203,Common,0.0,25.0,2000.0,3000.0,2500.0,0.0,0.0
2025-10-09 00:00:00+05:30,208,Nizamabad,1080,Nizamabad,75,Soyabean,213,White,0.0,825.0,2208.0,4251.0,4083.0,0.0,0.0
2025-10-09 00:00:00+05:30,331,Vantimamidi,1612,Vantimamidi,234,Sweet Corn,280,Local,0.0,57.0,500.0,1200.0,850.0,0.0,0.0
2025-10-10 00:00:00+05:30,324,Bowenpally,3,Bowenpally,155,Donda,155,Common,0.0,888.0,1000.0,2500.0,2000.0,0.0,0.0
2025-10-10 00:00:00+05:30,331,Vantimamidi,1612,Vantimamidi,234,Sweet Corn,280,Local,0.0,70.0,800.0,1800.0,1300.0,0.0,0.0
2025-10-10 00:00:00+05:30,367,Gudimalkapur,1571,Gudumalkapur,198,Arati-Green Plantain,203,Common,0.0,23.0,2000.0,3000.0,2500.0,0.0,0.0
2025-10-10 00:00:00+05:30,208,Nizamabad,1080,Nizamabad,75,Soyabean,213,White,0.0,1056.0,2850.0,4266.0,4178.0,0.0,0.0
2025-10-11 00:00:00+05:30,331,Vantimamidi,1612,Vantimamidi,234,Sweet Corn,280,Local,0.0,51.0,500.0,1300.0,900.0,0.0,0.0
2025-10-11 00:00:00+05:30,367,Gudimalkapur,1571,Gudumalkapur,198,Arati-Green Plantain,203,Common,0.0,45.0,1500.0,3000.0,2000.0,0.0,0.0
2025-10-12 00:00:00+05:30,324,Bowenpally,3,Bowenpally,155,Donda,155,Common,0.0,922.0,1000.0,2500.0,2000.0,0.0,0.0
2025-10-11 00:00:00+05:30,324,Bowenpally,3,Bowenpally,155,Donda,155,Common,0.0,948.0,800.0,2500.0,2000.0,0.0,0.0
2025-10-11 00:00:00+05:30,208,Nizamabad,1080,Nizamabad,75,Soyabean,213,White,0.0,1086.0,3008.0,4268.0,4085.0,0.0,0.0
2025-10-13 00:00:00+05:30,324,Bowenpally,3,Bowenpally,155,Donda,155,Common,0.0,915.0,800.0,2500.0,2000.0,0.0,0.0
2025-10-12 00:00:00+05:30,367,Gudimalkapur,1571,Gudumalkapur,198,Arati-Green Plantain,203,Common,0.0,46.0,1500.0,3000.0,2000.0,0.0,0.0
2025-10-12 00:00:00+05:30,331,Vantimamidi,1612,Vantimamidi,234,Sweet Corn,280,Local,0.0,42.0,500.0,1200.0,850.0,0.0,0.0
2025-10-13 00:00:00+05:30,367,Gudimalkapur,1571,Gudumalkapur,198,Arati-Green Plantain,203,Common,0.0,31.0,1500.0,3000.0,2000.0,0.0,0.0
2025-10-13 00:00:00+05:30,208,Nizamabad,1080,Nizamabad,75,Soyabean,213,White,0.0,2365.0,2085.0,4207.0,4165.0,0.0,0.0
2025-10-14 00:00:00+05:30,324,Bowenpally,3,Bowenpally,155,Donda,155,Common,0.0,1232.0,800.0,2000.0,1600.0,0.0,0.0
2025-10-13 00:00:00+05:30,331,Vantimamidi,1612,Vantimamidi,234,Sweet Corn,280,Local,0.0,19.0,500.0,1400.0,950.0,0.0,0.0
2025-10-14 00:00:00+05:30,367,Gudimalkapur,1571,Gudumalkapur,198,Arati-Green Plantain,203,Common,0.0,31.0,2000.0,3000.0,2500.0,0.0,0.0
2025-10-14 00:00:00+05:30,331,Vantimamidi,1612,Vantimamidi,234,Sweet Corn,280,Local,0.0,113.0,600.0,1400.0,1000.0,0.0,0.0
2025-10-14 00:00:00+05:30,208,Nizamabad,1080,Nizamabad,75,Soyabean,213,White,0.0,2573.0,2408.0,4175.0,4155.0,0.0,0.0
2025-10-15 00:00:00+05:30,324,Bowenpally,3,Bowenpally,155,Donda,155,Common,0.0,1478.0,600.0,1500.0,1200.0,0.0,0.0
2025-10-15 00:00:00+05:30,331,Vantimamidi,1612,Vantimamidi,234,Sweet Corn,280,Local,0.0,78.0,600.0,1200.0,900.0,0.0,0.0
2025-10-15 00:00:00+05:30,367,Gudimalkapur,1571,Gudumalkapur,198,Arati-Green Plantain,203,Common,0.0,19.0,2200.0,3000.0,2400.0,0.0,0.0
2025-10-15 00:00:00+05:30,208,Nizamabad,1080,Nizamabad,75,Soyabean,213,White,0.0,3125.0,2929.0,4202.0,4170.0,0.0,0.0
2025-10-16 00:00:00+05:30,324,Bowenpally,3,Bowenpally,155,Donda,155,Common,0.0,1042.0,800.0,2000.0,1700.0,0.0,0.0
2025-10-16 00:00:00+05:30,208,Nizamabad,1080,Nizamabad,75,Soyabean,213,White,0.0,2950.0,2408.0,4266.0,4182.0,0.0,0.0
2025-10-16 00:00:00+05:30,331,Vantimamidi,1612,Vantimamidi,234,Sweet Corn,280,Local,0.0,36.0,500.0,1400.0,950.0,0.0,0.0
2025-10-17 00:00:00+05:30,324,Bowenpally,3,Bowenpally,155,Donda,155,Common,0.0,787.0,800.0,1500.0,1200.0,0.0,0.0
2025-10-16 00:00:00+05:30,367,Gudimalkapur,1571,Gudumalkapur,198,Arati-Green Plantain,203,Common,0.0,39.0,2000.0,3000.0,2500.0,0.0,0.0
2025-10-17 00:00:00+05:30,367,Gudimalkapur,1571,Gudumalkapur,198,Arati-Green Plantain,203,Common,0.0,21.0,1500.0,2500.0,2000.0,0.0,0.0
2025-10-17 00:00:00+05:30,331,Vantimamidi,1612,Vantimamidi,234,Sweet Corn,280,Local,0.0,175.0,600.0,1300.0,950.0,0.0,0.0
2025-10-18 00:00:00+05:30,324,Bowenpally,3,Bowenpally,155,Donda,155,Common,0.0,686.0,800.0,1500.0,1300.0,0.0,0.0
2025-10-18 00:00:00+05:30,331,Vantimamidi,1612,Vantimamidi,234,Sweet Corn,280,Local,0.0,155.0,500.0,1300.0,900.0,0.0,0.0
2025-10-18 00:00:00+05:30,367,Gudimalkapur,1571,Gudumalkapur,198,Arati-Green Plantain,203,Common,0.0,37.0,1500.0,3000.0,2000.0,0.0,0.0
2025-10-19 00:00:00+05:30,324,Bowenpally,3,Bowenpally,155,Donda,155,Common,0.0,841.0,800.0,2000.0,1500.0,0.0,0.0
2025-10-19 00:00:00+05:30,331,Vantimamidi,1612,Vantimamidi,234,Sweet Corn,280,Local,0.0,53.0,600.0,1400.0,1000.0,0.0,0.0
2025-10-19 00:00:00+05:30,367,Gudimalkapur,1571,Gudumalkapur,198,Arati-Green Plantain,203,Common,0.0,156.0,1500.0,3000.0,2000.0,0.0,0.0
2025-10-22 00:00:00+05:30,324,Bowenpally,3,Bowenpally,155,Donda,155,Common,0.0,1471.0,800.0,2200.0,1800.0,0.0,0.0
2025-10-21 00:00:00+05:30,331,Vantimamidi,1612,Vantimamidi,234,Sweet Corn,280,Local,0.0,188.0,600.0,1400.0,1000.0,0.0,0.0
2025-10-20 00:00:00+05:30,367,Gudimalkapur,1571,Gudumalkapur,198,Arati-Green Plantain,203,Common,0.0,16.0,2000.0,3000.0,2500.0,0.0,0.0
2025-10-20 00:00:00+05:30,324,Bowenpally,3,Bowenpally,155,Donda,155,Common,0.0,563.0,800.0,1500.0,1200.0,0.0,0.0
2025-10-22 00:00:00+05:30,331,Vantimamidi,1612,Vantimamidi,234,Sweet Corn,280,Local,0.0,235.0,500.0,1200.0,850.0,0.0,0.0
2025-10-22 00:00:00+05:30,367,Gudimalkapur,1571,Gudumalkapur,198,Arati-Green Plantain,203,Common,0.0,28.0,2000.0,3000.0,2500.0,0.0,0.0
2025-10-22 00:00:00+05:30,208,Nizamabad,1080,Nizamabad,75,Soyabean,213,White,0.0,1285.0,3007.0,4302.0,4260.0,0.0,0.0
2025-10-23 00:00:00+05:30,324,Bowenpally,3,Bowenpally,155,Donda,155,Common,0.0,1471.0,800.0,2200.0,1800.0,0.0,0.0
2025-10-23 00:00:00+05:30,208,Nizamabad,1080,Nizamabad,75,Soyabean,213,White,0.0,448.0,3011.0,4289.0,4235.0,0.0,0.0
2025-10-23 00:00:00+05:30,331,Vantimamidi,1612,Vantimamidi,234,Sweet Corn,280,Local,0.0,258.0,500.0,1300.0,900.0,0.0,0.0
2025-10-24 00:00:00+05:30,324,Bowenpally,3,Bowenpally,155,Donda,155,Common,0.0,1290.0,1000.0,2500.0,2000.0,0.0,0.0
2025-10-23 00:00:00+05:30,367,Gudimalkapur,1571,Gudumalkapur,198,Arati-Green Plantain,203,Common,0.0,29.0,2000.0,3000.0,2500.0,0.0,0.0
2025-10-24 00:00:00+05:30,208,Nizamabad,1080,Nizamabad,75,Soyabean,213,White,0.0,685.0,2611.0,4309.0,4257.0,0.0,0.0
2025-10-24 00:00:00+05:30,367,Gudimalkapur,1571,Gudumalkapur,198,Arati-Green Plantain,203,Common,0.0,31.0,1500.0,2500.0,2000.0,0.0,0.0
2025-10-24 00:00:00+05:30,331,Vantimamidi,1612,Vantimamidi,234,Sweet Corn,280,Local,0.0,177.0,500.0,1200.0,850.0,0.0,0.0
2025-10-25 00:00:00+05:30,324,Bowenpally,3,Bowenpally,155,Donda,155,Common,0.0,942.0,1000.0,3000.0,2500.0,0.0,0.0
2025-10-25 00:00:00+05:30,331,Vantimamidi,1612,Vantimamidi,234,Sweet Corn,280,Local,0.0,183.0,500.0,1200.0,850.0,0.0,0.0
2025-10-25 00:00:00+05:30,367,Gudimalkapur,1571,Gudumalkapur,198,Arati-Green Plantain,203,Common,0.0,30.0,1000.0,3000.0,2000.0,0.0,0.0
2025-10-25 00:00:00+05:30,208,Nizamabad,1080,Nizamabad,75,Soyabean,213,White,0.0,98.0,3011.0,4275.0,4213.0,0.0,0.0
2025-10-27 00:00:00+05:30,324,Bowenpally,3,Bowenpally,155,Donda,155,Common,0.0,2037.0,800.0,3000.0,2200.0,0.0,0.0
2025-10-26 00:00:00+05:30,331,Vantimamidi,1612,Vantimamidi,234,Sweet Corn,280,Local,0.0,87.0,500.0,1200.0,850.0,0.0,0.0
2025-10-26 00:00:00+05:30,367,Gudimalkapur,1571,Gudumalkapur,198,Arati-Green Plantain,203,Common,0.0,21.0,1500.0,3000.0,2000.0,0.0,0.0
2025-10-26 00:00:00+05:30,324,Bowenpally,3,Bowenpally,155,Donda,155,Common,0.0,851.0,1000.0,3000.0,2500.0,0.0,0.0
2025-10-28 00:00:00+05:30,324,Bowenpally,3,Bowenpally,155,Donda,155,Common,0.0,2787.0,800.0,3000.0,2400.0,0.0,0.0
2025-10-27 00:00:00+05:30,331,Vantimamidi,1612,Vantimamidi,234,Sweet Corn,280,Local,0.0,58.0,500.0,1100.0,800.0,0.0,0.0
2025-10-27 00:00:00+05:30,367,Gudimalkapur,1571,Gudumalkapur,198,Arati-Green Plantain,203,Common,0.0,33.0,1300.0,3000.0,2000.0,0.0,0.0
2025-10-27 00:00:00+05:30,208,Nizamabad,1080,Nizamabad,75,Soyabean,213,White,0.0,258.0,3404.0,4388.0,4284.0,0.0,0.0
2025-10-28 00:00:00+05:30,367,Gudimalkapur,1571,Gudumalkapur,198,Arati-Green Plantain,203,Common,0.0,38.0,1500.0,2500.0,2000.0,0.0,0.0
2025-10-28 00:00:00+05:30,331,Vantimamidi,1612,Vantimamidi,234,Sweet Corn,280,Local,0.0,86.0,500.0,1000.0,750.0,0.0,0.0
2025-10-29 00:00:00+05:30,324,Bowenpally,3,Bowenpally,155,Donda,155,Common,0.0,2427.0,800.0,2600.0,2100.0,0.0,0.0
2025-10-28 00:00:00+05:30,208,Nizamabad,1080,Nizamabad,75,Soyabean,213,White,0.0,34.0,2008.0,4326.0,3655.0,0.0,0.0
2025-10-30 00:00:00+05:30,324,Bowenpally,3,Bowenpally,155,Donda,155,Common,0.0,2170.0,800.0,2600.0,2000.0,0.0,0.0
2025-10-29 00:00:00+05:30,208,Nizamabad,1080,Nizamabad,75,Soyabean,213,White,0.0,28.0,3850.0,4241.0,4025.0,0.0,0.0
2025-10-29 00:00:00+05:30,367,Gudimalkapur,1571,Gudumalkapur,198,Arati-Green Plantain,203,Common,0.0,29.0,1500.0,3000.0,2000.0,0.0,0.0
2025-10-29 00:00:00+05:30,331,Vantimamidi,1612,Vantimamidi,234,Sweet Corn,280,Local,0.0,18.0,500.0,1000.0,750.0,0.0,0.0
2025-10-31 00:00:00+05:30,324,Bowenpally,3,Bowenpally,155,Donda,155,Common,0.0,3445.0,800.0,2600.0,2000.0,0.0,0.0
2025-10-30 00:00:00+05:30,367,Gudimalkapur,1571,Gudumalkapur,198,Arati-Green Plantain,203,Common,0.0,7.0,2000.0,3000.0,2500.0,0.0,0.0
2025-10-30 00:00:00+05:30,331,Vantimamidi,1612,Vantimamidi,234,Sweet Corn,280,Local,0.0,41.0,500.0,1200.0,850.0,0.0,0.0
2025-10-31 00:00:00+05:30,367,Gudimalkapur,1571,Gudumalkapur,198,Arati-Green Plantain,203,Common,0.0,30.0,1500.0,3000.0,2000.0,0.0,0.0
2025-10-31 00:00:00+05:30,331,Vantimamidi,1612,Vantimamidi,234,Sweet Corn,280,Local,0.0,32.0,400.0,1000.0,700.0,0.0,0.0
2025-10-31 00:00:00+05:30,208,Nizamabad,1080,Nizamabad,75,Soyabean,213,White,0.0,53.0,2511.0,4281.0,3750.0,0.0,0.0
2025-10-27 00:00:00+05:30,367,Gudimalkapur,1571,Gudumalkapur,199,Capsicum,204,Common,0.0,205.0,2000.0,3500.0,3000.0,0.0,0.0
2025-10-28 00:00:00+05:30,324,Bowenpally,3,Bowenpally,195,Lobha,199,Common,0.0,4.0,500.0,3000.0,2200.0,0.0,0.0
2025-10-26 00:00:00+05:30,324,Bowenpally,3,Bowenpally,195,Lobha,199,Common,0.0,12.0,2000.0,4000.0,3500.0,0.0,0.0
2025-10-26 00:00:00+05:30,367,Gudimalkapur,1571,Gudumalkapur,199,Capsicum,204,Common,0.0,142.0,2000.0,5000.0,3000.0,0.0,0.0
2025-10-27 00:00:00+05:30,324,Bowenpally,3,Bowenpally,195,Lobha,199,Common,0.0,3.0,500.0,3000.0,2200.0,0.0,0.0
2025-10-25 00:00:00+05:30,367,Gudimalkapur,1571,Gudumalkapur,199,Capsicum,204,Common,0.0,160.0,2000.0,4000.0,3000.0,0.0,0.0
2025-10-24 00:00:00+05:30,367,Gudimalkapur,1571,Gudumalkapur,199,Capsicum,204,Common,0.0,97.0,1500.0,3500.0,2500.0,0.0,0.0
2025-10-23 00:00:00+05:30,367,Gudimalkapur,1571,Gudumalkapur,199,Capsicum,204,Common,0.0,63.0,2000.0,4500.0,3000.0,0.0,0.0
2025-10-24 00:00:00+05:30,324,Bowenpally,3,Bowenpally,195,Lobha,199,Common,0.0,10.0,1000.0,2000.0,1800.0,0.0,0.0
2025-10-23 00:00:00+05:30,324,Bowenpally,3,Bowenpally,195,Lobha,199,Common,0.0,8.0,500.0,2500.0,2000.0,0.0,0.0
2025-10-22 00:00:00+05:30,367,Gudimalkapur,1571,Gudumalkapur,199,Capsicum,204,Common,0.0,63.0,2500.0,4000.0,3000.0,0.0,0.0
2025-10-20 00:00:00+05:30,324,Bowenpally,3,Bowenpally,195,Lobha,199,Common,0.0,6.0,500.0,3000.0,2500.0,0.0,0.0
2025-10-20 00:00:00+05:30,367,Gudimalkapur,1571,Gudumalkapur,199,Capsicum,204,Common,0.0,37.0,1600.0,3000.0,2200.0,0.0,0.0
2025-10-22 00:00:00+05:30,324,Bowenpally,3,Bowenpally,195,Lobha,199,Common,0.0,8.0,500.0,2500.0,2000.0,0.0,0.0
2025-10-19 00:00:00+05:30,367,Gudimalkapur,1571,Gudumalkapur,199,Capsicum,204,Common,0.0,114.0,1800.0,3000.0,2200.0,0.0,0.0
2025-10-19 00:00:00+05:30,324,Bowenpally,3,Bowenpally,195,Lobha,199,Common,0.0,2.0,500.0,3000.0,2200.0,0.0,0.0
2025-10-18 00:00:00+05:30,367,Gudimalkapur,1571,Gudumalkapur,199,Capsicum,204,Common,0.0,138.0,1800.0,3500.0,2300.0,0.0,0.0
2025-10-17 00:00:00+05:30,367,Gudimalkapur,1571,Gudumalkapur,199,Capsicum,204,Common,0.0,94.0,1500.0,3500.0,2500.0,0.0,0.0
2025-10-16 00:00:00+05:30,367,Gudimalkapur,1571,Gudumalkapur,199,Capsicum,204,Common,0.0,128.0,1500.0,3500.0,2500.0,0.0,0.0
2025-10-16 00:00:00+05:30,324,Bowenpally,3,Bowenpally,195,Lobha,199,Common,0.0,8.0,500.0,3000.0,2000.0,0.0,0.0
2025-10-15 00:00:00+05:30,367,Gudimalkapur,1571,Gudumalkapur,199,Capsicum,204,Common,0.0,148.0,1500.0,4000.0,2500.0,0.0,0.0
2025-10-15 00:00:00+05:30,324,Bowenpally,3,Bowenpally,195,Lobha,199,Common,0.0,4.0,1000.0,3000.0,2500.0,0.0,0.0
2025-10-14 00:00:00+05:30,367,Gudimalkapur,1571,Gudumalkapur,199,Capsicum,204,Common,0.0,143.0,1500.0,4000.0,2500.0,0.0,0.0
2025-10-13 00:00:00+05:30,367,Gudimalkapur,1571,Gudumalkapur,199,Capsicum,204,Common,0.0,107.0,2000.0,4000.0,3000.0,0.0,0.0
2025-10-12 00:00:00+05:30,367,Gudimalkapur,1571,Gudumalkapur,199,Capsicum,204,Common,0.0,108.0,2500.0,4500.0,3000.0,0.0,0.0
2025-10-13 00:00:00+05:30,324,Bowenpally,3,Bowenpally,195,Lobha,199,Common,0.0,2.0,500.0,2000.0,1500.0,0.0,0.0
2025-10-11 00:00:00+05:30,208,Nizamabad,1080,Nizamabad,75,Soyabean,214,Yellow,0.0,1768.0,1809.0,2121.0,1850.0,0.0,0.0
2025-10-12 00:00:00+05:30,324,Bowenpally,3,Bowenpally,195,Lobha,199,Common,0.0,2.0,1000.0,3000.0,2500.0,0.0,0.0
2025-10-11 00:00:00+05:30,367,Gudimalkapur,1571,Gudumalkapur,199,Capsicum,204,Common,0.0,118.0,2500.0,4000.0,3000.0,0.0,0.0
2025-10-11 00:00:00+05:30,331,Vantimamidi,1612,Vantimamidi,235,Teisel Gourd(Boda Kakarakaya),281,Local,0.0,1.0,3000.0,3000.0,3000.0,0.0,0.0
2025-10-10 00:00:00+05:30,367,Gudimalkapur,1571,Gudumalkapur,199,Capsicum,204,Common,0.0,124.0,2000.0,4000.0,3000.0,0.0,0.0
2025-10-10 00:00:00+05:30,324,Bowenpally,3,Bowenpally,195,Lobha,199,Common,0.0,2.0,1000.0,3000.0,2500.0,0.0,0.0
2025-10-09 00:00:00+05:30,331,Vantimamidi,1612,Vantimamidi,235,Teisel Gourd(Boda Kakarakaya),281,Local,0.0,1.0,5000.0,5000.0,5000.0,0.0,0.0
2025-10-09 00:00:00+05:30,367,Gudimalkapur,1571,Gudumalkapur,199,Capsicum,204,Common,0.0,115.0,2000.0,4000.0,3000.0,0.0,0.0
2025-10-08 00:00:00+05:30,367,Gudimalkapur,1571,Gudumalkapur,199,Capsicum,204,Common,0.0,79.0,2000.0,4000.0,2800.0,0.0,0.0
2025-10-07 00:00:00+05:30,331,Vantimamidi,1612,Vantimamidi,235,Teisel Gourd(Boda Kakarakaya),281,Local,0.0,1.0,5000.0,5000.0,5000.0,0.0,0.0
2025-10-08 00:00:00+05:30,324,Bowenpally,3,Bowenpally,195,Lobha,199,Common,0.0,1.0,1000.0,2000.0,1800.0,0.0,0.0
2025-10-07 00:00:00+05:30,367,Gudimalkapur,1571,Gudumalkapur,199,Capsicum,204,Common,0.0,76.0,2500.0,4000.0,3000.0,0.0,0.0
2025-10-06 00:00:00+05:30,331,Vantimamidi,1612,Vantimamidi,235,Teisel Gourd(Boda Kakarakaya),281,Local,0.0,1.0,4000.0,4000.0,4000.0,0.0,0.0
2025-10-06 00:00:00+05:30,367,Gudimalkapur,1571,Gudumalkapur,199,Capsicum,204,Common,0.0,103.0,1800.0,4000.0,2500.0,0.0,0.0
2025-10-06 00:00:00+05:30,208,Nizamabad,1080,Nizamabad,75,Soyabean,214,Yellow,0.0,2678.0,2808.0,4242.0,4085.0,0.0,0.0
2025-10-07 00:00:00+05:30,324,Bowenpally,3,Bowenpally,195,Lobha,199,Common,0.0,8.0,1000.0,2000.0,1800.0,0.0,0.0
2025-10-05 00:00:00+05:30,324,Bowenpally,3,Bowenpally,195,Lobha,199,Common,0.0,7.0,500.0,2000.0,1500.0,0.0,0.0
2025-10-05 00:00:00+05:30,367,Gudimalkapur,1571,Gudumalkapur,199,Capsicum,204,Common,0.0,98.0,1000.0,4000.0,2500.0,0.0,0.0
2025-10-06 00:00:00+05:30,324,Bowenpally,3,Bowenpally,195,Lobha,199,Common,0.0,1.0,1600.0,2000.0,1900.0,0.0,0.0
2025-10-05 00:00:00+05:30,331,Vantimamidi,1612,Vantimamidi,235,Teisel Gourd(Boda Kakarakaya),281,Local,0.0,1.0,4000.0,4000.0,4000.0,0.0,0.0
2025-10-03 00:00:00+05:30,331,Vantimamidi,1612,Vantimamidi,235,Teisel Gourd(Boda Kakarakaya),281,Local,0.0,1.0,4000.0,5000.0,4500.0,0.0,0.0
2025-10-03 00:00:00+05:30,367,Gudimalkapur,1571,Gudumalkapur,199,Capsicum,204,Common,0.0,64.0,2000.0,3000.0,2500.0,0.0,0.0
2025-10-04 00:00:00+05:30,367,Gudimalkapur,1571,Gudumalkapur,199,Capsicum,204,Common,0.0,142.0,2000.0,4000.0,3000.0,0.0,0.0
2025-10-04 00:00:00+05:30,331,Vantimamidi,1612,Vantimamidi,235,Teisel Gourd(Boda Kakarakaya),281,Local,0.0,1.0,5000.0,5000.0,5000.0,0.0,0.0
2025-10-01 00:00:00+05:30,324,Bowenpally,3,Bowenpally,195,Lobha,199,Common,0.0,2.0,500.0,2000.0,1500.0,0.0,0.0
2025-10-01 00:00:00+05:30,367,Gudimalkapur,1571,Gudumalkapur,199,Capsicum,204,Common,0.0,114.0,2000.0,4500.0,3000.0,0.0,0.0
2025-10-02 00:00:00+05:30,367,Gudimalkapur,1571,Gudumalkapur,199,Capsicum,204,Common,0.0,53.0,2500.0,3500.0,3000.0,0.0,0.0
2025-10-02 00:00:00+05:30,324,Bowenpally,3,Bowenpally,195,Lobha,199,Common,0.0,1.0,1000.0,2000.0,1600.0,0.0,0.0
2025-10-31 00:00:00+05:30,367,Gudimalkapur,1571,Gudumalkapur,199,Capsicum,204,Common,0.0,120.0,1500.0,4500.0,2500.0,0.0,0.0
2025-10-30 00:00:00+05:30,367,Gudimalkapur,1571,Gudumalkapur,199,Capsicum,204,Common,0.0,103.0,1000.0,4000.0,2500.0,0.0,0.0
2025-10-31 00:00:00+05:30,324,Bowenpally,3,Bowenpally,195,Lobha,199,Common,0.0,2.0,500.0,3000.0,2200.0,0.0,0.0
2025-10-29 00:00:00+05:30,367,Gudimalkapur,1571,Gudumalkapur,199,Capsicum,204,Common,0.0,149.0,1500.0,4000.0,2500.0,0.0,0.0
2025-10-30 00:00:00+05:30,324,Bowenpally,3,Bowenpally,195,Lobha,199,Common,0.0,9.0,500.0,3000.0,2400.0,0.0,0.0
2025-10-29 00:00:00+05:30,324,Bowenpally,3,Bowenpally,195,Lobha,199,Common,0.0,1.0,1000.0,2500.0,2000.0,0.0,0.0
2025-10-28 00:00:00+05:30,367,Gudimalkapur,1571,Gudumalkapur,199,Capsicum,204,Common,0.0,184.0,1000.0,4000.0,1800.0,0.0,0.0
2025-10-02 00:00:00+05:30,324,Bowenpally,3,Bowenpally,197,Green Mangos,202,Common,0.0,7.0,1000.0,2500.0,2000.0,0.0,0.0
2025-10-02 00:00:00+05:30,367,Gudimalkapur,1571,Gudumalkapur,200,ChowChow,205,Common,0.0,22.0,1500.0,1500.0,1500.0,0.0,0.0
2025-10-01 00:00:00+05:30,367,Gudimalkapur,1571,Gudumalkapur,200,ChowChow,205,Common,0.0,5.0,800.0,800.0,800.0,0.0,0.0
2025-10-01 00:00:00+05:30,324,Bowenpally,3,Bowenpally,197,Green Mangos,202,Common,0.0,38.0,1000.0,4000.0,3000.0,0.0,0.0
2025-10-04 00:00:00+05:30,367,Gudimalkapur,1571,Gudumalkapur,200,ChowChow,205,Common,0.0,9.0,800.0,1000.0,3500.0,0.0,0.0
2025-10-03 00:00:00+05:30,367,Gudimalkapur,1571,Gudumalkapur,200,ChowChow,205,Common,0.0,17.0,1000.0,1000.0,1000.0,0.0,0.0
2025-10-03 00:00:00+05:30,324,Bowenpally,3,Bowenpally,197,Green Mangos,202,Common,0.0,5.0,1000.0,4000.0,3000.0,0.0,0.0
2025-10-06 00:00:00+05:30,324,Bowenpally,3,Bowenpally,197,Green Mangos,202,Common,0.0,48.0,2000.0,4000.0,3500.0,0.0,0.0
2025-10-05 00:00:00+05:30,367,Gudimalkapur,1571,Gudumalkapur,200,ChowChow,205,Common,0.0,5.0,1000.0,1000.0,1000.0,0.0,0.0
2025-10-05 00:00:00+05:30,324,Bowenpally,3,Bowenpally,197,Green Mangos,202,Common,0.0,65.0,2000.0,4000.0,3500.0,0.0,0.0
2025-10-07 00:00:00+05:30,324,Bowenpally,3,Bowenpally,197,Green Mangos,202,Common,0.0,50.0,1000.0,4000.0,3000.0,0.0,0.0
2025-10-06 00:00:00+05:30,367,Gudimalkapur,1571,Gudumalkapur,200,ChowChow,205,Common,0.0,20.0,800.0,1000.0,900.0,0.0,0.0
2025-10-07 00:00:00+05:30,367,Gudimalkapur,1571,Gudumalkapur,200,ChowChow,205,Common,0.0,26.0,800.0,1000.0,900.0,0.0,0.0
2025-10-08 00:00:00+05:30,324,Bowenpally,3,Bowenpally,197,Green Mangos,202,Common,0.0,51.0,1000.0,2500.0,2000.0,0.0,0.0
2025-10-08 00:00:00+05:30,367,Gudimalkapur,1571,Gudumalkapur,200,ChowChow,205,Common,0.0,18.0,800.0,1000.0,900.0,0.0,0.0
2025-10-09 00:00:00+05:30,324,Bowenpally,3,Bowenpally,197,Green Mangos,202,Common,0.0,47.0,1000.0,4000.0,3000.0,0.0,0.0
2025-10-10 00:00:00+05:30,324,Bowenpally,3,Bowenpally,197,Green Mangos,202,Common,0.0,46.0,2000.0,4000.0,3500.0,0.0,0.0
2025-10-10 00:00:00+05:30,367,Gudimalkapur,1571,Gudumalkapur,200,ChowChow,205,Common,0.0,9.0,1000.0,1000.0,1000.0,0.0,0.0
2025-10-11 00:00:00+05:30,367,Gudimalkapur,1571,Gudumalkapur,200,ChowChow,205,Common,0.0,26.0,800.0,1000.0,900.0,0.0,0.0
2025-10-12 00:00:00+05:30,324,Bowenpally,3,Bowenpally,197,Green Mangos,202,Common,0.0,54.0,1000.0,4000.0,3000.0,0.0,0.0
2025-10-11 00:00:00+05:30,324,Bowenpally,3,Bowenpally,197,Green Mangos,202,Common,0.0,50.0,1000.0,4500.0,3200.0,0.0,0.0
2025-10-13 00:00:00+05:30,324,Bowenpally,3,Bowenpally,197,Green Mangos,202,Common,0.0,55.0,1500.0,4000.0,3200.0,0.0,0.0
2025-10-12 00:00:00+05:30,367,Gudimalkapur,1571,Gudumalkapur,200,ChowChow,205,Common,0.0,7.0,800.0,1000.0,900.0,0.0,0.0
2025-10-13 00:00:00+05:30,367,Gudimalkapur,1571,Gudumalkapur,200,ChowChow,205,Common,0.0,27.0,1000.0,1000.0,1000.0,0.0,0.0
2025-10-13 00:00:00+05:30,208,Nizamabad,1080,Nizamabad,217,mustard,284,Common,0.0,2.0,2855.0,2855.0,2855.0,0.0,0.0
2025-10-14 00:00:00+05:30,367,Gudimalkapur,1571,Gudumalkapur,200,ChowChow,205,Common,0.0,39.0,800.0,1000.0,900.0,0.0,0.0
2025-10-14 00:00:00+05:30,324,Bowenpally,3,Bowenpally,197,Green Mangos,202,Common,0.0,20.0,1500.0,4000.0,3200.0,0.0,0.0
2025-10-15 00:00:00+05:30,324,Bowenpally,3,Bowenpally,197,Green Mangos,202,Common,0.0,91.0,1000.0,4000.0,3000.0,0.0,0.0
2025-10-15 00:00:00+05:30,367,Gudimalkapur,1571,Gudumalkapur,200,ChowChow,205,Common,0.0,4.0,800.0,1000.0,900.0,0.0,0.0
2025-10-16 00:00:00+05:30,324,Bowenpally,3,Bowenpally,197,Green Mangos,202,Common,0.0,32.0,1500.0,4000.0,3000.0,0.0,0.0
2025-10-16 00:00:00+05:30,367,Gudimalkapur,1571,Gudumalkapur,200,ChowChow,205,Common,0.0,2.0,800.0,1000.0,900.0,0.0,0.0
2025-10-17 00:00:00+05:30,324,Bowenpally,3,Bowenpally,197,Green Mangos,202,Common,0.0,29.0,1500.0,4000.0,3200.0,0.0,0.0
2025-10-17 00:00:00+05:30,367,Gudimalkapur,1571,Gudumalkapur,200,ChowChow,205,Common,0.0,3.0,800.0,1000.0,900.0,0.0,0.0
2025-10-18 00:00:00+05:30,324,Bowenpally,3,Bowenpally,197,Green Mangos,202,Common,0.0,54.0,1500.0,4000.0,3200.0,0.0,0.0
2025-10-18 00:00:00+05:30,367,Gudimalkapur,1571,Gudumalkapur,200,ChowChow,205,Common,0.0,26.0,600.0,1000.0,800.0,0.0,0.0
2025-10-19 00:00:00+05:30,324,Bowenpally,3,Bowenpally,197,Green Mangos,202,Common,0.0,44.0,2000.0,4000.0,3500.0,0.0,0.0
2025-10-19 00:00:00+05:30,367,Gudimalkapur,1571,Gudumalkapur,200,ChowChow,205,Common,0.0,26.0,800.0,1000.0,900.0,0.0,0.0
2025-10-22 00:00:00+05:30,324,Bowenpally,3,Bowenpally,197,Green Mangos,202,Common,0.0,75.0,1500.0,4000.0,3000.0,0.0,0.0
2025-10-20 00:00:00+05:30,367,Gudimalkapur,1571,Gudumalkapur,200,ChowChow,205,Common,0.0,7.0,800.0,1000.0,900.0,0.0,0.0
2025-10-20 00:00:00+05:30,324,Bowenpally,3,Bowenpally,197,Green Mangos,202,Common,0.0,53.0,1500.0,4000.0,3000.0,0.0,0.0
2025-10-22 00:00:00+05:30,367,Gudimalkapur,1571,Gudumalkapur,200,ChowChow,205,Common,0.0,7.0,800.0,1000.0,900.0,0.0,0.0
2025-10-23 00:00:00+05:30,324,Bowenpally,3,Bowenpally,197,Green Mangos,202,Common,0.0,75.0,1500.0,4000.0,3000.0,0.0,0.0
2025-10-24 00:00:00+05:30,324,Bowenpally,3,Bowenpally,197,Green Mangos,202,Common,0.0,46.0,1000.0,4000.0,3000.0,0.0,0.0
2025-10-23 00:00:00+05:30,367,Gudimalkapur,1571,Gudumalkapur,200,ChowChow,205,Common,0.0,9.0,800.0,1000.0,900.0,0.0,0.0
2025-10-24 00:00:00+05:30,367,Gudimalkapur,1571,Gudumalkapur,200,ChowChow,205,Common,0.0,19.0,800.0,1000.0,900.0,0.0,0.0
2025-10-25 00:00:00+05:30,324,Bowenpally,3,Bowenpally,197,Green Mangos,202,Common,0.0,34.0,1000.0,4000.0,3000.0,0.0,0.0
2025-10-25 00:00:00+05:30,367,Gudimalkapur,1571,Gudumalkapur,200,ChowChow,205,Common,0.0,34.0,800.0,1000.0,900.0,0.0,0.0
2025-10-27 00:00:00+05:30,324,Bowenpally,3,Bowenpally,197,Green Mangos,202,Common,0.0,71.0,1500.0,4000.0,3000.0,0.0,0.0
2025-10-26 00:00:00+05:30,367,Gudimalkapur,1571,Gudumalkapur,200,ChowChow,205,Common,0.0,14.0,800.0,1000.0,900.0,0.0,0.0
2025-10-26 00:00:00+05:30,324,Bowenpally,3,Bowenpally,197,Green Mangos,202,Common,0.0,75.0,2000.0,4000.0,3500.0,0.0,0.0
2025-10-28 00:00:00+05:30,324,Bowenpally,3,Bowenpally,197,Green Mangos,202,Common,0.0,47.0,1500.0,4000.0,3000.0,0.0,0.0
2025-10-27 00:00:00+05:30,367,Gudimalkapur,1571,Gudumalkapur,200,ChowChow,205,Common,0.0,12.0,800.0,1000.0,900.0,0.0,0.0
2025-10-28 00:00:00+05:30,367,Gudimalkapur,1571,Gudumalkapur,200,ChowChow,205,Common,0.0,36.0,800.0,1000.0,800.0,0.0,0.0
2025-10-29 00:00:00+05:30,324,Bowenpally,3,Bowenpally,197,Green Mangos,202,Common,0.0,3.0,1500.0,3000.0,2500.0,0.0,0.0
2025-10-30 00:00:00+05:30,324,Bowenpally,3,Bowenpally,197,Green Mangos,202,Common,0.0,7.0,1000.0,2000.0,1800.0,0.0,0.0
2025-10-29 00:00:00+05:30,367,Gudimalkapur,1571,Gudumalkapur,200,ChowChow,205,Common,0.0,7.0,800.0,1000.0,900.0,0.0,0.0
2025-10-31 00:00:00+05:30,324,Bowenpally,3,Bowenpally,197,Green Mangos,202,Common,0.0,38.0,1500.0,4000.0,3200.0,0.0,0.0
2025-10-30 00:00:00+05:30,367,Gudimalkapur,1571,Gudumalkapur,200,ChowChow,205,Common,0.0,2.0,1000.0,1000.0,1000.0,0.0,0.0
2025-10-27 00:00:00+05:30,208,Nizamabad,1080,Nizamabad,220,Bazra,246,common,0.0,3.0,1600.0,1600.0,1600.0,0.0,0.0
2025-10-28 00:00:00+05:30,324,Bowenpally,3,Bowenpally,199,Capsicum,204,Common,0.0,1239.0,1000.0,4500.0,3000.0,0.0,0.0
2025-10-26 00:00:00+05:30,324,Bowenpally,3,Bowenpally,199,Capsicum,204,Common,0.0,720.0,1500.0,5500.0,4000.0,0.0,0.0
2025-10-27 00:00:00+05:30,324,Bowenpally,3,Bowenpally,199,Capsicum,204,Common,0.0,1683.0,1000.0,5000.0,3500.0,0.0,0.0
2025-10-25 00:00:00+05:30,324,Bowenpally,3,Bowenpally,199,Capsicum,204,Common,0.0,662.0,2000.0,5500.0,4200.0,0.0,0.0
2025-10-24 00:00:00+05:30,324,Bowenpally,3,Bowenpally,199,Capsicum,204,Common,0.0,843.0,1500.0,5500.0,4000.0,0.0,0.0
2025-10-24 00:00:00+05:30,208,Nizamabad,1080,Nizamabad,220,Bazra,246,common,0.0,3.0,1365.0,1365.0,1365.0,0.0,0.0
2025-10-23 00:00:00+05:30,324,Bowenpally,3,Bowenpally,199,Capsicum,204,Common,0.0,613.0,1000.0,5500.0,3600.0,0.0,0.0
2025-10-23 00:00:00+05:30,208,Nizamabad,1080,Nizamabad,220,Bazra,246,common,0.0,2.0,1836.0,1836.0,1836.0,0.0,0.0
2025-10-22 00:00:00+05:30,208,Nizamabad,1080,Nizamabad,220,Bazra,246,common,0.0,8.0,1615.0,1809.0,1615.0,0.0,0.0
2025-10-20 00:00:00+05:30,324,Bowenpally,3,Bowenpally,199,Capsicum,204,Common,0.0,815.0,1000.0,5000.0,4000.0,0.0,0.0
2025-10-22 00:00:00+05:30,324,Bowenpally,3,Bowenpally,199,Capsicum,204,Common,0.0,613.0,1000.0,5500.0,3600.0,0.0,0.0
2025-10-19 00:00:00+05:30,324,Bowenpally,3,Bowenpally,199,Capsicum,204,Common,0.0,607.0,1000.0,5300.0,3500.0,0.0,0.0
2025-10-18 00:00:00+05:30,324,Bowenpally,3,Bowenpally,199,Capsicum,204,Common,0.0,931.0,1000.0,5000.0,3500.0,0.0,0.0
2025-10-17 00:00:00+05:30,324,Bowenpally,3,Bowenpally,199,Capsicum,204,Common,0.0,790.0,1000.0,5500.0,3600.0,0.0,0.0
2025-10-16 00:00:00+05:30,324,Bowenpally,3,Bowenpally,199,Capsicum,204,Common,0.0,704.0,1000.0,5500.0,4000.0,0.0,0.0
2025-10-15 00:00:00+05:30,324,Bowenpally,3,Bowenpally,199,Capsicum,204,Common,0.0,697.0,1000.0,5500.0,4000.0,0.0,0.0
2025-10-14 00:00:00+05:30,324,Bowenpally,3,Bowenpally,199,Capsicum,204,Common,0.0,671.0,1000.0,5500.0,3600.0,0.0,0.0
2025-10-13 00:00:00+05:30,324,Bowenpally,3,Bowenpally,199,Capsicum,204,Common,0.0,477.0,1000.0,5500.0,3700.0,0.0,0.0
2025-10-11 00:00:00+05:30,324,Bowenpally,3,Bowenpally,199,Capsicum,204,Common,0.0,641.0,1500.0,5000.0,3600.0,0.0,0.0
2025-10-11 00:00:00+05:30,208,Nizamabad,1080,Nizamabad,220,Bazra,246,common,0.0,5.0,2007.0,2007.0,2007.0,0.0,0.0
2025-10-12 00:00:00+05:30,324,Bowenpally,3,Bowenpally,199,Capsicum,204,Common,0.0,524.0,1500.0,5500.0,4000.0,0.0,0.0
2025-10-10 00:00:00+05:30,324,Bowenpally,3,Bowenpally,199,Capsicum,204,Common,0.0,465.0,1500.0,5500.0,4000.0,0.0,0.0
2025-10-09 00:00:00+05:30,324,Bowenpally,3,Bowenpally,199,Capsicum,204,Common,0.0,533.0,1500.0,5000.0,4000.0,0.0,0.0
2025-10-09 00:00:00+05:30,208,Nizamabad,1080,Nizamabad,220,Bazra,246,common,0.0,6.0,1406.0,1406.0,1406.0,0.0,0.0
2025-10-08 00:00:00+05:30,324,Bowenpally,3,Bowenpally,199,Capsicum,204,Common,0.0,805.0,1000.0,5000.0,3500.0,0.0,0.0
2025-10-07 00:00:00+05:30,324,Bowenpally,3,Bowenpally,199,Capsicum,204,Common,0.0,712.0,1000.0,5000.0,3500.0,0.0,0.0
2025-10-07 00:00:00+05:30,208,Nizamabad,1080,Nizamabad,220,Bazra,246,common,0.0,23.0,1700.0,1700.0,1700.0,0.0,0.0
2025-10-05 00:00:00+05:30,324,Bowenpally,3,Bowenpally,199,Capsicum,204,Common,0.0,761.0,1000.0,5000.0,3500.0,0.0,0.0
2025-10-06 00:00:00+05:30,324,Bowenpally,3,Bowenpally,199,Capsicum,204,Common,0.0,531.0,1500.0,5000.0,4000.0,0.0,0.0
2025-10-03 00:00:00+05:30,324,Bowenpally,3,Bowenpally,199,Capsicum,204,Common,0.0,648.0,1000.0,4800.0,3500.0,0.0,0.0
2025-10-04 00:00:00+05:30,324,Bowenpally,3,Bowenpally,199,Capsicum,204,Common,0.0,956.0,1000.0,4500.0,2500.0,0.0,0.0
2025-10-01 00:00:00+05:30,324,Bowenpally,3,Bowenpally,199,Capsicum,204,Common,0.0,830.0,1000.0,4000.0,3000.0,0.0,0.0
2025-10-02 00:00:00+05:30,324,Bowenpally,3,Bowenpally,199,Capsicum,204,Common,0.0,154.0,1000.0,4500.0,3500.0,0.0,0.0
2025-10-31 00:00:00+05:30,324,Bowenpally,3,Bowenpally,199,Capsicum,204,Common,0.0,1088.0,1000.0,4500.0,3200.0,0.0,0.0
2025-10-30 00:00:00+05:30,324,Bowenpally,3,Bowenpally,199,Capsicum,204,Common,0.0,724.0,1000.0,4500.0,3200.0,0.0,0.0
2025-10-29 00:00:00+05:30,324,Bowenpally,3,Bowenpally,199,Capsicum,204,Common,0.0,1027.0,1000.0,4500.0,3200.0,0.0,0.0
2025-10-02 00:00:00+05:30,324,Bowenpally,3,Bowenpally,200,ChowChow,205,Common,0.0,4.0,500.0,1000.0,800.0,0.0,0.0
2025-10-01 00:00:00+05:30,324,Bowenpally,3,Bowenpally,200,ChowChow,205,Common,0.0,33.0,500.0,1000.0,800.0,0.0,0.0
2025-10-03 00:00:00+05:30,324,Bowenpally,3,Bowenpally,200,ChowChow,205,Common,0.0,3.0,500.0,1000.0,800.0,0.0,0.0
2025-10-06 00:00:00+05:30,324,Bowenpally,3,Bowenpally,200,ChowChow,205,Common,0.0,31.0,500.0,1000.0,800.0,0.0,0.0
2025-10-05 00:00:00+05:30,324,Bowenpally,3,Bowenpally,200,ChowChow,205,Common,0.0,36.0,500.0,1000.0,900.0,0.0,0.0
2025-10-07 00:00:00+05:30,324,Bowenpally,3,Bowenpally,200,ChowChow,205,Common,0.0,55.0,500.0,1000.0,800.0,0.0,0.0
2025-10-08 00:00:00+05:30,324,Bowenpally,3,Bowenpally,200,ChowChow,205,Common,0.0,9.0,300.0,1000.0,800.0,0.0,0.0
2025-10-09 00:00:00+05:30,324,Bowenpally,3,Bowenpally,200,ChowChow,205,Common,0.0,25.0,300.0,800.0,600.0,0.0,0.0
2025-10-12 00:00:00+05:30,324,Bowenpally,3,Bowenpally,200,ChowChow,205,Common,0.0,46.0,500.0,1000.0,900.0,0.0,0.0
2025-10-11 00:00:00+05:30,324,Bowenpally,3,Bowenpally,200,ChowChow,205,Common,0.0,32.0,500.0,1000.0,900.0,0.0,0.0
2025-10-13 00:00:00+05:30,324,Bowenpally,3,Bowenpally,200,ChowChow,205,Common,0.0,17.0,500.0,1000.0,900.0,0.0,0.0
2025-10-14 00:00:00+05:30,324,Bowenpally,3,Bowenpally,200,ChowChow,205,Common,0.0,28.0,500.0,1000.0,900.0,0.0,0.0
2025-10-15 00:00:00+05:30,324,Bowenpally,3,Bowenpally,200,ChowChow,205,Common,0.0,21.0,500.0,1000.0,900.0,0.0,0.0
2025-10-16 00:00:00+05:30,324,Bowenpally,3,Bowenpally,200,ChowChow,205,Common,0.0,7.0,500.0,1000.0,900.0,0.0,0.0
2025-10-17 00:00:00+05:30,324,Bowenpally,3,Bowenpally,200,ChowChow,205,Common,0.0,17.0,700.0,1000.0,900.0,0.0,0.0
2025-10-18 00:00:00+05:30,324,Bowenpally,3,Bowenpally,200,ChowChow,205,Common,0.0,9.0,500.0,1000.0,900.0,0.0,0.0
2025-10-19 00:00:00+05:30,324,Bowenpally,3,Bowenpally,200,ChowChow,205,Common,0.0,28.0,500.0,1000.0,900.0,0.0,0.0
2025-10-22 00:00:00+05:30,324,Bowenpally,3,Bowenpally,200,ChowChow,205,Common,0.0,35.0,500.0,800.0,700.0,0.0,0.0
2025-10-20 00:00:00+05:30,324,Bowenpally,3,Bowenpally,200,ChowChow,205,Common,0.0,51.0,500.0,1000.0,800.0,0.0,0.0
2025-10-23 00:00:00+05:30,324,Bowenpally,3,Bowenpally,200,ChowChow,205,Common,0.0,35.0,500.0,800.0,700.0,0.0,0.0
2025-10-24 00:00:00+05:30,324,Bowenpally,3,Bowenpally,200,ChowChow,205,Common,0.0,34.0,500.0,1000.0,800.0,0.0,0.0
2025-10-25 00:00:00+05:30,324,Bowenpally,3,Bowenpally,200,ChowChow,205,Common,0.0,41.0,500.0,1000.0,800.0,0.0,0.0
2025-10-27 00:00:00+05:30,324,Bowenpally,3,Bowenpally,200,ChowChow,205,Common,0.0,47.0,500.0,1000.0,900.0,0.0,0.0
2025-10-26 00:00:00+05:30,324,Bowenpally,3,Bowenpally,200,ChowChow,205,Common,0.0,47.0,500.0,1000.0,900.0,0.0,0.0
2025-10-28 00:00:00+05:30,324,Bowenpally,3,Bowenpally,200,ChowChow,205,Common,0.0,35.0,500.0,1000.0,800.0,0.0,0.0
2025-10-29 00:00:00+05:30,324,Bowenpally,3,Bowenpally,200,ChowChow,205,Common,0.0,41.0,500.0,1000.0,800.0,0.0,0.0
2025-10-30 00:00:00+05:30,324,Bowenpally,3,Bowenpally,200,ChowChow,205,Common,0.0,31.0,500.0,800.0,700.0,0.0,0.0
2025-10-31 00:00:00+05:30,324,Bowenpally,3,Bowenpally,200,ChowChow,205,Common,0.0,2.0,500.0,1000.0,800.0,0.0,0.0
2025-10-28 00:00:00+05:30,324,Bowenpally,3,Bowenpally,209,Green Chillies (Bold),209,common,0.0,222.0,1000.0,3000.0,2500.0,0.0,0.0
2025-10-26 00:00:00+05:30,324,Bowenpally,3,Bowenpally,209,Green Chillies (Bold),209,common,0.0,269.0,1000.0,2500.0,2000.0,0.0,0.0
2025-10-27 00:00:00+05:30,324,Bowenpally,3,Bowenpally,209,Green Chillies (Bold),209,common,0.0,252.0,800.0,3000.0,2400.0,0.0,0.0
2025-10-25 00:00:00+05:30,324,Bowenpally,3,Bowenpally,209,Green Chillies (Bold),209,common,0.0,423.0,1000.0,2500.0,2200.0,0.0,0.0
2025-10-24 00:00:00+05:30,324,Bowenpally,3,Bowenpally,209,Green Chillies (Bold),209,common,0.0,409.0,1500.0,4000.0,3000.0,0.0,0.0
2025-10-23 00:00:00+05:30,324,Bowenpally,3,Bowenpally,209,Green Chillies (Bold),209,common,0.0,381.0,1000.0,3000.0,2500.0,0.0,0.0
2025-10-20 00:00:00+05:30,324,Bowenpally,3,Bowenpally,209,Green Chillies (Bold),209,common,0.0,303.0,1000.0,3000.0,2500.0,0.0,0.0
2025-10-22 00:00:00+05:30,324,Bowenpally,3,Bowenpally,209,Green Chillies (Bold),209,common,0.0,381.0,1000.0,3000.0,2500.0,0.0,0.0
2025-10-19 00:00:00+05:30,324,Bowenpally,3,Bowenpally,209,Green Chillies (Bold),209,common,0.0,246.0,1000.0,3000.0,2500.0,0.0,0.0
2025-10-18 00:00:00+05:30,324,Bowenpally,3,Bowenpally,209,Green Chillies (Bold),209,common,0.0,386.0,1000.0,3000.0,2500.0,0.0,0.0
2025-10-17 00:00:00+05:30,324,Bowenpally,3,Bowenpally,209,Green Chillies (Bold),209,common,0.0,346.0,1000.0,3500.0,3000.0,0.0,0.0
2025-10-16 00:00:00+05:30,324,Bowenpally,3,Bowenpally,209,Green Chillies (Bold),209,common,0.0,348.0,1000.0,3500.0,2800.0,0.0,0.0
2025-10-15 00:00:00+05:30,324,Bowenpally,3,Bowenpally,209,Green Chillies (Bold),209,common,0.0,234.0,1000.0,4000.0,3000.0,0.0,0.0
2025-10-14 00:00:00+05:30,324,Bowenpally,3,Bowenpally,209,Green Chillies (Bold),209,common,0.0,329.0,1000.0,3500.0,2600.0,0.0,0.0
2025-10-13 00:00:00+05:30,324,Bowenpally,3,Bowenpally,209,Green Chillies (Bold),209,common,0.0,533.0,1000.0,3000.0,2500.0,0.0,0.0
2025-10-11 00:00:00+05:30,324,Bowenpally,3,Bowenpally,209,Green Chillies (Bold),209,common,0.0,224.0,1500.0,4500.0,3500.0,0.0,0.0
2025-10-12 00:00:00+05:30,324,Bowenpally,3,Bowenpally,209,Green Chillies (Bold),209,common,0.0,320.0,1500.0,4000.0,3200.0,0.0,0.0
2025-10-10 00:00:00+05:30,324,Bowenpally,3,Bowenpally,209,Green Chillies (Bold),209,common,0.0,211.0,2000.0,4000.0,3500.0,0.0,0.0
2025-10-09 00:00:00+05:30,324,Bowenpally,3,Bowenpally,209,Green Chillies (Bold),209,common,0.0,347.0,1000.0,3500.0,2600.0,0.0,0.0
2025-10-08 00:00:00+05:30,324,Bowenpally,3,Bowenpally,209,Green Chillies (Bold),209,common,0.0,364.0,1500.0,3500.0,3000.0,0.0,0.0
2025-10-07 00:00:00+05:30,324,Bowenpally,3,Bowenpally,209,Green Chillies (Bold),209,common,0.0,429.0,1000.0,4000.0,3000.0,0.0,0.0
2025-10-05 00:00:00+05:30,324,Bowenpally,3,Bowenpally,209,Green Chillies (Bold),209,common,0.0,471.0,1000.0,4000.0,3000.0,0.0,0.0
2025-10-06 00:00:00+05:30,324,Bowenpally,3,Bowenpally,209,Green Chillies (Bold),209,common,0.0,288.0,1500.0,4000.0,3000.0,0.0,0.0
2025-10-03 00:00:00+05:30,324,Bowenpally,3,Bowenpally,209,Green Chillies (Bold),209,common,0.0,81.0,1500.0,4000.0,3000.0,0.0,0.0
2025-10-04 00:00:00+05:30,324,Bowenpally,3,Bowenpally,209,Green Chillies (Bold),209,common,0.0,161.0,1500.0,5000.0,2500.0,0.0,0.0
2025-10-01 00:00:00+05:30,324,Bowenpally,3,Bowenpally,209,Green Chillies (Bold),209,common,0.0,423.0,1000.0,3500.0,2600.0,0.0,0.0
2025-10-02 00:00:00+05:30,324,Bowenpally,3,Bowenpally,209,Green Chillies (Bold),209,common,0.0,103.0,1000.0,3500.0,2800.0,0.0,0.0
2025-10-31 00:00:00+05:30,324,Bowenpally,3,Bowenpally,209,Green Chillies (Bold),209,common,0.0,630.0,1000.0,3000.0,2500.0,0.0,0.0
2025-10-30 00:00:00+05:30,324,Bowenpally,3,Bowenpally,209,Green Chillies (Bold),209,common,0.0,279.0,1000.0,3000.0,2500.0,0.0,0.0
2025-10-29 00:00:00+05:30,324,Bowenpally,3,Bowenpally,209,Green Chillies (Bold),209,common,0.0,531.0,1000.0,3000.0,2500.0,0.0,0.0
2025-10-02 00:00:00+05:30,324,Bowenpally,3,Bowenpally,234,Sweet Corn,280,Local,0.0,82.0,500.0,1000.0,800.0,0.0,0.0
2025-10-01 00:00:00+05:30,324,Bowenpally,3,Bowenpally,234,Sweet Corn,280,Local,0.0,243.0,400.0,1800.0,1400.0,0.0,0.0
2025-10-04 00:00:00+05:30,324,Bowenpally,3,Bowenpally,234,Sweet Corn,280,Local,0.0,289.0,400.0,1600.0,900.0,0.0,0.0
2025-10-03 00:00:00+05:30,324,Bowenpally,3,Bowenpally,234,Sweet Corn,280,Local,0.0,132.0,400.0,1600.0,1300.0,0.0,0.0
2025-10-06 00:00:00+05:30,324,Bowenpally,3,Bowenpally,234,Sweet Corn,280,Local,0.0,324.0,800.0,1600.0,1400.0,0.0,0.0
2025-10-05 00:00:00+05:30,324,Bowenpally,3,Bowenpally,234,Sweet Corn,280,Local,0.0,405.0,500.0,2000.0,1500.0,0.0,0.0
2025-10-07 00:00:00+05:30,324,Bowenpally,3,Bowenpally,234,Sweet Corn,280,Local,0.0,343.0,500.0,1800.0,1400.0,0.0,0.0
2025-10-08 00:00:00+05:30,324,Bowenpally,3,Bowenpally,234,Sweet Corn,280,Local,0.0,303.0,500.0,2000.0,1600.0,0.0,0.0
2025-10-09 00:00:00+05:30,324,Bowenpally,3,Bowenpally,234,Sweet Corn,280,Local,0.0,193.0,500.0,2500.0,2000.0,0.0,0.0
2025-10-10 00:00:00+05:30,324,Bowenpally,3,Bowenpally,234,Sweet Corn,280,Local,0.0,231.0,500.0,2000.0,1500.0,0.0,0.0
2025-10-12 00:00:00+05:30,324,Bowenpally,3,Bowenpally,234,Sweet Corn,280,Local,0.0,178.0,800.0,2600.0,2000.0,0.0,0.0
2025-10-11 00:00:00+05:30,324,Bowenpally,3,Bowenpally,234,Sweet Corn,280,Local,0.0,247.0,500.0,2500.0,2000.0,0.0,0.0
2025-10-13 00:00:00+05:30,324,Bowenpally,3,Bowenpally,234,Sweet Corn,280,Local,0.0,270.0,400.0,2500.0,2000.0,0.0,0.0
2025-10-14 00:00:00+05:30,324,Bowenpally,3,Bowenpally,234,Sweet Corn,280,Local,0.0,245.0,400.0,2000.0,1500.0,0.0,0.0
2025-10-15 00:00:00+05:30,324,Bowenpally,3,Bowenpally,234,Sweet Corn,280,Local,0.0,274.0,400.0,2200.0,1500.0,0.0,0.0
2025-10-16 00:00:00+05:30,324,Bowenpally,3,Bowenpally,234,Sweet Corn,280,Local,0.0,275.0,400.0,2000.0,1400.0,0.0,0.0
2025-10-17 00:00:00+05:30,324,Bowenpally,3,Bowenpally,234,Sweet Corn,280,Local,0.0,281.0,400.0,2400.0,1600.0,0.0,0.0
2025-10-18 00:00:00+05:30,324,Bowenpally,3,Bowenpally,234,Sweet Corn,280,Local,0.0,448.0,400.0,2000.0,1600.0,0.0,0.0
2025-10-19 00:00:00+05:30,324,Bowenpally,3,Bowenpally,234,Sweet Corn,280,Local,0.0,292.0,400.0,1800.0,1400.0,0.0,0.0
2025-10-22 00:00:00+05:30,324,Bowenpally,3,Bowenpally,234,Sweet Corn,280,Local,0.0,245.0,400.0,2400.0,1800.0,0.0,0.0
2025-10-20 00:00:00+05:30,324,Bowenpally,3,Bowenpally,234,Sweet Corn,280,Local,0.0,227.0,400.0,1600.0,1300.0,0.0,0.0
2025-10-23 00:00:00+05:30,324,Bowenpally,3,Bowenpally,234,Sweet Corn,280,Local,0.0,245.0,400.0,2400.0,1800.0,0.0,0.0
2025-10-24 00:00:00+05:30,324,Bowenpally,3,Bowenpally,234,Sweet Corn,280,Local,0.0,681.0,500.0,1600.0,1300.0,0.0,0.0
2025-10-25 00:00:00+05:30,324,Bowenpally,3,Bowenpally,234,Sweet Corn,280,Local,0.0,248.0,500.0,1500.0,1200.0,0.0,0.0
2025-10-27 00:00:00+05:30,324,Bowenpally,3,Bowenpally,234,Sweet Corn,280,Local,0.0,347.0,400.0,1400.0,1100.0,0.0,0.0
2025-10-26 00:00:00+05:30,324,Bowenpally,3,Bowenpally,234,Sweet Corn,280,Local,0.0,273.0,500.0,2300.0,1600.0,0.0,0.0
2025-10-28 00:00:00+05:30,324,Bowenpally,3,Bowenpally,234,Sweet Corn,280,Local,0.0,209.0,400.0,2000.0,1500.0,0.0,0.0
2025-10-29 00:00:00+05:30,324,Bowenpally,3,Bowenpally,234,Sweet Corn,280,Local,0.0,262.0,400.0,1800.0,1300.0,0.0,0.0
2025-10-30 00:00:00+05:30,324,Bowenpally,3,Bowenpally,234,Sweet Corn,280,Local,0.0,302.0,400.0,1600.0,1200.0,0.0,0.0
2025-10-31 00:00:00+05:30,324,Bowenpally,3,Bowenpally,234,Sweet Corn,280,Local,0.0,348.0,400.0,2000.0,1600.0,0.0,0.0
2025-10-28 00:00:00+05:30,324,Bowenpally,3,Bowenpally,235,Teisel Gourd(Boda Kakarakaya),281,Local,0.0,19.0,3000.0,8000.0,6000.0,0.0,0.0
2025-10-26 00:00:00+05:30,324,Bowenpally,3,Bowenpally,235,Teisel Gourd(Boda Kakarakaya),281,Local,0.0,7.0,4000.0,8000.0,6500.0,0.0,0.0
2025-10-27 00:00:00+05:30,324,Bowenpally,3,Bowenpally,235,Teisel Gourd(Boda Kakarakaya),281,Local,0.0,13.0,3000.0,8000.0,6000.0,0.0,0.0
2025-10-25 00:00:00+05:30,324,Bowenpally,3,Bowenpally,235,Teisel Gourd(Boda Kakarakaya),281,Local,0.0,14.0,3000.0,8000.0,6000.0,0.0,0.0
2025-10-24 00:00:00+05:30,324,Bowenpally,3,Bowenpally,235,Teisel Gourd(Boda Kakarakaya),281,Local,0.0,21.0,4000.0,8000.0,6500.0,0.0,0.0
2025-10-23 00:00:00+05:30,324,Bowenpally,3,Bowenpally,235,Teisel Gourd(Boda Kakarakaya),281,Local,0.0,20.0,4000.0,7500.0,6200.0,0.0,0.0
2025-10-20 00:00:00+05:30,324,Bowenpally,3,Bowenpally,235,Teisel Gourd(Boda Kakarakaya),281,Local,0.0,3.0,2000.0,4000.0,3500.0,0.0,0.0
2025-10-22 00:00:00+05:30,324,Bowenpally,3,Bowenpally,235,Teisel Gourd(Boda Kakarakaya),281,Local,0.0,20.0,4000.0,7500.0,6200.0,0.0,0.0
2025-10-19 00:00:00+05:30,324,Bowenpally,3,Bowenpally,235,Teisel Gourd(Boda Kakarakaya),281,Local,0.0,30.0,3000.0,7000.0,5500.0,0.0,0.0
2025-10-18 00:00:00+05:30,324,Bowenpally,3,Bowenpally,235,Teisel Gourd(Boda Kakarakaya),281,Local,0.0,18.0,3000.0,7000.0,5500.0,0.0,0.0
2025-10-17 00:00:00+05:30,324,Bowenpally,3,Bowenpally,235,Teisel Gourd(Boda Kakarakaya),281,Local,0.0,22.0,3000.0,8000.0,6500.0,0.0,0.0
2025-10-16 00:00:00+05:30,324,Bowenpally,3,Bowenpally,235,Teisel Gourd(Boda Kakarakaya),281,Local,0.0,11.0,3000.0,8000.0,6000.0,0.0,0.0
2025-10-15 00:00:00+05:30,324,Bowenpally,3,Bowenpally,235,Teisel Gourd(Boda Kakarakaya),281,Local,0.0,31.0,2000.0,8000.0,6000.0,0.0,0.0
2025-10-14 00:00:00+05:30,324,Bowenpally,3,Bowenpally,235,Teisel Gourd(Boda Kakarakaya),281,Local,0.0,6.0,3000.0,7000.0,5500.0,0.0,0.0
2025-10-13 00:00:00+05:30,324,Bowenpally,3,Bowenpally,235,Teisel Gourd(Boda Kakarakaya),281,Local,0.0,25.0,3000.0,7000.0,5500.0,0.0,0.0
2025-10-11 00:00:00+05:30,324,Bowenpally,3,Bowenpally,235,Teisel Gourd(Boda Kakarakaya),281,Local,0.0,25.0,2000.0,6000.0,4500.0,0.0,0.0
2025-10-12 00:00:00+05:30,324,Bowenpally,3,Bowenpally,235,Teisel Gourd(Boda Kakarakaya),281,Local,0.0,10.0,3000.0,7000.0,5500.0,0.0,0.0
2025-10-10 00:00:00+05:30,324,Bowenpally,3,Bowenpally,235,Teisel Gourd(Boda Kakarakaya),281,Local,0.0,13.0,2000.0,6000.0,4500.0,0.0,0.0
2025-10-09 00:00:00+05:30,324,Bowenpally,3,Bowenpally,235,Teisel Gourd(Boda Kakarakaya),281,Local,0.0,23.0,2000.0,6000.0,4500.0,0.0,0.0
2025-10-08 00:00:00+05:30,324,Bowenpally,3,Bowenpally,235,Teisel Gourd(Boda Kakarakaya),281,Local,0.0,39.0,2000.0,6000.0,4500.0,0.0,0.0
2025-10-07 00:00:00+05:30,324,Bowenpally,3,Bowenpally,235,Teisel Gourd(Boda Kakarakaya),281,Local,0.0,39.0,2000.0,6000.0,4500.0,0.0,0.0
2025-10-05 00:00:00+05:30,324,Bowenpally,3,Bowenpally,235,Teisel Gourd(Boda Kakarakaya),281,Local,0.0,10.0,3000.0,6000.0,5000.0,0.0,0.0
2025-10-06 00:00:00+05:30,324,Bowenpally,3,Bowenpally,235,Teisel Gourd(Boda Kakarakaya),281,Local,0.0,19.0,3000.0,6000.0,5000.0,0.0,0.0
2025-10-04 00:00:00+05:30,324,Bowenpally,3,Bowenpally,235,Teisel Gourd(Boda Kakarakaya),281,Local,0.0,30.0,2000.0,7000.0,4500.0,0.0,0.0
2025-10-01 00:00:00+05:30,324,Bowenpally,3,Bowenpally,235,Teisel Gourd(Boda Kakarakaya),281,Local,0.0,20.0,2000.0,6000.0,4500.0,0.0,0.0
2025-10-02 00:00:00+05:30,324,Bowenpally,3,Bowenpally,235,Teisel Gourd(Boda Kakarakaya),281,Local,0.0,3.0,4000.0,6000.0,5500.0,0.0,0.0
2025-10-31 00:00:00+05:30,324,Bowenpally,3,Bowenpally,235,Teisel Gourd(Boda Kakarakaya),281,Local,0.0,1.0,5000.0,5000.0,5000.0,0.0,0.0
2025-10-29 00:00:00+05:30,324,Bowenpally,3,Bowenpally,235,Teisel Gourd(Boda Kakarakaya),281,Local,0.0,3.0,3000.0,5000.0,4500.0,0.0,0.0
2025-10-06 00:00:00+05:30,246,Warangal,886,Warangal,54,Chillies(Dry),320,Teja (Cold storage),0.0,248.0,9500.0,14350.0,12000.0,0.0,0.0
2025-10-07 00:00:00+05:30,246,Warangal,886,Warangal,54,Chillies(Dry),320,Teja (Cold storage),0.0,598.0,9500.0,14550.0,11700.0,0.0,0.0
2025-10-08 00:00:00+05:30,246,Warangal,886,Warangal,54,Chillies(Dry),320,Teja (Cold storage),0.0,989.0,9500.0,14700.0,13600.0,0.0,0.0
2025-10-09 00:00:00+05:30,246,Warangal,886,Warangal,54,Chillies(Dry),320,Teja (Cold storage),0.0,1068.0,9000.0,14500.0,12800.0,0.0,0.0
2025-10-10 00:00:00+05:30,246,Warangal,886,Warangal,54,Chillies(Dry),320,Teja (Cold storage),0.0,769.0,10000.0,14500.0,12000.0,0.0,0.0
2025-10-13 00:00:00+05:30,246,Warangal,886,Warangal,54,Chillies(Dry),320,Teja (Cold storage),0.0,1072.0,10000.0,14300.0,12500.0,0.0,0.0
2025-10-14 00:00:00+05:30,246,Warangal,886,Warangal,54,Chillies(Dry),320,Teja (Cold storage),0.0,1381.0,9000.0,14550.0,13800.0,0.0,0.0
2025-10-15 00:00:00+05:30,246,Warangal,886,Warangal,54,Chillies(Dry),320,Teja (Cold storage),0.0,1507.0,8500.0,14850.0,12000.0,0.0,0.0
2025-10-16 00:00:00+05:30,246,Warangal,886,Warangal,54,Chillies(Dry),320,Teja (Cold storage),0.0,1651.0,8000.0,14450.0,13000.0,0.0,0.0
2025-10-17 00:00:00+05:30,246,Warangal,886,Warangal,54,Chillies(Dry),320,Teja (Cold storage),0.0,647.0,11000.0,14550.0,12500.0,0.0,0.0
2025-10-23 00:00:00+05:30,246,Warangal,886,Warangal,54,Chillies(Dry),320,Teja (Cold storage),0.0,786.0,10800.0,14301.0,12500.0,0.0,0.0
2025-10-22 00:00:00+05:30,246,Warangal,886,Warangal,54,Chillies(Dry),320,Teja (Cold storage),0.0,365.0,11600.0,14400.0,13500.0,0.0,0.0
2025-10-24 00:00:00+05:30,246,Warangal,886,Warangal,54,Chillies(Dry),320,Teja (Cold storage),0.0,599.0,10500.0,14000.0,12000.0,0.0,0.0
2025-10-27 00:00:00+05:30,246,Warangal,886,Warangal,54,Chillies(Dry),320,Teja (Cold storage),0.0,603.0,10000.0,14100.0,12500.0,0.0,0.0
2025-10-28 00:00:00+05:30,246,Warangal,886,Warangal,54,Chillies(Dry),320,Teja (Cold storage),0.0,65.0,8000.0,13800.0,11300.0,0.0,0.0
2025-10-29 00:00:00+05:30,246,Warangal,886,Warangal,54,Chillies(Dry),320,Teja (Cold storage),0.0,477.0,10200.0,14200.0,12500.0,0.0,0.0
2025-10-27 00:00:00+05:30,246,Warangal,886,Warangal,54,Chillies(Dry),321,Wonderhot (Cold storage),0.0,690.0,10000.0,16600.0,12000.0,0.0,0.0
2025-10-24 00:00:00+05:30,246,Warangal,886,Warangal,54,Chillies(Dry),321,Wonderhot (Cold storage),0.0,313.0,8700.0,16100.0,14000.0,0.0,0.0
2025-10-22 00:00:00+05:30,246,Warangal,886,Warangal,54,Chillies(Dry),321,Wonderhot (Cold storage),0.0,123.0,10500.0,16500.0,14500.0,0.0,0.0
2025-10-23 00:00:00+05:30,246,Warangal,886,Warangal,54,Chillies(Dry),321,Wonderhot (Cold storage),0.0,336.0,8000.0,16800.0,13600.0,0.0,0.0
2025-10-17 00:00:00+05:30,246,Warangal,886,Warangal,54,Chillies(Dry),321,Wonderhot (Cold storage),0.0,232.0,10500.0,16000.0,14000.0,0.0,0.0
2025-10-16 00:00:00+05:30,246,Warangal,886,Warangal,54,Chillies(Dry),321,Wonderhot (Cold storage),0.0,532.0,8500.0,16200.0,14500.0,0.0,0.0
2025-10-15 00:00:00+05:30,246,Warangal,886,Warangal,54,Chillies(Dry),321,Wonderhot (Cold storage),0.0,622.0,8500.0,16500.0,14500.0,0.0,0.0
2025-10-14 00:00:00+05:30,246,Warangal,886,Warangal,54,Chillies(Dry),321,Wonderhot (Cold storage),0.0,354.0,8500.0,15700.0,13000.0,0.0,0.0
2025-10-13 00:00:00+05:30,246,Warangal,886,Warangal,54,Chillies(Dry),321,Wonderhot (Cold storage),0.0,336.0,7000.0,16000.0,14000.0,0.0,0.0
2025-10-10 00:00:00+05:30,246,Warangal,886,Warangal,54,Chillies(Dry),321,Wonderhot (Cold storage),0.0,251.0,8700.0,16000.0,13600.0,0.0,0.0
2025-10-09 00:00:00+05:30,246,Warangal,886,Warangal,54,Chillies(Dry),321,Wonderhot (Cold storage),0.0,549.0,8000.0,16500.0,12500.0,0.0,0.0
2025-10-08 00:00:00+05:30,246,Warangal,886,Warangal,54,Chillies(Dry),321,Wonderhot (Cold storage),0.0,506.0,8500.0,16000.0,14500.0,0.0,0.0
2025-10-07 00:00:00+05:30,246,Warangal,886,Warangal,54,Chillies(Dry),321,Wonderhot (Cold storage),0.0,257.0,8500.0,16500.0,12800.0,0.0,0.0
2025-10-06 00:00:00+05:30,246,Warangal,886,Warangal,54,Chillies(Dry),321,Wonderhot (Cold storage),0.0,204.0,10500.0,1550.0,13500.0,0.0,0.0
2025-10-29 00:00:00+05:30,246,Warangal,886,Warangal,54,Chillies(Dry),321,Wonderhot (Cold storage),0.0,201.0,8700.0,16300.0,14500.0,0.0,0.0
2025-10-28 00:00:00+05:30,246,Warangal,886,Warangal,54,Chillies(Dry),321,Wonderhot (Cold storage),0.0,107.0,8000.0,14000.0,12000.0,0.0,0.0
2025-10-06 00:00:00+05:30,246,Warangal,886,Warangal,54,Chillies(Dry),322,US-341 (Cold storage),0.0,394.0,9000.0,14500.0,12500.0,0.0,0.0
2025-10-07 00:00:00+05:30,246,Warangal,886,Warangal,54,Chillies(Dry),322,US-341 (Cold storage),0.0,468.0,9000.0,15300.0,14500.0,0.0,0.0
2025-10-08 00:00:00+05:30,246,Warangal,886,Warangal,54,Chillies(Dry),322,US-341 (Cold storage),0.0,767.0,7700.0,16200.0,13500.0,0.0,0.0
2025-10-09 00:00:00+05:30,246,Warangal,886,Warangal,54,Chillies(Dry),322,US-341 (Cold storage),0.0,662.0,8000.0,16000.0,13500.0,0.0,0.0
2025-10-10 00:00:00+05:30,246,Warangal,886,Warangal,54,Chillies(Dry),322,US-341 (Cold storage),0.0,700.0,8000.0,15800.0,13450.0,0.0,0.0
2025-10-13 00:00:00+05:30,246,Warangal,886,Warangal,54,Chillies(Dry),322,US-341 (Cold storage),0.0,852.0,8000.0,16300.0,14500.0,0.0,0.0
2025-10-14 00:00:00+05:30,246,Warangal,886,Warangal,54,Chillies(Dry),322,US-341 (Cold storage),0.0,833.0,8000.0,16150.0,12500.0,0.0,0.0
2025-10-15 00:00:00+05:30,246,Warangal,886,Warangal,54,Chillies(Dry),322,US-341 (Cold storage),0.0,807.0,8000.0,15500.0,13800.0,0.0,0.0
2025-10-16 00:00:00+05:30,246,Warangal,886,Warangal,54,Chillies(Dry),322,US-341 (Cold storage),0.0,644.0,8000.0,15500.0,12500.0,0.0,0.0
2025-10-17 00:00:00+05:30,246,Warangal,886,Warangal,54,Chillies(Dry),322,US-341 (Cold storage),0.0,315.0,10000.0,140000.0,11000.0,0.0,0.0
2025-10-23 00:00:00+05:30,246,Warangal,886,Warangal,54,Chillies(Dry),322,US-341 (Cold storage),0.0,269.0,8400.0,15849.0,12500.0,0.0,0.0
2025-10-22 00:00:00+05:30,246,Warangal,886,Warangal,54,Chillies(Dry),322,US-341 (Cold storage),0.0,139.0,10000.0,16000.0,13500.0,0.0,0.0
2025-10-24 00:00:00+05:30,246,Warangal,886,Warangal,54,Chillies(Dry),322,US-341 (Cold storage),0.0,447.0,8600.0,15200.0,13500.0,0.0,0.0
2025-10-27 00:00:00+05:30,246,Warangal,886,Warangal,54,Chillies(Dry),322,US-341 (Cold storage),0.0,571.0,8000.0,1590.0,12000.0,0.0,0.0
2025-10-28 00:00:00+05:30,246,Warangal,886,Warangal,54,Chillies(Dry),322,US-341 (Cold storage),0.0,107.0,8000.0,13000.0,12000.0,0.0,0.0
2025-10-29 00:00:00+05:30,246,Warangal,886,Warangal,54,Chillies(Dry),322,US-341 (Cold storage),0.0,428.0,9000.0,16000.0,14500.0,0.0,0.0
2025-10-27 00:00:00+05:30,246,Warangal,886,Warangal,54,Chillies(Dry),330,Desi (Cold storage),0.0,53.0,15000.0,26000.0,18000.0,0.0,0.0
2025-10-24 00:00:00+05:30,246,Warangal,886,Warangal,54,Chillies(Dry),330,Desi (Cold storage),0.0,25.0,15500.0,20000.0,20000.0,0.0,0.0
2025-10-23 00:00:00+05:30,246,Warangal,886,Warangal,54,Chillies(Dry),330,Desi (Cold storage),0.0,90.0,13000.0,28300.0,21000.0,0.0,0.0
2025-10-17 00:00:00+05:30,246,Warangal,886,Warangal,54,Chillies(Dry),330,Desi (Cold storage),0.0,101.0,10000.0,26000.0,12000.0,0.0,0.0
2025-10-16 00:00:00+05:30,246,Warangal,886,Warangal,54,Chillies(Dry),330,Desi (Cold storage),0.0,38.0,10000.0,26000.0,15500.0,0.0,0.0
2025-10-15 00:00:00+05:30,246,Warangal,886,Warangal,54,Chillies(Dry),330,Desi (Cold storage),0.0,20.0,15000.0,19000.0,19000.0,0.0,0.0
2025-10-14 00:00:00+05:30,246,Warangal,886,Warangal,54,Chillies(Dry),330,Desi (Cold storage),0.0,43.0,11000.0,29000.0,29000.0,0.0,0.0
2025-10-13 00:00:00+05:30,246,Warangal,886,Warangal,54,Chillies(Dry),330,Desi (Cold storage),0.0,24.0,14000.0,20000.0,20000.0,0.0,0.0
2025-10-08 00:00:00+05:30,246,Warangal,886,Warangal,54,Chillies(Dry),330,Desi (Cold storage),0.0,61.0,14000.0,23000.0,15000.0,0.0,0.0
2025-10-07 00:00:00+05:30,246,Warangal,886,Warangal,54,Chillies(Dry),330,Desi (Cold storage),0.0,58.0,16000.0,28000.0,21000.0,0.0,0.0
2025-10-06 00:00:00+05:30,246,Warangal,886,Warangal,54,Chillies(Dry),330,Desi (Cold storage),0.0,13.0,24000.0,24000.0,24000.0,0.0,0.0
2025-10-29 00:00:00+05:30,246,Warangal,886,Warangal,54,Chillies(Dry),330,Desi (Cold storage),0.0,10.0,12000.0,17500.0,17500.0,0.0,0.0
2025-10-28 00:00:00+05:30,246,Warangal,886,Warangal,54,Chillies(Dry),330,Desi (Cold storage),0.0,14.0,10000.0,18000.0,18000.0,0.0,0.0
2025-10-07 00:00:00+05:30,246,Warangal,886,Warangal,57,Tumeric,227,Finger,0.0,0.89,4989.0,4989.0,4989.0,0.0,0.0
2025-10-09 00:00:00+05:30,246,Warangal,886,Warangal,57,Tumeric,227,Finger,0.0,40.31,9559.0,11209.0,11209.0,0.0,0.0
2025-10-10 00:00:00+05:30,246,Warangal,886,Warangal,57,Tumeric,227,Finger,0.0,6.02,6519.0,9016.0,8669.0,0.0,0.0
2025-10-13 00:00:00+05:30,246,Warangal,886,Warangal,57,Tumeric,227,Finger,0.0,47.1,8009.0,10225.0,9336.0,0.0,0.0
2025-10-15 00:00:00+05:30,246,Warangal,886,Warangal,57,Tumeric,227,Finger,0.0,39.61,5009.0,10559.0,10369.0,0.0,0.0
2025-10-16 00:00:00+05:30,246,Warangal,886,Warangal,57,Tumeric,227,Finger,0.0,73.56,8669.0,11389.0,11109.0,0.0,0.0
2025-10-17 00:00:00+05:30,246,Warangal,886,Warangal,57,Tumeric,227,Finger,0.0,0.28,10509.0,10509.0,10509.0,0.0,0.0
2025-10-23 00:00:00+05:30,246,Warangal,886,Warangal,57,Tumeric,227,Finger,0.0,3.85,10958.0,10958.0,10958.0,0.0,0.0
2025-10-27 00:00:00+05:30,246,Warangal,886,Warangal,57,Tumeric,227,Finger,0.0,1.33,4111.0,4239.0,4111.0,0.0,0.0
2025-10-29 00:00:00+05:30,246,Warangal,886,Warangal,57,Tumeric,227,Finger,0.0,0.24,6009.0,6009.0,6009.0,0.0,0.0
2025-10-27 00:00:00+05:30,246,Warangal,886,Warangal,57,Tumeric,228,Bulb,0.0,0.19,4666.0,4666.0,4666.0,0.0,0.0
2025-10-23 00:00:00+05:30,246,Warangal,886,Warangal,57,Tumeric,228,Bulb,0.0,0.76,10157.0,10157.0,10157.0,0.0,0.0
2025-10-17 00:00:00+05:30,246,Warangal,886,Warangal,57,Tumeric,228,Bulb,0.0,0.34,10509.0,10509.0,10509.0,0.0,0.0
2025-10-16 00:00:00+05:30,246,Warangal,886,Warangal,57,Tumeric,228,Bulb,0.0,26.75,9339.0,11766.0,11719.0,0.0,0.0
2025-10-15 00:00:00+05:30,246,Warangal,886,Warangal,57,Tumeric,228,Bulb,0.0,12.85,9128.0,10666.0,9128.0,0.0,0.0
2025-10-13 00:00:00+05:30,246,Warangal,886,Warangal,57,Tumeric,228,Bulb,0.0,12.1,9555.0,9608.0,9555.0,0.0,0.0
2025-10-14 00:00:00+05:30,246,Warangal,886,Warangal,57,Tumeric,228,Bulb,0.0,1.9,8259.0,8259.0,8259.0,0.0,0.0
2025-10-10 00:00:00+05:30,246,Warangal,886,Warangal,57,Tumeric,228,Bulb,0.0,1.39,5029.0,8226.0,8226.0,0.0,0.0
2025-10-09 00:00:00+05:30,246,Warangal,886,Warangal,57,Tumeric,228,Bulb,0.0,9.76,9021.0,10309.0,10309.0,0.0,0.0
2025-10-07 00:00:00+05:30,246,Warangal,886,Warangal,57,Tumeric,228,Bulb,0.0,0.65,5128.0,5128.0,5128.0,0.0,0.0
2025-10-29 00:00:00+05:30,246,Warangal,886,Warangal,57,Tumeric,228,Bulb,0.0,2.48,10659.0,10659.0,10659.0,0.0,0.0
2025-10-07 00:00:00+05:30,246,Warangal,886,Warangal,77,Mosambi,77,Common,0.0,60.0,1500.0,2000.0,1800.0,0.0,0.0
2025-10-06 00:00:00+05:30,246,Warangal,886,Warangal,77,Mosambi,77,Common,0.0,20.0,2000.0,2000.0,2000.0,0.0,0.0
2025-10-05 00:00:00+05:30,246,Warangal,886,Warangal,77,Mosambi,77,Common,0.0,40.0,2000.0,2000.0,2000.0,0.0,0.0
2025-10-03 00:00:00+05:30,246,Warangal,886,Warangal,77,Mosambi,77,Common,0.0,20.0,1000.0,1000.0,1000.0,0.0,0.0
2025-10-09 00:00:00+05:30,246,Warangal,886,Warangal,77,Mosambi,77,Common,0.0,20.0,2000.0,2000.0,2000.0,0.0,0.0
2025-10-11 00:00:00+05:30,246,Warangal,886,Warangal,77,Mosambi,77,Common,0.0,80.0,1500.0,2000.0,1600.0,0.0,0.0
2025-10-13 00:00:00+05:30,246,Warangal,886,Warangal,77,Mosambi,77,Common,0.0,50.0,1000.0,2000.0,1400.0,0.0,0.0
2025-10-17 00:00:00+05:30,246,Warangal,886,Warangal,77,Mosambi,77,Common,0.0,30.0,1500.0,2000.0,1700.0,0.0,0.0
2025-10-23 00:00:00+05:30,246,Warangal,886,Warangal,77,Mosambi,77,Common,0.0,80.0,1000.0,2500.0,1500.0,0.0,0.0
2025-10-26 00:00:00+05:30,246,Warangal,886,Warangal,77,Mosambi,77,Common,0.0,40.0,1000.0,1500.0,1250.0,0.0,0.0
2025-10-25 00:00:00+05:30,246,Warangal,886,Warangal,77,Mosambi,77,Common,0.0,20.0,1500.0,1500.0,1500.0,0.0,0.0
2025-10-28 00:00:00+05:30,246,Warangal,886,Warangal,77,Mosambi,77,Common,0.0,30.0,2000.0,2000.0,2000.0,0.0,0.0
2025-10-25 00:00:00+05:30,246,Warangal,886,Warangal,79,Orange,79,Common,0.0,100.0,1000.0,4000.0,2000.0,0.0,0.0
2025-10-24 00:00:00+05:30,246,Warangal,886,Warangal,79,Orange,79,Common,0.0,80.0,1000.0,4000.0,2000.0,0.0,0.0
2025-10-26 00:00:00+05:30,246,Warangal,886,Warangal,79,Orange,79,Common,0.0,80.0,1500.0,4000.0,2500.0,0.0,0.0
2025-10-27 00:00:00+05:30,246,Warangal,886,Warangal,79,Orange,79,Common,0.0,170.0,2000.0,2500.0,2200.0,0.0,0.0
2025-10-23 00:00:00+05:30,246,Warangal,886,Warangal,79,Orange,79,Common,0.0,60.0,2000.0,2500.0,2200.0,0.0,0.0
2025-10-22 00:00:00+05:30,246,Warangal,886,Warangal,79,Orange,79,Common,0.0,40.0,2000.0,3000.0,2500.0,0.0,0.0
2025-10-20 00:00:00+05:30,246,Warangal,886,Warangal,79,Orange,79,Common,0.0,60.0,2000.0,4000.0,2500.0,0.0,0.0
2025-10-21 00:00:00+05:30,246,Warangal,886,Warangal,79,Orange,79,Common,0.0,100.0,1500.0,4000.0,2100.0,0.0,0.0
2025-10-17 00:00:00+05:30,246,Warangal,886,Warangal,79,Orange,79,Common,0.0,40.0,2000.0,3000.0,2500.0,0.0,0.0
2025-10-18 00:00:00+05:30,246,Warangal,886,Warangal,79,Orange,79,Common,0.0,80.0,1000.0,3000.0,2000.0,0.0,0.0
2025-10-19 00:00:00+05:30,246,Warangal,886,Warangal,79,Orange,79,Common,0.0,80.0,1500.0,2000.0,1900.0,0.0,0.0
2025-10-13 00:00:00+05:30,246,Warangal,886,Warangal,79,Orange,79,Common,0.0,100.0,1000.0,4000.0,2000.0,0.0,0.0
2025-10-14 00:00:00+05:30,246,Warangal,886,Warangal,79,Orange,79,Common,0.0,20.0,2000.0,4000.0,3000.0,0.0,0.0
2025-10-15 00:00:00+05:30,246,Warangal,886,Warangal,79,Orange,79,Common,0.0,90.0,1000.0,4000.0,2200.0,0.0,0.0
2025-10-16 00:00:00+05:30,246,Warangal,886,Warangal,79,Orange,79,Common,0.0,80.0,1500.0,4000.0,2500.0,0.0,0.0
2025-10-11 00:00:00+05:30,246,Warangal,886,Warangal,79,Orange,79,Common,0.0,220.0,1500.0,2000.0,1750.0,0.0,0.0
2025-10-12 00:00:00+05:30,246,Warangal,886,Warangal,79,Orange,79,Common,0.0,60.0,1000.0,3000.0,2000.0,0.0,0.0
2025-10-10 00:00:00+05:30,246,Warangal,886,Warangal,79,Orange,79,Common,0.0,60.0,1500.0,3000.0,2200.0,0.0,0.0
2025-10-09 00:00:00+05:30,246,Warangal,886,Warangal,79,Orange,79,Common,0.0,100.0,2000.0,4000.0,2700.0,0.0,0.0
2025-10-03 00:00:00+05:30,246,Warangal,886,Warangal,79,Orange,79,Common,0.0,40.0,2000.0,4000.0,2500.0,0.0,0.0
2025-10-04 00:00:00+05:30,246,Warangal,886,Warangal,79,Orange,79,Common,0.0,20.0,2000.0,2000.0,2000.0,0.0,0.0
2025-10-05 00:00:00+05:30,246,Warangal,886,Warangal,79,Orange,79,Common,0.0,60.0,2000.0,2000.0,2000.0,0.0,0.0
2025-10-06 00:00:00+05:30,246,Warangal,886,Warangal,79,Orange,79,Common,0.0,70.0,2000.0,4000.0,2500.0,0.0,0.0
2025-10-07 00:00:00+05:30,246,Warangal,886,Warangal,79,Orange,79,Common,0.0,150.0,1000.0,5000.0,2700.0,0.0,0.0
2025-10-28 00:00:00+05:30,246,Warangal,886,Warangal,79,Orange,79,Common,0.0,190.0,1000.0,4000.0,2000.0,0.0,0.0
2025-10-29 00:00:00+05:30,246,Warangal,886,Warangal,79,Orange,79,Common,0.0,90.0,1000.0,4000.0,1700.0,0.0,0.0
2025-10-30 00:00:00+05:30,246,Warangal,886,Warangal,79,Orange,79,Common,0.0,60.0,1000.0,2000.0,1500.0,0.0,0.0
2025-10-31 00:00:00+05:30,246,Warangal,886,Warangal,79,Orange,79,Common,0.0,40.0,2000.0,2000.0,2000.0,0.0,0.0
2025-10-04 00:00:00+05:30,246,Warangal,886,Warangal,80,Banana,80,Common,0.0,56.0,3500.0,3500.0,3500.0,0.0,0.0
2025-10-10 00:00:00+05:30,246,Warangal,886,Warangal,80,Banana,80,Common,0.0,29.0,2800.0,2800.0,2800.0,0.0,0.0
2025-10-16 00:00:00+05:30,246,Warangal,886,Warangal,80,Banana,80,Common,0.0,36.0,2800.0,2800.0,2800.0,0.0,0.0
2025-10-15 00:00:00+05:30,246,Warangal,886,Warangal,80,Banana,80,Common,0.0,60.0,2700.0,2700.0,2700.0,0.0,0.0
2025-10-14 00:00:00+05:30,246,Warangal,886,Warangal,80,Banana,80,Common,0.0,70.0,3000.0,3000.0,3000.0,0.0,0.0
2025-10-26 00:00:00+05:30,246,Warangal,886,Warangal,80,Banana,80,Common,0.0,30.0,2000.0,2000.0,2000.0,0.0,0.0
2025-10-31 00:00:00+05:30,246,Warangal,886,Warangal,80,Banana,80,Common,0.0,45.0,2000.0,2000.0,2000.0,0.0,0.0
2025-10-27 00:00:00+05:30,246,Warangal,886,Warangal,81,Grapes,296,Black,0.0,30.0,5000.0,5000.0,5000.0,0.0,0.0
2025-10-24 00:00:00+05:30,246,Warangal,886,Warangal,81,Grapes,296,Black,0.0,15.0,5000.0,5000.0,5000.0,0.0,0.0
2025-10-13 00:00:00+05:30,246,Warangal,886,Warangal,81,Grapes,296,Black,0.0,20.0,5000.0,5000.0,5000.0,0.0,0.0
2025-10-16 00:00:00+05:30,246,Warangal,886,Warangal,81,Grapes,296,Black,0.0,33.0,5000.0,5000.0,5000.0,0.0,0.0
2025-10-19 00:00:00+05:30,246,Warangal,886,Warangal,81,Grapes,296,Black,0.0,7.0,5000.0,5000.0,5000.0,0.0,0.0
2025-10-18 00:00:00+05:30,246,Warangal,886,Warangal,81,Grapes,296,Black,0.0,8.0,5000.0,5000.0,5000.0,0.0,0.0
2025-10-20 00:00:00+05:30,246,Warangal,886,Warangal,81,Grapes,296,Black,0.0,30.0,5000.0,5000.0,5000.0,0.0,0.0
2025-10-05 00:00:00+05:30,246,Warangal,886,Warangal,81,Grapes,296,Black,0.0,20.0,5000.0,5000.0,5000.0,0.0,0.0
2025-10-31 00:00:00+05:30,246,Warangal,886,Warangal,81,Grapes,296,Black,0.0,20.0,5000.0,5000.0,5000.0,0.0,0.0
2025-10-05 00:00:00+05:30,246,Warangal,886,Warangal,82,Pomegrenates,82,Common,0.0,15.0,10000.0,14000.0,12000.0,0.0,0.0
2025-10-06 00:00:00+05:30,246,Warangal,886,Warangal,82,Pomegrenates,82,Common,0.0,12.0,8000.0,12000.0,9500.0,0.0,0.0
2025-10-07 00:00:00+05:30,246,Warangal,886,Warangal,82,Pomegrenates,82,Common,0.0,23.0,7000.0,13000.0,9000.0,0.0,0.0
2025-10-04 00:00:00+05:30,246,Warangal,886,Warangal,82,Pomegrenates,82,Common,0.0,10.0,8000.0,12000.0,10000.0,0.0,0.0
2025-10-03 00:00:00+05:30,246,Warangal,886,Warangal,82,Pomegrenates,82,Common,0.0,8.0,8000.0,12000.0,9000.0,0.0,0.0
2025-10-10 00:00:00+05:30,246,Warangal,886,Warangal,82,Pomegrenates,82,Common,0.0,35.0,7000.0,15000.0,9000.0,0.0,0.0
2025-10-12 00:00:00+05:30,246,Warangal,886,Warangal,82,Pomegrenates,82,Common,0.0,15.0,8000.0,12000.0,9000.0,0.0,0.0
2025-10-11 00:00:00+05:30,246,Warangal,886,Warangal,82,Pomegrenates,82,Common,0.0,13.0,8000.0,12000.0,10000.0,0.0,0.0
2025-10-09 00:00:00+05:30,246,Warangal,886,Warangal,82,Pomegrenates,82,Common,0.0,7.0,6000.0,8000.0,7000.0,0.0,0.0
2025-10-22 00:00:00+05:30,246,Warangal,886,Warangal,82,Pomegrenates,82,Common,0.0,6.0,8000.0,12000.0,9000.0,0.0,0.0
2025-10-23 00:00:00+05:30,246,Warangal,886,Warangal,82,Pomegrenates,82,Common,0.0,7.0,12000.0,12000.0,12000.0,0.0,0.0
2025-10-18 00:00:00+05:30,246,Warangal,886,Warangal,82,Pomegrenates,82,Common,0.0,17.0,6000.0,12000.0,8500.0,0.0,0.0
2025-10-17 00:00:00+05:30,246,Warangal,886,Warangal,82,Pomegrenates,82,Common,0.0,41.0,7000.0,13000.0,9000.0,0.0,0.0
2025-10-19 00:00:00+05:30,246,Warangal,886,Warangal,82,Pomegrenates,82,Common,0.0,20.0,10000.0,12000.0,11000.0,0.0,0.0
2025-10-16 00:00:00+05:30,246,Warangal,886,Warangal,82,Pomegrenates,82,Common,0.0,9.0,7000.0,12000.0,9000.0,0.0,0.0
2025-10-15 00:00:00+05:30,246,Warangal,886,Warangal,82,Pomegrenates,82,Common,0.0,28.0,8000.0,15000.0,10000.0,0.0,0.0
2025-10-13 00:00:00+05:30,246,Warangal,886,Warangal,82,Pomegrenates,82,Common,0.0,8.0,8000.0,13000.0,10000.0,0.0,0.0
2025-10-14 00:00:00+05:30,246,Warangal,886,Warangal,82,Pomegrenates,82,Common,0.0,16.0,7000.0,10000.0,8000.0,0.0,0.0
2025-10-24 00:00:00+05:30,246,Warangal,886,Warangal,82,Pomegrenates,82,Common,0.0,14.0,10000.0,15000.0,12000.0,0.0,0.0
2025-10-25 00:00:00+05:30,246,Warangal,886,Warangal,82,Pomegrenates,82,Common,0.0,7.0,12000.0,14000.0,12000.0,0.0,0.0
2025-10-27 00:00:00+05:30,246,Warangal,886,Warangal,82,Pomegrenates,82,Common,0.0,19.0,10000.0,12000.0,11000.0,0.0,0.0
2025-10-26 00:00:00+05:30,246,Warangal,886,Warangal,82,Pomegrenates,82,Common,0.0,17.0,8000.0,14000.0,11000.0,0.0,0.0
2025-10-31 00:00:00+05:30,246,Warangal,886,Warangal,82,Pomegrenates,82,Common,0.0,15.0,10000.0,15000.0,12000.0,0.0,0.0
2025-10-29 00:00:00+05:30,246,Warangal,886,Warangal,82,Pomegrenates,82,Common,0.0,11.0,8000.0,10000.0,9000.0,0.0,0.0
2025-10-28 00:00:00+05:30,246,Warangal,886,Warangal,82,Pomegrenates,82,Common,0.0,22.0,7000.0,12000.0,9000.0,0.0,0.0
2025-10-25 00:00:00+05:30,246,Warangal,886,Warangal,85,Musk Melon,85,Common,0.0,10.0,5000.0,5000.0,5000.0,0.0,0.0
2025-10-15 00:00:00+05:30,246,Warangal,886,Warangal,85,Musk Melon,85,Common,0.0,5.0,3000.0,3000.0,3000.0,0.0,0.0
2025-10-21 00:00:00+05:30,246,Warangal,886,Warangal,85,Musk Melon,85,Common,0.0,10.0,4000.0,4000.0,4000.0,0.0,0.0
2025-10-29 00:00:00+05:30,246,Warangal,886,Warangal,85,Musk Melon,85,Common,0.0,5.0,4000.0,4000.0,4000.0,0.0,0.0
2025-10-21 00:00:00+05:30,246,Warangal,886,Warangal,86,Water Melon,86,Common,0.0,20.0,2000.0,2000.0,2000.0,0.0,0.0
2025-10-23 00:00:00+05:30,246,Warangal,886,Warangal,86,Water Melon,86,Common,0.0,10.0,2000.0,2000.0,2000.0,0.0,0.0
2025-10-15 00:00:00+05:30,246,Warangal,886,Warangal,86,Water Melon,86,Common,0.0,5.0,2000.0,2000.0,2000.0,0.0,0.0
2025-10-16 00:00:00+05:30,246,Warangal,886,Warangal,86,Water Melon,86,Common,0.0,10.0,2000.0,2000.0,2000.0,0.0,0.0
2025-10-29 00:00:00+05:30,246,Warangal,886,Warangal,86,Water Melon,86,Common,0.0,5.0,2000.0,2000.0,2000.0,0.0,0.0
2025-10-16 00:00:00+05:30,246,Warangal,886,Warangal,87,Pine apple,87,Common,0.0,20.0,4000.0,4000.0,4000.0,0.0,0.0
2025-10-15 00:00:00+05:30,246,Warangal,886,Warangal,87,Pine apple,87,Common,0.0,5.0,4000.0,4000.0,4000.0,0.0,0.0
2025-10-23 00:00:00+05:30,246,Warangal,886,Warangal,87,Pine apple,87,Common,0.0,10.0,3000.0,3000.0,3000.0,0.0,0.0
2025-10-21 00:00:00+05:30,246,Warangal,886,Warangal,87,Pine apple,87,Common,0.0,10.0,3000.0,3000.0,3000.0,0.0,0.0
2025-10-18 00:00:00+05:30,246,Warangal,886,Warangal,87,Pine apple,87,Common,0.0,20.0,4000.0,4000.0,4000.0,0.0,0.0
2025-10-11 00:00:00+05:30,246,Warangal,886,Warangal,87,Pine apple,87,Common,0.0,10.0,2000.0,2000.0,2000.0,0.0,0.0
2025-10-25 00:00:00+05:30,246,Warangal,886,Warangal,87,Pine apple,87,Common,0.0,10.0,4000.0,4000.0,4000.0,0.0,0.0
2025-10-29 00:00:00+05:30,246,Warangal,886,Warangal,87,Pine apple,87,Common,0.0,10.0,3000.0,3000.0,3000.0,0.0,0.0
2025-10-25 00:00:00+05:30,246,Warangal,886,Warangal,89,Papaya,89,Common,0.0,45.0,2000.0,2000.0,2000.0,0.0,0.0
2025-10-24 00:00:00+05:30,246,Warangal,886,Warangal,89,Papaya,89,Common,0.0,40.0,1500.0,1500.0,1500.0,0.0,0.0
2025-10-11 00:00:00+05:30,246,Warangal,886,Warangal,89,Papaya,89,Common,0.0,50.0,2000.0,2000.0,2000.0,0.0,0.0
2025-10-10 00:00:00+05:30,246,Warangal,886,Warangal,89,Papaya,89,Common,0.0,60.0,1500.0,1500.0,1500.0,0.0,0.0
2025-10-04 00:00:00+05:30,246,Warangal,886,Warangal,89,Papaya,89,Common,0.0,50.0,2000.0,2000.0,2000.0,0.0,0.0
2025-10-07 00:00:00+05:30,246,Warangal,886,Warangal,89,Papaya,89,Common,0.0,40.0,1500.0,1500.0,1500.0,0.0,0.0
2025-10-05 00:00:00+05:30,246,Warangal,886,Warangal,89,Papaya,89,Common,0.0,20.0,2000.0,2000.0,2000.0,0.0,0.0
2025-10-18 00:00:00+05:30,246,Warangal,886,Warangal,89,Papaya,89,Common,0.0,30.0,2000.0,2000.0,2000.0,0.0,0.0
2025-10-17 00:00:00+05:30,246,Warangal,886,Warangal,89,Papaya,89,Common,0.0,20.0,2000.0,2000.0,2000.0,0.0,0.0
2025-10-22 00:00:00+05:30,246,Warangal,886,Warangal,89,Papaya,89,Common,0.0,20.0,1500.0,1500.0,1500.0,0.0,0.0
2025-10-15 00:00:00+05:30,246,Warangal,886,Warangal,89,Papaya,89,Common,0.0,60.0,2000.0,2000.0,2000.0,0.0,0.0
2025-10-16 00:00:00+05:30,246,Warangal,886,Warangal,89,Papaya,89,Common,0.0,40.0,2000.0,2000.0,2000.0,0.0,0.0
2025-10-13 00:00:00+05:30,246,Warangal,886,Warangal,89,Papaya,89,Common,0.0,40.0,1500.0,1500.0,1500.0,0.0,0.0
2025-10-29 00:00:00+05:30,246,Warangal,886,Warangal,89,Papaya,89,Common,0.0,20.0,2000.0,2000.0,2000.0,0.0,0.0
2025-10-13 00:00:00+05:30,246,Warangal,886,Warangal,90,Guava,90,Common,0.0,13.0,5000.0,5000.0,5000.0,0.0,0.0
2025-10-14 00:00:00+05:30,246,Warangal,886,Warangal,90,Guava,90,Common,0.0,8.0,5000.0,5000.0,5000.0,0.0,0.0
2025-10-15 00:00:00+05:30,246,Warangal,886,Warangal,90,Guava,90,Common,0.0,19.0,5000.0,5000.0,5000.0,0.0,0.0
2025-10-22 00:00:00+05:30,246,Warangal,886,Warangal,90,Guava,90,Common,0.0,8.0,4000.0,4000.0,4000.0,0.0,0.0
2025-10-23 00:00:00+05:30,246,Warangal,886,Warangal,90,Guava,90,Common,0.0,12.0,4000.0,4000.0,4000.0,0.0,0.0
2025-10-20 00:00:00+05:30,246,Warangal,886,Warangal,90,Guava,90,Common,0.0,27.0,5000.0,5000.0,5000.0,0.0,0.0
2025-10-18 00:00:00+05:30,246,Warangal,886,Warangal,90,Guava,90,Common,0.0,10.0,5000.0,5000.0,5000.0,0.0,0.0
2025-10-19 00:00:00+05:30,246,Warangal,886,Warangal,90,Guava,90,Common,0.0,36.0,3900.0,3900.0,3900.0,0.0,0.0
2025-10-05 00:00:00+05:30,246,Warangal,886,Warangal,90,Guava,90,Common,0.0,8.0,3500.0,3500.0,3500.0,0.0,0.0
2025-10-06 00:00:00+05:30,246,Warangal,886,Warangal,90,Guava,90,Common,0.0,21.0,3000.0,3000.0,3000.0,0.0,0.0
2025-10-07 00:00:00+05:30,246,Warangal,886,Warangal,90,Guava,90,Common,0.0,5.0,4000.0,4000.0,4000.0,0.0,0.0
2025-10-04 00:00:00+05:30,246,Warangal,886,Warangal,90,Guava,90,Common,0.0,36.0,3500.0,3500.0,3500.0,0.0,0.0
2025-10-03 00:00:00+05:30,246,Warangal,886,Warangal,90,Guava,90,Common,0.0,9.0,3500.0,3500.0,3500.0,0.0,0.0
2025-10-11 00:00:00+05:30,246,Warangal,886,Warangal,90,Guava,90,Common,0.0,21.0,3500.0,3500.0,3500.0,0.0,0.0
2025-10-24 00:00:00+05:30,246,Warangal,886,Warangal,90,Guava,90,Common,0.0,17.0,4000.0,4000.0,4000.0,0.0,0.0
2025-10-26 00:00:00+05:30,246,Warangal,886,Warangal,90,Guava,90,Common,0.0,15.0,4000.0,4000.0,4000.0,0.0,0.0
2025-10-27 00:00:00+05:30,246,Warangal,886,Warangal,90,Guava,90,Common,0.0,25.0,4000.0,4000.0,4000.0,0.0,0.0
2025-10-29 00:00:00+05:30,246,Warangal,886,Warangal,90,Guava,90,Common,0.0,18.0,4000.0,4000.0,4000.0,0.0,0.0
2025-10-28 00:00:00+05:30,246,Warangal,886,Warangal,90,Guava,90,Common,0.0,28.0,3400.0,3400.0,3400.0,0.0,0.0
2025-10-26 00:00:00+05:30,246,Warangal,886,Warangal,91,Ber,91,Common,0.0,15.0,1300.0,1300.0,1300.0,0.0,0.0
2025-10-12 00:00:00+05:30,246,Warangal,886,Warangal,91,Ber,91,Common,0.0,7.0,5000.0,5000.0,5000.0,0.0,0.0
2025-10-18 00:00:00+05:30,246,Warangal,886,Warangal,91,Ber,91,Common,0.0,5.0,5000.0,5000.0,5000.0,0.0,0.0
2025-10-21 00:00:00+05:30,246,Warangal,886,Warangal,91,Ber,91,Common,0.0,25.0,2000.0,2000.0,2000.0,0.0,0.0
2025-10-23 00:00:00+05:30,246,Warangal,886,Warangal,91,Ber,91,Common,0.0,9.0,1400.0,1400.0,1400.0,0.0,0.0
2025-10-13 00:00:00+05:30,246,Warangal,886,Warangal,91,Ber,91,Common,0.0,6.0,5000.0,5000.0,5000.0,0.0,0.0
2025-10-28 00:00:00+05:30,246,Warangal,886,Warangal,91,Ber,91,Common,0.0,5.0,5000.0,5000.0,5000.0,0.0,0.0
2025-10-29 00:00:00+05:30,246,Warangal,886,Warangal,91,Ber,91,Common,0.0,56.0,1700.0,1700.0,1700.0,0.0,0.0
2025-10-13 00:00:00+05:30,246,Warangal,886,Warangal,97,Apple,97,Common,0.0,93.0,4000.0,9000.0,6000.0,0.0,0.0
2025-10-16 00:00:00+05:30,246,Warangal,886,Warangal,97,Apple,97,Common,0.0,139.0,5000.0,10000.0,7000.0,0.0,0.0
2025-10-23 00:00:00+05:30,246,Warangal,886,Warangal,97,Apple,97,Common,0.0,280.0,5000.0,10000.0,6000.0,0.0,0.0
2025-10-20 00:00:00+05:30,246,Warangal,886,Warangal,97,Apple,97,Common,0.0,156.0,5000.0,10000.0,6000.0,0.0,0.0
2025-10-18 00:00:00+05:30,246,Warangal,886,Warangal,97,Apple,97,Common,0.0,71.0,5000.0,10000.0,7000.0,0.0,0.0
2025-10-17 00:00:00+05:30,246,Warangal,886,Warangal,97,Apple,97,Common,0.0,85.0,5000.0,10000.0,7000.0,0.0,0.0
2025-10-19 00:00:00+05:30,246,Warangal,886,Warangal,97,Apple,97,Common,0.0,62.0,6000.0,10000.0,8000.0,0.0,0.0
2025-10-12 00:00:00+05:30,246,Warangal,886,Warangal,97,Apple,97,Common,0.0,102.0,5000.0,10000.0,6000.0,0.0,0.0
2025-10-09 00:00:00+05:30,246,Warangal,886,Warangal,97,Apple,97,Common,0.0,20.0,5000.0,10000.0,7500.0,0.0,0.0
2025-10-07 00:00:00+05:30,246,Warangal,886,Warangal,97,Apple,97,Common,0.0,89.0,6000.0,11000.0,8000.0,0.0,0.0
2025-10-24 00:00:00+05:30,246,Warangal,886,Warangal,97,Apple,97,Common,0.0,88.0,5000.0,10000.0,6000.0,0.0,0.0
2025-10-30 00:00:00+05:30,246,Warangal,886,Warangal,97,Apple,97,Common,0.0,101.0,4000.0,10000.0,6000.0,0.0,0.0
2025-10-28 00:00:00+05:30,246,Warangal,886,Warangal,97,Apple,97,Common,0.0,106.0,4000.0,10000.0,6000.0,0.0,0.0
2025-10-24 00:00:00+05:30,246,Warangal,886,Warangal,98,Cabbage,98,Common,0.0,47.0,2000.0,2500.0,2250.0,0.0,0.0
2025-10-25 00:00:00+05:30,246,Warangal,886,Warangal,98,Cabbage,98,Common,0.0,55.0,2500.0,3000.0,2750.0,0.0,0.0
2025-10-26 00:00:00+05:30,246,Warangal,886,Warangal,98,Cabbage,98,Common,0.0,50.0,2500.0,3000.0,2750.0,0.0,0.0
2025-10-27 00:00:00+05:30,246,Warangal,886,Warangal,98,Cabbage,98,Common,0.0,47.0,2000.0,2500.0,2250.0,0.0,0.0
2025-10-07 00:00:00+05:30,246,Warangal,886,Warangal,98,Cabbage,98,Common,0.0,54.0,2000.0,2500.0,2250.0,0.0,0.0
2025-10-06 00:00:00+05:30,246,Warangal,886,Warangal,98,Cabbage,98,Common,0.0,67.0,1600.0,2000.0,1800.0,0.0,0.0
2025-10-05 00:00:00+05:30,246,Warangal,886,Warangal,98,Cabbage,98,Common,0.0,37.0,1600.0,2000.0,1800.0,0.0,0.0
2025-10-04 00:00:00+05:30,246,Warangal,886,Warangal,98,Cabbage,98,Common,0.0,37.0,1600.0,2000.0,1800.0,0.0,0.0
2025-10-01 00:00:00+05:30,246,Warangal,886,Warangal,98,Cabbage,98,Common,0.0,61.0,1600.0,2000.0,1800.0,0.0,0.0
2025-10-02 00:00:00+05:30,246,Warangal,886,Warangal,98,Cabbage,98,Common,0.0,32.0,1600.0,2000.0,1800.0,0.0,0.0
2025-10-09 00:00:00+05:30,246,Warangal,886,Warangal,98,Cabbage,98,Common,0.0,68.0,1600.0,2000.0,1800.0,0.0,0.0
2025-10-08 00:00:00+05:30,246,Warangal,886,Warangal,98,Cabbage,98,Common,0.0,63.0,1600.0,2000.0,1800.0,0.0,0.0
2025-10-12 00:00:00+05:30,246,Warangal,886,Warangal,98,Cabbage,98,Common,0.0,55.0,2000.0,2500.0,2250.0,0.0,0.0
2025-10-11 00:00:00+05:30,246,Warangal,886,Warangal,98,Cabbage,98,Common,0.0,64.0,1600.0,2000.0,1800.0,0.0,0.0
2025-10-10 00:00:00+05:30,246,Warangal,886,Warangal,98,Cabbage,98,Common,0.0,33.0,2000.0,2500.0,2250.0,0.0,0.0
2025-10-19 00:00:00+05:30,246,Warangal,886,Warangal,98,Cabbage,98,Common,0.0,44.0,2000.0,2500.0,2250.0,0.0,0.0
2025-10-17 00:00:00+05:30,246,Warangal,886,Warangal,98,Cabbage,98,Common,0.0,53.0,2000.0,2500.0,2250.0,0.0,0.0
2025-10-18 00:00:00+05:30,246,Warangal,886,Warangal,98,Cabbage,98,Common,0.0,24.0,2500.0,3000.0,2750.0,0.0,0.0
2025-10-20 00:00:00+05:30,246,Warangal,886,Warangal,98,Cabbage,98,Common,0.0,32.0,2500.0,3000.0,2750.0,0.0,0.0
2025-10-21 00:00:00+05:30,246,Warangal,886,Warangal,98,Cabbage,98,Common,0.0,58.0,2000.0,2500.0,2250.0,0.0,0.0
2025-10-23 00:00:00+05:30,246,Warangal,886,Warangal,98,Cabbage,98,Common,0.0,38.0,2500.0,3000.0,2750.0,0.0,0.0
2025-10-16 00:00:00+05:30,246,Warangal,886,Warangal,98,Cabbage,98,Common,0.0,55.0,1600.0,2000.0,1800.0,0.0,0.0
2025-10-15 00:00:00+05:30,246,Warangal,886,Warangal,98,Cabbage,98,Common,0.0,48.0,2000.0,2500.0,2250.0,0.0,0.0
2025-10-13 00:00:00+05:30,246,Warangal,886,Warangal,98,Cabbage,98,Common,0.0,44.0,1600.0,2000.0,1800.0,0.0,0.0
2025-10-14 00:00:00+05:30,246,Warangal,886,Warangal,98,Cabbage,98,Common,0.0,49.0,2000.0,2500.0,2250.0,0.0,0.0
2025-10-28 00:00:00+05:30,246,Warangal,886,Warangal,98,Cabbage,98,Common,0.0,44.0,2500.0,3000.0,2750.0,0.0,0.0
2025-10-30 00:00:00+05:30,246,Warangal,886,Warangal,98,Cabbage,98,Common,0.0,58.0,1600.0,2000.0,1800.0,0.0,0.0
2025-10-29 00:00:00+05:30,246,Warangal,886,Warangal,98,Cabbage,98,Common,0.0,61.0,2000.0,2500.0,2250.0,0.0,0.0
2025-10-31 00:00:00+05:30,246,Warangal,886,Warangal,98,Cabbage,98,Common,0.0,23.0,2500.0,3000.0,2750.0,0.0,0.0
2025-10-14 00:00:00+05:30,246,Warangal,886,Warangal,99,Cauliflower,99,Common,0.0,1.0,2500.0,3000.0,2750.0,0.0,0.0
2025-10-15 00:00:00+05:30,246,Warangal,886,Warangal,99,Cauliflower,99,Common,0.0,5.0,3000.0,3500.0,3250.0,0.0,0.0
2025-10-16 00:00:00+05:30,246,Warangal,886,Warangal,99,Cauliflower,99,Common,0.0,2.0,3500.0,4000.0,3750.0,0.0,0.0
2025-10-23 00:00:00+05:30,246,Warangal,886,Warangal,99,Cauliflower,99,Common,0.0,1.0,3500.0,4000.0,3750.0,0.0,0.0
2025-10-22 00:00:00+05:30,246,Warangal,886,Warangal,99,Cauliflower,99,Common,0.0,9.0,3600.0,4000.0,3800.0,0.0,0.0
2025-10-21 00:00:00+05:30,246,Warangal,886,Warangal,99,Cauliflower,99,Common,0.0,2.0,2500.0,3000.0,2750.0,0.0,0.0
2025-10-20 00:00:00+05:30,246,Warangal,886,Warangal,99,Cauliflower,99,Common,0.0,4.0,3000.0,3500.0,3250.0,0.0,0.0
2025-10-18 00:00:00+05:30,246,Warangal,886,Warangal,99,Cauliflower,99,Common,0.0,5.0,2000.0,2500.0,2250.0,0.0,0.0
2025-10-17 00:00:00+05:30,246,Warangal,886,Warangal,99,Cauliflower,99,Common,0.0,2.0,3500.0,4000.0,3750.0,0.0,0.0
2025-10-19 00:00:00+05:30,246,Warangal,886,Warangal,99,Cauliflower,99,Common,0.0,5.0,3500.0,4000.0,3750.0,0.0,0.0
2025-10-11 00:00:00+05:30,246,Warangal,886,Warangal,99,Cauliflower,99,Common,0.0,2.0,3500.0,4000.0,3750.0,0.0,0.0
2025-10-12 00:00:00+05:30,246,Warangal,886,Warangal,99,Cauliflower,99,Common,0.0,4.0,3500.0,4000.0,3750.0,0.0,0.0
2025-10-08 00:00:00+05:30,246,Warangal,886,Warangal,99,Cauliflower,99,Common,0.0,2.0,3500.0,4000.0,3750.0,0.0,0.0
2025-10-01 00:00:00+05:30,246,Warangal,886,Warangal,99,Cauliflower,99,Common,0.0,1.0,3000.0,3500.0,3250.0,0.0,0.0
2025-10-04 00:00:00+05:30,246,Warangal,886,Warangal,99,Cauliflower,99,Common,0.0,4.0,3000.0,3500.0,3250.0,0.0,0.0
2025-10-05 00:00:00+05:30,246,Warangal,886,Warangal,99,Cauliflower,99,Common,0.0,3.0,2500.0,3000.0,2750.0,0.0,0.0
2025-10-06 00:00:00+05:30,246,Warangal,886,Warangal,99,Cauliflower,99,Common,0.0,1.0,3000.0,3500.0,3250.0,0.0,0.0
2025-10-07 00:00:00+05:30,246,Warangal,886,Warangal,99,Cauliflower,99,Common,0.0,2.0,3000.0,3500.0,3250.0,0.0,0.0
2025-10-27 00:00:00+05:30,246,Warangal,886,Warangal,99,Cauliflower,99,Common,0.0,3.0,3500.0,4000.0,3750.0,0.0,0.0
2025-10-26 00:00:00+05:30,246,Warangal,886,Warangal,99,Cauliflower,99,Common,0.0,6.0,3500.0,4000.0,3750.0,0.0,0.0
2025-10-24 00:00:00+05:30,246,Warangal,886,Warangal,99,Cauliflower,99,Common,0.0,7.0,2500.0,3000.0,2750.0,0.0,0.0
2025-10-31 00:00:00+05:30,246,Warangal,886,Warangal,99,Cauliflower,99,Common,0.0,5.0,3500.0,4000.0,3750.0,0.0,0.0
2025-10-29 00:00:00+05:30,246,Warangal,886,Warangal,99,Cauliflower,99,Common,0.0,10.0,3500.0,4000.0,3750.0,0.0,0.0
2025-10-28 00:00:00+05:30,246,Warangal,886,Warangal,99,Cauliflower,99,Common,0.0,3.0,3000.0,3500.0,3250.0,0.0,0.0
2025-10-24 00:00:00+05:30,246,Warangal,886,Warangal,101,Beet Root,101,Common,0.0,18.0,3500.0,4000.0,3750.0,0.0,0.0
2025-10-25 00:00:00+05:30,246,Warangal,886,Warangal,101,Beet Root,101,Common,0.0,14.0,3500.0,4000.0,3750.0,0.0,0.0
2025-10-26 00:00:00+05:30,246,Warangal,886,Warangal,101,Beet Root,101,Common,0.0,6.0,4500.0,5000.0,4750.0,0.0,0.0
2025-10-27 00:00:00+05:30,246,Warangal,886,Warangal,101,Beet Root,101,Common,0.0,14.0,3500.0,4000.0,3750.0,0.0,0.0
2025-10-07 00:00:00+05:30,246,Warangal,886,Warangal,101,Beet Root,101,Common,0.0,15.0,2500.0,3000.0,2750.0,0.0,0.0
2025-10-06 00:00:00+05:30,246,Warangal,886,Warangal,101,Beet Root,101,Common,0.0,10.0,3000.0,3500.0,3250.0,0.0,0.0
2025-10-05 00:00:00+05:30,246,Warangal,886,Warangal,101,Beet Root,101,Common,0.0,13.0,3000.0,3500.0,3250.0,0.0,0.0
2025-10-04 00:00:00+05:30,246,Warangal,886,Warangal,101,Beet Root,101,Common,0.0,9.0,2500.0,3000.0,2750.0,0.0,0.0
2025-10-01 00:00:00+05:30,246,Warangal,886,Warangal,101,Beet Root,101,Common,0.0,6.0,3000.0,3500.0,3250.0,0.0,0.0
2025-10-02 00:00:00+05:30,246,Warangal,886,Warangal,101,Beet Root,101,Common,0.0,9.0,2500.0,3000.0,2750.0,0.0,0.0
2025-10-08 00:00:00+05:30,246,Warangal,886,Warangal,101,Beet Root,101,Common,0.0,12.0,2500.0,3000.0,2750.0,0.0,0.0
2025-10-09 00:00:00+05:30,246,Warangal,886,Warangal,101,Beet Root,101,Common,0.0,14.0,2500.0,3000.0,2750.0,0.0,0.0
2025-10-12 00:00:00+05:30,246,Warangal,886,Warangal,101,Beet Root,101,Common,0.0,17.0,2500.0,3000.0,2750.0,0.0,0.0
2025-10-11 00:00:00+05:30,246,Warangal,886,Warangal,101,Beet Root,101,Common,0.0,15.0,2500.0,3000.0,2750.0,0.0,0.0
2025-10-10 00:00:00+05:30,246,Warangal,886,Warangal,101,Beet Root,101,Common,0.0,14.0,2500.0,3000.0,2750.0,0.0,0.0
2025-10-19 00:00:00+05:30,246,Warangal,886,Warangal,101,Beet Root,101,Common,0.0,12.0,2500.0,3000.0,2750.0,0.0,0.0
2025-10-17 00:00:00+05:30,246,Warangal,886,Warangal,101,Beet Root,101,Common,0.0,15.0,3500.0,4000.0,3750.0,0.0,0.0
2025-10-18 00:00:00+05:30,246,Warangal,886,Warangal,101,Beet Root,101,Common,0.0,13.0,2500.0,3000.0,2750.0,0.0,0.0
2025-10-20 00:00:00+05:30,246,Warangal,886,Warangal,101,Beet Root,101,Common,0.0,12.0,2500.0,3000.0,2750.0,0.0,0.0
2025-10-21 00:00:00+05:30,246,Warangal,886,Warangal,101,Beet Root,101,Common,0.0,12.0,2500.0,3000.0,2750.0,0.0,0.0
2025-10-23 00:00:00+05:30,246,Warangal,886,Warangal,101,Beet Root,101,Common,0.0,12.0,2500.0,3000.0,2750.0,0.0,0.0
2025-10-16 00:00:00+05:30,246,Warangal,886,Warangal,101,Beet Root,101,Common,0.0,13.0,3000.0,3500.0,3250.0,0.0,0.0
2025-10-15 00:00:00+05:30,246,Warangal,886,Warangal,101,Beet Root,101,Common,0.0,15.0,3000.0,3500.0,3250.0,0.0,0.0
2025-10-14 00:00:00+05:30,246,Warangal,886,Warangal,101,Beet Root,101,Common,0.0,16.0,3000.0,3500.0,3250.0,0.0,0.0
2025-10-13 00:00:00+05:30,246,Warangal,886,Warangal,101,Beet Root,101,Common,0.0,14.0,2500.0,3000.0,2750.0,0.0,0.0
2025-10-28 00:00:00+05:30,246,Warangal,886,Warangal,101,Beet Root,101,Common,0.0,11.0,5500.0,6000.0,5750.0,0.0,0.0
2025-10-29 00:00:00+05:30,246,Warangal,886,Warangal,101,Beet Root,101,Common,0.0,13.0,2500.0,3000.0,2750.0,0.0,0.0
2025-10-30 00:00:00+05:30,246,Warangal,886,Warangal,101,Beet Root,101,Common,0.0,11.0,4500.0,5000.0,4750.0,0.0,0.0
2025-10-31 00:00:00+05:30,246,Warangal,886,Warangal,101,Beet Root,101,Common,0.0,4.0,4500.0,5000.0,4750.0,0.0,0.0
2025-10-13 00:00:00+05:30,246,Warangal,886,Warangal,103,Carrot,103,Common,0.0,23.0,4500.0,5000.0,4750.0,0.0,0.0
2025-10-14 00:00:00+05:30,246,Warangal,886,Warangal,103,Carrot,103,Common,0.0,23.0,4500.0,5000.0,4750.0,0.0,0.0
2025-10-15 00:00:00+05:30,246,Warangal,886,Warangal,103,Carrot,103,Common,0.0,20.0,4500.0,5000.0,4750.0,0.0,0.0
2025-10-16 00:00:00+05:30,246,Warangal,886,Warangal,103,Carrot,103,Common,0.0,23.0,4500.0,5000.0,4750.0,0.0,0.0
2025-10-23 00:00:00+05:30,246,Warangal,886,Warangal,103,Carrot,103,Common,0.0,21.0,3500.0,4000.0,3750.0,0.0,0.0
2025-10-21 00:00:00+05:30,246,Warangal,886,Warangal,103,Carrot,103,Common,0.0,25.0,4000.0,4200.0,4100.0,0.0,0.0
2025-10-20 00:00:00+05:30,246,Warangal,886,Warangal,103,Carrot,103,Common,0.0,22.0,4500.0,5000.0,4750.0,0.0,0.0
2025-10-18 00:00:00+05:30,246,Warangal,886,Warangal,103,Carrot,103,Common,0.0,22.0,4500.0,5000.0,4750.0,0.0,0.0
2025-10-17 00:00:00+05:30,246,Warangal,886,Warangal,103,Carrot,103,Common,0.0,21.0,4500.0,5000.0,4750.0,0.0,0.0
2025-10-19 00:00:00+05:30,246,Warangal,886,Warangal,103,Carrot,103,Common,0.0,22.0,3500.0,4000.0,3750.0,0.0,0.0
2025-10-10 00:00:00+05:30,246,Warangal,886,Warangal,103,Carrot,103,Common,0.0,28.0,4500.0,5000.0,4750.0,0.0,0.0
2025-10-11 00:00:00+05:30,246,Warangal,886,Warangal,103,Carrot,103,Common,0.0,22.0,4500.0,5000.0,4750.0,0.0,0.0
2025-10-12 00:00:00+05:30,246,Warangal,886,Warangal,103,Carrot,103,Common,0.0,24.0,4500.0,5000.0,4750.0,0.0,0.0
2025-10-09 00:00:00+05:30,246,Warangal,886,Warangal,103,Carrot,103,Common,0.0,26.0,4000.0,4500.0,4250.0,0.0,0.0
2025-10-08 00:00:00+05:30,246,Warangal,886,Warangal,103,Carrot,103,Common,0.0,21.0,4500.0,5000.0,4750.0,0.0,0.0
2025-10-02 00:00:00+05:30,246,Warangal,886,Warangal,103,Carrot,103,Common,0.0,26.0,4000.0,4200.0,4100.0,0.0,0.0
2025-10-01 00:00:00+05:30,246,Warangal,886,Warangal,103,Carrot,103,Common,0.0,26.0,4000.0,4500.0,4250.0,0.0,0.0
2025-10-04 00:00:00+05:30,246,Warangal,886,Warangal,103,Carrot,103,Common,0.0,14.0,4500.0,5000.0,4750.0,0.0,0.0
2025-10-05 00:00:00+05:30,246,Warangal,886,Warangal,103,Carrot,103,Common,0.0,19.0,5500.0,6000.0,5750.0,0.0,0.0
2025-10-06 00:00:00+05:30,246,Warangal,886,Warangal,103,Carrot,103,Common,0.0,31.0,5500.0,6000.0,5750.0,0.0,0.0
2025-10-07 00:00:00+05:30,246,Warangal,886,Warangal,103,Carrot,103,Common,0.0,24.0,4500.0,5000.0,4750.0,0.0,0.0
2025-10-27 00:00:00+05:30,246,Warangal,886,Warangal,103,Carrot,103,Common,0.0,27.0,5500.0,6000.0,5750.0,0.0,0.0
2025-10-26 00:00:00+05:30,246,Warangal,886,Warangal,103,Carrot,103,Common,0.0,15.0,5500.0,6000.0,5750.0,0.0,0.0
2025-10-25 00:00:00+05:30,246,Warangal,886,Warangal,103,Carrot,103,Common,0.0,18.0,4500.0,5000.0,4750.0,0.0,0.0
2025-10-24 00:00:00+05:30,246,Warangal,886,Warangal,103,Carrot,103,Common,0.0,24.0,4500.0,5000.0,4750.0,0.0,0.0
2025-10-31 00:00:00+05:30,246,Warangal,886,Warangal,103,Carrot,103,Common,0.0,10.0,5500.0,6000.0,5750.0,0.0,0.0
2025-10-30 00:00:00+05:30,246,Warangal,886,Warangal,103,Carrot,103,Common,0.0,21.0,5500.0,6000.0,5750.0,0.0,0.0
2025-10-29 00:00:00+05:30,246,Warangal,886,Warangal,103,Carrot,103,Common,0.0,22.0,4500.0,5000.0,4750.0,0.0,0.0
2025-10-28 00:00:00+05:30,246,Warangal,886,Warangal,103,Carrot,103,Common,0.0,15.0,5500.0,6000.0,5750.0,0.0,0.0
2025-10-24 00:00:00+05:30,246,Warangal,886,Warangal,105,Potato,105,Common,0.0,24.0,2200.0,2600.0,2400.0,0.0,0.0
2025-10-25 00:00:00+05:30,246,Warangal,886,Warangal,105,Potato,105,Common,0.0,26.0,2200.0,2600.0,2400.0,0.0,0.0
2025-10-26 00:00:00+05:30,246,Warangal,886,Warangal,105,Potato,105,Common,0.0,22.0,2000.0,2500.0,2250.0,0.0,0.0
2025-10-27 00:00:00+05:30,246,Warangal,886,Warangal,105,Potato,105,Common,0.0,24.0,2000.0,2500.0,2250.0,0.0,0.0
2025-10-07 00:00:00+05:30,246,Warangal,886,Warangal,105,Potato,105,Common,0.0,24.0,2000.0,2500.0,2250.0,0.0,0.0
2025-10-06 00:00:00+05:30,246,Warangal,886,Warangal,105,Potato,105,Common,0.0,24.0,2200.0,2600.0,2400.0,0.0,0.0
2025-10-05 00:00:00+05:30,246,Warangal,886,Warangal,105,Potato,105,Common,0.0,22.0,2200.0,2600.0,2400.0,0.0,0.0
2025-10-04 00:00:00+05:30,246,Warangal,886,Warangal,105,Potato,105,Common,0.0,22.0,2200.0,2600.0,2400.0,0.0,0.0
2025-10-01 00:00:00+05:30,246,Warangal,886,Warangal,105,Potato,105,Common,0.0,20.0,2000.0,2500.0,2250.0,0.0,0.0
2025-10-02 00:00:00+05:30,246,Warangal,886,Warangal,105,Potato,105,Common,0.0,18.0,2200.0,2600.0,2400.0,0.0,0.0
2025-10-08 00:00:00+05:30,246,Warangal,886,Warangal,105,Potato,105,Common,0.0,24.0,2200.0,2600.0,2400.0,0.0,0.0
2025-10-09 00:00:00+05:30,246,Warangal,886,Warangal,105,Potato,105,Common,0.0,26.0,2200.0,2600.0,2400.0,0.0,0.0
2025-10-12 00:00:00+05:30,246,Warangal,886,Warangal,105,Potato,105,Common,0.0,26.0,2200.0,2600.0,2400.0,0.0,0.0
2025-10-11 00:00:00+05:30,246,Warangal,886,Warangal,105,Potato,105,Common,0.0,24.0,2000.0,2500.0,2250.0,0.0,0.0
2025-10-10 00:00:00+05:30,246,Warangal,886,Warangal,105,Potato,105,Common,0.0,25.0,2000.0,2500.0,2250.0,0.0,0.0
2025-10-19 00:00:00+05:30,246,Warangal,886,Warangal,105,Potato,105,Common,0.0,26.0,2000.0,2500.0,2250.0,0.0,0.0
2025-10-17 00:00:00+05:30,246,Warangal,886,Warangal,105,Potato,105,Common,0.0,22.0,2200.0,2600.0,2400.0,0.0,0.0
2025-10-18 00:00:00+05:30,246,Warangal,886,Warangal,105,Potato,105,Common,0.0,24.0,2000.0,2500.0,2250.0,0.0,0.0
2025-10-20 00:00:00+05:30,246,Warangal,886,Warangal,105,Potato,105,Common,0.0,26.0,2000.0,2500.0,2250.0,0.0,0.0
2025-10-21 00:00:00+05:30,246,Warangal,886,Warangal,105,Potato,105,Common,0.0,22.0,2200.0,2600.0,2400.0,0.0,0.0
2025-10-23 00:00:00+05:30,246,Warangal,886,Warangal,105,Potato,105,Common,0.0,24.0,2000.0,2500.0,2250.0,0.0,0.0
2025-10-22 00:00:00+05:30,246,Warangal,886,Warangal,105,Potato,105,Common,0.0,17.0,2600.0,2800.0,2700.0,0.0,0.0
2025-10-16 00:00:00+05:30,246,Warangal,886,Warangal,105,Potato,105,Common,0.0,26.0,2200.0,2600.0,2400.0,0.0,0.0
2025-10-15 00:00:00+05:30,246,Warangal,886,Warangal,105,Potato,105,Common,0.0,24.0,2200.0,2600.0,2400.0,0.0,0.0
2025-10-14 00:00:00+05:30,246,Warangal,886,Warangal,105,Potato,105,Common,0.0,24.0,2200.0,2600.0,2400.0,0.0,0.0
2025-10-13 00:00:00+05:30,246,Warangal,886,Warangal,105,Potato,105,Common,0.0,26.0,2200.0,2600.0,2400.0,0.0,0.0
2025-10-28 00:00:00+05:30,246,Warangal,886,Warangal,105,Potato,105,Common,0.0,26.0,2000.0,2500.0,2250.0,0.0,0.0
2025-10-29 00:00:00+05:30,246,Warangal,886,Warangal,105,Potato,105,Common,0.0,22.0,2200.0,2600.0,2400.0,0.0,0.0
2025-10-30 00:00:00+05:30,246,Warangal,886,Warangal,105,Potato,105,Common,0.0,16.0,2000.0,2500.0,2250.0,0.0,0.0
2025-10-31 00:00:00+05:30,246,Warangal,886,Warangal,105,Potato,105,Common,0.0,24.0,2200.0,2600.0,2400.0,0.0,0.0
2025-10-13 00:00:00+05:30,246,Warangal,886,Warangal,106,ColaCasio(Arvi),106,Common,0.0,11.0,3000.0,3500.0,3250.0,0.0,0.0
2025-10-14 00:00:00+05:30,246,Warangal,886,Warangal,106,ColaCasio(Arvi),106,Common,0.0,9.0,3000.0,3500.0,3250.0,0.0,0.0
2025-10-15 00:00:00+05:30,246,Warangal,886,Warangal,106,ColaCasio(Arvi),106,Common,0.0,12.0,2500.0,3000.0,2750.0,0.0,0.0
2025-10-16 00:00:00+05:30,246,Warangal,886,Warangal,106,ColaCasio(Arvi),106,Common,0.0,10.0,3500.0,4000.0,3750.0,0.0,0.0
2025-10-23 00:00:00+05:30,246,Warangal,886,Warangal,106,ColaCasio(Arvi),106,Common,0.0,8.0,3000.0,3500.0,3250.0,0.0,0.0
2025-10-21 00:00:00+05:30,246,Warangal,886,Warangal,106,ColaCasio(Arvi),106,Common,0.0,8.0,3500.0,4000.0,3750.0,0.0,0.0
2025-10-20 00:00:00+05:30,246,Warangal,886,Warangal,106,ColaCasio(Arvi),106,Common,0.0,4.0,3000.0,3500.0,3250.0,0.0,0.0
2025-10-18 00:00:00+05:30,246,Warangal,886,Warangal,106,ColaCasio(Arvi),106,Common,0.0,5.0,3000.0,3500.0,3250.0,0.0,0.0
2025-10-17 00:00:00+05:30,246,Warangal,886,Warangal,106,ColaCasio(Arvi),106,Common,0.0,7.0,3000.0,3400.0,3200.0,0.0,0.0
2025-10-19 00:00:00+05:30,246,Warangal,886,Warangal,106,ColaCasio(Arvi),106,Common,0.0,7.0,3000.0,3200.0,3100.0,0.0,0.0
2025-10-10 00:00:00+05:30,246,Warangal,886,Warangal,106,ColaCasio(Arvi),106,Common,0.0,8.0,3000.0,3500.0,3250.0,0.0,0.0
2025-10-11 00:00:00+05:30,246,Warangal,886,Warangal,106,ColaCasio(Arvi),106,Common,0.0,9.0,3000.0,3500.0,3250.0,0.0,0.0
2025-10-12 00:00:00+05:30,246,Warangal,886,Warangal,106,ColaCasio(Arvi),106,Common,0.0,24.0,4500.0,5000.0,4750.0,0.0,0.0
2025-10-09 00:00:00+05:30,246,Warangal,886,Warangal,106,ColaCasio(Arvi),106,Common,0.0,10.0,3500.0,4000.0,3750.0,0.0,0.0
2025-10-08 00:00:00+05:30,246,Warangal,886,Warangal,106,ColaCasio(Arvi),106,Common,0.0,10.0,3000.0,3500.0,3250.0,0.0,0.0
2025-10-02 00:00:00+05:30,246,Warangal,886,Warangal,106,ColaCasio(Arvi),106,Common,0.0,6.0,3000.0,3500.0,3250.0,0.0,0.0
2025-10-01 00:00:00+05:30,246,Warangal,886,Warangal,106,ColaCasio(Arvi),106,Common,0.0,5.0,3000.0,3500.0,3250.0,0.0,0.0
2025-10-04 00:00:00+05:30,246,Warangal,886,Warangal,106,ColaCasio(Arvi),106,Common,0.0,4.0,3000.0,3500.0,3250.0,0.0,0.0
2025-10-05 00:00:00+05:30,246,Warangal,886,Warangal,106,ColaCasio(Arvi),106,Common,0.0,7.0,3500.0,4000.0,3750.0,0.0,0.0
2025-10-06 00:00:00+05:30,246,Warangal,886,Warangal,106,ColaCasio(Arvi),106,Common,0.0,9.0,2500.0,3000.0,2750.0,0.0,0.0
2025-10-07 00:00:00+05:30,246,Warangal,886,Warangal,106,ColaCasio(Arvi),106,Common,0.0,11.0,3500.0,4000.0,3750.0,0.0,0.0
2025-10-27 00:00:00+05:30,246,Warangal,886,Warangal,106,ColaCasio(Arvi),106,Common,0.0,9.0,2500.0,3000.0,2750.0,0.0,0.0
2025-10-26 00:00:00+05:30,246,Warangal,886,Warangal,106,ColaCasio(Arvi),106,Common,0.0,8.0,2500.0,3000.0,2750.0,0.0,0.0
2025-10-25 00:00:00+05:30,246,Warangal,886,Warangal,106,ColaCasio(Arvi),106,Common,0.0,4.0,3000.0,3200.0,3100.0,0.0,0.0
2025-10-24 00:00:00+05:30,246,Warangal,886,Warangal,106,ColaCasio(Arvi),106,Common,0.0,5.0,2500.0,3000.0,2750.0,0.0,0.0
2025-10-31 00:00:00+05:30,246,Warangal,886,Warangal,106,ColaCasio(Arvi),106,Common,0.0,4.0,2500.0,3000.0,2750.0,0.0,0.0
2025-10-30 00:00:00+05:30,246,Warangal,886,Warangal,106,ColaCasio(Arvi),106,Common,0.0,6.0,3500.0,4000.0,3750.0,0.0,0.0
2025-10-29 00:00:00+05:30,246,Warangal,886,Warangal,106,ColaCasio(Arvi),106,Common,0.0,4.0,2500.0,3000.0,2750.0,0.0,0.0
2025-10-28 00:00:00+05:30,246,Warangal,886,Warangal,106,ColaCasio(Arvi),106,Common,0.0,8.0,2500.0,3000.0,2750.0,0.0,0.0
2025-10-24 00:00:00+05:30,246,Warangal,886,Warangal,108,Yam,108,Common,0.0,1.0,4500.0,5000.0,4750.0,0.0,0.0
2025-10-25 00:00:00+05:30,246,Warangal,886,Warangal,108,Yam,108,Common,0.0,1.0,5500.0,6000.0,5750.0,0.0,0.0
2025-10-26 00:00:00+05:30,246,Warangal,886,Warangal,108,Yam,108,Common,0.0,1.0,5500.0,6000.0,5750.0,0.0,0.0
2025-10-27 00:00:00+05:30,246,Warangal,886,Warangal,108,Yam,108,Common,0.0,1.0,3500.0,4000.0,3750.0,0.0,0.0
2025-10-06 00:00:00+05:30,246,Warangal,886,Warangal,108,Yam,108,Common,0.0,1.0,3500.0,4000.0,3750.0,0.0,0.0
2025-10-01 00:00:00+05:30,246,Warangal,886,Warangal,108,Yam,108,Common,0.0,1.0,5500.0,6000.0,5750.0,0.0,0.0
2025-10-08 00:00:00+05:30,246,Warangal,886,Warangal,108,Yam,108,Common,0.0,1.0,2500.0,3000.0,2750.0,0.0,0.0
2025-10-18 00:00:00+05:30,246,Warangal,886,Warangal,108,Yam,108,Common,0.0,1.0,3500.0,4000.0,3750.0,0.0,0.0
2025-10-23 00:00:00+05:30,246,Warangal,886,Warangal,108,Yam,108,Common,0.0,1.0,3000.0,3500.0,3250.0,0.0,0.0
2025-10-16 00:00:00+05:30,246,Warangal,886,Warangal,108,Yam,108,Common,0.0,1.0,4500.0,5000.0,4750.0,0.0,0.0
2025-10-29 00:00:00+05:30,246,Warangal,886,Warangal,108,Yam,108,Common,0.0,1.0,3500.0,4000.0,3750.0,0.0,0.0
2025-10-30 00:00:00+05:30,246,Warangal,886,Warangal,108,Yam,108,Common,0.0,1.0,4500.0,5000.0,4750.0,0.0,0.0
2025-10-16 00:00:00+05:30,246,Warangal,886,Warangal,111,Brinjal,111,Common,0.0,17.0,4500.0,5000.0,4750.0,0.0,0.0
2025-10-15 00:00:00+05:30,246,Warangal,886,Warangal,111,Brinjal,111,Common,0.0,26.0,3500.0,4000.0,3750.0,0.0,0.0
2025-10-14 00:00:00+05:30,246,Warangal,886,Warangal,111,Brinjal,111,Common,0.0,19.0,3000.0,3500.0,3250.0,0.0,0.0
2025-10-13 00:00:00+05:30,246,Warangal,886,Warangal,111,Brinjal,111,Common,0.0,16.0,3000.0,3500.0,3250.0,0.0,0.0
2025-10-23 00:00:00+05:30,246,Warangal,886,Warangal,111,Brinjal,111,Common,0.0,18.0,2500.0,3000.0,0.0,0.0,0.0
2025-10-22 00:00:00+05:30,246,Warangal,886,Warangal,111,Brinjal,111,Common,0.0,2.0,5600.0,6000.0,5800.0,0.0,0.0
2025-10-20 00:00:00+05:30,246,Warangal,886,Warangal,111,Brinjal,111,Common,0.0,24.0,3500.0,4000.0,3750.0,0.0,0.0
2025-10-21 00:00:00+05:30,246,Warangal,886,Warangal,111,Brinjal,111,Common,0.0,22.0,3000.0,3500.0,3250.0,0.0,0.0
2025-10-18 00:00:00+05:30,246,Warangal,886,Warangal,111,Brinjal,111,Common,0.0,28.0,2500.0,3000.0,2750.0,0.0,0.0
2025-10-17 00:00:00+05:30,246,Warangal,886,Warangal,111,Brinjal,111,Common,0.0,16.0,3000.0,3500.0,3250.0,0.0,0.0
2025-10-19 00:00:00+05:30,246,Warangal,886,Warangal,111,Brinjal,111,Common,0.0,35.0,3000.0,3500.0,3250.0,0.0,0.0
2025-10-08 00:00:00+05:30,246,Warangal,886,Warangal,111,Brinjal,111,Common,0.0,31.0,2000.0,2500.0,2250.0,0.0,0.0
2025-10-09 00:00:00+05:30,246,Warangal,886,Warangal,111,Brinjal,111,Common,0.0,31.0,2500.0,3000.0,2750.0,0.0,0.0
2025-10-12 00:00:00+05:30,246,Warangal,886,Warangal,111,Brinjal,111,Common,0.0,15.0,2000.0,2500.0,2250.0,0.0,0.0
2025-10-11 00:00:00+05:30,246,Warangal,886,Warangal,111,Brinjal,111,Common,0.0,26.0,1600.0,2000.0,1800.0,0.0,0.0
2025-10-10 00:00:00+05:30,246,Warangal,886,Warangal,111,Brinjal,111,Common,0.0,16.0,1600.0,2000.0,1800.0,0.0,0.0
2025-10-01 00:00:00+05:30,246,Warangal,886,Warangal,111,Brinjal,111,Common,0.0,4.0,2500.0,3000.0,2750.0,0.0,0.0
2025-10-04 00:00:00+05:30,246,Warangal,886,Warangal,111,Brinjal,111,Common,0.0,27.0,1600.0,2000.0,1800.0,0.0,0.0
2025-10-06 00:00:00+05:30,246,Warangal,886,Warangal,111,Brinjal,111,Common,0.0,25.0,2500.0,3000.0,2750.0,0.0,0.0
2025-10-05 00:00:00+05:30,246,Warangal,886,Warangal,111,Brinjal,111,Common,0.0,18.0,2000.0,2500.0,2250.0,0.0,0.0
2025-10-07 00:00:00+05:30,246,Warangal,886,Warangal,111,Brinjal,111,Common,0.0,23.0,2000.0,2200.0,2100.0,0.0,0.0
2025-10-27 00:00:00+05:30,246,Warangal,886,Warangal,111,Brinjal,111,Common,0.0,10.0,3500.0,4000.0,3750.0,0.0,0.0
2025-10-26 00:00:00+05:30,246,Warangal,886,Warangal,111,Brinjal,111,Common,0.0,39.0,4000.0,4500.0,4250.0,0.0,0.0
2025-10-25 00:00:00+05:30,246,Warangal,886,Warangal,111,Brinjal,111,Common,0.0,35.0,3500.0,4000.0,3750.0,0.0,0.0
2025-10-24 00:00:00+05:30,246,Warangal,886,Warangal,111,Brinjal,111,Common,0.0,10.0,3500.0,4000.0,3750.0,0.0,0.0
2025-10-30 00:00:00+05:30,246,Warangal,886,Warangal,111,Brinjal,111,Common,0.0,4.0,3500.0,4000.0,3750.0,0.0,0.0
2025-10-29 00:00:00+05:30,246,Warangal,886,Warangal,111,Brinjal,111,Common,0.0,30.0,3500.0,4000.0,3750.0,0.0,0.0
2025-10-28 00:00:00+05:30,246,Warangal,886,Warangal,111,Brinjal,111,Common,0.0,17.0,4500.0,5000.0,4750.0,0.0,0.0
2025-10-31 00:00:00+05:30,246,Warangal,886,Warangal,111,Brinjal,111,Common,0.0,9.0,2500.0,3000.0,2750.0,0.0,0.0
2025-10-24 00:00:00+05:30,246,Warangal,886,Warangal,112,Ladys Finger,112,Common,0.0,21.0,3000.0,3500.0,3250.0,0.0,0.0
2025-10-25 00:00:00+05:30,246,Warangal,886,Warangal,112,Ladys Finger,112,Common,0.0,15.0,3500.0,4000.0,3750.0,0.0,0.0
2025-10-26 00:00:00+05:30,246,Warangal,886,Warangal,112,Ladys Finger,112,Common,0.0,28.0,3500.0,4000.0,3750.0,0.0,0.0
2025-10-27 00:00:00+05:30,246,Warangal,886,Warangal,112,Ladys Finger,112,Common,0.0,17.0,3000.0,3500.0,3250.0,0.0,0.0
2025-10-07 00:00:00+05:30,246,Warangal,886,Warangal,112,Ladys Finger,112,Common,0.0,23.0,1600.0,2000.0,1800.0,0.0,0.0
2025-10-05 00:00:00+05:30,246,Warangal,886,Warangal,112,Ladys Finger,112,Common,0.0,12.0,1600.0,2000.0,1800.0,0.0,0.0
2025-10-06 00:00:00+05:30,246,Warangal,886,Warangal,112,Ladys Finger,112,Common,0.0,18.0,2000.0,2500.0,2250.0,0.0,0.0
2025-10-04 00:00:00+05:30,246,Warangal,886,Warangal,112,Ladys Finger,112,Common,0.0,32.0,1000.0,1500.0,1250.0,0.0,0.0
2025-10-03 00:00:00+05:30,246,Warangal,886,Warangal,112,Ladys Finger,112,Common,0.0,3.0,2000.0,2500.0,2250.0,0.0,0.0
2025-10-01 00:00:00+05:30,246,Warangal,886,Warangal,112,Ladys Finger,112,Common,0.0,30.0,1600.0,2000.0,1800.0,0.0,0.0
2025-10-02 00:00:00+05:30,246,Warangal,886,Warangal,112,Ladys Finger,112,Common,0.0,12.0,2000.0,2500.0,2250.0,0.0,0.0
2025-10-10 00:00:00+05:30,246,Warangal,886,Warangal,112,Ladys Finger,112,Common,0.0,20.0,2500.0,3000.0,2750.0,0.0,0.0
2025-10-11 00:00:00+05:30,246,Warangal,886,Warangal,112,Ladys Finger,112,Common,0.0,17.0,2000.0,2500.0,2250.0,0.0,0.0
2025-10-12 00:00:00+05:30,246,Warangal,886,Warangal,112,Ladys Finger,112,Common,0.0,23.0,1600.0,2000.0,1800.0,0.0,0.0
2025-10-09 00:00:00+05:30,246,Warangal,886,Warangal,112,Ladys Finger,112,Common,0.0,16.0,2000.0,2500.0,2250.0,0.0,0.0
2025-10-08 00:00:00+05:30,246,Warangal,886,Warangal,112,Ladys Finger,112,Common,0.0,17.0,2000.0,2500.0,2250.0,0.0,0.0
2025-10-19 00:00:00+05:30,246,Warangal,886,Warangal,112,Ladys Finger,112,Common,0.0,22.0,2500.0,3000.0,2750.0,0.0,0.0
2025-10-17 00:00:00+05:30,246,Warangal,886,Warangal,112,Ladys Finger,112,Common,0.0,14.0,2500.0,3000.0,2750.0,0.0,0.0
2025-10-18 00:00:00+05:30,246,Warangal,886,Warangal,112,Ladys Finger,112,Common,0.0,17.0,2000.0,2500.0,2250.0,0.0,0.0
2025-10-21 00:00:00+05:30,246,Warangal,886,Warangal,112,Ladys Finger,112,Common,0.0,19.0,2500.0,3000.0,2750.0,0.0,0.0
2025-10-20 00:00:00+05:30,246,Warangal,886,Warangal,112,Ladys Finger,112,Common,0.0,24.0,2500.0,3000.0,2750.0,0.0,0.0
2025-10-22 00:00:00+05:30,246,Warangal,886,Warangal,112,Ladys Finger,112,Common,0.0,20.0,3000.0,4000.0,3500.0,0.0,0.0
2025-10-23 00:00:00+05:30,246,Warangal,886,Warangal,112,Ladys Finger,112,Common,0.0,10.0,2500.0,3000.0,2750.0,0.0,0.0
2025-10-13 00:00:00+05:30,246,Warangal,886,Warangal,112,Ladys Finger,112,Common,0.0,16.0,2000.0,2500.0,2250.0,0.0,0.0
2025-10-14 00:00:00+05:30,246,Warangal,886,Warangal,112,Ladys Finger,112,Common,0.0,20.0,1600.0,2000.0,1800.0,0.0,0.0
2025-10-15 00:00:00+05:30,246,Warangal,886,Warangal,112,Ladys Finger,112,Common,0.0,14.0,2500.0,3000.0,2750.0,0.0,0.0
2025-10-16 00:00:00+05:30,246,Warangal,886,Warangal,112,Ladys Finger,112,Common,0.0,23.0,2500.0,3000.0,2750.0,0.0,0.0
2025-10-31 00:00:00+05:30,246,Warangal,886,Warangal,112,Ladys Finger,112,Common,0.0,14.0,4500.0,5000.0,4750.0,0.0,0.0
2025-10-28 00:00:00+05:30,246,Warangal,886,Warangal,112,Ladys Finger,112,Common,0.0,20.0,4500.0,5000.0,4750.0,0.0,0.0
2025-10-29 00:00:00+05:30,246,Warangal,886,Warangal,112,Ladys Finger,112,Common,0.0,16.0,4500.0,5000.0,4750.0,0.0,0.0
2025-10-30 00:00:00+05:30,246,Warangal,886,Warangal,112,Ladys Finger,112,Common,0.0,8.0,4500.0,5000.0,4750.0,0.0,0.0
2025-10-16 00:00:00+05:30,246,Warangal,886,Warangal,113,Green Chillies,113,Common,0.0,190.0,3500.0,4000.0,3750.0,0.0,0.0
2025-10-15 00:00:00+05:30,246,Warangal,886,Warangal,113,Green Chillies,113,Common,0.0,180.0,2500.0,3000.0,2750.0,0.0,0.0
2025-10-14 00:00:00+05:30,246,Warangal,886,Warangal,113,Green Chillies,113,Common,0.0,150.0,2500.0,3000.0,2750.0,0.0,0.0
2025-10-13 00:00:00+05:30,246,Warangal,886,Warangal,113,Green Chillies,113,Common,0.0,240.0,2500.0,3000.0,2750.0,0.0,0.0
2025-10-23 00:00:00+05:30,246,Warangal,886,Warangal,113,Green Chillies,113,Common,0.0,210.0,2500.0,3000.0,2750.0,0.0,0.0
2025-10-22 00:00:00+05:30,246,Warangal,886,Warangal,113,Green Chillies,113,Common,0.0,230.0,2600.0,3000.0,2800.0,0.0,0.0
2025-10-20 00:00:00+05:30,246,Warangal,886,Warangal,113,Green Chillies,113,Common,0.0,180.0,2500.0,3000.0,2750.0,0.0,0.0
2025-10-21 00:00:00+05:30,246,Warangal,886,Warangal,113,Green Chillies,113,Common,0.0,120.0,2500.0,3000.0,2750.0,0.0,0.0
2025-10-18 00:00:00+05:30,246,Warangal,886,Warangal,113,Green Chillies,113,Common,0.0,140.0,2500.0,3000.0,2750.0,0.0,0.0
2025-10-17 00:00:00+05:30,246,Warangal,886,Warangal,113,Green Chillies,113,Common,0.0,210.0,2500.0,3000.0,2750.0,0.0,0.0
2025-10-19 00:00:00+05:30,246,Warangal,886,Warangal,113,Green Chillies,113,Common,0.0,200.0,2500.0,3000.0,2750.0,0.0,0.0
2025-10-08 00:00:00+05:30,246,Warangal,886,Warangal,113,Green Chillies,113,Common,0.0,120.0,4000.0,4500.0,4250.0,0.0,0.0
2025-10-09 00:00:00+05:30,246,Warangal,886,Warangal,113,Green Chillies,113,Common,0.0,160.0,3500.0,4000.0,3750.0,0.0,0.0
2025-10-12 00:00:00+05:30,246,Warangal,886,Warangal,113,Green Chillies,113,Common,0.0,220.0,3500.0,4000.0,3750.0,0.0,0.0
2025-10-11 00:00:00+05:30,246,Warangal,886,Warangal,113,Green Chillies,113,Common,0.0,170.0,3500.0,4000.0,3750.0,0.0,0.0
2025-10-10 00:00:00+05:30,246,Warangal,886,Warangal,113,Green Chillies,113,Common,0.0,140.0,3500.0,4000.0,3750.0,0.0,0.0
2025-10-02 00:00:00+05:30,246,Warangal,886,Warangal,113,Green Chillies,113,Common,0.0,150.0,2500.0,3000.0,2750.0,0.0,0.0
2025-10-01 00:00:00+05:30,246,Warangal,886,Warangal,113,Green Chillies,113,Common,0.0,100.0,3500.0,4000.0,3750.0,0.0,0.0
2025-10-03 00:00:00+05:30,246,Warangal,886,Warangal,113,Green Chillies,113,Common,0.0,80.0,3500.0,4000.0,3750.0,0.0,0.0
2025-10-04 00:00:00+05:30,246,Warangal,886,Warangal,113,Green Chillies,113,Common,0.0,110.0,2500.0,3000.0,2750.0,0.0,0.0
2025-10-06 00:00:00+05:30,246,Warangal,886,Warangal,113,Green Chillies,113,Common,0.0,100.0,4500.0,5000.0,4750.0,0.0,0.0
2025-10-05 00:00:00+05:30,246,Warangal,886,Warangal,113,Green Chillies,113,Common,0.0,130.0,3500.0,4000.0,3750.0,0.0,0.0
2025-10-07 00:00:00+05:30,246,Warangal,886,Warangal,113,Green Chillies,113,Common,0.0,160.0,3500.0,4000.0,3750.0,0.0,0.0
2025-10-27 00:00:00+05:30,246,Warangal,886,Warangal,113,Green Chillies,113,Common,0.0,230.0,1600.0,2000.0,1800.0,0.0,0.0
2025-10-26 00:00:00+05:30,246,Warangal,886,Warangal,113,Green Chillies,113,Common,0.0,230.0,1600.0,2000.0,1800.0,0.0,0.0
2025-10-25 00:00:00+05:30,246,Warangal,886,Warangal,113,Green Chillies,113,Common,0.0,230.0,2500.0,3000.0,2750.0,0.0,0.0
2025-10-24 00:00:00+05:30,246,Warangal,886,Warangal,113,Green Chillies,113,Common,0.0,140.0,2500.0,3000.0,2750.0,0.0,0.0
2025-10-30 00:00:00+05:30,246,Warangal,886,Warangal,113,Green Chillies,113,Common,0.0,150.0,2500.0,3000.0,2750.0,0.0,0.0
2025-10-29 00:00:00+05:30,246,Warangal,886,Warangal,113,Green Chillies,113,Common,0.0,95.0,3500.0,4000.0,3750.0,0.0,0.0
2025-10-28 00:00:00+05:30,246,Warangal,886,Warangal,113,Green Chillies,113,Common,0.0,140.0,1600.0,2000.0,1800.0,0.0,0.0
2025-10-31 00:00:00+05:30,246,Warangal,886,Warangal,113,Green Chillies,113,Common,0.0,200.0,2000.0,2500.0,2250.0,0.0,0.0
2025-10-24 00:00:00+05:30,246,Warangal,886,Warangal,114,Tomato,197,Local,0.0,100.0,1600.0,2000.0,1800.0,0.0,0.0
2025-10-25 00:00:00+05:30,246,Warangal,886,Warangal,114,Tomato,197,Local,0.0,160.0,2000.0,2400.0,2200.0,0.0,0.0
2025-10-26 00:00:00+05:30,246,Warangal,886,Warangal,114,Tomato,197,Local,0.0,180.0,2000.0,2500.0,2250.0,0.0,0.0
2025-10-27 00:00:00+05:30,246,Warangal,886,Warangal,114,Tomato,197,Local,0.0,140.0,2000.0,2500.0,2250.0,0.0,0.0
2025-10-07 00:00:00+05:30,246,Warangal,886,Warangal,114,Tomato,197,Local,0.0,100.0,1600.0,2000.0,1800.0,0.0,0.0
2025-10-05 00:00:00+05:30,246,Warangal,886,Warangal,114,Tomato,197,Local,0.0,140.0,2000.0,2500.0,2250.0,0.0,0.0
2025-10-06 00:00:00+05:30,246,Warangal,886,Warangal,114,Tomato,197,Local,0.0,120.0,1500.0,2000.0,1750.0,0.0,0.0
2025-10-04 00:00:00+05:30,246,Warangal,886,Warangal,114,Tomato,197,Local,0.0,80.0,1500.0,2000.0,1750.0,0.0,0.0
2025-10-01 00:00:00+05:30,246,Warangal,886,Warangal,114,Tomato,197,Local,0.0,140.0,1600.0,2000.0,1800.0,0.0,0.0
2025-10-02 00:00:00+05:30,246,Warangal,886,Warangal,114,Tomato,197,Local,0.0,120.0,1500.0,2000.0,1750.0,0.0,0.0
2025-10-10 00:00:00+05:30,246,Warangal,886,Warangal,114,Tomato,197,Local,0.0,200.0,1600.0,2000.0,1800.0,0.0,0.0
2025-10-11 00:00:00+05:30,246,Warangal,886,Warangal,114,Tomato,197,Local,0.0,150.0,1600.0,2000.0,1800.0,0.0,0.0
2025-10-12 00:00:00+05:30,246,Warangal,886,Warangal,114,Tomato,197,Local,0.0,120.0,1600.0,2000.0,1800.0,0.0,0.0
2025-10-09 00:00:00+05:30,246,Warangal,886,Warangal,114,Tomato,197,Local,0.0,180.0,1600.0,2000.0,1800.0,0.0,0.0
2025-10-08 00:00:00+05:30,246,Warangal,886,Warangal,114,Tomato,197,Local,0.0,200.0,1500.0,2000.0,1750.0,0.0,0.0
2025-10-19 00:00:00+05:30,246,Warangal,886,Warangal,114,Tomato,197,Local,0.0,160.0,1600.0,2000.0,1800.0,0.0,0.0
2025-10-17 00:00:00+05:30,246,Warangal,886,Warangal,114,Tomato,197,Local,0.0,200.0,1600.0,2000.0,1800.0,0.0,0.0
2025-10-18 00:00:00+05:30,246,Warangal,886,Warangal,114,Tomato,197,Local,0.0,120.0,1600.0,2000.0,1800.0,0.0,0.0
2025-10-21 00:00:00+05:30,246,Warangal,886,Warangal,114,Tomato,197,Local,0.0,140.0,1600.0,2000.0,1800.0,0.0,0.0
2025-10-20 00:00:00+05:30,246,Warangal,886,Warangal,114,Tomato,197,Local,0.0,200.0,1600.0,2000.0,1800.0,0.0,0.0
2025-10-22 00:00:00+05:30,246,Warangal,886,Warangal,114,Tomato,197,Local,0.0,130.0,2400.0,2600.0,2500.0,0.0,0.0
2025-10-23 00:00:00+05:30,246,Warangal,886,Warangal,114,Tomato,197,Local,0.0,120.0,1600.0,2000.0,1800.0,0.0,0.0
2025-10-13 00:00:00+05:30,246,Warangal,886,Warangal,114,Tomato,197,Local,0.0,180.0,1600.0,2000.0,1800.0,0.0,0.0
2025-10-14 00:00:00+05:30,246,Warangal,886,Warangal,114,Tomato,197,Local,0.0,120.0,1600.0,2000.0,1800.0,0.0,0.0
2025-10-15 00:00:00+05:30,246,Warangal,886,Warangal,114,Tomato,197,Local,0.0,140.0,1600.0,2000.0,1800.0,0.0,0.0
2025-10-16 00:00:00+05:30,246,Warangal,886,Warangal,114,Tomato,197,Local,0.0,180.0,1600.0,2000.0,1800.0,0.0,0.0
2025-10-31 00:00:00+05:30,246,Warangal,886,Warangal,114,Tomato,197,Local,0.0,80.0,2500.0,3000.0,2750.0,0.0,0.0
2025-10-28 00:00:00+05:30,246,Warangal,886,Warangal,114,Tomato,197,Local,0.0,80.0,2500.0,3000.0,2750.0,0.0,0.0
2025-10-29 00:00:00+05:30,246,Warangal,886,Warangal,114,Tomato,197,Local,0.0,140.0,2500.0,3000.0,2750.0,0.0,0.0
2025-10-30 00:00:00+05:30,246,Warangal,886,Warangal,114,Tomato,197,Local,0.0,120.0,2000.0,2500.0,2250.0,0.0,0.0
2025-10-16 00:00:00+05:30,246,Warangal,886,Warangal,116,French Beans,116,Common,0.0,6.0,6500.0,7000.0,6750.0,0.0,0.0
2025-10-15 00:00:00+05:30,246,Warangal,886,Warangal,116,French Beans,116,Common,0.0,7.0,6500.0,7000.0,6750.0,0.0,0.0
2025-10-14 00:00:00+05:30,246,Warangal,886,Warangal,116,French Beans,116,Common,0.0,8.0,6500.0,7000.0,6750.0,0.0,0.0
2025-10-13 00:00:00+05:30,246,Warangal,886,Warangal,116,French Beans,116,Common,0.0,9.0,7500.0,8000.0,7750.0,0.0,0.0
2025-10-23 00:00:00+05:30,246,Warangal,886,Warangal,116,French Beans,116,Common,0.0,7.0,6500.0,7000.0,6750.0,0.0,0.0
2025-10-20 00:00:00+05:30,246,Warangal,886,Warangal,116,French Beans,116,Common,0.0,8.0,6500.0,7000.0,6750.0,0.0,0.0
2025-10-21 00:00:00+05:30,246,Warangal,886,Warangal,116,French Beans,116,Common,0.0,8.0,6500.0,7000.0,6750.0,0.0,0.0
2025-10-18 00:00:00+05:30,246,Warangal,886,Warangal,116,French Beans,116,Common,0.0,2.0,6500.0,7000.0,6750.0,0.0,0.0
2025-10-17 00:00:00+05:30,246,Warangal,886,Warangal,116,French Beans,116,Common,0.0,8.0,5500.0,6000.0,5750.0,0.0,0.0
2025-10-19 00:00:00+05:30,246,Warangal,886,Warangal,116,French Beans,116,Common,0.0,6.0,5500.0,6000.0,5750.0,0.0,0.0
2025-10-08 00:00:00+05:30,246,Warangal,886,Warangal,116,French Beans,116,Common,0.0,9.0,8500.0,9000.0,8750.0,0.0,0.0
2025-10-09 00:00:00+05:30,246,Warangal,886,Warangal,116,French Beans,116,Common,0.0,8.0,7500.0,8000.0,7750.0,0.0,0.0
2025-10-12 00:00:00+05:30,246,Warangal,886,Warangal,116,French Beans,116,Common,0.0,10.0,7500.0,8000.0,7750.0,0.0,0.0
2025-10-11 00:00:00+05:30,246,Warangal,886,Warangal,116,French Beans,116,Common,0.0,8.0,9500.0,10000.0,9750.0,0.0,0.0
2025-10-10 00:00:00+05:30,246,Warangal,886,Warangal,116,French Beans,116,Common,0.0,10.0,9500.0,10000.0,9750.0,0.0,0.0
2025-10-02 00:00:00+05:30,246,Warangal,886,Warangal,116,French Beans,116,Common,0.0,4.0,7500.0,8000.0,7750.0,0.0,0.0
2025-10-01 00:00:00+05:30,246,Warangal,886,Warangal,116,French Beans,116,Common,0.0,4.0,7500.0,8000.0,7750.0,0.0,0.0
2025-10-04 00:00:00+05:30,246,Warangal,886,Warangal,116,French Beans,116,Common,0.0,5.0,7500.0,8000.0,7750.0,0.0,0.0
2025-10-06 00:00:00+05:30,246,Warangal,886,Warangal,116,French Beans,116,Common,0.0,10.0,7500.0,8000.0,7750.0,0.0,0.0
2025-10-05 00:00:00+05:30,246,Warangal,886,Warangal,116,French Beans,116,Common,0.0,6.0,7500.0,8000.0,7750.0,0.0,0.0
2025-10-07 00:00:00+05:30,246,Warangal,886,Warangal,116,French Beans,116,Common,0.0,8.0,7500.0,8000.0,7750.0,0.0,0.0
2025-10-27 00:00:00+05:30,246,Warangal,886,Warangal,116,French Beans,116,Common,0.0,10.0,6500.0,7000.0,6750.0,0.0,0.0
2025-10-26 00:00:00+05:30,246,Warangal,886,Warangal,116,French Beans,116,Common,0.0,7.0,6500.0,7000.0,6750.0,0.0,0.0
2025-10-25 00:00:00+05:30,246,Warangal,886,Warangal,116,French Beans,116,Common,0.0,10.0,6500.0,7000.0,6750.0,0.0,0.0
2025-10-24 00:00:00+05:30,246,Warangal,886,Warangal,116,French Beans,116,Common,0.0,11.0,6500.0,7000.0,6750.0,0.0,0.0
2025-10-30 00:00:00+05:30,246,Warangal,886,Warangal,116,French Beans,116,Common,0.0,10.0,6500.0,7000.0,6750.0,0.0,0.0
2025-10-29 00:00:00+05:30,246,Warangal,886,Warangal,116,French Beans,116,Common,0.0,5.0,7500.0,8000.0,7750.0,0.0,0.0
2025-10-28 00:00:00+05:30,246,Warangal,886,Warangal,116,French Beans,116,Common,0.0,6.0,6500.0,7000.0,6750.0,0.0,0.0
2025-10-31 00:00:00+05:30,246,Warangal,886,Warangal,116,French Beans,116,Common,0.0,1.0,7500.0,8000.0,7750.0,0.0,0.0
2025-10-24 00:00:00+05:30,246,Warangal,886,Warangal,117,Cluster Beans,117,Common,0.0,7.0,3500.0,4000.0,3750.0,0.0,0.0
2025-10-01 00:00:00+05:30,246,Warangal,886,Warangal,117,Cluster Beans,117,Common,0.0,5.0,2500.0,3000.0,2750.0,0.0,0.0
2025-10-11 00:00:00+05:30,246,Warangal,886,Warangal,117,Cluster Beans,117,Common,0.0,15.0,3000.0,3500.0,3250.0,0.0,0.0
2025-10-08 00:00:00+05:30,246,Warangal,886,Warangal,117,Cluster Beans,117,Common,0.0,3.0,3500.0,4000.0,3750.0,0.0,0.0
2025-10-19 00:00:00+05:30,246,Warangal,886,Warangal,117,Cluster Beans,117,Common,0.0,5.0,3500.0,4000.0,3750.0,0.0,0.0
2025-10-18 00:00:00+05:30,246,Warangal,886,Warangal,117,Cluster Beans,117,Common,0.0,5.0,3500.0,4000.0,3750.0,0.0,0.0
2025-10-23 00:00:00+05:30,246,Warangal,886,Warangal,117,Cluster Beans,117,Common,0.0,5.0,3500.0,4000.0,3750.0,0.0,0.0
2025-10-15 00:00:00+05:30,246,Warangal,886,Warangal,117,Cluster Beans,117,Common,0.0,5.0,3500.0,4000.0,3750.0,0.0,0.0
2025-10-15 00:00:00+05:30,246,Warangal,886,Warangal,118,Field Beans,118,Common,0.0,45.0,4500.0,5000.0,4750.0,0.0,0.0
2025-10-16 00:00:00+05:30,246,Warangal,886,Warangal,118,Field Beans,118,Common,0.0,35.0,5500.0,6000.0,5750.0,0.0,0.0
2025-10-13 00:00:00+05:30,246,Warangal,886,Warangal,118,Field Beans,118,Common,0.0,30.0,5500.0,6000.0,5750.0,0.0,0.0
2025-10-14 00:00:00+05:30,246,Warangal,886,Warangal,118,Field Beans,118,Common,0.0,15.0,5500.0,6000.0,5750.0,0.0,0.0
2025-10-23 00:00:00+05:30,246,Warangal,886,Warangal,118,Field Beans,118,Common,0.0,40.0,5500.0,6000.0,5750.0,0.0,0.0
2025-10-22 00:00:00+05:30,246,Warangal,886,Warangal,118,Field Beans,118,Common,0.0,6.0,7000.0,7500.0,7250.0,0.0,0.0
2025-10-21 00:00:00+05:30,246,Warangal,886,Warangal,118,Field Beans,118,Common,0.0,25.0,5500.0,6000.0,5750.0,0.0,0.0
2025-10-20 00:00:00+05:30,246,Warangal,886,Warangal,118,Field Beans,118,Common,0.0,35.0,5500.0,6000.0,5750.0,0.0,0.0
2025-10-18 00:00:00+05:30,246,Warangal,886,Warangal,118,Field Beans,118,Common,0.0,45.0,4500.0,5000.0,4750.0,0.0,0.0
2025-10-17 00:00:00+05:30,246,Warangal,886,Warangal,118,Field Beans,118,Common,0.0,35.0,4500.0,5000.0,4750.0,0.0,0.0
2025-10-19 00:00:00+05:30,246,Warangal,886,Warangal,118,Field Beans,118,Common,0.0,30.0,4500.0,5000.0,4750.0,0.0,0.0
2025-10-08 00:00:00+05:30,246,Warangal,886,Warangal,118,Field Beans,118,Common,0.0,28.0,5500.0,6000.0,5750.0,0.0,0.0
2025-10-09 00:00:00+05:30,246,Warangal,886,Warangal,118,Field Beans,118,Common,0.0,15.0,5500.0,6000.0,5750.0,0.0,0.0
2025-10-11 00:00:00+05:30,246,Warangal,886,Warangal,118,Field Beans,118,Common,0.0,40.0,4500.0,5000.0,4750.0,0.0,0.0
2025-10-12 00:00:00+05:30,246,Warangal,886,Warangal,118,Field Beans,118,Common,0.0,20.0,5500.0,6000.0,5750.0,0.0,0.0
2025-10-10 00:00:00+05:30,246,Warangal,886,Warangal,118,Field Beans,118,Common,0.0,15.0,5500.0,6000.0,5750.0,0.0,0.0
2025-10-01 00:00:00+05:30,246,Warangal,886,Warangal,118,Field Beans,118,Common,0.0,15.0,4500.0,5000.0,4750.0,0.0,0.0
2025-10-02 00:00:00+05:30,246,Warangal,886,Warangal,118,Field Beans,118,Common,0.0,15.0,4500.0,5000.0,4750.0,0.0,0.0
2025-10-04 00:00:00+05:30,246,Warangal,886,Warangal,118,Field Beans,118,Common,0.0,7.0,4500.0,5000.0,4750.0,0.0,0.0
2025-10-03 00:00:00+05:30,246,Warangal,886,Warangal,118,Field Beans,118,Common,0.0,15.0,5500.0,6000.0,5750.0,0.0,0.0
2025-10-07 00:00:00+05:30,246,Warangal,886,Warangal,118,Field Beans,118,Common,0.0,30.0,5500.0,6000.0,5750.0,0.0,0.0
2025-10-05 00:00:00+05:30,246,Warangal,886,Warangal,118,Field Beans,118,Common,0.0,20.0,5500.0,6000.0,5750.0,0.0,0.0
2025-10-06 00:00:00+05:30,246,Warangal,886,Warangal,118,Field Beans,118,Common,0.0,20.0,5500.0,6000.0,5750.0,0.0,0.0
2025-10-24 00:00:00+05:30,246,Warangal,886,Warangal,118,Field Beans,118,Common,0.0,60.0,4500.0,5000.0,4750.0,0.0,0.0
2025-10-25 00:00:00+05:30,246,Warangal,886,Warangal,118,Field Beans,118,Common,0.0,60.0,4500.0,5000.0,4750.0,0.0,0.0
2025-10-26 00:00:00+05:30,246,Warangal,886,Warangal,118,Field Beans,118,Common,0.0,20.0,6500.0,7000.0,6750.0,0.0,0.0
2025-10-27 00:00:00+05:30,246,Warangal,886,Warangal,118,Field Beans,118,Common,0.0,40.0,6500.0,7000.0,6750.0,0.0,0.0
2025-10-31 00:00:00+05:30,246,Warangal,886,Warangal,118,Field Beans,118,Common,0.0,45.0,5500.0,6000.0,5750.0,0.0,0.0
2025-10-28 00:00:00+05:30,246,Warangal,886,Warangal,118,Field Beans,118,Common,0.0,60.0,5500.0,6000.0,5750.0,0.0,0.0
2025-10-29 00:00:00+05:30,246,Warangal,886,Warangal,118,Field Beans,118,Common,0.0,40.0,5500.0,6000.0,5750.0,0.0,0.0
2025-10-30 00:00:00+05:30,246,Warangal,886,Warangal,118,Field Beans,118,Common,0.0,12.0,6500.0,7000.0,6750.0,0.0,0.0
2025-10-27 00:00:00+05:30,246,Warangal,886,Warangal,123,Ribbed Gourd,123,Common,0.0,28.0,3500.0,4000.0,3750.0,0.0,0.0
2025-10-26 00:00:00+05:30,246,Warangal,886,Warangal,123,Ribbed Gourd,123,Common,0.0,31.0,5500.0,6000.0,5750.0,0.0,0.0
2025-10-25 00:00:00+05:30,246,Warangal,886,Warangal,123,Ribbed Gourd,123,Common,0.0,24.0,3500.0,4000.0,3750.0,0.0,0.0
2025-10-24 00:00:00+05:30,246,Warangal,886,Warangal,123,Ribbed Gourd,123,Common,0.0,24.0,3500.0,4000.0,3750.0,0.0,0.0
2025-10-06 00:00:00+05:30,246,Warangal,886,Warangal,123,Ribbed Gourd,123,Common,0.0,17.0,4500.0,5000.0,4750.0,0.0,0.0
2025-10-05 00:00:00+05:30,246,Warangal,886,Warangal,123,Ribbed Gourd,123,Common,0.0,11.0,4500.0,5000.0,4750.0,0.0,0.0
2025-10-07 00:00:00+05:30,246,Warangal,886,Warangal,123,Ribbed Gourd,123,Common,0.0,11.0,4500.0,5000.0,4750.0,0.0,0.0
2025-10-03 00:00:00+05:30,246,Warangal,886,Warangal,123,Ribbed Gourd,123,Common,0.0,12.0,4500.0,5000.0,4750.0,0.0,0.0
2025-10-04 00:00:00+05:30,246,Warangal,886,Warangal,123,Ribbed Gourd,123,Common,0.0,30.0,3500.0,4000.0,3750.0,0.0,0.0
2025-10-01 00:00:00+05:30,246,Warangal,886,Warangal,123,Ribbed Gourd,123,Common,0.0,11.0,4500.0,5000.0,4750.0,0.0,0.0
2025-10-10 00:00:00+05:30,246,Warangal,886,Warangal,123,Ribbed Gourd,123,Common,0.0,12.0,3000.0,3500.0,3250.0,0.0,0.0
2025-10-12 00:00:00+05:30,246,Warangal,886,Warangal,123,Ribbed Gourd,123,Common,0.0,26.0,2500.0,3000.0,2750.0,0.0,0.0
2025-10-11 00:00:00+05:30,246,Warangal,886,Warangal,123,Ribbed Gourd,123,Common,0.0,15.0,2500.0,3000.0,2750.0,0.0,0.0
2025-10-09 00:00:00+05:30,246,Warangal,886,Warangal,123,Ribbed Gourd,123,Common,0.0,46.0,4500.0,5000.0,4750.0,0.0,0.0
2025-10-08 00:00:00+05:30,246,Warangal,886,Warangal,123,Ribbed Gourd,123,Common,0.0,8.0,4500.0,5000.0,4750.0,0.0,0.0
2025-10-19 00:00:00+05:30,246,Warangal,886,Warangal,123,Ribbed Gourd,123,Common,0.0,34.0,3500.0,4000.0,3750.0,0.0,0.0
2025-10-17 00:00:00+05:30,246,Warangal,886,Warangal,123,Ribbed Gourd,123,Common,0.0,41.0,3500.0,4000.0,3750.0,0.0,0.0
2025-10-18 00:00:00+05:30,246,Warangal,886,Warangal,123,Ribbed Gourd,123,Common,0.0,39.0,3500.0,4000.0,3750.0,0.0,0.0
2025-10-20 00:00:00+05:30,246,Warangal,886,Warangal,123,Ribbed Gourd,123,Common,0.0,30.0,3500.0,4000.0,3750.0,0.0,0.0
2025-10-21 00:00:00+05:30,246,Warangal,886,Warangal,123,Ribbed Gourd,123,Common,0.0,50.0,3000.0,3500.0,3250.0,0.0,0.0
2025-10-22 00:00:00+05:30,246,Warangal,886,Warangal,123,Ribbed Gourd,123,Common,0.0,5.0,3800.0,4000.0,3900.0,0.0,0.0
2025-10-23 00:00:00+05:30,246,Warangal,886,Warangal,123,Ribbed Gourd,123,Common,0.0,34.0,3500.0,4000.0,3750.0,0.0,0.0
2025-10-14 00:00:00+05:30,246,Warangal,886,Warangal,123,Ribbed Gourd,123,Common,0.0,16.0,3500.0,4000.0,3750.0,0.0,0.0
2025-10-13 00:00:00+05:30,246,Warangal,886,Warangal,123,Ribbed Gourd,123,Common,0.0,31.0,2500.0,3000.0,2750.0,0.0,0.0
2025-10-16 00:00:00+05:30,246,Warangal,886,Warangal,123,Ribbed Gourd,123,Common,0.0,33.0,4500.0,5000.0,4750.0,0.0,0.0
2025-10-15 00:00:00+05:30,246,Warangal,886,Warangal,123,Ribbed Gourd,123,Common,0.0,57.0,3500.0,4000.0,3750.0,0.0,0.0
2025-10-30 00:00:00+05:30,246,Warangal,886,Warangal,123,Ribbed Gourd,123,Common,0.0,13.0,3200.0,3600.0,3400.0,0.0,0.0
2025-10-29 00:00:00+05:30,246,Warangal,886,Warangal,123,Ribbed Gourd,123,Common,0.0,35.0,3500.0,4000.0,3750.0,0.0,0.0
2025-10-28 00:00:00+05:30,246,Warangal,886,Warangal,123,Ribbed Gourd,123,Common,0.0,37.0,3500.0,4000.0,3750.0,0.0,0.0
2025-10-31 00:00:00+05:30,246,Warangal,886,Warangal,123,Ribbed Gourd,123,Common,0.0,26.0,3500.0,4000.0,3750.0,0.0,0.0
2025-10-15 00:00:00+05:30,246,Warangal,886,Warangal,125,Bitter Gourd,125,Common,0.0,20.0,2500.0,3000.0,2750.0,0.0,0.0
2025-10-16 00:00:00+05:30,246,Warangal,886,Warangal,125,Bitter Gourd,125,Common,0.0,22.0,3500.0,4000.0,3750.0,0.0,0.0
2025-10-13 00:00:00+05:30,246,Warangal,886,Warangal,125,Bitter Gourd,125,Common,0.0,12.0,2500.0,3000.0,2750.0,0.0,0.0
2025-10-14 00:00:00+05:30,246,Warangal,886,Warangal,125,Bitter Gourd,125,Common,0.0,25.0,2500.0,3000.0,2750.0,0.0,0.0
2025-10-23 00:00:00+05:30,246,Warangal,886,Warangal,125,Bitter Gourd,125,Common,0.0,40.0,3000.0,3500.0,3250.0,0.0,0.0
2025-10-22 00:00:00+05:30,246,Warangal,886,Warangal,125,Bitter Gourd,125,Common,0.0,4.0,3200.0,3800.0,3500.0,0.0,0.0
2025-10-21 00:00:00+05:30,246,Warangal,886,Warangal,125,Bitter Gourd,125,Common,0.0,31.0,3000.0,3500.0,3250.0,0.0,0.0
2025-10-20 00:00:00+05:30,246,Warangal,886,Warangal,125,Bitter Gourd,125,Common,0.0,24.0,3500.0,4000.0,3750.0,0.0,0.0
2025-10-18 00:00:00+05:30,246,Warangal,886,Warangal,125,Bitter Gourd,125,Common,0.0,29.0,3000.0,3500.0,3250.0,0.0,0.0
2025-10-17 00:00:00+05:30,246,Warangal,886,Warangal,125,Bitter Gourd,125,Common,0.0,16.0,3500.0,4000.0,3750.0,0.0,0.0
2025-10-19 00:00:00+05:30,246,Warangal,886,Warangal,125,Bitter Gourd,125,Common,0.0,36.0,2500.0,3000.0,2750.0,0.0,0.0
2025-10-08 00:00:00+05:30,246,Warangal,886,Warangal,125,Bitter Gourd,125,Common,0.0,12.0,2500.0,3000.0,2750.0,0.0,0.0
2025-10-09 00:00:00+05:30,246,Warangal,886,Warangal,125,Bitter Gourd,125,Common,0.0,19.0,2500.0,3000.0,2750.0,0.0,0.0
2025-10-11 00:00:00+05:30,246,Warangal,886,Warangal,125,Bitter Gourd,125,Common,0.0,23.0,2500.0,3000.0,2750.0,0.0,0.0
2025-10-12 00:00:00+05:30,246,Warangal,886,Warangal,125,Bitter Gourd,125,Common,0.0,38.0,2500.0,3000.0,2750.0,0.0,0.0
2025-10-10 00:00:00+05:30,246,Warangal,886,Warangal,125,Bitter Gourd,125,Common,0.0,5.0,3500.0,4000.0,3750.0,0.0,0.0
2025-10-01 00:00:00+05:30,246,Warangal,886,Warangal,125,Bitter Gourd,125,Common,0.0,6.0,2500.0,3000.0,2750.0,0.0,0.0
2025-10-04 00:00:00+05:30,246,Warangal,886,Warangal,125,Bitter Gourd,125,Common,0.0,17.0,2500.0,3000.0,2750.0,0.0,0.0
2025-10-07 00:00:00+05:30,246,Warangal,886,Warangal,125,Bitter Gourd,125,Common,0.0,36.0,2500.0,3000.0,2750.0,0.0,0.0
2025-10-05 00:00:00+05:30,246,Warangal,886,Warangal,125,Bitter Gourd,125,Common,0.0,21.0,2500.0,3000.0,2750.0,0.0,0.0
2025-10-06 00:00:00+05:30,246,Warangal,886,Warangal,125,Bitter Gourd,125,Common,0.0,11.0,2500.0,3000.0,2750.0,0.0,0.0
2025-10-24 00:00:00+05:30,246,Warangal,886,Warangal,125,Bitter Gourd,125,Common,0.0,3.0,3500.0,4000.0,3750.0,0.0,0.0
2025-10-25 00:00:00+05:30,246,Warangal,886,Warangal,125,Bitter Gourd,125,Common,0.0,30.0,2500.0,3000.0,2750.0,0.0,0.0
2025-10-26 00:00:00+05:30,246,Warangal,886,Warangal,125,Bitter Gourd,125,Common,0.0,29.0,2500.0,3000.0,2750.0,0.0,0.0
2025-10-27 00:00:00+05:30,246,Warangal,886,Warangal,125,Bitter Gourd,125,Common,0.0,21.0,2500.0,3000.0,2750.0,0.0,0.0
2025-10-31 00:00:00+05:30,246,Warangal,886,Warangal,125,Bitter Gourd,125,Common,0.0,26.0,3000.0,3500.0,3250.0,0.0,0.0
2025-10-28 00:00:00+05:30,246,Warangal,886,Warangal,125,Bitter Gourd,125,Common,0.0,38.0,2500.0,3000.0,2750.0,0.0,0.0
2025-10-29 00:00:00+05:30,246,Warangal,886,Warangal,125,Bitter Gourd,125,Common,0.0,11.0,2500.0,3000.0,2750.0,0.0,0.0
2025-10-30 00:00:00+05:30,246,Warangal,886,Warangal,125,Bitter Gourd,125,Common,0.0,22.0,2500.0,3000.0,2750.0,0.0,0.0
2025-10-27 00:00:00+05:30,246,Warangal,886,Warangal,127,Kheera,127,Common,0.0,30.0,1600.0,2000.0,1800.0,0.0,0.0
2025-10-26 00:00:00+05:30,246,Warangal,886,Warangal,127,Kheera,127,Common,0.0,4.0,1600.0,2000.0,1800.0,0.0,0.0
2025-10-25 00:00:00+05:30,246,Warangal,886,Warangal,127,Kheera,127,Common,0.0,36.0,1600.0,2000.0,1800.0,0.0,0.0
2025-10-24 00:00:00+05:30,246,Warangal,886,Warangal,127,Kheera,127,Common,0.0,28.0,1600.0,2000.0,1800.0,0.0,0.0
2025-10-06 00:00:00+05:30,246,Warangal,886,Warangal,127,Kheera,127,Common,0.0,8.0,2000.0,2400.0,2200.0,0.0,0.0
2025-10-05 00:00:00+05:30,246,Warangal,886,Warangal,127,Kheera,127,Common,0.0,2.0,2000.0,2500.0,2250.0,0.0,0.0
2025-10-07 00:00:00+05:30,246,Warangal,886,Warangal,127,Kheera,127,Common,0.0,5.0,2000.0,2500.0,2250.0,0.0,0.0
2025-10-04 00:00:00+05:30,246,Warangal,886,Warangal,127,Kheera,127,Common,0.0,26.0,2000.0,2500.0,2250.0,0.0,0.0
2025-10-01 00:00:00+05:30,246,Warangal,886,Warangal,127,Kheera,127,Common,0.0,24.0,1600.0,2000.0,1800.0,0.0,0.0
2025-10-02 00:00:00+05:30,246,Warangal,886,Warangal,127,Kheera,127,Common,0.0,10.0,1600.0,2000.0,1800.0,0.0,0.0
2025-10-10 00:00:00+05:30,246,Warangal,886,Warangal,127,Kheera,127,Common,0.0,12.0,2000.0,2500.0,2250.0,0.0,0.0
2025-10-12 00:00:00+05:30,246,Warangal,886,Warangal,127,Kheera,127,Common,0.0,16.0,2000.0,2500.0,2250.0,0.0,0.0
2025-10-11 00:00:00+05:30,246,Warangal,886,Warangal,127,Kheera,127,Common,0.0,10.0,2500.0,3000.0,2750.0,0.0,0.0
2025-10-09 00:00:00+05:30,246,Warangal,886,Warangal,127,Kheera,127,Common,0.0,4.0,2000.0,2500.0,2250.0,0.0,0.0
2025-10-08 00:00:00+05:30,246,Warangal,886,Warangal,127,Kheera,127,Common,0.0,6.0,2000.0,2500.0,2250.0,0.0,0.0
2025-10-19 00:00:00+05:30,246,Warangal,886,Warangal,127,Kheera,127,Common,0.0,8.0,2000.0,2500.0,2250.0,0.0,0.0
2025-10-17 00:00:00+05:30,246,Warangal,886,Warangal,127,Kheera,127,Common,0.0,19.0,1600.0,2000.0,1800.0,0.0,0.0
2025-10-18 00:00:00+05:30,246,Warangal,886,Warangal,127,Kheera,127,Common,0.0,19.0,1600.0,2000.0,1800.0,0.0,0.0
2025-10-20 00:00:00+05:30,246,Warangal,886,Warangal,127,Kheera,127,Common,0.0,5.0,2000.0,2500.0,2250.0,0.0,0.0
2025-10-21 00:00:00+05:30,246,Warangal,886,Warangal,127,Kheera,127,Common,0.0,9.0,2000.0,2500.0,2250.0,0.0,0.0
2025-10-22 00:00:00+05:30,246,Warangal,886,Warangal,127,Kheera,127,Common,0.0,3.0,1600.0,2000.0,1800.0,0.0,0.0
2025-10-23 00:00:00+05:30,246,Warangal,886,Warangal,127,Kheera,127,Common,0.0,5.0,2000.0,2500.0,2250.0,0.0,0.0
2025-10-14 00:00:00+05:30,246,Warangal,886,Warangal,127,Kheera,127,Common,0.0,10.0,2000.0,2500.0,2250.0,0.0,0.0
2025-10-13 00:00:00+05:30,246,Warangal,886,Warangal,127,Kheera,127,Common,0.0,13.0,1600.0,2000.0,1800.0,0.0,0.0
2025-10-16 00:00:00+05:30,246,Warangal,886,Warangal,127,Kheera,127,Common,0.0,17.0,2000.0,2500.0,2250.0,0.0,0.0
2025-10-15 00:00:00+05:30,246,Warangal,886,Warangal,127,Kheera,127,Common,0.0,16.0,2000.0,2500.0,2250.0,0.0,0.0
2025-10-30 00:00:00+05:30,246,Warangal,886,Warangal,127,Kheera,127,Common,0.0,15.0,1600.0,2000.0,1800.0,0.0,0.0
2025-10-29 00:00:00+05:30,246,Warangal,886,Warangal,127,Kheera,127,Common,0.0,19.0,1600.0,2000.0,1800.0,0.0,0.0
2025-10-28 00:00:00+05:30,246,Warangal,886,Warangal,127,Kheera,127,Common,0.0,23.0,1600.0,2000.0,1800.0,0.0,0.0
2025-10-31 00:00:00+05:30,246,Warangal,886,Warangal,127,Kheera,127,Common,0.0,12.0,2500.0,3000.0,2750.0,0.0,0.0
2025-10-15 00:00:00+05:30,246,Warangal,886,Warangal,129,Cucumber,129,Common,0.0,35.0,1600.0,2000.0,1800.0,0.0,0.0
2025-10-16 00:00:00+05:30,246,Warangal,886,Warangal,129,Cucumber,129,Common,0.0,30.0,1600.0,2000.0,1800.0,0.0,0.0
2025-10-13 00:00:00+05:30,246,Warangal,886,Warangal,129,Cucumber,129,Common,0.0,13.0,1600.0,2000.0,1800.0,0.0,0.0
2025-10-14 00:00:00+05:30,246,Warangal,886,Warangal,129,Cucumber,129,Common,0.0,8.0,1600.0,2000.0,1800.0,0.0,0.0
2025-10-23 00:00:00+05:30,246,Warangal,886,Warangal,129,Cucumber,129,Common,0.0,20.0,1600.0,2000.0,1800.0,0.0,0.0
2025-10-22 00:00:00+05:30,246,Warangal,886,Warangal,129,Cucumber,129,Common,0.0,4.0,2000.0,2400.0,2200.0,0.0,0.0
2025-10-21 00:00:00+05:30,246,Warangal,886,Warangal,129,Cucumber,129,Common,0.0,17.0,1500.0,2000.0,1750.0,0.0,0.0
2025-10-20 00:00:00+05:30,246,Warangal,886,Warangal,129,Cucumber,129,Common,0.0,22.0,1000.0,1500.0,1250.0,0.0,0.0
2025-10-18 00:00:00+05:30,246,Warangal,886,Warangal,129,Cucumber,129,Common,0.0,3.0,1600.0,2000.0,1800.0,0.0,0.0
2025-10-17 00:00:00+05:30,246,Warangal,886,Warangal,129,Cucumber,129,Common,0.0,9.0,1600.0,2000.0,1800.0,0.0,0.0
2025-10-19 00:00:00+05:30,246,Warangal,886,Warangal,129,Cucumber,129,Common,0.0,35.0,1000.0,1500.0,1250.0,0.0,0.0
2025-10-08 00:00:00+05:30,246,Warangal,886,Warangal,129,Cucumber,129,Common,0.0,31.0,1500.0,2000.0,1750.0,0.0,0.0
2025-10-09 00:00:00+05:30,246,Warangal,886,Warangal,129,Cucumber,129,Common,0.0,30.0,1500.0,2000.0,1750.0,0.0,0.0
2025-10-11 00:00:00+05:30,246,Warangal,886,Warangal,129,Cucumber,129,Common,0.0,32.0,1600.0,2000.0,1800.0,0.0,0.0
2025-10-12 00:00:00+05:30,246,Warangal,886,Warangal,129,Cucumber,129,Common,0.0,10.0,1600.0,2000.0,1800.0,0.0,0.0
2025-10-01 00:00:00+05:30,246,Warangal,886,Warangal,129,Cucumber,129,Common,0.0,38.0,1600.0,2000.0,1800.0,0.0,0.0
2025-10-04 00:00:00+05:30,246,Warangal,886,Warangal,129,Cucumber,129,Common,0.0,38.0,1000.0,1500.0,1250.0,0.0,0.0
2025-10-07 00:00:00+05:30,246,Warangal,886,Warangal,129,Cucumber,129,Common,0.0,40.0,1500.0,2000.0,1750.0,0.0,0.0
2025-10-05 00:00:00+05:30,246,Warangal,886,Warangal,129,Cucumber,129,Common,0.0,41.0,1000.0,1500.0,1250.0,0.0,0.0
2025-10-06 00:00:00+05:30,246,Warangal,886,Warangal,129,Cucumber,129,Common,0.0,38.0,1500.0,2000.0,1750.0,0.0,0.0
2025-10-25 00:00:00+05:30,246,Warangal,886,Warangal,129,Cucumber,129,Common,0.0,6.0,2000.0,2500.0,2250.0,0.0,0.0
2025-10-26 00:00:00+05:30,246,Warangal,886,Warangal,129,Cucumber,129,Common,0.0,8.0,1600.0,2000.0,1800.0,0.0,0.0
2025-10-27 00:00:00+05:30,246,Warangal,886,Warangal,129,Cucumber,129,Common,0.0,25.0,1000.0,1500.0,1250.0,0.0,0.0
2025-10-31 00:00:00+05:30,246,Warangal,886,Warangal,129,Cucumber,129,Common,0.0,9.0,1600.0,2000.0,1800.0,0.0,0.0
2025-10-28 00:00:00+05:30,246,Warangal,886,Warangal,129,Cucumber,129,Common,0.0,43.0,1600.0,2000.0,1800.0,0.0,0.0
2025-10-29 00:00:00+05:30,246,Warangal,886,Warangal,129,Cucumber,129,Common,0.0,26.0,1600.0,2000.0,1800.0,0.0,0.0
2025-10-27 00:00:00+05:30,246,Warangal,886,Warangal,155,Donda,155,Common,0.0,40.0,3000.0,3500.0,3250.0,0.0,0.0
2025-10-26 00:00:00+05:30,246,Warangal,886,Warangal,155,Donda,155,Common,0.0,26.0,3500.0,4000.0,3750.0,0.0,0.0
2025-10-25 00:00:00+05:30,246,Warangal,886,Warangal,155,Donda,155,Common,0.0,47.0,3500.0,4000.0,3750.0,0.0,0.0
2025-10-24 00:00:00+05:30,246,Warangal,886,Warangal,155,Donda,155,Common,0.0,47.0,3500.0,4000.0,3750.0,0.0,0.0
2025-10-06 00:00:00+05:30,246,Warangal,886,Warangal,155,Donda,155,Common,0.0,58.0,3500.0,4000.0,3750.0,0.0,0.0
2025-10-05 00:00:00+05:30,246,Warangal,886,Warangal,155,Donda,155,Common,0.0,42.0,3000.0,3500.0,3250.0,0.0,0.0
2025-10-07 00:00:00+05:30,246,Warangal,886,Warangal,155,Donda,155,Common,0.0,65.0,2500.0,3000.0,2750.0,0.0,0.0
2025-10-04 00:00:00+05:30,246,Warangal,886,Warangal,155,Donda,155,Common,0.0,43.0,3000.0,3500.0,3250.0,0.0,0.0
2025-10-03 00:00:00+05:30,246,Warangal,886,Warangal,155,Donda,155,Common,0.0,2.0,3500.0,4000.0,3750.0,0.0,0.0
2025-10-01 00:00:00+05:30,246,Warangal,886,Warangal,155,Donda,155,Common,0.0,56.0,2500.0,3000.0,2750.0,0.0,0.0
2025-10-12 00:00:00+05:30,246,Warangal,886,Warangal,155,Donda,155,Common,0.0,40.0,2500.0,3000.0,2750.0,0.0,0.0
2025-10-11 00:00:00+05:30,246,Warangal,886,Warangal,155,Donda,155,Common,0.0,64.0,2500.0,3000.0,2750.0,0.0,0.0
2025-10-10 00:00:00+05:30,246,Warangal,886,Warangal,155,Donda,155,Common,0.0,65.0,2500.0,3000.0,2750.0,0.0,0.0
2025-10-09 00:00:00+05:30,246,Warangal,886,Warangal,155,Donda,155,Common,0.0,63.0,3000.0,3500.0,3250.0,0.0,0.0
2025-10-08 00:00:00+05:30,246,Warangal,886,Warangal,155,Donda,155,Common,0.0,43.0,3500.0,4000.0,3750.0,0.0,0.0
2025-10-19 00:00:00+05:30,246,Warangal,886,Warangal,155,Donda,155,Common,0.0,46.0,3000.0,3500.0,3250.0,0.0,0.0
2025-10-17 00:00:00+05:30,246,Warangal,886,Warangal,155,Donda,155,Common,0.0,45.0,2500.0,3000.0,2750.0,0.0,0.0
2025-10-18 00:00:00+05:30,246,Warangal,886,Warangal,155,Donda,155,Common,0.0,55.0,2500.0,3000.0,2750.0,0.0,0.0
2025-10-20 00:00:00+05:30,246,Warangal,886,Warangal,155,Donda,155,Common,0.0,22.0,3500.0,4000.0,3750.0,0.0,0.0
2025-10-21 00:00:00+05:30,246,Warangal,886,Warangal,155,Donda,155,Common,0.0,20.0,3000.0,3500.0,3250.0,0.0,0.0
2025-10-22 00:00:00+05:30,246,Warangal,886,Warangal,155,Donda,155,Common,0.0,7.0,6000.0,6600.0,6300.0,0.0,0.0
2025-10-23 00:00:00+05:30,246,Warangal,886,Warangal,155,Donda,155,Common,0.0,57.0,2500.0,3000.0,5750.0,0.0,0.0
2025-10-14 00:00:00+05:30,246,Warangal,886,Warangal,155,Donda,155,Common,0.0,46.0,2500.0,3000.0,2750.0,0.0,0.0
2025-10-13 00:00:00+05:30,246,Warangal,886,Warangal,155,Donda,155,Common,0.0,78.0,2500.0,3000.0,2750.0,0.0,0.0
2025-10-16 00:00:00+05:30,246,Warangal,886,Warangal,155,Donda,155,Common,0.0,65.0,3000.0,3500.0,3250.0,0.0,0.0
2025-10-15 00:00:00+05:30,246,Warangal,886,Warangal,155,Donda,155,Common,0.0,40.0,2500.0,3000.0,2750.0,0.0,0.0
2025-10-29 00:00:00+05:30,246,Warangal,886,Warangal,155,Donda,155,Common,0.0,30.0,3500.0,4000.0,3750.0,0.0,0.0
2025-10-30 00:00:00+05:30,246,Warangal,886,Warangal,155,Donda,155,Common,0.0,2.0,3500.0,4000.0,3750.0,0.0,0.0
2025-10-28 00:00:00+05:30,246,Warangal,886,Warangal,155,Donda,155,Common,0.0,48.0,3500.0,4000.0,3750.0,0.0,0.0
2025-10-31 00:00:00+05:30,246,Warangal,886,Warangal,155,Donda,155,Common,0.0,63.0,3500.0,4000.0,3750.0,0.0,0.0
2025-10-15 00:00:00+05:30,246,Warangal,886,Warangal,199,Capsicum,204,Common,0.0,12.0,5500.0,6000.0,5750.0,0.0,0.0
2025-10-16 00:00:00+05:30,246,Warangal,886,Warangal,199,Capsicum,204,Common,0.0,12.0,5500.0,6000.0,5750.0,0.0,0.0
2025-10-13 00:00:00+05:30,246,Warangal,886,Warangal,199,Capsicum,204,Common,0.0,12.0,4500.0,5000.0,4750.0,0.0,0.0
2025-10-14 00:00:00+05:30,246,Warangal,886,Warangal,199,Capsicum,204,Common,0.0,11.0,5500.0,6000.0,5750.0,0.0,0.0
2025-10-23 00:00:00+05:30,246,Warangal,886,Warangal,199,Capsicum,204,Common,0.0,11.0,4500.0,5000.0,4750.0,0.0,0.0
2025-10-21 00:00:00+05:30,246,Warangal,886,Warangal,199,Capsicum,204,Common,0.0,11.0,5500.0,6000.0,5750.0,0.0,0.0
2025-10-20 00:00:00+05:30,246,Warangal,886,Warangal,199,Capsicum,204,Common,0.0,10.0,5000.0,5500.0,5250.0,0.0,0.0
2025-10-18 00:00:00+05:30,246,Warangal,886,Warangal,199,Capsicum,204,Common,0.0,11.0,5500.0,6000.0,5750.0,0.0,0.0
2025-10-17 00:00:00+05:30,246,Warangal,886,Warangal,199,Capsicum,204,Common,0.0,10.0,6000.0,6500.0,6250.0,0.0,0.0
2025-10-19 00:00:00+05:30,246,Warangal,886,Warangal,199,Capsicum,204,Common,0.0,10.0,5500.0,6000.0,5750.0,0.0,0.0
2025-10-08 00:00:00+05:30,246,Warangal,886,Warangal,199,Capsicum,204,Common,0.0,13.0,4500.0,5000.0,4750.0,0.0,0.0
2025-10-09 00:00:00+05:30,246,Warangal,886,Warangal,199,Capsicum,204,Common,0.0,13.0,5500.0,6000.0,5750.0,0.0,0.0
2025-10-10 00:00:00+05:30,246,Warangal,886,Warangal,199,Capsicum,204,Common,0.0,11.0,5500.0,6000.0,5750.0,0.0,0.0
2025-10-11 00:00:00+05:30,246,Warangal,886,Warangal,199,Capsicum,204,Common,0.0,11.0,5500.0,6000.0,5750.0,0.0,0.0
2025-10-12 00:00:00+05:30,246,Warangal,886,Warangal,199,Capsicum,204,Common,0.0,10.0,5500.0,6000.0,5750.0,0.0,0.0
2025-10-01 00:00:00+05:30,246,Warangal,886,Warangal,199,Capsicum,204,Common,0.0,9.0,5500.0,6000.0,5750.0,0.0,0.0
2025-10-02 00:00:00+05:30,246,Warangal,886,Warangal,199,Capsicum,204,Common,0.0,11.0,5500.0,6000.0,5750.0,0.0,0.0
2025-10-04 00:00:00+05:30,246,Warangal,886,Warangal,199,Capsicum,204,Common,0.0,12.0,4500.0,5000.0,4750.0,0.0,0.0
2025-10-07 00:00:00+05:30,246,Warangal,886,Warangal,199,Capsicum,204,Common,0.0,10.0,4500.0,5000.0,4750.0,0.0,0.0
2025-10-05 00:00:00+05:30,246,Warangal,886,Warangal,199,Capsicum,204,Common,0.0,9.0,5500.0,6000.0,5750.0,0.0,0.0
2025-10-06 00:00:00+05:30,246,Warangal,886,Warangal,199,Capsicum,204,Common,0.0,9.0,5500.0,6000.0,5750.0,0.0,0.0
2025-10-24 00:00:00+05:30,246,Warangal,886,Warangal,199,Capsicum,204,Common,0.0,10.0,6000.0,6500.0,6250.0,0.0,0.0
2025-10-25 00:00:00+05:30,246,Warangal,886,Warangal,199,Capsicum,204,Common,0.0,11.0,5500.0,6000.0,5750.0,0.0,0.0
2025-10-26 00:00:00+05:30,246,Warangal,886,Warangal,199,Capsicum,204,Common,0.0,10.0,6000.0,6500.0,6250.0,0.0,0.0
2025-10-27 00:00:00+05:30,246,Warangal,886,Warangal,199,Capsicum,204,Common,0.0,13.0,5500.0,6000.0,5750.0,0.0,0.0
2025-10-31 00:00:00+05:30,246,Warangal,886,Warangal,199,Capsicum,204,Common,0.0,4.0,5500.0,6000.0,5750.0,0.0,0.0
2025-10-28 00:00:00+05:30,246,Warangal,886,Warangal,199,Capsicum,204,Common,0.0,9.0,6500.0,7000.0,6750.0,0.0,0.0
2025-10-30 00:00:00+05:30,246,Warangal,886,Warangal,199,Capsicum,204,Common,0.0,11.0,6500.0,7000.0,6750.0,0.0,0.0
2025-10-29 00:00:00+05:30,246,Warangal,886,Warangal,199,Capsicum,204,Common,0.0,11.0,6500.0,7000.0,6750.0,0.0,0.0
