DDate,AmcCode,AmcName,YardCode,YardName,CommCode,CommName,VarityCode,VarityName,ProgArrivals,Arrivals,Minimum,Maximum,Model,Valuation,MarketFee
2024-10-01 00:00:00+05:30,324,Bowenpally,3,Bowenpally,55,Onions,55,Common,0.0,904.0,800.0,4500.0,3800.0,0.0,0.0
2024-10-01 00:00:00+05:30,323,Gaddiannaram,2,L.B Nagar,98,Cabbage,98,Common,0.0,128.0,1000.0,1500.0,1200.0,0.0,0.0
2024-10-01 00:00:00+05:30,325,Hyderabad,5,Mahabubmansion,54,Chillies(Dry),250,Teja,0.0,87.0,1300.0,19300.0,15000.0,0.0,0.0
2024-10-01 00:00:00+05:30,325,Hyderabad,6,Madannapeta,98,Cabbage,98,Common,0.0,35.0,1000.0,1500.0,1250.0,0.0,0.0
2024-10-01 00:00:00+05:30,325,Hyderabad,7,Meeralamandi,98,Cabbage,98,Common,0.0,5.0,1200.0,1500.0,1350.0,0.0,0.0
2024-10-01 00:00:00+05:30,279,Thirumalagiri,9,Tirmalagiri,1,Paddy,237,Grade-A(IR64),0.0,206.0,1809.0,2169.0,1979.0,0.0,0.0
2024-10-01 00:00:00+05:30,259,Nelakondapally,1071,Nelakondapally,1,Paddy,275,Grade-A (Samba Masuri Old),0.0,2100.0,2150.0,2000.0,2300.0,0.0,0.0
2024-10-01 00:00:00+05:30,217,Husnabad,1127,Husnabad,1,Paddy,270,Grade-A (1010),0.0,90.0,2300.0,2300.0,2300.0,0.0,0.0
2024-10-01 00:00:00+05:30,367,Gudimalkapur,1571,Gudumalkapur,55,Onions,55,Common,0.0,2157.0,800.0,5000.0,3000.0,0.0,0.0
2024-10-01 00:00:00+05:30,377,Maddulapally,1724,Maddulapally,1,Paddy,1,Common,0.0,250.0,2100.0,2300.0,2200.0,0.0,0.0
2024-10-02 00:00:00+05:30,192,Jainath,26,Jainath,1,Paddy,1,Common,0.0,1644.2,2300.0,2300.0,2300.0,0.0,0.0
2024-10-01 00:00:00+05:30,283,Gajwel,1201,Gajwel,1,Paddy,195,Grade-A,0.0,150.0,2200.0,2200.0,2200.0,0.0,0.0
2024-10-02 00:00:00+05:30,240,Kodakandla,1186,Kodakandala,1,Paddy,1,Common,0.0,100.0,0.0,0.0,2200.0,0.0,0.0
2024-10-02 00:00:00+05:30,283,Gajwel,1201,Gajwel,1,Paddy,195,Grade-A,0.0,100.0,2200.0,2200.0,2200.0,0.0,0.0
2024-10-02 00:00:00+05:30,346,Rudrangi,1583,Rudrangi,1,Paddy,195,Grade-A,0.0,284.0,2300.0,2320.0,2320.0,0.0,0.0
2024-10-03 00:00:00+05:30,323,Gaddiannaram,1,Gaddiannaram,76,Mango,291,Benishan,0.0,5.0,3000.0,10000.0,4000.0,0.0,0.0
2024-10-03 00:00:00+05:30,323,Gaddiannaram,2,L.B Nagar,98,Cabbage,98,Common,0.0,85.0,1000.0,1500.0,1200.0,0.0,0.0
2024-10-03 00:00:00+05:30,324,Bowenpally,3,Bowenpally,55,Onions,55,Common,0.0,1401.0,1000.0,4000.0,3000.0,0.0,0.0
2024-10-02 00:00:00+05:30,259,Nelakondapally,1071,Nelakondapally,1,Paddy,275,Grade-A (Samba Masuri Old),0.0,855.0,2150.0,2000.0,2315.0,0.0,0.0
2024-10-03 00:00:00+05:30,325,Hyderabad,5,Mahabubmansion,54,Chillies(Dry),250,Teja,0.0,134.0,1200.0,14500.0,13000.0,0.0,0.0
2024-10-03 00:00:00+05:30,325,Hyderabad,6,Madannapeta,98,Cabbage,98,Common,0.0,28.0,800.0,1200.0,1000.0,0.0,0.0
2024-10-03 00:00:00+05:30,325,Hyderabad,7,Meeralamandi,98,Cabbage,98,Common,0.0,7.0,1500.0,2000.0,1750.0,0.0,0.0
2024-10-03 00:00:00+05:30,279,Thirumalagiri,9,Tirmalagiri,1,Paddy,237,Grade-A(IR64),0.0,2104.0,1859.0,2139.0,2039.0,0.0,0.0
2024-10-03 00:00:00+05:30,217,Husnabad,1127,Husnabad,1,Paddy,270,Grade-A (1010),0.0,120.0,2300.0,2300.0,2300.0,0.0,0.0
2024-10-03 00:00:00+05:30,224,Korutla,1136,Korutla,1,Paddy,195,Grade-A,0.0,300.0,2350.0,2350.0,2350.0,0.0,0.0
2024-10-03 00:00:00+05:30,240,Kodakandla,1186,Kodakandala,1,Paddy,1,Common,0.0,200.0,0.0,0.0,2200.0,0.0,0.0
2024-10-03 00:00:00+05:30,367,Gudimalkapur,1571,Gudumalkapur,55,Onions,55,Common,0.0,2517.0,500.0,5000.0,2500.0,0.0,0.0
2024-10-04 00:00:00+05:30,323,Gaddiannaram,2,L.B Nagar,98,Cabbage,98,Common,0.0,92.0,1000.0,1500.0,1200.0,0.0,0.0
2024-10-04 00:00:00+05:30,324,Bowenpally,3,Bowenpally,55,Onions,55,Common,0.0,458.0,1000.0,3000.0,2500.0,0.0,0.0
2024-10-04 00:00:00+05:30,325,Hyderabad,5,Mahabubmansion,54,Chillies(Dry),250,Teja,0.0,18.0,14000.0,16500.0,15000.0,0.0,0.0
2024-10-04 00:00:00+05:30,325,Hyderabad,6,Madannapeta,98,Cabbage,98,Common,0.0,33.0,1000.0,1200.0,1100.0,0.0,0.0
2024-10-04 00:00:00+05:30,325,Hyderabad,7,Meeralamandi,98,Cabbage,98,Common,0.0,4.0,2000.0,2000.0,2000.0,0.0,0.0
2024-10-04 00:00:00+05:30,279,Thirumalagiri,9,Tirmalagiri,1,Paddy,237,Grade-A(IR64),0.0,2240.0,1849.0,2102.0,1989.0,0.0,0.0
2024-10-04 00:00:00+05:30,192,Jainath,26,Jainath,1,Paddy,1,Common,0.0,694.4,2300.0,2300.0,2300.0,0.0,0.0
2024-10-04 00:00:00+05:30,251,Burgampahad,1068,Burgampadu,1,Paddy,240,Common (1001),0.0,50.0,2320.0,2320.0,2320.0,0.0,0.0
2024-10-04 00:00:00+05:30,278,Suryapet,1091,Suryapet,1,Paddy,195,Grade-A,0.0,113.0,1656.0,2729.0,2699.0,0.0,0.0
2024-10-04 00:00:00+05:30,367,Gudimalkapur,1571,Gudumalkapur,55,Onions,55,Common,0.0,1238.0,600.0,5000.0,2400.0,0.0,0.0
2024-10-05 00:00:00+05:30,324,Bowenpally,3,Bowenpally,55,Onions,55,Common,0.0,500.0,1000.0,3000.0,2500.0,0.0,0.0
2024-10-05 00:00:00+05:30,323,Gaddiannaram,2,L.B Nagar,98,Cabbage,98,Common,0.0,151.0,1000.0,1500.0,1200.0,0.0,0.0
2024-10-05 00:00:00+05:30,325,Hyderabad,6,Madannapeta,98,Cabbage,98,Common,0.0,34.0,1000.0,1200.0,1100.0,0.0,0.0
2024-10-05 00:00:00+05:30,325,Hyderabad,7,Meeralamandi,98,Cabbage,98,Common,0.0,2.0,1200.0,1500.0,1350.0,0.0,0.0
2024-10-05 00:00:00+05:30,279,Thirumalagiri,9,Tirmalagiri,1,Paddy,237,Grade-A(IR64),0.0,3457.0,1889.0,2089.0,1989.0,0.0,0.0
2024-10-05 00:00:00+05:30,316,Narsingi,49,Babbuguda,168,Cattle(All),168,Common,0.0,56.0,5000.0,20000.0,15000.0,0.0,0.0
2024-10-05 00:00:00+05:30,192,Jainath,26,Jainath,1,Paddy,1,Common,0.0,1982.6,2300.0,2300.0,2300.0,0.0,0.0
2024-10-05 00:00:00+05:30,278,Suryapet,1091,Suryapet,1,Paddy,195,Grade-A,0.0,70.0,1749.0,2602.0,2472.0,0.0,0.0
2024-10-05 00:00:00+05:30,240,Kodakandla,1186,Kodakandala,1,Paddy,1,Common,0.0,570.0,0.0,0.0,2200.0,0.0,0.0
2024-10-05 00:00:00+05:30,217,Husnabad,1127,Husnabad,1,Paddy,270,Grade-A (1010),0.0,100.0,2000.0,2300.0,2300.0,0.0,0.0
2024-10-05 00:00:00+05:30,367,Gudimalkapur,1571,Gudumalkapur,55,Onions,55,Common,0.0,1226.0,1000.0,5200.0,2600.0,0.0,0.0
2024-10-06 00:00:00+05:30,323,Gaddiannaram,2,L.B Nagar,98,Cabbage,98,Common,0.0,87.0,1000.0,1500.0,1200.0,0.0,0.0
2024-10-06 00:00:00+05:30,324,Bowenpally,3,Bowenpally,55,Onions,55,Common,0.0,596.0,1000.0,3000.0,2500.0,0.0,0.0
2024-10-06 00:00:00+05:30,325,Hyderabad,6,Madannapeta,98,Cabbage,98,Common,0.0,33.0,1000.0,1200.0,1100.0,0.0,0.0
2024-10-06 00:00:00+05:30,316,Narsingi,49,Babbuguda,168,Cattle(All),168,Common,0.0,178.0,15000.0,50000.0,40000.0,0.0,0.0
2024-10-06 00:00:00+05:30,325,Hyderabad,7,Meeralamandi,98,Cabbage,98,Common,0.0,5.0,1500.0,2000.0,1750.0,0.0,0.0
2024-10-06 00:00:00+05:30,192,Jainath,26,Jainath,1,Paddy,1,Common,0.0,1723.3,2300.0,2300.0,2300.0,0.0,0.0
2024-10-06 00:00:00+05:30,259,Nelakondapally,1071,Nelakondapally,1,Paddy,275,Grade-A (Samba Masuri Old),0.0,300.0,2100.0,2000.0,2203.0,0.0,0.0
2024-10-06 00:00:00+05:30,224,Korutla,1136,Korutla,1,Paddy,195,Grade-A,0.0,300.0,2400.0,2400.0,2400.0,0.0,0.0
2024-10-06 00:00:00+05:30,367,Gudimalkapur,1571,Gudumalkapur,55,Onions,55,Common,0.0,2114.0,1000.0,5000.0,2400.0,0.0,0.0
2024-10-07 00:00:00+05:30,324,Bowenpally,3,Bowenpally,55,Onions,55,Common,0.0,286.0,800.0,3500.0,2800.0,0.0,0.0
2024-10-07 00:00:00+05:30,323,Gaddiannaram,2,L.B Nagar,98,Cabbage,98,Common,0.0,12.0,3000.0,3500.0,3200.0,0.0,0.0
2024-10-07 00:00:00+05:30,325,Hyderabad,6,Madannapeta,98,Cabbage,98,Common,0.0,25.0,1000.0,1200.0,1100.0,0.0,0.0
2024-10-07 00:00:00+05:30,325,Hyderabad,7,Meeralamandi,98,Cabbage,98,Common,0.0,6.0,1200.0,1200.0,1200.0,0.0,0.0
2024-10-07 00:00:00+05:30,279,Thirumalagiri,9,Tirmalagiri,1,Paddy,237,Grade-A(IR64),0.0,5426.0,1834.0,2050.0,1989.0,0.0,0.0
2024-10-07 00:00:00+05:30,192,Jainath,26,Jainath,1,Paddy,1,Common,0.0,331.2,2300.0,2300.0,2300.0,0.0,0.0
2024-10-07 00:00:00+05:30,278,Suryapet,1091,Suryapet,1,Paddy,195,Grade-A,0.0,126.0,2109.0,3095.0,3069.0,0.0,0.0
2024-10-07 00:00:00+05:30,240,Kodakandla,1186,Kodakandala,1,Paddy,1,Common,0.0,850.0,0.0,0.0,2200.0,0.0,0.0
2024-10-07 00:00:00+05:30,367,Gudimalkapur,1571,Gudumalkapur,55,Onions,55,Common,0.0,117.0,2000.0,4500.0,3000.0,0.0,0.0
2024-10-08 00:00:00+05:30,323,Gaddiannaram,1,Gaddiannaram,76,Mango,291,Benishan,0.0,5.0,24000.0,28000.0,26000.0,0.0,0.0
2024-10-08 00:00:00+05:30,323,Gaddiannaram,2,L.B Nagar,98,Cabbage,98,Common,0.0,100.0,1000.0,1500.0,1200.0,0.0,0.0
2024-10-08 00:00:00+05:30,324,Bowenpally,3,Bowenpally,55,Onions,55,Common,0.0,860.0,1000.0,3000.0,2500.0,0.0,0.0
2024-10-08 00:00:00+05:30,325,Hyderabad,6,Madannapeta,98,Cabbage,98,Common,0.0,20.0,1000.0,1200.0,1100.0,0.0,0.0
2024-10-08 00:00:00+05:30,325,Hyderabad,5,Mahabubmansion,54,Chillies(Dry),250,Teja,0.0,76.0,13000.0,15500.0,14000.0,0.0,0.0
2024-10-08 00:00:00+05:30,325,Hyderabad,7,Meeralamandi,98,Cabbage,98,Common,0.0,4.0,2000.0,2500.0,2250.0,0.0,0.0
2024-10-08 00:00:00+05:30,279,Thirumalagiri,9,Tirmalagiri,1,Paddy,237,Grade-A(IR64),0.0,4771.0,1859.0,2076.0,1949.0,0.0,0.0
2024-10-08 00:00:00+05:30,192,Jainath,26,Jainath,1,Paddy,1,Common,0.0,731.6,2300.0,2300.0,2300.0,0.0,0.0
2024-10-08 00:00:00+05:30,217,Husnabad,1127,Husnabad,1,Paddy,270,Grade-A (1010),0.0,300.0,2300.0,2300.0,2300.0,0.0,0.0
2024-10-08 00:00:00+05:30,224,Korutla,1136,Korutla,1,Paddy,195,Grade-A,0.0,200.0,2350.0,2350.0,2350.0,0.0,0.0
2024-10-08 00:00:00+05:30,240,Kodakandla,1186,Kodakandala,1,Paddy,1,Common,0.0,350.0,0.0,0.0,2200.0,0.0,0.0
2024-10-08 00:00:00+05:30,367,Gudimalkapur,1571,Gudumalkapur,55,Onions,55,Common,0.0,2169.0,800.0,5200.0,2700.0,0.0,0.0
2024-10-09 00:00:00+05:30,323,Gaddiannaram,2,L.B Nagar,98,Cabbage,98,Common,0.0,70.0,1000.0,1500.0,1200.0,0.0,0.0
2024-10-09 00:00:00+05:30,324,Bowenpally,3,Bowenpally,55,Onions,55,Common,0.0,738.0,1000.0,3000.0,2500.0,0.0,0.0
2024-10-09 00:00:00+05:30,325,Hyderabad,6,Madannapeta,98,Cabbage,98,Common,0.0,20.0,1000.0,1200.0,1100.0,0.0,0.0
2024-10-09 00:00:00+05:30,325,Hyderabad,7,Meeralamandi,98,Cabbage,98,Common,0.0,5.0,1200.0,1500.0,1350.0,0.0,0.0
2024-10-09 00:00:00+05:30,279,Thirumalagiri,9,Tirmalagiri,1,Paddy,237,Grade-A(IR64),0.0,5823.0,1650.0,2053.0,1997.0,0.0,0.0
2024-10-09 00:00:00+05:30,240,Kodakandla,1186,Kodakandala,1,Paddy,1,Common,0.0,365.0,0.0,0.0,2200.0,0.0,0.0
2024-10-09 00:00:00+05:30,306,Mahbubnagar,1326,Mahaboobnagar,1,Paddy,271,Common (Hamsa),0.0,2.0,2169.0,2169.0,2169.0,0.0,0.0
2024-10-09 00:00:00+05:30,367,Gudimalkapur,1571,Gudumalkapur,55,Onions,55,Common,0.0,1995.0,600.0,5000.0,2700.0,0.0,0.0
2024-10-10 00:00:00+05:30,324,Bowenpally,3,Bowenpally,55,Onions,55,Common,0.0,739.0,1000.0,3000.0,2500.0,0.0,0.0
2024-10-10 00:00:00+05:30,323,Gaddiannaram,2,L.B Nagar,98,Cabbage,98,Common,0.0,49.0,1000.0,1500.0,1200.0,0.0,0.0
2024-10-10 00:00:00+05:30,325,Hyderabad,6,Madannapeta,98,Cabbage,98,Common,0.0,25.0,1000.0,1200.0,1100.0,0.0,0.0
2024-10-10 00:00:00+05:30,325,Hyderabad,5,Mahabubmansion,54,Chillies(Dry),250,Teja,0.0,13.0,12000.0,15000.0,13000.0,0.0,0.0
2024-10-10 00:00:00+05:30,325,Hyderabad,7,Meeralamandi,98,Cabbage,98,Common,0.0,2.0,1200.0,1200.0,1200.0,0.0,0.0
2024-10-09 00:00:00+05:30,301,Devarakadra,1352,Devarakadra,1,Paddy,271,Common (Hamsa),0.0,3.0,1921.0,1921.0,1921.0,0.0,0.0
2024-10-09 00:00:00+05:30,346,Rudrangi,1583,Rudrangi,1,Paddy,195,Grade-A,0.0,107.0,2300.0,2320.0,2300.0,0.0,0.0
2024-10-10 00:00:00+05:30,240,Kodakandla,1186,Kodakandala,1,Paddy,1,Common,0.0,150.0,0.0,0.0,2300.0,0.0,0.0
2024-10-10 00:00:00+05:30,367,Gudimalkapur,1571,Gudumalkapur,55,Onions,55,Common,0.0,1739.0,600.0,4100.0,2600.0,0.0,0.0
2024-10-11 00:00:00+05:30,324,Bowenpally,3,Bowenpally,55,Onions,55,Common,0.0,80.0,800.0,3000.0,2500.0,0.0,0.0
2024-10-11 00:00:00+05:30,323,Gaddiannaram,2,L.B Nagar,98,Cabbage,98,Common,0.0,52.0,1000.0,1500.0,1200.0,0.0,0.0
2024-10-11 00:00:00+05:30,325,Hyderabad,6,Madannapeta,98,Cabbage,98,Common,0.0,18.0,1100.0,1300.0,1200.0,0.0,0.0
2024-10-11 00:00:00+05:30,325,Hyderabad,7,Meeralamandi,98,Cabbage,98,Common,0.0,3.0,1200.0,1500.0,1350.0,0.0,0.0
2024-10-11 00:00:00+05:30,217,Husnabad,1127,Husnabad,1,Paddy,270,Grade-A (1010),0.0,120.0,2300.0,2300.0,2300.0,0.0,0.0
2024-10-11 00:00:00+05:30,240,Kodakandla,1186,Kodakandala,1,Paddy,1,Common,0.0,200.0,0.0,0.0,2300.0,0.0,0.0
2024-10-11 00:00:00+05:30,367,Gudimalkapur,1571,Gudumalkapur,55,Onions,55,Common,0.0,1100.0,1000.0,5000.0,2000.0,0.0,0.0
2024-10-12 00:00:00+05:30,323,Gaddiannaram,2,L.B Nagar,98,Cabbage,98,Common,0.0,45.0,1000.0,2000.0,1500.0,0.0,0.0
2024-10-12 00:00:00+05:30,324,Bowenpally,3,Bowenpally,55,Onions,55,Common,0.0,419.0,800.0,3000.0,2500.0,0.0,0.0
2024-10-12 00:00:00+05:30,325,Hyderabad,6,Madannapeta,98,Cabbage,98,Common,0.0,25.0,800.0,1200.0,1000.0,0.0,0.0
2024-10-12 00:00:00+05:30,325,Hyderabad,7,Meeralamandi,98,Cabbage,98,Common,0.0,3.0,1200.0,1500.0,1350.0,0.0,0.0
2024-10-12 00:00:00+05:30,316,Narsingi,49,Babbuguda,168,Cattle(All),168,Common,0.0,45.0,5000.0,20000.0,15000.0,0.0,0.0
2024-10-12 00:00:00+05:30,217,Husnabad,1127,Husnabad,1,Paddy,270,Grade-A (1010),0.0,110.0,2300.0,2300.0,2300.0,0.0,0.0
2024-10-12 00:00:00+05:30,367,Gudimalkapur,1571,Gudumalkapur,55,Onions,55,Common,0.0,1419.0,1800.0,3500.0,2500.0,0.0,0.0
2024-10-13 00:00:00+05:30,324,Bowenpally,3,Bowenpally,55,Onions,55,Common,0.0,492.0,1000.0,3000.0,2500.0,0.0,0.0
2024-10-13 00:00:00+05:30,325,Hyderabad,6,Madannapeta,98,Cabbage,98,Common,0.0,25.0,1000.0,1200.0,1100.0,0.0,0.0
2024-10-13 00:00:00+05:30,316,Narsingi,49,Babbuguda,168,Cattle(All),168,Common,0.0,101.0,20000.0,50000.0,40000.0,0.0,0.0
2024-10-13 00:00:00+05:30,217,Husnabad,1127,Husnabad,1,Paddy,270,Grade-A (1010),0.0,80.0,2300.0,2300.0,2300.0,0.0,0.0
2024-10-13 00:00:00+05:30,367,Gudimalkapur,1571,Gudumalkapur,55,Onions,55,Common,0.0,1639.0,700.0,4800.0,2000.0,0.0,0.0
2024-10-13 00:00:00+05:30,259,Nelakondapally,1071,Nelakondapally,1,Paddy,275,Grade-A (Samba Masuri Old),0.0,215.0,2203.0,2100.0,2325.0,0.0,0.0
2024-10-14 00:00:00+05:30,324,Bowenpally,3,Bowenpally,55,Onions,55,Common,0.0,146.0,800.0,3000.0,2500.0,0.0,0.0
2024-10-14 00:00:00+05:30,323,Gaddiannaram,2,L.B Nagar,98,Cabbage,98,Common,0.0,35.0,1000.0,1500.0,1200.0,0.0,0.0
2024-10-14 00:00:00+05:30,323,Gaddiannaram,1,Gaddiannaram,76,Mango,291,Benishan,0.0,8.0,24000.0,28000.0,26000.0,0.0,0.0
2024-10-14 00:00:00+05:30,325,Hyderabad,6,Madannapeta,98,Cabbage,98,Common,0.0,20.0,1000.0,1200.0,1100.0,0.0,0.0
2024-10-14 00:00:00+05:30,325,Hyderabad,7,Meeralamandi,98,Cabbage,98,Common,0.0,4.0,2500.0,3000.0,2750.0,0.0,0.0
2024-10-14 00:00:00+05:30,279,Thirumalagiri,9,Tirmalagiri,1,Paddy,237,Grade-A(IR64),0.0,5100.0,1814.0,2059.0,1924.0,0.0,0.0
2024-10-14 00:00:00+05:30,278,Suryapet,1091,Suryapet,1,Paddy,195,Grade-A,0.0,264.0,1776.0,2609.0,2479.0,0.0,0.0
2024-10-14 00:00:00+05:30,217,Husnabad,1127,Husnabad,1,Paddy,270,Grade-A (1010),0.0,130.0,2300.0,2300.0,2300.0,0.0,0.0
2024-10-14 00:00:00+05:30,309,Narayanpet,1342,Narayanpet,1,Paddy,271,Common (Hamsa),0.0,15.6,2323.0,2450.0,2323.0,0.0,0.0
2024-10-14 00:00:00+05:30,367,Gudimalkapur,1571,Gudumalkapur,55,Onions,55,Common,0.0,272.0,1600.0,4800.0,2500.0,0.0,0.0
2024-10-15 00:00:00+05:30,323,Gaddiannaram,1,Gaddiannaram,76,Mango,291,Benishan,0.0,3.0,10000.0,10000.0,10000.0,0.0,0.0
2024-10-15 00:00:00+05:30,323,Gaddiannaram,2,L.B Nagar,98,Cabbage,98,Common,0.0,72.0,1000.0,2000.0,1400.0,0.0,0.0
2024-10-15 00:00:00+05:30,324,Bowenpally,3,Bowenpally,55,Onions,55,Common,0.0,354.0,1000.0,3000.0,2500.0,0.0,0.0
2024-10-15 00:00:00+05:30,325,Hyderabad,6,Madannapeta,98,Cabbage,98,Common,0.0,25.0,1200.0,1600.0,1400.0,0.0,0.0
2024-10-15 00:00:00+05:30,325,Hyderabad,5,Mahabubmansion,54,Chillies(Dry),250,Teja,0.0,49.0,15000.0,18000.0,16000.0,0.0,0.0
2024-10-15 00:00:00+05:30,325,Hyderabad,7,Meeralamandi,98,Cabbage,98,Common,0.0,4.0,1500.0,2000.0,1750.0,0.0,0.0
2024-10-14 00:00:00+05:30,301,Devarakadra,1352,Devarakadra,1,Paddy,271,Common (Hamsa),0.0,12.0,1881.0,1881.0,1881.0,0.0,0.0
2024-10-15 00:00:00+05:30,279,Thirumalagiri,9,Tirmalagiri,1,Paddy,237,Grade-A(IR64),0.0,3646.0,1815.0,2052.0,1969.0,0.0,0.0
2024-10-15 00:00:00+05:30,278,Suryapet,1091,Suryapet,1,Paddy,195,Grade-A,0.0,89.0,1856.0,2819.0,2709.0,0.0,0.0
2024-10-15 00:00:00+05:30,217,Husnabad,1127,Husnabad,1,Paddy,270,Grade-A (1010),0.0,220.0,2300.0,2300.0,2300.0,0.0,0.0
2024-10-15 00:00:00+05:30,367,Gudimalkapur,1571,Gudumalkapur,55,Onions,55,Common,0.0,1303.0,1000.0,4500.0,2000.0,0.0,0.0
2024-10-15 00:00:00+05:30,309,Narayanpet,1342,Narayanpet,1,Paddy,271,Common (Hamsa),0.0,18.0,2440.0,2440.0,2440.0,0.0,0.0
2024-10-15 00:00:00+05:30,346,Rudrangi,1583,Rudrangi,1,Paddy,195,Grade-A,0.0,430.0,2300.0,2320.0,2300.0,0.0,0.0
2024-10-16 00:00:00+05:30,323,Gaddiannaram,2,L.B Nagar,98,Cabbage,98,Common,0.0,80.0,1000.0,2000.0,1500.0,0.0,0.0
2024-10-16 00:00:00+05:30,324,Bowenpally,3,Bowenpally,55,Onions,55,Common,0.0,531.0,1000.0,3000.0,2500.0,0.0,0.0
2024-10-16 00:00:00+05:30,325,Hyderabad,5,Mahabubmansion,54,Chillies(Dry),250,Teja,0.0,47.0,14000.0,16500.0,15000.0,0.0,0.0
2024-10-16 00:00:00+05:30,325,Hyderabad,6,Madannapeta,98,Cabbage,98,Common,0.0,15.0,1200.0,2000.0,1500.0,0.0,0.0
2024-10-16 00:00:00+05:30,325,Hyderabad,7,Meeralamandi,98,Cabbage,98,Common,0.0,4.0,1500.0,2000.0,1750.0,0.0,0.0
2024-10-16 00:00:00+05:30,279,Thirumalagiri,9,Tirmalagiri,1,Paddy,237,Grade-A(IR64),0.0,7529.0,1889.0,2009.0,1939.0,0.0,0.0
2024-10-16 00:00:00+05:30,259,Nelakondapally,1071,Nelakondapally,1,Paddy,275,Grade-A (Samba Masuri Old),0.0,285.0,2200.0,2100.0,2315.0,0.0,0.0
2024-10-16 00:00:00+05:30,278,Suryapet,1091,Suryapet,1,Paddy,195,Grade-A,0.0,100.0,1609.0,2809.0,2529.0,0.0,0.0
2024-10-16 00:00:00+05:30,217,Husnabad,1127,Husnabad,1,Paddy,270,Grade-A (1010),0.0,700.0,2300.0,2300.0,2300.0,0.0,0.0
2024-10-16 00:00:00+05:30,231,Vemulawada,1126,Vemulawada,1,Paddy,237,Grade-A(IR64),0.0,352.0,2300.0,2320.0,2300.0,0.0,0.0
2024-10-16 00:00:00+05:30,367,Gudimalkapur,1571,Gudumalkapur,55,Onions,55,Common,0.0,1885.0,600.0,4500.0,2000.0,0.0,0.0
2024-10-16 00:00:00+05:30,301,Devarakadra,1352,Devarakadra,1,Paddy,271,Common (Hamsa),0.0,18.0,1851.0,1851.0,1851.0,0.0,0.0
2024-10-17 00:00:00+05:30,323,Gaddiannaram,1,Gaddiannaram,76,Mango,291,Benishan,0.0,23.0,2200.0,6650.0,2750.0,0.0,0.0
2024-10-17 00:00:00+05:30,324,Bowenpally,3,Bowenpally,55,Onions,55,Common,0.0,758.0,1000.0,3200.0,2600.0,0.0,0.0
2024-10-17 00:00:00+05:30,323,Gaddiannaram,2,L.B Nagar,98,Cabbage,98,Common,0.0,77.0,1000.0,2000.0,1500.0,0.0,0.0
2024-10-17 00:00:00+05:30,325,Hyderabad,6,Madannapeta,98,Cabbage,98,Common,0.0,40.0,1200.0,1800.0,1500.0,0.0,0.0
2024-10-17 00:00:00+05:30,325,Hyderabad,5,Mahabubmansion,54,Chillies(Dry),250,Teja,0.0,65.0,13000.0,16500.0,14000.0,0.0,0.0
2024-10-17 00:00:00+05:30,325,Hyderabad,7,Meeralamandi,98,Cabbage,98,Common,0.0,3.0,1200.0,2000.0,1600.0,0.0,0.0
2024-10-17 00:00:00+05:30,198,Luxettipet,27,Luxettipet,1,Paddy,1,Common,0.0,100.0,2300.0,2300.0,2300.0,0.0,0.0
2024-10-17 00:00:00+05:30,259,Nelakondapally,1071,Nelakondapally,1,Paddy,275,Grade-A (Samba Masuri Old),0.0,910.0,2200.0,2305.0,2280.0,0.0,0.0
2024-10-17 00:00:00+05:30,278,Suryapet,1091,Suryapet,1,Paddy,195,Grade-A,0.0,180.0,1971.0,2889.0,2226.0,0.0,0.0
2024-10-17 00:00:00+05:30,367,Gudimalkapur,1571,Gudumalkapur,55,Onions,55,Common,0.0,1707.0,600.0,4200.0,2000.0,0.0,0.0
2024-10-18 00:00:00+05:30,323,Gaddiannaram,1,Gaddiannaram,76,Mango,291,Benishan,0.0,18.0,1900.0,8050.0,3300.0,0.0,0.0
2024-10-18 00:00:00+05:30,324,Bowenpally,3,Bowenpally,55,Onions,55,Common,0.0,983.0,1000.0,3500.0,2800.0,0.0,0.0
2024-10-18 00:00:00+05:30,323,Gaddiannaram,2,L.B Nagar,98,Cabbage,98,Common,0.0,119.0,1000.0,2000.0,1500.0,0.0,0.0
2024-10-18 00:00:00+05:30,325,Hyderabad,5,Mahabubmansion,54,Chillies(Dry),250,Teja,0.0,96.0,14000.0,16000.0,15000.0,0.0,0.0
2024-10-18 00:00:00+05:30,325,Hyderabad,6,Madannapeta,98,Cabbage,98,Common,0.0,25.0,1500.0,2000.0,1800.0,0.0,0.0
2024-10-18 00:00:00+05:30,325,Hyderabad,7,Meeralamandi,98,Cabbage,98,Common,0.0,5.0,1800.0,2000.0,1900.0,0.0,0.0
2024-10-17 00:00:00+05:30,346,Rudrangi,1583,Rudrangi,1,Paddy,195,Grade-A,0.0,537.0,2300.0,2320.0,2320.0,0.0,0.0
2024-10-18 00:00:00+05:30,259,Nelakondapally,1071,Nelakondapally,1,Paddy,275,Grade-A (Samba Masuri Old),0.0,3020.0,2200.0,2304.0,2280.0,0.0,0.0
2024-10-18 00:00:00+05:30,278,Suryapet,1091,Suryapet,1,Paddy,195,Grade-A,0.0,65.0,1872.0,2439.0,2084.0,0.0,0.0
2024-10-18 00:00:00+05:30,231,Vemulawada,1126,Vemulawada,1,Paddy,237,Grade-A(IR64),0.0,86.0,2300.0,2320.0,2320.0,0.0,0.0
2024-10-18 00:00:00+05:30,217,Husnabad,1127,Husnabad,1,Paddy,270,Grade-A (1010),0.0,180.0,2300.0,2300.0,2300.0,0.0,0.0
2024-10-18 00:00:00+05:30,301,Devarakadra,1352,Devarakadra,1,Paddy,271,Common (Hamsa),0.0,30.0,1901.0,1901.0,1901.0,0.0,0.0
2024-10-18 00:00:00+05:30,367,Gudimalkapur,1571,Gudumalkapur,55,Onions,55,Common,0.0,1700.0,600.0,4800.0,2200.0,0.0,0.0
2024-10-19 00:00:00+05:30,323,Gaddiannaram,1,Gaddiannaram,76,Mango,291,Benishan,0.0,41.0,5000.0,6900.0,5250.0,0.0,0.0
2024-10-19 00:00:00+05:30,324,Bowenpally,3,Bowenpally,55,Onions,55,Common,0.0,650.0,800.0,4000.0,3200.0,0.0,0.0
2024-10-19 00:00:00+05:30,323,Gaddiannaram,2,L.B Nagar,98,Cabbage,98,Common,0.0,110.0,1000.0,2000.0,1500.0,0.0,0.0
2024-10-19 00:00:00+05:30,325,Hyderabad,5,Mahabubmansion,54,Chillies(Dry),250,Teja,0.0,200.0,12000.0,14500.0,13000.0,0.0,0.0
2024-10-19 00:00:00+05:30,325,Hyderabad,6,Madannapeta,98,Cabbage,98,Common,0.0,30.0,1200.0,1600.0,1400.0,0.0,0.0
2024-10-19 00:00:00+05:30,325,Hyderabad,7,Meeralamandi,98,Cabbage,98,Common,0.0,5.0,2000.0,2200.0,2100.0,0.0,0.0
2024-10-19 00:00:00+05:30,316,Narsingi,49,Babbuguda,168,Cattle(All),168,Common,0.0,55.0,5000.0,2000.0,15000.0,0.0,0.0
2024-10-18 00:00:00+05:30,346,Rudrangi,1583,Rudrangi,1,Paddy,195,Grade-A,0.0,774.0,2300.0,2320.0,2320.0,0.0,0.0
2024-10-19 00:00:00+05:30,259,Nelakondapally,1071,Nelakondapally,1,Paddy,275,Grade-A (Samba Masuri Old),0.0,561.0,2200.0,2317.0,2280.0,0.0,0.0
2024-10-19 00:00:00+05:30,278,Suryapet,1091,Suryapet,1,Paddy,195,Grade-A,0.0,78.0,2076.0,2559.0,2076.0,0.0,0.0
2024-10-19 00:00:00+05:30,217,Husnabad,1127,Husnabad,1,Paddy,270,Grade-A (1010),0.0,160.0,2300.0,2300.0,2300.0,0.0,0.0
2024-10-19 00:00:00+05:30,301,Devarakadra,1352,Devarakadra,1,Paddy,271,Common (Hamsa),0.0,37.0,1881.0,1906.0,1894.0,0.0,0.0
2024-10-19 00:00:00+05:30,367,Gudimalkapur,1571,Gudumalkapur,55,Onions,55,Common,0.0,1456.0,800.0,4800.0,1800.0,0.0,0.0
2024-10-19 00:00:00+05:30,309,Narayanpet,1342,Narayanpet,1,Paddy,271,Common (Hamsa),0.0,4.8,2250.0,2250.0,2250.0,0.0,0.0
2024-10-20 00:00:00+05:30,324,Bowenpally,3,Bowenpally,55,Onions,55,Common,0.0,625.0,1500.0,4000.0,3200.0,0.0,0.0
2024-10-20 00:00:00+05:30,323,Gaddiannaram,2,L.B Nagar,98,Cabbage,98,Common,0.0,65.0,1000.0,2000.0,1500.0,0.0,0.0
2024-10-20 00:00:00+05:30,325,Hyderabad,6,Madannapeta,98,Cabbage,98,Common,0.0,25.0,1500.0,2000.0,1750.0,0.0,0.0
2024-10-20 00:00:00+05:30,325,Hyderabad,7,Meeralamandi,98,Cabbage,98,Common,0.0,5.0,1600.0,2000.0,1800.0,0.0,0.0
2024-10-20 00:00:00+05:30,192,Jainath,26,Jainath,1,Paddy,1,Common,0.0,304.1,2300.0,2300.0,2300.0,0.0,0.0
2024-10-19 00:00:00+05:30,346,Rudrangi,1583,Rudrangi,1,Paddy,195,Grade-A,0.0,623.0,2300.0,2320.0,2320.0,0.0,0.0
2024-10-20 00:00:00+05:30,367,Gudimalkapur,1571,Gudumalkapur,55,Onions,55,Common,0.0,2162.0,800.0,5000.0,2300.0,0.0,0.0
2024-10-20 00:00:00+05:30,346,Rudrangi,1583,Rudrangi,1,Paddy,195,Grade-A,0.0,344.0,2300.0,2320.0,2320.0,0.0,0.0
2024-10-21 00:00:00+05:30,323,Gaddiannaram,1,Gaddiannaram,76,Mango,291,Benishan,0.0,23.0,2750.0,6650.0,4400.0,0.0,0.0
2024-10-21 00:00:00+05:30,323,Gaddiannaram,2,L.B Nagar,98,Cabbage,98,Common,0.0,108.0,1000.0,2000.0,1500.0,0.0,0.0
2024-10-21 00:00:00+05:30,324,Bowenpally,3,Bowenpally,55,Onions,55,Common,0.0,101.0,1000.0,3500.0,2800.0,0.0,0.0
2024-10-21 00:00:00+05:30,325,Hyderabad,6,Madannapeta,98,Cabbage,98,Common,0.0,30.0,1200.0,1800.0,1600.0,0.0,0.0
2024-10-21 00:00:00+05:30,325,Hyderabad,5,Mahabubmansion,54,Chillies(Dry),250,Teja,0.0,40.0,12000.0,15500.0,13000.0,0.0,0.0
2024-10-21 00:00:00+05:30,325,Hyderabad,7,Meeralamandi,98,Cabbage,98,Common,0.0,7.0,1500.0,1600.0,1550.0,0.0,0.0
2024-10-20 00:00:00+05:30,217,Husnabad,1127,Husnabad,1,Paddy,270,Grade-A (1010),0.0,650.0,2300.0,2300.0,2300.0,0.0,0.0
2024-10-21 00:00:00+05:30,279,Thirumalagiri,9,Tirmalagiri,1,Paddy,237,Grade-A(IR64),0.0,6068.0,1870.0,1992.0,1939.0,0.0,0.0
2024-10-21 00:00:00+05:30,193,Inderavally,15,Indravally,5,Maize,5,Common,0.0,100.0,1800.0,2250.0,2250.0,0.0,0.0
2024-10-21 00:00:00+05:30,278,Suryapet,1091,Suryapet,1,Paddy,195,Grade-A,0.0,229.0,2156.0,2742.0,2259.0,0.0,0.0
2024-10-21 00:00:00+05:30,259,Nelakondapally,1071,Nelakondapally,1,Paddy,275,Grade-A (Samba Masuri Old),0.0,816.0,3200.0,3380.0,2280.0,0.0,0.0
2024-10-21 00:00:00+05:30,231,Vemulawada,1126,Vemulawada,1,Paddy,237,Grade-A(IR64),0.0,172.0,2300.0,2320.0,2320.0,0.0,0.0
2024-10-21 00:00:00+05:30,367,Gudimalkapur,1571,Gudumalkapur,55,Onions,55,Common,0.0,200.0,1200.0,5000.0,2000.0,0.0,0.0
2024-10-21 00:00:00+05:30,217,Husnabad,1127,Husnabad,1,Paddy,270,Grade-A (1010),0.0,130.0,2300.0,2300.0,2300.0,0.0,0.0
2024-10-22 00:00:00+05:30,323,Gaddiannaram,1,Gaddiannaram,76,Mango,291,Benishan,0.0,14.0,800.0,5550.0,2750.0,0.0,0.0
2024-10-22 00:00:00+05:30,323,Gaddiannaram,2,L.B Nagar,98,Cabbage,98,Common,0.0,106.0,1500.0,2000.0,1700.0,0.0,0.0
2024-10-22 00:00:00+05:30,324,Bowenpally,3,Bowenpally,55,Onions,55,Common,0.0,853.0,1000.0,3500.0,3000.0,0.0,0.0
2024-10-21 00:00:00+05:30,301,Devarakadra,1352,Devarakadra,1,Paddy,271,Common (Hamsa),0.0,12.0,1952.0,1952.0,1952.0,0.0,0.0
2024-10-21 00:00:00+05:30,346,Rudrangi,1583,Rudrangi,1,Paddy,195,Grade-A,0.0,300.0,2300.0,2320.0,2320.0,0.0,0.0
2024-10-22 00:00:00+05:30,325,Hyderabad,6,Madannapeta,98,Cabbage,98,Common,0.0,37.0,1200.0,1500.0,1350.0,0.0,0.0
2024-10-22 00:00:00+05:30,325,Hyderabad,7,Meeralamandi,98,Cabbage,98,Common,0.0,3.0,1500.0,2000.0,1750.0,0.0,0.0
2024-10-22 00:00:00+05:30,279,Thirumalagiri,9,Tirmalagiri,1,Paddy,237,Grade-A(IR64),0.0,5645.0,1869.0,1993.0,1944.0,0.0,0.0
2024-10-22 00:00:00+05:30,193,Inderavally,15,Indravally,5,Maize,5,Common,0.0,10.0,1800.0,2250.0,2230.0,0.0,0.0
2024-10-22 00:00:00+05:30,192,Jainath,26,Jainath,1,Paddy,1,Common,0.0,298.7,2300.0,2300.0,2300.0,0.0,0.0
2024-10-22 00:00:00+05:30,259,Nelakondapally,1071,Nelakondapally,1,Paddy,275,Grade-A (Samba Masuri Old),0.0,550.0,2280.0,2320.0,2300.0,0.0,0.0
2024-10-22 00:00:00+05:30,278,Suryapet,1091,Suryapet,1,Paddy,195,Grade-A,0.0,638.0,1549.0,2512.0,2359.0,0.0,0.0
2024-10-22 00:00:00+05:30,231,Vemulawada,1126,Vemulawada,1,Paddy,237,Grade-A(IR64),0.0,258.0,2300.0,2320.0,2320.0,0.0,0.0
2024-10-22 00:00:00+05:30,217,Husnabad,1127,Husnabad,1,Paddy,270,Grade-A (1010),0.0,250.0,2300.0,2300.0,2300.0,0.0,0.0
2024-10-22 00:00:00+05:30,367,Gudimalkapur,1571,Gudumalkapur,55,Onions,55,Common,0.0,2596.0,700.0,5200.0,2500.0,0.0,0.0
2024-10-23 00:00:00+05:30,323,Gaddiannaram,2,L.B Nagar,98,Cabbage,98,Common,0.0,125.0,1500.0,2000.0,1700.0,0.0,0.0
2024-10-23 00:00:00+05:30,324,Bowenpally,3,Bowenpally,55,Onions,55,Common,0.0,1385.0,1000.0,3000.0,2500.0,0.0,0.0
2024-10-23 00:00:00+05:30,325,Hyderabad,6,Madannapeta,98,Cabbage,98,Common,0.0,30.0,1500.0,1700.0,1600.0,0.0,0.0
2024-10-23 00:00:00+05:30,323,Gaddiannaram,1,Gaddiannaram,76,Mango,291,Benishan,0.0,23.0,800.0,5550.0,2750.0,0.0,0.0
2024-10-23 00:00:00+05:30,325,Hyderabad,7,Meeralamandi,98,Cabbage,98,Common,0.0,4.0,1200.0,2000.0,1600.0,0.0,0.0
2024-10-22 00:00:00+05:30,346,Rudrangi,1583,Rudrangi,1,Paddy,195,Grade-A,0.0,730.0,2300.0,2320.0,2320.0,0.0,0.0
2024-10-23 00:00:00+05:30,279,Thirumalagiri,9,Tirmalagiri,1,Paddy,237,Grade-A(IR64),0.0,7008.0,1870.0,1994.0,1939.0,0.0,0.0
2024-10-23 00:00:00+05:30,193,Inderavally,15,Indravally,5,Maize,5,Common,0.0,50.0,1800.0,2250.0,2230.0,0.0,0.0
2024-10-23 00:00:00+05:30,192,Jainath,26,Jainath,1,Paddy,1,Common,0.0,603.5,2300.0,2590.0,2400.0,0.0,0.0
2024-10-23 00:00:00+05:30,278,Suryapet,1091,Suryapet,1,Paddy,195,Grade-A,0.0,552.0,2192.0,2869.0,2398.0,0.0,0.0
2024-10-23 00:00:00+05:30,259,Nelakondapally,1071,Nelakondapally,1,Paddy,275,Grade-A (Samba Masuri Old),0.0,213.0,2200.0,2300.0,2280.0,0.0,0.0
2024-10-23 00:00:00+05:30,217,Husnabad,1127,Husnabad,1,Paddy,270,Grade-A (1010),0.0,700.0,2300.0,2300.0,2300.0,0.0,0.0
2024-10-23 00:00:00+05:30,301,Devarakadra,1352,Devarakadra,1,Paddy,271,Common (Hamsa),0.0,41.0,1929.0,1931.0,1930.0,0.0,0.0
2024-10-23 00:00:00+05:30,367,Gudimalkapur,1571,Gudumalkapur,55,Onions,55,Common,0.0,1698.0,600.0,5000.0,2200.0,0.0,0.0
2024-10-24 00:00:00+05:30,323,Gaddiannaram,1,Gaddiannaram,76,Mango,291,Benishan,0.0,22.0,800.0,5550.0,2850.0,0.0,0.0
2024-10-24 00:00:00+05:30,324,Bowenpally,3,Bowenpally,55,Onions,55,Common,0.0,974.0,1000.0,3500.0,2800.0,0.0,0.0
2024-10-24 00:00:00+05:30,323,Gaddiannaram,2,L.B Nagar,98,Cabbage,98,Common,0.0,60.0,1500.0,2000.0,1700.0,0.0,0.0
2024-10-24 00:00:00+05:30,325,Hyderabad,6,Madannapeta,98,Cabbage,98,Common,0.0,43.0,1000.0,1500.0,1250.0,0.0,0.0
2024-10-23 00:00:00+05:30,329,Navabpet(MBNR),1483,Navabpet,1,Paddy,271,Common (Hamsa),0.0,6.0,2107.0,2107.0,2107.0,0.0,0.0
2024-10-24 00:00:00+05:30,325,Hyderabad,7,Meeralamandi,98,Cabbage,98,Common,0.0,3.0,2000.0,2000.0,2000.0,0.0,0.0
2024-10-24 00:00:00+05:30,279,Thirumalagiri,9,Tirmalagiri,1,Paddy,237,Grade-A(IR64),0.0,5811.0,1890.0,1996.0,1919.0,0.0,0.0
2024-10-24 00:00:00+05:30,192,Jainath,26,Jainath,1,Paddy,1,Common,0.0,344.4,2300.0,2300.0,2300.0,0.0,0.0
2024-10-23 00:00:00+05:30,346,Rudrangi,1583,Rudrangi,1,Paddy,195,Grade-A,0.0,902.0,2300.0,2320.0,2320.0,0.0,0.0
2024-10-24 00:00:00+05:30,278,Suryapet,1091,Suryapet,1,Paddy,195,Grade-A,0.0,540.0,1769.0,2808.0,2339.0,0.0,0.0
2024-10-24 00:00:00+05:30,259,Nelakondapally,1071,Nelakondapally,1,Paddy,275,Grade-A (Samba Masuri Old),0.0,250.0,2280.0,2320.0,2300.0,0.0,0.0
2024-10-24 00:00:00+05:30,231,Vemulawada,1126,Vemulawada,1,Paddy,237,Grade-A(IR64),0.0,580.0,2320.0,2320.0,2320.0,0.0,0.0
2024-10-24 00:00:00+05:30,367,Gudimalkapur,1571,Gudumalkapur,55,Onions,55,Common,0.0,279.0,400.0,5100.0,2200.0,0.0,0.0
2024-10-25 00:00:00+05:30,323,Gaddiannaram,1,Gaddiannaram,76,Mango,291,Benishan,0.0,19.0,4150.0,5550.0,4150.0,0.0,0.0
2024-10-25 00:00:00+05:30,323,Gaddiannaram,2,L.B Nagar,98,Cabbage,98,Common,0.0,30.0,1500.0,2000.0,1700.0,0.0,0.0
2024-10-25 00:00:00+05:30,325,Hyderabad,6,Madannapeta,98,Cabbage,98,Common,0.0,25.0,1000.0,1200.0,1100.0,0.0,0.0
2024-10-24 00:00:00+05:30,346,Rudrangi,1583,Rudrangi,1,Paddy,195,Grade-A,0.0,881.0,2300.0,2320.0,2320.0,0.0,0.0
2024-10-25 00:00:00+05:30,325,Hyderabad,7,Meeralamandi,98,Cabbage,98,Common,0.0,5.0,1800.0,2000.0,1900.0,0.0,0.0
2024-10-25 00:00:00+05:30,279,Thirumalagiri,9,Tirmalagiri,1,Paddy,237,Grade-A(IR64),0.0,6707.0,1866.0,1999.0,1929.0,0.0,0.0
2024-10-25 00:00:00+05:30,193,Inderavally,15,Indravally,5,Maize,5,Common,0.0,50.0,1800.0,2250.0,2230.0,0.0,0.0
2024-10-25 00:00:00+05:30,192,Jainath,26,Jainath,1,Paddy,1,Common,0.0,615.0,2300.0,2300.0,2300.0,0.0,0.0
2024-10-25 00:00:00+05:30,278,Suryapet,1091,Suryapet,1,Paddy,195,Grade-A,0.0,789.0,1606.0,2569.0,2344.0,0.0,0.0
2024-10-25 00:00:00+05:30,231,Vemulawada,1126,Vemulawada,1,Paddy,237,Grade-A(IR64),0.0,237.0,2300.0,2320.0,2320.0,0.0,0.0
2024-10-25 00:00:00+05:30,231,Vemulawada,1126,Vemulawada,1,Paddy,237,Grade-A(IR64),0.0,688.0,2300.0,2320.0,2320.0,0.0,0.0
2024-10-25 00:00:00+05:30,217,Husnabad,1127,Husnabad,1,Paddy,270,Grade-A (1010),0.0,160.0,2300.0,2300.0,2300.0,0.0,0.0
2024-10-25 00:00:00+05:30,259,Nelakondapally,1071,Nelakondapally,1,Paddy,275,Grade-A (Samba Masuri Old),0.0,4018.0,2280.0,2320.0,2300.0,0.0,0.0
2024-10-25 00:00:00+05:30,367,Gudimalkapur,1571,Gudumalkapur,55,Onions,55,Common,0.0,2001.0,500.0,4300.0,2000.0,0.0,0.0
2024-10-25 00:00:00+05:30,346,Rudrangi,1583,Rudrangi,1,Paddy,195,Grade-A,0.0,346.0,2300.0,2320.0,2320.0,0.0,0.0
2024-10-26 00:00:00+05:30,323,Gaddiannaram,1,Gaddiannaram,76,Mango,291,Benishan,0.0,14.0,2200.0,3300.0,2850.0,0.0,0.0
2024-10-26 00:00:00+05:30,323,Gaddiannaram,2,L.B Nagar,98,Cabbage,98,Common,0.0,103.0,1000.0,2000.0,1500.0,0.0,0.0
2024-10-26 00:00:00+05:30,324,Bowenpally,3,Bowenpally,55,Onions,55,Common,0.0,1072.0,800.0,3000.0,2700.0,0.0,0.0
2024-10-26 00:00:00+05:30,325,Hyderabad,6,Madannapeta,98,Cabbage,98,Common,0.0,35.0,1000.0,1200.0,1100.0,0.0,0.0
2024-10-25 00:00:00+05:30,312,Wanaparthy Town,1344,W.P.Town,1,Paddy,271,Common (Hamsa),0.0,60.0,1919.0,1919.0,1919.0,0.0,0.0
2024-10-25 00:00:00+05:30,301,Devarakadra,1352,Devarakadra,1,Paddy,271,Common (Hamsa),0.0,126.0,1889.0,1981.0,1935.0,0.0,0.0
2024-10-26 00:00:00+05:30,325,Hyderabad,7,Meeralamandi,98,Cabbage,98,Common,0.0,4.0,1000.0,1500.0,1250.0,0.0,0.0
2024-10-26 00:00:00+05:30,193,Inderavally,15,Indravally,5,Maize,5,Common,0.0,40.0,1800.0,2300.0,2250.0,0.0,0.0
2024-10-26 00:00:00+05:30,316,Narsingi,49,Babbuguda,168,Cattle(All),168,Common,0.0,56.0,5000.0,20000.0,15000.0,0.0,0.0
2024-10-26 00:00:00+05:30,278,Suryapet,1091,Suryapet,1,Paddy,195,Grade-A,0.0,942.0,1649.0,2813.0,2589.0,0.0,0.0
2024-10-26 00:00:00+05:30,259,Nelakondapally,1071,Nelakondapally,1,Paddy,275,Grade-A (Samba Masuri Old),0.0,1473.0,2280.0,2312.0,2300.0,0.0,0.0
2024-10-26 00:00:00+05:30,231,Vemulawada,1126,Vemulawada,1,Paddy,237,Grade-A(IR64),0.0,339.0,2300.0,2320.0,2320.0,0.0,0.0
2024-10-26 00:00:00+05:30,217,Husnabad,1127,Husnabad,1,Paddy,270,Grade-A (1010),0.0,45.0,2300.0,2300.0,2300.0,0.0,0.0
2024-10-26 00:00:00+05:30,306,Mahbubnagar,1326,Mahaboobnagar,1,Paddy,271,Common (Hamsa),0.0,8.0,2709.0,2709.0,2709.0,0.0,0.0
2024-10-26 00:00:00+05:30,367,Gudimalkapur,1571,Gudumalkapur,55,Onions,55,Common,0.0,2218.0,500.0,5000.0,2000.0,0.0,0.0
2024-10-26 00:00:00+05:30,254,Enkoor,1589,Julurupadu,25,Cotton,25,Common,0.0,1251.0,5700.0,6250.0,5900.0,0.0,0.0
2024-10-26 00:00:00+05:30,312,Wanaparthy Town,1344,W.P.Town,1,Paddy,271,Common (Hamsa),0.0,316.0,1832.0,2029.0,1939.0,0.0,0.0
2024-10-27 00:00:00+05:30,324,Bowenpally,3,Bowenpally,55,Onions,55,Common,0.0,1649.0,1000.0,3000.0,2500.0,0.0,0.0
2024-10-27 00:00:00+05:30,323,Gaddiannaram,2,L.B Nagar,98,Cabbage,98,Common,0.0,77.0,1000.0,2000.0,1500.0,0.0,0.0
2024-10-27 00:00:00+05:30,325,Hyderabad,6,Madannapeta,98,Cabbage,98,Common,0.0,30.0,1200.0,1500.0,1350.0,0.0,0.0
2024-10-27 00:00:00+05:30,325,Hyderabad,7,Meeralamandi,98,Cabbage,98,Common,0.0,4.0,1200.0,1500.0,1350.0,0.0,0.0
2024-10-27 00:00:00+05:30,192,Jainath,26,Jainath,1,Paddy,1,Common,0.0,34570.0,2590.0,2590.0,2590.0,0.0,0.0
2024-10-27 00:00:00+05:30,316,Narsingi,49,Babbuguda,168,Cattle(All),168,Common,0.0,157.0,15000.0,50000.0,40000.0,0.0,0.0
2024-10-27 00:00:00+05:30,217,Husnabad,1127,Husnabad,1,Paddy,270,Grade-A (1010),0.0,250.0,2300.0,2300.0,2300.0,0.0,0.0
2024-10-27 00:00:00+05:30,224,Korutla,1136,Korutla,1,Paddy,195,Grade-A,0.0,600.0,2380.0,2400.0,2390.0,0.0,0.0
2024-10-27 00:00:00+05:30,259,Nelakondapally,1071,Nelakondapally,1,Paddy,275,Grade-A (Samba Masuri Old),0.0,1317.0,2280.0,2323.0,2300.0,0.0,0.0
2024-10-27 00:00:00+05:30,231,Vemulawada,1126,Vemulawada,1,Paddy,237,Grade-A(IR64),0.0,525.0,2300.0,2320.0,2320.0,0.0,0.0
2024-10-27 00:00:00+05:30,329,Navabpet(MBNR),1483,Navabpet,1,Paddy,271,Common (Hamsa),0.0,65.0,2147.0,2147.0,2147.0,0.0,0.0
2024-10-27 00:00:00+05:30,367,Gudimalkapur,1571,Gudumalkapur,55,Onions,55,Common,0.0,3427.0,500.0,5000.0,2200.0,0.0,0.0
2024-10-28 00:00:00+05:30,323,Gaddiannaram,1,Gaddiannaram,76,Mango,291,Benishan,0.0,23.0,1900.0,4400.0,2750.0,0.0,0.0
2024-10-28 00:00:00+05:30,323,Gaddiannaram,2,L.B Nagar,98,Cabbage,98,Common,0.0,96.0,1000.0,2000.0,1500.0,0.0,0.0
2024-10-28 00:00:00+05:30,324,Bowenpally,3,Bowenpally,55,Onions,55,Common,0.0,206.0,500.0,2500.0,2200.0,0.0,0.0
2024-10-28 00:00:00+05:30,325,Hyderabad,6,Madannapeta,98,Cabbage,98,Common,0.0,30.0,1200.0,1500.0,1350.0,0.0,0.0
2024-10-28 00:00:00+05:30,325,Hyderabad,7,Meeralamandi,98,Cabbage,98,Common,0.0,4.0,1000.0,1200.0,1100.0,0.0,0.0
2024-10-28 00:00:00+05:30,198,Luxettipet,27,Luxettipet,1,Paddy,1,Common,0.0,85.0,2350.0,2350.0,2350.0,0.0,0.0
2024-10-28 00:00:00+05:30,279,Thirumalagiri,9,Tirmalagiri,1,Paddy,237,Grade-A(IR64),0.0,7674.0,1900.0,2044.0,1952.0,0.0,0.0
2024-10-28 00:00:00+05:30,193,Inderavally,15,Indravally,5,Maize,5,Common,0.0,350.0,1850.0,2300.0,2250.0,0.0,0.0
2024-10-28 00:00:00+05:30,278,Suryapet,1091,Suryapet,1,Paddy,195,Grade-A,0.0,2573.0,1579.0,2909.0,2289.0,0.0,0.0
2024-10-28 00:00:00+05:30,259,Nelakondapally,1071,Nelakondapally,1,Paddy,275,Grade-A (Samba Masuri Old),0.0,2083.0,2280.0,2315.0,2300.0,0.0,0.0
2024-10-28 00:00:00+05:30,217,Husnabad,1127,Husnabad,1,Paddy,270,Grade-A (1010),0.0,320.0,2300.0,2300.0,2300.0,0.0,0.0
2024-10-28 00:00:00+05:30,231,Vemulawada,1126,Vemulawada,1,Paddy,237,Grade-A(IR64),0.0,644.0,2320.0,2320.0,2320.0,0.0,0.0
2024-10-28 00:00:00+05:30,306,Mahbubnagar,1326,Mahaboobnagar,1,Paddy,271,Common (Hamsa),0.0,13.0,2209.0,2780.0,2209.0,0.0,0.0
2024-10-28 00:00:00+05:30,367,Gudimalkapur,1571,Gudumalkapur,55,Onions,55,Common,0.0,222.0,700.0,2000.0,1500.0,0.0,0.0
2024-10-28 00:00:00+05:30,254,Enkoor,1589,Julurupadu,25,Cotton,25,Common,0.0,1221.0,5200.0,6660.0,6000.0,0.0,0.0
2024-10-29 00:00:00+05:30,323,Gaddiannaram,1,Gaddiannaram,76,Mango,291,Benishan,0.0,22.0,2500.0,3600.0,3050.0,0.0,0.0
2024-10-29 00:00:00+05:30,323,Gaddiannaram,2,L.B Nagar,98,Cabbage,98,Common,0.0,79.0,1000.0,2000.0,1500.0,0.0,0.0
2024-10-29 00:00:00+05:30,324,Bowenpally,3,Bowenpally,55,Onions,55,Common,0.0,1727.0,1000.0,3000.0,2500.0,0.0,0.0
2024-10-29 00:00:00+05:30,325,Hyderabad,6,Madannapeta,98,Cabbage,98,Common,0.0,20.0,1000.0,1500.0,1250.0,0.0,0.0
2024-10-28 00:00:00+05:30,301,Devarakadra,1352,Devarakadra,1,Paddy,271,Common (Hamsa),0.0,225.0,1854.0,2050.0,0.0,0.0,0.0
2024-10-28 00:00:00+05:30,329,Navabpet(MBNR),1483,Navabpet,1,Paddy,271,Common (Hamsa),0.0,19.0,2140.0,2140.0,2140.0,0.0,0.0
2024-10-29 00:00:00+05:30,325,Hyderabad,7,Meeralamandi,98,Cabbage,98,Common,0.0,4.0,1000.0,1500.0,1250.0,0.0,0.0
2024-10-29 00:00:00+05:30,279,Thirumalagiri,9,Tirmalagiri,1,Paddy,237,Grade-A(IR64),0.0,6794.0,1890.0,2078.0,2009.0,0.0,0.0
2024-10-29 00:00:00+05:30,193,Inderavally,15,Indravally,5,Maize,5,Common,0.0,100.0,1800.0,2300.0,2250.0,0.0,0.0
2024-10-29 00:00:00+05:30,278,Suryapet,1091,Suryapet,1,Paddy,195,Grade-A,0.0,1756.0,1789.0,2431.0,2329.0,0.0,0.0
2024-10-29 00:00:00+05:30,259,Nelakondapally,1071,Nelakondapally,1,Paddy,275,Grade-A (Samba Masuri Old),0.0,742.0,2280.0,2380.0,2300.0,0.0,0.0
2024-10-29 00:00:00+05:30,231,Vemulawada,1126,Vemulawada,1,Paddy,237,Grade-A(IR64),0.0,481.0,2300.0,2320.0,2300.0,0.0,0.0
2024-10-29 00:00:00+05:30,306,Mahbubnagar,1326,Mahaboobnagar,1,Paddy,271,Common (Hamsa),0.0,12.0,1909.0,1909.0,1909.0,0.0,0.0
2024-10-29 00:00:00+05:30,300,Badepally,1327,Badepally,1,Paddy,1,Common,0.0,30.0,1911.0,1911.0,1911.0,0.0,0.0
2024-10-29 00:00:00+05:30,367,Gudimalkapur,1571,Gudumalkapur,55,Onions,55,Common,0.0,3203.0,600.0,4500.0,2000.0,0.0,0.0
2024-10-30 00:00:00+05:30,323,Gaddiannaram,1,Gaddiannaram,76,Mango,291,Benishan,0.0,23.0,1650.0,5000.0,2200.0,0.0,0.0
2024-10-30 00:00:00+05:30,323,Gaddiannaram,2,L.B Nagar,98,Cabbage,98,Common,0.0,77.0,1000.0,2000.0,1500.0,0.0,0.0
2024-10-30 00:00:00+05:30,324,Bowenpally,3,Bowenpally,55,Onions,55,Common,0.0,991.0,1000.0,3000.0,2500.0,0.0,0.0
2024-10-29 00:00:00+05:30,301,Devarakadra,1352,Devarakadra,1,Paddy,271,Common (Hamsa),0.0,136.0,1889.0,2106.0,1998.0,0.0,0.0
2024-10-30 00:00:00+05:30,325,Hyderabad,6,Madannapeta,98,Cabbage,98,Common,0.0,20.0,1000.0,1200.0,1100.0,0.0,0.0
2024-10-30 00:00:00+05:30,325,Hyderabad,7,Meeralamandi,98,Cabbage,98,Common,0.0,4.0,1500.0,2000.0,1750.0,0.0,0.0
2024-10-30 00:00:00+05:30,279,Thirumalagiri,9,Tirmalagiri,1,Paddy,237,Grade-A(IR64),0.0,6653.0,1906.0,2109.0,2014.0,0.0,0.0
2024-10-29 00:00:00+05:30,254,Enkoor,1589,Julurupadu,25,Cotton,25,Common,0.0,1850.0,5600.0,6600.0,6200.0,0.0,0.0
2024-10-30 00:00:00+05:30,193,Inderavally,15,Indravally,5,Maize,5,Common,0.0,75.0,1800.0,2300.0,2250.0,0.0,0.0
2024-10-30 00:00:00+05:30,199,Mancherial,18,Mancherial,1,Paddy,195,Grade-A,0.0,100.0,2500.0,2500.0,2500.0,0.0,0.0
2024-10-30 00:00:00+05:30,259,Nelakondapally,1071,Nelakondapally,1,Paddy,275,Grade-A (Samba Masuri Old),0.0,2081.0,2280.0,2321.0,2300.0,0.0,0.0
2024-10-30 00:00:00+05:30,278,Suryapet,1091,Suryapet,1,Paddy,195,Grade-A,0.0,1842.0,1639.0,2369.0,2329.0,0.0,0.0
2024-10-30 00:00:00+05:30,231,Vemulawada,1126,Vemulawada,1,Paddy,237,Grade-A(IR64),0.0,429.0,2300.0,2320.0,2350.0,0.0,0.0
2024-10-30 00:00:00+05:30,217,Husnabad,1127,Husnabad,1,Paddy,270,Grade-A (1010),0.0,350.0,2300.0,2300.0,2300.0,0.0,0.0
2024-10-30 00:00:00+05:30,306,Mahbubnagar,1326,Mahaboobnagar,1,Paddy,271,Common (Hamsa),0.0,64.0,1912.0,2825.0,1912.0,0.0,0.0
2024-10-30 00:00:00+05:30,367,Gudimalkapur,1571,Gudumalkapur,55,Onions,55,Common,0.0,1939.0,600.0,4700.0,2000.0,0.0,0.0
2024-10-30 00:00:00+05:30,310,Shadnagar,1330,Shadnagar,1,Paddy,1,Common,0.0,35.1,2211.0,2211.0,2211.0,0.0,0.0
2024-10-31 00:00:00+05:30,323,Gaddiannaram,1,Gaddiannaram,76,Mango,291,Benishan,0.0,41.0,1650.0,5000.0,3050.0,0.0,0.0
2024-10-31 00:00:00+05:30,323,Gaddiannaram,2,L.B Nagar,98,Cabbage,98,Common,0.0,86.0,1000.0,2000.0,1500.0,0.0,0.0
2024-10-31 00:00:00+05:30,324,Bowenpally,3,Bowenpally,55,Onions,55,Common,0.0,1031.0,800.0,3000.0,2400.0,0.0,0.0
2024-10-31 00:00:00+05:30,325,Hyderabad,6,Madannapeta,98,Cabbage,98,Common,0.0,25.0,1000.0,1200.0,1100.0,0.0,0.0
2024-10-31 00:00:00+05:30,325,Hyderabad,7,Meeralamandi,98,Cabbage,98,Common,0.0,6.0,1200.0,2000.0,1600.0,0.0,0.0
2024-10-30 00:00:00+05:30,301,Devarakadra,1352,Devarakadra,1,Paddy,271,Common (Hamsa),0.0,123.0,1879.0,1932.0,1905.0,0.0,0.0
2024-10-30 00:00:00+05:30,329,Navabpet(MBNR),1483,Navabpet,1,Paddy,271,Common (Hamsa),0.0,43.0,2150.0,2212.0,2150.0,0.0,0.0
2024-10-31 00:00:00+05:30,259,Nelakondapally,1071,Nelakondapally,1,Paddy,275,Grade-A (Samba Masuri Old),0.0,2366.0,2280.0,2323.0,2300.0,0.0,0.0
2024-10-31 00:00:00+05:30,217,Husnabad,1127,Husnabad,1,Paddy,270,Grade-A (1010),0.0,26.0,2300.0,2300.0,2300.0,0.0,0.0
2024-10-31 00:00:00+05:30,367,Gudimalkapur,1571,Gudumalkapur,55,Onions,55,Common,0.0,1910.0,800.0,4500.0,2500.0,0.0,0.0
2024-10-26 00:00:00+05:30,282,Dubbaka,1215,Dubbak,1,Paddy,237,Grade-A(IR64),0.0,838.78,2330.0,2330.0,2330.0,0.0,0.0
2024-10-26 00:00:00+05:30,367,Gudimalkapur,1571,Gudumalkapur,98,Cabbage,98,Common,0.0,535.0,800.0,1500.0,1000.0,0.0,0.0
2024-10-26 00:00:00+05:30,302,Gadwal,1328,Gadwal,1,Paddy,272,Grade-A (Sonamasuri),0.0,7.0,2246.0,2246.0,2246.0,0.0,0.0
2024-10-26 00:00:00+05:30,237,Ghanpur,1188,Ghanpur,1,Paddy,240,Common (1001),0.0,840.0,2000.0,2320.0,2150.0,0.0,0.0
2024-10-26 00:00:00+05:30,238,Jangoan,1169,Jangaon,1,Paddy,237,Grade-A(IR64),0.0,6101.55,1867.0,2000.0,1949.0,0.0,0.0
2024-10-26 00:00:00+05:30,219,Jagtial,1125,Jagtial,1,Paddy,241,Grade-A (Jai Sri Ram),0.0,78.0,2525.0,2550.0,2550.0,0.0,0.0
2024-10-26 00:00:00+05:30,278,Suryapet,1091,Suryapet,1,Paddy,237,Grade-A(IR64),0.0,1932.0,1719.0,1959.0,1889.0,0.0,0.0
2024-10-25 00:00:00+05:30,377,Maddulapally,1724,Maddulapally,1,Paddy,195,Grade-A,0.0,280.0,1700.0,2300.0,2000.0,0.0,0.0
2024-10-26 00:00:00+05:30,325,Hyderabad,7,Meeralamandi,99,Cauliflower,99,Common,0.0,7.0,3000.0,3000.0,3000.0,0.0,0.0
2024-10-25 00:00:00+05:30,301,Devarakadra,1352,Devarakadra,1,Paddy,272,Grade-A (Sonamasuri),0.0,60.0,2069.0,2219.0,2144.0,0.0,0.0
2024-10-25 00:00:00+05:30,312,Wanaparthy Town,1344,W.P.Town,1,Paddy,272,Grade-A (Sonamasuri),0.0,20.0,2210.0,2210.0,2210.0,0.0,0.0
2024-10-26 00:00:00+05:30,325,Hyderabad,6,Madannapeta,99,Cauliflower,99,Common,0.0,4.0,2000.0,2000.0,2000.0,0.0,0.0
2024-10-26 00:00:00+05:30,324,Bowenpally,3,Bowenpally,98,Cabbage,98,Common,0.0,1041.0,500.0,2000.0,1600.0,0.0,0.0
2024-10-26 00:00:00+05:30,323,Gaddiannaram,2,L.B Nagar,99,Cauliflower,99,Common,0.0,13.0,2500.0,3500.0,3000.0,0.0,0.0
2024-10-25 00:00:00+05:30,367,Gudimalkapur,1571,Gudumalkapur,98,Cabbage,98,Common,0.0,523.0,400.0,1500.0,1200.0,0.0,0.0
2024-10-25 00:00:00+05:30,238,Jangoan,1169,Jangaon,1,Paddy,237,Grade-A(IR64),0.0,4829.5,1869.0,1973.0,1929.0,0.0,0.0
2024-10-25 00:00:00+05:30,237,Ghanpur,1188,Ghanpur,1,Paddy,240,Common (1001),0.0,550.0,2000.0,2320.0,2150.0,0.0,0.0
2024-10-25 00:00:00+05:30,248,Nekkonda,1192,Nekkonda,5,Maize,5,Common,0.0,20.0,2488.0,2488.0,2488.0,0.0,0.0
2024-10-25 00:00:00+05:30,282,Dubbaka,1215,Dubbak,1,Paddy,237,Grade-A(IR64),0.0,300.0,2330.0,2330.0,2330.0,0.0,0.0
2024-10-25 00:00:00+05:30,239,Kesamudram,1168,Kesamudram,1,Paddy,241,Grade-A (Jai Sri Ram),0.0,156.0,2305.0,3211.0,2543.0,0.0,0.0
2024-10-25 00:00:00+05:30,278,Suryapet,1091,Suryapet,1,Paddy,237,Grade-A(IR64),0.0,3004.0,1770.0,1964.0,1889.0,0.0,0.0
2024-10-24 00:00:00+05:30,377,Maddulapally,1724,Maddulapally,1,Paddy,195,Grade-A,0.0,550.0,1700.0,2300.0,2000.0,0.0,0.0
2024-10-25 00:00:00+05:30,325,Hyderabad,7,Meeralamandi,99,Cauliflower,99,Common,0.0,5.0,2000.0,3000.0,2500.0,0.0,0.0
2024-10-25 00:00:00+05:30,325,Hyderabad,6,Madannapeta,99,Cauliflower,99,Common,0.0,3.0,3000.0,3000.0,3000.0,0.0,0.0
2024-10-25 00:00:00+05:30,323,Gaddiannaram,2,L.B Nagar,99,Cauliflower,99,Common,0.0,5.0,2000.0,3000.0,2500.0,0.0,0.0
2024-10-24 00:00:00+05:30,367,Gudimalkapur,1571,Gudumalkapur,98,Cabbage,98,Common,0.0,421.0,600.0,2000.0,1400.0,0.0,0.0
2024-10-24 00:00:00+05:30,238,Jangoan,1169,Jangaon,1,Paddy,237,Grade-A(IR64),0.0,4826.9,1853.0,1961.0,1928.0,0.0,0.0
2024-10-24 00:00:00+05:30,282,Dubbaka,1215,Dubbak,1,Paddy,237,Grade-A(IR64),0.0,600.17,2320.0,2320.0,2320.0,0.0,0.0
2024-10-24 00:00:00+05:30,306,Mahbubnagar,1326,Mahaboobnagar,1,Paddy,272,Grade-A (Sonamasuri),0.0,16.0,2212.0,2609.0,2449.0,0.0,0.0
2024-10-24 00:00:00+05:30,239,Kesamudram,1168,Kesamudram,1,Paddy,241,Grade-A (Jai Sri Ram),0.0,227.0,2511.0,3352.0,2859.0,0.0,0.0
2024-10-24 00:00:00+05:30,278,Suryapet,1091,Suryapet,1,Paddy,237,Grade-A(IR64),0.0,2436.0,1760.0,1989.0,1863.0,0.0,0.0
2024-10-23 00:00:00+05:30,377,Maddulapally,1724,Maddulapally,1,Paddy,195,Grade-A,0.0,320.0,1700.0,2300.0,2000.0,0.0,0.0
2024-10-24 00:00:00+05:30,325,Hyderabad,6,Madannapeta,99,Cauliflower,99,Common,0.0,3.0,3000.0,3000.0,3000.0,0.0,0.0
2024-10-24 00:00:00+05:30,323,Gaddiannaram,2,L.B Nagar,99,Cauliflower,99,Common,0.0,9.0,2000.0,3000.0,2500.0,0.0,0.0
2024-10-24 00:00:00+05:30,324,Bowenpally,3,Bowenpally,98,Cabbage,98,Common,0.0,2676.0,600.0,2000.0,1800.0,0.0,0.0
2024-10-23 00:00:00+05:30,367,Gudimalkapur,1571,Gudumalkapur,98,Cabbage,98,Common,0.0,416.0,500.0,1600.0,1400.0,0.0,0.0
2024-10-23 00:00:00+05:30,301,Devarakadra,1352,Devarakadra,1,Paddy,272,Grade-A (Sonamasuri),0.0,24.0,2021.0,2021.0,2021.0,0.0,0.0
2024-10-23 00:00:00+05:30,239,Kesamudram,1168,Kesamudram,1,Paddy,241,Grade-A (Jai Sri Ram),0.0,360.0,2609.0,3519.0,3039.0,0.0,0.0
2024-10-23 00:00:00+05:30,238,Jangoan,1169,Jangaon,1,Paddy,237,Grade-A(IR64),0.0,4433.0,1850.0,1963.0,1896.0,0.0,0.0
2024-10-23 00:00:00+05:30,282,Dubbaka,1215,Dubbak,1,Paddy,237,Grade-A(IR64),0.0,821.55,2330.0,2330.0,2330.0,0.0,0.0
2024-10-23 00:00:00+05:30,278,Suryapet,1091,Suryapet,1,Paddy,237,Grade-A(IR64),0.0,3251.0,1786.0,1959.0,1882.0,0.0,0.0
2024-10-23 00:00:00+05:30,198,Luxettipet,27,Luxettipet,5,Maize,5,Common,0.0,70.0,2200.0,2200.0,2200.0,0.0,0.0
2024-10-23 00:00:00+05:30,325,Hyderabad,7,Meeralamandi,99,Cauliflower,99,Common,0.0,14.0,1800.0,2000.0,1900.0,0.0,0.0
2024-10-23 00:00:00+05:30,324,Bowenpally,3,Bowenpally,98,Cabbage,98,Common,0.0,1435.0,600.0,2200.0,1800.0,0.0,0.0
2024-10-23 00:00:00+05:30,323,Gaddiannaram,2,L.B Nagar,99,Cauliflower,99,Common,0.0,16.0,2000.0,3000.0,2500.0,0.0,0.0
2024-10-22 00:00:00+05:30,367,Gudimalkapur,1571,Gudumalkapur,98,Cabbage,98,Common,0.0,490.0,1000.0,1500.0,1400.0,0.0,0.0
2024-10-22 00:00:00+05:30,282,Dubbaka,1215,Dubbak,1,Paddy,237,Grade-A(IR64),0.0,300.0,2320.0,2320.0,2320.0,0.0,0.0
2024-10-22 00:00:00+05:30,301,Devarakadra,1352,Devarakadra,1,Paddy,272,Grade-A (Sonamasuri),0.0,41.0,2059.0,2059.0,2059.0,0.0,0.0
2024-10-22 00:00:00+05:30,239,Kesamudram,1168,Kesamudram,1,Paddy,241,Grade-A (Jai Sri Ram),0.0,487.0,2628.0,3489.0,2969.0,0.0,0.0
2024-10-22 00:00:00+05:30,238,Jangoan,1169,Jangaon,1,Paddy,237,Grade-A(IR64),0.0,8611.85,1852.0,1946.0,1906.0,0.0,0.0
2024-10-22 00:00:00+05:30,237,Ghanpur,1188,Ghanpur,1,Paddy,240,Common (1001),0.0,280.0,2000.0,2320.0,2100.0,0.0,0.0
2024-10-21 00:00:00+05:30,377,Maddulapally,1724,Maddulapally,1,Paddy,195,Grade-A,0.0,220.0,1700.0,2300.0,2000.0,0.0,0.0
2024-10-22 00:00:00+05:30,278,Suryapet,1091,Suryapet,1,Paddy,237,Grade-A(IR64),0.0,3750.0,1740.0,2016.0,1865.0,0.0,0.0
2024-10-22 00:00:00+05:30,325,Hyderabad,6,Madannapeta,99,Cauliflower,99,Common,0.0,3.0,2000.0,2000.0,2000.0,0.0,0.0
2024-10-21 00:00:00+05:30,301,Devarakadra,1352,Devarakadra,1,Paddy,272,Grade-A (Sonamasuri),0.0,13.0,2304.0,2304.0,2304.0,0.0,0.0
2024-10-22 00:00:00+05:30,324,Bowenpally,3,Bowenpally,98,Cabbage,98,Common,0.0,1875.0,500.0,2300.0,1800.0,0.0,0.0
2024-10-22 00:00:00+05:30,323,Gaddiannaram,2,L.B Nagar,99,Cauliflower,99,Common,0.0,21.0,3000.0,3500.0,3200.0,0.0,0.0
2024-10-21 00:00:00+05:30,224,Korutla,1136,Korutla,5,Maize,5,Common,0.0,300.0,2350.0,2500.0,2400.0,0.0,0.0
2024-10-21 00:00:00+05:30,239,Kesamudram,1168,Kesamudram,1,Paddy,241,Grade-A (Jai Sri Ram),0.0,564.0,2100.0,2958.0,2850.0,0.0,0.0
2024-10-21 00:00:00+05:30,237,Ghanpur,1188,Ghanpur,1,Paddy,240,Common (1001),0.0,250.0,2000.0,2320.0,2100.0,0.0,0.0
2024-10-21 00:00:00+05:30,282,Dubbaka,1215,Dubbak,1,Paddy,237,Grade-A(IR64),0.0,297.41,2320.0,2320.0,2320.0,0.0,0.0
2024-10-21 00:00:00+05:30,367,Gudimalkapur,1571,Gudumalkapur,98,Cabbage,98,Common,0.0,480.0,600.0,1500.0,1000.0,0.0,0.0
2024-10-21 00:00:00+05:30,278,Suryapet,1091,Suryapet,1,Paddy,237,Grade-A(IR64),0.0,7065.0,1706.0,1991.0,1889.0,0.0,0.0
2024-10-21 00:00:00+05:30,325,Hyderabad,7,Meeralamandi,99,Cauliflower,99,Common,0.0,9.0,3000.0,3000.0,3000.0,0.0,0.0
2024-10-21 00:00:00+05:30,325,Hyderabad,5,Mahabubmansion,54,Chillies(Dry),264,G.T,0.0,285.0,10000.0,13500.0,12000.0,0.0,0.0
2024-10-21 00:00:00+05:30,324,Bowenpally,3,Bowenpally,98,Cabbage,98,Common,0.0,1383.0,600.0,2200.0,1800.0,0.0,0.0
2024-10-21 00:00:00+05:30,323,Gaddiannaram,2,L.B Nagar,99,Cauliflower,99,Common,0.0,15.0,3000.0,3500.0,3200.0,0.0,0.0
2024-10-20 00:00:00+05:30,367,Gudimalkapur,1571,Gudumalkapur,98,Cabbage,98,Common,0.0,502.0,1200.0,2000.0,1500.0,0.0,0.0
2024-10-20 00:00:00+05:30,325,Hyderabad,7,Meeralamandi,99,Cauliflower,99,Common,0.0,4.0,4000.0,4000.0,4000.0,0.0,0.0
2024-10-20 00:00:00+05:30,325,Hyderabad,6,Madannapeta,99,Cauliflower,99,Common,0.0,8.0,2500.0,2500.0,2500.0,0.0,0.0
2024-10-20 00:00:00+05:30,323,Gaddiannaram,2,L.B Nagar,99,Cauliflower,99,Common,0.0,12.0,2000.0,3000.0,2500.0,0.0,0.0
2024-10-20 00:00:00+05:30,324,Bowenpally,3,Bowenpally,98,Cabbage,98,Common,0.0,2539.0,1000.0,2300.0,2000.0,0.0,0.0
2024-10-19 00:00:00+05:30,237,Ghanpur,1188,Ghanpur,1,Paddy,240,Common (1001),0.0,1230.0,2100.0,2320.0,2200.0,0.0,0.0
2024-10-19 00:00:00+05:30,367,Gudimalkapur,1571,Gudumalkapur,98,Cabbage,98,Common,0.0,450.0,600.0,1500.0,800.0,0.0,0.0
2024-10-19 00:00:00+05:30,238,Jangoan,1169,Jangaon,1,Paddy,237,Grade-A(IR64),0.0,6691.75,1851.0,1971.0,1911.0,0.0,0.0
2024-10-19 00:00:00+05:30,283,Gajwel,1201,Gajwel,5,Maize,5,Common,0.0,200.9,2350.0,2400.0,2380.0,0.0,0.0
2024-10-19 00:00:00+05:30,278,Suryapet,1091,Suryapet,1,Paddy,237,Grade-A(IR64),0.0,3544.0,1406.0,2019.0,1926.0,0.0,0.0
2024-10-18 00:00:00+05:30,377,Maddulapally,1724,Maddulapally,1,Paddy,195,Grade-A,0.0,220.0,1700.0,2300.0,2000.0,0.0,0.0
2024-10-19 00:00:00+05:30,325,Hyderabad,7,Meeralamandi,99,Cauliflower,99,Common,0.0,12.0,2500.0,3000.0,2750.0,0.0,0.0
2024-10-19 00:00:00+05:30,325,Hyderabad,6,Madannapeta,99,Cauliflower,99,Common,0.0,6.0,2000.0,2000.0,2000.0,0.0,0.0
2024-10-19 00:00:00+05:30,325,Hyderabad,5,Mahabubmansion,54,Chillies(Dry),264,G.T,0.0,59.0,1000.0,1200.0,11000.0,0.0,0.0
2024-10-19 00:00:00+05:30,323,Gaddiannaram,2,L.B Nagar,99,Cauliflower,99,Common,0.0,25.0,2000.0,3000.0,2500.0,0.0,0.0
2024-10-19 00:00:00+05:30,324,Bowenpally,3,Bowenpally,98,Cabbage,98,Common,0.0,1252.0,500.0,2300.0,1800.0,0.0,0.0
2024-10-18 00:00:00+05:30,367,Gudimalkapur,1571,Gudumalkapur,98,Cabbage,98,Common,0.0,362.0,800.0,1800.0,1200.0,0.0,0.0
2024-10-18 00:00:00+05:30,238,Jangoan,1169,Jangaon,1,Paddy,237,Grade-A(IR64),0.0,5831.8,1855.0,1956.0,1929.0,0.0,0.0
2024-10-18 00:00:00+05:30,283,Gajwel,1201,Gajwel,5,Maize,5,Common,0.0,84.18,2300.0,2350.0,2320.0,0.0,0.0
2024-10-18 00:00:00+05:30,239,Kesamudram,1168,Kesamudram,1,Paddy,241,Grade-A (Jai Sri Ram),0.0,58.0,2851.0,3451.0,3253.0,0.0,0.0
2024-10-18 00:00:00+05:30,278,Suryapet,1091,Suryapet,1,Paddy,237,Grade-A(IR64),0.0,2358.0,1830.0,2016.0,1929.0,0.0,0.0
2024-10-18 00:00:00+05:30,325,Hyderabad,7,Meeralamandi,99,Cauliflower,99,Common,0.0,8.0,2000.0,2500.0,2250.0,0.0,0.0
2024-10-18 00:00:00+05:30,325,Hyderabad,6,Madannapeta,99,Cauliflower,99,Common,0.0,8.0,2500.0,2500.0,2500.0,0.0,0.0
2024-10-18 00:00:00+05:30,325,Hyderabad,5,Mahabubmansion,54,Chillies(Dry),264,G.T,0.0,55.0,11000.0,13000.0,12000.0,0.0,0.0
2024-10-17 00:00:00+05:30,283,Gajwel,1201,Gajwel,5,Maize,5,Common,0.0,80.36,2290.0,2320.0,2300.0,0.0,0.0
2024-10-18 00:00:00+05:30,323,Gaddiannaram,2,L.B Nagar,99,Cauliflower,99,Common,0.0,24.0,2000.0,3000.0,2500.0,0.0,0.0
2024-10-18 00:00:00+05:30,324,Bowenpally,3,Bowenpally,98,Cabbage,98,Common,0.0,1332.0,600.0,2200.0,1800.0,0.0,0.0
2024-10-17 00:00:00+05:30,367,Gudimalkapur,1571,Gudumalkapur,98,Cabbage,98,Common,0.0,528.0,400.0,2000.0,1200.0,0.0,0.0
2024-10-17 00:00:00+05:30,278,Suryapet,1091,Suryapet,1,Paddy,237,Grade-A(IR64),0.0,3068.0,1856.0,1989.0,1919.0,0.0,0.0
2024-10-17 00:00:00+05:30,325,Hyderabad,7,Meeralamandi,99,Cauliflower,99,Common,0.0,9.0,2000.0,3000.0,2500.0,0.0,0.0
2024-10-17 00:00:00+05:30,325,Hyderabad,5,Mahabubmansion,54,Chillies(Dry),264,G.T,0.0,51.0,10000.0,12000.0,11000.0,0.0,0.0
2024-10-17 00:00:00+05:30,325,Hyderabad,6,Madannapeta,99,Cauliflower,99,Common,0.0,3.0,2000.0,2000.0,2000.0,0.0,0.0
2024-10-17 00:00:00+05:30,323,Gaddiannaram,2,L.B Nagar,99,Cauliflower,99,Common,0.0,16.0,3000.0,3500.0,3200.0,0.0,0.0
2024-10-17 00:00:00+05:30,324,Bowenpally,3,Bowenpally,98,Cabbage,98,Common,0.0,1155.0,600.0,2300.0,2000.0,0.0,0.0
2024-10-16 00:00:00+05:30,367,Gudimalkapur,1571,Gudumalkapur,98,Cabbage,98,Common,0.0,421.0,1000.0,2000.0,1200.0,0.0,0.0
2024-10-16 00:00:00+05:30,283,Gajwel,1201,Gajwel,5,Maize,5,Common,0.0,49.4,2350.0,2360.0,2355.0,0.0,0.0
2024-10-16 00:00:00+05:30,238,Jangoan,1169,Jangaon,1,Paddy,237,Grade-A(IR64),0.0,7481.5,1851.0,1986.0,1929.0,0.0,0.0
2024-10-16 00:00:00+05:30,239,Kesamudram,1168,Kesamudram,1,Paddy,241,Grade-A (Jai Sri Ram),0.0,85.0,2819.0,3422.0,3139.0,0.0,0.0
2024-10-16 00:00:00+05:30,237,Ghanpur,1188,Ghanpur,1,Paddy,240,Common (1001),0.0,500.0,2000.0,2300.0,2200.0,0.0,0.0
2024-10-16 00:00:00+05:30,278,Suryapet,1091,Suryapet,1,Paddy,237,Grade-A(IR64),0.0,1668.0,1806.0,1982.0,1959.0,0.0,0.0
2024-10-16 00:00:00+05:30,325,Hyderabad,7,Meeralamandi,99,Cauliflower,99,Common,0.0,12.0,3000.0,3500.0,3250.0,0.0,0.0
2024-10-16 00:00:00+05:30,325,Hyderabad,6,Madannapeta,99,Cauliflower,99,Common,0.0,6.0,2000.0,2000.0,2000.0,0.0,0.0
2024-10-16 00:00:00+05:30,325,Hyderabad,5,Mahabubmansion,54,Chillies(Dry),264,G.T,0.0,55.0,11000.0,13000.0,12000.0,0.0,0.0
2024-10-16 00:00:00+05:30,324,Bowenpally,3,Bowenpally,98,Cabbage,98,Common,0.0,1361.0,600.0,2200.0,1500.0,0.0,0.0
2024-10-16 00:00:00+05:30,323,Gaddiannaram,2,L.B Nagar,99,Cauliflower,99,Common,0.0,16.0,3000.0,4000.0,3500.0,0.0,0.0
2024-10-15 00:00:00+05:30,301,Devarakadra,1352,Devarakadra,1,Paddy,272,Grade-A (Sonamasuri),0.0,6.0,2229.0,2229.0,2229.0,0.0,0.0
2024-10-15 00:00:00+05:30,283,Gajwel,1201,Gajwel,5,Maize,5,Common,0.0,46.0,2290.0,2350.0,2320.0,0.0,0.0
2024-10-15 00:00:00+05:30,367,Gudimalkapur,1571,Gudumalkapur,98,Cabbage,98,Common,0.0,416.0,1200.0,2000.0,1500.0,0.0,0.0
2024-10-15 00:00:00+05:30,239,Kesamudram,1168,Kesamudram,1,Paddy,241,Grade-A (Jai Sri Ram),0.0,105.0,2816.0,3456.0,2856.0,0.0,0.0
2024-10-15 00:00:00+05:30,231,Vemulawada,1126,Vemulawada,1,Paddy,240,Common (1001),0.0,85.0,2300.0,2320.0,2300.0,0.0,0.0
2024-10-15 00:00:00+05:30,238,Jangoan,1169,Jangaon,1,Paddy,237,Grade-A(IR64),0.0,5039.45,1859.0,1979.0,1971.0,0.0,0.0
2024-10-15 00:00:00+05:30,278,Suryapet,1091,Suryapet,1,Paddy,237,Grade-A(IR64),0.0,724.0,1766.0,1976.0,1959.0,0.0,0.0
2024-10-14 00:00:00+05:30,346,Rudrangi,1583,Rudrangi,1,Paddy,237,Grade-A(IR64),0.0,602.0,2300.0,2320.0,2320.0,0.0,0.0
2024-10-15 00:00:00+05:30,325,Hyderabad,7,Meeralamandi,99,Cauliflower,99,Common,0.0,10.0,3000.0,3000.0,3000.0,0.0,0.0
2024-10-15 00:00:00+05:30,325,Hyderabad,5,Mahabubmansion,54,Chillies(Dry),264,G.T,0.0,70.0,12000.0,14000.0,13000.0,0.0,0.0
2024-10-15 00:00:00+05:30,325,Hyderabad,6,Madannapeta,99,Cauliflower,99,Common,0.0,3.0,3000.0,3000.0,3000.0,0.0,0.0
2024-10-15 00:00:00+05:30,324,Bowenpally,3,Bowenpally,98,Cabbage,98,Common,0.0,1860.0,500.0,2000.0,1600.0,0.0,0.0
2024-10-15 00:00:00+05:30,323,Gaddiannaram,2,L.B Nagar,99,Cauliflower,99,Common,0.0,30.0,3000.0,3500.0,3200.0,0.0,0.0
2024-10-14 00:00:00+05:30,367,Gudimalkapur,1571,Gudumalkapur,98,Cabbage,98,Common,0.0,292.0,1000.0,1500.0,1500.0,0.0,0.0
2024-10-14 00:00:00+05:30,238,Jangoan,1169,Jangaon,1,Paddy,237,Grade-A(IR64),0.0,3850.6,1859.0,1976.0,1879.0,0.0,0.0
2024-10-14 00:00:00+05:30,248,Nekkonda,1192,Nekkonda,5,Maize,5,Common,0.0,20.0,2397.0,2381.0,2381.0,0.0,0.0
2024-10-14 00:00:00+05:30,278,Suryapet,1091,Suryapet,1,Paddy,237,Grade-A(IR64),0.0,1416.0,1786.0,1979.0,1969.0,0.0,0.0
2024-10-14 00:00:00+05:30,325,Hyderabad,7,Meeralamandi,99,Cauliflower,99,Common,0.0,11.0,2500.0,3000.0,2750.0,0.0,0.0
2024-10-14 00:00:00+05:30,325,Hyderabad,6,Madannapeta,99,Cauliflower,99,Common,0.0,4.0,3000.0,3000.0,3000.0,0.0,0.0
2024-10-14 00:00:00+05:30,325,Hyderabad,5,Mahabubmansion,54,Chillies(Dry),264,G.T,0.0,81.0,11000.0,13000.0,12700.0,0.0,0.0
2024-10-14 00:00:00+05:30,323,Gaddiannaram,2,L.B Nagar,99,Cauliflower,99,Common,0.0,11.0,3000.0,4000.0,3500.0,0.0,0.0
2024-10-14 00:00:00+05:30,324,Bowenpally,3,Bowenpally,98,Cabbage,98,Common,0.0,1038.0,500.0,2000.0,1600.0,0.0,0.0
2024-10-13 00:00:00+05:30,367,Gudimalkapur,1571,Gudumalkapur,98,Cabbage,98,Common,0.0,165.0,1000.0,400.0,1500.0,0.0,0.0
2024-10-13 00:00:00+05:30,324,Bowenpally,3,Bowenpally,98,Cabbage,98,Common,0.0,497.0,1000.0,2000.0,1800.0,0.0,0.0
2024-10-12 00:00:00+05:30,367,Gudimalkapur,1571,Gudumalkapur,98,Cabbage,98,Common,0.0,305.0,1000.0,1500.0,1000.0,0.0,0.0
2024-10-12 00:00:00+05:30,224,Korutla,1136,Korutla,5,Maize,5,Common,0.0,100.0,2400.0,2400.0,2400.0,0.0,0.0
2024-10-12 00:00:00+05:30,325,Hyderabad,7,Meeralamandi,99,Cauliflower,99,Common,0.0,4.0,4000.0,4000.0,4000.0,0.0,0.0
2024-10-12 00:00:00+05:30,325,Hyderabad,6,Madannapeta,99,Cauliflower,99,Common,0.0,7.0,3000.0,4000.0,3500.0,0.0,0.0
2024-10-12 00:00:00+05:30,324,Bowenpally,3,Bowenpally,98,Cabbage,98,Common,0.0,470.0,400.0,2000.0,1600.0,0.0,0.0
2024-10-12 00:00:00+05:30,323,Gaddiannaram,2,L.B Nagar,99,Cauliflower,99,Common,0.0,10.0,2500.0,3500.0,3000.0,0.0,0.0
2024-10-11 00:00:00+05:30,367,Gudimalkapur,1571,Gudumalkapur,98,Cabbage,98,Common,0.0,133.0,600.0,1200.0,1000.0,0.0,0.0
2024-10-11 00:00:00+05:30,325,Hyderabad,7,Meeralamandi,99,Cauliflower,99,Common,0.0,9.0,2000.0,3000.0,2500.0,0.0,0.0
2024-10-11 00:00:00+05:30,325,Hyderabad,5,Mahabubmansion,54,Chillies(Dry),264,G.T,0.0,180.0,10000.0,14000.0,12000.0,0.0,0.0
2024-10-11 00:00:00+05:30,323,Gaddiannaram,2,L.B Nagar,99,Cauliflower,99,Common,0.0,16.0,3000.0,3500.0,3200.0,0.0,0.0
2024-10-11 00:00:00+05:30,324,Bowenpally,3,Bowenpally,98,Cabbage,98,Common,0.0,647.0,600.0,2000.0,1700.0,0.0,0.0
2024-10-10 00:00:00+05:30,367,Gudimalkapur,1571,Gudumalkapur,98,Cabbage,98,Common,0.0,330.0,900.0,1200.0,1000.0,0.0,0.0
2024-10-10 00:00:00+05:30,282,Dubbaka,1215,Dubbak,1,Paddy,237,Grade-A(IR64),0.0,560.34,2320.0,2320.0,2320.0,0.0,0.0
2024-10-10 00:00:00+05:30,325,Hyderabad,7,Meeralamandi,99,Cauliflower,99,Common,0.0,10.0,3000.0,3000.0,3000.0,0.0,0.0
2024-10-10 00:00:00+05:30,325,Hyderabad,5,Mahabubmansion,54,Chillies(Dry),264,G.T,0.0,32.0,11000.0,13000.0,12000.0,0.0,0.0
2024-10-10 00:00:00+05:30,325,Hyderabad,6,Madannapeta,99,Cauliflower,99,Common,0.0,7.0,3000.0,4000.0,3500.0,0.0,0.0
2024-10-10 00:00:00+05:30,323,Gaddiannaram,2,L.B Nagar,99,Cauliflower,99,Common,0.0,17.0,3000.0,4000.0,3500.0,0.0,0.0
2024-10-10 00:00:00+05:30,324,Bowenpally,3,Bowenpally,98,Cabbage,98,Common,0.0,788.0,800.0,2000.0,1600.0,0.0,0.0
2024-10-09 00:00:00+05:30,248,Nekkonda,1192,Nekkonda,5,Maize,5,Common,0.0,130.0,2340.0,2397.0,2390.0,0.0,0.0
2024-10-09 00:00:00+05:30,282,Dubbaka,1215,Dubbak,1,Paddy,237,Grade-A(IR64),0.0,547.39,2320.0,2320.0,2320.0,0.0,0.0
2024-10-09 00:00:00+05:30,367,Gudimalkapur,1571,Gudumalkapur,98,Cabbage,98,Common,0.0,214.0,800.0,1200.0,1000.0,0.0,0.0
2024-10-09 00:00:00+05:30,238,Jangoan,1169,Jangaon,1,Paddy,237,Grade-A(IR64),0.0,4025.1,1851.0,1979.0,1961.0,0.0,0.0
2024-10-09 00:00:00+05:30,239,Kesamudram,1168,Kesamudram,1,Paddy,241,Grade-A (Jai Sri Ram),0.0,58.0,2800.0,3621.0,2819.0,0.0,0.0
2024-10-09 00:00:00+05:30,325,Hyderabad,7,Meeralamandi,99,Cauliflower,99,Common,0.0,13.0,1500.0,3000.0,2250.0,0.0,0.0
2024-10-09 00:00:00+05:30,325,Hyderabad,6,Madannapeta,99,Cauliflower,99,Common,0.0,2.0,3500.0,3500.0,3500.0,0.0,0.0
2024-10-09 00:00:00+05:30,324,Bowenpally,3,Bowenpally,98,Cabbage,98,Common,0.0,1075.0,800.0,1800.0,1600.0,0.0,0.0
2024-10-09 00:00:00+05:30,325,Hyderabad,5,Mahabubmansion,54,Chillies(Dry),264,G.T,0.0,20.0,1000.0,14000.0,12000.0,0.0,0.0
2024-10-09 00:00:00+05:30,323,Gaddiannaram,2,L.B Nagar,99,Cauliflower,99,Common,0.0,15.0,3000.0,4000.0,3500.0,0.0,0.0
2024-10-08 00:00:00+05:30,367,Gudimalkapur,1571,Gudumalkapur,98,Cabbage,98,Common,0.0,331.0,800.0,1400.0,1000.0,0.0,0.0
2024-10-08 00:00:00+05:30,248,Nekkonda,1192,Nekkonda,5,Maize,5,Common,0.0,41.0,2360.0,2415.0,2415.0,0.0,0.0
2024-10-08 00:00:00+05:30,238,Jangoan,1169,Jangaon,1,Paddy,237,Grade-A(IR64),0.0,5911.1,1861.0,1971.0,1871.0,0.0,0.0
2024-10-08 00:00:00+05:30,239,Kesamudram,1168,Kesamudram,1,Paddy,241,Grade-A (Jai Sri Ram),0.0,363.0,2759.0,3551.0,2853.0,0.0,0.0
2024-10-08 00:00:00+05:30,283,Gajwel,1201,Gajwel,5,Maize,5,Common,0.0,50.0,2200.0,2350.0,2300.0,0.0,0.0
2024-10-08 00:00:00+05:30,282,Dubbaka,1215,Dubbak,1,Paddy,237,Grade-A(IR64),0.0,250.0,2320.0,2320.0,2320.0,0.0,0.0
2024-10-08 00:00:00+05:30,325,Hyderabad,7,Meeralamandi,99,Cauliflower,99,Common,0.0,8.0,2500.0,4000.0,3250.0,0.0,0.0
2024-10-08 00:00:00+05:30,325,Hyderabad,5,Mahabubmansion,54,Chillies(Dry),264,G.T,0.0,40.0,10000.0,12000.0,11000.0,0.0,0.0
2024-10-08 00:00:00+05:30,325,Hyderabad,6,Madannapeta,99,Cauliflower,99,Common,0.0,3.0,2000.0,2000.0,2000.0,0.0,0.0
2024-10-08 00:00:00+05:30,324,Bowenpally,3,Bowenpally,98,Cabbage,98,Common,0.0,1712.0,500.0,1800.0,1500.0,0.0,0.0
2024-10-08 00:00:00+05:30,323,Gaddiannaram,2,L.B Nagar,99,Cauliflower,99,Common,0.0,19.0,3000.0,4000.0,3500.0,0.0,0.0
2024-10-07 00:00:00+05:30,367,Gudimalkapur,1571,Gudumalkapur,98,Cabbage,98,Common,0.0,431.0,500.0,1200.0,1000.0,0.0,0.0
2024-10-07 00:00:00+05:30,248,Nekkonda,1192,Nekkonda,5,Maize,5,Common,0.0,423.0,2369.0,2450.0,2435.0,0.0,0.0
2024-10-07 00:00:00+05:30,283,Gajwel,1201,Gajwel,5,Maize,5,Common,0.0,20.0,2200.0,2400.0,2300.0,0.0,0.0
2024-10-07 00:00:00+05:30,278,Suryapet,1091,Suryapet,1,Paddy,237,Grade-A(IR64),0.0,445.0,1773.0,2061.0,1932.0,0.0,0.0
2024-10-07 00:00:00+05:30,219,Jagtial,1125,Jagtial,1,Paddy,241,Grade-A (Jai Sri Ram),0.0,6.0,1907.0,1907.0,1907.0,0.0,0.0
2024-10-07 00:00:00+05:30,239,Kesamudram,1168,Kesamudram,1,Paddy,241,Grade-A (Jai Sri Ram),0.0,229.0,2820.0,3121.0,2848.0,0.0,0.0
2024-10-07 00:00:00+05:30,238,Jangoan,1169,Jangaon,1,Paddy,237,Grade-A(IR64),0.0,5190.9,1859.0,2016.0,1869.0,0.0,0.0
2024-10-07 00:00:00+05:30,325,Hyderabad,7,Meeralamandi,99,Cauliflower,99,Common,0.0,17.0,2500.0,3000.0,2750.0,0.0,0.0
2024-10-07 00:00:00+05:30,323,Gaddiannaram,2,L.B Nagar,99,Cauliflower,99,Common,0.0,19.0,3000.0,4000.0,3500.0,0.0,0.0
2024-10-06 00:00:00+05:30,282,Dubbaka,1215,Dubbak,1,Paddy,237,Grade-A(IR64),0.0,280.7,2330.0,2330.0,2330.0,0.0,0.0
2024-10-07 00:00:00+05:30,324,Bowenpally,3,Bowenpally,98,Cabbage,98,Common,0.0,1314.0,400.0,1800.0,1400.0,0.0,0.0
2024-10-06 00:00:00+05:30,367,Gudimalkapur,1571,Gudumalkapur,98,Cabbage,98,Common,0.0,424.0,800.0,1200.0,800.0,0.0,0.0
2024-10-06 00:00:00+05:30,283,Gajwel,1201,Gajwel,5,Maize,5,Common,0.0,30.0,2200.0,2400.0,2300.0,0.0,0.0
2024-10-06 00:00:00+05:30,325,Hyderabad,7,Meeralamandi,99,Cauliflower,99,Common,0.0,10.0,4000.0,4000.0,4000.0,0.0,0.0
2024-10-06 00:00:00+05:30,325,Hyderabad,6,Madannapeta,99,Cauliflower,99,Common,0.0,6.0,2000.0,4000.0,3000.0,0.0,0.0
2024-10-06 00:00:00+05:30,324,Bowenpally,3,Bowenpally,98,Cabbage,98,Common,0.0,1667.0,800.0,1600.0,1400.0,0.0,0.0
2024-10-06 00:00:00+05:30,323,Gaddiannaram,2,L.B Nagar,99,Cauliflower,99,Common,0.0,12.0,3000.0,4000.0,3500.0,0.0,0.0
2024-10-05 00:00:00+05:30,283,Gajwel,1201,Gajwel,5,Maize,5,Common,0.0,25.0,2200.0,2400.0,2300.0,0.0,0.0
2024-10-05 00:00:00+05:30,367,Gudimalkapur,1571,Gudumalkapur,98,Cabbage,98,Common,0.0,708.0,600.0,1300.0,800.0,0.0,0.0
2024-10-05 00:00:00+05:30,238,Jangoan,1169,Jangaon,1,Paddy,237,Grade-A(IR64),0.0,4686.5,1860.0,2016.0,1929.0,0.0,0.0
2024-10-05 00:00:00+05:30,248,Nekkonda,1192,Nekkonda,5,Maize,5,Common,0.0,133.0,2450.0,2476.0,2464.0,0.0,0.0
2024-10-05 00:00:00+05:30,278,Suryapet,1091,Suryapet,1,Paddy,237,Grade-A(IR64),0.0,440.0,1873.0,2136.0,1914.0,0.0,0.0
2024-10-05 00:00:00+05:30,325,Hyderabad,7,Meeralamandi,99,Cauliflower,99,Common,0.0,8.0,3000.0,4000.0,3500.0,0.0,0.0
2024-10-05 00:00:00+05:30,325,Hyderabad,6,Madannapeta,99,Cauliflower,99,Common,0.0,6.0,1500.0,1500.0,1500.0,0.0,0.0
2024-10-05 00:00:00+05:30,323,Gaddiannaram,2,L.B Nagar,99,Cauliflower,99,Common,0.0,25.0,2500.0,3000.0,2700.0,0.0,0.0
2024-10-05 00:00:00+05:30,324,Bowenpally,3,Bowenpally,98,Cabbage,98,Common,0.0,1464.0,500.0,1800.0,1500.0,0.0,0.0
2024-10-04 00:00:00+05:30,367,Gudimalkapur,1571,Gudumalkapur,98,Cabbage,98,Common,0.0,304.0,400.0,1200.0,800.0,0.0,0.0
2024-10-04 00:00:00+05:30,283,Gajwel,1201,Gajwel,5,Maize,5,Common,0.0,15.0,2200.0,2400.0,2350.0,0.0,0.0
2024-10-04 00:00:00+05:30,278,Suryapet,1091,Suryapet,1,Paddy,237,Grade-A(IR64),0.0,417.0,1856.0,2036.0,1976.0,0.0,0.0
2024-10-04 00:00:00+05:30,238,Jangoan,1169,Jangaon,1,Paddy,237,Grade-A(IR64),0.0,4368.65,1859.0,2091.0,1919.0,0.0,0.0
2024-10-04 00:00:00+05:30,248,Nekkonda,1192,Nekkonda,5,Maize,5,Common,0.0,65.0,2464.0,2470.0,2465.0,0.0,0.0
2024-10-04 00:00:00+05:30,325,Hyderabad,7,Meeralamandi,99,Cauliflower,99,Common,0.0,7.0,2200.0,4000.0,3100.0,0.0,0.0
2024-10-04 00:00:00+05:30,325,Hyderabad,6,Madannapeta,99,Cauliflower,99,Common,0.0,6.0,2000.0,4000.0,3000.0,0.0,0.0
2024-10-04 00:00:00+05:30,325,Hyderabad,5,Mahabubmansion,54,Chillies(Dry),264,G.T,0.0,41.0,1100.0,12500.0,12000.0,0.0,0.0
2024-10-04 00:00:00+05:30,324,Bowenpally,3,Bowenpally,98,Cabbage,98,Common,0.0,1436.0,400.0,1800.0,1500.0,0.0,0.0
2024-10-04 00:00:00+05:30,323,Gaddiannaram,2,L.B Nagar,99,Cauliflower,99,Common,0.0,22.0,2500.0,3000.0,2700.0,0.0,0.0
2024-10-03 00:00:00+05:30,367,Gudimalkapur,1571,Gudumalkapur,98,Cabbage,98,Common,0.0,554.0,400.0,1200.0,800.0,0.0,0.0
2024-10-03 00:00:00+05:30,248,Nekkonda,1192,Nekkonda,5,Maize,5,Common,0.0,172.0,2464.0,2470.0,2468.0,0.0,0.0
2024-10-03 00:00:00+05:30,238,Jangoan,1169,Jangaon,1,Paddy,237,Grade-A(IR64),0.0,3398.2,1859.0,2121.0,2111.0,0.0,0.0
2024-10-03 00:00:00+05:30,239,Kesamudram,1168,Kesamudram,1,Paddy,241,Grade-A (Jai Sri Ram),0.0,125.0,3001.0,3551.0,3065.0,0.0,0.0
2024-10-03 00:00:00+05:30,292,Zaheerabad,1198,Zaheerabad,3,Wheat,3,Common,0.0,1.5,2021.0,2021.0,2021.0,0.0,0.0
2024-10-03 00:00:00+05:30,283,Gajwel,1201,Gajwel,5,Maize,5,Common,0.0,25.0,2300.0,2450.0,2400.0,0.0,0.0
2024-10-03 00:00:00+05:30,282,Dubbaka,1215,Dubbak,1,Paddy,237,Grade-A(IR64),0.0,82.94,2203.0,2203.0,2203.0,0.0,0.0
2024-10-03 00:00:00+05:30,325,Hyderabad,7,Meeralamandi,99,Cauliflower,99,Common,0.0,8.0,3000.0,3000.0,3000.0,0.0,0.0
2024-10-03 00:00:00+05:30,325,Hyderabad,6,Madannapeta,99,Cauliflower,99,Common,0.0,17.0,1500.0,4000.0,3500.0,0.0,0.0
2024-10-03 00:00:00+05:30,325,Hyderabad,5,Mahabubmansion,54,Chillies(Dry),264,G.T,0.0,187.0,1100.0,13000.0,12000.0,0.0,0.0
2024-10-03 00:00:00+05:30,324,Bowenpally,3,Bowenpally,98,Cabbage,98,Common,0.0,1352.0,600.0,1600.0,1400.0,0.0,0.0
2024-10-03 00:00:00+05:30,323,Gaddiannaram,2,L.B Nagar,99,Cauliflower,99,Common,0.0,23.0,2000.0,2500.0,2200.0,0.0,0.0
2024-10-01 00:00:00+05:30,367,Gudimalkapur,1571,Gudumalkapur,98,Cabbage,98,Common,0.0,382.0,600.0,1000.0,800.0,0.0,0.0
2024-10-01 00:00:00+05:30,248,Nekkonda,1192,Nekkonda,5,Maize,5,Common,0.0,132.0,2200.0,2480.0,2448.0,0.0,0.0
2024-10-01 00:00:00+05:30,238,Jangoan,1169,Jangaon,1,Paddy,237,Grade-A(IR64),0.0,3467.1,1959.0,2089.0,2041.0,0.0,0.0
2024-10-01 00:00:00+05:30,239,Kesamudram,1168,Kesamudram,1,Paddy,241,Grade-A (Jai Sri Ram),0.0,564.0,2225.0,3512.0,3079.0,0.0,0.0
2024-10-01 00:00:00+05:30,219,Jagtial,1125,Jagtial,1,Paddy,241,Grade-A (Jai Sri Ram),0.0,1.0,1903.0,1903.0,1903.0,0.0,0.0
2024-10-01 00:00:00+05:30,325,Hyderabad,5,Mahabubmansion,54,Chillies(Dry),264,G.T,0.0,113.0,11000.0,13000.0,12000.0,0.0,0.0
2024-10-01 00:00:00+05:30,323,Gaddiannaram,2,L.B Nagar,99,Cauliflower,99,Common,0.0,17.0,2000.0,2500.0,2200.0,0.0,0.0
2024-10-01 00:00:00+05:30,324,Bowenpally,3,Bowenpally,98,Cabbage,98,Common,0.0,1898.0,500.0,1600.0,1300.0,0.0,0.0
2024-10-31 00:00:00+05:30,367,Gudimalkapur,1571,Gudumalkapur,98,Cabbage,98,Common,0.0,377.0,1000.0,1400.0,1200.0,0.0,0.0
2024-10-30 00:00:00+05:30,301,Devarakadra,1352,Devarakadra,1,Paddy,272,Grade-A (Sonamasuri),0.0,1921.0,1922.0,2262.0,2092.0,0.0,0.0
2024-10-31 00:00:00+05:30,325,Hyderabad,7,Meeralamandi,99,Cauliflower,99,Common,0.0,9.0,1500.0,2000.0,1750.0,0.0,0.0
2024-10-31 00:00:00+05:30,325,Hyderabad,6,Madannapeta,99,Cauliflower,99,Common,0.0,3.0,2000.0,2000.0,2000.0,0.0,0.0
2024-10-31 00:00:00+05:30,324,Bowenpally,3,Bowenpally,98,Cabbage,98,Common,0.0,1355.0,400.0,2300.0,1800.0,0.0,0.0
2024-10-31 00:00:00+05:30,323,Gaddiannaram,2,L.B Nagar,99,Cauliflower,99,Common,0.0,20.0,2000.0,3000.0,2500.0,0.0,0.0
2024-10-30 00:00:00+05:30,300,Badepally,1327,Badepally,1,Paddy,195,Grade-A,0.0,13.0,1741.0,1741.0,1741.0,0.0,0.0
2024-10-30 00:00:00+05:30,302,Gadwal,1328,Gadwal,1,Paddy,272,Grade-A (Sonamasuri),0.0,73.0,2064.0,2279.0,2256.0,0.0,0.0
2024-10-29 00:00:00+05:30,282,Dubbaka,1215,Dubbak,1,Paddy,237,Grade-A(IR64),0.0,1116.0,2320.0,2320.0,2320.0,0.0,0.0
2024-10-30 00:00:00+05:30,367,Gudimalkapur,1571,Gudumalkapur,98,Cabbage,98,Common,0.0,408.0,900.0,1500.0,1000.0,0.0,0.0
2024-10-30 00:00:00+05:30,306,Mahbubnagar,1326,Mahaboobnagar,1,Paddy,272,Grade-A (Sonamasuri),0.0,32.0,1802.0,2101.0,2101.0,0.0,0.0
2024-10-30 00:00:00+05:30,237,Ghanpur,1188,Ghanpur,1,Paddy,240,Common (1001),0.0,250.0,2000.0,2320.0,2150.0,0.0,0.0
2024-10-30 00:00:00+05:30,224,Korutla,1136,Korutla,5,Maize,5,Common,0.0,350.0,2300.0,2400.0,2350.0,0.0,0.0
2024-10-30 00:00:00+05:30,278,Suryapet,1091,Suryapet,1,Paddy,237,Grade-A(IR64),0.0,2997.0,1786.0,2096.0,1959.0,0.0,0.0
2024-10-30 00:00:00+05:30,325,Hyderabad,7,Meeralamandi,99,Cauliflower,99,Common,0.0,11.0,3000.0,3500.0,3250.0,0.0,0.0
2024-10-30 00:00:00+05:30,325,Hyderabad,6,Madannapeta,99,Cauliflower,99,Common,0.0,8.0,1500.0,1500.0,1500.0,0.0,0.0
2024-10-29 00:00:00+05:30,301,Devarakadra,1352,Devarakadra,1,Paddy,272,Grade-A (Sonamasuri),0.0,1105.0,1929.0,2282.0,2105.0,0.0,0.0
2024-10-29 00:00:00+05:30,302,Gadwal,1328,Gadwal,1,Paddy,272,Grade-A (Sonamasuri),0.0,29.0,2108.0,2236.0,2119.0,0.0,0.0
2024-10-30 00:00:00+05:30,324,Bowenpally,3,Bowenpally,98,Cabbage,98,Common,0.0,1288.0,500.0,2000.0,1600.0,0.0,0.0
2024-10-30 00:00:00+05:30,323,Gaddiannaram,2,L.B Nagar,99,Cauliflower,99,Common,0.0,15.0,3000.0,3500.0,3200.0,0.0,0.0
2024-10-29 00:00:00+05:30,367,Gudimalkapur,1571,Gudumalkapur,98,Cabbage,98,Common,0.0,414.0,700.0,1500.0,1000.0,0.0,0.0
2024-10-29 00:00:00+05:30,283,Gajwel,1201,Gajwel,5,Maize,5,Common,0.0,144.25,2360.0,2410.0,2400.0,0.0,0.0
2024-10-29 00:00:00+05:30,238,Jangoan,1169,Jangaon,1,Paddy,237,Grade-A(IR64),0.0,6703.45,1859.0,2026.0,2020.0,0.0,0.0
2024-10-29 00:00:00+05:30,237,Ghanpur,1188,Ghanpur,1,Paddy,240,Common (1001),0.0,700.0,2000.0,2320.0,2150.0,0.0,0.0
2024-10-29 00:00:00+05:30,314,Marpally,45,Marpally,5,Maize,5,Common,0.0,550.0,2000.0,2200.0,2100.0,0.0,0.0
2024-10-29 00:00:00+05:30,219,Jagtial,1125,Jagtial,1,Paddy,241,Grade-A (Jai Sri Ram),0.0,318.0,2225.0,2750.0,2651.0,0.0,0.0
2024-10-29 00:00:00+05:30,239,Kesamudram,1168,Kesamudram,1,Paddy,241,Grade-A (Jai Sri Ram),0.0,82.0,2859.0,3129.0,3056.0,0.0,0.0
2024-10-29 00:00:00+05:30,278,Suryapet,1091,Suryapet,1,Paddy,237,Grade-A(IR64),0.0,2684.0,1613.0,2061.0,1976.0,0.0,0.0
2024-10-28 00:00:00+05:30,301,Devarakadra,1352,Devarakadra,1,Paddy,272,Grade-A (Sonamasuri),0.0,640.0,1854.0,2301.0,1952.0,0.0,0.0
2024-10-29 00:00:00+05:30,324,Bowenpally,3,Bowenpally,98,Cabbage,98,Common,0.0,1779.0,600.0,2200.0,1800.0,0.0,0.0
2024-10-29 00:00:00+05:30,323,Gaddiannaram,2,L.B Nagar,99,Cauliflower,99,Common,0.0,25.0,3000.0,3500.0,3200.0,0.0,0.0
2024-10-28 00:00:00+05:30,367,Gudimalkapur,1571,Gudumalkapur,98,Cabbage,98,Common,0.0,389.0,800.0,1500.0,1000.0,0.0,0.0
2024-10-28 00:00:00+05:30,306,Mahbubnagar,1326,Mahaboobnagar,1,Paddy,272,Grade-A (Sonamasuri),0.0,10.0,2250.0,2250.0,2250.0,0.0,0.0
2024-10-28 00:00:00+05:30,300,Badepally,1327,Badepally,1,Paddy,195,Grade-A,0.0,24.0,2116.0,2116.0,2116.0,0.0,0.0
2024-10-28 00:00:00+05:30,302,Gadwal,1328,Gadwal,1,Paddy,272,Grade-A (Sonamasuri),0.0,10.0,2062.0,2062.0,2062.0,0.0,0.0
2024-10-28 00:00:00+05:30,238,Jangoan,1169,Jangaon,1,Paddy,237,Grade-A(IR64),0.0,6204.25,1859.0,2013.0,1939.0,0.0,0.0
2024-10-28 00:00:00+05:30,237,Ghanpur,1188,Ghanpur,1,Paddy,240,Common (1001),0.0,250.0,2000.0,2320.0,2100.0,0.0,0.0
2024-10-28 00:00:00+05:30,239,Kesamudram,1168,Kesamudram,1,Paddy,241,Grade-A (Jai Sri Ram),0.0,372.0,2421.0,3359.0,2869.0,0.0,0.0
2024-10-28 00:00:00+05:30,282,Dubbaka,1215,Dubbak,1,Paddy,237,Grade-A(IR64),0.0,900.0,2320.0,2320.0,2320.0,0.0,0.0
2024-10-27 00:00:00+05:30,377,Maddulapally,1724,Maddulapally,1,Paddy,195,Grade-A,0.0,280.0,1700.0,2300.0,2000.0,0.0,0.0
2024-10-28 00:00:00+05:30,219,Jagtial,1125,Jagtial,1,Paddy,241,Grade-A (Jai Sri Ram),0.0,159.0,2311.0,2711.0,2311.0,0.0,0.0
2024-10-28 00:00:00+05:30,278,Suryapet,1091,Suryapet,1,Paddy,237,Grade-A(IR64),0.0,4050.0,1818.0,2029.0,1939.0,0.0,0.0
2024-10-28 00:00:00+05:30,325,Hyderabad,7,Meeralamandi,99,Cauliflower,99,Common,0.0,9.0,2000.0,2500.0,2250.0,0.0,0.0
2024-10-28 00:00:00+05:30,325,Hyderabad,5,Mahabubmansion,54,Chillies(Dry),264,G.T,0.0,15.0,10000.0,12000.0,11000.0,0.0,0.0
2024-10-28 00:00:00+05:30,325,Hyderabad,6,Madannapeta,99,Cauliflower,99,Common,0.0,5.0,2000.0,2000.0,2000.0,0.0,0.0
2024-10-28 00:00:00+05:30,324,Bowenpally,3,Bowenpally,98,Cabbage,98,Common,0.0,1364.0,500.0,2000.0,1800.0,0.0,0.0
2024-10-28 00:00:00+05:30,323,Gaddiannaram,2,L.B Nagar,99,Cauliflower,99,Common,0.0,12.0,3000.0,3500.0,3200.0,0.0,0.0
2024-10-27 00:00:00+05:30,367,Gudimalkapur,1571,Gudumalkapur,98,Cabbage,98,Common,0.0,643.0,800.0,1500.0,1200.0,0.0,0.0
2024-10-27 00:00:00+05:30,325,Hyderabad,7,Meeralamandi,99,Cauliflower,99,Common,0.0,11.0,2500.0,3000.0,2750.0,0.0,0.0
2024-10-27 00:00:00+05:30,323,Gaddiannaram,2,L.B Nagar,99,Cauliflower,99,Common,0.0,4.0,2500.0,3500.0,3000.0,0.0,0.0
2024-10-27 00:00:00+05:30,324,Bowenpally,3,Bowenpally,98,Cabbage,98,Common,0.0,1532.0,800.0,2000.0,1600.0,0.0,0.0
2024-10-01 00:00:00+05:30,324,Bowenpally,3,Bowenpally,99,Cauliflower,99,Common,0.0,217.0,500.0,2000.0,1600.0,0.0,0.0
2024-10-01 00:00:00+05:30,323,Gaddiannaram,2,L.B Nagar,101,Beet Root,101,Common,0.0,15.0,2000.0,2500.0,2200.0,0.0,0.0
2024-10-01 00:00:00+05:30,188,Bhainsa,11,Bhainsa,5,Maize,215,Hybrid New,0.0,325.17,1389.0,2350.0,1787.0,0.0,0.0
2024-10-01 00:00:00+05:30,325,Hyderabad,7,Meeralamandi,103,Carrot,103,Common,0.0,2.0,3500.0,4000.0,3750.0,0.0,0.0
2024-10-01 00:00:00+05:30,325,Hyderabad,6,Madannapeta,101,Beet Root,101,Common,0.0,5.0,1750.0,1750.0,1750.0,0.0,0.0
2024-10-01 00:00:00+05:30,239,Kesamudram,1168,Kesamudram,1,Paddy,256,Grade-A (RNR),0.0,266.0,2225.0,2695.0,2621.0,0.0,0.0
2024-10-01 00:00:00+05:30,212,Choppadandi,1123,Choppadandi,1,Paddy,237,Grade-A(IR64),0.0,5.0,2146.0,2146.0,2146.0,0.0,0.0
2024-10-01 00:00:00+05:30,192,Jainath,26,Jainath,5,Maize,5,Common,0.0,325.0,2685.0,2685.0,2685.0,0.0,0.0
2024-10-01 00:00:00+05:30,248,Nekkonda,1192,Nekkonda,25,Cotton,25,Common,0.0,28.0,6000.0,6970.0,6850.0,0.0,0.0
2024-10-01 00:00:00+05:30,367,Gudimalkapur,1571,Gudumalkapur,99,Cauliflower,99,Common,0.0,184.0,1000.0,4000.0,2000.0,0.0,0.0
2024-10-02 00:00:00+05:30,331,Vantimamidi,1612,Vantimamidi,30,Groundnut pods,243,Wet,0.0,1.0,2000.0,2000.0,2000.0,0.0,0.0
2024-10-01 00:00:00+05:30,296,Achampet,1337,Achampet,5,Maize,5,Common,0.0,128.5,1659.0,2427.0,1719.0,0.0,0.0
2024-10-03 00:00:00+05:30,323,Gaddiannaram,2,L.B Nagar,101,Beet Root,101,Common,0.0,16.0,2000.0,2500.0,2200.0,0.0,0.0
2024-10-03 00:00:00+05:30,324,Bowenpally,3,Bowenpally,99,Cauliflower,99,Common,0.0,271.0,500.0,2000.0,1600.0,0.0,0.0
2024-10-02 00:00:00+05:30,208,Nizamabad,1080,Nizamabad,1,Paddy,241,Grade-A (Jai Sri Ram),0.0,1.0,2300.0,2300.0,2300.0,0.0,0.0
2024-10-03 00:00:00+05:30,325,Hyderabad,6,Madannapeta,101,Beet Root,101,Common,0.0,5.0,1500.0,1500.0,1500.0,0.0,0.0
2024-10-03 00:00:00+05:30,325,Hyderabad,7,Meeralamandi,103,Carrot,103,Common,0.0,2.0,4000.0,4500.0,4250.0,0.0,0.0
2024-10-03 00:00:00+05:30,188,Bhainsa,11,Bhainsa,5,Maize,215,Hybrid New,0.0,397.04,1754.0,2412.0,1869.0,0.0,0.0
2024-10-03 00:00:00+05:30,192,Jainath,26,Jainath,5,Maize,5,Common,0.0,217.4,2300.0,2300.0,2300.0,0.0,0.0
2024-10-03 00:00:00+05:30,292,Zaheerabad,1198,Zaheerabad,5,Maize,5,Common,0.0,10.0,2615.0,2615.0,2615.0,0.0,0.0
2024-10-03 00:00:00+05:30,239,Kesamudram,1168,Kesamudram,1,Paddy,256,Grade-A (RNR),0.0,211.0,2250.0,2250.0,2250.0,0.0,0.0
2024-10-03 00:00:00+05:30,212,Choppadandi,1123,Choppadandi,1,Paddy,237,Grade-A(IR64),0.0,4.0,2142.0,2148.0,2148.0,0.0,0.0
2024-10-03 00:00:00+05:30,243,Narsampet,1176,Narsampet,5,Maize,215,Hybrid New,0.0,1340.98,2102.0,2498.0,2312.0,0.0,0.0
2024-10-03 00:00:00+05:30,248,Nekkonda,1192,Nekkonda,25,Cotton,25,Common,0.0,15.0,6100.0,6990.0,6700.0,0.0,0.0
2024-10-03 00:00:00+05:30,296,Achampet,1337,Achampet,5,Maize,5,Common,0.0,418.0,1969.0,2439.0,2437.0,0.0,0.0
2024-10-03 00:00:00+05:30,367,Gudimalkapur,1571,Gudumalkapur,99,Cauliflower,99,Common,0.0,164.0,1000.0,3500.0,2000.0,0.0,0.0
2024-10-04 00:00:00+05:30,323,Gaddiannaram,2,L.B Nagar,101,Beet Root,101,Common,0.0,19.0,2000.0,3000.0,2500.0,0.0,0.0
2024-10-03 00:00:00+05:30,331,Vantimamidi,1612,Vantimamidi,30,Groundnut pods,243,Wet,0.0,2.0,3000.0,3000.0,3000.0,0.0,0.0
2024-10-04 00:00:00+05:30,324,Bowenpally,3,Bowenpally,99,Cauliflower,99,Common,0.0,187.0,500.0,2000.0,1600.0,0.0,0.0
2024-10-04 00:00:00+05:30,325,Hyderabad,6,Madannapeta,101,Beet Root,101,Common,0.0,5.0,2000.0,2000.0,2000.0,0.0,0.0
2024-10-04 00:00:00+05:30,188,Bhainsa,11,Bhainsa,5,Maize,215,Hybrid New,0.0,224.14,1567.0,2377.0,1879.0,0.0,0.0
2024-10-04 00:00:00+05:30,248,Nekkonda,1192,Nekkonda,25,Cotton,25,Common,0.0,15.0,6800.0,7000.0,6900.0,0.0,0.0
2024-10-04 00:00:00+05:30,243,Narsampet,1176,Narsampet,5,Maize,215,Hybrid New,0.0,252.74,2216.0,2501.0,2501.0,0.0,0.0
2024-10-04 00:00:00+05:30,292,Zaheerabad,1198,Zaheerabad,5,Maize,5,Common,0.0,10.5,1955.0,2025.0,2025.0,0.0,0.0
2024-10-04 00:00:00+05:30,367,Gudimalkapur,1571,Gudumalkapur,99,Cauliflower,99,Common,0.0,166.0,1500.0,3000.0,2000.0,0.0,0.0
2024-10-05 00:00:00+05:30,324,Bowenpally,3,Bowenpally,99,Cauliflower,99,Common,0.0,204.0,500.0,2000.0,1600.0,0.0,0.0
2024-10-04 00:00:00+05:30,331,Vantimamidi,1612,Vantimamidi,30,Groundnut pods,243,Wet,0.0,1.0,3000.0,3000.0,3000.0,0.0,0.0
2024-10-04 00:00:00+05:30,296,Achampet,1337,Achampet,5,Maize,5,Common,0.0,260.5,2131.0,2419.0,2361.0,0.0,0.0
2024-10-05 00:00:00+05:30,323,Gaddiannaram,2,L.B Nagar,101,Beet Root,101,Common,0.0,18.0,2000.0,3000.0,2500.0,0.0,0.0
2024-10-05 00:00:00+05:30,325,Hyderabad,6,Madannapeta,101,Beet Root,101,Common,0.0,3.0,1800.0,2000.0,1900.0,0.0,0.0
2024-10-05 00:00:00+05:30,325,Hyderabad,7,Meeralamandi,103,Carrot,103,Common,0.0,2.0,4000.0,4000.0,4000.0,0.0,0.0
2024-10-05 00:00:00+05:30,192,Jainath,26,Jainath,5,Maize,5,Common,0.0,200.0,2300.0,2300.0,2300.0,0.0,0.0
2024-10-05 00:00:00+05:30,188,Bhainsa,11,Bhainsa,5,Maize,215,Hybrid New,0.0,213.59,1419.0,2405.0,2011.0,0.0,0.0
2024-10-05 00:00:00+05:30,248,Nekkonda,1192,Nekkonda,25,Cotton,25,Common,0.0,6.0,6850.0,6980.0,6920.0,0.0,0.0
2024-10-05 00:00:00+05:30,292,Zaheerabad,1198,Zaheerabad,5,Maize,5,Common,0.0,3.0,2156.0,2156.0,2156.0,0.0,0.0
2024-10-05 00:00:00+05:30,243,Narsampet,1176,Narsampet,5,Maize,215,Hybrid New,0.0,1075.84,2201.0,2472.0,2412.0,0.0,0.0
2024-10-05 00:00:00+05:30,367,Gudimalkapur,1571,Gudumalkapur,99,Cauliflower,99,Common,0.0,133.0,1500.0,4000.0,2000.0,0.0,0.0
2024-10-05 00:00:00+05:30,331,Vantimamidi,1612,Vantimamidi,30,Groundnut pods,243,Wet,0.0,3.0,2800.0,2800.0,2800.0,0.0,0.0
2024-10-06 00:00:00+05:30,323,Gaddiannaram,2,L.B Nagar,101,Beet Root,101,Common,0.0,15.0,2000.0,2500.0,2200.0,0.0,0.0
2024-10-06 00:00:00+05:30,324,Bowenpally,3,Bowenpally,99,Cauliflower,99,Common,0.0,245.0,1000.0,2000.0,1800.0,0.0,0.0
2024-10-06 00:00:00+05:30,325,Hyderabad,6,Madannapeta,101,Beet Root,101,Common,0.0,5.0,2000.0,2000.0,2000.0,0.0,0.0
2024-10-06 00:00:00+05:30,243,Narsampet,1176,Narsampet,5,Maize,215,Hybrid New,0.0,375.23,2258.0,2472.0,2465.0,0.0,0.0
2024-10-06 00:00:00+05:30,192,Jainath,26,Jainath,5,Maize,5,Common,0.0,607.0,2300.0,2725.0,2525.0,0.0,0.0
2024-10-06 00:00:00+05:30,296,Achampet,1337,Achampet,5,Maize,5,Common,0.0,563.5,1301.0,2420.0,2229.0,0.0,0.0
2024-10-06 00:00:00+05:30,367,Gudimalkapur,1571,Gudumalkapur,99,Cauliflower,99,Common,0.0,191.0,800.0,4000.0,2000.0,0.0,0.0
2024-10-06 00:00:00+05:30,331,Vantimamidi,1612,Vantimamidi,30,Groundnut pods,243,Wet,0.0,1.0,3000.0,3000.0,3000.0,0.0,0.0
2024-10-07 00:00:00+05:30,324,Bowenpally,3,Bowenpally,99,Cauliflower,99,Common,0.0,281.0,500.0,2000.0,1600.0,0.0,0.0
2024-10-07 00:00:00+05:30,323,Gaddiannaram,2,L.B Nagar,101,Beet Root,101,Common,0.0,15.0,2000.0,2500.0,2200.0,0.0,0.0
2024-10-07 00:00:00+05:30,325,Hyderabad,7,Meeralamandi,103,Carrot,103,Common,0.0,2.0,3000.0,4000.0,3500.0,0.0,0.0
2024-10-07 00:00:00+05:30,325,Hyderabad,6,Madannapeta,101,Beet Root,101,Common,0.0,3.0,2000.0,2000.0,2000.0,0.0,0.0
2024-10-06 00:00:00+05:30,329,Navabpet(MBNR),1483,Navabpet,5,Maize,5,Common,0.0,1723.0,1515.0,2490.0,2121.0,0.0,0.0
2024-10-07 00:00:00+05:30,188,Bhainsa,11,Bhainsa,5,Maize,215,Hybrid New,0.0,329.7,1239.0,2319.0,1239.0,0.0,0.0
2024-10-07 00:00:00+05:30,243,Narsampet,1176,Narsampet,5,Maize,215,Hybrid New,0.0,156.21,2151.0,2473.0,2464.0,0.0,0.0
2024-10-07 00:00:00+05:30,239,Kesamudram,1168,Kesamudram,1,Paddy,256,Grade-A (RNR),0.0,76.0,2159.0,2785.0,2652.0,0.0,0.0
2024-10-07 00:00:00+05:30,212,Choppadandi,1123,Choppadandi,1,Paddy,237,Grade-A(IR64),0.0,64.0,2142.0,2188.0,2188.0,0.0,0.0
2024-10-07 00:00:00+05:30,248,Nekkonda,1192,Nekkonda,25,Cotton,25,Common,0.0,56.0,6830.0,7260.0,7100.0,0.0,0.0
2024-10-07 00:00:00+05:30,367,Gudimalkapur,1571,Gudumalkapur,99,Cauliflower,99,Common,0.0,187.0,1000.0,4000.0,2000.0,0.0,0.0
2024-10-08 00:00:00+05:30,323,Gaddiannaram,2,L.B Nagar,101,Beet Root,101,Common,0.0,10.0,2000.0,2500.0,2200.0,0.0,0.0
2024-10-08 00:00:00+05:30,324,Bowenpally,3,Bowenpally,99,Cauliflower,99,Common,0.0,245.0,500.0,2000.0,1600.0,0.0,0.0
2024-10-07 00:00:00+05:30,296,Achampet,1337,Achampet,5,Maize,5,Common,0.0,650.5,1601.0,2382.0,2182.0,0.0,0.0
2024-10-08 00:00:00+05:30,325,Hyderabad,6,Madannapeta,101,Beet Root,101,Common,0.0,8.0,2000.0,2000.0,2000.0,0.0,0.0
2024-10-08 00:00:00+05:30,325,Hyderabad,7,Meeralamandi,103,Carrot,103,Common,0.0,2.0,4000.0,4000.0,4000.0,0.0,0.0
2024-10-08 00:00:00+05:30,239,Kesamudram,1168,Kesamudram,1,Paddy,256,Grade-A (RNR),0.0,48.0,2422.0,2689.0,2621.0,0.0,0.0
2024-10-08 00:00:00+05:30,212,Choppadandi,1123,Choppadandi,1,Paddy,237,Grade-A(IR64),0.0,32.0,2166.0,2178.0,2178.0,0.0,0.0
2024-10-08 00:00:00+05:30,248,Nekkonda,1192,Nekkonda,25,Cotton,25,Common,0.0,38.0,6760.0,7020.0,6990.0,0.0,0.0
2024-10-08 00:00:00+05:30,192,Jainath,26,Jainath,5,Maize,5,Common,0.0,347.9,2300.0,2300.0,2300.0,0.0,0.0
2024-10-08 00:00:00+05:30,367,Gudimalkapur,1571,Gudumalkapur,99,Cauliflower,99,Common,0.0,204.0,1000.0,4000.0,2000.0,0.0,0.0
2024-10-09 00:00:00+05:30,323,Gaddiannaram,2,L.B Nagar,101,Beet Root,101,Common,0.0,10.0,2000.0,2500.0,2200.0,0.0,0.0
2024-10-08 00:00:00+05:30,296,Achampet,1337,Achampet,5,Maize,5,Common,0.0,368.0,1750.0,2382.0,2295.0,0.0,0.0
2024-10-09 00:00:00+05:30,325,Hyderabad,6,Madannapeta,101,Beet Root,101,Common,0.0,3.0,2000.0,2000.0,2000.0,0.0,0.0
2024-10-09 00:00:00+05:30,325,Hyderabad,7,Meeralamandi,103,Carrot,103,Common,0.0,3.0,3000.0,4000.0,3500.0,0.0,0.0
2024-10-09 00:00:00+05:30,239,Kesamudram,1168,Kesamudram,1,Paddy,256,Grade-A (RNR),0.0,73.0,2038.0,2777.0,2732.0,0.0,0.0
2024-10-09 00:00:00+05:30,292,Zaheerabad,1198,Zaheerabad,5,Maize,5,Common,0.0,19.5,2056.0,2056.0,2056.0,0.0,0.0
2024-10-09 00:00:00+05:30,188,Bhainsa,11,Bhainsa,5,Maize,215,Hybrid New,0.0,413.5,1487.0,2266.0,2266.0,0.0,0.0
2024-10-09 00:00:00+05:30,367,Gudimalkapur,1571,Gudumalkapur,99,Cauliflower,99,Common,0.0,19.0,1500.0,4000.0,2000.0,0.0,0.0
2024-10-09 00:00:00+05:30,296,Achampet,1337,Achampet,5,Maize,5,Common,0.0,449.0,1769.0,2382.0,2243.0,0.0,0.0
2024-10-09 00:00:00+05:30,248,Nekkonda,1192,Nekkonda,25,Cotton,25,Common,0.0,19.0,6200.0,6950.0,6800.0,0.0,0.0
2024-10-09 00:00:00+05:30,243,Narsampet,1176,Narsampet,5,Maize,215,Hybrid New,0.0,1153.71,2145.0,2427.0,2412.0,0.0,0.0
2024-10-09 00:00:00+05:30,283,Gajwel,1201,Gajwel,25,Cotton,25,Common,0.0,312.0,5500.0,6500.0,6300.0,0.0,0.0
2024-10-10 00:00:00+05:30,324,Bowenpally,3,Bowenpally,99,Cauliflower,99,Common,0.0,256.0,500.0,2000.0,1600.0,0.0,0.0
2024-10-10 00:00:00+05:30,323,Gaddiannaram,2,L.B Nagar,101,Beet Root,101,Common,0.0,14.0,2000.0,3000.0,2500.0,0.0,0.0
2024-10-10 00:00:00+05:30,325,Hyderabad,6,Madannapeta,101,Beet Root,101,Common,0.0,2.0,2000.0,2000.0,2000.0,0.0,0.0
2024-10-10 00:00:00+05:30,283,Gajwel,1201,Gajwel,25,Cotton,25,Common,0.0,20.0,5500.0,6400.0,6300.0,0.0,0.0
2024-10-10 00:00:00+05:30,292,Zaheerabad,1198,Zaheerabad,5,Maize,5,Common,0.0,9.5,2361.0,2361.0,2361.0,0.0,0.0
2024-10-10 00:00:00+05:30,208,Nizamabad,1080,Nizamabad,1,Paddy,241,Grade-A (Jai Sri Ram),0.0,1.0,2300.0,2300.0,2300.0,0.0,0.0
2024-10-10 00:00:00+05:30,192,Jainath,26,Jainath,5,Maize,5,Common,0.0,299.0,2300.0,2300.0,2300.0,0.0,0.0
2024-10-09 00:00:00+05:30,329,Navabpet(MBNR),1483,Navabpet,5,Maize,5,Common,0.0,1179.0,2050.0,2458.0,2428.0,0.0,0.0
2024-10-10 00:00:00+05:30,188,Bhainsa,11,Bhainsa,5,Maize,215,Hybrid New,0.0,441.53,1467.0,2256.0,2141.0,0.0,0.0
2024-10-10 00:00:00+05:30,367,Gudimalkapur,1571,Gudumalkapur,99,Cauliflower,99,Common,0.0,153.0,2000.0,4000.0,2500.0,0.0,0.0
2024-10-11 00:00:00+05:30,324,Bowenpally,3,Bowenpally,99,Cauliflower,99,Common,0.0,179.0,500.0,2000.0,1600.0,0.0,0.0
2024-10-11 00:00:00+05:30,323,Gaddiannaram,2,L.B Nagar,101,Beet Root,101,Common,0.0,12.0,2000.0,3000.0,2500.0,0.0,0.0
2024-10-11 00:00:00+05:30,325,Hyderabad,7,Meeralamandi,103,Carrot,103,Common,0.0,2.0,3000.0,4000.0,3500.0,0.0,0.0
2024-10-11 00:00:00+05:30,208,Nizamabad,1080,Nizamabad,1,Paddy,241,Grade-A (Jai Sri Ram),0.0,1.0,2300.0,2300.0,2300.0,0.0,0.0
2024-10-11 00:00:00+05:30,192,Jainath,26,Jainath,5,Maize,5,Common,0.0,200.0,2300.0,2300.0,2300.0,0.0,0.0
2024-10-11 00:00:00+05:30,283,Gajwel,1201,Gajwel,25,Cotton,25,Common,0.0,50.0,5700.0,6400.0,6350.0,0.0,0.0
2024-10-11 00:00:00+05:30,367,Gudimalkapur,1571,Gudumalkapur,99,Cauliflower,99,Common,0.0,108.0,2000.0,3000.0,2500.0,0.0,0.0
2024-10-12 00:00:00+05:30,323,Gaddiannaram,2,L.B Nagar,101,Beet Root,101,Common,0.0,6.0,2500.0,3000.0,2700.0,0.0,0.0
2024-10-12 00:00:00+05:30,324,Bowenpally,3,Bowenpally,99,Cauliflower,99,Common,0.0,143.0,500.0,2000.0,1600.0,0.0,0.0
2024-10-12 00:00:00+05:30,325,Hyderabad,6,Madannapeta,101,Beet Root,101,Common,0.0,12.0,2000.0,2000.0,2000.0,0.0,0.0
2024-10-12 00:00:00+05:30,325,Hyderabad,7,Meeralamandi,103,Carrot,103,Common,0.0,2.0,3500.0,4000.0,3750.0,0.0,0.0
2024-10-12 00:00:00+05:30,239,Kesamudram,1168,Kesamudram,1,Paddy,256,Grade-A (RNR),0.0,6.0,2689.0,2689.0,2689.0,0.0,0.0
2024-10-12 00:00:00+05:30,208,Nizamabad,1080,Nizamabad,1,Paddy,241,Grade-A (Jai Sri Ram),0.0,1.0,2300.0,2300.0,2300.0,0.0,0.0
2024-10-12 00:00:00+05:30,367,Gudimalkapur,1571,Gudumalkapur,99,Cauliflower,99,Common,0.0,24.0,2000.0,3500.0,3000.0,0.0,0.0
2024-10-13 00:00:00+05:30,324,Bowenpally,3,Bowenpally,99,Cauliflower,99,Common,0.0,237.0,1000.0,2000.0,1800.0,0.0,0.0
2024-10-13 00:00:00+05:30,283,Gajwel,1201,Gajwel,25,Cotton,25,Common,0.0,8.0,5800.0,6500.0,6300.0,0.0,0.0
2024-10-12 00:00:00+05:30,283,Gajwel,1201,Gajwel,25,Cotton,25,Common,0.0,30.0,6000.0,6500.0,6350.0,0.0,0.0
2024-10-13 00:00:00+05:30,367,Gudimalkapur,1571,Gudumalkapur,99,Cauliflower,99,Common,0.0,68.0,3000.0,3000.0,3500.0,0.0,0.0
2024-10-13 00:00:00+05:30,208,Nizamabad,1080,Nizamabad,1,Paddy,241,Grade-A (Jai Sri Ram),0.0,1.0,2300.0,2300.0,2300.0,0.0,0.0
2024-10-14 00:00:00+05:30,324,Bowenpally,3,Bowenpally,99,Cauliflower,99,Common,0.0,309.0,500.0,2000.0,1600.0,0.0,0.0
2024-10-14 00:00:00+05:30,323,Gaddiannaram,2,L.B Nagar,101,Beet Root,101,Common,0.0,10.0,2000.0,3000.0,2500.0,0.0,0.0
2024-10-14 00:00:00+05:30,325,Hyderabad,7,Meeralamandi,103,Carrot,103,Common,0.0,2.0,4000.0,4500.0,4250.0,0.0,0.0
2024-10-14 00:00:00+05:30,188,Bhainsa,11,Bhainsa,5,Maize,215,Hybrid New,0.0,230.67,1487.0,2285.0,2064.0,0.0,0.0
2024-10-14 00:00:00+05:30,239,Kesamudram,1168,Kesamudram,1,Paddy,256,Grade-A (RNR),0.0,6.0,2689.0,2689.0,2689.0,0.0,0.0
2024-10-14 00:00:00+05:30,212,Choppadandi,1123,Choppadandi,1,Paddy,237,Grade-A(IR64),0.0,484.0,1908.0,2163.0,2132.0,0.0,0.0
2024-10-14 00:00:00+05:30,192,Jainath,26,Jainath,5,Maize,5,Common,0.0,200.0,2300.0,2300.0,2300.0,0.0,0.0
2024-10-14 00:00:00+05:30,248,Nekkonda,1192,Nekkonda,25,Cotton,25,Common,0.0,8.0,6860.0,7050.0,6970.0,0.0,0.0
2024-10-14 00:00:00+05:30,283,Gajwel,1201,Gajwel,25,Cotton,25,Common,0.0,10.0,5900.0,6500.0,6340.0,0.0,0.0
2024-10-14 00:00:00+05:30,243,Narsampet,1176,Narsampet,5,Maize,215,Hybrid New,0.0,320.16,2156.0,2412.0,2388.0,0.0,0.0
2024-10-14 00:00:00+05:30,292,Zaheerabad,1198,Zaheerabad,5,Maize,5,Common,0.0,28.0,1762.0,2455.0,2366.0,0.0,0.0
2024-10-14 00:00:00+05:30,296,Achampet,1337,Achampet,5,Maize,5,Common,0.0,329.0,1609.0,2390.0,2326.0,0.0,0.0
2024-10-14 00:00:00+05:30,367,Gudimalkapur,1571,Gudumalkapur,99,Cauliflower,99,Common,0.0,122.0,1000.0,4000.0,2000.0,0.0,0.0
2024-10-15 00:00:00+05:30,323,Gaddiannaram,2,L.B Nagar,101,Beet Root,101,Common,0.0,10.0,2000.0,3000.0,2500.0,0.0,0.0
2024-10-15 00:00:00+05:30,324,Bowenpally,3,Bowenpally,99,Cauliflower,99,Common,0.0,210.0,500.0,2000.0,1600.0,0.0,0.0
2024-10-14 00:00:00+05:30,329,Navabpet(MBNR),1483,Navabpet,5,Maize,5,Common,0.0,817.0,1690.0,2455.0,2455.0,0.0,0.0
2024-10-15 00:00:00+05:30,188,Bhainsa,11,Bhainsa,5,Maize,215,Hybrid New,0.0,536.01,1119.0,2311.0,1979.0,0.0,0.0
2024-10-15 00:00:00+05:30,239,Kesamudram,1168,Kesamudram,1,Paddy,256,Grade-A (RNR),0.0,300.0,2552.0,2779.0,2725.0,0.0,0.0
2024-10-15 00:00:00+05:30,212,Choppadandi,1123,Choppadandi,1,Paddy,237,Grade-A(IR64),0.0,546.0,1818.0,2163.0,2163.0,0.0,0.0
2024-10-15 00:00:00+05:30,237,Ghanpur,1188,Ghanpur,1,Paddy,270,Grade-A (1010),0.0,700.0,2000.0,2320.0,2100.0,0.0,0.0
2024-10-15 00:00:00+05:30,248,Nekkonda,1192,Nekkonda,25,Cotton,25,Common,0.0,19.0,6850.0,6980.0,6950.0,0.0,0.0
2024-10-15 00:00:00+05:30,292,Zaheerabad,1198,Zaheerabad,5,Maize,5,Common,0.0,37.0,1946.0,2369.0,2369.0,0.0,0.0
2024-10-15 00:00:00+05:30,367,Gudimalkapur,1571,Gudumalkapur,99,Cauliflower,99,Common,0.0,135.0,800.0,3000.0,2000.0,0.0,0.0
2024-10-15 00:00:00+05:30,309,Narayanpet,1342,Narayanpet,6,Jowar,225,White,0.0,7.35,4000.0,4000.0,4000.0,0.0,0.0
2024-10-16 00:00:00+05:30,323,Gaddiannaram,2,L.B Nagar,101,Beet Root,101,Common,0.0,10.0,2000.0,3000.0,2200.0,0.0,0.0
2024-10-16 00:00:00+05:30,324,Bowenpally,3,Bowenpally,99,Cauliflower,99,Common,0.0,274.0,500.0,2000.0,1500.0,0.0,0.0
2024-10-16 00:00:00+05:30,325,Hyderabad,7,Meeralamandi,103,Carrot,103,Common,0.0,3.0,3000.0,4000.0,3500.0,0.0,0.0
2024-10-16 00:00:00+05:30,188,Bhainsa,11,Bhainsa,5,Maize,215,Hybrid New,0.0,273.29,1369.0,2248.0,2179.0,0.0,0.0
2024-10-16 00:00:00+05:30,254,Enkoor,1078,Enkoor,25,Cotton,25,Common,0.0,288.0,5900.0,6500.0,6100.0,0.0,0.0
2024-10-16 00:00:00+05:30,212,Choppadandi,1123,Choppadandi,1,Paddy,237,Grade-A(IR64),0.0,540.0,1917.0,2165.0,2088.0,0.0,0.0
2024-10-16 00:00:00+05:30,243,Narsampet,1176,Narsampet,5,Maize,215,Hybrid New,0.0,94.87,1802.0,2378.0,2284.0,0.0,0.0
2024-10-16 00:00:00+05:30,292,Zaheerabad,1198,Zaheerabad,5,Maize,5,Common,0.0,22.5,1942.0,2380.0,2369.0,0.0,0.0
2024-10-16 00:00:00+05:30,239,Kesamudram,1168,Kesamudram,1,Paddy,256,Grade-A (RNR),0.0,185.0,2341.0,2750.0,2712.0,0.0,0.0
2024-10-16 00:00:00+05:30,248,Nekkonda,1192,Nekkonda,25,Cotton,25,Common,0.0,22.0,6800.0,7150.0,7020.0,0.0,0.0
2024-10-16 00:00:00+05:30,367,Gudimalkapur,1571,Gudumalkapur,99,Cauliflower,99,Common,0.0,195.0,1000.0,4000.0,2000.0,0.0,0.0
2024-10-17 00:00:00+05:30,324,Bowenpally,3,Bowenpally,99,Cauliflower,99,Common,0.0,79.0,500.0,2000.0,1600.0,0.0,0.0
2024-10-16 00:00:00+05:30,296,Achampet,1337,Achampet,5,Maize,5,Common,0.0,168.0,1629.0,2310.0,2000.0,0.0,0.0
2024-10-17 00:00:00+05:30,323,Gaddiannaram,2,L.B Nagar,101,Beet Root,101,Common,0.0,10.0,2000.0,3000.0,2500.0,0.0,0.0
2024-10-17 00:00:00+05:30,188,Bhainsa,11,Bhainsa,5,Maize,215,Hybrid New,0.0,386.01,1467.0,2222.0,2164.0,0.0,0.0
2024-10-16 00:00:00+05:30,329,Navabpet(MBNR),1483,Navabpet,5,Maize,5,Common,0.0,756.0,1900.0,2468.0,2184.0,0.0,0.0
2024-10-17 00:00:00+05:30,254,Enkoor,1078,Enkoor,25,Cotton,25,Common,0.0,370.0,6500.0,6200.0,61500.0,0.0,0.0
2024-10-17 00:00:00+05:30,212,Choppadandi,1123,Choppadandi,1,Paddy,237,Grade-A(IR64),0.0,548.0,2001.0,2165.0,2135.0,0.0,0.0
2024-10-17 00:00:00+05:30,239,Kesamudram,1168,Kesamudram,1,Paddy,256,Grade-A (RNR),0.0,197.0,2692.0,2762.0,2752.0,0.0,0.0
2024-10-17 00:00:00+05:30,292,Zaheerabad,1198,Zaheerabad,5,Maize,5,Common,0.0,40.5,2126.0,2375.0,2375.0,0.0,0.0
2024-10-17 00:00:00+05:30,367,Gudimalkapur,1571,Gudumalkapur,99,Cauliflower,99,Common,0.0,88.0,1000.0,4500.0,2000.0,0.0,0.0
2024-10-18 00:00:00+05:30,324,Bowenpally,3,Bowenpally,99,Cauliflower,99,Common,0.0,329.0,500.0,2000.0,1600.0,0.0,0.0
2024-10-18 00:00:00+05:30,323,Gaddiannaram,2,L.B Nagar,101,Beet Root,101,Common,0.0,15.0,2000.0,3000.0,2500.0,0.0,0.0
2024-10-17 00:00:00+05:30,243,Narsampet,1176,Narsampet,5,Maize,215,Hybrid New,0.0,807.18,1701.0,2415.0,2304.0,0.0,0.0
2024-10-17 00:00:00+05:30,248,Nekkonda,1192,Nekkonda,25,Cotton,25,Common,0.0,32.0,6600.0,7080.0,7010.0,0.0,0.0
2024-10-17 00:00:00+05:30,290,Siddipet,1193,Siddipet,1,Paddy,237,Grade-A(IR64),0.0,190.34,2100.0,2100.0,2100.0,0.0,0.0
2024-10-18 00:00:00+05:30,325,Hyderabad,6,Madannapeta,101,Beet Root,101,Common,0.0,5.0,2300.0,2500.0,2400.0,0.0,0.0
2024-10-18 00:00:00+05:30,325,Hyderabad,7,Meeralamandi,103,Carrot,103,Common,0.0,2.0,3000.0,4000.0,3500.0,0.0,0.0
2024-10-18 00:00:00+05:30,188,Bhainsa,11,Bhainsa,5,Maize,215,Hybrid New,0.0,647.49,1777.0,2179.0,2149.0,0.0,0.0
2024-10-18 00:00:00+05:30,239,Kesamudram,1168,Kesamudram,1,Paddy,256,Grade-A (RNR),0.0,116.0,2700.0,2880.0,2811.0,0.0,0.0
2024-10-18 00:00:00+05:30,212,Choppadandi,1123,Choppadandi,1,Paddy,237,Grade-A(IR64),0.0,284.0,1818.0,2163.0,2163.0,0.0,0.0
2024-10-18 00:00:00+05:30,254,Enkoor,1078,Enkoor,25,Cotton,25,Common,0.0,347.0,5900.0,6500.0,6000.0,0.0,0.0
2024-10-18 00:00:00+05:30,243,Narsampet,1176,Narsampet,5,Maize,215,Hybrid New,0.0,574.88,2252.0,2424.0,2422.0,0.0,0.0
2024-10-18 00:00:00+05:30,292,Zaheerabad,1198,Zaheerabad,5,Maize,5,Common,0.0,45.0,1552.0,1552.0,1552.0,0.0,0.0
2024-10-18 00:00:00+05:30,367,Gudimalkapur,1571,Gudumalkapur,99,Cauliflower,99,Common,0.0,178.0,1000.0,4000.0,2000.0,0.0,0.0
2024-10-19 00:00:00+05:30,324,Bowenpally,3,Bowenpally,99,Cauliflower,99,Common,0.0,432.0,500.0,2000.0,1600.0,0.0,0.0
2024-10-19 00:00:00+05:30,323,Gaddiannaram,2,L.B Nagar,101,Beet Root,101,Common,0.0,7.0,2000.0,3000.0,2500.0,0.0,0.0
2024-10-18 00:00:00+05:30,248,Nekkonda,1192,Nekkonda,25,Cotton,25,Common,0.0,18.0,6980.0,7140.0,7070.0,0.0,0.0
2024-10-19 00:00:00+05:30,325,Hyderabad,7,Meeralamandi,103,Carrot,103,Common,0.0,3.0,3000.0,4000.0,3500.0,0.0,0.0
2024-10-19 00:00:00+05:30,254,Enkoor,1078,Enkoor,25,Cotton,25,Common,0.0,255.0,5900.0,6500.0,6000.0,0.0,0.0
2024-10-19 00:00:00+05:30,208,Nizamabad,1080,Nizamabad,1,Paddy,241,Grade-A (Jai Sri Ram),0.0,1.0,2300.0,2300.0,2300.0,0.0,0.0
2024-10-19 00:00:00+05:30,188,Bhainsa,11,Bhainsa,5,Maize,215,Hybrid New,0.0,335.24,1667.0,2199.0,2059.0,0.0,0.0
2024-10-19 00:00:00+05:30,283,Gajwel,1201,Gajwel,25,Cotton,25,Common,0.0,24.55,6500.0,6600.0,6520.0,0.0,0.0
2024-10-19 00:00:00+05:30,292,Zaheerabad,1198,Zaheerabad,5,Maize,5,Common,0.0,29.5,2286.0,2389.0,2286.0,0.0,0.0
2024-10-19 00:00:00+05:30,243,Narsampet,1176,Narsampet,5,Maize,215,Hybrid New,0.0,715.03,2206.0,2442.0,2438.0,0.0,0.0
2024-10-19 00:00:00+05:30,212,Choppadandi,1123,Choppadandi,1,Paddy,237,Grade-A(IR64),0.0,394.0,1902.0,2131.0,2081.0,0.0,0.0
2024-10-19 00:00:00+05:30,367,Gudimalkapur,1571,Gudumalkapur,99,Cauliflower,99,Common,0.0,194.0,800.0,4000.0,1000.0,0.0,0.0
2024-10-20 00:00:00+05:30,324,Bowenpally,3,Bowenpally,99,Cauliflower,99,Common,0.0,286.0,1000.0,2000.0,1800.0,0.0,0.0
2024-10-20 00:00:00+05:30,323,Gaddiannaram,2,L.B Nagar,101,Beet Root,101,Common,0.0,18.0,2000.0,3000.0,2500.0,0.0,0.0
2024-10-20 00:00:00+05:30,325,Hyderabad,7,Meeralamandi,103,Carrot,103,Common,0.0,2.0,3500.0,4000.0,3750.0,0.0,0.0
2024-10-20 00:00:00+05:30,367,Gudimalkapur,1571,Gudumalkapur,99,Cauliflower,99,Common,0.0,170.0,2000.0,4000.0,3000.0,0.0,0.0
2024-10-20 00:00:00+05:30,296,Achampet,1337,Achampet,5,Maize,5,Common,0.0,287.5,1711.0,2411.0,2200.0,0.0,0.0
2024-10-20 00:00:00+05:30,283,Gajwel,1201,Gajwel,25,Cotton,25,Common,0.0,10.0,6000.0,6600.0,6450.0,0.0,0.0
2024-10-20 00:00:00+05:30,254,Enkoor,1078,Enkoor,25,Cotton,25,Common,0.0,272.0,5700.0,6000.0,5900.0,0.0,0.0
2024-10-20 00:00:00+05:30,208,Nizamabad,1080,Nizamabad,1,Paddy,241,Grade-A (Jai Sri Ram),0.0,1.0,2300.0,2300.0,2300.0,0.0,0.0
2024-10-21 00:00:00+05:30,323,Gaddiannaram,2,L.B Nagar,101,Beet Root,101,Common,0.0,20.0,2000.0,3000.0,2500.0,0.0,0.0
2024-10-21 00:00:00+05:30,324,Bowenpally,3,Bowenpally,99,Cauliflower,99,Common,0.0,224.0,500.0,1500.0,1200.0,0.0,0.0
2024-10-21 00:00:00+05:30,325,Hyderabad,7,Meeralamandi,103,Carrot,103,Common,0.0,2.0,3200.0,4000.0,3600.0,0.0,0.0
2024-10-21 00:00:00+05:30,208,Nizamabad,1080,Nizamabad,1,Paddy,241,Grade-A (Jai Sri Ram),0.0,1.0,2350.0,2350.0,2350.0,0.0,0.0
2024-10-21 00:00:00+05:30,192,Jainath,26,Jainath,5,Maize,5,Common,0.0,47.0,2300.0,2300.0,2300.0,0.0,0.0
2024-10-20 00:00:00+05:30,243,Narsampet,1176,Narsampet,5,Maize,215,Hybrid New,0.0,368.63,2061.0,2432.0,2426.0,0.0,0.0
2024-10-20 00:00:00+05:30,329,Navabpet(MBNR),1483,Navabpet,5,Maize,5,Common,0.0,1635.0,1570.0,2467.0,2330.0,0.0,0.0
2024-10-21 00:00:00+05:30,367,Gudimalkapur,1571,Gudumalkapur,99,Cauliflower,99,Common,0.0,109.0,1000.0,4000.0,2000.0,0.0,0.0
2024-10-21 00:00:00+05:30,243,Narsampet,1176,Narsampet,5,Maize,215,Hybrid New,0.0,433.92,2016.0,2454.0,2376.0,0.0,0.0
2024-10-22 00:00:00+05:30,323,Gaddiannaram,2,L.B Nagar,101,Beet Root,101,Common,0.0,15.0,3000.0,3500.0,3200.0,0.0,0.0
2024-10-21 00:00:00+05:30,248,Nekkonda,1192,Nekkonda,25,Cotton,25,Common,0.0,40.0,7050.0,6830.0,7150.0,0.0,0.0
2024-10-21 00:00:00+05:30,283,Gajwel,1201,Gajwel,25,Cotton,25,Common,0.0,5.0,6000.0,6500.0,6350.0,0.0,0.0
2024-10-21 00:00:00+05:30,296,Achampet,1337,Achampet,5,Maize,5,Common,0.0,96.0,1632.0,2160.0,1950.0,0.0,0.0
2024-10-22 00:00:00+05:30,324,Bowenpally,3,Bowenpally,99,Cauliflower,99,Common,0.0,155.0,500.0,1500.0,1200.0,0.0,0.0
2024-10-22 00:00:00+05:30,325,Hyderabad,7,Meeralamandi,103,Carrot,103,Common,0.0,2.0,3000.0,4000.0,3500.0,0.0,0.0
2024-10-22 00:00:00+05:30,254,Enkoor,1078,Enkoor,25,Cotton,25,Common,0.0,239.0,5300.0,6150.0,5700.0,0.0,0.0
2024-10-22 00:00:00+05:30,208,Nizamabad,1080,Nizamabad,1,Paddy,241,Grade-A (Jai Sri Ram),0.0,1.0,2350.0,2350.0,2350.0,0.0,0.0
2024-10-22 00:00:00+05:30,188,Bhainsa,11,Bhainsa,5,Maize,215,Hybrid New,0.0,212.2,1520.0,2250.0,2175.0,0.0,0.0
2024-10-22 00:00:00+05:30,212,Choppadandi,1123,Choppadandi,1,Paddy,237,Grade-A(IR64),0.0,628.0,2012.0,2165.0,2155.0,0.0,0.0
2024-10-22 00:00:00+05:30,248,Nekkonda,1192,Nekkonda,25,Cotton,25,Common,0.0,24.0,6890.0,7090.0,7000.0,0.0,0.0
2024-10-22 00:00:00+05:30,283,Gajwel,1201,Gajwel,25,Cotton,25,Common,0.0,6.0,6000.0,6600.0,6400.0,0.0,0.0
2024-10-22 00:00:00+05:30,296,Achampet,1337,Achampet,5,Maize,5,Common,0.0,380.0,1611.0,2255.0,1970.0,0.0,0.0
2024-10-22 00:00:00+05:30,367,Gudimalkapur,1571,Gudumalkapur,99,Cauliflower,99,Common,0.0,84.0,1000.0,4000.0,2000.0,0.0,0.0
2024-10-23 00:00:00+05:30,323,Gaddiannaram,2,L.B Nagar,101,Beet Root,101,Common,0.0,10.0,3000.0,3500.0,3200.0,0.0,0.0
2024-10-23 00:00:00+05:30,324,Bowenpally,3,Bowenpally,99,Cauliflower,99,Common,0.0,206.0,500.0,2000.0,1800.0,0.0,0.0
2024-10-23 00:00:00+05:30,325,Hyderabad,7,Meeralamandi,103,Carrot,103,Common,0.0,2.0,3000.0,4000.0,3500.0,0.0,0.0
2024-10-23 00:00:00+05:30,248,Nekkonda,1192,Nekkonda,25,Cotton,25,Common,0.0,39.0,6850.0,7080.0,7040.0,0.0,0.0
2024-10-23 00:00:00+05:30,243,Narsampet,1176,Narsampet,5,Maize,215,Hybrid New,0.0,1398.2,2085.0,2478.0,2438.0,0.0,0.0
2024-10-23 00:00:00+05:30,212,Choppadandi,1123,Choppadandi,1,Paddy,237,Grade-A(IR64),0.0,233.0,2001.0,2171.0,2111.0,0.0,0.0
2024-10-23 00:00:00+05:30,254,Enkoor,1078,Enkoor,25,Cotton,25,Common,0.0,259.0,5500.0,6050.0,5800.0,0.0,0.0
2024-10-23 00:00:00+05:30,208,Nizamabad,1080,Nizamabad,1,Paddy,241,Grade-A (Jai Sri Ram),0.0,1.0,2350.0,2350.0,2350.0,0.0,0.0
2024-10-23 00:00:00+05:30,296,Achampet,1337,Achampet,5,Maize,5,Common,0.0,447.0,1411.0,2306.0,2150.0,0.0,0.0
2024-10-23 00:00:00+05:30,367,Gudimalkapur,1571,Gudumalkapur,99,Cauliflower,99,Common,0.0,155.0,1000.0,3000.0,2000.0,0.0,0.0
2024-10-24 00:00:00+05:30,324,Bowenpally,3,Bowenpally,99,Cauliflower,99,Common,0.0,165.0,500.0,2000.0,1800.0,0.0,0.0
2024-10-24 00:00:00+05:30,323,Gaddiannaram,2,L.B Nagar,101,Beet Root,101,Common,0.0,5.0,3000.0,3500.0,3200.0,0.0,0.0
2024-10-24 00:00:00+05:30,325,Hyderabad,6,Madannapeta,101,Beet Root,101,Common,0.0,3.0,2500.0,2500.0,2500.0,0.0,0.0
2024-10-23 00:00:00+05:30,329,Navabpet(MBNR),1483,Navabpet,5,Maize,5,Common,0.0,2179.0,1700.0,2488.0,2290.0,0.0,0.0
2024-10-23 00:00:00+05:30,283,Gajwel,1201,Gajwel,25,Cotton,25,Common,0.0,18.0,6300.0,6650.0,6600.0,0.0,0.0
2024-10-24 00:00:00+05:30,212,Choppadandi,1123,Choppadandi,1,Paddy,237,Grade-A(IR64),0.0,161.0,1932.0,2186.0,2186.0,0.0,0.0
2024-10-24 00:00:00+05:30,254,Enkoor,1078,Enkoor,25,Cotton,25,Common,0.0,239.0,5700.0,6100.0,5850.0,0.0,0.0
2024-10-24 00:00:00+05:30,208,Nizamabad,1080,Nizamabad,1,Paddy,241,Grade-A (Jai Sri Ram),0.0,2.0,2350.0,2350.0,2350.0,0.0,0.0
2024-10-24 00:00:00+05:30,283,Gajwel,1201,Gajwel,25,Cotton,25,Common,0.0,20.0,6400.0,6600.0,6500.0,0.0,0.0
2024-10-24 00:00:00+05:30,296,Achampet,1337,Achampet,5,Maize,5,Common,0.0,255.5,1419.0,2353.0,2146.0,0.0,0.0
2024-10-24 00:00:00+05:30,243,Narsampet,1176,Narsampet,5,Maize,215,Hybrid New,0.0,850.64,2241.0,2495.0,2385.0,0.0,0.0
2024-10-24 00:00:00+05:30,248,Nekkonda,1192,Nekkonda,25,Cotton,25,Common,0.0,20.0,6800.0,7030.0,6980.0,0.0,0.0
2024-10-24 00:00:00+05:30,367,Gudimalkapur,1571,Gudumalkapur,99,Cauliflower,99,Common,0.0,118.0,1500.0,4000.0,2000.0,0.0,0.0
2024-10-25 00:00:00+05:30,323,Gaddiannaram,2,L.B Nagar,101,Beet Root,101,Common,0.0,7.0,3000.0,3500.0,3200.0,0.0,0.0
2024-10-25 00:00:00+05:30,325,Hyderabad,6,Madannapeta,101,Beet Root,101,Common,0.0,2.0,2000.0,2000.0,2000.0,0.0,0.0
2024-10-24 00:00:00+05:30,331,Vantimamidi,1612,Vantimamidi,30,Groundnut pods,243,Wet,0.0,5.0,3000.0,3000.0,3000.0,0.0,0.0
2024-10-24 00:00:00+05:30,329,Navabpet(MBNR),1483,Navabpet,5,Maize,5,Common,0.0,286.0,1718.0,2482.0,2384.0,0.0,0.0
2024-10-25 00:00:00+05:30,188,Bhainsa,11,Bhainsa,5,Maize,215,Hybrid New,0.0,200.25,1700.0,2241.0,2175.0,0.0,0.0
2024-10-25 00:00:00+05:30,296,Achampet,1337,Achampet,5,Maize,5,Common,0.0,240.0,2376.0,1801.0,2211.0,0.0,0.0
2024-10-25 00:00:00+05:30,248,Nekkonda,1192,Nekkonda,25,Cotton,25,Common,0.0,70.0,5500.0,7120.0,6990.0,0.0,0.0
2024-10-25 00:00:00+05:30,290,Siddipet,1193,Siddipet,1,Paddy,237,Grade-A(IR64),0.0,144.35,2001.0,2100.0,2051.0,0.0,0.0
2024-10-25 00:00:00+05:30,254,Enkoor,1078,Enkoor,25,Cotton,25,Common,0.0,225.0,5700.0,6100.0,5800.0,0.0,0.0
2024-10-25 00:00:00+05:30,243,Narsampet,1176,Narsampet,5,Maize,215,Hybrid New,0.0,679.02,2249.0,2507.0,2411.0,0.0,0.0
2024-10-25 00:00:00+05:30,283,Gajwel,1201,Gajwel,25,Cotton,25,Common,0.0,12.0,6400.0,6600.0,6500.0,0.0,0.0
2024-10-25 00:00:00+05:30,367,Gudimalkapur,1571,Gudumalkapur,99,Cauliflower,99,Common,0.0,69.0,3000.0,1000.0,2000.0,0.0,0.0
2024-10-26 00:00:00+05:30,323,Gaddiannaram,2,L.B Nagar,101,Beet Root,101,Common,0.0,15.0,3000.0,3500.0,3200.0,0.0,0.0
2024-10-26 00:00:00+05:30,324,Bowenpally,3,Bowenpally,99,Cauliflower,99,Common,0.0,175.0,500.0,2000.0,1600.0,0.0,0.0
2024-10-26 00:00:00+05:30,325,Hyderabad,7,Meeralamandi,103,Carrot,103,Common,0.0,2.0,3500.0,4000.0,3750.0,0.0,0.0
2024-10-25 00:00:00+05:30,329,Navabpet(MBNR),1483,Navabpet,5,Maize,5,Common,0.0,752.0,1790.0,2487.0,2312.0,0.0,0.0
2024-10-26 00:00:00+05:30,188,Bhainsa,11,Bhainsa,5,Maize,215,Hybrid New,0.0,232.27,2001.0,2311.0,2251.0,0.0,0.0
2024-10-26 00:00:00+05:30,254,Enkoor,1078,Enkoor,25,Cotton,25,Common,0.0,226.0,5800.0,6100.0,5900.0,0.0,0.0
2024-10-26 00:00:00+05:30,208,Nizamabad,1080,Nizamabad,1,Paddy,241,Grade-A (Jai Sri Ram),0.0,1.0,2300.0,2300.0,2300.0,0.0,0.0
2024-10-26 00:00:00+05:30,212,Choppadandi,1123,Choppadandi,1,Paddy,237,Grade-A(IR64),0.0,138.0,1962.0,2060.0,2060.0,0.0,0.0
2024-10-26 00:00:00+05:30,243,Narsampet,1176,Narsampet,5,Maize,215,Hybrid New,0.0,750.5,2291.0,2518.0,2443.0,0.0,0.0
2024-10-26 00:00:00+05:30,290,Siddipet,1193,Siddipet,1,Paddy,237,Grade-A(IR64),0.0,230.45,2100.0,2130.0,2110.0,0.0,0.0
2024-10-26 00:00:00+05:30,283,Gajwel,1201,Gajwel,25,Cotton,25,Common,0.0,20.0,6500.0,6900.0,6700.0,0.0,0.0
2024-10-26 00:00:00+05:30,367,Gudimalkapur,1571,Gudumalkapur,99,Cauliflower,99,Common,0.0,91.0,1000.0,3000.0,2000.0,0.0,0.0
2024-10-27 00:00:00+05:30,324,Bowenpally,3,Bowenpally,99,Cauliflower,99,Common,0.0,184.0,1000.0,2500.0,2000.0,0.0,0.0
2024-10-27 00:00:00+05:30,323,Gaddiannaram,2,L.B Nagar,101,Beet Root,101,Common,0.0,13.0,3000.0,3500.0,3200.0,0.0,0.0
2024-10-27 00:00:00+05:30,325,Hyderabad,7,Meeralamandi,103,Carrot,103,Common,0.0,2.0,4000.0,4000.0,4000.0,0.0,0.0
2024-10-27 00:00:00+05:30,192,Jainath,26,Jainath,5,Maize,5,Common,0.0,30.0,2300.0,2300.0,2300.0,0.0,0.0
2024-10-27 00:00:00+05:30,329,Navabpet(MBNR),1483,Navabpet,5,Maize,5,Common,0.0,3655.0,1812.0,2502.0,2490.0,0.0,0.0
2024-10-27 00:00:00+05:30,208,Nizamabad,1080,Nizamabad,1,Paddy,241,Grade-A (Jai Sri Ram),0.0,1.0,2300.0,2300.0,2300.0,0.0,0.0
2024-10-27 00:00:00+05:30,243,Narsampet,1176,Narsampet,5,Maize,215,Hybrid New,0.0,492.64,2201.0,2521.0,2462.0,0.0,0.0
2024-10-27 00:00:00+05:30,367,Gudimalkapur,1571,Gudumalkapur,99,Cauliflower,99,Common,0.0,97.0,1000.0,5000.0,3000.0,0.0,0.0
2024-10-28 00:00:00+05:30,323,Gaddiannaram,2,L.B Nagar,101,Beet Root,101,Common,0.0,10.0,2000.0,3000.0,2500.0,0.0,0.0
2024-10-28 00:00:00+05:30,324,Bowenpally,3,Bowenpally,99,Cauliflower,99,Common,0.0,225.0,500.0,2000.0,1800.0,0.0,0.0
2024-10-28 00:00:00+05:30,325,Hyderabad,6,Madannapeta,101,Beet Root,101,Common,0.0,3.0,2500.0,2500.0,2500.0,0.0,0.0
2024-10-28 00:00:00+05:30,325,Hyderabad,7,Meeralamandi,103,Carrot,103,Common,0.0,2.0,4000.0,4000.0,4000.0,0.0,0.0
2024-10-28 00:00:00+05:30,192,Jainath,26,Jainath,5,Maize,5,Common,0.0,25.0,2300.0,2300.0,2300.0,0.0,0.0
2024-10-28 00:00:00+05:30,212,Choppadandi,1123,Choppadandi,1,Paddy,237,Grade-A(IR64),0.0,760.0,2077.0,2177.0,2155.0,0.0,0.0
2024-10-28 00:00:00+05:30,254,Enkoor,1078,Enkoor,25,Cotton,25,Common,0.0,461.0,5500.0,6200.0,5700.0,0.0,0.0
2024-10-28 00:00:00+05:30,208,Nizamabad,1080,Nizamabad,1,Paddy,241,Grade-A (Jai Sri Ram),0.0,1.0,2300.0,2300.0,2300.0,0.0,0.0
2024-10-28 00:00:00+05:30,290,Siddipet,1193,Siddipet,1,Paddy,237,Grade-A(IR64),0.0,249.25,2101.0,2130.0,2111.0,0.0,0.0
2024-10-28 00:00:00+05:30,292,Zaheerabad,1198,Zaheerabad,5,Maize,5,Common,0.0,209.0,1816.0,2456.0,2426.0,0.0,0.0
2024-10-28 00:00:00+05:30,300,Badepally,1327,Badepally,1,Paddy,256,Grade-A (RNR),0.0,15.0,2322.0,2322.0,2322.0,0.0,0.0
2024-10-28 00:00:00+05:30,367,Gudimalkapur,1571,Gudumalkapur,99,Cauliflower,99,Common,0.0,86.0,2000.0,5000.0,2500.0,0.0,0.0
2024-10-29 00:00:00+05:30,323,Gaddiannaram,2,L.B Nagar,101,Beet Root,101,Common,0.0,5.0,3000.0,3500.0,3200.0,0.0,0.0
2024-10-29 00:00:00+05:30,324,Bowenpally,3,Bowenpally,99,Cauliflower,99,Common,0.0,247.0,500.0,2000.0,1600.0,0.0,0.0
2024-10-28 00:00:00+05:30,329,Navabpet(MBNR),1483,Navabpet,5,Maize,5,Common,0.0,1023.0,2321.0,2502.0,2488.0,0.0,0.0
2024-10-29 00:00:00+05:30,325,Hyderabad,7,Meeralamandi,103,Carrot,103,Common,0.0,2.0,4000.0,5000.0,4500.0,0.0,0.0
2024-10-29 00:00:00+05:30,239,Kesamudram,1168,Kesamudram,1,Paddy,256,Grade-A (RNR),0.0,252.0,2239.0,2732.0,2409.0,0.0,0.0
2024-10-29 00:00:00+05:30,212,Choppadandi,1123,Choppadandi,1,Paddy,237,Grade-A(IR64),0.0,262.0,2106.0,2176.0,2176.0,0.0,0.0
2024-10-29 00:00:00+05:30,254,Enkoor,1078,Enkoor,25,Cotton,25,Common,0.0,498.0,5400.0,6000.0,5800.0,0.0,0.0
2024-10-29 00:00:00+05:30,208,Nizamabad,1080,Nizamabad,1,Paddy,241,Grade-A (Jai Sri Ram),0.0,3.0,2300.0,2300.0,2300.0,0.0,0.0
2024-10-29 00:00:00+05:30,290,Siddipet,1193,Siddipet,1,Paddy,237,Grade-A(IR64),0.0,302.29,2080.0,2118.0,2100.0,0.0,0.0
2024-10-29 00:00:00+05:30,283,Gajwel,1201,Gajwel,25,Cotton,25,Common,0.0,46.06,6700.0,6755.0,6750.0,0.0,0.0
2024-10-29 00:00:00+05:30,300,Badepally,1327,Badepally,1,Paddy,256,Grade-A (RNR),0.0,66.0,2411.0,2411.0,2411.0,0.0,0.0
2024-10-29 00:00:00+05:30,367,Gudimalkapur,1571,Gudumalkapur,99,Cauliflower,99,Common,0.0,84.0,1000.0,4000.0,2000.0,0.0,0.0
2024-10-30 00:00:00+05:30,323,Gaddiannaram,2,L.B Nagar,101,Beet Root,101,Common,0.0,12.0,3000.0,3500.0,3200.0,0.0,0.0
2024-10-30 00:00:00+05:30,324,Bowenpally,3,Bowenpally,99,Cauliflower,99,Common,0.0,183.0,500.0,2000.0,1600.0,0.0,0.0
2024-10-30 00:00:00+05:30,325,Hyderabad,6,Madannapeta,101,Beet Root,101,Common,0.0,5.0,2800.0,3000.0,2900.0,0.0,0.0
2024-10-30 00:00:00+05:30,325,Hyderabad,7,Meeralamandi,103,Carrot,103,Common,0.0,2.0,4500.0,5000.0,4750.0,0.0,0.0
2024-10-30 00:00:00+05:30,208,Nizamabad,1080,Nizamabad,1,Paddy,241,Grade-A (Jai Sri Ram),0.0,1.0,2300.0,2300.0,2300.0,0.0,0.0
2024-10-30 00:00:00+05:30,192,Jainath,26,Jainath,5,Maize,5,Common,0.0,25.0,2300.0,2300.0,2300.0,0.0,0.0
2024-10-30 00:00:00+05:30,239,Kesamudram,1168,Kesamudram,1,Paddy,256,Grade-A (RNR),0.0,28.0,2211.0,2541.0,2481.0,0.0,0.0
2024-10-30 00:00:00+05:30,283,Gajwel,1201,Gajwel,25,Cotton,25,Common,0.0,89.0,6695.0,6790.0,6710.0,0.0,0.0
2024-10-30 00:00:00+05:30,243,Narsampet,1176,Narsampet,5,Maize,215,Hybrid New,0.0,947.33,2091.0,2522.0,2426.0,0.0,0.0
2024-10-30 00:00:00+05:30,367,Gudimalkapur,1571,Gudumalkapur,99,Cauliflower,99,Common,0.0,158.0,1200.0,2000.0,1500.0,0.0,0.0
2024-10-30 00:00:00+05:30,310,Shadnagar,1330,Shadnagar,5,Maize,5,Common,0.0,718.24,2251.0,2408.0,2397.0,0.0,0.0
2024-10-30 00:00:00+05:30,300,Badepally,1327,Badepally,1,Paddy,256,Grade-A (RNR),0.0,297.0,2061.0,2121.0,2111.0,0.0,0.0
2024-10-31 00:00:00+05:30,323,Gaddiannaram,2,L.B Nagar,101,Beet Root,101,Common,0.0,12.0,3000.0,3500.0,3200.0,0.0,0.0
2024-10-31 00:00:00+05:30,324,Bowenpally,3,Bowenpally,99,Cauliflower,99,Common,0.0,272.0,500.0,2000.0,1600.0,0.0,0.0
2024-10-31 00:00:00+05:30,325,Hyderabad,6,Madannapeta,101,Beet Root,101,Common,0.0,3.0,3200.0,3200.0,3200.0,0.0,0.0
2024-10-31 00:00:00+05:30,325,Hyderabad,7,Meeralamandi,103,Carrot,103,Common,0.0,3.0,4500.0,5000.0,4750.0,0.0,0.0
2024-10-30 00:00:00+05:30,329,Navabpet(MBNR),1483,Navabpet,5,Maize,5,Common,0.0,3965.0,1820.0,2502.0,2470.0,0.0,0.0
2024-10-31 00:00:00+05:30,283,Gajwel,1201,Gajwel,25,Cotton,25,Common,0.0,10.0,6400.0,6630.0,6500.0,0.0,0.0
2024-10-31 00:00:00+05:30,367,Gudimalkapur,1571,Gudumalkapur,99,Cauliflower,99,Common,0.0,96.0,1000.0,3000.0,2000.0,0.0,0.0
2024-10-26 00:00:00+05:30,367,Gudimalkapur,1571,Gudumalkapur,101,Beet Root,101,Common,0.0,45.0,2000.0,2500.0,2000.0,0.0,0.0
2024-10-26 00:00:00+05:30,308,Nagarkurnool,1334,Nagarkurnool,5,Maize,5,Common,0.0,1095.12,1811.0,2429.0,2289.0,0.0,0.0
2024-10-26 00:00:00+05:30,312,Wanaparthy Town,1344,W.P.Town,5,Maize,5,Common,0.0,10.0,2140.0,2140.0,2140.0,0.0,0.0
2024-10-26 00:00:00+05:30,306,Mahbubnagar,1326,Mahaboobnagar,5,Maize,5,Common,0.0,413.0,1969.0,2449.0,2189.0,0.0,0.0
2024-10-26 00:00:00+05:30,289,Sadasivpet,1200,Sadasivapet,5,Maize,5,Common,0.0,70.0,2311.0,2411.0,2402.0,0.0,0.0
2024-10-26 00:00:00+05:30,243,Narsampet,1176,Narsampet,25,Cotton,25,Common,0.0,220.0,5500.0,6880.0,6550.0,0.0,0.0
2024-10-26 00:00:00+05:30,278,Suryapet,1091,Suryapet,1,Paddy,241,Grade-A (Jai Sri Ram),0.0,687.0,1886.0,3218.0,2419.0,0.0,0.0
2024-10-26 00:00:00+05:30,198,Luxettipet,27,Luxettipet,25,Cotton,25,Common,0.0,70.0,7570.0,7570.0,7570.0,0.0,0.0
2024-10-25 00:00:00+05:30,312,Wanaparthy Town,1344,W.P.Town,5,Maize,5,Common,0.0,95.0,2100.0,2266.0,2140.0,0.0,0.0
2024-10-25 00:00:00+05:30,308,Nagarkurnool,1334,Nagarkurnool,5,Maize,5,Common,0.0,1198.8,1959.0,2426.0,2336.0,0.0,0.0
2024-10-26 00:00:00+05:30,325,Hyderabad,6,Madannapeta,103,Carrot,103,Common,0.0,7.0,3000.0,4000.0,3500.0,0.0,0.0
2024-10-26 00:00:00+05:30,324,Bowenpally,3,Bowenpally,101,Beet Root,101,Common,0.0,791.0,600.0,2700.0,2300.0,0.0,0.0
2024-10-26 00:00:00+05:30,323,Gaddiannaram,2,L.B Nagar,103,Carrot,103,Common,0.0,59.0,4000.0,4500.0,4200.0,0.0,0.0
2024-10-25 00:00:00+05:30,367,Gudimalkapur,1571,Gudumalkapur,101,Beet Root,101,Common,0.0,24.0,2000.0,2500.0,2000.0,0.0,0.0
2024-10-25 00:00:00+05:30,243,Narsampet,1176,Narsampet,25,Cotton,25,Common,0.0,183.5,6400.0,6900.0,6550.0,0.0,0.0
2024-10-25 00:00:00+05:30,208,Nizamabad,1080,Nizamabad,1,Paddy,270,Grade-A (1010),0.0,45.0,2300.0,2300.0,2300.0,0.0,0.0
2024-10-25 00:00:00+05:30,278,Suryapet,1091,Suryapet,1,Paddy,241,Grade-A (Jai Sri Ram),0.0,1018.0,1756.0,3216.0,2749.0,0.0,0.0
2024-10-25 00:00:00+05:30,227,Peddapally,1122,Peddapally,25,Cotton,25,Common,0.0,571.5,6200.0,6810.0,6600.0,0.0,0.0
2024-10-25 00:00:00+05:30,317,Pargi,39,Pargi,5,Maize,5,Common,0.0,896.0,2449.0,2515.0,2475.0,0.0,0.0
2024-10-24 00:00:00+05:30,299,Atmakur(WNP),1343,Atmakur,31,Castor,31,Common,0.0,4.5,6000.0,6000.0,6000.0,0.0,0.0
2024-10-24 00:00:00+05:30,331,Vantimamidi,1612,Vantimamidi,98,Cabbage,98,Common,0.0,18.0,500.0,1000.0,750.0,0.0,0.0
2024-10-25 00:00:00+05:30,325,Hyderabad,6,Madannapeta,103,Carrot,103,Common,0.0,15.0,3000.0,4000.0,3500.0,0.0,0.0
2024-10-25 00:00:00+05:30,323,Gaddiannaram,2,L.B Nagar,103,Carrot,103,Common,0.0,43.0,4000.0,4500.0,4200.0,0.0,0.0
2024-10-24 00:00:00+05:30,367,Gudimalkapur,1571,Gudumalkapur,101,Beet Root,101,Common,0.0,30.0,2000.0,2500.0,2000.0,0.0,0.0
2024-10-24 00:00:00+05:30,243,Narsampet,1176,Narsampet,25,Cotton,25,Common,0.0,149.0,6300.0,6950.0,6575.0,0.0,0.0
2024-10-24 00:00:00+05:30,231,Vemulawada,1126,Vemulawada,5,Maize,5,Common,0.0,546.0,2225.0,2225.0,2225.0,0.0,0.0
2024-10-24 00:00:00+05:30,308,Nagarkurnool,1334,Nagarkurnool,5,Maize,5,Common,0.0,1032.0,1861.0,2395.0,2269.0,0.0,0.0
2024-10-24 00:00:00+05:30,289,Sadasivpet,1200,Sadasivapet,5,Maize,5,Common,0.0,4.0,2351.0,2351.0,2351.0,0.0,0.0
2024-10-24 00:00:00+05:30,306,Mahbubnagar,1326,Mahaboobnagar,5,Maize,5,Common,0.0,644.0,1569.0,2414.0,2221.0,0.0,0.0
2024-10-24 00:00:00+05:30,227,Peddapally,1122,Peddapally,25,Cotton,25,Common,0.0,337.5,6250.0,6770.0,6600.0,0.0,0.0
2024-10-24 00:00:00+05:30,212,Choppadandi,1123,Choppadandi,1,Paddy,238,Grade-A (BPT),0.0,2.0,2850.0,2850.0,2850.0,0.0,0.0
2024-10-24 00:00:00+05:30,278,Suryapet,1091,Suryapet,1,Paddy,241,Grade-A (Jai Sri Ram),0.0,675.0,1706.0,3159.0,2289.0,0.0,0.0
2024-10-24 00:00:00+05:30,325,Hyderabad,7,Meeralamandi,105,Potato,105,Common,0.0,9.0,2000.0,2200.0,2100.0,0.0,0.0
2024-10-23 00:00:00+05:30,346,Rudrangi,1583,Rudrangi,5,Maize,5,Common,0.0,230.0,2225.0,2225.0,2225.0,0.0,0.0
2024-10-24 00:00:00+05:30,320,Tandur,37,Tandur,5,Maize,5,Common,0.0,32.0,2150.0,2150.0,2150.0,0.0,0.0
2024-10-24 00:00:00+05:30,325,Hyderabad,6,Madannapeta,103,Carrot,103,Common,0.0,8.0,3000.0,4000.0,3500.0,0.0,0.0
2024-10-24 00:00:00+05:30,323,Gaddiannaram,2,L.B Nagar,103,Carrot,103,Common,0.0,45.0,4000.0,4500.0,4200.0,0.0,0.0
2024-10-24 00:00:00+05:30,324,Bowenpally,3,Bowenpally,101,Beet Root,101,Common,0.0,459.0,500.0,2600.0,2000.0,0.0,0.0
2024-10-23 00:00:00+05:30,331,Vantimamidi,1612,Vantimamidi,98,Cabbage,98,Common,0.0,14.0,1000.0,2000.0,1500.0,0.0,0.0
2024-10-23 00:00:00+05:30,367,Gudimalkapur,1571,Gudumalkapur,101,Beet Root,101,Common,0.0,55.0,2000.0,2200.0,2000.0,0.0,0.0
2024-10-23 00:00:00+05:30,308,Nagarkurnool,1334,Nagarkurnool,5,Maize,5,Common,0.0,399.6,1529.0,2371.0,2188.0,0.0,0.0
2024-10-23 00:00:00+05:30,227,Peddapally,1122,Peddapally,25,Cotton,25,Common,0.0,793.0,6250.0,6700.0,6550.0,0.0,0.0
2024-10-23 00:00:00+05:30,243,Narsampet,1176,Narsampet,25,Cotton,25,Common,0.0,285.0,6100.0,7000.0,6650.0,0.0,0.0
2024-10-23 00:00:00+05:30,306,Mahbubnagar,1326,Mahaboobnagar,5,Maize,5,Common,0.0,209.0,1511.0,2394.0,2216.0,0.0,0.0
2024-10-22 00:00:00+05:30,346,Rudrangi,1583,Rudrangi,5,Maize,5,Common,0.0,89.0,2225.0,2225.0,2225.0,0.0,0.0
2024-10-23 00:00:00+05:30,278,Suryapet,1091,Suryapet,1,Paddy,241,Grade-A (Jai Sri Ram),0.0,911.0,1566.0,3169.0,2679.0,0.0,0.0
2024-10-23 00:00:00+05:30,325,Hyderabad,6,Madannapeta,103,Carrot,103,Common,0.0,15.0,4000.0,5000.0,4500.0,0.0,0.0
2024-10-23 00:00:00+05:30,324,Bowenpally,3,Bowenpally,101,Beet Root,101,Common,0.0,499.0,600.0,2600.0,2000.0,0.0,0.0
2024-10-23 00:00:00+05:30,323,Gaddiannaram,2,L.B Nagar,103,Carrot,103,Common,0.0,60.0,4000.0,4500.0,4200.0,0.0,0.0
2024-10-22 00:00:00+05:30,331,Vantimamidi,1612,Vantimamidi,98,Cabbage,98,Common,0.0,17.0,500.0,1500.0,1000.0,0.0,0.0
2024-10-22 00:00:00+05:30,367,Gudimalkapur,1571,Gudumalkapur,101,Beet Root,101,Common,0.0,50.0,1500.0,2000.0,1500.0,0.0,0.0
2024-10-22 00:00:00+05:30,227,Peddapally,1122,Peddapally,25,Cotton,25,Common,0.0,243.0,6250.0,6880.0,6680.0,0.0,0.0
2024-10-22 00:00:00+05:30,308,Nagarkurnool,1334,Nagarkurnool,5,Maize,5,Common,0.0,565.0,1769.0,2395.0,2146.0,0.0,0.0
2024-10-22 00:00:00+05:30,306,Mahbubnagar,1326,Mahaboobnagar,5,Maize,5,Common,0.0,513.0,1511.0,2382.0,2161.0,0.0,0.0
2024-10-22 00:00:00+05:30,278,Suryapet,1091,Suryapet,1,Paddy,241,Grade-A (Jai Sri Ram),0.0,633.0,1569.0,3109.0,2809.0,0.0,0.0
2024-10-22 00:00:00+05:30,325,Hyderabad,7,Meeralamandi,105,Potato,105,Common,0.0,13.0,2000.0,2200.0,2100.0,0.0,0.0
2024-10-21 00:00:00+05:30,346,Rudrangi,1583,Rudrangi,5,Maize,5,Common,0.0,89.0,2225.0,2225.0,2225.0,0.0,0.0
2024-10-22 00:00:00+05:30,325,Hyderabad,6,Madannapeta,103,Carrot,103,Common,0.0,15.0,3000.0,4000.0,3500.0,0.0,0.0
2024-10-22 00:00:00+05:30,324,Bowenpally,3,Bowenpally,101,Beet Root,101,Common,0.0,711.0,500.0,2500.0,2000.0,0.0,0.0
2024-10-21 00:00:00+05:30,308,Nagarkurnool,1334,Nagarkurnool,5,Maize,5,Common,0.0,927.0,1600.0,2380.0,1940.0,0.0,0.0
2024-10-22 00:00:00+05:30,323,Gaddiannaram,2,L.B Nagar,103,Carrot,103,Common,0.0,47.0,4000.0,4500.0,4200.0,0.0,0.0
2024-10-21 00:00:00+05:30,306,Mahbubnagar,1326,Mahaboobnagar,5,Maize,5,Common,0.0,541.0,1611.0,2382.0,2179.0,0.0,0.0
2024-10-21 00:00:00+05:30,331,Vantimamidi,1612,Vantimamidi,98,Cabbage,98,Common,0.0,1.0,2000.0,2000.0,2000.0,0.0,0.0
2024-10-21 00:00:00+05:30,367,Gudimalkapur,1571,Gudumalkapur,101,Beet Root,101,Common,0.0,72.0,1200.0,2000.0,1800.0,0.0,0.0
2024-10-20 00:00:00+05:30,329,Navabpet(MBNR),1483,Navabpet,6,Jowar,6,Common,0.0,6.0,2012.0,2012.0,2012.0,0.0,0.0
2024-10-20 00:00:00+05:30,243,Narsampet,1176,Narsampet,25,Cotton,25,Common,0.0,75.5,5800.0,6950.0,6600.0,0.0,0.0
2024-10-21 00:00:00+05:30,227,Peddapally,1122,Peddapally,25,Cotton,25,Common,0.0,416.7,6590.0,6950.0,6700.0,0.0,0.0
2024-10-21 00:00:00+05:30,278,Suryapet,1091,Suryapet,1,Paddy,241,Grade-A (Jai Sri Ram),0.0,474.0,2006.0,3006.0,2344.0,0.0,0.0
2024-10-21 00:00:00+05:30,325,Hyderabad,5,Mahabubmansion,54,Chillies(Dry),268,Talu,0.0,20.0,4000.0,6000.0,5000.0,0.0,0.0
2024-10-21 00:00:00+05:30,325,Hyderabad,6,Madannapeta,103,Carrot,103,Common,0.0,14.0,3000.0,4000.0,3500.0,0.0,0.0
2024-10-21 00:00:00+05:30,324,Bowenpally,3,Bowenpally,101,Beet Root,101,Common,0.0,365.0,500.0,2600.0,2300.0,0.0,0.0
2024-10-21 00:00:00+05:30,323,Gaddiannaram,2,L.B Nagar,103,Carrot,103,Common,0.0,46.0,4000.0,4500.0,4200.0,0.0,0.0
2024-10-20 00:00:00+05:30,367,Gudimalkapur,1571,Gudumalkapur,101,Beet Root,101,Common,0.0,77.0,1500.0,2000.0,1800.0,0.0,0.0
2024-10-20 00:00:00+05:30,323,Gaddiannaram,2,L.B Nagar,103,Carrot,103,Common,0.0,35.0,4000.0,4500.0,4200.0,0.0,0.0
2024-10-20 00:00:00+05:30,325,Hyderabad,6,Madannapeta,103,Carrot,103,Common,0.0,4.0,4000.0,4000.0,4000.0,0.0,0.0
2024-10-20 00:00:00+05:30,324,Bowenpally,3,Bowenpally,101,Beet Root,101,Common,0.0,807.0,1000.0,2800.0,2200.0,0.0,0.0
2024-10-19 00:00:00+05:30,308,Nagarkurnool,1334,Nagarkurnool,5,Maize,5,Common,0.0,153.84,1729.0,2392.0,2278.0,0.0,0.0
2024-10-19 00:00:00+05:30,331,Vantimamidi,1612,Vantimamidi,98,Cabbage,98,Common,0.0,9.0,1000.0,1500.0,1250.0,0.0,0.0
2024-10-19 00:00:00+05:30,367,Gudimalkapur,1571,Gudumalkapur,101,Beet Root,101,Common,0.0,64.0,1500.0,2500.0,1500.0,0.0,0.0
2024-10-19 00:00:00+05:30,243,Narsampet,1176,Narsampet,25,Cotton,25,Common,0.0,161.5,6200.0,7000.0,6650.0,0.0,0.0
2024-10-19 00:00:00+05:30,306,Mahbubnagar,1326,Mahaboobnagar,5,Maize,5,Common,0.0,158.0,1622.0,2322.0,2222.0,0.0,0.0
2024-10-19 00:00:00+05:30,278,Suryapet,1091,Suryapet,1,Paddy,241,Grade-A (Jai Sri Ram),0.0,436.0,1856.0,3159.0,3014.0,0.0,0.0
2024-10-19 00:00:00+05:30,325,Hyderabad,7,Meeralamandi,105,Potato,105,Common,0.0,27.0,2000.0,3000.0,2500.0,0.0,0.0
2024-10-19 00:00:00+05:30,325,Hyderabad,6,Madannapeta,103,Carrot,103,Common,0.0,8.0,3000.0,4000.0,3500.0,0.0,0.0
2024-10-18 00:00:00+05:30,308,Nagarkurnool,1334,Nagarkurnool,5,Maize,5,Common,0.0,364.5,1709.0,2319.0,2319.0,0.0,0.0
2024-10-19 00:00:00+05:30,325,Hyderabad,5,Mahabubmansion,54,Chillies(Dry),268,Talu,0.0,179.0,3000.0,6000.0,5000.0,0.0,0.0
2024-10-19 00:00:00+05:30,323,Gaddiannaram,2,L.B Nagar,103,Carrot,103,Common,0.0,48.0,4000.0,4500.0,4200.0,0.0,0.0
2024-10-19 00:00:00+05:30,324,Bowenpally,3,Bowenpally,101,Beet Root,101,Common,0.0,848.0,500.0,2600.0,2000.0,0.0,0.0
2024-10-18 00:00:00+05:30,331,Vantimamidi,1612,Vantimamidi,98,Cabbage,98,Common,0.0,4.0,1000.0,2000.0,1500.0,0.0,0.0
2024-10-18 00:00:00+05:30,367,Gudimalkapur,1571,Gudumalkapur,101,Beet Root,101,Common,0.0,74.0,1500.0,2000.0,1500.0,0.0,0.0
2024-10-18 00:00:00+05:30,292,Zaheerabad,1198,Zaheerabad,6,Jowar,225,White,0.0,11.0,1842.0,1842.0,1842.0,0.0,0.0
2024-10-18 00:00:00+05:30,243,Narsampet,1176,Narsampet,25,Cotton,25,Common,0.0,109.0,6000.0,6900.0,6500.0,0.0,0.0
2024-10-18 00:00:00+05:30,306,Mahbubnagar,1326,Mahaboobnagar,5,Maize,5,Common,0.0,193.0,1312.0,2267.0,2267.0,0.0,0.0
2024-10-18 00:00:00+05:30,317,Pargi,39,Pargi,5,Maize,5,Common,0.0,366.0,2151.0,2555.0,2530.0,0.0,0.0
2024-10-18 00:00:00+05:30,278,Suryapet,1091,Suryapet,1,Paddy,241,Grade-A (Jai Sri Ram),0.0,384.0,2076.0,3029.0,2689.0,0.0,0.0
2024-10-18 00:00:00+05:30,325,Hyderabad,6,Madannapeta,103,Carrot,103,Common,0.0,4.0,4000.0,4000.0,4000.0,0.0,0.0
2024-10-17 00:00:00+05:30,243,Narsampet,1176,Narsampet,25,Cotton,25,Common,0.0,78.0,6300.0,6800.0,6500.0,0.0,0.0
2024-10-17 00:00:00+05:30,306,Mahbubnagar,1326,Mahaboobnagar,5,Maize,5,Common,0.0,219.0,1419.0,2374.0,1649.0,0.0,0.0
2024-10-17 00:00:00+05:30,312,Wanaparthy Town,1344,W.P.Town,5,Maize,5,Common,0.0,89.0,1831.0,2101.0,2101.0,0.0,0.0
2024-10-18 00:00:00+05:30,325,Hyderabad,5,Mahabubmansion,54,Chillies(Dry),268,Talu,0.0,4.0,4000.0,6000.0,7000.0,0.0,0.0
2024-10-18 00:00:00+05:30,323,Gaddiannaram,2,L.B Nagar,103,Carrot,103,Common,0.0,44.0,4000.0,4500.0,4200.0,0.0,0.0
2024-10-18 00:00:00+05:30,324,Bowenpally,3,Bowenpally,101,Beet Root,101,Common,0.0,659.0,500.0,2500.0,2000.0,0.0,0.0
2024-10-17 00:00:00+05:30,367,Gudimalkapur,1571,Gudumalkapur,101,Beet Root,101,Common,0.0,29.0,2000.0,2000.0,2000.0,0.0,0.0
2024-10-17 00:00:00+05:30,308,Nagarkurnool,1334,Nagarkurnool,5,Maize,5,Common,0.0,239.22,1849.0,2289.0,1929.0,0.0,0.0
2024-10-17 00:00:00+05:30,331,Vantimamidi,1612,Vantimamidi,98,Cabbage,98,Common,0.0,1.0,1800.0,1800.0,1800.0,0.0,0.0
2024-10-17 00:00:00+05:30,292,Zaheerabad,1198,Zaheerabad,6,Jowar,225,White,0.0,7.0,2062.0,2272.0,2062.0,0.0,0.0
2024-10-17 00:00:00+05:30,278,Suryapet,1091,Suryapet,1,Paddy,241,Grade-A (Jai Sri Ram),0.0,340.0,2159.0,3141.0,2709.0,0.0,0.0
2024-10-17 00:00:00+05:30,325,Hyderabad,5,Mahabubmansion,54,Chillies(Dry),268,Talu,0.0,39.0,4000.0,6000.0,7000.0,0.0,0.0
2024-10-17 00:00:00+05:30,323,Gaddiannaram,2,L.B Nagar,103,Carrot,103,Common,0.0,50.0,3000.0,4000.0,3500.0,0.0,0.0
2024-10-17 00:00:00+05:30,325,Hyderabad,6,Madannapeta,103,Carrot,103,Common,0.0,5.0,4000.0,4000.0,4000.0,0.0,0.0
2024-10-16 00:00:00+05:30,312,Wanaparthy Town,1344,W.P.Town,5,Maize,5,Common,0.0,108.0,1850.0,2101.0,1850.0,0.0,0.0
2024-10-16 00:00:00+05:30,331,Vantimamidi,1612,Vantimamidi,98,Cabbage,98,Common,0.0,12.0,1000.0,1500.0,1250.0,0.0,0.0
2024-10-17 00:00:00+05:30,324,Bowenpally,3,Bowenpally,101,Beet Root,101,Common,0.0,446.0,500.0,2700.0,2000.0,0.0,0.0
2024-10-16 00:00:00+05:30,367,Gudimalkapur,1571,Gudumalkapur,101,Beet Root,101,Common,0.0,55.0,1200.0,2000.0,1500.0,0.0,0.0
2024-10-16 00:00:00+05:30,306,Mahbubnagar,1326,Mahaboobnagar,5,Maize,5,Common,0.0,235.0,1319.0,2392.0,2392.0,0.0,0.0
2024-10-16 00:00:00+05:30,308,Nagarkurnool,1334,Nagarkurnool,5,Maize,5,Common,0.0,172.3,1789.0,2369.0,1988.0,0.0,0.0
2024-10-16 00:00:00+05:30,243,Narsampet,1176,Narsampet,25,Cotton,25,Common,0.0,53.5,6600.0,6700.0,6700.0,0.0,0.0
2024-10-16 00:00:00+05:30,278,Suryapet,1091,Suryapet,1,Paddy,241,Grade-A (Jai Sri Ram),0.0,305.0,2329.0,3139.0,2732.0,0.0,0.0
2024-10-16 00:00:00+05:30,208,Nizamabad,1080,Nizamabad,1,Paddy,270,Grade-A (1010),0.0,15.0,2009.0,2009.0,2009.0,0.0,0.0
2024-10-16 00:00:00+05:30,320,Tandur,37,Tandur,5,Maize,5,Common,0.0,19.0,2305.0,2425.0,2425.0,0.0,0.0
2024-10-16 00:00:00+05:30,188,Bhainsa,11,Bhainsa,6,Jowar,226,Hybrid,0.0,5.65,1867.0,1967.0,1967.0,0.0,0.0
2024-10-16 00:00:00+05:30,324,Bowenpally,3,Bowenpally,101,Beet Root,101,Common,0.0,424.0,500.0,2700.0,2000.0,0.0,0.0
2024-10-16 00:00:00+05:30,325,Hyderabad,5,Mahabubmansion,54,Chillies(Dry),268,Talu,0.0,59.0,4000.0,6000.0,5000.0,0.0,0.0
2024-10-16 00:00:00+05:30,325,Hyderabad,6,Madannapeta,103,Carrot,103,Common,0.0,6.0,4000.0,5000.0,4500.0,0.0,0.0
2024-10-16 00:00:00+05:30,323,Gaddiannaram,2,L.B Nagar,103,Carrot,103,Common,0.0,35.0,3000.0,4000.0,3500.0,0.0,0.0
2024-10-15 00:00:00+05:30,306,Mahbubnagar,1326,Mahaboobnagar,5,Maize,5,Common,0.0,468.0,1612.0,2406.0,2319.0,0.0,0.0
2024-10-15 00:00:00+05:30,308,Nagarkurnool,1334,Nagarkurnool,5,Maize,5,Common,0.0,121.3,1789.0,2388.0,1890.0,0.0,0.0
2024-10-15 00:00:00+05:30,367,Gudimalkapur,1571,Gudumalkapur,101,Beet Root,101,Common,0.0,70.0,1000.0,1500.0,1000.0,0.0,0.0
2024-10-15 00:00:00+05:30,331,Vantimamidi,1612,Vantimamidi,98,Cabbage,98,Common,0.0,14.0,2000.0,2000.0,2000.0,0.0,0.0
2024-10-15 00:00:00+05:30,188,Bhainsa,11,Bhainsa,6,Jowar,226,Hybrid,0.0,2.91,1951.0,1951.0,1951.0,0.0,0.0
2024-10-14 00:00:00+05:30,308,Nagarkurnool,1334,Nagarkurnool,5,Maize,5,Common,0.0,669.6,1701.0,2374.0,2029.0,0.0,0.0
2024-10-15 00:00:00+05:30,278,Suryapet,1091,Suryapet,1,Paddy,241,Grade-A (Jai Sri Ram),0.0,345.0,1989.0,3129.0,3122.0,0.0,0.0
2024-10-15 00:00:00+05:30,208,Nizamabad,1080,Nizamabad,1,Paddy,270,Grade-A (1010),0.0,6.0,2019.0,2019.0,2019.0,0.0,0.0
2024-10-15 00:00:00+05:30,324,Bowenpally,3,Bowenpally,101,Beet Root,101,Common,0.0,558.0,500.0,2200.0,1800.0,0.0,0.0
2024-10-15 00:00:00+05:30,323,Gaddiannaram,2,L.B Nagar,103,Carrot,103,Common,0.0,40.0,3000.0,4000.0,3500.0,0.0,0.0
2024-10-15 00:00:00+05:30,325,Hyderabad,6,Madannapeta,103,Carrot,103,Common,0.0,13.0,3000.0,4500.0,3750.0,0.0,0.0
2024-10-15 00:00:00+05:30,325,Hyderabad,5,Mahabubmansion,54,Chillies(Dry),268,Talu,0.0,16.0,5000.0,7000.0,6000.0,0.0,0.0
2024-10-14 00:00:00+05:30,367,Gudimalkapur,1571,Gudumalkapur,101,Beet Root,101,Common,0.0,25.0,1500.0,2000.0,1500.0,0.0,0.0
2024-10-14 00:00:00+05:30,331,Vantimamidi,1612,Vantimamidi,98,Cabbage,98,Common,0.0,6.0,1000.0,1500.0,1250.0,0.0,0.0
2024-10-14 00:00:00+05:30,299,Atmakur(WNP),1343,Atmakur,31,Castor,31,Common,0.0,1.5,5800.0,5800.0,5800.0,0.0,0.0
2024-10-14 00:00:00+05:30,292,Zaheerabad,1198,Zaheerabad,6,Jowar,225,White,0.0,1.0,2311.0,2311.0,2311.0,0.0,0.0
2024-10-14 00:00:00+05:30,243,Narsampet,1176,Narsampet,25,Cotton,25,Common,0.0,30.0,6000.0,6880.0,6500.0,0.0,0.0
2024-10-14 00:00:00+05:30,306,Mahbubnagar,1326,Mahaboobnagar,5,Maize,5,Common,0.0,376.0,1309.0,2403.0,2367.0,0.0,0.0
2024-10-14 00:00:00+05:30,278,Suryapet,1091,Suryapet,1,Paddy,241,Grade-A (Jai Sri Ram),0.0,266.0,2092.0,2949.0,2939.0,0.0,0.0
2024-10-14 00:00:00+05:30,325,Hyderabad,6,Madannapeta,103,Carrot,103,Common,0.0,7.0,3000.0,3500.0,3250.0,0.0,0.0
2024-10-14 00:00:00+05:30,323,Gaddiannaram,2,L.B Nagar,103,Carrot,103,Common,0.0,37.0,3000.0,4000.0,3500.0,0.0,0.0
2024-10-14 00:00:00+05:30,325,Hyderabad,5,Mahabubmansion,54,Chillies(Dry),268,Talu,0.0,1.0,5000.0,5000.0,5000.0,0.0,0.0
2024-10-14 00:00:00+05:30,324,Bowenpally,3,Bowenpally,101,Beet Root,101,Common,0.0,485.0,500.0,2200.0,1800.0,0.0,0.0
2024-10-13 00:00:00+05:30,331,Vantimamidi,1612,Vantimamidi,98,Cabbage,98,Common,0.0,5.0,800.0,800.0,800.0,0.0,0.0
2024-10-13 00:00:00+05:30,367,Gudimalkapur,1571,Gudumalkapur,101,Beet Root,101,Common,0.0,32.0,1500.0,1500.0,2000.0,0.0,0.0
2024-10-13 00:00:00+05:30,325,Hyderabad,6,Madannapeta,103,Carrot,103,Common,0.0,6.0,3000.0,4000.0,3500.0,0.0,0.0
2024-10-13 00:00:00+05:30,324,Bowenpally,3,Bowenpally,101,Beet Root,101,Common,0.0,431.0,500.0,2500.0,2000.0,0.0,0.0
2024-10-12 00:00:00+05:30,367,Gudimalkapur,1571,Gudumalkapur,101,Beet Root,101,Common,0.0,12.0,1500.0,1500.0,1500.0,0.0,0.0
2024-10-12 00:00:00+05:30,325,Hyderabad,6,Madannapeta,103,Carrot,103,Common,0.0,8.0,3000.0,4000.0,3500.0,0.0,0.0
2024-10-12 00:00:00+05:30,324,Bowenpally,3,Bowenpally,101,Beet Root,101,Common,0.0,153.0,500.0,2000.0,1600.0,0.0,0.0
2024-10-12 00:00:00+05:30,323,Gaddiannaram,2,L.B Nagar,103,Carrot,103,Common,0.0,16.0,3000.0,4000.0,3500.0,0.0,0.0
2024-10-11 00:00:00+05:30,367,Gudimalkapur,1571,Gudumalkapur,101,Beet Root,101,Common,0.0,45.0,1000.0,1600.0,1000.0,0.0,0.0
2024-10-10 00:00:00+05:30,312,Wanaparthy Town,1344,W.P.Town,5,Maize,5,Common,0.0,191.0,1811.0,2251.0,1811.0,0.0,0.0
2024-10-11 00:00:00+05:30,240,Kodakandla,1186,Kodakandala,25,Cotton,25,Common,0.0,70.0,0.0,0.0,7000.0,0.0,0.0
2024-10-11 00:00:00+05:30,325,Hyderabad,5,Mahabubmansion,54,Chillies(Dry),268,Talu,0.0,10.0,4000.0,7000.0,8000.0,0.0,0.0
2024-10-11 00:00:00+05:30,317,Pargi,39,Pargi,5,Maize,5,Common,0.0,991.0,2000.0,2541.0,2511.0,0.0,0.0
2024-10-11 00:00:00+05:30,323,Gaddiannaram,2,L.B Nagar,103,Carrot,103,Common,0.0,38.0,3000.0,4000.0,3500.0,0.0,0.0
2024-10-11 00:00:00+05:30,325,Hyderabad,6,Madannapeta,103,Carrot,103,Common,0.0,13.0,3000.0,4000.0,3500.0,0.0,0.0
2024-10-11 00:00:00+05:30,324,Bowenpally,3,Bowenpally,101,Beet Root,101,Common,0.0,337.0,500.0,2000.0,1600.0,0.0,0.0
2024-10-10 00:00:00+05:30,367,Gudimalkapur,1571,Gudumalkapur,101,Beet Root,101,Common,0.0,70.0,1000.0,1500.0,1200.0,0.0,0.0
2024-10-10 00:00:00+05:30,308,Nagarkurnool,1334,Nagarkurnool,5,Maize,5,Common,0.0,321.3,1749.0,2366.0,2338.0,0.0,0.0
2024-10-10 00:00:00+05:30,188,Bhainsa,11,Bhainsa,6,Jowar,226,Hybrid,0.0,1.67,1969.0,1969.0,1969.0,0.0,0.0
2024-10-09 00:00:00+05:30,346,Rudrangi,1583,Rudrangi,5,Maize,5,Common,0.0,179.0,2225.0,2225.0,2225.0,0.0,0.0
2024-10-10 00:00:00+05:30,325,Hyderabad,6,Madannapeta,103,Carrot,103,Common,0.0,8.0,3000.0,4000.0,3500.0,0.0,0.0
2024-10-10 00:00:00+05:30,323,Gaddiannaram,2,L.B Nagar,103,Carrot,103,Common,0.0,39.0,3000.0,4000.0,3500.0,0.0,0.0
2024-10-10 00:00:00+05:30,325,Hyderabad,5,Mahabubmansion,54,Chillies(Dry),268,Talu,0.0,17.0,3000.0,6000.0,5000.0,0.0,0.0
2024-10-10 00:00:00+05:30,324,Bowenpally,3,Bowenpally,101,Beet Root,101,Common,0.0,437.0,500.0,2000.0,1600.0,0.0,0.0
2024-10-09 00:00:00+05:30,308,Nagarkurnool,1334,Nagarkurnool,5,Maize,5,Common,0.0,240.84,2021.0,2401.0,2368.0,0.0,0.0
2024-10-09 00:00:00+05:30,312,Wanaparthy Town,1344,W.P.Town,5,Maize,5,Common,0.0,591.0,1650.0,5409.0,2346.0,0.0,0.0
2024-10-09 00:00:00+05:30,306,Mahbubnagar,1326,Mahaboobnagar,5,Maize,5,Common,0.0,580.0,1302.0,2419.0,2266.0,0.0,0.0
2024-10-09 00:00:00+05:30,367,Gudimalkapur,1571,Gudumalkapur,101,Beet Root,101,Common,0.0,69.0,1300.0,1500.0,1400.0,0.0,0.0
2024-10-09 00:00:00+05:30,240,Kodakandla,1186,Kodakandala,25,Cotton,25,Common,0.0,70.0,0.0,0.0,7000.0,0.0,0.0
2024-10-09 00:00:00+05:30,325,Hyderabad,7,Meeralamandi,105,Potato,105,Common,0.0,60.0,2000.0,2000.0,2000.0,0.0,0.0
2024-10-09 00:00:00+05:30,325,Hyderabad,6,Madannapeta,103,Carrot,103,Common,0.0,11.0,3500.0,4000.0,3750.0,0.0,0.0
2024-10-09 00:00:00+05:30,324,Bowenpally,3,Bowenpally,101,Beet Root,101,Common,0.0,595.0,500.0,2000.0,1600.0,0.0,0.0
2024-10-08 00:00:00+05:30,308,Nagarkurnool,1334,Nagarkurnool,5,Maize,5,Common,0.0,420.66,2101.0,2381.0,2129.0,0.0,0.0
2024-10-09 00:00:00+05:30,323,Gaddiannaram,2,L.B Nagar,103,Carrot,103,Common,0.0,37.0,3000.0,4000.0,3500.0,0.0,0.0
2024-10-08 00:00:00+05:30,367,Gudimalkapur,1571,Gudumalkapur,101,Beet Root,101,Common,0.0,57.0,1000.0,1500.0,1200.0,0.0,0.0
2024-10-08 00:00:00+05:30,331,Vantimamidi,1612,Vantimamidi,98,Cabbage,98,Common,0.0,23.0,2000.0,3500.0,2750.0,0.0,0.0
2024-10-08 00:00:00+05:30,320,Tandur,37,Tandur,5,Maize,5,Common,0.0,9.0,2430.0,2430.0,2430.0,0.0,0.0
2024-10-07 00:00:00+05:30,308,Nagarkurnool,1334,Nagarkurnool,5,Maize,5,Common,0.0,858.06,2029.0,2419.0,2209.0,0.0,0.0
2024-10-08 00:00:00+05:30,306,Mahbubnagar,1326,Mahaboobnagar,5,Maize,5,Common,0.0,544.0,1209.0,2412.0,2372.0,0.0,0.0
2024-10-08 00:00:00+05:30,325,Hyderabad,5,Mahabubmansion,54,Chillies(Dry),268,Talu,0.0,20.0,4000.0,6000.0,5000.0,0.0,0.0
2024-10-08 00:00:00+05:30,325,Hyderabad,6,Madannapeta,103,Carrot,103,Common,0.0,15.0,3500.0,4000.0,3750.0,0.0,0.0
2024-10-07 00:00:00+05:30,331,Vantimamidi,1612,Vantimamidi,98,Cabbage,98,Common,0.0,21.0,500.0,1500.0,1000.0,0.0,0.0
2024-10-08 00:00:00+05:30,324,Bowenpally,3,Bowenpally,101,Beet Root,101,Common,0.0,642.0,500.0,2200.0,1800.0,0.0,0.0
2024-10-08 00:00:00+05:30,323,Gaddiannaram,2,L.B Nagar,103,Carrot,103,Common,0.0,40.0,3000.0,4000.0,3500.0,0.0,0.0
2024-10-07 00:00:00+05:30,367,Gudimalkapur,1571,Gudumalkapur,101,Beet Root,101,Common,0.0,43.0,1200.0,2000.0,1500.0,0.0,0.0
2024-10-07 00:00:00+05:30,240,Kodakandla,1186,Kodakandala,25,Cotton,25,Common,0.0,145.0,0.0,0.0,7000.0,0.0,0.0
2024-10-07 00:00:00+05:30,306,Mahbubnagar,1326,Mahaboobnagar,5,Maize,5,Common,0.0,428.0,1712.0,2417.0,1912.0,0.0,0.0
2024-10-07 00:00:00+05:30,212,Choppadandi,1123,Choppadandi,1,Paddy,238,Grade-A (BPT),0.0,1.0,2256.0,2256.0,2256.0,0.0,0.0
2024-10-07 00:00:00+05:30,243,Narsampet,1176,Narsampet,25,Cotton,25,Common,0.0,147.0,6550.0,7010.0,6800.0,0.0,0.0
2024-10-07 00:00:00+05:30,278,Suryapet,1091,Suryapet,1,Paddy,241,Grade-A (Jai Sri Ram),0.0,483.0,1649.0,3212.0,3109.0,0.0,0.0
2024-10-07 00:00:00+05:30,188,Bhainsa,11,Bhainsa,6,Jowar,226,Hybrid,0.0,12.63,1855.0,2039.0,2039.0,0.0,0.0
2024-10-07 00:00:00+05:30,325,Hyderabad,6,Madannapeta,103,Carrot,103,Common,0.0,11.0,3000.0,3500.0,3250.0,0.0,0.0
2024-10-07 00:00:00+05:30,323,Gaddiannaram,2,L.B Nagar,103,Carrot,103,Common,0.0,52.0,3000.0,4000.0,3500.0,0.0,0.0
2024-10-07 00:00:00+05:30,324,Bowenpally,3,Bowenpally,101,Beet Root,101,Common,0.0,539.0,500.0,2200.0,1800.0,0.0,0.0
2024-10-06 00:00:00+05:30,331,Vantimamidi,1612,Vantimamidi,98,Cabbage,98,Common,0.0,20.0,500.0,1000.0,750.0,0.0,0.0
2024-10-06 00:00:00+05:30,367,Gudimalkapur,1571,Gudumalkapur,101,Beet Root,101,Common,0.0,39.0,1000.0,1500.0,1200.0,0.0,0.0
2024-10-06 00:00:00+05:30,243,Narsampet,1176,Narsampet,25,Cotton,25,Common,0.0,50.5,6500.0,6850.0,6600.0,0.0,0.0
2024-10-06 00:00:00+05:30,325,Hyderabad,7,Meeralamandi,105,Potato,105,Common,0.0,39.0,2000.0,2200.0,2100.0,0.0,0.0
2024-10-06 00:00:00+05:30,325,Hyderabad,6,Madannapeta,103,Carrot,103,Common,0.0,16.0,3800.0,4000.0,3900.0,0.0,0.0
2024-10-06 00:00:00+05:30,324,Bowenpally,3,Bowenpally,101,Beet Root,101,Common,0.0,628.0,500.0,2300.0,1800.0,0.0,0.0
2024-10-06 00:00:00+05:30,323,Gaddiannaram,2,L.B Nagar,103,Carrot,103,Common,0.0,42.0,3000.0,4000.0,3500.0,0.0,0.0
2024-10-05 00:00:00+05:30,306,Mahbubnagar,1326,Mahaboobnagar,5,Maize,5,Common,0.0,262.0,1312.0,2403.0,1312.0,0.0,0.0
2024-10-05 00:00:00+05:30,312,Wanaparthy Town,1344,W.P.Town,5,Maize,5,Common,0.0,233.0,1911.0,2331.0,2331.0,0.0,0.0
2024-10-05 00:00:00+05:30,331,Vantimamidi,1612,Vantimamidi,98,Cabbage,98,Common,0.0,6.0,600.0,1000.0,800.0,0.0,0.0
2024-10-05 00:00:00+05:30,367,Gudimalkapur,1571,Gudumalkapur,101,Beet Root,101,Common,0.0,66.0,800.0,2000.0,1500.0,0.0,0.0
2024-10-05 00:00:00+05:30,243,Narsampet,1176,Narsampet,25,Cotton,25,Common,0.0,78.5,6200.0,6830.0,6500.0,0.0,0.0
2024-10-05 00:00:00+05:30,292,Zaheerabad,1198,Zaheerabad,6,Jowar,225,White,0.0,8.0,2004.0,4059.0,4059.0,0.0,0.0
2024-10-05 00:00:00+05:30,308,Nagarkurnool,1334,Nagarkurnool,5,Maize,5,Common,0.0,334.26,2051.0,2501.0,2368.0,0.0,0.0
2024-10-05 00:00:00+05:30,188,Bhainsa,11,Bhainsa,6,Jowar,226,Hybrid,0.0,2.65,1939.0,1987.0,1987.0,0.0,0.0
2024-10-05 00:00:00+05:30,278,Suryapet,1091,Suryapet,1,Paddy,241,Grade-A (Jai Sri Ram),0.0,612.0,1686.0,3282.0,3168.0,0.0,0.0
2024-10-05 00:00:00+05:30,325,Hyderabad,6,Madannapeta,103,Carrot,103,Common,0.0,18.0,3000.0,4000.0,3500.0,0.0,0.0
2024-10-05 00:00:00+05:30,323,Gaddiannaram,2,L.B Nagar,103,Carrot,103,Common,0.0,55.0,3000.0,4000.0,3500.0,0.0,0.0
2024-10-04 00:00:00+05:30,308,Nagarkurnool,1334,Nagarkurnool,5,Maize,5,Common,0.0,302.4,5729.0,5821.0,5729.0,0.0,0.0
2024-10-04 00:00:00+05:30,331,Vantimamidi,1612,Vantimamidi,98,Cabbage,98,Common,0.0,7.0,1000.0,1200.0,1100.0,0.0,0.0
2024-10-05 00:00:00+05:30,324,Bowenpally,3,Bowenpally,101,Beet Root,101,Common,0.0,783.0,500.0,2200.0,1800.0,0.0,0.0
2024-10-04 00:00:00+05:30,367,Gudimalkapur,1571,Gudumalkapur,101,Beet Root,101,Common,0.0,56.0,1000.0,2000.0,1500.0,0.0,0.0
2024-10-04 00:00:00+05:30,292,Zaheerabad,1198,Zaheerabad,6,Jowar,225,White,0.0,0.5,1805.0,1805.0,1805.0,0.0,0.0
2024-10-04 00:00:00+05:30,306,Mahbubnagar,1326,Mahaboobnagar,5,Maize,5,Common,0.0,167.0,2000.0,2362.0,2240.0,0.0,0.0
2024-10-04 00:00:00+05:30,240,Kodakandla,1186,Kodakandala,25,Cotton,25,Common,0.0,172.0,0.0,0.0,6950.0,0.0,0.0
2024-10-04 00:00:00+05:30,278,Suryapet,1091,Suryapet,1,Paddy,241,Grade-A (Jai Sri Ram),0.0,797.0,2169.0,3169.0,2966.0,0.0,0.0
2024-10-04 00:00:00+05:30,188,Bhainsa,11,Bhainsa,6,Jowar,226,Hybrid,0.0,4.94,1963.0,2103.0,2103.0,0.0,0.0
2024-10-04 00:00:00+05:30,317,Pargi,39,Pargi,5,Maize,5,Common,0.0,330.0,2209.0,2525.0,2439.0,0.0,0.0
2024-10-04 00:00:00+05:30,325,Hyderabad,6,Madannapeta,103,Carrot,103,Common,0.0,16.0,3800.0,4000.0,3900.0,0.0,0.0
2024-10-04 00:00:00+05:30,325,Hyderabad,5,Mahabubmansion,54,Chillies(Dry),268,Talu,0.0,9.0,5000.0,7000.0,6000.0,0.0,0.0
2024-10-04 00:00:00+05:30,324,Bowenpally,3,Bowenpally,101,Beet Root,101,Common,0.0,461.0,500.0,2200.0,1800.0,0.0,0.0
2024-10-03 00:00:00+05:30,331,Vantimamidi,1612,Vantimamidi,98,Cabbage,98,Common,0.0,11.0,500.0,1000.0,750.0,0.0,0.0
2024-10-04 00:00:00+05:30,323,Gaddiannaram,2,L.B Nagar,103,Carrot,103,Common,0.0,49.0,3000.0,4000.0,3500.0,0.0,0.0
2024-10-03 00:00:00+05:30,367,Gudimalkapur,1571,Gudumalkapur,101,Beet Root,101,Common,0.0,67.0,1000.0,1800.0,1200.0,0.0,0.0
2024-10-03 00:00:00+05:30,308,Nagarkurnool,1334,Nagarkurnool,5,Maize,5,Common,0.0,379.0,1996.0,2511.0,2389.0,0.0,0.0
2024-10-03 00:00:00+05:30,299,Atmakur(WNP),1343,Atmakur,31,Castor,31,Common,0.0,22.5,5900.0,6200.0,5900.0,0.0,0.0
2024-10-03 00:00:00+05:30,312,Wanaparthy Town,1344,W.P.Town,5,Maize,5,Common,0.0,63.0,2251.0,2321.0,2251.0,0.0,0.0
2024-10-03 00:00:00+05:30,240,Kodakandla,1186,Kodakandala,25,Cotton,25,Common,0.0,60.0,0.0,0.0,7000.0,0.0,0.0
2024-10-03 00:00:00+05:30,292,Zaheerabad,1198,Zaheerabad,6,Jowar,225,White,0.0,5.0,1910.0,2226.0,2226.0,0.0,0.0
2024-10-03 00:00:00+05:30,306,Mahbubnagar,1326,Mahaboobnagar,5,Maize,5,Common,0.0,334.0,1831.0,2390.0,2269.0,0.0,0.0
2024-10-03 00:00:00+05:30,188,Bhainsa,11,Bhainsa,6,Jowar,226,Hybrid,0.0,2.35,2066.0,2066.0,2066.0,0.0,0.0
2024-10-03 00:00:00+05:30,325,Hyderabad,6,Madannapeta,103,Carrot,103,Common,0.0,16.0,4000.0,4000.0,4000.0,0.0,0.0
2024-10-01 00:00:00+05:30,308,Nagarkurnool,1334,Nagarkurnool,5,Maize,5,Common,0.0,118.8,2221.0,2450.0,2416.0,0.0,0.0
2024-10-03 00:00:00+05:30,325,Hyderabad,5,Mahabubmansion,54,Chillies(Dry),268,Talu,0.0,107.0,4000.0,6000.0,5000.0,0.0,0.0
2024-10-03 00:00:00+05:30,324,Bowenpally,3,Bowenpally,101,Beet Root,101,Common,0.0,743.0,500.0,2200.0,1700.0,0.0,0.0
2024-10-03 00:00:00+05:30,323,Gaddiannaram,2,L.B Nagar,103,Carrot,103,Common,0.0,47.0,3000.0,4000.0,3200.0,0.0,0.0
2024-10-01 00:00:00+05:30,306,Mahbubnagar,1326,Mahaboobnagar,5,Maize,5,Common,0.0,333.0,1612.0,2382.0,2143.0,0.0,0.0
2024-10-02 00:00:00+05:30,331,Vantimamidi,1612,Vantimamidi,98,Cabbage,98,Common,0.0,11.0,200.0,600.0,400.0,0.0,0.0
2024-10-01 00:00:00+05:30,367,Gudimalkapur,1571,Gudumalkapur,101,Beet Root,101,Common,0.0,43.0,1000.0,2000.0,1500.0,0.0,0.0
2024-10-01 00:00:00+05:30,292,Zaheerabad,1198,Zaheerabad,6,Jowar,225,White,0.0,3.5,2011.0,2222.0,2062.0,0.0,0.0
2024-10-01 00:00:00+05:30,212,Choppadandi,1123,Choppadandi,1,Paddy,238,Grade-A (BPT),0.0,2.0,2066.0,2066.0,2066.0,0.0,0.0
2024-10-01 00:00:00+05:30,325,Hyderabad,6,Madannapeta,103,Carrot,103,Common,0.0,16.0,3800.0,4000.0,3900.0,0.0,0.0
2024-10-01 00:00:00+05:30,325,Hyderabad,7,Meeralamandi,105,Potato,105,Common,0.0,35.0,2000.0,2200.0,2100.0,0.0,0.0
2024-10-01 00:00:00+05:30,188,Bhainsa,11,Bhainsa,6,Jowar,226,Hybrid,0.0,6.52,1809.0,2029.0,2001.0,0.0,0.0
2024-10-01 00:00:00+05:30,323,Gaddiannaram,2,L.B Nagar,103,Carrot,103,Common,0.0,85.0,3000.0,4000.0,3500.0,0.0,0.0
2024-10-01 00:00:00+05:30,325,Hyderabad,5,Mahabubmansion,54,Chillies(Dry),268,Talu,0.0,58.0,4000.0,6000.0,5000.0,0.0,0.0
2024-10-01 00:00:00+05:30,324,Bowenpally,3,Bowenpally,101,Beet Root,101,Common,0.0,747.0,500.0,2300.0,1800.0,0.0,0.0
2024-10-31 00:00:00+05:30,367,Gudimalkapur,1571,Gudumalkapur,101,Beet Root,101,Common,0.0,41.0,1500.0,2000.0,1800.0,0.0,0.0
2024-10-31 00:00:00+05:30,325,Hyderabad,7,Meeralamandi,105,Potato,105,Common,0.0,25.0,2000.0,2500.0,2250.0,0.0,0.0
2024-10-31 00:00:00+05:30,325,Hyderabad,6,Madannapeta,103,Carrot,103,Common,0.0,4.0,4000.0,4000.0,4000.0,0.0,0.0
2024-10-31 00:00:00+05:30,324,Bowenpally,3,Bowenpally,101,Beet Root,101,Common,0.0,337.0,500.0,3500.0,2500.0,0.0,0.0
2024-10-31 00:00:00+05:30,323,Gaddiannaram,2,L.B Nagar,103,Carrot,103,Common,0.0,42.0,4000.0,5000.0,4500.0,0.0,0.0
2024-10-30 00:00:00+05:30,308,Nagarkurnool,1334,Nagarkurnool,5,Maize,5,Common,0.0,1339.2,1801.0,2441.0,2339.0,0.0,0.0
2024-10-30 00:00:00+05:30,331,Vantimamidi,1612,Vantimamidi,98,Cabbage,98,Common,0.0,9.0,500.0,500.0,500.0,0.0,0.0
2024-10-30 00:00:00+05:30,367,Gudimalkapur,1571,Gudumalkapur,101,Beet Root,101,Common,0.0,52.0,2000.0,2500.0,2000.0,0.0,0.0
2024-10-30 00:00:00+05:30,243,Narsampet,1176,Narsampet,25,Cotton,25,Common,0.0,262.0,6150.0,6850.0,6500.0,0.0,0.0
2024-10-30 00:00:00+05:30,306,Mahbubnagar,1326,Mahaboobnagar,5,Maize,5,Common,0.0,301.0,1810.0,2460.0,2377.0,0.0,0.0
2024-10-30 00:00:00+05:30,278,Suryapet,1091,Suryapet,1,Paddy,241,Grade-A (Jai Sri Ram),0.0,4730.0,1589.0,2516.0,2219.0,0.0,0.0
2024-10-30 00:00:00+05:30,325,Hyderabad,7,Meeralamandi,105,Potato,105,Common,0.0,40.0,2500.0,2600.0,2550.0,0.0,0.0
2024-10-30 00:00:00+05:30,186,Adilabad,10,Adilabad,25,Cotton,25,Common,0.0,6551.22,6906.0,7130.0,6052.0,0.0,0.0
2024-10-30 00:00:00+05:30,186,Adilabad,10,Adilabad,25,Cotton,25,Common,0.0,1998.54,7220.0,7521.0,7371.0,0.0,0.0
2024-10-30 00:00:00+05:30,325,Hyderabad,6,Madannapeta,103,Carrot,103,Common,0.0,7.0,4750.0,4750.0,4750.0,0.0,0.0
2024-10-29 00:00:00+05:30,308,Nagarkurnool,1334,Nagarkurnool,5,Maize,5,Common,0.0,955.8,2061.0,2439.0,2368.0,0.0,0.0
2024-10-30 00:00:00+05:30,324,Bowenpally,3,Bowenpally,101,Beet Root,101,Common,0.0,646.0,500.0,3000.0,2500.0,0.0,0.0
2024-10-30 00:00:00+05:30,323,Gaddiannaram,2,L.B Nagar,103,Carrot,103,Common,0.0,49.0,4000.0,5000.0,4500.0,0.0,0.0
2024-10-29 00:00:00+05:30,367,Gudimalkapur,1571,Gudumalkapur,101,Beet Root,101,Common,0.0,60.0,1500.0,3000.0,2500.0,0.0,0.0
2024-10-29 00:00:00+05:30,331,Vantimamidi,1612,Vantimamidi,98,Cabbage,98,Common,0.0,20.0,1000.0,1000.0,1000.0,0.0,0.0
2024-10-29 00:00:00+05:30,306,Mahbubnagar,1326,Mahaboobnagar,5,Maize,5,Common,0.0,568.0,1612.0,2461.0,2415.0,0.0,0.0
2024-10-29 00:00:00+05:30,227,Peddapally,1122,Peddapally,25,Cotton,25,Common,0.0,1157.2,5811.0,6650.0,6411.0,0.0,0.0
2024-10-29 00:00:00+05:30,278,Suryapet,1091,Suryapet,1,Paddy,241,Grade-A (Jai Sri Ram),0.0,3870.0,1669.0,2519.0,2406.0,0.0,0.0
2024-10-29 00:00:00+05:30,186,Adilabad,10,Adilabad,25,Cotton,25,Common,0.0,5434.0,6052.0,7120.0,6835.0,0.0,0.0
2024-10-29 00:00:00+05:30,186,Adilabad,10,Adilabad,25,Cotton,25,Common,0.0,1398.35,7220.0,7521.0,7371.0,0.0,0.0
2024-10-29 00:00:00+05:30,198,Luxettipet,27,Luxettipet,25,Cotton,25,Common,0.0,120.0,7600.0,7600.0,7600.0,0.0,0.0
2024-10-29 00:00:00+05:30,325,Hyderabad,6,Madannapeta,103,Carrot,103,Common,0.0,8.0,5000.0,5000.0,5000.0,0.0,0.0
2024-10-29 00:00:00+05:30,324,Bowenpally,3,Bowenpally,101,Beet Root,101,Common,0.0,316.0,500.0,3500.0,2500.0,0.0,0.0
2024-10-29 00:00:00+05:30,323,Gaddiannaram,2,L.B Nagar,103,Carrot,103,Common,0.0,32.0,4000.0,5000.0,4500.0,0.0,0.0
2024-10-28 00:00:00+05:30,308,Nagarkurnool,1334,Nagarkurnool,5,Maize,5,Common,0.0,1904.58,1939.0,2438.0,2289.0,0.0,0.0
2024-10-28 00:00:00+05:30,367,Gudimalkapur,1571,Gudumalkapur,101,Beet Root,101,Common,0.0,47.0,2000.0,3000.0,2000.0,0.0,0.0
2024-10-28 00:00:00+05:30,306,Mahbubnagar,1326,Mahaboobnagar,5,Maize,5,Common,0.0,483.0,2012.0,2459.0,2415.0,0.0,0.0
2024-10-28 00:00:00+05:30,292,Zaheerabad,1198,Zaheerabad,6,Jowar,225,White,0.0,4.0,1922.0,2180.0,2180.0,0.0,0.0
2024-10-28 00:00:00+05:30,227,Peddapally,1122,Peddapally,25,Cotton,25,Common,0.0,1629.0,6200.0,6750.0,6450.0,0.0,0.0
2024-10-28 00:00:00+05:30,231,Vemulawada,1126,Vemulawada,5,Maize,5,Common,0.0,270.0,2225.0,2225.0,2225.0,0.0,0.0
2024-10-28 00:00:00+05:30,278,Suryapet,1091,Suryapet,1,Paddy,241,Grade-A (Jai Sri Ram),0.0,2952.0,1756.0,3028.0,2229.0,0.0,0.0
2024-10-28 00:00:00+05:30,198,Luxettipet,27,Luxettipet,25,Cotton,25,Common,0.0,70.0,7570.0,7570.0,7570.0,0.0,0.0
2024-10-28 00:00:00+05:30,325,Hyderabad,6,Madannapeta,103,Carrot,103,Common,0.0,4.0,3000.0,5000.0,3500.0,0.0,0.0
2024-10-28 00:00:00+05:30,324,Bowenpally,3,Bowenpally,101,Beet Root,101,Common,0.0,567.0,500.0,3000.0,2200.0,0.0,0.0
2024-10-28 00:00:00+05:30,323,Gaddiannaram,2,L.B Nagar,103,Carrot,103,Common,0.0,47.0,4000.0,4500.0,4200.0,0.0,0.0
2024-10-27 00:00:00+05:30,367,Gudimalkapur,1571,Gudumalkapur,101,Beet Root,101,Common,0.0,59.0,2000.0,3000.0,2000.0,0.0,0.0
2024-10-27 00:00:00+05:30,243,Narsampet,1176,Narsampet,25,Cotton,25,Common,0.0,112.5,6000.0,6800.0,6500.0,0.0,0.0
2024-10-27 00:00:00+05:30,198,Luxettipet,27,Luxettipet,25,Cotton,25,Common,0.0,130.0,7550.0,7550.0,7550.0,0.0,0.0
2024-10-27 00:00:00+05:30,186,Adilabad,10,Adilabad,25,Cotton,25,Common,0.0,10262.55,6840.0,6840.0,6840.0,0.0,0.0
2024-10-27 00:00:00+05:30,186,Adilabad,10,Adilabad,25,Cotton,25,Common,0.0,838.49,7220.0,7521.0,7220.0,0.0,0.0
2024-10-27 00:00:00+05:30,323,Gaddiannaram,2,L.B Nagar,103,Carrot,103,Common,0.0,52.0,4000.0,4500.0,4200.0,0.0,0.0
2024-10-27 00:00:00+05:30,325,Hyderabad,6,Madannapeta,103,Carrot,103,Common,0.0,5.0,3000.0,4000.0,3500.0,0.0,0.0
2024-10-27 00:00:00+05:30,324,Bowenpally,3,Bowenpally,101,Beet Root,101,Common,0.0,650.0,1000.0,3000.0,2500.0,0.0,0.0
2024-10-01 00:00:00+05:30,324,Bowenpally,3,Bowenpally,102,Radish,102,Common,0.0,8.0,400.0,500.0,470.0,0.0,0.0
2024-10-01 00:00:00+05:30,325,Hyderabad,5,Mahabubmansion,54,Chillies(Dry),289,1048,0.0,37.0,8000.0,1000.0,9000.0,0.0,0.0
2024-10-01 00:00:00+05:30,323,Gaddiannaram,2,L.B Nagar,105,Potato,105,Common,0.0,156.0,2600.0,3200.0,2800.0,0.0,0.0
2024-10-01 00:00:00+05:30,188,Bhainsa,11,Bhainsa,14,Bengal Gram,14,Common,0.0,1.0,2444.0,2444.0,2444.0,0.0,0.0
2024-10-01 00:00:00+05:30,292,Zaheerabad,1198,Zaheerabad,6,Jowar,232,Yellow,0.0,2.5,3542.0,3542.0,3542.0,0.0,0.0
2024-10-01 00:00:00+05:30,300,Badepally,1327,Badepally,5,Maize,5,Common,0.0,3812.0,1436.0,2567.0,1766.0,0.0,0.0
2024-10-03 00:00:00+05:30,323,Gaddiannaram,2,L.B Nagar,105,Potato,105,Common,0.0,166.0,2600.0,3200.0,2800.0,0.0,0.0
2024-10-03 00:00:00+05:30,324,Bowenpally,3,Bowenpally,102,Radish,102,Common,0.0,7.0,1000.0,2000.0,1600.0,0.0,0.0
2024-10-03 00:00:00+05:30,325,Hyderabad,6,Madannapeta,105,Potato,105,Common,0.0,60.0,2000.0,2200.0,2100.0,0.0,0.0
2024-10-03 00:00:00+05:30,300,Badepally,1327,Badepally,5,Maize,5,Common,0.0,6689.0,1372.0,2499.0,2467.0,0.0,0.0
2024-10-03 00:00:00+05:30,367,Gudimalkapur,1571,Gudumalkapur,102,Radish,102,Common,0.0,8.0,800.0,1000.0,900.0,0.0,0.0
2024-10-04 00:00:00+05:30,323,Gaddiannaram,2,L.B Nagar,105,Potato,105,Common,0.0,197.0,2600.0,3200.0,2800.0,0.0,0.0
2024-10-04 00:00:00+05:30,324,Bowenpally,3,Bowenpally,102,Radish,102,Common,0.0,9.0,300.0,400.0,370.0,0.0,0.0
2024-10-04 00:00:00+05:30,325,Hyderabad,5,Mahabubmansion,54,Chillies(Dry),289,1048,0.0,4.0,8000.0,9000.0,8500.0,0.0,0.0
2024-10-04 00:00:00+05:30,300,Badepally,1327,Badepally,5,Maize,5,Common,0.0,6189.0,1257.0,2479.0,1450.0,0.0,0.0
2024-10-04 00:00:00+05:30,292,Zaheerabad,1198,Zaheerabad,6,Jowar,232,Yellow,0.0,5.0,3123.0,3559.0,3209.0,0.0,0.0
2024-10-05 00:00:00+05:30,324,Bowenpally,3,Bowenpally,102,Radish,102,Common,0.0,6.0,200.0,300.0,270.0,0.0,0.0
2024-10-04 00:00:00+05:30,289,Sadasivpet,1200,Sadasivapet,6,Jowar,225,White,0.0,8.0,1555.0,2050.0,2050.0,0.0,0.0
2024-10-05 00:00:00+05:30,323,Gaddiannaram,2,L.B Nagar,105,Potato,105,Common,0.0,203.0,2600.0,3200.0,2800.0,0.0,0.0
2024-10-05 00:00:00+05:30,300,Badepally,1327,Badepally,5,Maize,5,Common,0.0,5043.0,1200.0,2516.0,1787.0,0.0,0.0
2024-10-05 00:00:00+05:30,289,Sadasivpet,1200,Sadasivapet,6,Jowar,225,White,0.0,2.0,2151.0,2151.0,2151.0,0.0,0.0
2024-10-05 00:00:00+05:30,367,Gudimalkapur,1571,Gudumalkapur,102,Radish,102,Common,0.0,3.0,1000.0,1500.0,1000.0,0.0,0.0
2024-10-06 00:00:00+05:30,323,Gaddiannaram,2,L.B Nagar,105,Potato,105,Common,0.0,302.0,2600.0,3200.0,2800.0,0.0,0.0
2024-10-06 00:00:00+05:30,324,Bowenpally,3,Bowenpally,102,Radish,102,Common,0.0,3.0,200.0,300.0,270.0,0.0,0.0
2024-10-06 00:00:00+05:30,284,Jogipet,1208,Jogipet,6,Jowar,225,White,0.0,10.3,2300.0,2300.0,2300.0,0.0,0.0
2024-10-06 00:00:00+05:30,367,Gudimalkapur,1571,Gudumalkapur,102,Radish,102,Common,0.0,4.0,1000.0,1000.0,1000.0,0.0,0.0
2024-10-07 00:00:00+05:30,324,Bowenpally,3,Bowenpally,102,Radish,102,Common,0.0,8.0,200.0,400.0,300.0,0.0,0.0
2024-10-07 00:00:00+05:30,323,Gaddiannaram,2,L.B Nagar,105,Potato,105,Common,0.0,170.0,2600.0,3200.0,2800.0,0.0,0.0
2024-10-07 00:00:00+05:30,256,Khammam,1067,Khammam,5,Maize,5,Common,0.0,27.0,2200.0,2200.0,2200.0,0.0,0.0
2024-10-07 00:00:00+05:30,300,Badepally,1327,Badepally,5,Maize,5,Common,0.0,5967.0,1309.0,2501.0,2201.0,0.0,0.0
2024-10-07 00:00:00+05:30,367,Gudimalkapur,1571,Gudumalkapur,102,Radish,102,Common,0.0,7.0,1500.0,1500.0,1500.0,0.0,0.0
2024-10-08 00:00:00+05:30,323,Gaddiannaram,2,L.B Nagar,105,Potato,105,Common,0.0,130.0,2600.0,3200.0,2800.0,0.0,0.0
2024-10-08 00:00:00+05:30,324,Bowenpally,3,Bowenpally,102,Radish,102,Common,0.0,796.0,700.0,3300.0,2500.0,0.0,0.0
2024-10-08 00:00:00+05:30,325,Hyderabad,6,Madannapeta,105,Potato,105,Common,0.0,50.0,2000.0,2200.0,2100.0,0.0,0.0
2024-10-08 00:00:00+05:30,325,Hyderabad,5,Mahabubmansion,54,Chillies(Dry),289,1048,0.0,17.0,8000.0,10000.0,9000.0,0.0,0.0
2024-10-08 00:00:00+05:30,331,Vantimamidi,1612,Vantimamidi,99,Cauliflower,99,Common,0.0,20.0,1000.0,3000.0,2000.0,0.0,0.0
2024-10-08 00:00:00+05:30,367,Gudimalkapur,1571,Gudumalkapur,102,Radish,102,Common,0.0,9.0,1300.0,2500.0,1300.0,0.0,0.0
2024-10-09 00:00:00+05:30,323,Gaddiannaram,2,L.B Nagar,105,Potato,105,Common,0.0,130.0,2600.0,3200.0,2800.0,0.0,0.0
2024-10-08 00:00:00+05:30,300,Badepally,1327,Badepally,5,Maize,5,Common,0.0,4412.0,1366.0,2511.0,2310.0,0.0,0.0
2024-10-09 00:00:00+05:30,325,Hyderabad,5,Mahabubmansion,54,Chillies(Dry),289,1048,0.0,36.0,7000.0,9000.0,8000.0,0.0,0.0
2024-10-09 00:00:00+05:30,289,Sadasivpet,1200,Sadasivapet,6,Jowar,225,White,0.0,4.0,2105.0,2105.0,2105.0,0.0,0.0
2024-10-09 00:00:00+05:30,367,Gudimalkapur,1571,Gudumalkapur,102,Radish,102,Common,0.0,4.0,1500.0,1500.0,1500.0,0.0,0.0
2024-10-09 00:00:00+05:30,331,Vantimamidi,1612,Vantimamidi,99,Cauliflower,99,Common,0.0,11.0,1000.0,2500.0,1750.0,0.0,0.0
2024-10-10 00:00:00+05:30,324,Bowenpally,3,Bowenpally,102,Radish,102,Common,0.0,7.0,200.0,400.0,350.0,0.0,0.0
2024-10-10 00:00:00+05:30,325,Hyderabad,5,Mahabubmansion,54,Chillies(Dry),289,1048,0.0,27.0,5000.0,9000.0,6000.0,0.0,0.0
2024-10-10 00:00:00+05:30,323,Gaddiannaram,2,L.B Nagar,105,Potato,105,Common,0.0,111.0,2600.0,3200.0,2800.0,0.0,0.0
2024-10-10 00:00:00+05:30,300,Badepally,1327,Badepally,5,Maize,5,Common,0.0,7728.0,1301.0,2471.0,1747.0,0.0,0.0
2024-10-10 00:00:00+05:30,367,Gudimalkapur,1571,Gudumalkapur,102,Radish,102,Common,0.0,7.0,500.0,1000.0,500.0,0.0,0.0
2024-10-11 00:00:00+05:30,324,Bowenpally,3,Bowenpally,102,Radish,102,Common,0.0,6.0,200.0,300.0,270.0,0.0,0.0
2024-10-11 00:00:00+05:30,325,Hyderabad,6,Madannapeta,105,Potato,105,Common,0.0,50.0,2000.0,2000.0,2000.0,0.0,0.0
2024-10-11 00:00:00+05:30,323,Gaddiannaram,2,L.B Nagar,105,Potato,105,Common,0.0,137.0,2600.0,3200.0,2800.0,0.0,0.0
2024-10-12 00:00:00+05:30,323,Gaddiannaram,2,L.B Nagar,105,Potato,105,Common,0.0,112.0,2600.0,2100.0,2800.0,0.0,0.0
2024-10-12 00:00:00+05:30,324,Bowenpally,3,Bowenpally,102,Radish,102,Common,0.0,1.0,200.0,300.0,280.0,0.0,0.0
2024-10-11 00:00:00+05:30,331,Vantimamidi,1612,Vantimamidi,99,Cauliflower,99,Common,0.0,1.0,2000.0,2000.0,2000.0,0.0,0.0
2024-10-12 00:00:00+05:30,367,Gudimalkapur,1571,Gudumalkapur,102,Radish,102,Common,0.0,11.0,1300.0,1300.0,1300.0,0.0,0.0
2024-10-13 00:00:00+05:30,324,Bowenpally,3,Bowenpally,102,Radish,102,Common,0.0,2.0,200.0,300.0,250.0,0.0,0.0
2024-10-13 00:00:00+05:30,367,Gudimalkapur,1571,Gudumalkapur,102,Radish,102,Common,0.0,1.0,1200.0,1200.0,1200.0,0.0,0.0
2024-10-14 00:00:00+05:30,324,Bowenpally,3,Bowenpally,102,Radish,102,Common,0.0,1.0,200.0,300.0,280.0,0.0,0.0
2024-10-14 00:00:00+05:30,325,Hyderabad,5,Mahabubmansion,54,Chillies(Dry),289,1048,0.0,4.0,9000.0,9000.0,9000.0,0.0,0.0
2024-10-14 00:00:00+05:30,323,Gaddiannaram,2,L.B Nagar,105,Potato,105,Common,0.0,136.0,2600.0,3200.0,2800.0,0.0,0.0
2024-10-14 00:00:00+05:30,188,Bhainsa,11,Bhainsa,14,Bengal Gram,14,Common,0.0,0.5,4545.0,4545.0,4545.0,0.0,0.0
2024-10-14 00:00:00+05:30,300,Badepally,1327,Badepally,5,Maize,5,Common,0.0,3434.0,1409.0,2499.0,1771.0,0.0,0.0
2024-10-14 00:00:00+05:30,367,Gudimalkapur,1571,Gudumalkapur,102,Radish,102,Common,0.0,1.0,1500.0,1500.0,1500.0,0.0,0.0
2024-10-15 00:00:00+05:30,325,Hyderabad,5,Mahabubmansion,54,Chillies(Dry),289,1048,0.0,24.0,8000.0,10000.0,9000.0,0.0,0.0
2024-10-15 00:00:00+05:30,325,Hyderabad,6,Madannapeta,105,Potato,105,Common,0.0,50.0,2000.0,2200.0,2100.0,0.0,0.0
2024-10-15 00:00:00+05:30,323,Gaddiannaram,2,L.B Nagar,105,Potato,105,Common,0.0,141.0,2600.0,3200.0,2800.0,0.0,0.0
2024-10-15 00:00:00+05:30,324,Bowenpally,3,Bowenpally,102,Radish,102,Common,0.0,13.0,200.0,300.0,270.0,0.0,0.0
2024-10-15 00:00:00+05:30,188,Bhainsa,11,Bhainsa,14,Bengal Gram,14,Common,0.0,2.0,5101.0,5101.0,5101.0,0.0,0.0
2024-10-15 00:00:00+05:30,300,Badepally,1327,Badepally,5,Maize,5,Common,0.0,4746.0,1307.0,2491.0,1799.0,0.0,0.0
2024-10-15 00:00:00+05:30,256,Khammam,1067,Khammam,5,Maize,5,Common,0.0,21.0,2050.0,2050.0,2050.0,0.0,0.0
2024-10-15 00:00:00+05:30,367,Gudimalkapur,1571,Gudumalkapur,102,Radish,102,Common,0.0,9.0,1000.0,1500.0,1000.0,0.0,0.0
2024-10-16 00:00:00+05:30,323,Gaddiannaram,2,L.B Nagar,105,Potato,105,Common,0.0,320.0,2600.0,3200.0,2800.0,0.0,0.0
2024-10-16 00:00:00+05:30,325,Hyderabad,6,Madannapeta,105,Potato,105,Common,0.0,40.0,2000.0,2000.0,2000.0,0.0,0.0
2024-10-16 00:00:00+05:30,325,Hyderabad,5,Mahabubmansion,54,Chillies(Dry),289,1048,0.0,34.0,7000.0,9000.0,8000.0,0.0,0.0
2024-10-16 00:00:00+05:30,324,Bowenpally,3,Bowenpally,102,Radish,102,Common,0.0,12.0,200.0,300.0,250.0,0.0,0.0
2024-10-16 00:00:00+05:30,300,Badepally,1327,Badepally,5,Maize,5,Common,0.0,2695.0,1366.0,2429.0,1949.0,0.0,0.0
2024-10-16 00:00:00+05:30,367,Gudimalkapur,1571,Gudumalkapur,102,Radish,102,Common,0.0,1.0,1500.0,1500.0,1500.0,0.0,0.0
2024-10-17 00:00:00+05:30,324,Bowenpally,3,Bowenpally,102,Radish,102,Common,0.0,7.0,200.0,300.0,270.0,0.0,0.0
2024-10-17 00:00:00+05:30,325,Hyderabad,6,Madannapeta,105,Potato,105,Common,0.0,55.0,2000.0,3000.0,2500.0,0.0,0.0
2024-10-17 00:00:00+05:30,323,Gaddiannaram,2,L.B Nagar,105,Potato,105,Common,0.0,177.0,2600.0,3200.0,2800.0,0.0,0.0
2024-10-17 00:00:00+05:30,292,Zaheerabad,1198,Zaheerabad,6,Jowar,232,Yellow,0.0,0.5,3032.0,3032.0,3032.0,0.0,0.0
2024-10-17 00:00:00+05:30,300,Badepally,1327,Badepally,5,Maize,5,Common,0.0,2791.0,1411.0,2441.0,1827.0,0.0,0.0
2024-10-17 00:00:00+05:30,367,Gudimalkapur,1571,Gudumalkapur,102,Radish,102,Common,0.0,2.0,1500.0,1500.0,1500.0,0.0,0.0
2024-10-18 00:00:00+05:30,323,Gaddiannaram,2,L.B Nagar,105,Potato,105,Common,0.0,175.0,2600.0,3200.0,2800.0,0.0,0.0
2024-10-18 00:00:00+05:30,325,Hyderabad,5,Mahabubmansion,54,Chillies(Dry),289,1048,0.0,34.0,7000.0,9000.0,8000.0,0.0,0.0
2024-10-18 00:00:00+05:30,325,Hyderabad,6,Madannapeta,105,Potato,105,Common,0.0,40.0,2000.0,3000.0,2500.0,0.0,0.0
2024-10-18 00:00:00+05:30,300,Badepally,1327,Badepally,5,Maize,5,Common,0.0,2232.0,1376.0,2439.0,1707.0,0.0,0.0
2024-10-19 00:00:00+05:30,324,Bowenpally,3,Bowenpally,102,Radish,102,Common,0.0,8.0,200.0,300.0,270.0,0.0,0.0
2024-10-19 00:00:00+05:30,323,Gaddiannaram,2,L.B Nagar,105,Potato,105,Common,0.0,186.0,2600.0,3200.0,2800.0,0.0,0.0
2024-10-19 00:00:00+05:30,325,Hyderabad,5,Mahabubmansion,54,Chillies(Dry),289,1048,0.0,26.0,7000.0,9000.0,8000.0,0.0,0.0
2024-10-19 00:00:00+05:30,300,Badepally,1327,Badepally,5,Maize,5,Common,0.0,2875.0,1329.0,2451.0,1706.0,0.0,0.0
2024-10-19 00:00:00+05:30,367,Gudimalkapur,1571,Gudumalkapur,102,Radish,102,Common,0.0,1.0,1300.0,1300.0,1300.0,0.0,0.0
2024-10-20 00:00:00+05:30,324,Bowenpally,3,Bowenpally,102,Radish,102,Common,0.0,1.0,100.0,300.0,250.0,0.0,0.0
2024-10-20 00:00:00+05:30,325,Hyderabad,6,Madannapeta,105,Potato,105,Common,0.0,5.0,3000.0,3000.0,3000.0,0.0,0.0
2024-10-20 00:00:00+05:30,323,Gaddiannaram,2,L.B Nagar,105,Potato,105,Common,0.0,312.0,2600.0,3200.0,2800.0,0.0,0.0
2024-10-20 00:00:00+05:30,367,Gudimalkapur,1571,Gudumalkapur,102,Radish,102,Common,0.0,7.0,1500.0,2000.0,1500.0,0.0,0.0
2024-10-21 00:00:00+05:30,323,Gaddiannaram,2,L.B Nagar,105,Potato,105,Common,0.0,104.0,2600.0,3200.0,2800.0,0.0,0.0
2024-10-21 00:00:00+05:30,325,Hyderabad,6,Madannapeta,105,Potato,105,Common,0.0,100.0,2350.0,2350.0,2350.0,0.0,0.0
2024-10-21 00:00:00+05:30,325,Hyderabad,5,Mahabubmansion,54,Chillies(Dry),289,1048,0.0,17.0,7000.0,9000.0,8000.0,0.0,0.0
2024-10-21 00:00:00+05:30,367,Gudimalkapur,1571,Gudumalkapur,102,Radish,102,Common,0.0,1.0,1500.0,1500.0,1500.0,0.0,0.0
2024-10-21 00:00:00+05:30,300,Badepally,1327,Badepally,5,Maize,5,Common,0.0,3542.0,1376.0,2464.0,1707.0,0.0,0.0
2024-10-22 00:00:00+05:30,323,Gaddiannaram,2,L.B Nagar,105,Potato,105,Common,0.0,138.0,2600.0,3200.0,2800.0,0.0,0.0
2024-10-22 00:00:00+05:30,324,Bowenpally,3,Bowenpally,102,Radish,102,Common,0.0,6.0,200.0,300.0,270.0,0.0,0.0
2024-10-22 00:00:00+05:30,256,Khammam,1067,Khammam,5,Maize,5,Common,0.0,23.0,2250.0,2250.0,2250.0,0.0,0.0
2024-10-22 00:00:00+05:30,300,Badepally,1327,Badepally,5,Maize,5,Common,0.0,4759.0,1321.0,2471.0,1806.0,0.0,0.0
2024-10-23 00:00:00+05:30,323,Gaddiannaram,2,L.B Nagar,105,Potato,105,Common,0.0,211.0,2600.0,3200.0,2800.0,0.0,0.0
2024-10-23 00:00:00+05:30,324,Bowenpally,3,Bowenpally,102,Radish,102,Common,0.0,7.0,200.0,300.0,250.0,0.0,0.0
2024-10-23 00:00:00+05:30,325,Hyderabad,6,Madannapeta,105,Potato,105,Common,0.0,100.0,2350.0,2350.0,2350.0,0.0,0.0
2024-10-23 00:00:00+05:30,300,Badepally,1327,Badepally,5,Maize,5,Common,0.0,5180.0,1380.0,2477.0,1762.0,0.0,0.0
2024-10-23 00:00:00+05:30,367,Gudimalkapur,1571,Gudumalkapur,102,Radish,102,Common,0.0,2.0,1500.0,2000.0,1500.0,0.0,0.0
2024-10-24 00:00:00+05:30,324,Bowenpally,3,Bowenpally,102,Radish,102,Common,0.0,6.0,200.0,400.0,300.0,0.0,0.0
2024-10-24 00:00:00+05:30,323,Gaddiannaram,2,L.B Nagar,105,Potato,105,Common,0.0,120.0,2600.0,3200.0,2800.0,0.0,0.0
2024-10-24 00:00:00+05:30,300,Badepally,1327,Badepally,5,Maize,5,Common,0.0,4997.0,1569.0,2479.0,1939.0,0.0,0.0
2024-10-24 00:00:00+05:30,367,Gudimalkapur,1571,Gudumalkapur,102,Radish,102,Common,0.0,6.0,800.0,800.0,800.0,0.0,0.0
2024-10-25 00:00:00+05:30,323,Gaddiannaram,2,L.B Nagar,105,Potato,105,Common,0.0,142.0,2600.0,3200.0,2800.0,0.0,0.0
2024-10-25 00:00:00+05:30,325,Hyderabad,6,Madannapeta,105,Potato,105,Common,0.0,75.0,2200.0,2500.0,2350.0,0.0,0.0
2024-10-25 00:00:00+05:30,289,Sadasivpet,1200,Sadasivapet,6,Jowar,225,White,0.0,16.0,1515.0,2136.0,2030.0,0.0,0.0
2024-10-25 00:00:00+05:30,300,Badepally,1327,Badepally,5,Maize,5,Common,0.0,4850.0,1450.0,2496.0,1902.0,0.0,0.0
2024-10-26 00:00:00+05:30,323,Gaddiannaram,2,L.B Nagar,105,Potato,105,Common,0.0,342.0,2600.0,3200.0,2800.0,0.0,0.0
2024-10-26 00:00:00+05:30,324,Bowenpally,3,Bowenpally,102,Radish,102,Common,0.0,7.0,200.0,400.0,350.0,0.0,0.0
2024-10-26 00:00:00+05:30,259,Nelakondapally,1071,Nelakondapally,25,Cotton,25,Common,0.0,22.1,7100.0,7521.0,7300.0,0.0,0.0
2024-10-26 00:00:00+05:30,300,Badepally,1327,Badepally,5,Maize,5,Common,0.0,5673.0,1665.0,2506.0,1807.0,0.0,0.0
2024-10-27 00:00:00+05:30,324,Bowenpally,3,Bowenpally,102,Radish,102,Common,0.0,8.0,200.0,400.0,350.0,0.0,0.0
2024-10-27 00:00:00+05:30,323,Gaddiannaram,2,L.B Nagar,105,Potato,105,Common,0.0,127.0,2600.0,3200.0,2800.0,0.0,0.0
2024-10-27 00:00:00+05:30,329,Navabpet(MBNR),1483,Navabpet,8,Ragi,8,Common,0.0,52.0,2110.0,2540.0,2529.0,0.0,0.0
2024-10-27 00:00:00+05:30,367,Gudimalkapur,1571,Gudumalkapur,102,Radish,102,Common,0.0,3.0,1300.0,1300.0,1300.0,0.0,0.0
2024-10-28 00:00:00+05:30,323,Gaddiannaram,2,L.B Nagar,105,Potato,105,Common,0.0,131.0,2600.0,3200.0,2800.0,0.0,0.0
2024-10-28 00:00:00+05:30,324,Bowenpally,3,Bowenpally,102,Radish,102,Common,0.0,10.0,300.0,500.0,400.0,0.0,0.0
2024-10-28 00:00:00+05:30,325,Hyderabad,5,Mahabubmansion,54,Chillies(Dry),289,1048,0.0,21.0,7000.0,9000.0,8000.0,0.0,0.0
2024-10-28 00:00:00+05:30,300,Badepally,1327,Badepally,5,Maize,5,Common,0.0,7011.0,1500.0,2513.0,2310.0,0.0,0.0
2024-10-28 00:00:00+05:30,367,Gudimalkapur,1571,Gudumalkapur,102,Radish,102,Common,0.0,1.0,2000.0,2000.0,2000.0,0.0,0.0
2024-10-29 00:00:00+05:30,323,Gaddiannaram,2,L.B Nagar,105,Potato,105,Common,0.0,158.0,2600.0,3200.0,2800.0,0.0,0.0
2024-10-29 00:00:00+05:30,324,Bowenpally,3,Bowenpally,102,Radish,102,Common,0.0,7.0,300.0,500.0,450.0,0.0,0.0
2024-10-28 00:00:00+05:30,329,Navabpet(MBNR),1483,Navabpet,8,Ragi,8,Common,0.0,4.0,2464.0,2464.0,2464.0,0.0,0.0
2024-10-29 00:00:00+05:30,300,Badepally,1327,Badepally,5,Maize,5,Common,0.0,4526.0,1860.0,2509.0,2431.0,0.0,0.0
2024-10-29 00:00:00+05:30,331,Vantimamidi,1612,Vantimamidi,99,Cauliflower,99,Common,0.0,49.0,3000.0,3000.0,3000.0,0.0,0.0
2024-10-29 00:00:00+05:30,367,Gudimalkapur,1571,Gudumalkapur,102,Radish,102,Common,0.0,2.0,2000.0,2000.0,2000.0,0.0,0.0
2024-10-30 00:00:00+05:30,323,Gaddiannaram,2,L.B Nagar,105,Potato,105,Common,0.0,133.0,2600.0,3200.0,2800.0,0.0,0.0
2024-10-30 00:00:00+05:30,324,Bowenpally,3,Bowenpally,102,Radish,102,Common,0.0,15.0,300.0,500.0,450.0,0.0,0.0
2024-10-30 00:00:00+05:30,325,Hyderabad,6,Madannapeta,105,Potato,105,Common,0.0,100.0,2000.0,2500.0,2250.0,0.0,0.0
2024-10-30 00:00:00+05:30,367,Gudimalkapur,1571,Gudumalkapur,102,Radish,102,Common,0.0,2.0,1500.0,1500.0,1500.0,0.0,0.0
2024-10-30 00:00:00+05:30,331,Vantimamidi,1612,Vantimamidi,99,Cauliflower,99,Common,0.0,51.0,1000.0,2000.0,1500.0,0.0,0.0
2024-10-31 00:00:00+05:30,323,Gaddiannaram,2,L.B Nagar,105,Potato,105,Common,0.0,122.0,2600.0,3200.0,2800.0,0.0,0.0
2024-10-30 00:00:00+05:30,300,Badepally,1327,Badepally,5,Maize,5,Common,0.0,5331.0,1449.0,2519.0,2310.0,0.0,0.0
2024-10-31 00:00:00+05:30,324,Bowenpally,3,Bowenpally,102,Radish,102,Common,0.0,19.0,300.0,400.0,370.0,0.0,0.0
2024-10-30 00:00:00+05:30,329,Navabpet(MBNR),1483,Navabpet,8,Ragi,8,Common,0.0,7.0,2510.0,2510.0,2510.0,0.0,0.0
2024-10-31 00:00:00+05:30,367,Gudimalkapur,1571,Gudumalkapur,102,Radish,102,Common,0.0,2.0,1500.0,1500.0,1500.0,0.0,0.0
2024-10-26 00:00:00+05:30,312,Wanaparthy Town,1344,W.P.Town,30,Groundnut pods,30,Common,0.0,380.0,3152.0,5510.0,4599.0,0.0,0.0
2024-10-26 00:00:00+05:30,304,Kollapur,1601,Kollapur,5,Maize,5,Common,0.0,130.0,2360.0,2386.0,2385.0,0.0,0.0
2024-10-26 00:00:00+05:30,331,Vantimamidi,1612,Vantimamidi,101,Beet Root,101,Common,0.0,1.0,1200.0,1200.0,1200.0,0.0,0.0
2024-10-26 00:00:00+05:30,302,Gadwal,1328,Gadwal,30,Groundnut pods,30,Common,0.0,1500.0,3299.0,5410.0,4670.0,0.0,0.0
2024-10-26 00:00:00+05:30,367,Gudimalkapur,1571,Gudumalkapur,103,Carrot,103,Common,0.0,202.0,500.0,4000.0,2000.0,0.0,0.0
2024-10-26 00:00:00+05:30,278,Suryapet,1091,Suryapet,1,Paddy,247,Grade-A (Samba Masuri),0.0,416.0,2124.0,2929.0,2124.0,0.0,0.0
2024-10-26 00:00:00+05:30,219,Jagtial,1125,Jagtial,1,Paddy,270,Grade-A (1010),0.0,1123.0,1885.0,1939.0,1918.0,0.0,0.0
2024-10-26 00:00:00+05:30,306,Mahbubnagar,1326,Mahaboobnagar,8,Ragi,8,Common,0.0,44.0,2650.0,3059.0,2929.0,0.0,0.0
2024-10-26 00:00:00+05:30,324,Bowenpally,3,Bowenpally,103,Carrot,103,Common,0.0,2082.0,600.0,3800.0,2800.0,0.0,0.0
2024-10-26 00:00:00+05:30,325,Hyderabad,6,Madannapeta,106,ColaCasio(Arvi),106,Common,0.0,7.0,4000.0,4500.0,4250.0,0.0,0.0
2024-10-25 00:00:00+05:30,301,Devarakadra,1352,Devarakadra,31,Castor,31,Common,0.0,5.0,5769.0,5769.0,5769.0,0.0,0.0
2024-10-25 00:00:00+05:30,312,Wanaparthy Town,1344,W.P.Town,30,Groundnut pods,30,Common,0.0,245.0,3452.0,5579.0,4576.0,0.0,0.0
2024-10-26 00:00:00+05:30,325,Hyderabad,7,Meeralamandi,111,Brinjal,111,Common,0.0,3.0,2000.0,25000.0,2250.0,0.0,0.0
2024-10-26 00:00:00+05:30,323,Gaddiannaram,2,L.B Nagar,106,ColaCasio(Arvi),106,Common,0.0,10.0,3000.0,4000.0,3500.0,0.0,0.0
2024-10-26 00:00:00+05:30,323,Gaddiannaram,1,Gaddiannaram,77,Mosambi,77,Common,0.0,370.0,1400.0,4000.0,2200.0,0.0,0.0
2024-10-25 00:00:00+05:30,367,Gudimalkapur,1571,Gudumalkapur,103,Carrot,103,Common,0.0,168.0,1000.0,4000.0,2500.0,0.0,0.0
2024-10-25 00:00:00+05:30,304,Kollapur,1601,Kollapur,5,Maize,5,Common,0.0,120.0,2350.0,2370.0,2365.0,0.0,0.0
2024-10-25 00:00:00+05:30,331,Vantimamidi,1612,Vantimamidi,101,Beet Root,101,Common,0.0,1.0,1300.0,1300.0,1300.0,0.0,0.0
2024-10-25 00:00:00+05:30,302,Gadwal,1328,Gadwal,30,Groundnut pods,30,Common,0.0,1853.0,3619.0,5319.0,4469.0,0.0,0.0
2024-10-25 00:00:00+05:30,289,Sadasivpet,1200,Sadasivapet,6,Jowar,232,Yellow,0.0,4.0,3636.0,3838.0,3636.0,0.0,0.0
2024-10-25 00:00:00+05:30,238,Jangoan,1169,Jangaon,1,Paddy,256,Grade-A (RNR),0.0,26.0,2016.0,2016.0,2016.0,0.0,0.0
2024-10-25 00:00:00+05:30,239,Kesamudram,1168,Kesamudram,5,Maize,5,Common,0.0,501.0,2376.0,2514.0,2446.0,0.0,0.0
2024-10-25 00:00:00+05:30,278,Suryapet,1091,Suryapet,1,Paddy,247,Grade-A (Samba Masuri),0.0,421.0,1806.0,2889.0,2849.0,0.0,0.0
2024-10-25 00:00:00+05:30,325,Hyderabad,6,Madannapeta,106,ColaCasio(Arvi),106,Common,0.0,4.0,3000.0,4000.0,3500.0,0.0,0.0
2024-10-25 00:00:00+05:30,323,Gaddiannaram,2,L.B Nagar,106,ColaCasio(Arvi),106,Common,0.0,12.0,4000.0,4500.0,4200.0,0.0,0.0
2024-10-24 00:00:00+05:30,331,Vantimamidi,1612,Vantimamidi,101,Beet Root,101,Common,0.0,2.0,1500.0,1500.0,1500.0,0.0,0.0
2024-10-25 00:00:00+05:30,323,Gaddiannaram,1,Gaddiannaram,77,Mosambi,77,Common,0.0,524.0,1200.0,5500.0,2100.0,0.0,0.0
2024-10-24 00:00:00+05:30,312,Wanaparthy Town,1344,W.P.Town,30,Groundnut pods,30,Common,0.0,229.0,3077.0,5470.0,4620.0,0.0,0.0
2024-10-25 00:00:00+05:30,325,Hyderabad,7,Meeralamandi,111,Brinjal,111,Common,0.0,4.0,2500.0,3000.0,3250.0,0.0,0.0
2024-10-25 00:00:00+05:30,221,Jammikunta,36,Jammikunta,25,Cotton,25,Common,0.0,1740.0,6000.0,6700.0,6500.0,0.0,0.0
2024-10-24 00:00:00+05:30,304,Kollapur,1601,Kollapur,5,Maize,5,Common,0.0,100.0,2337.0,2352.0,2342.0,0.0,0.0
2024-10-25 00:00:00+05:30,279,Thirumalagiri,9,Tirmalagiri,1,Paddy,247,Grade-A (Samba Masuri),0.0,1299.0,2000.0,2235.0,2169.0,0.0,0.0
2024-10-24 00:00:00+05:30,367,Gudimalkapur,1571,Gudumalkapur,103,Carrot,103,Common,0.0,203.0,1200.0,4000.0,2500.0,0.0,0.0
2024-10-24 00:00:00+05:30,302,Gadwal,1328,Gadwal,30,Groundnut pods,30,Common,0.0,1623.0,3600.0,5699.0,4400.0,0.0,0.0
2024-10-24 00:00:00+05:30,306,Mahbubnagar,1326,Mahaboobnagar,8,Ragi,8,Common,0.0,20.0,2660.0,3329.0,3169.0,0.0,0.0
2024-10-24 00:00:00+05:30,278,Suryapet,1091,Suryapet,1,Paddy,247,Grade-A (Samba Masuri),0.0,1004.0,1872.0,3029.0,2880.0,0.0,0.0
2024-10-24 00:00:00+05:30,239,Kesamudram,1168,Kesamudram,5,Maize,5,Common,0.0,228.0,2229.0,2489.0,2416.0,0.0,0.0
2024-10-24 00:00:00+05:30,323,Gaddiannaram,2,L.B Nagar,106,ColaCasio(Arvi),106,Common,0.0,10.0,4000.0,4500.0,4200.0,0.0,0.0
2024-10-24 00:00:00+05:30,325,Hyderabad,6,Madannapeta,106,ColaCasio(Arvi),106,Common,0.0,2.0,3000.0,3000.0,3000.0,0.0,0.0
2024-10-24 00:00:00+05:30,221,Jammikunta,36,Jammikunta,25,Cotton,25,Common,0.0,1710.0,6000.0,6750.0,6500.0,0.0,0.0
2024-10-24 00:00:00+05:30,279,Thirumalagiri,9,Tirmalagiri,1,Paddy,247,Grade-A (Samba Masuri),0.0,1657.0,1960.0,2289.0,2153.0,0.0,0.0
2024-10-24 00:00:00+05:30,325,Hyderabad,7,Meeralamandi,111,Brinjal,111,Common,0.0,6.0,1800.0,2000.0,1900.0,0.0,0.0
2024-10-23 00:00:00+05:30,312,Wanaparthy Town,1344,W.P.Town,30,Groundnut pods,30,Common,0.0,259.0,3082.0,5411.0,4809.0,0.0,0.0
2024-10-24 00:00:00+05:30,324,Bowenpally,3,Bowenpally,103,Carrot,103,Common,0.0,2105.0,500.0,4000.0,3000.0,0.0,0.0
2024-10-23 00:00:00+05:30,331,Vantimamidi,1612,Vantimamidi,101,Beet Root,101,Common,0.0,1.0,2000.0,2000.0,2000.0,0.0,0.0
2024-10-24 00:00:00+05:30,323,Gaddiannaram,1,Gaddiannaram,77,Mosambi,77,Common,0.0,510.0,1700.0,4300.0,2000.0,0.0,0.0
2024-10-23 00:00:00+05:30,367,Gudimalkapur,1571,Gudumalkapur,103,Carrot,103,Common,0.0,204.0,1500.0,4000.0,3000.0,0.0,0.0
2024-10-23 00:00:00+05:30,301,Devarakadra,1352,Devarakadra,31,Castor,31,Common,0.0,3.0,5924.0,5924.0,5924.0,0.0,0.0
2024-10-23 00:00:00+05:30,306,Mahbubnagar,1326,Mahaboobnagar,8,Ragi,8,Common,0.0,19.0,2550.0,3662.0,2929.0,0.0,0.0
2024-10-23 00:00:00+05:30,302,Gadwal,1328,Gadwal,30,Groundnut pods,30,Common,0.0,1133.0,3359.0,5420.0,4289.0,0.0,0.0
2024-10-23 00:00:00+05:30,239,Kesamudram,1168,Kesamudram,5,Maize,5,Common,0.0,194.0,4657.0,6959.0,6777.0,0.0,0.0
2024-10-23 00:00:00+05:30,278,Suryapet,1091,Suryapet,1,Paddy,247,Grade-A (Samba Masuri),0.0,885.0,1939.0,3089.0,2836.0,0.0,0.0
2024-10-23 00:00:00+05:30,279,Thirumalagiri,9,Tirmalagiri,1,Paddy,247,Grade-A (Samba Masuri),0.0,976.0,1956.0,2377.0,2269.0,0.0,0.0
2024-10-23 00:00:00+05:30,221,Jammikunta,36,Jammikunta,25,Cotton,25,Common,0.0,2230.0,6000.0,7000.0,6700.0,0.0,0.0
2024-10-23 00:00:00+05:30,325,Hyderabad,6,Madannapeta,106,ColaCasio(Arvi),106,Common,0.0,3.0,4000.0,4000.0,4000.0,0.0,0.0
2024-10-23 00:00:00+05:30,325,Hyderabad,7,Meeralamandi,111,Brinjal,111,Common,0.0,3.0,1800.0,2000.0,1900.0,0.0,0.0
2024-10-23 00:00:00+05:30,323,Gaddiannaram,1,Gaddiannaram,77,Mosambi,77,Common,0.0,566.0,1200.0,5800.0,2300.0,0.0,0.0
2024-10-23 00:00:00+05:30,324,Bowenpally,3,Bowenpally,103,Carrot,103,Common,0.0,1280.0,600.0,4200.0,3000.0,0.0,0.0
2024-10-23 00:00:00+05:30,323,Gaddiannaram,2,L.B Nagar,106,ColaCasio(Arvi),106,Common,0.0,11.0,4000.0,4500.0,4200.0,0.0,0.0
2024-10-22 00:00:00+05:30,331,Vantimamidi,1612,Vantimamidi,101,Beet Root,101,Common,0.0,1.0,1200.0,1200.0,1200.0,0.0,0.0
2024-10-22 00:00:00+05:30,306,Mahbubnagar,1326,Mahaboobnagar,8,Ragi,8,Common,0.0,11.0,4151.0,2559.0,3011.0,0.0,0.0
2024-10-22 00:00:00+05:30,367,Gudimalkapur,1571,Gudumalkapur,103,Carrot,103,Common,0.0,161.0,1500.0,4000.0,2500.0,0.0,0.0
2024-10-22 00:00:00+05:30,302,Gadwal,1328,Gadwal,30,Groundnut pods,30,Common,0.0,916.0,3520.0,5600.0,4698.0,0.0,0.0
2024-10-22 00:00:00+05:30,239,Kesamudram,1168,Kesamudram,5,Maize,5,Common,0.0,336.0,2278.0,2456.0,2361.0,0.0,0.0
2024-10-22 00:00:00+05:30,278,Suryapet,1091,Suryapet,1,Paddy,247,Grade-A (Samba Masuri),0.0,633.0,1569.0,3109.0,2809.0,0.0,0.0
2024-10-22 00:00:00+05:30,221,Jammikunta,36,Jammikunta,25,Cotton,25,Common,0.0,1656.0,6000.0,6800.0,6700.0,0.0,0.0
2024-10-22 00:00:00+05:30,324,Bowenpally,3,Bowenpally,103,Carrot,103,Common,0.0,1715.0,500.0,4000.0,3500.0,0.0,0.0
2024-10-22 00:00:00+05:30,325,Hyderabad,6,Madannapeta,106,ColaCasio(Arvi),106,Common,0.0,5.0,3000.0,3000.0,3000.0,0.0,0.0
2024-10-21 00:00:00+05:30,301,Devarakadra,1352,Devarakadra,31,Castor,31,Common,0.0,7.0,5931.0,5931.0,5931.0,0.0,0.0
2024-10-22 00:00:00+05:30,325,Hyderabad,7,Meeralamandi,111,Brinjal,111,Common,0.0,4.0,2000.0,2500.0,2250.0,0.0,0.0
2024-10-22 00:00:00+05:30,279,Thirumalagiri,9,Tirmalagiri,1,Paddy,247,Grade-A (Samba Masuri),0.0,1080.0,1853.0,2259.0,2113.0,0.0,0.0
2024-10-22 00:00:00+05:30,323,Gaddiannaram,2,L.B Nagar,106,ColaCasio(Arvi),106,Common,0.0,22.0,4000.0,4500.0,4200.0,0.0,0.0
2024-10-22 00:00:00+05:30,323,Gaddiannaram,1,Gaddiannaram,77,Mosambi,77,Common,0.0,485.0,1000.0,5000.0,1500.0,0.0,0.0
2024-10-21 00:00:00+05:30,302,Gadwal,1328,Gadwal,30,Groundnut pods,30,Common,0.0,881.0,3290.0,5381.0,4670.0,0.0,0.0
2024-10-20 00:00:00+05:30,312,Wanaparthy Town,1344,W.P.Town,30,Groundnut pods,30,Common,0.0,30.0,3811.0,4811.0,4311.0,0.0,0.0
2024-10-21 00:00:00+05:30,239,Kesamudram,1168,Kesamudram,5,Maize,5,Common,0.0,1591.0,2210.0,2451.0,2350.0,0.0,0.0
2024-10-21 00:00:00+05:30,331,Vantimamidi,1612,Vantimamidi,101,Beet Root,101,Common,0.0,1.0,1000.0,1000.0,1000.0,0.0,0.0
2024-10-21 00:00:00+05:30,367,Gudimalkapur,1571,Gudumalkapur,103,Carrot,103,Common,0.0,219.0,1000.0,4000.0,2500.0,0.0,0.0
2024-10-21 00:00:00+05:30,278,Suryapet,1091,Suryapet,1,Paddy,247,Grade-A (Samba Masuri),0.0,254.0,2003.0,2833.0,2176.0,0.0,0.0
2024-10-21 00:00:00+05:30,279,Thirumalagiri,9,Tirmalagiri,1,Paddy,247,Grade-A (Samba Masuri),0.0,659.0,2003.0,3089.0,2163.0,0.0,0.0
2024-10-21 00:00:00+05:30,221,Jammikunta,36,Jammikunta,25,Cotton,25,Common,0.0,2210.0,6000.0,7000.0,6800.0,0.0,0.0
2024-10-21 00:00:00+05:30,325,Hyderabad,7,Meeralamandi,111,Brinjal,111,Common,0.0,4.0,1500.0,2000.0,1750.0,0.0,0.0
2024-10-21 00:00:00+05:30,323,Gaddiannaram,2,L.B Nagar,106,ColaCasio(Arvi),106,Common,0.0,10.0,3000.0,4000.0,3500.0,0.0,0.0
2024-10-21 00:00:00+05:30,323,Gaddiannaram,1,Gaddiannaram,77,Mosambi,77,Common,0.0,1660.0,1200.0,5900.0,2300.0,0.0,0.0
2024-10-21 00:00:00+05:30,324,Bowenpally,3,Bowenpally,103,Carrot,103,Common,0.0,1999.0,600.0,3500.0,2800.0,0.0,0.0
2024-10-20 00:00:00+05:30,367,Gudimalkapur,1571,Gudumalkapur,103,Carrot,103,Common,0.0,203.0,2000.0,4500.0,2500.0,0.0,0.0
2024-10-20 00:00:00+05:30,323,Gaddiannaram,2,L.B Nagar,106,ColaCasio(Arvi),106,Common,0.0,15.0,4000.0,4500.0,4200.0,0.0,0.0
2024-10-20 00:00:00+05:30,325,Hyderabad,7,Meeralamandi,111,Brinjal,111,Common,0.0,5.0,1500.0,2000.0,1750.0,0.0,0.0
2024-10-20 00:00:00+05:30,324,Bowenpally,3,Bowenpally,103,Carrot,103,Common,0.0,1907.0,1000.0,3600.0,3000.0,0.0,0.0
2024-10-19 00:00:00+05:30,312,Wanaparthy Town,1344,W.P.Town,30,Groundnut pods,30,Common,0.0,20.0,3911.0,5799.0,3911.0,0.0,0.0
2024-10-19 00:00:00+05:30,302,Gadwal,1328,Gadwal,30,Groundnut pods,30,Common,0.0,240.0,3809.0,5086.0,4521.0,0.0,0.0
2024-10-19 00:00:00+05:30,367,Gudimalkapur,1571,Gudumalkapur,103,Carrot,103,Common,0.0,315.0,1000.0,4500.0,3000.0,0.0,0.0
2024-10-19 00:00:00+05:30,278,Suryapet,1091,Suryapet,1,Paddy,247,Grade-A (Samba Masuri),0.0,428.0,2229.0,3050.0,2759.0,0.0,0.0
2024-10-19 00:00:00+05:30,323,Gaddiannaram,2,L.B Nagar,106,ColaCasio(Arvi),106,Common,0.0,28.0,4000.0,4500.0,4200.0,0.0,0.0
2024-10-19 00:00:00+05:30,325,Hyderabad,7,Meeralamandi,111,Brinjal,111,Common,0.0,2.0,2000.0,2000.0,2000.0,0.0,0.0
2024-10-19 00:00:00+05:30,324,Bowenpally,3,Bowenpally,103,Carrot,103,Common,0.0,1569.0,500.0,3500.0,2600.0,0.0,0.0
2024-10-19 00:00:00+05:30,323,Gaddiannaram,1,Gaddiannaram,77,Mosambi,77,Common,0.0,464.0,1500.0,6000.0,2500.0,0.0,0.0
2024-10-18 00:00:00+05:30,302,Gadwal,1328,Gadwal,30,Groundnut pods,30,Common,0.0,195.0,2728.0,5443.0,5289.0,0.0,0.0
2024-10-18 00:00:00+05:30,367,Gudimalkapur,1571,Gudumalkapur,103,Carrot,103,Common,0.0,224.0,1000.0,4000.0,3000.0,0.0,0.0
2024-10-18 00:00:00+05:30,278,Suryapet,1091,Suryapet,1,Paddy,247,Grade-A (Samba Masuri),0.0,568.0,2066.0,3119.0,2733.0,0.0,0.0
2024-10-18 00:00:00+05:30,239,Kesamudram,1168,Kesamudram,5,Maize,5,Common,0.0,524.0,2079.0,2432.0,2361.0,0.0,0.0
2024-10-18 00:00:00+05:30,259,Nelakondapally,1071,Nelakondapally,54,Chillies(Dry),54,Common,0.0,86.0,9000.0,11000.0,10000.0,0.0,0.0
2024-10-18 00:00:00+05:30,221,Jammikunta,36,Jammikunta,25,Cotton,25,Common,0.0,1210.0,6000.0,7000.0,6800.0,0.0,0.0
2024-10-18 00:00:00+05:30,325,Hyderabad,7,Meeralamandi,111,Brinjal,111,Common,0.0,3.0,2000.0,3000.0,2500.0,0.0,0.0
2024-10-17 00:00:00+05:30,312,Wanaparthy Town,1344,W.P.Town,30,Groundnut pods,30,Common,0.0,27.0,4011.0,4551.0,4511.0,0.0,0.0
2024-10-17 00:00:00+05:30,306,Mahbubnagar,1326,Mahaboobnagar,8,Ragi,8,Common,0.0,1.0,2812.0,2812.0,2812.0,0.0,0.0
2024-10-18 00:00:00+05:30,323,Gaddiannaram,2,L.B Nagar,106,ColaCasio(Arvi),106,Common,0.0,10.0,4000.0,4500.0,4200.0,0.0,0.0
2024-10-18 00:00:00+05:30,324,Bowenpally,3,Bowenpally,103,Carrot,103,Common,0.0,2347.0,600.0,3500.0,2600.0,0.0,0.0
2024-10-17 00:00:00+05:30,367,Gudimalkapur,1571,Gudumalkapur,103,Carrot,103,Common,0.0,190.0,1500.0,4500.0,3000.0,0.0,0.0
2024-10-17 00:00:00+05:30,300,Badepally,1327,Badepally,6,Jowar,6,Common,0.0,2.0,2629.0,2629.0,2629.0,0.0,0.0
2024-10-17 00:00:00+05:30,302,Gadwal,1328,Gadwal,30,Groundnut pods,30,Common,0.0,118.0,2686.0,5459.0,3850.0,0.0,0.0
2024-10-18 00:00:00+05:30,323,Gaddiannaram,1,Gaddiannaram,77,Mosambi,77,Common,0.0,420.0,1000.0,5900.0,2000.0,0.0,0.0
2024-10-17 00:00:00+05:30,292,Zaheerabad,1198,Zaheerabad,14,Bengal Gram,14,Common,0.0,0.5,6123.0,6123.0,6123.0,0.0,0.0
2024-10-17 00:00:00+05:30,239,Kesamudram,1168,Kesamudram,5,Maize,5,Common,0.0,1026.0,2159.0,2412.0,2342.0,0.0,0.0
2024-10-17 00:00:00+05:30,219,Jagtial,1125,Jagtial,1,Paddy,270,Grade-A (1010),0.0,91.0,1885.0,1908.0,1908.0,0.0,0.0
2024-10-17 00:00:00+05:30,278,Suryapet,1091,Suryapet,1,Paddy,247,Grade-A (Samba Masuri),0.0,504.0,2129.0,3059.0,2886.0,0.0,0.0
2024-10-17 00:00:00+05:30,325,Hyderabad,5,Mahabubmansion,54,Chillies(Dry),304,Sangam 858,0.0,37.0,7000.0,9000.0,8000.0,0.0,0.0
2024-10-17 00:00:00+05:30,325,Hyderabad,7,Meeralamandi,111,Brinjal,111,Common,0.0,3.0,2500.0,3000.0,2750.0,0.0,0.0
2024-10-17 00:00:00+05:30,221,Jammikunta,36,Jammikunta,25,Cotton,25,Common,0.0,812.0,6000.0,7050.0,6800.0,0.0,0.0
2024-10-17 00:00:00+05:30,323,Gaddiannaram,2,L.B Nagar,106,ColaCasio(Arvi),106,Common,0.0,7.0,4000.0,4500.0,4200.0,0.0,0.0
2024-10-17 00:00:00+05:30,324,Bowenpally,3,Bowenpally,103,Carrot,103,Common,0.0,1491.0,600.0,4800.0,3500.0,0.0,0.0
2024-10-16 00:00:00+05:30,331,Vantimamidi,1612,Vantimamidi,101,Beet Root,101,Common,0.0,2.0,2000.0,2000.0,2000.0,0.0,0.0
2024-10-16 00:00:00+05:30,312,Wanaparthy Town,1344,W.P.Town,30,Groundnut pods,30,Common,0.0,93.0,4299.0,5201.0,4299.0,0.0,0.0
2024-10-16 00:00:00+05:30,301,Devarakadra,1352,Devarakadra,31,Castor,31,Common,0.0,2.0,5909.0,5909.0,5909.0,0.0,0.0
2024-10-17 00:00:00+05:30,323,Gaddiannaram,1,Gaddiannaram,77,Mosambi,77,Common,0.0,305.0,1000.0,5000.0,2000.0,0.0,0.0
2024-10-16 00:00:00+05:30,367,Gudimalkapur,1571,Gudumalkapur,103,Carrot,103,Common,0.0,156.0,1500.0,4500.0,3500.0,0.0,0.0
2024-10-16 00:00:00+05:30,302,Gadwal,1328,Gadwal,30,Groundnut pods,30,Common,0.0,173.0,2200.0,5249.0,3316.0,0.0,0.0
2024-10-16 00:00:00+05:30,278,Suryapet,1091,Suryapet,1,Paddy,247,Grade-A (Samba Masuri),0.0,324.0,1499.0,3089.0,2439.0,0.0,0.0
2024-10-16 00:00:00+05:30,219,Jagtial,1125,Jagtial,1,Paddy,270,Grade-A (1010),0.0,100.0,1878.0,1881.0,1881.0,0.0,0.0
2024-10-16 00:00:00+05:30,221,Jammikunta,36,Jammikunta,25,Cotton,25,Common,0.0,385.0,6000.0,6950.0,6600.0,0.0,0.0
2024-10-16 00:00:00+05:30,239,Kesamudram,1168,Kesamudram,5,Maize,5,Common,0.0,595.0,2120.0,2453.0,2336.0,0.0,0.0
2024-10-16 00:00:00+05:30,324,Bowenpally,3,Bowenpally,103,Carrot,103,Common,0.0,1278.0,600.0,4800.0,4000.0,0.0,0.0
2024-10-16 00:00:00+05:30,323,Gaddiannaram,1,Gaddiannaram,77,Mosambi,77,Common,0.0,330.0,1000.0,4000.0,1300.0,0.0,0.0
2024-10-16 00:00:00+05:30,279,Thirumalagiri,9,Tirmalagiri,1,Paddy,247,Grade-A (Samba Masuri),0.0,214.0,1909.0,2229.0,2169.0,0.0,0.0
2024-10-16 00:00:00+05:30,325,Hyderabad,7,Meeralamandi,111,Brinjal,111,Common,0.0,4.0,2000.0,3000.0,2500.0,0.0,0.0
2024-10-16 00:00:00+05:30,323,Gaddiannaram,2,L.B Nagar,106,ColaCasio(Arvi),106,Common,0.0,7.0,3000.0,4000.0,3500.0,0.0,0.0
2024-10-15 00:00:00+05:30,306,Mahbubnagar,1326,Mahaboobnagar,8,Ragi,8,Common,0.0,2.0,1609.0,1609.0,1609.0,0.0,0.0
2024-10-15 00:00:00+05:30,367,Gudimalkapur,1571,Gudumalkapur,103,Carrot,103,Common,0.0,161.0,1000.0,4000.0,2500.0,0.0,0.0
2024-10-15 00:00:00+05:30,331,Vantimamidi,1612,Vantimamidi,101,Beet Root,101,Common,0.0,1.0,2000.0,2000.0,2000.0,0.0,0.0
2024-10-15 00:00:00+05:30,256,Khammam,1067,Khammam,15,Red Gram,15,Common,0.0,287.0,6000.0,17000.0,16500.0,0.0,0.0
2024-10-15 00:00:00+05:30,239,Kesamudram,1168,Kesamudram,5,Maize,5,Common,0.0,740.0,2005.0,2391.0,2314.0,0.0,0.0
2024-10-15 00:00:00+05:30,302,Gadwal,1328,Gadwal,30,Groundnut pods,30,Common,0.0,550.0,3099.0,6319.0,5249.0,0.0,0.0
2024-10-15 00:00:00+05:30,221,Jammikunta,36,Jammikunta,25,Cotton,25,Common,0.0,182.0,6200.0,6900.0,6600.0,0.0,0.0
2024-10-14 00:00:00+05:30,301,Devarakadra,1352,Devarakadra,31,Castor,31,Common,0.0,8.0,5901.0,5901.0,5901.0,0.0,0.0
2024-10-15 00:00:00+05:30,279,Thirumalagiri,9,Tirmalagiri,1,Paddy,247,Grade-A (Samba Masuri),0.0,499.0,1904.0,2233.0,2189.0,0.0,0.0
2024-10-15 00:00:00+05:30,278,Suryapet,1091,Suryapet,1,Paddy,247,Grade-A (Samba Masuri),0.0,269.0,1656.0,2959.0,2913.0,0.0,0.0
2024-10-15 00:00:00+05:30,324,Bowenpally,3,Bowenpally,103,Carrot,103,Common,0.0,1296.0,500.0,4000.0,3500.0,0.0,0.0
2024-10-15 00:00:00+05:30,323,Gaddiannaram,2,L.B Nagar,106,ColaCasio(Arvi),106,Common,0.0,3.0,3000.0,4000.0,3500.0,0.0,0.0
2024-10-15 00:00:00+05:30,323,Gaddiannaram,1,Gaddiannaram,77,Mosambi,77,Common,0.0,376.0,1200.0,4700.0,1500.0,0.0,0.0
2024-10-15 00:00:00+05:30,325,Hyderabad,7,Meeralamandi,111,Brinjal,111,Common,0.0,3.0,2000.0,3000.0,2500.0,0.0,0.0
2024-10-14 00:00:00+05:30,367,Gudimalkapur,1571,Gudumalkapur,103,Carrot,103,Common,0.0,154.0,1000.0,3500.0,3000.0,0.0,0.0
2024-10-14 00:00:00+05:30,331,Vantimamidi,1612,Vantimamidi,101,Beet Root,101,Common,0.0,2.0,1000.0,1000.0,1000.0,0.0,0.0
2024-10-14 00:00:00+05:30,289,Sadasivpet,1200,Sadasivapet,6,Jowar,232,Yellow,0.0,1.0,3939.0,3939.0,3939.0,0.0,0.0
2024-10-14 00:00:00+05:30,312,Wanaparthy Town,1344,W.P.Town,30,Groundnut pods,30,Common,0.0,155.0,4311.0,6269.0,4951.0,0.0,0.0
2024-10-14 00:00:00+05:30,302,Gadwal,1328,Gadwal,30,Groundnut pods,30,Common,0.0,550.0,3099.0,6319.0,5249.0,0.0,0.0
2024-10-14 00:00:00+05:30,278,Suryapet,1091,Suryapet,1,Paddy,247,Grade-A (Samba Masuri),0.0,32.0,2513.0,2929.0,2919.0,0.0,0.0
2024-10-14 00:00:00+05:30,221,Jammikunta,36,Jammikunta,25,Cotton,25,Common,0.0,95.0,6200.0,6960.0,6500.0,0.0,0.0
2024-10-14 00:00:00+05:30,256,Khammam,1067,Khammam,15,Red Gram,15,Common,0.0,2.0,7000.0,7000.0,7000.0,0.0,0.0
2024-10-14 00:00:00+05:30,239,Kesamudram,1168,Kesamudram,5,Maize,5,Common,0.0,790.0,2151.0,2381.0,2341.0,0.0,0.0
2024-10-14 00:00:00+05:30,279,Thirumalagiri,9,Tirmalagiri,1,Paddy,247,Grade-A (Samba Masuri),0.0,204.0,2170.0,2189.0,2189.0,0.0,0.0
2024-10-14 00:00:00+05:30,325,Hyderabad,7,Meeralamandi,111,Brinjal,111,Common,0.0,2.0,4000.0,5000.0,4500.0,0.0,0.0
2024-10-14 00:00:00+05:30,325,Hyderabad,6,Madannapeta,106,ColaCasio(Arvi),106,Common,0.0,3.0,4000.0,4000.0,4000.0,0.0,0.0
2024-10-14 00:00:00+05:30,323,Gaddiannaram,2,L.B Nagar,106,ColaCasio(Arvi),106,Common,0.0,5.0,3000.0,4000.0,3500.0,0.0,0.0
2024-10-14 00:00:00+05:30,323,Gaddiannaram,1,Gaddiannaram,77,Mosambi,77,Common,0.0,250.0,1000.0,2400.0,1500.0,0.0,0.0
2024-10-14 00:00:00+05:30,324,Bowenpally,3,Bowenpally,103,Carrot,103,Common,0.0,1519.0,400.0,3500.0,2800.0,0.0,0.0
2024-10-13 00:00:00+05:30,367,Gudimalkapur,1571,Gudumalkapur,103,Carrot,103,Common,0.0,106.0,2000.0,4000.0,3000.0,0.0,0.0
2024-10-13 00:00:00+05:30,324,Bowenpally,3,Bowenpally,103,Carrot,103,Common,0.0,880.0,1000.0,3500.0,3200.0,0.0,0.0
2024-10-12 00:00:00+05:30,367,Gudimalkapur,1571,Gudumalkapur,103,Carrot,103,Common,0.0,99.0,2000.0,3500.0,3000.0,0.0,0.0
2024-10-12 00:00:00+05:30,239,Kesamudram,1168,Kesamudram,5,Maize,5,Common,0.0,790.0,2151.0,2381.0,2341.0,0.0,0.0
2024-10-12 00:00:00+05:30,325,Hyderabad,6,Madannapeta,106,ColaCasio(Arvi),106,Common,0.0,3.0,4000.0,4000.0,4000.0,0.0,0.0
2024-10-12 00:00:00+05:30,324,Bowenpally,3,Bowenpally,103,Carrot,103,Common,0.0,980.0,500.0,3000.0,2500.0,0.0,0.0
2024-10-12 00:00:00+05:30,323,Gaddiannaram,2,L.B Nagar,106,ColaCasio(Arvi),106,Common,0.0,7.0,3500.0,4000.0,3700.0,0.0,0.0
2024-10-11 00:00:00+05:30,367,Gudimalkapur,1571,Gudumalkapur,103,Carrot,103,Common,0.0,119.0,500.0,3500.0,2000.0,0.0,0.0
2024-10-11 00:00:00+05:30,325,Hyderabad,7,Meeralamandi,111,Brinjal,111,Common,0.0,2.0,3000.0,3000.0,3000.0,0.0,0.0
2024-10-10 00:00:00+05:30,312,Wanaparthy Town,1344,W.P.Town,30,Groundnut pods,30,Common,0.0,179.0,4811.0,6820.0,6059.0,0.0,0.0
2024-10-11 00:00:00+05:30,323,Gaddiannaram,2,L.B Nagar,106,ColaCasio(Arvi),106,Common,0.0,9.0,3000.0,4000.0,3500.0,0.0,0.0
2024-10-11 00:00:00+05:30,324,Bowenpally,3,Bowenpally,103,Carrot,103,Common,0.0,1324.0,600.0,2800.0,2300.0,0.0,0.0
2024-10-10 00:00:00+05:30,367,Gudimalkapur,1571,Gudumalkapur,103,Carrot,103,Common,0.0,172.0,1000.0,3000.0,2000.0,0.0,0.0
2024-10-09 00:00:00+05:30,301,Devarakadra,1352,Devarakadra,31,Castor,31,Common,0.0,10.0,5851.0,5851.0,5851.0,0.0,0.0
2024-10-10 00:00:00+05:30,323,Gaddiannaram,2,L.B Nagar,106,ColaCasio(Arvi),106,Common,0.0,13.0,3000.0,4000.0,3500.0,0.0,0.0
2024-10-10 00:00:00+05:30,325,Hyderabad,6,Madannapeta,106,ColaCasio(Arvi),106,Common,0.0,3.0,4000.0,4000.0,4000.0,0.0,0.0
2024-10-10 00:00:00+05:30,325,Hyderabad,7,Meeralamandi,111,Brinjal,111,Common,0.0,4.0,2500.0,3500.0,3000.0,0.0,0.0
2024-10-10 00:00:00+05:30,324,Bowenpally,3,Bowenpally,103,Carrot,103,Common,0.0,1407.0,600.0,3000.0,2400.0,0.0,0.0
2024-10-09 00:00:00+05:30,312,Wanaparthy Town,1344,W.P.Town,30,Groundnut pods,30,Common,0.0,105.0,4179.0,6790.0,4199.0,0.0,0.0
2024-10-10 00:00:00+05:30,323,Gaddiannaram,1,Gaddiannaram,77,Mosambi,77,Common,0.0,959.0,1200.0,4800.0,1800.0,0.0,0.0
2024-10-09 00:00:00+05:30,367,Gudimalkapur,1571,Gudumalkapur,103,Carrot,103,Common,0.0,300.0,1500.0,3000.0,2000.0,0.0,0.0
2024-10-09 00:00:00+05:30,302,Gadwal,1328,Gadwal,30,Groundnut pods,30,Common,0.0,274.0,3039.0,5929.0,5490.0,0.0,0.0
2024-10-09 00:00:00+05:30,239,Kesamudram,1168,Kesamudram,5,Maize,5,Common,0.0,1243.0,2051.0,2429.0,2389.0,0.0,0.0
2024-10-09 00:00:00+05:30,324,Bowenpally,3,Bowenpally,103,Carrot,103,Common,0.0,1294.0,1000.0,3300.0,2800.0,0.0,0.0
2024-10-09 00:00:00+05:30,325,Hyderabad,6,Madannapeta,106,ColaCasio(Arvi),106,Common,0.0,8.0,3000.0,3000.0,3000.0,0.0,0.0
2024-10-09 00:00:00+05:30,325,Hyderabad,7,Meeralamandi,111,Brinjal,111,Common,0.0,4.0,2500.0,3000.0,2750.0,0.0,0.0
2024-10-09 00:00:00+05:30,279,Thirumalagiri,9,Tirmalagiri,1,Paddy,247,Grade-A (Samba Masuri),0.0,22.0,3009.0,3009.0,3009.0,0.0,0.0
2024-10-08 00:00:00+05:30,301,Devarakadra,1352,Devarakadra,31,Castor,31,Common,0.0,3.0,5901.0,5901.0,5901.0,0.0,0.0
2024-10-09 00:00:00+05:30,221,Jammikunta,36,Jammikunta,25,Cotton,25,Common,0.0,287.0,6000.0,6750.0,6500.0,0.0,0.0
2024-10-09 00:00:00+05:30,323,Gaddiannaram,1,Gaddiannaram,77,Mosambi,77,Common,0.0,756.0,1700.0,5000.0,1800.0,0.0,0.0
2024-10-09 00:00:00+05:30,323,Gaddiannaram,2,L.B Nagar,106,ColaCasio(Arvi),106,Common,0.0,5.0,3000.0,4000.0,3500.0,0.0,0.0
2024-10-08 00:00:00+05:30,367,Gudimalkapur,1571,Gudumalkapur,103,Carrot,103,Common,0.0,251.0,1500.0,3500.0,2000.0,0.0,0.0
2024-10-08 00:00:00+05:30,292,Zaheerabad,1198,Zaheerabad,14,Bengal Gram,14,Common,0.0,0.5,7300.0,7300.0,7300.0,0.0,0.0
2024-10-08 00:00:00+05:30,302,Gadwal,1328,Gadwal,30,Groundnut pods,30,Common,0.0,270.0,2616.0,5489.0,4929.0,0.0,0.0
2024-10-08 00:00:00+05:30,219,Jagtial,1125,Jagtial,1,Paddy,270,Grade-A (1010),0.0,39.0,1730.0,1730.0,1730.0,0.0,0.0
2024-10-08 00:00:00+05:30,239,Kesamudram,1168,Kesamudram,5,Maize,5,Common,0.0,2042.0,2059.0,2452.0,2426.0,0.0,0.0
2024-10-08 00:00:00+05:30,279,Thirumalagiri,9,Tirmalagiri,1,Paddy,247,Grade-A (Samba Masuri),0.0,16.0,2279.0,2279.0,2279.0,0.0,0.0
2024-10-08 00:00:00+05:30,221,Jammikunta,36,Jammikunta,25,Cotton,25,Common,0.0,314.0,6000.0,6650.0,6500.0,0.0,0.0
2024-10-08 00:00:00+05:30,325,Hyderabad,7,Meeralamandi,111,Brinjal,111,Common,0.0,4.0,3000.0,3500.0,3250.0,0.0,0.0
2024-10-08 00:00:00+05:30,324,Bowenpally,3,Bowenpally,103,Carrot,103,Common,0.0,1848.0,500.0,3500.0,3000.0,0.0,0.0
2024-10-08 00:00:00+05:30,323,Gaddiannaram,2,L.B Nagar,106,ColaCasio(Arvi),106,Common,0.0,3.0,3000.0,4000.0,3500.0,0.0,0.0
2024-10-07 00:00:00+05:30,331,Vantimamidi,1612,Vantimamidi,101,Beet Root,101,Common,0.0,1.0,3000.0,3000.0,3000.0,0.0,0.0
2024-10-08 00:00:00+05:30,323,Gaddiannaram,1,Gaddiannaram,77,Mosambi,77,Common,0.0,765.0,1800.0,4900.0,1900.0,0.0,0.0
2024-10-07 00:00:00+05:30,367,Gudimalkapur,1571,Gudumalkapur,103,Carrot,103,Common,0.0,207.0,1000.0,3500.0,2000.0,0.0,0.0
2024-10-07 00:00:00+05:30,300,Badepally,1327,Badepally,6,Jowar,6,Common,0.0,5.0,2079.0,2079.0,2079.0,0.0,0.0
2024-10-07 00:00:00+05:30,302,Gadwal,1328,Gadwal,30,Groundnut pods,30,Common,0.0,222.0,2411.0,5806.0,5179.0,0.0,0.0
2024-10-07 00:00:00+05:30,278,Suryapet,1091,Suryapet,1,Paddy,247,Grade-A (Samba Masuri),0.0,472.0,1665.0,3062.0,2662.0,0.0,0.0
2024-10-07 00:00:00+05:30,239,Kesamudram,1168,Kesamudram,5,Maize,5,Common,0.0,2073.0,2051.0,2466.0,2444.0,0.0,0.0
2024-10-07 00:00:00+05:30,219,Jagtial,1125,Jagtial,1,Paddy,270,Grade-A (1010),0.0,1.0,1700.0,1700.0,1700.0,0.0,0.0
2024-10-07 00:00:00+05:30,325,Hyderabad,7,Meeralamandi,111,Brinjal,111,Common,0.0,4.0,2000.0,3000.0,2500.0,0.0,0.0
2024-10-06 00:00:00+05:30,312,Wanaparthy Town,1344,W.P.Town,30,Groundnut pods,30,Common,0.0,9.0,6190.0,6969.0,6190.0,0.0,0.0
2024-10-07 00:00:00+05:30,221,Jammikunta,36,Jammikunta,25,Cotton,25,Common,0.0,552.0,6000.0,6800.0,6500.0,0.0,0.0
2024-10-07 00:00:00+05:30,323,Gaddiannaram,2,L.B Nagar,106,ColaCasio(Arvi),106,Common,0.0,5.0,3000.0,4000.0,3500.0,0.0,0.0
2024-10-07 00:00:00+05:30,323,Gaddiannaram,1,Gaddiannaram,77,Mosambi,77,Common,0.0,1620.0,1500.0,5500.0,2000.0,0.0,0.0
2024-10-07 00:00:00+05:30,324,Bowenpally,3,Bowenpally,103,Carrot,103,Common,0.0,1769.0,500.0,3800.0,2800.0,0.0,0.0
2024-10-06 00:00:00+05:30,367,Gudimalkapur,1571,Gudumalkapur,103,Carrot,103,Common,0.0,164.0,2000.0,3500.0,2500.0,0.0,0.0
2024-10-06 00:00:00+05:30,331,Vantimamidi,1612,Vantimamidi,101,Beet Root,101,Common,0.0,2.0,750.0,750.0,750.0,0.0,0.0
2024-10-06 00:00:00+05:30,325,Hyderabad,7,Meeralamandi,111,Brinjal,111,Common,0.0,3.0,2500.0,3000.0,2750.0,0.0,0.0
2024-10-06 00:00:00+05:30,324,Bowenpally,3,Bowenpally,103,Carrot,103,Common,0.0,1356.0,1000.0,3800.0,3200.0,0.0,0.0
2024-10-06 00:00:00+05:30,323,Gaddiannaram,2,L.B Nagar,106,ColaCasio(Arvi),106,Common,0.0,12.0,3000.0,4000.0,3500.0,0.0,0.0
2024-10-05 00:00:00+05:30,312,Wanaparthy Town,1344,W.P.Town,30,Groundnut pods,30,Common,0.0,44.0,5011.0,6690.0,6439.0,0.0,0.0
2024-10-05 00:00:00+05:30,306,Mahbubnagar,1326,Mahaboobnagar,8,Ragi,8,Common,0.0,3.0,3059.0,3059.0,3059.0,0.0,0.0
2024-10-05 00:00:00+05:30,367,Gudimalkapur,1571,Gudumalkapur,103,Carrot,103,Common,0.0,291.0,1000.0,4000.0,2500.0,0.0,0.0
2024-10-05 00:00:00+05:30,331,Vantimamidi,1612,Vantimamidi,101,Beet Root,101,Common,0.0,1.0,1000.0,1000.0,1000.0,0.0,0.0
2024-10-05 00:00:00+05:30,302,Gadwal,1328,Gadwal,30,Groundnut pods,30,Common,0.0,197.0,2111.0,5439.0,4636.0,0.0,0.0
2024-10-05 00:00:00+05:30,278,Suryapet,1091,Suryapet,1,Paddy,247,Grade-A (Samba Masuri),0.0,402.0,1539.0,3022.0,2683.0,0.0,0.0
2024-10-05 00:00:00+05:30,323,Gaddiannaram,2,L.B Nagar,106,ColaCasio(Arvi),106,Common,0.0,16.0,3000.0,4000.0,3500.0,0.0,0.0
2024-10-05 00:00:00+05:30,325,Hyderabad,7,Meeralamandi,111,Brinjal,111,Common,0.0,3.0,2500.0,2800.0,2650.0,0.0,0.0
2024-10-05 00:00:00+05:30,279,Thirumalagiri,9,Tirmalagiri,1,Paddy,247,Grade-A (Samba Masuri),0.0,35.0,2509.0,3029.0,2889.0,0.0,0.0
2024-10-05 00:00:00+05:30,323,Gaddiannaram,1,Gaddiannaram,77,Mosambi,77,Common,0.0,945.0,1800.0,3700.0,1900.0,0.0,0.0
2024-10-05 00:00:00+05:30,324,Bowenpally,3,Bowenpally,103,Carrot,103,Common,0.0,1971.0,500.0,3600.0,2600.0,0.0,0.0
2024-10-04 00:00:00+05:30,292,Zaheerabad,1198,Zaheerabad,14,Bengal Gram,14,Common,0.0,1.0,7636.0,7636.0,7636.0,0.0,0.0
2024-10-04 00:00:00+05:30,300,Badepally,1327,Badepally,6,Jowar,6,Common,0.0,24.0,2069.0,2069.0,2069.0,0.0,0.0
2024-10-04 00:00:00+05:30,302,Gadwal,1328,Gadwal,30,Groundnut pods,30,Common,0.0,318.0,4046.0,6039.0,4733.0,0.0,0.0
2024-10-04 00:00:00+05:30,367,Gudimalkapur,1571,Gudumalkapur,103,Carrot,103,Common,0.0,200.0,800.0,4000.0,3000.0,0.0,0.0
2024-10-04 00:00:00+05:30,278,Suryapet,1091,Suryapet,1,Paddy,247,Grade-A (Samba Masuri),0.0,576.0,1656.0,3133.0,2966.0,0.0,0.0
2024-10-04 00:00:00+05:30,323,Gaddiannaram,1,Gaddiannaram,77,Mosambi,77,Common,0.0,679.0,1800.0,3700.0,1900.0,0.0,0.0
2024-10-04 00:00:00+05:30,324,Bowenpally,3,Bowenpally,103,Carrot,103,Common,0.0,2019.0,500.0,3800.0,3000.0,0.0,0.0
2024-10-04 00:00:00+05:30,221,Jammikunta,36,Jammikunta,25,Cotton,25,Common,0.0,288.0,5500.0,6700.0,6500.0,0.0,0.0
2024-10-04 00:00:00+05:30,279,Thirumalagiri,9,Tirmalagiri,1,Paddy,247,Grade-A (Samba Masuri),0.0,2.0,2216.0,2216.0,2216.0,0.0,0.0
2024-10-04 00:00:00+05:30,325,Hyderabad,7,Meeralamandi,111,Brinjal,111,Common,0.0,6.0,2500.0,3000.0,2750.0,0.0,0.0
2024-10-04 00:00:00+05:30,323,Gaddiannaram,2,L.B Nagar,106,ColaCasio(Arvi),106,Common,0.0,14.0,3000.0,4000.0,3500.0,0.0,0.0
2024-10-03 00:00:00+05:30,331,Vantimamidi,1612,Vantimamidi,101,Beet Root,101,Common,0.0,1.0,1500.0,1500.0,1500.0,0.0,0.0
2024-10-03 00:00:00+05:30,367,Gudimalkapur,1571,Gudumalkapur,103,Carrot,103,Common,0.0,175.0,1000.0,4000.0,2000.0,0.0,0.0
2024-10-03 00:00:00+05:30,312,Wanaparthy Town,1344,W.P.Town,30,Groundnut pods,30,Common,0.0,98.0,4102.0,7217.0,7052.0,0.0,0.0
2024-10-03 00:00:00+05:30,188,Bhainsa,11,Bhainsa,15,Red Gram,15,Common,0.0,0.5,3033.0,3033.0,3033.0,0.0,0.0
2024-10-03 00:00:00+05:30,325,Hyderabad,7,Meeralamandi,111,Brinjal,111,Common,0.0,3.0,2500.0,3000.0,2750.0,0.0,0.0
2024-10-03 00:00:00+05:30,221,Jammikunta,36,Jammikunta,25,Cotton,25,Common,0.0,140.0,6000.0,6900.0,6300.0,0.0,0.0
2024-10-03 00:00:00+05:30,306,Mahbubnagar,1326,Mahaboobnagar,8,Ragi,8,Common,0.0,11.0,3559.0,3970.0,3559.0,0.0,0.0
2024-10-03 00:00:00+05:30,302,Gadwal,1328,Gadwal,30,Groundnut pods,30,Common,0.0,1032.0,2069.0,6029.0,4768.0,0.0,0.0
2024-10-03 00:00:00+05:30,239,Kesamudram,1168,Kesamudram,5,Maize,5,Common,0.0,1981.0,2251.0,2742.0,2479.0,0.0,0.0
2024-10-03 00:00:00+05:30,324,Bowenpally,3,Bowenpally,103,Carrot,103,Common,0.0,1571.0,500.0,3800.0,2800.0,0.0,0.0
2024-10-03 00:00:00+05:30,323,Gaddiannaram,2,L.B Nagar,106,ColaCasio(Arvi),106,Common,0.0,15.0,3000.0,4000.0,3500.0,0.0,0.0
2024-10-03 00:00:00+05:30,323,Gaddiannaram,1,Gaddiannaram,77,Mosambi,77,Common,0.0,941.0,1000.0,4500.0,2000.0,0.0,0.0
2024-10-01 00:00:00+05:30,300,Badepally,1327,Badepally,6,Jowar,6,Common,0.0,10.0,2129.0,2129.0,2129.0,0.0,0.0
2024-10-02 00:00:00+05:30,323,Gaddiannaram,1,Gaddiannaram,77,Mosambi,77,Common,0.0,640.0,1100.0,4400.0,1900.0,0.0,0.0
2024-10-01 00:00:00+05:30,292,Zaheerabad,1198,Zaheerabad,14,Bengal Gram,14,Common,0.0,0.5,7461.0,7461.0,7461.0,0.0,0.0
2024-10-01 00:00:00+05:30,289,Sadasivpet,1200,Sadasivapet,6,Jowar,232,Yellow,0.0,2.0,4059.0,4059.0,4059.0,0.0,0.0
2024-10-01 00:00:00+05:30,367,Gudimalkapur,1571,Gudumalkapur,103,Carrot,103,Common,0.0,381.0,800.0,4000.0,2000.0,0.0,0.0
2024-10-01 00:00:00+05:30,239,Kesamudram,1168,Kesamudram,5,Maize,5,Common,0.0,4233.0,2023.0,2525.0,2489.0,0.0,0.0
2024-10-01 00:00:00+05:30,221,Jammikunta,36,Jammikunta,25,Cotton,25,Common,0.0,296.0,6000.0,6800.0,6500.0,0.0,0.0
2024-10-01 00:00:00+05:30,256,Khammam,1067,Khammam,15,Red Gram,15,Common,0.0,4.0,7500.0,8800.0,8800.0,0.0,0.0
2024-10-01 00:00:00+05:30,188,Bhainsa,11,Bhainsa,15,Red Gram,15,Common,0.0,0.45,9011.0,9011.0,9011.0,0.0,0.0
2024-10-01 00:00:00+05:30,325,Hyderabad,7,Meeralamandi,111,Brinjal,111,Common,0.0,3.0,2500.0,3000.0,2750.0,0.0,0.0
2024-10-01 00:00:00+05:30,325,Hyderabad,6,Madannapeta,106,ColaCasio(Arvi),106,Common,0.0,5.0,3000.0,3000.0,3000.0,0.0,0.0
2024-10-01 00:00:00+05:30,323,Gaddiannaram,2,L.B Nagar,106,ColaCasio(Arvi),106,Common,0.0,25.0,3000.0,4000.0,3500.0,0.0,0.0
2024-10-01 00:00:00+05:30,323,Gaddiannaram,1,Gaddiannaram,77,Mosambi,77,Common,0.0,1025.0,1500.0,4500.0,2200.0,0.0,0.0
2024-10-01 00:00:00+05:30,324,Bowenpally,3,Bowenpally,103,Carrot,103,Common,0.0,2183.0,600.0,4000.0,3000.0,0.0,0.0
2024-10-31 00:00:00+05:30,367,Gudimalkapur,1571,Gudumalkapur,103,Carrot,103,Common,0.0,213.0,2500.0,4500.0,3000.0,0.0,0.0
2024-10-30 00:00:00+05:30,304,Kollapur,1601,Kollapur,5,Maize,5,Common,0.0,120.0,2400.0,2424.0,2405.0,0.0,0.0
2024-10-31 00:00:00+05:30,325,Hyderabad,7,Meeralamandi,111,Brinjal,111,Common,0.0,5.0,2500.0,4000.0,3250.0,0.0,0.0
2024-10-31 00:00:00+05:30,325,Hyderabad,6,Madannapeta,106,ColaCasio(Arvi),106,Common,0.0,2.0,4000.0,4000.0,4000.0,0.0,0.0
2024-10-31 00:00:00+05:30,324,Bowenpally,3,Bowenpally,103,Carrot,103,Common,0.0,1608.0,400.0,4200.0,3200.0,0.0,0.0
2024-10-30 00:00:00+05:30,312,Wanaparthy Town,1344,W.P.Town,30,Groundnut pods,30,Common,0.0,1169.0,3011.0,6116.0,4861.0,0.0,0.0
2024-10-30 00:00:00+05:30,302,Gadwal,1328,Gadwal,30,Groundnut pods,30,Common,0.0,1090.0,2321.0,5516.0,4499.0,0.0,0.0
2024-10-31 00:00:00+05:30,323,Gaddiannaram,1,Gaddiannaram,77,Mosambi,77,Common,0.0,490.0,1300.0,4800.0,1500.0,0.0,0.0
2024-10-31 00:00:00+05:30,323,Gaddiannaram,2,L.B Nagar,106,ColaCasio(Arvi),106,Common,0.0,10.0,3000.0,4000.0,3500.0,0.0,0.0
2024-10-30 00:00:00+05:30,367,Gudimalkapur,1571,Gudumalkapur,103,Carrot,103,Common,0.0,173.0,2500.0,4500.0,3000.0,0.0,0.0
2024-10-30 00:00:00+05:30,325,Hyderabad,6,Madannapeta,106,ColaCasio(Arvi),106,Common,0.0,3.0,3000.0,3000.0,3000.0,0.0,0.0
2024-10-29 00:00:00+05:30,302,Gadwal,1328,Gadwal,30,Groundnut pods,30,Common,0.0,1044.0,2529.0,5531.0,4140.0,0.0,0.0
2024-10-30 00:00:00+05:30,324,Bowenpally,3,Bowenpally,103,Carrot,103,Common,0.0,1567.0,2000.0,4500.0,4000.0,0.0,0.0
2024-10-29 00:00:00+05:30,304,Kollapur,1601,Kollapur,5,Maize,5,Common,0.0,300.0,2320.0,2426.0,2405.0,0.0,0.0
2024-10-30 00:00:00+05:30,279,Thirumalagiri,9,Tirmalagiri,1,Paddy,247,Grade-A (Samba Masuri),0.0,2875.0,1926.0,2320.0,2115.0,0.0,0.0
2024-10-30 00:00:00+05:30,325,Hyderabad,7,Meeralamandi,111,Brinjal,111,Common,0.0,3.0,2500.0,3000.0,2750.0,0.0,0.0
2024-10-30 00:00:00+05:30,221,Jammikunta,36,Jammikunta,25,Cotton,25,Common,0.0,684.0,6000.0,6850.0,6700.0,0.0,0.0
2024-10-30 00:00:00+05:30,278,Suryapet,1091,Suryapet,1,Paddy,247,Grade-A (Samba Masuri),0.0,1034.0,1703.0,2204.0,2178.0,0.0,0.0
2024-10-30 00:00:00+05:30,306,Mahbubnagar,1326,Mahaboobnagar,8,Ragi,8,Common,0.0,29.0,2569.0,3642.0,2569.0,0.0,0.0
2024-10-30 00:00:00+05:30,239,Kesamudram,1168,Kesamudram,5,Maize,5,Common,0.0,86.0,2322.0,2559.0,2459.0,0.0,0.0
2024-10-30 00:00:00+05:30,323,Gaddiannaram,2,L.B Nagar,106,ColaCasio(Arvi),106,Common,0.0,7.0,3000.0,4000.0,3500.0,0.0,0.0
2024-10-30 00:00:00+05:30,323,Gaddiannaram,1,Gaddiannaram,77,Mosambi,77,Common,0.0,560.0,1000.0,6000.0,2300.0,0.0,0.0
2024-10-29 00:00:00+05:30,367,Gudimalkapur,1571,Gudumalkapur,103,Carrot,103,Common,0.0,180.0,2000.0,5000.0,3000.0,0.0,0.0
2024-10-29 00:00:00+05:30,306,Mahbubnagar,1326,Mahaboobnagar,8,Ragi,8,Common,0.0,95.0,2551.0,4040.0,2819.0,0.0,0.0
2024-10-28 00:00:00+05:30,312,Wanaparthy Town,1344,W.P.Town,30,Groundnut pods,30,Common,0.0,1044.0,3001.0,5699.0,4399.0,0.0,0.0
2024-10-29 00:00:00+05:30,219,Jagtial,1125,Jagtial,1,Paddy,270,Grade-A (1010),0.0,2481.0,1810.0,1915.0,1902.0,0.0,0.0
2024-10-29 00:00:00+05:30,239,Kesamudram,1168,Kesamudram,5,Maize,5,Common,0.0,278.0,2402.0,2529.0,2451.0,0.0,0.0
2024-10-29 00:00:00+05:30,221,Jammikunta,36,Jammikunta,25,Cotton,25,Common,0.0,1341.0,6000.0,6800.0,6600.0,0.0,0.0
2024-10-29 00:00:00+05:30,279,Thirumalagiri,9,Tirmalagiri,1,Paddy,247,Grade-A (Samba Masuri),0.0,2198.0,1943.0,2271.0,2189.0,0.0,0.0
2024-10-29 00:00:00+05:30,278,Suryapet,1091,Suryapet,1,Paddy,247,Grade-A (Samba Masuri),0.0,1000.0,1659.0,3074.0,2159.0,0.0,0.0
2024-10-29 00:00:00+05:30,325,Hyderabad,7,Meeralamandi,111,Brinjal,111,Common,0.0,3.0,2500.0,3000.0,2750.0,0.0,0.0
2024-10-29 00:00:00+05:30,325,Hyderabad,6,Madannapeta,106,ColaCasio(Arvi),106,Common,0.0,4.0,3000.0,4000.0,3500.0,0.0,0.0
2024-10-29 00:00:00+05:30,324,Bowenpally,3,Bowenpally,103,Carrot,103,Common,0.0,1477.0,600.0,4800.0,3800.0,0.0,0.0
2024-10-29 00:00:00+05:30,323,Gaddiannaram,2,L.B Nagar,106,ColaCasio(Arvi),106,Common,0.0,16.0,3000.0,4000.0,3500.0,0.0,0.0
2024-10-29 00:00:00+05:30,323,Gaddiannaram,1,Gaddiannaram,77,Mosambi,77,Common,0.0,472.0,1400.0,5700.0,2600.0,0.0,0.0
2024-10-28 00:00:00+05:30,367,Gudimalkapur,1571,Gudumalkapur,103,Carrot,103,Common,0.0,140.0,500.0,4200.0,2500.0,0.0,0.0
2024-10-28 00:00:00+05:30,304,Kollapur,1601,Kollapur,5,Maize,5,Common,0.0,150.0,2280.0,2412.0,2411.0,0.0,0.0
2024-10-28 00:00:00+05:30,306,Mahbubnagar,1326,Mahaboobnagar,8,Ragi,8,Common,0.0,72.0,2509.0,3330.0,2719.0,0.0,0.0
2024-10-28 00:00:00+05:30,302,Gadwal,1328,Gadwal,30,Groundnut pods,30,Common,0.0,1744.0,2069.0,5911.0,4299.0,0.0,0.0
2024-10-28 00:00:00+05:30,239,Kesamudram,1168,Kesamudram,5,Maize,5,Common,0.0,564.0,2321.0,2536.0,2481.0,0.0,0.0
2024-10-28 00:00:00+05:30,221,Jammikunta,36,Jammikunta,25,Cotton,25,Common,0.0,1912.0,6000.0,6700.0,6500.0,0.0,0.0
2024-10-28 00:00:00+05:30,278,Suryapet,1091,Suryapet,1,Paddy,247,Grade-A (Samba Masuri),0.0,1051.0,1709.0,3014.0,2861.0,0.0,0.0
2024-10-28 00:00:00+05:30,279,Thirumalagiri,9,Tirmalagiri,1,Paddy,247,Grade-A (Samba Masuri),0.0,2568.0,1905.0,2319.0,2219.0,0.0,0.0
2024-10-28 00:00:00+05:30,212,Choppadandi,1123,Choppadandi,1,Paddy,241,Grade-A (Jai Sri Ram),0.0,16.0,3402.0,3402.0,3402.0,0.0,0.0
2024-10-28 00:00:00+05:30,219,Jagtial,1125,Jagtial,1,Paddy,270,Grade-A (1010),0.0,2287.0,1831.0,1965.0,1915.0,0.0,0.0
2024-10-28 00:00:00+05:30,325,Hyderabad,7,Meeralamandi,111,Brinjal,111,Common,0.0,3.0,2500.0,3000.0,2750.0,0.0,0.0
2024-10-28 00:00:00+05:30,325,Hyderabad,6,Madannapeta,106,ColaCasio(Arvi),106,Common,0.0,2.0,3000.0,3000.0,3000.0,0.0,0.0
2024-10-28 00:00:00+05:30,324,Bowenpally,3,Bowenpally,103,Carrot,103,Common,0.0,983.0,1000.0,5000.0,3500.0,0.0,0.0
2024-10-28 00:00:00+05:30,323,Gaddiannaram,2,L.B Nagar,106,ColaCasio(Arvi),106,Common,0.0,20.0,3000.0,4000.0,3500.0,0.0,0.0
2024-10-28 00:00:00+05:30,323,Gaddiannaram,1,Gaddiannaram,77,Mosambi,77,Common,0.0,620.0,1300.0,5800.0,2500.0,0.0,0.0
2024-10-27 00:00:00+05:30,367,Gudimalkapur,1571,Gudumalkapur,103,Carrot,103,Common,0.0,211.0,500.0,4000.0,2500.0,0.0,0.0
2024-10-27 00:00:00+05:30,304,Kollapur,1601,Kollapur,5,Maize,5,Common,0.0,120.0,2375.0,2386.0,2385.0,0.0,0.0
2024-10-27 00:00:00+05:30,331,Vantimamidi,1612,Vantimamidi,101,Beet Root,101,Common,0.0,1.0,2000.0,2000.0,2000.0,0.0,0.0
2024-10-27 00:00:00+05:30,312,Wanaparthy Town,1344,W.P.Town,30,Groundnut pods,30,Common,0.0,593.0,3381.0,5809.0,4699.0,0.0,0.0
2024-10-27 00:00:00+05:30,325,Hyderabad,7,Meeralamandi,111,Brinjal,111,Common,0.0,3.0,2500.0,3000.0,2750.0,0.0,0.0
2024-10-27 00:00:00+05:30,323,Gaddiannaram,2,L.B Nagar,106,ColaCasio(Arvi),106,Common,0.0,10.0,3000.0,4000.0,3500.0,0.0,0.0
2024-10-27 00:00:00+05:30,324,Bowenpally,3,Bowenpally,103,Carrot,103,Common,0.0,1383.0,1000.0,4800.0,3500.0,0.0,0.0
2024-10-01 00:00:00+05:30,324,Bowenpally,3,Bowenpally,105,Potato,105,Common,0.0,3730.0,1000.0,3400.0,3000.0,0.0,0.0
2024-10-01 00:00:00+05:30,323,Gaddiannaram,1,Gaddiannaram,79,Orange,79,Common,0.0,2135.0,250.0,4125.0,2250.0,0.0,0.0
2024-10-01 00:00:00+05:30,325,Hyderabad,6,Madannapeta,111,Brinjal,111,Common,0.0,18.0,1500.0,3000.0,2500.0,0.0,0.0
2024-10-01 00:00:00+05:30,325,Hyderabad,7,Meeralamandi,112,Ladys Finger,112,Common,0.0,2.0,2000.0,3000.0,2500.0,0.0,0.0
2024-10-01 00:00:00+05:30,256,Khammam,1067,Khammam,16,Green Gram,16,Common,0.0,78.0,4000.0,7375.0,6100.0,0.0,0.0
2024-10-01 00:00:00+05:30,367,Gudimalkapur,1571,Gudumalkapur,105,Potato,105,Common,0.0,1685.0,1000.0,3400.0,2600.0,0.0,0.0
2024-10-01 00:00:00+05:30,237,Ghanpur,1188,Ghanpur,25,Cotton,5,Common,0.0,37.0,6500.0,7000.0,6800.0,0.0,0.0
2024-10-02 00:00:00+05:30,323,Gaddiannaram,1,Gaddiannaram,79,Orange,79,Common,0.0,3673.0,250.0,4000.0,2250.0,0.0,0.0
2024-10-03 00:00:00+05:30,323,Gaddiannaram,1,Gaddiannaram,79,Orange,79,Common,0.0,2330.0,350.0,3870.0,1750.0,0.0,0.0
2024-10-03 00:00:00+05:30,324,Bowenpally,3,Bowenpally,105,Potato,105,Common,0.0,6793.0,1500.0,3300.0,2800.0,0.0,0.0
2024-10-03 00:00:00+05:30,325,Hyderabad,6,Madannapeta,111,Brinjal,111,Common,0.0,32.0,1500.0,2500.0,2000.0,0.0,0.0
2024-10-03 00:00:00+05:30,302,Gadwal,1328,Gadwal,31,Castor,31,Common,0.0,228.0,5416.0,6059.0,5989.0,0.0,0.0
2024-10-03 00:00:00+05:30,256,Khammam,1067,Khammam,16,Green Gram,16,Common,0.0,63.0,5400.0,7100.0,6000.0,0.0,0.0
2024-10-03 00:00:00+05:30,325,Hyderabad,7,Meeralamandi,112,Ladys Finger,112,Common,0.0,2.0,2900.0,3000.0,3950.0,0.0,0.0
2024-10-03 00:00:00+05:30,367,Gudimalkapur,1571,Gudumalkapur,105,Potato,105,Common,0.0,2314.0,1500.0,3400.0,2500.0,0.0,0.0
2024-10-03 00:00:00+05:30,331,Vantimamidi,1612,Vantimamidi,103,Carrot,103,Common,0.0,2.0,2500.0,2500.0,2500.0,0.0,0.0
2024-10-04 00:00:00+05:30,256,Khammam,1067,Khammam,16,Green Gram,16,Common,0.0,51.0,4000.0,7250.0,7025.0,0.0,0.0
2024-10-04 00:00:00+05:30,324,Bowenpally,3,Bowenpally,105,Potato,105,Common,0.0,6458.0,1000.0,3300.0,2500.0,0.0,0.0
2024-10-04 00:00:00+05:30,323,Gaddiannaram,1,Gaddiannaram,79,Orange,79,Common,0.0,1955.0,250.0,3500.0,1600.0,0.0,0.0
2024-10-04 00:00:00+05:30,325,Hyderabad,6,Madannapeta,111,Brinjal,111,Common,0.0,10.0,2000.0,2500.0,2250.0,0.0,0.0
2024-10-04 00:00:00+05:30,237,Ghanpur,1188,Ghanpur,25,Cotton,5,Common,0.0,30.0,6500.0,7000.0,6800.0,0.0,0.0
2024-10-04 00:00:00+05:30,367,Gudimalkapur,1571,Gudumalkapur,105,Potato,105,Common,0.0,1693.0,2000.0,3400.0,2600.0,0.0,0.0
2024-10-04 00:00:00+05:30,302,Gadwal,1328,Gadwal,31,Castor,31,Common,0.0,102.0,5616.0,5959.0,5902.0,0.0,0.0
2024-10-04 00:00:00+05:30,292,Zaheerabad,1198,Zaheerabad,15,Red Gram,15,Common,0.0,2.5,8223.0,9223.0,8523.0,0.0,0.0
2024-10-05 00:00:00+05:30,324,Bowenpally,3,Bowenpally,105,Potato,105,Common,0.0,4987.0,1000.0,3300.0,2800.0,0.0,0.0
2024-10-05 00:00:00+05:30,323,Gaddiannaram,1,Gaddiannaram,79,Orange,79,Common,0.0,2843.0,250.0,3750.0,1625.0,0.0,0.0
2024-10-04 00:00:00+05:30,331,Vantimamidi,1612,Vantimamidi,103,Carrot,103,Common,0.0,5.0,4000.0,4000.0,4000.0,0.0,0.0
2024-10-05 00:00:00+05:30,325,Hyderabad,7,Meeralamandi,112,Ladys Finger,112,Common,0.0,3.0,2500.0,3000.0,2750.0,0.0,0.0
2024-10-05 00:00:00+05:30,325,Hyderabad,6,Madannapeta,111,Brinjal,111,Common,0.0,5.0,3000.0,3000.0,3000.0,0.0,0.0
2024-10-05 00:00:00+05:30,188,Bhainsa,11,Bhainsa,16,Green Gram,16,Common,0.0,2.0,5555.0,5555.0,5555.0,0.0,0.0
2024-10-04 00:00:00+05:30,346,Rudrangi,1583,Rudrangi,25,Cotton,25,Common,0.0,150.0,7200.0,7500.0,7300.0,0.0,0.0
2024-10-05 00:00:00+05:30,302,Gadwal,1328,Gadwal,31,Castor,31,Common,0.0,98.0,5161.0,5929.0,5906.0,0.0,0.0
2024-10-05 00:00:00+05:30,292,Zaheerabad,1198,Zaheerabad,15,Red Gram,15,Common,0.0,2.0,9517.0,9517.0,9517.0,0.0,0.0
2024-10-05 00:00:00+05:30,331,Vantimamidi,1612,Vantimamidi,103,Carrot,103,Common,0.0,2.0,1500.0,1500.0,1500.0,0.0,0.0
2024-10-05 00:00:00+05:30,367,Gudimalkapur,1571,Gudumalkapur,105,Potato,105,Common,0.0,2491.0,1500.0,3300.0,2500.0,0.0,0.0
2024-10-05 00:00:00+05:30,346,Rudrangi,1583,Rudrangi,25,Cotton,25,Common,0.0,112.0,7200.0,7500.0,7300.0,0.0,0.0
2024-10-06 00:00:00+05:30,323,Gaddiannaram,1,Gaddiannaram,79,Orange,79,Common,0.0,1723.0,250.0,3750.0,800.0,0.0,0.0
2024-10-06 00:00:00+05:30,324,Bowenpally,3,Bowenpally,105,Potato,105,Common,0.0,5016.0,1500.0,3300.0,2800.0,0.0,0.0
2024-10-06 00:00:00+05:30,325,Hyderabad,6,Madannapeta,111,Brinjal,111,Common,0.0,10.0,2000.0,2500.0,2250.0,0.0,0.0
2024-10-06 00:00:00+05:30,331,Vantimamidi,1612,Vantimamidi,103,Carrot,103,Common,0.0,2.0,1500.0,1500.0,1500.0,0.0,0.0
2024-10-06 00:00:00+05:30,367,Gudimalkapur,1571,Gudumalkapur,105,Potato,105,Common,0.0,2192.0,1500.0,3300.0,2500.0,0.0,0.0
2024-10-07 00:00:00+05:30,324,Bowenpally,3,Bowenpally,105,Potato,105,Common,0.0,4063.0,1000.0,3200.0,2800.0,0.0,0.0
2024-10-07 00:00:00+05:30,323,Gaddiannaram,1,Gaddiannaram,79,Orange,79,Common,0.0,4487.0,250.0,4000.0,1600.0,0.0,0.0
2024-10-07 00:00:00+05:30,325,Hyderabad,7,Meeralamandi,112,Ladys Finger,112,Common,0.0,3.0,3000.0,3000.0,3000.0,0.0,0.0
2024-10-07 00:00:00+05:30,325,Hyderabad,6,Madannapeta,111,Brinjal,111,Common,0.0,10.0,2000.0,2500.0,225018.0,0.0,0.0
2024-10-06 00:00:00+05:30,346,Rudrangi,1583,Rudrangi,25,Cotton,25,Common,0.0,53.0,7200.0,7500.0,7300.0,0.0,0.0
2024-10-07 00:00:00+05:30,256,Khammam,1067,Khammam,16,Green Gram,16,Common,0.0,84.0,4000.0,7250.0,6625.0,0.0,0.0
2024-10-07 00:00:00+05:30,302,Gadwal,1328,Gadwal,31,Castor,31,Common,0.0,107.0,5409.0,5949.0,5949.0,0.0,0.0
2024-10-07 00:00:00+05:30,237,Ghanpur,1188,Ghanpur,25,Cotton,5,Common,0.0,30.0,6500.0,7000.0,6800.0,0.0,0.0
2024-10-07 00:00:00+05:30,367,Gudimalkapur,1571,Gudumalkapur,105,Potato,105,Common,0.0,928.0,2000.0,3300.0,2800.0,0.0,0.0
2024-10-08 00:00:00+05:30,323,Gaddiannaram,1,Gaddiannaram,79,Orange,79,Common,0.0,3018.0,250.0,3100.0,2100.0,0.0,0.0
2024-10-07 00:00:00+05:30,331,Vantimamidi,1612,Vantimamidi,103,Carrot,103,Common,0.0,1.0,1200.0,1200.0,1200.0,0.0,0.0
2024-10-08 00:00:00+05:30,324,Bowenpally,3,Bowenpally,105,Potato,105,Common,0.0,5063.0,1500.0,3200.0,2800.0,0.0,0.0
2024-10-08 00:00:00+05:30,325,Hyderabad,6,Madannapeta,111,Brinjal,111,Common,0.0,3.0,3000.0,3000.0,3000.0,0.0,0.0
2024-10-07 00:00:00+05:30,346,Rudrangi,1583,Rudrangi,25,Cotton,25,Common,0.0,66.0,7200.0,7500.0,7300.0,0.0,0.0
2024-10-08 00:00:00+05:30,320,Tandur,37,Tandur,15,Red Gram,15,Common,0.0,1.0,10503.0,10503.0,10503.0,0.0,0.0
2024-10-08 00:00:00+05:30,256,Khammam,1067,Khammam,16,Green Gram,16,Common,0.0,50.0,6000.0,6851.0,6600.0,0.0,0.0
2024-10-08 00:00:00+05:30,302,Gadwal,1328,Gadwal,31,Castor,31,Common,0.0,79.0,5219.0,5929.0,5929.0,0.0,0.0
2024-10-08 00:00:00+05:30,367,Gudimalkapur,1571,Gudumalkapur,105,Potato,105,Common,0.0,1555.0,1500.0,3300.0,2500.0,0.0,0.0
2024-10-09 00:00:00+05:30,323,Gaddiannaram,1,Gaddiannaram,79,Orange,79,Common,0.0,3511.0,250.0,3000.0,2100.0,0.0,0.0
2024-10-08 00:00:00+05:30,346,Rudrangi,1583,Rudrangi,25,Cotton,25,Common,0.0,196.0,7200.0,7500.0,7350.0,0.0,0.0
2024-10-09 00:00:00+05:30,325,Hyderabad,6,Madannapeta,111,Brinjal,111,Common,0.0,18.0,2000.0,3500.0,3000.0,0.0,0.0
2024-10-09 00:00:00+05:30,324,Bowenpally,3,Bowenpally,105,Potato,105,Common,0.0,3843.0,1000.0,3200.0,2700.0,0.0,0.0
2024-10-09 00:00:00+05:30,256,Khammam,1067,Khammam,16,Green Gram,16,Common,0.0,44.0,6600.0,7300.0,6775.0,0.0,0.0
2024-10-09 00:00:00+05:30,302,Gadwal,1328,Gadwal,31,Castor,31,Common,0.0,64.0,5529.0,5939.0,5909.0,0.0,0.0
2024-10-09 00:00:00+05:30,367,Gudimalkapur,1571,Gudumalkapur,105,Potato,105,Common,0.0,1649.0,1500.0,3300.0,2500.0,0.0,0.0
2024-10-10 00:00:00+05:30,323,Gaddiannaram,1,Gaddiannaram,79,Orange,79,Common,0.0,2547.0,350.0,3100.0,1600.0,0.0,0.0
2024-10-10 00:00:00+05:30,324,Bowenpally,3,Bowenpally,105,Potato,105,Common,0.0,3535.0,1500.0,3300.0,2800.0,0.0,0.0
2024-10-10 00:00:00+05:30,325,Hyderabad,7,Meeralamandi,112,Ladys Finger,112,Common,0.0,3.0,3000.0,3500.0,3250.0,0.0,0.0
2024-10-10 00:00:00+05:30,320,Tandur,37,Tandur,15,Red Gram,15,Common,0.0,28.0,10305.0,10305.0,10305.0,0.0,0.0
2024-10-10 00:00:00+05:30,325,Hyderabad,6,Madannapeta,111,Brinjal,111,Common,0.0,9.0,2000.0,3000.0,2500.0,0.0,0.0
2024-10-09 00:00:00+05:30,301,Devarakadra,1352,Devarakadra,55,Onions,55,Common,0.0,14.0,1800.0,2600.0,2200.0,0.0,0.0
2024-10-09 00:00:00+05:30,346,Rudrangi,1583,Rudrangi,25,Cotton,25,Common,0.0,92.0,7200.0,7500.0,7350.0,0.0,0.0
2024-10-10 00:00:00+05:30,292,Zaheerabad,1198,Zaheerabad,15,Red Gram,15,Common,0.0,1.0,6262.0,6262.0,6262.0,0.0,0.0
2024-10-10 00:00:00+05:30,367,Gudimalkapur,1571,Gudumalkapur,105,Potato,105,Common,0.0,1444.0,1500.0,3300.0,2600.0,0.0,0.0
2024-10-11 00:00:00+05:30,324,Bowenpally,3,Bowenpally,105,Potato,105,Common,0.0,4758.0,1500.0,3200.0,2800.0,0.0,0.0
2024-10-11 00:00:00+05:30,325,Hyderabad,6,Madannapeta,111,Brinjal,111,Common,0.0,18.0,3000.0,3500.0,3250.0,0.0,0.0
2024-10-11 00:00:00+05:30,367,Gudimalkapur,1571,Gudumalkapur,105,Potato,105,Common,0.0,751.0,1500.0,3300.0,2700.0,0.0,0.0
2024-10-12 00:00:00+05:30,324,Bowenpally,3,Bowenpally,105,Potato,105,Common,0.0,3317.0,1000.0,3400.0,2800.0,0.0,0.0
2024-10-12 00:00:00+05:30,325,Hyderabad,6,Madannapeta,111,Brinjal,111,Common,0.0,9.0,2000.0,3000.0,2500.0,0.0,0.0
2024-10-12 00:00:00+05:30,325,Hyderabad,7,Meeralamandi,112,Ladys Finger,112,Common,0.0,2.0,3000.0,3500.0,3250.0,0.0,0.0
2024-10-11 00:00:00+05:30,346,Rudrangi,1583,Rudrangi,25,Cotton,25,Common,0.0,26.0,7200.0,7500.0,7350.0,0.0,0.0
2024-10-12 00:00:00+05:30,367,Gudimalkapur,1571,Gudumalkapur,105,Potato,105,Common,0.0,1970.0,2600.0,3300.0,2400.0,0.0,0.0
2024-10-13 00:00:00+05:30,324,Bowenpally,3,Bowenpally,105,Potato,105,Common,0.0,4828.0,1500.0,3100.0,2800.0,0.0,0.0
2024-10-13 00:00:00+05:30,325,Hyderabad,6,Madannapeta,111,Brinjal,111,Common,0.0,8.0,2000.0,3000.0,2500.0,0.0,0.0
2024-10-13 00:00:00+05:30,367,Gudimalkapur,1571,Gudumalkapur,105,Potato,105,Common,0.0,1618.0,1500.0,3300.0,2500.0,0.0,0.0
2024-10-14 00:00:00+05:30,324,Bowenpally,3,Bowenpally,105,Potato,105,Common,0.0,3493.0,1000.0,3200.0,2800.0,0.0,0.0
2024-10-14 00:00:00+05:30,323,Gaddiannaram,1,Gaddiannaram,79,Orange,79,Common,0.0,2205.0,250.0,3500.0,1750.0,0.0,0.0
2024-10-14 00:00:00+05:30,325,Hyderabad,6,Madannapeta,111,Brinjal,111,Common,0.0,16.0,2000.0,3000.0,2500.0,0.0,0.0
2024-10-14 00:00:00+05:30,325,Hyderabad,7,Meeralamandi,112,Ladys Finger,112,Common,0.0,3.0,3000.0,3500.0,3250.0,0.0,0.0
2024-10-14 00:00:00+05:30,188,Bhainsa,11,Bhainsa,16,Green Gram,16,Common,0.0,1.47,5166.0,5166.0,5166.0,0.0,0.0
2024-10-14 00:00:00+05:30,256,Khammam,1067,Khammam,16,Green Gram,16,Common,0.0,40.0,4000.0,7350.0,7350.0,0.0,0.0
2024-10-14 00:00:00+05:30,302,Gadwal,1328,Gadwal,31,Castor,31,Common,0.0,190.0,3809.0,5951.0,5949.0,0.0,0.0
2024-10-14 00:00:00+05:30,331,Vantimamidi,1612,Vantimamidi,103,Carrot,103,Common,0.0,1.0,2500.0,2500.0,2500.0,0.0,0.0
2024-10-14 00:00:00+05:30,367,Gudimalkapur,1571,Gudumalkapur,105,Potato,105,Common,0.0,1134.0,1500.0,3300.0,2500.0,0.0,0.0
2024-10-15 00:00:00+05:30,325,Hyderabad,7,Meeralamandi,112,Ladys Finger,112,Common,0.0,2.0,25000.0,3000.0,2750.0,0.0,0.0
2024-10-15 00:00:00+05:30,325,Hyderabad,6,Madannapeta,111,Brinjal,111,Common,0.0,6.0,3000.0,3000.0,3000.0,0.0,0.0
2024-10-15 00:00:00+05:30,323,Gaddiannaram,1,Gaddiannaram,79,Orange,79,Common,0.0,2772.0,250.0,3500.0,2350.0,0.0,0.0
2024-10-15 00:00:00+05:30,324,Bowenpally,3,Bowenpally,105,Potato,105,Common,0.0,4522.0,1000.0,3200.0,2600.0,0.0,0.0
2024-10-14 00:00:00+05:30,346,Rudrangi,1583,Rudrangi,25,Cotton,25,Common,0.0,53.0,7200.0,7500.0,7350.0,0.0,0.0
2024-10-15 00:00:00+05:30,302,Gadwal,1328,Gadwal,31,Castor,31,Common,0.0,190.0,3809.0,5951.0,5949.0,0.0,0.0
2024-10-15 00:00:00+05:30,256,Khammam,1067,Khammam,16,Green Gram,16,Common,0.0,41.0,4000.0,7200.0,6800.0,0.0,0.0
2024-10-15 00:00:00+05:30,331,Vantimamidi,1612,Vantimamidi,103,Carrot,103,Common,0.0,1.0,2500.0,2500.0,2500.0,0.0,0.0
2024-10-15 00:00:00+05:30,367,Gudimalkapur,1571,Gudumalkapur,105,Potato,105,Common,0.0,993.0,1500.0,3300.0,2600.0,0.0,0.0
2024-10-15 00:00:00+05:30,346,Rudrangi,1583,Rudrangi,25,Cotton,25,Common,0.0,26.0,7200.0,7500.0,7350.0,0.0,0.0
2024-10-16 00:00:00+05:30,325,Hyderabad,7,Meeralamandi,112,Ladys Finger,112,Common,0.0,2.0,2500.0,3000.0,2750.0,0.0,0.0
2024-10-16 00:00:00+05:30,188,Bhainsa,11,Bhainsa,16,Green Gram,16,Common,0.0,4.14,2811.0,2811.0,2811.0,0.0,0.0
2024-10-16 00:00:00+05:30,256,Khammam,1067,Khammam,16,Green Gram,16,Common,0.0,73.0,4000.0,7200.0,6875.0,0.0,0.0
2024-10-16 00:00:00+05:30,323,Gaddiannaram,1,Gaddiannaram,79,Orange,79,Common,0.0,3746.0,300.0,3250.0,1600.0,0.0,0.0
2024-10-16 00:00:00+05:30,325,Hyderabad,6,Madannapeta,111,Brinjal,111,Common,0.0,26.0,1500.0,2500.0,2000.0,0.0,0.0
2024-10-16 00:00:00+05:30,324,Bowenpally,3,Bowenpally,105,Potato,105,Common,0.0,3311.0,1500.0,3200.0,2000.0,0.0,0.0
2024-10-16 00:00:00+05:30,237,Ghanpur,1188,Ghanpur,25,Cotton,5,Common,0.0,49.0,6000.0,7000.0,6500.0,0.0,0.0
2024-10-16 00:00:00+05:30,302,Gadwal,1328,Gadwal,31,Castor,31,Common,0.0,24.0,5911.0,5941.0,5921.0,0.0,0.0
2024-10-16 00:00:00+05:30,367,Gudimalkapur,1571,Gudumalkapur,105,Potato,105,Common,0.0,1676.0,1600.0,3300.0,2600.0,0.0,0.0
2024-10-17 00:00:00+05:30,323,Gaddiannaram,1,Gaddiannaram,79,Orange,79,Common,0.0,3009.0,300.0,3500.0,2250.0,0.0,0.0
2024-10-16 00:00:00+05:30,301,Devarakadra,1352,Devarakadra,55,Onions,55,Common,0.0,28.0,1100.0,2600.0,1850.0,0.0,0.0
2024-10-16 00:00:00+05:30,331,Vantimamidi,1612,Vantimamidi,103,Carrot,103,Common,0.0,1.0,2000.0,2000.0,2000.0,0.0,0.0
2024-10-17 00:00:00+05:30,324,Bowenpally,3,Bowenpally,105,Potato,105,Common,0.0,3953.0,1000.0,3200.0,2600.0,0.0,0.0
2024-10-17 00:00:00+05:30,325,Hyderabad,6,Madannapeta,111,Brinjal,111,Common,0.0,40.0,1000.0,3000.0,2000.0,0.0,0.0
2024-10-17 00:00:00+05:30,256,Khammam,1067,Khammam,16,Green Gram,16,Common,0.0,44.0,3500.0,7400.0,7100.0,0.0,0.0
2024-10-16 00:00:00+05:30,346,Rudrangi,1583,Rudrangi,25,Cotton,25,Common,0.0,78.0,7200.0,7500.0,7350.0,0.0,0.0
2024-10-17 00:00:00+05:30,278,Suryapet,1091,Suryapet,1,Paddy,256,Grade-A (RNR),0.0,32.0,2276.0,2276.0,2276.0,0.0,0.0
2024-10-18 00:00:00+05:30,323,Gaddiannaram,1,Gaddiannaram,79,Orange,79,Common,0.0,3917.0,250.0,3750.0,2350.0,0.0,0.0
2024-10-17 00:00:00+05:30,302,Gadwal,1328,Gadwal,31,Castor,31,Common,0.0,64.0,5369.0,5961.0,5969.0,0.0,0.0
2024-10-17 00:00:00+05:30,367,Gudimalkapur,1571,Gudumalkapur,105,Potato,105,Common,0.0,1954.0,1500.0,3300.0,2500.0,0.0,0.0
2024-10-18 00:00:00+05:30,324,Bowenpally,3,Bowenpally,105,Potato,105,Common,0.0,4245.0,1500.0,3200.0,2600.0,0.0,0.0
2024-10-18 00:00:00+05:30,188,Bhainsa,11,Bhainsa,16,Green Gram,16,Common,0.0,2.0,2222.0,2222.0,2222.0,0.0,0.0
2024-10-17 00:00:00+05:30,346,Rudrangi,1583,Rudrangi,25,Cotton,25,Common,0.0,26.0,7200.0,7500.0,7350.0,0.0,0.0
2024-10-18 00:00:00+05:30,325,Hyderabad,6,Madannapeta,111,Brinjal,111,Common,0.0,28.0,1500.0,2000.0,1750.0,0.0,0.0
2024-10-18 00:00:00+05:30,320,Tandur,37,Tandur,15,Red Gram,15,Common,0.0,17.0,8631.0,8631.0,8631.0,0.0,0.0
2024-10-18 00:00:00+05:30,256,Khammam,1067,Khammam,16,Green Gram,16,Common,0.0,41.0,5100.0,7225.0,6300.0,0.0,0.0
2024-10-18 00:00:00+05:30,239,Kesamudram,1168,Kesamudram,15,Red Gram,15,Common,0.0,1.0,6611.0,6611.0,6611.0,0.0,0.0
2024-10-18 00:00:00+05:30,367,Gudimalkapur,1571,Gudumalkapur,105,Potato,105,Common,0.0,1587.0,1600.0,3300.0,2500.0,0.0,0.0
2024-10-18 00:00:00+05:30,302,Gadwal,1328,Gadwal,31,Castor,31,Common,0.0,30.0,5369.0,5921.0,5625.0,0.0,0.0
2024-10-18 00:00:00+05:30,237,Ghanpur,1188,Ghanpur,25,Cotton,5,Common,0.0,50.0,7000.0,7500.0,7200.0,0.0,0.0
2024-10-19 00:00:00+05:30,323,Gaddiannaram,1,Gaddiannaram,79,Orange,79,Common,0.0,3635.0,300.0,4000.0,2500.0,0.0,0.0
2024-10-18 00:00:00+05:30,331,Vantimamidi,1612,Vantimamidi,103,Carrot,103,Common,0.0,2.0,1500.0,1500.0,1500.0,0.0,0.0
2024-10-19 00:00:00+05:30,324,Bowenpally,3,Bowenpally,105,Potato,105,Common,0.0,6406.0,1000.0,3200.0,2400.0,0.0,0.0
2024-10-19 00:00:00+05:30,325,Hyderabad,7,Meeralamandi,112,Ladys Finger,112,Common,0.0,2.0,3000.0,4000.0,3500.0,0.0,0.0
2024-10-19 00:00:00+05:30,325,Hyderabad,6,Madannapeta,111,Brinjal,111,Common,0.0,18.0,1000.0,2000.0,1500.0,0.0,0.0
2024-10-18 00:00:00+05:30,346,Rudrangi,1583,Rudrangi,25,Cotton,25,Common,0.0,78.0,7200.0,7500.0,7350.0,0.0,0.0
2024-10-19 00:00:00+05:30,367,Gudimalkapur,1571,Gudumalkapur,105,Potato,105,Common,0.0,1555.0,1600.0,3300.0,2600.0,0.0,0.0
2024-10-19 00:00:00+05:30,302,Gadwal,1328,Gadwal,31,Castor,31,Common,0.0,16.0,5802.0,5949.0,5949.0,0.0,0.0
2024-10-20 00:00:00+05:30,324,Bowenpally,3,Bowenpally,105,Potato,105,Common,0.0,5068.0,800.0,3200.0,2600.0,0.0,0.0
2024-10-20 00:00:00+05:30,325,Hyderabad,7,Meeralamandi,112,Ladys Finger,112,Common,0.0,1.0,4000.0,4000.0,4000.0,0.0,0.0
2024-10-20 00:00:00+05:30,323,Gaddiannaram,1,Gaddiannaram,79,Orange,79,Common,0.0,543.0,250.0,3000.0,1350.0,0.0,0.0
2024-10-20 00:00:00+05:30,325,Hyderabad,6,Madannapeta,111,Brinjal,111,Common,0.0,31.0,1500.0,2000.0,1750.0,0.0,0.0
2024-10-20 00:00:00+05:30,367,Gudimalkapur,1571,Gudumalkapur,105,Potato,105,Common,0.0,1980.0,1500.0,3300.0,2400.0,0.0,0.0
2024-10-20 00:00:00+05:30,346,Rudrangi,1583,Rudrangi,25,Cotton,25,Common,0.0,111.0,7200.0,7500.0,7350.0,0.0,0.0
2024-10-19 00:00:00+05:30,346,Rudrangi,1583,Rudrangi,25,Cotton,25,Common,0.0,282.0,7200.0,7500.0,7350.0,0.0,0.0
2024-10-21 00:00:00+05:30,324,Bowenpally,3,Bowenpally,105,Potato,105,Common,0.0,4200.0,1500.0,3200.0,2800.0,0.0,0.0
2024-10-21 00:00:00+05:30,323,Gaddiannaram,1,Gaddiannaram,79,Orange,79,Common,0.0,4057.0,250.0,4000.0,2600.0,0.0,0.0
2024-10-21 00:00:00+05:30,325,Hyderabad,7,Meeralamandi,112,Ladys Finger,112,Common,0.0,2.0,4000.0,4000.0,4000.0,0.0,0.0
2024-10-21 00:00:00+05:30,325,Hyderabad,6,Madannapeta,111,Brinjal,111,Common,0.0,15.0,2250.0,2250.0,2250.0,0.0,0.0
2024-10-21 00:00:00+05:30,256,Khammam,1067,Khammam,16,Green Gram,16,Common,0.0,71.0,4960.0,7200.0,6800.0,0.0,0.0
2024-10-21 00:00:00+05:30,367,Gudimalkapur,1571,Gudumalkapur,105,Potato,105,Common,0.0,753.0,1800.0,3300.0,2600.0,0.0,0.0
2024-10-21 00:00:00+05:30,331,Vantimamidi,1612,Vantimamidi,103,Carrot,103,Common,0.0,2.0,1500.0,1500.0,1500.0,0.0,0.0
2024-10-21 00:00:00+05:30,237,Ghanpur,1188,Ghanpur,25,Cotton,5,Common,0.0,24.0,7000.0,7500.0,7200.0,0.0,0.0
2024-10-21 00:00:00+05:30,302,Gadwal,1328,Gadwal,31,Castor,31,Common,0.0,262.0,5250.0,5949.0,5889.0,0.0,0.0
2024-10-22 00:00:00+05:30,323,Gaddiannaram,1,Gaddiannaram,79,Orange,79,Common,0.0,2586.0,250.0,3500.0,2000.0,0.0,0.0
2024-10-22 00:00:00+05:30,325,Hyderabad,7,Meeralamandi,112,Ladys Finger,112,Common,0.0,3.0,3500.0,4000.0,3750.0,0.0,0.0
2024-10-21 00:00:00+05:30,346,Rudrangi,1583,Rudrangi,25,Cotton,25,Common,0.0,79.0,7200.0,7500.0,7350.0,0.0,0.0
2024-10-22 00:00:00+05:30,325,Hyderabad,6,Madannapeta,111,Brinjal,111,Common,0.0,11.0,1500.0,2000.0,1750.0,0.0,0.0
2024-10-22 00:00:00+05:30,324,Bowenpally,3,Bowenpally,105,Potato,105,Common,0.0,3284.0,1500.0,3200.0,2800.0,0.0,0.0
2024-10-22 00:00:00+05:30,256,Khammam,1067,Khammam,16,Green Gram,16,Common,0.0,127.0,4200.0,7100.0,6600.0,0.0,0.0
2024-10-22 00:00:00+05:30,237,Ghanpur,1188,Ghanpur,25,Cotton,5,Common,0.0,24.0,7000.0,7500.0,7300.0,0.0,0.0
2024-10-22 00:00:00+05:30,302,Gadwal,1328,Gadwal,31,Castor,31,Common,0.0,146.0,5349.0,5949.0,5909.0,0.0,0.0
2024-10-22 00:00:00+05:30,367,Gudimalkapur,1571,Gudumalkapur,105,Potato,105,Common,0.0,1623.0,1600.0,3300.0,2800.0,0.0,0.0
2024-10-22 00:00:00+05:30,331,Vantimamidi,1612,Vantimamidi,103,Carrot,103,Common,0.0,1.0,1500.0,1500.0,1500.0,0.0,0.0
2024-10-23 00:00:00+05:30,324,Bowenpally,3,Bowenpally,105,Potato,105,Common,0.0,3884.0,1500.0,3200.0,2600.0,0.0,0.0
2024-10-23 00:00:00+05:30,323,Gaddiannaram,1,Gaddiannaram,79,Orange,79,Common,0.0,3398.0,200.0,4000.0,2000.0,0.0,0.0
2024-10-23 00:00:00+05:30,325,Hyderabad,6,Madannapeta,111,Brinjal,111,Common,0.0,26.0,1500.0,2500.0,2000.0,0.0,0.0
2024-10-22 00:00:00+05:30,346,Rudrangi,1583,Rudrangi,25,Cotton,25,Common,0.0,131.0,7200.0,7500.0,7350.0,0.0,0.0
2024-10-23 00:00:00+05:30,256,Khammam,1067,Khammam,16,Green Gram,16,Common,0.0,55.0,6050.0,7000.0,6800.0,0.0,0.0
2024-10-23 00:00:00+05:30,302,Gadwal,1328,Gadwal,31,Castor,31,Common,0.0,107.0,5369.0,5959.0,5911.0,0.0,0.0
2024-10-23 00:00:00+05:30,301,Devarakadra,1352,Devarakadra,55,Onions,55,Common,0.0,36.0,1021.0,3100.0,2510.0,0.0,0.0
2024-10-23 00:00:00+05:30,367,Gudimalkapur,1571,Gudumalkapur,105,Potato,105,Common,0.0,1569.0,1500.0,3300.0,2500.0,0.0,0.0
2024-10-24 00:00:00+05:30,323,Gaddiannaram,1,Gaddiannaram,79,Orange,79,Common,0.0,3938.0,500.0,3500.0,2100.0,0.0,0.0
2024-10-23 00:00:00+05:30,331,Vantimamidi,1612,Vantimamidi,103,Carrot,103,Common,0.0,1.0,4000.0,4000.0,4000.0,0.0,0.0
2024-10-24 00:00:00+05:30,324,Bowenpally,3,Bowenpally,105,Potato,105,Common,0.0,5272.0,1500.0,3200.0,2600.0,0.0,0.0
2024-10-24 00:00:00+05:30,325,Hyderabad,7,Meeralamandi,112,Ladys Finger,112,Common,0.0,2.0,4000.0,4000.0,4000.0,0.0,0.0
2024-10-23 00:00:00+05:30,346,Rudrangi,1583,Rudrangi,25,Cotton,25,Common,0.0,118.0,7200.0,7500.0,7350.0,0.0,0.0
2024-10-24 00:00:00+05:30,325,Hyderabad,6,Madannapeta,111,Brinjal,111,Common,0.0,16.0,2000.0,3000.0,2500.0,0.0,0.0
2024-10-24 00:00:00+05:30,256,Khammam,1067,Khammam,16,Green Gram,16,Common,0.0,113.0,4600.0,7101.0,7000.0,0.0,0.0
2024-10-24 00:00:00+05:30,302,Gadwal,1328,Gadwal,31,Castor,31,Common,0.0,158.0,5401.0,5889.0,5769.0,0.0,0.0
2024-10-24 00:00:00+05:30,237,Ghanpur,1188,Ghanpur,25,Cotton,5,Common,0.0,20.0,7000.0,7500.0,7300.0,0.0,0.0
2024-10-24 00:00:00+05:30,367,Gudimalkapur,1571,Gudumalkapur,105,Potato,105,Common,0.0,1109.0,1600.0,3300.0,2800.0,0.0,0.0
2024-10-24 00:00:00+05:30,346,Rudrangi,1583,Rudrangi,25,Cotton,25,Common,0.0,52.0,7200.0,7500.0,7350.0,0.0,0.0
2024-10-25 00:00:00+05:30,323,Gaddiannaram,1,Gaddiannaram,79,Orange,79,Common,0.0,3348.0,200.0,3500.0,2000.0,0.0,0.0
2024-10-24 00:00:00+05:30,331,Vantimamidi,1612,Vantimamidi,103,Carrot,103,Common,0.0,2.0,1500.0,1500.0,1500.0,0.0,0.0
2024-10-25 00:00:00+05:30,325,Hyderabad,6,Madannapeta,111,Brinjal,111,Common,0.0,10.0,1500.0,2500.0,2000.0,0.0,0.0
2024-10-25 00:00:00+05:30,239,Kesamudram,1168,Kesamudram,15,Red Gram,15,Common,0.0,1.0,7389.0,7389.0,7389.0,0.0,0.0
2024-10-25 00:00:00+05:30,256,Khammam,1067,Khammam,16,Green Gram,16,Common,0.0,52.0,4600.0,7111.0,6850.0,0.0,0.0
2024-10-25 00:00:00+05:30,302,Gadwal,1328,Gadwal,31,Castor,31,Common,0.0,168.0,5361.0,5899.0,5829.0,0.0,0.0
2024-10-25 00:00:00+05:30,331,Vantimamidi,1612,Vantimamidi,103,Carrot,103,Common,0.0,1.0,2300.0,2300.0,2300.0,0.0,0.0
2024-10-25 00:00:00+05:30,367,Gudimalkapur,1571,Gudumalkapur,105,Potato,105,Common,0.0,1018.0,1600.0,3300.0,2600.0,0.0,0.0
2024-10-26 00:00:00+05:30,323,Gaddiannaram,1,Gaddiannaram,79,Orange,79,Common,0.0,3180.0,250.0,3500.0,2100.0,0.0,0.0
2024-10-26 00:00:00+05:30,325,Hyderabad,7,Meeralamandi,112,Ladys Finger,112,Common,0.0,2.0,4500.0,5000.0,4750.0,0.0,0.0
2024-10-26 00:00:00+05:30,325,Hyderabad,6,Madannapeta,111,Brinjal,111,Common,0.0,2.0,3000.0,3000.0,3000.0,0.0,0.0
2024-10-26 00:00:00+05:30,324,Bowenpally,3,Bowenpally,105,Potato,105,Common,0.0,4931.0,1500.0,3200.0,2800.0,0.0,0.0
2024-10-26 00:00:00+05:30,256,Khammam,1067,Khammam,16,Green Gram,16,Common,0.0,12.0,6400.0,6400.0,6400.0,0.0,0.0
2024-10-26 00:00:00+05:30,367,Gudimalkapur,1571,Gudumalkapur,105,Potato,105,Common,0.0,2893.0,1500.0,3200.0,2400.0,0.0,0.0
2024-10-26 00:00:00+05:30,302,Gadwal,1328,Gadwal,31,Castor,31,Common,0.0,165.0,3001.0,5839.0,5769.0,0.0,0.0
2024-10-26 00:00:00+05:30,331,Vantimamidi,1612,Vantimamidi,103,Carrot,103,Common,0.0,2.0,1500.0,1500.0,1500.0,0.0,0.0
2024-10-27 00:00:00+05:30,324,Bowenpally,3,Bowenpally,105,Potato,105,Common,0.0,5877.0,1500.0,3200.0,2800.0,0.0,0.0
2024-10-27 00:00:00+05:30,325,Hyderabad,6,Madannapeta,111,Brinjal,111,Common,0.0,6.0,2000.0,2000.0,2000.0,0.0,0.0
2024-10-27 00:00:00+05:30,323,Gaddiannaram,1,Gaddiannaram,79,Orange,79,Common,0.0,755.0,250.0,2000.0,750.0,0.0,0.0
2024-10-27 00:00:00+05:30,331,Vantimamidi,1612,Vantimamidi,103,Carrot,103,Common,0.0,2.0,1500.0,1500.0,1500.0,0.0,0.0
2024-10-27 00:00:00+05:30,367,Gudimalkapur,1571,Gudumalkapur,105,Potato,105,Common,0.0,1763.0,1800.0,3200.0,2600.0,0.0,0.0
2024-10-28 00:00:00+05:30,323,Gaddiannaram,1,Gaddiannaram,79,Orange,79,Common,0.0,5178.0,2600.0,250.0,3500.0,0.0,0.0
2024-10-28 00:00:00+05:30,324,Bowenpally,3,Bowenpally,105,Potato,105,Common,0.0,4646.0,1500.0,3100.0,2800.0,0.0,0.0
2024-10-28 00:00:00+05:30,325,Hyderabad,6,Madannapeta,111,Brinjal,111,Common,0.0,5.0,2500.0,2500.0,2500.0,0.0,0.0
2024-10-28 00:00:00+05:30,325,Hyderabad,7,Meeralamandi,112,Ladys Finger,112,Common,0.0,2.0,5000.0,6000.0,5500.0,0.0,0.0
2024-10-28 00:00:00+05:30,256,Khammam,1067,Khammam,16,Green Gram,16,Common,0.0,48.0,4000.0,7100.0,7100.0,0.0,0.0
2024-10-28 00:00:00+05:30,237,Ghanpur,1188,Ghanpur,25,Cotton,5,Common,0.0,56.0,7000.0,7500.0,7200.0,0.0,0.0
2024-10-28 00:00:00+05:30,292,Zaheerabad,1198,Zaheerabad,15,Red Gram,15,Common,0.0,15.0,8300.0,8300.0,8300.0,0.0,0.0
2024-10-28 00:00:00+05:30,302,Gadwal,1328,Gadwal,31,Castor,31,Common,0.0,278.0,4009.0,5849.0,5819.0,0.0,0.0
2024-10-28 00:00:00+05:30,300,Badepally,1327,Badepally,8,Ragi,8,Common,0.0,4.0,2210.0,2210.0,2210.0,0.0,0.0
2024-10-28 00:00:00+05:30,367,Gudimalkapur,1571,Gudumalkapur,105,Potato,105,Common,0.0,1533.0,1800.0,3000.0,2400.0,0.0,0.0
2024-10-29 00:00:00+05:30,323,Gaddiannaram,1,Gaddiannaram,79,Orange,79,Common,0.0,3367.0,300.0,3500.0,1600.0,0.0,0.0
2024-10-28 00:00:00+05:30,303,Kalwakurthy,1340,Kalwakurthy,55,Onions,55,Common,0.0,3.0,4000.0,4000.0,4000.0,0.0,0.0
2024-10-29 00:00:00+05:30,324,Bowenpally,3,Bowenpally,105,Potato,105,Common,0.0,3839.0,1000.0,3000.0,2500.0,0.0,0.0
2024-10-29 00:00:00+05:30,325,Hyderabad,6,Madannapeta,111,Brinjal,111,Common,0.0,8.0,3000.0,3000.0,3000.0,0.0,0.0
2024-10-29 00:00:00+05:30,325,Hyderabad,7,Meeralamandi,112,Ladys Finger,112,Common,0.0,2.0,5000.0,6000.0,5500.0,0.0,0.0
2024-10-29 00:00:00+05:30,278,Suryapet,1091,Suryapet,1,Paddy,256,Grade-A (RNR),0.0,6.0,1869.0,1869.0,1869.0,0.0,0.0
2024-10-29 00:00:00+05:30,256,Khammam,1067,Khammam,16,Green Gram,16,Common,0.0,83.0,4800.0,7010.0,7010.0,0.0,0.0
2024-10-29 00:00:00+05:30,300,Badepally,1327,Badepally,8,Ragi,8,Common,0.0,7.0,1809.0,2050.0,1809.0,0.0,0.0
2024-10-29 00:00:00+05:30,237,Ghanpur,1188,Ghanpur,25,Cotton,5,Common,0.0,40.0,7500.0,7500.0,7500.0,0.0,0.0
2024-10-29 00:00:00+05:30,367,Gudimalkapur,1571,Gudumalkapur,105,Potato,105,Common,0.0,1041.0,2000.0,300.0,2800.0,0.0,0.0
2024-10-30 00:00:00+05:30,323,Gaddiannaram,1,Gaddiannaram,79,Orange,79,Common,0.0,2960.0,500.0,3500.0,2500.0,0.0,0.0
2024-10-30 00:00:00+05:30,256,Khammam,1067,Khammam,16,Green Gram,16,Common,0.0,59.0,5800.0,7050.0,6550.0,0.0,0.0
2024-10-30 00:00:00+05:30,324,Bowenpally,3,Bowenpally,105,Potato,105,Common,0.0,3923.0,1000.0,3000.0,2500.0,0.0,0.0
2024-10-29 00:00:00+05:30,302,Gadwal,1328,Gadwal,31,Castor,31,Common,0.0,137.0,3201.0,5821.0,5815.0,0.0,0.0
2024-10-30 00:00:00+05:30,325,Hyderabad,6,Madannapeta,111,Brinjal,111,Common,0.0,17.0,3000.0,4000.0,3500.0,0.0,0.0
2024-10-30 00:00:00+05:30,367,Gudimalkapur,1571,Gudumalkapur,105,Potato,105,Common,0.0,1010.0,2000.0,3000.0,2700.0,0.0,0.0
2024-10-30 00:00:00+05:30,331,Vantimamidi,1612,Vantimamidi,103,Carrot,103,Common,0.0,1.0,1500.0,1500.0,1500.0,0.0,0.0
2024-10-31 00:00:00+05:30,323,Gaddiannaram,1,Gaddiannaram,79,Orange,79,Common,0.0,2805.0,350.0,3100.0,1600.0,0.0,0.0
2024-10-30 00:00:00+05:30,302,Gadwal,1328,Gadwal,31,Castor,31,Common,0.0,134.0,5625.0,5849.0,5841.0,0.0,0.0
2024-10-31 00:00:00+05:30,324,Bowenpally,3,Bowenpally,105,Potato,105,Common,0.0,2878.0,800.0,3300.0,2600.0,0.0,0.0
2024-10-31 00:00:00+05:30,325,Hyderabad,7,Meeralamandi,112,Ladys Finger,112,Common,0.0,3.0,5000.0,6000.0,5500.0,0.0,0.0
2024-10-30 00:00:00+05:30,301,Devarakadra,1352,Devarakadra,55,Onions,55,Common,0.0,64.0,1360.0,2810.0,2085.0,0.0,0.0
2024-10-31 00:00:00+05:30,367,Gudimalkapur,1571,Gudumalkapur,105,Potato,105,Common,0.0,1200.0,2000.0,3000.0,2800.0,0.0,0.0
2024-10-26 00:00:00+05:30,331,Vantimamidi,1612,Vantimamidi,105,Potato,105,Common,0.0,92.0,1500.0,2000.0,1750.0,0.0,0.0
2024-10-26 00:00:00+05:30,367,Gudimalkapur,1571,Gudumalkapur,106,ColaCasio(Arvi),106,Common,0.0,124.0,2800.0,3500.0,3000.0,0.0,0.0
2024-10-26 00:00:00+05:30,238,Jangoan,1169,Jangaon,5,Maize,5,Common,0.0,60.5,2385.0,2500.0,2500.0,0.0,0.0
2024-10-26 00:00:00+05:30,324,Bowenpally,3,Bowenpally,106,ColaCasio(Arvi),106,Common,0.0,366.0,2000.0,3200.0,2800.0,0.0,0.0
2024-10-26 00:00:00+05:30,325,Hyderabad,6,Madannapeta,112,Ladys Finger,112,Common,0.0,5.0,5000.0,7000.0,6000.0,0.0,0.0
2024-10-26 00:00:00+05:30,325,Hyderabad,7,Meeralamandi,113,Green Chillies,113,Common,0.0,3.0,3500.0,4000.0,3750.0,0.0,0.0
2024-10-25 00:00:00+05:30,367,Gudimalkapur,1571,Gudumalkapur,106,ColaCasio(Arvi),106,Common,0.0,58.0,2200.0,3000.0,2500.0,0.0,0.0
2024-10-25 00:00:00+05:30,331,Vantimamidi,1612,Vantimamidi,105,Potato,105,Common,0.0,5.0,1700.0,1700.0,1700.0,0.0,0.0
2024-10-25 00:00:00+05:30,238,Jangoan,1169,Jangaon,5,Maize,5,Common,0.0,11.0,2406.0,2406.0,2406.0,0.0,0.0
2024-10-25 00:00:00+05:30,281,Venkateshwar Nagar,1106,V Nagar,98,Cabbage,98,Common,0.0,1.0,20.0,20.0,20.0,0.0,0.0
2024-10-25 00:00:00+05:30,325,Hyderabad,6,Madannapeta,112,Ladys Finger,112,Common,0.0,14.0,4000.0,5000.0,4500.0,0.0,0.0
2024-10-24 00:00:00+05:30,331,Vantimamidi,1612,Vantimamidi,105,Potato,105,Common,0.0,4.0,1800.0,1800.0,1800.0,0.0,0.0
2024-10-25 00:00:00+05:30,325,Hyderabad,7,Meeralamandi,113,Green Chillies,113,Common,0.0,4.0,3000.0,4000.0,3500.0,0.0,0.0
2024-10-25 00:00:00+05:30,246,Warangal,886,Warangal,5,Maize,5,Common,0.0,186.75,2400.0,2505.0,2505.0,0.0,0.0
2024-10-24 00:00:00+05:30,367,Gudimalkapur,1571,Gudumalkapur,106,ColaCasio(Arvi),106,Common,0.0,70.0,2200.0,3500.0,2500.0,0.0,0.0
2024-10-24 00:00:00+05:30,238,Jangoan,1169,Jangaon,5,Maize,5,Common,0.0,60.5,2343.0,2381.0,2343.0,0.0,0.0
2024-10-24 00:00:00+05:30,239,Kesamudram,1168,Kesamudram,16,Green Gram,16,Common,0.0,3.0,5469.0,6989.0,6089.0,0.0,0.0
2024-10-24 00:00:00+05:30,246,Warangal,886,Warangal,5,Maize,5,Common,0.0,31.95,2460.0,2530.0,2480.0,0.0,0.0
2024-10-24 00:00:00+05:30,325,Hyderabad,6,Madannapeta,112,Ladys Finger,112,Common,0.0,8.0,3000.0,4000.0,3500.0,0.0,0.0
2024-10-24 00:00:00+05:30,320,Tandur,37,Tandur,16,Green Gram,16,Common,0.0,96.0,7130.0,7500.0,7300.0,0.0,0.0
2024-10-24 00:00:00+05:30,325,Hyderabad,7,Meeralamandi,113,Green Chillies,113,Common,0.0,4.0,4000.0,4500.0,4250.0,0.0,0.0
2024-10-24 00:00:00+05:30,324,Bowenpally,3,Bowenpally,106,ColaCasio(Arvi),106,Common,0.0,538.0,1500.0,3500.0,3000.0,0.0,0.0
2024-10-23 00:00:00+05:30,367,Gudimalkapur,1571,Gudumalkapur,106,ColaCasio(Arvi),106,Common,0.0,111.0,2400.0,4000.0,3500.0,0.0,0.0
2024-10-23 00:00:00+05:30,238,Jangoan,1169,Jangaon,5,Maize,5,Common,0.0,33.0,2289.0,2289.0,2289.0,0.0,0.0
2024-10-23 00:00:00+05:30,222,Karimnagar,1121,Karimnagar,5,Maize,5,Common,0.0,11.0,2352.0,2352.0,2352.0,0.0,0.0
2024-10-23 00:00:00+05:30,239,Kesamudram,1168,Kesamudram,16,Green Gram,16,Common,0.0,5.0,4039.0,6669.0,5339.0,0.0,0.0
2024-10-23 00:00:00+05:30,320,Tandur,37,Tandur,16,Green Gram,16,Common,0.0,45.0,6507.0,7600.0,6750.0,0.0,0.0
2024-10-23 00:00:00+05:30,246,Warangal,886,Warangal,5,Maize,5,Common,0.0,119.66,2300.0,2505.0,2500.0,0.0,0.0
2024-10-23 00:00:00+05:30,325,Hyderabad,6,Madannapeta,112,Ladys Finger,112,Common,0.0,23.0,4250.0,4250.0,4250.0,0.0,0.0
2024-10-23 00:00:00+05:30,325,Hyderabad,7,Meeralamandi,113,Green Chillies,113,Common,0.0,3.0,3000.0,4000.0,3500.0,0.0,0.0
2024-10-23 00:00:00+05:30,324,Bowenpally,3,Bowenpally,106,ColaCasio(Arvi),106,Common,0.0,408.0,2000.0,3800.0,3200.0,0.0,0.0
2024-10-22 00:00:00+05:30,331,Vantimamidi,1612,Vantimamidi,105,Potato,105,Common,0.0,5.0,1700.0,1700.0,1700.0,0.0,0.0
2024-10-22 00:00:00+05:30,367,Gudimalkapur,1571,Gudumalkapur,106,ColaCasio(Arvi),106,Common,0.0,69.0,2000.0,3500.0,2800.0,0.0,0.0
2024-10-22 00:00:00+05:30,238,Jangoan,1169,Jangaon,5,Maize,5,Common,0.0,220.0,2186.0,2370.0,2295.0,0.0,0.0
2024-10-22 00:00:00+05:30,239,Kesamudram,1168,Kesamudram,16,Green Gram,16,Common,0.0,10.0,4219.0,6819.0,6569.0,0.0,0.0
2024-10-22 00:00:00+05:30,222,Karimnagar,1121,Karimnagar,5,Maize,5,Common,0.0,7.0,2000.0,2000.0,2000.0,0.0,0.0
2024-10-22 00:00:00+05:30,281,Venkateshwar Nagar,1106,V Nagar,98,Cabbage,98,Common,0.0,2.0,20.0,20.0,20.0,0.0,0.0
2024-10-22 00:00:00+05:30,324,Bowenpally,3,Bowenpally,106,ColaCasio(Arvi),106,Common,0.0,435.0,1500.0,3800.0,3200.0,0.0,0.0
2024-10-22 00:00:00+05:30,325,Hyderabad,6,Madannapeta,112,Ladys Finger,112,Common,0.0,18.0,3500.0,4000.0,3750.0,0.0,0.0
2024-10-22 00:00:00+05:30,325,Hyderabad,7,Meeralamandi,113,Green Chillies,113,Common,0.0,4.0,4000.0,4000.0,4000.0,0.0,0.0
2024-10-21 00:00:00+05:30,239,Kesamudram,1168,Kesamudram,16,Green Gram,16,Common,0.0,9.0,4539.0,5689.0,5489.0,0.0,0.0
2024-10-21 00:00:00+05:30,331,Vantimamidi,1612,Vantimamidi,105,Potato,105,Common,0.0,12.0,1600.0,1600.0,1600.0,0.0,0.0
2024-10-21 00:00:00+05:30,367,Gudimalkapur,1571,Gudumalkapur,106,ColaCasio(Arvi),106,Common,0.0,70.0,2000.0,3500.0,2500.0,0.0,0.0
2024-10-21 00:00:00+05:30,231,Vemulawada,1126,Vemulawada,15,Red Gram,15,Common,0.0,287.0,7200.0,7500.0,7300.0,0.0,0.0
2024-10-21 00:00:00+05:30,325,Hyderabad,6,Madannapeta,112,Ladys Finger,112,Common,0.0,29.0,4000.0,4000.0,4000.0,0.0,0.0
2024-10-21 00:00:00+05:30,325,Hyderabad,7,Meeralamandi,113,Green Chillies,113,Common,0.0,3.0,3500.0,3500.0,3500.0,0.0,0.0
2024-10-21 00:00:00+05:30,246,Warangal,886,Warangal,5,Maize,5,Common,0.0,228.17,2215.0,2495.0,2400.0,0.0,0.0
2024-10-21 00:00:00+05:30,324,Bowenpally,3,Bowenpally,106,ColaCasio(Arvi),106,Common,0.0,285.0,2000.0,4000.0,3500.0,0.0,0.0
2024-10-20 00:00:00+05:30,367,Gudimalkapur,1571,Gudumalkapur,106,ColaCasio(Arvi),106,Common,0.0,43.0,2600.0,3500.0,3000.0,0.0,0.0
2024-10-20 00:00:00+05:30,325,Hyderabad,6,Madannapeta,112,Ladys Finger,112,Common,0.0,46.0,3000.0,4000.0,3500.0,0.0,0.0
2024-10-20 00:00:00+05:30,325,Hyderabad,7,Meeralamandi,113,Green Chillies,113,Common,0.0,3.0,3000.0,3500.0,3250.0,0.0,0.0
2024-10-20 00:00:00+05:30,324,Bowenpally,3,Bowenpally,106,ColaCasio(Arvi),106,Common,0.0,116.0,2000.0,4000.0,3500.0,0.0,0.0
2024-10-19 00:00:00+05:30,367,Gudimalkapur,1571,Gudumalkapur,106,ColaCasio(Arvi),106,Common,0.0,85.0,2600.0,3600.0,3000.0,0.0,0.0
2024-10-19 00:00:00+05:30,320,Tandur,37,Tandur,16,Green Gram,16,Common,0.0,73.0,6507.0,7179.0,6759.0,0.0,0.0
2024-10-19 00:00:00+05:30,238,Jangoan,1169,Jangaon,5,Maize,5,Common,0.0,125.4,1969.0,2278.0,2278.0,0.0,0.0
2024-10-19 00:00:00+05:30,325,Hyderabad,6,Madannapeta,112,Ladys Finger,112,Common,0.0,12.0,3000.0,4000.0,3500.0,0.0,0.0
2024-10-19 00:00:00+05:30,325,Hyderabad,7,Meeralamandi,113,Green Chillies,113,Common,0.0,3.0,3000.0,3500.0,3250.0,0.0,0.0
2024-10-19 00:00:00+05:30,324,Bowenpally,3,Bowenpally,106,ColaCasio(Arvi),106,Common,0.0,322.0,1500.0,4000.0,3200.0,0.0,0.0
2024-10-18 00:00:00+05:30,331,Vantimamidi,1612,Vantimamidi,105,Potato,105,Common,0.0,12.0,1800.0,1800.0,1800.0,0.0,0.0
2024-10-18 00:00:00+05:30,238,Jangoan,1169,Jangaon,5,Maize,5,Common,0.0,60.5,2159.0,2159.0,2159.0,0.0,0.0
2024-10-18 00:00:00+05:30,367,Gudimalkapur,1571,Gudumalkapur,106,ColaCasio(Arvi),106,Common,0.0,49.0,2500.0,3500.0,3000.0,0.0,0.0
2024-10-18 00:00:00+05:30,239,Kesamudram,1168,Kesamudram,16,Green Gram,16,Common,0.0,8.0,5229.0,6093.0,6093.0,0.0,0.0
2024-10-18 00:00:00+05:30,320,Tandur,37,Tandur,16,Green Gram,16,Common,0.0,179.0,6507.0,7719.0,7011.0,0.0,0.0
2024-10-18 00:00:00+05:30,208,Nizamabad,1080,Nizamabad,5,Maize,215,Hybrid New,0.0,750.0,1763.0,2340.0,2160.0,0.0,0.0
2024-10-18 00:00:00+05:30,325,Hyderabad,6,Madannapeta,112,Ladys Finger,112,Common,0.0,20.0,4000.0,4000.0,4000.0,0.0,0.0
2024-10-18 00:00:00+05:30,325,Hyderabad,7,Meeralamandi,113,Green Chillies,113,Common,0.0,2.0,3500.0,4000.0,3750.0,0.0,0.0
2024-10-18 00:00:00+05:30,246,Warangal,886,Warangal,5,Maize,5,Common,0.0,85.52,2300.0,2351.0,2325.0,0.0,0.0
2024-10-18 00:00:00+05:30,324,Bowenpally,3,Bowenpally,106,ColaCasio(Arvi),106,Common,0.0,174.0,1500.0,4000.0,3000.0,0.0,0.0
2024-10-17 00:00:00+05:30,367,Gudimalkapur,1571,Gudumalkapur,106,ColaCasio(Arvi),106,Common,0.0,68.0,3000.0,3600.0,3200.0,0.0,0.0
2024-10-17 00:00:00+05:30,208,Nizamabad,1080,Nizamabad,5,Maize,215,Hybrid New,0.0,950.0,1763.0,2335.0,2156.0,0.0,0.0
2024-10-17 00:00:00+05:30,222,Karimnagar,1121,Karimnagar,5,Maize,5,Common,0.0,36.0,2301.0,2301.0,2301.0,0.0,0.0
2024-10-17 00:00:00+05:30,239,Kesamudram,1168,Kesamudram,16,Green Gram,16,Common,0.0,10.0,6029.0,6529.0,6329.0,0.0,0.0
2024-10-17 00:00:00+05:30,188,Bhainsa,11,Bhainsa,17,Black Gram,17,Common,0.0,2.43,3535.0,3535.0,3535.0,0.0,0.0
2024-10-17 00:00:00+05:30,259,Nelakondapally,1071,Nelakondapally,158,Fish,158,Common,0.0,5.0,16500.0,17000.0,16000.0,0.0,0.0
2024-10-17 00:00:00+05:30,325,Hyderabad,7,Meeralamandi,113,Green Chillies,113,Common,0.0,4.0,3000.0,3500.0,3250.0,0.0,0.0
2024-10-17 00:00:00+05:30,325,Hyderabad,6,Madannapeta,112,Ladys Finger,112,Common,0.0,10.0,2000.0,3500.0,2750.0,0.0,0.0
2024-10-17 00:00:00+05:30,246,Warangal,886,Warangal,5,Maize,5,Common,0.0,73.94,2240.0,2353.0,2335.0,0.0,0.0
2024-10-17 00:00:00+05:30,324,Bowenpally,3,Bowenpally,106,ColaCasio(Arvi),106,Common,0.0,129.0,1500.0,3500.0,3000.0,0.0,0.0
2024-10-16 00:00:00+05:30,331,Vantimamidi,1612,Vantimamidi,105,Potato,105,Common,0.0,3.0,1800.0,1800.0,1800.0,0.0,0.0
2024-10-16 00:00:00+05:30,367,Gudimalkapur,1571,Gudumalkapur,106,ColaCasio(Arvi),106,Common,0.0,72.0,2500.0,3000.0,2500.0,0.0,0.0
2024-10-16 00:00:00+05:30,306,Mahbubnagar,1326,Mahaboobnagar,30,Groundnut pods,30,Common,0.0,3.0,6111.0,6111.0,6111.0,0.0,0.0
2024-10-16 00:00:00+05:30,239,Kesamudram,1168,Kesamudram,16,Green Gram,16,Common,0.0,5.0,4609.0,6309.0,5869.0,0.0,0.0
2024-10-16 00:00:00+05:30,238,Jangoan,1169,Jangaon,5,Maize,5,Common,0.0,73.15,1851.0,2021.0,1925.0,0.0,0.0
2024-10-16 00:00:00+05:30,324,Bowenpally,3,Bowenpally,106,ColaCasio(Arvi),106,Common,0.0,109.0,2000.0,4000.0,3000.0,0.0,0.0
2024-10-16 00:00:00+05:30,325,Hyderabad,6,Madannapeta,112,Ladys Finger,112,Common,0.0,21.0,3000.0,4000.0,3500.0,0.0,0.0
2024-10-16 00:00:00+05:30,320,Tandur,37,Tandur,16,Green Gram,16,Common,0.0,104.0,6759.0,7301.0,7175.0,0.0,0.0
2024-10-16 00:00:00+05:30,208,Nizamabad,1080,Nizamabad,5,Maize,215,Hybrid New,0.0,698.0,1823.0,2332.0,2226.0,0.0,0.0
2024-10-16 00:00:00+05:30,259,Nelakondapally,1071,Nelakondapally,158,Fish,158,Common,0.0,12.0,16500.0,16000.0,17000.0,0.0,0.0
2024-10-16 00:00:00+05:30,246,Warangal,886,Warangal,5,Maize,5,Common,0.0,4.78,1921.0,2311.0,1921.0,0.0,0.0
2024-10-15 00:00:00+05:30,309,Narayanpet,1342,Narayanpet,16,Green Gram,16,Common,0.0,2.45,3535.0,3535.0,3535.0,0.0,0.0
2024-10-15 00:00:00+05:30,367,Gudimalkapur,1571,Gudumalkapur,106,ColaCasio(Arvi),106,Common,0.0,55.0,2500.0,3000.0,2500.0,0.0,0.0
2024-10-15 00:00:00+05:30,331,Vantimamidi,1612,Vantimamidi,105,Potato,105,Common,0.0,3.0,2000.0,2000.0,2000.0,0.0,0.0
2024-10-15 00:00:00+05:30,239,Kesamudram,1168,Kesamudram,16,Green Gram,16,Common,0.0,4.0,5639.0,7089.0,7089.0,0.0,0.0
2024-10-15 00:00:00+05:30,238,Jangoan,1169,Jangaon,5,Maize,5,Common,0.0,49.5,1851.0,2291.0,1871.0,0.0,0.0
2024-10-15 00:00:00+05:30,320,Tandur,37,Tandur,16,Green Gram,16,Common,0.0,64.0,6507.0,7209.0,6858.0,0.0,0.0
2024-10-15 00:00:00+05:30,208,Nizamabad,1080,Nizamabad,5,Maize,215,Hybrid New,0.0,1138.0,1833.0,2349.0,2259.0,0.0,0.0
2024-10-15 00:00:00+05:30,324,Bowenpally,3,Bowenpally,106,ColaCasio(Arvi),106,Common,0.0,171.0,1500.0,3200.0,2800.0,0.0,0.0
2024-10-15 00:00:00+05:30,325,Hyderabad,6,Madannapeta,112,Ladys Finger,112,Common,0.0,11.0,2500.0,3000.0,2750.0,0.0,0.0
2024-10-15 00:00:00+05:30,325,Hyderabad,7,Meeralamandi,113,Green Chillies,113,Common,0.0,2.0,3000.0,3000.0,3000.0,0.0,0.0
2024-10-15 00:00:00+05:30,246,Warangal,886,Warangal,5,Maize,5,Common,0.0,41.73,2209.0,2340.0,2334.0,0.0,0.0
2024-10-14 00:00:00+05:30,367,Gudimalkapur,1571,Gudumalkapur,106,ColaCasio(Arvi),106,Common,0.0,23.0,2500.0,3000.0,2800.0,0.0,0.0
2024-10-14 00:00:00+05:30,331,Vantimamidi,1612,Vantimamidi,105,Potato,105,Common,0.0,2.0,2000.0,2000.0,2000.0,0.0,0.0
2024-10-14 00:00:00+05:30,309,Narayanpet,1342,Narayanpet,16,Green Gram,16,Common,0.0,0.98,3292.0,3292.0,3292.0,0.0,0.0
2024-10-14 00:00:00+05:30,238,Jangoan,1169,Jangaon,5,Maize,5,Common,0.0,44.0,2341.0,2341.0,2341.0,0.0,0.0
2024-10-14 00:00:00+05:30,320,Tandur,37,Tandur,16,Green Gram,16,Common,0.0,100.0,6103.0,7164.0,7110.0,0.0,0.0
2024-10-14 00:00:00+05:30,208,Nizamabad,1080,Nizamabad,5,Maize,215,Hybrid New,0.0,1325.0,1883.0,2401.0,2269.0,0.0,0.0
2024-10-14 00:00:00+05:30,246,Warangal,886,Warangal,5,Maize,5,Common,0.0,2.67,2290.0,2290.0,2290.0,0.0,0.0
2024-10-14 00:00:00+05:30,188,Bhainsa,11,Bhainsa,17,Black Gram,17,Common,0.0,5.5,2814.0,2814.0,2814.0,0.0,0.0
2024-10-14 00:00:00+05:30,325,Hyderabad,7,Meeralamandi,113,Green Chillies,113,Common,0.0,4.0,4000.0,5000.0,4500.0,0.0,0.0
2024-10-14 00:00:00+05:30,325,Hyderabad,6,Madannapeta,112,Ladys Finger,112,Common,0.0,15.0,2000.0,3000.0,2500.0,0.0,0.0
2024-10-14 00:00:00+05:30,324,Bowenpally,3,Bowenpally,106,ColaCasio(Arvi),106,Common,0.0,247.0,1500.0,3000.0,2500.0,0.0,0.0
2024-10-13 00:00:00+05:30,325,Hyderabad,6,Madannapeta,112,Ladys Finger,112,Common,0.0,13.0,3000.0,3000.0,3000.0,0.0,0.0
2024-10-12 00:00:00+05:30,367,Gudimalkapur,1571,Gudumalkapur,106,ColaCasio(Arvi),106,Common,0.0,11.0,3000.0,3000.0,3000.0,0.0,0.0
2024-10-12 00:00:00+05:30,325,Hyderabad,7,Meeralamandi,113,Green Chillies,113,Common,0.0,3.0,3000.0,3000.0,3000.0,0.0,0.0
2024-10-12 00:00:00+05:30,325,Hyderabad,6,Madannapeta,112,Ladys Finger,112,Common,0.0,14.0,3000.0,3000.0,3000.0,0.0,0.0
2024-10-11 00:00:00+05:30,367,Gudimalkapur,1571,Gudumalkapur,106,ColaCasio(Arvi),106,Common,0.0,36.0,2500.0,3000.0,2500.0,0.0,0.0
2024-10-11 00:00:00+05:30,281,Venkateshwar Nagar,1106,V Nagar,98,Cabbage,98,Common,0.0,2.0,20.0,20.0,20.0,0.0,0.0
2024-10-11 00:00:00+05:30,325,Hyderabad,7,Meeralamandi,113,Green Chillies,113,Common,0.0,4.0,2000.0,3000.0,2500.0,0.0,0.0
2024-10-11 00:00:00+05:30,325,Hyderabad,6,Madannapeta,112,Ladys Finger,112,Common,0.0,32.0,2000.0,3000.0,2500.0,0.0,0.0
2024-10-11 00:00:00+05:30,324,Bowenpally,3,Bowenpally,106,ColaCasio(Arvi),106,Common,0.0,115.0,1500.0,3000.0,2600.0,0.0,0.0
2024-10-10 00:00:00+05:30,367,Gudimalkapur,1571,Gudumalkapur,106,ColaCasio(Arvi),106,Common,0.0,30.0,2000.0,3000.0,2500.0,0.0,0.0
2024-10-10 00:00:00+05:30,281,Venkateshwar Nagar,1106,V Nagar,98,Cabbage,98,Common,0.0,2.0,20.0,20.0,20.0,0.0,0.0
2024-10-09 00:00:00+05:30,309,Narayanpet,1342,Narayanpet,16,Green Gram,16,Common,0.0,1.96,5849.0,5849.0,5849.0,0.0,0.0
2024-10-10 00:00:00+05:30,325,Hyderabad,6,Madannapeta,112,Ladys Finger,112,Common,0.0,14.0,3000.0,3000.0,3000.0,0.0,0.0
2024-10-10 00:00:00+05:30,320,Tandur,37,Tandur,16,Green Gram,16,Common,0.0,23.0,6858.0,7155.0,6858.0,0.0,0.0
2024-10-10 00:00:00+05:30,325,Hyderabad,7,Meeralamandi,113,Green Chillies,113,Common,0.0,4.0,2500.0,3000.0,2750.0,0.0,0.0
2024-10-10 00:00:00+05:30,324,Bowenpally,3,Bowenpally,106,ColaCasio(Arvi),106,Common,0.0,121.0,1500.0,3200.0,2800.0,0.0,0.0
2024-10-09 00:00:00+05:30,331,Vantimamidi,1612,Vantimamidi,105,Potato,105,Common,0.0,9.0,2500.0,2500.0,2500.0,0.0,0.0
2024-10-09 00:00:00+05:30,367,Gudimalkapur,1571,Gudumalkapur,106,ColaCasio(Arvi),106,Common,0.0,107.0,2200.0,3000.0,2500.0,0.0,0.0
2024-10-09 00:00:00+05:30,208,Nizamabad,1080,Nizamabad,5,Maize,215,Hybrid New,0.0,2890.0,1820.0,2403.0,2258.0,0.0,0.0
2024-10-09 00:00:00+05:30,222,Karimnagar,1121,Karimnagar,5,Maize,5,Common,0.0,5.0,2179.0,2179.0,2179.0,0.0,0.0
2024-10-09 00:00:00+05:30,239,Kesamudram,1168,Kesamudram,16,Green Gram,16,Common,0.0,6.0,4089.0,4689.0,4489.0,0.0,0.0
2024-10-09 00:00:00+05:30,238,Jangoan,1169,Jangaon,5,Maize,5,Common,0.0,125.6,2275.0,2351.0,2331.0,0.0,0.0
2024-10-09 00:00:00+05:30,325,Hyderabad,6,Madannapeta,112,Ladys Finger,112,Common,0.0,25.0,3000.0,3500.0,3250.0,0.0,0.0
2024-10-08 00:00:00+05:30,309,Narayanpet,1342,Narayanpet,16,Green Gram,16,Common,0.0,2.45,5529.0,5529.0,5529.0,0.0,0.0
2024-10-09 00:00:00+05:30,325,Hyderabad,7,Meeralamandi,113,Green Chillies,113,Common,0.0,3.0,3000.0,3200.0,3100.0,0.0,0.0
2024-10-09 00:00:00+05:30,320,Tandur,37,Tandur,16,Green Gram,16,Common,0.0,53.0,6000.0,7159.0,7137.0,0.0,0.0
2024-10-08 00:00:00+05:30,367,Gudimalkapur,1571,Gudumalkapur,106,ColaCasio(Arvi),106,Common,0.0,57.0,2000.0,3000.0,2400.0,0.0,0.0
2024-10-08 00:00:00+05:30,331,Vantimamidi,1612,Vantimamidi,105,Potato,105,Common,0.0,9.0,2500.0,2500.0,2500.0,0.0,0.0
2024-10-08 00:00:00+05:30,306,Mahbubnagar,1326,Mahaboobnagar,30,Groundnut pods,30,Common,0.0,9.0,3510.0,3510.0,3510.0,0.0,0.0
2024-10-08 00:00:00+05:30,239,Kesamudram,1168,Kesamudram,16,Green Gram,16,Common,0.0,7.0,5639.0,6039.0,5691.0,0.0,0.0
2024-10-08 00:00:00+05:30,238,Jangoan,1169,Jangaon,5,Maize,5,Common,0.0,169.4,2121.0,2385.0,2385.0,0.0,0.0
2024-10-08 00:00:00+05:30,208,Nizamabad,1080,Nizamabad,5,Maize,215,Hybrid New,0.0,2298.0,1770.0,2358.0,2270.0,0.0,0.0
2024-10-08 00:00:00+05:30,281,Venkateshwar Nagar,1106,V Nagar,98,Cabbage,98,Common,0.0,1.0,20.0,20.0,20.0,0.0,0.0
2024-10-08 00:00:00+05:30,320,Tandur,37,Tandur,16,Green Gram,16,Common,0.0,39.0,6858.0,7559.0,6975.0,0.0,0.0
2024-10-08 00:00:00+05:30,325,Hyderabad,6,Madannapeta,112,Ladys Finger,112,Common,0.0,14.0,3000.0,4000.0,3500.0,0.0,0.0
2024-10-08 00:00:00+05:30,325,Hyderabad,7,Meeralamandi,113,Green Chillies,113,Common,0.0,5.0,25000.0,3000.0,2750.0,0.0,0.0
2024-10-08 00:00:00+05:30,246,Warangal,886,Warangal,5,Maize,5,Common,0.0,39.42,1710.0,2230.0,2230.0,0.0,0.0
2024-10-08 00:00:00+05:30,324,Bowenpally,3,Bowenpally,106,ColaCasio(Arvi),106,Common,0.0,399.0,1500.0,3200.0,2800.0,0.0,0.0
2024-10-07 00:00:00+05:30,331,Vantimamidi,1612,Vantimamidi,105,Potato,105,Common,0.0,8.0,2000.0,2000.0,2000.0,0.0,0.0
2024-10-07 00:00:00+05:30,367,Gudimalkapur,1571,Gudumalkapur,106,ColaCasio(Arvi),106,Common,0.0,57.0,2500.0,3000.0,2500.0,0.0,0.0
2024-10-07 00:00:00+05:30,208,Nizamabad,1080,Nizamabad,5,Maize,215,Hybrid New,0.0,2475.0,1850.0,2451.0,2311.0,0.0,0.0
2024-10-07 00:00:00+05:30,207,Madnoor,1083,Madnoor,25,Cotton,25,Common,0.0,60.0,4550.0,4892.0,4650.0,0.0,0.0
2024-10-07 00:00:00+05:30,239,Kesamudram,1168,Kesamudram,16,Green Gram,16,Common,0.0,13.0,3538.0,6589.0,6069.0,0.0,0.0
2024-10-07 00:00:00+05:30,238,Jangoan,1169,Jangaon,5,Maize,5,Common,0.0,354.75,2055.0,2406.0,2406.0,0.0,0.0
2024-10-07 00:00:00+05:30,325,Hyderabad,6,Madannapeta,112,Ladys Finger,112,Common,0.0,18.0,1500.0,2000.0,1750.0,0.0,0.0
2024-10-07 00:00:00+05:30,325,Hyderabad,7,Meeralamandi,113,Green Chillies,113,Common,0.0,5.0,2500.0,2800.0,2650.0,0.0,0.0
2024-10-07 00:00:00+05:30,320,Tandur,37,Tandur,16,Green Gram,16,Common,0.0,126.0,6858.0,7509.0,6939.0,0.0,0.0
2024-10-07 00:00:00+05:30,246,Warangal,886,Warangal,5,Maize,5,Common,0.0,287.29,2100.0,2450.0,2400.0,0.0,0.0
2024-10-07 00:00:00+05:30,324,Bowenpally,3,Bowenpally,106,ColaCasio(Arvi),106,Common,0.0,296.0,1500.0,3200.0,2800.0,0.0,0.0
2024-10-06 00:00:00+05:30,367,Gudimalkapur,1571,Gudumalkapur,106,ColaCasio(Arvi),106,Common,0.0,40.0,2500.0,3000.0,2500.0,0.0,0.0
2024-10-06 00:00:00+05:30,331,Vantimamidi,1612,Vantimamidi,105,Potato,105,Common,0.0,3.0,2000.0,2000.0,2000.0,0.0,0.0
2024-10-06 00:00:00+05:30,325,Hyderabad,7,Meeralamandi,113,Green Chillies,113,Common,0.0,4.0,2500.0,2500.0,2500.0,0.0,0.0
2024-10-06 00:00:00+05:30,281,Venkateshwar Nagar,1106,V Nagar,98,Cabbage,98,Common,0.0,1.0,20.0,20.0,20.0,0.0,0.0
2024-10-06 00:00:00+05:30,325,Hyderabad,6,Madannapeta,112,Ladys Finger,112,Common,0.0,17.0,1500.0,2500.0,2000.0,0.0,0.0
2024-10-06 00:00:00+05:30,324,Bowenpally,3,Bowenpally,106,ColaCasio(Arvi),106,Common,0.0,99.0,1500.0,3500.0,3000.0,0.0,0.0
2024-10-05 00:00:00+05:30,309,Narayanpet,1342,Narayanpet,16,Green Gram,16,Common,0.0,9.8,6609.0,6609.0,6609.0,0.0,0.0
2024-10-05 00:00:00+05:30,306,Mahbubnagar,1326,Mahaboobnagar,30,Groundnut pods,30,Common,0.0,4.0,3240.0,3240.0,3240.0,0.0,0.0
2024-10-05 00:00:00+05:30,367,Gudimalkapur,1571,Gudumalkapur,106,ColaCasio(Arvi),106,Common,0.0,77.0,2000.0,3000.0,2500.0,0.0,0.0
2024-10-05 00:00:00+05:30,331,Vantimamidi,1612,Vantimamidi,105,Potato,105,Common,0.0,13.0,2000.0,2000.0,2000.0,0.0,0.0
2024-10-05 00:00:00+05:30,238,Jangoan,1169,Jangaon,5,Maize,5,Common,0.0,44.0,2343.0,2343.0,2343.0,0.0,0.0
2024-10-04 00:00:00+05:30,309,Narayanpet,1342,Narayanpet,16,Green Gram,16,Common,0.0,48.51,5859.0,7009.0,6769.0,0.0,0.0
2024-10-05 00:00:00+05:30,188,Bhainsa,11,Bhainsa,17,Black Gram,17,Common,0.0,1.02,3636.0,3636.0,3636.0,0.0,0.0
2024-10-05 00:00:00+05:30,281,Venkateshwar Nagar,1106,V Nagar,98,Cabbage,98,Common,0.0,1.0,20.0,20.0,20.0,0.0,0.0
2024-10-05 00:00:00+05:30,320,Tandur,37,Tandur,16,Green Gram,16,Common,0.0,111.0,6859.0,7289.0,7209.0,0.0,0.0
2024-10-05 00:00:00+05:30,259,Nelakondapally,1071,Nelakondapally,158,Fish,158,Common,0.0,6.0,17000.0,17000.0,17000.0,0.0,0.0
2024-10-05 00:00:00+05:30,207,Madnoor,1083,Madnoor,25,Cotton,25,Common,0.0,180.0,4550.0,4900.0,4650.0,0.0,0.0
2024-10-05 00:00:00+05:30,325,Hyderabad,6,Madannapeta,112,Ladys Finger,112,Common,0.0,16.0,2000.0,3000.0,2500.0,0.0,0.0
2024-10-05 00:00:00+05:30,325,Hyderabad,7,Meeralamandi,113,Green Chillies,113,Common,0.0,4.0,2000.0,2500.0,2250.0,0.0,0.0
2024-10-05 00:00:00+05:30,324,Bowenpally,3,Bowenpally,106,ColaCasio(Arvi),106,Common,0.0,349.0,1500.0,3200.0,2800.0,0.0,0.0
2024-10-04 00:00:00+05:30,367,Gudimalkapur,1571,Gudumalkapur,106,ColaCasio(Arvi),106,Common,0.0,53.0,1800.0,3000.0,2500.0,0.0,0.0
2024-10-04 00:00:00+05:30,238,Jangoan,1169,Jangaon,5,Maize,5,Common,0.0,481.25,2105.0,2391.0,2361.0,0.0,0.0
2024-10-04 00:00:00+05:30,208,Nizamabad,1080,Nizamabad,5,Maize,215,Hybrid New,0.0,1336.0,1960.0,2419.0,2350.0,0.0,0.0
2024-10-03 00:00:00+05:30,309,Narayanpet,1342,Narayanpet,16,Green Gram,16,Common,0.0,7.84,5981.0,6591.0,5981.0,0.0,0.0
2024-10-04 00:00:00+05:30,281,Venkateshwar Nagar,1106,V Nagar,98,Cabbage,98,Common,0.0,1.0,20.0,20.0,20.0,0.0,0.0
2024-10-04 00:00:00+05:30,325,Hyderabad,6,Madannapeta,112,Ladys Finger,112,Common,0.0,17.0,1500.0,2500.0,2000.0,0.0,0.0
2024-10-04 00:00:00+05:30,324,Bowenpally,3,Bowenpally,106,ColaCasio(Arvi),106,Common,0.0,258.0,1500.0,3000.0,2600.0,0.0,0.0
2024-10-04 00:00:00+05:30,320,Tandur,37,Tandur,16,Green Gram,16,Common,0.0,175.0,6507.0,7299.0,7209.0,0.0,0.0
2024-10-04 00:00:00+05:30,325,Hyderabad,7,Meeralamandi,113,Green Chillies,113,Common,0.0,5.0,1800.0,2000.0,1900.0,0.0,0.0
2024-10-04 00:00:00+05:30,188,Bhainsa,11,Bhainsa,17,Black Gram,17,Common,0.0,6.18,3211.0,6200.0,6200.0,0.0,0.0
2024-10-04 00:00:00+05:30,246,Warangal,886,Warangal,5,Maize,5,Common,0.0,156.75,2260.0,2430.0,2405.0,0.0,0.0
2024-10-03 00:00:00+05:30,331,Vantimamidi,1612,Vantimamidi,105,Potato,105,Common,0.0,7.0,2000.0,2000.0,2000.0,0.0,0.0
2024-10-03 00:00:00+05:30,367,Gudimalkapur,1571,Gudumalkapur,106,ColaCasio(Arvi),106,Common,0.0,106.0,2000.0,3000.0,2200.0,0.0,0.0
2024-10-03 00:00:00+05:30,325,Hyderabad,7,Meeralamandi,113,Green Chillies,113,Common,0.0,4.0,1500.0,2000.0,1750.0,0.0,0.0
2024-10-03 00:00:00+05:30,208,Nizamabad,1080,Nizamabad,5,Maize,215,Hybrid New,0.0,1680.0,2024.0,2484.0,2388.0,0.0,0.0
2024-10-03 00:00:00+05:30,320,Tandur,37,Tandur,16,Green Gram,16,Common,0.0,192.0,6003.0,7359.0,7259.0,0.0,0.0
2024-10-03 00:00:00+05:30,306,Mahbubnagar,1326,Mahaboobnagar,30,Groundnut pods,30,Common,0.0,5.0,3016.0,3016.0,3016.0,0.0,0.0
2024-10-03 00:00:00+05:30,239,Kesamudram,1168,Kesamudram,16,Green Gram,16,Common,0.0,41.0,4658.0,6593.0,5958.0,0.0,0.0
2024-10-03 00:00:00+05:30,238,Jangoan,1169,Jangaon,5,Maize,5,Common,0.0,235.95,1925.0,2351.0,2311.0,0.0,0.0
2024-10-03 00:00:00+05:30,325,Hyderabad,6,Madannapeta,112,Ladys Finger,112,Common,0.0,34.0,2000.0,2500.0,2250.0,0.0,0.0
2024-10-01 00:00:00+05:30,309,Narayanpet,1342,Narayanpet,16,Green Gram,16,Common,0.0,42.63,3192.0,7000.0,6900.0,0.0,0.0
2024-10-03 00:00:00+05:30,246,Warangal,886,Warangal,5,Maize,5,Common,0.0,209.33,1810.0,2480.0,2420.0,0.0,0.0
2024-10-03 00:00:00+05:30,324,Bowenpally,3,Bowenpally,106,ColaCasio(Arvi),106,Common,0.0,371.0,1000.0,3000.0,2500.0,0.0,0.0
2024-10-01 00:00:00+05:30,238,Jangoan,1169,Jangaon,5,Maize,5,Common,0.0,3289.0,1911.0,2407.0,2369.0,0.0,0.0
2024-10-01 00:00:00+05:30,367,Gudimalkapur,1571,Gudumalkapur,106,ColaCasio(Arvi),106,Common,0.0,72.0,1500.0,3000.0,2500.0,0.0,0.0
2024-10-01 00:00:00+05:30,320,Tandur,37,Tandur,16,Green Gram,16,Common,0.0,152.0,6507.0,7601.0,6804.0,0.0,0.0
2024-10-01 00:00:00+05:30,281,Venkateshwar Nagar,1106,V Nagar,98,Cabbage,98,Common,0.0,3.0,20.0,20.0,20.0,0.0,0.0
2024-10-01 00:00:00+05:30,239,Kesamudram,1168,Kesamudram,16,Green Gram,16,Common,0.0,63.0,3689.0,7829.0,3689.0,0.0,0.0
2024-10-01 00:00:00+05:30,219,Jagtial,1125,Jagtial,1,Paddy,274,Common (HMT),0.0,2.0,2300.0,2300.0,2300.0,0.0,0.0
2024-10-01 00:00:00+05:30,208,Nizamabad,1080,Nizamabad,5,Maize,215,Hybrid New,0.0,670.0,2000.0,2511.0,2359.0,0.0,0.0
2024-10-01 00:00:00+05:30,325,Hyderabad,7,Meeralamandi,113,Green Chillies,113,Common,0.0,6.0,2000.0,2000.0,2000.0,0.0,0.0
2024-10-01 00:00:00+05:30,325,Hyderabad,6,Madannapeta,112,Ladys Finger,112,Common,0.0,23.0,3000.0,3000.0,3000.0,0.0,0.0
2024-10-01 00:00:00+05:30,246,Warangal,886,Warangal,5,Maize,5,Common,0.0,355.82,2169.0,2431.0,2430.0,0.0,0.0
2024-10-01 00:00:00+05:30,324,Bowenpally,3,Bowenpally,106,ColaCasio(Arvi),106,Common,0.0,299.0,1000.0,3500.0,3200.0,0.0,0.0
2024-10-31 00:00:00+05:30,367,Gudimalkapur,1571,Gudumalkapur,106,ColaCasio(Arvi),106,Common,0.0,26.0,2500.0,3500.0,2500.0,0.0,0.0
2024-10-31 00:00:00+05:30,325,Hyderabad,7,Meeralamandi,113,Green Chillies,113,Common,0.0,4.0,4000.0,4000.0,4000.0,0.0,0.0
2024-10-31 00:00:00+05:30,325,Hyderabad,6,Madannapeta,112,Ladys Finger,112,Common,0.0,18.0,4000.0,6000.0,5000.0,0.0,0.0
2024-10-31 00:00:00+05:30,281,Venkateshwar Nagar,1106,V Nagar,98,Cabbage,98,Common,0.0,5.0,20.0,20.0,20.0,0.0,0.0
2024-10-31 00:00:00+05:30,324,Bowenpally,3,Bowenpally,106,ColaCasio(Arvi),106,Common,0.0,259.0,1500.0,3000.0,2600.0,0.0,0.0
2024-10-30 00:00:00+05:30,331,Vantimamidi,1612,Vantimamidi,105,Potato,105,Common,0.0,2.0,2400.0,2400.0,2400.0,0.0,0.0
2024-10-30 00:00:00+05:30,367,Gudimalkapur,1571,Gudumalkapur,106,ColaCasio(Arvi),106,Common,0.0,54.0,2300.0,2300.0,2300.0,0.0,0.0
2024-10-30 00:00:00+05:30,325,Hyderabad,6,Madannapeta,112,Ladys Finger,112,Common,0.0,18.0,5000.0,6000.0,5500.0,0.0,0.0
2024-10-30 00:00:00+05:30,324,Bowenpally,3,Bowenpally,106,ColaCasio(Arvi),106,Common,0.0,249.0,2000.0,3000.0,2700.0,0.0,0.0
2024-10-30 00:00:00+05:30,325,Hyderabad,7,Meeralamandi,113,Green Chillies,113,Common,0.0,3.0,3000.0,4000.0,3500.0,0.0,0.0
2024-10-29 00:00:00+05:30,367,Gudimalkapur,1571,Gudumalkapur,106,ColaCasio(Arvi),106,Common,0.0,68.0,2000.0,3500.0,3000.0,0.0,0.0
2024-10-29 00:00:00+05:30,238,Jangoan,1169,Jangaon,5,Maize,5,Common,0.0,49.5,2252.0,2459.0,2252.0,0.0,0.0
2024-10-29 00:00:00+05:30,239,Kesamudram,1168,Kesamudram,16,Green Gram,16,Common,0.0,7.0,4589.0,6869.0,6169.0,0.0,0.0
2024-10-29 00:00:00+05:30,281,Venkateshwar Nagar,1106,V Nagar,98,Cabbage,98,Common,0.0,6.0,20.0,20.0,20.0,0.0,0.0
2024-10-29 00:00:00+05:30,325,Hyderabad,7,Meeralamandi,113,Green Chillies,113,Common,0.0,4.0,3000.0,4500.0,3750.0,0.0,0.0
2024-10-29 00:00:00+05:30,325,Hyderabad,6,Madannapeta,112,Ladys Finger,112,Common,0.0,18.0,4000.0,6000.0,5000.0,0.0,0.0
2024-10-29 00:00:00+05:30,246,Warangal,886,Warangal,5,Maize,5,Common,0.0,164.55,2121.0,2427.0,2437.0,0.0,0.0
2024-10-29 00:00:00+05:30,324,Bowenpally,3,Bowenpally,106,ColaCasio(Arvi),106,Common,0.0,174.0,2000.0,3000.0,2700.0,0.0,0.0
2024-10-28 00:00:00+05:30,306,Mahbubnagar,1326,Mahaboobnagar,30,Groundnut pods,30,Common,0.0,11.0,5400.0,5400.0,5400.0,0.0,0.0
2024-10-28 00:00:00+05:30,239,Kesamudram,1168,Kesamudram,16,Green Gram,16,Common,0.0,4.0,4189.0,4189.0,4189.0,0.0,0.0
2024-10-28 00:00:00+05:30,222,Karimnagar,1121,Karimnagar,5,Maize,5,Common,0.0,19.0,2229.0,2229.0,2229.0,0.0,0.0
2024-10-28 00:00:00+05:30,246,Warangal,886,Warangal,5,Maize,5,Common,0.0,230.78,2352.0,2525.0,2450.0,0.0,0.0
2024-10-28 00:00:00+05:30,325,Hyderabad,7,Meeralamandi,113,Green Chillies,113,Common,0.0,4.0,3000.0,4500.0,3750.0,0.0,0.0
2024-10-28 00:00:00+05:30,325,Hyderabad,6,Madannapeta,112,Ladys Finger,112,Common,0.0,7.0,5000.0,6000.0,5500.0,0.0,0.0
2024-10-28 00:00:00+05:30,324,Bowenpally,3,Bowenpally,106,ColaCasio(Arvi),106,Common,0.0,315.0,1500.0,3200.0,2800.0,0.0,0.0
2024-10-27 00:00:00+05:30,367,Gudimalkapur,1571,Gudumalkapur,106,ColaCasio(Arvi),106,Common,0.0,68.0,2300.0,3000.0,2500.0,0.0,0.0
2024-10-27 00:00:00+05:30,331,Vantimamidi,1612,Vantimamidi,105,Potato,105,Common,0.0,92.0,1500.0,2000.0,1750.0,0.0,0.0
2024-10-27 00:00:00+05:30,325,Hyderabad,6,Madannapeta,112,Ladys Finger,112,Common,0.0,12.0,4000.0,6000.0,5000.0,0.0,0.0
2024-10-27 00:00:00+05:30,324,Bowenpally,3,Bowenpally,106,ColaCasio(Arvi),106,Common,0.0,277.0,1500.0,3200.0,2800.0,0.0,0.0
2024-10-27 00:00:00+05:30,325,Hyderabad,7,Meeralamandi,113,Green Chillies,113,Common,0.0,3.0,2000.0,3500.0,2750.0,0.0,0.0
2024-10-27 00:00:00+05:30,281,Venkateshwar Nagar,1106,V Nagar,98,Cabbage,98,Common,0.0,2.0,20.0,20.0,20.0,0.0,0.0
2024-10-01 00:00:00+05:30,324,Bowenpally,3,Bowenpally,107,Sweet Potato,107,Common,0.0,57.0,1000.0,3000.0,2500.0,0.0,0.0
2024-10-01 00:00:00+05:30,325,Hyderabad,5,Mahabubmansion,54,Chillies(Dry),309,Armoor,0.0,51.0,9000.0,12000.0,10000.0,0.0,0.0
2024-10-01 00:00:00+05:30,323,Gaddiannaram,2,L.B Nagar,111,Brinjal,111,Common,0.0,69.0,1000.0,2000.0,1500.0,0.0,0.0
2024-10-01 00:00:00+05:30,246,Warangal,886,Warangal,5,Maize,261,Bilt,0.0,425.49,2250.0,2530.0,2530.0,0.0,0.0
2024-10-01 00:00:00+05:30,325,Hyderabad,6,Madannapeta,113,Green Chillies,113,Common,0.0,23.0,1500.0,2500.0,2000.0,0.0,0.0
2024-10-01 00:00:00+05:30,325,Hyderabad,7,Meeralamandi,114,Tomato,114,Common,0.0,10.0,4800.0,5600.0,5200.0,0.0,0.0
2024-10-01 00:00:00+05:30,279,Thirumalagiri,9,Tirmalagiri,1,Paddy,256,Grade-A (RNR),0.0,19.0,2259.0,2489.0,2489.0,0.0,0.0
2024-10-01 00:00:00+05:30,219,Jagtial,1125,Jagtial,5,Maize,5,Common,0.0,50.0,1625.0,2211.0,1855.0,0.0,0.0
2024-10-01 00:00:00+05:30,231,Vemulawada,1126,Vemulawada,25,Cotton,25,Common,0.0,26.0,7200.0,7500.0,7300.0,0.0,0.0
2024-10-01 00:00:00+05:30,239,Kesamudram,1168,Kesamudram,25,Cotton,25,Common,0.0,198.0,3144.0,7449.0,6935.0,0.0,0.0
2024-10-01 00:00:00+05:30,320,Tandur,37,Tandur,17,Black Gram,17,Common,0.0,377.0,4005.0,8225.0,4653.0,0.0,0.0
2024-10-01 00:00:00+05:30,274,Nakrekal,1098,Nakrekal,151,Lemon,151,Common,0.0,434.0,100.0,1300.0,500.0,0.0,0.0
2024-10-03 00:00:00+05:30,324,Bowenpally,3,Bowenpally,107,Sweet Potato,107,Common,0.0,134.0,1000.0,3000.0,2500.0,0.0,0.0
2024-10-03 00:00:00+05:30,323,Gaddiannaram,2,L.B Nagar,111,Brinjal,111,Common,0.0,61.0,1000.0,2000.0,1500.0,0.0,0.0
2024-10-03 00:00:00+05:30,246,Warangal,886,Warangal,5,Maize,261,Bilt,0.0,735.66,2400.0,2510.0,2510.0,0.0,0.0
2024-10-02 00:00:00+05:30,274,Nakrekal,1098,Nakrekal,151,Lemon,151,Common,0.0,526.0,100.0,1300.0,500.0,0.0,0.0
2024-10-03 00:00:00+05:30,325,Hyderabad,5,Mahabubmansion,54,Chillies(Dry),309,Armoor,0.0,53.0,9000.0,12000.0,10000.0,0.0,0.0
2024-10-03 00:00:00+05:30,325,Hyderabad,6,Madannapeta,113,Green Chillies,113,Common,0.0,70.0,1800.0,2500.0,2000.0,0.0,0.0
2024-10-03 00:00:00+05:30,219,Jagtial,1125,Jagtial,5,Maize,5,Common,0.0,88.0,1996.0,2501.0,2151.0,0.0,0.0
2024-10-03 00:00:00+05:30,231,Vemulawada,1126,Vemulawada,25,Cotton,25,Common,0.0,46.0,7200.0,7500.0,7300.0,0.0,0.0
2024-10-03 00:00:00+05:30,274,Nakrekal,1098,Nakrekal,151,Lemon,151,Common,0.0,471.0,100.0,1100.0,400.0,0.0,0.0
2024-10-03 00:00:00+05:30,239,Kesamudram,1168,Kesamudram,25,Cotton,25,Common,0.0,68.0,3044.0,7525.0,6931.0,0.0,0.0
2024-10-03 00:00:00+05:30,320,Tandur,37,Tandur,17,Black Gram,17,Common,0.0,534.0,4005.0,8279.0,8100.0,0.0,0.0
2024-10-03 00:00:00+05:30,325,Hyderabad,7,Meeralamandi,114,Tomato,114,Common,0.0,11.0,4800.0,6800.0,5800.0,0.0,0.0
2024-10-04 00:00:00+05:30,323,Gaddiannaram,2,L.B Nagar,111,Brinjal,111,Common,0.0,51.0,1500.0,2500.0,2000.0,0.0,0.0
2024-10-04 00:00:00+05:30,246,Warangal,886,Warangal,5,Maize,261,Bilt,0.0,508.02,2420.0,2515.0,2515.0,0.0,0.0
2024-10-04 00:00:00+05:30,279,Thirumalagiri,9,Tirmalagiri,1,Paddy,256,Grade-A (RNR),0.0,5.0,2216.0,2216.0,2216.0,0.0,0.0
2024-10-04 00:00:00+05:30,325,Hyderabad,7,Meeralamandi,114,Tomato,114,Common,0.0,10.0,4000.0,8000.0,6000.0,0.0,0.0
2024-10-04 00:00:00+05:30,320,Tandur,37,Tandur,17,Black Gram,17,Common,0.0,286.0,4005.0,8066.0,4823.0,0.0,0.0
2024-10-04 00:00:00+05:30,316,Narsingi,44,Narsingi,168,Cattle(All),168,Common,0.0,89.0,20000.0,50000.0,40000.0,0.0,0.0
2024-10-04 00:00:00+05:30,251,Burgampahad,1068,Burgampadu,54,Chillies(Dry),54,Common,0.0,296.0,17000.0,18000.0,17500.0,0.0,0.0
2024-10-04 00:00:00+05:30,324,Bowenpally,3,Bowenpally,107,Sweet Potato,107,Common,0.0,116.0,1500.0,3000.0,2500.0,0.0,0.0
2024-10-04 00:00:00+05:30,325,Hyderabad,6,Madannapeta,113,Green Chillies,113,Common,0.0,58.0,1800.0,2500.0,2150.0,0.0,0.0
2024-10-04 00:00:00+05:30,219,Jagtial,1125,Jagtial,5,Maize,5,Common,0.0,114.0,1500.0,2531.0,2221.0,0.0,0.0
2024-10-05 00:00:00+05:30,324,Bowenpally,3,Bowenpally,107,Sweet Potato,107,Common,0.0,137.0,1000.0,3000.0,2500.0,0.0,0.0
2024-10-04 00:00:00+05:30,231,Vemulawada,1126,Vemulawada,25,Cotton,25,Common,0.0,72.0,7200.0,7500.0,7300.0,0.0,0.0
2024-10-05 00:00:00+05:30,325,Hyderabad,7,Meeralamandi,114,Tomato,114,Common,0.0,7.0,4800.0,7200.0,6000.0,0.0,0.0
2024-10-05 00:00:00+05:30,325,Hyderabad,6,Madannapeta,113,Green Chillies,113,Common,0.0,53.0,1500.0,2000.0,1750.0,0.0,0.0
2024-10-05 00:00:00+05:30,323,Gaddiannaram,2,L.B Nagar,111,Brinjal,111,Common,0.0,60.0,1500.0,2500.0,2000.0,0.0,0.0
2024-10-05 00:00:00+05:30,274,Nakrekal,1098,Nakrekal,151,Lemon,151,Common,0.0,744.0,100.0,1000.0,400.0,0.0,0.0
2024-10-05 00:00:00+05:30,320,Tandur,37,Tandur,17,Black Gram,17,Common,0.0,302.0,4005.0,8370.0,4879.0,0.0,0.0
2024-10-05 00:00:00+05:30,219,Jagtial,1125,Jagtial,5,Maize,5,Common,0.0,190.0,1400.0,2405.0,2222.0,0.0,0.0
2024-10-05 00:00:00+05:30,367,Gudimalkapur,1571,Gudumalkapur,107,Sweet Potato,107,Common,0.0,8.0,1500.0,2000.0,1500.0,0.0,0.0
2024-10-06 00:00:00+05:30,323,Gaddiannaram,2,L.B Nagar,111,Brinjal,111,Common,0.0,63.0,2000.0,3000.0,2500.0,0.0,0.0
2024-10-06 00:00:00+05:30,324,Bowenpally,3,Bowenpally,107,Sweet Potato,107,Common,0.0,124.0,1000.0,3000.0,2500.0,0.0,0.0
2024-10-06 00:00:00+05:30,325,Hyderabad,6,Madannapeta,113,Green Chillies,113,Common,0.0,58.0,1800.0,2500.0,2150.0,0.0,0.0
2024-10-06 00:00:00+05:30,325,Hyderabad,7,Meeralamandi,114,Tomato,114,Common,0.0,11.0,3200.0,6400.0,4800.0,0.0,0.0
2024-10-06 00:00:00+05:30,192,Jainath,26,Jainath,42,Coconut,42,Common,0.0,160.0,550.0,625.0,587.0,0.0,0.0
2024-10-06 00:00:00+05:30,274,Nakrekal,1098,Nakrekal,151,Lemon,151,Common,0.0,748.0,100.0,1000.0,400.0,0.0,0.0
2024-10-06 00:00:00+05:30,331,Vantimamidi,1612,Vantimamidi,106,ColaCasio(Arvi),106,Common,0.0,1.0,2000.0,2000.0,2000.0,0.0,0.0
2024-10-07 00:00:00+05:30,324,Bowenpally,3,Bowenpally,107,Sweet Potato,107,Common,0.0,62.0,1000.0,3000.0,2500.0,0.0,0.0
2024-10-07 00:00:00+05:30,323,Gaddiannaram,2,L.B Nagar,111,Brinjal,111,Common,0.0,50.0,2000.0,3000.0,2500.0,0.0,0.0
2024-10-07 00:00:00+05:30,246,Warangal,886,Warangal,5,Maize,261,Bilt,0.0,1206.46,2320.0,2460.0,2460.0,0.0,0.0
2024-10-07 00:00:00+05:30,320,Tandur,37,Tandur,17,Black Gram,17,Common,0.0,483.0,4158.0,8259.0,8057.0,0.0,0.0
2024-10-07 00:00:00+05:30,325,Hyderabad,7,Meeralamandi,114,Tomato,114,Common,0.0,22.0,4800.0,6400.0,5600.0,0.0,0.0
2024-10-07 00:00:00+05:30,325,Hyderabad,6,Madannapeta,113,Green Chillies,113,Common,0.0,60.0,1800.0,2500.0,2150.0,0.0,0.0
2024-10-07 00:00:00+05:30,239,Kesamudram,1168,Kesamudram,25,Cotton,25,Common,0.0,122.0,5501.0,7459.0,7121.0,0.0,0.0
2024-10-07 00:00:00+05:30,219,Jagtial,1125,Jagtial,5,Maize,5,Common,0.0,828.0,1600.0,2511.0,2300.0,0.0,0.0
2024-10-07 00:00:00+05:30,231,Vemulawada,1126,Vemulawada,25,Cotton,25,Common,0.0,263.0,7200.0,7500.0,7350.0,0.0,0.0
2024-10-08 00:00:00+05:30,324,Bowenpally,3,Bowenpally,107,Sweet Potato,107,Common,0.0,145.0,1000.0,2500.0,2000.0,0.0,0.0
2024-10-08 00:00:00+05:30,323,Gaddiannaram,2,L.B Nagar,111,Brinjal,111,Common,0.0,48.0,2000.0,3000.0,2500.0,0.0,0.0
2024-10-08 00:00:00+05:30,246,Warangal,886,Warangal,5,Maize,261,Bilt,0.0,661.2,2080.0,2430.0,2430.0,0.0,0.0
2024-10-08 00:00:00+05:30,325,Hyderabad,7,Meeralamandi,114,Tomato,114,Common,0.0,13.0,4800.0,6400.0,5600.0,0.0,0.0
2024-10-08 00:00:00+05:30,325,Hyderabad,5,Mahabubmansion,54,Chillies(Dry),309,Armoor,0.0,24.0,9000.0,11000.0,10000.0,0.0,0.0
2024-10-08 00:00:00+05:30,325,Hyderabad,6,Madannapeta,113,Green Chillies,113,Common,0.0,38.0,1800.0,2000.0,1900.0,0.0,0.0
2024-10-08 00:00:00+05:30,320,Tandur,37,Tandur,17,Black Gram,17,Common,0.0,256.0,4103.0,8177.0,4853.0,0.0,0.0
2024-10-07 00:00:00+05:30,274,Nakrekal,1098,Nakrekal,151,Lemon,151,Common,0.0,699.0,100.0,1000.0,400.0,0.0,0.0
2024-10-08 00:00:00+05:30,219,Jagtial,1125,Jagtial,5,Maize,5,Common,0.0,976.0,1600.0,2411.0,2300.0,0.0,0.0
2024-10-08 00:00:00+05:30,231,Vemulawada,1126,Vemulawada,25,Cotton,25,Common,0.0,78.0,7200.0,7500.0,7350.0,0.0,0.0
2024-10-08 00:00:00+05:30,239,Kesamudram,1168,Kesamudram,25,Cotton,25,Common,0.0,114.0,5711.0,7249.0,7011.0,0.0,0.0
2024-10-08 00:00:00+05:30,274,Nakrekal,1098,Nakrekal,151,Lemon,151,Common,0.0,825.0,100.0,800.0,300.0,0.0,0.0
2024-10-08 00:00:00+05:30,296,Achampet,1337,Achampet,31,Castor,31,Common,0.0,3.0,5250.0,5550.0,5250.0,0.0,0.0
2024-10-09 00:00:00+05:30,323,Gaddiannaram,2,L.B Nagar,111,Brinjal,111,Common,0.0,50.0,2000.0,3000.0,2500.0,0.0,0.0
2024-10-09 00:00:00+05:30,320,Tandur,37,Tandur,17,Black Gram,17,Common,0.0,138.0,4129.0,8352.0,5059.0,0.0,0.0
2024-10-09 00:00:00+05:30,325,Hyderabad,7,Meeralamandi,114,Tomato,114,Common,0.0,22.0,4800.0,6400.0,5600.0,0.0,0.0
2024-10-08 00:00:00+05:30,309,Narayanpet,1342,Narayanpet,17,Black Gram,17,Common,0.0,2.45,4791.0,4791.0,4791.0,0.0,0.0
2024-10-09 00:00:00+05:30,279,Thirumalagiri,9,Tirmalagiri,1,Paddy,256,Grade-A (RNR),0.0,38.0,1920.0,2245.0,2245.0,0.0,0.0
2024-10-09 00:00:00+05:30,325,Hyderabad,6,Madannapeta,113,Green Chillies,113,Common,0.0,4.0,2000.0,2500.0,2250.0,0.0,0.0
2024-10-09 00:00:00+05:30,325,Hyderabad,5,Mahabubmansion,54,Chillies(Dry),309,Armoor,0.0,43.0,8000.0,10000.0,9000.0,0.0,0.0
2024-10-09 00:00:00+05:30,239,Kesamudram,1168,Kesamudram,25,Cotton,25,Common,0.0,46.0,6251.0,7069.0,6951.0,0.0,0.0
2024-10-09 00:00:00+05:30,289,Sadasivpet,1200,Sadasivapet,16,Green Gram,16,Common,0.0,2.0,6500.0,6500.0,6500.0,0.0,0.0
2024-10-09 00:00:00+05:30,219,Jagtial,1125,Jagtial,5,Maize,5,Common,0.0,805.0,1650.0,2350.0,1800.0,0.0,0.0
2024-10-09 00:00:00+05:30,231,Vemulawada,1126,Vemulawada,25,Cotton,25,Common,0.0,130.0,7200.0,7500.0,7350.0,0.0,0.0
2024-10-09 00:00:00+05:30,274,Nakrekal,1098,Nakrekal,151,Lemon,151,Common,0.0,851.0,100.0,600.0,200.0,0.0,0.0
2024-10-09 00:00:00+05:30,296,Achampet,1337,Achampet,31,Castor,31,Common,0.0,1.1,5603.0,5603.0,5603.0,0.0,0.0
2024-10-10 00:00:00+05:30,324,Bowenpally,3,Bowenpally,107,Sweet Potato,107,Common,0.0,110.0,1000.0,3500.0,3000.0,0.0,0.0
2024-10-10 00:00:00+05:30,325,Hyderabad,7,Meeralamandi,114,Tomato,114,Common,0.0,12.0,4000.0,6000.0,5000.0,0.0,0.0
2024-10-10 00:00:00+05:30,325,Hyderabad,5,Mahabubmansion,54,Chillies(Dry),309,Armoor,0.0,36.0,5000.0,9000.0,6000.0,0.0,0.0
2024-10-10 00:00:00+05:30,320,Tandur,37,Tandur,17,Black Gram,17,Common,0.0,41.0,4683.0,7357.0,4683.0,0.0,0.0
2024-10-10 00:00:00+05:30,325,Hyderabad,6,Madannapeta,113,Green Chillies,113,Common,0.0,52.0,2000.0,2000.0,2000.0,0.0,0.0
2024-10-10 00:00:00+05:30,323,Gaddiannaram,2,L.B Nagar,111,Brinjal,111,Common,0.0,52.0,2000.0,3000.0,2500.0,0.0,0.0
2024-10-10 00:00:00+05:30,274,Nakrekal,1098,Nakrekal,151,Lemon,151,Common,0.0,380.0,100.0,800.0,300.0,0.0,0.0
2024-10-11 00:00:00+05:30,324,Bowenpally,3,Bowenpally,107,Sweet Potato,107,Common,0.0,20.0,1000.0,2500.0,2000.0,0.0,0.0
2024-10-11 00:00:00+05:30,325,Hyderabad,6,Madannapeta,113,Green Chillies,113,Common,0.0,42.0,2000.0,2500.0,2250.0,0.0,0.0
2024-10-11 00:00:00+05:30,323,Gaddiannaram,2,L.B Nagar,111,Brinjal,111,Common,0.0,41.0,2000.0,3000.0,2500.0,0.0,0.0
2024-10-11 00:00:00+05:30,325,Hyderabad,7,Meeralamandi,114,Tomato,114,Common,0.0,15.0,4000.0,4800.0,4400.0,0.0,0.0
2024-10-11 00:00:00+05:30,316,Narsingi,44,Narsingi,168,Cattle(All),168,Common,0.0,89.0,20000.0,50000.0,40000.0,0.0,0.0
2024-10-12 00:00:00+05:30,323,Gaddiannaram,2,L.B Nagar,111,Brinjal,111,Common,0.0,24.0,3000.0,4000.0,3500.0,0.0,0.0
2024-10-12 00:00:00+05:30,325,Hyderabad,6,Madannapeta,113,Green Chillies,113,Common,0.0,52.0,2000.0,2000.0,2000.0,0.0,0.0
2024-10-12 00:00:00+05:30,325,Hyderabad,7,Meeralamandi,114,Tomato,114,Common,0.0,11.0,4800.0,6400.0,5600.0,0.0,0.0
2024-10-12 00:00:00+05:30,239,Kesamudram,1168,Kesamudram,25,Cotton,25,Common,0.0,78.0,6151.0,7039.0,6907.0,0.0,0.0
2024-10-13 00:00:00+05:30,325,Hyderabad,6,Madannapeta,113,Green Chillies,113,Common,0.0,35.0,2000.0,2000.0,2000.0,0.0,0.0
2024-10-13 00:00:00+05:30,324,Bowenpally,3,Bowenpally,107,Sweet Potato,107,Common,0.0,38.0,1000.0,2200.0,1800.0,0.0,0.0
2024-10-14 00:00:00+05:30,324,Bowenpally,3,Bowenpally,107,Sweet Potato,107,Common,0.0,132.0,400.0,2500.0,2000.0,0.0,0.0
2024-10-14 00:00:00+05:30,325,Hyderabad,6,Madannapeta,113,Green Chillies,113,Common,0.0,55.0,1800.0,2000.0,1900.0,0.0,0.0
2024-10-14 00:00:00+05:30,325,Hyderabad,7,Meeralamandi,114,Tomato,114,Common,0.0,12.0,4000.0,5600.0,4800.0,0.0,0.0
2024-10-14 00:00:00+05:30,279,Thirumalagiri,9,Tirmalagiri,1,Paddy,256,Grade-A (RNR),0.0,9.0,2019.0,2019.0,2019.0,0.0,0.0
2024-10-14 00:00:00+05:30,325,Hyderabad,5,Mahabubmansion,54,Chillies(Dry),309,Armoor,0.0,88.0,9000.0,1000.0,9500.0,0.0,0.0
2024-10-14 00:00:00+05:30,323,Gaddiannaram,2,L.B Nagar,111,Brinjal,111,Common,0.0,28.0,2000.0,3000.0,2500.0,0.0,0.0
2024-10-14 00:00:00+05:30,246,Warangal,886,Warangal,5,Maize,261,Bilt,0.0,417.62,2250.0,2430.0,2400.0,0.0,0.0
2024-10-14 00:00:00+05:30,274,Nakrekal,1098,Nakrekal,151,Lemon,151,Common,0.0,147.0,100.0,1100.0,500.0,0.0,0.0
2024-10-14 00:00:00+05:30,239,Kesamudram,1168,Kesamudram,25,Cotton,25,Common,0.0,78.0,6151.0,7039.0,6907.0,0.0,0.0
2024-10-14 00:00:00+05:30,219,Jagtial,1125,Jagtial,5,Maize,5,Common,0.0,1372.0,1800.0,2375.0,2375.0,0.0,0.0
2024-10-14 00:00:00+05:30,231,Vemulawada,1126,Vemulawada,25,Cotton,25,Common,0.0,26.0,7200.0,7500.0,7350.0,0.0,0.0
2024-10-14 00:00:00+05:30,320,Tandur,37,Tandur,17,Black Gram,17,Common,0.0,211.0,4104.0,8119.0,5803.0,0.0,0.0
2024-10-14 00:00:00+05:30,278,Suryapet,1091,Suryapet,5,Maize,5,Common,0.0,54.0,1573.0,1813.0,1813.0,0.0,0.0
2024-10-15 00:00:00+05:30,246,Warangal,886,Warangal,5,Maize,261,Bilt,0.0,436.97,2300.0,2420.0,2420.0,0.0,0.0
2024-10-15 00:00:00+05:30,325,Hyderabad,7,Meeralamandi,114,Tomato,114,Common,0.0,16.0,4000.0,5600.0,4800.0,0.0,0.0
2024-10-15 00:00:00+05:30,325,Hyderabad,5,Mahabubmansion,54,Chillies(Dry),309,Armoor,0.0,60.0,10000.0,12000.0,11000.0,0.0,0.0
2024-10-15 00:00:00+05:30,325,Hyderabad,6,Madannapeta,113,Green Chillies,113,Common,0.0,30.0,2500.0,4500.0,3500.0,0.0,0.0
2024-10-15 00:00:00+05:30,324,Bowenpally,3,Bowenpally,107,Sweet Potato,107,Common,0.0,90.0,1000.0,3000.0,2500.0,0.0,0.0
2024-10-15 00:00:00+05:30,323,Gaddiannaram,2,L.B Nagar,111,Brinjal,111,Common,0.0,86.0,2000.0,2500.0,2200.0,0.0,0.0
2024-10-15 00:00:00+05:30,278,Suryapet,1091,Suryapet,5,Maize,5,Common,0.0,107.0,1609.0,1925.0,1925.0,0.0,0.0
2024-10-15 00:00:00+05:30,320,Tandur,37,Tandur,17,Black Gram,17,Common,0.0,340.0,4509.0,8208.0,8157.0,0.0,0.0
2024-10-15 00:00:00+05:30,231,Vemulawada,1126,Vemulawada,25,Cotton,25,Common,0.0,23.0,7200.0,7500.0,7350.0,0.0,0.0
2024-10-15 00:00:00+05:30,239,Kesamudram,1168,Kesamudram,25,Cotton,25,Common,0.0,92.0,6469.0,7011.0,6956.0,0.0,0.0
2024-10-15 00:00:00+05:30,274,Nakrekal,1098,Nakrekal,151,Lemon,151,Common,0.0,403.0,100.0,900.0,400.0,0.0,0.0
2024-10-15 00:00:00+05:30,219,Jagtial,1125,Jagtial,5,Maize,5,Common,0.0,724.0,1805.0,2375.0,1950.0,0.0,0.0
2024-10-16 00:00:00+05:30,323,Gaddiannaram,2,L.B Nagar,111,Brinjal,111,Common,0.0,155.0,2000.0,2500.0,2200.0,0.0,0.0
2024-10-16 00:00:00+05:30,246,Warangal,886,Warangal,5,Maize,261,Bilt,0.0,214.17,2170.0,2416.0,2380.0,0.0,0.0
2024-10-16 00:00:00+05:30,320,Tandur,37,Tandur,17,Black Gram,17,Common,0.0,84.0,4257.0,8239.0,8227.0,0.0,0.0
2024-10-16 00:00:00+05:30,325,Hyderabad,7,Meeralamandi,114,Tomato,114,Common,0.0,10.0,3200.0,5600.0,4400.0,0.0,0.0
2024-10-16 00:00:00+05:30,325,Hyderabad,6,Madannapeta,113,Green Chillies,113,Common,0.0,41.0,3000.0,3000.0,3000.0,0.0,0.0
2024-10-16 00:00:00+05:30,325,Hyderabad,5,Mahabubmansion,54,Chillies(Dry),309,Armoor,0.0,12.0,9000.0,11000.0,10000.0,0.0,0.0
2024-10-16 00:00:00+05:30,324,Bowenpally,3,Bowenpally,107,Sweet Potato,107,Common,0.0,103.0,1500.0,3000.0,2500.0,0.0,0.0
2024-10-16 00:00:00+05:30,231,Vemulawada,1126,Vemulawada,25,Cotton,25,Common,0.0,143.0,7200.0,7500.0,7350.0,0.0,0.0
2024-10-16 00:00:00+05:30,239,Kesamudram,1168,Kesamudram,25,Cotton,25,Common,0.0,63.0,5911.0,7231.0,7011.0,0.0,0.0
2024-10-16 00:00:00+05:30,274,Nakrekal,1098,Nakrekal,151,Lemon,151,Common,0.0,739.0,100.0,1200.0,500.0,0.0,0.0
2024-10-16 00:00:00+05:30,219,Jagtial,1125,Jagtial,5,Maize,5,Common,0.0,1758.0,1820.0,2381.0,2200.0,0.0,0.0
2024-10-16 00:00:00+05:30,367,Gudimalkapur,1571,Gudumalkapur,107,Sweet Potato,107,Common,0.0,5.0,2500.0,3000.0,2500.0,0.0,0.0
2024-10-17 00:00:00+05:30,324,Bowenpally,3,Bowenpally,107,Sweet Potato,107,Common,0.0,119.0,1000.0,3000.0,2500.0,0.0,0.0
2024-10-17 00:00:00+05:30,246,Warangal,886,Warangal,5,Maize,261,Bilt,0.0,241.57,2100.0,2420.0,2410.0,0.0,0.0
2024-10-17 00:00:00+05:30,325,Hyderabad,6,Madannapeta,113,Green Chillies,113,Common,0.0,38.0,3000.0,4000.0,3500.0,0.0,0.0
2024-10-17 00:00:00+05:30,323,Gaddiannaram,2,L.B Nagar,111,Brinjal,111,Common,0.0,119.0,2000.0,2500.0,2200.0,0.0,0.0
2024-10-17 00:00:00+05:30,325,Hyderabad,7,Meeralamandi,114,Tomato,114,Common,0.0,21.0,2000.0,4000.0,3000.0,0.0,0.0
2024-10-17 00:00:00+05:30,325,Hyderabad,5,Mahabubmansion,54,Chillies(Dry),309,Armoor,0.0,32.0,8000.0,10000.0,9000.0,0.0,0.0
2024-10-17 00:00:00+05:30,314,Marpally,45,Marpally,75,Soyabean,75,Common,0.0,120.0,4000.0,4000.0,4000.0,0.0,0.0
2024-10-17 00:00:00+05:30,239,Kesamudram,1168,Kesamudram,25,Cotton,25,Common,0.0,53.0,6659.0,7066.0,6999.0,0.0,0.0
2024-10-17 00:00:00+05:30,219,Jagtial,1125,Jagtial,5,Maize,5,Common,0.0,2381.0,1700.0,2411.0,2000.0,0.0,0.0
2024-10-17 00:00:00+05:30,231,Vemulawada,1126,Vemulawada,25,Cotton,25,Common,0.0,57.0,7250.0,7500.0,7300.0,0.0,0.0
2024-10-17 00:00:00+05:30,274,Nakrekal,1098,Nakrekal,151,Lemon,151,Common,0.0,831.0,100.0,1000.0,500.0,0.0,0.0
2024-10-18 00:00:00+05:30,324,Bowenpally,3,Bowenpally,107,Sweet Potato,107,Common,0.0,121.0,1500.0,3000.0,2600.0,0.0,0.0
2024-10-18 00:00:00+05:30,323,Gaddiannaram,2,L.B Nagar,111,Brinjal,111,Common,0.0,125.0,1500.0,2500.0,2000.0,0.0,0.0
2024-10-18 00:00:00+05:30,325,Hyderabad,5,Mahabubmansion,54,Chillies(Dry),309,Armoor,0.0,75.0,9000.0,11000.0,10000.0,0.0,0.0
2024-10-18 00:00:00+05:30,246,Warangal,886,Warangal,5,Maize,261,Bilt,0.0,390.99,2250.0,2470.0,2470.0,0.0,0.0
2024-10-18 00:00:00+05:30,325,Hyderabad,7,Meeralamandi,114,Tomato,114,Common,0.0,17.0,2400.0,3200.0,2800.0,0.0,0.0
2024-10-18 00:00:00+05:30,325,Hyderabad,6,Madannapeta,113,Green Chillies,113,Common,0.0,33.0,3500.0,3500.0,3500.0,0.0,0.0
2024-10-18 00:00:00+05:30,316,Narsingi,44,Narsingi,168,Cattle(All),168,Common,0.0,123.0,20000.0,50000.0,40000.0,0.0,0.0
2024-10-18 00:00:00+05:30,320,Tandur,37,Tandur,17,Black Gram,17,Common,0.0,287.0,4005.0,8307.0,5453.0,0.0,0.0
2024-10-18 00:00:00+05:30,239,Kesamudram,1168,Kesamudram,25,Cotton,25,Common,0.0,127.0,6751.0,7069.0,6889.0,0.0,0.0
2024-10-18 00:00:00+05:30,231,Vemulawada,1126,Vemulawada,25,Cotton,25,Common,0.0,197.0,7200.0,7500.0,7350.0,0.0,0.0
2024-10-18 00:00:00+05:30,278,Suryapet,1091,Suryapet,5,Maize,5,Common,0.0,80.0,1759.0,1865.0,1865.0,0.0,0.0
2024-10-18 00:00:00+05:30,367,Gudimalkapur,1571,Gudumalkapur,107,Sweet Potato,107,Common,0.0,7.0,2000.0,2000.0,2000.0,0.0,0.0
2024-10-19 00:00:00+05:30,324,Bowenpally,3,Bowenpally,107,Sweet Potato,107,Common,0.0,130.0,1000.0,3000.0,2500.0,0.0,0.0
2024-10-19 00:00:00+05:30,325,Hyderabad,7,Meeralamandi,114,Tomato,114,Common,0.0,13.0,3200.0,4800.0,4000.0,0.0,0.0
2024-10-19 00:00:00+05:30,325,Hyderabad,6,Madannapeta,113,Green Chillies,113,Common,0.0,37.0,3000.0,3500.0,3250.0,0.0,0.0
2024-10-19 00:00:00+05:30,323,Gaddiannaram,2,L.B Nagar,111,Brinjal,111,Common,0.0,67.0,1500.0,2500.0,2000.0,0.0,0.0
2024-10-19 00:00:00+05:30,325,Hyderabad,5,Mahabubmansion,54,Chillies(Dry),309,Armoor,0.0,106.0,8000.0,1000.0,9000.0,0.0,0.0
2024-10-18 00:00:00+05:30,289,Sadasivpet,1200,Sadasivapet,16,Green Gram,16,Common,0.0,1.0,7373.0,7373.0,7373.0,0.0,0.0
2024-10-19 00:00:00+05:30,274,Nakrekal,1098,Nakrekal,151,Lemon,151,Common,0.0,1089.0,100.0,900.0,400.0,0.0,0.0
2024-10-19 00:00:00+05:30,231,Vemulawada,1126,Vemulawada,25,Cotton,25,Common,0.0,295.0,7200.0,7500.0,7350.0,0.0,0.0
2024-10-19 00:00:00+05:30,320,Tandur,37,Tandur,17,Black Gram,17,Common,0.0,183.0,4365.0,8187.0,4783.0,0.0,0.0
2024-10-19 00:00:00+05:30,367,Gudimalkapur,1571,Gudumalkapur,107,Sweet Potato,107,Common,0.0,18.0,1500.0,2500.0,1500.0,0.0,0.0
2024-10-20 00:00:00+05:30,324,Bowenpally,3,Bowenpally,107,Sweet Potato,107,Common,0.0,268.0,1500.0,2500.0,2200.0,0.0,0.0
2024-10-20 00:00:00+05:30,325,Hyderabad,7,Meeralamandi,114,Tomato,114,Common,0.0,14.0,3200.0,4800.0,4000.0,0.0,0.0
2024-10-20 00:00:00+05:30,325,Hyderabad,6,Madannapeta,113,Green Chillies,113,Common,0.0,36.0,3500.0,4000.0,3750.0,0.0,0.0
2024-10-20 00:00:00+05:30,323,Gaddiannaram,2,L.B Nagar,111,Brinjal,111,Common,0.0,40.0,1500.0,2500.0,2000.0,0.0,0.0
2024-10-20 00:00:00+05:30,367,Gudimalkapur,1571,Gudumalkapur,107,Sweet Potato,107,Common,0.0,9.0,2000.0,2000.0,2000.0,0.0,0.0
2024-10-20 00:00:00+05:30,231,Vemulawada,1126,Vemulawada,25,Cotton,25,Common,0.0,510.0,7200.0,7500.0,7350.0,0.0,0.0
2024-10-20 00:00:00+05:30,274,Nakrekal,1098,Nakrekal,151,Lemon,151,Common,0.0,779.0,100.0,900.0,400.0,0.0,0.0
2024-10-21 00:00:00+05:30,324,Bowenpally,3,Bowenpally,107,Sweet Potato,107,Common,0.0,86.0,1500.0,2500.0,2000.0,0.0,0.0
2024-10-21 00:00:00+05:30,323,Gaddiannaram,2,L.B Nagar,111,Brinjal,111,Common,0.0,69.0,2000.0,2500.0,2200.0,0.0,0.0
2024-10-21 00:00:00+05:30,246,Warangal,886,Warangal,5,Maize,261,Bilt,0.0,887.87,2250.0,2545.0,2545.0,0.0,0.0
2024-10-21 00:00:00+05:30,325,Hyderabad,7,Meeralamandi,114,Tomato,114,Common,0.0,19.0,2800.0,4000.0,3400.0,0.0,0.0
2024-10-21 00:00:00+05:30,325,Hyderabad,5,Mahabubmansion,54,Chillies(Dry),309,Armoor,0.0,40.0,8000.0,11000.0,10000.0,0.0,0.0
2024-10-21 00:00:00+05:30,325,Hyderabad,6,Madannapeta,113,Green Chillies,113,Common,0.0,38.0,3000.0,4000.0,3500.0,0.0,0.0
2024-10-21 00:00:00+05:30,274,Nakrekal,1098,Nakrekal,151,Lemon,151,Common,0.0,856.0,100.0,800.0,400.0,0.0,0.0
2024-10-21 00:00:00+05:30,314,Marpally,45,Marpally,75,Soyabean,75,Common,0.0,100.0,4000.0,4000.0,4000.0,0.0,0.0
2024-10-21 00:00:00+05:30,279,Thirumalagiri,9,Tirmalagiri,1,Paddy,256,Grade-A (RNR),0.0,115.0,2123.0,2163.0,2143.0,0.0,0.0
2024-10-21 00:00:00+05:30,367,Gudimalkapur,1571,Gudumalkapur,107,Sweet Potato,107,Common,0.0,32.0,1500.0,2500.0,1500.0,0.0,0.0
2024-10-21 00:00:00+05:30,239,Kesamudram,1168,Kesamudram,25,Cotton,25,Common,0.0,140.0,6800.0,7266.0,7050.0,0.0,0.0
2024-10-22 00:00:00+05:30,323,Gaddiannaram,2,L.B Nagar,111,Brinjal,111,Common,0.0,62.0,2500.0,3500.0,3000.0,0.0,0.0
2024-10-22 00:00:00+05:30,325,Hyderabad,7,Meeralamandi,114,Tomato,114,Common,0.0,22.0,2400.0,4000.0,3200.0,0.0,0.0
2024-10-22 00:00:00+05:30,325,Hyderabad,6,Madannapeta,113,Green Chillies,113,Common,0.0,33.0,3000.0,4000.0,3500.0,0.0,0.0
2024-10-22 00:00:00+05:30,324,Bowenpally,3,Bowenpally,107,Sweet Potato,107,Common,0.0,234.0,1000.0,2500.0,2000.0,0.0,0.0
2024-10-22 00:00:00+05:30,274,Nakrekal,1098,Nakrekal,151,Lemon,151,Common,0.0,768.0,100.0,700.0,300.0,0.0,0.0
2024-10-22 00:00:00+05:30,231,Vemulawada,1126,Vemulawada,25,Cotton,25,Common,0.0,582.0,7200.0,7500.0,7300.0,0.0,0.0
2024-10-22 00:00:00+05:30,239,Kesamudram,1168,Kesamudram,25,Cotton,25,Common,0.0,86.0,6259.0,6911.0,6651.0,0.0,0.0
2024-10-22 00:00:00+05:30,314,Marpally,45,Marpally,75,Soyabean,75,Common,0.0,260.0,3800.0,4000.0,3900.0,0.0,0.0
2024-10-22 00:00:00+05:30,367,Gudimalkapur,1571,Gudumalkapur,107,Sweet Potato,107,Common,0.0,10.0,2000.0,2000.0,2000.0,0.0,0.0
2024-10-23 00:00:00+05:30,323,Gaddiannaram,2,L.B Nagar,111,Brinjal,111,Common,0.0,56.0,2500.0,3500.0,3000.0,0.0,0.0
2024-10-23 00:00:00+05:30,324,Bowenpally,3,Bowenpally,107,Sweet Potato,107,Common,0.0,166.0,1000.0,2500.0,2000.0,0.0,0.0
2024-10-23 00:00:00+05:30,325,Hyderabad,7,Meeralamandi,114,Tomato,114,Common,0.0,15.0,2400.0,4800.0,3600.0,0.0,0.0
2024-10-23 00:00:00+05:30,325,Hyderabad,6,Madannapeta,113,Green Chillies,113,Common,0.0,37.0,3500.0,4500.0,4000.0,0.0,0.0
2024-10-23 00:00:00+05:30,246,Warangal,886,Warangal,5,Maize,261,Bilt,0.0,280.86,2200.0,2565.0,2530.0,0.0,0.0
2024-10-23 00:00:00+05:30,320,Tandur,37,Tandur,17,Black Gram,17,Common,0.0,284.0,5000.0,8430.0,5800.0,0.0,0.0
2024-10-23 00:00:00+05:30,279,Thirumalagiri,9,Tirmalagiri,1,Paddy,256,Grade-A (RNR),0.0,131.0,1836.0,2260.0,1916.0,0.0,0.0
2024-10-23 00:00:00+05:30,274,Nakrekal,1098,Nakrekal,151,Lemon,151,Common,0.0,755.0,100.0,500.0,200.0,0.0,0.0
2024-10-23 00:00:00+05:30,239,Kesamudram,1168,Kesamudram,25,Cotton,25,Common,0.0,194.0,4657.0,6959.0,6777.0,0.0,0.0
2024-10-23 00:00:00+05:30,231,Vemulawada,1126,Vemulawada,25,Cotton,25,Common,0.0,537.0,7200.0,7500.0,7350.0,0.0,0.0
2024-10-23 00:00:00+05:30,367,Gudimalkapur,1571,Gudumalkapur,107,Sweet Potato,107,Common,0.0,35.0,2000.0,3000.0,2500.0,0.0,0.0
2024-10-24 00:00:00+05:30,324,Bowenpally,3,Bowenpally,107,Sweet Potato,107,Common,0.0,234.0,1000.0,2500.0,2000.0,0.0,0.0
2024-10-24 00:00:00+05:30,325,Hyderabad,7,Meeralamandi,114,Tomato,114,Common,0.0,31.0,2000.0,4000.0,3000.0,0.0,0.0
2024-10-24 00:00:00+05:30,320,Tandur,37,Tandur,17,Black Gram,17,Common,0.0,55.0,4950.0,8460.0,7260.0,0.0,0.0
2024-10-24 00:00:00+05:30,279,Thirumalagiri,9,Tirmalagiri,1,Paddy,256,Grade-A (RNR),0.0,80.0,2189.0,2805.0,2381.0,0.0,0.0
2024-10-24 00:00:00+05:30,325,Hyderabad,6,Madannapeta,113,Green Chillies,113,Common,0.0,28.0,3000.0,3500.0,3250.0,0.0,0.0
2024-10-24 00:00:00+05:30,323,Gaddiannaram,2,L.B Nagar,111,Brinjal,111,Common,0.0,50.0,2500.0,3500.0,3000.0,0.0,0.0
2024-10-24 00:00:00+05:30,246,Warangal,886,Warangal,5,Maize,261,Bilt,0.0,159.67,2500.0,2555.0,2520.0,0.0,0.0
2024-10-24 00:00:00+05:30,239,Kesamudram,1168,Kesamudram,25,Cotton,25,Common,0.0,280.0,4666.0,6906.0,6725.0,0.0,0.0
2024-10-24 00:00:00+05:30,274,Nakrekal,1098,Nakrekal,151,Lemon,151,Common,0.0,726.0,100.0,500.0,200.0,0.0,0.0
2024-10-24 00:00:00+05:30,231,Vemulawada,1126,Vemulawada,25,Cotton,25,Common,0.0,507.0,7200.0,7500.0,7350.0,0.0,0.0
2024-10-24 00:00:00+05:30,367,Gudimalkapur,1571,Gudumalkapur,107,Sweet Potato,107,Common,0.0,49.0,1500.0,3500.0,2000.0,0.0,0.0
2024-10-25 00:00:00+05:30,246,Warangal,886,Warangal,5,Maize,261,Bilt,0.0,384.83,2100.0,2595.0,2575.0,0.0,0.0
2024-10-25 00:00:00+05:30,325,Hyderabad,7,Meeralamandi,114,Tomato,114,Common,0.0,18.0,2400.0,4000.0,3200.0,0.0,0.0
2024-10-25 00:00:00+05:30,316,Narsingi,44,Narsingi,168,Cattle(All),168,Common,0.0,102.0,20000.0,50000.0,40000.0,0.0,0.0
2024-10-25 00:00:00+05:30,325,Hyderabad,6,Madannapeta,113,Green Chillies,113,Common,0.0,33.0,3000.0,3500.0,3250.0,0.0,0.0
2024-10-25 00:00:00+05:30,323,Gaddiannaram,2,L.B Nagar,111,Brinjal,111,Common,0.0,60.0,2500.0,3500.0,3000.0,0.0,0.0
2024-10-25 00:00:00+05:30,212,Choppadandi,1123,Choppadandi,1,Paddy,256,Grade-A (RNR),0.0,344.0,2085.0,2151.0,2116.0,0.0,0.0
2024-10-25 00:00:00+05:30,239,Kesamudram,1168,Kesamudram,25,Cotton,25,Common,0.0,259.0,5215.0,6919.0,6711.0,0.0,0.0
2024-10-25 00:00:00+05:30,231,Vemulawada,1126,Vemulawada,25,Cotton,25,Common,0.0,112.0,7200.0,7500.0,7350.0,0.0,0.0
2024-10-25 00:00:00+05:30,231,Vemulawada,1126,Vemulawada,25,Cotton,25,Common,0.0,681.0,7200.0,7500.0,7350.0,0.0,0.0
2024-10-25 00:00:00+05:30,367,Gudimalkapur,1571,Gudumalkapur,107,Sweet Potato,107,Common,0.0,19.0,2500.0,2500.0,2500.0,0.0,0.0
2024-10-26 00:00:00+05:30,323,Gaddiannaram,2,L.B Nagar,111,Brinjal,111,Common,0.0,71.0,2500.0,3000.0,2700.0,0.0,0.0
2024-10-26 00:00:00+05:30,325,Hyderabad,7,Meeralamandi,114,Tomato,114,Common,0.0,20.0,1600.0,4400.0,3000.0,0.0,0.0
2024-10-26 00:00:00+05:30,325,Hyderabad,6,Madannapeta,113,Green Chillies,113,Common,0.0,31.0,2500.0,3500.0,3000.0,0.0,0.0
2024-10-26 00:00:00+05:30,324,Bowenpally,3,Bowenpally,107,Sweet Potato,107,Common,0.0,237.0,1000.0,2000.0,1800.0,0.0,0.0
2024-10-26 00:00:00+05:30,219,Jagtial,1125,Jagtial,5,Maize,5,Common,0.0,928.0,1865.0,2471.0,2301.0,0.0,0.0
2024-10-26 00:00:00+05:30,231,Vemulawada,1126,Vemulawada,25,Cotton,25,Common,0.0,427.0,7200.0,7500.0,7250.0,0.0,0.0
2024-10-26 00:00:00+05:30,274,Nakrekal,1098,Nakrekal,151,Lemon,151,Common,0.0,647.0,100.0,400.0,200.0,0.0,0.0
2024-10-26 00:00:00+05:30,278,Suryapet,1091,Suryapet,5,Maize,5,Common,0.0,1.0,1952.0,1952.0,1952.0,0.0,0.0
2024-10-26 00:00:00+05:30,367,Gudimalkapur,1571,Gudumalkapur,107,Sweet Potato,107,Common,0.0,13.0,2000.0,2000.0,2000.0,0.0,0.0
2024-10-27 00:00:00+05:30,274,Nakrekal,1098,Nakrekal,151,Lemon,151,Common,0.0,461.0,100.0,400.0,200.0,0.0,0.0
2024-10-27 00:00:00+05:30,231,Vemulawada,1126,Vemulawada,25,Cotton,25,Common,0.0,321.0,7200.0,7500.0,7350.0,0.0,0.0
2024-10-27 00:00:00+05:30,325,Hyderabad,7,Meeralamandi,114,Tomato,114,Common,0.0,21.0,2000.0,4000.0,3000.0,0.0,0.0
2024-10-27 00:00:00+05:30,324,Bowenpally,3,Bowenpally,107,Sweet Potato,107,Common,0.0,192.0,1000.0,2500.0,2000.0,0.0,0.0
2024-10-27 00:00:00+05:30,325,Hyderabad,6,Madannapeta,113,Green Chillies,113,Common,0.0,36.0,2500.0,3000.0,2750.0,0.0,0.0
2024-10-27 00:00:00+05:30,323,Gaddiannaram,2,L.B Nagar,111,Brinjal,111,Common,0.0,36.0,2500.0,3000.0,2700.0,0.0,0.0
2024-10-27 00:00:00+05:30,367,Gudimalkapur,1571,Gudumalkapur,107,Sweet Potato,107,Common,0.0,16.0,2500.0,2500.0,2500.0,0.0,0.0
2024-10-28 00:00:00+05:30,323,Gaddiannaram,2,L.B Nagar,111,Brinjal,111,Common,0.0,58.0,2500.0,3500.0,3000.0,0.0,0.0
2024-10-28 00:00:00+05:30,324,Bowenpally,3,Bowenpally,107,Sweet Potato,107,Common,0.0,147.0,1000.0,2000.0,1800.0,0.0,0.0
2024-10-28 00:00:00+05:30,325,Hyderabad,6,Madannapeta,113,Green Chillies,113,Common,0.0,38.0,3000.0,4000.0,3500.0,0.0,0.0
2024-10-28 00:00:00+05:30,325,Hyderabad,7,Meeralamandi,114,Tomato,114,Common,0.0,27.0,2400.0,3600.0,3000.0,0.0,0.0
2024-10-28 00:00:00+05:30,246,Warangal,886,Warangal,5,Maize,261,Bilt,0.0,454.67,2200.0,2580.0,2440.0,0.0,0.0
2024-10-28 00:00:00+05:30,219,Jagtial,1125,Jagtial,5,Maize,5,Common,0.0,1633.0,1850.0,2501.0,2457.0,0.0,0.0
2024-10-28 00:00:00+05:30,274,Nakrekal,1098,Nakrekal,151,Lemon,151,Common,0.0,443.0,100.0,500.0,200.0,0.0,0.0
2024-10-28 00:00:00+05:30,279,Thirumalagiri,9,Tirmalagiri,1,Paddy,256,Grade-A (RNR),0.0,377.0,1855.0,2409.0,2129.0,0.0,0.0
2024-10-28 00:00:00+05:30,278,Suryapet,1091,Suryapet,5,Maize,5,Common,0.0,81.0,2139.0,2139.0,2139.0,0.0,0.0
2024-10-28 00:00:00+05:30,239,Kesamudram,1168,Kesamudram,25,Cotton,25,Common,0.0,504.0,5044.0,6929.0,6751.0,0.0,0.0
2024-10-28 00:00:00+05:30,231,Vemulawada,1126,Vemulawada,25,Cotton,25,Common,0.0,67.0,7200.0,7500.0,7350.0,0.0,0.0
2024-10-28 00:00:00+05:30,367,Gudimalkapur,1571,Gudumalkapur,107,Sweet Potato,107,Common,0.0,7.0,2500.0,2500.0,2500.0,0.0,0.0
2024-10-29 00:00:00+05:30,324,Bowenpally,3,Bowenpally,107,Sweet Potato,107,Common,0.0,124.0,1000.0,2500.0,2000.0,0.0,0.0
2024-10-29 00:00:00+05:30,323,Gaddiannaram,2,L.B Nagar,111,Brinjal,111,Common,0.0,68.0,3000.0,4000.0,3200.0,0.0,0.0
2024-10-29 00:00:00+05:30,246,Warangal,886,Warangal,5,Maize,261,Bilt,0.0,320.76,2425.0,2550.0,2490.0,0.0,0.0
2024-10-29 00:00:00+05:30,325,Hyderabad,6,Madannapeta,113,Green Chillies,113,Common,0.0,36.0,2500.0,4000.0,3500.0,0.0,0.0
2024-10-29 00:00:00+05:30,325,Hyderabad,7,Meeralamandi,114,Tomato,114,Common,0.0,18.0,2000.0,4000.0,3000.0,0.0,0.0
2024-10-29 00:00:00+05:30,279,Thirumalagiri,9,Tirmalagiri,1,Paddy,256,Grade-A (RNR),0.0,332.0,1905.0,2314.0,2244.0,0.0,0.0
2024-10-29 00:00:00+05:30,239,Kesamudram,1168,Kesamudram,25,Cotton,25,Common,0.0,420.0,5211.0,6815.0,6766.0,0.0,0.0
2024-10-29 00:00:00+05:30,219,Jagtial,1125,Jagtial,5,Maize,5,Common,0.0,689.0,1900.0,2501.0,2461.0,0.0,0.0
2024-10-29 00:00:00+05:30,274,Nakrekal,1098,Nakrekal,151,Lemon,151,Common,0.0,444.0,100.0,600.0,200.0,0.0,0.0
2024-10-29 00:00:00+05:30,314,Marpally,45,Marpally,75,Soyabean,75,Common,0.0,28.0,3800.0,4300.0,4050.0,0.0,0.0
2024-10-29 00:00:00+05:30,231,Vemulawada,1126,Vemulawada,25,Cotton,25,Common,0.0,470.0,7200.0,7500.0,7350.0,0.0,0.0
2024-10-30 00:00:00+05:30,323,Gaddiannaram,2,L.B Nagar,111,Brinjal,111,Common,0.0,61.0,4000.0,5000.0,4500.0,0.0,0.0
2024-10-30 00:00:00+05:30,325,Hyderabad,7,Meeralamandi,114,Tomato,114,Common,0.0,23.0,2400.0,3200.0,2800.0,0.0,0.0
2024-10-30 00:00:00+05:30,279,Thirumalagiri,9,Tirmalagiri,1,Paddy,256,Grade-A (RNR),0.0,346.0,1929.0,2391.0,2251.0,0.0,0.0
2024-10-30 00:00:00+05:30,239,Kesamudram,1168,Kesamudram,25,Cotton,25,Common,0.0,231.0,5044.0,6829.0,6759.0,0.0,0.0
2024-10-30 00:00:00+05:30,231,Vemulawada,1126,Vemulawada,25,Cotton,25,Common,0.0,124.0,7200.0,7500.0,7350.0,0.0,0.0
2024-10-30 00:00:00+05:30,274,Nakrekal,1098,Nakrekal,151,Lemon,151,Common,0.0,618.0,100.0,750.0,300.0,0.0,0.0
2024-10-30 00:00:00+05:30,324,Bowenpally,3,Bowenpally,107,Sweet Potato,107,Common,0.0,51.0,1000.0,2500.0,2000.0,0.0,0.0
2024-10-30 00:00:00+05:30,325,Hyderabad,6,Madannapeta,113,Green Chillies,113,Common,0.0,38.0,2500.0,3500.0,3000.0,0.0,0.0
2024-10-31 00:00:00+05:30,324,Bowenpally,3,Bowenpally,107,Sweet Potato,107,Common,0.0,142.0,800.0,2500.0,2000.0,0.0,0.0
2024-10-31 00:00:00+05:30,323,Gaddiannaram,2,L.B Nagar,111,Brinjal,111,Common,0.0,59.0,3000.0,3500.0,3200.0,0.0,0.0
2024-10-31 00:00:00+05:30,325,Hyderabad,6,Madannapeta,113,Green Chillies,113,Common,0.0,38.0,2500.0,3000.0,2750.0,0.0,0.0
2024-10-31 00:00:00+05:30,325,Hyderabad,7,Meeralamandi,114,Tomato,114,Common,0.0,22.0,1600.0,3200.0,2400.0,0.0,0.0
2024-10-26 00:00:00+05:30,367,Gudimalkapur,1571,Gudumalkapur,108,Yam,108,Common,0.0,2.0,3000.0,3000.0,3000.0,0.0,0.0
2024-10-26 00:00:00+05:30,278,Suryapet,1091,Suryapet,6,Jowar,225,White,0.0,1.0,3059.0,3059.0,3059.0,0.0,0.0
2024-10-26 00:00:00+05:30,319,Shankerpally,40,Shankerpally,105,Potato,105,Common,0.0,6.5,3200.0,3300.0,3250.0,0.0,0.0
2024-10-26 00:00:00+05:30,325,Hyderabad,5,Mahabubmansion,55,Onions,217,No.I,0.0,8540.0,4100.0,4700.0,4500.0,0.0,0.0
2024-10-26 00:00:00+05:30,324,Bowenpally,3,Bowenpally,108,Yam,108,Common,0.0,40.0,2000.0,5000.0,4000.0,0.0,0.0
2024-10-26 00:00:00+05:30,325,Hyderabad,6,Madannapeta,114,Tomato,114,Common,0.0,175.0,2000.0,3200.0,2600.0,0.0,0.0
2024-10-26 00:00:00+05:30,323,Gaddiannaram,2,L.B Nagar,112,Ladys Finger,112,Common,0.0,55.0,3000.0,4000.0,3500.0,0.0,0.0
2024-10-26 00:00:00+05:30,323,Gaddiannaram,1,Gaddiannaram,81,Grapes,296,Black,0.0,33.0,1500.0,6250.0,2500.0,0.0,0.0
2024-10-25 00:00:00+05:30,256,Khammam,1067,Khammam,25,Cotton,25,Common,0.0,2872.0,6000.0,7000.0,6800.0,0.0,0.0
2024-10-25 00:00:00+05:30,281,Venkateshwar Nagar,1106,V Nagar,101,Beet Root,101,Common,0.0,1.0,25.0,25.0,25.0,0.0,0.0
2024-10-25 00:00:00+05:30,323,Gaddiannaram,2,L.B Nagar,112,Ladys Finger,112,Common,0.0,54.0,4000.0,5000.0,4500.0,0.0,0.0
2024-10-25 00:00:00+05:30,325,Hyderabad,6,Madannapeta,114,Tomato,114,Common,0.0,172.0,1600.0,3200.0,2400.0,0.0,0.0
2024-10-25 00:00:00+05:30,323,Gaddiannaram,1,Gaddiannaram,81,Grapes,296,Black,0.0,160.0,1500.0,6250.0,2500.0,0.0,0.0
2024-10-25 00:00:00+05:30,325,Hyderabad,5,Mahabubmansion,55,Onions,217,No.I,0.0,7296.0,4300.0,5000.0,4600.0,0.0,0.0
2024-10-24 00:00:00+05:30,367,Gudimalkapur,1571,Gudumalkapur,108,Yam,108,Common,0.0,2.0,4000.0,4000.0,4000.0,0.0,0.0
2024-10-24 00:00:00+05:30,281,Venkateshwar Nagar,1106,V Nagar,101,Beet Root,101,Common,0.0,1.0,30.0,30.0,30.0,0.0,0.0
2024-10-24 00:00:00+05:30,256,Khammam,1067,Khammam,25,Cotton,25,Common,0.0,3915.0,6000.0,7000.0,6700.0,0.0,0.0
2024-10-24 00:00:00+05:30,323,Gaddiannaram,2,L.B Nagar,112,Ladys Finger,112,Common,0.0,55.0,4000.0,5000.0,4500.0,0.0,0.0
2024-10-24 00:00:00+05:30,325,Hyderabad,6,Madannapeta,114,Tomato,114,Common,0.0,190.0,2000.0,3200.0,2600.0,0.0,0.0
2024-10-24 00:00:00+05:30,325,Hyderabad,5,Mahabubmansion,55,Onions,217,No.I,0.0,7053.0,4300.0,5000.0,4600.0,0.0,0.0
2024-10-24 00:00:00+05:30,324,Bowenpally,3,Bowenpally,108,Yam,108,Common,0.0,80.0,2000.0,6000.0,5000.0,0.0,0.0
2024-10-24 00:00:00+05:30,323,Gaddiannaram,1,Gaddiannaram,81,Grapes,296,Black,0.0,49.0,1500.0,6250.0,2500.0,0.0,0.0
2024-10-23 00:00:00+05:30,303,Kalwakurthy,1340,Kalwakurthy,98,Cabbage,98,Common,0.0,1.0,2500.0,2500.0,2500.0,0.0,0.0
2024-10-23 00:00:00+05:30,256,Khammam,1067,Khammam,25,Cotton,25,Common,0.0,3660.0,6000.0,7100.0,6800.0,0.0,0.0
2024-10-23 00:00:00+05:30,281,Venkateshwar Nagar,1106,V Nagar,101,Beet Root,101,Common,0.0,2.0,25.0,25.0,25.0,0.0,0.0
2024-10-23 00:00:00+05:30,325,Hyderabad,5,Mahabubmansion,55,Onions,217,No.I,0.0,4265.0,4300.0,5000.0,4700.0,0.0,0.0
2024-10-23 00:00:00+05:30,325,Hyderabad,6,Madannapeta,114,Tomato,114,Common,0.0,187.0,2400.0,4000.0,3200.0,0.0,0.0
2024-10-23 00:00:00+05:30,323,Gaddiannaram,1,Gaddiannaram,81,Grapes,296,Black,0.0,159.0,1500.0,6250.0,2500.0,0.0,0.0
2024-10-23 00:00:00+05:30,323,Gaddiannaram,2,L.B Nagar,112,Ladys Finger,112,Common,0.0,60.0,4000.0,5000.0,4500.0,0.0,0.0
2024-10-22 00:00:00+05:30,303,Kalwakurthy,1340,Kalwakurthy,98,Cabbage,98,Common,0.0,2.0,2500.0,2500.0,2500.0,0.0,0.0
2024-10-22 00:00:00+05:30,256,Khammam,1067,Khammam,25,Cotton,25,Common,0.0,3748.0,6000.0,7000.0,6700.0,0.0,0.0
2024-10-22 00:00:00+05:30,324,Bowenpally,3,Bowenpally,108,Yam,108,Common,0.0,61.0,2000.0,6000.0,5000.0,0.0,0.0
2024-10-22 00:00:00+05:30,325,Hyderabad,6,Madannapeta,114,Tomato,114,Common,0.0,175.0,2800.0,4000.0,3400.0,0.0,0.0
2024-10-22 00:00:00+05:30,325,Hyderabad,5,Mahabubmansion,55,Onions,217,No.I,0.0,4458.0,4500.0,5000.0,4700.0,0.0,0.0
2024-10-22 00:00:00+05:30,323,Gaddiannaram,2,L.B Nagar,112,Ladys Finger,112,Common,0.0,35.0,3000.0,4000.0,3500.0,0.0,0.0
2024-10-22 00:00:00+05:30,323,Gaddiannaram,1,Gaddiannaram,81,Grapes,296,Black,0.0,27.0,1500.0,6250.0,2500.0,0.0,0.0
2024-10-21 00:00:00+05:30,303,Kalwakurthy,1340,Kalwakurthy,98,Cabbage,98,Common,0.0,1.0,2800.0,2800.0,2800.0,0.0,0.0
2024-10-21 00:00:00+05:30,256,Khammam,1067,Khammam,25,Cotton,25,Common,0.0,3032.0,5500.0,7000.0,6700.0,0.0,0.0
2024-10-21 00:00:00+05:30,325,Hyderabad,6,Madannapeta,114,Tomato,114,Common,0.0,182.0,2400.0,4400.0,3200.0,0.0,0.0
2024-10-21 00:00:00+05:30,325,Hyderabad,5,Mahabubmansion,55,Onions,217,No.I,0.0,4853.0,4500.0,5100.0,4800.0,0.0,0.0
2024-10-21 00:00:00+05:30,323,Gaddiannaram,2,L.B Nagar,112,Ladys Finger,112,Common,0.0,59.0,3000.0,3500.0,3200.0,0.0,0.0
2024-10-21 00:00:00+05:30,323,Gaddiannaram,1,Gaddiannaram,81,Grapes,296,Black,0.0,223.0,1500.0,6250.0,2500.0,0.0,0.0
2024-10-21 00:00:00+05:30,324,Bowenpally,3,Bowenpally,108,Yam,108,Common,0.0,26.0,3000.0,5500.0,4500.0,0.0,0.0
2024-10-20 00:00:00+05:30,281,Venkateshwar Nagar,1106,V Nagar,101,Beet Root,101,Common,0.0,1.0,25.0,25.0,25.0,0.0,0.0
2024-10-20 00:00:00+05:30,323,Gaddiannaram,2,L.B Nagar,112,Ladys Finger,112,Common,0.0,70.0,3000.0,3500.0,3200.0,0.0,0.0
2024-10-20 00:00:00+05:30,325,Hyderabad,6,Madannapeta,114,Tomato,114,Common,0.0,137.0,2000.0,3200.0,2600.0,0.0,0.0
2024-10-20 00:00:00+05:30,323,Gaddiannaram,1,Gaddiannaram,81,Grapes,296,Black,0.0,24.0,1500.0,6250.0,2500.0,0.0,0.0
2024-10-20 00:00:00+05:30,324,Bowenpally,3,Bowenpally,108,Yam,108,Common,0.0,7.0,4000.0,6000.0,5500.0,0.0,0.0
2024-10-19 00:00:00+05:30,367,Gudimalkapur,1571,Gudumalkapur,108,Yam,108,Common,0.0,18.0,2000.0,4000.0,2000.0,0.0,0.0
2024-10-19 00:00:00+05:30,292,Zaheerabad,1198,Zaheerabad,16,Green Gram,16,Common,0.0,18.5,3300.0,6568.0,6269.0,0.0,0.0
2024-10-19 00:00:00+05:30,325,Hyderabad,5,Mahabubmansion,55,Onions,217,No.I,0.0,3974.0,4500.0,5100.0,4800.0,0.0,0.0
2024-10-19 00:00:00+05:30,323,Gaddiannaram,2,L.B Nagar,112,Ladys Finger,112,Common,0.0,78.0,3000.0,3500.0,3200.0,0.0,0.0
2024-10-19 00:00:00+05:30,325,Hyderabad,6,Madannapeta,114,Tomato,114,Common,0.0,157.0,2000.0,4000.0,3000.0,0.0,0.0
2024-10-19 00:00:00+05:30,324,Bowenpally,3,Bowenpally,108,Yam,108,Common,0.0,62.0,2000.0,5500.0,4500.0,0.0,0.0
2024-10-19 00:00:00+05:30,323,Gaddiannaram,1,Gaddiannaram,81,Grapes,296,Black,0.0,132.0,1500.0,6250.0,2500.0,0.0,0.0
2024-10-18 00:00:00+05:30,292,Zaheerabad,1198,Zaheerabad,16,Green Gram,16,Common,0.0,33.5,4378.0,6823.0,4500.0,0.0,0.0
2024-10-18 00:00:00+05:30,256,Khammam,1067,Khammam,25,Cotton,25,Common,0.0,37.0,7100.0,7300.0,7200.0,0.0,0.0
2024-10-18 00:00:00+05:30,325,Hyderabad,6,Madannapeta,114,Tomato,114,Common,0.0,105.0,2400.0,4800.0,3200.0,0.0,0.0
2024-10-18 00:00:00+05:30,325,Hyderabad,5,Mahabubmansion,55,Onions,217,No.I,0.0,4241.0,4500.0,5100.0,4800.0,0.0,0.0
2024-10-18 00:00:00+05:30,323,Gaddiannaram,2,L.B Nagar,112,Ladys Finger,112,Common,0.0,60.0,3000.0,3500.0,3200.0,0.0,0.0
2024-10-18 00:00:00+05:30,324,Bowenpally,3,Bowenpally,108,Yam,108,Common,0.0,27.0,3000.0,5000.0,4500.0,0.0,0.0
2024-10-17 00:00:00+05:30,303,Kalwakurthy,1340,Kalwakurthy,98,Cabbage,98,Common,0.0,2.0,2000.0,2000.0,2000.0,0.0,0.0
2024-10-18 00:00:00+05:30,323,Gaddiannaram,1,Gaddiannaram,81,Grapes,296,Black,0.0,162.0,1500.0,6250.0,2500.0,0.0,0.0
2024-10-17 00:00:00+05:30,292,Zaheerabad,1198,Zaheerabad,16,Green Gram,16,Common,0.0,33.5,3050.0,6817.0,6522.0,0.0,0.0
2024-10-17 00:00:00+05:30,256,Khammam,1067,Khammam,25,Cotton,25,Common,0.0,2332.0,5800.0,7000.0,6800.0,0.0,0.0
2024-10-17 00:00:00+05:30,325,Hyderabad,5,Mahabubmansion,55,Onions,217,No.I,0.0,3259.0,4300.0,5400.0,4800.0,0.0,0.0
2024-10-17 00:00:00+05:30,323,Gaddiannaram,2,L.B Nagar,112,Ladys Finger,112,Common,0.0,71.0,3000.0,3500.0,3200.0,0.0,0.0
2024-10-17 00:00:00+05:30,325,Hyderabad,6,Madannapeta,114,Tomato,114,Common,0.0,182.0,2400.0,4000.0,3200.0,0.0,0.0
2024-10-17 00:00:00+05:30,324,Bowenpally,3,Bowenpally,108,Yam,108,Common,0.0,27.0,2000.0,5500.0,4200.0,0.0,0.0
2024-10-16 00:00:00+05:30,303,Kalwakurthy,1340,Kalwakurthy,98,Cabbage,98,Common,0.0,2.0,2000.0,3000.0,2500.0,0.0,0.0
2024-10-17 00:00:00+05:30,323,Gaddiannaram,1,Gaddiannaram,81,Grapes,296,Black,0.0,21.0,1500.0,6250.0,2500.0,0.0,0.0
2024-10-16 00:00:00+05:30,292,Zaheerabad,1198,Zaheerabad,16,Green Gram,16,Common,0.0,22.0,3050.0,7020.0,6062.0,0.0,0.0
2024-10-16 00:00:00+05:30,324,Bowenpally,3,Bowenpally,108,Yam,108,Common,0.0,1.0,2000.0,4000.0,3000.0,0.0,0.0
2024-10-16 00:00:00+05:30,325,Hyderabad,5,Mahabubmansion,55,Onions,217,No.I,0.0,3303.0,4100.0,5000.0,4400.0,0.0,0.0
2024-10-16 00:00:00+05:30,323,Gaddiannaram,1,Gaddiannaram,81,Grapes,296,Black,0.0,130.0,1500.0,6250.0,2500.0,0.0,0.0
2024-10-16 00:00:00+05:30,325,Hyderabad,6,Madannapeta,114,Tomato,114,Common,0.0,167.0,2200.0,4000.0,3200.0,0.0,0.0
2024-10-16 00:00:00+05:30,256,Khammam,1067,Khammam,25,Cotton,25,Common,0.0,2506.0,7150.0,7200.0,7200.0,0.0,0.0
2024-10-16 00:00:00+05:30,323,Gaddiannaram,2,L.B Nagar,112,Ladys Finger,112,Common,0.0,101.0,3000.0,3500.0,3200.0,0.0,0.0
2024-10-15 00:00:00+05:30,256,Khammam,1067,Khammam,25,Cotton,25,Common,0.0,2270.0,7200.0,7300.0,7275.0,0.0,0.0
2024-10-15 00:00:00+05:30,292,Zaheerabad,1198,Zaheerabad,16,Green Gram,16,Common,0.0,31.0,5613.0,7001.0,6246.0,0.0,0.0
2024-10-15 00:00:00+05:30,208,Nizamabad,1080,Nizamabad,6,Jowar,225,White,0.0,1.0,1000.0,1000.0,1000.0,0.0,0.0
2024-10-15 00:00:00+05:30,323,Gaddiannaram,2,L.B Nagar,112,Ladys Finger,112,Common,0.0,92.0,1500.0,2500.0,2000.0,0.0,0.0
2024-10-15 00:00:00+05:30,323,Gaddiannaram,1,Gaddiannaram,81,Grapes,296,Black,0.0,18.0,1500.0,6250.0,2500.0,0.0,0.0
2024-10-15 00:00:00+05:30,324,Bowenpally,3,Bowenpally,108,Yam,108,Common,0.0,32.0,2000.0,6000.0,4500.0,0.0,0.0
2024-10-15 00:00:00+05:30,325,Hyderabad,6,Madannapeta,114,Tomato,114,Common,0.0,187.0,2400.0,5600.0,4000.0,0.0,0.0
2024-10-15 00:00:00+05:30,325,Hyderabad,5,Mahabubmansion,55,Onions,217,No.I,0.0,3272.0,4100.0,5100.0,4500.0,0.0,0.0
2024-10-14 00:00:00+05:30,256,Khammam,1067,Khammam,25,Cotton,25,Common,0.0,1145.0,5500.0,7000.0,6700.0,0.0,0.0
2024-10-14 00:00:00+05:30,292,Zaheerabad,1198,Zaheerabad,16,Green Gram,16,Common,0.0,27.0,5050.0,7023.0,6608.0,0.0,0.0
2024-10-14 00:00:00+05:30,367,Gudimalkapur,1571,Gudumalkapur,108,Yam,108,Common,0.0,1.0,1500.0,1500.0,1500.0,0.0,0.0
2024-10-14 00:00:00+05:30,323,Gaddiannaram,2,L.B Nagar,112,Ladys Finger,112,Common,0.0,96.0,2500.0,3500.0,3000.0,0.0,0.0
2024-10-14 00:00:00+05:30,325,Hyderabad,5,Mahabubmansion,55,Onions,217,No.I,0.0,2871.0,4200.0,5000.0,4500.0,0.0,0.0
2024-10-14 00:00:00+05:30,323,Gaddiannaram,1,Gaddiannaram,81,Grapes,296,Black,0.0,182.0,1500.0,6250.0,2500.0,0.0,0.0
2024-10-14 00:00:00+05:30,325,Hyderabad,6,Madannapeta,114,Tomato,114,Common,0.0,152.0,3200.0,6000.0,4600.0,0.0,0.0
2024-10-14 00:00:00+05:30,324,Bowenpally,3,Bowenpally,108,Yam,108,Common,0.0,85.0,2000.0,5500.0,4000.0,0.0,0.0
2024-10-13 00:00:00+05:30,367,Gudimalkapur,1571,Gudumalkapur,108,Yam,108,Common,0.0,5.0,1500.0,1500.0,1500.0,0.0,0.0
2024-10-13 00:00:00+05:30,325,Hyderabad,6,Madannapeta,114,Tomato,114,Common,0.0,87.0,3200.0,6000.0,4600.0,0.0,0.0
2024-10-12 00:00:00+05:30,325,Hyderabad,6,Madannapeta,114,Tomato,114,Common,0.0,148.0,3200.0,6000.0,4600.0,0.0,0.0
2024-10-12 00:00:00+05:30,323,Gaddiannaram,2,L.B Nagar,112,Ladys Finger,112,Common,0.0,15.0,3000.0,3500.0,3200.0,0.0,0.0
2024-10-11 00:00:00+05:30,325,Hyderabad,5,Mahabubmansion,55,Onions,217,No.I,0.0,5911.0,4100.0,4700.0,4500.0,0.0,0.0
2024-10-11 00:00:00+05:30,323,Gaddiannaram,2,L.B Nagar,112,Ladys Finger,112,Common,0.0,48.0,2500.0,3500.0,3000.0,0.0,0.0
2024-10-11 00:00:00+05:30,325,Hyderabad,6,Madannapeta,114,Tomato,114,Common,0.0,165.0,2800.0,4800.0,4000.0,0.0,0.0
2024-10-11 00:00:00+05:30,324,Bowenpally,3,Bowenpally,108,Yam,108,Common,0.0,2.0,3000.0,4000.0,3600.0,0.0,0.0
2024-10-10 00:00:00+05:30,292,Zaheerabad,1198,Zaheerabad,16,Green Gram,16,Common,0.0,18.5,2510.0,7423.0,6515.0,0.0,0.0
2024-10-10 00:00:00+05:30,323,Gaddiannaram,2,L.B Nagar,112,Ladys Finger,112,Common,0.0,50.0,2500.0,3500.0,3000.0,0.0,0.0
2024-10-10 00:00:00+05:30,325,Hyderabad,6,Madannapeta,114,Tomato,114,Common,0.0,127.0,2400.0,5200.0,3800.0,0.0,0.0
2024-10-10 00:00:00+05:30,325,Hyderabad,5,Mahabubmansion,55,Onions,217,No.I,0.0,6659.0,4200.0,5000.0,4500.0,0.0,0.0
2024-10-10 00:00:00+05:30,324,Bowenpally,3,Bowenpally,108,Yam,108,Common,0.0,26.0,3000.0,5000.0,4500.0,0.0,0.0
2024-10-10 00:00:00+05:30,323,Gaddiannaram,1,Gaddiannaram,81,Grapes,296,Black,0.0,52.0,1500.0,6250.0,2500.0,0.0,0.0
2024-10-09 00:00:00+05:30,303,Kalwakurthy,1340,Kalwakurthy,98,Cabbage,98,Common,0.0,3.0,1500.0,1500.0,1500.0,0.0,0.0
2024-10-09 00:00:00+05:30,367,Gudimalkapur,1571,Gudumalkapur,108,Yam,108,Common,0.0,5.0,3000.0,3000.0,3000.0,0.0,0.0
2024-10-09 00:00:00+05:30,256,Khammam,1067,Khammam,25,Cotton,25,Common,0.0,1238.0,6000.0,6900.0,6700.0,0.0,0.0
2024-10-09 00:00:00+05:30,292,Zaheerabad,1198,Zaheerabad,16,Green Gram,16,Common,0.0,23.0,3111.0,7213.0,6576.0,0.0,0.0
2024-10-09 00:00:00+05:30,325,Hyderabad,5,Mahabubmansion,55,Onions,217,No.I,0.0,4322.0,4100.0,5000.0,4500.0,0.0,0.0
2024-10-09 00:00:00+05:30,324,Bowenpally,3,Bowenpally,108,Yam,108,Common,0.0,31.0,2000.0,5000.0,4000.0,0.0,0.0
2024-10-09 00:00:00+05:30,325,Hyderabad,6,Madannapeta,114,Tomato,114,Common,0.0,183.0,4000.0,6000.0,4800.0,0.0,0.0
2024-10-09 00:00:00+05:30,323,Gaddiannaram,2,L.B Nagar,112,Ladys Finger,112,Common,0.0,85.0,2500.0,3500.0,3000.0,0.0,0.0
2024-10-09 00:00:00+05:30,323,Gaddiannaram,1,Gaddiannaram,81,Grapes,296,Black,0.0,238.0,1500.0,6250.0,2500.0,0.0,0.0
2024-10-08 00:00:00+05:30,292,Zaheerabad,1198,Zaheerabad,16,Green Gram,16,Common,0.0,24.0,3453.0,7053.0,3453.0,0.0,0.0
2024-10-07 00:00:00+05:30,289,Sadasivpet,1200,Sadasivapet,17,Black Gram,17,Common,0.0,1.0,3737.0,3737.0,3737.0,0.0,0.0
2024-10-08 00:00:00+05:30,281,Venkateshwar Nagar,1106,V Nagar,101,Beet Root,101,Common,0.0,1.0,25.0,25.0,25.0,0.0,0.0
2024-10-08 00:00:00+05:30,256,Khammam,1067,Khammam,25,Cotton,25,Common,0.0,2435.0,5400.0,7475.0,7450.0,0.0,0.0
2024-10-08 00:00:00+05:30,325,Hyderabad,6,Madannapeta,114,Tomato,114,Common,0.0,145.0,2400.0,7200.0,4800.0,0.0,0.0
2024-10-08 00:00:00+05:30,325,Hyderabad,5,Mahabubmansion,55,Onions,217,No.I,0.0,4776.0,4200.0,5200.0,4600.0,0.0,0.0
2024-10-08 00:00:00+05:30,323,Gaddiannaram,2,L.B Nagar,112,Ladys Finger,112,Common,0.0,55.0,2500.0,3500.0,3000.0,0.0,0.0
2024-10-08 00:00:00+05:30,324,Bowenpally,3,Bowenpally,108,Yam,108,Common,0.0,51.0,2000.0,5000.0,4000.0,0.0,0.0
2024-10-08 00:00:00+05:30,323,Gaddiannaram,1,Gaddiannaram,81,Grapes,296,Black,0.0,72.0,1500.0,6250.0,2500.0,0.0,0.0
2024-10-07 00:00:00+05:30,303,Kalwakurthy,1340,Kalwakurthy,98,Cabbage,98,Common,0.0,2.0,1500.0,2000.0,1750.0,0.0,0.0
2024-10-07 00:00:00+05:30,256,Khammam,1067,Khammam,25,Cotton,25,Common,0.0,1390.0,7200.0,7450.0,7400.0,0.0,0.0
2024-10-07 00:00:00+05:30,278,Suryapet,1091,Suryapet,6,Jowar,225,White,0.0,4.0,3123.0,3123.0,3123.0,0.0,0.0
2024-10-07 00:00:00+05:30,367,Gudimalkapur,1571,Gudumalkapur,108,Yam,108,Common,0.0,8.0,2000.0,2000.0,2000.0,0.0,0.0
2024-10-07 00:00:00+05:30,325,Hyderabad,6,Madannapeta,114,Tomato,114,Common,0.0,153.0,3200.0,6000.0,4600.0,0.0,0.0
2024-10-07 00:00:00+05:30,323,Gaddiannaram,2,L.B Nagar,112,Ladys Finger,112,Common,0.0,70.0,2500.0,3500.0,3000.0,0.0,0.0
2024-10-07 00:00:00+05:30,323,Gaddiannaram,1,Gaddiannaram,81,Grapes,296,Black,0.0,225.0,1500.0,6250.0,2500.0,0.0,0.0
2024-10-07 00:00:00+05:30,325,Hyderabad,5,Mahabubmansion,55,Onions,217,No.I,0.0,5455.0,4200.0,5200.0,4600.0,0.0,0.0
2024-10-07 00:00:00+05:30,324,Bowenpally,3,Bowenpally,108,Yam,108,Common,0.0,7.0,1500.0,5000.0,4000.0,0.0,0.0
2024-10-06 00:00:00+05:30,367,Gudimalkapur,1571,Gudumalkapur,108,Yam,108,Common,0.0,2.0,1800.0,1800.0,1800.0,0.0,0.0
2024-10-06 00:00:00+05:30,281,Venkateshwar Nagar,1106,V Nagar,101,Beet Root,101,Common,0.0,2.0,25.0,25.0,25.0,0.0,0.0
2024-10-06 00:00:00+05:30,325,Hyderabad,6,Madannapeta,114,Tomato,114,Common,0.0,178.0,3200.0,6000.0,4600.0,0.0,0.0
2024-10-06 00:00:00+05:30,324,Bowenpally,3,Bowenpally,108,Yam,108,Common,0.0,63.0,2000.0,5000.0,4000.0,0.0,0.0
2024-10-06 00:00:00+05:30,323,Gaddiannaram,2,L.B Nagar,112,Ladys Finger,112,Common,0.0,83.0,2500.0,3500.0,3000.0,0.0,0.0
2024-10-06 00:00:00+05:30,323,Gaddiannaram,1,Gaddiannaram,81,Grapes,296,Black,0.0,78.0,1500.0,6250.0,2500.0,0.0,0.0
2024-10-05 00:00:00+05:30,367,Gudimalkapur,1571,Gudumalkapur,108,Yam,108,Common,0.0,2.0,3000.0,4000.0,3000.0,0.0,0.0
2024-10-05 00:00:00+05:30,292,Zaheerabad,1198,Zaheerabad,16,Green Gram,16,Common,0.0,68.0,4042.0,7563.0,6762.0,0.0,0.0
2024-10-05 00:00:00+05:30,319,Shankerpally,40,Shankerpally,105,Potato,105,Common,0.0,5.5,3200.0,3500.0,3250.0,0.0,0.0
2024-10-05 00:00:00+05:30,323,Gaddiannaram,2,L.B Nagar,112,Ladys Finger,112,Common,0.0,63.0,2000.0,2500.0,2250.0,0.0,0.0
2024-10-05 00:00:00+05:30,325,Hyderabad,6,Madannapeta,114,Tomato,114,Common,0.0,185.0,4000.0,7200.0,5600.0,0.0,0.0
2024-10-05 00:00:00+05:30,325,Hyderabad,5,Mahabubmansion,55,Onions,217,No.I,0.0,5124.0,3600.0,4200.0,3900.0,0.0,0.0
2024-10-05 00:00:00+05:30,323,Gaddiannaram,1,Gaddiannaram,81,Grapes,296,Black,0.0,54.0,1500.0,6250.0,2500.0,0.0,0.0
2024-10-05 00:00:00+05:30,324,Bowenpally,3,Bowenpally,108,Yam,108,Common,0.0,48.0,1500.0,5000.0,4500.0,0.0,0.0
2024-10-04 00:00:00+05:30,292,Zaheerabad,1198,Zaheerabad,16,Green Gram,16,Common,0.0,42.5,3420.0,7253.0,6362.0,0.0,0.0
2024-10-04 00:00:00+05:30,325,Hyderabad,6,Madannapeta,114,Tomato,114,Common,0.0,168.0,4000.0,7200.0,5600.0,0.0,0.0
2024-10-04 00:00:00+05:30,323,Gaddiannaram,1,Gaddiannaram,81,Grapes,296,Black,0.0,197.0,1500.0,6250.0,2500.0,0.0,0.0
2024-10-04 00:00:00+05:30,325,Hyderabad,5,Mahabubmansion,55,Onions,217,No.I,0.0,5770.0,3500.0,4500.0,4200.0,0.0,0.0
2024-10-04 00:00:00+05:30,324,Bowenpally,3,Bowenpally,108,Yam,108,Common,0.0,38.0,2000.0,5000.0,4000.0,0.0,0.0
2024-10-04 00:00:00+05:30,251,Burgampahad,1068,Burgampadu,72,Subabul,72,Common,0.0,39127.0,375.0,375.0,375.0,0.0,0.0
2024-10-04 00:00:00+05:30,256,Khammam,1067,Khammam,25,Cotton,25,Common,0.0,1391.0,4500.0,7550.0,6000.0,0.0,0.0
2024-10-04 00:00:00+05:30,323,Gaddiannaram,2,L.B Nagar,112,Ladys Finger,112,Common,0.0,69.0,2000.0,2500.0,2200.0,0.0,0.0
2024-10-03 00:00:00+05:30,367,Gudimalkapur,1571,Gudumalkapur,108,Yam,108,Common,0.0,4.0,3000.0,3000.0,3000.0,0.0,0.0
2024-10-03 00:00:00+05:30,256,Khammam,1067,Khammam,25,Cotton,25,Common,0.0,432.0,4300.0,7011.0,6500.0,0.0,0.0
2024-10-03 00:00:00+05:30,292,Zaheerabad,1198,Zaheerabad,16,Green Gram,16,Common,0.0,47.0,4242.0,8022.0,7023.0,0.0,0.0
2024-10-03 00:00:00+05:30,325,Hyderabad,6,Madannapeta,114,Tomato,114,Common,0.0,217.0,4000.0,7200.0,5600.0,0.0,0.0
2024-10-03 00:00:00+05:30,325,Hyderabad,5,Mahabubmansion,55,Onions,217,No.I,0.0,8399.0,3500.0,4200.0,4000.0,0.0,0.0
2024-10-03 00:00:00+05:30,323,Gaddiannaram,2,L.B Nagar,112,Ladys Finger,112,Common,0.0,68.0,2000.0,2500.0,2200.0,0.0,0.0
2024-10-03 00:00:00+05:30,323,Gaddiannaram,1,Gaddiannaram,81,Grapes,296,Black,0.0,70.0,1500.0,6250.0,2500.0,0.0,0.0
2024-10-03 00:00:00+05:30,324,Bowenpally,3,Bowenpally,108,Yam,108,Common,0.0,68.0,2500.0,5000.0,4200.0,0.0,0.0
2024-10-01 00:00:00+05:30,292,Zaheerabad,1198,Zaheerabad,16,Green Gram,16,Common,0.0,76.0,3050.0,8022.0,6650.0,0.0,0.0
2024-10-01 00:00:00+05:30,256,Khammam,1067,Khammam,25,Cotton,25,Common,0.0,535.0,5000.0,7111.0,6700.0,0.0,0.0
2024-10-02 00:00:00+05:30,323,Gaddiannaram,1,Gaddiannaram,81,Grapes,296,Black,0.0,225.0,1500.0,6250.0,2500.0,0.0,0.0
2024-10-01 00:00:00+05:30,325,Hyderabad,6,Madannapeta,114,Tomato,114,Common,0.0,195.0,3200.0,5600.0,4000.0,0.0,0.0
2024-10-01 00:00:00+05:30,323,Gaddiannaram,2,L.B Nagar,112,Ladys Finger,112,Common,0.0,102.0,2000.0,2500.0,2200.0,0.0,0.0
2024-10-01 00:00:00+05:30,325,Hyderabad,5,Mahabubmansion,55,Onions,217,No.I,0.0,7513.0,3500.0,4500.0,4200.0,0.0,0.0
2024-10-01 00:00:00+05:30,323,Gaddiannaram,1,Gaddiannaram,81,Grapes,296,Black,0.0,80.0,1500.0,6250.0,2500.0,0.0,0.0
2024-10-01 00:00:00+05:30,324,Bowenpally,3,Bowenpally,108,Yam,108,Common,0.0,120.0,1500.0,5000.0,4000.0,0.0,0.0
2024-10-31 00:00:00+05:30,325,Hyderabad,6,Madannapeta,114,Tomato,114,Common,0.0,225.0,1200.0,3200.0,2200.0,0.0,0.0
2024-10-31 00:00:00+05:30,281,Venkateshwar Nagar,1106,V Nagar,101,Beet Root,101,Common,0.0,2.0,30.0,30.0,30.0,0.0,0.0
2024-10-31 00:00:00+05:30,319,Shankerpally,40,Shankerpally,105,Potato,105,Common,0.0,2.5,3000.0,3000.0,3000.0,0.0,0.0
2024-10-31 00:00:00+05:30,323,Gaddiannaram,2,L.B Nagar,112,Ladys Finger,112,Common,0.0,81.0,4000.0,5000.0,4500.0,0.0,0.0
2024-10-31 00:00:00+05:30,323,Gaddiannaram,1,Gaddiannaram,81,Grapes,296,Black,0.0,26.0,1500.0,6250.0,2500.0,0.0,0.0
2024-10-31 00:00:00+05:30,324,Bowenpally,3,Bowenpally,108,Yam,108,Common,0.0,37.0,1500.0,6000.0,5000.0,0.0,0.0
2024-10-30 00:00:00+05:30,367,Gudimalkapur,1571,Gudumalkapur,108,Yam,108,Common,0.0,5.0,2500.0,2500.0,2500.0,0.0,0.0
2024-10-30 00:00:00+05:30,325,Hyderabad,6,Madannapeta,114,Tomato,114,Common,0.0,198.0,1600.0,3200.0,3000.0,0.0,0.0
2024-10-30 00:00:00+05:30,325,Hyderabad,5,Mahabubmansion,55,Onions,217,No.I,0.0,8303.0,4100.0,4600.0,4400.0,0.0,0.0
2024-10-30 00:00:00+05:30,324,Bowenpally,3,Bowenpally,108,Yam,108,Common,0.0,83.0,3000.0,6000.0,5000.0,0.0,0.0
2024-10-30 00:00:00+05:30,256,Khammam,1067,Khammam,25,Cotton,25,Common,0.0,4177.0,6000.0,6850.0,6600.0,0.0,0.0
2024-10-30 00:00:00+05:30,323,Gaddiannaram,2,L.B Nagar,112,Ladys Finger,112,Common,0.0,70.0,4000.0,5000.0,4500.0,0.0,0.0
2024-10-30 00:00:00+05:30,323,Gaddiannaram,1,Gaddiannaram,81,Grapes,296,Black,0.0,154.0,1500.0,6250.0,2500.0,0.0,0.0
2024-10-29 00:00:00+05:30,367,Gudimalkapur,1571,Gudumalkapur,108,Yam,108,Common,0.0,6.0,2000.0,2000.0,2000.0,0.0,0.0
2024-10-29 00:00:00+05:30,256,Khammam,1067,Khammam,25,Cotton,25,Common,0.0,6436.0,6000.0,6800.0,6600.0,0.0,0.0
2024-10-29 00:00:00+05:30,281,Venkateshwar Nagar,1106,V Nagar,101,Beet Root,101,Common,0.0,5.0,30.0,30.0,30.0,0.0,0.0
2024-10-29 00:00:00+05:30,325,Hyderabad,5,Mahabubmansion,55,Onions,217,No.I,0.0,7389.0,4000.0,4600.0,4200.0,0.0,0.0
2024-10-29 00:00:00+05:30,325,Hyderabad,6,Madannapeta,114,Tomato,114,Common,0.0,182.0,1600.0,3200.0,2400.0,0.0,0.0
2024-10-29 00:00:00+05:30,323,Gaddiannaram,2,L.B Nagar,112,Ladys Finger,112,Common,0.0,92.0,4000.0,5000.0,4500.0,0.0,0.0
2024-10-29 00:00:00+05:30,323,Gaddiannaram,1,Gaddiannaram,81,Grapes,296,Black,0.0,242.0,1500.0,4500.0,2000.0,0.0,0.0
2024-10-29 00:00:00+05:30,324,Bowenpally,3,Bowenpally,108,Yam,108,Common,0.0,70.0,3000.0,6000.0,5000.0,0.0,0.0
2024-10-28 00:00:00+05:30,367,Gudimalkapur,1571,Gudumalkapur,108,Yam,108,Common,0.0,8.0,2000.0,2000.0,2000.0,0.0,0.0
2024-10-28 00:00:00+05:30,292,Zaheerabad,1198,Zaheerabad,16,Green Gram,16,Common,0.0,34.5,2653.0,7609.0,7341.0,0.0,0.0
2024-10-28 00:00:00+05:30,256,Khammam,1067,Khammam,25,Cotton,25,Common,0.0,12083.0,5900.0,6800.0,6600.0,0.0,0.0
2024-10-28 00:00:00+05:30,325,Hyderabad,5,Mahabubmansion,55,Onions,217,No.I,0.0,7004.0,4100.0,4800.0,4400.0,0.0,0.0
2024-10-28 00:00:00+05:30,325,Hyderabad,6,Madannapeta,114,Tomato,114,Common,0.0,150.0,2400.0,3200.0,2800.0,0.0,0.0
2024-10-28 00:00:00+05:30,324,Bowenpally,3,Bowenpally,108,Yam,108,Common,0.0,67.0,2000.0,6000.0,5000.0,0.0,0.0
2024-10-28 00:00:00+05:30,323,Gaddiannaram,2,L.B Nagar,112,Ladys Finger,112,Common,0.0,72.0,4000.0,5000.0,4500.0,0.0,0.0
2024-10-28 00:00:00+05:30,323,Gaddiannaram,1,Gaddiannaram,81,Grapes,296,Black,0.0,145.0,1500.0,6250.0,2500.0,0.0,0.0
2024-10-27 00:00:00+05:30,323,Gaddiannaram,2,L.B Nagar,112,Ladys Finger,112,Common,0.0,60.0,3000.0,4000.0,3500.0,0.0,0.0
2024-10-27 00:00:00+05:30,325,Hyderabad,6,Madannapeta,114,Tomato,114,Common,0.0,152.0,2000.0,3200.0,2600.0,0.0,0.0
2024-10-27 00:00:00+05:30,323,Gaddiannaram,1,Gaddiannaram,81,Grapes,296,Black,0.0,21.0,1500.0,6250.0,2500.0,0.0,0.0
2024-10-27 00:00:00+05:30,324,Bowenpally,3,Bowenpally,108,Yam,108,Common,0.0,39.0,3000.0,6000.0,5000.0,0.0,0.0
2024-10-27 00:00:00+05:30,303,Kalwakurthy,1340,Kalwakurthy,98,Cabbage,98,Common,0.0,3.0,2500.0,3000.0,2750.0,0.0,0.0
2024-10-01 00:00:00+05:30,324,Bowenpally,3,Bowenpally,110,Green Onion,110,Common,0.0,26.0,1000.0,5000.0,4000.0,0.0,0.0
2024-10-01 00:00:00+05:30,325,Hyderabad,5,Mahabubmansion,55,Onions,218,No.II,0.0,11269.0,800.0,3400.0,2500.0,0.0,0.0
2024-10-01 00:00:00+05:30,323,Gaddiannaram,2,L.B Nagar,113,Green Chillies,113,Common,0.0,278.0,1000.0,2000.0,1500.0,0.0,0.0
2024-10-01 00:00:00+05:30,325,Hyderabad,6,Madannapeta,116,French Beans,116,Common,0.0,5.0,6000.0,7500.0,6500.0,0.0,0.0
2024-10-01 00:00:00+05:30,188,Bhainsa,11,Bhainsa,32,Gingelly,32,Common,0.0,80.48,10225.0,12173.0,12153.0,0.0,0.0
2024-10-02 00:00:00+05:30,323,Gaddiannaram,1,Gaddiannaram,81,Grapes,297,White,0.0,1.0,12500.0,18750.0,15000.0,0.0,0.0
2024-10-01 00:00:00+05:30,281,Venkateshwar Nagar,1106,V Nagar,103,Carrot,103,Common,0.0,2.0,30.0,30.0,30.0,0.0,0.0
2024-10-01 00:00:00+05:30,212,Choppadandi,1123,Choppadandi,5,Maize,5,Common,0.0,655.0,2155.0,2511.0,2339.0,0.0,0.0
2024-10-01 00:00:00+05:30,367,Gudimalkapur,1571,Gudumalkapur,110,Green Onion,110,Common,0.0,1.0,3000.0,3000.0,3000.0,0.0,0.0
2024-10-03 00:00:00+05:30,324,Bowenpally,3,Bowenpally,110,Green Onion,110,Common,0.0,27.0,1000.0,5000.0,4000.0,0.0,0.0
2024-10-03 00:00:00+05:30,323,Gaddiannaram,1,Gaddiannaram,81,Grapes,297,White,0.0,4.0,12500.0,18750.0,15000.0,0.0,0.0
2024-10-03 00:00:00+05:30,325,Hyderabad,5,Mahabubmansion,55,Onions,218,No.II,0.0,12598.0,800.0,3100.0,2400.0,0.0,0.0
2024-10-03 00:00:00+05:30,325,Hyderabad,6,Madannapeta,116,French Beans,116,Common,0.0,5.0,8000.0,10000.0,9000.0,0.0,0.0
2024-10-03 00:00:00+05:30,246,Warangal,886,Warangal,6,Jowar,232,Yellow,0.0,4.72,1812.0,4621.0,1812.0,0.0,0.0
2024-10-03 00:00:00+05:30,212,Choppadandi,1123,Choppadandi,5,Maize,5,Common,0.0,842.0,2178.0,2519.0,2355.0,0.0,0.0
2024-10-03 00:00:00+05:30,188,Bhainsa,11,Bhainsa,32,Gingelly,32,Common,0.0,24.67,12012.0,12192.0,12192.0,0.0,0.0
2024-10-03 00:00:00+05:30,367,Gudimalkapur,1571,Gudumalkapur,110,Green Onion,110,Common,0.0,1.0,3000.0,3000.0,3000.0,0.0,0.0
2024-10-03 00:00:00+05:30,290,Siddipet,1193,Siddipet,5,Maize,5,Common,0.0,1503.41,2222.0,2441.0,2348.0,0.0,0.0
2024-10-03 00:00:00+05:30,296,Achampet,1337,Achampet,220,Bazra,246,common,0.0,1.0,2322.0,2322.0,2322.0,0.0,0.0
2024-10-04 00:00:00+05:30,323,Gaddiannaram,2,L.B Nagar,113,Green Chillies,113,Common,0.0,177.0,1500.0,2500.0,2000.0,0.0,0.0
2024-10-04 00:00:00+05:30,251,Burgampahad,1068,Burgampadu,73,Eucalyptus,73,Common,0.0,330544.0,420.0,440.0,390.0,0.0,0.0
2024-10-04 00:00:00+05:30,188,Bhainsa,11,Bhainsa,32,Gingelly,32,Common,0.0,38.34,11612.0,12222.0,12189.0,0.0,0.0
2024-10-04 00:00:00+05:30,324,Bowenpally,3,Bowenpally,110,Green Onion,110,Common,0.0,29.0,1500.0,5000.0,4500.0,0.0,0.0
2024-10-04 00:00:00+05:30,325,Hyderabad,5,Mahabubmansion,55,Onions,218,No.II,0.0,8655.0,800.0,3200.0,2400.0,0.0,0.0
2024-10-04 00:00:00+05:30,325,Hyderabad,6,Madannapeta,116,French Beans,116,Common,0.0,2.0,8000.0,10000.0,9000.0,0.0,0.0
2024-10-04 00:00:00+05:30,290,Siddipet,1193,Siddipet,5,Maize,5,Common,0.0,2112.69,2197.0,2435.0,2321.0,0.0,0.0
2024-10-04 00:00:00+05:30,212,Choppadandi,1123,Choppadandi,5,Maize,5,Common,0.0,764.0,2178.0,2397.0,2339.0,0.0,0.0
2024-10-04 00:00:00+05:30,281,Venkateshwar Nagar,1106,V Nagar,103,Carrot,103,Common,0.0,1.0,30.0,30.0,30.0,0.0,0.0
2024-10-04 00:00:00+05:30,278,Suryapet,1091,Suryapet,15,Red Gram,15,Common,0.0,18.0,4088.0,9260.0,9260.0,0.0,0.0
2024-10-05 00:00:00+05:30,324,Bowenpally,3,Bowenpally,110,Green Onion,110,Common,0.0,17.0,1500.0,5000.0,4000.0,0.0,0.0
2024-10-05 00:00:00+05:30,323,Gaddiannaram,1,Gaddiannaram,81,Grapes,297,White,0.0,5.0,12500.0,18750.0,15000.0,0.0,0.0
2024-10-05 00:00:00+05:30,325,Hyderabad,5,Mahabubmansion,55,Onions,218,No.II,0.0,7685.0,800.0,3300.0,2400.0,0.0,0.0
2024-10-05 00:00:00+05:30,325,Hyderabad,6,Madannapeta,116,French Beans,116,Common,0.0,8.0,8000.0,10000.0,9000.0,0.0,0.0
2024-10-05 00:00:00+05:30,323,Gaddiannaram,2,L.B Nagar,113,Green Chillies,113,Common,0.0,273.0,1500.0,2500.0,2000.0,0.0,0.0
2024-10-05 00:00:00+05:30,212,Choppadandi,1123,Choppadandi,5,Maize,5,Common,0.0,1074.0,2255.0,2466.0,2386.0,0.0,0.0
2024-10-05 00:00:00+05:30,281,Venkateshwar Nagar,1106,V Nagar,103,Carrot,103,Common,0.0,1.0,30.0,30.0,30.0,0.0,0.0
2024-10-05 00:00:00+05:30,188,Bhainsa,11,Bhainsa,32,Gingelly,32,Common,0.0,20.59,11006.0,12309.0,12077.0,0.0,0.0
2024-10-05 00:00:00+05:30,278,Suryapet,1091,Suryapet,15,Red Gram,15,Common,0.0,8.0,3088.0,8694.0,8694.0,0.0,0.0
2024-10-06 00:00:00+05:30,323,Gaddiannaram,2,L.B Nagar,113,Green Chillies,113,Common,0.0,251.0,1000.0,2500.0,1500.0,0.0,0.0
2024-10-06 00:00:00+05:30,324,Bowenpally,3,Bowenpally,110,Green Onion,110,Common,0.0,38.0,2000.0,5000.0,4000.0,0.0,0.0
2024-10-06 00:00:00+05:30,325,Hyderabad,6,Madannapeta,116,French Beans,116,Common,0.0,2.0,8000.0,10000.0,9000.0,0.0,0.0
2024-10-07 00:00:00+05:30,324,Bowenpally,3,Bowenpally,110,Green Onion,110,Common,0.0,33.0,1000.0,4500.0,3500.0,0.0,0.0
2024-10-07 00:00:00+05:30,325,Hyderabad,5,Mahabubmansion,55,Onions,218,No.II,0.0,8183.0,800.0,3600.0,2500.0,0.0,0.0
2024-10-07 00:00:00+05:30,323,Gaddiannaram,2,L.B Nagar,113,Green Chillies,113,Common,0.0,205.0,1000.0,2500.0,1500.0,0.0,0.0
2024-10-07 00:00:00+05:30,325,Hyderabad,6,Madannapeta,116,French Beans,116,Common,0.0,6.0,4000.0,6000.0,5000.0,0.0,0.0
2024-10-07 00:00:00+05:30,188,Bhainsa,11,Bhainsa,32,Gingelly,32,Common,0.0,31.12,11633.0,12036.0,11739.0,0.0,0.0
2024-10-07 00:00:00+05:30,290,Siddipet,1193,Siddipet,5,Maize,5,Common,0.0,1947.0,2001.0,2435.0,2251.0,0.0,0.0
2024-10-07 00:00:00+05:30,278,Suryapet,1091,Suryapet,15,Red Gram,15,Common,0.0,18.0,5796.0,9392.0,7619.0,0.0,0.0
2024-10-07 00:00:00+05:30,212,Choppadandi,1123,Choppadandi,5,Maize,5,Common,0.0,1366.0,2277.0,2447.0,2369.0,0.0,0.0
2024-10-08 00:00:00+05:30,323,Gaddiannaram,2,L.B Nagar,113,Green Chillies,113,Common,0.0,175.0,1000.0,2500.0,1500.0,0.0,0.0
2024-10-08 00:00:00+05:30,325,Hyderabad,5,Mahabubmansion,55,Onions,218,No.II,0.0,7164.0,800.0,3700.0,2500.0,0.0,0.0
2024-10-08 00:00:00+05:30,325,Hyderabad,6,Madannapeta,116,French Beans,116,Common,0.0,3.0,6000.0,6000.0,6000.0,0.0,0.0
2024-10-08 00:00:00+05:30,212,Choppadandi,1123,Choppadandi,5,Maize,5,Common,0.0,1116.0,2222.0,2459.0,2389.0,0.0,0.0
2024-10-08 00:00:00+05:30,290,Siddipet,1193,Siddipet,5,Maize,5,Common,0.0,2277.0,2301.0,2402.0,2001.0,0.0,0.0
2024-10-09 00:00:00+05:30,323,Gaddiannaram,1,Gaddiannaram,81,Grapes,297,White,0.0,2.0,12500.0,18750.0,15000.0,0.0,0.0
2024-10-09 00:00:00+05:30,323,Gaddiannaram,2,L.B Nagar,113,Green Chillies,113,Common,0.0,155.0,1000.0,2500.0,1500.0,0.0,0.0
2024-10-08 00:00:00+05:30,331,Vantimamidi,1612,Vantimamidi,110,Green Onion,110,Common,0.0,1.0,3000.0,3000.0,3000.0,0.0,0.0
2024-10-08 00:00:00+05:30,367,Gudimalkapur,1571,Gudumalkapur,110,Green Onion,110,Common,0.0,2.0,3000.0,4000.0,3000.0,0.0,0.0
2024-10-09 00:00:00+05:30,325,Hyderabad,6,Madannapeta,116,French Beans,116,Common,0.0,3.0,9000.0,9000.0,9000.0,0.0,0.0
2024-10-09 00:00:00+05:30,325,Hyderabad,5,Mahabubmansion,55,Onions,218,No.II,0.0,6483.0,800.0,3600.0,2500.0,0.0,0.0
2024-10-09 00:00:00+05:30,188,Bhainsa,11,Bhainsa,32,Gingelly,32,Common,0.0,53.2,11522.0,12169.0,11819.0,0.0,0.0
2024-10-09 00:00:00+05:30,367,Gudimalkapur,1571,Gudumalkapur,110,Green Onion,110,Common,0.0,3.0,3000.0,3000.0,3000.0,0.0,0.0
2024-10-09 00:00:00+05:30,303,Kalwakurthy,1340,Kalwakurthy,105,Potato,105,Common,0.0,2.0,3800.0,3800.0,3800.0,0.0,0.0
2024-10-09 00:00:00+05:30,290,Siddipet,1193,Siddipet,5,Maize,5,Common,0.0,1680.25,2021.0,2365.0,2255.0,0.0,0.0
2024-10-10 00:00:00+05:30,325,Hyderabad,5,Mahabubmansion,55,Onions,218,No.II,0.0,9989.0,800.0,3600.0,2400.0,0.0,0.0
2024-10-10 00:00:00+05:30,323,Gaddiannaram,2,L.B Nagar,113,Green Chillies,113,Common,0.0,149.0,1500.0,2500.0,2000.0,0.0,0.0
2024-10-10 00:00:00+05:30,281,Venkateshwar Nagar,1106,V Nagar,103,Carrot,103,Common,0.0,1.0,30.0,30.0,30.0,0.0,0.0
2024-10-10 00:00:00+05:30,188,Bhainsa,11,Bhainsa,32,Gingelly,32,Common,0.0,31.62,11387.0,11987.0,11987.0,0.0,0.0
2024-10-10 00:00:00+05:30,367,Gudimalkapur,1571,Gudumalkapur,110,Green Onion,110,Common,0.0,2.0,3000.0,3000.0,3000.0,0.0,0.0
2024-10-11 00:00:00+05:30,324,Bowenpally,3,Bowenpally,110,Green Onion,110,Common,0.0,14.0,3000.0,5500.0,5000.0,0.0,0.0
2024-10-11 00:00:00+05:30,325,Hyderabad,6,Madannapeta,116,French Beans,116,Common,0.0,1.0,12000.0,12000.0,12000.0,0.0,0.0
2024-10-11 00:00:00+05:30,323,Gaddiannaram,2,L.B Nagar,113,Green Chillies,113,Common,0.0,173.0,1500.0,2500.0,2000.0,0.0,0.0
2024-10-11 00:00:00+05:30,325,Hyderabad,5,Mahabubmansion,55,Onions,218,No.II,0.0,8867.0,800.0,3700.0,2500.0,0.0,0.0
2024-10-11 00:00:00+05:30,281,Venkateshwar Nagar,1106,V Nagar,103,Carrot,103,Common,0.0,1.0,30.0,30.0,30.0,0.0,0.0
2024-10-11 00:00:00+05:30,303,Kalwakurthy,1340,Kalwakurthy,105,Potato,105,Common,0.0,2.0,3800.0,3800.0,3800.0,0.0,0.0
2024-10-12 00:00:00+05:30,323,Gaddiannaram,2,L.B Nagar,113,Green Chillies,113,Common,0.0,99.0,2500.0,3500.0,3000.0,0.0,0.0
2024-10-12 00:00:00+05:30,324,Bowenpally,3,Bowenpally,110,Green Onion,110,Common,0.0,2.0,1500.0,8000.0,6000.0,0.0,0.0
2024-10-13 00:00:00+05:30,325,Hyderabad,6,Madannapeta,116,French Beans,116,Common,0.0,2.0,9000.0,10000.0,8000.0,0.0,0.0
2024-10-13 00:00:00+05:30,324,Bowenpally,3,Bowenpally,110,Green Onion,110,Common,0.0,5.0,3000.0,8000.0,6500.0,0.0,0.0
2024-10-13 00:00:00+05:30,303,Kalwakurthy,1340,Kalwakurthy,105,Potato,105,Common,0.0,2.0,3800.0,4000.0,3900.0,0.0,0.0
2024-10-14 00:00:00+05:30,324,Bowenpally,3,Bowenpally,110,Green Onion,110,Common,0.0,24.0,1500.0,6000.0,5000.0,0.0,0.0
2024-10-14 00:00:00+05:30,325,Hyderabad,6,Madannapeta,116,French Beans,116,Common,0.0,1.0,10000.0,10000.0,10000.0,0.0,0.0
2024-10-14 00:00:00+05:30,188,Bhainsa,11,Bhainsa,32,Gingelly,32,Common,0.0,49.06,11111.0,11896.0,11896.0,0.0,0.0
2024-10-14 00:00:00+05:30,325,Hyderabad,5,Mahabubmansion,55,Onions,218,No.II,0.0,4305.0,800.0,3600.0,1800.0,0.0,0.0
2024-10-14 00:00:00+05:30,323,Gaddiannaram,2,L.B Nagar,113,Green Chillies,113,Common,0.0,165.0,1500.0,2500.0,2000.0,0.0,0.0
2024-10-14 00:00:00+05:30,331,Vantimamidi,1612,Vantimamidi,110,Green Onion,110,Common,0.0,5.0,2500.0,2500.0,2500.0,0.0,0.0
2024-10-14 00:00:00+05:30,290,Siddipet,1193,Siddipet,5,Maize,5,Common,0.0,1922.34,2105.0,2345.0,2291.0,0.0,0.0
2024-10-14 00:00:00+05:30,212,Choppadandi,1123,Choppadandi,5,Maize,5,Common,0.0,1293.0,2188.0,2430.0,2358.0,0.0,0.0
2024-10-15 00:00:00+05:30,325,Hyderabad,5,Mahabubmansion,55,Onions,218,No.II,0.0,4908.0,800.0,3600.0,2500.0,0.0,0.0
2024-10-15 00:00:00+05:30,325,Hyderabad,6,Madannapeta,116,French Beans,116,Common,0.0,3.0,9000.0,10000.0,9500.0,0.0,0.0
2024-10-15 00:00:00+05:30,324,Bowenpally,3,Bowenpally,110,Green Onion,110,Common,0.0,30.0,1500.0,5000.0,4500.0,0.0,0.0
2024-10-15 00:00:00+05:30,323,Gaddiannaram,1,Gaddiannaram,81,Grapes,297,White,0.0,15.0,12500.0,18750.0,15000.0,0.0,0.0
2024-10-15 00:00:00+05:30,323,Gaddiannaram,2,L.B Nagar,113,Green Chillies,113,Common,0.0,226.0,2500.0,4000.0,3200.0,0.0,0.0
2024-10-15 00:00:00+05:30,278,Suryapet,1091,Suryapet,15,Red Gram,15,Common,0.0,11.0,3849.0,7219.0,6309.0,0.0,0.0
2024-10-15 00:00:00+05:30,188,Bhainsa,11,Bhainsa,32,Gingelly,32,Common,0.0,14.4,8187.0,11587.0,11313.0,0.0,0.0
2024-10-15 00:00:00+05:30,290,Siddipet,1193,Siddipet,5,Maize,5,Common,0.0,2057.52,2103.0,2328.0,2251.0,0.0,0.0
2024-10-15 00:00:00+05:30,212,Choppadandi,1123,Choppadandi,5,Maize,5,Common,0.0,1191.0,2223.0,2463.0,2369.0,0.0,0.0
2024-10-16 00:00:00+05:30,323,Gaddiannaram,2,L.B Nagar,113,Green Chillies,113,Common,0.0,243.0,3000.0,4000.0,3500.0,0.0,0.0
2024-10-15 00:00:00+05:30,377,Maddulapally,1724,Maddulapally,54,Chillies(Dry),268,Talu,0.0,250.0,13000.0,18000.0,13000.0,0.0,0.0
2024-10-15 00:00:00+05:30,303,Kalwakurthy,1340,Kalwakurthy,105,Potato,105,Common,0.0,2.0,4000.0,4000.0,4000.0,0.0,0.0
2024-10-15 00:00:00+05:30,331,Vantimamidi,1612,Vantimamidi,110,Green Onion,110,Common,0.0,1.0,2500.0,2500.0,2500.0,0.0,0.0
2024-10-16 00:00:00+05:30,188,Bhainsa,11,Bhainsa,32,Gingelly,32,Common,0.0,16.76,11411.0,11689.0,11689.0,0.0,0.0
2024-10-16 00:00:00+05:30,325,Hyderabad,6,Madannapeta,116,French Beans,116,Common,0.0,2.0,10000.0,12000.0,11000.0,0.0,0.0
2024-10-16 00:00:00+05:30,323,Gaddiannaram,1,Gaddiannaram,81,Grapes,297,White,0.0,1.0,12500.0,18750.0,15000.0,0.0,0.0
2024-10-16 00:00:00+05:30,325,Hyderabad,5,Mahabubmansion,55,Onions,218,No.II,0.0,4954.0,800.0,3600.0,2500.0,0.0,0.0
2024-10-16 00:00:00+05:30,324,Bowenpally,3,Bowenpally,110,Green Onion,110,Common,0.0,27.0,2000.0,4000.0,3000.0,0.0,0.0
2024-10-16 00:00:00+05:30,212,Choppadandi,1123,Choppadandi,5,Maize,5,Common,0.0,1122.0,2192.0,2479.0,2339.0,0.0,0.0
2024-10-16 00:00:00+05:30,278,Suryapet,1091,Suryapet,15,Red Gram,15,Common,0.0,40.0,4389.0,8087.0,5619.0,0.0,0.0
2024-10-16 00:00:00+05:30,367,Gudimalkapur,1571,Gudumalkapur,110,Green Onion,110,Common,0.0,7.0,2000.0,3000.0,2000.0,0.0,0.0
2024-10-16 00:00:00+05:30,290,Siddipet,1193,Siddipet,5,Maize,5,Common,0.0,1582.37,2155.0,2348.0,2251.0,0.0,0.0
2024-10-16 00:00:00+05:30,308,Nagarkurnool,1334,Nagarkurnool,17,Black Gram,17,Common,0.0,11.5,5704.0,7621.0,5704.0,0.0,0.0
2024-10-17 00:00:00+05:30,323,Gaddiannaram,1,Gaddiannaram,81,Grapes,297,White,0.0,13.0,12500.0,18750.0,15000.0,0.0,0.0
2024-10-16 00:00:00+05:30,303,Kalwakurthy,1340,Kalwakurthy,105,Potato,105,Common,0.0,2.0,3500.0,3800.0,3650.0,0.0,0.0
2024-10-16 00:00:00+05:30,331,Vantimamidi,1612,Vantimamidi,110,Green Onion,110,Common,0.0,7.0,3000.0,3000.0,3000.0,0.0,0.0
2024-10-17 00:00:00+05:30,324,Bowenpally,3,Bowenpally,110,Green Onion,110,Common,0.0,19.0,2000.0,4000.0,3500.0,0.0,0.0
2024-10-17 00:00:00+05:30,325,Hyderabad,6,Madannapeta,116,French Beans,116,Common,0.0,1.0,10000.0,10000.0,10000.0,0.0,0.0
2024-10-17 00:00:00+05:30,323,Gaddiannaram,2,L.B Nagar,113,Green Chillies,113,Common,0.0,160.0,3000.0,3500.0,3200.0,0.0,0.0
2024-10-17 00:00:00+05:30,325,Hyderabad,5,Mahabubmansion,55,Onions,218,No.II,0.0,4888.0,800.0,4000.0,2800.0,0.0,0.0
2024-10-17 00:00:00+05:30,188,Bhainsa,11,Bhainsa,32,Gingelly,32,Common,0.0,29.48,9887.0,11314.0,11311.0,0.0,0.0
2024-10-17 00:00:00+05:30,212,Choppadandi,1123,Choppadandi,5,Maize,5,Common,0.0,1275.0,2211.0,2412.0,2390.0,0.0,0.0
2024-10-17 00:00:00+05:30,278,Suryapet,1091,Suryapet,15,Red Gram,15,Common,0.0,5.0,3695.0,7695.0,4058.0,0.0,0.0
2024-10-18 00:00:00+05:30,323,Gaddiannaram,1,Gaddiannaram,81,Grapes,297,White,0.0,4.0,12500.0,18750.0,15000.0,0.0,0.0
2024-10-17 00:00:00+05:30,331,Vantimamidi,1612,Vantimamidi,110,Green Onion,110,Common,0.0,8.0,2500.0,3000.0,2750.0,0.0,0.0
2024-10-17 00:00:00+05:30,303,Kalwakurthy,1340,Kalwakurthy,105,Potato,105,Common,0.0,2.0,3400.0,3500.0,3450.0,0.0,0.0
2024-10-17 00:00:00+05:30,367,Gudimalkapur,1571,Gudumalkapur,110,Green Onion,110,Common,0.0,3.0,2000.0,3000.0,2000.0,0.0,0.0
2024-10-18 00:00:00+05:30,324,Bowenpally,3,Bowenpally,110,Green Onion,110,Common,0.0,44.0,1000.0,3000.0,2500.0,0.0,0.0
2024-10-18 00:00:00+05:30,323,Gaddiannaram,2,L.B Nagar,113,Green Chillies,113,Common,0.0,300.0,3000.0,3500.0,3200.0,0.0,0.0
2024-10-18 00:00:00+05:30,325,Hyderabad,5,Mahabubmansion,55,Onions,218,No.II,0.0,6361.0,800.0,4300.0,2800.0,0.0,0.0
2024-10-17 00:00:00+05:30,290,Siddipet,1193,Siddipet,5,Maize,5,Common,0.0,1384.3,2195.0,2353.0,2281.0,0.0,0.0
2024-10-18 00:00:00+05:30,325,Hyderabad,6,Madannapeta,116,French Beans,116,Common,0.0,2.0,10000.0,10000.0,10000.0,0.0,0.0
2024-10-18 00:00:00+05:30,188,Bhainsa,11,Bhainsa,32,Gingelly,32,Common,0.0,15.91,10819.0,11269.0,11211.0,0.0,0.0
2024-10-18 00:00:00+05:30,212,Choppadandi,1123,Choppadandi,5,Maize,5,Common,0.0,378.0,2259.0,2448.0,2304.0,0.0,0.0
2024-10-18 00:00:00+05:30,367,Gudimalkapur,1571,Gudumalkapur,110,Green Onion,110,Common,0.0,7.0,3000.0,3000.0,3000.0,0.0,0.0
2024-10-19 00:00:00+05:30,323,Gaddiannaram,1,Gaddiannaram,81,Grapes,297,White,0.0,3.0,12500.0,18750.0,15000.0,0.0,0.0
2024-10-18 00:00:00+05:30,331,Vantimamidi,1612,Vantimamidi,110,Green Onion,110,Common,0.0,6.0,2000.0,3000.0,2500.0,0.0,0.0
2024-10-19 00:00:00+05:30,324,Bowenpally,3,Bowenpally,110,Green Onion,110,Common,0.0,38.0,1000.0,4000.0,3000.0,0.0,0.0
2024-10-19 00:00:00+05:30,325,Hyderabad,6,Madannapeta,116,French Beans,116,Common,0.0,3.0,10000.0,10000.0,10000.0,0.0,0.0
2024-10-19 00:00:00+05:30,323,Gaddiannaram,2,L.B Nagar,113,Green Chillies,113,Common,0.0,258.0,3000.0,3500.0,3200.0,0.0,0.0
2024-10-19 00:00:00+05:30,325,Hyderabad,5,Mahabubmansion,55,Onions,218,No.II,0.0,5962.0,800.0,3600.0,2600.0,0.0,0.0
2024-10-18 00:00:00+05:30,290,Siddipet,1193,Siddipet,5,Maize,5,Common,0.0,764.46,2311.0,2366.0,2251.0,0.0,0.0
2024-10-19 00:00:00+05:30,212,Choppadandi,1123,Choppadandi,5,Maize,5,Common,0.0,592.0,2155.0,2484.0,2319.0,0.0,0.0
2024-10-19 00:00:00+05:30,188,Bhainsa,11,Bhainsa,32,Gingelly,32,Common,0.0,1.3,10887.0,11119.0,11119.0,0.0,0.0
2024-10-19 00:00:00+05:30,278,Suryapet,1091,Suryapet,15,Red Gram,15,Common,0.0,16.0,6093.0,8088.0,6139.0,0.0,0.0
2024-10-19 00:00:00+05:30,367,Gudimalkapur,1571,Gudumalkapur,110,Green Onion,110,Common,0.0,6.0,2000.0,3000.0,2000.0,0.0,0.0
2024-10-20 00:00:00+05:30,324,Bowenpally,3,Bowenpally,110,Green Onion,110,Common,0.0,32.0,2000.0,4500.0,4000.0,0.0,0.0
2024-10-19 00:00:00+05:30,290,Siddipet,1193,Siddipet,5,Maize,5,Common,0.0,1795.7,2251.0,2382.0,2301.0,0.0,0.0
2024-10-19 00:00:00+05:30,303,Kalwakurthy,1340,Kalwakurthy,105,Potato,105,Common,0.0,1.0,3400.0,3400.0,3400.0,0.0,0.0
2024-10-19 00:00:00+05:30,331,Vantimamidi,1612,Vantimamidi,110,Green Onion,110,Common,0.0,8.0,3000.0,4000.0,3500.0,0.0,0.0
2024-10-20 00:00:00+05:30,325,Hyderabad,6,Madannapeta,116,French Beans,116,Common,0.0,2.0,10000.0,10000.0,10000.0,0.0,0.0
2024-10-20 00:00:00+05:30,323,Gaddiannaram,2,L.B Nagar,113,Green Chillies,113,Common,0.0,161.0,3000.0,3500.0,3200.0,0.0,0.0
2024-10-20 00:00:00+05:30,281,Venkateshwar Nagar,1106,V Nagar,103,Carrot,103,Common,0.0,1.0,30.0,30.0,30.0,0.0,0.0
2024-10-20 00:00:00+05:30,303,Kalwakurthy,1340,Kalwakurthy,105,Potato,105,Common,0.0,2.0,3000.0,3200.0,3100.0,0.0,0.0
2024-10-20 00:00:00+05:30,367,Gudimalkapur,1571,Gudumalkapur,110,Green Onion,110,Common,0.0,11.0,3000.0,3000.0,3000.0,0.0,0.0
2024-10-20 00:00:00+05:30,331,Vantimamidi,1612,Vantimamidi,110,Green Onion,110,Common,0.0,15.0,2500.0,3500.0,3000.0,0.0,0.0
2024-10-21 00:00:00+05:30,324,Bowenpally,3,Bowenpally,110,Green Onion,110,Common,0.0,51.0,4000.0,6000.0,5500.0,0.0,0.0
2024-10-21 00:00:00+05:30,323,Gaddiannaram,1,Gaddiannaram,81,Grapes,297,White,0.0,93.0,12500.0,18750.0,15000.0,0.0,0.0
2024-10-21 00:00:00+05:30,323,Gaddiannaram,2,L.B Nagar,113,Green Chillies,113,Common,0.0,225.0,2500.0,4000.0,3000.0,0.0,0.0
2024-10-21 00:00:00+05:30,325,Hyderabad,5,Mahabubmansion,55,Onions,218,No.II,0.0,7279.0,800.0,4300.0,2600.0,0.0,0.0
2024-10-21 00:00:00+05:30,325,Hyderabad,6,Madannapeta,116,French Beans,116,Common,0.0,1.0,10000.0,10000.0,10000.0,0.0,0.0
2024-10-21 00:00:00+05:30,278,Suryapet,1091,Suryapet,15,Red Gram,15,Common,0.0,79.0,5389.0,9144.0,7394.0,0.0,0.0
2024-10-21 00:00:00+05:30,367,Gudimalkapur,1571,Gudumalkapur,110,Green Onion,110,Common,0.0,8.0,2000.0,3000.0,2000.0,0.0,0.0
2024-10-21 00:00:00+05:30,290,Siddipet,1193,Siddipet,5,Maize,5,Common,0.0,1759.5,2111.0,2396.0,2311.0,0.0,0.0
2024-10-22 00:00:00+05:30,323,Gaddiannaram,2,L.B Nagar,113,Green Chillies,113,Common,0.0,191.0,3500.0,4000.0,3700.0,0.0,0.0
2024-10-21 00:00:00+05:30,331,Vantimamidi,1612,Vantimamidi,110,Green Onion,110,Common,0.0,12.0,2000.0,3000.0,2500.0,0.0,0.0
2024-10-22 00:00:00+05:30,325,Hyderabad,5,Mahabubmansion,55,Onions,218,No.II,0.0,6637.0,600.0,4300.0,2500.0,0.0,0.0
2024-10-22 00:00:00+05:30,325,Hyderabad,6,Madannapeta,116,French Beans,116,Common,0.0,5.0,10000.0,13000.0,11500.0,0.0,0.0
2024-10-22 00:00:00+05:30,324,Bowenpally,3,Bowenpally,110,Green Onion,110,Common,0.0,33.0,2000.0,4000.0,3500.0,0.0,0.0
2024-10-22 00:00:00+05:30,278,Suryapet,1091,Suryapet,15,Red Gram,15,Common,0.0,83.0,3200.0,6696.0,6222.0,0.0,0.0
2024-10-22 00:00:00+05:30,212,Choppadandi,1123,Choppadandi,5,Maize,5,Common,0.0,1508.0,2316.0,2556.0,2426.0,0.0,0.0
2024-10-22 00:00:00+05:30,281,Venkateshwar Nagar,1106,V Nagar,103,Carrot,103,Common,0.0,2.0,35.0,35.0,35.0,0.0,0.0
2024-10-22 00:00:00+05:30,290,Siddipet,1193,Siddipet,5,Maize,5,Common,0.0,2030.99,2355.0,2410.0,2255.0,0.0,0.0
2024-10-22 00:00:00+05:30,367,Gudimalkapur,1571,Gudumalkapur,110,Green Onion,110,Common,0.0,7.0,2500.0,3000.0,2500.0,0.0,0.0
2024-10-23 00:00:00+05:30,323,Gaddiannaram,2,L.B Nagar,113,Green Chillies,113,Common,0.0,257.0,3500.0,4500.0,4000.0,0.0,0.0
2024-10-22 00:00:00+05:30,331,Vantimamidi,1612,Vantimamidi,110,Green Onion,110,Common,0.0,14.0,2000.0,3500.0,2750.0,0.0,0.0
2024-10-23 00:00:00+05:30,323,Gaddiannaram,1,Gaddiannaram,81,Grapes,297,White,0.0,2.0,12500.0,18750.0,15000.0,0.0,0.0
2024-10-23 00:00:00+05:30,325,Hyderabad,6,Madannapeta,116,French Beans,116,Common,0.0,1.0,12000.0,12000.0,12000.0,0.0,0.0
2024-10-23 00:00:00+05:30,324,Bowenpally,3,Bowenpally,110,Green Onion,110,Common,0.0,25.0,2000.0,4500.0,4000.0,0.0,0.0
2024-10-23 00:00:00+05:30,325,Hyderabad,5,Mahabubmansion,55,Onions,218,No.II,0.0,6397.0,600.0,4000.0,2500.0,0.0,0.0
2024-10-23 00:00:00+05:30,281,Venkateshwar Nagar,1106,V Nagar,103,Carrot,103,Common,0.0,1.0,30.0,30.0,30.0,0.0,0.0
2024-10-23 00:00:00+05:30,278,Suryapet,1091,Suryapet,15,Red Gram,15,Common,0.0,17.0,3518.0,6509.0,6323.0,0.0,0.0
2024-10-23 00:00:00+05:30,212,Choppadandi,1123,Choppadandi,5,Maize,5,Common,0.0,941.0,2222.0,2601.0,2489.0,0.0,0.0
2024-10-23 00:00:00+05:30,290,Siddipet,1193,Siddipet,5,Maize,5,Common,0.0,1253.44,2251.0,2425.0,2361.0,0.0,0.0
2024-10-23 00:00:00+05:30,303,Kalwakurthy,1340,Kalwakurthy,105,Potato,105,Common,0.0,4.0,3500.0,3700.0,3600.0,0.0,0.0
2024-10-23 00:00:00+05:30,308,Nagarkurnool,1334,Nagarkurnool,17,Black Gram,17,Common,0.0,22.5,3535.0,4545.0,3535.0,0.0,0.0
2024-10-23 00:00:00+05:30,367,Gudimalkapur,1571,Gudumalkapur,110,Green Onion,110,Common,0.0,6.0,3000.0,3000.0,3000.0,0.0,0.0
2024-10-24 00:00:00+05:30,323,Gaddiannaram,1,Gaddiannaram,81,Grapes,297,White,0.0,1.0,12500.0,18750.0,15000.0,0.0,0.0
2024-10-23 00:00:00+05:30,331,Vantimamidi,1612,Vantimamidi,110,Green Onion,110,Common,0.0,7.0,3000.0,4000.0,3500.0,0.0,0.0
2024-10-24 00:00:00+05:30,324,Bowenpally,3,Bowenpally,110,Green Onion,110,Common,0.0,33.0,1000.0,5000.0,3500.0,0.0,0.0
2024-10-24 00:00:00+05:30,325,Hyderabad,5,Mahabubmansion,55,Onions,218,No.II,0.0,8620.0,600.0,4000.0,2500.0,0.0,0.0
2024-10-24 00:00:00+05:30,325,Hyderabad,6,Madannapeta,116,French Beans,116,Common,0.0,2.0,10000.0,10000.0,10000.0,0.0,0.0
2024-10-24 00:00:00+05:30,323,Gaddiannaram,2,L.B Nagar,113,Green Chillies,113,Common,0.0,228.0,3500.0,4500.0,4000.0,0.0,0.0
2024-10-24 00:00:00+05:30,212,Choppadandi,1123,Choppadandi,5,Maize,5,Common,0.0,676.0,2962.0,2581.0,2469.0,0.0,0.0
2024-10-24 00:00:00+05:30,281,Venkateshwar Nagar,1106,V Nagar,103,Carrot,103,Common,0.0,2.0,30.0,30.0,30.0,0.0,0.0
2024-10-24 00:00:00+05:30,278,Suryapet,1091,Suryapet,15,Red Gram,15,Common,0.0,2.0,8141.0,8141.0,8141.0,0.0,0.0
2024-10-24 00:00:00+05:30,367,Gudimalkapur,1571,Gudumalkapur,110,Green Onion,110,Common,0.0,5.0,2000.0,3000.0,2000.0,0.0,0.0
2024-10-24 00:00:00+05:30,290,Siddipet,1193,Siddipet,5,Maize,5,Common,0.0,1882.0,2251.0,2242.0,2351.0,0.0,0.0
2024-10-25 00:00:00+05:30,325,Hyderabad,5,Mahabubmansion,55,Onions,218,No.II,0.0,10945.0,600.0,4000.0,2500.0,0.0,0.0
2024-10-24 00:00:00+05:30,331,Vantimamidi,1612,Vantimamidi,110,Green Onion,110,Common,0.0,5.0,2000.0,4000.0,3000.0,0.0,0.0
2024-10-25 00:00:00+05:30,325,Hyderabad,6,Madannapeta,116,French Beans,116,Common,0.0,1.0,10000.0,10000.0,10000.0,0.0,0.0
2024-10-25 00:00:00+05:30,323,Gaddiannaram,2,L.B Nagar,113,Green Chillies,113,Common,0.0,143.0,3500.0,4500.0,4000.0,0.0,0.0
2024-10-25 00:00:00+05:30,281,Venkateshwar Nagar,1106,V Nagar,103,Carrot,103,Common,0.0,2.0,30.0,30.0,30.0,0.0,0.0
2024-10-25 00:00:00+05:30,278,Suryapet,1091,Suryapet,15,Red Gram,15,Common,0.0,1.0,4895.0,8393.0,8395.0,0.0,0.0
2024-10-25 00:00:00+05:30,212,Choppadandi,1123,Choppadandi,5,Maize,5,Common,0.0,589.0,2306.0,2603.0,2469.0,0.0,0.0
2024-10-25 00:00:00+05:30,290,Siddipet,1193,Siddipet,5,Maize,5,Common,0.0,2836.75,2301.0,2452.0,2391.0,0.0,0.0
2024-10-25 00:00:00+05:30,303,Kalwakurthy,1340,Kalwakurthy,105,Potato,105,Common,0.0,3.0,3200.0,3500.0,3350.0,0.0,0.0
2024-10-26 00:00:00+05:30,323,Gaddiannaram,1,Gaddiannaram,81,Grapes,297,White,0.0,8.0,12500.0,18750.0,15000.0,0.0,0.0
2024-10-26 00:00:00+05:30,323,Gaddiannaram,2,L.B Nagar,113,Green Chillies,113,Common,0.0,180.0,3000.0,4000.0,3500.0,0.0,0.0
2024-10-25 00:00:00+05:30,367,Gudimalkapur,1571,Gudumalkapur,110,Green Onion,110,Common,0.0,2.0,2000.0,2000.0,2000.0,0.0,0.0
2024-10-25 00:00:00+05:30,331,Vantimamidi,1612,Vantimamidi,110,Green Onion,110,Common,0.0,3.0,2500.0,3500.0,3000.0,0.0,0.0
2024-10-26 00:00:00+05:30,325,Hyderabad,6,Madannapeta,116,French Beans,116,Common,0.0,2.0,10000.0,10000.0,10000.0,0.0,0.0
2024-10-26 00:00:00+05:30,324,Bowenpally,3,Bowenpally,110,Green Onion,110,Common,0.0,24.0,3000.0,5000.0,4000.0,0.0,0.0
2024-10-26 00:00:00+05:30,325,Hyderabad,5,Mahabubmansion,55,Onions,218,No.II,0.0,12810.0,800.0,4000.0,2400.0,0.0,0.0
2024-10-26 00:00:00+05:30,278,Suryapet,1091,Suryapet,15,Red Gram,15,Common,0.0,5.0,4999.0,9140.0,9038.0,0.0,0.0
2024-10-26 00:00:00+05:30,212,Choppadandi,1123,Choppadandi,5,Maize,5,Common,0.0,460.0,2205.0,2536.0,2469.0,0.0,0.0
2024-10-26 00:00:00+05:30,290,Siddipet,1193,Siddipet,5,Maize,5,Common,0.0,1699.17,22266.0,2493.0,2367.0,0.0,0.0
2024-10-26 00:00:00+05:30,367,Gudimalkapur,1571,Gudumalkapur,110,Green Onion,110,Common,0.0,4.0,2500.0,2500.0,3000.0,0.0,0.0
2024-10-26 00:00:00+05:30,331,Vantimamidi,1612,Vantimamidi,110,Green Onion,110,Common,0.0,1.0,3500.0,3500.0,3500.0,0.0,0.0
2024-10-27 00:00:00+05:30,303,Kalwakurthy,1340,Kalwakurthy,105,Potato,105,Common,0.0,4.0,3000.0,3500.0,3250.0,0.0,0.0
2024-10-27 00:00:00+05:30,281,Venkateshwar Nagar,1106,V Nagar,103,Carrot,103,Common,0.0,1.0,30.0,30.0,30.0,0.0,0.0
2024-10-27 00:00:00+05:30,324,Bowenpally,3,Bowenpally,110,Green Onion,110,Common,0.0,28.0,2000.0,5000.0,4500.0,0.0,0.0
2024-10-27 00:00:00+05:30,323,Gaddiannaram,1,Gaddiannaram,81,Grapes,297,White,0.0,2.0,12500.0,18750.0,15000.0,0.0,0.0
2024-10-27 00:00:00+05:30,325,Hyderabad,6,Madannapeta,116,French Beans,116,Common,0.0,2.0,9000.0,10000.0,9500.0,0.0,0.0
2024-10-27 00:00:00+05:30,323,Gaddiannaram,2,L.B Nagar,113,Green Chillies,113,Common,0.0,145.0,3000.0,4000.0,3500.0,0.0,0.0
2024-10-28 00:00:00+05:30,323,Gaddiannaram,1,Gaddiannaram,81,Grapes,297,White,0.0,7.0,12500.0,18750.0,15000.0,0.0,0.0
2024-10-28 00:00:00+05:30,323,Gaddiannaram,2,L.B Nagar,113,Green Chillies,113,Common,0.0,252.0,2500.0,4000.0,3200.0,0.0,0.0
2024-10-27 00:00:00+05:30,367,Gudimalkapur,1571,Gudumalkapur,110,Green Onion,110,Common,0.0,2.0,3000.0,3000.0,3000.0,0.0,0.0
2024-10-27 00:00:00+05:30,331,Vantimamidi,1612,Vantimamidi,110,Green Onion,110,Common,0.0,2.0,3000.0,3000.0,3000.0,0.0,0.0
2024-10-28 00:00:00+05:30,324,Bowenpally,3,Bowenpally,110,Green Onion,110,Common,0.0,18.0,2000.0,5500.0,4200.0,0.0,0.0
2024-10-28 00:00:00+05:30,325,Hyderabad,6,Madannapeta,116,French Beans,116,Common,0.0,2.0,9000.0,10000.0,9500.0,0.0,0.0
2024-10-28 00:00:00+05:30,325,Hyderabad,5,Mahabubmansion,55,Onions,218,No.II,0.0,10506.0,500.0,3500.0,2100.0,0.0,0.0
2024-10-28 00:00:00+05:30,212,Choppadandi,1123,Choppadandi,5,Maize,5,Common,0.0,401.0,2356.0,2569.0,2436.0,0.0,0.0
2024-10-28 00:00:00+05:30,278,Suryapet,1091,Suryapet,15,Red Gram,15,Common,0.0,5.0,5588.0,9117.0,8888.0,0.0,0.0
2024-10-28 00:00:00+05:30,279,Thirumalagiri,9,Tirmalagiri,1,Paddy,274,Common (HMT),0.0,96.0,2119.0,2329.0,2329.0,0.0,0.0
2024-10-28 00:00:00+05:30,290,Siddipet,1193,Siddipet,5,Maize,5,Common,0.0,2733.42,2301.0,2506.0,2441.0,0.0,0.0
2024-10-28 00:00:00+05:30,367,Gudimalkapur,1571,Gudumalkapur,110,Green Onion,110,Common,0.0,3.0,3000.0,3000.0,3000.0,0.0,0.0
2024-10-28 00:00:00+05:30,331,Vantimamidi,1612,Vantimamidi,110,Green Onion,110,Common,0.0,3.0,3000.0,3000.0,3000.0,0.0,0.0
2024-10-29 00:00:00+05:30,324,Bowenpally,3,Bowenpally,110,Green Onion,110,Common,0.0,19.0,2000.0,5000.0,4000.0,0.0,0.0
2024-10-28 00:00:00+05:30,303,Kalwakurthy,1340,Kalwakurthy,105,Potato,105,Common,0.0,3.0,3500.0,3500.0,3500.0,0.0,0.0
2024-10-29 00:00:00+05:30,323,Gaddiannaram,2,L.B Nagar,113,Green Chillies,113,Common,0.0,215.0,2500.0,4000.0,3000.0,0.0,0.0
2024-10-29 00:00:00+05:30,325,Hyderabad,6,Madannapeta,116,French Beans,116,Common,0.0,2.0,10000.0,10000.0,10000.0,0.0,0.0
2024-10-29 00:00:00+05:30,325,Hyderabad,5,Mahabubmansion,55,Onions,218,No.II,0.0,11083.0,500.0,3500.0,2000.0,0.0,0.0
2024-10-29 00:00:00+05:30,281,Venkateshwar Nagar,1106,V Nagar,103,Carrot,103,Common,0.0,6.0,35.0,35.0,35.0,0.0,0.0
2024-10-29 00:00:00+05:30,278,Suryapet,1091,Suryapet,15,Red Gram,15,Common,0.0,100.0,4588.0,941.0,9409.0,0.0,0.0
2024-10-29 00:00:00+05:30,279,Thirumalagiri,9,Tirmalagiri,1,Paddy,274,Common (HMT),0.0,121.0,2139.0,2283.0,2189.0,0.0,0.0
2024-10-29 00:00:00+05:30,290,Siddipet,1193,Siddipet,5,Maize,5,Common,0.0,2658.33,2080.0,2511.0,2100.0,0.0,0.0
2024-10-29 00:00:00+05:30,212,Choppadandi,1123,Choppadandi,5,Maize,5,Common,0.0,242.0,2205.0,2559.0,2475.0,0.0,0.0
2024-10-29 00:00:00+05:30,367,Gudimalkapur,1571,Gudumalkapur,110,Green Onion,110,Common,0.0,30.0,1000.0,3500.0,2500.0,0.0,0.0
2024-10-29 00:00:00+05:30,331,Vantimamidi,1612,Vantimamidi,110,Green Onion,110,Common,0.0,3.0,2500.0,3000.0,2750.0,0.0,0.0
2024-10-30 00:00:00+05:30,323,Gaddiannaram,1,Gaddiannaram,81,Grapes,297,White,0.0,4.0,12500.0,18750.0,15000.0,0.0,0.0
2024-10-30 00:00:00+05:30,323,Gaddiannaram,2,L.B Nagar,113,Green Chillies,113,Common,0.0,176.0,3000.0,3500.0,3200.0,0.0,0.0
2024-10-30 00:00:00+05:30,278,Suryapet,1091,Suryapet,15,Red Gram,15,Common,0.0,27.0,6866.0,6866.0,6866.0,0.0,0.0
2024-10-30 00:00:00+05:30,279,Thirumalagiri,9,Tirmalagiri,1,Paddy,274,Common (HMT),0.0,336.0,2079.0,2239.0,2139.0,0.0,0.0
2024-10-30 00:00:00+05:30,324,Bowenpally,3,Bowenpally,110,Green Onion,110,Common,0.0,21.0,2000.0,5000.0,4000.0,0.0,0.0
2024-10-30 00:00:00+05:30,325,Hyderabad,5,Mahabubmansion,55,Onions,218,No.II,0.0,12455.0,500.0,4000.0,2500.0,0.0,0.0
2024-10-29 00:00:00+05:30,308,Nagarkurnool,1334,Nagarkurnool,17,Black Gram,17,Common,0.0,2.5,4032.0,4032.0,4032.0,0.0,0.0
2024-10-30 00:00:00+05:30,325,Hyderabad,6,Madannapeta,116,French Beans,116,Common,0.0,2.0,7000.0,7000.0,7000.0,0.0,0.0
2024-10-30 00:00:00+05:30,367,Gudimalkapur,1571,Gudumalkapur,110,Green Onion,110,Common,0.0,1.0,3000.0,3000.0,3000.0,0.0,0.0
2024-10-30 00:00:00+05:30,331,Vantimamidi,1612,Vantimamidi,110,Green Onion,110,Common,0.0,4.0,2500.0,2500.0,2500.0,0.0,0.0
2024-10-30 00:00:00+05:30,303,Kalwakurthy,1340,Kalwakurthy,105,Potato,105,Common,0.0,1.0,3200.0,3200.0,3200.0,0.0,0.0
2024-10-31 00:00:00+05:30,323,Gaddiannaram,2,L.B Nagar,113,Green Chillies,113,Common,0.0,223.0,2500.0,3500.0,3000.0,0.0,0.0
2024-10-31 00:00:00+05:30,281,Venkateshwar Nagar,1106,V Nagar,103,Carrot,103,Common,0.0,2.0,40.0,40.0,40.0,0.0,0.0
2024-10-31 00:00:00+05:30,325,Hyderabad,6,Madannapeta,116,French Beans,116,Common,0.0,2.0,9000.0,10000.0,9500.0,0.0,0.0
2024-10-31 00:00:00+05:30,367,Gudimalkapur,1571,Gudumalkapur,110,Green Onion,110,Common,0.0,5.0,3000.0,3000.0,3000.0,0.0,0.0
2024-10-26 00:00:00+05:30,331,Vantimamidi,1612,Vantimamidi,111,Brinjal,111,Common,0.0,16.0,2000.0,4000.0,3000.0,0.0,0.0
2024-10-26 00:00:00+05:30,367,Gudimalkapur,1571,Gudumalkapur,111,Brinjal,279,Round,0.0,86.0,1500.0,3000.0,2000.0,0.0,0.0
2024-10-26 00:00:00+05:30,278,Suryapet,1091,Suryapet,16,Green Gram,16,Common,0.0,30.0,4649.0,6616.0,6566.0,0.0,0.0
2024-10-26 00:00:00+05:30,325,Hyderabad,5,Mahabubmansion,56,Garlic,56,Common,0.0,279.0,10000.0,30000.0,25000.0,0.0,0.0
2024-10-26 00:00:00+05:30,192,Jainath,26,Jainath,55,Onions,55,Common,0.0,300.0,800.0,1000.0,900.0,0.0,0.0
2024-10-26 00:00:00+05:30,324,Bowenpally,3,Bowenpally,111,Brinjal,278,Kalyani,0.0,400.0,1000.0,3000.0,2500.0,0.0,0.0
2024-10-26 00:00:00+05:30,325,Hyderabad,6,Madannapeta,117,Cluster Beans,117,Common,0.0,2.0,4000.0,4000.0,4000.0,0.0,0.0
2024-10-25 00:00:00+05:30,331,Vantimamidi,1612,Vantimamidi,111,Brinjal,111,Common,0.0,38.0,800.0,3000.0,1900.0,0.0,0.0
2024-10-25 00:00:00+05:30,367,Gudimalkapur,1571,Gudumalkapur,111,Brinjal,279,Round,0.0,151.0,1000.0,3000.0,2000.0,0.0,0.0
2024-10-26 00:00:00+05:30,323,Gaddiannaram,2,L.B Nagar,114,Tomato,114,Common,0.0,445.0,1600.0,3200.0,2400.0,0.0,0.0
2024-10-26 00:00:00+05:30,323,Gaddiannaram,1,Gaddiannaram,82,Pomegrenates,82,Common,0.0,829.0,1100.0,16500.0,3000.0,0.0,0.0
2024-10-25 00:00:00+05:30,278,Suryapet,1091,Suryapet,16,Green Gram,16,Common,0.0,36.0,5368.0,6543.0,5995.0,0.0,0.0
2024-10-25 00:00:00+05:30,281,Venkateshwar Nagar,1106,V Nagar,105,Potato,105,Common,0.0,5.0,30.0,30.0,30.0,0.0,0.0
2024-10-25 00:00:00+05:30,323,Gaddiannaram,2,L.B Nagar,114,Tomato,114,Common,0.0,507.0,1000.0,3000.0,2000.0,0.0,0.0
2024-10-25 00:00:00+05:30,325,Hyderabad,6,Madannapeta,117,Cluster Beans,117,Common,0.0,7.0,3000.0,4000.0,3500.0,0.0,0.0
2024-10-24 00:00:00+05:30,331,Vantimamidi,1612,Vantimamidi,111,Brinjal,111,Common,0.0,51.0,1000.0,3000.0,2000.0,0.0,0.0
2024-10-25 00:00:00+05:30,323,Gaddiannaram,1,Gaddiannaram,82,Pomegrenates,82,Common,0.0,1110.0,1100.0,16500.0,3000.0,0.0,0.0
2024-10-24 00:00:00+05:30,367,Gudimalkapur,1571,Gudumalkapur,111,Brinjal,279,Round,0.0,181.0,120.0,3000.0,2000.0,0.0,0.0
2024-10-24 00:00:00+05:30,278,Suryapet,1091,Suryapet,16,Green Gram,16,Common,0.0,42.0,5846.0,6796.0,6192.0,0.0,0.0
2024-10-24 00:00:00+05:30,281,Venkateshwar Nagar,1106,V Nagar,105,Potato,105,Common,0.0,5.0,30.0,30.0,30.0,0.0,0.0
2024-10-24 00:00:00+05:30,323,Gaddiannaram,2,L.B Nagar,114,Tomato,114,Common,0.0,876.0,1600.0,3600.0,2800.0,0.0,0.0
2024-10-24 00:00:00+05:30,325,Hyderabad,6,Madannapeta,117,Cluster Beans,117,Common,0.0,4.0,3000.0,5000.0,4000.0,0.0,0.0
2024-10-24 00:00:00+05:30,192,Jainath,26,Jainath,55,Onions,55,Common,0.0,150.0,550.0,625.0,587.0,0.0,0.0
2024-10-24 00:00:00+05:30,324,Bowenpally,3,Bowenpally,111,Brinjal,278,Kalyani,0.0,300.0,500.0,3000.0,2200.0,0.0,0.0
2024-10-23 00:00:00+05:30,331,Vantimamidi,1612,Vantimamidi,111,Brinjal,111,Common,0.0,29.0,2000.0,4000.0,3000.0,0.0,0.0
2024-10-24 00:00:00+05:30,323,Gaddiannaram,1,Gaddiannaram,82,Pomegrenates,82,Common,0.0,968.0,1100.0,16500.0,3000.0,0.0,0.0
2024-10-23 00:00:00+05:30,367,Gudimalkapur,1571,Gudumalkapur,111,Brinjal,279,Round,0.0,182.0,1000.0,3500.0,2500.0,0.0,0.0
2024-10-23 00:00:00+05:30,278,Suryapet,1091,Suryapet,16,Green Gram,16,Common,0.0,43.0,4088.0,8195.0,6696.0,0.0,0.0
2024-10-23 00:00:00+05:30,281,Venkateshwar Nagar,1106,V Nagar,105,Potato,105,Common,0.0,4.0,30.0,30.0,30.0,0.0,0.0
2024-10-23 00:00:00+05:30,324,Bowenpally,3,Bowenpally,111,Brinjal,278,Kalyani,0.0,450.0,1000.0,3000.0,2500.0,0.0,0.0
2024-10-23 00:00:00+05:30,325,Hyderabad,6,Madannapeta,117,Cluster Beans,117,Common,0.0,7.0,4000.0,4000.0,4000.0,0.0,0.0
2024-10-23 00:00:00+05:30,323,Gaddiannaram,1,Gaddiannaram,82,Pomegrenates,82,Common,0.0,1302.0,1100.0,16500.0,3000.0,0.0,0.0
2024-10-22 00:00:00+05:30,331,Vantimamidi,1612,Vantimamidi,111,Brinjal,111,Common,0.0,34.0,1000.0,4000.0,2500.0,0.0,0.0
2024-10-23 00:00:00+05:30,323,Gaddiannaram,2,L.B Nagar,114,Tomato,114,Common,0.0,766.0,1600.0,3600.0,2800.0,0.0,0.0
2024-10-22 00:00:00+05:30,367,Gudimalkapur,1571,Gudumalkapur,111,Brinjal,279,Round,0.0,148.0,1000.0,4500.0,2500.0,0.0,0.0
2024-10-22 00:00:00+05:30,281,Venkateshwar Nagar,1106,V Nagar,105,Potato,105,Common,0.0,6.0,30.0,30.0,30.0,0.0,0.0
2024-10-22 00:00:00+05:30,278,Suryapet,1091,Suryapet,16,Green Gram,16,Common,0.0,63.0,4488.0,6323.0,6232.0,0.0,0.0
2024-10-22 00:00:00+05:30,324,Bowenpally,3,Bowenpally,111,Brinjal,278,Kalyani,0.0,400.0,500.0,3000.0,2500.0,0.0,0.0
2024-10-22 00:00:00+05:30,325,Hyderabad,5,Mahabubmansion,56,Garlic,56,Common,0.0,76.0,10000.0,30000.0,25000.0,0.0,0.0
2024-10-22 00:00:00+05:30,279,Thirumalagiri,9,Tirmalagiri,5,Maize,5,Common,0.0,22.0,2129.0,2129.0,2129.0,0.0,0.0
2024-10-21 00:00:00+05:30,331,Vantimamidi,1612,Vantimamidi,111,Brinjal,111,Common,0.0,35.0,1000.0,3000.0,2000.0,0.0,0.0
2024-10-22 00:00:00+05:30,323,Gaddiannaram,2,L.B Nagar,114,Tomato,114,Common,0.0,408.0,2000.0,4000.0,2800.0,0.0,0.0
2024-10-22 00:00:00+05:30,323,Gaddiannaram,1,Gaddiannaram,82,Pomegrenates,82,Common,0.0,1104.0,1100.0,16500.0,3000.0,0.0,0.0
2024-10-21 00:00:00+05:30,367,Gudimalkapur,1571,Gudumalkapur,111,Brinjal,279,Round,0.0,147.0,1000.0,3500.0,2000.0,0.0,0.0
2024-10-21 00:00:00+05:30,278,Suryapet,1091,Suryapet,16,Green Gram,16,Common,0.0,53.0,4089.0,6429.0,5994.0,0.0,0.0
2024-10-21 00:00:00+05:30,325,Hyderabad,6,Madannapeta,117,Cluster Beans,117,Common,0.0,10.0,3000.0,3000.0,3000.0,0.0,0.0
2024-10-21 00:00:00+05:30,325,Hyderabad,5,Mahabubmansion,56,Garlic,56,Common,0.0,157.0,10000.0,30000.0,25000.0,0.0,0.0
2024-10-21 00:00:00+05:30,323,Gaddiannaram,2,L.B Nagar,114,Tomato,114,Common,0.0,474.0,2000.0,4000.0,2800.0,0.0,0.0
2024-10-21 00:00:00+05:30,323,Gaddiannaram,1,Gaddiannaram,82,Pomegrenates,82,Common,0.0,1172.0,1100.0,16500.0,3000.0,0.0,0.0
2024-10-21 00:00:00+05:30,324,Bowenpally,3,Bowenpally,111,Brinjal,278,Kalyani,0.0,450.0,1000.0,3000.0,2500.0,0.0,0.0
2024-10-20 00:00:00+05:30,331,Vantimamidi,1612,Vantimamidi,111,Brinjal,111,Common,0.0,38.0,1000.0,2500.0,1750.0,0.0,0.0
2024-10-20 00:00:00+05:30,367,Gudimalkapur,1571,Gudumalkapur,111,Brinjal,279,Round,0.0,251.0,1000.0,2500.0,1500.0,0.0,0.0
2024-10-20 00:00:00+05:30,281,Venkateshwar Nagar,1106,V Nagar,105,Potato,105,Common,0.0,4.0,30.0,30.0,30.0,0.0,0.0
2024-10-20 00:00:00+05:30,323,Gaddiannaram,2,L.B Nagar,114,Tomato,114,Common,0.0,656.0,2000.0,4000.0,2800.0,0.0,0.0
2024-10-20 00:00:00+05:30,325,Hyderabad,6,Madannapeta,117,Cluster Beans,117,Common,0.0,10.0,3000.0,3000.0,3000.0,0.0,0.0
2024-10-19 00:00:00+05:30,331,Vantimamidi,1612,Vantimamidi,111,Brinjal,111,Common,0.0,32.0,1000.0,3000.0,2000.0,0.0,0.0
2024-10-20 00:00:00+05:30,324,Bowenpally,3,Bowenpally,111,Brinjal,278,Kalyani,0.0,280.0,1000.0,2500.0,2000.0,0.0,0.0
2024-10-19 00:00:00+05:30,367,Gudimalkapur,1571,Gudumalkapur,111,Brinjal,279,Round,0.0,208.0,1000.0,4000.0,2000.0,0.0,0.0
2024-10-19 00:00:00+05:30,278,Suryapet,1091,Suryapet,16,Green Gram,16,Common,0.0,36.0,3228.0,6558.0,5822.0,0.0,0.0
2024-10-19 00:00:00+05:30,292,Zaheerabad,1198,Zaheerabad,17,Black Gram,17,Common,0.0,333.0,4264.0,8159.0,4929.0,0.0,0.0
2024-10-19 00:00:00+05:30,323,Gaddiannaram,2,L.B Nagar,114,Tomato,114,Common,0.0,701.0,2000.0,4000.0,2800.0,0.0,0.0
2024-10-19 00:00:00+05:30,325,Hyderabad,6,Madannapeta,117,Cluster Beans,117,Common,0.0,3.0,3500.0,3500.0,3500.0,0.0,0.0
2024-10-19 00:00:00+05:30,324,Bowenpally,3,Bowenpally,111,Brinjal,278,Kalyani,0.0,350.0,400.0,2500.0,2000.0,0.0,0.0
2024-10-18 00:00:00+05:30,331,Vantimamidi,1612,Vantimamidi,111,Brinjal,111,Common,0.0,33.0,1000.0,3000.0,2000.0,0.0,0.0
2024-10-19 00:00:00+05:30,323,Gaddiannaram,1,Gaddiannaram,82,Pomegrenates,82,Common,0.0,1015.0,1100.0,16500.0,3000.0,0.0,0.0
2024-10-18 00:00:00+05:30,367,Gudimalkapur,1571,Gudumalkapur,111,Brinjal,279,Round,0.0,226.0,1000.0,4000.0,1500.0,0.0,0.0
2024-10-18 00:00:00+05:30,292,Zaheerabad,1198,Zaheerabad,17,Black Gram,17,Common,0.0,238.0,4136.0,7655.0,4924.0,0.0,0.0
2024-10-18 00:00:00+05:30,278,Suryapet,1091,Suryapet,16,Green Gram,16,Common,0.0,70.0,5495.0,6666.0,5774.0,0.0,0.0
2024-10-18 00:00:00+05:30,325,Hyderabad,6,Madannapeta,117,Cluster Beans,117,Common,0.0,10.0,3000.0,3000.0,3000.0,0.0,0.0
2024-10-18 00:00:00+05:30,323,Gaddiannaram,2,L.B Nagar,114,Tomato,114,Common,0.0,309.0,1600.0,4000.0,2800.0,0.0,0.0
2024-10-18 00:00:00+05:30,324,Bowenpally,3,Bowenpally,111,Brinjal,278,Kalyani,0.0,700.0,700.0,2500.0,2000.0,0.0,0.0
2024-10-17 00:00:00+05:30,367,Gudimalkapur,1571,Gudumalkapur,111,Brinjal,279,Round,0.0,202.0,500.0,4000.0,1500.0,0.0,0.0
2024-10-17 00:00:00+05:30,331,Vantimamidi,1612,Vantimamidi,111,Brinjal,111,Common,0.0,83.0,500.0,3000.0,1750.0,0.0,0.0
2024-10-18 00:00:00+05:30,323,Gaddiannaram,1,Gaddiannaram,82,Pomegrenates,82,Common,0.0,1032.0,1100.0,16500.0,3000.0,0.0,0.0
2024-10-17 00:00:00+05:30,278,Suryapet,1091,Suryapet,16,Green Gram,16,Common,0.0,35.0,4694.0,6446.0,5788.0,0.0,0.0
2024-10-17 00:00:00+05:30,292,Zaheerabad,1198,Zaheerabad,17,Black Gram,17,Common,0.0,290.0,3200.0,7650.0,4350.0,0.0,0.0
2024-10-17 00:00:00+05:30,323,Gaddiannaram,2,L.B Nagar,114,Tomato,114,Common,0.0,353.0,1200.0,2800.0,2000.0,0.0,0.0
2024-10-17 00:00:00+05:30,325,Hyderabad,6,Madannapeta,117,Cluster Beans,117,Common,0.0,3.0,3000.0,3000.0,3000.0,0.0,0.0
2024-10-17 00:00:00+05:30,324,Bowenpally,3,Bowenpally,111,Brinjal,278,Kalyani,0.0,600.0,500.0,2500.0,2000.0,0.0,0.0
2024-10-16 00:00:00+05:30,331,Vantimamidi,1612,Vantimamidi,111,Brinjal,111,Common,0.0,58.0,1000.0,3000.0,2000.0,0.0,0.0
2024-10-17 00:00:00+05:30,323,Gaddiannaram,1,Gaddiannaram,82,Pomegrenates,82,Common,0.0,585.0,1100.0,16500.0,3000.0,0.0,0.0
2024-10-16 00:00:00+05:30,367,Gudimalkapur,1571,Gudumalkapur,111,Brinjal,279,Round,0.0,361.0,1000.0,4000.0,2000.0,0.0,0.0
2024-10-16 00:00:00+05:30,278,Suryapet,1091,Suryapet,16,Green Gram,16,Common,0.0,78.0,2228.0,6339.0,5724.0,0.0,0.0
2024-10-16 00:00:00+05:30,292,Zaheerabad,1198,Zaheerabad,17,Black Gram,17,Common,0.0,277.0,4368.0,7855.0,4600.0,0.0,0.0
2024-10-16 00:00:00+05:30,324,Bowenpally,3,Bowenpally,111,Brinjal,278,Kalyani,0.0,697.0,700.0,2500.0,2000.0,0.0,0.0
2024-10-16 00:00:00+05:30,323,Gaddiannaram,1,Gaddiannaram,82,Pomegrenates,82,Common,0.0,826.0,1100.0,16500.0,3000.0,0.0,0.0
2024-10-16 00:00:00+05:30,325,Hyderabad,6,Madannapeta,117,Cluster Beans,117,Common,0.0,14.0,3000.0,3500.0,3250.0,0.0,0.0
2024-10-16 00:00:00+05:30,279,Thirumalagiri,9,Tirmalagiri,5,Maize,5,Common,0.0,27.0,1769.0,1769.0,1769.0,0.0,0.0
2024-10-15 00:00:00+05:30,331,Vantimamidi,1612,Vantimamidi,111,Brinjal,111,Common,0.0,83.0,1000.0,3000.0,2000.0,0.0,0.0
2024-10-15 00:00:00+05:30,367,Gudimalkapur,1571,Gudumalkapur,111,Brinjal,279,Round,0.0,236.0,1000.0,4000.0,1500.0,0.0,0.0
2024-10-16 00:00:00+05:30,323,Gaddiannaram,2,L.B Nagar,114,Tomato,114,Common,0.0,760.0,1200.0,3200.0,2800.0,0.0,0.0
2024-10-15 00:00:00+05:30,292,Zaheerabad,1198,Zaheerabad,17,Black Gram,17,Common,0.0,308.5,3850.0,7580.0,7101.0,0.0,0.0
2024-10-15 00:00:00+05:30,278,Suryapet,1091,Suryapet,16,Green Gram,16,Common,0.0,47.0,2559.0,7493.0,6093.0,0.0,0.0
2024-10-15 00:00:00+05:30,323,Gaddiannaram,2,L.B Nagar,114,Tomato,114,Common,0.0,515.0,2800.0,5600.0,4000.0,0.0,0.0
2024-10-15 00:00:00+05:30,323,Gaddiannaram,1,Gaddiannaram,82,Pomegrenates,82,Common,0.0,831.0,1100.0,16500.0,3000.0,0.0,0.0
2024-10-15 00:00:00+05:30,324,Bowenpally,3,Bowenpally,111,Brinjal,278,Kalyani,0.0,550.0,400.0,2500.0,2000.0,0.0,0.0
2024-10-15 00:00:00+05:30,325,Hyderabad,6,Madannapeta,117,Cluster Beans,117,Common,0.0,3.0,3000.0,3000.0,3000.0,0.0,0.0
2024-10-14 00:00:00+05:30,278,Suryapet,1091,Suryapet,16,Green Gram,16,Common,0.0,21.0,4136.0,6395.0,6332.0,0.0,0.0
2024-10-14 00:00:00+05:30,292,Zaheerabad,1198,Zaheerabad,17,Black Gram,17,Common,0.0,231.0,2626.0,8689.0,4721.0,0.0,0.0
2024-10-14 00:00:00+05:30,331,Vantimamidi,1612,Vantimamidi,111,Brinjal,111,Common,0.0,54.0,500.0,2500.0,1500.0,0.0,0.0
2024-10-14 00:00:00+05:30,367,Gudimalkapur,1571,Gudumalkapur,111,Brinjal,279,Round,0.0,172.0,1300.0,3500.0,1500.0,0.0,0.0
2024-10-14 00:00:00+05:30,323,Gaddiannaram,2,L.B Nagar,114,Tomato,114,Common,0.0,384.0,2400.0,5600.0,3600.0,0.0,0.0
2024-10-14 00:00:00+05:30,323,Gaddiannaram,1,Gaddiannaram,82,Pomegrenates,82,Common,0.0,536.0,1100.0,16500.0,3000.0,0.0,0.0
2024-10-14 00:00:00+05:30,279,Thirumalagiri,9,Tirmalagiri,5,Maize,5,Common,0.0,16.0,1809.0,1939.0,1939.0,0.0,0.0
2024-10-14 00:00:00+05:30,324,Bowenpally,3,Bowenpally,111,Brinjal,278,Kalyani,0.0,300.0,400.0,2500.0,2000.0,0.0,0.0
2024-10-13 00:00:00+05:30,331,Vantimamidi,1612,Vantimamidi,111,Brinjal,111,Common,0.0,31.0,1000.0,3500.0,2250.0,0.0,0.0
2024-10-13 00:00:00+05:30,367,Gudimalkapur,1571,Gudumalkapur,111,Brinjal,279,Round,0.0,27.0,1500.0,2500.0,1500.0,0.0,0.0
2024-10-13 00:00:00+05:30,324,Bowenpally,3,Bowenpally,111,Brinjal,278,Kalyani,0.0,95.0,1000.0,2000.0,1800.0,0.0,0.0
2024-10-12 00:00:00+05:30,331,Vantimamidi,1612,Vantimamidi,111,Brinjal,111,Common,0.0,7.0,4000.0,4000.0,4000.0,0.0,0.0
2024-10-12 00:00:00+05:30,325,Hyderabad,6,Madannapeta,117,Cluster Beans,117,Common,0.0,4.0,3000.0,3500.0,3250.0,0.0,0.0
2024-10-11 00:00:00+05:30,331,Vantimamidi,1612,Vantimamidi,111,Brinjal,111,Common,0.0,24.0,500.0,1500.0,1000.0,0.0,0.0
2024-10-12 00:00:00+05:30,367,Gudimalkapur,1571,Gudumalkapur,111,Brinjal,279,Round,0.0,42.0,1000.0,2000.0,1500.0,0.0,0.0
2024-10-12 00:00:00+05:30,324,Bowenpally,3,Bowenpally,111,Brinjal,278,Kalyani,0.0,115.0,400.0,2500.0,2000.0,0.0,0.0
2024-10-12 00:00:00+05:30,323,Gaddiannaram,2,L.B Nagar,114,Tomato,114,Common,0.0,145.0,2400.0,5000.0,3700.0,0.0,0.0
2024-10-11 00:00:00+05:30,367,Gudimalkapur,1571,Gudumalkapur,111,Brinjal,279,Round,0.0,209.0,1000.0,4000.0,2000.0,0.0,0.0
2024-10-11 00:00:00+05:30,281,Venkateshwar Nagar,1106,V Nagar,105,Potato,105,Common,0.0,5.0,30.0,30.0,30.0,0.0,0.0
2024-10-11 00:00:00+05:30,192,Jainath,26,Jainath,55,Onions,55,Common,0.0,360.0,625.0,1000.0,825.0,0.0,0.0
2024-10-11 00:00:00+05:30,323,Gaddiannaram,2,L.B Nagar,114,Tomato,114,Common,0.0,351.0,2400.0,5000.0,3200.0,0.0,0.0
2024-10-11 00:00:00+05:30,325,Hyderabad,6,Madannapeta,117,Cluster Beans,117,Common,0.0,15.0,2000.0,2500.0,2250.0,0.0,0.0
2024-10-11 00:00:00+05:30,324,Bowenpally,3,Bowenpally,111,Brinjal,278,Kalyani,0.0,300.0,700.0,2000.0,1600.0,0.0,0.0
2024-10-10 00:00:00+05:30,367,Gudimalkapur,1571,Gudumalkapur,111,Brinjal,279,Round,0.0,1739.0,600.0,4100.0,6600.0,0.0,0.0
2024-10-10 00:00:00+05:30,331,Vantimamidi,1612,Vantimamidi,111,Brinjal,111,Common,0.0,2.0,2000.0,4000.0,3000.0,0.0,0.0
2024-10-10 00:00:00+05:30,192,Jainath,26,Jainath,55,Onions,55,Common,0.0,510.0,550.0,625.0,587.0,0.0,0.0
2024-10-10 00:00:00+05:30,281,Venkateshwar Nagar,1106,V Nagar,105,Potato,105,Common,0.0,4.0,30.0,30.0,30.0,0.0,0.0
2024-10-10 00:00:00+05:30,292,Zaheerabad,1198,Zaheerabad,17,Black Gram,17,Common,0.0,40.0,1536.0,6801.0,6006.0,0.0,0.0
2024-10-10 00:00:00+05:30,323,Gaddiannaram,2,L.B Nagar,114,Tomato,114,Common,0.0,399.0,2400.0,5600.0,3600.0,0.0,0.0
2024-10-10 00:00:00+05:30,325,Hyderabad,6,Madannapeta,117,Cluster Beans,117,Common,0.0,4.0,3000.0,3500.0,3250.0,0.0,0.0
2024-10-10 00:00:00+05:30,323,Gaddiannaram,1,Gaddiannaram,82,Pomegrenates,82,Common,0.0,274.0,1100.0,16500.0,3000.0,0.0,0.0
2024-10-09 00:00:00+05:30,331,Vantimamidi,1612,Vantimamidi,111,Brinjal,111,Common,0.0,17.0,1000.0,2000.0,1500.0,0.0,0.0
2024-10-10 00:00:00+05:30,324,Bowenpally,3,Bowenpally,111,Brinjal,278,Kalyani,0.0,350.0,700.0,2500.0,2100.0,0.0,0.0
2024-10-09 00:00:00+05:30,367,Gudimalkapur,1571,Gudumalkapur,111,Brinjal,279,Round,0.0,192.0,1300.0,3000.0,1500.0,0.0,0.0
2024-10-09 00:00:00+05:30,192,Jainath,26,Jainath,55,Onions,55,Common,0.0,550.0,800.0,1000.0,900.0,0.0,0.0
2024-10-09 00:00:00+05:30,292,Zaheerabad,1198,Zaheerabad,17,Black Gram,17,Common,0.0,94.5,4461.0,7221.0,5104.0,0.0,0.0
2024-10-09 00:00:00+05:30,325,Hyderabad,6,Madannapeta,117,Cluster Beans,117,Common,0.0,7.0,3000.0,3000.0,3000.0,0.0,0.0
2024-10-09 00:00:00+05:30,279,Thirumalagiri,9,Tirmalagiri,5,Maize,5,Common,0.0,57.0,1889.0,2119.0,2119.0,0.0,0.0
2024-10-08 00:00:00+05:30,367,Gudimalkapur,1571,Gudumalkapur,111,Brinjal,279,Round,0.0,126.0,1000.0,4000.0,2000.0,0.0,0.0
2024-10-08 00:00:00+05:30,331,Vantimamidi,1612,Vantimamidi,111,Brinjal,111,Common,0.0,64.0,2000.0,4000.0,3000.0,0.0,0.0
2024-10-09 00:00:00+05:30,323,Gaddiannaram,2,L.B Nagar,114,Tomato,114,Common,0.0,375.0,2400.0,6000.0,4000.0,0.0,0.0
2024-10-09 00:00:00+05:30,323,Gaddiannaram,1,Gaddiannaram,82,Pomegrenates,82,Common,0.0,1205.0,1100.0,16500.0,3000.0,0.0,0.0
2024-10-08 00:00:00+05:30,292,Zaheerabad,1198,Zaheerabad,17,Black Gram,17,Common,0.0,194.0,4112.0,7623.0,4275.0,0.0,0.0
2024-10-08 00:00:00+05:30,281,Venkateshwar Nagar,1106,V Nagar,105,Potato,105,Common,0.0,6.0,30.0,30.0,30.0,0.0,0.0
2024-10-08 00:00:00+05:30,279,Thirumalagiri,9,Tirmalagiri,5,Maize,5,Common,0.0,54.0,2239.0,2349.0,2339.0,0.0,0.0
2024-10-08 00:00:00+05:30,325,Hyderabad,6,Madannapeta,117,Cluster Beans,117,Common,0.0,12.0,2500.0,3000.0,2750.0,0.0,0.0
2024-10-08 00:00:00+05:30,323,Gaddiannaram,2,L.B Nagar,114,Tomato,114,Common,0.0,333.0,2400.0,6000.0,4000.0,0.0,0.0
2024-10-08 00:00:00+05:30,323,Gaddiannaram,1,Gaddiannaram,82,Pomegrenates,82,Common,0.0,951.0,1100.0,16500.0,3000.0,0.0,0.0
2024-10-07 00:00:00+05:30,331,Vantimamidi,1612,Vantimamidi,111,Brinjal,111,Common,0.0,31.0,2000.0,5000.0,3500.0,0.0,0.0
2024-10-07 00:00:00+05:30,239,Kesamudram,1168,Kesamudram,57,Tumeric,227,Finger,0.0,8.0,9001.0,10501.0,10501.0,0.0,0.0
2024-10-07 00:00:00+05:30,278,Suryapet,1091,Suryapet,16,Green Gram,16,Common,0.0,139.0,2859.0,6665.0,6223.0,0.0,0.0
2024-10-07 00:00:00+05:30,367,Gudimalkapur,1571,Gudumalkapur,111,Brinjal,279,Round,0.0,166.0,1000.0,3000.0,2000.0,0.0,0.0
2024-10-07 00:00:00+05:30,279,Thirumalagiri,9,Tirmalagiri,5,Maize,5,Common,0.0,79.0,2129.0,2319.0,2269.0,0.0,0.0
2024-10-07 00:00:00+05:30,323,Gaddiannaram,2,L.B Nagar,114,Tomato,114,Common,0.0,432.0,2400.0,6000.0,4000.0,0.0,0.0
2024-10-07 00:00:00+05:30,323,Gaddiannaram,1,Gaddiannaram,82,Pomegrenates,82,Common,0.0,1573.0,1100.0,16500.0,3000.0,0.0,0.0
2024-10-07 00:00:00+05:30,324,Bowenpally,3,Bowenpally,111,Brinjal,278,Kalyani,0.0,300.0,500.0,2500.0,2000.0,0.0,0.0
2024-10-06 00:00:00+05:30,281,Venkateshwar Nagar,1106,V Nagar,105,Potato,105,Common,0.0,5.0,30.0,30.0,30.0,0.0,0.0
2024-10-06 00:00:00+05:30,367,Gudimalkapur,1571,Gudumalkapur,111,Brinjal,279,Round,0.0,213.0,1000.0,3500.0,1200.0,0.0,0.0
2024-10-06 00:00:00+05:30,331,Vantimamidi,1612,Vantimamidi,111,Brinjal,111,Common,0.0,24.0,700.0,2000.0,1350.0,0.0,0.0
2024-10-06 00:00:00+05:30,325,Hyderabad,6,Madannapeta,117,Cluster Beans,117,Common,0.0,16.0,3000.0,4000.0,3500.0,0.0,0.0
2024-10-06 00:00:00+05:30,324,Bowenpally,3,Bowenpally,111,Brinjal,278,Kalyani,0.0,200.0,1000.0,2500.0,2000.0,0.0,0.0
2024-10-06 00:00:00+05:30,323,Gaddiannaram,2,L.B Nagar,114,Tomato,114,Common,0.0,282.0,2400.0,6000.0,4000.0,0.0,0.0
2024-10-05 00:00:00+05:30,367,Gudimalkapur,1571,Gudumalkapur,111,Brinjal,279,Round,0.0,202.0,1200.0,4000.0,1500.0,0.0,0.0
2024-10-05 00:00:00+05:30,331,Vantimamidi,1612,Vantimamidi,111,Brinjal,111,Common,0.0,8.0,1000.0,3000.0,2000.0,0.0,0.0
2024-10-05 00:00:00+05:30,278,Suryapet,1091,Suryapet,16,Green Gram,16,Common,0.0,30.0,3069.0,6395.0,4322.0,0.0,0.0
2024-10-05 00:00:00+05:30,281,Venkateshwar Nagar,1106,V Nagar,105,Potato,105,Common,0.0,6.0,30.0,30.0,30.0,0.0,0.0
2024-10-05 00:00:00+05:30,292,Zaheerabad,1198,Zaheerabad,17,Black Gram,17,Common,0.0,392.5,3036.0,8251.0,4551.0,0.0,0.0
2024-10-05 00:00:00+05:30,323,Gaddiannaram,2,L.B Nagar,114,Tomato,114,Common,0.0,507.0,2400.0,5800.0,4100.0,0.0,0.0
2024-10-05 00:00:00+05:30,323,Gaddiannaram,1,Gaddiannaram,82,Pomegrenates,82,Common,0.0,726.0,1100.0,16500.0,3000.0,0.0,0.0
2024-10-04 00:00:00+05:30,331,Vantimamidi,1612,Vantimamidi,111,Brinjal,111,Common,0.0,35.0,500.0,3500.0,2000.0,0.0,0.0
2024-10-05 00:00:00+05:30,324,Bowenpally,3,Bowenpally,111,Brinjal,278,Kalyani,0.0,400.0,500.0,2500.0,2000.0,0.0,0.0
2024-10-04 00:00:00+05:30,278,Suryapet,1091,Suryapet,16,Green Gram,16,Common,0.0,220.0,2566.0,6773.0,6559.0,0.0,0.0
2024-10-04 00:00:00+05:30,281,Venkateshwar Nagar,1106,V Nagar,105,Potato,105,Common,0.0,5.0,25.0,25.0,25.0,0.0,0.0
2024-10-04 00:00:00+05:30,292,Zaheerabad,1198,Zaheerabad,17,Black Gram,17,Common,0.0,238.0,3536.0,7551.0,4602.0,0.0,0.0
2024-10-04 00:00:00+05:30,367,Gudimalkapur,1571,Gudumalkapur,111,Brinjal,279,Round,0.0,194.0,1000.0,3500.0,1200.0,0.0,0.0
2024-10-04 00:00:00+05:30,325,Hyderabad,6,Madannapeta,117,Cluster Beans,117,Common,0.0,16.0,3000.0,4000.0,3500.0,0.0,0.0
2024-10-04 00:00:00+05:30,323,Gaddiannaram,1,Gaddiannaram,82,Pomegrenates,82,Common,0.0,753.0,1100.0,16500.0,3000.0,0.0,0.0
2024-10-04 00:00:00+05:30,324,Bowenpally,3,Bowenpally,111,Brinjal,278,Kalyani,0.0,400.0,400.0,2500.0,2000.0,0.0,0.0
2024-10-04 00:00:00+05:30,279,Thirumalagiri,9,Tirmalagiri,5,Maize,5,Common,0.0,70.0,1969.0,2329.0,2169.0,0.0,0.0
2024-10-04 00:00:00+05:30,251,Burgampahad,1068,Burgampadu,74,Casuarina,74,Common,0.0,431.0,390.0,390.0,390.0,0.0,0.0
2024-10-04 00:00:00+05:30,323,Gaddiannaram,2,L.B Nagar,114,Tomato,114,Common,0.0,363.0,2400.0,6000.0,4200.0,0.0,0.0
2024-10-03 00:00:00+05:30,331,Vantimamidi,1612,Vantimamidi,111,Brinjal,111,Common,0.0,40.0,500.0,2000.0,1250.0,0.0,0.0
2024-10-03 00:00:00+05:30,367,Gudimalkapur,1571,Gudumalkapur,111,Brinjal,279,Round,0.0,174.0,900.0,4000.0,1500.0,0.0,0.0
2024-10-03 00:00:00+05:30,279,Thirumalagiri,9,Tirmalagiri,5,Maize,5,Common,0.0,59.0,1759.0,1909.0,1909.0,0.0,0.0
2024-10-03 00:00:00+05:30,292,Zaheerabad,1198,Zaheerabad,17,Black Gram,17,Common,0.0,275.0,3250.0,8169.0,7050.0,0.0,0.0
2024-10-03 00:00:00+05:30,325,Hyderabad,6,Madannapeta,117,Cluster Beans,117,Common,0.0,20.0,2500.0,3500.0,3000.0,0.0,0.0
2024-10-03 00:00:00+05:30,325,Hyderabad,5,Mahabubmansion,56,Garlic,56,Common,0.0,48.0,10000.0,25000.0,18000.0,0.0,0.0
2024-10-03 00:00:00+05:30,323,Gaddiannaram,1,Gaddiannaram,82,Pomegrenates,82,Common,0.0,299.0,1100.0,16500.0,3000.0,0.0,0.0
2024-10-03 00:00:00+05:30,323,Gaddiannaram,2,L.B Nagar,114,Tomato,114,Common,0.0,268.0,2400.0,6000.0,4200.0,0.0,0.0
2024-10-03 00:00:00+05:30,324,Bowenpally,3,Bowenpally,111,Brinjal,278,Kalyani,0.0,500.0,500.0,2500.0,2000.0,0.0,0.0
2024-10-01 00:00:00+05:30,367,Gudimalkapur,1571,Gudumalkapur,111,Brinjal,279,Round,0.0,207.0,600.0,3000.0,1200.0,0.0,0.0
2024-10-01 00:00:00+05:30,292,Zaheerabad,1198,Zaheerabad,17,Black Gram,17,Common,0.0,371.5,2222.0,8261.0,4463.0,0.0,0.0
2024-10-01 00:00:00+05:30,281,Venkateshwar Nagar,1106,V Nagar,105,Potato,105,Common,0.0,6.0,30.0,30.0,30.0,0.0,0.0
2024-10-02 00:00:00+05:30,323,Gaddiannaram,1,Gaddiannaram,82,Pomegrenates,82,Common,0.0,712.0,1100.0,16500.0,3000.0,0.0,0.0
2024-10-02 00:00:00+05:30,331,Vantimamidi,1612,Vantimamidi,111,Brinjal,111,Common,0.0,37.0,1000.0,3000.0,2000.0,0.0,0.0
2024-10-01 00:00:00+05:30,279,Thirumalagiri,9,Tirmalagiri,5,Maize,5,Common,0.0,17.0,1709.0,2329.0,1821.0,0.0,0.0
2024-10-01 00:00:00+05:30,325,Hyderabad,6,Madannapeta,117,Cluster Beans,117,Common,0.0,4.0,4000.0,4000.0,4000.0,0.0,0.0
2024-10-01 00:00:00+05:30,323,Gaddiannaram,2,L.B Nagar,114,Tomato,114,Common,0.0,512.0,2400.0,4400.0,3200.0,0.0,0.0
2024-10-01 00:00:00+05:30,325,Hyderabad,5,Mahabubmansion,56,Garlic,56,Common,0.0,131.0,10000.0,20000.0,170000.0,0.0,0.0
2024-10-01 00:00:00+05:30,323,Gaddiannaram,1,Gaddiannaram,82,Pomegrenates,82,Common,0.0,908.0,1100.0,16500.0,3000.0,0.0,0.0
2024-10-01 00:00:00+05:30,324,Bowenpally,3,Bowenpally,111,Brinjal,278,Kalyani,0.0,550.0,400.0,2500.0,2000.0,0.0,0.0
2024-10-31 00:00:00+05:30,367,Gudimalkapur,1571,Gudumalkapur,111,Brinjal,279,Round,0.0,210.0,1500.0,2500.0,2000.0,0.0,0.0
2024-10-31 00:00:00+05:30,325,Hyderabad,6,Madannapeta,117,Cluster Beans,117,Common,0.0,5.0,4000.0,4000.0,4000.0,0.0,0.0
2024-10-31 00:00:00+05:30,192,Jainath,26,Jainath,55,Onions,55,Common,0.0,480.0,550.0,625.0,587.0,0.0,0.0
2024-10-31 00:00:00+05:30,281,Venkateshwar Nagar,1106,V Nagar,105,Potato,105,Common,0.0,6.0,30.0,30.0,30.0,0.0,0.0
2024-10-31 00:00:00+05:30,323,Gaddiannaram,2,L.B Nagar,114,Tomato,114,Common,0.0,435.0,1200.0,2400.0,1600.0,0.0,0.0
2024-10-31 00:00:00+05:30,323,Gaddiannaram,1,Gaddiannaram,82,Pomegrenates,82,Common,0.0,818.0,1100.0,16000.0,3000.0,0.0,0.0
2024-10-31 00:00:00+05:30,324,Bowenpally,3,Bowenpally,111,Brinjal,278,Kalyani,0.0,475.0,500.0,3000.0,2500.0,0.0,0.0
2024-10-30 00:00:00+05:30,331,Vantimamidi,1612,Vantimamidi,111,Brinjal,111,Common,0.0,28.0,1000.0,3000.0,2000.0,0.0,0.0
2024-10-30 00:00:00+05:30,367,Gudimalkapur,1571,Gudumalkapur,111,Brinjal,279,Round,0.0,216.0,1500.0,2500.0,2000.0,0.0,0.0
2024-10-30 00:00:00+05:30,325,Hyderabad,6,Madannapeta,117,Cluster Beans,117,Common,0.0,6.0,4000.0,4000.0,4000.0,0.0,0.0
2024-10-30 00:00:00+05:30,324,Bowenpally,3,Bowenpally,111,Brinjal,278,Kalyani,0.0,550.0,1000.0,3000.0,2500.0,0.0,0.0
2024-10-30 00:00:00+05:30,278,Suryapet,1091,Suryapet,16,Green Gram,16,Common,0.0,17.0,6093.0,6716.0,6372.0,0.0,0.0
2024-10-30 00:00:00+05:30,192,Jainath,26,Jainath,55,Onions,55,Common,0.0,200.0,1000.0,1000.0,1000.0,0.0,0.0
2024-10-30 00:00:00+05:30,323,Gaddiannaram,2,L.B Nagar,114,Tomato,114,Common,0.0,745.0,1200.0,2400.0,1600.0,0.0,0.0
2024-10-30 00:00:00+05:30,323,Gaddiannaram,1,Gaddiannaram,82,Pomegrenates,82,Common,0.0,1799.0,1100.0,16000.0,3000.0,0.0,0.0
2024-10-29 00:00:00+05:30,331,Vantimamidi,1612,Vantimamidi,111,Brinjal,111,Common,0.0,49.0,1000.0,3000.0,2000.0,0.0,0.0
2024-10-29 00:00:00+05:30,367,Gudimalkapur,1571,Gudumalkapur,111,Brinjal,279,Round,0.0,129.0,1300.0,4000.0,2000.0,0.0,0.0
2024-10-29 00:00:00+05:30,279,Thirumalagiri,9,Tirmalagiri,5,Maize,5,Common,0.0,48.0,2189.0,2329.0,2320.0,0.0,0.0
2024-10-29 00:00:00+05:30,192,Jainath,26,Jainath,55,Onions,55,Common,0.0,200.0,1000.0,1000.0,1000.0,0.0,0.0
2024-10-29 00:00:00+05:30,278,Suryapet,1091,Suryapet,16,Green Gram,16,Common,0.0,50.0,3695.0,6413.0,5594.0,0.0,0.0
2024-10-29 00:00:00+05:30,281,Venkateshwar Nagar,1106,V Nagar,105,Potato,105,Common,0.0,11.0,30.0,30.0,30.0,0.0,0.0
2024-10-29 00:00:00+05:30,325,Hyderabad,5,Mahabubmansion,56,Garlic,56,Common,0.0,151.0,10000.0,30000.0,25000.0,0.0,0.0
2024-10-29 00:00:00+05:30,325,Hyderabad,6,Madannapeta,117,Cluster Beans,117,Common,0.0,6.0,4000.0,5000.0,4500.0,0.0,0.0
2024-10-29 00:00:00+05:30,323,Gaddiannaram,2,L.B Nagar,114,Tomato,114,Common,0.0,708.0,1600.0,2400.0,2000.0,0.0,0.0
2024-10-29 00:00:00+05:30,323,Gaddiannaram,1,Gaddiannaram,82,Pomegrenates,82,Common,0.0,1404.0,1100.0,16000.0,3000.0,0.0,0.0
2024-10-29 00:00:00+05:30,324,Bowenpally,3,Bowenpally,111,Brinjal,278,Kalyani,0.0,400.0,1000.0,3000.0,2500.0,0.0,0.0
2024-10-28 00:00:00+05:30,331,Vantimamidi,1612,Vantimamidi,111,Brinjal,111,Common,0.0,44.0,1000.0,4000.0,2500.0,0.0,0.0
2024-10-28 00:00:00+05:30,367,Gudimalkapur,1571,Gudumalkapur,111,Brinjal,279,Round,0.0,101.0,2000.0,4000.0,3000.0,0.0,0.0
2024-10-28 00:00:00+05:30,292,Zaheerabad,1198,Zaheerabad,17,Black Gram,17,Common,0.0,317.0,3050.0,8103.0,7462.0,0.0,0.0
2024-10-28 00:00:00+05:30,279,Thirumalagiri,9,Tirmalagiri,5,Maize,5,Common,0.0,16.0,2259.0,2259.0,2259.0,0.0,0.0
2024-10-28 00:00:00+05:30,278,Suryapet,1091,Suryapet,16,Green Gram,16,Common,0.0,74.0,3666.0,6795.0,6389.0,0.0,0.0
2024-10-28 00:00:00+05:30,325,Hyderabad,5,Mahabubmansion,56,Garlic,56,Common,0.0,34.0,10000.0,30000.0,25000.0,0.0,0.0
2024-10-28 00:00:00+05:30,325,Hyderabad,6,Madannapeta,117,Cluster Beans,117,Common,0.0,4.0,4000.0,5000.0,4500.0,0.0,0.0
2024-10-28 00:00:00+05:30,324,Bowenpally,3,Bowenpally,111,Brinjal,278,Kalyani,0.0,300.0,800.0,3000.0,2200.0,0.0,0.0
2024-10-27 00:00:00+05:30,331,Vantimamidi,1612,Vantimamidi,111,Brinjal,111,Common,0.0,26.0,1000.0,4000.0,2500.0,0.0,0.0
2024-10-27 00:00:00+05:30,367,Gudimalkapur,1571,Gudumalkapur,111,Brinjal,279,Round,0.0,246.0,1500.0,3500.0,2000.0,0.0,0.0
2024-10-28 00:00:00+05:30,323,Gaddiannaram,2,L.B Nagar,114,Tomato,114,Common,0.0,624.0,1600.0,3200.0,2400.0,0.0,0.0
2024-10-28 00:00:00+05:30,323,Gaddiannaram,1,Gaddiannaram,82,Pomegrenates,82,Common,0.0,1785.0,1100.0,16500.0,3000.0,0.0,0.0
2024-10-27 00:00:00+05:30,323,Gaddiannaram,2,L.B Nagar,114,Tomato,114,Common,0.0,546.0,1600.0,3200.0,2400.0,0.0,0.0
2024-10-27 00:00:00+05:30,325,Hyderabad,6,Madannapeta,117,Cluster Beans,117,Common,0.0,5.0,3000.0,4000.0,3500.0,0.0,0.0
2024-10-27 00:00:00+05:30,323,Gaddiannaram,1,Gaddiannaram,82,Pomegrenates,82,Common,0.0,48.0,1100.0,16500.0,3000.0,0.0,0.0
2024-10-27 00:00:00+05:30,324,Bowenpally,3,Bowenpally,111,Brinjal,278,Kalyani,0.0,100.0,1500.0,3000.0,2600.0,0.0,0.0
2024-10-27 00:00:00+05:30,281,Venkateshwar Nagar,1106,V Nagar,105,Potato,105,Common,0.0,5.0,30.0,30.0,30.0,0.0,0.0
2024-10-01 00:00:00+05:30,324,Bowenpally,3,Bowenpally,111,Brinjal,279,Round,0.0,450.0,500.0,3000.0,2200.0,0.0,0.0
2024-10-01 00:00:00+05:30,323,Gaddiannaram,1,Gaddiannaram,84,Sapota,84,Common,0.0,19.0,3500.0,6500.0,3750.0,0.0,0.0
2024-10-01 00:00:00+05:30,323,Gaddiannaram,2,L.B Nagar,116,French Beans,116,Common,0.0,15.0,4000.0,5000.0,4500.0,0.0,0.0
2024-10-01 00:00:00+05:30,325,Hyderabad,6,Madannapeta,118,Field Beans,118,Common,0.0,2.0,3000.0,3500.0,3250.0,0.0,0.0
2024-10-02 00:00:00+05:30,331,Vantimamidi,1612,Vantimamidi,112,Ladys Finger,112,Common,0.0,11.0,2000.0,3000.0,2500.0,0.0,0.0
2024-10-01 00:00:00+05:30,303,Kalwakurthy,1340,Kalwakurthy,111,Brinjal,111,Common,0.0,2.0,2000.0,3000.0,2500.0,0.0,0.0
2024-10-02 00:00:00+05:30,310,Shadnagar,1330,Shadnagar,98,Cabbage,98,Common,0.0,25.0,1500.0,2200.0,1800.0,0.0,0.0
2024-10-02 00:00:00+05:30,323,Gaddiannaram,1,Gaddiannaram,84,Sapota,84,Common,0.0,25.0,3500.0,6500.0,4000.0,0.0,0.0
2024-10-01 00:00:00+05:30,281,Venkateshwar Nagar,1106,V Nagar,111,Brinjal,111,Common,0.0,9.0,10.0,10.0,10.0,0.0,0.0
2024-10-01 00:00:00+05:30,256,Khammam,1067,Khammam,54,Chillies(Dry),250,Teja,0.0,381.0,10000.0,18500.0,17300.0,0.0,0.0
2024-10-01 00:00:00+05:30,212,Choppadandi,1123,Choppadandi,15,Red Gram,229,Hybrid,0.0,1.0,9292.0,9292.0,9292.0,0.0,0.0
2024-10-01 00:00:00+05:30,367,Gudimalkapur,1571,Gudumalkapur,112,Ladys Finger,112,Common,0.0,291.0,1500.0,3000.0,2000.0,0.0,0.0
2024-10-03 00:00:00+05:30,324,Bowenpally,3,Bowenpally,111,Brinjal,279,Round,0.0,300.0,600.0,3000.0,2500.0,0.0,0.0
2024-10-03 00:00:00+05:30,323,Gaddiannaram,2,L.B Nagar,116,French Beans,116,Common,0.0,30.0,3000.0,5000.0,3500.0,0.0,0.0
2024-10-03 00:00:00+05:30,323,Gaddiannaram,1,Gaddiannaram,84,Sapota,84,Common,0.0,35.0,3500.0,6500.0,4000.0,0.0,0.0
2024-10-02 00:00:00+05:30,303,Kalwakurthy,1340,Kalwakurthy,111,Brinjal,111,Common,0.0,2.0,2000.0,3000.0,2500.0,0.0,0.0
2024-10-03 00:00:00+05:30,325,Hyderabad,6,Madannapeta,118,Field Beans,118,Common,0.0,6.0,3000.0,4000.0,3500.0,0.0,0.0
2024-10-03 00:00:00+05:30,310,Shadnagar,1330,Shadnagar,98,Cabbage,98,Common,0.0,20.0,1500.0,2000.0,1800.0,0.0,0.0
2024-10-03 00:00:00+05:30,256,Khammam,1067,Khammam,54,Chillies(Dry),250,Teja,0.0,316.0,9000.0,18100.0,17500.0,0.0,0.0
2024-10-03 00:00:00+05:30,367,Gudimalkapur,1571,Gudumalkapur,112,Ladys Finger,112,Common,0.0,522.0,1000.0,2500.0,1600.0,0.0,0.0
2024-10-03 00:00:00+05:30,303,Kalwakurthy,1340,Kalwakurthy,111,Brinjal,111,Common,0.0,3.0,2000.0,2500.0,2250.0,0.0,0.0
2024-10-03 00:00:00+05:30,331,Vantimamidi,1612,Vantimamidi,112,Ladys Finger,112,Common,0.0,3.0,2000.0,3000.0,2500.0,0.0,0.0
2024-10-04 00:00:00+05:30,323,Gaddiannaram,2,L.B Nagar,116,French Beans,116,Common,0.0,32.0,3000.0,5000.0,4000.0,0.0,0.0
2024-10-04 00:00:00+05:30,256,Khammam,1067,Khammam,54,Chillies(Dry),250,Teja,0.0,376.0,9000.0,18000.0,17500.0,0.0,0.0
2024-10-04 00:00:00+05:30,324,Bowenpally,3,Bowenpally,111,Brinjal,279,Round,0.0,400.0,500.0,3000.0,2500.0,0.0,0.0
2024-10-04 00:00:00+05:30,323,Gaddiannaram,1,Gaddiannaram,84,Sapota,84,Common,0.0,6.0,3500.0,6500.0,4000.0,0.0,0.0
2024-10-04 00:00:00+05:30,325,Hyderabad,6,Madannapeta,118,Field Beans,118,Common,0.0,5.0,3500.0,4000.0,3750.0,0.0,0.0
2024-10-04 00:00:00+05:30,367,Gudimalkapur,1571,Gudumalkapur,112,Ladys Finger,112,Common,0.0,222.0,1000.0,3000.0,1800.0,0.0,0.0
2024-10-04 00:00:00+05:30,310,Shadnagar,1330,Shadnagar,98,Cabbage,98,Common,0.0,15.0,1200.0,1800.0,1500.0,0.0,0.0
2024-10-04 00:00:00+05:30,281,Venkateshwar Nagar,1106,V Nagar,111,Brinjal,111,Common,0.0,5.0,20.0,20.0,20.0,0.0,0.0
2024-10-04 00:00:00+05:30,278,Suryapet,1091,Suryapet,17,Black Gram,17,Common,0.0,3.0,3668.0,3688.0,3668.0,0.0,0.0
2024-10-04 00:00:00+05:30,212,Choppadandi,1123,Choppadandi,15,Red Gram,229,Hybrid,0.0,1.0,4848.0,4848.0,4848.0,0.0,0.0
2024-10-05 00:00:00+05:30,324,Bowenpally,3,Bowenpally,111,Brinjal,279,Round,0.0,600.0,500.0,3500.0,3000.0,0.0,0.0
2024-10-04 00:00:00+05:30,331,Vantimamidi,1612,Vantimamidi,112,Ladys Finger,112,Common,0.0,6.0,2000.0,3500.0,2750.0,0.0,0.0
2024-10-05 00:00:00+05:30,323,Gaddiannaram,1,Gaddiannaram,84,Sapota,84,Common,0.0,5.0,3500.0,6500.0,4000.0,0.0,0.0
2024-10-04 00:00:00+05:30,303,Kalwakurthy,1340,Kalwakurthy,111,Brinjal,111,Common,0.0,3.0,1000.0,2800.0,1900.0,0.0,0.0
2024-10-05 00:00:00+05:30,323,Gaddiannaram,2,L.B Nagar,116,French Beans,116,Common,0.0,39.0,3000.0,5000.0,4000.0,0.0,0.0
2024-10-05 00:00:00+05:30,325,Hyderabad,6,Madannapeta,118,Field Beans,118,Common,0.0,8.0,3000.0,4000.0,3500.0,0.0,0.0
2024-10-05 00:00:00+05:30,310,Shadnagar,1330,Shadnagar,98,Cabbage,98,Common,0.0,20.0,1600.0,2100.0,1800.0,0.0,0.0
2024-10-05 00:00:00+05:30,303,Kalwakurthy,1340,Kalwakurthy,111,Brinjal,111,Common,0.0,3.0,1500.0,2500.0,2000.0,0.0,0.0
2024-10-05 00:00:00+05:30,281,Venkateshwar Nagar,1106,V Nagar,111,Brinjal,111,Common,0.0,7.0,20.0,20.0,20.0,0.0,0.0
2024-10-05 00:00:00+05:30,331,Vantimamidi,1612,Vantimamidi,112,Ladys Finger,112,Common,0.0,3.0,1500.0,3500.0,2500.0,0.0,0.0
2024-10-05 00:00:00+05:30,367,Gudimalkapur,1571,Gudumalkapur,112,Ladys Finger,112,Common,0.0,462.0,1000.0,2500.0,1800.0,0.0,0.0
2024-10-06 00:00:00+05:30,323,Gaddiannaram,2,L.B Nagar,116,French Beans,116,Common,0.0,24.0,6000.0,7000.0,6500.0,0.0,0.0
2024-10-06 00:00:00+05:30,324,Bowenpally,3,Bowenpally,111,Brinjal,279,Round,0.0,800.0,1000.0,3500.0,3000.0,0.0,0.0
2024-10-06 00:00:00+05:30,325,Hyderabad,6,Madannapeta,118,Field Beans,118,Common,0.0,5.0,3500.0,4000.0,3750.0,0.0,0.0
2024-10-06 00:00:00+05:30,331,Vantimamidi,1612,Vantimamidi,112,Ladys Finger,112,Common,0.0,4.0,1200.0,3000.0,2100.0,0.0,0.0
2024-10-06 00:00:00+05:30,367,Gudimalkapur,1571,Gudumalkapur,112,Ladys Finger,112,Common,0.0,283.0,1500.0,3500.0,2000.0,0.0,0.0
2024-10-06 00:00:00+05:30,281,Venkateshwar Nagar,1106,V Nagar,111,Brinjal,111,Common,0.0,8.0,20.0,20.0,20.0,0.0,0.0
2024-10-06 00:00:00+05:30,303,Kalwakurthy,1340,Kalwakurthy,111,Brinjal,111,Common,0.0,1.0,2000.0,2000.0,2000.0,0.0,0.0
2024-10-07 00:00:00+05:30,324,Bowenpally,3,Bowenpally,111,Brinjal,279,Round,0.0,300.0,600.0,3500.0,2800.0,0.0,0.0
2024-10-07 00:00:00+05:30,323,Gaddiannaram,1,Gaddiannaram,84,Sapota,84,Common,0.0,10.0,3500.0,3500.0,3500.0,0.0,0.0
2024-10-07 00:00:00+05:30,325,Hyderabad,5,Mahabubmansion,57,Tumeric,57,Common,0.0,25.0,12000.0,17000.0,15000.0,0.0,0.0
2024-10-06 00:00:00+05:30,310,Shadnagar,1330,Shadnagar,98,Cabbage,98,Common,0.0,15.0,1500.0,2500.0,1800.0,0.0,0.0
2024-10-07 00:00:00+05:30,323,Gaddiannaram,2,L.B Nagar,116,French Beans,116,Common,0.0,17.0,6000.0,7000.0,6500.0,0.0,0.0
2024-10-07 00:00:00+05:30,325,Hyderabad,6,Madannapeta,118,Field Beans,118,Common,0.0,6.0,3000.0,3500.0,3250.0,0.0,0.0
2024-10-07 00:00:00+05:30,367,Gudimalkapur,1571,Gudumalkapur,112,Ladys Finger,112,Common,0.0,290.0,1000.0,3000.0,2000.0,0.0,0.0
2024-10-07 00:00:00+05:30,310,Shadnagar,1330,Shadnagar,98,Cabbage,98,Common,0.0,12.0,800.0,1500.0,1000.0,0.0,0.0
2024-10-07 00:00:00+05:30,278,Suryapet,1091,Suryapet,17,Black Gram,17,Common,0.0,5.0,3006.0,3006.0,3006.0,0.0,0.0
2024-10-07 00:00:00+05:30,256,Khammam,1067,Khammam,54,Chillies(Dry),250,Teja,0.0,282.0,9000.0,16500.0,15700.0,0.0,0.0
2024-10-07 00:00:00+05:30,239,Kesamudram,1168,Kesamudram,57,Tumeric,228,Bulb,0.0,5.0,9001.0,10081.0,10001.0,0.0,0.0
2024-10-07 00:00:00+05:30,331,Vantimamidi,1612,Vantimamidi,112,Ladys Finger,112,Common,0.0,4.0,1000.0,4000.0,2500.0,0.0,0.0
2024-10-08 00:00:00+05:30,323,Gaddiannaram,1,Gaddiannaram,84,Sapota,84,Common,0.0,15.0,3750.0,3750.0,3750.0,0.0,0.0
2024-10-07 00:00:00+05:30,303,Kalwakurthy,1340,Kalwakurthy,111,Brinjal,111,Common,0.0,1.0,2000.0,3000.0,2500.0,0.0,0.0
2024-10-08 00:00:00+05:30,323,Gaddiannaram,2,L.B Nagar,116,French Beans,116,Common,0.0,10.0,6000.0,7000.0,6500.0,0.0,0.0
2024-10-08 00:00:00+05:30,325,Hyderabad,6,Madannapeta,118,Field Beans,118,Common,0.0,5.0,2500.0,3000.0,2750.0,0.0,0.0
2024-10-08 00:00:00+05:30,281,Venkateshwar Nagar,1106,V Nagar,111,Brinjal,111,Common,0.0,9.0,15.0,15.0,15.0,0.0,0.0
2024-10-08 00:00:00+05:30,256,Khammam,1067,Khammam,54,Chillies(Dry),250,Teja,0.0,1083.0,10000.0,19800.0,15500.0,0.0,0.0
2024-10-08 00:00:00+05:30,310,Shadnagar,1330,Shadnagar,98,Cabbage,98,Common,0.0,10.0,1500.0,2000.0,1800.0,0.0,0.0
2024-10-08 00:00:00+05:30,303,Kalwakurthy,1340,Kalwakurthy,111,Brinjal,111,Common,0.0,2.0,2000.0,4000.0,3000.0,0.0,0.0
2024-10-09 00:00:00+05:30,323,Gaddiannaram,2,L.B Nagar,116,French Beans,116,Common,0.0,7.0,6000.0,7000.0,6500.0,0.0,0.0
2024-10-08 00:00:00+05:30,331,Vantimamidi,1612,Vantimamidi,112,Ladys Finger,112,Common,0.0,9.0,1000.0,3000.0,2000.0,0.0,0.0
2024-10-08 00:00:00+05:30,367,Gudimalkapur,1571,Gudumalkapur,112,Ladys Finger,112,Common,0.0,239.0,2000.0,4000.0,2500.0,0.0,0.0
2024-10-09 00:00:00+05:30,256,Khammam,1067,Khammam,54,Chillies(Dry),250,Teja,0.0,178.0,9500.0,18600.0,17200.0,0.0,0.0
2024-10-09 00:00:00+05:30,367,Gudimalkapur,1571,Gudumalkapur,112,Ladys Finger,112,Common,0.0,310.0,2000.0,3500.0,2500.0,0.0,0.0
2024-10-09 00:00:00+05:30,303,Kalwakurthy,1340,Kalwakurthy,111,Brinjal,111,Common,0.0,1.0,2000.0,3000.0,2500.0,0.0,0.0
2024-10-09 00:00:00+05:30,310,Shadnagar,1330,Shadnagar,98,Cabbage,98,Common,0.0,12.0,800.0,1500.0,1000.0,0.0,0.0
2024-10-10 00:00:00+05:30,324,Bowenpally,3,Bowenpally,111,Brinjal,279,Round,0.0,250.0,1000.0,3500.0,3000.0,0.0,0.0
2024-10-09 00:00:00+05:30,331,Vantimamidi,1612,Vantimamidi,112,Ladys Finger,112,Common,0.0,5.0,1500.0,3500.0,2500.0,0.0,0.0
2024-10-10 00:00:00+05:30,323,Gaddiannaram,1,Gaddiannaram,84,Sapota,84,Common,0.0,45.0,3500.0,4000.0,3750.0,0.0,0.0
2024-10-10 00:00:00+05:30,323,Gaddiannaram,2,L.B Nagar,116,French Beans,116,Common,0.0,9.0,6000.0,7000.0,6500.0,0.0,0.0
2024-10-10 00:00:00+05:30,281,Venkateshwar Nagar,1106,V Nagar,111,Brinjal,111,Common,0.0,10.0,15.0,15.0,15.0,0.0,0.0
2024-10-10 00:00:00+05:30,331,Vantimamidi,1612,Vantimamidi,112,Ladys Finger,112,Common,0.0,4.0,1000.0,2000.0,1500.0,0.0,0.0
2024-10-10 00:00:00+05:30,303,Kalwakurthy,1340,Kalwakurthy,111,Brinjal,111,Common,0.0,1.0,2000.0,3600.0,2800.0,0.0,0.0
2024-10-10 00:00:00+05:30,367,Gudimalkapur,1571,Gudumalkapur,112,Ladys Finger,112,Common,0.0,309.0,2000.0,4000.0,2500.0,0.0,0.0
2024-10-11 00:00:00+05:30,324,Bowenpally,3,Bowenpally,111,Brinjal,279,Round,0.0,200.0,1000.0,3000.0,2500.0,0.0,0.0
2024-10-11 00:00:00+05:30,325,Hyderabad,6,Madannapeta,118,Field Beans,118,Common,0.0,3.0,3000.0,3000.0,3000.0,0.0,0.0
2024-10-11 00:00:00+05:30,323,Gaddiannaram,2,L.B Nagar,116,French Beans,116,Common,0.0,8.0,5000.0,7000.0,6000.0,0.0,0.0
2024-10-11 00:00:00+05:30,281,Venkateshwar Nagar,1106,V Nagar,111,Brinjal,111,Common,0.0,8.0,20.0,20.0,20.0,0.0,0.0
2024-10-11 00:00:00+05:30,303,Kalwakurthy,1340,Kalwakurthy,111,Brinjal,111,Common,0.0,2.0,2000.0,3000.0,2500.0,0.0,0.0
2024-10-11 00:00:00+05:30,310,Shadnagar,1330,Shadnagar,98,Cabbage,98,Common,0.0,15.0,1200.0,1800.0,1500.0,0.0,0.0
2024-10-10 00:00:00+05:30,310,Shadnagar,1330,Shadnagar,98,Cabbage,98,Common,0.0,15.0,1200.0,1800.0,1500.0,0.0,0.0
2024-10-11 00:00:00+05:30,367,Gudimalkapur,1571,Gudumalkapur,112,Ladys Finger,112,Common,0.0,311.0,1000.0,3000.0,1500.0,0.0,0.0
2024-10-12 00:00:00+05:30,323,Gaddiannaram,2,L.B Nagar,116,French Beans,116,Common,0.0,10.0,5000.0,7000.0,6000.0,0.0,0.0
2024-10-12 00:00:00+05:30,324,Bowenpally,3,Bowenpally,111,Brinjal,279,Round,0.0,115.0,500.0,4000.0,3500.0,0.0,0.0
2024-10-12 00:00:00+05:30,367,Gudimalkapur,1571,Gudumalkapur,112,Ladys Finger,112,Common,0.0,242.0,1000.0,2000.0,1500.0,0.0,0.0
2024-10-11 00:00:00+05:30,331,Vantimamidi,1612,Vantimamidi,112,Ladys Finger,112,Common,0.0,5.0,1000.0,3000.0,2000.0,0.0,0.0
2024-10-12 00:00:00+05:30,310,Shadnagar,1330,Shadnagar,98,Cabbage,98,Common,0.0,10.0,1200.0,1800.0,1500.0,0.0,0.0
2024-10-13 00:00:00+05:30,310,Shadnagar,1330,Shadnagar,98,Cabbage,98,Common,0.0,15.0,1200.0,1500.0,1300.0,0.0,0.0
2024-10-13 00:00:00+05:30,324,Bowenpally,3,Bowenpally,111,Brinjal,279,Round,0.0,150.0,1000.0,3000.0,2500.0,0.0,0.0
2024-10-13 00:00:00+05:30,367,Gudimalkapur,1571,Gudumalkapur,112,Ladys Finger,112,Common,0.0,257.0,1000.0,2500.0,1500.0,0.0,0.0
2024-10-13 00:00:00+05:30,331,Vantimamidi,1612,Vantimamidi,112,Ladys Finger,112,Common,0.0,7.0,1500.0,3000.0,2250.0,0.0,0.0
2024-10-13 00:00:00+05:30,303,Kalwakurthy,1340,Kalwakurthy,111,Brinjal,111,Common,0.0,1.0,3000.0,3000.0,3000.0,0.0,0.0
2024-10-14 00:00:00+05:30,324,Bowenpally,3,Bowenpally,111,Brinjal,279,Round,0.0,300.0,500.0,3000.0,2500.0,0.0,0.0
2024-10-14 00:00:00+05:30,325,Hyderabad,6,Madannapeta,118,Field Beans,118,Common,0.0,2.0,3000.0,3000.0,3000.0,0.0,0.0
2024-10-14 00:00:00+05:30,323,Gaddiannaram,1,Gaddiannaram,84,Sapota,84,Common,0.0,10.0,2500.0,2500.0,2500.0,0.0,0.0
2024-10-14 00:00:00+05:30,323,Gaddiannaram,2,L.B Nagar,116,French Beans,116,Common,0.0,8.0,6000.0,7000.0,6500.0,0.0,0.0
2024-10-14 00:00:00+05:30,367,Gudimalkapur,1571,Gudumalkapur,112,Ladys Finger,112,Common,0.0,291.0,1200.0,3200.0,2000.0,0.0,0.0
2024-10-14 00:00:00+05:30,331,Vantimamidi,1612,Vantimamidi,112,Ladys Finger,112,Common,0.0,9.0,2000.0,3000.0,2500.0,0.0,0.0
2024-10-14 00:00:00+05:30,303,Kalwakurthy,1340,Kalwakurthy,111,Brinjal,111,Common,0.0,1.0,3000.0,3000.0,3000.0,0.0,0.0
2024-10-14 00:00:00+05:30,310,Shadnagar,1330,Shadnagar,98,Cabbage,98,Common,0.0,15.0,1200.0,1600.0,1300.0,0.0,0.0
2024-10-14 00:00:00+05:30,256,Khammam,1067,Khammam,54,Chillies(Dry),250,Teja,0.0,68.0,13000.0,19700.0,15000.0,0.0,0.0
2024-10-14 00:00:00+05:30,246,Warangal,886,Warangal,15,Red Gram,15,Common,0.0,1.69,4222.0,4222.0,4222.0,0.0,0.0
2024-10-15 00:00:00+05:30,246,Warangal,886,Warangal,15,Red Gram,15,Common,0.0,1.06,5659.0,6959.0,5659.0,0.0,0.0
2024-10-15 00:00:00+05:30,324,Bowenpally,3,Bowenpally,111,Brinjal,279,Round,0.0,550.0,500.0,3000.0,2500.0,0.0,0.0
2024-10-15 00:00:00+05:30,323,Gaddiannaram,2,L.B Nagar,116,French Beans,116,Common,0.0,5.0,6000.0,8000.0,7000.0,0.0,0.0
2024-10-15 00:00:00+05:30,310,Shadnagar,1330,Shadnagar,98,Cabbage,98,Common,0.0,15.0,800.0,1200.0,1000.0,0.0,0.0
2024-10-15 00:00:00+05:30,256,Khammam,1067,Khammam,54,Chillies(Dry),250,Teja,0.0,287.0,6000.0,17000.0,16500.0,0.0,0.0
2024-10-16 00:00:00+05:30,323,Gaddiannaram,2,L.B Nagar,116,French Beans,116,Common,0.0,6.0,10000.0,15000.0,12000.0,0.0,0.0
2024-10-15 00:00:00+05:30,303,Kalwakurthy,1340,Kalwakurthy,111,Brinjal,111,Common,0.0,2.0,3000.0,4000.0,3500.0,0.0,0.0
2024-10-15 00:00:00+05:30,367,Gudimalkapur,1571,Gudumalkapur,112,Ladys Finger,112,Common,0.0,329.0,1200.0,3500.0,2000.0,0.0,0.0
2024-10-15 00:00:00+05:30,331,Vantimamidi,1612,Vantimamidi,112,Ladys Finger,112,Common,0.0,6.0,2000.0,3000.0,2500.0,0.0,0.0
2024-10-16 00:00:00+05:30,256,Khammam,1067,Khammam,54,Chillies(Dry),250,Teja,0.0,245.0,6000.0,16900.0,16000.0,0.0,0.0
2024-10-16 00:00:00+05:30,325,Hyderabad,6,Madannapeta,118,Field Beans,118,Common,0.0,4.0,6000.0,6000.0,6000.0,0.0,0.0
2024-10-16 00:00:00+05:30,323,Gaddiannaram,1,Gaddiannaram,84,Sapota,84,Common,0.0,15.0,3500.0,4000.0,3750.0,0.0,0.0
2024-10-16 00:00:00+05:30,324,Bowenpally,3,Bowenpally,111,Brinjal,279,Round,0.0,400.0,1000.0,3000.0,2500.0,0.0,0.0
2024-10-16 00:00:00+05:30,278,Suryapet,1091,Suryapet,17,Black Gram,17,Common,0.0,2.0,6513.0,6513.0,6513.0,0.0,0.0
2024-10-16 00:00:00+05:30,367,Gudimalkapur,1571,Gudumalkapur,112,Ladys Finger,112,Common,0.0,386.0,800.0,3800.0,2000.0,0.0,0.0
2024-10-16 00:00:00+05:30,310,Shadnagar,1330,Shadnagar,98,Cabbage,98,Common,0.0,10.0,1200.0,1800.0,1500.0,0.0,0.0
2024-10-17 00:00:00+05:30,323,Gaddiannaram,1,Gaddiannaram,84,Sapota,84,Common,0.0,15.0,3500.0,4000.0,3750.0,0.0,0.0
2024-10-16 00:00:00+05:30,331,Vantimamidi,1612,Vantimamidi,112,Ladys Finger,112,Common,0.0,8.0,2000.0,4000.0,3.0,0.0,0.0
2024-10-16 00:00:00+05:30,303,Kalwakurthy,1340,Kalwakurthy,111,Brinjal,111,Common,0.0,4.0,2000.0,3500.0,2750.0,0.0,0.0
2024-10-17 00:00:00+05:30,324,Bowenpally,3,Bowenpally,111,Brinjal,279,Round,0.0,500.0,400.0,3000.0,2500.0,0.0,0.0
2024-10-17 00:00:00+05:30,325,Hyderabad,6,Madannapeta,118,Field Beans,118,Common,0.0,4.0,3000.0,4000.0,3500.0,0.0,0.0
2024-10-17 00:00:00+05:30,323,Gaddiannaram,2,L.B Nagar,116,French Beans,116,Common,0.0,10.0,10000.0,15000.0,12000.0,0.0,0.0
2024-10-17 00:00:00+05:30,246,Warangal,886,Warangal,15,Red Gram,15,Common,0.0,0.37,5855.0,5855.0,5855.0,0.0,0.0
2024-10-17 00:00:00+05:30,256,Khammam,1067,Khammam,54,Chillies(Dry),250,Teja,0.0,206.0,9000.0,16900.0,15000.0,0.0,0.0
2024-10-18 00:00:00+05:30,323,Gaddiannaram,1,Gaddiannaram,84,Sapota,84,Common,0.0,6.0,3750.0,3750.0,3750.0,0.0,0.0
2024-10-17 00:00:00+05:30,331,Vantimamidi,1612,Vantimamidi,112,Ladys Finger,112,Common,0.0,11.0,3000.0,4000.0,3500.0,0.0,0.0
2024-10-17 00:00:00+05:30,367,Gudimalkapur,1571,Gudumalkapur,112,Ladys Finger,112,Common,0.0,313.0,1500.0,4000.0,2000.0,0.0,0.0
2024-10-17 00:00:00+05:30,303,Kalwakurthy,1340,Kalwakurthy,111,Brinjal,111,Common,0.0,2.0,1500.0,3000.0,2250.0,0.0,0.0
2024-10-17 00:00:00+05:30,310,Shadnagar,1330,Shadnagar,98,Cabbage,98,Common,0.0,15.0,1000.0,1400.0,1200.0,0.0,0.0
2024-10-18 00:00:00+05:30,324,Bowenpally,3,Bowenpally,111,Brinjal,279,Round,0.0,600.0,1000.0,3000.0,2500.0,0.0,0.0
2024-10-18 00:00:00+05:30,323,Gaddiannaram,2,L.B Nagar,116,French Beans,116,Common,0.0,10.0,10000.0,15000.0,12000.0,0.0,0.0
2024-10-18 00:00:00+05:30,325,Hyderabad,6,Madannapeta,118,Field Beans,118,Common,0.0,8.0,6000.0,6000.0,6000.0,0.0,0.0
2024-10-18 00:00:00+05:30,246,Warangal,886,Warangal,15,Red Gram,15,Common,0.0,17.4,7212.0,7212.0,7212.0,0.0,0.0
2024-10-18 00:00:00+05:30,278,Suryapet,1091,Suryapet,17,Black Gram,17,Common,0.0,2.0,6732.0,6732.0,6732.0,0.0,0.0
2024-10-18 00:00:00+05:30,256,Khammam,1067,Khammam,54,Chillies(Dry),250,Teja,0.0,292.0,9500.0,16400.0,15000.0,0.0,0.0
2024-10-18 00:00:00+05:30,367,Gudimalkapur,1571,Gudumalkapur,112,Ladys Finger,112,Common,0.0,296.0,1500.0,4000.0,2000.0,0.0,0.0
2024-10-19 00:00:00+05:30,323,Gaddiannaram,1,Gaddiannaram,84,Sapota,84,Common,0.0,18.0,3750.0,3750.0,3750.0,0.0,0.0
2024-10-18 00:00:00+05:30,331,Vantimamidi,1612,Vantimamidi,112,Ladys Finger,112,Common,0.0,8.0,2000.0,4000.0,3000.0,0.0,0.0
2024-10-19 00:00:00+05:30,324,Bowenpally,3,Bowenpally,111,Brinjal,279,Round,0.0,350.0,500.0,3000.0,2200.0,0.0,0.0
2024-10-19 00:00:00+05:30,323,Gaddiannaram,2,L.B Nagar,116,French Beans,116,Common,0.0,7.0,10000.0,15000.0,12000.0,0.0,0.0
2024-10-18 00:00:00+05:30,303,Kalwakurthy,1340,Kalwakurthy,111,Brinjal,111,Common,0.0,2.0,2000.0,3500.0,2750.0,0.0,0.0
2024-10-19 00:00:00+05:30,325,Hyderabad,5,Mahabubmansion,57,Tumeric,57,Common,0.0,20.0,13000.0,17000.0,15000.0,0.0,0.0
2024-10-19 00:00:00+05:30,367,Gudimalkapur,1571,Gudumalkapur,112,Ladys Finger,112,Common,0.0,272.0,1500.0,4500.0,3000.0,0.0,0.0
2024-10-20 00:00:00+05:30,324,Bowenpally,3,Bowenpally,111,Brinjal,279,Round,0.0,700.0,1200.0,3000.0,2600.0,0.0,0.0
2024-10-19 00:00:00+05:30,331,Vantimamidi,1612,Vantimamidi,112,Ladys Finger,112,Common,0.0,8.0,2000.0,4000.0,3000.0,0.0,0.0
2024-10-19 00:00:00+05:30,310,Shadnagar,1330,Shadnagar,98,Cabbage,98,Common,0.0,10.0,800.0,1400.0,1200.0,0.0,0.0
2024-10-20 00:00:00+05:30,325,Hyderabad,6,Madannapeta,118,Field Beans,118,Common,0.0,7.0,3000.0,6000.0,4500.0,0.0,0.0
2024-10-20 00:00:00+05:30,323,Gaddiannaram,2,L.B Nagar,116,French Beans,116,Common,0.0,4.0,10000.0,15000.0,12000.0,0.0,0.0
2024-10-20 00:00:00+05:30,281,Venkateshwar Nagar,1106,V Nagar,111,Brinjal,111,Common,0.0,11.0,15.0,15.0,15.0,0.0,0.0
2024-10-20 00:00:00+05:30,310,Shadnagar,1330,Shadnagar,98,Cabbage,98,Common,0.0,25.0,800.0,1200.0,1000.0,0.0,0.0
2024-10-20 00:00:00+05:30,367,Gudimalkapur,1571,Gudumalkapur,112,Ladys Finger,112,Common,0.0,313.0,2500.0,4500.0,3000.0,0.0,0.0
2024-10-20 00:00:00+05:30,331,Vantimamidi,1612,Vantimamidi,112,Ladys Finger,112,Common,0.0,10.0,1500.0,4000.0,2750.0,0.0,0.0
2024-10-21 00:00:00+05:30,324,Bowenpally,3,Bowenpally,111,Brinjal,279,Round,0.0,450.0,1000.0,3000.0,2500.0,0.0,0.0
2024-10-21 00:00:00+05:30,323,Gaddiannaram,1,Gaddiannaram,84,Sapota,84,Common,0.0,7.0,4000.0,4000.0,4000.0,0.0,0.0
2024-10-21 00:00:00+05:30,323,Gaddiannaram,2,L.B Nagar,116,French Beans,116,Common,0.0,5.0,10000.0,15000.0,12000.0,0.0,0.0
2024-10-21 00:00:00+05:30,325,Hyderabad,5,Mahabubmansion,57,Tumeric,57,Common,0.0,25.0,15000.0,18000.0,17000.0,0.0,0.0
2024-10-21 00:00:00+05:30,325,Hyderabad,6,Madannapeta,118,Field Beans,118,Common,0.0,3.0,5800.0,6000.0,5900.0,0.0,0.0
2024-10-21 00:00:00+05:30,246,Warangal,886,Warangal,15,Red Gram,15,Common,0.0,2.07,3000.0,3000.0,3000.0,0.0,0.0
2024-10-21 00:00:00+05:30,278,Suryapet,1091,Suryapet,17,Black Gram,17,Common,0.0,40.0,2329.0,5193.0,5196.0,0.0,0.0
2024-10-21 00:00:00+05:30,256,Khammam,1067,Khammam,54,Chillies(Dry),250,Teja,0.0,555.0,9000.0,16500.0,15600.0,0.0,0.0
2024-10-21 00:00:00+05:30,367,Gudimalkapur,1571,Gudumalkapur,112,Ladys Finger,112,Common,0.0,277.0,1000.0,4500.0,3000.0,0.0,0.0
2024-10-22 00:00:00+05:30,323,Gaddiannaram,1,Gaddiannaram,84,Sapota,84,Common,0.0,13.0,3750.0,3750.0,3750.0,0.0,0.0
2024-10-21 00:00:00+05:30,303,Kalwakurthy,1340,Kalwakurthy,111,Brinjal,111,Common,0.0,3.0,3000.0,3500.0,3250.0,0.0,0.0
2024-10-22 00:00:00+05:30,323,Gaddiannaram,2,L.B Nagar,116,French Beans,116,Common,0.0,5.0,10000.0,15000.0,12000.0,0.0,0.0
2024-10-21 00:00:00+05:30,331,Vantimamidi,1612,Vantimamidi,112,Ladys Finger,112,Common,0.0,7.0,2000.0,4000.0,3000.0,0.0,0.0
2024-10-21 00:00:00+05:30,310,Shadnagar,1330,Shadnagar,98,Cabbage,98,Common,0.0,20.0,800.0,1500.0,1000.0,0.0,0.0
2024-10-22 00:00:00+05:30,324,Bowenpally,3,Bowenpally,111,Brinjal,279,Round,0.0,400.0,1000.0,3500.0,3000.0,0.0,0.0
2024-10-22 00:00:00+05:30,278,Suryapet,1091,Suryapet,17,Black Gram,17,Common,0.0,40.0,3526.0,5426.0,5426.0,0.0,0.0
2024-10-22 00:00:00+05:30,256,Khammam,1067,Khammam,54,Chillies(Dry),250,Teja,0.0,456.0,8500.0,17500.0,13500.0,0.0,0.0
2024-10-22 00:00:00+05:30,281,Venkateshwar Nagar,1106,V Nagar,111,Brinjal,111,Common,0.0,12.0,15.0,15.0,15.0,0.0,0.0
2024-10-22 00:00:00+05:30,310,Shadnagar,1330,Shadnagar,98,Cabbage,98,Common,0.0,10.0,1500.0,2000.0,1800.0,0.0,0.0
2024-10-22 00:00:00+05:30,367,Gudimalkapur,1571,Gudumalkapur,112,Ladys Finger,112,Common,0.0,240.0,1200.0,5000.0,3500.0,0.0,0.0
2024-10-22 00:00:00+05:30,303,Kalwakurthy,1340,Kalwakurthy,111,Brinjal,111,Common,0.0,2.0,3000.0,4000.0,3500.0,0.0,0.0
2024-10-23 00:00:00+05:30,323,Gaddiannaram,2,L.B Nagar,116,French Beans,116,Common,0.0,5.0,10000.0,16000.0,12000.0,0.0,0.0
2024-10-23 00:00:00+05:30,323,Gaddiannaram,1,Gaddiannaram,84,Sapota,84,Common,0.0,19.0,750.0,3500.0,5000.0,0.0,0.0
2024-10-23 00:00:00+05:30,325,Hyderabad,6,Madannapeta,118,Field Beans,118,Common,0.0,3.0,6000.0,6000.0,6000.0,0.0,0.0
2024-10-23 00:00:00+05:30,324,Bowenpally,3,Bowenpally,111,Brinjal,279,Round,0.0,350.0,1000.0,3500.0,2800.0,0.0,0.0
2024-10-23 00:00:00+05:30,281,Venkateshwar Nagar,1106,V Nagar,111,Brinjal,111,Common,0.0,4.0,20.0,20.0,20.0,0.0,0.0
2024-10-23 00:00:00+05:30,278,Suryapet,1091,Suryapet,17,Black Gram,17,Common,0.0,39.0,6059.0,6059.0,6059.0,0.0,0.0
2024-10-23 00:00:00+05:30,325,Hyderabad,5,Mahabubmansion,57,Tumeric,57,Common,0.0,10.0,15000.0,18000.0,17000.0,0.0,0.0
2024-10-23 00:00:00+05:30,246,Warangal,886,Warangal,15,Red Gram,15,Common,0.0,2.01,4800.0,7600.0,7500.0,0.0,0.0
2024-10-23 00:00:00+05:30,367,Gudimalkapur,1571,Gudumalkapur,112,Ladys Finger,112,Common,0.0,240.0,3000.0,6300.0,4500.0,0.0,0.0
2024-10-23 00:00:00+05:30,303,Kalwakurthy,1340,Kalwakurthy,111,Brinjal,111,Common,0.0,3.0,3000.0,4000.0,3500.0,0.0,0.0
2024-10-23 00:00:00+05:30,310,Shadnagar,1330,Shadnagar,98,Cabbage,98,Common,0.0,18.0,1200.0,1800.0,1500.0,0.0,0.0
2024-10-23 00:00:00+05:30,256,Khammam,1067,Khammam,54,Chillies(Dry),250,Teja,0.0,482.0,9000.0,17000.0,14700.0,0.0,0.0
2024-10-24 00:00:00+05:30,323,Gaddiannaram,1,Gaddiannaram,84,Sapota,84,Common,0.0,20.0,3750.0,6500.0,5000.0,0.0,0.0
2024-10-23 00:00:00+05:30,331,Vantimamidi,1612,Vantimamidi,112,Ladys Finger,112,Common,0.0,10.0,2000.0,6000.0,4000.0,0.0,0.0
2024-10-24 00:00:00+05:30,324,Bowenpally,3,Bowenpally,111,Brinjal,279,Round,0.0,300.0,500.0,3500.0,2800.0,0.0,0.0
2024-10-24 00:00:00+05:30,325,Hyderabad,6,Madannapeta,118,Field Beans,118,Common,0.0,1.0,6500.0,6500.0,6500.0,0.0,0.0
2024-10-24 00:00:00+05:30,323,Gaddiannaram,2,L.B Nagar,116,French Beans,116,Common,0.0,5.0,10000.0,16000.0,12000.0,0.0,0.0
2024-10-24 00:00:00+05:30,281,Venkateshwar Nagar,1106,V Nagar,111,Brinjal,111,Common,0.0,7.0,20.0,20.0,20.0,0.0,0.0
2024-10-24 00:00:00+05:30,278,Suryapet,1091,Suryapet,17,Black Gram,17,Common,0.0,2.0,2312.0,4446.0,4446.0,0.0,0.0
2024-10-24 00:00:00+05:30,256,Khammam,1067,Khammam,54,Chillies(Dry),250,Teja,0.0,581.0,9000.0,16500.0,16000.0,0.0,0.0
2024-10-24 00:00:00+05:30,246,Warangal,886,Warangal,15,Red Gram,15,Common,0.0,3.45,7000.0,7350.0,7350.0,0.0,0.0
2024-10-24 00:00:00+05:30,367,Gudimalkapur,1571,Gudumalkapur,112,Ladys Finger,112,Common,0.0,261.0,1000.0,6000.0,4000.0,0.0,0.0
2024-10-24 00:00:00+05:30,303,Kalwakurthy,1340,Kalwakurthy,111,Brinjal,111,Common,0.0,3.0,3000.0,4000.0,3500.0,0.0,0.0
2024-10-25 00:00:00+05:30,323,Gaddiannaram,1,Gaddiannaram,84,Sapota,84,Common,0.0,32.0,3750.0,6000.0,4750.0,0.0,0.0
2024-10-24 00:00:00+05:30,331,Vantimamidi,1612,Vantimamidi,112,Ladys Finger,112,Common,0.0,4.0,2000.0,3000.0,2500.0,0.0,0.0
2024-10-25 00:00:00+05:30,325,Hyderabad,6,Madannapeta,118,Field Beans,118,Common,0.0,4.0,7000.0,7000.0,7000.0,0.0,0.0
2024-10-25 00:00:00+05:30,323,Gaddiannaram,2,L.B Nagar,116,French Beans,116,Common,0.0,3.0,10000.0,16000.0,12000.0,0.0,0.0
2024-10-25 00:00:00+05:30,325,Hyderabad,5,Mahabubmansion,57,Tumeric,57,Common,0.0,20.0,14000.0,17000.0,15000.0,0.0,0.0
2024-10-25 00:00:00+05:30,246,Warangal,886,Warangal,15,Red Gram,15,Common,0.0,0.33,7000.0,7000.0,7000.0,0.0,0.0
2024-10-25 00:00:00+05:30,281,Venkateshwar Nagar,1106,V Nagar,111,Brinjal,111,Common,0.0,11.0,20.0,20.0,20.0,0.0,0.0
2024-10-25 00:00:00+05:30,278,Suryapet,1091,Suryapet,17,Black Gram,17,Common,0.0,5.0,4618.0,4618.0,4618.0,0.0,0.0
2024-10-25 00:00:00+05:30,256,Khammam,1067,Khammam,54,Chillies(Dry),250,Teja,0.0,494.0,6500.0,17000.0,15300.0,0.0,0.0
2024-10-25 00:00:00+05:30,303,Kalwakurthy,1340,Kalwakurthy,111,Brinjal,111,Common,0.0,3.0,4000.0,4500.0,4250.0,0.0,0.0
2024-10-25 00:00:00+05:30,310,Shadnagar,1330,Shadnagar,98,Cabbage,98,Common,0.0,25.0,1200.0,1800.0,1500.0,0.0,0.0
2024-10-26 00:00:00+05:30,323,Gaddiannaram,1,Gaddiannaram,84,Sapota,84,Common,0.0,10.0,6500.0,6500.0,6500.0,0.0,0.0
2024-10-26 00:00:00+05:30,323,Gaddiannaram,2,L.B Nagar,116,French Beans,116,Common,0.0,7.0,10000.0,15000.0,12000.0,0.0,0.0
2024-10-25 00:00:00+05:30,367,Gudimalkapur,1571,Gudumalkapur,112,Ladys Finger,112,Common,0.0,246.0,2000.0,6000.0,4000.0,0.0,0.0
2024-10-25 00:00:00+05:30,331,Vantimamidi,1612,Vantimamidi,112,Ladys Finger,112,Common,0.0,9.0,1600.0,4000.0,2800.0,0.0,0.0
2024-10-26 00:00:00+05:30,324,Bowenpally,3,Bowenpally,111,Brinjal,279,Round,0.0,300.0,1000.0,3500.0,2500.0,0.0,0.0
2024-10-26 00:00:00+05:30,367,Gudimalkapur,1571,Gudumalkapur,112,Ladys Finger,112,Common,0.0,226.0,3500.0,6000.0,4000.0,0.0,0.0
2024-10-26 00:00:00+05:30,310,Shadnagar,1330,Shadnagar,98,Cabbage,98,Common,0.0,20.0,800.0,1200.0,1000.0,0.0,0.0
2024-10-26 00:00:00+05:30,303,Kalwakurthy,1340,Kalwakurthy,111,Brinjal,111,Common,0.0,3.0,2500.0,4500.0,3500.0,0.0,0.0
2024-10-26 00:00:00+05:30,331,Vantimamidi,1612,Vantimamidi,112,Ladys Finger,112,Common,0.0,5.0,2000.0,5000.0,3500.0,0.0,0.0
2024-10-27 00:00:00+05:30,281,Venkateshwar Nagar,1106,V Nagar,111,Brinjal,111,Common,0.0,11.0,20.0,20.0,20.0,0.0,0.0
2024-10-27 00:00:00+05:30,310,Shadnagar,1330,Shadnagar,98,Cabbage,98,Common,0.0,25.0,1500.0,2000.0,1800.0,0.0,0.0
2024-10-27 00:00:00+05:30,303,Kalwakurthy,1340,Kalwakurthy,111,Brinjal,111,Common,0.0,1.0,4000.0,4500.0,4250.0,0.0,0.0
2024-10-27 00:00:00+05:30,324,Bowenpally,3,Bowenpally,111,Brinjal,279,Round,0.0,700.0,1000.0,4000.0,3200.0,0.0,0.0
2024-10-27 00:00:00+05:30,323,Gaddiannaram,1,Gaddiannaram,84,Sapota,84,Common,0.0,13.0,6500.0,6500.0,6500.0,0.0,0.0
2024-10-27 00:00:00+05:30,325,Hyderabad,6,Madannapeta,118,Field Beans,118,Common,0.0,2.0,5000.0,5000.0,5000.0,0.0,0.0
2024-10-27 00:00:00+05:30,323,Gaddiannaram,2,L.B Nagar,116,French Beans,116,Common,0.0,8.0,10000.0,15000.0,12000.0,0.0,0.0
2024-10-28 00:00:00+05:30,323,Gaddiannaram,2,L.B Nagar,116,French Beans,116,Common,0.0,6.0,8000.0,12000.0,10000.0,0.0,0.0
2024-10-27 00:00:00+05:30,367,Gudimalkapur,1571,Gudumalkapur,112,Ladys Finger,112,Common,0.0,241.0,2500.0,6000.0,3500.0,0.0,0.0
2024-10-27 00:00:00+05:30,331,Vantimamidi,1612,Vantimamidi,112,Ladys Finger,112,Common,0.0,5.0,3000.0,4000.0,3500.0,0.0,0.0
2024-10-28 00:00:00+05:30,324,Bowenpally,3,Bowenpally,111,Brinjal,279,Round,0.0,300.0,500.0,4000.0,2800.0,0.0,0.0
2024-10-28 00:00:00+05:30,256,Khammam,1067,Khammam,54,Chillies(Dry),250,Teja,0.0,353.0,8000.0,16500.0,15800.0,0.0,0.0
2024-10-28 00:00:00+05:30,246,Warangal,886,Warangal,15,Red Gram,15,Common,0.0,4.47,8212.0,8212.0,8212.0,0.0,0.0
2024-10-28 00:00:00+05:30,310,Shadnagar,1330,Shadnagar,98,Cabbage,98,Common,0.0,15.0,1500.0,2000.0,1800.0,0.0,0.0
2024-10-28 00:00:00+05:30,367,Gudimalkapur,1571,Gudumalkapur,112,Ladys Finger,112,Common,0.0,213.0,1600.0,6500.0,4000.0,0.0,0.0
2024-10-28 00:00:00+05:30,331,Vantimamidi,1612,Vantimamidi,112,Ladys Finger,112,Common,0.0,5.0,3000.0,5000.0,4000.0,0.0,0.0
2024-10-29 00:00:00+05:30,324,Bowenpally,3,Bowenpally,111,Brinjal,279,Round,0.0,300.0,1000.0,4000.0,3500.0,0.0,0.0
2024-10-29 00:00:00+05:30,323,Gaddiannaram,1,Gaddiannaram,84,Sapota,84,Common,0.0,15.0,7000.0,7000.0,7000.0,0.0,0.0
2024-10-28 00:00:00+05:30,303,Kalwakurthy,1340,Kalwakurthy,111,Brinjal,111,Common,0.0,2.0,4000.0,4000.0,4000.0,0.0,0.0
2024-10-29 00:00:00+05:30,323,Gaddiannaram,2,L.B Nagar,116,French Beans,116,Common,0.0,5.0,8000.0,12000.0,10000.0,0.0,0.0
2024-10-29 00:00:00+05:30,325,Hyderabad,6,Madannapeta,118,Field Beans,118,Common,0.0,7.0,5000.0,5000.0,5000.0,0.0,0.0
2024-10-29 00:00:00+05:30,281,Venkateshwar Nagar,1106,V Nagar,111,Brinjal,111,Common,0.0,15.0,20.0,20.0,20.0,0.0,0.0
2024-10-29 00:00:00+05:30,256,Khammam,1067,Khammam,54,Chillies(Dry),250,Teja,0.0,616.0,8000.0,16500.0,14300.0,0.0,0.0
2024-10-29 00:00:00+05:30,367,Gudimalkapur,1571,Gudumalkapur,112,Ladys Finger,112,Common,0.0,228.0,2000.0,6000.0,4500.0,0.0,0.0
2024-10-29 00:00:00+05:30,331,Vantimamidi,1612,Vantimamidi,112,Ladys Finger,112,Common,0.0,17.0,2000.0,4000.0,3000.0,0.0,0.0
2024-10-30 00:00:00+05:30,323,Gaddiannaram,1,Gaddiannaram,84,Sapota,84,Common,0.0,14.0,7000.0,7000.0,7000.0,0.0,0.0
2024-10-30 00:00:00+05:30,323,Gaddiannaram,2,L.B Nagar,116,French Beans,116,Common,0.0,7.0,8000.0,12000.0,10000.0,0.0,0.0
2024-10-30 00:00:00+05:30,256,Khammam,1067,Khammam,54,Chillies(Dry),250,Teja,0.0,302.0,8400.0,16200.0,15200.0,0.0,0.0
2024-10-30 00:00:00+05:30,278,Suryapet,1091,Suryapet,17,Black Gram,17,Common,0.0,1.0,2466.0,2466.0,2466.0,0.0,0.0
2024-10-30 00:00:00+05:30,324,Bowenpally,3,Bowenpally,111,Brinjal,279,Round,0.0,450.0,1000.0,4000.0,3000.0,0.0,0.0
2024-10-29 00:00:00+05:30,303,Kalwakurthy,1340,Kalwakurthy,111,Brinjal,111,Common,0.0,2.0,4000.0,6000.0,5000.0,0.0,0.0
2024-10-30 00:00:00+05:30,367,Gudimalkapur,1571,Gudumalkapur,112,Ladys Finger,112,Common,0.0,262.0,2500.0,5000.0,4000.0,0.0,0.0
2024-10-30 00:00:00+05:30,331,Vantimamidi,1612,Vantimamidi,112,Ladys Finger,112,Common,0.0,9.0,1000.0,3000.0,2000.0,0.0,0.0
2024-10-30 00:00:00+05:30,303,Kalwakurthy,1340,Kalwakurthy,111,Brinjal,111,Common,0.0,5.0,3000.0,5500.0,4250.0,0.0,0.0
2024-10-30 00:00:00+05:30,310,Shadnagar,1330,Shadnagar,98,Cabbage,98,Common,0.0,20.0,1500.0,2000.0,1800.0,0.0,0.0
2024-10-31 00:00:00+05:30,324,Bowenpally,3,Bowenpally,111,Brinjal,279,Round,0.0,475.0,500.0,600.0,570.0,0.0,0.0
2024-10-31 00:00:00+05:30,323,Gaddiannaram,1,Gaddiannaram,84,Sapota,84,Common,0.0,17.0,7000.0,7000.0,7000.0,0.0,0.0
2024-10-31 00:00:00+05:30,323,Gaddiannaram,2,L.B Nagar,116,French Beans,116,Common,0.0,6.0,8000.0,12000.0,10000.0,0.0,0.0
2024-10-31 00:00:00+05:30,281,Venkateshwar Nagar,1106,V Nagar,111,Brinjal,111,Common,0.0,11.0,20.0,20.0,20.0,0.0,0.0
2024-10-31 00:00:00+05:30,310,Shadnagar,1330,Shadnagar,98,Cabbage,98,Common,0.0,10.0,1500.0,2200.0,1800.0,0.0,0.0
2024-10-31 00:00:00+05:30,367,Gudimalkapur,1571,Gudumalkapur,112,Ladys Finger,112,Common,0.0,315.0,2500.0,5200.0,3000.0,0.0,0.0
2024-10-31 00:00:00+05:30,303,Kalwakurthy,1340,Kalwakurthy,111,Brinjal,111,Common,0.0,2.0,3000.0,5000.0,4000.0,0.0,0.0
2024-10-26 00:00:00+05:30,331,Vantimamidi,1612,Vantimamidi,113,Green Chillies,113,Common,0.0,5.0,2000.0,2000.0,2000.0,0.0,0.0
2024-10-26 00:00:00+05:30,300,Badepally,1327,Badepally,25,Cotton,25,Common,0.0,217.0,5042.0,6299.0,5699.0,0.0,0.0
2024-10-26 00:00:00+05:30,303,Kalwakurthy,1340,Kalwakurthy,112,Ladys Finger,112,Common,0.0,1.0,4500.0,5000.0,4750.0,0.0,0.0
2024-10-26 00:00:00+05:30,310,Shadnagar,1330,Shadnagar,103,Carrot,103,Common,0.0,15.0,1800.0,2300.0,2000.0,0.0,0.0
2024-10-26 00:00:00+05:30,367,Gudimalkapur,1571,Gudumalkapur,113,Green Chillies,113,Common,0.0,686.0,1500.0,3500.0,2000.0,0.0,0.0
2024-10-26 00:00:00+05:30,324,Bowenpally,3,Bowenpally,112,Ladys Finger,112,Common,0.0,568.0,1500.0,3500.0,3000.0,0.0,0.0
2024-10-26 00:00:00+05:30,325,Hyderabad,6,Madannapeta,122,Bottle Gourd,122,Common,0.0,35.0,400.0,600.0,500.0,0.0,0.0
2024-10-26 00:00:00+05:30,325,Hyderabad,7,Meeralamandi,122,Bottle Gourd,122,Common,0.0,5.0,800.0,1000.0,900.0,0.0,0.0
2024-10-25 00:00:00+05:30,308,Nagarkurnool,1334,Nagarkurnool,31,Castor,31,Common,0.0,2.7,5659.0,5659.0,5659.0,0.0,0.0
2024-10-26 00:00:00+05:30,319,Shankerpally,40,Shankerpally,113,Green Chillies,113,Common,0.0,5.0,3000.0,4200.0,3600.0,0.0,0.0
2024-10-25 00:00:00+05:30,331,Vantimamidi,1612,Vantimamidi,113,Green Chillies,113,Common,0.0,4.0,2000.0,3000.0,2500.0,0.0,0.0
2024-10-25 00:00:00+05:30,367,Gudimalkapur,1571,Gudumalkapur,113,Green Chillies,113,Common,0.0,596.0,1200.0,3000.0,2500.0,0.0,0.0
2024-10-26 00:00:00+05:30,323,Gaddiannaram,2,L.B Nagar,117,Cluster Beans,117,Common,0.0,30.0,4000.0,5000.0,4500.0,0.0,0.0
2024-10-26 00:00:00+05:30,323,Gaddiannaram,1,Gaddiannaram,85,Musk Melon,85,Common,0.0,457.0,500.0,1500.0,800.0,0.0,0.0
2024-10-25 00:00:00+05:30,310,Shadnagar,1330,Shadnagar,103,Carrot,103,Common,0.0,10.0,1800.0,2800.0,2000.0,0.0,0.0
2024-10-25 00:00:00+05:30,303,Kalwakurthy,1340,Kalwakurthy,112,Ladys Finger,112,Common,0.0,1.0,3500.0,5000.0,4250.0,0.0,0.0
2024-10-25 00:00:00+05:30,256,Khammam,1067,Khammam,54,Chillies(Dry),252,US-341,0.0,117.0,5000.0,9000.0,8700.0,0.0,0.0
2024-10-25 00:00:00+05:30,281,Venkateshwar Nagar,1106,V Nagar,112,Ladys Finger,112,Common,0.0,2.0,40.0,40.0,40.0,0.0,0.0
2024-10-25 00:00:00+05:30,246,Warangal,886,Warangal,16,Green Gram,16,Common,0.0,5.37,5300.0,6400.0,6290.0,0.0,0.0
2024-10-25 00:00:00+05:30,325,Hyderabad,7,Meeralamandi,122,Bottle Gourd,122,Common,0.0,3.0,600.0,600.0,600.0,0.0,0.0
2024-10-25 00:00:00+05:30,323,Gaddiannaram,2,L.B Nagar,117,Cluster Beans,117,Common,0.0,27.0,4000.0,5000.0,4500.0,0.0,0.0
2024-10-25 00:00:00+05:30,325,Hyderabad,6,Madannapeta,122,Bottle Gourd,122,Common,0.0,25.0,600.0,600.0,600.0,0.0,0.0
2024-10-24 00:00:00+05:30,331,Vantimamidi,1612,Vantimamidi,113,Green Chillies,113,Common,0.0,9.0,1000.0,2000.0,1500.0,0.0,0.0
2024-10-25 00:00:00+05:30,323,Gaddiannaram,1,Gaddiannaram,85,Musk Melon,85,Common,0.0,310.0,500.0,1500.0,800.0,0.0,0.0
2024-10-24 00:00:00+05:30,303,Kalwakurthy,1340,Kalwakurthy,112,Ladys Finger,112,Common,0.0,2.0,3000.0,5000.0,4000.0,0.0,0.0
2024-10-24 00:00:00+05:30,367,Gudimalkapur,1571,Gudumalkapur,113,Green Chillies,113,Common,0.0,682.0,1500.0,4000.0,2000.0,0.0,0.0
2024-10-24 00:00:00+05:30,246,Warangal,886,Warangal,16,Green Gram,16,Common,0.0,9.7,3500.0,6200.0,5500.0,0.0,0.0
2024-10-24 00:00:00+05:30,281,Venkateshwar Nagar,1106,V Nagar,112,Ladys Finger,112,Common,0.0,2.0,40.0,40.0,40.0,0.0,0.0
2024-10-24 00:00:00+05:30,323,Gaddiannaram,2,L.B Nagar,117,Cluster Beans,117,Common,0.0,20.0,4000.0,5000.0,4500.0,0.0,0.0
2024-10-24 00:00:00+05:30,325,Hyderabad,6,Madannapeta,122,Bottle Gourd,122,Common,0.0,22.0,400.0,600.0,500.0,0.0,0.0
2024-10-24 00:00:00+05:30,325,Hyderabad,7,Meeralamandi,122,Bottle Gourd,122,Common,0.0,5.0,800.0,1000.0,900.0,0.0,0.0
2024-10-24 00:00:00+05:30,324,Bowenpally,3,Bowenpally,112,Ladys Finger,112,Common,0.0,518.0,1000.0,3500.0,2800.0,0.0,0.0
2024-10-23 00:00:00+05:30,331,Vantimamidi,1612,Vantimamidi,113,Green Chillies,113,Common,0.0,6.0,2000.0,3000.0,2500.0,0.0,0.0
2024-10-24 00:00:00+05:30,323,Gaddiannaram,1,Gaddiannaram,85,Musk Melon,85,Common,0.0,130.0,500.0,1500.0,800.0,0.0,0.0
2024-10-23 00:00:00+05:30,310,Shadnagar,1330,Shadnagar,103,Carrot,103,Common,0.0,10.0,1500.0,2000.0,1800.0,0.0,0.0
2024-10-23 00:00:00+05:30,303,Kalwakurthy,1340,Kalwakurthy,112,Ladys Finger,112,Common,0.0,2.0,3000.0,4500.0,3750.0,0.0,0.0
2024-10-23 00:00:00+05:30,300,Badepally,1327,Badepally,25,Cotton,25,Common,0.0,160.0,5002.0,6379.0,5599.0,0.0,0.0
2024-10-23 00:00:00+05:30,367,Gudimalkapur,1571,Gudumalkapur,113,Green Chillies,113,Common,0.0,750.0,1500.0,4000.0,2500.0,0.0,0.0
2024-10-23 00:00:00+05:30,246,Warangal,886,Warangal,16,Green Gram,16,Common,0.0,0.86,5475.0,5475.0,5475.0,0.0,0.0
2024-10-23 00:00:00+05:30,278,Suryapet,1091,Suryapet,18,Horse Gram,18,Common,0.0,1.0,6626.0,6626.0,6626.0,0.0,0.0
2024-10-23 00:00:00+05:30,281,Venkateshwar Nagar,1106,V Nagar,112,Ladys Finger,112,Common,0.0,2.0,40.0,40.0,40.0,0.0,0.0
2024-10-23 00:00:00+05:30,324,Bowenpally,3,Bowenpally,112,Ladys Finger,112,Common,0.0,490.0,2500.0,5500.0,4500.0,0.0,0.0
2024-10-23 00:00:00+05:30,325,Hyderabad,6,Madannapeta,122,Bottle Gourd,122,Common,0.0,50.0,600.0,800.0,700.0,0.0,0.0
2024-10-23 00:00:00+05:30,323,Gaddiannaram,1,Gaddiannaram,85,Musk Melon,85,Common,0.0,330.0,500.0,1500.0,800.0,0.0,0.0
2024-10-23 00:00:00+05:30,325,Hyderabad,7,Meeralamandi,122,Bottle Gourd,122,Common,0.0,8.0,400.0,600.0,500.0,0.0,0.0
2024-10-23 00:00:00+05:30,323,Gaddiannaram,2,L.B Nagar,117,Cluster Beans,117,Common,0.0,39.0,4000.0,5000.0,4500.0,0.0,0.0
2024-10-22 00:00:00+05:30,331,Vantimamidi,1612,Vantimamidi,113,Green Chillies,113,Common,0.0,3.0,1300.0,3000.0,2150.0,0.0,0.0
2024-10-22 00:00:00+05:30,303,Kalwakurthy,1340,Kalwakurthy,112,Ladys Finger,112,Common,0.0,2.0,2200.0,4000.0,3100.0,0.0,0.0
2024-10-22 00:00:00+05:30,367,Gudimalkapur,1571,Gudumalkapur,113,Green Chillies,113,Common,0.0,547.0,1500.0,4500.0,3000.0,0.0,0.0
2024-10-22 00:00:00+05:30,310,Shadnagar,1330,Shadnagar,103,Carrot,103,Common,0.0,12.0,1800.0,2500.0,2000.0,0.0,0.0
2024-10-22 00:00:00+05:30,281,Venkateshwar Nagar,1106,V Nagar,112,Ladys Finger,112,Common,0.0,3.0,30.0,30.0,30.0,0.0,0.0
2024-10-22 00:00:00+05:30,324,Bowenpally,3,Bowenpally,112,Ladys Finger,112,Common,0.0,529.0,1000.0,3000.0,2500.0,0.0,0.0
2024-10-22 00:00:00+05:30,325,Hyderabad,7,Meeralamandi,122,Bottle Gourd,122,Common,0.0,4.0,600.0,600.0,600.0,0.0,0.0
2024-10-22 00:00:00+05:30,325,Hyderabad,6,Madannapeta,122,Bottle Gourd,122,Common,0.0,50.0,400.0,600.0,500.0,0.0,0.0
2024-10-21 00:00:00+05:30,310,Shadnagar,1330,Shadnagar,103,Carrot,103,Common,0.0,12.0,2500.0,3000.0,2800.0,0.0,0.0
2024-10-21 00:00:00+05:30,331,Vantimamidi,1612,Vantimamidi,113,Green Chillies,113,Common,0.0,4.0,1000.0,3000.0,2000.0,0.0,0.0
2024-10-22 00:00:00+05:30,323,Gaddiannaram,2,L.B Nagar,117,Cluster Beans,117,Common,0.0,28.0,3000.0,3500.0,3200.0,0.0,0.0
2024-10-21 00:00:00+05:30,303,Kalwakurthy,1340,Kalwakurthy,112,Ladys Finger,112,Common,0.0,2.0,2500.0,3500.0,3000.0,0.0,0.0
2024-10-22 00:00:00+05:30,323,Gaddiannaram,1,Gaddiannaram,85,Musk Melon,85,Common,0.0,625.0,500.0,1500.0,800.0,0.0,0.0
2024-10-21 00:00:00+05:30,367,Gudimalkapur,1571,Gudumalkapur,113,Green Chillies,113,Common,0.0,469.0,1000.0,4000.0,3000.0,0.0,0.0
2024-10-21 00:00:00+05:30,256,Khammam,1067,Khammam,54,Chillies(Dry),252,US-341,0.0,53.0,8000.0,9400.0,9000.0,0.0,0.0
2024-10-21 00:00:00+05:30,246,Warangal,886,Warangal,16,Green Gram,16,Common,0.0,9.31,2200.0,6750.0,3000.0,0.0,0.0
2024-10-21 00:00:00+05:30,325,Hyderabad,6,Madannapeta,122,Bottle Gourd,122,Common,0.0,20.0,400.0,400.0,400.0,0.0,0.0
2024-10-21 00:00:00+05:30,325,Hyderabad,7,Meeralamandi,122,Bottle Gourd,122,Common,0.0,5.0,500.0,800.0,650.0,0.0,0.0
2024-10-21 00:00:00+05:30,323,Gaddiannaram,2,L.B Nagar,117,Cluster Beans,117,Common,0.0,35.0,3000.0,3500.0,3200.0,0.0,0.0
2024-10-21 00:00:00+05:30,323,Gaddiannaram,1,Gaddiannaram,85,Musk Melon,85,Common,0.0,380.0,500.0,1500.0,800.0,0.0,0.0
2024-10-21 00:00:00+05:30,324,Bowenpally,3,Bowenpally,112,Ladys Finger,112,Common,0.0,612.0,2000.0,4500.0,3800.0,0.0,0.0
2024-10-20 00:00:00+05:30,331,Vantimamidi,1612,Vantimamidi,113,Green Chillies,113,Common,0.0,2.0,1500.0,1800.0,1650.0,0.0,0.0
2024-10-20 00:00:00+05:30,367,Gudimalkapur,1571,Gudumalkapur,113,Green Chillies,113,Common,0.0,645.0,2000.0,4000.0,2800.0,0.0,0.0
2024-10-20 00:00:00+05:30,310,Shadnagar,1330,Shadnagar,103,Carrot,103,Common,0.0,10.0,2000.0,2800.0,2500.0,0.0,0.0
2024-10-20 00:00:00+05:30,303,Kalwakurthy,1340,Kalwakurthy,112,Ladys Finger,112,Common,0.0,1.0,2500.0,3000.0,2750.0,0.0,0.0
2024-10-20 00:00:00+05:30,281,Venkateshwar Nagar,1106,V Nagar,112,Ladys Finger,112,Common,0.0,2.0,30.0,30.0,30.0,0.0,0.0
2024-10-20 00:00:00+05:30,323,Gaddiannaram,2,L.B Nagar,117,Cluster Beans,117,Common,0.0,26.0,3000.0,3500.0,3200.0,0.0,0.0
2024-10-20 00:00:00+05:30,325,Hyderabad,6,Madannapeta,122,Bottle Gourd,122,Common,0.0,15.0,600.0,600.0,600.0,0.0,0.0
2024-10-20 00:00:00+05:30,323,Gaddiannaram,1,Gaddiannaram,85,Musk Melon,85,Common,0.0,565.0,500.0,1500.0,800.0,0.0,0.0
2024-10-20 00:00:00+05:30,325,Hyderabad,7,Meeralamandi,122,Bottle Gourd,122,Common,0.0,4.0,600.0,600.0,600.0,0.0,0.0
2024-10-19 00:00:00+05:30,310,Shadnagar,1330,Shadnagar,103,Carrot,103,Common,0.0,15.0,1800.0,2800.0,2000.0,0.0,0.0
2024-10-19 00:00:00+05:30,303,Kalwakurthy,1340,Kalwakurthy,112,Ladys Finger,112,Common,0.0,1.0,2500.0,3000.0,2750.0,0.0,0.0
2024-10-19 00:00:00+05:30,331,Vantimamidi,1612,Vantimamidi,113,Green Chillies,113,Common,0.0,2.0,2000.0,4000.0,3000.0,0.0,0.0
2024-10-20 00:00:00+05:30,324,Bowenpally,3,Bowenpally,112,Ladys Finger,112,Common,0.0,589.0,1000.0,3000.0,2500.0,0.0,0.0
2024-10-19 00:00:00+05:30,367,Gudimalkapur,1571,Gudumalkapur,113,Green Chillies,113,Common,0.0,529.0,1500.0,5000.0,3000.0,0.0,0.0
2024-10-19 00:00:00+05:30,292,Zaheerabad,1198,Zaheerabad,32,Gingelly,223,White,0.0,3.0,7272.0,7272.0,7272.0,0.0,0.0
2024-10-19 00:00:00+05:30,300,Badepally,1327,Badepally,25,Cotton,25,Common,0.0,81.0,5004.0,6189.0,6189.0,0.0,0.0
2024-10-18 00:00:00+05:30,303,Kalwakurthy,1340,Kalwakurthy,112,Ladys Finger,112,Common,0.0,1.0,2000.0,2500.0,2250.0,0.0,0.0
2024-10-19 00:00:00+05:30,323,Gaddiannaram,2,L.B Nagar,117,Cluster Beans,117,Common,0.0,40.0,3000.0,3500.0,3200.0,0.0,0.0
2024-10-19 00:00:00+05:30,325,Hyderabad,6,Madannapeta,122,Bottle Gourd,122,Common,0.0,55.0,400.0,600.0,500.0,0.0,0.0
2024-10-19 00:00:00+05:30,325,Hyderabad,7,Meeralamandi,122,Bottle Gourd,122,Common,0.0,4.0,500.0,800.0,650.0,0.0,0.0
2024-10-19 00:00:00+05:30,324,Bowenpally,3,Bowenpally,112,Ladys Finger,112,Common,0.0,380.0,800.0,2200.0,1800.0,0.0,0.0
2024-10-18 00:00:00+05:30,331,Vantimamidi,1612,Vantimamidi,113,Green Chillies,113,Common,0.0,5.0,1000.0,3000.0,2000.0,0.0,0.0
2024-10-19 00:00:00+05:30,323,Gaddiannaram,1,Gaddiannaram,85,Musk Melon,85,Common,0.0,200.0,500.0,1500.0,800.0,0.0,0.0
2024-10-18 00:00:00+05:30,367,Gudimalkapur,1571,Gudumalkapur,113,Green Chillies,113,Common,0.0,520.0,1000.0,3000.0,2500.0,0.0,0.0
2024-10-18 00:00:00+05:30,208,Nizamabad,1080,Nizamabad,16,Green Gram,16,Common,0.0,2.0,3265.0,3265.0,3265.0,0.0,0.0
2024-10-18 00:00:00+05:30,246,Warangal,886,Warangal,16,Green Gram,16,Common,0.0,35.04,2352.0,6450.0,6450.0,0.0,0.0
2024-10-18 00:00:00+05:30,325,Hyderabad,6,Madannapeta,122,Bottle Gourd,122,Common,0.0,15.0,600.0,600.0,600.0,0.0,0.0
2024-10-18 00:00:00+05:30,189,Boath,12,Boath,75,Soyabean,214,Yellow,0.0,472.0,4892.0,4892.0,4892.0,0.0,0.0
2024-10-18 00:00:00+05:30,325,Hyderabad,7,Meeralamandi,122,Bottle Gourd,122,Common,0.0,8.0,600.0,600.0,600.0,0.0,0.0
2024-10-18 00:00:00+05:30,323,Gaddiannaram,2,L.B Nagar,117,Cluster Beans,117,Common,0.0,30.0,3000.0,3500.0,3200.0,0.0,0.0
2024-10-18 00:00:00+05:30,324,Bowenpally,3,Bowenpally,112,Ladys Finger,112,Common,0.0,545.0,1500.0,4000.0,3200.0,0.0,0.0
2024-10-17 00:00:00+05:30,310,Shadnagar,1330,Shadnagar,103,Carrot,103,Common,0.0,10.0,1200.0,1800.0,1500.0,0.0,0.0
2024-10-17 00:00:00+05:30,303,Kalwakurthy,1340,Kalwakurthy,112,Ladys Finger,112,Common,0.0,2.0,1500.0,2500.0,2000.0,0.0,0.0
2024-10-17 00:00:00+05:30,367,Gudimalkapur,1571,Gudumalkapur,113,Green Chillies,113,Common,0.0,667.0,1000.0,6000.0,2500.0,0.0,0.0
2024-10-17 00:00:00+05:30,331,Vantimamidi,1612,Vantimamidi,113,Green Chillies,113,Common,0.0,7.0,1500.0,2500.0,2000.0,0.0,0.0
2024-10-18 00:00:00+05:30,323,Gaddiannaram,1,Gaddiannaram,85,Musk Melon,85,Common,0.0,185.0,500.0,1500.0,800.0,0.0,0.0
2024-10-17 00:00:00+05:30,189,Boath,12,Boath,75,Soyabean,214,Yellow,0.0,873.0,4892.0,4892.0,4892.0,0.0,0.0
2024-10-17 00:00:00+05:30,325,Hyderabad,7,Meeralamandi,122,Bottle Gourd,122,Common,0.0,4.0,600.0,800.0,700.0,0.0,0.0
2024-10-17 00:00:00+05:30,207,Madnoor,1083,Madnoor,75,Soyabean,214,Yellow,0.0,50.0,4900.0,4900.0,4900.0,0.0,0.0
2024-10-17 00:00:00+05:30,246,Warangal,886,Warangal,16,Green Gram,16,Common,0.0,14.06,3890.0,6012.0,5922.0,0.0,0.0
2024-10-17 00:00:00+05:30,323,Gaddiannaram,2,L.B Nagar,117,Cluster Beans,117,Common,0.0,43.0,3000.0,3500.0,3200.0,0.0,0.0
2024-10-17 00:00:00+05:30,325,Hyderabad,6,Madannapeta,122,Bottle Gourd,122,Common,0.0,41.0,400.0,600.0,500.0,0.0,0.0
2024-10-17 00:00:00+05:30,324,Bowenpally,3,Bowenpally,112,Ladys Finger,112,Common,0.0,469.0,800.0,2500.0,2000.0,0.0,0.0
2024-10-16 00:00:00+05:30,303,Kalwakurthy,1340,Kalwakurthy,112,Ladys Finger,112,Common,0.0,3.0,2000.0,2500.0,2250.0,0.0,0.0
2024-10-17 00:00:00+05:30,323,Gaddiannaram,1,Gaddiannaram,85,Musk Melon,85,Common,0.0,90.0,500.0,1500.0,800.0,0.0,0.0
2024-10-16 00:00:00+05:30,310,Shadnagar,1330,Shadnagar,103,Carrot,103,Common,0.0,12.0,1800.0,2500.0,2000.0,0.0,0.0
2024-10-16 00:00:00+05:30,308,Nagarkurnool,1334,Nagarkurnool,31,Castor,31,Common,0.0,5.4,5257.0,5355.0,5355.0,0.0,0.0
2024-10-16 00:00:00+05:30,300,Badepally,1327,Badepally,25,Cotton,25,Common,0.0,1.0,6959.0,6959.0,6959.0,0.0,0.0
2024-10-16 00:00:00+05:30,367,Gudimalkapur,1571,Gudumalkapur,113,Green Chillies,113,Common,0.0,704.0,800.0,7000.0,2500.0,0.0,0.0
2024-10-16 00:00:00+05:30,207,Madnoor,1083,Madnoor,75,Soyabean,214,Yellow,0.0,120.0,4550.0,4900.0,4650.0,0.0,0.0
2024-10-16 00:00:00+05:30,324,Bowenpally,3,Bowenpally,112,Ladys Finger,112,Common,0.0,531.0,800.0,2000.0,1500.0,0.0,0.0
2024-10-16 00:00:00+05:30,323,Gaddiannaram,1,Gaddiannaram,85,Musk Melon,85,Common,0.0,335.0,500.0,1500.0,800.0,0.0,0.0
2024-10-16 00:00:00+05:30,325,Hyderabad,6,Madannapeta,122,Bottle Gourd,122,Common,0.0,30.0,300.0,600.0,400.0,0.0,0.0
2024-10-16 00:00:00+05:30,256,Khammam,1067,Khammam,54,Chillies(Dry),252,US-341,0.0,32.0,5400.0,9400.0,6000.0,0.0,0.0
2024-10-16 00:00:00+05:30,189,Boath,12,Boath,75,Soyabean,214,Yellow,0.0,1107.0,4892.0,4892.0,4892.0,0.0,0.0
2024-10-16 00:00:00+05:30,325,Hyderabad,7,Meeralamandi,122,Bottle Gourd,122,Common,0.0,6.0,600.0,600.0,600.0,0.0,0.0
2024-10-16 00:00:00+05:30,246,Warangal,886,Warangal,16,Green Gram,16,Common,0.0,17.7,1569.0,6450.0,5312.0,0.0,0.0
2024-10-15 00:00:00+05:30,331,Vantimamidi,1612,Vantimamidi,113,Green Chillies,113,Common,0.0,2.0,2000.0,3000.0,2500.0,0.0,0.0
2024-10-15 00:00:00+05:30,367,Gudimalkapur,1571,Gudumalkapur,113,Green Chillies,113,Common,0.0,748.0,1200.0,3800.0,3000.0,0.0,0.0
2024-10-15 00:00:00+05:30,303,Kalwakurthy,1340,Kalwakurthy,112,Ladys Finger,112,Common,0.0,1.0,2000.0,2000.0,2000.0,0.0,0.0
2024-10-16 00:00:00+05:30,323,Gaddiannaram,2,L.B Nagar,117,Cluster Beans,117,Common,0.0,42.0,3000.0,3500.0,3200.0,0.0,0.0
2024-10-15 00:00:00+05:30,256,Khammam,1067,Khammam,54,Chillies(Dry),252,US-341,0.0,32.0,6000.0,7000.0,6500.0,0.0,0.0
2024-10-15 00:00:00+05:30,310,Shadnagar,1330,Shadnagar,103,Carrot,103,Common,0.0,10.0,1200.0,1800.0,1500.0,0.0,0.0
2024-10-15 00:00:00+05:30,323,Gaddiannaram,2,L.B Nagar,117,Cluster Beans,117,Common,0.0,35.0,3000.0,4000.0,3200.0,0.0,0.0
2024-10-15 00:00:00+05:30,323,Gaddiannaram,1,Gaddiannaram,85,Musk Melon,85,Common,0.0,360.0,500.0,1500.0,800.0,0.0,0.0
2024-10-15 00:00:00+05:30,324,Bowenpally,3,Bowenpally,112,Ladys Finger,112,Common,0.0,503.0,600.0,3000.0,2500.0,0.0,0.0
2024-10-15 00:00:00+05:30,246,Warangal,886,Warangal,16,Green Gram,16,Common,0.0,2.18,1789.0,5522.0,1789.0,0.0,0.0
2024-10-15 00:00:00+05:30,325,Hyderabad,6,Madannapeta,122,Bottle Gourd,122,Common,0.0,15.0,600.0,600.0,600.0,0.0,0.0
2024-10-15 00:00:00+05:30,325,Hyderabad,7,Meeralamandi,122,Bottle Gourd,122,Common,0.0,6.0,500.0,800.0,650.0,0.0,0.0
2024-10-14 00:00:00+05:30,246,Warangal,886,Warangal,16,Green Gram,16,Common,0.0,2.66,5459.0,6312.0,6312.0,0.0,0.0
2024-10-14 00:00:00+05:30,310,Shadnagar,1330,Shadnagar,103,Carrot,103,Common,0.0,10.0,1800.0,2200.0,2000.0,0.0,0.0
2024-10-14 00:00:00+05:30,303,Kalwakurthy,1340,Kalwakurthy,112,Ladys Finger,112,Common,0.0,4.0,1500.0,2000.0,1750.0,0.0,0.0
2024-10-14 00:00:00+05:30,207,Madnoor,1083,Madnoor,75,Soyabean,214,Yellow,0.0,70.0,4550.0,4900.0,4650.0,0.0,0.0
2024-10-14 00:00:00+05:30,367,Gudimalkapur,1571,Gudumalkapur,113,Green Chillies,113,Common,0.0,548.0,2000.0,4500.0,3000.0,0.0,0.0
2024-10-14 00:00:00+05:30,323,Gaddiannaram,2,L.B Nagar,117,Cluster Beans,117,Common,0.0,7.0,2500.0,3000.0,2700.0,0.0,0.0
2024-10-14 00:00:00+05:30,323,Gaddiannaram,1,Gaddiannaram,85,Musk Melon,85,Common,0.0,285.0,500.0,1500.0,800.0,0.0,0.0
2024-10-14 00:00:00+05:30,325,Hyderabad,6,Madannapeta,122,Bottle Gourd,122,Common,0.0,50.0,400.0,600.0,450.0,0.0,0.0
2024-10-14 00:00:00+05:30,325,Hyderabad,7,Meeralamandi,122,Bottle Gourd,122,Common,0.0,5.0,1000.0,1000.0,1000.0,0.0,0.0
2024-10-14 00:00:00+05:30,324,Bowenpally,3,Bowenpally,112,Ladys Finger,112,Common,0.0,440.0,800.0,1500.0,1200.0,0.0,0.0
2024-10-13 00:00:00+05:30,303,Kalwakurthy,1340,Kalwakurthy,112,Ladys Finger,112,Common,0.0,1.0,2000.0,2500.0,2250.0,0.0,0.0
2024-10-13 00:00:00+05:30,367,Gudimalkapur,1571,Gudumalkapur,113,Green Chillies,113,Common,0.0,452.0,1500.0,4000.0,3000.0,0.0,0.0
2024-10-13 00:00:00+05:30,324,Bowenpally,3,Bowenpally,112,Ladys Finger,112,Common,0.0,467.0,1000.0,1700.0,1500.0,0.0,0.0
2024-10-13 00:00:00+05:30,310,Shadnagar,1330,Shadnagar,103,Carrot,103,Common,0.0,10.0,2000.0,1800.0,2300.0,0.0,0.0
2024-10-12 00:00:00+05:30,310,Shadnagar,1330,Shadnagar,103,Carrot,103,Common,0.0,12.0,1800.0,2300.0,2000.0,0.0,0.0
2024-10-13 00:00:00+05:30,325,Hyderabad,6,Madannapeta,122,Bottle Gourd,122,Common,0.0,42.0,400.0,600.0,500.0,0.0,0.0
2024-10-12 00:00:00+05:30,325,Hyderabad,7,Meeralamandi,122,Bottle Gourd,122,Common,0.0,5.0,800.0,1000.0,900.0,0.0,0.0
2024-10-12 00:00:00+05:30,325,Hyderabad,6,Madannapeta,122,Bottle Gourd,122,Common,0.0,57.0,400.0,600.0,500.0,0.0,0.0
2024-10-12 00:00:00+05:30,367,Gudimalkapur,1571,Gudumalkapur,113,Green Chillies,113,Common,0.0,356.0,1000.0,2000.0,1500.0,0.0,0.0
2024-10-12 00:00:00+05:30,324,Bowenpally,3,Bowenpally,112,Ladys Finger,112,Common,0.0,428.0,500.0,3000.0,2500.0,0.0,0.0
2024-10-12 00:00:00+05:30,323,Gaddiannaram,2,L.B Nagar,117,Cluster Beans,117,Common,0.0,10.0,3000.0,4000.0,3500.0,0.0,0.0
2024-10-11 00:00:00+05:30,367,Gudimalkapur,1571,Gudumalkapur,113,Green Chillies,113,Common,0.0,447.0,1200.0,3000.0,2000.0,0.0,0.0
2024-10-10 00:00:00+05:30,310,Shadnagar,1330,Shadnagar,103,Carrot,103,Common,0.0,10.0,2000.0,2800.0,2500.0,0.0,0.0
2024-10-11 00:00:00+05:30,325,Hyderabad,7,Meeralamandi,122,Bottle Gourd,122,Common,0.0,4.0,600.0,1000.0,800.0,0.0,0.0
2024-10-11 00:00:00+05:30,310,Shadnagar,1330,Shadnagar,103,Carrot,103,Common,0.0,10.0,2000.0,2600.0,2300.0,0.0,0.0
2024-10-11 00:00:00+05:30,303,Kalwakurthy,1340,Kalwakurthy,112,Ladys Finger,112,Common,0.0,3.0,1500.0,2500.0,2000.0,0.0,0.0
2024-10-11 00:00:00+05:30,281,Venkateshwar Nagar,1106,V Nagar,112,Ladys Finger,112,Common,0.0,3.0,30.0,30.0,30.0,0.0,0.0
2024-10-11 00:00:00+05:30,207,Madnoor,1083,Madnoor,75,Soyabean,214,Yellow,0.0,100.0,4550.0,4892.0,4650.0,0.0,0.0
2024-10-11 00:00:00+05:30,323,Gaddiannaram,2,L.B Nagar,117,Cluster Beans,117,Common,0.0,24.0,2500.0,3000.0,2700.0,0.0,0.0
2024-10-11 00:00:00+05:30,325,Hyderabad,6,Madannapeta,122,Bottle Gourd,122,Common,0.0,30.0,600.0,600.0,600.0,0.0,0.0
2024-10-11 00:00:00+05:30,324,Bowenpally,3,Bowenpally,112,Ladys Finger,112,Common,0.0,377.0,800.0,1500.0,1300.0,0.0,0.0
2024-10-10 00:00:00+05:30,367,Gudimalkapur,1571,Gudumalkapur,113,Green Chillies,113,Common,0.0,547.0,1500.0,2800.0,2000.0,0.0,0.0
2024-10-10 00:00:00+05:30,303,Kalwakurthy,1340,Kalwakurthy,112,Ladys Finger,112,Common,0.0,2.0,2000.0,2500.0,2250.0,0.0,0.0
2024-10-10 00:00:00+05:30,281,Venkateshwar Nagar,1106,V Nagar,112,Ladys Finger,112,Common,0.0,2.0,25.0,25.0,25.0,0.0,0.0
2024-10-10 00:00:00+05:30,207,Madnoor,1083,Madnoor,75,Soyabean,214,Yellow,0.0,150.0,4550.0,4892.0,4650.0,0.0,0.0
2024-10-10 00:00:00+05:30,323,Gaddiannaram,2,L.B Nagar,117,Cluster Beans,117,Common,0.0,31.0,2500.0,3000.0,2700.0,0.0,0.0
2024-10-10 00:00:00+05:30,325,Hyderabad,6,Madannapeta,122,Bottle Gourd,122,Common,0.0,57.0,400.0,600.0,500.0,0.0,0.0
2024-10-10 00:00:00+05:30,325,Hyderabad,7,Meeralamandi,122,Bottle Gourd,122,Common,0.0,6.0,1000.0,1000.0,1000.0,0.0,0.0
2024-10-10 00:00:00+05:30,323,Gaddiannaram,1,Gaddiannaram,85,Musk Melon,85,Common,0.0,210.0,500.0,1500.0,800.0,0.0,0.0
2024-10-09 00:00:00+05:30,331,Vantimamidi,1612,Vantimamidi,113,Green Chillies,113,Common,0.0,1.0,2000.0,2000.0,2000.0,0.0,0.0
2024-10-10 00:00:00+05:30,324,Bowenpally,3,Bowenpally,112,Ladys Finger,112,Common,0.0,439.0,1000.0,3000.0,2500.0,0.0,0.0
2024-10-09 00:00:00+05:30,310,Shadnagar,1330,Shadnagar,103,Carrot,103,Common,0.0,10.0,1800.0,2500.0,2000.0,0.0,0.0
2024-10-09 00:00:00+05:30,303,Kalwakurthy,1340,Kalwakurthy,112,Ladys Finger,112,Common,0.0,3.0,2100.0,2500.0,2300.0,0.0,0.0
2024-10-09 00:00:00+05:30,367,Gudimalkapur,1571,Gudumalkapur,113,Green Chillies,113,Common,0.0,614.0,1200.0,2500.0,1600.0,0.0,0.0
2024-10-09 00:00:00+05:30,207,Madnoor,1083,Madnoor,75,Soyabean,214,Yellow,0.0,50.0,4550.0,4892.0,4650.0,0.0,0.0
2024-10-09 00:00:00+05:30,325,Hyderabad,7,Meeralamandi,122,Bottle Gourd,122,Common,0.0,6.0,600.0,800.0,700.0,0.0,0.0
2024-10-09 00:00:00+05:30,325,Hyderabad,6,Madannapeta,122,Bottle Gourd,122,Common,0.0,35.0,800.0,1000.0,900.0,0.0,0.0
2024-10-08 00:00:00+05:30,367,Gudimalkapur,1571,Gudumalkapur,113,Green Chillies,113,Common,0.0,535.0,1200.0,2500.0,1800.0,0.0,0.0
2024-10-08 00:00:00+05:30,331,Vantimamidi,1612,Vantimamidi,113,Green Chillies,113,Common,0.0,2.0,2000.0,3000.0,2500.0,0.0,0.0
2024-10-09 00:00:00+05:30,323,Gaddiannaram,2,L.B Nagar,117,Cluster Beans,117,Common,0.0,30.0,2500.0,3000.0,2700.0,0.0,0.0
2024-10-08 00:00:00+05:30,303,Kalwakurthy,1340,Kalwakurthy,112,Ladys Finger,112,Common,0.0,2.0,1500.0,2500.0,2000.0,0.0,0.0
2024-10-08 00:00:00+05:30,308,Nagarkurnool,1334,Nagarkurnool,31,Castor,31,Common,0.0,3.78,5701.0,5725.0,5701.0,0.0,0.0
2024-10-09 00:00:00+05:30,323,Gaddiannaram,1,Gaddiannaram,85,Musk Melon,85,Common,0.0,450.0,500.0,1500.0,800.0,0.0,0.0
2024-10-08 00:00:00+05:30,310,Shadnagar,1330,Shadnagar,103,Carrot,103,Common,0.0,12.0,2500.0,3000.0,2800.0,0.0,0.0
2024-10-08 00:00:00+05:30,207,Madnoor,1083,Madnoor,75,Soyabean,214,Yellow,0.0,60.0,4550.0,4892.0,4650.0,0.0,0.0
2024-10-08 00:00:00+05:30,281,Venkateshwar Nagar,1106,V Nagar,112,Ladys Finger,112,Common,0.0,2.0,30.0,30.0,30.0,0.0,0.0
2024-10-08 00:00:00+05:30,325,Hyderabad,6,Madannapeta,122,Bottle Gourd,122,Common,0.0,45.0,400.0,600.0,500.0,0.0,0.0
2024-10-08 00:00:00+05:30,246,Warangal,886,Warangal,16,Green Gram,16,Common,0.0,27.77,1712.0,6555.0,5980.0,0.0,0.0
2024-10-08 00:00:00+05:30,323,Gaddiannaram,2,L.B Nagar,117,Cluster Beans,117,Common,0.0,32.0,2500.0,3000.0,2700.0,0.0,0.0
2024-10-07 00:00:00+05:30,303,Kalwakurthy,1340,Kalwakurthy,112,Ladys Finger,112,Common,0.0,2.0,1800.0,2500.0,2150.0,0.0,0.0
2024-10-08 00:00:00+05:30,323,Gaddiannaram,1,Gaddiannaram,85,Musk Melon,85,Common,0.0,462.0,500.0,1500.0,800.0,0.0,0.0
2024-10-07 00:00:00+05:30,331,Vantimamidi,1612,Vantimamidi,113,Green Chillies,113,Common,0.0,1.0,1800.0,1800.0,1800.0,0.0,0.0
2024-10-07 00:00:00+05:30,310,Shadnagar,1330,Shadnagar,103,Carrot,103,Common,0.0,15.0,1500.0,2500.0,1800.0,0.0,0.0
2024-10-07 00:00:00+05:30,367,Gudimalkapur,1571,Gudumalkapur,113,Green Chillies,113,Common,0.0,542.0,800.0,2500.0,2000.0,0.0,0.0
2024-10-07 00:00:00+05:30,325,Hyderabad,6,Madannapeta,122,Bottle Gourd,122,Common,0.0,17.0,400.0,600.0,500.0,0.0,0.0
2024-10-07 00:00:00+05:30,325,Hyderabad,7,Meeralamandi,122,Bottle Gourd,122,Common,0.0,3.0,300.0,500.0,400.0,0.0,0.0
2024-10-07 00:00:00+05:30,246,Warangal,886,Warangal,16,Green Gram,16,Common,0.0,16.52,3322.0,6222.0,5950.0,0.0,0.0
2024-10-07 00:00:00+05:30,323,Gaddiannaram,2,L.B Nagar,117,Cluster Beans,117,Common,0.0,50.0,2500.0,3000.0,2700.0,0.0,0.0
2024-10-06 00:00:00+05:30,310,Shadnagar,1330,Shadnagar,103,Carrot,103,Common,0.0,12.0,1500.0,2000.0,1800.0,0.0,0.0
2024-10-07 00:00:00+05:30,323,Gaddiannaram,1,Gaddiannaram,85,Musk Melon,85,Common,0.0,280.0,500.0,1500.0,800.0,0.0,0.0
2024-10-07 00:00:00+05:30,324,Bowenpally,3,Bowenpally,112,Ladys Finger,112,Common,0.0,522.0,600.0,3500.0,2800.0,0.0,0.0
2024-10-06 00:00:00+05:30,303,Kalwakurthy,1340,Kalwakurthy,112,Ladys Finger,112,Common,0.0,1.0,2000.0,2000.0,2000.0,0.0,0.0
2024-10-06 00:00:00+05:30,281,Venkateshwar Nagar,1106,V Nagar,112,Ladys Finger,112,Common,0.0,2.0,30.0,30.0,30.0,0.0,0.0
2024-10-06 00:00:00+05:30,325,Hyderabad,7,Meeralamandi,122,Bottle Gourd,122,Common,0.0,3.0,500.0,600.0,550.0,0.0,0.0
2024-10-06 00:00:00+05:30,367,Gudimalkapur,1571,Gudumalkapur,113,Green Chillies,113,Common,0.0,691.0,1000.0,2800.0,2000.0,0.0,0.0
2024-10-06 00:00:00+05:30,331,Vantimamidi,1612,Vantimamidi,113,Green Chillies,113,Common,0.0,4.0,1000.0,2000.0,1500.0,0.0,0.0
2024-10-06 00:00:00+05:30,325,Hyderabad,6,Madannapeta,122,Bottle Gourd,122,Common,0.0,30.0,400.0,600.0,500.0,0.0,0.0
2024-10-06 00:00:00+05:30,324,Bowenpally,3,Bowenpally,112,Ladys Finger,112,Common,0.0,460.0,1000.0,2200.0,1800.0,0.0,0.0
2024-10-06 00:00:00+05:30,323,Gaddiannaram,2,L.B Nagar,117,Cluster Beans,117,Common,0.0,42.0,2500.0,3000.0,2700.0,0.0,0.0
2024-10-06 00:00:00+05:30,323,Gaddiannaram,1,Gaddiannaram,85,Musk Melon,85,Common,0.0,50.0,500.0,1500.0,800.0,0.0,0.0
2024-10-05 00:00:00+05:30,367,Gudimalkapur,1571,Gudumalkapur,113,Green Chillies,113,Common,0.0,776.0,800.0,4000.0,2000.0,0.0,0.0
2024-10-05 00:00:00+05:30,331,Vantimamidi,1612,Vantimamidi,113,Green Chillies,113,Common,0.0,1.0,1900.0,1900.0,1900.0,0.0,0.0
2024-10-05 00:00:00+05:30,281,Venkateshwar Nagar,1106,V Nagar,112,Ladys Finger,112,Common,0.0,3.0,25.0,25.0,25.0,0.0,0.0
2024-10-05 00:00:00+05:30,319,Shankerpally,40,Shankerpally,113,Green Chillies,113,Common,0.0,4.9,2000.0,3500.0,2750.0,0.0,0.0
2024-10-05 00:00:00+05:30,303,Kalwakurthy,1340,Kalwakurthy,112,Ladys Finger,112,Common,0.0,3.0,1500.0,2000.0,1750.0,0.0,0.0
2024-10-05 00:00:00+05:30,310,Shadnagar,1330,Shadnagar,103,Carrot,103,Common,0.0,12.0,1500.0,2000.0,1800.0,0.0,0.0
2024-10-05 00:00:00+05:30,219,Jagtial,1125,Jagtial,32,Gingelly,223,White,0.0,1.0,9501.0,9501.0,9501.0,0.0,0.0
2024-10-05 00:00:00+05:30,325,Hyderabad,6,Madannapeta,122,Bottle Gourd,122,Common,0.0,10.0,2000.0,3000.0,2500.0,0.0,0.0
2024-10-05 00:00:00+05:30,323,Gaddiannaram,2,L.B Nagar,117,Cluster Beans,117,Common,0.0,44.0,3000.0,4000.0,3500.0,0.0,0.0
2024-10-05 00:00:00+05:30,325,Hyderabad,7,Meeralamandi,122,Bottle Gourd,122,Common,0.0,4.0,300.0,500.0,400.0,0.0,0.0
2024-10-04 00:00:00+05:30,303,Kalwakurthy,1340,Kalwakurthy,112,Ladys Finger,112,Common,0.0,3.0,1500.0,2000.0,1750.0,0.0,0.0
2024-10-05 00:00:00+05:30,323,Gaddiannaram,1,Gaddiannaram,85,Musk Melon,85,Common,0.0,210.0,500.0,1500.0,800.0,0.0,0.0
2024-10-04 00:00:00+05:30,331,Vantimamidi,1612,Vantimamidi,113,Green Chillies,113,Common,0.0,4.0,1000.0,2000.0,1500.0,0.0,0.0
2024-10-05 00:00:00+05:30,324,Bowenpally,3,Bowenpally,112,Ladys Finger,112,Common,0.0,572.0,500.0,2000.0,1500.0,0.0,0.0
2024-10-04 00:00:00+05:30,207,Madnoor,1083,Madnoor,75,Soyabean,214,Yellow,0.0,60.0,4600.0,4700.0,4650.0,0.0,0.0
2024-10-04 00:00:00+05:30,219,Jagtial,1125,Jagtial,32,Gingelly,223,White,0.0,1.0,11500.0,11500.0,11500.0,0.0,0.0
2024-10-04 00:00:00+05:30,281,Venkateshwar Nagar,1106,V Nagar,112,Ladys Finger,112,Common,0.0,2.0,25.0,25.0,25.0,0.0,0.0
2024-10-04 00:00:00+05:30,310,Shadnagar,1330,Shadnagar,103,Carrot,103,Common,0.0,10.0,1800.0,2300.0,2000.0,0.0,0.0
2024-10-04 00:00:00+05:30,292,Zaheerabad,1198,Zaheerabad,32,Gingelly,223,White,0.0,0.5,11210.0,11210.0,11210.0,0.0,0.0
2024-10-04 00:00:00+05:30,367,Gudimalkapur,1571,Gudumalkapur,113,Green Chillies,113,Common,0.0,680.0,1000.0,4000.0,1500.0,0.0,0.0
2024-10-04 00:00:00+05:30,325,Hyderabad,6,Madannapeta,122,Bottle Gourd,122,Common,0.0,30.0,400.0,600.0,500.0,0.0,0.0
2024-10-04 00:00:00+05:30,323,Gaddiannaram,1,Gaddiannaram,85,Musk Melon,85,Common,0.0,410.0,500.0,1500.0,800.0,0.0,0.0
2024-10-04 00:00:00+05:30,324,Bowenpally,3,Bowenpally,112,Ladys Finger,112,Common,0.0,427.0,500.0,1500.0,1200.0,0.0,0.0
2024-10-04 00:00:00+05:30,256,Khammam,1067,Khammam,54,Chillies(Dry),252,US-341,0.0,89.0,6000.0,9700.0,9500.0,0.0,0.0
2024-10-04 00:00:00+05:30,325,Hyderabad,7,Meeralamandi,122,Bottle Gourd,122,Common,0.0,5.0,400.0,400.0,400.0,0.0,0.0
2024-10-04 00:00:00+05:30,246,Warangal,886,Warangal,16,Green Gram,16,Common,0.0,23.09,1712.0,6459.0,5711.0,0.0,0.0
2024-10-04 00:00:00+05:30,323,Gaddiannaram,2,L.B Nagar,117,Cluster Beans,117,Common,0.0,37.0,3000.0,4000.0,3500.0,0.0,0.0
2024-10-03 00:00:00+05:30,303,Kalwakurthy,1340,Kalwakurthy,112,Ladys Finger,112,Common,0.0,4.0,1500.0,2000.0,1750.0,0.0,0.0
2024-10-03 00:00:00+05:30,367,Gudimalkapur,1571,Gudumalkapur,113,Green Chillies,113,Common,0.0,696.0,1000.0,3000.0,1800.0,0.0,0.0
2024-10-03 00:00:00+05:30,256,Khammam,1067,Khammam,54,Chillies(Dry),252,US-341,0.0,71.0,5000.0,10000.0,6500.0,0.0,0.0
2024-10-03 00:00:00+05:30,325,Hyderabad,7,Meeralamandi,122,Bottle Gourd,122,Common,0.0,4.0,500.0,500.0,500.0,0.0,0.0
2024-10-03 00:00:00+05:30,310,Shadnagar,1330,Shadnagar,103,Carrot,103,Common,0.0,15.0,2000.0,2800.0,2500.0,0.0,0.0
2024-10-03 00:00:00+05:30,207,Madnoor,1083,Madnoor,75,Soyabean,214,Yellow,0.0,200.0,4550.0,4892.0,4700.0,0.0,0.0
2024-10-03 00:00:00+05:30,325,Hyderabad,6,Madannapeta,122,Bottle Gourd,122,Common,0.0,4.0,400.0,400.0,400.0,0.0,0.0
2024-10-02 00:00:00+05:30,303,Kalwakurthy,1340,Kalwakurthy,112,Ladys Finger,112,Common,0.0,3.0,1500.0,2000.0,1750.0,0.0,0.0
2024-10-03 00:00:00+05:30,246,Warangal,886,Warangal,16,Green Gram,16,Common,0.0,22.38,3122.0,6322.0,6322.0,0.0,0.0
2024-10-03 00:00:00+05:30,323,Gaddiannaram,1,Gaddiannaram,85,Musk Melon,85,Common,0.0,110.0,500.0,1500.0,800.0,0.0,0.0
2024-10-03 00:00:00+05:30,323,Gaddiannaram,2,L.B Nagar,117,Cluster Beans,117,Common,0.0,25.0,3000.0,4000.0,3500.0,0.0,0.0
2024-10-03 00:00:00+05:30,324,Bowenpally,3,Bowenpally,112,Ladys Finger,112,Common,0.0,1154.0,700.0,2000.0,1600.0,0.0,0.0
2024-10-01 00:00:00+05:30,367,Gudimalkapur,1571,Gudumalkapur,113,Green Chillies,113,Common,0.0,616.0,800.0,4000.0,2000.0,0.0,0.0
2024-10-01 00:00:00+05:30,281,Venkateshwar Nagar,1106,V Nagar,112,Ladys Finger,112,Common,0.0,4.0,25.0,25.0,25.0,0.0,0.0
2024-10-02 00:00:00+05:30,323,Gaddiannaram,1,Gaddiannaram,85,Musk Melon,85,Common,0.0,260.0,500.0,1500.0,800.0,0.0,0.0
2024-10-02 00:00:00+05:30,310,Shadnagar,1330,Shadnagar,103,Carrot,103,Common,0.0,20.0,1800.0,2300.0,2000.0,0.0,0.0
2024-10-01 00:00:00+05:30,303,Kalwakurthy,1340,Kalwakurthy,112,Ladys Finger,112,Common,0.0,5.0,1500.0,2000.0,1750.0,0.0,0.0
2024-10-02 00:00:00+05:30,331,Vantimamidi,1612,Vantimamidi,113,Green Chillies,113,Common,0.0,2.0,3000.0,3000.0,3000.0,0.0,0.0
2024-10-01 00:00:00+05:30,325,Hyderabad,6,Madannapeta,122,Bottle Gourd,122,Common,0.0,30.0,400.0,400.0,400.0,0.0,0.0
2024-10-01 00:00:00+05:30,325,Hyderabad,7,Meeralamandi,122,Bottle Gourd,122,Common,0.0,5.0,300.0,500.0,400.0,0.0,0.0
2024-10-01 00:00:00+05:30,246,Warangal,886,Warangal,16,Green Gram,16,Common,0.0,17.81,1555.0,6311.0,5652.0,0.0,0.0
2024-10-01 00:00:00+05:30,323,Gaddiannaram,2,L.B Nagar,117,Cluster Beans,117,Common,0.0,33.0,3000.0,4000.0,3500.0,0.0,0.0
2024-10-01 00:00:00+05:30,323,Gaddiannaram,1,Gaddiannaram,85,Musk Melon,85,Common,0.0,485.0,500.0,1500.0,800.0,0.0,0.0
2024-10-01 00:00:00+05:30,324,Bowenpally,3,Bowenpally,112,Ladys Finger,112,Common,0.0,728.0,500.0,1700.0,1400.0,0.0,0.0
2024-10-31 00:00:00+05:30,303,Kalwakurthy,1340,Kalwakurthy,112,Ladys Finger,112,Common,0.0,3.0,5000.0,6000.0,5500.0,0.0,0.0
2024-10-31 00:00:00+05:30,367,Gudimalkapur,1571,Gudumalkapur,113,Green Chillies,113,Common,0.0,646.0,2000.0,3000.0,2000.0,0.0,0.0
2024-10-31 00:00:00+05:30,310,Shadnagar,1330,Shadnagar,103,Carrot,103,Common,0.0,12.0,1800.0,2600.0,2000.0,0.0,0.0
2024-10-31 00:00:00+05:30,281,Venkateshwar Nagar,1106,V Nagar,112,Ladys Finger,112,Common,0.0,4.0,50.0,50.0,50.0,0.0,0.0
2024-10-31 00:00:00+05:30,319,Shankerpally,40,Shankerpally,113,Green Chillies,113,Common,0.0,1.2,3500.0,3800.0,3650.0,0.0,0.0
2024-10-31 00:00:00+05:30,325,Hyderabad,7,Meeralamandi,122,Bottle Gourd,122,Common,0.0,9.0,1000.0,1200.0,1100.0,0.0,0.0
2024-10-31 00:00:00+05:30,325,Hyderabad,6,Madannapeta,122,Bottle Gourd,122,Common,0.0,5.0,500.0,500.0,500.0,0.0,0.0
2024-10-31 00:00:00+05:30,323,Gaddiannaram,2,L.B Nagar,117,Cluster Beans,117,Common,0.0,21.0,3000.0,4000.0,3500.0,0.0,0.0
2024-10-31 00:00:00+05:30,323,Gaddiannaram,1,Gaddiannaram,85,Musk Melon,85,Common,0.0,195.0,600.0,1800.0,800.0,0.0,0.0
2024-10-30 00:00:00+05:30,300,Badepally,1327,Badepally,25,Cotton,25,Common,0.0,208.0,6179.0,6499.0,6479.0,0.0,0.0
2024-10-31 00:00:00+05:30,324,Bowenpally,3,Bowenpally,112,Ladys Finger,112,Common,0.0,676.0,800.0,2600.0,2000.0,0.0,0.0
2024-10-30 00:00:00+05:30,310,Shadnagar,1330,Shadnagar,103,Carrot,103,Common,0.0,15.0,1800.0,2500.0,2000.0,0.0,0.0
2024-10-30 00:00:00+05:30,303,Kalwakurthy,1340,Kalwakurthy,112,Ladys Finger,112,Common,0.0,2.0,5000.0,6500.0,5750.0,0.0,0.0
2024-10-30 00:00:00+05:30,331,Vantimamidi,1612,Vantimamidi,113,Green Chillies,113,Common,0.0,13.0,1000.0,2000.0,1500.0,0.0,0.0
2024-10-30 00:00:00+05:30,367,Gudimalkapur,1571,Gudumalkapur,113,Green Chillies,113,Common,0.0,718.0,1500.0,3500.0,2000.0,0.0,0.0
2024-10-29 00:00:00+05:30,303,Kalwakurthy,1340,Kalwakurthy,112,Ladys Finger,112,Common,0.0,2.0,4000.0,6200.0,5100.0,0.0,0.0
2024-10-30 00:00:00+05:30,325,Hyderabad,6,Madannapeta,122,Bottle Gourd,122,Common,0.0,35.0,600.0,600.0,600.0,0.0,0.0
2024-10-30 00:00:00+05:30,324,Bowenpally,3,Bowenpally,112,Ladys Finger,112,Common,0.0,526.0,1000.0,3000.0,2500.0,0.0,0.0
2024-10-30 00:00:00+05:30,325,Hyderabad,7,Meeralamandi,122,Bottle Gourd,122,Common,0.0,5.0,800.0,800.0,800.0,0.0,0.0
2024-10-30 00:00:00+05:30,323,Gaddiannaram,2,L.B Nagar,117,Cluster Beans,117,Common,0.0,36.0,3000.0,4000.0,3200.0,0.0,0.0
2024-10-30 00:00:00+05:30,323,Gaddiannaram,1,Gaddiannaram,85,Musk Melon,85,Common,0.0,140.0,600.0,1800.0,800.0,0.0,0.0
2024-10-29 00:00:00+05:30,331,Vantimamidi,1612,Vantimamidi,113,Green Chillies,113,Common,0.0,2.0,2000.0,3000.0,2500.0,0.0,0.0
2024-10-29 00:00:00+05:30,367,Gudimalkapur,1571,Gudumalkapur,113,Green Chillies,113,Common,0.0,769.0,1500.0,4000.0,2000.0,0.0,0.0
2024-10-29 00:00:00+05:30,189,Boath,12,Boath,75,Soyabean,214,Yellow,0.0,1246.0,4892.0,4892.0,4892.0,0.0,0.0
2024-10-29 00:00:00+05:30,281,Venkateshwar Nagar,1106,V Nagar,112,Ladys Finger,112,Common,0.0,6.0,50.0,50.0,50.0,0.0,0.0
2024-10-29 00:00:00+05:30,325,Hyderabad,6,Madannapeta,122,Bottle Gourd,122,Common,0.0,35.0,600.0,600.0,600.0,0.0,0.0
2024-10-29 00:00:00+05:30,325,Hyderabad,7,Meeralamandi,122,Bottle Gourd,122,Common,0.0,7.0,800.0,900.0,850.0,0.0,0.0
2024-10-29 00:00:00+05:30,246,Warangal,886,Warangal,16,Green Gram,16,Common,0.0,11.38,4122.0,6512.0,6312.0,0.0,0.0
2024-10-29 00:00:00+05:30,323,Gaddiannaram,2,L.B Nagar,117,Cluster Beans,117,Common,0.0,39.0,4000.0,5000.0,4300.0,0.0,0.0
2024-10-28 00:00:00+05:30,303,Kalwakurthy,1340,Kalwakurthy,112,Ladys Finger,112,Common,0.0,2.0,4000.0,6000.0,5000.0,0.0,0.0
2024-10-29 00:00:00+05:30,323,Gaddiannaram,1,Gaddiannaram,85,Musk Melon,85,Common,0.0,410.0,500.0,1500.0,800.0,0.0,0.0
2024-10-29 00:00:00+05:30,324,Bowenpally,3,Bowenpally,112,Ladys Finger,112,Common,0.0,607.0,1500.0,3000.0,2600.0,0.0,0.0
2024-10-28 00:00:00+05:30,331,Vantimamidi,1612,Vantimamidi,113,Green Chillies,113,Common,0.0,6.0,1000.0,2500.0,1750.0,0.0,0.0
2024-10-28 00:00:00+05:30,367,Gudimalkapur,1571,Gudumalkapur,113,Green Chillies,113,Common,0.0,751.0,1800.0,4500.0,2200.0,0.0,0.0
2024-10-28 00:00:00+05:30,310,Shadnagar,1330,Shadnagar,103,Carrot,103,Common,0.0,12.0,1800.0,2500.0,2000.0,0.0,0.0
2024-10-28 00:00:00+05:30,246,Warangal,886,Warangal,16,Green Gram,16,Common,0.0,13.34,1852.0,6252.0,2212.0,0.0,0.0
2024-10-28 00:00:00+05:30,278,Suryapet,1091,Suryapet,18,Horse Gram,18,Common,0.0,9.0,6513.0,6513.0,6513.0,0.0,0.0
2024-10-28 00:00:00+05:30,324,Bowenpally,3,Bowenpally,112,Ladys Finger,112,Common,0.0,675.0,700.0,3500.0,2500.0,0.0,0.0
2024-10-28 00:00:00+05:30,325,Hyderabad,6,Madannapeta,122,Bottle Gourd,122,Common,0.0,40.0,600.0,600.0,600.0,0.0,0.0
2024-10-28 00:00:00+05:30,325,Hyderabad,7,Meeralamandi,122,Bottle Gourd,122,Common,0.0,5.0,6000.0,1000.0,800.0,0.0,0.0
2024-10-27 00:00:00+05:30,331,Vantimamidi,1612,Vantimamidi,113,Green Chillies,113,Common,0.0,1.0,2500.0,2500.0,2500.0,0.0,0.0
2024-10-27 00:00:00+05:30,367,Gudimalkapur,1571,Gudumalkapur,113,Green Chillies,113,Common,0.0,763.0,2000.0,5000.0,2500.0,0.0,0.0
2024-10-28 00:00:00+05:30,323,Gaddiannaram,2,L.B Nagar,117,Cluster Beans,117,Common,0.0,28.0,4000.0,4500.0,4200.0,0.0,0.0
2024-10-28 00:00:00+05:30,323,Gaddiannaram,1,Gaddiannaram,85,Musk Melon,85,Common,0.0,60.0,500.0,1500.0,800.0,0.0,0.0
2024-10-27 00:00:00+05:30,323,Gaddiannaram,2,L.B Nagar,117,Cluster Beans,117,Common,0.0,40.0,4000.0,5000.0,4500.0,0.0,0.0
2024-10-27 00:00:00+05:30,325,Hyderabad,6,Madannapeta,122,Bottle Gourd,122,Common,0.0,30.0,400.0,600.0,450.0,0.0,0.0
2024-10-27 00:00:00+05:30,323,Gaddiannaram,1,Gaddiannaram,85,Musk Melon,85,Common,0.0,420.0,500.0,1500.0,800.0,0.0,0.0
2024-10-27 00:00:00+05:30,324,Bowenpally,3,Bowenpally,112,Ladys Finger,112,Common,0.0,596.0,2000.0,4000.0,3500.0,0.0,0.0
2024-10-27 00:00:00+05:30,303,Kalwakurthy,1340,Kalwakurthy,112,Ladys Finger,112,Common,0.0,1.0,5000.0,6000.0,5500.0,0.0,0.0
2024-10-27 00:00:00+05:30,310,Shadnagar,1330,Shadnagar,103,Carrot,103,Common,0.0,10.0,1800.0,2800.0,2500.0,0.0,0.0
2024-10-27 00:00:00+05:30,281,Venkateshwar Nagar,1106,V Nagar,112,Ladys Finger,112,Common,0.0,2.0,40.0,40.0,40.0,0.0,0.0
2024-10-27 00:00:00+05:30,325,Hyderabad,7,Meeralamandi,122,Bottle Gourd,122,Common,0.0,5.0,500.0,800.0,650.0,0.0,0.0
2024-10-01 00:00:00+05:30,324,Bowenpally,3,Bowenpally,113,Green Chillies,113,Common,0.0,2141.0,500.0,2500.0,2000.0,0.0,0.0
2024-10-01 00:00:00+05:30,323,Gaddiannaram,1,Gaddiannaram,86,Water Melon,86,Common,0.0,790.0,300.0,1000.0,400.0,0.0,0.0
2024-10-01 00:00:00+05:30,325,Hyderabad,5,Mahabubmansion,62,Ginger,62,Common,0.0,371.0,2500.0,5500.0,4000.0,0.0,0.0
2024-10-01 00:00:00+05:30,323,Gaddiannaram,2,L.B Nagar,118,Field Beans,118,Common,0.0,38.0,3000.0,5000.0,3500.0,0.0,0.0
2024-10-01 00:00:00+05:30,246,Warangal,886,Warangal,17,Black Gram,17,Common,0.0,3.85,4509.0,4509.0,4509.0,0.0,0.0
2024-10-01 00:00:00+05:30,325,Hyderabad,6,Madannapeta,123,Ribbed Gourd,123,Common,0.0,11.0,2000.0,3000.0,2500.0,0.0,0.0
2024-10-02 00:00:00+05:30,331,Vantimamidi,1612,Vantimamidi,114,Tomato,197,Local,0.0,1.0,3500.0,3500.0,3500.0,0.0,0.0
2024-10-01 00:00:00+05:30,303,Kalwakurthy,1340,Kalwakurthy,113,Green Chillies,113,Common,0.0,5.0,600.0,1500.0,1050.0,0.0,0.0
2024-10-01 00:00:00+05:30,300,Badepally,1327,Badepally,30,Groundnut pods,30,Common,0.0,4.0,3229.0,3229.0,3229.0,0.0,0.0
2024-10-02 00:00:00+05:30,310,Shadnagar,1330,Shadnagar,111,Brinjal,111,Common,0.0,12.0,800.0,1300.0,1000.0,0.0,0.0
2024-10-02 00:00:00+05:30,323,Gaddiannaram,1,Gaddiannaram,86,Water Melon,86,Common,0.0,1070.0,300.0,1000.0,400.0,0.0,0.0
2024-10-01 00:00:00+05:30,281,Venkateshwar Nagar,1106,V Nagar,113,Green Chillies,113,Common,0.0,6.0,20.0,20.0,20.0,0.0,0.0
2024-10-01 00:00:00+05:30,256,Khammam,1067,Khammam,54,Chillies(Dry),268,Talu,0.0,83.0,6500.0,10000.0,9300.0,0.0,0.0
2024-10-01 00:00:00+05:30,320,Tandur,37,Tandur,75,Soyabean,214,Yellow,0.0,125.0,3501.0,4376.0,3906.0,0.0,0.0
2024-10-01 00:00:00+05:30,367,Gudimalkapur,1571,Gudumalkapur,114,Tomato,114,Common,0.0,2346.0,1000.0,5600.0,2800.0,0.0,0.0
2024-10-03 00:00:00+05:30,324,Bowenpally,3,Bowenpally,113,Green Chillies,113,Common,0.0,1919.0,700.0,2500.0,2000.0,0.0,0.0
2024-10-03 00:00:00+05:30,323,Gaddiannaram,2,L.B Nagar,118,Field Beans,118,Common,0.0,10.0,4000.0,5000.0,4500.0,0.0,0.0
2024-10-03 00:00:00+05:30,323,Gaddiannaram,1,Gaddiannaram,86,Water Melon,86,Common,0.0,630.0,300.0,1000.0,400.0,0.0,0.0
2024-10-02 00:00:00+05:30,303,Kalwakurthy,1340,Kalwakurthy,113,Green Chillies,113,Common,0.0,4.0,800.0,1500.0,1150.0,0.0,0.0
2024-10-03 00:00:00+05:30,325,Hyderabad,5,Mahabubmansion,62,Ginger,62,Common,0.0,689.0,2600.0,5000.0,3750.0,0.0,0.0
2024-10-03 00:00:00+05:30,325,Hyderabad,6,Madannapeta,123,Ribbed Gourd,123,Common,0.0,24.0,2000.0,2200.0,2100.0,0.0,0.0
2024-10-03 00:00:00+05:30,310,Shadnagar,1330,Shadnagar,111,Brinjal,111,Common,0.0,12.0,1200.0,1500.0,1300.0,0.0,0.0
2024-10-03 00:00:00+05:30,320,Tandur,37,Tandur,75,Soyabean,214,Yellow,0.0,255.0,3681.0,4309.0,4239.0,0.0,0.0
2024-10-03 00:00:00+05:30,367,Gudimalkapur,1571,Gudumalkapur,114,Tomato,114,Common,0.0,1606.0,1600.0,7200.0,3200.0,0.0,0.0
2024-10-03 00:00:00+05:30,303,Kalwakurthy,1340,Kalwakurthy,113,Green Chillies,113,Common,0.0,5.0,800.0,2000.0,1400.0,0.0,0.0
2024-10-04 00:00:00+05:30,323,Gaddiannaram,2,L.B Nagar,118,Field Beans,118,Common,0.0,13.0,4000.0,5000.0,4500.0,0.0,0.0
2024-10-03 00:00:00+05:30,331,Vantimamidi,1612,Vantimamidi,114,Tomato,197,Local,0.0,8.0,6000.0,8000.0,7000.0,0.0,0.0
2024-10-04 00:00:00+05:30,246,Warangal,886,Warangal,17,Black Gram,17,Common,0.0,0.42,1659.0,1659.0,1659.0,0.0,0.0
2024-10-04 00:00:00+05:30,320,Tandur,37,Tandur,75,Soyabean,214,Yellow,0.0,122.0,3852.0,4275.0,4203.0,0.0,0.0
2024-10-04 00:00:00+05:30,324,Bowenpally,3,Bowenpally,113,Green Chillies,113,Common,0.0,1562.0,500.0,1500.0,1200.0,0.0,0.0
2024-10-04 00:00:00+05:30,323,Gaddiannaram,1,Gaddiannaram,86,Water Melon,86,Common,0.0,665.0,300.0,1000.0,400.0,0.0,0.0
2024-10-04 00:00:00+05:30,325,Hyderabad,5,Mahabubmansion,62,Ginger,62,Common,0.0,480.0,2600.0,5000.0,3750.0,0.0,0.0
2024-10-04 00:00:00+05:30,325,Hyderabad,6,Madannapeta,123,Ribbed Gourd,123,Common,0.0,7.0,3000.0,3000.0,3000.0,0.0,0.0
2024-10-04 00:00:00+05:30,367,Gudimalkapur,1571,Gudumalkapur,114,Tomato,114,Common,0.0,2104.0,800.0,7600.0,3200.0,0.0,0.0
2024-10-04 00:00:00+05:30,310,Shadnagar,1330,Shadnagar,111,Brinjal,111,Common,0.0,15.0,800.0,1200.0,1000.0,0.0,0.0
2024-10-04 00:00:00+05:30,281,Venkateshwar Nagar,1106,V Nagar,113,Green Chillies,113,Common,0.0,4.0,20.0,20.0,20.0,0.0,0.0
2024-10-05 00:00:00+05:30,324,Bowenpally,3,Bowenpally,113,Green Chillies,113,Common,0.0,2287.0,500.0,2500.0,2000.0,0.0,0.0
2024-10-04 00:00:00+05:30,331,Vantimamidi,1612,Vantimamidi,114,Tomato,197,Local,0.0,1.0,4000.0,4000.0,4000.0,0.0,0.0
2024-10-05 00:00:00+05:30,323,Gaddiannaram,1,Gaddiannaram,86,Water Melon,86,Common,0.0,730.0,300.0,1000.0,400.0,0.0,0.0
2024-10-04 00:00:00+05:30,303,Kalwakurthy,1340,Kalwakurthy,113,Green Chillies,113,Common,0.0,7.0,1000.0,1500.0,1250.0,0.0,0.0
2024-10-05 00:00:00+05:30,325,Hyderabad,5,Mahabubmansion,62,Ginger,62,Common,0.0,730.0,2500.0,5000.0,3650.0,0.0,0.0
2024-10-05 00:00:00+05:30,323,Gaddiannaram,2,L.B Nagar,118,Field Beans,118,Common,0.0,16.0,4000.0,5000.0,4500.0,0.0,0.0
2024-10-05 00:00:00+05:30,325,Hyderabad,6,Madannapeta,123,Ribbed Gourd,123,Common,0.0,7.0,3000.0,3000.0,3000.0,0.0,0.0
2024-10-05 00:00:00+05:30,310,Shadnagar,1330,Shadnagar,111,Brinjal,111,Common,0.0,10.0,800.0,1300.0,1000.0,0.0,0.0
2024-10-05 00:00:00+05:30,303,Kalwakurthy,1340,Kalwakurthy,113,Green Chillies,113,Common,0.0,9.0,700.0,1200.0,950.0,0.0,0.0
2024-10-05 00:00:00+05:30,319,Shankerpally,40,Shankerpally,114,Tomato,197,Local,0.0,10.02,4000.0,8250.0,6215.0,0.0,0.0
2024-10-05 00:00:00+05:30,320,Tandur,37,Tandur,75,Soyabean,214,Yellow,0.0,198.0,3816.0,4325.0,4325.0,0.0,0.0
2024-10-05 00:00:00+05:30,281,Venkateshwar Nagar,1106,V Nagar,113,Green Chillies,113,Common,0.0,3.0,20.0,20.0,20.0,0.0,0.0
2024-10-05 00:00:00+05:30,278,Suryapet,1091,Suryapet,22,Cowpea,22,Common,0.0,2.0,2088.0,3088.0,2088.0,0.0,0.0
2024-10-05 00:00:00+05:30,331,Vantimamidi,1612,Vantimamidi,114,Tomato,197,Local,0.0,4.0,7000.0,7000.0,7000.0,0.0,0.0
2024-10-05 00:00:00+05:30,367,Gudimalkapur,1571,Gudumalkapur,114,Tomato,114,Common,0.0,2255.0,800.0,8000.0,3200.0,0.0,0.0
2024-10-06 00:00:00+05:30,323,Gaddiannaram,1,Gaddiannaram,86,Water Melon,86,Common,0.0,1960.0,300.0,1000.0,400.0,0.0,0.0
2024-10-06 00:00:00+05:30,323,Gaddiannaram,2,L.B Nagar,118,Field Beans,118,Common,0.0,31.0,3000.0,6000.0,5000.0,0.0,0.0
2024-10-06 00:00:00+05:30,324,Bowenpally,3,Bowenpally,113,Green Chillies,113,Common,0.0,1977.0,1000.0,2500.0,2000.0,0.0,0.0
2024-10-06 00:00:00+05:30,325,Hyderabad,6,Madannapeta,123,Ribbed Gourd,123,Common,0.0,8.0,3000.0,3000.0,3000.0,0.0,0.0
2024-10-06 00:00:00+05:30,331,Vantimamidi,1612,Vantimamidi,114,Tomato,197,Local,0.0,4.0,2000.0,3000.0,2500.0,0.0,0.0
2024-10-06 00:00:00+05:30,367,Gudimalkapur,1571,Gudumalkapur,114,Tomato,114,Common,0.0,2803.0,1000.0,7200.0,3200.0,0.0,0.0
2024-10-06 00:00:00+05:30,281,Venkateshwar Nagar,1106,V Nagar,113,Green Chillies,113,Common,0.0,3.0,20.0,20.0,20.0,0.0,0.0
2024-10-06 00:00:00+05:30,303,Kalwakurthy,1340,Kalwakurthy,113,Green Chillies,113,Common,0.0,11.0,500.0,1000.0,750.0,0.0,0.0
2024-10-07 00:00:00+05:30,324,Bowenpally,3,Bowenpally,113,Green Chillies,113,Common,0.0,1627.0,800.0,1500.0,1200.0,0.0,0.0
2024-10-07 00:00:00+05:30,323,Gaddiannaram,1,Gaddiannaram,86,Water Melon,86,Common,0.0,1280.0,300.0,1000.0,400.0,0.0,0.0
2024-10-06 00:00:00+05:30,310,Shadnagar,1330,Shadnagar,111,Brinjal,111,Common,0.0,10.0,800.0,1200.0,1000.0,0.0,0.0
2024-10-07 00:00:00+05:30,325,Hyderabad,5,Mahabubmansion,62,Ginger,62,Common,0.0,681.0,2500.0,5000.0,3650.0,0.0,0.0
2024-10-07 00:00:00+05:30,323,Gaddiannaram,2,L.B Nagar,118,Field Beans,118,Common,0.0,26.0,3000.0,6000.0,5000.0,0.0,0.0
2024-10-07 00:00:00+05:30,325,Hyderabad,6,Madannapeta,123,Ribbed Gourd,123,Common,0.0,5.0,3000.0,3000.0,3000.0,0.0,0.0
2024-10-07 00:00:00+05:30,320,Tandur,37,Tandur,75,Soyabean,214,Yellow,0.0,284.0,3609.0,4301.0,4257.0,0.0,0.0
2024-10-07 00:00:00+05:30,367,Gudimalkapur,1571,Gudumalkapur,114,Tomato,114,Common,0.0,1914.0,1000.0,7200.0,3200.0,0.0,0.0
2024-10-07 00:00:00+05:30,310,Shadnagar,1330,Shadnagar,111,Brinjal,111,Common,0.0,12.0,600.0,1000.0,800.0,0.0,0.0
2024-10-07 00:00:00+05:30,300,Badepally,1327,Badepally,30,Groundnut pods,30,Common,0.0,19.0,3129.0,4651.0,4651.0,0.0,0.0
2024-10-07 00:00:00+05:30,256,Khammam,1067,Khammam,54,Chillies(Dry),268,Talu,0.0,64.0,8000.0,10000.0,9000.0,0.0,0.0
2024-10-07 00:00:00+05:30,278,Suryapet,1091,Suryapet,22,Cowpea,22,Common,0.0,1.0,4028.0,4028.0,4028.0,0.0,0.0
2024-10-07 00:00:00+05:30,331,Vantimamidi,1612,Vantimamidi,114,Tomato,197,Local,0.0,4.0,7000.0,7000.0,7000.0,0.0,0.0
2024-10-08 00:00:00+05:30,323,Gaddiannaram,1,Gaddiannaram,86,Water Melon,86,Common,0.0,725.0,300.0,1000.0,400.0,0.0,0.0
2024-10-07 00:00:00+05:30,303,Kalwakurthy,1340,Kalwakurthy,113,Green Chillies,113,Common,0.0,4.0,1500.0,2500.0,800.0,0.0,0.0
2024-10-08 00:00:00+05:30,323,Gaddiannaram,2,L.B Nagar,118,Field Beans,118,Common,0.0,20.0,3000.0,6000.0,5000.0,0.0,0.0
2024-10-08 00:00:00+05:30,324,Bowenpally,3,Bowenpally,113,Green Chillies,113,Common,0.0,2014.0,1000.0,2500.0,2000.0,0.0,0.0
2024-10-08 00:00:00+05:30,246,Warangal,886,Warangal,17,Black Gram,17,Common,0.0,0.56,7822.0,7822.0,7822.0,0.0,0.0
2024-10-08 00:00:00+05:30,325,Hyderabad,6,Madannapeta,123,Ribbed Gourd,123,Common,0.0,11.0,3000.0,3500.0,3250.0,0.0,0.0
2024-10-08 00:00:00+05:30,325,Hyderabad,5,Mahabubmansion,62,Ginger,62,Common,0.0,514.0,2500.0,5000.0,3750.0,0.0,0.0
2024-10-08 00:00:00+05:30,281,Venkateshwar Nagar,1106,V Nagar,113,Green Chillies,113,Common,0.0,5.0,12.0,12.0,12.0,0.0,0.0
2024-10-08 00:00:00+05:30,256,Khammam,1067,Khammam,54,Chillies(Dry),268,Talu,0.0,142.0,7000.0,9600.0,9500.0,0.0,0.0
2024-10-08 00:00:00+05:30,279,Thirumalagiri,9,Tirmalagiri,15,Red Gram,15,Common,0.0,12.0,6021.0,6021.0,6021.0,0.0,0.0
2024-10-08 00:00:00+05:30,320,Tandur,37,Tandur,75,Soyabean,214,Yellow,0.0,263.0,3510.0,4209.0,4205.0,0.0,0.0
2024-10-08 00:00:00+05:30,310,Shadnagar,1330,Shadnagar,111,Brinjal,111,Common,0.0,10.0,800.0,1500.0,1000.0,0.0,0.0
2024-10-09 00:00:00+05:30,323,Gaddiannaram,1,Gaddiannaram,86,Water Melon,86,Common,0.0,400.0,300.0,1000.0,400.0,0.0,0.0
2024-10-08 00:00:00+05:30,303,Kalwakurthy,1340,Kalwakurthy,113,Green Chillies,113,Common,0.0,7.0,700.0,1200.0,950.0,0.0,0.0
2024-10-09 00:00:00+05:30,323,Gaddiannaram,2,L.B Nagar,118,Field Beans,118,Common,0.0,15.0,3000.0,6000.0,5000.0,0.0,0.0
2024-10-08 00:00:00+05:30,331,Vantimamidi,1612,Vantimamidi,114,Tomato,197,Local,0.0,2.0,2000.0,2000.0,2000.0,0.0,0.0
2024-10-08 00:00:00+05:30,367,Gudimalkapur,1571,Gudumalkapur,114,Tomato,114,Common,0.0,2071.0,1000.0,7200.0,3200.0,0.0,0.0
2024-10-09 00:00:00+05:30,325,Hyderabad,6,Madannapeta,123,Ribbed Gourd,123,Common,0.0,23.0,2500.0,3000.0,2750.0,0.0,0.0
2024-10-09 00:00:00+05:30,325,Hyderabad,5,Mahabubmansion,62,Ginger,62,Common,0.0,606.0,2500.0,500.0,3750.0,0.0,0.0
2024-10-09 00:00:00+05:30,324,Bowenpally,3,Bowenpally,113,Green Chillies,113,Common,0.0,1203.0,800.0,2500.0,2000.0,0.0,0.0
2024-10-09 00:00:00+05:30,320,Tandur,37,Tandur,75,Soyabean,214,Yellow,0.0,212.0,3500.0,4235.0,3852.0,0.0,0.0
2024-10-09 00:00:00+05:30,256,Khammam,1067,Khammam,54,Chillies(Dry),268,Talu,0.0,30.0,7000.0,9400.0,9000.0,0.0,0.0
2024-10-09 00:00:00+05:30,367,Gudimalkapur,1571,Gudumalkapur,114,Tomato,114,Common,0.0,2442.0,800.0,6000.0,3000.0,0.0,0.0
2024-10-09 00:00:00+05:30,303,Kalwakurthy,1340,Kalwakurthy,113,Green Chillies,113,Common,0.0,7.0,700.0,1300.0,1000.0,0.0,0.0
2024-10-09 00:00:00+05:30,310,Shadnagar,1330,Shadnagar,111,Brinjal,111,Common,0.0,12.0,1200.0,1800.0,1500.0,0.0,0.0
2024-10-10 00:00:00+05:30,324,Bowenpally,3,Bowenpally,113,Green Chillies,113,Common,0.0,1074.0,800.0,3000.0,2500.0,0.0,0.0
2024-10-09 00:00:00+05:30,331,Vantimamidi,1612,Vantimamidi,114,Tomato,197,Local,0.0,4.0,4000.0,6000.0,5000.0,0.0,0.0
2024-10-10 00:00:00+05:30,323,Gaddiannaram,1,Gaddiannaram,86,Water Melon,86,Common,0.0,570.0,300.0,1000.0,400.0,0.0,0.0
2024-10-10 00:00:00+05:30,325,Hyderabad,5,Mahabubmansion,62,Ginger,62,Common,0.0,624.0,2300.0,4500.0,3400.0,0.0,0.0
2024-10-10 00:00:00+05:30,320,Tandur,37,Tandur,75,Soyabean,214,Yellow,0.0,190.0,3015.0,4325.0,4077.0,0.0,0.0
2024-10-10 00:00:00+05:30,325,Hyderabad,6,Madannapeta,123,Ribbed Gourd,123,Common,0.0,8.0,3000.0,3000.0,3000.0,0.0,0.0
2024-10-10 00:00:00+05:30,323,Gaddiannaram,2,L.B Nagar,118,Field Beans,118,Common,0.0,14.0,4000.0,6000.0,5000.0,0.0,0.0
2024-10-10 00:00:00+05:30,281,Venkateshwar Nagar,1106,V Nagar,113,Green Chillies,113,Common,0.0,2.0,25.0,25.0,25.0,0.0,0.0
2024-10-10 00:00:00+05:30,303,Kalwakurthy,1340,Kalwakurthy,113,Green Chillies,113,Common,0.0,9.0,700.0,1600.0,1150.0,0.0,0.0
2024-10-10 00:00:00+05:30,367,Gudimalkapur,1571,Gudumalkapur,114,Tomato,114,Common,0.0,2796.0,800.0,5200.0,2600.0,0.0,0.0
2024-10-11 00:00:00+05:30,324,Bowenpally,3,Bowenpally,113,Green Chillies,113,Common,0.0,1248.0,1000.0,3000.0,2500.0,0.0,0.0
2024-10-11 00:00:00+05:30,325,Hyderabad,6,Madannapeta,123,Ribbed Gourd,123,Common,0.0,21.0,2000.0,3000.0,2500.0,0.0,0.0
2024-10-11 00:00:00+05:30,323,Gaddiannaram,2,L.B Nagar,118,Field Beans,118,Common,0.0,9.0,4000.0,6000.0,5000.0,0.0,0.0
2024-10-11 00:00:00+05:30,281,Venkateshwar Nagar,1106,V Nagar,113,Green Chillies,113,Common,0.0,3.0,25.0,25.0,25.0,0.0,0.0
2024-10-11 00:00:00+05:30,303,Kalwakurthy,1340,Kalwakurthy,113,Green Chillies,113,Common,0.0,4.0,1800.0,3000.0,2400.0,0.0,0.0
2024-10-11 00:00:00+05:30,310,Shadnagar,1330,Shadnagar,111,Brinjal,111,Common,0.0,12.0,800.0,1500.0,1000.0,0.0,0.0
2024-10-10 00:00:00+05:30,310,Shadnagar,1330,Shadnagar,111,Brinjal,111,Common,0.0,12.0,800.0,1200.0,1000.0,0.0,0.0
2024-10-11 00:00:00+05:30,325,Hyderabad,5,Mahabubmansion,62,Ginger,62,Common,0.0,150.0,2300.0,4500.0,3400.0,0.0,0.0
2024-10-11 00:00:00+05:30,367,Gudimalkapur,1571,Gudumalkapur,114,Tomato,114,Common,0.0,1480.0,800.0,4800.0,2800.0,0.0,0.0
2024-10-12 00:00:00+05:30,323,Gaddiannaram,2,L.B Nagar,118,Field Beans,118,Common,0.0,5.0,4000.0,6000.0,5000.0,0.0,0.0
2024-10-12 00:00:00+05:30,324,Bowenpally,3,Bowenpally,113,Green Chillies,113,Common,0.0,1544.0,500.0,2000.0,1600.0,0.0,0.0
2024-10-12 00:00:00+05:30,367,Gudimalkapur,1571,Gudumalkapur,114,Tomato,114,Common,0.0,1212.0,1200.0,6000.0,3200.0,0.0,0.0
2024-10-12 00:00:00+05:30,325,Hyderabad,6,Madannapeta,123,Ribbed Gourd,123,Common,0.0,8.0,3000.0,3000.0,3000.0,0.0,0.0
2024-10-11 00:00:00+05:30,331,Vantimamidi,1612,Vantimamidi,114,Tomato,197,Local,0.0,4.0,2000.0,4000.0,3000.0,0.0,0.0
2024-10-13 00:00:00+05:30,325,Hyderabad,6,Madannapeta,123,Ribbed Gourd,123,Common,0.0,3.0,3000.0,3000.0,3000.0,0.0,0.0
2024-10-12 00:00:00+05:30,310,Shadnagar,1330,Shadnagar,111,Brinjal,111,Common,0.0,15.0,800.0,1500.0,1000.0,0.0,0.0
2024-10-13 00:00:00+05:30,310,Shadnagar,1330,Shadnagar,111,Brinjal,111,Common,0.0,12.0,800.0,1200.0,1000.0,0.0,0.0
2024-10-13 00:00:00+05:30,324,Bowenpally,3,Bowenpally,113,Green Chillies,113,Common,0.0,1090.0,1000.0,4000.0,3000.0,0.0,0.0
2024-10-13 00:00:00+05:30,367,Gudimalkapur,1571,Gudumalkapur,114,Tomato,114,Common,0.0,1443.0,1200.0,6400.0,3200.0,0.0,0.0
2024-10-13 00:00:00+05:30,303,Kalwakurthy,1340,Kalwakurthy,113,Green Chillies,113,Common,0.0,3.0,1500.0,2000.0,1750.0,0.0,0.0
2024-10-13 00:00:00+05:30,331,Vantimamidi,1612,Vantimamidi,114,Tomato,197,Local,0.0,4.0,2000.0,2000.0,2000.0,0.0,0.0
2024-10-14 00:00:00+05:30,324,Bowenpally,3,Bowenpally,113,Green Chillies,113,Common,0.0,1252.0,800.0,2000.0,1600.0,0.0,0.0
2024-10-14 00:00:00+05:30,325,Hyderabad,6,Madannapeta,123,Ribbed Gourd,123,Common,0.0,4.0,2500.0,2500.0,2500.0,0.0,0.0
2024-10-14 00:00:00+05:30,323,Gaddiannaram,1,Gaddiannaram,86,Water Melon,86,Common,0.0,740.0,300.0,1000.0,400.0,0.0,0.0
2024-10-14 00:00:00+05:30,325,Hyderabad,5,Mahabubmansion,62,Ginger,62,Common,0.0,231.0,3000.0,5000.0,4050.0,0.0,0.0
2024-10-14 00:00:00+05:30,323,Gaddiannaram,2,L.B Nagar,118,Field Beans,118,Common,0.0,7.0,4000.0,6000.0,5000.0,0.0,0.0
2024-10-14 00:00:00+05:30,367,Gudimalkapur,1571,Gudumalkapur,114,Tomato,114,Common,0.0,1980.0,1200.0,6000.0,4000.0,0.0,0.0
2024-10-14 00:00:00+05:30,331,Vantimamidi,1612,Vantimamidi,114,Tomato,197,Local,0.0,11.0,2500.0,6000.0,4250.0,0.0,0.0
2024-10-14 00:00:00+05:30,303,Kalwakurthy,1340,Kalwakurthy,113,Green Chillies,113,Common,0.0,6.0,1500.0,2800.0,2150.0,0.0,0.0
2024-10-14 00:00:00+05:30,310,Shadnagar,1330,Shadnagar,111,Brinjal,111,Common,0.0,12.0,800.0,1500.0,1000.0,0.0,0.0
2024-10-14 00:00:00+05:30,256,Khammam,1067,Khammam,54,Chillies(Dry),268,Talu,0.0,132.0,6000.0,11000.0,10000.0,0.0,0.0
2024-10-14 00:00:00+05:30,320,Tandur,37,Tandur,75,Soyabean,214,Yellow,0.0,358.0,3861.0,4356.0,4167.0,0.0,0.0
2024-10-14 00:00:00+05:30,222,Karimnagar,1121,Karimnagar,25,Cotton,25,Common,0.0,1.0,6611.0,6611.0,6611.0,0.0,0.0
2024-10-15 00:00:00+05:30,325,Hyderabad,5,Mahabubmansion,62,Ginger,62,Common,0.0,495.0,3000.0,5000.0,4050.0,0.0,0.0
2024-10-15 00:00:00+05:30,325,Hyderabad,6,Madannapeta,123,Ribbed Gourd,123,Common,0.0,19.0,2000.0,2000.0,2000.0,0.0,0.0
2024-10-15 00:00:00+05:30,324,Bowenpally,3,Bowenpally,113,Green Chillies,113,Common,0.0,2462.0,800.0,3500.0,3000.0,0.0,0.0
2024-10-15 00:00:00+05:30,323,Gaddiannaram,1,Gaddiannaram,86,Water Melon,86,Common,0.0,1280.0,300.0,1000.0,400.0,0.0,0.0
2024-10-15 00:00:00+05:30,323,Gaddiannaram,2,L.B Nagar,118,Field Beans,118,Common,0.0,9.0,3000.0,5000.0,4000.0,0.0,0.0
2024-10-15 00:00:00+05:30,310,Shadnagar,1330,Shadnagar,111,Brinjal,111,Common,0.0,15.0,800.0,1500.0,1000.0,0.0,0.0
2024-10-15 00:00:00+05:30,320,Tandur,37,Tandur,75,Soyabean,214,Yellow,0.0,363.0,3753.0,4329.0,4275.0,0.0,0.0
2024-10-16 00:00:00+05:30,323,Gaddiannaram,2,L.B Nagar,118,Field Beans,118,Common,0.0,7.0,3000.0,5000.0,4500.0,0.0,0.0
2024-10-15 00:00:00+05:30,303,Kalwakurthy,1340,Kalwakurthy,113,Green Chillies,113,Common,0.0,5.0,1500.0,2700.0,2100.0,0.0,0.0
2024-10-15 00:00:00+05:30,367,Gudimalkapur,1571,Gudumalkapur,114,Tomato,114,Common,0.0,2557.0,800.0,6000.0,2400.0,0.0,0.0
2024-10-16 00:00:00+05:30,320,Tandur,37,Tandur,75,Soyabean,214,Yellow,0.0,238.0,3636.0,4285.0,4185.0,0.0,0.0
2024-10-16 00:00:00+05:30,325,Hyderabad,6,Madannapeta,123,Ribbed Gourd,123,Common,0.0,19.0,2000.0,3000.0,2500.0,0.0,0.0
2024-10-16 00:00:00+05:30,323,Gaddiannaram,1,Gaddiannaram,86,Water Melon,86,Common,0.0,1100.0,300.0,1000.0,400.0,0.0,0.0
2024-10-16 00:00:00+05:30,325,Hyderabad,5,Mahabubmansion,62,Ginger,62,Common,0.0,517.0,3300.0,5000.0,4050.0,0.0,0.0
2024-10-16 00:00:00+05:30,324,Bowenpally,3,Bowenpally,113,Green Chillies,113,Common,0.0,2481.0,1000.0,3000.0,2500.0,0.0,0.0
2024-10-16 00:00:00+05:30,222,Karimnagar,1121,Karimnagar,25,Cotton,25,Common,0.0,8.0,6611.0,6611.0,6611.0,0.0,0.0
2024-10-16 00:00:00+05:30,278,Suryapet,1091,Suryapet,22,Cowpea,22,Common,0.0,1.0,2808.0,2808.0,2808.0,0.0,0.0
2024-10-16 00:00:00+05:30,367,Gudimalkapur,1571,Gudumalkapur,114,Tomato,114,Common,0.0,2416.0,800.0,5200.0,1600.0,0.0,0.0
2024-10-16 00:00:00+05:30,310,Shadnagar,1330,Shadnagar,111,Brinjal,111,Common,0.0,15.0,800.0,1500.0,1000.0,0.0,0.0
2024-10-17 00:00:00+05:30,323,Gaddiannaram,1,Gaddiannaram,86,Water Melon,86,Common,0.0,160.0,300.0,1000.0,400.0,0.0,0.0
2024-10-16 00:00:00+05:30,303,Kalwakurthy,1340,Kalwakurthy,113,Green Chillies,113,Common,0.0,7.0,1500.0,3900.0,2700.0,0.0,0.0
2024-10-17 00:00:00+05:30,324,Bowenpally,3,Bowenpally,113,Green Chillies,113,Common,0.0,1688.0,1000.0,3500.0,3000.0,0.0,0.0
2024-10-17 00:00:00+05:30,325,Hyderabad,6,Madannapeta,123,Ribbed Gourd,123,Common,0.0,5.0,3000.0,3000.0,3000.0,0.0,0.0
2024-10-17 00:00:00+05:30,323,Gaddiannaram,2,L.B Nagar,118,Field Beans,118,Common,0.0,10.0,3000.0,6000.0,4000.0,0.0,0.0
2024-10-17 00:00:00+05:30,246,Warangal,886,Warangal,17,Black Gram,17,Common,0.0,0.49,5555.0,5555.0,5555.0,0.0,0.0
2024-10-17 00:00:00+05:30,222,Karimnagar,1121,Karimnagar,25,Cotton,25,Common,0.0,7.0,6550.0,6550.0,6550.0,0.0,0.0
2024-10-17 00:00:00+05:30,325,Hyderabad,5,Mahabubmansion,62,Ginger,62,Common,0.0,526.0,3300.0,5500.0,4250.0,0.0,0.0
2024-10-17 00:00:00+05:30,256,Khammam,1067,Khammam,54,Chillies(Dry),268,Talu,0.0,38.0,6600.0,9000.0,8000.0,0.0,0.0
2024-10-18 00:00:00+05:30,323,Gaddiannaram,1,Gaddiannaram,86,Water Melon,86,Common,0.0,1210.0,300.0,1000.0,400.0,0.0,0.0
2024-10-17 00:00:00+05:30,331,Vantimamidi,1612,Vantimamidi,114,Tomato,197,Local,0.0,1.0,3500.0,3500.0,3500.0,0.0,0.0
2024-10-17 00:00:00+05:30,367,Gudimalkapur,1571,Gudumalkapur,114,Tomato,114,Common,0.0,1939.0,800.0,5200.0,1600.0,0.0,0.0
2024-10-17 00:00:00+05:30,303,Kalwakurthy,1340,Kalwakurthy,113,Green Chillies,113,Common,0.0,8.0,1000.0,2500.0,1750.0,0.0,0.0
2024-10-17 00:00:00+05:30,310,Shadnagar,1330,Shadnagar,111,Brinjal,111,Common,0.0,15.0,800.0,1500.0,1000.0,0.0,0.0
2024-10-18 00:00:00+05:30,324,Bowenpally,3,Bowenpally,113,Green Chillies,113,Common,0.0,2429.0,500.0,2500.0,2000.0,0.0,0.0
2024-10-18 00:00:00+05:30,323,Gaddiannaram,2,L.B Nagar,118,Field Beans,118,Common,0.0,9.0,3000.0,6000.0,5000.0,0.0,0.0
2024-10-18 00:00:00+05:30,325,Hyderabad,5,Mahabubmansion,62,Ginger,62,Common,0.0,725.0,3300.0,5000.0,4050.0,0.0,0.0
2024-10-18 00:00:00+05:30,325,Hyderabad,6,Madannapeta,123,Ribbed Gourd,123,Common,0.0,16.0,2500.0,3000.0,2750.0,0.0,0.0
2024-10-18 00:00:00+05:30,256,Khammam,1067,Khammam,54,Chillies(Dry),268,Talu,0.0,32.0,9000.0,9000.0,9000.0,0.0,0.0
2024-10-18 00:00:00+05:30,320,Tandur,37,Tandur,75,Soyabean,214,Yellow,0.0,259.0,3809.0,4305.0,4225.0,0.0,0.0
2024-10-18 00:00:00+05:30,278,Suryapet,1091,Suryapet,22,Cowpea,22,Common,0.0,1.0,5559.0,5559.0,5559.0,0.0,0.0
2024-10-18 00:00:00+05:30,222,Karimnagar,1121,Karimnagar,25,Cotton,25,Common,0.0,16.0,6421.0,6451.0,6451.0,0.0,0.0
2024-10-18 00:00:00+05:30,367,Gudimalkapur,1571,Gudumalkapur,114,Tomato,114,Common,0.0,1622.0,800.0,5200.0,2000.0,0.0,0.0
2024-10-18 00:00:00+05:30,310,Shadnagar,1330,Shadnagar,111,Brinjal,111,Common,0.0,15.0,800.0,1500.0,1000.0,0.0,0.0
2024-10-19 00:00:00+05:30,323,Gaddiannaram,1,Gaddiannaram,86,Water Melon,86,Common,0.0,1550.0,300.0,1000.0,400.0,0.0,0.0
2024-10-18 00:00:00+05:30,331,Vantimamidi,1612,Vantimamidi,114,Tomato,197,Local,0.0,5.0,6000.0,6000.0,6000.0,0.0,0.0
2024-10-19 00:00:00+05:30,324,Bowenpally,3,Bowenpally,113,Green Chillies,113,Common,0.0,1962.0,1500.0,4000.0,3500.0,0.0,0.0
2024-10-19 00:00:00+05:30,325,Hyderabad,6,Madannapeta,123,Ribbed Gourd,123,Common,0.0,8.0,2500.0,3000.0,2750.0,0.0,0.0
2024-10-19 00:00:00+05:30,323,Gaddiannaram,2,L.B Nagar,118,Field Beans,118,Common,0.0,10.0,3000.0,6000.0,5000.0,0.0,0.0
2024-10-18 00:00:00+05:30,303,Kalwakurthy,1340,Kalwakurthy,113,Green Chillies,113,Common,0.0,8.0,800.0,2500.0,1650.0,0.0,0.0
2024-10-19 00:00:00+05:30,325,Hyderabad,5,Mahabubmansion,62,Ginger,62,Common,0.0,549.0,3300.0,5000.0,4150.0,0.0,0.0
2024-10-19 00:00:00+05:30,300,Badepally,1327,Badepally,30,Groundnut pods,30,Common,0.0,4.0,3069.0,3069.0,3069.0,0.0,0.0
2024-10-19 00:00:00+05:30,320,Tandur,37,Tandur,75,Soyabean,214,Yellow,0.0,144.0,3609.0,4311.0,4302.0,0.0,0.0
2024-10-19 00:00:00+05:30,367,Gudimalkapur,1571,Gudumalkapur,114,Tomato,114,Common,0.0,2743.0,600.0,4800.0,1600.0,0.0,0.0
2024-10-20 00:00:00+05:30,324,Bowenpally,3,Bowenpally,113,Green Chillies,113,Common,0.0,1906.0,1000.0,3500.0,3000.0,0.0,0.0
2024-10-19 00:00:00+05:30,303,Kalwakurthy,1340,Kalwakurthy,113,Green Chillies,113,Common,0.0,6.0,1000.0,2500.0,1750.0,0.0,0.0
2024-10-19 00:00:00+05:30,310,Shadnagar,1330,Shadnagar,111,Brinjal,111,Common,0.0,10.0,600.0,1200.0,1000.0,0.0,0.0
2024-10-20 00:00:00+05:30,323,Gaddiannaram,1,Gaddiannaram,86,Water Melon,86,Common,0.0,1005.0,300.0,1000.0,400.0,0.0,0.0
2024-10-20 00:00:00+05:30,325,Hyderabad,6,Madannapeta,123,Ribbed Gourd,123,Common,0.0,21.0,2000.0,2500.0,2250.0,0.0,0.0
2024-10-20 00:00:00+05:30,323,Gaddiannaram,2,L.B Nagar,118,Field Beans,118,Common,0.0,6.0,3000.0,6000.0,5000.0,0.0,0.0
2024-10-20 00:00:00+05:30,281,Venkateshwar Nagar,1106,V Nagar,113,Green Chillies,113,Common,0.0,3.0,20.0,20.0,20.0,0.0,0.0
2024-10-20 00:00:00+05:30,303,Kalwakurthy,1340,Kalwakurthy,113,Green Chillies,113,Common,0.0,3.0,3000.0,4000.0,3500.0,0.0,0.0
2024-10-20 00:00:00+05:30,310,Shadnagar,1330,Shadnagar,111,Brinjal,111,Common,0.0,12.0,800.0,1200.0,1000.0,0.0,0.0
2024-10-20 00:00:00+05:30,367,Gudimalkapur,1571,Gudumalkapur,114,Tomato,114,Common,0.0,2915.0,600.0,4800.0,1600.0,0.0,0.0
2024-10-21 00:00:00+05:30,324,Bowenpally,3,Bowenpally,113,Green Chillies,113,Common,0.0,1512.0,1500.0,2000.0,1600.0,0.0,0.0
2024-10-21 00:00:00+05:30,323,Gaddiannaram,1,Gaddiannaram,86,Water Melon,86,Common,0.0,1190.0,300.0,1000.0,400.0,0.0,0.0
2024-10-21 00:00:00+05:30,323,Gaddiannaram,2,L.B Nagar,118,Field Beans,118,Common,0.0,15.0,4000.0,6000.0,5000.0,0.0,0.0
2024-10-21 00:00:00+05:30,325,Hyderabad,5,Mahabubmansion,62,Ginger,62,Common,0.0,590.0,3300.0,5000.0,4150.0,0.0,0.0
2024-10-21 00:00:00+05:30,325,Hyderabad,6,Madannapeta,123,Ribbed Gourd,123,Common,0.0,14.0,2800.0,3000.0,2900.0,0.0,0.0
2024-10-21 00:00:00+05:30,278,Suryapet,1091,Suryapet,22,Cowpea,22,Common,0.0,1.0,2559.0,5519.0,5519.0,0.0,0.0
2024-10-21 00:00:00+05:30,222,Karimnagar,1121,Karimnagar,25,Cotton,25,Common,0.0,54.0,6000.0,6475.0,6351.0,0.0,0.0
2024-10-21 00:00:00+05:30,367,Gudimalkapur,1571,Gudumalkapur,114,Tomato,114,Common,0.0,2090.0,600.0,4400.0,1600.0,0.0,0.0
2024-10-22 00:00:00+05:30,323,Gaddiannaram,1,Gaddiannaram,86,Water Melon,86,Common,0.0,1240.0,300.0,1000.0,400.0,0.0,0.0
2024-10-21 00:00:00+05:30,303,Kalwakurthy,1340,Kalwakurthy,113,Green Chillies,113,Common,0.0,5.0,2000.0,4900.0,3450.0,0.0,0.0
2024-10-22 00:00:00+05:30,323,Gaddiannaram,2,L.B Nagar,118,Field Beans,118,Common,0.0,9.0,3000.0,6000.0,5000.0,0.0,0.0
2024-10-21 00:00:00+05:30,331,Vantimamidi,1612,Vantimamidi,114,Tomato,197,Local,0.0,11.0,2000.0,5000.0,3500.0,0.0,0.0
2024-10-21 00:00:00+05:30,310,Shadnagar,1330,Shadnagar,111,Brinjal,111,Common,0.0,10.0,800.0,1500.0,1200.0,0.0,0.0
2024-10-22 00:00:00+05:30,325,Hyderabad,6,Madannapeta,123,Ribbed Gourd,123,Common,0.0,1.0,4000.0,4000.0,4000.0,0.0,0.0
2024-10-22 00:00:00+05:30,325,Hyderabad,5,Mahabubmansion,62,Ginger,62,Common,0.0,583.0,3000.0,5000.0,4050.0,0.0,0.0
2024-10-22 00:00:00+05:30,324,Bowenpally,3,Bowenpally,113,Green Chillies,113,Common,0.0,2007.0,1000.0,4500.0,3500.0,0.0,0.0
2024-10-22 00:00:00+05:30,281,Venkateshwar Nagar,1106,V Nagar,113,Green Chillies,113,Common,0.0,4.0,30.0,30.0,30.0,0.0,0.0
2024-10-22 00:00:00+05:30,222,Karimnagar,1121,Karimnagar,25,Cotton,25,Common,0.0,30.0,6321.0,6481.0,6351.0,0.0,0.0
2024-10-22 00:00:00+05:30,310,Shadnagar,1330,Shadnagar,111,Brinjal,111,Common,0.0,10.0,800.0,1300.0,1000.0,0.0,0.0
2024-10-22 00:00:00+05:30,256,Khammam,1067,Khammam,54,Chillies(Dry),268,Talu,0.0,59.0,8900.0,9000.0,9000.0,0.0,0.0
2024-10-22 00:00:00+05:30,367,Gudimalkapur,1571,Gudumalkapur,114,Tomato,114,Common,0.0,2322.0,600.0,4400.0,2800.0,0.0,0.0
2024-10-22 00:00:00+05:30,303,Kalwakurthy,1340,Kalwakurthy,113,Green Chillies,113,Common,0.0,4.0,1800.0,5300.0,3550.0,0.0,0.0
2024-10-23 00:00:00+05:30,323,Gaddiannaram,2,L.B Nagar,118,Field Beans,118,Common,0.0,5.0,3000.0,6000.0,4000.0,0.0,0.0
2024-10-23 00:00:00+05:30,323,Gaddiannaram,1,Gaddiannaram,86,Water Melon,86,Common,0.0,970.0,300.0,1000.0,400.0,0.0,0.0
2024-10-23 00:00:00+05:30,325,Hyderabad,6,Madannapeta,123,Ribbed Gourd,123,Common,0.0,13.0,3500.0,4500.0,4000.0,0.0,0.0
2024-10-23 00:00:00+05:30,324,Bowenpally,3,Bowenpally,113,Green Chillies,113,Common,0.0,2337.0,1500.0,4000.0,3200.0,0.0,0.0
2024-10-23 00:00:00+05:30,281,Venkateshwar Nagar,1106,V Nagar,113,Green Chillies,113,Common,0.0,2.0,40.0,40.0,40.0,0.0,0.0
2024-10-23 00:00:00+05:30,325,Hyderabad,5,Mahabubmansion,62,Ginger,62,Common,0.0,503.0,3000.0,5000.0,4050.0,0.0,0.0
2024-10-23 00:00:00+05:30,320,Tandur,37,Tandur,75,Soyabean,214,Yellow,0.0,188.0,4130.0,4300.0,4250.0,0.0,0.0
2024-10-23 00:00:00+05:30,367,Gudimalkapur,1571,Gudumalkapur,114,Tomato,114,Common,0.0,2777.0,600.0,4400.0,2400.0,0.0,0.0
2024-10-23 00:00:00+05:30,303,Kalwakurthy,1340,Kalwakurthy,113,Green Chillies,113,Common,0.0,5.0,2200.0,5000.0,3600.0,0.0,0.0
2024-10-23 00:00:00+05:30,310,Shadnagar,1330,Shadnagar,111,Brinjal,111,Common,0.0,12.0,600.0,1200.0,800.0,0.0,0.0
2024-10-23 00:00:00+05:30,256,Khammam,1067,Khammam,54,Chillies(Dry),268,Talu,0.0,16.0,6000.0,9000.0,6500.0,0.0,0.0
2024-10-23 00:00:00+05:30,222,Karimnagar,1121,Karimnagar,25,Cotton,25,Common,0.0,37.0,6255.0,6572.0,6556.0,0.0,0.0
2024-10-24 00:00:00+05:30,323,Gaddiannaram,1,Gaddiannaram,86,Water Melon,86,Common,0.0,840.0,300.0,1000.0,400.0,0.0,0.0
2024-10-23 00:00:00+05:30,331,Vantimamidi,1612,Vantimamidi,114,Tomato,197,Local,0.0,15.0,2000.0,4000.0,3000.0,0.0,0.0
2024-10-24 00:00:00+05:30,324,Bowenpally,3,Bowenpally,113,Green Chillies,113,Common,0.0,2192.0,1000.0,3000.0,2500.0,0.0,0.0
2024-10-24 00:00:00+05:30,320,Tandur,37,Tandur,75,Soyabean,214,Yellow,0.0,317.0,3690.0,4310.0,4050.0,0.0,0.0
2024-10-24 00:00:00+05:30,325,Hyderabad,6,Madannapeta,123,Ribbed Gourd,123,Common,0.0,10.0,3500.0,5000.0,4250.0,0.0,0.0
2024-10-24 00:00:00+05:30,323,Gaddiannaram,2,L.B Nagar,118,Field Beans,118,Common,0.0,6.0,3000.0,6000.0,4000.0,0.0,0.0
2024-10-24 00:00:00+05:30,281,Venkateshwar Nagar,1106,V Nagar,113,Green Chillies,113,Common,0.0,5.0,40.0,40.0,40.0,0.0,0.0
2024-10-24 00:00:00+05:30,256,Khammam,1067,Khammam,54,Chillies(Dry),268,Talu,0.0,72.0,6000.0,9100.0,9000.0,0.0,0.0
2024-10-24 00:00:00+05:30,222,Karimnagar,1121,Karimnagar,25,Cotton,25,Common,0.0,20.0,6229.0,6521.0,6351.0,0.0,0.0
2024-10-24 00:00:00+05:30,367,Gudimalkapur,1571,Gudumalkapur,114,Tomato,114,Common,0.0,2444.0,600.0,4000.0,1600.0,0.0,0.0
2024-10-24 00:00:00+05:30,303,Kalwakurthy,1340,Kalwakurthy,113,Green Chillies,113,Common,0.0,6.0,1500.0,5000.0,3250.0,0.0,0.0
2024-10-24 00:00:00+05:30,310,Shadnagar,1330,Shadnagar,111,Brinjal,111,Common,0.0,15.0,800.0,1800.0,1000.0,0.0,0.0
2024-10-25 00:00:00+05:30,323,Gaddiannaram,1,Gaddiannaram,86,Water Melon,86,Common,0.0,760.0,300.0,1000.0,400.0,0.0,0.0
2024-10-24 00:00:00+05:30,331,Vantimamidi,1612,Vantimamidi,114,Tomato,197,Local,0.0,1.0,3000.0,3000.0,3000.0,0.0,0.0
2024-10-25 00:00:00+05:30,325,Hyderabad,6,Madannapeta,123,Ribbed Gourd,123,Common,0.0,9.0,3500.0,5000.0,4000.0,0.0,0.0
2024-10-25 00:00:00+05:30,323,Gaddiannaram,2,L.B Nagar,118,Field Beans,118,Common,0.0,8.0,3000.0,6000.0,4000.0,0.0,0.0
2024-10-25 00:00:00+05:30,325,Hyderabad,5,Mahabubmansion,62,Ginger,62,Common,0.0,516.0,3000.0,5000.0,4050.0,0.0,0.0
2024-10-25 00:00:00+05:30,279,Thirumalagiri,9,Tirmalagiri,15,Red Gram,15,Common,0.0,1.0,6009.0,6009.0,6009.0,0.0,0.0
2024-10-25 00:00:00+05:30,281,Venkateshwar Nagar,1106,V Nagar,113,Green Chillies,113,Common,0.0,3.0,40.0,40.0,40.0,0.0,0.0
2024-10-25 00:00:00+05:30,303,Kalwakurthy,1340,Kalwakurthy,113,Green Chillies,113,Common,0.0,7.0,3000.0,5000.0,4000.0,0.0,0.0
2024-10-25 00:00:00+05:30,310,Shadnagar,1330,Shadnagar,111,Brinjal,111,Common,0.0,12.0,800.0,1500.0,1000.0,0.0,0.0
2024-10-25 00:00:00+05:30,222,Karimnagar,1121,Karimnagar,25,Cotton,25,Common,0.0,74.0,6221.0,6501.0,6321.0,0.0,0.0
2024-10-26 00:00:00+05:30,323,Gaddiannaram,1,Gaddiannaram,86,Water Melon,86,Common,0.0,630.0,300.0,1000.0,400.0,0.0,0.0
2024-10-26 00:00:00+05:30,323,Gaddiannaram,2,L.B Nagar,118,Field Beans,118,Common,0.0,10.0,5000.0,6000.0,5500.0,0.0,0.0
2024-10-25 00:00:00+05:30,367,Gudimalkapur,1571,Gudumalkapur,114,Tomato,114,Common,0.0,1948.0,600.0,4000.0,1600.0,0.0,0.0
2024-10-25 00:00:00+05:30,331,Vantimamidi,1612,Vantimamidi,114,Tomato,197,Local,0.0,6.0,2500.0,5000.0,3750.0,0.0,0.0
2024-10-26 00:00:00+05:30,319,Shankerpally,40,Shankerpally,114,Tomato,197,Local,0.0,7.4,3600.0,5250.0,4425.0,0.0,0.0
2024-10-26 00:00:00+05:30,320,Tandur,37,Tandur,75,Soyabean,214,Yellow,0.0,14.0,3000.0,4350.0,4350.0,0.0,0.0
2024-10-26 00:00:00+05:30,325,Hyderabad,5,Mahabubmansion,62,Ginger,62,Common,0.0,409.0,3000.0,5000.0,4050.0,0.0,0.0
2024-10-26 00:00:00+05:30,325,Hyderabad,6,Madannapeta,123,Ribbed Gourd,123,Common,0.0,7.0,5000.0,6000.0,5500.0,0.0,0.0
2024-10-26 00:00:00+05:30,324,Bowenpally,3,Bowenpally,113,Green Chillies,113,Common,0.0,1890.0,800.0,3000.0,2400.0,0.0,0.0
2024-10-26 00:00:00+05:30,367,Gudimalkapur,1571,Gudumalkapur,114,Tomato,114,Common,0.0,1794.0,1200.0,4000.0,2000.0,0.0,0.0
2024-10-26 00:00:00+05:30,310,Shadnagar,1330,Shadnagar,111,Brinjal,111,Common,0.0,10.0,800.0,1500.0,1200.0,0.0,0.0
2024-10-26 00:00:00+05:30,303,Kalwakurthy,1340,Kalwakurthy,113,Green Chillies,113,Common,0.0,7.0,2000.0,4000.0,3000.0,0.0,0.0
2024-10-26 00:00:00+05:30,331,Vantimamidi,1612,Vantimamidi,114,Tomato,197,Local,0.0,23.0,3000.0,3000.0,3000.0,0.0,0.0
2024-10-27 00:00:00+05:30,281,Venkateshwar Nagar,1106,V Nagar,113,Green Chillies,113,Common,0.0,2.0,40.0,40.0,40.0,0.0,0.0
2024-10-27 00:00:00+05:30,310,Shadnagar,1330,Shadnagar,111,Brinjal,111,Common,0.0,12.0,800.0,1500.0,1200.0,0.0,0.0
2024-10-27 00:00:00+05:30,303,Kalwakurthy,1340,Kalwakurthy,113,Green Chillies,113,Common,0.0,6.0,3500.0,5700.0,4600.0,0.0,0.0
2024-10-27 00:00:00+05:30,324,Bowenpally,3,Bowenpally,113,Green Chillies,113,Common,0.0,1908.0,1500.0,3000.0,2600.0,0.0,0.0
2024-10-27 00:00:00+05:30,323,Gaddiannaram,1,Gaddiannaram,86,Water Melon,86,Common,0.0,910.0,300.0,1000.0,400.0,0.0,0.0
2024-10-27 00:00:00+05:30,325,Hyderabad,6,Madannapeta,123,Ribbed Gourd,123,Common,0.0,6.0,4000.0,5000.0,4500.0,0.0,0.0
2024-10-27 00:00:00+05:30,323,Gaddiannaram,2,L.B Nagar,118,Field Beans,118,Common,0.0,7.0,5000.0,6000.0,5500.0,0.0,0.0
2024-10-28 00:00:00+05:30,323,Gaddiannaram,1,Gaddiannaram,86,Water Melon,86,Common,0.0,660.0,300.0,1000.0,400.0,0.0,0.0
2024-10-28 00:00:00+05:30,323,Gaddiannaram,2,L.B Nagar,118,Field Beans,118,Common,0.0,13.0,6000.0,8000.0,7000.0,0.0,0.0
2024-10-27 00:00:00+05:30,367,Gudimalkapur,1571,Gudumalkapur,114,Tomato,114,Common,0.0,2878.0,800.0,4400.0,2400.0,0.0,0.0
2024-10-27 00:00:00+05:30,331,Vantimamidi,1612,Vantimamidi,114,Tomato,197,Local,0.0,12.0,1000.0,1500.0,1250.0,0.0,0.0
2024-10-28 00:00:00+05:30,325,Hyderabad,5,Mahabubmansion,62,Ginger,62,Common,0.0,434.0,3000.0,5000.0,3750.0,0.0,0.0
2024-10-28 00:00:00+05:30,325,Hyderabad,6,Madannapeta,123,Ribbed Gourd,123,Common,0.0,9.0,4000.0,4500.0,4250.0,0.0,0.0
2024-10-28 00:00:00+05:30,324,Bowenpally,3,Bowenpally,113,Green Chillies,113,Common,0.0,2341.0,700.0,3000.0,2200.0,0.0,0.0
2024-10-28 00:00:00+05:30,256,Khammam,1067,Khammam,54,Chillies(Dry),268,Talu,0.0,8.0,7500.0,7500.0,7500.0,0.0,0.0
2024-10-28 00:00:00+05:30,222,Karimnagar,1121,Karimnagar,25,Cotton,25,Common,0.0,47.0,6209.0,6352.0,6259.0,0.0,0.0
2024-10-28 00:00:00+05:30,310,Shadnagar,1330,Shadnagar,111,Brinjal,111,Common,0.0,10.0,800.0,1500.0,1000.0,0.0,0.0
2024-10-28 00:00:00+05:30,367,Gudimalkapur,1571,Gudumalkapur,114,Tomato,114,Common,0.0,2709.0,1000.0,4000.0,1600.0,0.0,0.0
2024-10-28 00:00:00+05:30,331,Vantimamidi,1612,Vantimamidi,114,Tomato,197,Local,0.0,2.0,2000.0,2000.0,2000.0,0.0,0.0
2024-10-29 00:00:00+05:30,324,Bowenpally,3,Bowenpally,113,Green Chillies,113,Common,0.0,1756.0,1000.0,3000.0,2500.0,0.0,0.0
2024-10-29 00:00:00+05:30,323,Gaddiannaram,1,Gaddiannaram,86,Water Melon,86,Common,0.0,1220.0,300.0,1000.0,400.0,0.0,0.0
2024-10-28 00:00:00+05:30,303,Kalwakurthy,1340,Kalwakurthy,113,Green Chillies,113,Common,0.0,5.0,4000.0,6000.0,5000.0,0.0,0.0
2024-10-29 00:00:00+05:30,323,Gaddiannaram,2,L.B Nagar,118,Field Beans,118,Common,0.0,15.0,4000.0,6000.0,5000.0,0.0,0.0
2024-10-29 00:00:00+05:30,325,Hyderabad,5,Mahabubmansion,62,Ginger,62,Common,0.0,443.0,3000.0,5000.0,4000.0,0.0,0.0
2024-10-29 00:00:00+05:30,325,Hyderabad,6,Madannapeta,123,Ribbed Gourd,123,Common,0.0,16.0,4500.0,5500.0,5000.0,0.0,0.0
2024-10-29 00:00:00+05:30,281,Venkateshwar Nagar,1106,V Nagar,113,Green Chillies,113,Common,0.0,7.0,40.0,40.0,40.0,0.0,0.0
2024-10-29 00:00:00+05:30,256,Khammam,1067,Khammam,54,Chillies(Dry),268,Talu,0.0,57.0,8600.0,8600.0,8600.0,0.0,0.0
2024-10-29 00:00:00+05:30,222,Karimnagar,1121,Karimnagar,25,Cotton,25,Common,0.0,15.0,6188.0,6350.0,6329.0,0.0,0.0
2024-10-29 00:00:00+05:30,300,Badepally,1327,Badepally,30,Groundnut pods,30,Common,0.0,5.0,3789.0,3789.0,3789.0,0.0,0.0
2024-10-29 00:00:00+05:30,367,Gudimalkapur,1571,Gudumalkapur,114,Tomato,114,Common,0.0,3304.0,600.0,3600.0,1600.0,0.0,0.0
2024-10-29 00:00:00+05:30,331,Vantimamidi,1612,Vantimamidi,114,Tomato,197,Local,0.0,7.0,2000.0,3000.0,2500.0,0.0,0.0
2024-10-30 00:00:00+05:30,323,Gaddiannaram,1,Gaddiannaram,86,Water Melon,86,Common,0.0,1340.0,400.0,1200.0,600.0,0.0,0.0
2024-10-30 00:00:00+05:30,323,Gaddiannaram,2,L.B Nagar,118,Field Beans,118,Common,0.0,3.0,6000.0,7000.0,6500.0,0.0,0.0
2024-10-30 00:00:00+05:30,222,Karimnagar,1121,Karimnagar,25,Cotton,25,Common,0.0,7.0,6279.0,6359.0,6309.0,0.0,0.0
2024-10-30 00:00:00+05:30,324,Bowenpally,3,Bowenpally,113,Green Chillies,113,Common,0.0,1769.0,1000.0,3000.0,2500.0,0.0,0.0
2024-10-30 00:00:00+05:30,325,Hyderabad,6,Madannapeta,123,Ribbed Gourd,123,Common,0.0,18.0,3000.0,5000.0,4000.0,0.0,0.0
2024-10-29 00:00:00+05:30,303,Kalwakurthy,1340,Kalwakurthy,113,Green Chillies,113,Common,0.0,6.0,2000.0,6100.0,4050.0,0.0,0.0
2024-10-30 00:00:00+05:30,325,Hyderabad,5,Mahabubmansion,62,Ginger,62,Common,0.0,386.0,2600.0,5000.0,3650.0,0.0,0.0
2024-10-30 00:00:00+05:30,367,Gudimalkapur,1571,Gudumalkapur,114,Tomato,114,Common,0.0,2832.0,600.0,3200.0,1200.0,0.0,0.0
2024-10-30 00:00:00+05:30,331,Vantimamidi,1612,Vantimamidi,114,Tomato,197,Local,0.0,48.0,1000.0,2000.0,1500.0,0.0,0.0
2024-10-30 00:00:00+05:30,303,Kalwakurthy,1340,Kalwakurthy,113,Green Chillies,113,Common,0.0,10.0,2500.0,5500.0,4000.0,0.0,0.0
2024-10-30 00:00:00+05:30,310,Shadnagar,1330,Shadnagar,111,Brinjal,111,Common,0.0,10.0,800.0,1500.0,1000.0,0.0,0.0
2024-10-31 00:00:00+05:30,324,Bowenpally,3,Bowenpally,113,Green Chillies,113,Common,0.0,2359.0,800.0,2500.0,2000.0,0.0,0.0
2024-10-31 00:00:00+05:30,323,Gaddiannaram,1,Gaddiannaram,86,Water Melon,86,Common,0.0,560.0,400.0,1200.0,600.0,0.0,0.0
2024-10-31 00:00:00+05:30,323,Gaddiannaram,2,L.B Nagar,118,Field Beans,118,Common,0.0,1.0,6000.0,8000.0,7000.0,0.0,0.0
2024-10-31 00:00:00+05:30,325,Hyderabad,6,Madannapeta,123,Ribbed Gourd,123,Common,0.0,17.0,2500.0,3000.0,2750.0,0.0,0.0
2024-10-31 00:00:00+05:30,319,Shankerpally,40,Shankerpally,114,Tomato,197,Local,0.0,1.8,3000.0,3000.0,3000.0,0.0,0.0
2024-10-31 00:00:00+05:30,281,Venkateshwar Nagar,1106,V Nagar,113,Green Chillies,113,Common,0.0,13.0,40.0,40.0,40.0,0.0,0.0
2024-10-31 00:00:00+05:30,310,Shadnagar,1330,Shadnagar,111,Brinjal,111,Common,0.0,10.0,800.0,1500.0,1000.0,0.0,0.0
2024-10-31 00:00:00+05:30,367,Gudimalkapur,1571,Gudumalkapur,114,Tomato,114,Common,0.0,2213.0,600.0,3200.0,1200.0,0.0,0.0
2024-10-31 00:00:00+05:30,303,Kalwakurthy,1340,Kalwakurthy,113,Green Chillies,113,Common,0.0,9.0,2000.0,5000.0,3500.0,0.0,0.0
2024-10-26 00:00:00+05:30,303,Kalwakurthy,1340,Kalwakurthy,114,Tomato,197,Local,0.0,47.0,1000.0,1600.0,1300.0,0.0,0.0
2024-10-26 00:00:00+05:30,310,Shadnagar,1330,Shadnagar,112,Ladys Finger,112,Common,0.0,12.0,1800.0,2500.0,2000.0,0.0,0.0
2024-10-26 00:00:00+05:30,325,Hyderabad,6,Madannapeta,125,Bitter Gourd,125,Common,0.0,3.0,5000.0,5000.0,5000.0,0.0,0.0
2024-10-26 00:00:00+05:30,325,Hyderabad,5,Mahabubmansion,68,Tamarind,221,No.I,0.0,62.0,8000.0,10000.0,9000.0,0.0,0.0
2024-10-26 00:00:00+05:30,188,Bhainsa,11,Bhainsa,75,Soyabean,214,Yellow,0.0,3127.45,2400.0,4600.0,4475.0,0.0,0.0
2024-10-26 00:00:00+05:30,192,Jainath,26,Jainath,75,Soyabean,213,White,0.0,150.0,5000.0,5000.0,5000.0,0.0,0.0
2024-10-26 00:00:00+05:30,323,Gaddiannaram,2,L.B Nagar,121,Snake Gourd,121,Common,0.0,2.0,2000.0,2000.0,2000.0,0.0,0.0
2024-10-26 00:00:00+05:30,323,Gaddiannaram,1,Gaddiannaram,87,Pine apple,87,Common,0.0,380.0,560.0,3520.0,960.0,0.0,0.0
2024-10-25 00:00:00+05:30,310,Shadnagar,1330,Shadnagar,112,Ladys Finger,112,Common,0.0,10.0,1800.0,2600.0,2000.0,0.0,0.0
2024-10-25 00:00:00+05:30,303,Kalwakurthy,1340,Kalwakurthy,114,Tomato,197,Local,0.0,54.0,1000.0,2000.0,1500.0,0.0,0.0
2024-10-25 00:00:00+05:30,281,Venkateshwar Nagar,1106,V Nagar,114,Tomato,197,Local,0.0,25.0,20.0,20.0,20.0,0.0,0.0
2024-10-25 00:00:00+05:30,279,Thirumalagiri,9,Tirmalagiri,16,Green Gram,16,Common,0.0,3.0,3709.0,3709.0,3709.0,0.0,0.0
2024-10-25 00:00:00+05:30,188,Bhainsa,11,Bhainsa,75,Soyabean,214,Yellow,0.0,1902.15,3003.0,4600.0,4480.0,0.0,0.0
2024-10-25 00:00:00+05:30,192,Jainath,26,Jainath,75,Soyabean,213,White,0.0,150.0,5000.0,5000.0,5000.0,0.0,0.0
2024-10-25 00:00:00+05:30,325,Hyderabad,5,Mahabubmansion,68,Tamarind,221,No.I,0.0,18.0,8000.0,10000.0,9000.0,0.0,0.0
2024-10-25 00:00:00+05:30,323,Gaddiannaram,2,L.B Nagar,121,Snake Gourd,121,Common,0.0,1.0,2000.0,2000.0,2000.0,0.0,0.0
2024-10-25 00:00:00+05:30,325,Hyderabad,6,Madannapeta,125,Bitter Gourd,125,Common,0.0,3.0,3000.0,4000.0,3500.0,0.0,0.0
2024-10-25 00:00:00+05:30,323,Gaddiannaram,1,Gaddiannaram,87,Pine apple,87,Common,0.0,270.0,560.0,3520.0,960.0,0.0,0.0
2024-10-24 00:00:00+05:30,310,Shadnagar,1330,Shadnagar,112,Ladys Finger,112,Common,0.0,12.0,1800.0,2500.0,2300.0,0.0,0.0
2024-10-24 00:00:00+05:30,303,Kalwakurthy,1340,Kalwakurthy,114,Tomato,197,Local,0.0,50.0,800.0,2000.0,1400.0,0.0,0.0
2024-10-24 00:00:00+05:30,281,Venkateshwar Nagar,1106,V Nagar,114,Tomato,197,Local,0.0,23.0,25.0,25.0,25.0,0.0,0.0
2024-10-24 00:00:00+05:30,325,Hyderabad,6,Madannapeta,125,Bitter Gourd,125,Common,0.0,2.0,3000.0,4000.0,3500.0,0.0,0.0
2024-10-24 00:00:00+05:30,192,Jainath,26,Jainath,75,Soyabean,213,White,0.0,100.0,5000.0,5000.0,5000.0,0.0,0.0
2024-10-24 00:00:00+05:30,279,Thirumalagiri,9,Tirmalagiri,16,Green Gram,16,Common,0.0,17.0,5000.0,6000.0,6000.0,0.0,0.0
2024-10-24 00:00:00+05:30,325,Hyderabad,5,Mahabubmansion,68,Tamarind,221,No.I,0.0,44.0,8000.0,10000.0,9000.0,0.0,0.0
2024-10-24 00:00:00+05:30,323,Gaddiannaram,1,Gaddiannaram,87,Pine apple,87,Common,0.0,205.0,560.0,3520.0,960.0,0.0,0.0
2024-10-23 00:00:00+05:30,310,Shadnagar,1330,Shadnagar,112,Ladys Finger,112,Common,0.0,10.0,1800.0,2300.0,2000.0,0.0,0.0
2024-10-23 00:00:00+05:30,303,Kalwakurthy,1340,Kalwakurthy,114,Tomato,197,Local,0.0,40.0,800.0,2000.0,1400.0,0.0,0.0
2024-10-23 00:00:00+05:30,325,Hyderabad,5,Mahabubmansion,68,Tamarind,221,No.I,0.0,63.0,8000.0,10000.0,9000.0,0.0,0.0
2024-10-23 00:00:00+05:30,281,Venkateshwar Nagar,1106,V Nagar,114,Tomato,197,Local,0.0,24.0,25.0,25.0,25.0,0.0,0.0
2024-10-23 00:00:00+05:30,325,Hyderabad,6,Madannapeta,125,Bitter Gourd,125,Common,0.0,8.0,3500.0,3500.0,3500.0,0.0,0.0
2024-10-23 00:00:00+05:30,323,Gaddiannaram,1,Gaddiannaram,87,Pine apple,87,Common,0.0,275.0,560.0,3520.0,960.0,0.0,0.0
2024-10-22 00:00:00+05:30,303,Kalwakurthy,1340,Kalwakurthy,114,Tomato,197,Local,0.0,38.0,1500.0,3000.0,2250.0,0.0,0.0
2024-10-22 00:00:00+05:30,188,Bhainsa,11,Bhainsa,75,Soyabean,214,Yellow,0.0,2189.5,2060.0,4436.0,4285.0,0.0,0.0
2024-10-22 00:00:00+05:30,310,Shadnagar,1330,Shadnagar,112,Ladys Finger,112,Common,0.0,12.0,1800.0,2500.0,2000.0,0.0,0.0
2024-10-22 00:00:00+05:30,281,Venkateshwar Nagar,1106,V Nagar,114,Tomato,197,Local,0.0,4.0,25.0,25.0,25.0,0.0,0.0
2024-10-22 00:00:00+05:30,325,Hyderabad,5,Mahabubmansion,68,Tamarind,221,No.I,0.0,60.0,8000.0,1000.0,9000.0,0.0,0.0
2024-10-22 00:00:00+05:30,325,Hyderabad,6,Madannapeta,125,Bitter Gourd,125,Common,0.0,4.0,3000.0,3000.0,3000.0,0.0,0.0
2024-10-22 00:00:00+05:30,279,Thirumalagiri,9,Tirmalagiri,16,Green Gram,16,Common,0.0,14.0,5300.0,6509.0,6409.0,0.0,0.0
2024-10-22 00:00:00+05:30,192,Jainath,26,Jainath,75,Soyabean,213,White,0.0,258.25,4900.0,4900.0,4900.0,0.0,0.0
2024-10-21 00:00:00+05:30,310,Shadnagar,1330,Shadnagar,112,Ladys Finger,112,Common,0.0,15.0,2500.0,2800.0,2600.0,0.0,0.0
2024-10-22 00:00:00+05:30,323,Gaddiannaram,2,L.B Nagar,121,Snake Gourd,121,Common,0.0,1.0,2000.0,2000.0,2000.0,0.0,0.0
2024-10-21 00:00:00+05:30,303,Kalwakurthy,1340,Kalwakurthy,114,Tomato,197,Local,0.0,38.0,1800.0,3800.0,2800.0,0.0,0.0
2024-10-21 00:00:00+05:30,279,Thirumalagiri,9,Tirmalagiri,16,Green Gram,16,Common,0.0,22.0,5800.0,6927.0,6609.0,0.0,0.0
2024-10-21 00:00:00+05:30,325,Hyderabad,6,Madannapeta,125,Bitter Gourd,125,Common,0.0,10.0,3000.0,3000.0,3000.0,0.0,0.0
2024-10-21 00:00:00+05:30,325,Hyderabad,5,Mahabubmansion,68,Tamarind,221,No.I,0.0,46.0,8000.0,10000.0,9000.0,0.0,0.0
2024-10-21 00:00:00+05:30,246,Warangal,886,Warangal,22,Cowpea,262,Black,0.0,4.19,2000.0,4500.0,4500.0,0.0,0.0
2024-10-21 00:00:00+05:30,323,Gaddiannaram,2,L.B Nagar,121,Snake Gourd,121,Common,0.0,4.0,2000.0,2000.0,2000.0,0.0,0.0
2024-10-21 00:00:00+05:30,323,Gaddiannaram,1,Gaddiannaram,87,Pine apple,87,Common,0.0,580.0,560.0,3520.0,960.0,0.0,0.0
2024-10-20 00:00:00+05:30,310,Shadnagar,1330,Shadnagar,112,Ladys Finger,112,Common,0.0,10.0,1800.0,2500.0,2000.0,0.0,0.0
2024-10-20 00:00:00+05:30,303,Kalwakurthy,1340,Kalwakurthy,114,Tomato,197,Local,0.0,27.0,2500.0,4000.0,3250.0,0.0,0.0
2024-10-20 00:00:00+05:30,281,Venkateshwar Nagar,1106,V Nagar,114,Tomato,197,Local,0.0,20.0,25.0,25.0,25.0,0.0,0.0
2024-10-20 00:00:00+05:30,323,Gaddiannaram,2,L.B Nagar,121,Snake Gourd,121,Common,0.0,1.0,2000.0,2000.0,2000.0,0.0,0.0
2024-10-20 00:00:00+05:30,325,Hyderabad,6,Madannapeta,125,Bitter Gourd,125,Common,0.0,2.0,3000.0,3000.0,3000.0,0.0,0.0
2024-10-20 00:00:00+05:30,323,Gaddiannaram,1,Gaddiannaram,87,Pine apple,87,Common,0.0,370.0,560.0,3520.0,960.0,0.0,0.0
2024-10-20 00:00:00+05:30,192,Jainath,26,Jainath,75,Soyabean,213,White,0.0,667.32,4950.0,4950.0,4950.0,0.0,0.0
2024-10-19 00:00:00+05:30,310,Shadnagar,1330,Shadnagar,112,Ladys Finger,112,Common,0.0,12.0,1800.0,2500.0,2000.0,0.0,0.0
2024-10-19 00:00:00+05:30,303,Kalwakurthy,1340,Kalwakurthy,114,Tomato,197,Local,0.0,16.0,2000.0,4600.0,3300.0,0.0,0.0
2024-10-19 00:00:00+05:30,188,Bhainsa,11,Bhainsa,75,Soyabean,214,Yellow,0.0,3613.28,2069.0,4407.0,4358.0,0.0,0.0
2024-10-19 00:00:00+05:30,300,Badepally,1327,Badepally,31,Castor,31,Common,0.0,6.0,5656.0,5656.0,5656.0,0.0,0.0
2024-10-19 00:00:00+05:30,325,Hyderabad,5,Mahabubmansion,68,Tamarind,221,No.I,0.0,38.0,8000.0,10000.0,9000.0,0.0,0.0
2024-10-18 00:00:00+05:30,303,Kalwakurthy,1340,Kalwakurthy,114,Tomato,197,Local,0.0,40.0,1800.0,3500.0,2650.0,0.0,0.0
2024-10-19 00:00:00+05:30,323,Gaddiannaram,2,L.B Nagar,121,Snake Gourd,121,Common,0.0,1.0,2000.0,2000.0,2000.0,0.0,0.0
2024-10-19 00:00:00+05:30,325,Hyderabad,6,Madannapeta,125,Bitter Gourd,125,Common,0.0,2.0,3000.0,3000.0,3000.0,0.0,0.0
2024-10-19 00:00:00+05:30,323,Gaddiannaram,1,Gaddiannaram,87,Pine apple,87,Common,0.0,280.0,560.0,3520.0,960.0,0.0,0.0
2024-10-18 00:00:00+05:30,310,Shadnagar,1330,Shadnagar,112,Ladys Finger,112,Common,0.0,10.0,1800.0,2500.0,2000.0,0.0,0.0
2024-10-18 00:00:00+05:30,325,Hyderabad,6,Madannapeta,125,Bitter Gourd,125,Common,0.0,2.0,3000.0,3000.0,3000.0,0.0,0.0
2024-10-18 00:00:00+05:30,188,Bhainsa,11,Bhainsa,75,Soyabean,214,Yellow,0.0,4242.91,2222.0,4512.0,4343.0,0.0,0.0
2024-10-18 00:00:00+05:30,325,Hyderabad,5,Mahabubmansion,68,Tamarind,221,No.I,0.0,18.0,8000.0,10000.0,9000.0,0.0,0.0
2024-10-18 00:00:00+05:30,323,Gaddiannaram,2,L.B Nagar,121,Snake Gourd,121,Common,0.0,1.0,2000.0,2000.0,2000.0,0.0,0.0
2024-10-17 00:00:00+05:30,310,Shadnagar,1330,Shadnagar,112,Ladys Finger,112,Common,0.0,10.0,2000.0,2800.0,2500.0,0.0,0.0
2024-10-17 00:00:00+05:30,303,Kalwakurthy,1340,Kalwakurthy,114,Tomato,197,Local,0.0,45.0,1000.0,2400.0,1700.0,0.0,0.0
2024-10-18 00:00:00+05:30,323,Gaddiannaram,1,Gaddiannaram,87,Pine apple,87,Common,0.0,260.0,560.0,3520.0,960.0,0.0,0.0
2024-10-17 00:00:00+05:30,192,Jainath,26,Jainath,75,Soyabean,213,White,0.0,80.0,5000.0,5000.0,5000.0,0.0,0.0
2024-10-17 00:00:00+05:30,188,Bhainsa,11,Bhainsa,75,Soyabean,214,Yellow,0.0,5745.19,2411.0,4481.0,4378.0,0.0,0.0
2024-10-17 00:00:00+05:30,325,Hyderabad,5,Mahabubmansion,68,Tamarind,221,No.I,0.0,36.0,8000.0,10000.0,9000.0,0.0,0.0
2024-10-17 00:00:00+05:30,323,Gaddiannaram,2,L.B Nagar,121,Snake Gourd,121,Common,0.0,1.0,2000.0,2000.0,2000.0,0.0,0.0
2024-10-17 00:00:00+05:30,325,Hyderabad,6,Madannapeta,125,Bitter Gourd,125,Common,0.0,1.0,3000.0,3000.0,3000.0,0.0,0.0
2024-10-16 00:00:00+05:30,303,Kalwakurthy,1340,Kalwakurthy,114,Tomato,197,Local,0.0,50.0,1500.0,2300.0,1900.0,0.0,0.0
2024-10-17 00:00:00+05:30,323,Gaddiannaram,1,Gaddiannaram,87,Pine apple,87,Common,0.0,590.0,560.0,3520.0,960.0,0.0,0.0
2024-10-16 00:00:00+05:30,310,Shadnagar,1330,Shadnagar,112,Ladys Finger,112,Common,0.0,10.0,2500.0,3000.0,2800.0,0.0,0.0
2024-10-16 00:00:00+05:30,325,Hyderabad,5,Mahabubmansion,68,Tamarind,221,No.I,0.0,83.0,8000.0,10000.0,9000.0,0.0,0.0
2024-10-16 00:00:00+05:30,323,Gaddiannaram,1,Gaddiannaram,87,Pine apple,87,Common,0.0,180.0,560.0,3520.0,960.0,0.0,0.0
2024-10-16 00:00:00+05:30,325,Hyderabad,6,Madannapeta,125,Bitter Gourd,125,Common,0.0,8.0,3000.0,3500.0,3250.0,0.0,0.0
2024-10-16 00:00:00+05:30,192,Jainath,26,Jainath,75,Soyabean,213,White,0.0,250.0,5000.0,5000.0,5000.0,0.0,0.0
2024-10-16 00:00:00+05:30,279,Thirumalagiri,9,Tirmalagiri,16,Green Gram,16,Common,0.0,4.0,5309.0,5309.0,5309.0,0.0,0.0
2024-10-16 00:00:00+05:30,188,Bhainsa,11,Bhainsa,75,Soyabean,214,Yellow,0.0,4355.34,1967.0,4464.0,4307.0,0.0,0.0
2024-10-15 00:00:00+05:30,303,Kalwakurthy,1340,Kalwakurthy,114,Tomato,197,Local,0.0,47.0,1500.0,2400.0,1950.0,0.0,0.0
2024-10-16 00:00:00+05:30,323,Gaddiannaram,2,L.B Nagar,121,Snake Gourd,121,Common,0.0,2.0,2000.0,2000.0,2000.0,0.0,0.0
2024-10-15 00:00:00+05:30,188,Bhainsa,11,Bhainsa,75,Soyabean,214,Yellow,0.0,3917.96,4329.0,4522.0,4444.0,0.0,0.0
2024-10-15 00:00:00+05:30,279,Thirumalagiri,9,Tirmalagiri,16,Green Gram,16,Common,0.0,6.0,6439.0,6439.0,6439.0,0.0,0.0
2024-10-15 00:00:00+05:30,310,Shadnagar,1330,Shadnagar,112,Ladys Finger,112,Common,0.0,12.0,1800.0,2500.0,2000.0,0.0,0.0
2024-10-15 00:00:00+05:30,323,Gaddiannaram,2,L.B Nagar,121,Snake Gourd,121,Common,0.0,5.0,2000.0,2500.0,2200.0,0.0,0.0
2024-10-15 00:00:00+05:30,323,Gaddiannaram,1,Gaddiannaram,87,Pine apple,87,Common,0.0,200.0,560.0,3520.0,960.0,0.0,0.0
2024-10-15 00:00:00+05:30,325,Hyderabad,6,Madannapeta,125,Bitter Gourd,125,Common,0.0,14.0,2500.0,3000.0,2750.0,0.0,0.0
2024-10-15 00:00:00+05:30,325,Hyderabad,5,Mahabubmansion,68,Tamarind,221,No.I,0.0,14.0,8000.0,10000.0,9000.0,0.0,0.0
2024-10-14 00:00:00+05:30,192,Jainath,26,Jainath,75,Soyabean,213,White,0.0,150.0,5000.0,5000.0,5000.0,0.0,0.0
2024-10-14 00:00:00+05:30,310,Shadnagar,1330,Shadnagar,112,Ladys Finger,112,Common,0.0,10.0,1800.0,2300.0,2000.0,0.0,0.0
2024-10-14 00:00:00+05:30,303,Kalwakurthy,1340,Kalwakurthy,114,Tomato,197,Local,0.0,37.0,1800.0,2800.0,2300.0,0.0,0.0
2024-10-14 00:00:00+05:30,300,Badepally,1327,Badepally,31,Castor,31,Common,0.0,9.0,5800.0,5800.0,5800.0,0.0,0.0
2024-10-14 00:00:00+05:30,323,Gaddiannaram,2,L.B Nagar,121,Snake Gourd,121,Common,0.0,3.0,1500.0,1500.0,1500.0,0.0,0.0
2024-10-14 00:00:00+05:30,325,Hyderabad,5,Mahabubmansion,68,Tamarind,221,No.I,0.0,63.0,8000.0,10000.0,9000.0,0.0,0.0
2024-10-14 00:00:00+05:30,323,Gaddiannaram,1,Gaddiannaram,87,Pine apple,87,Common,0.0,390.0,560.0,3520.0,960.0,0.0,0.0
2024-10-14 00:00:00+05:30,325,Hyderabad,6,Madannapeta,125,Bitter Gourd,125,Common,0.0,5.0,3000.0,3000.0,3000.0,0.0,0.0
2024-10-14 00:00:00+05:30,279,Thirumalagiri,9,Tirmalagiri,16,Green Gram,16,Common,0.0,7.0,5000.0,5100.0,5100.0,0.0,0.0
2024-10-14 00:00:00+05:30,188,Bhainsa,11,Bhainsa,75,Soyabean,214,Yellow,0.0,3416.2,2222.0,4566.0,4232.0,0.0,0.0
2024-10-13 00:00:00+05:30,303,Kalwakurthy,1340,Kalwakurthy,114,Tomato,197,Local,0.0,11.0,2300.0,3000.0,2650.0,0.0,0.0
2024-10-13 00:00:00+05:30,310,Shadnagar,1330,Shadnagar,112,Ladys Finger,112,Common,0.0,10.0,1800.0,2300.0,2000.0,0.0,0.0
2024-10-12 00:00:00+05:30,310,Shadnagar,1330,Shadnagar,112,Ladys Finger,112,Common,0.0,12.0,2000.0,2800.0,2300.0,0.0,0.0
2024-10-13 00:00:00+05:30,325,Hyderabad,6,Madannapeta,125,Bitter Gourd,125,Common,0.0,2.0,3000.0,3000.0,3000.0,0.0,0.0
2024-10-12 00:00:00+05:30,325,Hyderabad,6,Madannapeta,125,Bitter Gourd,125,Common,0.0,9.0,3000.0,4000.0,3500.0,0.0,0.0
2024-10-12 00:00:00+05:30,192,Jainath,26,Jainath,75,Soyabean,213,White,0.0,100.0,5000.0,5000.0,5000.0,0.0,0.0
2024-10-11 00:00:00+05:30,325,Hyderabad,5,Mahabubmansion,68,Tamarind,221,No.I,0.0,12.0,8000.0,10000.0,9000.0,0.0,0.0
2024-10-10 00:00:00+05:30,310,Shadnagar,1330,Shadnagar,112,Ladys Finger,112,Common,0.0,15.0,1800.0,2400.0,2000.0,0.0,0.0
2024-10-11 00:00:00+05:30,310,Shadnagar,1330,Shadnagar,112,Ladys Finger,112,Common,0.0,10.0,1800.0,2500.0,2000.0,0.0,0.0
2024-10-11 00:00:00+05:30,303,Kalwakurthy,1340,Kalwakurthy,114,Tomato,197,Local,0.0,55.0,2300.0,3500.0,2900.0,0.0,0.0
2024-10-11 00:00:00+05:30,281,Venkateshwar Nagar,1106,V Nagar,114,Tomato,197,Local,0.0,16.0,30.0,30.0,30.0,0.0,0.0
2024-10-11 00:00:00+05:30,323,Gaddiannaram,2,L.B Nagar,121,Snake Gourd,121,Common,0.0,2.0,1500.0,1500.0,1500.0,0.0,0.0
2024-10-11 00:00:00+05:30,325,Hyderabad,6,Madannapeta,125,Bitter Gourd,125,Common,0.0,10.0,2000.0,3000.0,2500.0,0.0,0.0
2024-10-10 00:00:00+05:30,303,Kalwakurthy,1340,Kalwakurthy,114,Tomato,197,Local,0.0,37.0,2200.0,3600.0,2900.0,0.0,0.0
2024-10-10 00:00:00+05:30,281,Venkateshwar Nagar,1106,V Nagar,114,Tomato,197,Local,0.0,16.0,25.0,25.0,25.0,0.0,0.0
2024-10-10 00:00:00+05:30,300,Badepally,1327,Badepally,31,Castor,31,Common,0.0,13.0,5665.0,5775.0,5665.0,0.0,0.0
2024-10-10 00:00:00+05:30,188,Bhainsa,11,Bhainsa,75,Soyabean,214,Yellow,0.0,8938.92,2139.0,4566.0,4489.0,0.0,0.0
2024-10-10 00:00:00+05:30,325,Hyderabad,6,Madannapeta,125,Bitter Gourd,125,Common,0.0,9.0,3000.0,4000.0,3500.0,0.0,0.0
2024-10-10 00:00:00+05:30,320,Tandur,37,Tandur,168,Cattle(All),168,Common,0.0,51.0,15000.0,40000.0,15000.0,0.0,0.0
2024-10-10 00:00:00+05:30,325,Hyderabad,5,Mahabubmansion,68,Tamarind,221,No.I,0.0,8.0,8000.0,10000.0,9000.0,0.0,0.0
2024-10-10 00:00:00+05:30,323,Gaddiannaram,1,Gaddiannaram,87,Pine apple,87,Common,0.0,300.0,560.0,3520.0,960.0,0.0,0.0
2024-10-09 00:00:00+05:30,310,Shadnagar,1330,Shadnagar,112,Ladys Finger,112,Common,0.0,10.0,2000.0,2800.0,2300.0,0.0,0.0
2024-10-09 00:00:00+05:30,303,Kalwakurthy,1340,Kalwakurthy,114,Tomato,197,Local,0.0,33.0,2000.0,4600.0,3300.0,0.0,0.0
2024-10-09 00:00:00+05:30,192,Jainath,26,Jainath,75,Soyabean,213,White,0.0,100.0,5000.0,5000.0,5000.0,0.0,0.0
2024-10-09 00:00:00+05:30,188,Bhainsa,11,Bhainsa,75,Soyabean,214,Yellow,0.0,7560.28,3787.0,4555.0,4312.0,0.0,0.0
2024-10-09 00:00:00+05:30,279,Thirumalagiri,9,Tirmalagiri,16,Green Gram,16,Common,0.0,31.0,6369.0,7269.0,6789.0,0.0,0.0
2024-10-09 00:00:00+05:30,325,Hyderabad,5,Mahabubmansion,68,Tamarind,221,No.I,0.0,58.0,8000.0,10000.0,9000.0,0.0,0.0
2024-10-09 00:00:00+05:30,325,Hyderabad,6,Madannapeta,125,Bitter Gourd,125,Common,0.0,17.0,2500.0,3500.0,3000.0,0.0,0.0
2024-10-09 00:00:00+05:30,323,Gaddiannaram,2,L.B Nagar,121,Snake Gourd,121,Common,0.0,4.0,1000.0,2000.0,1500.0,0.0,0.0
2024-10-08 00:00:00+05:30,303,Kalwakurthy,1340,Kalwakurthy,114,Tomato,197,Local,0.0,34.0,1500.0,3700.0,2600.0,0.0,0.0
2024-10-08 00:00:00+05:30,300,Badepally,1327,Badepally,31,Castor,31,Common,0.0,11.0,5589.0,5839.0,5760.0,0.0,0.0
2024-10-09 00:00:00+05:30,323,Gaddiannaram,1,Gaddiannaram,87,Pine apple,87,Common,0.0,90.0,560.0,3520.0,960.0,0.0,0.0
2024-10-08 00:00:00+05:30,310,Shadnagar,1330,Shadnagar,112,Ladys Finger,112,Common,0.0,12.0,1800.0,2500.0,2000.0,0.0,0.0
2024-10-08 00:00:00+05:30,279,Thirumalagiri,9,Tirmalagiri,16,Green Gram,16,Common,0.0,60.0,5672.0,7072.0,6711.0,0.0,0.0
2024-10-08 00:00:00+05:30,281,Venkateshwar Nagar,1106,V Nagar,114,Tomato,197,Local,0.0,17.0,30.0,30.0,30.0,0.0,0.0
2024-10-08 00:00:00+05:30,325,Hyderabad,5,Mahabubmansion,68,Tamarind,221,No.I,0.0,58.0,8000.0,10000.0,9000.0,0.0,0.0
2024-10-08 00:00:00+05:30,325,Hyderabad,6,Madannapeta,125,Bitter Gourd,125,Common,0.0,2.0,4000.0,4000.0,4000.0,0.0,0.0
2024-10-08 00:00:00+05:30,323,Gaddiannaram,2,L.B Nagar,121,Snake Gourd,121,Common,0.0,2.0,1000.0,2000.0,1500.0,0.0,0.0
2024-10-07 00:00:00+05:30,303,Kalwakurthy,1340,Kalwakurthy,114,Tomato,197,Local,0.0,36.0,2200.0,4500.0,3350.0,0.0,0.0
2024-10-08 00:00:00+05:30,323,Gaddiannaram,1,Gaddiannaram,87,Pine apple,87,Common,0.0,290.0,560.0,3520.0,960.0,0.0,0.0
2024-10-07 00:00:00+05:30,300,Badepally,1327,Badepally,31,Castor,31,Common,0.0,11.0,5567.0,5825.0,5567.0,0.0,0.0
2024-10-07 00:00:00+05:30,310,Shadnagar,1330,Shadnagar,112,Ladys Finger,112,Common,0.0,10.0,1800.0,2500.0,2000.0,0.0,0.0
2024-10-07 00:00:00+05:30,279,Thirumalagiri,9,Tirmalagiri,16,Green Gram,16,Common,0.0,36.0,6000.0,6555.0,6381.0,0.0,0.0
2024-10-07 00:00:00+05:30,188,Bhainsa,11,Bhainsa,75,Soyabean,214,Yellow,0.0,5109.51,2626.0,4515.0,4339.0,0.0,0.0
2024-10-07 00:00:00+05:30,325,Hyderabad,6,Madannapeta,125,Bitter Gourd,125,Common,0.0,2.0,4000.0,4000.0,4000.0,0.0,0.0
2024-10-07 00:00:00+05:30,323,Gaddiannaram,2,L.B Nagar,121,Snake Gourd,121,Common,0.0,2.0,1000.0,2000.0,1500.0,0.0,0.0
2024-10-07 00:00:00+05:30,325,Hyderabad,5,Mahabubmansion,68,Tamarind,221,No.I,0.0,71.0,8000.0,10000.0,9000.0,0.0,0.0
2024-10-06 00:00:00+05:30,310,Shadnagar,1330,Shadnagar,112,Ladys Finger,112,Common,0.0,12.0,1800.0,2500.0,2000.0,0.0,0.0
2024-10-07 00:00:00+05:30,323,Gaddiannaram,1,Gaddiannaram,87,Pine apple,87,Common,0.0,330.0,560.0,3520.0,960.0,0.0,0.0
2024-10-06 00:00:00+05:30,303,Kalwakurthy,1340,Kalwakurthy,114,Tomato,197,Local,0.0,36.0,2500.0,4500.0,3500.0,0.0,0.0
2024-10-06 00:00:00+05:30,281,Venkateshwar Nagar,1106,V Nagar,114,Tomato,197,Local,0.0,15.0,40.0,40.0,40.0,0.0,0.0
2024-10-06 00:00:00+05:30,325,Hyderabad,6,Madannapeta,125,Bitter Gourd,125,Common,0.0,3.0,4000.0,4000.0,4000.0,0.0,0.0
2024-10-06 00:00:00+05:30,323,Gaddiannaram,2,L.B Nagar,121,Snake Gourd,121,Common,0.0,2.0,1000.0,2000.0,1500.0,0.0,0.0
2024-10-06 00:00:00+05:30,323,Gaddiannaram,1,Gaddiannaram,87,Pine apple,87,Common,0.0,190.0,560.0,3520.0,960.0,0.0,0.0
2024-10-05 00:00:00+05:30,188,Bhainsa,11,Bhainsa,75,Soyabean,214,Yellow,0.0,3832.3,1313.0,4545.0,4269.0,0.0,0.0
2024-10-05 00:00:00+05:30,281,Venkateshwar Nagar,1106,V Nagar,114,Tomato,197,Local,0.0,13.0,40.0,40.0,40.0,0.0,0.0
2024-10-05 00:00:00+05:30,303,Kalwakurthy,1340,Kalwakurthy,114,Tomato,197,Local,0.0,28.0,3000.0,5000.0,4000.0,0.0,0.0
2024-10-05 00:00:00+05:30,310,Shadnagar,1330,Shadnagar,112,Ladys Finger,112,Common,0.0,12.0,1800.0,2500.0,2000.0,0.0,0.0
2024-10-05 00:00:00+05:30,325,Hyderabad,6,Madannapeta,125,Bitter Gourd,125,Common,0.0,10.0,2000.0,3000.0,2500.0,0.0,0.0
2024-10-05 00:00:00+05:30,323,Gaddiannaram,2,L.B Nagar,121,Snake Gourd,121,Common,0.0,2.0,2000.0,2000.0,2000.0,0.0,0.0
2024-10-05 00:00:00+05:30,325,Hyderabad,5,Mahabubmansion,68,Tamarind,221,No.I,0.0,35.0,8000.0,10000.0,9000.0,0.0,0.0
2024-10-05 00:00:00+05:30,279,Thirumalagiri,9,Tirmalagiri,16,Green Gram,16,Common,0.0,30.0,6135.0,7169.0,6769.0,0.0,0.0
2024-10-04 00:00:00+05:30,303,Kalwakurthy,1340,Kalwakurthy,114,Tomato,197,Local,0.0,38.0,1600.0,4100.0,2850.0,0.0,0.0
2024-10-05 00:00:00+05:30,323,Gaddiannaram,1,Gaddiannaram,87,Pine apple,87,Common,0.0,774.0,560.0,3520.0,960.0,0.0,0.0
2024-10-04 00:00:00+05:30,281,Venkateshwar Nagar,1106,V Nagar,114,Tomato,197,Local,0.0,20.0,40.0,40.0,40.0,0.0,0.0
2024-10-04 00:00:00+05:30,310,Shadnagar,1330,Shadnagar,112,Ladys Finger,112,Common,0.0,10.0,1800.0,2500.0,2000.0,0.0,0.0
2024-10-04 00:00:00+05:30,325,Hyderabad,6,Madannapeta,125,Bitter Gourd,125,Common,0.0,3.0,4000.0,4000.0,4000.0,0.0,0.0
2024-10-04 00:00:00+05:30,325,Hyderabad,5,Mahabubmansion,68,Tamarind,221,No.I,0.0,50.0,8000.0,10000.0,9000.0,0.0,0.0
2024-10-04 00:00:00+05:30,323,Gaddiannaram,1,Gaddiannaram,87,Pine apple,87,Common,0.0,340.0,560.0,3520.0,960.0,0.0,0.0
2024-10-04 00:00:00+05:30,279,Thirumalagiri,9,Tirmalagiri,16,Green Gram,16,Common,0.0,65.0,6069.0,8059.0,6969.0,0.0,0.0
2024-10-04 00:00:00+05:30,188,Bhainsa,11,Bhainsa,75,Soyabean,214,Yellow,0.0,3606.6,1951.0,4521.0,4289.0,0.0,0.0
2024-10-04 00:00:00+05:30,246,Warangal,886,Warangal,22,Cowpea,262,Black,0.0,2.05,6021.0,7052.0,6021.0,0.0,0.0
2024-10-04 00:00:00+05:30,323,Gaddiannaram,2,L.B Nagar,121,Snake Gourd,121,Common,0.0,2.0,2000.0,2000.0,2000.0,0.0,0.0
2024-10-03 00:00:00+05:30,303,Kalwakurthy,1340,Kalwakurthy,114,Tomato,197,Local,0.0,33.0,2600.0,4300.0,3450.0,0.0,0.0
2024-10-03 00:00:00+05:30,300,Badepally,1327,Badepally,31,Castor,31,Common,0.0,5.0,4848.0,4848.0,4848.0,0.0,0.0
2024-10-03 00:00:00+05:30,320,Tandur,37,Tandur,168,Cattle(All),168,Common,0.0,20.0,15000.0,55000.0,20000.0,0.0,0.0
2024-10-03 00:00:00+05:30,279,Thirumalagiri,9,Tirmalagiri,16,Green Gram,16,Common,0.0,92.0,6001.0,7389.0,6832.0,0.0,0.0
2024-10-03 00:00:00+05:30,188,Bhainsa,11,Bhainsa,75,Soyabean,214,Yellow,0.0,2683.5,3089.0,4545.0,4289.0,0.0,0.0
2024-10-03 00:00:00+05:30,310,Shadnagar,1330,Shadnagar,112,Ladys Finger,112,Common,0.0,10.0,1800.0,2300.0,2000.0,0.0,0.0
2024-10-03 00:00:00+05:30,325,Hyderabad,6,Madannapeta,125,Bitter Gourd,125,Common,0.0,9.0,3000.0,3500.0,3250.0,0.0,0.0
2024-10-03 00:00:00+05:30,325,Hyderabad,5,Mahabubmansion,68,Tamarind,221,No.I,0.0,52.0,8000.0,10000.0,9000.0,0.0,0.0
2024-10-02 00:00:00+05:30,303,Kalwakurthy,1340,Kalwakurthy,114,Tomato,197,Local,0.0,30.0,2700.0,4400.0,3550.0,0.0,0.0
2024-10-03 00:00:00+05:30,323,Gaddiannaram,1,Gaddiannaram,87,Pine apple,87,Common,0.0,640.0,560.0,3520.0,960.0,0.0,0.0
2024-10-03 00:00:00+05:30,323,Gaddiannaram,2,L.B Nagar,121,Snake Gourd,121,Common,0.0,15.0,1000.0,1000.0,1000.0,0.0,0.0
2024-10-01 00:00:00+05:30,281,Venkateshwar Nagar,1106,V Nagar,114,Tomato,197,Local,0.0,24.0,30.0,30.0,30.0,0.0,0.0
2024-10-01 00:00:00+05:30,212,Choppadandi,1123,Choppadandi,16,Green Gram,16,Common,0.0,1.0,6566.0,6566.0,6566.0,0.0,0.0
2024-10-02 00:00:00+05:30,323,Gaddiannaram,1,Gaddiannaram,87,Pine apple,87,Common,0.0,230.0,560.0,3520.0,960.0,0.0,0.0
2024-10-02 00:00:00+05:30,310,Shadnagar,1330,Shadnagar,112,Ladys Finger,112,Common,0.0,10.0,1800.0,2300.0,2000.0,0.0,0.0
2024-10-01 00:00:00+05:30,300,Badepally,1327,Badepally,31,Castor,31,Common,0.0,10.0,5555.0,5814.0,5814.0,0.0,0.0
2024-10-01 00:00:00+05:30,303,Kalwakurthy,1340,Kalwakurthy,114,Tomato,197,Local,0.0,26.0,3000.0,4200.0,3600.0,0.0,0.0
2024-10-01 00:00:00+05:30,325,Hyderabad,6,Madannapeta,125,Bitter Gourd,125,Common,0.0,5.0,3000.0,3000.0,3000.0,0.0,0.0
2024-10-01 00:00:00+05:30,279,Thirumalagiri,9,Tirmalagiri,16,Green Gram,16,Common,0.0,38.0,6001.0,8211.0,6881.0,0.0,0.0
2024-10-01 00:00:00+05:30,188,Bhainsa,11,Bhainsa,75,Soyabean,214,Yellow,0.0,1610.65,3406.0,4563.0,4023.0,0.0,0.0
2024-10-01 00:00:00+05:30,323,Gaddiannaram,2,L.B Nagar,121,Snake Gourd,121,Common,0.0,2.0,1000.0,1000.0,1000.0,0.0,0.0
2024-10-01 00:00:00+05:30,325,Hyderabad,5,Mahabubmansion,68,Tamarind,221,No.I,0.0,8.0,8000.0,10000.0,9000.0,0.0,0.0
2024-10-01 00:00:00+05:30,323,Gaddiannaram,1,Gaddiannaram,87,Pine apple,87,Common,0.0,245.0,560.0,3520.0,960.0,0.0,0.0
2024-10-31 00:00:00+05:30,303,Kalwakurthy,1340,Kalwakurthy,114,Tomato,197,Local,0.0,41.0,1400.0,2400.0,1900.0,0.0,0.0
2024-10-31 00:00:00+05:30,310,Shadnagar,1330,Shadnagar,112,Ladys Finger,112,Common,0.0,12.0,1800.0,2800.0,2500.0,0.0,0.0
2024-10-31 00:00:00+05:30,281,Venkateshwar Nagar,1106,V Nagar,114,Tomato,197,Local,0.0,32.0,20.0,20.0,20.0,0.0,0.0
2024-10-31 00:00:00+05:30,325,Hyderabad,6,Madannapeta,125,Bitter Gourd,125,Common,0.0,2.0,4000.0,4000.0,4000.0,0.0,0.0
2024-10-31 00:00:00+05:30,192,Jainath,26,Jainath,75,Soyabean,213,White,0.0,100.0,5000.0,5000.0,5000.0,0.0,0.0
2024-10-31 00:00:00+05:30,323,Gaddiannaram,2,L.B Nagar,121,Snake Gourd,121,Common,0.0,4.0,2000.0,2500.0,2200.0,0.0,0.0
2024-10-31 00:00:00+05:30,323,Gaddiannaram,1,Gaddiannaram,87,Pine apple,87,Common,0.0,370.0,560.0,3520.0,960.0,0.0,0.0
2024-10-30 00:00:00+05:30,310,Shadnagar,1330,Shadnagar,112,Ladys Finger,112,Common,0.0,12.0,1800.0,2200.0,2000.0,0.0,0.0
2024-10-30 00:00:00+05:30,303,Kalwakurthy,1340,Kalwakurthy,114,Tomato,197,Local,0.0,32.0,1400.0,2000.0,1700.0,0.0,0.0
2024-10-30 00:00:00+05:30,325,Hyderabad,5,Mahabubmansion,68,Tamarind,221,No.I,0.0,38.0,8000.0,10000.0,9000.0,0.0,0.0
2024-10-29 00:00:00+05:30,303,Kalwakurthy,1340,Kalwakurthy,114,Tomato,197,Local,0.0,32.0,1500.0,2400.0,1950.0,0.0,0.0
2024-10-30 00:00:00+05:30,325,Hyderabad,6,Madannapeta,125,Bitter Gourd,125,Common,0.0,2.0,3000.0,3000.0,3000.0,0.0,0.0
2024-10-30 00:00:00+05:30,323,Gaddiannaram,2,L.B Nagar,121,Snake Gourd,121,Common,0.0,4.0,2000.0,2000.0,2000.0,0.0,0.0
2024-10-30 00:00:00+05:30,323,Gaddiannaram,1,Gaddiannaram,87,Pine apple,87,Common,0.0,360.0,560.0,3520.0,960.0,0.0,0.0
2024-10-29 00:00:00+05:30,300,Badepally,1327,Badepally,31,Castor,31,Common,0.0,4.0,5739.0,5739.0,5739.0,0.0,0.0
2024-10-29 00:00:00+05:30,192,Jainath,26,Jainath,75,Soyabean,213,White,0.0,370.0,5000.0,5000.0,5000.0,0.0,0.0
2024-10-29 00:00:00+05:30,279,Thirumalagiri,9,Tirmalagiri,16,Green Gram,16,Common,0.0,2.0,4089.0,4089.0,4089.0,0.0,0.0
2024-10-29 00:00:00+05:30,281,Venkateshwar Nagar,1106,V Nagar,114,Tomato,197,Local,0.0,69.0,20.0,20.0,20.0,0.0,0.0
2024-10-29 00:00:00+05:30,325,Hyderabad,6,Madannapeta,125,Bitter Gourd,125,Common,0.0,12.0,3000.0,4000.0,3500.0,0.0,0.0
2024-10-29 00:00:00+05:30,325,Hyderabad,5,Mahabubmansion,68,Tamarind,221,No.I,0.0,26.0,7500.0,10000.0,9000.0,0.0,0.0
2024-10-29 00:00:00+05:30,323,Gaddiannaram,2,L.B Nagar,121,Snake Gourd,121,Common,0.0,6.0,2000.0,2500.0,2200.0,0.0,0.0
2024-10-28 00:00:00+05:30,303,Kalwakurthy,1340,Kalwakurthy,114,Tomato,197,Local,0.0,34.0,1500.0,2300.0,1900.0,0.0,0.0
2024-10-28 00:00:00+05:30,310,Shadnagar,1330,Shadnagar,112,Ladys Finger,112,Common,0.0,12.0,1800.0,2500.0,2000.0,0.0,0.0
2024-10-28 00:00:00+05:30,279,Thirumalagiri,9,Tirmalagiri,16,Green Gram,16,Common,0.0,2.0,4200.0,4200.0,4200.0,0.0,0.0
2024-10-28 00:00:00+05:30,325,Hyderabad,5,Mahabubmansion,68,Tamarind,221,No.I,0.0,10.0,8000.0,10000.0,9000.0,0.0,0.0
2024-10-28 00:00:00+05:30,323,Gaddiannaram,1,Gaddiannaram,87,Pine apple,87,Common,0.0,280.0,560.0,3520.0,960.0,0.0,0.0
2024-10-27 00:00:00+05:30,325,Hyderabad,6,Madannapeta,125,Bitter Gourd,125,Common,0.0,2.0,4000.0,4000.0,4000.0,0.0,0.0
2024-10-27 00:00:00+05:30,323,Gaddiannaram,1,Gaddiannaram,87,Pine apple,87,Common,0.0,280.0,560.0,3520.0,960.0,0.0,0.0
2024-10-27 00:00:00+05:30,303,Kalwakurthy,1340,Kalwakurthy,114,Tomato,197,Local,0.0,52.0,1200.0,2100.0,1650.0,0.0,0.0
2024-10-27 00:00:00+05:30,310,Shadnagar,1330,Shadnagar,112,Ladys Finger,112,Common,0.0,10.0,1800.0,2500.0,2000.0,0.0,0.0
2024-10-27 00:00:00+05:30,281,Venkateshwar Nagar,1106,V Nagar,114,Tomato,197,Local,0.0,26.0,20.0,20.0,20.0,0.0,0.0
2024-10-01 00:00:00+05:30,325,Hyderabad,5,Mahabubmansion,68,Tamarind,222,No.II,0.0,13.0,6000.0,7500.0,7000.0,0.0,0.0
2024-10-01 00:00:00+05:30,323,Gaddiannaram,2,L.B Nagar,122,Bottle Gourd,122,Common,0.0,146.0,500.0,1000.0,700.0,0.0,0.0
2024-10-01 00:00:00+05:30,324,Bowenpally,3,Bowenpally,114,Tomato,210,618,0.0,2844.0,400.0,5000.0,3500.0,0.0,0.0
2024-10-01 00:00:00+05:30,325,Hyderabad,6,Madannapeta,127,Kheera,127,Common,0.0,53.0,1000.0,1500.0,1250.0,0.0,0.0
2024-10-02 00:00:00+05:30,310,Shadnagar,1330,Shadnagar,113,Green Chillies,113,Common,0.0,12.0,1600.0,2100.0,1800.0,0.0,0.0
2024-10-02 00:00:00+05:30,331,Vantimamidi,1612,Vantimamidi,116,French Beans,116,Common,0.0,1.0,2000.0,3000.0,2500.0,0.0,0.0
2024-10-01 00:00:00+05:30,367,Gudimalkapur,1571,Gudumalkapur,116,French Beans,116,Common,0.0,103.0,2500.0,5500.0,4000.0,0.0,0.0
2024-10-03 00:00:00+05:30,323,Gaddiannaram,2,L.B Nagar,122,Bottle Gourd,122,Common,0.0,62.0,500.0,1000.0,700.0,0.0,0.0
2024-10-03 00:00:00+05:30,324,Bowenpally,3,Bowenpally,114,Tomato,210,618,0.0,2061.0,1000.0,6000.0,5000.0,0.0,0.0
2024-10-03 00:00:00+05:30,325,Hyderabad,5,Mahabubmansion,68,Tamarind,222,No.II,0.0,77.0,6000.0,7500.0,7000.0,0.0,0.0
2024-10-03 00:00:00+05:30,325,Hyderabad,6,Madannapeta,127,Kheera,127,Common,0.0,8.0,1200.0,1200.0,1200.0,0.0,0.0
2024-10-03 00:00:00+05:30,310,Shadnagar,1330,Shadnagar,113,Green Chillies,113,Common,0.0,10.0,1800.0,2100.0,2000.0,0.0,0.0
2024-10-03 00:00:00+05:30,325,Hyderabad,7,Meeralamandi,127,Kheera,127,Common,0.0,3.0,2000.0,2000.0,2000.0,0.0,0.0
2024-10-03 00:00:00+05:30,367,Gudimalkapur,1571,Gudumalkapur,116,French Beans,116,Common,0.0,45.0,4000.0,9000.0,7000.0,0.0,0.0
2024-10-04 00:00:00+05:30,323,Gaddiannaram,2,L.B Nagar,122,Bottle Gourd,122,Common,0.0,73.0,500.0,1000.0,750.0,0.0,0.0
2024-10-04 00:00:00+05:30,325,Hyderabad,7,Meeralamandi,127,Kheera,127,Common,0.0,3.0,800.0,1200.0,1000.0,0.0,0.0
2024-10-04 00:00:00+05:30,325,Hyderabad,5,Mahabubmansion,68,Tamarind,222,No.II,0.0,76.0,6000.0,7500.0,7000.0,0.0,0.0
2024-10-04 00:00:00+05:30,325,Hyderabad,6,Madannapeta,127,Kheera,127,Common,0.0,25.0,1000.0,1200.0,1100.0,0.0,0.0
2024-10-04 00:00:00+05:30,324,Bowenpally,3,Bowenpally,114,Tomato,210,618,0.0,2399.0,800.0,7200.0,5000.0,0.0,0.0
2024-10-04 00:00:00+05:30,310,Shadnagar,1330,Shadnagar,113,Green Chillies,113,Common,0.0,12.0,1500.0,2000.0,1800.0,0.0,0.0
2024-10-04 00:00:00+05:30,367,Gudimalkapur,1571,Gudumalkapur,116,French Beans,116,Common,0.0,35.0,4000.0,10000.0,8500.0,0.0,0.0
2024-10-04 00:00:00+05:30,281,Venkateshwar Nagar,1106,V Nagar,117,Cluster Beans,117,Common,0.0,1.0,40.0,40.0,40.0,0.0,0.0
2024-10-04 00:00:00+05:30,278,Suryapet,1091,Suryapet,30,Groundnut pods,30,Common,0.0,21.0,3896.0,7209.0,6109.0,0.0,0.0
2024-10-05 00:00:00+05:30,324,Bowenpally,3,Bowenpally,114,Tomato,210,618,0.0,2951.0,1200.0,6000.0,5000.0,0.0,0.0
2024-10-05 00:00:00+05:30,325,Hyderabad,5,Mahabubmansion,68,Tamarind,222,No.II,0.0,70.0,6000.0,7500.0,7000.0,0.0,0.0
2024-10-05 00:00:00+05:30,325,Hyderabad,7,Meeralamandi,127,Kheera,127,Common,0.0,5.0,800.0,1200.0,1000.0,0.0,0.0
2024-10-05 00:00:00+05:30,323,Gaddiannaram,2,L.B Nagar,122,Bottle Gourd,122,Common,0.0,83.0,500.0,1000.0,750.0,0.0,0.0
2024-10-05 00:00:00+05:30,325,Hyderabad,6,Madannapeta,127,Kheera,127,Common,0.0,10.0,1000.0,1500.0,1250.0,0.0,0.0
2024-10-05 00:00:00+05:30,310,Shadnagar,1330,Shadnagar,113,Green Chillies,113,Common,0.0,10.0,1800.0,2300.0,2000.0,0.0,0.0
2024-10-05 00:00:00+05:30,303,Kalwakurthy,1340,Kalwakurthy,117,Cluster Beans,117,Common,0.0,1.0,3000.0,4000.0,3500.0,0.0,0.0
2024-10-05 00:00:00+05:30,292,Zaheerabad,1198,Zaheerabad,34,Safflower,34,Common,0.0,1.0,4250.0,4250.0,4250.0,0.0,0.0
2024-10-05 00:00:00+05:30,281,Venkateshwar Nagar,1106,V Nagar,117,Cluster Beans,117,Common,0.0,1.0,40.0,40.0,40.0,0.0,0.0
2024-10-05 00:00:00+05:30,278,Suryapet,1091,Suryapet,30,Groundnut pods,30,Common,0.0,11.0,4852.0,6561.0,4852.0,0.0,0.0
2024-10-06 00:00:00+05:30,323,Gaddiannaram,2,L.B Nagar,122,Bottle Gourd,122,Common,0.0,74.0,600.0,1000.0,800.0,0.0,0.0
2024-10-05 00:00:00+05:30,367,Gudimalkapur,1571,Gudumalkapur,116,French Beans,116,Common,0.0,135.0,5000.0,10000.0,9000.0,0.0,0.0
2024-10-05 00:00:00+05:30,331,Vantimamidi,1612,Vantimamidi,116,French Beans,116,Common,0.0,2.0,5000.0,5000.0,5000.0,0.0,0.0
2024-10-06 00:00:00+05:30,325,Hyderabad,6,Madannapeta,127,Kheera,127,Common,0.0,25.0,1000.0,1200.0,1100.0,0.0,0.0
2024-10-06 00:00:00+05:30,324,Bowenpally,3,Bowenpally,114,Tomato,210,618,0.0,2637.0,1200.0,5600.0,4500.0,0.0,0.0
2024-10-06 00:00:00+05:30,281,Venkateshwar Nagar,1106,V Nagar,117,Cluster Beans,117,Common,0.0,2.0,40.0,40.0,40.0,0.0,0.0
2024-10-06 00:00:00+05:30,325,Hyderabad,7,Meeralamandi,127,Kheera,127,Common,0.0,4.0,1000.0,1200.0,1100.0,0.0,0.0
2024-10-06 00:00:00+05:30,367,Gudimalkapur,1571,Gudumalkapur,116,French Beans,116,Common,0.0,157.0,3000.0,7000.0,4000.0,0.0,0.0
2024-10-06 00:00:00+05:30,310,Shadnagar,1330,Shadnagar,113,Green Chillies,113,Common,0.0,15.0,1500.0,2300.0,1800.0,0.0,0.0
2024-10-07 00:00:00+05:30,325,Hyderabad,5,Mahabubmansion,68,Tamarind,222,No.II,0.0,106.0,6000.0,7500.0,7000.0,0.0,0.0
2024-10-07 00:00:00+05:30,323,Gaddiannaram,2,L.B Nagar,122,Bottle Gourd,122,Common,0.0,40.0,600.0,1000.0,800.0,0.0,0.0
2024-10-07 00:00:00+05:30,324,Bowenpally,3,Bowenpally,114,Tomato,210,618,0.0,2070.0,800.0,6000.0,5000.0,0.0,0.0
2024-10-07 00:00:00+05:30,325,Hyderabad,6,Madannapeta,127,Kheera,127,Common,0.0,20.0,1200.0,1500.0,1350.0,0.0,0.0
2024-10-07 00:00:00+05:30,325,Hyderabad,7,Meeralamandi,127,Kheera,127,Common,0.0,4.0,1200.0,1500.0,1350.0,0.0,0.0
2024-10-07 00:00:00+05:30,310,Shadnagar,1330,Shadnagar,113,Green Chillies,113,Common,0.0,12.0,1500.0,2000.0,1800.0,0.0,0.0
2024-10-07 00:00:00+05:30,367,Gudimalkapur,1571,Gudumalkapur,116,French Beans,116,Common,0.0,105.0,2500.0,7000.0,3000.0,0.0,0.0
2024-10-07 00:00:00+05:30,278,Suryapet,1091,Suryapet,30,Groundnut pods,30,Common,0.0,43.0,4059.0,7619.0,4359.0,0.0,0.0
2024-10-08 00:00:00+05:30,323,Gaddiannaram,2,L.B Nagar,122,Bottle Gourd,122,Common,0.0,38.0,600.0,1000.0,800.0,0.0,0.0
2024-10-08 00:00:00+05:30,324,Bowenpally,3,Bowenpally,114,Tomato,210,618,0.0,2070.0,1200.0,6000.0,5000.0,0.0,0.0
2024-10-08 00:00:00+05:30,325,Hyderabad,6,Madannapeta,127,Kheera,127,Common,0.0,35.0,1000.0,1400.0,1200.0,0.0,0.0
2024-10-08 00:00:00+05:30,325,Hyderabad,5,Mahabubmansion,68,Tamarind,222,No.II,0.0,87.0,6000.0,7500.0,7000.0,0.0,0.0
2024-10-08 00:00:00+05:30,325,Hyderabad,7,Meeralamandi,127,Kheera,127,Common,0.0,3.0,1500.0,2000.0,1750.0,0.0,0.0
2024-10-08 00:00:00+05:30,281,Venkateshwar Nagar,1106,V Nagar,117,Cluster Beans,117,Common,0.0,1.0,40.0,40.0,40.0,0.0,0.0
2024-10-08 00:00:00+05:30,310,Shadnagar,1330,Shadnagar,113,Green Chillies,113,Common,0.0,10.0,1800.0,2200.0,2000.0,0.0,0.0
2024-10-09 00:00:00+05:30,323,Gaddiannaram,2,L.B Nagar,122,Bottle Gourd,122,Common,0.0,37.0,600.0,1000.0,800.0,0.0,0.0
2024-10-08 00:00:00+05:30,367,Gudimalkapur,1571,Gudumalkapur,116,French Beans,116,Common,0.0,56.0,3000.0,7000.0,6000.0,0.0,0.0
2024-10-09 00:00:00+05:30,325,Hyderabad,6,Madannapeta,127,Kheera,127,Common,0.0,10.0,1300.0,1500.0,1400.0,0.0,0.0
2024-10-09 00:00:00+05:30,325,Hyderabad,5,Mahabubmansion,68,Tamarind,222,No.II,0.0,86.0,6000.0,7500.0,7000.0,0.0,0.0
2024-10-09 00:00:00+05:30,324,Bowenpally,3,Bowenpally,114,Tomato,210,618,0.0,2550.0,1200.0,6000.0,5000.0,0.0,0.0
2024-10-09 00:00:00+05:30,325,Hyderabad,7,Meeralamandi,127,Kheera,127,Common,0.0,3.0,1000.0,1500.0,1250.0,0.0,0.0
2024-10-09 00:00:00+05:30,310,Shadnagar,1330,Shadnagar,113,Green Chillies,113,Common,0.0,12.0,1800.0,2500.0,2000.0,0.0,0.0
2024-10-09 00:00:00+05:30,367,Gudimalkapur,1571,Gudumalkapur,116,French Beans,116,Common,0.0,34.0,3000.0,8000.0,5000.0,0.0,0.0
2024-10-10 00:00:00+05:30,324,Bowenpally,3,Bowenpally,114,Tomato,210,618,0.0,2579.0,1200.0,4800.0,3500.0,0.0,0.0
2024-10-10 00:00:00+05:30,325,Hyderabad,5,Mahabubmansion,68,Tamarind,222,No.II,0.0,13.0,6000.0,7500.0,7000.0,0.0,0.0
2024-10-10 00:00:00+05:30,325,Hyderabad,7,Meeralamandi,127,Kheera,127,Common,0.0,3.0,1000.0,1500.0,1250.0,0.0,0.0
2024-10-10 00:00:00+05:30,325,Hyderabad,6,Madannapeta,127,Kheera,127,Common,0.0,13.0,1200.0,1400.0,1300.0,0.0,0.0
2024-10-10 00:00:00+05:30,323,Gaddiannaram,2,L.B Nagar,122,Bottle Gourd,122,Common,0.0,42.0,600.0,1000.0,800.0,0.0,0.0
2024-10-10 00:00:00+05:30,281,Venkateshwar Nagar,1106,V Nagar,117,Cluster Beans,117,Common,0.0,1.0,25.0,25.0,25.0,0.0,0.0
2024-10-10 00:00:00+05:30,367,Gudimalkapur,1571,Gudumalkapur,116,French Beans,116,Common,0.0,56.0,5000.0,9000.0,6000.0,0.0,0.0
2024-10-11 00:00:00+05:30,325,Hyderabad,6,Madannapeta,127,Kheera,127,Common,0.0,20.0,1300.0,1500.0,1400.0,0.0,0.0
2024-10-11 00:00:00+05:30,323,Gaddiannaram,2,L.B Nagar,122,Bottle Gourd,122,Common,0.0,46.0,500.0,1000.0,750.0,0.0,0.0
2024-10-11 00:00:00+05:30,324,Bowenpally,3,Bowenpally,114,Tomato,210,618,0.0,1690.0,1200.0,4000.0,3500.0,0.0,0.0
2024-10-11 00:00:00+05:30,303,Kalwakurthy,1340,Kalwakurthy,117,Cluster Beans,117,Common,0.0,1.0,3000.0,4000.0,3500.0,0.0,0.0
2024-10-11 00:00:00+05:30,310,Shadnagar,1330,Shadnagar,113,Green Chillies,113,Common,0.0,12.0,1800.0,2200.0,2000.0,0.0,0.0
2024-10-10 00:00:00+05:30,310,Shadnagar,1330,Shadnagar,113,Green Chillies,113,Common,0.0,10.0,1800.0,2300.0,2000.0,0.0,0.0
2024-10-11 00:00:00+05:30,325,Hyderabad,5,Mahabubmansion,68,Tamarind,222,No.II,0.0,18.0,6000.0,7500.0,7000.0,0.0,0.0
2024-10-11 00:00:00+05:30,325,Hyderabad,7,Meeralamandi,127,Kheera,127,Common,0.0,3.0,1000.0,1500.0,1250.0,0.0,0.0
2024-10-12 00:00:00+05:30,324,Bowenpally,3,Bowenpally,114,Tomato,210,618,0.0,1546.0,1200.0,4000.0,3500.0,0.0,0.0
2024-10-12 00:00:00+05:30,323,Gaddiannaram,2,L.B Nagar,122,Bottle Gourd,122,Common,0.0,38.0,600.0,1000.0,800.0,0.0,0.0
2024-10-11 00:00:00+05:30,367,Gudimalkapur,1571,Gudumalkapur,116,French Beans,116,Common,0.0,41.0,7000.0,14000.0,13000.0,0.0,0.0
2024-10-12 00:00:00+05:30,367,Gudimalkapur,1571,Gudumalkapur,116,French Beans,116,Common,0.0,50.0,6000.0,10000.0,8000.0,0.0,0.0
2024-10-12 00:00:00+05:30,325,Hyderabad,6,Madannapeta,127,Kheera,127,Common,0.0,13.0,1200.0,1400.0,1300.0,0.0,0.0
2024-10-11 00:00:00+05:30,331,Vantimamidi,1612,Vantimamidi,116,French Beans,116,Common,0.0,1.0,5000.0,5000.0,5000.0,0.0,0.0
2024-10-12 00:00:00+05:30,325,Hyderabad,7,Meeralamandi,127,Kheera,127,Common,0.0,3.0,1500.0,2000.0,1750.0,0.0,0.0
2024-10-13 00:00:00+05:30,325,Hyderabad,6,Madannapeta,127,Kheera,127,Common,0.0,20.0,1000.0,1200.0,1100.0,0.0,0.0
2024-10-12 00:00:00+05:30,310,Shadnagar,1330,Shadnagar,113,Green Chillies,113,Common,0.0,10.0,1600.0,2300.0,1800.0,0.0,0.0
2024-10-13 00:00:00+05:30,310,Shadnagar,1330,Shadnagar,113,Green Chillies,113,Common,0.0,15.0,1500.0,2000.0,1800.0,0.0,0.0
2024-10-13 00:00:00+05:30,324,Bowenpally,3,Bowenpally,114,Tomato,210,618,0.0,1739.0,1200.0,4800.0,3500.0,0.0,0.0
2024-10-13 00:00:00+05:30,331,Vantimamidi,1612,Vantimamidi,116,French Beans,116,Common,0.0,2.0,5000.0,5000.0,5000.0,0.0,0.0
2024-10-13 00:00:00+05:30,367,Gudimalkapur,1571,Gudumalkapur,116,French Beans,116,Common,0.0,69.0,3000.0,11000.0,69.0,0.0,0.0
2024-10-14 00:00:00+05:30,324,Bowenpally,3,Bowenpally,114,Tomato,210,618,0.0,2931.0,1200.0,5200.0,4000.0,0.0,0.0
2024-10-14 00:00:00+05:30,325,Hyderabad,7,Meeralamandi,127,Kheera,127,Common,0.0,3.0,2000.0,2500.0,2250.0,0.0,0.0
2024-10-14 00:00:00+05:30,325,Hyderabad,6,Madannapeta,127,Kheera,127,Common,0.0,10.0,1000.0,1200.0,1100.0,0.0,0.0
2024-10-14 00:00:00+05:30,325,Hyderabad,5,Mahabubmansion,68,Tamarind,222,No.II,0.0,94.0,6000.0,7500.0,7000.0,0.0,0.0
2024-10-14 00:00:00+05:30,323,Gaddiannaram,2,L.B Nagar,122,Bottle Gourd,122,Common,0.0,55.0,600.0,1000.0,800.0,0.0,0.0
2024-10-14 00:00:00+05:30,310,Shadnagar,1330,Shadnagar,113,Green Chillies,113,Common,0.0,10.0,1800.0,2300.0,2000.0,0.0,0.0
2024-10-14 00:00:00+05:30,331,Vantimamidi,1612,Vantimamidi,116,French Beans,116,Common,0.0,1.0,6000.0,6000.0,6000.0,0.0,0.0
2024-10-14 00:00:00+05:30,367,Gudimalkapur,1571,Gudumalkapur,116,French Beans,116,Common,0.0,38.0,6000.0,10000.0,7000.0,0.0,0.0
2024-10-14 00:00:00+05:30,278,Suryapet,1091,Suryapet,30,Groundnut pods,30,Common,0.0,5.0,5109.0,5189.0,5189.0,0.0,0.0
2024-10-15 00:00:00+05:30,325,Hyderabad,5,Mahabubmansion,68,Tamarind,222,No.II,0.0,22.0,6000.0,7500.0,7000.0,0.0,0.0
2024-10-15 00:00:00+05:30,325,Hyderabad,7,Meeralamandi,127,Kheera,127,Common,0.0,3.0,1000.0,1500.0,1250.0,0.0,0.0
2024-10-15 00:00:00+05:30,325,Hyderabad,6,Madannapeta,127,Kheera,127,Common,0.0,25.0,1000.0,1200.0,1100.0,0.0,0.0
2024-10-15 00:00:00+05:30,323,Gaddiannaram,2,L.B Nagar,122,Bottle Gourd,122,Common,0.0,45.0,600.0,1000.0,800.0,0.0,0.0
2024-10-15 00:00:00+05:30,324,Bowenpally,3,Bowenpally,114,Tomato,210,618,0.0,4255.0,1200.0,4400.0,3600.0,0.0,0.0
2024-10-15 00:00:00+05:30,310,Shadnagar,1330,Shadnagar,113,Green Chillies,113,Common,0.0,10.0,1800.0,2300.0,2000.0,0.0,0.0
2024-10-15 00:00:00+05:30,278,Suryapet,1091,Suryapet,30,Groundnut pods,30,Common,0.0,27.0,3359.0,7109.0,4951.0,0.0,0.0
2024-10-16 00:00:00+05:30,323,Gaddiannaram,2,L.B Nagar,122,Bottle Gourd,122,Common,0.0,81.0,600.0,1000.0,800.0,0.0,0.0
2024-10-15 00:00:00+05:30,367,Gudimalkapur,1571,Gudumalkapur,116,French Beans,116,Common,0.0,41.0,6000.0,12000.0,7000.0,0.0,0.0
2024-10-16 00:00:00+05:30,325,Hyderabad,7,Meeralamandi,127,Kheera,127,Common,0.0,5.0,1000.0,1500.0,1250.0,0.0,0.0
2024-10-16 00:00:00+05:30,325,Hyderabad,6,Madannapeta,127,Kheera,127,Common,0.0,10.0,1000.0,1000.0,1000.0,0.0,0.0
2024-10-16 00:00:00+05:30,325,Hyderabad,5,Mahabubmansion,68,Tamarind,222,No.II,0.0,124.0,6000.0,7500.0,7000.0,0.0,0.0
2024-10-16 00:00:00+05:30,324,Bowenpally,3,Bowenpally,114,Tomato,210,618,0.0,2632.0,1200.0,4000.0,3000.0,0.0,0.0
2024-10-16 00:00:00+05:30,310,Shadnagar,1330,Shadnagar,113,Green Chillies,113,Common,0.0,10.0,1800.0,2300.0,2000.0,0.0,0.0
2024-10-16 00:00:00+05:30,367,Gudimalkapur,1571,Gudumalkapur,116,French Beans,116,Common,0.0,82.0,4000.0,12000.0,6000.0,0.0,0.0
2024-10-16 00:00:00+05:30,278,Suryapet,1091,Suryapet,30,Groundnut pods,30,Common,0.0,16.0,4209.0,6029.0,5189.0,0.0,0.0
2024-10-16 00:00:00+05:30,303,Kalwakurthy,1340,Kalwakurthy,117,Cluster Beans,117,Common,0.0,1.0,3000.0,4000.0,3500.0,0.0,0.0
2024-10-17 00:00:00+05:30,324,Bowenpally,3,Bowenpally,114,Tomato,210,618,0.0,2255.0,1200.0,4000.0,3000.0,0.0,0.0
2024-10-17 00:00:00+05:30,325,Hyderabad,6,Madannapeta,127,Kheera,127,Common,0.0,32.0,1000.0,1200.0,1100.0,0.0,0.0
2024-10-17 00:00:00+05:30,323,Gaddiannaram,2,L.B Nagar,122,Bottle Gourd,122,Common,0.0,43.0,600.0,1000.0,800.0,0.0,0.0
2024-10-17 00:00:00+05:30,325,Hyderabad,5,Mahabubmansion,68,Tamarind,222,No.II,0.0,53.0,6000.0,7500.0,7000.0,0.0,0.0
2024-10-17 00:00:00+05:30,325,Hyderabad,7,Meeralamandi,127,Kheera,127,Common,0.0,5.0,1000.0,1200.0,1100.0,0.0,0.0
2024-10-17 00:00:00+05:30,278,Suryapet,1091,Suryapet,30,Groundnut pods,30,Common,0.0,4.0,5089.0,5609.0,5089.0,0.0,0.0
2024-10-17 00:00:00+05:30,331,Vantimamidi,1612,Vantimamidi,116,French Beans,116,Common,0.0,3.0,2500.0,4000.0,3250.0,0.0,0.0
2024-10-17 00:00:00+05:30,310,Shadnagar,1330,Shadnagar,113,Green Chillies,113,Common,0.0,12.0,1800.0,2200.0,2000.0,0.0,0.0
2024-10-17 00:00:00+05:30,367,Gudimalkapur,1571,Gudumalkapur,116,French Beans,116,Common,0.0,108.0,4000.0,12000.0,8000.0,0.0,0.0
2024-10-18 00:00:00+05:30,323,Gaddiannaram,2,L.B Nagar,122,Bottle Gourd,122,Common,0.0,48.0,600.0,1000.0,800.0,0.0,0.0
2024-10-18 00:00:00+05:30,325,Hyderabad,5,Mahabubmansion,68,Tamarind,222,No.II,0.0,28.0,6000.0,7500.0,7000.0,0.0,0.0
2024-10-18 00:00:00+05:30,324,Bowenpally,3,Bowenpally,114,Tomato,210,618,0.0,2933.0,1200.0,4000.0,3200.0,0.0,0.0
2024-10-18 00:00:00+05:30,325,Hyderabad,7,Meeralamandi,127,Kheera,127,Common,0.0,7.0,1200.0,1200.0,1200.0,0.0,0.0
2024-10-18 00:00:00+05:30,325,Hyderabad,6,Madannapeta,127,Kheera,127,Common,0.0,13.0,1000.0,1000.0,1000.0,0.0,0.0
2024-10-18 00:00:00+05:30,310,Shadnagar,1330,Shadnagar,113,Green Chillies,113,Common,0.0,12.0,1800.0,2500.0,2000.0,0.0,0.0
2024-10-18 00:00:00+05:30,367,Gudimalkapur,1571,Gudumalkapur,116,French Beans,116,Common,0.0,29.0,4000.0,10000.0,5000.0,0.0,0.0
2024-10-18 00:00:00+05:30,331,Vantimamidi,1612,Vantimamidi,116,French Beans,116,Common,0.0,1.0,5000.0,5000.0,5000.0,0.0,0.0
2024-10-19 00:00:00+05:30,324,Bowenpally,3,Bowenpally,114,Tomato,210,618,0.0,4657.0,800.0,3800.0,3000.0,0.0,0.0
2024-10-19 00:00:00+05:30,325,Hyderabad,6,Madannapeta,127,Kheera,127,Common,0.0,20.0,1000.0,1000.0,1000.0,0.0,0.0
2024-10-19 00:00:00+05:30,325,Hyderabad,7,Meeralamandi,127,Kheera,127,Common,0.0,4.0,800.0,1000.0,900.0,0.0,0.0
2024-10-19 00:00:00+05:30,323,Gaddiannaram,2,L.B Nagar,122,Bottle Gourd,122,Common,0.0,75.0,600.0,1000.0,800.0,0.0,0.0
2024-10-19 00:00:00+05:30,325,Hyderabad,5,Mahabubmansion,68,Tamarind,222,No.II,0.0,58.0,6000.0,7500.0,7000.0,0.0,0.0
2024-10-19 00:00:00+05:30,212,Choppadandi,1123,Choppadandi,25,Cotton,25,Common,0.0,11.0,6300.0,6350.0,6350.0,0.0,0.0
2024-10-19 00:00:00+05:30,278,Suryapet,1091,Suryapet,30,Groundnut pods,30,Common,0.0,5.0,3386.0,3913.0,3386.0,0.0,0.0
2024-10-19 00:00:00+05:30,367,Gudimalkapur,1571,Gudumalkapur,116,French Beans,116,Common,0.0,50.0,6000.0,12000.0,8000.0,0.0,0.0
2024-10-19 00:00:00+05:30,310,Shadnagar,1330,Shadnagar,113,Green Chillies,113,Common,0.0,15.0,1600.0,2000.0,1800.0,0.0,0.0
2024-10-19 00:00:00+05:30,331,Vantimamidi,1612,Vantimamidi,116,French Beans,116,Common,0.0,4.0,5000.0,6000.0,5500.0,0.0,0.0
2024-10-20 00:00:00+05:30,324,Bowenpally,3,Bowenpally,114,Tomato,210,618,0.0,3241.0,1200.0,3600.0,2800.0,0.0,0.0
2024-10-20 00:00:00+05:30,325,Hyderabad,7,Meeralamandi,127,Kheera,127,Common,0.0,3.0,800.0,1000.0,900.0,0.0,0.0
2024-10-20 00:00:00+05:30,325,Hyderabad,6,Madannapeta,127,Kheera,127,Common,0.0,13.0,1000.0,1000.0,1000.0,0.0,0.0
2024-10-20 00:00:00+05:30,323,Gaddiannaram,2,L.B Nagar,122,Bottle Gourd,122,Common,0.0,30.0,600.0,1000.0,800.0,0.0,0.0
2024-10-20 00:00:00+05:30,281,Venkateshwar Nagar,1106,V Nagar,117,Cluster Beans,117,Common,0.0,1.0,20.0,20.0,20.0,0.0,0.0
2024-10-20 00:00:00+05:30,310,Shadnagar,1330,Shadnagar,113,Green Chillies,113,Common,0.0,12.0,1600.0,2100.0,1800.0,0.0,0.0
2024-10-20 00:00:00+05:30,367,Gudimalkapur,1571,Gudumalkapur,116,French Beans,116,Common,0.0,48.0,3000.0,6000.0,4000.0,0.0,0.0
2024-10-20 00:00:00+05:30,331,Vantimamidi,1612,Vantimamidi,116,French Beans,116,Common,0.0,3.0,5000.0,6000.0,5500.0,0.0,0.0
2024-10-21 00:00:00+05:30,323,Gaddiannaram,2,L.B Nagar,122,Bottle Gourd,122,Common,0.0,58.0,600.0,1000.0,800.0,0.0,0.0
2024-10-21 00:00:00+05:30,324,Bowenpally,3,Bowenpally,114,Tomato,210,618,0.0,2883.0,800.0,3600.0,2800.0,0.0,0.0
2024-10-21 00:00:00+05:30,246,Warangal,886,Warangal,22,Cowpea,263,White,0.0,18.1,4900.0,4900.0,4900.0,0.0,0.0
2024-10-21 00:00:00+05:30,325,Hyderabad,5,Mahabubmansion,68,Tamarind,222,No.II,0.0,69.0,6000.0,7500.0,7000.0,0.0,0.0
2024-10-21 00:00:00+05:30,325,Hyderabad,7,Meeralamandi,127,Kheera,127,Common,0.0,3.0,1000.0,1000.0,1000.0,0.0,0.0
2024-10-21 00:00:00+05:30,325,Hyderabad,6,Madannapeta,127,Kheera,127,Common,0.0,25.0,1400.0,1600.0,1500.0,0.0,0.0
2024-10-21 00:00:00+05:30,212,Choppadandi,1123,Choppadandi,25,Cotton,25,Common,0.0,6.0,6300.0,6300.0,6300.0,0.0,0.0
2024-10-21 00:00:00+05:30,278,Suryapet,1091,Suryapet,30,Groundnut pods,30,Common,0.0,24.0,3613.0,5029.0,4629.0,0.0,0.0
2024-10-21 00:00:00+05:30,367,Gudimalkapur,1571,Gudumalkapur,116,French Beans,116,Common,0.0,33.0,8000.0,10000.0,9000.0,0.0,0.0
2024-10-22 00:00:00+05:30,323,Gaddiannaram,2,L.B Nagar,122,Bottle Gourd,122,Common,0.0,80.0,800.0,1200.0,1000.0,0.0,0.0
2024-10-21 00:00:00+05:30,310,Shadnagar,1330,Shadnagar,113,Green Chillies,113,Common,0.0,10.0,1800.0,2300.0,2000.0,0.0,0.0
2024-10-22 00:00:00+05:30,325,Hyderabad,7,Meeralamandi,127,Kheera,127,Common,0.0,2.0,1200.0,1500.0,1350.0,0.0,0.0
2024-10-22 00:00:00+05:30,325,Hyderabad,6,Madannapeta,127,Kheera,127,Common,0.0,21.0,1000.0,1200.0,1100.0,0.0,0.0
2024-10-22 00:00:00+05:30,325,Hyderabad,5,Mahabubmansion,68,Tamarind,222,No.II,0.0,90.0,6000.0,7500.0,7000.0,0.0,0.0
2024-10-22 00:00:00+05:30,324,Bowenpally,3,Bowenpally,114,Tomato,210,618,0.0,2916.0,600.0,4000.0,3000.0,0.0,0.0
2024-10-22 00:00:00+05:30,281,Venkateshwar Nagar,1106,V Nagar,117,Cluster Beans,117,Common,0.0,2.0,25.0,25.0,25.0,0.0,0.0
2024-10-22 00:00:00+05:30,212,Choppadandi,1123,Choppadandi,25,Cotton,25,Common,0.0,2.0,6300.0,6300.0,6300.0,0.0,0.0
2024-10-22 00:00:00+05:30,310,Shadnagar,1330,Shadnagar,113,Green Chillies,113,Common,0.0,10.0,1800.0,2200.0,2000.0,0.0,0.0
2024-10-22 00:00:00+05:30,278,Suryapet,1091,Suryapet,30,Groundnut pods,30,Common,0.0,1.0,5459.0,5459.0,5459.0,0.0,0.0
2024-10-22 00:00:00+05:30,367,Gudimalkapur,1571,Gudumalkapur,116,French Beans,116,Common,0.0,43.0,6000.0,13000.0,10000.0,0.0,0.0
2024-10-23 00:00:00+05:30,323,Gaddiannaram,2,L.B Nagar,122,Bottle Gourd,122,Common,0.0,65.0,800.0,1200.0,1000.0,0.0,0.0
2024-10-22 00:00:00+05:30,331,Vantimamidi,1612,Vantimamidi,116,French Beans,116,Common,0.0,4.0,3000.0,5000.0,4000.0,0.0,0.0
2024-10-23 00:00:00+05:30,325,Hyderabad,7,Meeralamandi,127,Kheera,127,Common,0.0,2.0,1200.0,1200.0,1200.0,0.0,0.0
2024-10-23 00:00:00+05:30,325,Hyderabad,6,Madannapeta,127,Kheera,127,Common,0.0,20.0,1300.0,1500.0,1400.0,0.0,0.0
2024-10-23 00:00:00+05:30,324,Bowenpally,3,Bowenpally,114,Tomato,210,618,0.0,4620.0,800.0,3600.0,2800.0,0.0,0.0
2024-10-23 00:00:00+05:30,281,Venkateshwar Nagar,1106,V Nagar,117,Cluster Beans,117,Common,0.0,1.0,30.0,30.0,30.0,0.0,0.0
2024-10-23 00:00:00+05:30,278,Suryapet,1091,Suryapet,30,Groundnut pods,30,Common,0.0,6.0,4359.0,4679.0,4679.0,0.0,0.0
2024-10-23 00:00:00+05:30,325,Hyderabad,5,Mahabubmansion,68,Tamarind,222,No.II,0.0,94.0,6000.0,7500.0,7000.0,0.0,0.0
2024-10-23 00:00:00+05:30,367,Gudimalkapur,1571,Gudumalkapur,116,French Beans,116,Common,0.0,60.0,8000.0,13000.0,9000.0,0.0,0.0
2024-10-23 00:00:00+05:30,310,Shadnagar,1330,Shadnagar,113,Green Chillies,113,Common,0.0,15.0,1800.0,2400.0,2000.0,0.0,0.0
2024-10-23 00:00:00+05:30,212,Choppadandi,1123,Choppadandi,25,Cotton,25,Common,0.0,11.0,6000.0,6300.0,6200.0,0.0,0.0
2024-10-23 00:00:00+05:30,331,Vantimamidi,1612,Vantimamidi,116,French Beans,116,Common,0.0,5.0,5000.0,7000.0,6000.0,0.0,0.0
2024-10-24 00:00:00+05:30,324,Bowenpally,3,Bowenpally,114,Tomato,210,618,0.0,2968.0,600.0,3200.0,2200.0,0.0,0.0
2024-10-24 00:00:00+05:30,325,Hyderabad,5,Mahabubmansion,68,Tamarind,222,No.II,0.0,67.0,6000.0,7500.0,7000.0,0.0,0.0
2024-10-24 00:00:00+05:30,325,Hyderabad,7,Meeralamandi,127,Kheera,127,Common,0.0,4.0,1200.0,1500.0,1350.0,0.0,0.0
2024-10-24 00:00:00+05:30,325,Hyderabad,6,Madannapeta,127,Kheera,127,Common,0.0,35.0,800.0,1200.0,1000.0,0.0,0.0
2024-10-24 00:00:00+05:30,323,Gaddiannaram,2,L.B Nagar,122,Bottle Gourd,122,Common,0.0,26.0,800.0,1200.0,1000.0,0.0,0.0
2024-10-24 00:00:00+05:30,281,Venkateshwar Nagar,1106,V Nagar,117,Cluster Beans,117,Common,0.0,1.0,30.0,30.0,30.0,0.0,0.0
2024-10-24 00:00:00+05:30,278,Suryapet,1091,Suryapet,30,Groundnut pods,30,Common,0.0,5.0,3699.0,4669.0,3699.0,0.0,0.0
2024-10-24 00:00:00+05:30,212,Choppadandi,1123,Choppadandi,25,Cotton,25,Common,0.0,3.0,6300.0,6300.0,6300.0,0.0,0.0
2024-10-24 00:00:00+05:30,303,Kalwakurthy,1340,Kalwakurthy,117,Cluster Beans,117,Common,0.0,1.0,4500.0,7100.0,5800.0,0.0,0.0
2024-10-24 00:00:00+05:30,310,Shadnagar,1330,Shadnagar,113,Green Chillies,113,Common,0.0,10.0,1800.0,2500.0,2000.0,0.0,0.0
2024-10-24 00:00:00+05:30,367,Gudimalkapur,1571,Gudumalkapur,116,French Beans,116,Common,0.0,95.0,6000.0,12000.0,9000.0,0.0,0.0
2024-10-24 00:00:00+05:30,331,Vantimamidi,1612,Vantimamidi,116,French Beans,116,Common,0.0,1.0,6000.0,6000.0,6000.0,0.0,0.0
2024-10-25 00:00:00+05:30,325,Hyderabad,6,Madannapeta,127,Kheera,127,Common,0.0,11.0,1000.0,1200.0,1100.0,0.0,0.0
2024-10-25 00:00:00+05:30,323,Gaddiannaram,2,L.B Nagar,122,Bottle Gourd,122,Common,0.0,43.0,800.0,1200.0,1000.0,0.0,0.0
2024-10-25 00:00:00+05:30,325,Hyderabad,5,Mahabubmansion,68,Tamarind,222,No.II,0.0,27.0,6000.0,7500.0,7000.0,0.0,0.0
2024-10-25 00:00:00+05:30,325,Hyderabad,7,Meeralamandi,127,Kheera,127,Common,0.0,4.0,1000.0,1200.0,1100.0,0.0,0.0
2024-10-25 00:00:00+05:30,281,Venkateshwar Nagar,1106,V Nagar,117,Cluster Beans,117,Common,0.0,1.0,30.0,30.0,30.0,0.0,0.0
2024-10-25 00:00:00+05:30,278,Suryapet,1091,Suryapet,30,Groundnut pods,30,Common,0.0,14.0,3359.0,6609.0,3952.0,0.0,0.0
2024-10-25 00:00:00+05:30,212,Choppadandi,1123,Choppadandi,25,Cotton,25,Common,0.0,21.0,6100.0,6400.0,6300.0,0.0,0.0
2024-10-25 00:00:00+05:30,310,Shadnagar,1330,Shadnagar,113,Green Chillies,113,Common,0.0,15.0,2200.0,2500.0,2300.0,0.0,0.0
2024-10-26 00:00:00+05:30,323,Gaddiannaram,2,L.B Nagar,122,Bottle Gourd,122,Common,0.0,50.0,800.0,1200.0,1000.0,0.0,0.0
2024-10-25 00:00:00+05:30,331,Vantimamidi,1612,Vantimamidi,116,French Beans,116,Common,0.0,12.0,3000.0,6000.0,4500.0,0.0,0.0
2024-10-25 00:00:00+05:30,367,Gudimalkapur,1571,Gudumalkapur,116,French Beans,116,Common,0.0,24.0,8000.0,10000.0,9000.0,0.0,0.0
2024-10-26 00:00:00+05:30,325,Hyderabad,5,Mahabubmansion,68,Tamarind,222,No.II,0.0,94.0,60000.0,7500.0,7000.0,0.0,0.0
2024-10-26 00:00:00+05:30,278,Suryapet,1091,Suryapet,30,Groundnut pods,30,Common,0.0,3.0,3662.0,7071.0,7071.0,0.0,0.0
2024-10-26 00:00:00+05:30,212,Choppadandi,1123,Choppadandi,25,Cotton,25,Common,0.0,13.0,6000.0,6400.0,6300.0,0.0,0.0
2024-10-26 00:00:00+05:30,325,Hyderabad,6,Madannapeta,127,Kheera,127,Common,0.0,18.0,1000.0,1200.0,1100.0,0.0,0.0
2024-10-26 00:00:00+05:30,325,Hyderabad,7,Meeralamandi,127,Kheera,127,Common,0.0,6.0,1200.0,1200.0,1200.0,0.0,0.0
2024-10-26 00:00:00+05:30,324,Bowenpally,3,Bowenpally,114,Tomato,210,618,0.0,3276.0,800.0,3200.0,2500.0,0.0,0.0
2024-10-26 00:00:00+05:30,310,Shadnagar,1330,Shadnagar,113,Green Chillies,113,Common,0.0,15.0,1800.0,2300.0,2000.0,0.0,0.0
2024-10-26 00:00:00+05:30,367,Gudimalkapur,1571,Gudumalkapur,116,French Beans,116,Common,0.0,35.0,8000.0,10000.0,8000.0,0.0,0.0
2024-10-26 00:00:00+05:30,331,Vantimamidi,1612,Vantimamidi,116,French Beans,116,Common,0.0,6.0,4000.0,5000.0,4500.0,0.0,0.0
2024-10-27 00:00:00+05:30,281,Venkateshwar Nagar,1106,V Nagar,117,Cluster Beans,117,Common,0.0,2.0,30.0,30.0,30.0,0.0,0.0
2024-10-27 00:00:00+05:30,310,Shadnagar,1330,Shadnagar,113,Green Chillies,113,Common,0.0,20.0,1800.0,2500.0,2000.0,0.0,0.0
2024-10-27 00:00:00+05:30,325,Hyderabad,7,Meeralamandi,127,Kheera,127,Common,0.0,4.0,1000.0,1200.0,1100.0,0.0,0.0
2024-10-27 00:00:00+05:30,325,Hyderabad,6,Madannapeta,127,Kheera,127,Common,0.0,15.0,1000.0,1200.0,1100.0,0.0,0.0
2024-10-27 00:00:00+05:30,323,Gaddiannaram,2,L.B Nagar,122,Bottle Gourd,122,Common,0.0,28.0,800.0,1200.0,1000.0,0.0,0.0
2024-10-27 00:00:00+05:30,324,Bowenpally,3,Bowenpally,114,Tomato,210,618,0.0,3495.0,1200.0,3200.0,2800.0,0.0,0.0
2024-10-28 00:00:00+05:30,323,Gaddiannaram,2,L.B Nagar,122,Bottle Gourd,122,Common,0.0,101.0,800.0,1200.0,1000.0,0.0,0.0
2024-10-27 00:00:00+05:30,331,Vantimamidi,1612,Vantimamidi,116,French Beans,116,Common,0.0,7.0,3000.0,7000.0,5000.0,0.0,0.0
2024-10-27 00:00:00+05:30,367,Gudimalkapur,1571,Gudumalkapur,116,French Beans,116,Common,0.0,41.0,8000.0,11000.0,9000.0,0.0,0.0
2024-10-28 00:00:00+05:30,325,Hyderabad,5,Mahabubmansion,68,Tamarind,222,No.II,0.0,14.0,6000.0,7500.0,7000.0,0.0,0.0
2024-10-28 00:00:00+05:30,325,Hyderabad,7,Meeralamandi,127,Kheera,127,Common,0.0,4.0,1200.0,1500.0,1350.0,0.0,0.0
2024-10-28 00:00:00+05:30,325,Hyderabad,6,Madannapeta,127,Kheera,127,Common,0.0,20.0,1000.0,1200.0,1100.0,0.0,0.0
2024-10-28 00:00:00+05:30,324,Bowenpally,3,Bowenpally,114,Tomato,210,618,0.0,3768.0,600.0,3200.0,2500.0,0.0,0.0
2024-10-28 00:00:00+05:30,278,Suryapet,1091,Suryapet,30,Groundnut pods,30,Common,0.0,18.0,3513.0,5209.0,5209.0,0.0,0.0
2024-10-28 00:00:00+05:30,212,Choppadandi,1123,Choppadandi,25,Cotton,25,Common,0.0,6.0,6200.0,6250.0,6200.0,0.0,0.0
2024-10-28 00:00:00+05:30,310,Shadnagar,1330,Shadnagar,113,Green Chillies,113,Common,0.0,10.0,1800.0,2500.0,2000.0,0.0,0.0
2024-10-28 00:00:00+05:30,292,Zaheerabad,1198,Zaheerabad,34,Safflower,34,Common,0.0,1.0,4812.0,4812.0,4812.0,0.0,0.0
2024-10-28 00:00:00+05:30,331,Vantimamidi,1612,Vantimamidi,116,French Beans,116,Common,0.0,3.0,5000.0,7000.0,6000.0,0.0,0.0
2024-10-28 00:00:00+05:30,367,Gudimalkapur,1571,Gudumalkapur,116,French Beans,116,Common,0.0,45.0,7500.0,11000.0,8000.0,0.0,0.0
2024-10-29 00:00:00+05:30,323,Gaddiannaram,2,L.B Nagar,122,Bottle Gourd,122,Common,0.0,78.0,800.0,1000.0,900.0,0.0,0.0
2024-10-29 00:00:00+05:30,324,Bowenpally,3,Bowenpally,114,Tomato,210,618,0.0,4093.0,800.0,2800.0,2200.0,0.0,0.0
2024-10-29 00:00:00+05:30,325,Hyderabad,5,Mahabubmansion,68,Tamarind,222,No.II,0.0,40.0,6000.0,7000.0,6500.0,0.0,0.0
2024-10-29 00:00:00+05:30,325,Hyderabad,7,Meeralamandi,127,Kheera,127,Common,0.0,6.0,1000.0,1200.0,1100.0,0.0,0.0
2024-10-29 00:00:00+05:30,325,Hyderabad,6,Madannapeta,127,Kheera,127,Common,0.0,5.0,1000.0,1000.0,1000.0,0.0,0.0
2024-10-29 00:00:00+05:30,278,Suryapet,1091,Suryapet,30,Groundnut pods,30,Common,0.0,13.0,3476.0,5229.0,3476.0,0.0,0.0
2024-10-29 00:00:00+05:30,212,Choppadandi,1123,Choppadandi,25,Cotton,25,Common,0.0,10.0,6200.0,6250.0,6200.0,0.0,0.0
2024-10-30 00:00:00+05:30,323,Gaddiannaram,2,L.B Nagar,122,Bottle Gourd,122,Common,0.0,79.0,800.0,1000.0,900.0,0.0,0.0
2024-10-29 00:00:00+05:30,331,Vantimamidi,1612,Vantimamidi,116,French Beans,116,Common,0.0,14.0,4000.0,6000.0,5000.0,0.0,0.0
2024-10-29 00:00:00+05:30,367,Gudimalkapur,1571,Gudumalkapur,116,French Beans,116,Common,0.0,81.0,6000.0,10000.0,8000.0,0.0,0.0
2024-10-30 00:00:00+05:30,325,Hyderabad,6,Madannapeta,127,Kheera,127,Common,0.0,15.0,1000.0,1200.0,1100.0,0.0,0.0
2024-10-30 00:00:00+05:30,325,Hyderabad,5,Mahabubmansion,68,Tamarind,222,No.II,0.0,56.0,6000.0,7500.0,7000.0,0.0,0.0
2024-10-30 00:00:00+05:30,324,Bowenpally,3,Bowenpally,114,Tomato,210,618,0.0,3589.0,600.0,2400.0,2000.0,0.0,0.0
2024-10-30 00:00:00+05:30,278,Suryapet,1091,Suryapet,30,Groundnut pods,30,Common,0.0,4.0,4022.0,4229.0,4229.0,0.0,0.0
2024-10-30 00:00:00+05:30,325,Hyderabad,7,Meeralamandi,127,Kheera,127,Common,0.0,3.0,1000.0,1000.0,1000.0,0.0,0.0
2024-10-30 00:00:00+05:30,310,Shadnagar,1330,Shadnagar,113,Green Chillies,113,Common,0.0,10.0,1800.0,2500.0,2000.0,0.0,0.0
2024-10-30 00:00:00+05:30,331,Vantimamidi,1612,Vantimamidi,116,French Beans,116,Common,0.0,13.0,4000.0,5000.0,4500.0,0.0,0.0
2024-10-30 00:00:00+05:30,367,Gudimalkapur,1571,Gudumalkapur,116,French Beans,116,Common,0.0,126.0,5000.0,8000.0,6000.0,0.0,0.0
2024-10-31 00:00:00+05:30,323,Gaddiannaram,2,L.B Nagar,122,Bottle Gourd,122,Common,0.0,54.0,600.0,1000.0,800.0,0.0,0.0
2024-10-31 00:00:00+05:30,324,Bowenpally,3,Bowenpally,114,Tomato,210,618,0.0,3327.0,400.0,2800.0,2000.0,0.0,0.0
2024-10-31 00:00:00+05:30,325,Hyderabad,7,Meeralamandi,127,Kheera,127,Common,0.0,4.0,1000.0,1200.0,1100.0,0.0,0.0
2024-10-31 00:00:00+05:30,325,Hyderabad,6,Madannapeta,127,Kheera,127,Common,0.0,36.0,800.0,1200.0,1000.0,0.0,0.0
2024-10-31 00:00:00+05:30,310,Shadnagar,1330,Shadnagar,113,Green Chillies,113,Common,0.0,10.0,1800.0,2300.0,2000.0,0.0,0.0
2024-10-31 00:00:00+05:30,303,Kalwakurthy,1340,Kalwakurthy,117,Cluster Beans,117,Common,0.0,1.0,6000.0,9000.0,7500.0,0.0,0.0
2024-10-31 00:00:00+05:30,367,Gudimalkapur,1571,Gudumalkapur,116,French Beans,116,Common,0.0,106.0,2000.0,8000.0,5000.0,0.0,0.0
2024-10-26 00:00:00+05:30,331,Vantimamidi,1612,Vantimamidi,117,Cluster Beans,117,Common,0.0,1.0,3000.0,3000.0,3000.0,0.0,0.0
2024-10-26 00:00:00+05:30,367,Gudimalkapur,1571,Gudumalkapur,117,Cluster Beans,117,Common,0.0,117.0,2500.0,5500.0,4000.0,0.0,0.0
2024-10-26 00:00:00+05:30,310,Shadnagar,1330,Shadnagar,114,Tomato,197,Local,0.0,10.0,2200.0,2800.0,2500.0,0.0,0.0
2024-10-26 00:00:00+05:30,325,Hyderabad,6,Madannapeta,129,Cucumber,129,Common,0.0,2.0,3500.0,3500.0,3500.0,0.0,0.0
2024-10-25 00:00:00+05:30,367,Gudimalkapur,1571,Gudumalkapur,117,Cluster Beans,117,Common,0.0,120.0,1500.0,5000.0,3500.0,0.0,0.0
2024-10-25 00:00:00+05:30,331,Vantimamidi,1612,Vantimamidi,117,Cluster Beans,117,Common,0.0,1.0,2500.0,3000.0,2750.0,0.0,0.0
2024-10-26 00:00:00+05:30,323,Gaddiannaram,2,L.B Nagar,123,Ribbed Gourd,123,Common,0.0,76.0,3000.0,4000.0,3500.0,0.0,0.0
2024-10-26 00:00:00+05:30,323,Gaddiannaram,1,Gaddiannaram,89,Papaya,89,Common,0.0,610.0,800.0,3100.0,1200.0,0.0,0.0
2024-10-25 00:00:00+05:30,310,Shadnagar,1330,Shadnagar,114,Tomato,197,Local,0.0,10.0,1800.0,2300.0,2000.0,0.0,0.0
2024-10-25 00:00:00+05:30,246,Warangal,886,Warangal,25,Cotton,25,Common,0.0,7968.0,6000.0,7000.0,6500.0,0.0,0.0
2024-10-25 00:00:00+05:30,246,Warangal,886,Warangal,25,Cotton,25,Common,0.0,367.3,7220.0,7483.0,7408.0,0.0,0.0
2024-10-25 00:00:00+05:30,323,Gaddiannaram,2,L.B Nagar,123,Ribbed Gourd,123,Common,0.0,47.0,3000.0,4000.0,3500.0,0.0,0.0
2024-10-25 00:00:00+05:30,325,Hyderabad,6,Madannapeta,129,Cucumber,129,Common,0.0,5.0,3000.0,3000.0,3000.0,0.0,0.0
2024-10-25 00:00:00+05:30,323,Gaddiannaram,1,Gaddiannaram,89,Papaya,89,Common,0.0,642.0,500.0,2300.0,1100.0,0.0,0.0
2024-10-24 00:00:00+05:30,367,Gudimalkapur,1571,Gudumalkapur,117,Cluster Beans,117,Common,0.0,90.0,2500.0,5300.0,3500.0,0.0,0.0
2024-10-24 00:00:00+05:30,310,Shadnagar,1330,Shadnagar,114,Tomato,197,Local,0.0,11.0,2300.0,2800.0,2500.0,0.0,0.0
2024-10-24 00:00:00+05:30,246,Warangal,886,Warangal,25,Cotton,25,Common,0.0,5821.0,6000.0,7000.0,6500.0,0.0,0.0
2024-10-24 00:00:00+05:30,246,Warangal,886,Warangal,25,Cotton,25,Common,0.0,55.5,7220.16,7408.18,7370.6,0.0,0.0
2024-10-24 00:00:00+05:30,323,Gaddiannaram,2,L.B Nagar,123,Ribbed Gourd,123,Common,0.0,40.0,3000.0,4000.0,3500.0,0.0,0.0
2024-10-24 00:00:00+05:30,325,Hyderabad,6,Madannapeta,129,Cucumber,129,Common,0.0,5.0,3000.0,3000.0,3000.0,0.0,0.0
2024-10-24 00:00:00+05:30,323,Gaddiannaram,1,Gaddiannaram,89,Papaya,89,Common,0.0,790.0,500.0,300.0,1200.0,0.0,0.0
2024-10-23 00:00:00+05:30,310,Shadnagar,1330,Shadnagar,114,Tomato,197,Local,0.0,10.0,2200.0,2800.0,2500.0,0.0,0.0
2024-10-23 00:00:00+05:30,367,Gudimalkapur,1571,Gudumalkapur,117,Cluster Beans,117,Common,0.0,72.0,3000.0,4500.0,3500.0,0.0,0.0
2024-10-23 00:00:00+05:30,246,Warangal,886,Warangal,25,Cotton,25,Common,0.0,6184.0,6000.0,7030.0,6500.0,0.0,0.0
2024-10-23 00:00:00+05:30,246,Warangal,886,Warangal,25,Cotton,25,Common,0.0,35.5,7220.2,7446.0,7333.0,0.0,0.0
2024-10-23 00:00:00+05:30,325,Hyderabad,6,Madannapeta,129,Cucumber,129,Common,0.0,8.0,3000.0,3000.0,3000.0,0.0,0.0
2024-10-23 00:00:00+05:30,323,Gaddiannaram,1,Gaddiannaram,89,Papaya,89,Common,0.0,910.0,800.0,3500.0,1400.0,0.0,0.0
2024-10-23 00:00:00+05:30,323,Gaddiannaram,2,L.B Nagar,123,Ribbed Gourd,123,Common,0.0,75.0,3000.0,4000.0,3500.0,0.0,0.0
2024-10-22 00:00:00+05:30,367,Gudimalkapur,1571,Gudumalkapur,117,Cluster Beans,117,Common,0.0,70.0,2000.0,4500.0,3000.0,0.0,0.0
2024-10-22 00:00:00+05:30,246,Warangal,886,Warangal,25,Cotton,25,Common,0.0,18.35,7370.58,7370.58,7370.58,0.0,0.0
2024-10-22 00:00:00+05:30,310,Shadnagar,1330,Shadnagar,114,Tomato,197,Local,0.0,12.0,2000.0,2800.0,2500.0,0.0,0.0
2024-10-22 00:00:00+05:30,325,Hyderabad,6,Madannapeta,129,Cucumber,129,Common,0.0,5.0,2000.0,2000.0,2000.0,0.0,0.0
2024-10-21 00:00:00+05:30,310,Shadnagar,1330,Shadnagar,114,Tomato,197,Local,0.0,12.0,2000.0,2800.0,2500.0,0.0,0.0
2024-10-22 00:00:00+05:30,323,Gaddiannaram,2,L.B Nagar,123,Ribbed Gourd,123,Common,0.0,72.0,3000.0,3500.0,3200.0,0.0,0.0
2024-10-22 00:00:00+05:30,323,Gaddiannaram,1,Gaddiannaram,89,Papaya,89,Common,0.0,660.0,900.0,4300.0,1600.0,0.0,0.0
2024-10-21 00:00:00+05:30,367,Gudimalkapur,1571,Gudumalkapur,117,Cluster Beans,117,Common,0.0,95.0,2500.0,4000.0,3000.0,0.0,0.0
2024-10-21 00:00:00+05:30,325,Hyderabad,6,Madannapeta,129,Cucumber,129,Common,0.0,5.0,3000.0,3000.0,3000.0,0.0,0.0
2024-10-21 00:00:00+05:30,246,Warangal,886,Warangal,25,Cotton,25,Common,0.0,6784.8,5500.0,7100.0,6500.0,0.0,0.0
2024-10-21 00:00:00+05:30,246,Warangal,886,Warangal,25,Cotton,25,Common,0.0,13.8,7521.0,7521.0,7521.0,0.0,0.0
2024-10-21 00:00:00+05:30,323,Gaddiannaram,2,L.B Nagar,123,Ribbed Gourd,123,Common,0.0,82.0,3000.0,3500.0,3200.0,0.0,0.0
2024-10-21 00:00:00+05:30,323,Gaddiannaram,1,Gaddiannaram,89,Papaya,89,Common,0.0,685.0,900.0,2800.0,1500.0,0.0,0.0
2024-10-20 00:00:00+05:30,367,Gudimalkapur,1571,Gudumalkapur,117,Cluster Beans,117,Common,0.0,137.0,2500.0,3500.0,3000.0,0.0,0.0
2024-10-20 00:00:00+05:30,310,Shadnagar,1330,Shadnagar,114,Tomato,197,Local,0.0,10.0,2500.0,3500.0,3000.0,0.0,0.0
2024-10-20 00:00:00+05:30,323,Gaddiannaram,2,L.B Nagar,123,Ribbed Gourd,123,Common,0.0,30.0,2500.0,3500.0,3000.0,0.0,0.0
2024-10-20 00:00:00+05:30,325,Hyderabad,6,Madannapeta,129,Cucumber,129,Common,0.0,9.0,2800.0,3000.0,2900.0,0.0,0.0
2024-10-20 00:00:00+05:30,323,Gaddiannaram,1,Gaddiannaram,89,Papaya,89,Common,0.0,552.0,700.0,3400.0,1700.0,0.0,0.0
2024-10-19 00:00:00+05:30,310,Shadnagar,1330,Shadnagar,114,Tomato,197,Local,0.0,10.0,1800.0,2300.0,2000.0,0.0,0.0
2024-10-19 00:00:00+05:30,367,Gudimalkapur,1571,Gudumalkapur,117,Cluster Beans,117,Common,0.0,119.0,2000.0,4000.0,2500.0,0.0,0.0
2024-10-19 00:00:00+05:30,323,Gaddiannaram,2,L.B Nagar,123,Ribbed Gourd,123,Common,0.0,70.0,2500.0,3500.0,3000.0,0.0,0.0
2024-10-19 00:00:00+05:30,325,Hyderabad,6,Madannapeta,129,Cucumber,129,Common,0.0,5.0,2000.0,2000.0,2000.0,0.0,0.0
2024-10-18 00:00:00+05:30,331,Vantimamidi,1612,Vantimamidi,117,Cluster Beans,117,Common,0.0,2.0,2500.0,2500.0,2500.0,0.0,0.0
2024-10-19 00:00:00+05:30,323,Gaddiannaram,1,Gaddiannaram,89,Papaya,89,Common,0.0,650.0,900.0,3400.0,1400.0,0.0,0.0
2024-10-18 00:00:00+05:30,367,Gudimalkapur,1571,Gudumalkapur,117,Cluster Beans,117,Common,0.0,189.0,2000.0,4000.0,2500.0,0.0,0.0
2024-10-18 00:00:00+05:30,310,Shadnagar,1330,Shadnagar,114,Tomato,197,Local,0.0,10.0,2000.0,3500.0,2500.0,0.0,0.0
2024-10-18 00:00:00+05:30,325,Hyderabad,6,Madannapeta,129,Cucumber,129,Common,0.0,9.0,2800.0,3000.0,2900.0,0.0,0.0
2024-10-18 00:00:00+05:30,246,Warangal,886,Warangal,25,Cotton,25,Common,0.0,3659.0,6000.0,7000.0,6500.0,0.0,0.0
2024-10-18 00:00:00+05:30,323,Gaddiannaram,2,L.B Nagar,123,Ribbed Gourd,123,Common,0.0,67.0,2500.0,3500.0,3000.0,0.0,0.0
2024-10-17 00:00:00+05:30,367,Gudimalkapur,1571,Gudumalkapur,117,Cluster Beans,117,Common,0.0,145.0,1000.0,3500.0,2500.0,0.0,0.0
2024-10-17 00:00:00+05:30,310,Shadnagar,1330,Shadnagar,114,Tomato,197,Local,0.0,10.0,3000.0,4000.0,3500.0,0.0,0.0
2024-10-17 00:00:00+05:30,331,Vantimamidi,1612,Vantimamidi,117,Cluster Beans,117,Common,0.0,2.0,2000.0,2000.0,2000.0,0.0,0.0
2024-10-18 00:00:00+05:30,323,Gaddiannaram,1,Gaddiannaram,89,Papaya,89,Common,0.0,450.0,900.0,3800.0,1500.0,0.0,0.0
2024-10-17 00:00:00+05:30,323,Gaddiannaram,2,L.B Nagar,123,Ribbed Gourd,123,Common,0.0,40.0,3000.0,4000.0,3500.0,0.0,0.0
2024-10-17 00:00:00+05:30,325,Hyderabad,6,Madannapeta,129,Cucumber,129,Common,0.0,5.0,2000.0,2000.0,2000.0,0.0,0.0
2024-10-17 00:00:00+05:30,246,Warangal,886,Warangal,25,Cotton,25,Common,0.0,2230.0,5000.0,7010.0,6300.0,0.0,0.0
2024-10-17 00:00:00+05:30,323,Gaddiannaram,1,Gaddiannaram,89,Papaya,89,Common,0.0,800.0,500.0,3500.0,1400.0,0.0,0.0
2024-10-16 00:00:00+05:30,367,Gudimalkapur,1571,Gudumalkapur,117,Cluster Beans,117,Common,0.0,234.0,1200.0,3500.0,2500.0,0.0,0.0
2024-10-16 00:00:00+05:30,310,Shadnagar,1330,Shadnagar,114,Tomato,197,Local,0.0,15.0,3000.0,5000.0,4000.0,0.0,0.0
2024-10-16 00:00:00+05:30,323,Gaddiannaram,1,Gaddiannaram,89,Papaya,89,Common,0.0,800.0,1100.0,3200.0,1600.0,0.0,0.0
2024-10-16 00:00:00+05:30,325,Hyderabad,6,Madannapeta,129,Cucumber,129,Common,0.0,5.0,2000.0,2000.0,2000.0,0.0,0.0
2024-10-16 00:00:00+05:30,246,Warangal,886,Warangal,25,Cotton,25,Common,0.0,1062.0,5000.0,7060.0,6450.0,0.0,0.0
2024-10-15 00:00:00+05:30,367,Gudimalkapur,1571,Gudumalkapur,117,Cluster Beans,117,Common,0.0,200.0,2000.0,4000.0,3000.0,0.0,0.0
2024-10-16 00:00:00+05:30,323,Gaddiannaram,2,L.B Nagar,123,Ribbed Gourd,123,Common,0.0,62.0,3000.0,4000.0,3500.0,0.0,0.0
2024-10-15 00:00:00+05:30,310,Shadnagar,1330,Shadnagar,114,Tomato,197,Local,0.0,12.0,2500.0,4000.0,3000.0,0.0,0.0
2024-10-15 00:00:00+05:30,323,Gaddiannaram,2,L.B Nagar,123,Ribbed Gourd,123,Common,0.0,64.0,3000.0,4000.0,3200.0,0.0,0.0
2024-10-15 00:00:00+05:30,323,Gaddiannaram,1,Gaddiannaram,89,Papaya,89,Common,0.0,780.0,900.0,3400.0,1500.0,0.0,0.0
2024-10-15 00:00:00+05:30,325,Hyderabad,6,Madannapeta,129,Cucumber,129,Common,0.0,8.0,2500.0,2500.0,2500.0,0.0,0.0
2024-10-15 00:00:00+05:30,246,Warangal,886,Warangal,25,Cotton,25,Common,0.0,796.0,5000.0,6900.0,6350.0,0.0,0.0
2024-10-14 00:00:00+05:30,278,Suryapet,1091,Suryapet,31,Castor,31,Common,0.0,12.0,5121.0,5121.0,5121.0,0.0,0.0
2024-10-14 00:00:00+05:30,246,Warangal,886,Warangal,25,Cotton,25,Common,0.0,489.0,5000.0,6951.0,6350.0,0.0,0.0
2024-10-14 00:00:00+05:30,367,Gudimalkapur,1571,Gudumalkapur,117,Cluster Beans,117,Common,0.0,49.0,3500.0,5000.0,3500.0,0.0,0.0
2024-10-14 00:00:00+05:30,310,Shadnagar,1330,Shadnagar,114,Tomato,197,Local,0.0,11.0,2500.0,4000.0,3000.0,0.0,0.0
2024-10-14 00:00:00+05:30,323,Gaddiannaram,2,L.B Nagar,123,Ribbed Gourd,123,Common,0.0,42.0,3000.0,4000.0,3500.0,0.0,0.0
2024-10-14 00:00:00+05:30,323,Gaddiannaram,1,Gaddiannaram,89,Papaya,89,Common,0.0,515.0,750.0,2500.0,1500.0,0.0,0.0
2024-10-14 00:00:00+05:30,325,Hyderabad,6,Madannapeta,129,Cucumber,129,Common,0.0,5.0,3000.0,3000.0,3000.0,0.0,0.0
2024-10-13 00:00:00+05:30,367,Gudimalkapur,1571,Gudumalkapur,117,Cluster Beans,117,Common,0.0,49.0,2000.0,3500.0,2500.0,0.0,0.0
2024-10-13 00:00:00+05:30,310,Shadnagar,1330,Shadnagar,114,Tomato,197,Local,0.0,10.0,3500.0,5000.0,4000.0,0.0,0.0
2024-10-12 00:00:00+05:30,310,Shadnagar,1330,Shadnagar,114,Tomato,197,Local,0.0,12.0,4000.0,6000.0,5000.0,0.0,0.0
2024-10-12 00:00:00+05:30,325,Hyderabad,6,Madannapeta,129,Cucumber,129,Common,0.0,5.0,2000.0,2000.0,2000.0,0.0,0.0
2024-10-12 00:00:00+05:30,367,Gudimalkapur,1571,Gudumalkapur,117,Cluster Beans,117,Common,0.0,123.0,2000.0,3500.0,3000.0,0.0,0.0
2024-10-11 00:00:00+05:30,367,Gudimalkapur,1571,Gudumalkapur,117,Cluster Beans,117,Common,0.0,104.0,1500.0,2500.0,2000.0,0.0,0.0
2024-10-12 00:00:00+05:30,323,Gaddiannaram,2,L.B Nagar,123,Ribbed Gourd,123,Common,0.0,18.0,4000.0,4500.0,4200.0,0.0,0.0
2024-10-10 00:00:00+05:30,310,Shadnagar,1330,Shadnagar,114,Tomato,197,Local,0.0,15.0,2500.0,4000.0,3000.0,0.0,0.0
2024-10-11 00:00:00+05:30,310,Shadnagar,1330,Shadnagar,114,Tomato,197,Local,0.0,10.0,3000.0,4000.0,3500.0,0.0,0.0
2024-10-11 00:00:00+05:30,323,Gaddiannaram,2,L.B Nagar,123,Ribbed Gourd,123,Common,0.0,51.0,3000.0,4000.0,3500.0,0.0,0.0
2024-10-11 00:00:00+05:30,325,Hyderabad,6,Madannapeta,129,Cucumber,129,Common,0.0,5.0,3000.0,3000.0,3000.0,0.0,0.0
2024-10-10 00:00:00+05:30,367,Gudimalkapur,1571,Gudumalkapur,117,Cluster Beans,117,Common,0.0,111.0,2500.0,3500.0,3000.0,0.0,0.0
2024-10-10 00:00:00+05:30,323,Gaddiannaram,2,L.B Nagar,123,Ribbed Gourd,123,Common,0.0,47.0,3000.0,4000.0,3500.0,0.0,0.0
2024-10-10 00:00:00+05:30,325,Hyderabad,6,Madannapeta,129,Cucumber,129,Common,0.0,5.0,2000.0,2000.0,2000.0,0.0,0.0
2024-10-10 00:00:00+05:30,323,Gaddiannaram,1,Gaddiannaram,89,Papaya,89,Common,0.0,800.0,750.0,2500.0,1500.0,0.0,0.0
2024-10-09 00:00:00+05:30,367,Gudimalkapur,1571,Gudumalkapur,117,Cluster Beans,117,Common,0.0,115.0,2500.0,3500.0,3000.0,0.0,0.0
2024-10-09 00:00:00+05:30,310,Shadnagar,1330,Shadnagar,114,Tomato,197,Local,0.0,10.0,500.0,800.0,600.0,0.0,0.0
2024-10-09 00:00:00+05:30,325,Hyderabad,6,Madannapeta,129,Cucumber,129,Common,0.0,3.0,3000.0,3000.0,3000.0,0.0,0.0
2024-10-08 00:00:00+05:30,367,Gudimalkapur,1571,Gudumalkapur,117,Cluster Beans,117,Common,0.0,140.0,2000.0,3500.0,2500.0,0.0,0.0
2024-10-09 00:00:00+05:30,323,Gaddiannaram,2,L.B Nagar,123,Ribbed Gourd,123,Common,0.0,80.0,3000.0,4000.0,3500.0,0.0,0.0
2024-10-09 00:00:00+05:30,323,Gaddiannaram,1,Gaddiannaram,89,Papaya,89,Common,0.0,455.0,1400.0,3200.0,2000.0,0.0,0.0
2024-10-08 00:00:00+05:30,310,Shadnagar,1330,Shadnagar,114,Tomato,197,Local,0.0,12.0,3500.0,5000.0,4000.0,0.0,0.0
2024-10-08 00:00:00+05:30,325,Hyderabad,6,Madannapeta,129,Cucumber,129,Common,0.0,5.0,2000.0,2000.0,2000.0,0.0,0.0
2024-10-08 00:00:00+05:30,246,Warangal,886,Warangal,25,Cotton,25,Common,0.0,3387.0,5000.0,6960.0,6200.0,0.0,0.0
2024-10-08 00:00:00+05:30,323,Gaddiannaram,2,L.B Nagar,123,Ribbed Gourd,123,Common,0.0,51.0,3000.0,4000.0,3500.0,0.0,0.0
2024-10-08 00:00:00+05:30,323,Gaddiannaram,1,Gaddiannaram,89,Papaya,89,Common,0.0,560.0,800.0,3500.0,1800.0,0.0,0.0
2024-10-07 00:00:00+05:30,367,Gudimalkapur,1571,Gudumalkapur,117,Cluster Beans,117,Common,0.0,171.0,1500.0,3000.0,2000.0,0.0,0.0
2024-10-07 00:00:00+05:30,310,Shadnagar,1330,Shadnagar,114,Tomato,197,Local,0.0,10.0,2500.0,4000.0,3000.0,0.0,0.0
2024-10-07 00:00:00+05:30,325,Hyderabad,6,Madannapeta,129,Cucumber,129,Common,0.0,5.0,2500.0,2500.0,2500.0,0.0,0.0
2024-10-07 00:00:00+05:30,246,Warangal,886,Warangal,25,Cotton,25,Common,0.0,4455.0,5000.0,7100.0,6450.0,0.0,0.0
2024-10-07 00:00:00+05:30,323,Gaddiannaram,2,L.B Nagar,123,Ribbed Gourd,123,Common,0.0,74.0,3000.0,4000.0,3500.0,0.0,0.0
2024-10-06 00:00:00+05:30,310,Shadnagar,1330,Shadnagar,114,Tomato,197,Local,0.0,10.0,4000.0,5000.0,3000.0,0.0,0.0
2024-10-07 00:00:00+05:30,323,Gaddiannaram,1,Gaddiannaram,89,Papaya,89,Common,0.0,770.0,1000.0,3300.0,1700.0,0.0,0.0
2024-10-06 00:00:00+05:30,367,Gudimalkapur,1571,Gudumalkapur,117,Cluster Beans,117,Common,0.0,181.0,1000.0,3000.0,2000.0,0.0,0.0
2024-10-06 00:00:00+05:30,325,Hyderabad,6,Madannapeta,129,Cucumber,129,Common,0.0,5.0,2000.0,2000.0,2000.0,0.0,0.0
2024-10-05 00:00:00+05:30,367,Gudimalkapur,1571,Gudumalkapur,117,Cluster Beans,117,Common,0.0,160.0,1500.0,4000.0,2500.0,0.0,0.0
2024-10-06 00:00:00+05:30,323,Gaddiannaram,2,L.B Nagar,123,Ribbed Gourd,123,Common,0.0,60.0,3000.0,4000.0,3500.0,0.0,0.0
2024-10-06 00:00:00+05:30,323,Gaddiannaram,1,Gaddiannaram,89,Papaya,89,Common,0.0,630.0,1200.0,3000.0,2300.0,0.0,0.0
2024-10-05 00:00:00+05:30,310,Shadnagar,1330,Shadnagar,114,Tomato,197,Local,0.0,12.0,500.0,700.0,600.0,0.0,0.0
2024-10-05 00:00:00+05:30,323,Gaddiannaram,2,L.B Nagar,123,Ribbed Gourd,123,Common,0.0,86.0,2000.0,3000.0,2500.0,0.0,0.0
2024-10-05 00:00:00+05:30,323,Gaddiannaram,1,Gaddiannaram,89,Papaya,89,Common,0.0,556.0,1000.0,4000.0,2000.0,0.0,0.0
2024-10-04 00:00:00+05:30,331,Vantimamidi,1612,Vantimamidi,117,Cluster Beans,117,Common,0.0,1.0,4000.0,4000.0,4000.0,0.0,0.0
2024-10-04 00:00:00+05:30,367,Gudimalkapur,1571,Gudumalkapur,117,Cluster Beans,117,Common,0.0,162.0,1800.0,3000.0,2500.0,0.0,0.0
2024-10-04 00:00:00+05:30,310,Shadnagar,1330,Shadnagar,114,Tomato,197,Local,0.0,10.0,4000.0,6000.0,5000.0,0.0,0.0
2024-10-04 00:00:00+05:30,325,Hyderabad,6,Madannapeta,129,Cucumber,129,Common,0.0,5.0,2000.0,2000.0,2000.0,0.0,0.0
2024-10-04 00:00:00+05:30,323,Gaddiannaram,1,Gaddiannaram,89,Papaya,89,Common,0.0,660.0,1000.0,4000.0,2000.0,0.0,0.0
2024-10-04 00:00:00+05:30,246,Warangal,886,Warangal,25,Cotton,25,Common,0.0,2948.0,5000.0,7500.0,6500.0,0.0,0.0
2024-10-04 00:00:00+05:30,323,Gaddiannaram,2,L.B Nagar,123,Ribbed Gourd,123,Common,0.0,77.0,2000.0,3000.0,2500.0,0.0,0.0
2024-10-03 00:00:00+05:30,331,Vantimamidi,1612,Vantimamidi,117,Cluster Beans,117,Common,0.0,1.0,5000.0,5000.0,5000.0,0.0,0.0
2024-10-03 00:00:00+05:30,367,Gudimalkapur,1571,Gudumalkapur,117,Cluster Beans,117,Common,0.0,169.0,2000.0,3500.0,2500.0,0.0,0.0
2024-10-03 00:00:00+05:30,310,Shadnagar,1330,Shadnagar,114,Tomato,197,Local,0.0,12.0,300.0,600.0,400.0,0.0,0.0
2024-10-03 00:00:00+05:30,325,Hyderabad,6,Madannapeta,129,Cucumber,129,Common,0.0,10.0,1500.0,2500.0,2000.0,0.0,0.0
2024-10-03 00:00:00+05:30,246,Warangal,886,Warangal,25,Cotton,25,Common,0.0,1454.0,5200.0,7400.0,6400.0,0.0,0.0
2024-10-03 00:00:00+05:30,323,Gaddiannaram,2,L.B Nagar,123,Ribbed Gourd,123,Common,0.0,82.0,2000.0,2500.0,2200.0,0.0,0.0
2024-10-03 00:00:00+05:30,323,Gaddiannaram,1,Gaddiannaram,89,Papaya,89,Common,0.0,550.0,650.0,3000.0,1800.0,0.0,0.0
2024-10-01 00:00:00+05:30,367,Gudimalkapur,1571,Gudumalkapur,117,Cluster Beans,117,Common,0.0,281.0,2500.0,3500.0,3000.0,0.0,0.0
2024-10-01 00:00:00+05:30,281,Venkateshwar Nagar,1106,V Nagar,118,Field Beans,118,Common,0.0,1.0,40.0,40.0,40.0,0.0,0.0
2024-10-02 00:00:00+05:30,310,Shadnagar,1330,Shadnagar,114,Tomato,197,Local,0.0,10.0,300.0,500.0,400.0,0.0,0.0
2024-10-02 00:00:00+05:30,323,Gaddiannaram,1,Gaddiannaram,89,Papaya,89,Common,0.0,460.0,1100.0,3000.0,2000.0,0.0,0.0
2024-10-01 00:00:00+05:30,325,Hyderabad,6,Madannapeta,129,Cucumber,129,Common,0.0,13.0,1500.0,2500.0,2000.0,0.0,0.0
2024-10-01 00:00:00+05:30,246,Warangal,886,Warangal,25,Cotton,25,Common,0.0,2819.0,5000.0,7450.0,6500.0,0.0,0.0
2024-10-01 00:00:00+05:30,323,Gaddiannaram,2,L.B Nagar,123,Ribbed Gourd,123,Common,0.0,120.0,2000.0,2500.0,2200.0,0.0,0.0
2024-10-01 00:00:00+05:30,323,Gaddiannaram,1,Gaddiannaram,89,Papaya,89,Common,0.0,630.0,1000.0,3300.0,1600.0,0.0,0.0
2024-10-31 00:00:00+05:30,367,Gudimalkapur,1571,Gudumalkapur,117,Cluster Beans,117,Common,0.0,106.0,3000.0,5000.0,4000.0,0.0,0.0
2024-10-31 00:00:00+05:30,310,Shadnagar,1330,Shadnagar,114,Tomato,197,Local,0.0,12.0,1500.0,2000.0,1800.0,0.0,0.0
2024-10-31 00:00:00+05:30,325,Hyderabad,6,Madannapeta,129,Cucumber,129,Common,0.0,2.0,3500.0,3500.0,3500.0,0.0,0.0
2024-10-31 00:00:00+05:30,323,Gaddiannaram,2,L.B Nagar,123,Ribbed Gourd,123,Common,0.0,74.0,3000.0,4000.0,3500.0,0.0,0.0
2024-10-31 00:00:00+05:30,323,Gaddiannaram,1,Gaddiannaram,89,Papaya,89,Common,0.0,340.0,400.0,2000.0,1100.0,0.0,0.0
2024-10-30 00:00:00+05:30,367,Gudimalkapur,1571,Gudumalkapur,117,Cluster Beans,117,Common,0.0,84.0,3000.0,5000.0,4000.0,0.0,0.0
2024-10-30 00:00:00+05:30,310,Shadnagar,1330,Shadnagar,114,Tomato,197,Local,0.0,15.0,1500.0,2000.0,1800.0,0.0,0.0
2024-10-30 00:00:00+05:30,325,Hyderabad,6,Madannapeta,129,Cucumber,129,Common,0.0,13.0,3000.0,3000.0,3000.0,0.0,0.0
2024-10-29 00:00:00+05:30,367,Gudimalkapur,1571,Gudumalkapur,117,Cluster Beans,117,Common,0.0,120.0,3000.0,6000.0,4000.0,0.0,0.0
2024-10-30 00:00:00+05:30,323,Gaddiannaram,2,L.B Nagar,123,Ribbed Gourd,123,Common,0.0,60.0,3000.0,4000.0,3500.0,0.0,0.0
2024-10-30 00:00:00+05:30,323,Gaddiannaram,1,Gaddiannaram,89,Papaya,89,Common,0.0,810.0,500.0,2000.0,800.0,0.0,0.0
2024-10-29 00:00:00+05:30,325,Hyderabad,6,Madannapeta,129,Cucumber,129,Common,0.0,22.0,3000.0,3000.0,3000.0,0.0,0.0
2024-10-29 00:00:00+05:30,246,Warangal,886,Warangal,25,Cotton,25,Common,0.0,7248.0,5000.0,6850.0,6200.0,0.0,0.0
2024-10-29 00:00:00+05:30,246,Warangal,886,Warangal,25,Cotton,25,Common,0.0,548.15,7438.0,7468.0,7220.0,0.0,0.0
2024-10-29 00:00:00+05:30,323,Gaddiannaram,2,L.B Nagar,123,Ribbed Gourd,123,Common,0.0,51.0,4000.0,5000.0,4500.0,0.0,0.0
2024-10-29 00:00:00+05:30,323,Gaddiannaram,1,Gaddiannaram,89,Papaya,89,Common,0.0,670.0,400.0,3000.0,1200.0,0.0,0.0
2024-10-28 00:00:00+05:30,367,Gudimalkapur,1571,Gudumalkapur,117,Cluster Beans,117,Common,0.0,67.0,3500.0,5000.0,4000.0,0.0,0.0
2024-10-28 00:00:00+05:30,310,Shadnagar,1330,Shadnagar,114,Tomato,197,Local,0.0,10.0,1200.0,1800.0,1500.0,0.0,0.0
2024-10-28 00:00:00+05:30,246,Warangal,886,Warangal,25,Cotton,25,Common,0.0,328.8,7370.0,7483.0,7220.0,0.0,0.0
2024-10-28 00:00:00+05:30,325,Hyderabad,6,Madannapeta,129,Cucumber,129,Common,0.0,2.0,3500.0,3500.0,3500.0,0.0,0.0
2024-10-27 00:00:00+05:30,367,Gudimalkapur,1571,Gudumalkapur,117,Cluster Beans,117,Common,0.0,156.0,3000.0,5500.0,4000.0,0.0,0.0
2024-10-28 00:00:00+05:30,323,Gaddiannaram,2,L.B Nagar,123,Ribbed Gourd,123,Common,0.0,50.0,4000.0,4500.0,4200.0,0.0,0.0
2024-10-28 00:00:00+05:30,323,Gaddiannaram,1,Gaddiannaram,89,Papaya,89,Common,0.0,775.0,1000.0,2500.0,1500.0,0.0,0.0
2024-10-27 00:00:00+05:30,323,Gaddiannaram,2,L.B Nagar,123,Ribbed Gourd,123,Common,0.0,52.0,3000.0,4000.0,3500.0,0.0,0.0
2024-10-27 00:00:00+05:30,325,Hyderabad,6,Madannapeta,129,Cucumber,129,Common,0.0,2.0,3500.0,3500.0,3500.0,0.0,0.0
2024-10-27 00:00:00+05:30,323,Gaddiannaram,1,Gaddiannaram,89,Papaya,89,Common,0.0,450.0,1200.0,2400.0,1600.0,0.0,0.0
2024-10-27 00:00:00+05:30,310,Shadnagar,1330,Shadnagar,114,Tomato,197,Local,0.0,10.0,1200.0,1800.0,1500.0,0.0,0.0
2024-10-01 00:00:00+05:30,323,Gaddiannaram,1,Gaddiannaram,90,Guava,90,Common,0.0,158.0,1500.0,4500.0,2000.0,0.0,0.0
2024-10-01 00:00:00+05:30,325,Hyderabad,5,Mahabubmansion,105,Potato,105,Common,0.0,325.0,2900.0,3200.0,3000.0,0.0,0.0
2024-10-01 00:00:00+05:30,323,Gaddiannaram,2,L.B Nagar,125,Bitter Gourd,125,Common,0.0,30.0,2000.0,3000.0,2500.0,0.0,0.0
2024-10-01 00:00:00+05:30,324,Bowenpally,3,Bowenpally,116,French Beans,116,Common,0.0,446.0,1500.0,6500.0,5000.0,0.0,0.0
2024-10-02 00:00:00+05:30,323,Gaddiannaram,1,Gaddiannaram,90,Guava,90,Common,0.0,184.0,1500.0,4500.0,2000.0,0.0,0.0
2024-10-02 00:00:00+05:30,310,Shadnagar,1330,Shadnagar,117,Cluster Beans,117,Common,0.0,12.0,2500.0,3100.0,2800.0,0.0,0.0
2024-10-02 00:00:00+05:30,331,Vantimamidi,1612,Vantimamidi,118,Field Beans,118,Common,0.0,8.0,3000.0,3000.0,3000.0,0.0,0.0
2024-10-01 00:00:00+05:30,281,Venkateshwar Nagar,1106,V Nagar,121,Snake Gourd,121,Common,0.0,2.0,15.0,15.0,15.0,0.0,0.0
2024-10-01 00:00:00+05:30,367,Gudimalkapur,1571,Gudumalkapur,118,Field Beans,118,Common,0.0,141.0,1500.0,5000.0,3500.0,0.0,0.0
2024-10-01 00:00:00+05:30,292,Zaheerabad,1198,Zaheerabad,75,Soyabean,213,White,0.0,1796.5,2611.0,4589.0,4025.0,0.0,0.0
2024-10-03 00:00:00+05:30,323,Gaddiannaram,1,Gaddiannaram,90,Guava,90,Common,0.0,153.0,1500.0,4500.0,2000.0,0.0,0.0
2024-10-03 00:00:00+05:30,323,Gaddiannaram,2,L.B Nagar,125,Bitter Gourd,125,Common,0.0,50.0,2000.0,3000.0,2500.0,0.0,0.0
2024-10-03 00:00:00+05:30,324,Bowenpally,3,Bowenpally,116,French Beans,116,Common,0.0,230.0,2000.0,9000.0,7000.0,0.0,0.0
2024-10-03 00:00:00+05:30,325,Hyderabad,5,Mahabubmansion,105,Potato,105,Common,0.0,232.0,3000.0,3400.0,3200.0,0.0,0.0
2024-10-03 00:00:00+05:30,310,Shadnagar,1330,Shadnagar,117,Cluster Beans,117,Common,0.0,5.0,2500.0,3100.0,3000.0,0.0,0.0
2024-10-03 00:00:00+05:30,367,Gudimalkapur,1571,Gudumalkapur,118,Field Beans,118,Common,0.0,78.0,2000.0,6500.0,4500.0,0.0,0.0
2024-10-03 00:00:00+05:30,331,Vantimamidi,1612,Vantimamidi,118,Field Beans,118,Common,0.0,6.0,3000.0,4000.0,3500.0,0.0,0.0
2024-10-04 00:00:00+05:30,323,Gaddiannaram,2,L.B Nagar,125,Bitter Gourd,125,Common,0.0,60.0,2000.0,3000.0,2500.0,0.0,0.0
2024-10-04 00:00:00+05:30,323,Gaddiannaram,1,Gaddiannaram,90,Guava,90,Common,0.0,155.0,1500.0,4500.0,2000.0,0.0,0.0
2024-10-04 00:00:00+05:30,324,Bowenpally,3,Bowenpally,116,French Beans,116,Common,0.0,264.0,2000.0,9000.0,7000.0,0.0,0.0
2024-10-04 00:00:00+05:30,310,Shadnagar,1330,Shadnagar,117,Cluster Beans,117,Common,0.0,5.0,2000.0,2500.0,2300.0,0.0,0.0
2024-10-04 00:00:00+05:30,292,Zaheerabad,1198,Zaheerabad,75,Soyabean,213,White,0.0,2337.0,2650.0,4559.0,4058.0,0.0,0.0
2024-10-04 00:00:00+05:30,367,Gudimalkapur,1571,Gudumalkapur,118,Field Beans,118,Common,0.0,120.0,1500.0,5000.0,3500.0,0.0,0.0
2024-10-04 00:00:00+05:30,331,Vantimamidi,1612,Vantimamidi,118,Field Beans,118,Common,0.0,6.0,2000.0,5000.0,3500.0,0.0,0.0
2024-10-05 00:00:00+05:30,323,Gaddiannaram,1,Gaddiannaram,90,Guava,90,Common,0.0,237.0,1500.0,4500.0,2000.0,0.0,0.0
2024-10-05 00:00:00+05:30,324,Bowenpally,3,Bowenpally,116,French Beans,116,Common,0.0,293.0,2000.0,9000.0,7000.0,0.0,0.0
2024-10-05 00:00:00+05:30,323,Gaddiannaram,2,L.B Nagar,125,Bitter Gourd,125,Common,0.0,71.0,2000.0,3000.0,2500.0,0.0,0.0
2024-10-05 00:00:00+05:30,325,Hyderabad,5,Mahabubmansion,105,Potato,105,Common,0.0,238.0,3300.0,3300.0,3300.0,0.0,0.0
2024-10-05 00:00:00+05:30,279,Thirumalagiri,9,Tirmalagiri,22,Cowpea,22,Common,0.0,1.0,5051.0,5051.0,5051.0,0.0,0.0
2024-10-05 00:00:00+05:30,310,Shadnagar,1330,Shadnagar,117,Cluster Beans,117,Common,0.0,10.0,2500.0,3200.0,3000.0,0.0,0.0
2024-10-05 00:00:00+05:30,292,Zaheerabad,1198,Zaheerabad,75,Soyabean,213,White,0.0,1691.0,2500.0,4529.0,4050.0,0.0,0.0
2024-10-06 00:00:00+05:30,323,Gaddiannaram,1,Gaddiannaram,90,Guava,90,Common,0.0,320.0,1500.0,4500.0,2000.0,0.0,0.0
2024-10-06 00:00:00+05:30,323,Gaddiannaram,2,L.B Nagar,125,Bitter Gourd,125,Common,0.0,27.0,3000.0,3500.0,3200.0,0.0,0.0
2024-10-05 00:00:00+05:30,367,Gudimalkapur,1571,Gudumalkapur,118,Field Beans,118,Common,0.0,185.0,2000.0,5000.0,3500.0,0.0,0.0
2024-10-05 00:00:00+05:30,331,Vantimamidi,1612,Vantimamidi,118,Field Beans,118,Common,0.0,6.0,2000.0,5000.0,3500.0,0.0,0.0
2024-10-06 00:00:00+05:30,324,Bowenpally,3,Bowenpally,116,French Beans,116,Common,0.0,414.0,2000.0,8500.0,6200.0,0.0,0.0
2024-10-06 00:00:00+05:30,367,Gudimalkapur,1571,Gudumalkapur,118,Field Beans,118,Common,0.0,103.0,2000.0,5000.0,3500.0,0.0,0.0
2024-10-06 00:00:00+05:30,331,Vantimamidi,1612,Vantimamidi,118,Field Beans,118,Common,0.0,3.0,2500.0,5000.0,3750.0,0.0,0.0
2024-10-06 00:00:00+05:30,303,Kalwakurthy,1340,Kalwakurthy,123,Ribbed Gourd,123,Common,0.0,2.0,4000.0,5500.0,4750.0,0.0,0.0
2024-10-07 00:00:00+05:30,323,Gaddiannaram,1,Gaddiannaram,90,Guava,90,Common,0.0,234.0,1500.0,4500.0,2000.0,0.0,0.0
2024-10-07 00:00:00+05:30,325,Hyderabad,5,Mahabubmansion,105,Potato,105,Common,0.0,239.0,3200.0,3400.0,3300.0,0.0,0.0
2024-10-07 00:00:00+05:30,323,Gaddiannaram,2,L.B Nagar,125,Bitter Gourd,125,Common,0.0,40.0,3000.0,3500.0,3200.0,0.0,0.0
2024-10-07 00:00:00+05:30,324,Bowenpally,3,Bowenpally,116,French Beans,116,Common,0.0,396.0,1500.0,9000.0,6000.0,0.0,0.0
2024-10-07 00:00:00+05:30,310,Shadnagar,1330,Shadnagar,117,Cluster Beans,117,Common,0.0,5.0,2500.0,3500.0,3000.0,0.0,0.0
2024-10-07 00:00:00+05:30,367,Gudimalkapur,1571,Gudumalkapur,118,Field Beans,118,Common,0.0,138.0,1500.0,5000.0,4000.0,0.0,0.0
2024-10-08 00:00:00+05:30,323,Gaddiannaram,1,Gaddiannaram,90,Guava,90,Common,0.0,207.0,1500.0,4500.0,2000.0,0.0,0.0
2024-10-07 00:00:00+05:30,331,Vantimamidi,1612,Vantimamidi,118,Field Beans,118,Common,0.0,8.0,2000.0,4000.0,3000.0,0.0,0.0
2024-10-08 00:00:00+05:30,323,Gaddiannaram,2,L.B Nagar,125,Bitter Gourd,125,Common,0.0,25.0,3000.0,3500.0,3200.0,0.0,0.0
2024-10-08 00:00:00+05:30,324,Bowenpally,3,Bowenpally,116,French Beans,116,Common,0.0,162.0,2000.0,8500.0,7000.0,0.0,0.0
2024-10-08 00:00:00+05:30,325,Hyderabad,5,Mahabubmansion,105,Potato,105,Common,0.0,100.0,2500.0,3400.0,3000.0,0.0,0.0
2024-10-08 00:00:00+05:30,310,Shadnagar,1330,Shadnagar,117,Cluster Beans,117,Common,0.0,10.0,2500.0,3800.0,3000.0,0.0,0.0
2024-10-08 00:00:00+05:30,292,Zaheerabad,1198,Zaheerabad,75,Soyabean,213,White,0.0,1665.5,2400.0,4684.0,3800.0,0.0,0.0
2024-10-09 00:00:00+05:30,323,Gaddiannaram,1,Gaddiannaram,90,Guava,90,Common,0.0,253.0,1500.0,6250.0,2000.0,0.0,0.0
2024-10-09 00:00:00+05:30,323,Gaddiannaram,2,L.B Nagar,125,Bitter Gourd,125,Common,0.0,35.0,3000.0,3500.0,3200.0,0.0,0.0
2024-10-08 00:00:00+05:30,367,Gudimalkapur,1571,Gudumalkapur,118,Field Beans,118,Common,0.0,144.0,2500.0,4500.0,3000.0,0.0,0.0
2024-10-08 00:00:00+05:30,331,Vantimamidi,1612,Vantimamidi,118,Field Beans,118,Common,0.0,5.0,2000.0,3000.0,2500.0,0.0,0.0
2024-10-09 00:00:00+05:30,325,Hyderabad,5,Mahabubmansion,105,Potato,105,Common,0.0,446.0,3000.0,3200.0,3100.0,0.0,0.0
2024-10-09 00:00:00+05:30,310,Shadnagar,1330,Shadnagar,117,Cluster Beans,117,Common,0.0,12.0,2500.0,3500.0,3000.0,0.0,0.0
2024-10-09 00:00:00+05:30,367,Gudimalkapur,1571,Gudumalkapur,118,Field Beans,118,Common,0.0,63.0,2500.0,5000.0,3000.0,0.0,0.0
2024-10-09 00:00:00+05:30,292,Zaheerabad,1198,Zaheerabad,75,Soyabean,213,White,0.0,1561.0,2626.0,4414.0,3650.0,0.0,0.0
2024-10-10 00:00:00+05:30,323,Gaddiannaram,1,Gaddiannaram,90,Guava,90,Common,0.0,151.0,1500.0,4500.0,2000.0,0.0,0.0
2024-10-09 00:00:00+05:30,331,Vantimamidi,1612,Vantimamidi,118,Field Beans,118,Common,0.0,4.0,2500.0,3000.0,2750.0,0.0,0.0
2024-10-10 00:00:00+05:30,324,Bowenpally,3,Bowenpally,116,French Beans,116,Common,0.0,151.0,4000.0,10000.0,8000.0,0.0,0.0
2024-10-10 00:00:00+05:30,323,Gaddiannaram,2,L.B Nagar,125,Bitter Gourd,125,Common,0.0,42.0,3000.0,3500.0,3200.0,0.0,0.0
2024-10-10 00:00:00+05:30,325,Hyderabad,5,Mahabubmansion,105,Potato,105,Common,0.0,240.0,3000.0,3200.0,3100.0,0.0,0.0
2024-10-10 00:00:00+05:30,367,Gudimalkapur,1571,Gudumalkapur,118,Field Beans,118,Common,0.0,89.0,2500.0,4000.0,3000.0,0.0,0.0
2024-10-10 00:00:00+05:30,303,Kalwakurthy,1340,Kalwakurthy,123,Ribbed Gourd,123,Common,0.0,1.0,6000.0,7000.0,6500.0,0.0,0.0
2024-10-10 00:00:00+05:30,331,Vantimamidi,1612,Vantimamidi,118,Field Beans,118,Common,0.0,1.0,3000.0,4000.0,3500.0,0.0,0.0
2024-10-10 00:00:00+05:30,292,Zaheerabad,1198,Zaheerabad,75,Soyabean,213,White,0.0,1132.5,2200.0,4464.0,4126.0,0.0,0.0
2024-10-11 00:00:00+05:30,323,Gaddiannaram,2,L.B Nagar,125,Bitter Gourd,125,Common,0.0,37.0,3000.0,3500.0,3200.0,0.0,0.0
2024-10-11 00:00:00+05:30,324,Bowenpally,3,Bowenpally,116,French Beans,116,Common,0.0,139.0,5000.0,11000.0,9000.0,0.0,0.0
2024-10-11 00:00:00+05:30,310,Shadnagar,1330,Shadnagar,117,Cluster Beans,117,Common,0.0,12.0,2800.0,3500.0,3000.0,0.0,0.0
2024-10-10 00:00:00+05:30,310,Shadnagar,1330,Shadnagar,117,Cluster Beans,117,Common,0.0,10.0,2500.0,3800.0,3000.0,0.0,0.0
2024-10-12 00:00:00+05:30,323,Gaddiannaram,2,L.B Nagar,125,Bitter Gourd,125,Common,0.0,5.0,3000.0,3500.0,3200.0,0.0,0.0
2024-10-11 00:00:00+05:30,367,Gudimalkapur,1571,Gudumalkapur,118,Field Beans,118,Common,0.0,44.0,2000.0,4500.0,3500.0,0.0,0.0
2024-10-12 00:00:00+05:30,324,Bowenpally,3,Bowenpally,116,French Beans,116,Common,0.0,179.0,4000.0,10000.0,8000.0,0.0,0.0
2024-10-12 00:00:00+05:30,367,Gudimalkapur,1571,Gudumalkapur,118,Field Beans,118,Common,0.0,46.0,2000.0,5000.0,2500.0,0.0,0.0
2024-10-13 00:00:00+05:30,324,Bowenpally,3,Bowenpally,116,French Beans,116,Common,0.0,176.0,4000.0,9000.0,7500.0,0.0,0.0
2024-10-13 00:00:00+05:30,367,Gudimalkapur,1571,Gudumalkapur,118,Field Beans,118,Common,0.0,51.0,3000.0,4000.0,3000.0,0.0,0.0
2024-10-13 00:00:00+05:30,331,Vantimamidi,1612,Vantimamidi,118,Field Beans,118,Common,0.0,1.0,2000.0,2000.0,2000.0,0.0,0.0
2024-10-13 00:00:00+05:30,303,Kalwakurthy,1340,Kalwakurthy,123,Ribbed Gourd,123,Common,0.0,1.0,6000.0,7000.0,6500.0,0.0,0.0
2024-10-14 00:00:00+05:30,324,Bowenpally,3,Bowenpally,116,French Beans,116,Common,0.0,263.0,1500.0,9000.0,6000.0,0.0,0.0
2024-10-14 00:00:00+05:30,323,Gaddiannaram,1,Gaddiannaram,90,Guava,90,Common,0.0,390.0,1500.0,4500.0,2000.0,0.0,0.0
2024-10-14 00:00:00+05:30,325,Hyderabad,5,Mahabubmansion,105,Potato,105,Common,0.0,307.0,3300.0,3500.0,3400.0,0.0,0.0
2024-10-14 00:00:00+05:30,323,Gaddiannaram,2,L.B Nagar,125,Bitter Gourd,125,Common,0.0,26.0,3000.0,3500.0,3200.0,0.0,0.0
2024-10-14 00:00:00+05:30,303,Kalwakurthy,1340,Kalwakurthy,123,Ribbed Gourd,123,Common,0.0,1.0,6000.0,6000.0,6000.0,0.0,0.0
2024-10-14 00:00:00+05:30,292,Zaheerabad,1198,Zaheerabad,75,Soyabean,213,White,0.0,1546.0,2221.0,4467.0,4000.0,0.0,0.0
2024-10-14 00:00:00+05:30,367,Gudimalkapur,1571,Gudumalkapur,118,Field Beans,118,Common,0.0,44.0,2500.0,6000.0,3000.0,0.0,0.0
2024-10-14 00:00:00+05:30,331,Vantimamidi,1612,Vantimamidi,118,Field Beans,118,Common,0.0,3.0,2000.0,5000.0,3500.0,0.0,0.0
2024-10-15 00:00:00+05:30,323,Gaddiannaram,1,Gaddiannaram,90,Guava,90,Common,0.0,437.0,1500.0,4500.0,2000.0,0.0,0.0
2024-10-15 00:00:00+05:30,323,Gaddiannaram,2,L.B Nagar,125,Bitter Gourd,125,Common,0.0,41.0,2500.0,4000.0,3000.0,0.0,0.0
2024-10-15 00:00:00+05:30,324,Bowenpally,3,Bowenpally,116,French Beans,116,Common,0.0,128.0,1500.0,8000.0,7000.0,0.0,0.0
2024-10-15 00:00:00+05:30,292,Zaheerabad,1198,Zaheerabad,75,Soyabean,213,White,0.0,1529.0,2300.0,4455.0,4025.0,0.0,0.0
2024-10-15 00:00:00+05:30,290,Siddipet,1193,Siddipet,22,Cowpea,22,Common,0.0,0.81,3000.0,3000.0,3000.0,0.0,0.0
2024-10-16 00:00:00+05:30,323,Gaddiannaram,2,L.B Nagar,125,Bitter Gourd,125,Common,0.0,26.0,3000.0,3500.0,3200.0,0.0,0.0
2024-10-15 00:00:00+05:30,303,Kalwakurthy,1340,Kalwakurthy,123,Ribbed Gourd,123,Common,0.0,2.0,3750.0,7000.0,5000.0,0.0,0.0
2024-10-15 00:00:00+05:30,367,Gudimalkapur,1571,Gudumalkapur,118,Field Beans,118,Common,0.0,92.0,3000.0,6000.0,4000.0,0.0,0.0
2024-10-15 00:00:00+05:30,331,Vantimamidi,1612,Vantimamidi,118,Field Beans,118,Common,0.0,7.0,2000.0,4000.0,3000.0,0.0,0.0
2024-10-16 00:00:00+05:30,323,Gaddiannaram,1,Gaddiannaram,90,Guava,90,Common,0.0,415.0,1500.0,4500.0,2000.0,0.0,0.0
2024-10-16 00:00:00+05:30,325,Hyderabad,5,Mahabubmansion,105,Potato,105,Common,0.0,172.0,3500.0,3500.0,3500.0,0.0,0.0
2024-10-16 00:00:00+05:30,324,Bowenpally,3,Bowenpally,116,French Beans,116,Common,0.0,235.0,5000.0,14000.0,10000.0,0.0,0.0
2024-10-16 00:00:00+05:30,310,Shadnagar,1330,Shadnagar,117,Cluster Beans,117,Common,0.0,5.0,2500.0,3800.0,3000.0,0.0,0.0
2024-10-16 00:00:00+05:30,367,Gudimalkapur,1571,Gudumalkapur,118,Field Beans,118,Common,0.0,84.0,1500.0,6000.0,4000.0,0.0,0.0
2024-10-16 00:00:00+05:30,292,Zaheerabad,1198,Zaheerabad,75,Soyabean,213,White,0.0,971.0,1521.0,4477.0,3905.0,0.0,0.0
2024-10-17 00:00:00+05:30,323,Gaddiannaram,1,Gaddiannaram,90,Guava,90,Common,0.0,325.0,1500.0,4500.0,2000.0,0.0,0.0
2024-10-16 00:00:00+05:30,303,Kalwakurthy,1340,Kalwakurthy,123,Ribbed Gourd,123,Common,0.0,2.0,5000.0,5000.0,5000.0,0.0,0.0
2024-10-17 00:00:00+05:30,324,Bowenpally,3,Bowenpally,116,French Beans,116,Common,0.0,205.0,3000.0,12000.0,8500.0,0.0,0.0
2024-10-17 00:00:00+05:30,323,Gaddiannaram,2,L.B Nagar,125,Bitter Gourd,125,Common,0.0,36.0,3000.0,4000.0,3500.0,0.0,0.0
2024-10-17 00:00:00+05:30,325,Hyderabad,5,Mahabubmansion,105,Potato,105,Common,0.0,234.0,3500.0,3500.0,3500.0,0.0,0.0
2024-10-18 00:00:00+05:30,323,Gaddiannaram,1,Gaddiannaram,90,Guava,90,Common,0.0,205.0,1500.0,4500.0,2000.0,0.0,0.0
2024-10-17 00:00:00+05:30,331,Vantimamidi,1612,Vantimamidi,118,Field Beans,118,Common,0.0,5.0,1500.0,4000.0,2750.0,0.0,0.0
2024-10-17 00:00:00+05:30,310,Shadnagar,1330,Shadnagar,117,Cluster Beans,117,Common,0.0,4.0,2800.0,3500.0,3000.0,0.0,0.0
2024-10-17 00:00:00+05:30,303,Kalwakurthy,1340,Kalwakurthy,123,Ribbed Gourd,123,Common,0.0,1.0,3000.0,5000.0,4000.0,0.0,0.0
2024-10-17 00:00:00+05:30,367,Gudimalkapur,1571,Gudumalkapur,118,Field Beans,118,Common,0.0,72.0,1500.0,6000.0,4000.0,0.0,0.0
2024-10-18 00:00:00+05:30,323,Gaddiannaram,2,L.B Nagar,125,Bitter Gourd,125,Common,0.0,34.0,3000.0,3500.0,3200.0,0.0,0.0
2024-10-18 00:00:00+05:30,324,Bowenpally,3,Bowenpally,116,French Beans,116,Common,0.0,172.0,4000.0,12000.0,10000.0,0.0,0.0
2024-10-18 00:00:00+05:30,310,Shadnagar,1330,Shadnagar,117,Cluster Beans,117,Common,0.0,12.0,2500.0,2800.0,3000.0,0.0,0.0
2024-10-18 00:00:00+05:30,367,Gudimalkapur,1571,Gudumalkapur,118,Field Beans,118,Common,0.0,69.0,2000.0,5000.0,3000.0,0.0,0.0
2024-10-19 00:00:00+05:30,323,Gaddiannaram,1,Gaddiannaram,90,Guava,90,Common,0.0,388.0,1500.0,4500.0,2000.0,0.0,0.0
2024-10-18 00:00:00+05:30,331,Vantimamidi,1612,Vantimamidi,118,Field Beans,118,Common,0.0,6.0,3000.0,4000.0,3500.0,0.0,0.0
2024-10-19 00:00:00+05:30,324,Bowenpally,3,Bowenpally,116,French Beans,116,Common,0.0,242.0,4000.0,11000.0,9000.0,0.0,0.0
2024-10-19 00:00:00+05:30,323,Gaddiannaram,2,L.B Nagar,125,Bitter Gourd,125,Common,0.0,47.0,3000.0,3500.0,3200.0,0.0,0.0
2024-10-19 00:00:00+05:30,325,Hyderabad,5,Mahabubmansion,105,Potato,105,Common,0.0,240.0,3600.0,3600.0,3600.0,0.0,0.0
2024-10-18 00:00:00+05:30,303,Kalwakurthy,1340,Kalwakurthy,123,Ribbed Gourd,123,Common,0.0,1.0,6000.0,6000.0,6000.0,0.0,0.0
2024-10-19 00:00:00+05:30,367,Gudimalkapur,1571,Gudumalkapur,118,Field Beans,118,Common,0.0,61.0,4000.0,6000.0,4000.0,0.0,0.0
2024-10-19 00:00:00+05:30,310,Shadnagar,1330,Shadnagar,117,Cluster Beans,117,Common,0.0,12.0,2500.0,2800.0,2600.0,0.0,0.0
2024-10-20 00:00:00+05:30,324,Bowenpally,3,Bowenpally,116,French Beans,116,Common,0.0,154.0,4000.0,12000.0,10000.0,0.0,0.0
2024-10-20 00:00:00+05:30,323,Gaddiannaram,1,Gaddiannaram,90,Guava,90,Common,0.0,249.0,1500.0,4500.0,2000.0,0.0,0.0
2024-10-20 00:00:00+05:30,323,Gaddiannaram,2,L.B Nagar,125,Bitter Gourd,125,Common,0.0,22.0,3000.0,3500.0,3200.0,0.0,0.0
2024-10-20 00:00:00+05:30,310,Shadnagar,1330,Shadnagar,117,Cluster Beans,117,Common,0.0,15.0,2500.0,2800.0,2600.0,0.0,0.0
2024-10-20 00:00:00+05:30,303,Kalwakurthy,1340,Kalwakurthy,123,Ribbed Gourd,123,Common,0.0,1.0,4000.0,6000.0,5000.0,0.0,0.0
2024-10-20 00:00:00+05:30,367,Gudimalkapur,1571,Gudumalkapur,118,Field Beans,118,Common,0.0,48.0,3000.0,6000.0,4000.0,0.0,0.0
2024-10-21 00:00:00+05:30,323,Gaddiannaram,1,Gaddiannaram,90,Guava,90,Common,0.0,622.0,1500.0,4500.0,2000.0,0.0,0.0
2024-10-21 00:00:00+05:30,323,Gaddiannaram,2,L.B Nagar,125,Bitter Gourd,125,Common,0.0,54.0,2500.0,3500.0,3000.0,0.0,0.0
2024-10-21 00:00:00+05:30,324,Bowenpally,3,Bowenpally,116,French Beans,116,Common,0.0,246.0,8500.0,5000.0,10000.0,0.0,0.0
2024-10-21 00:00:00+05:30,325,Hyderabad,5,Mahabubmansion,105,Potato,105,Common,0.0,231.0,3600.0,3600.0,3600.0,0.0,0.0
2024-10-21 00:00:00+05:30,367,Gudimalkapur,1571,Gudumalkapur,118,Field Beans,118,Common,0.0,39.0,2000.0,6000.0,4000.0,0.0,0.0
2024-10-22 00:00:00+05:30,323,Gaddiannaram,1,Gaddiannaram,90,Guava,90,Common,0.0,177.0,1500.0,4500.0,2000.0,0.0,0.0
2024-10-22 00:00:00+05:30,323,Gaddiannaram,2,L.B Nagar,125,Bitter Gourd,125,Common,0.0,39.0,2500.0,3500.0,3000.0,0.0,0.0
2024-10-21 00:00:00+05:30,310,Shadnagar,1330,Shadnagar,117,Cluster Beans,117,Common,0.0,10.0,2500.0,3200.0,2800.0,0.0,0.0
2024-10-21 00:00:00+05:30,331,Vantimamidi,1612,Vantimamidi,118,Field Beans,118,Common,0.0,2.0,6000.0,8000.0,7000.0,0.0,0.0
2024-10-22 00:00:00+05:30,325,Hyderabad,5,Mahabubmansion,105,Potato,105,Common,0.0,104.0,3500.0,3500.0,3500.0,0.0,0.0
2024-10-22 00:00:00+05:30,324,Bowenpally,3,Bowenpally,116,French Beans,116,Common,0.0,204.0,3000.0,12000.0,9000.0,0.0,0.0
2024-10-22 00:00:00+05:30,310,Shadnagar,1330,Shadnagar,117,Cluster Beans,117,Common,0.0,10.0,2000.0,2800.0,2500.0,0.0,0.0
2024-10-22 00:00:00+05:30,367,Gudimalkapur,1571,Gudumalkapur,118,Field Beans,118,Common,0.0,19.0,4000.0,10000.0,5000.0,0.0,0.0
2024-10-22 00:00:00+05:30,303,Kalwakurthy,1340,Kalwakurthy,123,Ribbed Gourd,123,Common,0.0,1.0,6000.0,6000.0,6000.0,0.0,0.0
2024-10-23 00:00:00+05:30,323,Gaddiannaram,2,L.B Nagar,125,Bitter Gourd,125,Common,0.0,30.0,2500.0,3500.0,3000.0,0.0,0.0
2024-10-23 00:00:00+05:30,323,Gaddiannaram,1,Gaddiannaram,90,Guava,90,Common,0.0,518.0,1500.0,4500.0,2000.0,0.0,0.0
2024-10-23 00:00:00+05:30,324,Bowenpally,3,Bowenpally,116,French Beans,116,Common,0.0,492.0,3000.0,7500.0,6200.0,0.0,0.0
2024-10-23 00:00:00+05:30,325,Hyderabad,5,Mahabubmansion,105,Potato,105,Common,0.0,83.0,3500.0,3500.0,3500.0,0.0,0.0
2024-10-23 00:00:00+05:30,367,Gudimalkapur,1571,Gudumalkapur,118,Field Beans,118,Common,0.0,36.0,4000.0,10000.0,6000.0,0.0,0.0
2024-10-23 00:00:00+05:30,303,Kalwakurthy,1340,Kalwakurthy,123,Ribbed Gourd,123,Common,0.0,3.0,5000.0,6000.0,5500.0,0.0,0.0
2024-10-23 00:00:00+05:30,310,Shadnagar,1330,Shadnagar,117,Cluster Beans,117,Common,0.0,12.0,2500.0,3500.0,3000.0,0.0,0.0
2024-10-24 00:00:00+05:30,323,Gaddiannaram,1,Gaddiannaram,90,Guava,90,Common,0.0,410.0,1500.0,4500.0,2000.0,0.0,0.0
2024-10-23 00:00:00+05:30,331,Vantimamidi,1612,Vantimamidi,118,Field Beans,118,Common,0.0,3.0,3000.0,5000.0,4000.0,0.0,0.0
2024-10-24 00:00:00+05:30,324,Bowenpally,3,Bowenpally,116,French Beans,116,Common,0.0,251.0,3000.0,10000.0,7500.0,0.0,0.0
2024-10-24 00:00:00+05:30,323,Gaddiannaram,2,L.B Nagar,125,Bitter Gourd,125,Common,0.0,30.0,2500.0,3500.0,3000.0,0.0,0.0
2024-10-24 00:00:00+05:30,325,Hyderabad,5,Mahabubmansion,105,Potato,105,Common,0.0,157.0,3500.0,3500.0,3500.0,0.0,0.0
2024-10-24 00:00:00+05:30,310,Shadnagar,1330,Shadnagar,117,Cluster Beans,117,Common,0.0,12.0,2800.0,3500.0,3000.0,0.0,0.0
2024-10-24 00:00:00+05:30,303,Kalwakurthy,1340,Kalwakurthy,123,Ribbed Gourd,123,Common,0.0,2.0,5000.0,6000.0,5500.0,0.0,0.0
2024-10-24 00:00:00+05:30,367,Gudimalkapur,1571,Gudumalkapur,118,Field Beans,118,Common,0.0,29.0,3000.0,10000.0,5000.0,0.0,0.0
2024-10-25 00:00:00+05:30,323,Gaddiannaram,1,Gaddiannaram,90,Guava,90,Common,0.0,496.0,1500.0,4500.0,2000.0,0.0,0.0
2024-10-24 00:00:00+05:30,331,Vantimamidi,1612,Vantimamidi,118,Field Beans,118,Common,0.0,8.0,3000.0,5000.0,4000.0,0.0,0.0
2024-10-25 00:00:00+05:30,323,Gaddiannaram,2,L.B Nagar,125,Bitter Gourd,125,Common,0.0,25.0,2500.0,3500.0,3000.0,0.0,0.0
2024-10-25 00:00:00+05:30,325,Hyderabad,5,Mahabubmansion,105,Potato,105,Common,0.0,238.0,3500.0,3700.0,3600.0,0.0,0.0
2024-10-25 00:00:00+05:30,310,Shadnagar,1330,Shadnagar,117,Cluster Beans,117,Common,0.0,12.0,2500.0,3000.0,2800.0,0.0,0.0
2024-10-25 00:00:00+05:30,303,Kalwakurthy,1340,Kalwakurthy,123,Ribbed Gourd,123,Common,0.0,1.0,6000.0,6000.0,6000.0,0.0,0.0
2024-10-26 00:00:00+05:30,323,Gaddiannaram,1,Gaddiannaram,90,Guava,90,Common,0.0,276.0,1500.0,4500.0,2000.0,0.0,0.0
2024-10-26 00:00:00+05:30,323,Gaddiannaram,2,L.B Nagar,125,Bitter Gourd,125,Common,0.0,30.0,3000.0,4000.0,3500.0,0.0,0.0
2024-10-25 00:00:00+05:30,331,Vantimamidi,1612,Vantimamidi,118,Field Beans,118,Common,0.0,4.0,4000.0,6000.0,5000.0,0.0,0.0
2024-10-25 00:00:00+05:30,367,Gudimalkapur,1571,Gudumalkapur,118,Field Beans,118,Common,0.0,47.0,4000.0,7000.0,6000.0,0.0,0.0
2024-10-26 00:00:00+05:30,324,Bowenpally,3,Bowenpally,116,French Beans,116,Common,0.0,261.0,6000.0,10000.0,9000.0,0.0,0.0
2024-10-26 00:00:00+05:30,325,Hyderabad,5,Mahabubmansion,105,Potato,105,Common,0.0,590.0,3400.0,3600.0,3500.0,0.0,0.0
2024-10-26 00:00:00+05:30,310,Shadnagar,1330,Shadnagar,117,Cluster Beans,117,Common,0.0,12.0,2500.0,3200.0,3000.0,0.0,0.0
2024-10-26 00:00:00+05:30,303,Kalwakurthy,1340,Kalwakurthy,123,Ribbed Gourd,123,Common,0.0,1.0,6000.0,6000.0,6000.0,0.0,0.0
2024-10-26 00:00:00+05:30,367,Gudimalkapur,1571,Gudumalkapur,118,Field Beans,118,Common,0.0,35.0,4000.0,9000.0,6000.0,0.0,0.0
2024-10-26 00:00:00+05:30,331,Vantimamidi,1612,Vantimamidi,118,Field Beans,118,Common,0.0,7.0,3000.0,7000.0,5000.0,0.0,0.0
2024-10-27 00:00:00+05:30,310,Shadnagar,1330,Shadnagar,117,Cluster Beans,117,Common,0.0,12.0,2800.0,3200.0,3000.0,0.0,0.0
2024-10-27 00:00:00+05:30,303,Kalwakurthy,1340,Kalwakurthy,123,Ribbed Gourd,123,Common,0.0,3.0,4000.0,6000.0,5000.0,0.0,0.0
2024-10-27 00:00:00+05:30,323,Gaddiannaram,1,Gaddiannaram,90,Guava,90,Common,0.0,82.0,1500.0,4500.0,2000.0,0.0,0.0
2024-10-27 00:00:00+05:30,323,Gaddiannaram,2,L.B Nagar,125,Bitter Gourd,125,Common,0.0,28.0,3000.0,4000.0,3500.0,0.0,0.0
2024-10-27 00:00:00+05:30,324,Bowenpally,3,Bowenpally,116,French Beans,116,Common,0.0,271.0,6000.0,11000.0,9500.0,0.0,0.0
2024-10-28 00:00:00+05:30,323,Gaddiannaram,1,Gaddiannaram,90,Guava,90,Common,0.0,378.0,1500.0,4500.0,2500.0,0.0,0.0
2024-10-28 00:00:00+05:30,323,Gaddiannaram,2,L.B Nagar,125,Bitter Gourd,125,Common,0.0,23.0,3000.0,4000.0,3500.0,0.0,0.0
2024-10-27 00:00:00+05:30,367,Gudimalkapur,1571,Gudumalkapur,118,Field Beans,118,Common,0.0,47.0,4000.0,7000.0,5000.0,0.0,0.0
2024-10-27 00:00:00+05:30,331,Vantimamidi,1612,Vantimamidi,118,Field Beans,118,Common,0.0,3.0,4000.0,6000.0,5000.0,0.0,0.0
2024-10-28 00:00:00+05:30,325,Hyderabad,5,Mahabubmansion,105,Potato,105,Common,0.0,192.0,3400.0,3600.0,3500.0,0.0,0.0
2024-10-28 00:00:00+05:30,324,Bowenpally,3,Bowenpally,116,French Beans,116,Common,0.0,287.0,2500.0,11000.0,8000.0,0.0,0.0
2024-10-28 00:00:00+05:30,310,Shadnagar,1330,Shadnagar,117,Cluster Beans,117,Common,0.0,12.0,2800.0,3200.0,3000.0,0.0,0.0
2024-10-28 00:00:00+05:30,367,Gudimalkapur,1571,Gudumalkapur,118,Field Beans,118,Common,0.0,52.0,4000.0,8000.0,5000.0,0.0,0.0
2024-10-28 00:00:00+05:30,331,Vantimamidi,1612,Vantimamidi,118,Field Beans,118,Common,0.0,1.0,4000.0,8000.0,6000.0,0.0,0.0
2024-10-29 00:00:00+05:30,323,Gaddiannaram,1,Gaddiannaram,90,Guava,90,Common,0.0,242.0,1500.0,4500.0,2000.0,0.0,0.0
2024-10-28 00:00:00+05:30,303,Kalwakurthy,1340,Kalwakurthy,123,Ribbed Gourd,123,Common,0.0,2.0,5600.0,6000.0,5800.0,0.0,0.0
2024-10-29 00:00:00+05:30,323,Gaddiannaram,2,L.B Nagar,125,Bitter Gourd,125,Common,0.0,27.0,4000.0,4500.0,4200.0,0.0,0.0
2024-10-29 00:00:00+05:30,324,Bowenpally,3,Bowenpally,116,French Beans,116,Common,0.0,273.0,4000.0,10000.0,8000.0,0.0,0.0
2024-10-30 00:00:00+05:30,323,Gaddiannaram,1,Gaddiannaram,90,Guava,90,Common,0.0,376.0,1500.0,4500.0,2000.0,0.0,0.0
2024-10-30 00:00:00+05:30,323,Gaddiannaram,2,L.B Nagar,125,Bitter Gourd,125,Common,0.0,16.0,3000.0,4000.0,3500.0,0.0,0.0
2024-10-29 00:00:00+05:30,367,Gudimalkapur,1571,Gudumalkapur,118,Field Beans,118,Common,0.0,83.0,3000.0,8000.0,5000.0,0.0,0.0
2024-10-29 00:00:00+05:30,331,Vantimamidi,1612,Vantimamidi,118,Field Beans,118,Common,0.0,8.0,3000.0,5000.0,4000.0,0.0,0.0
2024-10-30 00:00:00+05:30,325,Hyderabad,5,Mahabubmansion,105,Potato,105,Common,0.0,153.0,3600.0,3600.0,3600.0,0.0,0.0
2024-10-29 00:00:00+05:30,303,Kalwakurthy,1340,Kalwakurthy,123,Ribbed Gourd,123,Common,0.0,4.0,4000.0,6000.0,5000.0,0.0,0.0
2024-10-30 00:00:00+05:30,324,Bowenpally,3,Bowenpally,116,French Beans,116,Common,0.0,296.0,3000.0,8000.0,6000.0,0.0,0.0
2024-10-30 00:00:00+05:30,310,Shadnagar,1330,Shadnagar,117,Cluster Beans,117,Common,0.0,10.0,2500.0,3500.0,3000.0,0.0,0.0
2024-10-30 00:00:00+05:30,303,Kalwakurthy,1340,Kalwakurthy,123,Ribbed Gourd,123,Common,0.0,4.0,5500.0,6000.0,5750.0,0.0,0.0
2024-10-30 00:00:00+05:30,331,Vantimamidi,1612,Vantimamidi,118,Field Beans,118,Common,0.0,4.0,2000.0,5000.0,3500.0,0.0,0.0
2024-10-30 00:00:00+05:30,367,Gudimalkapur,1571,Gudumalkapur,118,Field Beans,118,Common,0.0,85.0,5000.0,7000.0,5000.0,0.0,0.0
2024-10-31 00:00:00+05:30,323,Gaddiannaram,1,Gaddiannaram,90,Guava,90,Common,0.0,213.0,1500.0,4500.0,2000.0,0.0,0.0
2024-10-31 00:00:00+05:30,323,Gaddiannaram,2,L.B Nagar,125,Bitter Gourd,125,Common,0.0,34.0,3000.0,4500.0,3200.0,0.0,0.0
2024-10-31 00:00:00+05:30,324,Bowenpally,3,Bowenpally,116,French Beans,116,Common,0.0,321.0,2000.0,9000.0,7000.0,0.0,0.0
2024-10-31 00:00:00+05:30,310,Shadnagar,1330,Shadnagar,117,Cluster Beans,117,Common,0.0,10.0,2800.0,3800.0,3000.0,0.0,0.0
2024-10-31 00:00:00+05:30,367,Gudimalkapur,1571,Gudumalkapur,118,Field Beans,118,Common,0.0,63.0,5000.0,7000.0,5000.0,0.0,0.0
2024-10-31 00:00:00+05:30,303,Kalwakurthy,1340,Kalwakurthy,123,Ribbed Gourd,123,Common,0.0,5.0,4000.0,5500.0,4750.0,0.0,0.0
2024-10-26 00:00:00+05:30,367,Gudimalkapur,1571,Gudumalkapur,121,Snake Gourd,121,Common,0.0,5.0,1500.0,1500.0,1500.0,0.0,0.0
2024-10-26 00:00:00+05:30,303,Kalwakurthy,1340,Kalwakurthy,125,Bitter Gourd,125,Common,0.0,4.0,3500.0,4000.0,3750.0,0.0,0.0
2024-10-26 00:00:00+05:30,310,Shadnagar,1330,Shadnagar,123,Ribbed Gourd,123,Common,0.0,10.0,2500.0,3800.0,3000.0,0.0,0.0
2024-10-26 00:00:00+05:30,192,Jainath,26,Jainath,80,Banana,80,Common,0.0,480.0,550.0,625.0,587.0,0.0,0.0
2024-10-26 00:00:00+05:30,324,Bowenpally,3,Bowenpally,117,Cluster Beans,117,Common,0.0,314.0,2000.0,5000.0,4500.0,0.0,0.0
2024-10-25 00:00:00+05:30,367,Gudimalkapur,1571,Gudumalkapur,121,Snake Gourd,121,Common,0.0,2.0,1500.0,1500.0,1500.0,0.0,0.0
2024-10-26 00:00:00+05:30,323,Gaddiannaram,2,L.B Nagar,128,Pumpkin,128,Common,0.0,725.0,800.0,1200.0,1000.0,0.0,0.0
2024-10-26 00:00:00+05:30,323,Gaddiannaram,1,Gaddiannaram,91,Ber,91,Common,0.0,59.0,1200.0,2000.0,1800.0,0.0,0.0
2024-10-25 00:00:00+05:30,303,Kalwakurthy,1340,Kalwakurthy,125,Bitter Gourd,125,Common,0.0,3.0,4000.0,4000.0,4000.0,0.0,0.0
2024-10-25 00:00:00+05:30,310,Shadnagar,1330,Shadnagar,123,Ribbed Gourd,123,Common,0.0,10.0,2500.0,3500.0,3000.0,0.0,0.0
2024-10-25 00:00:00+05:30,281,Venkateshwar Nagar,1106,V Nagar,122,Bottle Gourd,122,Common,0.0,8.0,10.0,10.0,10.0,0.0,0.0
2024-10-25 00:00:00+05:30,192,Jainath,26,Jainath,80,Banana,80,Common,0.0,160.0,550.0,625.0,587.0,0.0,0.0
2024-10-25 00:00:00+05:30,246,Warangal,886,Warangal,30,Groundnut pods,30,Common,0.0,20.0,4600.0,6000.0,5600.0,0.0,0.0
2024-10-25 00:00:00+05:30,323,Gaddiannaram,2,L.B Nagar,128,Pumpkin,128,Common,0.0,180.0,800.0,1200.0,1000.0,0.0,0.0
2024-10-25 00:00:00+05:30,323,Gaddiannaram,1,Gaddiannaram,91,Ber,91,Common,0.0,406.0,1200.0,3000.0,1500.0,0.0,0.0
2024-10-24 00:00:00+05:30,367,Gudimalkapur,1571,Gudumalkapur,121,Snake Gourd,121,Common,0.0,5.0,1000.0,2000.0,1500.0,0.0,0.0
2024-10-24 00:00:00+05:30,303,Kalwakurthy,1340,Kalwakurthy,125,Bitter Gourd,125,Common,0.0,3.0,3300.0,4000.0,3650.0,0.0,0.0
2024-10-24 00:00:00+05:30,310,Shadnagar,1330,Shadnagar,123,Ribbed Gourd,123,Common,0.0,10.0,2200.0,2800.0,2500.0,0.0,0.0
2024-10-24 00:00:00+05:30,246,Warangal,886,Warangal,30,Groundnut pods,30,Common,0.0,4.2,5000.0,5800.0,5400.0,0.0,0.0
2024-10-24 00:00:00+05:30,281,Venkateshwar Nagar,1106,V Nagar,122,Bottle Gourd,122,Common,0.0,5.0,10.0,10.0,10.0,0.0,0.0
2024-10-24 00:00:00+05:30,192,Jainath,26,Jainath,80,Banana,80,Common,0.0,1440.0,550.0,625.0,587.0,0.0,0.0
2024-10-24 00:00:00+05:30,323,Gaddiannaram,2,L.B Nagar,128,Pumpkin,128,Common,0.0,40.0,800.0,1200.0,1000.0,0.0,0.0
2024-10-24 00:00:00+05:30,324,Bowenpally,3,Bowenpally,117,Cluster Beans,117,Common,0.0,303.0,1000.0,4500.0,3500.0,0.0,0.0
2024-10-24 00:00:00+05:30,323,Gaddiannaram,1,Gaddiannaram,91,Ber,91,Common,0.0,67.0,1200.0,3500.0,1800.0,0.0,0.0
2024-10-23 00:00:00+05:30,310,Shadnagar,1330,Shadnagar,123,Ribbed Gourd,123,Common,0.0,5.0,2200.0,2800.0,2500.0,0.0,0.0
2024-10-23 00:00:00+05:30,303,Kalwakurthy,1340,Kalwakurthy,125,Bitter Gourd,125,Common,0.0,4.0,3000.0,4000.0,3500.0,0.0,0.0
2024-10-23 00:00:00+05:30,192,Jainath,26,Jainath,80,Banana,80,Common,0.0,160.0,550.0,625.0,587.0,0.0,0.0
2024-10-23 00:00:00+05:30,281,Venkateshwar Nagar,1106,V Nagar,122,Bottle Gourd,122,Common,0.0,1.0,30.0,30.0,30.0,0.0,0.0
2024-10-23 00:00:00+05:30,246,Warangal,886,Warangal,30,Groundnut pods,30,Common,0.0,15.5,4500.0,6000.0,5400.0,0.0,0.0
2024-10-23 00:00:00+05:30,324,Bowenpally,3,Bowenpally,117,Cluster Beans,117,Common,0.0,210.0,1500.0,4500.0,3500.0,0.0,0.0
2024-10-23 00:00:00+05:30,323,Gaddiannaram,1,Gaddiannaram,91,Ber,91,Common,0.0,97.0,1500.0,3500.0,2000.0,0.0,0.0
2024-10-23 00:00:00+05:30,323,Gaddiannaram,2,L.B Nagar,128,Pumpkin,128,Common,0.0,75.0,800.0,1200.0,1000.0,0.0,0.0
2024-10-22 00:00:00+05:30,303,Kalwakurthy,1340,Kalwakurthy,125,Bitter Gourd,125,Common,0.0,1.0,4000.0,4000.0,4000.0,0.0,0.0
2024-10-22 00:00:00+05:30,367,Gudimalkapur,1571,Gudumalkapur,121,Snake Gourd,121,Common,0.0,5.0,3000.0,3000.0,3000.0,0.0,0.0
2024-10-22 00:00:00+05:30,310,Shadnagar,1330,Shadnagar,123,Ribbed Gourd,123,Common,0.0,5.0,2500.0,3500.0,3000.0,0.0,0.0
2024-10-22 00:00:00+05:30,281,Venkateshwar Nagar,1106,V Nagar,122,Bottle Gourd,122,Common,0.0,5.0,10.0,10.0,10.0,0.0,0.0
2024-10-22 00:00:00+05:30,324,Bowenpally,3,Bowenpally,117,Cluster Beans,117,Common,0.0,292.0,1000.0,4000.0,3000.0,0.0,0.0
2024-10-22 00:00:00+05:30,192,Jainath,26,Jainath,80,Banana,80,Common,0.0,800.0,550.0,625.0,587.0,0.0,0.0
2024-10-21 00:00:00+05:30,310,Shadnagar,1330,Shadnagar,123,Ribbed Gourd,123,Common,0.0,15.0,2500.0,3200.0,2800.0,0.0,0.0
2024-10-22 00:00:00+05:30,323,Gaddiannaram,1,Gaddiannaram,91,Ber,91,Common,0.0,58.0,1200.0,2000.0,1500.0,0.0,0.0
2024-10-21 00:00:00+05:30,303,Kalwakurthy,1340,Kalwakurthy,125,Bitter Gourd,125,Common,0.0,2.0,3000.0,3000.0,3000.0,0.0,0.0
2024-10-21 00:00:00+05:30,367,Gudimalkapur,1571,Gudumalkapur,121,Snake Gourd,121,Common,0.0,2.0,1200.0,1200.0,1200.0,0.0,0.0
2024-10-21 00:00:00+05:30,246,Warangal,886,Warangal,30,Groundnut pods,30,Common,0.0,43.5,4000.0,5500.0,5200.0,0.0,0.0
2024-10-21 00:00:00+05:30,324,Bowenpally,3,Bowenpally,117,Cluster Beans,117,Common,0.0,292.0,1000.0,4000.0,3000.0,0.0,0.0
2024-10-21 00:00:00+05:30,323,Gaddiannaram,1,Gaddiannaram,91,Ber,91,Common,0.0,128.0,1200.0,3500.0,2000.0,0.0,0.0
2024-10-20 00:00:00+05:30,303,Kalwakurthy,1340,Kalwakurthy,125,Bitter Gourd,125,Common,0.0,2.0,3000.0,4000.0,3500.0,0.0,0.0
2024-10-20 00:00:00+05:30,310,Shadnagar,1330,Shadnagar,123,Ribbed Gourd,123,Common,0.0,12.0,2500.0,3600.0,3000.0,0.0,0.0
2024-10-20 00:00:00+05:30,281,Venkateshwar Nagar,1106,V Nagar,122,Bottle Gourd,122,Common,0.0,9.0,10.0,10.0,10.0,0.0,0.0
2024-10-20 00:00:00+05:30,323,Gaddiannaram,2,L.B Nagar,128,Pumpkin,128,Common,0.0,51.0,800.0,1200.0,1000.0,0.0,0.0
2024-10-20 00:00:00+05:30,192,Jainath,26,Jainath,80,Banana,80,Common,0.0,640.0,550.0,625.0,587.0,0.0,0.0
2024-10-20 00:00:00+05:30,324,Bowenpally,3,Bowenpally,117,Cluster Beans,117,Common,0.0,439.0,1000.0,3000.0,2500.0,0.0,0.0
2024-10-19 00:00:00+05:30,310,Shadnagar,1330,Shadnagar,123,Ribbed Gourd,123,Common,0.0,10.0,2000.0,2800.0,2500.0,0.0,0.0
2024-10-19 00:00:00+05:30,303,Kalwakurthy,1340,Kalwakurthy,125,Bitter Gourd,125,Common,0.0,3.0,3000.0,3300.0,3150.0,0.0,0.0
2024-10-19 00:00:00+05:30,367,Gudimalkapur,1571,Gudumalkapur,121,Snake Gourd,121,Common,0.0,3.0,1500.0,1500.0,1500.0,0.0,0.0
2024-10-19 00:00:00+05:30,192,Jainath,26,Jainath,80,Banana,80,Common,0.0,160.0,550.0,625.0,587.0,0.0,0.0
2024-10-19 00:00:00+05:30,292,Zaheerabad,1198,Zaheerabad,75,Soyabean,213,White,0.0,1284.5,2000.0,4711.0,4050.0,0.0,0.0
2024-10-18 00:00:00+05:30,303,Kalwakurthy,1340,Kalwakurthy,125,Bitter Gourd,125,Common,0.0,4.0,3000.0,3500.0,3250.0,0.0,0.0
2024-10-19 00:00:00+05:30,324,Bowenpally,3,Bowenpally,117,Cluster Beans,117,Common,0.0,996.0,1000.0,3000.0,2500.0,0.0,0.0
2024-10-18 00:00:00+05:30,331,Vantimamidi,1612,Vantimamidi,121,Snake Gourd,121,Common,0.0,4.0,1000.0,1000.0,1000.0,0.0,0.0
2024-10-19 00:00:00+05:30,323,Gaddiannaram,1,Gaddiannaram,91,Ber,91,Common,0.0,60.0,1500.0,4000.0,2500.0,0.0,0.0
2024-10-18 00:00:00+05:30,367,Gudimalkapur,1571,Gudumalkapur,121,Snake Gourd,121,Common,0.0,3.0,2000.0,2000.0,2000.0,0.0,0.0
2024-10-18 00:00:00+05:30,310,Shadnagar,1330,Shadnagar,123,Ribbed Gourd,123,Common,0.0,10.0,2500.0,3200.0,3000.0,0.0,0.0
2024-10-18 00:00:00+05:30,292,Zaheerabad,1198,Zaheerabad,75,Soyabean,213,White,0.0,1360.0,2611.0,4571.0,3700.0,0.0,0.0
2024-10-18 00:00:00+05:30,208,Nizamabad,1080,Nizamabad,32,Gingelly,223,White,0.0,6.0,8520.0,11031.0,10029.0,0.0,0.0
2024-10-18 00:00:00+05:30,246,Warangal,886,Warangal,30,Groundnut pods,30,Common,0.0,17.5,4240.0,6100.0,5700.0,0.0,0.0
2024-10-18 00:00:00+05:30,192,Jainath,26,Jainath,80,Banana,80,Common,0.0,480.0,550.0,625.0,587.0,0.0,0.0
2024-10-18 00:00:00+05:30,324,Bowenpally,3,Bowenpally,117,Cluster Beans,117,Common,0.0,1445.0,1000.0,3000.0,2500.0,0.0,0.0
2024-10-17 00:00:00+05:30,367,Gudimalkapur,1571,Gudumalkapur,121,Snake Gourd,121,Common,0.0,4.0,1500.0,2500.0,1500.0,0.0,0.0
2024-10-17 00:00:00+05:30,303,Kalwakurthy,1340,Kalwakurthy,125,Bitter Gourd,125,Common,0.0,4.0,2500.0,3300.0,2900.0,0.0,0.0
2024-10-17 00:00:00+05:30,310,Shadnagar,1330,Shadnagar,123,Ribbed Gourd,123,Common,0.0,5.0,2800.0,3500.0,3000.0,0.0,0.0
2024-10-18 00:00:00+05:30,323,Gaddiannaram,1,Gaddiannaram,91,Ber,91,Common,0.0,99.0,2000.0,4000.0,2500.0,0.0,0.0
2024-10-17 00:00:00+05:30,208,Nizamabad,1080,Nizamabad,32,Gingelly,223,White,0.0,120.0,10171.0,12501.0,11139.0,0.0,0.0
2024-10-17 00:00:00+05:30,292,Zaheerabad,1198,Zaheerabad,75,Soyabean,213,White,0.0,1334.5,3300.0,4750.0,4250.0,0.0,0.0
2024-10-17 00:00:00+05:30,246,Warangal,886,Warangal,30,Groundnut pods,30,Common,0.0,3.5,5000.0,5760.0,5200.0,0.0,0.0
2024-10-17 00:00:00+05:30,324,Bowenpally,3,Bowenpally,117,Cluster Beans,117,Common,0.0,818.0,1000.0,3500.0,3000.0,0.0,0.0
2024-10-16 00:00:00+05:30,303,Kalwakurthy,1340,Kalwakurthy,125,Bitter Gourd,125,Common,0.0,4.0,3000.0,4000.0,3500.0,0.0,0.0
2024-10-16 00:00:00+05:30,367,Gudimalkapur,1571,Gudumalkapur,121,Snake Gourd,121,Common,0.0,5.0,1000.0,1500.0,1000.0,0.0,0.0
2024-10-16 00:00:00+05:30,324,Bowenpally,3,Bowenpally,117,Cluster Beans,117,Common,0.0,998.0,1000.0,3000.0,2500.0,0.0,0.0
2024-10-16 00:00:00+05:30,323,Gaddiannaram,1,Gaddiannaram,91,Ber,91,Common,0.0,32.0,1500.0,4500.0,2000.0,0.0,0.0
2024-10-16 00:00:00+05:30,246,Warangal,886,Warangal,30,Groundnut pods,30,Common,0.0,1.05,5000.0,6640.0,5500.0,0.0,0.0
2024-10-16 00:00:00+05:30,192,Jainath,26,Jainath,80,Banana,80,Common,0.0,660.0,550.0,625.0,587.0,0.0,0.0
2024-10-16 00:00:00+05:30,208,Nizamabad,1080,Nizamabad,32,Gingelly,223,White,0.0,6.0,10470.0,11079.0,11079.0,0.0,0.0
2024-10-15 00:00:00+05:30,367,Gudimalkapur,1571,Gudumalkapur,121,Snake Gourd,121,Common,0.0,12.0,1000.0,1500.0,1000.0,0.0,0.0
2024-10-15 00:00:00+05:30,303,Kalwakurthy,1340,Kalwakurthy,125,Bitter Gourd,125,Common,0.0,5.0,2700.0,3500.0,3100.0,0.0,0.0
2024-10-15 00:00:00+05:30,208,Nizamabad,1080,Nizamabad,32,Gingelly,223,White,0.0,5.0,10719.0,11019.0,10979.0,0.0,0.0
2024-10-15 00:00:00+05:30,324,Bowenpally,3,Bowenpally,117,Cluster Beans,117,Common,0.0,859.0,1000.0,3500.0,3000.0,0.0,0.0
2024-10-15 00:00:00+05:30,323,Gaddiannaram,1,Gaddiannaram,91,Ber,91,Common,0.0,52.0,1000.0,1650.0,1300.0,0.0,0.0
2024-10-15 00:00:00+05:30,246,Warangal,886,Warangal,30,Groundnut pods,30,Common,0.0,2.4,6500.0,6500.0,6500.0,0.0,0.0
2024-10-14 00:00:00+05:30,331,Vantimamidi,1612,Vantimamidi,121,Snake Gourd,121,Common,0.0,3.0,2000.0,2000.0,2000.0,0.0,0.0
2024-10-14 00:00:00+05:30,367,Gudimalkapur,1571,Gudumalkapur,121,Snake Gourd,121,Common,0.0,6.0,1000.0,1200.0,1000.0,0.0,0.0
2024-10-14 00:00:00+05:30,303,Kalwakurthy,1340,Kalwakurthy,125,Bitter Gourd,125,Common,0.0,2.0,3000.0,4000.0,3500.0,0.0,0.0
2024-10-14 00:00:00+05:30,246,Warangal,886,Warangal,30,Groundnut pods,30,Common,0.0,4.4,4500.0,5100.0,4800.0,0.0,0.0
2024-10-14 00:00:00+05:30,208,Nizamabad,1080,Nizamabad,32,Gingelly,223,White,0.0,30.0,9703.0,12351.0,11361.0,0.0,0.0
2024-10-14 00:00:00+05:30,323,Gaddiannaram,1,Gaddiannaram,91,Ber,91,Common,0.0,66.0,1000.0,3000.0,1500.0,0.0,0.0
2024-10-14 00:00:00+05:30,324,Bowenpally,3,Bowenpally,117,Cluster Beans,117,Common,0.0,131.0,1000.0,3500.0,2800.0,0.0,0.0
2024-10-13 00:00:00+05:30,303,Kalwakurthy,1340,Kalwakurthy,125,Bitter Gourd,125,Common,0.0,1.0,2500.0,2500.0,2500.0,0.0,0.0
2024-10-13 00:00:00+05:30,192,Jainath,26,Jainath,80,Banana,80,Common,0.0,640.0,550.0,625.0,587.0,0.0,0.0
2024-10-13 00:00:00+05:30,324,Bowenpally,3,Bowenpally,117,Cluster Beans,117,Common,0.0,15.0,1000.0,2500.0,2200.0,0.0,0.0
2024-10-12 00:00:00+05:30,367,Gudimalkapur,1571,Gudumalkapur,121,Snake Gourd,121,Common,0.0,3.0,1000.0,1000.0,1000.0,0.0,0.0
2024-10-12 00:00:00+05:30,192,Jainath,26,Jainath,80,Banana,80,Common,0.0,160.0,550.0,625.0,587.0,0.0,0.0
2024-10-12 00:00:00+05:30,324,Bowenpally,3,Bowenpally,117,Cluster Beans,117,Common,0.0,194.0,1000.0,3500.0,2800.0,0.0,0.0
2024-10-11 00:00:00+05:30,367,Gudimalkapur,1571,Gudumalkapur,121,Snake Gourd,121,Common,0.0,3.0,1500.0,1500.0,1500.0,0.0,0.0
2024-10-12 00:00:00+05:30,323,Gaddiannaram,2,L.B Nagar,128,Pumpkin,128,Common,0.0,75.0,1000.0,1500.0,1200.0,0.0,0.0
2024-10-11 00:00:00+05:30,303,Kalwakurthy,1340,Kalwakurthy,125,Bitter Gourd,125,Common,0.0,2.0,2000.0,3000.0,2500.0,0.0,0.0
2024-10-11 00:00:00+05:30,281,Venkateshwar Nagar,1106,V Nagar,122,Bottle Gourd,122,Common,0.0,7.0,10.0,10.0,10.0,0.0,0.0
2024-10-11 00:00:00+05:30,324,Bowenpally,3,Bowenpally,117,Cluster Beans,117,Common,0.0,492.0,1000.0,3000.0,2500.0,0.0,0.0
2024-10-11 00:00:00+05:30,323,Gaddiannaram,2,L.B Nagar,128,Pumpkin,128,Common,0.0,195.0,800.0,1200.0,1000.0,0.0,0.0
2024-10-10 00:00:00+05:30,281,Venkateshwar Nagar,1106,V Nagar,122,Bottle Gourd,122,Common,0.0,5.0,10.0,10.0,10.0,0.0,0.0
2024-10-10 00:00:00+05:30,192,Jainath,26,Jainath,80,Banana,80,Common,0.0,160.0,550.0,625.0,587.0,0.0,0.0
2024-10-10 00:00:00+05:30,331,Vantimamidi,1612,Vantimamidi,121,Snake Gourd,121,Common,0.0,2.0,500.0,500.0,500.0,0.0,0.0
2024-10-10 00:00:00+05:30,303,Kalwakurthy,1340,Kalwakurthy,125,Bitter Gourd,125,Common,0.0,5.0,2500.0,3000.0,2750.0,0.0,0.0
2024-10-10 00:00:00+05:30,367,Gudimalkapur,1571,Gudumalkapur,121,Snake Gourd,121,Common,0.0,2.0,1500.0,1500.0,1500.0,0.0,0.0
2024-10-10 00:00:00+05:30,323,Gaddiannaram,2,L.B Nagar,128,Pumpkin,128,Common,0.0,325.0,800.0,1200.0,1000.0,0.0,0.0
2024-10-10 00:00:00+05:30,324,Bowenpally,3,Bowenpally,117,Cluster Beans,117,Common,0.0,500.0,1000.0,3000.0,2500.0,0.0,0.0
2024-10-10 00:00:00+05:30,323,Gaddiannaram,1,Gaddiannaram,91,Ber,91,Common,0.0,23.0,1000.0,1500.0,1150.0,0.0,0.0
2024-10-09 00:00:00+05:30,192,Jainath,26,Jainath,80,Banana,80,Common,0.0,160.0,550.0,625.0,587.0,0.0,0.0
2024-10-09 00:00:00+05:30,208,Nizamabad,1080,Nizamabad,32,Gingelly,223,White,0.0,45.0,12059.0,12455.0,12259.0,0.0,0.0
2024-10-09 00:00:00+05:30,310,Shadnagar,1330,Shadnagar,123,Ribbed Gourd,123,Common,0.0,12.0,2500.0,3500.0,3000.0,0.0,0.0
2024-10-09 00:00:00+05:30,303,Kalwakurthy,1340,Kalwakurthy,125,Bitter Gourd,125,Common,0.0,4.0,2000.0,4000.0,3000.0,0.0,0.0
2024-10-08 00:00:00+05:30,331,Vantimamidi,1612,Vantimamidi,121,Snake Gourd,121,Common,0.0,2.0,1000.0,1000.0,1000.0,0.0,0.0
2024-10-08 00:00:00+05:30,367,Gudimalkapur,1571,Gudumalkapur,121,Snake Gourd,121,Common,0.0,5.0,1500.0,1500.0,1500.0,0.0,0.0
2024-10-09 00:00:00+05:30,323,Gaddiannaram,2,L.B Nagar,128,Pumpkin,128,Common,0.0,100.0,800.0,1000.0,900.0,0.0,0.0
2024-10-09 00:00:00+05:30,323,Gaddiannaram,1,Gaddiannaram,91,Ber,91,Common,0.0,54.0,1000.0,1650.0,1150.0,0.0,0.0
2024-10-08 00:00:00+05:30,303,Kalwakurthy,1340,Kalwakurthy,125,Bitter Gourd,125,Common,0.0,4.0,3500.0,3600.0,3550.0,0.0,0.0
2024-10-08 00:00:00+05:30,310,Shadnagar,1330,Shadnagar,123,Ribbed Gourd,123,Common,0.0,12.0,2800.0,3200.0,3000.0,0.0,0.0
2024-10-08 00:00:00+05:30,281,Venkateshwar Nagar,1106,V Nagar,122,Bottle Gourd,122,Common,0.0,7.0,10.0,10.0,10.0,0.0,0.0
2024-10-08 00:00:00+05:30,208,Nizamabad,1080,Nizamabad,32,Gingelly,223,White,0.0,6.0,10000.0,12329.0,12189.0,0.0,0.0
2024-10-08 00:00:00+05:30,246,Warangal,886,Warangal,30,Groundnut pods,30,Common,0.0,13.7,4000.0,6100.0,5700.0,0.0,0.0
2024-10-08 00:00:00+05:30,324,Bowenpally,3,Bowenpally,117,Cluster Beans,117,Common,0.0,319.0,1000.0,3000.0,2500.0,0.0,0.0
2024-10-08 00:00:00+05:30,323,Gaddiannaram,2,L.B Nagar,128,Pumpkin,128,Common,0.0,50.0,800.0,1000.0,900.0,0.0,0.0
2024-10-07 00:00:00+05:30,303,Kalwakurthy,1340,Kalwakurthy,125,Bitter Gourd,125,Common,0.0,4.0,3300.0,4000.0,3650.0,0.0,0.0
2024-10-07 00:00:00+05:30,367,Gudimalkapur,1571,Gudumalkapur,121,Snake Gourd,121,Common,0.0,5.0,1500.0,2000.0,1500.0,0.0,0.0
2024-10-07 00:00:00+05:30,208,Nizamabad,1080,Nizamabad,32,Gingelly,223,White,0.0,60.0,8780.0,13260.0,12500.0,0.0,0.0
2024-10-07 00:00:00+05:30,246,Warangal,886,Warangal,30,Groundnut pods,30,Common,0.0,1430.0,5000.0,5700.0,5200.0,0.0,0.0
2024-10-07 00:00:00+05:30,324,Bowenpally,3,Bowenpally,117,Cluster Beans,117,Common,0.0,796.0,1000.0,3000.0,2500.0,0.0,0.0
2024-10-07 00:00:00+05:30,323,Gaddiannaram,2,L.B Nagar,128,Pumpkin,128,Common,0.0,230.0,800.0,1000.0,900.0,0.0,0.0
2024-10-07 00:00:00+05:30,323,Gaddiannaram,1,Gaddiannaram,91,Ber,91,Common,0.0,38.0,1000.0,2650.0,1300.0,0.0,0.0
2024-10-06 00:00:00+05:30,303,Kalwakurthy,1340,Kalwakurthy,125,Bitter Gourd,125,Common,0.0,4.0,3000.0,3500.0,3250.0,0.0,0.0
2024-10-06 00:00:00+05:30,281,Venkateshwar Nagar,1106,V Nagar,122,Bottle Gourd,122,Common,0.0,9.0,10.0,10.0,10.0,0.0,0.0
2024-10-06 00:00:00+05:30,367,Gudimalkapur,1571,Gudumalkapur,121,Snake Gourd,121,Common,0.0,6.0,1000.0,1000.0,1000.0,0.0,0.0
2024-10-06 00:00:00+05:30,324,Bowenpally,3,Bowenpally,117,Cluster Beans,117,Common,0.0,1377.0,1000.0,3000.0,2500.0,0.0,0.0
2024-10-05 00:00:00+05:30,367,Gudimalkapur,1571,Gudumalkapur,121,Snake Gourd,121,Common,0.0,6.0,1000.0,1500.0,1000.0,0.0,0.0
2024-10-06 00:00:00+05:30,323,Gaddiannaram,2,L.B Nagar,128,Pumpkin,128,Common,0.0,415.0,2000.0,2500.0,2200.0,0.0,0.0
2024-10-05 00:00:00+05:30,310,Shadnagar,1330,Shadnagar,123,Ribbed Gourd,123,Common,0.0,12.0,2500.0,3800.0,3000.0,0.0,0.0
2024-10-05 00:00:00+05:30,303,Kalwakurthy,1340,Kalwakurthy,125,Bitter Gourd,125,Common,0.0,1.0,3000.0,4000.0,3500.0,0.0,0.0
2024-10-05 00:00:00+05:30,281,Venkateshwar Nagar,1106,V Nagar,122,Bottle Gourd,122,Common,0.0,6.0,10.0,10.0,10.0,0.0,0.0
2024-10-05 00:00:00+05:30,323,Gaddiannaram,2,L.B Nagar,128,Pumpkin,128,Common,0.0,110.0,1000.0,1500.0,1200.0,0.0,0.0
2024-10-05 00:00:00+05:30,324,Bowenpally,3,Bowenpally,117,Cluster Beans,117,Common,0.0,1365.0,1000.0,3000.0,2500.0,0.0,0.0
2024-10-05 00:00:00+05:30,323,Gaddiannaram,1,Gaddiannaram,91,Ber,91,Common,0.0,13.0,2300.0,2150.0,2500.0,0.0,0.0
2024-10-04 00:00:00+05:30,303,Kalwakurthy,1340,Kalwakurthy,125,Bitter Gourd,125,Common,0.0,6.0,3000.0,3500.0,3250.0,0.0,0.0
2024-10-04 00:00:00+05:30,367,Gudimalkapur,1571,Gudumalkapur,121,Snake Gourd,121,Common,0.0,3.0,2000.0,2000.0,2000.0,0.0,0.0
2024-10-04 00:00:00+05:30,310,Shadnagar,1330,Shadnagar,123,Ribbed Gourd,123,Common,0.0,10.0,2500.0,3500.0,3000.0,0.0,0.0
2024-10-04 00:00:00+05:30,281,Venkateshwar Nagar,1106,V Nagar,122,Bottle Gourd,122,Common,0.0,7.0,10.0,10.0,10.0,0.0,0.0
2024-10-04 00:00:00+05:30,324,Bowenpally,3,Bowenpally,117,Cluster Beans,117,Common,0.0,949.0,1000.0,3000.0,2500.0,0.0,0.0
2024-10-04 00:00:00+05:30,323,Gaddiannaram,1,Gaddiannaram,91,Ber,91,Common,0.0,7.0,2150.0,2500.0,2300.0,0.0,0.0
2024-10-04 00:00:00+05:30,246,Warangal,886,Warangal,30,Groundnut pods,30,Common,0.0,13.4,5000.0,5500.0,5200.0,0.0,0.0
2024-10-04 00:00:00+05:30,323,Gaddiannaram,2,L.B Nagar,128,Pumpkin,128,Common,0.0,45.0,1000.0,1500.0,1200.0,0.0,0.0
2024-10-03 00:00:00+05:30,367,Gudimalkapur,1571,Gudumalkapur,121,Snake Gourd,121,Common,0.0,3.0,1000.0,2000.0,1000.0,0.0,0.0
2024-10-03 00:00:00+05:30,303,Kalwakurthy,1340,Kalwakurthy,125,Bitter Gourd,125,Common,0.0,5.0,3500.0,4000.0,3750.0,0.0,0.0
2024-10-03 00:00:00+05:30,310,Shadnagar,1330,Shadnagar,123,Ribbed Gourd,123,Common,0.0,4.0,2500.0,3600.0,2800.0,0.0,0.0
2024-10-03 00:00:00+05:30,292,Zaheerabad,1198,Zaheerabad,75,Soyabean,214,Yellow,0.0,2536.0,2650.0,4571.0,4150.0,0.0,0.0
2024-10-03 00:00:00+05:30,208,Nizamabad,1080,Nizamabad,32,Gingelly,223,White,0.0,30.0,10650.0,13151.0,11921.0,0.0,0.0
2024-10-02 00:00:00+05:30,303,Kalwakurthy,1340,Kalwakurthy,125,Bitter Gourd,125,Common,0.0,1.0,4000.0,4000.0,4000.0,0.0,0.0
2024-10-03 00:00:00+05:30,246,Warangal,886,Warangal,30,Groundnut pods,30,Common,0.0,9.0,3500.0,5800.0,5400.0,0.0,0.0
2024-10-03 00:00:00+05:30,324,Bowenpally,3,Bowenpally,117,Cluster Beans,117,Common,0.0,1446.0,1000.0,3500.0,3000.0,0.0,0.0
2024-10-01 00:00:00+05:30,367,Gudimalkapur,1571,Gudumalkapur,121,Snake Gourd,121,Common,0.0,4.0,1000.0,1000.0,1000.0,0.0,0.0
2024-10-01 00:00:00+05:30,281,Venkateshwar Nagar,1106,V Nagar,122,Bottle Gourd,122,Common,0.0,5.0,10.0,10.0,10.0,0.0,0.0
2024-10-01 00:00:00+05:30,208,Nizamabad,1080,Nizamabad,32,Gingelly,223,White,0.0,3.0,12569.0,12669.0,12569.0,0.0,0.0
2024-10-02 00:00:00+05:30,310,Shadnagar,1330,Shadnagar,123,Ribbed Gourd,123,Common,0.0,10.0,2800.0,3800.0,3500.0,0.0,0.0
2024-10-01 00:00:00+05:30,303,Kalwakurthy,1340,Kalwakurthy,125,Bitter Gourd,125,Common,0.0,1.0,4000.0,4000.0,4000.0,0.0,0.0
2024-10-02 00:00:00+05:30,323,Gaddiannaram,1,Gaddiannaram,91,Ber,91,Common,0.0,8.0,1000.0,1000.0,1000.0,0.0,0.0
2024-10-01 00:00:00+05:30,324,Bowenpally,3,Bowenpally,117,Cluster Beans,117,Common,0.0,1333.0,1000.0,3500.0,3000.0,0.0,0.0
2024-10-01 00:00:00+05:30,323,Gaddiannaram,2,L.B Nagar,128,Pumpkin,128,Common,0.0,200.0,800.0,1200.0,1000.0,0.0,0.0
2024-10-01 00:00:00+05:30,246,Warangal,886,Warangal,30,Groundnut pods,30,Common,0.0,17.0,3200.0,6300.0,4000.0,0.0,0.0
2024-10-31 00:00:00+05:30,303,Kalwakurthy,1340,Kalwakurthy,125,Bitter Gourd,125,Common,0.0,5.0,3000.0,4000.0,3500.0,0.0,0.0
2024-10-31 00:00:00+05:30,310,Shadnagar,1330,Shadnagar,123,Ribbed Gourd,123,Common,0.0,12.0,2500.0,3500.0,3000.0,0.0,0.0
2024-10-31 00:00:00+05:30,281,Venkateshwar Nagar,1106,V Nagar,122,Bottle Gourd,122,Common,0.0,9.0,10.0,10.0,10.0,0.0,0.0
2024-10-31 00:00:00+05:30,192,Jainath,26,Jainath,80,Banana,80,Common,0.0,160.0,550.0,625.0,587.0,0.0,0.0
2024-10-31 00:00:00+05:30,324,Bowenpally,3,Bowenpally,117,Cluster Beans,117,Common,0.0,469.0,1000.0,4000.0,3000.0,0.0,0.0
2024-10-31 00:00:00+05:30,323,Gaddiannaram,1,Gaddiannaram,91,Ber,91,Common,0.0,91.0,1500.0,3500.0,1800.0,0.0,0.0
2024-10-30 00:00:00+05:30,367,Gudimalkapur,1571,Gudumalkapur,121,Snake Gourd,121,Common,0.0,3.0,1500.0,1500.0,1500.0,0.0,0.0
2024-10-30 00:00:00+05:30,303,Kalwakurthy,1340,Kalwakurthy,125,Bitter Gourd,125,Common,0.0,2.0,4500.0,5000.0,4750.0,0.0,0.0
2024-10-30 00:00:00+05:30,310,Shadnagar,1330,Shadnagar,123,Ribbed Gourd,123,Common,0.0,5.0,2500.0,3500.0,3000.0,0.0,0.0
2024-10-30 00:00:00+05:30,324,Bowenpally,3,Bowenpally,117,Cluster Beans,117,Common,0.0,501.0,2000.0,4500.0,4000.0,0.0,0.0
2024-10-29 00:00:00+05:30,303,Kalwakurthy,1340,Kalwakurthy,125,Bitter Gourd,125,Common,0.0,3.0,4000.0,4500.0,4250.0,0.0,0.0
2024-10-30 00:00:00+05:30,192,Jainath,26,Jainath,80,Banana,80,Common,0.0,160.0,550.0,625.0,587.0,0.0,0.0
2024-10-29 00:00:00+05:30,331,Vantimamidi,1612,Vantimamidi,121,Snake Gourd,121,Common,0.0,3.0,1000.0,1000.0,1000.0,0.0,0.0
2024-10-30 00:00:00+05:30,323,Gaddiannaram,2,L.B Nagar,128,Pumpkin,128,Common,0.0,250.0,1000.0,1500.0,1200.0,0.0,0.0
2024-10-30 00:00:00+05:30,323,Gaddiannaram,1,Gaddiannaram,91,Ber,91,Common,0.0,109.0,1200.0,3000.0,1500.0,0.0,0.0
2024-10-29 00:00:00+05:30,281,Venkateshwar Nagar,1106,V Nagar,122,Bottle Gourd,122,Common,0.0,5.0,10.0,10.0,10.0,0.0,0.0
2024-10-29 00:00:00+05:30,192,Jainath,26,Jainath,80,Banana,80,Common,0.0,320.0,550.0,625.0,587.0,0.0,0.0
2024-10-29 00:00:00+05:30,324,Bowenpally,3,Bowenpally,117,Cluster Beans,117,Common,0.0,206.0,2000.0,5500.0,4500.0,0.0,0.0
2024-10-29 00:00:00+05:30,323,Gaddiannaram,2,L.B Nagar,128,Pumpkin,128,Common,0.0,195.0,800.0,1200.0,1000.0,0.0,0.0
2024-10-28 00:00:00+05:30,303,Kalwakurthy,1340,Kalwakurthy,125,Bitter Gourd,125,Common,0.0,1.0,4000.0,4000.0,4000.0,0.0,0.0
2024-10-29 00:00:00+05:30,323,Gaddiannaram,1,Gaddiannaram,91,Ber,91,Common,0.0,76.0,1500.0,3000.0,1800.0,0.0,0.0
2024-10-29 00:00:00+05:30,246,Warangal,886,Warangal,30,Groundnut pods,30,Common,0.0,3.5,4000.0,4600.0,4200.0,0.0,0.0
2024-10-28 00:00:00+05:30,367,Gudimalkapur,1571,Gudumalkapur,121,Snake Gourd,121,Common,0.0,3.0,2000.0,2000.0,2000.0,0.0,0.0
2024-10-28 00:00:00+05:30,310,Shadnagar,1330,Shadnagar,123,Ribbed Gourd,123,Common,0.0,5.0,2800.0,3500.0,3000.0,0.0,0.0
2024-10-28 00:00:00+05:30,292,Zaheerabad,1198,Zaheerabad,75,Soyabean,213,White,0.0,1815.0,2800.0,4550.0,4410.0,0.0,0.0
2024-10-28 00:00:00+05:30,246,Warangal,886,Warangal,30,Groundnut pods,30,Common,0.0,9.45,3500.0,5950.0,5400.0,0.0,0.0
2024-10-28 00:00:00+05:30,192,Jainath,26,Jainath,80,Banana,80,Common,0.0,160.0,550.0,625.0,587.0,0.0,0.0
2024-10-28 00:00:00+05:30,324,Bowenpally,3,Bowenpally,117,Cluster Beans,117,Common,0.0,524.0,1000.0,5000.0,4000.0,0.0,0.0
2024-10-28 00:00:00+05:30,323,Gaddiannaram,2,L.B Nagar,128,Pumpkin,128,Common,0.0,175.0,800.0,1200.0,1000.0,0.0,0.0
2024-10-28 00:00:00+05:30,323,Gaddiannaram,1,Gaddiannaram,91,Ber,91,Common,0.0,144.0,1500.0,3500.0,2000.0,0.0,0.0
2024-10-27 00:00:00+05:30,324,Bowenpally,3,Bowenpally,117,Cluster Beans,117,Common,0.0,402.0,2000.0,5000.0,4000.0,0.0,0.0
2024-10-27 00:00:00+05:30,323,Gaddiannaram,2,L.B Nagar,128,Pumpkin,128,Common,0.0,125.0,800.0,1200.0,1000.0,0.0,0.0
2024-10-27 00:00:00+05:30,303,Kalwakurthy,1340,Kalwakurthy,125,Bitter Gourd,125,Common,0.0,3.0,3500.0,4500.0,4000.0,0.0,0.0
2024-10-27 00:00:00+05:30,310,Shadnagar,1330,Shadnagar,123,Ribbed Gourd,123,Common,0.0,15.0,2500.0,3800.0,2800.0,0.0,0.0
2024-10-27 00:00:00+05:30,281,Venkateshwar Nagar,1106,V Nagar,122,Bottle Gourd,122,Common,0.0,6.0,10.0,10.0,10.0,0.0,0.0
2024-10-27 00:00:00+05:30,192,Jainath,26,Jainath,80,Banana,80,Common,0.0,160.0,550.0,625.0,587.0,0.0,0.0
2024-10-01 00:00:00+05:30,246,Warangal,886,Warangal,32,Gingelly,223,White,0.0,11.16,11322.0,1812.0,11812.0,0.0,0.0
2024-10-01 00:00:00+05:30,325,Hyderabad,7,Meeralamandi,151,Lemon,151,Common,0.0,185.0,1660.0,5240.0,3450.0,0.0,0.0
2024-10-01 00:00:00+05:30,323,Gaddiannaram,2,L.B Nagar,129,Cucumber,129,Common,0.0,225.0,1000.0,1500.0,1200.0,0.0,0.0
2024-10-01 00:00:00+05:30,323,Gaddiannaram,1,Gaddiannaram,92,Custard apple,92,Common,0.0,310.0,2500.0,2500.0,2500.0,0.0,0.0
2024-10-01 00:00:00+05:30,324,Bowenpally,3,Bowenpally,118,Field Beans,118,Common,0.0,637.0,1000.0,5000.0,4000.0,0.0,0.0
2024-10-02 00:00:00+05:30,323,Gaddiannaram,1,Gaddiannaram,92,Custard apple,92,Common,0.0,237.0,2500.0,2500.0,2500.0,0.0,0.0
2024-10-01 00:00:00+05:30,303,Kalwakurthy,1340,Kalwakurthy,129,Cucumber,129,Common,0.0,3.0,2000.0,3000.0,2500.0,0.0,0.0
2024-10-02 00:00:00+05:30,331,Vantimamidi,1612,Vantimamidi,122,Bottle Gourd,122,Common,0.0,28.0,400.0,1800.0,1100.0,0.0,0.0
2024-10-01 00:00:00+05:30,281,Venkateshwar Nagar,1106,V Nagar,123,Ribbed Gourd,123,Common,0.0,1.0,40.0,40.0,40.0,0.0,0.0
2024-10-01 00:00:00+05:30,367,Gudimalkapur,1571,Gudumalkapur,122,Bottle Gourd,122,Common,0.0,243.0,800.0,2000.0,1300.0,0.0,0.0
2024-10-01 00:00:00+05:30,289,Sadasivpet,1200,Sadasivapet,55,Onions,55,Common,0.0,26.0,1509.0,4709.0,3636.0,0.0,0.0
2024-10-03 00:00:00+05:30,324,Bowenpally,3,Bowenpally,118,Field Beans,118,Common,0.0,631.0,1000.0,5000.0,4000.0,0.0,0.0
2024-10-03 00:00:00+05:30,323,Gaddiannaram,2,L.B Nagar,129,Cucumber,129,Common,0.0,152.0,1000.0,15000.0,1200.0,0.0,0.0
2024-10-03 00:00:00+05:30,323,Gaddiannaram,1,Gaddiannaram,92,Custard apple,92,Common,0.0,439.0,2500.0,2500.0,2500.0,0.0,0.0
2024-10-03 00:00:00+05:30,246,Warangal,886,Warangal,32,Gingelly,223,White,0.0,2.02,10869.0,10869.0,10869.0,0.0,0.0
2024-10-02 00:00:00+05:30,303,Kalwakurthy,1340,Kalwakurthy,129,Cucumber,129,Common,0.0,2.0,2000.0,3000.0,2500.0,0.0,0.0
2024-10-03 00:00:00+05:30,325,Hyderabad,7,Meeralamandi,151,Lemon,151,Common,0.0,227.0,1440.0,440.0,2920.0,0.0,0.0
2024-10-03 00:00:00+05:30,279,Thirumalagiri,9,Tirmalagiri,30,Groundnut pods,30,Common,0.0,2.0,4509.0,4509.0,4509.0,0.0,0.0
2024-10-03 00:00:00+05:30,303,Kalwakurthy,1340,Kalwakurthy,129,Cucumber,129,Common,0.0,4.0,1500.0,2000.0,1750.0,0.0,0.0
2024-10-03 00:00:00+05:30,289,Sadasivpet,1200,Sadasivapet,55,Onions,55,Common,0.0,3.0,1908.0,1908.0,1908.0,0.0,0.0
2024-10-03 00:00:00+05:30,367,Gudimalkapur,1571,Gudumalkapur,122,Bottle Gourd,122,Common,0.0,270.0,700.0,2000.0,1000.0,0.0,0.0
2024-10-04 00:00:00+05:30,323,Gaddiannaram,2,L.B Nagar,129,Cucumber,129,Common,0.0,132.0,1000.0,2000.0,1500.0,0.0,0.0
2024-10-03 00:00:00+05:30,331,Vantimamidi,1612,Vantimamidi,122,Bottle Gourd,122,Common,0.0,10.0,200.0,1000.0,600.0,0.0,0.0
2024-10-04 00:00:00+05:30,246,Warangal,886,Warangal,32,Gingelly,223,White,0.0,1.7,10522.0,12500.0,10522.0,0.0,0.0
2024-10-04 00:00:00+05:30,325,Hyderabad,7,Meeralamandi,151,Lemon,151,Common,0.0,243.0,1520.0,4000.0,2760.0,0.0,0.0
2024-10-04 00:00:00+05:30,323,Gaddiannaram,1,Gaddiannaram,92,Custard apple,92,Common,0.0,375.0,2500.0,2500.0,2500.0,0.0,0.0
2024-10-04 00:00:00+05:30,324,Bowenpally,3,Bowenpally,118,Field Beans,118,Common,0.0,526.0,1000.0,4500.0,3200.0,0.0,0.0
2024-10-04 00:00:00+05:30,281,Venkateshwar Nagar,1106,V Nagar,123,Ribbed Gourd,123,Common,0.0,1.0,50.0,50.0,50.0,0.0,0.0
2024-10-04 00:00:00+05:30,367,Gudimalkapur,1571,Gudumalkapur,122,Bottle Gourd,122,Common,0.0,121.0,600.0,2000.0,1300.0,0.0,0.0
2024-10-04 00:00:00+05:30,303,Kalwakurthy,1340,Kalwakurthy,129,Cucumber,129,Common,0.0,5.0,1000.0,2500.0,1750.0,0.0,0.0
2024-10-04 00:00:00+05:30,289,Sadasivpet,1200,Sadasivapet,55,Onions,55,Common,0.0,24.0,1719.0,4019.0,3939.0,0.0,0.0
2024-10-05 00:00:00+05:30,323,Gaddiannaram,1,Gaddiannaram,92,Custard apple,92,Common,0.0,415.0,2500.0,2500.0,2500.0,0.0,0.0
2024-10-04 00:00:00+05:30,331,Vantimamidi,1612,Vantimamidi,122,Bottle Gourd,122,Common,0.0,38.0,500.0,2000.0,1250.0,0.0,0.0
2024-10-05 00:00:00+05:30,324,Bowenpally,3,Bowenpally,118,Field Beans,118,Common,0.0,998.0,1000.0,4000.0,3500.0,0.0,0.0
2024-10-05 00:00:00+05:30,323,Gaddiannaram,2,L.B Nagar,129,Cucumber,129,Common,0.0,77.0,1000.0,2500.0,1700.0,0.0,0.0
2024-10-05 00:00:00+05:30,325,Hyderabad,7,Meeralamandi,151,Lemon,151,Common,0.0,230.0,1420.0,4560.0,2990.0,0.0,0.0
2024-10-05 00:00:00+05:30,281,Venkateshwar Nagar,1106,V Nagar,123,Ribbed Gourd,123,Common,0.0,1.0,50.0,50.0,50.0,0.0,0.0
2024-10-05 00:00:00+05:30,303,Kalwakurthy,1340,Kalwakurthy,129,Cucumber,129,Common,0.0,4.0,1500.0,2000.0,1750.0,0.0,0.0
2024-10-05 00:00:00+05:30,289,Sadasivpet,1200,Sadasivapet,55,Onions,55,Common,0.0,131.0,1560.0,4430.0,3402.0,0.0,0.0
2024-10-06 00:00:00+05:30,323,Gaddiannaram,2,L.B Nagar,129,Cucumber,129,Common,0.0,149.0,1500.0,2500.0,2000.0,0.0,0.0
2024-10-06 00:00:00+05:30,323,Gaddiannaram,1,Gaddiannaram,92,Custard apple,92,Common,0.0,501.0,2500.0,2500.0,2500.0,0.0,0.0
2024-10-05 00:00:00+05:30,367,Gudimalkapur,1571,Gudumalkapur,122,Bottle Gourd,122,Common,0.0,155.0,600.0,2000.0,1000.0,0.0,0.0
2024-10-05 00:00:00+05:30,331,Vantimamidi,1612,Vantimamidi,122,Bottle Gourd,122,Common,0.0,12.0,700.0,1800.0,1250.0,0.0,0.0
2024-10-06 00:00:00+05:30,324,Bowenpally,3,Bowenpally,118,Field Beans,118,Common,0.0,827.0,2000.0,4500.0,4000.0,0.0,0.0
2024-10-06 00:00:00+05:30,367,Gudimalkapur,1571,Gudumalkapur,122,Bottle Gourd,122,Common,0.0,170.0,800.0,2300.0,1400.0,0.0,0.0
2024-10-06 00:00:00+05:30,331,Vantimamidi,1612,Vantimamidi,122,Bottle Gourd,122,Common,0.0,32.0,500.0,1500.0,1000.0,0.0,0.0
2024-10-06 00:00:00+05:30,325,Hyderabad,7,Meeralamandi,151,Lemon,151,Common,0.0,236.0,1280.0,4480.0,2880.0,0.0,0.0
2024-10-06 00:00:00+05:30,303,Kalwakurthy,1340,Kalwakurthy,129,Cucumber,129,Common,0.0,2.0,2000.0,2000.0,2000.0,0.0,0.0
2024-10-07 00:00:00+05:30,323,Gaddiannaram,1,Gaddiannaram,92,Custard apple,92,Common,0.0,429.0,2500.0,2500.0,2500.0,0.0,0.0
2024-10-07 00:00:00+05:30,323,Gaddiannaram,2,L.B Nagar,129,Cucumber,129,Common,0.0,97.0,1500.0,2500.0,2000.0,0.0,0.0
2024-10-07 00:00:00+05:30,324,Bowenpally,3,Bowenpally,118,Field Beans,118,Common,0.0,565.0,1500.0,4500.0,3500.0,0.0,0.0
2024-10-07 00:00:00+05:30,246,Warangal,886,Warangal,32,Gingelly,223,White,0.0,8.75,10259.0,10712.0,10712.0,0.0,0.0
2024-10-07 00:00:00+05:30,325,Hyderabad,7,Meeralamandi,151,Lemon,151,Common,0.0,264.0,1260.0,4400.0,2830.0,0.0,0.0
2024-10-07 00:00:00+05:30,279,Thirumalagiri,9,Tirmalagiri,30,Groundnut pods,30,Common,0.0,6.0,4159.0,4159.0,4159.0,0.0,0.0
2024-10-07 00:00:00+05:30,367,Gudimalkapur,1571,Gudumalkapur,122,Bottle Gourd,122,Common,0.0,285.0,800.0,3000.0,1500.0,0.0,0.0
2024-10-07 00:00:00+05:30,303,Kalwakurthy,1340,Kalwakurthy,129,Cucumber,129,Common,0.0,4.0,1500.0,2500.0,2000.0,0.0,0.0
2024-10-08 00:00:00+05:30,323,Gaddiannaram,1,Gaddiannaram,92,Custard apple,92,Common,0.0,347.0,2500.0,2500.0,2500.0,0.0,0.0
2024-10-07 00:00:00+05:30,331,Vantimamidi,1612,Vantimamidi,122,Bottle Gourd,122,Common,0.0,10.0,1000.0,2000.0,1500.0,0.0,0.0
2024-10-08 00:00:00+05:30,323,Gaddiannaram,2,L.B Nagar,129,Cucumber,129,Common,0.0,40.0,1500.0,2500.0,2000.0,0.0,0.0
2024-10-08 00:00:00+05:30,324,Bowenpally,3,Bowenpally,118,Field Beans,118,Common,0.0,427.0,1000.0,3000.0,2000.0,0.0,0.0
2024-10-08 00:00:00+05:30,246,Warangal,886,Warangal,32,Gingelly,223,White,0.0,6.33,11069.0,11182.0,11182.0,0.0,0.0
2024-10-08 00:00:00+05:30,325,Hyderabad,7,Meeralamandi,151,Lemon,151,Common,0.0,265.0,1200.0,4400.0,2800.0,0.0,0.0
2024-10-08 00:00:00+05:30,281,Venkateshwar Nagar,1106,V Nagar,123,Ribbed Gourd,123,Common,0.0,2.0,40.0,40.0,40.0,0.0,0.0
2024-10-07 00:00:00+05:30,289,Sadasivpet,1200,Sadasivapet,55,Onions,55,Common,0.0,71.0,1376.0,4618.0,4172.0,0.0,0.0
2024-10-08 00:00:00+05:30,289,Sadasivpet,1200,Sadasivapet,55,Onions,55,Common,0.0,27.0,1616.0,4011.0,3951.0,0.0,0.0
2024-10-09 00:00:00+05:30,323,Gaddiannaram,1,Gaddiannaram,92,Custard apple,92,Common,0.0,438.0,2500.0,2500.0,2500.0,0.0,0.0
2024-10-09 00:00:00+05:30,323,Gaddiannaram,2,L.B Nagar,129,Cucumber,129,Common,0.0,36.0,1500.0,2500.0,2000.0,0.0,0.0
2024-10-08 00:00:00+05:30,367,Gudimalkapur,1571,Gudumalkapur,122,Bottle Gourd,122,Common,0.0,358.0,1200.0,2300.0,1500.0,0.0,0.0
2024-10-08 00:00:00+05:30,331,Vantimamidi,1612,Vantimamidi,122,Bottle Gourd,122,Common,0.0,18.0,500.0,1500.0,1000.0,0.0,0.0
2024-10-09 00:00:00+05:30,303,Kalwakurthy,1340,Kalwakurthy,129,Cucumber,129,Common,0.0,4.0,2000.0,3300.0,2650.0,0.0,0.0
2024-10-09 00:00:00+05:30,367,Gudimalkapur,1571,Gudumalkapur,122,Bottle Gourd,122,Common,0.0,197.0,700.0,1000.0,900.0,0.0,0.0
2024-10-09 00:00:00+05:30,289,Sadasivpet,1200,Sadasivapet,55,Onions,55,Common,0.0,105.0,1616.0,4819.0,4329.0,0.0,0.0
2024-10-09 00:00:00+05:30,324,Bowenpally,3,Bowenpally,118,Field Beans,118,Common,0.0,527.0,2000.0,5000.0,4000.0,0.0,0.0
2024-10-09 00:00:00+05:30,325,Hyderabad,7,Meeralamandi,151,Lemon,151,Common,0.0,290.0,1200.0,4240.0,2720.0,0.0,0.0
2024-10-10 00:00:00+05:30,323,Gaddiannaram,1,Gaddiannaram,92,Custard apple,92,Common,0.0,432.0,2500.0,2500.0,2500.0,0.0,0.0
2024-10-09 00:00:00+05:30,331,Vantimamidi,1612,Vantimamidi,122,Bottle Gourd,122,Common,0.0,16.0,1000.0,2000.0,1500.0,0.0,0.0
2024-10-10 00:00:00+05:30,324,Bowenpally,3,Bowenpally,118,Field Beans,118,Common,0.0,259.0,2000.0,5500.0,4200.0,0.0,0.0
2024-10-10 00:00:00+05:30,323,Gaddiannaram,2,L.B Nagar,129,Cucumber,129,Common,0.0,28.0,1500.0,2500.0,2000.0,0.0,0.0
2024-10-10 00:00:00+05:30,325,Hyderabad,7,Meeralamandi,151,Lemon,151,Common,0.0,386.0,1120.0,3600.0,2360.0,0.0,0.0
2024-10-10 00:00:00+05:30,367,Gudimalkapur,1571,Gudumalkapur,122,Bottle Gourd,122,Common,0.0,137.0,900.0,1600.0,1200.0,0.0,0.0
2024-10-10 00:00:00+05:30,303,Kalwakurthy,1340,Kalwakurthy,129,Cucumber,129,Common,0.0,1.0,2000.0,5000.0,3500.0,0.0,0.0
2024-10-10 00:00:00+05:30,331,Vantimamidi,1612,Vantimamidi,122,Bottle Gourd,122,Common,0.0,14.0,500.0,500.0,500.0,0.0,0.0
2024-10-10 00:00:00+05:30,281,Venkateshwar Nagar,1106,V Nagar,123,Ribbed Gourd,123,Common,0.0,1.0,30.0,30.0,30.0,0.0,0.0
2024-10-11 00:00:00+05:30,323,Gaddiannaram,2,L.B Nagar,129,Cucumber,129,Common,0.0,81.0,1500.0,2500.0,2000.0,0.0,0.0
2024-10-11 00:00:00+05:30,324,Bowenpally,3,Bowenpally,118,Field Beans,118,Common,0.0,383.0,2000.0,5000.0,4000.0,0.0,0.0
2024-10-11 00:00:00+05:30,281,Venkateshwar Nagar,1106,V Nagar,123,Ribbed Gourd,123,Common,0.0,1.0,40.0,40.0,40.0,0.0,0.0
2024-10-11 00:00:00+05:30,303,Kalwakurthy,1340,Kalwakurthy,129,Cucumber,129,Common,0.0,3.0,3400.0,5000.0,4200.0,0.0,0.0
2024-10-11 00:00:00+05:30,325,Hyderabad,7,Meeralamandi,151,Lemon,151,Common,0.0,230.0,1232.0,4120.0,2676.0,0.0,0.0
2024-10-12 00:00:00+05:30,323,Gaddiannaram,2,L.B Nagar,129,Cucumber,129,Common,0.0,30.0,2000.0,2500.0,2200.0,0.0,0.0
2024-10-11 00:00:00+05:30,367,Gudimalkapur,1571,Gudumalkapur,122,Bottle Gourd,122,Common,0.0,151.0,1000.0,3000.0,2000.0,0.0,0.0
2024-10-12 00:00:00+05:30,324,Bowenpally,3,Bowenpally,118,Field Beans,118,Common,0.0,160.0,1000.0,4000.0,3000.0,0.0,0.0
2024-10-12 00:00:00+05:30,367,Gudimalkapur,1571,Gudumalkapur,122,Bottle Gourd,122,Common,0.0,175.0,1300.0,2000.0,1600.0,0.0,0.0
2024-10-12 00:00:00+05:30,325,Hyderabad,7,Meeralamandi,151,Lemon,151,Common,0.0,108.0,1280.0,4120.0,2750.0,0.0,0.0
2024-10-11 00:00:00+05:30,331,Vantimamidi,1612,Vantimamidi,122,Bottle Gourd,122,Common,0.0,14.0,500.0,1000.0,750.0,0.0,0.0
2024-10-13 00:00:00+05:30,324,Bowenpally,3,Bowenpally,118,Field Beans,118,Common,0.0,102.0,2000.0,5000.0,4500.0,0.0,0.0
2024-10-12 00:00:00+05:30,331,Vantimamidi,1612,Vantimamidi,122,Bottle Gourd,122,Common,0.0,4.0,250.0,250.0,250.0,0.0,0.0
2024-10-13 00:00:00+05:30,331,Vantimamidi,1612,Vantimamidi,122,Bottle Gourd,122,Common,0.0,17.0,750.0,1500.0,1125.0,0.0,0.0
2024-10-13 00:00:00+05:30,367,Gudimalkapur,1571,Gudumalkapur,122,Bottle Gourd,122,Common,0.0,136.0,800.0,2000.0,1500.0,0.0,0.0
2024-10-14 00:00:00+05:30,324,Bowenpally,3,Bowenpally,118,Field Beans,118,Common,0.0,446.0,1500.0,5000.0,4000.0,0.0,0.0
2024-10-14 00:00:00+05:30,323,Gaddiannaram,1,Gaddiannaram,92,Custard apple,92,Common,0.0,496.0,2500.0,2500.0,2500.0,0.0,0.0
2024-10-14 00:00:00+05:30,323,Gaddiannaram,2,L.B Nagar,129,Cucumber,129,Common,0.0,10.0,1500.0,2500.0,2000.0,0.0,0.0
2024-10-14 00:00:00+05:30,325,Hyderabad,7,Meeralamandi,151,Lemon,151,Common,0.0,118.0,1200.0,4440.0,12820.0,0.0,0.0
2024-10-14 00:00:00+05:30,246,Warangal,886,Warangal,32,Gingelly,223,White,0.0,0.41,10659.0,10659.0,10659.0,0.0,0.0
2024-10-14 00:00:00+05:30,367,Gudimalkapur,1571,Gudumalkapur,122,Bottle Gourd,122,Common,0.0,196.0,1000.0,2300.0,1500.0,0.0,0.0
2024-10-14 00:00:00+05:30,331,Vantimamidi,1612,Vantimamidi,122,Bottle Gourd,122,Common,0.0,6.0,2000.0,2000.0,2000.0,0.0,0.0
2024-10-15 00:00:00+05:30,325,Hyderabad,7,Meeralamandi,151,Lemon,151,Common,0.0,262.0,1120.0,4000.0,2560.0,0.0,0.0
2024-10-15 00:00:00+05:30,323,Gaddiannaram,1,Gaddiannaram,92,Custard apple,92,Common,0.0,748.0,2500.0,2500.0,2500.0,0.0,0.0
2024-10-15 00:00:00+05:30,323,Gaddiannaram,2,L.B Nagar,129,Cucumber,129,Common,0.0,105.0,2000.0,3000.0,2200.0,0.0,0.0
2024-10-15 00:00:00+05:30,324,Bowenpally,3,Bowenpally,118,Field Beans,118,Common,0.0,287.0,1500.0,6000.0,5000.0,0.0,0.0
2024-10-16 00:00:00+05:30,323,Gaddiannaram,2,L.B Nagar,129,Cucumber,129,Common,0.0,110.0,3000.0,3500.0,3200.0,0.0,0.0
2024-10-15 00:00:00+05:30,367,Gudimalkapur,1571,Gudumalkapur,122,Bottle Gourd,122,Common,0.0,352.0,600.0,2300.0,1500.0,0.0,0.0
2024-10-15 00:00:00+05:30,331,Vantimamidi,1612,Vantimamidi,122,Bottle Gourd,122,Common,0.0,42.0,500.0,1500.0,1000.0,0.0,0.0
2024-10-16 00:00:00+05:30,325,Hyderabad,7,Meeralamandi,151,Lemon,151,Common,0.0,132.0,1400.0,4000.0,2700.0,0.0,0.0
2024-10-16 00:00:00+05:30,323,Gaddiannaram,1,Gaddiannaram,92,Custard apple,92,Common,0.0,1129.0,2500.0,2500.0,2500.0,0.0,0.0
2024-10-16 00:00:00+05:30,324,Bowenpally,3,Bowenpally,118,Field Beans,118,Common,0.0,313.0,2000.0,6000.0,5000.0,0.0,0.0
2024-10-16 00:00:00+05:30,367,Gudimalkapur,1571,Gudumalkapur,122,Bottle Gourd,122,Common,0.0,300.0,1200.0,2000.0,1600.0,0.0,0.0
2024-10-16 00:00:00+05:30,289,Sadasivpet,1200,Sadasivapet,55,Onions,55,Common,0.0,66.0,1612.0,4849.0,4509.0,0.0,0.0
2024-10-16 00:00:00+05:30,303,Kalwakurthy,1340,Kalwakurthy,129,Cucumber,129,Common,0.0,2.0,4000.0,4000.0,4000.0,0.0,0.0
2024-10-17 00:00:00+05:30,323,Gaddiannaram,1,Gaddiannaram,92,Custard apple,92,Common,0.0,604.0,2500.0,2500.0,2500.0,0.0,0.0
2024-10-17 00:00:00+05:30,324,Bowenpally,3,Bowenpally,118,Field Beans,118,Common,0.0,351.0,2000.0,6000.0,4500.0,0.0,0.0
2024-10-17 00:00:00+05:30,246,Warangal,886,Warangal,32,Gingelly,223,White,0.0,2.26,10452.0,10512.0,10452.0,0.0,0.0
2024-10-17 00:00:00+05:30,323,Gaddiannaram,2,L.B Nagar,129,Cucumber,129,Common,0.0,87.0,3000.0,3500.0,3200.0,0.0,0.0
2024-10-17 00:00:00+05:30,289,Sadasivpet,1200,Sadasivapet,55,Onions,55,Common,0.0,2.0,1856.0,4230.0,4230.0,0.0,0.0
2024-10-17 00:00:00+05:30,325,Hyderabad,7,Meeralamandi,151,Lemon,151,Common,0.0,195.0,1248.0,4160.0,2704.0,0.0,0.0
2024-10-18 00:00:00+05:30,323,Gaddiannaram,1,Gaddiannaram,92,Custard apple,92,Common,0.0,401.0,2500.0,2500.0,2500.0,0.0,0.0
2024-10-17 00:00:00+05:30,331,Vantimamidi,1612,Vantimamidi,122,Bottle Gourd,122,Common,0.0,19.0,1000.0,2000.0,1500.0,0.0,0.0
2024-10-17 00:00:00+05:30,303,Kalwakurthy,1340,Kalwakurthy,129,Cucumber,129,Common,0.0,1.0,4000.0,4000.0,4000.0,0.0,0.0
2024-10-17 00:00:00+05:30,367,Gudimalkapur,1571,Gudumalkapur,122,Bottle Gourd,122,Common,0.0,290.0,600.0,2200.0,1600.0,0.0,0.0
2024-10-18 00:00:00+05:30,324,Bowenpally,3,Bowenpally,118,Field Beans,118,Common,0.0,346.0,2000.0,6000.0,5000.0,0.0,0.0
2024-10-18 00:00:00+05:30,323,Gaddiannaram,2,L.B Nagar,129,Cucumber,129,Common,0.0,142.0,3000.0,3500.0,3200.0,0.0,0.0
2024-10-18 00:00:00+05:30,325,Hyderabad,7,Meeralamandi,151,Lemon,151,Common,0.0,271.0,1120.0,3920.0,2520.0,0.0,0.0
2024-10-18 00:00:00+05:30,246,Warangal,886,Warangal,32,Gingelly,223,White,0.0,3.6,10689.0,10689.0,10689.0,0.0,0.0
2024-10-18 00:00:00+05:30,367,Gudimalkapur,1571,Gudumalkapur,122,Bottle Gourd,122,Common,0.0,169.0,600.0,1800.0,1000.0,0.0,0.0
2024-10-19 00:00:00+05:30,323,Gaddiannaram,1,Gaddiannaram,92,Custard apple,92,Common,0.0,624.0,2500.0,2500.0,2500.0,0.0,0.0
2024-10-18 00:00:00+05:30,331,Vantimamidi,1612,Vantimamidi,122,Bottle Gourd,122,Common,0.0,9.0,1000.0,2000.0,1500.0,0.0,0.0
2024-10-19 00:00:00+05:30,324,Bowenpally,3,Bowenpally,118,Field Beans,118,Common,0.0,274.0,1500.0,6000.0,4500.0,0.0,0.0
2024-10-18 00:00:00+05:30,289,Sadasivpet,1200,Sadasivapet,55,Onions,55,Common,0.0,25.0,2159.0,4379.0,4379.0,0.0,0.0
2024-10-19 00:00:00+05:30,323,Gaddiannaram,2,L.B Nagar,129,Cucumber,129,Common,0.0,110.0,3000.0,3500.0,3200.0,0.0,0.0
2024-10-19 00:00:00+05:30,325,Hyderabad,7,Meeralamandi,151,Lemon,151,Common,0.0,290.0,1040.0,3632.0,2336.0,0.0,0.0
2024-10-19 00:00:00+05:30,367,Gudimalkapur,1571,Gudumalkapur,122,Bottle Gourd,122,Common,0.0,141.0,600.0,2000.0,1000.0,0.0,0.0
2024-10-19 00:00:00+05:30,331,Vantimamidi,1612,Vantimamidi,122,Bottle Gourd,122,Common,0.0,13.0,1000.0,2000.0,1500.0,0.0,0.0
2024-10-20 00:00:00+05:30,324,Bowenpally,3,Bowenpally,118,Field Beans,118,Common,0.0,311.0,2000.0,6500.0,5000.0,0.0,0.0
2024-10-20 00:00:00+05:30,323,Gaddiannaram,1,Gaddiannaram,92,Custard apple,92,Common,0.0,362.0,2500.0,2500.0,2500.0,0.0,0.0
2024-10-20 00:00:00+05:30,325,Hyderabad,7,Meeralamandi,151,Lemon,151,Common,0.0,382.0,1000.0,3200.0,2100.0,0.0,0.0
2024-10-20 00:00:00+05:30,323,Gaddiannaram,2,L.B Nagar,129,Cucumber,129,Common,0.0,104.0,3000.0,3500.0,3200.0,0.0,0.0
2024-10-20 00:00:00+05:30,281,Venkateshwar Nagar,1106,V Nagar,123,Ribbed Gourd,123,Common,0.0,1.0,30.0,30.0,30.0,0.0,0.0
2024-10-20 00:00:00+05:30,367,Gudimalkapur,1571,Gudumalkapur,122,Bottle Gourd,122,Common,0.0,146.0,900.0,1200.0,1000.0,0.0,0.0
2024-10-20 00:00:00+05:30,331,Vantimamidi,1612,Vantimamidi,122,Bottle Gourd,122,Common,0.0,2.0,1000.0,1000.0,1000.0,0.0,0.0
2024-10-21 00:00:00+05:30,323,Gaddiannaram,1,Gaddiannaram,92,Custard apple,92,Common,0.0,963.0,2500.0,2500.0,2500.0,0.0,0.0
2024-10-21 00:00:00+05:30,323,Gaddiannaram,2,L.B Nagar,129,Cucumber,129,Common,0.0,80.0,4000.0,5000.0,3200.0,0.0,0.0
2024-10-21 00:00:00+05:30,324,Bowenpally,3,Bowenpally,118,Field Beans,118,Common,0.0,283.0,2000.0,6000.0,5000.0,0.0,0.0
2024-10-21 00:00:00+05:30,325,Hyderabad,7,Meeralamandi,151,Lemon,151,Common,0.0,348.0,1200.0,3200.0,2200.0,0.0,0.0
2024-10-21 00:00:00+05:30,367,Gudimalkapur,1571,Gudumalkapur,122,Bottle Gourd,122,Common,0.0,253.0,600.0,3000.0,1200.0,0.0,0.0
2024-10-22 00:00:00+05:30,323,Gaddiannaram,1,Gaddiannaram,92,Custard apple,92,Common,0.0,917.0,2500.0,2500.0,2500.0,0.0,0.0
2024-10-22 00:00:00+05:30,323,Gaddiannaram,2,L.B Nagar,129,Cucumber,129,Common,0.0,125.0,4000.0,4500.0,4200.0,0.0,0.0
2024-10-21 00:00:00+05:30,331,Vantimamidi,1612,Vantimamidi,122,Bottle Gourd,122,Common,0.0,28.0,1000.0,3000.0,2000.0,0.0,0.0
2024-10-22 00:00:00+05:30,325,Hyderabad,7,Meeralamandi,151,Lemon,151,Common,0.0,382.0,1000.0,3000.0,2000.0,0.0,0.0
2024-10-22 00:00:00+05:30,324,Bowenpally,3,Bowenpally,118,Field Beans,118,Common,0.0,92.0,1000.0,6000.0,4500.0,0.0,0.0
2024-10-22 00:00:00+05:30,281,Venkateshwar Nagar,1106,V Nagar,123,Ribbed Gourd,123,Common,0.0,3.0,35.0,35.0,35.0,0.0,0.0
2024-10-22 00:00:00+05:30,367,Gudimalkapur,1571,Gudumalkapur,122,Bottle Gourd,122,Common,0.0,147.0,1200.0,2500.0,1600.0,0.0,0.0
2024-10-23 00:00:00+05:30,323,Gaddiannaram,2,L.B Nagar,129,Cucumber,129,Common,0.0,146.0,4000.0,4500.0,4200.0,0.0,0.0
2024-10-22 00:00:00+05:30,331,Vantimamidi,1612,Vantimamidi,122,Bottle Gourd,122,Common,0.0,3.0,900.0,900.0,900.0,0.0,0.0
2024-10-23 00:00:00+05:30,323,Gaddiannaram,1,Gaddiannaram,92,Custard apple,92,Common,0.0,1041.0,2500.0,2500.0,2500.0,0.0,0.0
2024-10-23 00:00:00+05:30,325,Hyderabad,7,Meeralamandi,151,Lemon,151,Common,0.0,341.0,1040.0,2800.0,1920.0,0.0,0.0
2024-10-23 00:00:00+05:30,324,Bowenpally,3,Bowenpally,118,Field Beans,118,Common,0.0,497.0,3000.0,7500.0,6200.0,0.0,0.0
2024-10-23 00:00:00+05:30,281,Venkateshwar Nagar,1106,V Nagar,123,Ribbed Gourd,123,Common,0.0,1.0,30.0,30.0,30.0,0.0,0.0
2024-10-23 00:00:00+05:30,303,Kalwakurthy,1340,Kalwakurthy,129,Cucumber,129,Common,0.0,4.0,4500.0,5000.0,4750.0,0.0,0.0
2024-10-23 00:00:00+05:30,367,Gudimalkapur,1571,Gudumalkapur,122,Bottle Gourd,122,Common,0.0,388.0,1000.0,2000.0,1300.0,0.0,0.0
2024-10-24 00:00:00+05:30,323,Gaddiannaram,1,Gaddiannaram,92,Custard apple,92,Common,0.0,842.0,2500.0,2500.0,2500.0,0.0,0.0
2024-10-23 00:00:00+05:30,331,Vantimamidi,1612,Vantimamidi,122,Bottle Gourd,122,Common,0.0,30.0,1000.0,1500.0,1250.0,0.0,0.0
2024-10-24 00:00:00+05:30,324,Bowenpally,3,Bowenpally,118,Field Beans,118,Common,0.0,151.0,1500.0,7500.0,5500.0,0.0,0.0
2024-10-24 00:00:00+05:30,323,Gaddiannaram,2,L.B Nagar,129,Cucumber,129,Common,0.0,109.0,4000.0,4500.0,4200.0,0.0,0.0
2024-10-24 00:00:00+05:30,325,Hyderabad,7,Meeralamandi,151,Lemon,151,Common,0.0,350.0,1040.0,2880.0,1960.0,0.0,0.0
2024-10-24 00:00:00+05:30,281,Venkateshwar Nagar,1106,V Nagar,123,Ribbed Gourd,123,Common,0.0,2.0,30.0,30.0,30.0,0.0,0.0
2024-10-24 00:00:00+05:30,303,Kalwakurthy,1340,Kalwakurthy,129,Cucumber,129,Common,0.0,5.0,3000.0,4500.0,3750.0,0.0,0.0
2024-10-24 00:00:00+05:30,289,Sadasivpet,1200,Sadasivapet,55,Onions,55,Common,0.0,23.0,1116.0,4669.0,4509.0,0.0,0.0
2024-10-24 00:00:00+05:30,367,Gudimalkapur,1571,Gudumalkapur,122,Bottle Gourd,122,Common,0.0,271.0,1500.0,3000.0,2000.0,0.0,0.0
2024-10-25 00:00:00+05:30,323,Gaddiannaram,1,Gaddiannaram,92,Custard apple,92,Common,0.0,912.0,2500.0,2500.0,2500.0,0.0,0.0
2024-10-24 00:00:00+05:30,331,Vantimamidi,1612,Vantimamidi,122,Bottle Gourd,122,Common,0.0,8.0,500.0,1000.0,750.0,0.0,0.0
2024-10-25 00:00:00+05:30,323,Gaddiannaram,2,L.B Nagar,129,Cucumber,129,Common,0.0,71.0,4000.0,4500.0,4200.0,0.0,0.0
2024-10-25 00:00:00+05:30,325,Hyderabad,7,Meeralamandi,151,Lemon,151,Common,0.0,292.0,920.0,2800.0,1860.0,0.0,0.0
2024-10-25 00:00:00+05:30,281,Venkateshwar Nagar,1106,V Nagar,123,Ribbed Gourd,123,Common,0.0,2.0,30.0,30.0,30.0,0.0,0.0
2024-10-25 00:00:00+05:30,303,Kalwakurthy,1340,Kalwakurthy,129,Cucumber,129,Common,0.0,5.0,3000.0,5000.0,4000.0,0.0,0.0
2024-10-25 00:00:00+05:30,289,Sadasivpet,1200,Sadasivapet,55,Onions,55,Common,0.0,238.0,1789.0,4907.0,4411.0,0.0,0.0
2024-10-26 00:00:00+05:30,323,Gaddiannaram,1,Gaddiannaram,92,Custard apple,92,Common,0.0,773.0,2500.0,2500.0,2500.0,0.0,0.0
2024-10-26 00:00:00+05:30,323,Gaddiannaram,2,L.B Nagar,129,Cucumber,129,Common,0.0,135.0,3500.0,4500.0,4000.0,0.0,0.0
2024-10-25 00:00:00+05:30,367,Gudimalkapur,1571,Gudumalkapur,122,Bottle Gourd,122,Common,0.0,166.0,600.0,2300.0,2000.0,0.0,0.0
2024-10-25 00:00:00+05:30,331,Vantimamidi,1612,Vantimamidi,122,Bottle Gourd,122,Common,0.0,19.0,750.0,2000.0,1375.0,0.0,0.0
2024-10-26 00:00:00+05:30,324,Bowenpally,3,Bowenpally,118,Field Beans,118,Common,0.0,163.0,5000.0,8000.0,7000.0,0.0,0.0
2024-10-26 00:00:00+05:30,325,Hyderabad,7,Meeralamandi,151,Lemon,151,Common,0.0,275.0,1000.0,2880.0,1940.0,0.0,0.0
2024-10-26 00:00:00+05:30,289,Sadasivpet,1200,Sadasivapet,55,Onions,55,Common,0.0,66.0,1556.0,5339.0,4439.0,0.0,0.0
2024-10-26 00:00:00+05:30,303,Kalwakurthy,1340,Kalwakurthy,129,Cucumber,129,Common,0.0,4.0,3000.0,4000.0,3500.0,0.0,0.0
2024-10-26 00:00:00+05:30,367,Gudimalkapur,1571,Gudumalkapur,122,Bottle Gourd,122,Common,0.0,300.0,1000.0,2000.0,1300.0,0.0,0.0
2024-10-26 00:00:00+05:30,331,Vantimamidi,1612,Vantimamidi,122,Bottle Gourd,122,Common,0.0,29.0,500.0,1000.0,750.0,0.0,0.0
2024-10-27 00:00:00+05:30,325,Hyderabad,7,Meeralamandi,151,Lemon,151,Common,0.0,290.0,1200.0,2800.0,2000.0,0.0,0.0
2024-10-27 00:00:00+05:30,281,Venkateshwar Nagar,1106,V Nagar,123,Ribbed Gourd,123,Common,0.0,2.0,30.0,30.0,30.0,0.0,0.0
2024-10-27 00:00:00+05:30,303,Kalwakurthy,1340,Kalwakurthy,129,Cucumber,129,Common,0.0,4.0,4000.0,5000.0,4500.0,0.0,0.0
2024-10-27 00:00:00+05:30,323,Gaddiannaram,2,L.B Nagar,129,Cucumber,129,Common,0.0,131.0,3500.0,4500.0,4000.0,0.0,0.0
2024-10-27 00:00:00+05:30,323,Gaddiannaram,1,Gaddiannaram,92,Custard apple,92,Common,0.0,598.0,2500.0,2500.0,2500.0,0.0,0.0
2024-10-27 00:00:00+05:30,324,Bowenpally,3,Bowenpally,118,Field Beans,118,Common,0.0,188.0,5000.0,10000.0,9000.0,0.0,0.0
2024-10-28 00:00:00+05:30,323,Gaddiannaram,1,Gaddiannaram,92,Custard apple,92,Common,0.0,993.0,2500.0,2500.0,2500.0,0.0,0.0
2024-10-28 00:00:00+05:30,323,Gaddiannaram,2,L.B Nagar,129,Cucumber,129,Common,0.0,93.0,4000.0,4500.0,4200.0,0.0,0.0
2024-10-27 00:00:00+05:30,331,Vantimamidi,1612,Vantimamidi,122,Bottle Gourd,122,Common,0.0,10.0,400.0,800.0,600.0,0.0,0.0
2024-10-27 00:00:00+05:30,367,Gudimalkapur,1571,Gudumalkapur,122,Bottle Gourd,122,Common,0.0,211.0,1000.0,2000.0,1300.0,0.0,0.0
2024-10-28 00:00:00+05:30,324,Bowenpally,3,Bowenpally,118,Field Beans,118,Common,0.0,151.0,2000.0,9500.0,6500.0,0.0,0.0
2024-10-28 00:00:00+05:30,325,Hyderabad,7,Meeralamandi,151,Lemon,151,Common,0.0,288.0,1040.0,2720.0,1880.0,0.0,0.0
2024-10-28 00:00:00+05:30,246,Warangal,886,Warangal,32,Gingelly,223,White,0.0,1.58,11122.0,11321.0,11122.0,0.0,0.0
2024-10-28 00:00:00+05:30,310,Shadnagar,1330,Shadnagar,125,Bitter Gourd,125,Common,0.0,4.0,2500.0,3000.0,2800.0,0.0,0.0
2024-10-28 00:00:00+05:30,367,Gudimalkapur,1571,Gudumalkapur,122,Bottle Gourd,122,Common,0.0,193.0,1300.0,2000.0,1600.0,0.0,0.0
2024-10-28 00:00:00+05:30,331,Vantimamidi,1612,Vantimamidi,122,Bottle Gourd,122,Common,0.0,9.0,1400.0,1400.0,1400.0,0.0,0.0
2024-10-29 00:00:00+05:30,325,Hyderabad,7,Meeralamandi,151,Lemon,151,Common,0.0,262.0,1300.0,2800.0,2050.0,0.0,0.0
2024-10-29 00:00:00+05:30,323,Gaddiannaram,1,Gaddiannaram,92,Custard apple,92,Common,0.0,689.0,1000.0,3500.0,1500.0,0.0,0.0
2024-10-28 00:00:00+05:30,303,Kalwakurthy,1340,Kalwakurthy,129,Cucumber,129,Common,0.0,2.0,4500.0,5200.0,4850.0,0.0,0.0
2024-10-29 00:00:00+05:30,323,Gaddiannaram,2,L.B Nagar,129,Cucumber,129,Common,0.0,95.0,4000.0,4500.0,4200.0,0.0,0.0
2024-10-29 00:00:00+05:30,324,Bowenpally,3,Bowenpally,118,Field Beans,118,Common,0.0,358.0,4000.0,9000.0,8000.0,0.0,0.0
2024-10-29 00:00:00+05:30,281,Venkateshwar Nagar,1106,V Nagar,123,Ribbed Gourd,123,Common,0.0,10.0,40.0,40.0,40.0,0.0,0.0
2024-10-30 00:00:00+05:30,323,Gaddiannaram,1,Gaddiannaram,92,Custard apple,92,Common,0.0,853.0,1000.0,3500.0,2000.0,0.0,0.0
2024-10-30 00:00:00+05:30,323,Gaddiannaram,2,L.B Nagar,129,Cucumber,129,Common,0.0,181.0,3000.0,4000.0,3500.0,0.0,0.0
2024-10-29 00:00:00+05:30,331,Vantimamidi,1612,Vantimamidi,122,Bottle Gourd,122,Common,0.0,25.0,1000.0,1000.0,1000.0,0.0,0.0
2024-10-29 00:00:00+05:30,367,Gudimalkapur,1571,Gudumalkapur,122,Bottle Gourd,122,Common,0.0,313.0,5000.0,2300.0,1300.0,0.0,0.0
2024-10-30 00:00:00+05:30,325,Hyderabad,7,Meeralamandi,151,Lemon,151,Common,0.0,255.0,1040.0,3000.0,2020.0,0.0,0.0
2024-10-30 00:00:00+05:30,324,Bowenpally,3,Bowenpally,118,Field Beans,118,Common,0.0,271.0,4000.0,9000.0,7500.0,0.0,0.0
2024-10-30 00:00:00+05:30,310,Shadnagar,1330,Shadnagar,125,Bitter Gourd,125,Common,0.0,5.0,2200.0,2800.0,2500.0,0.0,0.0
2024-10-30 00:00:00+05:30,303,Kalwakurthy,1340,Kalwakurthy,129,Cucumber,129,Common,0.0,1.0,7500.0,7500.0,7500.0,0.0,0.0
2024-10-30 00:00:00+05:30,331,Vantimamidi,1612,Vantimamidi,122,Bottle Gourd,122,Common,0.0,17.0,500.0,1000.0,750.0,0.0,0.0
2024-10-30 00:00:00+05:30,367,Gudimalkapur,1571,Gudumalkapur,122,Bottle Gourd,122,Common,0.0,315.0,900.0,1500.0,1000.0,0.0,0.0
2024-10-31 00:00:00+05:30,323,Gaddiannaram,1,Gaddiannaram,92,Custard apple,92,Common,0.0,782.0,1000.0,4000.0,2000.0,0.0,0.0
2024-10-31 00:00:00+05:30,323,Gaddiannaram,2,L.B Nagar,129,Cucumber,129,Common,0.0,163.0,3000.0,4000.0,3500.0,0.0,0.0
2024-10-31 00:00:00+05:30,324,Bowenpally,3,Bowenpally,118,Field Beans,118,Common,0.0,104.0,1000.0,8500.0,7000.0,0.0,0.0
2024-10-31 00:00:00+05:30,325,Hyderabad,7,Meeralamandi,151,Lemon,151,Common,0.0,224.0,800.0,2816.0,1808.0,0.0,0.0
2024-10-31 00:00:00+05:30,310,Shadnagar,1330,Shadnagar,125,Bitter Gourd,125,Common,0.0,5.0,2500.0,3000.0,2800.0,0.0,0.0
2024-10-31 00:00:00+05:30,303,Kalwakurthy,1340,Kalwakurthy,129,Cucumber,129,Common,0.0,3.0,5000.0,5500.0,5250.0,0.0,0.0
2024-10-31 00:00:00+05:30,367,Gudimalkapur,1571,Gudumalkapur,122,Bottle Gourd,122,Common,0.0,382.0,900.0,1500.0,1000.0,0.0,0.0
2024-10-26 00:00:00+05:30,331,Vantimamidi,1612,Vantimamidi,123,Ribbed Gourd,123,Common,0.0,69.0,2000.0,6000.0,4000.0,0.0,0.0
2024-10-26 00:00:00+05:30,367,Gudimalkapur,1571,Gudumalkapur,123,Ribbed Gourd,123,Common,0.0,253.0,3500.0,6000.0,4000.0,0.0,0.0
2024-10-26 00:00:00+05:30,325,Hyderabad,6,Madannapeta,155,Donda,155,Common,0.0,12.0,2200.0,2500.0,2350.0,0.0,0.0
2024-10-26 00:00:00+05:30,324,Bowenpally,3,Bowenpally,121,Snake Gourd,121,Common,0.0,14.0,500.0,1500.0,1200.0,0.0,0.0
2024-10-25 00:00:00+05:30,331,Vantimamidi,1612,Vantimamidi,123,Ribbed Gourd,123,Common,0.0,56.0,2000.0,5000.0,3500.0,0.0,0.0
2024-10-25 00:00:00+05:30,367,Gudimalkapur,1571,Gudumalkapur,123,Ribbed Gourd,123,Common,0.0,124.0,3000.0,5000.0,4000.0,0.0,0.0
2024-10-26 00:00:00+05:30,323,Gaddiannaram,2,L.B Nagar,130,Drumstick,130,Common,0.0,15.0,2000.0,2500.0,2200.0,0.0,0.0
2024-10-25 00:00:00+05:30,281,Venkateshwar Nagar,1106,V Nagar,125,Bitter Gourd,125,Common,0.0,1.0,30.0,30.0,30.0,0.0,0.0
2024-10-25 00:00:00+05:30,246,Warangal,886,Warangal,32,Gingelly,224,Black,0.0,0.58,9850.0,9850.0,9850.0,0.0,0.0
2024-10-25 00:00:00+05:30,323,Gaddiannaram,2,L.B Nagar,130,Drumstick,130,Common,0.0,3.0,2000.0,3000.0,2500.0,0.0,0.0
2024-10-25 00:00:00+05:30,325,Hyderabad,6,Madannapeta,155,Donda,155,Common,0.0,17.0,2750.0,2750.0,2750.0,0.0,0.0
2024-10-24 00:00:00+05:30,331,Vantimamidi,1612,Vantimamidi,123,Ribbed Gourd,123,Common,0.0,68.0,2000.0,4000.0,3000.0,0.0,0.0
2024-10-24 00:00:00+05:30,367,Gudimalkapur,1571,Gudumalkapur,123,Ribbed Gourd,123,Common,0.0,130.0,2000.0,5000.0,4000.0,0.0,0.0
2024-10-24 00:00:00+05:30,281,Venkateshwar Nagar,1106,V Nagar,125,Bitter Gourd,125,Common,0.0,1.0,30.0,30.0,30.0,0.0,0.0
2024-10-24 00:00:00+05:30,323,Gaddiannaram,2,L.B Nagar,130,Drumstick,130,Common,0.0,7.0,2000.0,3000.0,2500.0,0.0,0.0
2024-10-24 00:00:00+05:30,325,Hyderabad,6,Madannapeta,155,Donda,155,Common,0.0,17.0,3000.0,3000.0,3000.0,0.0,0.0
2024-10-24 00:00:00+05:30,324,Bowenpally,3,Bowenpally,121,Snake Gourd,121,Common,0.0,2.0,500.0,1000.0,800.0,0.0,0.0
2024-10-23 00:00:00+05:30,331,Vantimamidi,1612,Vantimamidi,123,Ribbed Gourd,123,Common,0.0,94.0,2000.0,6000.0,4000.0,0.0,0.0
2024-10-23 00:00:00+05:30,367,Gudimalkapur,1571,Gudumalkapur,123,Ribbed Gourd,123,Common,0.0,236.0,1500.0,6000.0,4000.0,0.0,0.0
2024-10-23 00:00:00+05:30,281,Venkateshwar Nagar,1106,V Nagar,125,Bitter Gourd,125,Common,0.0,1.0,30.0,30.0,30.0,0.0,0.0
2024-10-23 00:00:00+05:30,324,Bowenpally,3,Bowenpally,121,Snake Gourd,121,Common,0.0,17.0,500.0,1500.0,1200.0,0.0,0.0
2024-10-23 00:00:00+05:30,325,Hyderabad,6,Madannapeta,155,Donda,155,Common,0.0,17.0,3500.0,4000.0,3750.0,0.0,0.0
2024-10-22 00:00:00+05:30,331,Vantimamidi,1612,Vantimamidi,123,Ribbed Gourd,123,Common,0.0,84.0,1500.0,4000.0,2750.0,0.0,0.0
2024-10-23 00:00:00+05:30,323,Gaddiannaram,2,L.B Nagar,130,Drumstick,130,Common,0.0,24.0,2000.0,3000.0,2500.0,0.0,0.0
2024-10-22 00:00:00+05:30,367,Gudimalkapur,1571,Gudumalkapur,123,Ribbed Gourd,123,Common,0.0,169.0,1500.0,5500.0,4000.0,0.0,0.0
2024-10-22 00:00:00+05:30,281,Venkateshwar Nagar,1106,V Nagar,125,Bitter Gourd,125,Common,0.0,2.0,35.0,35.0,35.0,0.0,0.0
2024-10-22 00:00:00+05:30,324,Bowenpally,3,Bowenpally,121,Snake Gourd,121,Common,0.0,11.0,500.0,1500.0,1200.0,0.0,0.0
2024-10-22 00:00:00+05:30,325,Hyderabad,6,Madannapeta,155,Donda,155,Common,0.0,6.0,2000.0,3000.0,2500.0,0.0,0.0
2024-10-21 00:00:00+05:30,331,Vantimamidi,1612,Vantimamidi,123,Ribbed Gourd,123,Common,0.0,87.0,2000.0,5000.0,3500.0,0.0,0.0
2024-10-22 00:00:00+05:30,323,Gaddiannaram,2,L.B Nagar,130,Drumstick,130,Common,0.0,15.0,2000.0,3000.0,2500.0,0.0,0.0
2024-10-21 00:00:00+05:30,367,Gudimalkapur,1571,Gudumalkapur,123,Ribbed Gourd,123,Common,0.0,175.0,2000.0,5000.0,3000.0,0.0,0.0
2024-10-21 00:00:00+05:30,325,Hyderabad,6,Madannapeta,155,Donda,155,Common,0.0,17.0,2000.0,3000.0,2500.0,0.0,0.0
2024-10-21 00:00:00+05:30,324,Bowenpally,3,Bowenpally,121,Snake Gourd,121,Common,0.0,21.0,500.0,1500.0,1200.0,0.0,0.0
2024-10-21 00:00:00+05:30,323,Gaddiannaram,2,L.B Nagar,130,Drumstick,130,Common,0.0,15.0,2000.0,3000.0,2500.0,0.0,0.0
2024-10-20 00:00:00+05:30,331,Vantimamidi,1612,Vantimamidi,123,Ribbed Gourd,123,Common,0.0,59.0,2000.0,4000.0,3000.0,0.0,0.0
2024-10-20 00:00:00+05:30,367,Gudimalkapur,1571,Gudumalkapur,123,Ribbed Gourd,123,Common,0.0,176.0,2500.0,4500.0,3000.0,0.0,0.0
2024-10-20 00:00:00+05:30,281,Venkateshwar Nagar,1106,V Nagar,125,Bitter Gourd,125,Common,0.0,1.0,30.0,30.0,30.0,0.0,0.0
2024-10-20 00:00:00+05:30,323,Gaddiannaram,2,L.B Nagar,130,Drumstick,130,Common,0.0,7.0,3000.0,6000.0,4500.0,0.0,0.0
2024-10-20 00:00:00+05:30,325,Hyderabad,6,Madannapeta,155,Donda,155,Common,0.0,26.0,1800.0,2000.0,1900.0,0.0,0.0
2024-10-20 00:00:00+05:30,324,Bowenpally,3,Bowenpally,121,Snake Gourd,121,Common,0.0,14.0,1000.0,1500.0,1400.0,0.0,0.0
2024-10-19 00:00:00+05:30,331,Vantimamidi,1612,Vantimamidi,123,Ribbed Gourd,123,Common,0.0,71.0,2000.0,5000.0,3500.0,0.0,0.0
2024-10-19 00:00:00+05:30,367,Gudimalkapur,1571,Gudumalkapur,123,Ribbed Gourd,123,Common,0.0,215.0,1200.0,4500.0,3000.0,0.0,0.0
2024-10-19 00:00:00+05:30,325,Hyderabad,6,Madannapeta,155,Donda,155,Common,0.0,17.0,1500.0,3000.0,2250.0,0.0,0.0
2024-10-19 00:00:00+05:30,323,Gaddiannaram,2,L.B Nagar,130,Drumstick,130,Common,0.0,10.0,2000.0,3000.0,2500.0,0.0,0.0
2024-10-19 00:00:00+05:30,324,Bowenpally,3,Bowenpally,121,Snake Gourd,121,Common,0.0,19.0,500.0,2000.0,1600.0,0.0,0.0
2024-10-18 00:00:00+05:30,331,Vantimamidi,1612,Vantimamidi,123,Ribbed Gourd,123,Common,0.0,70.0,1000.0,5000.0,3000.0,0.0,0.0
2024-10-18 00:00:00+05:30,367,Gudimalkapur,1571,Gudumalkapur,123,Ribbed Gourd,123,Common,0.0,154.0,2000.0,4000.0,2500.0,0.0,0.0
2024-10-18 00:00:00+05:30,325,Hyderabad,6,Madannapeta,155,Donda,155,Common,0.0,26.0,1800.0,2000.0,1900.0,0.0,0.0
2024-10-18 00:00:00+05:30,323,Gaddiannaram,2,L.B Nagar,130,Drumstick,130,Common,0.0,15.0,2000.0,3000.0,2500.0,0.0,0.0
2024-10-18 00:00:00+05:30,324,Bowenpally,3,Bowenpally,121,Snake Gourd,121,Common,0.0,5.0,500.0,2000.0,1600.0,0.0,0.0
2024-10-17 00:00:00+05:30,367,Gudimalkapur,1571,Gudumalkapur,123,Ribbed Gourd,123,Common,0.0,158.0,1500.0,5500.0,3000.0,0.0,0.0
2024-10-17 00:00:00+05:30,331,Vantimamidi,1612,Vantimamidi,123,Ribbed Gourd,123,Common,0.0,81.0,2000.0,4000.0,3000.0,0.0,0.0
2024-10-17 00:00:00+05:30,323,Gaddiannaram,2,L.B Nagar,130,Drumstick,130,Common,0.0,22.0,3000.0,3500.0,3200.0,0.0,0.0
2024-10-17 00:00:00+05:30,325,Hyderabad,6,Madannapeta,155,Donda,155,Common,0.0,30.0,2000.0,2500.0,2250.0,0.0,0.0
2024-10-17 00:00:00+05:30,324,Bowenpally,3,Bowenpally,121,Snake Gourd,121,Common,0.0,38.0,500.0,2000.0,1600.0,0.0,0.0
2024-10-16 00:00:00+05:30,289,Sadasivpet,1200,Sadasivapet,57,Tumeric,227,Finger,0.0,1.0,7155.0,7155.0,7155.0,0.0,0.0
2024-10-16 00:00:00+05:30,367,Gudimalkapur,1571,Gudumalkapur,123,Ribbed Gourd,123,Common,0.0,223.0,2000.0,4000.0,2500.0,0.0,0.0
2024-10-16 00:00:00+05:30,324,Bowenpally,3,Bowenpally,121,Snake Gourd,121,Common,0.0,30.0,500.0,1500.0,1000.0,0.0,0.0
2024-10-16 00:00:00+05:30,325,Hyderabad,6,Madannapeta,155,Donda,155,Common,0.0,37.0,1500.0,2500.0,2000.0,0.0,0.0
2024-10-15 00:00:00+05:30,331,Vantimamidi,1612,Vantimamidi,123,Ribbed Gourd,123,Common,0.0,80.0,2000.0,3000.0,2500.0,0.0,0.0
2024-10-15 00:00:00+05:30,367,Gudimalkapur,1571,Gudumalkapur,123,Ribbed Gourd,123,Common,0.0,336.0,1000.0,4000.0,2500.0,0.0,0.0
2024-10-16 00:00:00+05:30,323,Gaddiannaram,2,L.B Nagar,130,Drumstick,130,Common,0.0,15.0,1500.0,2500.0,2000.0,0.0,0.0
2024-10-15 00:00:00+05:30,324,Bowenpally,3,Bowenpally,121,Snake Gourd,121,Common,0.0,26.0,500.0,2000.0,1600.0,0.0,0.0
2024-10-15 00:00:00+05:30,323,Gaddiannaram,2,L.B Nagar,130,Drumstick,130,Common,0.0,20.0,1000.0,2000.0,1500.0,0.0,0.0
2024-10-15 00:00:00+05:30,325,Hyderabad,6,Madannapeta,155,Donda,155,Common,0.0,8.0,2500.0,3000.0,2750.0,0.0,0.0
2024-10-14 00:00:00+05:30,331,Vantimamidi,1612,Vantimamidi,123,Ribbed Gourd,123,Common,0.0,107.0,800.0,2500.0,1650.0,0.0,0.0
2024-10-14 00:00:00+05:30,367,Gudimalkapur,1571,Gudumalkapur,123,Ribbed Gourd,123,Common,0.0,263.0,2000.0,4500.0,2500.0,0.0,0.0
2024-10-14 00:00:00+05:30,325,Hyderabad,6,Madannapeta,155,Donda,155,Common,0.0,5.0,3000.0,3000.0,3000.0,0.0,0.0
2024-10-14 00:00:00+05:30,323,Gaddiannaram,2,L.B Nagar,130,Drumstick,130,Common,0.0,5.0,1500.0,2000.0,1700.0,0.0,0.0
2024-10-14 00:00:00+05:30,324,Bowenpally,3,Bowenpally,121,Snake Gourd,121,Common,0.0,18.0,500.0,2000.0,1600.0,0.0,0.0
2024-10-13 00:00:00+05:30,367,Gudimalkapur,1571,Gudumalkapur,123,Ribbed Gourd,123,Common,0.0,183.0,1500.0,3500.0,2500.0,0.0,0.0
2024-10-13 00:00:00+05:30,331,Vantimamidi,1612,Vantimamidi,123,Ribbed Gourd,123,Common,0.0,93.0,1000.0,4000.0,2500.0,0.0,0.0
2024-10-12 00:00:00+05:30,331,Vantimamidi,1612,Vantimamidi,123,Ribbed Gourd,123,Common,0.0,21.0,1000.0,2000.0,1500.0,0.0,0.0
2024-10-13 00:00:00+05:30,325,Hyderabad,6,Madannapeta,155,Donda,155,Common,0.0,7.0,3000.0,3000.0,3000.0,0.0,0.0
2024-10-13 00:00:00+05:30,324,Bowenpally,3,Bowenpally,121,Snake Gourd,121,Common,0.0,3.0,1000.0,1500.0,1300.0,0.0,0.0
2024-10-11 00:00:00+05:30,331,Vantimamidi,1612,Vantimamidi,123,Ribbed Gourd,123,Common,0.0,59.0,1000.0,2000.0,1500.0,0.0,0.0
2024-10-12 00:00:00+05:30,325,Hyderabad,6,Madannapeta,155,Donda,155,Common,0.0,5.0,3000.0,3000.0,3000.0,0.0,0.0
2024-10-12 00:00:00+05:30,367,Gudimalkapur,1571,Gudumalkapur,123,Ribbed Gourd,123,Common,0.0,168.0,2000.0,3000.0,2500.0,0.0,0.0
2024-10-12 00:00:00+05:30,324,Bowenpally,3,Bowenpally,121,Snake Gourd,121,Common,0.0,3.0,500.0,1500.0,1200.0,0.0,0.0
2024-10-11 00:00:00+05:30,367,Gudimalkapur,1571,Gudumalkapur,123,Ribbed Gourd,123,Common,0.0,146.0,2000.0,3500.0,2500.0,0.0,0.0
2024-10-12 00:00:00+05:30,323,Gaddiannaram,2,L.B Nagar,130,Drumstick,130,Common,0.0,5.0,2000.0,2500.0,2200.0,0.0,0.0
2024-10-11 00:00:00+05:30,281,Venkateshwar Nagar,1106,V Nagar,125,Bitter Gourd,125,Common,0.0,1.0,25.0,25.0,25.0,0.0,0.0
2024-10-11 00:00:00+05:30,324,Bowenpally,3,Bowenpally,121,Snake Gourd,121,Common,0.0,22.0,500.0,1500.0,1200.0,0.0,0.0
2024-10-11 00:00:00+05:30,323,Gaddiannaram,2,L.B Nagar,130,Drumstick,130,Common,0.0,16.0,1500.0,2000.0,1700.0,0.0,0.0
2024-10-11 00:00:00+05:30,325,Hyderabad,6,Madannapeta,155,Donda,155,Common,0.0,20.0,3000.0,3500.0,3250.0,0.0,0.0
2024-10-10 00:00:00+05:30,281,Venkateshwar Nagar,1106,V Nagar,125,Bitter Gourd,125,Common,0.0,2.0,20.0,20.0,20.0,0.0,0.0
2024-10-10 00:00:00+05:30,331,Vantimamidi,1612,Vantimamidi,123,Ribbed Gourd,123,Common,0.0,70.0,1000.0,2000.0,1500.0,0.0,0.0
2024-10-10 00:00:00+05:30,367,Gudimalkapur,1571,Gudumalkapur,123,Ribbed Gourd,123,Common,0.0,219.0,2500.0,4500.0,3000.0,0.0,0.0
2024-10-10 00:00:00+05:30,323,Gaddiannaram,2,L.B Nagar,130,Drumstick,130,Common,0.0,14.0,1500.0,2000.0,1700.0,0.0,0.0
2024-10-10 00:00:00+05:30,325,Hyderabad,6,Madannapeta,155,Donda,155,Common,0.0,5.0,3000.0,3000.0,3000.0,0.0,0.0
2024-10-10 00:00:00+05:30,324,Bowenpally,3,Bowenpally,121,Snake Gourd,121,Common,0.0,7.0,500.0,1500.0,1200.0,0.0,0.0
2024-10-09 00:00:00+05:30,331,Vantimamidi,1612,Vantimamidi,123,Ribbed Gourd,123,Common,0.0,67.0,2000.0,4000.0,3000.0,0.0,0.0
2024-10-09 00:00:00+05:30,325,Hyderabad,6,Madannapeta,155,Donda,155,Common,0.0,14.0,3000.0,3500.0,3250.0,0.0,0.0
2024-10-09 00:00:00+05:30,367,Gudimalkapur,1571,Gudumalkapur,123,Ribbed Gourd,123,Common,0.0,246.0,2500.0,4500.0,3000.0,0.0,0.0
2024-10-08 00:00:00+05:30,331,Vantimamidi,1612,Vantimamidi,123,Ribbed Gourd,123,Common,0.0,66.0,2000.0,4000.0,3000.0,0.0,0.0
2024-10-08 00:00:00+05:30,367,Gudimalkapur,1571,Gudumalkapur,123,Ribbed Gourd,123,Common,0.0,147.0,1500.0,6500.0,3000.0,0.0,0.0
2024-10-09 00:00:00+05:30,323,Gaddiannaram,2,L.B Nagar,130,Drumstick,130,Common,0.0,10.0,1500.0,2000.0,1700.0,0.0,0.0
2024-10-08 00:00:00+05:30,281,Venkateshwar Nagar,1106,V Nagar,125,Bitter Gourd,125,Common,0.0,2.0,30.0,30.0,30.0,0.0,0.0
2024-10-08 00:00:00+05:30,325,Hyderabad,6,Madannapeta,155,Donda,155,Common,0.0,14.0,3000.0,4000.0,3500.0,0.0,0.0
2024-10-08 00:00:00+05:30,246,Warangal,886,Warangal,32,Gingelly,224,Black,0.0,0.8,4222.0,4222.0,4222.0,0.0,0.0
2024-10-08 00:00:00+05:30,323,Gaddiannaram,2,L.B Nagar,130,Drumstick,130,Common,0.0,22.0,1500.0,2000.0,1700.0,0.0,0.0
2024-10-07 00:00:00+05:30,331,Vantimamidi,1612,Vantimamidi,123,Ribbed Gourd,123,Common,0.0,67.0,2000.0,5000.0,3500.0,0.0,0.0
2024-10-07 00:00:00+05:30,367,Gudimalkapur,1571,Gudumalkapur,123,Ribbed Gourd,123,Common,0.0,313.0,700.0,4500.0,2500.0,0.0,0.0
2024-10-07 00:00:00+05:30,325,Hyderabad,6,Madannapeta,155,Donda,155,Common,0.0,5.0,3000.0,3000.0,3000.0,0.0,0.0
2024-10-07 00:00:00+05:30,324,Bowenpally,3,Bowenpally,121,Snake Gourd,121,Common,0.0,6.0,500.0,1000.0,800.0,0.0,0.0
2024-10-07 00:00:00+05:30,323,Gaddiannaram,2,L.B Nagar,130,Drumstick,130,Common,0.0,15.0,1500.0,2000.0,1700.0,0.0,0.0
2024-10-06 00:00:00+05:30,281,Venkateshwar Nagar,1106,V Nagar,125,Bitter Gourd,125,Common,0.0,1.0,40.0,40.0,40.0,0.0,0.0
2024-10-06 00:00:00+05:30,331,Vantimamidi,1612,Vantimamidi,123,Ribbed Gourd,123,Common,0.0,67.0,1000.0,4000.0,2500.0,0.0,0.0
2024-10-06 00:00:00+05:30,367,Gudimalkapur,1571,Gudumalkapur,123,Ribbed Gourd,123,Common,0.0,149.0,2000.0,5000.0,3000.0,0.0,0.0
2024-10-06 00:00:00+05:30,324,Bowenpally,3,Bowenpally,121,Snake Gourd,121,Common,0.0,21.0,1000.0,2500.0,2000.0,0.0,0.0
2024-10-06 00:00:00+05:30,325,Hyderabad,6,Madannapeta,155,Donda,155,Common,0.0,5.0,3000.0,3000.0,3000.0,0.0,0.0
2024-10-05 00:00:00+05:30,331,Vantimamidi,1612,Vantimamidi,123,Ribbed Gourd,123,Common,0.0,66.0,3000.0,4500.0,3750.0,0.0,0.0
2024-10-05 00:00:00+05:30,367,Gudimalkapur,1571,Gudumalkapur,123,Ribbed Gourd,123,Common,0.0,239.0,1500.0,4000.0,2000.0,0.0,0.0
2024-10-06 00:00:00+05:30,323,Gaddiannaram,2,L.B Nagar,130,Drumstick,130,Common,0.0,20.0,1500.0,2000.0,1700.0,0.0,0.0
2024-10-05 00:00:00+05:30,281,Venkateshwar Nagar,1106,V Nagar,125,Bitter Gourd,125,Common,0.0,1.0,35.0,35.0,35.0,0.0,0.0
2024-10-05 00:00:00+05:30,323,Gaddiannaram,2,L.B Nagar,130,Drumstick,130,Common,0.0,26.0,1000.0,2000.0,1500.0,0.0,0.0
2024-10-05 00:00:00+05:30,325,Hyderabad,6,Madannapeta,155,Donda,155,Common,0.0,11.0,4000.0,4000.0,4000.0,0.0,0.0
2024-10-05 00:00:00+05:30,324,Bowenpally,3,Bowenpally,121,Snake Gourd,121,Common,0.0,28.0,500.0,1500.0,1200.0,0.0,0.0
2024-10-04 00:00:00+05:30,331,Vantimamidi,1612,Vantimamidi,123,Ribbed Gourd,123,Common,0.0,74.0,1000.0,3500.0,2250.0,0.0,0.0
2024-10-04 00:00:00+05:30,367,Gudimalkapur,1571,Gudumalkapur,123,Ribbed Gourd,123,Common,0.0,247.0,600.0,4000.0,2000.0,0.0,0.0
2024-10-04 00:00:00+05:30,281,Venkateshwar Nagar,1106,V Nagar,125,Bitter Gourd,125,Common,0.0,1.0,35.0,35.0,35.0,0.0,0.0
2024-10-04 00:00:00+05:30,324,Bowenpally,3,Bowenpally,121,Snake Gourd,121,Common,0.0,22.0,500.0,1500.0,1200.0,0.0,0.0
2024-10-04 00:00:00+05:30,325,Hyderabad,6,Madannapeta,155,Donda,155,Common,0.0,5.0,3000.0,3000.0,3000.0,0.0,0.0
2024-10-04 00:00:00+05:30,246,Warangal,886,Warangal,32,Gingelly,224,Black,0.0,0.43,5459.0,5459.0,5459.0,0.0,0.0
2024-10-03 00:00:00+05:30,331,Vantimamidi,1612,Vantimamidi,123,Ribbed Gourd,123,Common,0.0,64.0,2000.0,3000.0,2500.0,0.0,0.0
2024-10-04 00:00:00+05:30,323,Gaddiannaram,2,L.B Nagar,130,Drumstick,130,Common,0.0,23.0,1000.0,2000.0,1500.0,0.0,0.0
2024-10-03 00:00:00+05:30,367,Gudimalkapur,1571,Gudumalkapur,123,Ribbed Gourd,123,Common,0.0,189.0,1500.0,4000.0,2500.0,0.0,0.0
2024-10-03 00:00:00+05:30,325,Hyderabad,6,Madannapeta,155,Donda,155,Common,0.0,17.0,3000.0,3500.0,3250.0,0.0,0.0
2024-10-03 00:00:00+05:30,323,Gaddiannaram,2,L.B Nagar,130,Drumstick,130,Common,0.0,20.0,1000.0,2000.0,1500.0,0.0,0.0
2024-10-03 00:00:00+05:30,324,Bowenpally,3,Bowenpally,121,Snake Gourd,121,Common,0.0,44.0,500.0,1500.0,1200.0,0.0,0.0
2024-10-01 00:00:00+05:30,367,Gudimalkapur,1571,Gudumalkapur,123,Ribbed Gourd,123,Common,0.0,296.0,1000.0,3500.0,2000.0,0.0,0.0
2024-10-01 00:00:00+05:30,281,Venkateshwar Nagar,1106,V Nagar,125,Bitter Gourd,125,Common,0.0,1.0,30.0,30.0,30.0,0.0,0.0
2024-10-02 00:00:00+05:30,331,Vantimamidi,1612,Vantimamidi,123,Ribbed Gourd,123,Common,0.0,50.0,2000.0,4000.0,3000.0,0.0,0.0
2024-10-01 00:00:00+05:30,324,Bowenpally,3,Bowenpally,121,Snake Gourd,121,Common,0.0,18.0,500.0,1500.0,1200.0,0.0,0.0
2024-10-01 00:00:00+05:30,323,Gaddiannaram,2,L.B Nagar,130,Drumstick,130,Common,0.0,20.0,1000.0,2000.0,1500.0,0.0,0.0
2024-10-01 00:00:00+05:30,325,Hyderabad,6,Madannapeta,155,Donda,155,Common,0.0,13.0,3000.0,3000.0,3000.0,0.0,0.0
2024-10-01 00:00:00+05:30,246,Warangal,886,Warangal,32,Gingelly,224,Black,0.0,0.63,8859.0,8859.0,8859.0,0.0,0.0
2024-10-31 00:00:00+05:30,367,Gudimalkapur,1571,Gudumalkapur,123,Ribbed Gourd,123,Common,0.0,271.0,1500.0,4000.0,2000.0,0.0,0.0
2024-10-31 00:00:00+05:30,281,Venkateshwar Nagar,1106,V Nagar,125,Bitter Gourd,125,Common,0.0,3.0,40.0,40.0,40.0,0.0,0.0
2024-10-31 00:00:00+05:30,325,Hyderabad,6,Madannapeta,155,Donda,155,Common,0.0,8.0,2500.0,2600.0,2550.0,0.0,0.0
2024-10-31 00:00:00+05:30,324,Bowenpally,3,Bowenpally,121,Snake Gourd,121,Common,0.0,46.0,500.0,2000.0,1600.0,0.0,0.0
2024-10-31 00:00:00+05:30,323,Gaddiannaram,2,L.B Nagar,130,Drumstick,130,Common,0.0,20.0,3000.0,3500.0,3200.0,0.0,0.0
2024-10-30 00:00:00+05:30,367,Gudimalkapur,1571,Gudumalkapur,123,Ribbed Gourd,123,Common,0.0,261.0,4000.0,4500.0,4000.0,0.0,0.0
2024-10-30 00:00:00+05:30,331,Vantimamidi,1612,Vantimamidi,123,Ribbed Gourd,123,Common,0.0,130.0,1000.0,2500.0,1750.0,0.0,0.0
2024-10-30 00:00:00+05:30,325,Hyderabad,6,Madannapeta,155,Donda,155,Common,0.0,21.0,3250.0,3250.0,3250.0,0.0,0.0
2024-10-29 00:00:00+05:30,367,Gudimalkapur,1571,Gudumalkapur,123,Ribbed Gourd,123,Common,0.0,295.0,2000.0,5500.0,3000.0,0.0,0.0
2024-10-29 00:00:00+05:30,331,Vantimamidi,1612,Vantimamidi,123,Ribbed Gourd,123,Common,0.0,140.0,1000.0,4000.0,2500.0,0.0,0.0
2024-10-30 00:00:00+05:30,323,Gaddiannaram,2,L.B Nagar,130,Drumstick,130,Common,0.0,20.0,2000.0,3000.0,2500.0,0.0,0.0
2024-10-29 00:00:00+05:30,281,Venkateshwar Nagar,1106,V Nagar,125,Bitter Gourd,125,Common,0.0,4.0,50.0,50.0,50.0,0.0,0.0
2024-10-29 00:00:00+05:30,324,Bowenpally,3,Bowenpally,121,Snake Gourd,121,Common,0.0,32.0,1000.0,2000.0,1700.0,0.0,0.0
2024-10-29 00:00:00+05:30,323,Gaddiannaram,2,L.B Nagar,130,Drumstick,130,Common,0.0,20.0,3000.0,3500.0,3200.0,0.0,0.0
2024-10-29 00:00:00+05:30,325,Hyderabad,6,Madannapeta,155,Donda,155,Common,0.0,11.0,3500.0,3500.0,3500.0,0.0,0.0
2024-10-28 00:00:00+05:30,331,Vantimamidi,1612,Vantimamidi,123,Ribbed Gourd,123,Common,0.0,83.0,2000.0,4000.0,3000.0,0.0,0.0
2024-10-28 00:00:00+05:30,367,Gudimalkapur,1571,Gudumalkapur,123,Ribbed Gourd,123,Common,0.0,177.0,2500.0,4500.0,3500.0,0.0,0.0
2024-10-28 00:00:00+05:30,325,Hyderabad,6,Madannapeta,155,Donda,155,Common,0.0,5.0,3000.0,3000.0,3000.0,0.0,0.0
2024-10-28 00:00:00+05:30,324,Bowenpally,3,Bowenpally,121,Snake Gourd,121,Common,0.0,27.0,500.0,2000.0,1500.0,0.0,0.0
2024-10-27 00:00:00+05:30,367,Gudimalkapur,1571,Gudumalkapur,123,Ribbed Gourd,123,Common,0.0,154.0,2000.0,4500.0,4000.0,0.0,0.0
2024-10-27 00:00:00+05:30,331,Vantimamidi,1612,Vantimamidi,123,Ribbed Gourd,123,Common,0.0,52.0,2000.0,4000.0,3000.0,0.0,0.0
2024-10-28 00:00:00+05:30,323,Gaddiannaram,2,L.B Nagar,130,Drumstick,130,Common,0.0,25.0,2500.0,3500.0,3000.0,0.0,0.0
2024-10-27 00:00:00+05:30,324,Bowenpally,3,Bowenpally,121,Snake Gourd,121,Common,0.0,19.0,1000.0,1500.0,1400.0,0.0,0.0
2024-10-27 00:00:00+05:30,325,Hyderabad,6,Madannapeta,155,Donda,155,Common,0.0,12.0,2500.0,3000.0,2750.0,0.0,0.0
2024-10-27 00:00:00+05:30,323,Gaddiannaram,2,L.B Nagar,130,Drumstick,130,Common,0.0,16.0,2000.0,2500.0,2200.0,0.0,0.0
2024-10-27 00:00:00+05:30,281,Venkateshwar Nagar,1106,V Nagar,125,Bitter Gourd,125,Common,0.0,1.0,30.0,30.0,30.0,0.0,0.0
2024-10-01 00:00:00+05:30,325,Hyderabad,6,Madannapeta,199,Capsicum,204,Common,0.0,1.0,3000.0,3000.0,3000.0,0.0,0.0
2024-10-01 00:00:00+05:30,323,Gaddiannaram,1,Gaddiannaram,97,Apple,97,Common,0.0,2155.0,1650.0,10550.0,5550.0,0.0,0.0
2024-10-01 00:00:00+05:30,324,Bowenpally,3,Bowenpally,122,Bottle Gourd,122,Common,0.0,703.0,400.0,1600.0,1200.0,0.0,0.0
2024-10-02 00:00:00+05:30,331,Vantimamidi,1612,Vantimamidi,125,Bitter Gourd,125,Common,0.0,47.0,2000.0,3000.0,2500.0,0.0,0.0
2024-10-02 00:00:00+05:30,323,Gaddiannaram,1,Gaddiannaram,97,Apple,97,Common,0.0,1138.0,1650.0,11100.0,5550.0,0.0,0.0
2024-10-01 00:00:00+05:30,281,Venkateshwar Nagar,1106,V Nagar,129,Cucumber,129,Common,0.0,3.0,20.0,20.0,20.0,0.0,0.0
2024-10-01 00:00:00+05:30,367,Gudimalkapur,1571,Gudumalkapur,125,Bitter Gourd,125,Common,0.0,142.0,2000.0,7500.0,2500.0,0.0,0.0
2024-10-03 00:00:00+05:30,324,Bowenpally,3,Bowenpally,122,Bottle Gourd,122,Common,0.0,530.0,400.0,1400.0,1000.0,0.0,0.0
2024-10-03 00:00:00+05:30,323,Gaddiannaram,1,Gaddiannaram,97,Apple,97,Common,0.0,1246.0,1650.0,10500.0,5250.0,0.0,0.0
2024-10-03 00:00:00+05:30,367,Gudimalkapur,1571,Gudumalkapur,125,Bitter Gourd,125,Common,0.0,129.0,2000.0,3500.0,2500.0,0.0,0.0
2024-10-03 00:00:00+05:30,331,Vantimamidi,1612,Vantimamidi,125,Bitter Gourd,125,Common,0.0,51.0,2000.0,3000.0,2500.0,0.0,0.0
2024-10-04 00:00:00+05:30,323,Gaddiannaram,1,Gaddiannaram,97,Apple,97,Common,0.0,2087.0,1650.0,11100.0,5250.0,0.0,0.0
2024-10-04 00:00:00+05:30,324,Bowenpally,3,Bowenpally,122,Bottle Gourd,122,Common,0.0,367.0,400.0,1200.0,1000.0,0.0,0.0
2024-10-04 00:00:00+05:30,281,Venkateshwar Nagar,1106,V Nagar,129,Cucumber,129,Common,0.0,2.0,30.0,30.0,30.0,0.0,0.0
2024-10-04 00:00:00+05:30,367,Gudimalkapur,1571,Gudumalkapur,125,Bitter Gourd,125,Common,0.0,246.0,1000.0,3500.0,2000.0,0.0,0.0
2024-10-04 00:00:00+05:30,331,Vantimamidi,1612,Vantimamidi,125,Bitter Gourd,125,Common,0.0,33.0,2000.0,3000.0,2500.0,0.0,0.0
2024-10-05 00:00:00+05:30,323,Gaddiannaram,1,Gaddiannaram,97,Apple,97,Common,0.0,1575.0,1650.0,11100.0,5250.0,0.0,0.0
2024-10-05 00:00:00+05:30,324,Bowenpally,3,Bowenpally,122,Bottle Gourd,122,Common,0.0,879.0,300.0,1600.0,1200.0,0.0,0.0
2024-10-05 00:00:00+05:30,325,Hyderabad,6,Madannapeta,199,Capsicum,204,Common,0.0,3.0,3000.0,3000.0,3000.0,0.0,0.0
2024-10-05 00:00:00+05:30,281,Venkateshwar Nagar,1106,V Nagar,129,Cucumber,129,Common,0.0,1.0,40.0,40.0,40.0,0.0,0.0
2024-10-06 00:00:00+05:30,323,Gaddiannaram,1,Gaddiannaram,97,Apple,97,Common,0.0,608.0,1650.0,11100.0,5250.0,0.0,0.0
2024-10-05 00:00:00+05:30,367,Gudimalkapur,1571,Gudumalkapur,125,Bitter Gourd,125,Common,0.0,256.0,2000.0,8000.0,2500.0,0.0,0.0
2024-10-05 00:00:00+05:30,331,Vantimamidi,1612,Vantimamidi,125,Bitter Gourd,125,Common,0.0,30.0,2000.0,2500.0,2250.0,0.0,0.0
2024-10-06 00:00:00+05:30,324,Bowenpally,3,Bowenpally,122,Bottle Gourd,122,Common,0.0,683.0,400.0,1600.0,1200.0,0.0,0.0
2024-10-06 00:00:00+05:30,367,Gudimalkapur,1571,Gudumalkapur,125,Bitter Gourd,125,Common,0.0,95.0,2000.0,3000.0,2500.0,0.0,0.0
2024-10-06 00:00:00+05:30,331,Vantimamidi,1612,Vantimamidi,125,Bitter Gourd,125,Common,0.0,76.0,2000.0,5000.0,3500.0,0.0,0.0
2024-10-06 00:00:00+05:30,281,Venkateshwar Nagar,1106,V Nagar,129,Cucumber,129,Common,0.0,3.0,40.0,40.0,40.0,0.0,0.0
2024-10-07 00:00:00+05:30,323,Gaddiannaram,1,Gaddiannaram,97,Apple,97,Common,0.0,3433.0,1650.0,10500.0,5550.0,0.0,0.0
2024-10-07 00:00:00+05:30,324,Bowenpally,3,Bowenpally,122,Bottle Gourd,122,Common,0.0,748.0,300.0,1400.0,1200.0,0.0,0.0
2024-10-07 00:00:00+05:30,367,Gudimalkapur,1571,Gudumalkapur,125,Bitter Gourd,125,Common,0.0,186.0,1500.0,3500.0,2500.0,0.0,0.0
2024-10-07 00:00:00+05:30,331,Vantimamidi,1612,Vantimamidi,125,Bitter Gourd,125,Common,0.0,29.0,2000.0,2500.0,2250.0,0.0,0.0
2024-10-08 00:00:00+05:30,323,Gaddiannaram,1,Gaddiannaram,97,Apple,97,Common,0.0,2400.0,1650.0,10550.0,5800.0,0.0,0.0
2024-10-08 00:00:00+05:30,325,Hyderabad,6,Madannapeta,199,Capsicum,204,Common,0.0,3.0,5000.0,5000.0,5000.0,0.0,0.0
2024-10-08 00:00:00+05:30,281,Venkateshwar Nagar,1106,V Nagar,129,Cucumber,129,Common,0.0,2.0,30.0,30.0,30.0,0.0,0.0
2024-10-09 00:00:00+05:30,323,Gaddiannaram,1,Gaddiannaram,97,Apple,97,Common,0.0,1706.0,1650.0,10550.0,5550.0,0.0,0.0
2024-10-08 00:00:00+05:30,367,Gudimalkapur,1571,Gudumalkapur,125,Bitter Gourd,125,Common,0.0,147.0,2000.0,3500.0,2500.0,0.0,0.0
2024-10-08 00:00:00+05:30,331,Vantimamidi,1612,Vantimamidi,125,Bitter Gourd,125,Common,0.0,73.0,1500.0,2500.0,2000.0,0.0,0.0
2024-10-09 00:00:00+05:30,367,Gudimalkapur,1571,Gudumalkapur,125,Bitter Gourd,125,Common,0.0,189.0,2000.0,3500.0,2500.0,0.0,0.0
2024-10-09 00:00:00+05:30,303,Kalwakurthy,1340,Kalwakurthy,155,Donda,155,Common,0.0,1.0,3000.0,3000.0,3000.0,0.0,0.0
2024-10-09 00:00:00+05:30,325,Hyderabad,6,Madannapeta,199,Capsicum,204,Common,0.0,5.0,1800.0,2000.0,1900.0,0.0,0.0
2024-10-09 00:00:00+05:30,331,Vantimamidi,1612,Vantimamidi,125,Bitter Gourd,125,Common,0.0,44.0,2000.0,3500.0,3000.0,0.0,0.0
2024-10-10 00:00:00+05:30,323,Gaddiannaram,1,Gaddiannaram,97,Apple,97,Common,0.0,1398.0,1650.0,10550.0,5250.0,0.0,0.0
2024-10-10 00:00:00+05:30,324,Bowenpally,3,Bowenpally,122,Bottle Gourd,122,Common,0.0,499.0,400.0,1600.0,1200.0,0.0,0.0
2024-10-10 00:00:00+05:30,367,Gudimalkapur,1571,Gudumalkapur,125,Bitter Gourd,125,Common,0.0,174.0,2000.0,3500.0,2500.0,0.0,0.0
2024-10-10 00:00:00+05:30,331,Vantimamidi,1612,Vantimamidi,125,Bitter Gourd,125,Common,0.0,48.0,1000.0,2000.0,1500.0,0.0,0.0
2024-10-10 00:00:00+05:30,303,Kalwakurthy,1340,Kalwakurthy,155,Donda,155,Common,0.0,4.0,2500.0,3000.0,2750.0,0.0,0.0
2024-10-10 00:00:00+05:30,281,Venkateshwar Nagar,1106,V Nagar,129,Cucumber,129,Common,0.0,1.0,40.0,40.0,40.0,0.0,0.0
2024-10-11 00:00:00+05:30,324,Bowenpally,3,Bowenpally,122,Bottle Gourd,122,Common,0.0,402.0,400.0,1200.0,1000.0,0.0,0.0
2024-10-11 00:00:00+05:30,281,Venkateshwar Nagar,1106,V Nagar,129,Cucumber,129,Common,0.0,1.0,40.0,40.0,40.0,0.0,0.0
2024-10-11 00:00:00+05:30,367,Gudimalkapur,1571,Gudumalkapur,125,Bitter Gourd,125,Common,0.0,118.0,1000.0,3000.0,2000.0,0.0,0.0
2024-10-12 00:00:00+05:30,324,Bowenpally,3,Bowenpally,122,Bottle Gourd,122,Common,0.0,98.0,400.0,1000.0,800.0,0.0,0.0
2024-10-12 00:00:00+05:30,367,Gudimalkapur,1571,Gudumalkapur,125,Bitter Gourd,125,Common,0.0,9.0,2000.0,2000.0,2000.0,0.0,0.0
2024-10-11 00:00:00+05:30,331,Vantimamidi,1612,Vantimamidi,125,Bitter Gourd,125,Common,0.0,54.0,1000.0,1500.0,1250.0,0.0,0.0
2024-10-13 00:00:00+05:30,324,Bowenpally,3,Bowenpally,122,Bottle Gourd,122,Common,0.0,858.0,400.0,1200.0,1000.0,0.0,0.0
2024-10-12 00:00:00+05:30,331,Vantimamidi,1612,Vantimamidi,125,Bitter Gourd,125,Common,0.0,18.0,1000.0,1000.0,1000.0,0.0,0.0
2024-10-13 00:00:00+05:30,331,Vantimamidi,1612,Vantimamidi,125,Bitter Gourd,125,Common,0.0,51.0,1500.0,2500.0,2000.0,0.0,0.0
2024-10-13 00:00:00+05:30,367,Gudimalkapur,1571,Gudumalkapur,125,Bitter Gourd,125,Common,0.0,58.0,2000.0,3000.0,2500.0,0.0,0.0
2024-10-14 00:00:00+05:30,324,Bowenpally,3,Bowenpally,122,Bottle Gourd,122,Common,0.0,755.0,400.0,1400.0,1200.0,0.0,0.0
2024-10-14 00:00:00+05:30,323,Gaddiannaram,1,Gaddiannaram,97,Apple,97,Common,0.0,3736.0,1650.0,11100.0,5550.0,0.0,0.0
2024-10-14 00:00:00+05:30,367,Gudimalkapur,1571,Gudumalkapur,125,Bitter Gourd,125,Common,0.0,88.0,2000.0,3500.0,2500.0,0.0,0.0
2024-10-14 00:00:00+05:30,331,Vantimamidi,1612,Vantimamidi,125,Bitter Gourd,125,Common,0.0,126.0,800.0,2000.0,1400.0,0.0,0.0
2024-10-15 00:00:00+05:30,323,Gaddiannaram,1,Gaddiannaram,97,Apple,97,Common,0.0,1839.0,1650.0,10550.0,5000.0,0.0,0.0
2024-10-15 00:00:00+05:30,324,Bowenpally,3,Bowenpally,122,Bottle Gourd,122,Common,0.0,818.0,400.0,1400.0,1100.0,0.0,0.0
2024-10-15 00:00:00+05:30,367,Gudimalkapur,1571,Gudumalkapur,125,Bitter Gourd,125,Common,0.0,191.0,1000.0,2500.0,2000.0,0.0,0.0
2024-10-15 00:00:00+05:30,331,Vantimamidi,1612,Vantimamidi,125,Bitter Gourd,125,Common,0.0,43.0,1000.0,2000.0,1500.0,0.0,0.0
2024-10-16 00:00:00+05:30,323,Gaddiannaram,1,Gaddiannaram,97,Apple,97,Common,0.0,1960.0,1667.0,10556.0,5278.0,0.0,0.0
2024-10-16 00:00:00+05:30,324,Bowenpally,3,Bowenpally,122,Bottle Gourd,122,Common,0.0,552.0,600.0,1400.0,1000.0,0.0,0.0
2024-10-16 00:00:00+05:30,367,Gudimalkapur,1571,Gudumalkapur,125,Bitter Gourd,125,Common,0.0,139.0,1500.0,5000.0,2000.0,0.0,0.0
2024-10-16 00:00:00+05:30,289,Sadasivpet,1200,Sadasivapet,57,Tumeric,228,Bulb,0.0,1.0,8888.0,8888.0,8888.0,0.0,0.0
2024-10-17 00:00:00+05:30,324,Bowenpally,3,Bowenpally,122,Bottle Gourd,122,Common,0.0,723.0,300.0,1400.0,1000.0,0.0,0.0
2024-10-17 00:00:00+05:30,323,Gaddiannaram,1,Gaddiannaram,97,Apple,97,Common,0.0,1904.0,1650.0,10550.0,5000.0,0.0,0.0
2024-10-17 00:00:00+05:30,331,Vantimamidi,1612,Vantimamidi,125,Bitter Gourd,125,Common,0.0,132.0,1300.0,2500.0,1900.0,0.0,0.0
2024-10-18 00:00:00+05:30,323,Gaddiannaram,1,Gaddiannaram,97,Apple,97,Common,0.0,2361.0,1650.0,10550.0,5550.0,0.0,0.0
2024-10-17 00:00:00+05:30,367,Gudimalkapur,1571,Gudumalkapur,125,Bitter Gourd,125,Common,0.0,141.0,1500.0,3000.0,2000.0,0.0,0.0
2024-10-17 00:00:00+05:30,303,Kalwakurthy,1340,Kalwakurthy,155,Donda,155,Common,0.0,2.0,1500.0,2000.0,1750.0,0.0,0.0
2024-10-18 00:00:00+05:30,324,Bowenpally,3,Bowenpally,122,Bottle Gourd,122,Common,0.0,666.0,400.0,1400.0,1100.0,0.0,0.0
2024-10-18 00:00:00+05:30,325,Hyderabad,6,Madannapeta,199,Capsicum,204,Common,0.0,5.0,6000.0,7000.0,6500.0,0.0,0.0
2024-10-18 00:00:00+05:30,367,Gudimalkapur,1571,Gudumalkapur,125,Bitter Gourd,125,Common,0.0,93.0,2000.0,3000.0,2500.0,0.0,0.0
2024-10-18 00:00:00+05:30,331,Vantimamidi,1612,Vantimamidi,125,Bitter Gourd,125,Common,0.0,133.0,1000.0,2000.0,1500.0,0.0,0.0
2024-10-19 00:00:00+05:30,323,Gaddiannaram,1,Gaddiannaram,97,Apple,97,Common,0.0,1417.0,1650.0,10550.0,3850.0,0.0,0.0
2024-10-19 00:00:00+05:30,324,Bowenpally,3,Bowenpally,122,Bottle Gourd,122,Common,0.0,890.0,300.0,1400.0,1100.0,0.0,0.0
2024-10-19 00:00:00+05:30,367,Gudimalkapur,1571,Gudumalkapur,125,Bitter Gourd,125,Common,0.0,115.0,1500.0,3000.0,2000.0,0.0,0.0
2024-10-19 00:00:00+05:30,331,Vantimamidi,1612,Vantimamidi,125,Bitter Gourd,125,Common,0.0,91.0,1000.0,2000.0,1500.0,0.0,0.0
2024-10-20 00:00:00+05:30,324,Bowenpally,3,Bowenpally,122,Bottle Gourd,122,Common,0.0,1112.0,600.0,1400.0,1200.0,0.0,0.0
2024-10-20 00:00:00+05:30,325,Hyderabad,6,Madannapeta,199,Capsicum,204,Common,0.0,5.0,6000.0,7000.0,6500.0,0.0,0.0
2024-10-20 00:00:00+05:30,323,Gaddiannaram,1,Gaddiannaram,97,Apple,97,Common,0.0,1348.0,1650.0,10550.0,3850.0,0.0,0.0
2024-10-20 00:00:00+05:30,281,Venkateshwar Nagar,1106,V Nagar,129,Cucumber,129,Common,0.0,2.0,40.0,40.0,40.0,0.0,0.0
2024-10-20 00:00:00+05:30,367,Gudimalkapur,1571,Gudumalkapur,125,Bitter Gourd,125,Common,0.0,114.0,2000.0,3000.0,2500.0,0.0,0.0
2024-10-20 00:00:00+05:30,331,Vantimamidi,1612,Vantimamidi,125,Bitter Gourd,125,Common,0.0,68.0,1000.0,2000.0,1500.0,0.0,0.0
2024-10-21 00:00:00+05:30,323,Gaddiannaram,1,Gaddiannaram,97,Apple,97,Common,0.0,3603.0,1900.0,10550.0,5000.0,0.0,0.0
2024-10-21 00:00:00+05:30,324,Bowenpally,3,Bowenpally,122,Bottle Gourd,122,Common,0.0,969.0,400.0,1400.0,1200.0,0.0,0.0
2024-10-21 00:00:00+05:30,367,Gudimalkapur,1571,Gudumalkapur,125,Bitter Gourd,125,Common,0.0,119.0,2000.0,3000.0,2500.0,0.0,0.0
2024-10-22 00:00:00+05:30,323,Gaddiannaram,1,Gaddiannaram,97,Apple,97,Common,0.0,1872.0,1650.0,11100.0,5000.0,0.0,0.0
2024-10-21 00:00:00+05:30,331,Vantimamidi,1612,Vantimamidi,125,Bitter Gourd,125,Common,0.0,101.0,1000.0,3000.0,2000.0,0.0,0.0
2024-10-22 00:00:00+05:30,324,Bowenpally,3,Bowenpally,122,Bottle Gourd,122,Common,0.0,909.0,700.0,1400.0,1200.0,0.0,0.0
2024-10-22 00:00:00+05:30,281,Venkateshwar Nagar,1106,V Nagar,129,Cucumber,129,Common,0.0,3.0,35.0,35.0,35.0,0.0,0.0
2024-10-22 00:00:00+05:30,367,Gudimalkapur,1571,Gudumalkapur,125,Bitter Gourd,125,Common,0.0,103.0,2000.0,4500.0,3000.0,0.0,0.0
2024-10-22 00:00:00+05:30,331,Vantimamidi,1612,Vantimamidi,125,Bitter Gourd,125,Common,0.0,94.0,1000.0,3000.0,2000.0,0.0,0.0
2024-10-23 00:00:00+05:30,323,Gaddiannaram,1,Gaddiannaram,97,Apple,97,Common,0.0,3050.0,1650.0,11100.0,4700.0,0.0,0.0
2024-10-23 00:00:00+05:30,324,Bowenpally,3,Bowenpally,122,Bottle Gourd,122,Common,0.0,1110.0,400.0,1600.0,1300.0,0.0,0.0
2024-10-23 00:00:00+05:30,281,Venkateshwar Nagar,1106,V Nagar,129,Cucumber,129,Common,0.0,1.0,40.0,40.0,40.0,0.0,0.0
2024-10-23 00:00:00+05:30,367,Gudimalkapur,1571,Gudumalkapur,125,Bitter Gourd,125,Common,0.0,105.0,2500.0,5000.0,3000.0,0.0,0.0
2024-10-23 00:00:00+05:30,331,Vantimamidi,1612,Vantimamidi,125,Bitter Gourd,125,Common,0.0,117.0,4000.0,5000.0,4500.0,0.0,0.0
2024-10-24 00:00:00+05:30,323,Gaddiannaram,1,Gaddiannaram,97,Apple,97,Common,0.0,2818.0,1900.0,11100.0,4700.0,0.0,0.0
2024-10-24 00:00:00+05:30,324,Bowenpally,3,Bowenpally,122,Bottle Gourd,122,Common,0.0,1035.0,400.0,1400.0,1200.0,0.0,0.0
2024-10-24 00:00:00+05:30,281,Venkateshwar Nagar,1106,V Nagar,129,Cucumber,129,Common,0.0,1.0,40.0,40.0,40.0,0.0,0.0
2024-10-24 00:00:00+05:30,367,Gudimalkapur,1571,Gudumalkapur,125,Bitter Gourd,125,Common,0.0,138.0,2000.0,4000.0,3000.0,0.0,0.0
2024-10-24 00:00:00+05:30,303,Kalwakurthy,1340,Kalwakurthy,155,Donda,155,Common,0.0,4.0,2500.0,2500.0,2500.0,0.0,0.0
2024-10-24 00:00:00+05:30,331,Vantimamidi,1612,Vantimamidi,125,Bitter Gourd,125,Common,0.0,66.0,1000.0,3000.0,2000.0,0.0,0.0
2024-10-25 00:00:00+05:30,323,Gaddiannaram,1,Gaddiannaram,97,Apple,97,Common,0.0,2431.0,1650.0,11100.0,3850.0,0.0,0.0
2024-10-25 00:00:00+05:30,281,Venkateshwar Nagar,1106,V Nagar,129,Cucumber,129,Common,0.0,2.0,40.0,40.0,40.0,0.0,0.0
2024-10-25 00:00:00+05:30,303,Kalwakurthy,1340,Kalwakurthy,155,Donda,155,Common,0.0,1.0,3000.0,3000.0,3000.0,0.0,0.0
2024-10-26 00:00:00+05:30,323,Gaddiannaram,1,Gaddiannaram,97,Apple,97,Common,0.0,2086.0,1650.0,11100.0,3850.0,0.0,0.0
2024-10-25 00:00:00+05:30,367,Gudimalkapur,1571,Gudumalkapur,125,Bitter Gourd,125,Common,0.0,121.0,2000.0,3500.0,2500.0,0.0,0.0
2024-10-25 00:00:00+05:30,331,Vantimamidi,1612,Vantimamidi,125,Bitter Gourd,125,Common,0.0,56.0,2000.0,5000.0,3500.0,0.0,0.0
2024-10-26 00:00:00+05:30,324,Bowenpally,3,Bowenpally,122,Bottle Gourd,122,Common,0.0,939.0,400.0,1400.0,1100.0,0.0,0.0
2024-10-26 00:00:00+05:30,325,Hyderabad,6,Madannapeta,199,Capsicum,204,Common,0.0,2.0,7000.0,7000.0,7000.0,0.0,0.0
2024-10-26 00:00:00+05:30,367,Gudimalkapur,1571,Gudumalkapur,125,Bitter Gourd,125,Common,0.0,87.0,2000.0,3500.0,2500.0,0.0,0.0
2024-10-26 00:00:00+05:30,331,Vantimamidi,1612,Vantimamidi,125,Bitter Gourd,125,Common,0.0,57.0,2000.0,3000.0,2500.0,0.0,0.0
2024-10-27 00:00:00+05:30,281,Venkateshwar Nagar,1106,V Nagar,129,Cucumber,129,Common,0.0,2.0,40.0,40.0,40.0,0.0,0.0
2024-10-27 00:00:00+05:30,323,Gaddiannaram,1,Gaddiannaram,97,Apple,97,Common,0.0,948.0,1650.0,11100.0,3850.0,0.0,0.0
2024-10-27 00:00:00+05:30,324,Bowenpally,3,Bowenpally,122,Bottle Gourd,122,Common,0.0,997.0,400.0,1400.0,1100.0,0.0,0.0
2024-10-28 00:00:00+05:30,323,Gaddiannaram,1,Gaddiannaram,97,Apple,97,Common,0.0,2760.0,1650.0,11100.0,3850.0,0.0,0.0
2024-10-27 00:00:00+05:30,331,Vantimamidi,1612,Vantimamidi,125,Bitter Gourd,125,Common,0.0,53.0,2000.0,3000.0,2500.0,0.0,0.0
2024-10-27 00:00:00+05:30,367,Gudimalkapur,1571,Gudumalkapur,125,Bitter Gourd,125,Common,0.0,104.0,2000.0,3500.0,2500.0,0.0,0.0
2024-10-28 00:00:00+05:30,324,Bowenpally,3,Bowenpally,122,Bottle Gourd,122,Common,0.0,1063.0,400.0,1400.0,1200.0,0.0,0.0
2024-10-28 00:00:00+05:30,367,Gudimalkapur,1571,Gudumalkapur,125,Bitter Gourd,125,Common,0.0,69.0,2000.0,4000.0,3000.0,0.0,0.0
2024-10-28 00:00:00+05:30,331,Vantimamidi,1612,Vantimamidi,125,Bitter Gourd,125,Common,0.0,90.0,2000.0,3000.0,2500.0,0.0,0.0
2024-10-29 00:00:00+05:30,325,Hyderabad,6,Madannapeta,199,Capsicum,204,Common,0.0,3.0,6000.0,6000.0,6000.0,0.0,0.0
2024-10-28 00:00:00+05:30,303,Kalwakurthy,1340,Kalwakurthy,155,Donda,155,Common,0.0,1.0,4000.0,4000.0,4000.0,0.0,0.0
2024-10-29 00:00:00+05:30,323,Gaddiannaram,1,Gaddiannaram,97,Apple,97,Common,0.0,2736.0,1650.0,10800.0,3000.0,0.0,0.0
2024-10-29 00:00:00+05:30,324,Bowenpally,3,Bowenpally,122,Bottle Gourd,122,Common,0.0,1285.0,400.0,1400.0,1200.0,0.0,0.0
2024-10-29 00:00:00+05:30,281,Venkateshwar Nagar,1106,V Nagar,129,Cucumber,129,Common,0.0,8.0,40.0,40.0,40.0,0.0,0.0
2024-10-30 00:00:00+05:30,323,Gaddiannaram,1,Gaddiannaram,97,Apple,97,Common,0.0,1506.0,1650.0,10550.0,3850.0,0.0,0.0
2024-10-29 00:00:00+05:30,331,Vantimamidi,1612,Vantimamidi,125,Bitter Gourd,125,Common,0.0,109.0,2000.0,3000.0,2500.0,0.0,0.0
2024-10-29 00:00:00+05:30,367,Gudimalkapur,1571,Gudumalkapur,125,Bitter Gourd,125,Common,0.0,145.0,2000.0,4000.0,3000.0,0.0,0.0
2024-10-30 00:00:00+05:30,325,Hyderabad,6,Madannapeta,199,Capsicum,204,Common,0.0,3.0,5000.0,5000.0,5000.0,0.0,0.0
2024-10-30 00:00:00+05:30,324,Bowenpally,3,Bowenpally,122,Bottle Gourd,122,Common,0.0,1112.0,400.0,1400.0,1100.0,0.0,0.0
2024-10-30 00:00:00+05:30,331,Vantimamidi,1612,Vantimamidi,125,Bitter Gourd,125,Common,0.0,149.0,1000.0,3000.0,2000.0,0.0,0.0
2024-10-30 00:00:00+05:30,303,Kalwakurthy,1340,Kalwakurthy,155,Donda,155,Common,0.0,1.0,4000.0,4000.0,4000.0,0.0,0.0
2024-10-30 00:00:00+05:30,367,Gudimalkapur,1571,Gudumalkapur,125,Bitter Gourd,125,Common,0.0,106.0,2500.0,3500.0,3000.0,0.0,0.0
2024-10-31 00:00:00+05:30,323,Gaddiannaram,1,Gaddiannaram,97,Apple,97,Common,0.0,827.0,1650.0,10550.0,3850.0,0.0,0.0
2024-10-31 00:00:00+05:30,324,Bowenpally,3,Bowenpally,122,Bottle Gourd,122,Common,0.0,1221.0,300.0,1200.0,1000.0,0.0,0.0
2024-10-31 00:00:00+05:30,325,Hyderabad,6,Madannapeta,199,Capsicum,204,Common,0.0,1.0,5000.0,5000.0,5000.0,0.0,0.0
2024-10-31 00:00:00+05:30,281,Venkateshwar Nagar,1106,V Nagar,129,Cucumber,129,Common,0.0,3.0,40.0,40.0,40.0,0.0,0.0
2024-10-31 00:00:00+05:30,367,Gudimalkapur,1571,Gudumalkapur,125,Bitter Gourd,125,Common,0.0,58.0,1500.0,3000.0,2000.0,0.0,0.0
2024-10-31 00:00:00+05:30,303,Kalwakurthy,1340,Kalwakurthy,155,Donda,155,Common,0.0,1.0,2000.0,2000.0,2000.0,0.0,0.0
2024-10-26 00:00:00+05:30,367,Gudimalkapur,1571,Gudumalkapur,127,Kheera,127,Common,0.0,556.0,600.0,2000.0,800.0,0.0,0.0
2024-10-26 00:00:00+05:30,324,Bowenpally,3,Bowenpally,123,Ribbed Gourd,123,Common,0.0,1007.0,1000.0,3000.0,2500.0,0.0,0.0
2024-10-26 00:00:00+05:30,256,Khammam,1067,Khammam,114,Tomato,197,Local,0.0,360.0,2600.0,4000.0,2600.0,0.0,0.0
2024-10-26 00:00:00+05:30,192,Jainath,26,Jainath,89,Papaya,89,Common,0.0,160.0,550.0,625.0,587.0,0.0,0.0
2024-10-25 00:00:00+05:30,367,Gudimalkapur,1571,Gudumalkapur,127,Kheera,127,Common,0.0,110.0,800.0,2000.0,1200.0,0.0,0.0
2024-10-26 00:00:00+05:30,323,Gaddiannaram,1,Gaddiannaram,201,Nashpati(Pear),207,Common,0.0,2.0,5000.0,20000.0,8000.0,0.0,0.0
2024-10-26 00:00:00+05:30,323,Gaddiannaram,2,L.B Nagar,155,Donda,155,Common,0.0,122.0,2500.0,3500.0,3000.0,0.0,0.0
2024-10-25 00:00:00+05:30,281,Venkateshwar Nagar,1106,V Nagar,155,Donda,155,Common,0.0,3.0,30.0,30.0,30.0,0.0,0.0
2024-10-25 00:00:00+05:30,323,Gaddiannaram,1,Gaddiannaram,201,Nashpati(Pear),207,Common,0.0,2.0,5000.0,20000.0,8000.0,0.0,0.0
2024-10-25 00:00:00+05:30,323,Gaddiannaram,2,L.B Nagar,155,Donda,155,Common,0.0,60.0,2000.0,3000.0,2500.0,0.0,0.0
2024-10-25 00:00:00+05:30,246,Warangal,886,Warangal,54,Chillies(Dry),250,Teja,0.0,306.0,9500.0,12500.0,11000.0,0.0,0.0
2024-10-25 00:00:00+05:30,192,Jainath,26,Jainath,89,Papaya,89,Common,0.0,160.0,550.0,625.0,587.0,0.0,0.0
2024-10-24 00:00:00+05:30,367,Gudimalkapur,1571,Gudumalkapur,127,Kheera,127,Common,0.0,550.0,400.0,3000.0,600.0,0.0,0.0
2024-10-24 00:00:00+05:30,281,Venkateshwar Nagar,1106,V Nagar,155,Donda,155,Common,0.0,4.0,30.0,30.0,30.0,0.0,0.0
2024-10-24 00:00:00+05:30,246,Warangal,886,Warangal,54,Chillies(Dry),250,Teja,0.0,420.0,9500.0,12500.0,11000.0,0.0,0.0
2024-10-24 00:00:00+05:30,324,Bowenpally,3,Bowenpally,123,Ribbed Gourd,123,Common,0.0,937.0,1000.0,5000.0,3500.0,0.0,0.0
2024-10-24 00:00:00+05:30,323,Gaddiannaram,2,L.B Nagar,155,Donda,155,Common,0.0,101.0,2000.0,3000.0,2500.0,0.0,0.0
2024-10-24 00:00:00+05:30,192,Jainath,26,Jainath,89,Papaya,89,Common,0.0,320.0,550.0,625.0,587.0,0.0,0.0
2024-10-23 00:00:00+05:30,367,Gudimalkapur,1571,Gudumalkapur,127,Kheera,127,Common,0.0,409.0,600.0,2000.0,1000.0,0.0,0.0
2024-10-23 00:00:00+05:30,281,Venkateshwar Nagar,1106,V Nagar,155,Donda,155,Common,0.0,3.0,30.0,30.0,30.0,0.0,0.0
2024-10-23 00:00:00+05:30,192,Jainath,26,Jainath,89,Papaya,89,Common,0.0,400.0,550.0,625.0,587.0,0.0,0.0
2024-10-23 00:00:00+05:30,246,Warangal,886,Warangal,54,Chillies(Dry),250,Teja,0.0,411.0,9500.0,12500.0,11000.0,0.0,0.0
2024-10-23 00:00:00+05:30,324,Bowenpally,3,Bowenpally,123,Ribbed Gourd,123,Common,0.0,1004.0,600.0,1400.0,1200.0,0.0,0.0
2024-10-23 00:00:00+05:30,323,Gaddiannaram,2,L.B Nagar,155,Donda,155,Common,0.0,115.0,2000.0,3000.0,2500.0,0.0,0.0
2024-10-22 00:00:00+05:30,367,Gudimalkapur,1571,Gudumalkapur,127,Kheera,127,Common,0.0,494.0,500.0,2000.0,1000.0,0.0,0.0
2024-10-22 00:00:00+05:30,281,Venkateshwar Nagar,1106,V Nagar,155,Donda,155,Common,0.0,7.0,20.0,20.0,20.0,0.0,0.0
2024-10-22 00:00:00+05:30,324,Bowenpally,3,Bowenpally,123,Ribbed Gourd,123,Common,0.0,682.0,1000.0,3000.0,2500.0,0.0,0.0
2024-10-22 00:00:00+05:30,192,Jainath,26,Jainath,89,Papaya,89,Common,0.0,880.0,550.0,625.0,587.0,0.0,0.0
2024-10-22 00:00:00+05:30,323,Gaddiannaram,1,Gaddiannaram,201,Nashpati(Pear),207,Common,0.0,2.0,5000.0,20000.0,8000.0,0.0,0.0
2024-10-22 00:00:00+05:30,323,Gaddiannaram,2,L.B Nagar,155,Donda,155,Common,0.0,97.0,2500.0,3000.0,2700.0,0.0,0.0
2024-10-21 00:00:00+05:30,367,Gudimalkapur,1571,Gudumalkapur,127,Kheera,127,Common,0.0,419.0,500.0,2000.0,1000.0,0.0,0.0
2024-10-21 00:00:00+05:30,192,Jainath,26,Jainath,89,Papaya,89,Common,0.0,320.0,550.0,625.0,587.0,0.0,0.0
2024-10-21 00:00:00+05:30,324,Bowenpally,3,Bowenpally,123,Ribbed Gourd,123,Common,0.0,909.0,2000.0,4500.0,3800.0,0.0,0.0
2024-10-21 00:00:00+05:30,323,Gaddiannaram,1,Gaddiannaram,201,Nashpati(Pear),207,Common,0.0,43.0,5000.0,20000.0,8000.0,0.0,0.0
2024-10-21 00:00:00+05:30,323,Gaddiannaram,2,L.B Nagar,155,Donda,155,Common,0.0,71.0,2000.0,3000.0,2500.0,0.0,0.0
2024-10-21 00:00:00+05:30,246,Warangal,886,Warangal,54,Chillies(Dry),250,Teja,0.0,588.0,9500.0,12500.0,11000.0,0.0,0.0
2024-10-20 00:00:00+05:30,367,Gudimalkapur,1571,Gudumalkapur,127,Kheera,127,Common,0.0,518.0,800.0,1500.0,1200.0,0.0,0.0
2024-10-20 00:00:00+05:30,281,Venkateshwar Nagar,1106,V Nagar,155,Donda,155,Common,0.0,3.0,20.0,20.0,20.0,0.0,0.0
2024-10-20 00:00:00+05:30,256,Khammam,1067,Khammam,114,Tomato,197,Local,0.0,180.0,2800.0,3600.0,2800.0,0.0,0.0
2024-10-20 00:00:00+05:30,192,Jainath,26,Jainath,89,Papaya,89,Common,0.0,720.0,550.0,625.0,587.0,0.0,0.0
2024-10-20 00:00:00+05:30,323,Gaddiannaram,2,L.B Nagar,155,Donda,155,Common,0.0,78.0,1500.0,2500.0,200.0,0.0,0.0
2024-10-20 00:00:00+05:30,324,Bowenpally,3,Bowenpally,123,Ribbed Gourd,123,Common,0.0,562.0,1500.0,5000.0,4000.0,0.0,0.0
2024-10-19 00:00:00+05:30,367,Gudimalkapur,1571,Gudumalkapur,127,Kheera,127,Common,0.0,384.0,600.0,2500.0,1000.0,0.0,0.0
2024-10-19 00:00:00+05:30,192,Jainath,26,Jainath,89,Papaya,89,Common,0.0,320.0,550.0,625.0,587.0,0.0,0.0
2024-10-19 00:00:00+05:30,256,Khammam,1067,Khammam,114,Tomato,197,Local,0.0,310.0,2800.0,4000.0,2800.0,0.0,0.0
2024-10-19 00:00:00+05:30,324,Bowenpally,3,Bowenpally,123,Ribbed Gourd,123,Common,0.0,911.0,800.0,2000.0,1600.0,0.0,0.0
2024-10-19 00:00:00+05:30,323,Gaddiannaram,1,Gaddiannaram,201,Nashpati(Pear),207,Common,0.0,2.0,5000.0,20000.0,8000.0,0.0,0.0
2024-10-19 00:00:00+05:30,323,Gaddiannaram,2,L.B Nagar,155,Donda,155,Common,0.0,85.0,1500.0,2500.0,2000.0,0.0,0.0
2024-10-18 00:00:00+05:30,367,Gudimalkapur,1571,Gudumalkapur,127,Kheera,127,Common,0.0,189.0,600.0,2000.0,1000.0,0.0,0.0
2024-10-18 00:00:00+05:30,192,Jainath,26,Jainath,89,Papaya,89,Common,0.0,320.0,550.0,625.0,587.0,0.0,0.0
2024-10-18 00:00:00+05:30,246,Warangal,886,Warangal,54,Chillies(Dry),250,Teja,0.0,210.0,9500.0,12500.0,11000.0,0.0,0.0
2024-10-18 00:00:00+05:30,324,Bowenpally,3,Bowenpally,123,Ribbed Gourd,123,Common,0.0,703.0,1000.0,2000.0,1800.0,0.0,0.0
2024-10-18 00:00:00+05:30,323,Gaddiannaram,2,L.B Nagar,155,Donda,155,Common,0.0,110.0,1500.0,2500.0,2000.0,0.0,0.0
2024-10-17 00:00:00+05:30,367,Gudimalkapur,1571,Gudumalkapur,127,Kheera,127,Common,0.0,664.0,400.0,2500.0,600.0,0.0,0.0
2024-10-18 00:00:00+05:30,323,Gaddiannaram,1,Gaddiannaram,201,Nashpati(Pear),207,Common,0.0,5.0,5000.0,20000.0,8000.0,0.0,0.0
2024-10-17 00:00:00+05:30,323,Gaddiannaram,1,Gaddiannaram,201,Nashpati(Pear),207,Common,0.0,19.0,5000.0,20000.0,8000.0,0.0,0.0
2024-10-17 00:00:00+05:30,324,Bowenpally,3,Bowenpally,123,Ribbed Gourd,123,Common,0.0,806.0,500.0,4000.0,3000.0,0.0,0.0
2024-10-16 00:00:00+05:30,367,Gudimalkapur,1571,Gudumalkapur,127,Kheera,127,Common,0.0,422.0,500.0,3000.0,800.0,0.0,0.0
2024-10-17 00:00:00+05:30,323,Gaddiannaram,2,L.B Nagar,155,Donda,155,Common,0.0,136.0,2000.0,2500.0,2200.0,0.0,0.0
2024-10-17 00:00:00+05:30,246,Warangal,886,Warangal,54,Chillies(Dry),250,Teja,0.0,577.0,9500.0,12500.0,11000.0,0.0,0.0
2024-10-17 00:00:00+05:30,192,Jainath,26,Jainath,89,Papaya,89,Common,0.0,80.0,550.0,625.0,587.0,0.0,0.0
2024-10-16 00:00:00+05:30,324,Bowenpally,3,Bowenpally,123,Ribbed Gourd,123,Common,0.0,950.0,1000.0,2000.0,1500.0,0.0,0.0
2024-10-16 00:00:00+05:30,246,Warangal,886,Warangal,54,Chillies(Dry),250,Teja,0.0,166.0,9500.0,12500.0,11000.0,0.0,0.0
2024-10-15 00:00:00+05:30,367,Gudimalkapur,1571,Gudumalkapur,127,Kheera,127,Common,0.0,671.0,400.0,3000.0,800.0,0.0,0.0
2024-10-16 00:00:00+05:30,323,Gaddiannaram,2,L.B Nagar,155,Donda,155,Common,0.0,146.0,2500.0,3000.0,2700.0,0.0,0.0
2024-10-15 00:00:00+05:30,192,Jainath,26,Jainath,89,Papaya,89,Common,0.0,240.0,550.0,625.0,587.0,0.0,0.0
2024-10-15 00:00:00+05:30,324,Bowenpally,3,Bowenpally,123,Ribbed Gourd,123,Common,0.0,1196.0,500.0,1600.0,1300.0,0.0,0.0
2024-10-15 00:00:00+05:30,323,Gaddiannaram,1,Gaddiannaram,201,Nashpati(Pear),207,Common,0.0,6.0,5000.0,20000.0,8000.0,0.0,0.0
2024-10-15 00:00:00+05:30,323,Gaddiannaram,2,L.B Nagar,155,Donda,155,Common,0.0,111.0,2000.0,3000.0,2400.0,0.0,0.0
2024-10-15 00:00:00+05:30,246,Warangal,886,Warangal,54,Chillies(Dry),250,Teja,0.0,169.0,9500.0,12500.0,11000.0,0.0,0.0
2024-10-14 00:00:00+05:30,367,Gudimalkapur,1571,Gudumalkapur,127,Kheera,127,Common,0.0,573.0,400.0,2000.0,1000.0,0.0,0.0
2024-10-14 00:00:00+05:30,246,Warangal,886,Warangal,54,Chillies(Dry),250,Teja,0.0,231.0,12500.0,16500.0,15000.0,0.0,0.0
2024-10-14 00:00:00+05:30,192,Jainath,26,Jainath,89,Papaya,89,Common,0.0,160.0,550.0,625.0,587.0,0.0,0.0
2024-10-14 00:00:00+05:30,323,Gaddiannaram,1,Gaddiannaram,201,Nashpati(Pear),207,Common,0.0,6.0,5000.0,20000.0,8000.0,0.0,0.0
2024-10-14 00:00:00+05:30,323,Gaddiannaram,2,L.B Nagar,155,Donda,155,Common,0.0,52.0,3000.0,3500.0,3200.0,0.0,0.0
2024-10-14 00:00:00+05:30,324,Bowenpally,3,Bowenpally,123,Ribbed Gourd,123,Common,0.0,994.0,500.0,2000.0,1600.0,0.0,0.0
2024-10-13 00:00:00+05:30,367,Gudimalkapur,1571,Gudumalkapur,127,Kheera,127,Common,0.0,480.0,400.0,2000.0,1000.0,0.0,0.0
2024-10-13 00:00:00+05:30,192,Jainath,26,Jainath,89,Papaya,89,Common,0.0,320.0,550.0,625.0,587.0,0.0,0.0
2024-10-13 00:00:00+05:30,324,Bowenpally,3,Bowenpally,123,Ribbed Gourd,123,Common,0.0,710.0,1000.0,2000.0,1800.0,0.0,0.0
2024-10-12 00:00:00+05:30,367,Gudimalkapur,1571,Gudumalkapur,127,Kheera,127,Common,0.0,365.0,800.0,2000.0,1000.0,0.0,0.0
2024-10-12 00:00:00+05:30,324,Bowenpally,3,Bowenpally,123,Ribbed Gourd,123,Common,0.0,640.0,1800.0,4000.0,3500.0,0.0,0.0
2024-10-11 00:00:00+05:30,367,Gudimalkapur,1571,Gudumalkapur,127,Kheera,127,Common,0.0,207.0,1000.0,2000.0,1600.0,0.0,0.0
2024-10-12 00:00:00+05:30,323,Gaddiannaram,2,L.B Nagar,155,Donda,155,Common,0.0,30.0,3000.0,3500.0,3200.0,0.0,0.0
2024-10-11 00:00:00+05:30,281,Venkateshwar Nagar,1106,V Nagar,155,Donda,155,Common,0.0,2.0,30.0,30.0,30.0,0.0,0.0
2024-10-11 00:00:00+05:30,192,Jainath,26,Jainath,89,Papaya,89,Common,0.0,480.0,550.0,625.0,587.0,0.0,0.0
2024-10-11 00:00:00+05:30,324,Bowenpally,3,Bowenpally,123,Ribbed Gourd,123,Common,0.0,787.0,800.0,1600.0,1400.0,0.0,0.0
2024-10-11 00:00:00+05:30,323,Gaddiannaram,2,L.B Nagar,155,Donda,155,Common,0.0,82.0,3000.0,3500.0,3200.0,0.0,0.0
2024-10-10 00:00:00+05:30,281,Venkateshwar Nagar,1106,V Nagar,155,Donda,155,Common,0.0,2.0,25.0,25.0,25.0,0.0,0.0
2024-10-10 00:00:00+05:30,192,Jainath,26,Jainath,89,Papaya,89,Common,0.0,560.0,550.0,625.0,587.0,0.0,0.0
2024-10-10 00:00:00+05:30,367,Gudimalkapur,1571,Gudumalkapur,127,Kheera,127,Common,0.0,356.0,1000.0,2000.0,1200.0,0.0,0.0
2024-10-10 00:00:00+05:30,324,Bowenpally,3,Bowenpally,123,Ribbed Gourd,123,Common,0.0,569.0,1000.0,2200.0,1800.0,0.0,0.0
2024-10-10 00:00:00+05:30,323,Gaddiannaram,1,Gaddiannaram,201,Nashpati(Pear),207,Common,0.0,62.0,5000.0,20000.0,8000.0,0.0,0.0
2024-10-10 00:00:00+05:30,323,Gaddiannaram,2,L.B Nagar,155,Donda,155,Common,0.0,76.0,3000.0,3500.0,3200.0,0.0,0.0
2024-10-09 00:00:00+05:30,367,Gudimalkapur,1571,Gudumalkapur,127,Kheera,127,Common,0.0,440.0,1000.0,1500.0,1200.0,0.0,0.0
2024-10-08 00:00:00+05:30,367,Gudimalkapur,1571,Gudumalkapur,127,Kheera,127,Common,0.0,410.0,800.0,2000.0,1200.0,0.0,0.0
2024-10-09 00:00:00+05:30,323,Gaddiannaram,2,L.B Nagar,155,Donda,155,Common,0.0,70.0,3000.0,3500.0,3200.0,0.0,0.0
2024-10-08 00:00:00+05:30,281,Venkateshwar Nagar,1106,V Nagar,155,Donda,155,Common,0.0,4.0,30.0,30.0,30.0,0.0,0.0
2024-10-08 00:00:00+05:30,192,Jainath,26,Jainath,89,Papaya,89,Common,0.0,320.0,550.0,625.0,587.0,0.0,0.0
2024-10-08 00:00:00+05:30,246,Warangal,886,Warangal,54,Chillies(Dry),250,Teja,0.0,159.0,9500.0,12500.0,11000.0,0.0,0.0
2024-10-08 00:00:00+05:30,323,Gaddiannaram,2,L.B Nagar,155,Donda,155,Common,0.0,81.0,3000.0,3500.0,3200.0,0.0,0.0
2024-10-07 00:00:00+05:30,367,Gudimalkapur,1571,Gudumalkapur,127,Kheera,127,Common,0.0,455.0,500.0,2100.0,1200.0,0.0,0.0
2024-10-07 00:00:00+05:30,192,Jainath,26,Jainath,89,Papaya,89,Common,0.0,260.0,550.0,625.0,587.0,0.0,0.0
2024-10-07 00:00:00+05:30,246,Warangal,886,Warangal,54,Chillies(Dry),250,Teja,0.0,313.0,9500.0,12500.0,11000.0,0.0,0.0
2024-10-07 00:00:00+05:30,324,Bowenpally,3,Bowenpally,123,Ribbed Gourd,123,Common,0.0,694.0,500.0,4500.0,3500.0,0.0,0.0
2024-10-07 00:00:00+05:30,323,Gaddiannaram,1,Gaddiannaram,201,Nashpati(Pear),207,Common,0.0,9.0,5000.0,20000.0,8000.0,0.0,0.0
2024-10-07 00:00:00+05:30,323,Gaddiannaram,2,L.B Nagar,155,Donda,155,Common,0.0,64.0,3000.0,3500.0,3200.0,0.0,0.0
2024-10-06 00:00:00+05:30,281,Venkateshwar Nagar,1106,V Nagar,155,Donda,155,Common,0.0,3.0,20.0,20.0,20.0,0.0,0.0
2024-10-06 00:00:00+05:30,367,Gudimalkapur,1571,Gudumalkapur,127,Kheera,127,Common,0.0,363.0,1000.0,2000.0,1200.0,0.0,0.0
2024-10-06 00:00:00+05:30,324,Bowenpally,3,Bowenpally,123,Ribbed Gourd,123,Common,0.0,734.0,1500.0,2500.0,2200.0,0.0,0.0
2024-10-05 00:00:00+05:30,367,Gudimalkapur,1571,Gudumalkapur,127,Kheera,127,Common,0.0,440.0,1000.0,2000.0,1200.0,0.0,0.0
2024-10-06 00:00:00+05:30,323,Gaddiannaram,2,L.B Nagar,155,Donda,155,Common,0.0,88.0,3000.0,3500.0,3200.0,0.0,0.0
2024-10-05 00:00:00+05:30,281,Venkateshwar Nagar,1106,V Nagar,155,Donda,155,Common,0.0,3.0,30.0,30.0,30.0,0.0,0.0
2024-10-05 00:00:00+05:30,323,Gaddiannaram,2,L.B Nagar,155,Donda,155,Common,0.0,30.0,4000.0,4500.0,4200.0,0.0,0.0
2024-10-05 00:00:00+05:30,324,Bowenpally,3,Bowenpally,123,Ribbed Gourd,123,Common,0.0,746.0,1000.0,3000.0,2500.0,0.0,0.0
2024-10-04 00:00:00+05:30,367,Gudimalkapur,1571,Gudumalkapur,127,Kheera,127,Common,0.0,222.0,700.0,1500.0,1000.0,0.0,0.0
2024-10-04 00:00:00+05:30,281,Venkateshwar Nagar,1106,V Nagar,155,Donda,155,Common,0.0,2.0,20.0,20.0,20.0,0.0,0.0
2024-10-04 00:00:00+05:30,324,Bowenpally,3,Bowenpally,123,Ribbed Gourd,123,Common,0.0,611.0,800.0,2200.0,1800.0,0.0,0.0
2024-10-04 00:00:00+05:30,323,Gaddiannaram,1,Gaddiannaram,201,Nashpati(Pear),207,Common,0.0,24.0,5000.0,20000.0,8000.0,0.0,0.0
2024-10-04 00:00:00+05:30,246,Warangal,886,Warangal,54,Chillies(Dry),250,Teja,0.0,305.0,9500.0,12500.0,11000.0,0.0,0.0
2024-10-04 00:00:00+05:30,192,Jainath,26,Jainath,89,Papaya,89,Common,0.0,160.0,550.0,625.0,587.0,0.0,0.0
2024-10-04 00:00:00+05:30,323,Gaddiannaram,2,L.B Nagar,155,Donda,155,Common,0.0,93.0,2000.0,3000.0,2500.0,0.0,0.0
2024-10-03 00:00:00+05:30,367,Gudimalkapur,1571,Gudumalkapur,127,Kheera,127,Common,0.0,580.0,1000.0,2000.0,1500.0,0.0,0.0
2024-10-03 00:00:00+05:30,192,Jainath,26,Jainath,89,Papaya,89,Common,0.0,480.0,550.0,625.0,587.0,0.0,0.0
2024-10-02 00:00:00+05:30,256,Khammam,1067,Khammam,114,Tomato,197,Local,0.0,250.0,4200.0,6000.0,4200.0,0.0,0.0
2024-10-03 00:00:00+05:30,323,Gaddiannaram,1,Gaddiannaram,201,Nashpati(Pear),207,Common,0.0,47.0,5000.0,20000.0,8000.0,0.0,0.0
2024-10-03 00:00:00+05:30,323,Gaddiannaram,2,L.B Nagar,155,Donda,155,Common,0.0,85.0,2000.0,3000.0,2500.0,0.0,0.0
2024-10-03 00:00:00+05:30,324,Bowenpally,3,Bowenpally,123,Ribbed Gourd,123,Common,0.0,987.0,1000.0,3300.0,2400.0,0.0,0.0
2024-10-03 00:00:00+05:30,246,Warangal,886,Warangal,54,Chillies(Dry),250,Teja,0.0,434.0,10000.0,13500.0,12500.0,0.0,0.0
2024-10-01 00:00:00+05:30,367,Gudimalkapur,1571,Gudumalkapur,127,Kheera,127,Common,0.0,391.0,600.0,3000.0,1200.0,0.0,0.0
2024-10-01 00:00:00+05:30,192,Jainath,26,Jainath,89,Papaya,89,Common,0.0,160.0,550.0,625.0,587.0,0.0,0.0
2024-10-01 00:00:00+05:30,281,Venkateshwar Nagar,1106,V Nagar,155,Donda,155,Common,0.0,3.0,15.0,15.0,15.0,0.0,0.0
2024-10-02 00:00:00+05:30,323,Gaddiannaram,1,Gaddiannaram,201,Nashpati(Pear),207,Common,0.0,3.0,5000.0,20000.0,8000.0,0.0,0.0
2024-10-02 00:00:00+05:30,192,Jainath,26,Jainath,89,Papaya,89,Common,0.0,160.0,550.0,625.0,587.0,0.0,0.0
2024-10-01 00:00:00+05:30,324,Bowenpally,3,Bowenpally,123,Ribbed Gourd,123,Common,0.0,901.0,800.0,2000.0,1800.0,0.0,0.0
2024-10-01 00:00:00+05:30,323,Gaddiannaram,1,Gaddiannaram,201,Nashpati(Pear),207,Common,0.0,1.0,5000.0,20000.0,8000.0,0.0,0.0
2024-10-01 00:00:00+05:30,323,Gaddiannaram,2,L.B Nagar,155,Donda,155,Common,0.0,84.0,2000.0,3000.0,2500.0,0.0,0.0
2024-10-01 00:00:00+05:30,246,Warangal,886,Warangal,54,Chillies(Dry),250,Teja,0.0,352.0,9500.0,12500.0,11000.0,0.0,0.0
2024-10-31 00:00:00+05:30,367,Gudimalkapur,1571,Gudumalkapur,127,Kheera,127,Common,0.0,473.0,900.0,1500.0,1000.0,0.0,0.0
2024-10-31 00:00:00+05:30,281,Venkateshwar Nagar,1106,V Nagar,155,Donda,155,Common,0.0,12.0,20.0,20.0,20.0,0.0,0.0
2024-10-31 00:00:00+05:30,192,Jainath,26,Jainath,89,Papaya,89,Common,0.0,160.0,550.0,625.0,587.0,0.0,0.0
2024-10-31 00:00:00+05:30,324,Bowenpally,3,Bowenpally,123,Ribbed Gourd,123,Common,0.0,1454.0,800.0,2000.0,1600.0,0.0,0.0
2024-10-31 00:00:00+05:30,323,Gaddiannaram,1,Gaddiannaram,201,Nashpati(Pear),207,Common,0.0,5.0,5000.0,20000.0,10000.0,0.0,0.0
2024-10-31 00:00:00+05:30,323,Gaddiannaram,2,L.B Nagar,155,Donda,155,Common,0.0,100.0,1500.0,3000.0,2000.0,0.0,0.0
2024-10-30 00:00:00+05:30,367,Gudimalkapur,1571,Gudumalkapur,127,Kheera,127,Common,0.0,431.0,600.0,1500.0,1000.0,0.0,0.0
2024-10-30 00:00:00+05:30,324,Bowenpally,3,Bowenpally,123,Ribbed Gourd,123,Common,0.0,1364.0,1000.0,2500.0,2000.0,0.0,0.0
2024-10-30 00:00:00+05:30,192,Jainath,26,Jainath,89,Papaya,89,Common,0.0,160.0,550.0,625.0,587.0,0.0,0.0
2024-10-29 00:00:00+05:30,367,Gudimalkapur,1571,Gudumalkapur,127,Kheera,127,Common,0.0,354.0,500.0,3000.0,1000.0,0.0,0.0
2024-10-30 00:00:00+05:30,323,Gaddiannaram,1,Gaddiannaram,201,Nashpati(Pear),207,Common,0.0,1.0,5000.0,20000.0,10000.0,0.0,0.0
2024-10-30 00:00:00+05:30,323,Gaddiannaram,2,L.B Nagar,155,Donda,155,Common,0.0,97.0,3000.0,3500.0,3200.0,0.0,0.0
2024-10-29 00:00:00+05:30,281,Venkateshwar Nagar,1106,V Nagar,155,Donda,155,Common,0.0,13.0,40.0,40.0,40.0,0.0,0.0
2024-10-29 00:00:00+05:30,192,Jainath,26,Jainath,89,Papaya,89,Common,0.0,240.0,550.0,625.0,587.0,0.0,0.0
2024-10-29 00:00:00+05:30,324,Bowenpally,3,Bowenpally,123,Ribbed Gourd,123,Common,0.0,1115.0,2000.0,5000.0,4500.0,0.0,0.0
2024-10-29 00:00:00+05:30,323,Gaddiannaram,1,Gaddiannaram,201,Nashpati(Pear),207,Common,0.0,2.0,5000.0,20000.0,10000.0,0.0,0.0
2024-10-29 00:00:00+05:30,323,Gaddiannaram,2,L.B Nagar,155,Donda,155,Common,0.0,86.0,3000.0,4000.0,3200.0,0.0,0.0
2024-10-29 00:00:00+05:30,246,Warangal,886,Warangal,54,Chillies(Dry),250,Teja,0.0,316.0,9000.0,12011.0,11000.0,0.0,0.0
2024-10-28 00:00:00+05:30,367,Gudimalkapur,1571,Gudumalkapur,127,Kheera,127,Common,0.0,402.0,700.0,2500.0,1200.0,0.0,0.0
2024-10-28 00:00:00+05:30,192,Jainath,26,Jainath,89,Papaya,89,Common,0.0,160.0,550.0,625.0,587.0,0.0,0.0
2024-10-28 00:00:00+05:30,212,Choppadandi,1123,Choppadandi,118,Field Beans,118,Common,0.0,1.0,3535.0,3535.0,3535.0,0.0,0.0
2024-10-28 00:00:00+05:30,324,Bowenpally,3,Bowenpally,123,Ribbed Gourd,123,Common,0.0,828.0,800.0,3000.0,2400.0,0.0,0.0
2024-10-27 00:00:00+05:30,367,Gudimalkapur,1571,Gudumalkapur,127,Kheera,127,Common,0.0,449.0,600.0,1300.0,1000.0,0.0,0.0
2024-10-28 00:00:00+05:30,323,Gaddiannaram,1,Gaddiannaram,201,Nashpati(Pear),207,Common,0.0,11.0,5000.0,20000.0,8000.0,0.0,0.0
2024-10-28 00:00:00+05:30,323,Gaddiannaram,2,L.B Nagar,155,Donda,155,Common,0.0,78.0,2500.0,3500.0,3000.0,0.0,0.0
2024-10-27 00:00:00+05:30,324,Bowenpally,3,Bowenpally,123,Ribbed Gourd,123,Common,0.0,986.0,1000.0,3000.0,2500.0,0.0,0.0
2024-10-27 00:00:00+05:30,323,Gaddiannaram,2,L.B Nagar,155,Donda,155,Common,0.0,39.0,2500.0,3500.0,3000.0,0.0,0.0
2024-10-27 00:00:00+05:30,281,Venkateshwar Nagar,1106,V Nagar,155,Donda,155,Common,0.0,4.0,30.0,30.0,30.0,0.0,0.0
2024-10-27 00:00:00+05:30,192,Jainath,26,Jainath,89,Papaya,89,Common,0.0,160.0,550.0,625.0,587.0,0.0,0.0
2024-10-01 00:00:00+05:30,246,Warangal,886,Warangal,54,Chillies(Dry),251,Wonderhot,0.0,555.0,12000.0,15000.0,14000.0,0.0,0.0
2024-10-01 00:00:00+05:30,323,Gaddiannaram,2,L.B Nagar,198,Arati-Green Plantain,203,Common,0.0,15.0,3000.0,3500.0,3200.0,0.0,0.0
2024-10-01 00:00:00+05:30,323,Gaddiannaram,1,Gaddiannaram,202,Plum(Aloobukara),206,Common,0.0,3.0,2000.0,5700.0,2850.0,0.0,0.0
2024-10-01 00:00:00+05:30,324,Bowenpally,3,Bowenpally,125,Bitter Gourd,125,Common,0.0,1601.0,600.0,4000.0,3200.0,0.0,0.0
2024-10-02 00:00:00+05:30,331,Vantimamidi,1612,Vantimamidi,127,Kheera,127,Common,0.0,133.0,200.0,1000.0,600.0,0.0,0.0
2024-10-01 00:00:00+05:30,367,Gudimalkapur,1571,Gudumalkapur,128,Pumpkin,128,Common,0.0,112.0,800.0,1500.0,1000.0,0.0,0.0
2024-10-03 00:00:00+05:30,324,Bowenpally,3,Bowenpally,125,Bitter Gourd,125,Common,0.0,1185.0,600.0,4000.0,3000.0,0.0,0.0
2024-10-03 00:00:00+05:30,323,Gaddiannaram,2,L.B Nagar,198,Arati-Green Plantain,203,Common,0.0,16.0,3000.0,3500.0,3200.0,0.0,0.0
2024-10-03 00:00:00+05:30,323,Gaddiannaram,1,Gaddiannaram,202,Plum(Aloobukara),206,Common,0.0,6.0,2000.0,5700.0,2850.0,0.0,0.0
2024-10-03 00:00:00+05:30,292,Zaheerabad,1198,Zaheerabad,220,Bazra,246,common,0.0,1.5,2533.0,2533.0,2533.0,0.0,0.0
2024-10-03 00:00:00+05:30,367,Gudimalkapur,1571,Gudumalkapur,128,Pumpkin,128,Common,0.0,214.0,600.0,1200.0,1000.0,0.0,0.0
2024-10-04 00:00:00+05:30,323,Gaddiannaram,2,L.B Nagar,198,Arati-Green Plantain,203,Common,0.0,11.0,3000.0,3500.0,3200.0,0.0,0.0
2024-10-03 00:00:00+05:30,331,Vantimamidi,1612,Vantimamidi,127,Kheera,127,Common,0.0,55.0,400.0,800.0,600.0,0.0,0.0
2024-10-04 00:00:00+05:30,246,Warangal,886,Warangal,54,Chillies(Dry),251,Wonderhot,0.0,483.0,12000.0,15000.0,14000.0,0.0,0.0
2024-10-04 00:00:00+05:30,323,Gaddiannaram,1,Gaddiannaram,202,Plum(Aloobukara),206,Common,0.0,4.0,2000.0,5700.0,2850.0,0.0,0.0
2024-10-04 00:00:00+05:30,324,Bowenpally,3,Bowenpally,125,Bitter Gourd,125,Common,0.0,1157.0,600.0,4000.0,3200.0,0.0,0.0
2024-10-04 00:00:00+05:30,367,Gudimalkapur,1571,Gudumalkapur,128,Pumpkin,128,Common,0.0,27.0,3000.0,3000.0,3000.0,0.0,0.0
2024-10-05 00:00:00+05:30,324,Bowenpally,3,Bowenpally,125,Bitter Gourd,125,Common,0.0,1089.0,600.0,3300.0,2500.0,0.0,0.0
2024-10-05 00:00:00+05:30,323,Gaddiannaram,1,Gaddiannaram,202,Plum(Aloobukara),206,Common,0.0,5.0,2000.0,5700.0,2850.0,0.0,0.0
2024-10-04 00:00:00+05:30,331,Vantimamidi,1612,Vantimamidi,127,Kheera,127,Common,0.0,38.0,200.0,1000.0,600.0,0.0,0.0
2024-10-05 00:00:00+05:30,323,Gaddiannaram,2,L.B Nagar,198,Arati-Green Plantain,203,Common,0.0,13.0,2500.0,3000.0,2700.0,0.0,0.0
2024-10-05 00:00:00+05:30,289,Sadasivpet,1200,Sadasivapet,69,Sunflower,69,Common,0.0,2.0,4700.0,4700.0,4700.0,0.0,0.0
2024-10-06 00:00:00+05:30,323,Gaddiannaram,2,L.B Nagar,198,Arati-Green Plantain,203,Common,0.0,15.0,3000.0,3500.0,3200.0,0.0,0.0
2024-10-05 00:00:00+05:30,367,Gudimalkapur,1571,Gudumalkapur,128,Pumpkin,128,Common,0.0,424.0,800.0,1500.0,1000.0,0.0,0.0
2024-10-05 00:00:00+05:30,331,Vantimamidi,1612,Vantimamidi,127,Kheera,127,Common,0.0,71.0,200.0,1200.0,700.0,0.0,0.0
2024-10-06 00:00:00+05:30,324,Bowenpally,3,Bowenpally,125,Bitter Gourd,125,Common,0.0,1038.0,1500.0,3300.0,2800.0,0.0,0.0
2024-10-06 00:00:00+05:30,367,Gudimalkapur,1571,Gudumalkapur,128,Pumpkin,128,Common,0.0,293.0,1000.0,1200.0,1000.0,0.0,0.0
2024-10-06 00:00:00+05:30,331,Vantimamidi,1612,Vantimamidi,127,Kheera,127,Common,0.0,103.0,300.0,1000.0,650.0,0.0,0.0
2024-10-07 00:00:00+05:30,323,Gaddiannaram,2,L.B Nagar,198,Arati-Green Plantain,203,Common,0.0,12.0,3000.0,3500.0,3200.0,0.0,0.0
2024-10-07 00:00:00+05:30,324,Bowenpally,3,Bowenpally,125,Bitter Gourd,125,Common,0.0,777.0,600.0,3300.0,2800.0,0.0,0.0
2024-10-07 00:00:00+05:30,367,Gudimalkapur,1571,Gudumalkapur,128,Pumpkin,128,Common,0.0,295.0,500.0,1200.0,1000.0,0.0,0.0
2024-10-08 00:00:00+05:30,323,Gaddiannaram,2,L.B Nagar,198,Arati-Green Plantain,203,Common,0.0,17.0,3000.0,3500.0,3200.0,0.0,0.0
2024-10-08 00:00:00+05:30,324,Bowenpally,3,Bowenpally,125,Bitter Gourd,125,Common,0.0,796.0,700.0,3300.0,2500.0,0.0,0.0
2024-10-08 00:00:00+05:30,323,Gaddiannaram,1,Gaddiannaram,202,Plum(Aloobukara),206,Common,0.0,10.0,2000.0,5700.0,2850.0,0.0,0.0
2024-10-07 00:00:00+05:30,331,Vantimamidi,1612,Vantimamidi,127,Kheera,127,Common,0.0,39.0,400.0,1400.0,900.0,0.0,0.0
2024-10-08 00:00:00+05:30,246,Warangal,886,Warangal,54,Chillies(Dry),251,Wonderhot,0.0,325.0,12500.0,16000.0,15000.0,0.0,0.0
2024-10-09 00:00:00+05:30,323,Gaddiannaram,2,L.B Nagar,198,Arati-Green Plantain,203,Common,0.0,14.0,3000.0,3500.0,3200.0,0.0,0.0
2024-10-08 00:00:00+05:30,367,Gudimalkapur,1571,Gudumalkapur,128,Pumpkin,128,Common,0.0,291.0,1000.0,1500.0,1200.0,0.0,0.0
2024-10-08 00:00:00+05:30,331,Vantimamidi,1612,Vantimamidi,127,Kheera,127,Common,0.0,92.0,1000.0,2000.0,1500.0,0.0,0.0
2024-10-09 00:00:00+05:30,367,Gudimalkapur,1571,Gudumalkapur,128,Pumpkin,128,Common,0.0,429.0,1000.0,1500.0,1200.0,0.0,0.0
2024-10-09 00:00:00+05:30,324,Bowenpally,3,Bowenpally,125,Bitter Gourd,125,Common,0.0,1586.0,1000.0,3300.0,2800.0,0.0,0.0
2024-10-10 00:00:00+05:30,323,Gaddiannaram,2,L.B Nagar,198,Arati-Green Plantain,203,Common,0.0,12.0,3000.0,3500.0,3200.0,0.0,0.0
2024-10-10 00:00:00+05:30,323,Gaddiannaram,1,Gaddiannaram,202,Plum(Aloobukara),206,Common,0.0,3.0,2000.0,5700.0,2850.0,0.0,0.0
2024-10-09 00:00:00+05:30,331,Vantimamidi,1612,Vantimamidi,127,Kheera,127,Common,0.0,116.0,400.0,1000.0,700.0,0.0,0.0
2024-10-10 00:00:00+05:30,324,Bowenpally,3,Bowenpally,125,Bitter Gourd,125,Common,0.0,737.0,1000.0,3000.0,2500.0,0.0,0.0
2024-10-10 00:00:00+05:30,367,Gudimalkapur,1571,Gudumalkapur,128,Pumpkin,128,Common,0.0,438.0,1000.0,1500.0,1200.0,0.0,0.0
2024-10-10 00:00:00+05:30,331,Vantimamidi,1612,Vantimamidi,127,Kheera,127,Common,0.0,32.0,400.0,800.0,600.0,0.0,0.0
2024-10-11 00:00:00+05:30,323,Gaddiannaram,2,L.B Nagar,198,Arati-Green Plantain,203,Common,0.0,10.0,3000.0,3500.0,3200.0,0.0,0.0
2024-10-11 00:00:00+05:30,324,Bowenpally,3,Bowenpally,125,Bitter Gourd,125,Common,0.0,478.0,1000.0,2700.0,2200.0,0.0,0.0
2024-10-12 00:00:00+05:30,323,Gaddiannaram,2,L.B Nagar,198,Arati-Green Plantain,203,Common,0.0,4.0,3000.0,3000.0,3000.0,0.0,0.0
2024-10-11 00:00:00+05:30,367,Gudimalkapur,1571,Gudumalkapur,128,Pumpkin,128,Common,0.0,391.0,1200.0,1500.0,1200.0,0.0,0.0
2024-10-12 00:00:00+05:30,324,Bowenpally,3,Bowenpally,125,Bitter Gourd,125,Common,0.0,276.0,400.0,2000.0,1600.0,0.0,0.0
2024-10-12 00:00:00+05:30,367,Gudimalkapur,1571,Gudumalkapur,128,Pumpkin,128,Common,0.0,12.0,700.0,700.0,700.0,0.0,0.0
2024-10-11 00:00:00+05:30,331,Vantimamidi,1612,Vantimamidi,127,Kheera,127,Common,0.0,103.0,200.0,600.0,400.0,0.0,0.0
2024-10-13 00:00:00+05:30,324,Bowenpally,3,Bowenpally,125,Bitter Gourd,125,Common,0.0,430.0,1500.0,3300.0,3000.0,0.0,0.0
2024-10-12 00:00:00+05:30,331,Vantimamidi,1612,Vantimamidi,127,Kheera,127,Common,0.0,12.0,500.0,1000.0,750.0,0.0,0.0
2024-10-13 00:00:00+05:30,331,Vantimamidi,1612,Vantimamidi,127,Kheera,127,Common,0.0,67.0,400.0,900.0,650.0,0.0,0.0
2024-10-13 00:00:00+05:30,367,Gudimalkapur,1571,Gudumalkapur,128,Pumpkin,128,Common,0.0,15.0,6000.0,6000.0,8000.0,0.0,0.0
2024-10-14 00:00:00+05:30,324,Bowenpally,3,Bowenpally,125,Bitter Gourd,125,Common,0.0,1218.0,600.0,3300.0,2800.0,0.0,0.0
2024-10-14 00:00:00+05:30,323,Gaddiannaram,2,L.B Nagar,198,Arati-Green Plantain,203,Common,0.0,5.0,3000.0,4000.0,3500.0,0.0,0.0
2024-10-14 00:00:00+05:30,246,Warangal,886,Warangal,54,Chillies(Dry),251,Wonderhot,0.0,37.0,11000.0,14300.0,13500.0,0.0,0.0
2024-10-14 00:00:00+05:30,367,Gudimalkapur,1571,Gudumalkapur,128,Pumpkin,128,Common,0.0,4.0,1200.0,1200.0,1200.0,0.0,0.0
2024-10-14 00:00:00+05:30,331,Vantimamidi,1612,Vantimamidi,127,Kheera,127,Common,0.0,120.0,200.0,800.0,500.0,0.0,0.0
2024-10-15 00:00:00+05:30,246,Warangal,886,Warangal,54,Chillies(Dry),251,Wonderhot,0.0,408.0,11000.0,14500.0,13000.0,0.0,0.0
2024-10-15 00:00:00+05:30,323,Gaddiannaram,2,L.B Nagar,198,Arati-Green Plantain,203,Common,0.0,3.0,3000.0,4000.0,3500.0,0.0,0.0
2024-10-15 00:00:00+05:30,323,Gaddiannaram,1,Gaddiannaram,202,Plum(Aloobukara),206,Common,0.0,16.0,2000.0,5700.0,2850.0,0.0,0.0
2024-10-15 00:00:00+05:30,324,Bowenpally,3,Bowenpally,125,Bitter Gourd,125,Common,0.0,1562.0,500.0,3300.0,2200.0,0.0,0.0
2024-10-16 00:00:00+05:30,323,Gaddiannaram,2,L.B Nagar,198,Arati-Green Plantain,203,Common,0.0,3.0,1500.0,2500.0,2000.0,0.0,0.0
2024-10-15 00:00:00+05:30,331,Vantimamidi,1612,Vantimamidi,127,Kheera,127,Common,0.0,71.0,400.0,1200.0,800.0,0.0,0.0
2024-10-16 00:00:00+05:30,246,Warangal,886,Warangal,54,Chillies(Dry),251,Wonderhot,0.0,309.0,12000.0,15000.0,14000.0,0.0,0.0
2024-10-16 00:00:00+05:30,324,Bowenpally,3,Bowenpally,125,Bitter Gourd,125,Common,0.0,1559.0,1000.0,3300.0,2500.0,0.0,0.0
2024-10-16 00:00:00+05:30,323,Gaddiannaram,1,Gaddiannaram,202,Plum(Aloobukara),206,Common,0.0,2.0,2000.0,5700.0,2850.0,0.0,0.0
2024-10-17 00:00:00+05:30,246,Warangal,886,Warangal,54,Chillies(Dry),251,Wonderhot,0.0,406.0,12000.0,15000.0,14000.0,0.0,0.0
2024-10-17 00:00:00+05:30,323,Gaddiannaram,2,L.B Nagar,198,Arati-Green Plantain,203,Common,0.0,7.0,4000.0,4500.0,4200.0,0.0,0.0
2024-10-16 00:00:00+05:30,367,Gudimalkapur,1571,Gudumalkapur,128,Pumpkin,128,Common,0.0,11.0,1000.0,1200.0,1000.0,0.0,0.0
2024-10-17 00:00:00+05:30,324,Bowenpally,3,Bowenpally,125,Bitter Gourd,125,Common,0.0,1195.0,500.0,3000.0,2500.0,0.0,0.0
2024-10-17 00:00:00+05:30,323,Gaddiannaram,1,Gaddiannaram,202,Plum(Aloobukara),206,Common,0.0,4.0,2000.0,5700.0,2850.0,0.0,0.0
2024-10-18 00:00:00+05:30,323,Gaddiannaram,1,Gaddiannaram,202,Plum(Aloobukara),206,Common,0.0,7.0,2000.0,5700.0,2850.0,0.0,0.0
2024-10-17 00:00:00+05:30,331,Vantimamidi,1612,Vantimamidi,127,Kheera,127,Common,0.0,83.0,200.0,800.0,500.0,0.0,0.0
2024-10-17 00:00:00+05:30,367,Gudimalkapur,1571,Gudumalkapur,128,Pumpkin,128,Common,0.0,12.0,1000.0,1200.0,1000.0,0.0,0.0
2024-10-18 00:00:00+05:30,323,Gaddiannaram,2,L.B Nagar,198,Arati-Green Plantain,203,Common,0.0,10.0,4000.0,4500.0,4200.0,0.0,0.0
2024-10-18 00:00:00+05:30,324,Bowenpally,3,Bowenpally,125,Bitter Gourd,125,Common,0.0,1178.0,1000.0,3000.0,2500.0,0.0,0.0
2024-10-18 00:00:00+05:30,246,Warangal,886,Warangal,54,Chillies(Dry),251,Wonderhot,0.0,406.0,12000.0,16000.0,15000.0,0.0,0.0
2024-10-18 00:00:00+05:30,367,Gudimalkapur,1571,Gudumalkapur,128,Pumpkin,128,Common,0.0,2.0,1500.0,1500.0,1500.0,0.0,0.0
2024-10-19 00:00:00+05:30,323,Gaddiannaram,2,L.B Nagar,198,Arati-Green Plantain,203,Common,0.0,28.0,3000.0,3500.0,3200.0,0.0,0.0
2024-10-19 00:00:00+05:30,323,Gaddiannaram,1,Gaddiannaram,202,Plum(Aloobukara),206,Common,0.0,9.0,2000.0,5700.0,2850.0,0.0,0.0
2024-10-18 00:00:00+05:30,331,Vantimamidi,1612,Vantimamidi,127,Kheera,127,Common,0.0,78.0,300.0,700.0,500.0,0.0,0.0
2024-10-19 00:00:00+05:30,324,Bowenpally,3,Bowenpally,125,Bitter Gourd,125,Common,0.0,1255.0,700.0,3000.0,2500.0,0.0,0.0
2024-10-19 00:00:00+05:30,367,Gudimalkapur,1571,Gudumalkapur,128,Pumpkin,128,Common,0.0,15.0,1200.0,1200.0,1200.0,0.0,0.0
2024-10-20 00:00:00+05:30,324,Bowenpally,3,Bowenpally,125,Bitter Gourd,125,Common,0.0,873.0,1000.0,3300.0,2600.0,0.0,0.0
2024-10-19 00:00:00+05:30,331,Vantimamidi,1612,Vantimamidi,127,Kheera,127,Common,0.0,56.0,300.0,1000.0,650.0,0.0,0.0
2024-10-20 00:00:00+05:30,323,Gaddiannaram,2,L.B Nagar,198,Arati-Green Plantain,203,Common,0.0,31.0,3000.0,3500.0,3200.0,0.0,0.0
2024-10-20 00:00:00+05:30,367,Gudimalkapur,1571,Gudumalkapur,128,Pumpkin,128,Common,0.0,8.0,1500.0,1500.0,1500.0,0.0,0.0
2024-10-20 00:00:00+05:30,331,Vantimamidi,1612,Vantimamidi,127,Kheera,127,Common,0.0,81.0,300.0,800.0,550.0,0.0,0.0
2024-10-21 00:00:00+05:30,246,Warangal,886,Warangal,54,Chillies(Dry),251,Wonderhot,0.0,407.0,12000.0,16000.0,15000.0,0.0,0.0
2024-10-21 00:00:00+05:30,323,Gaddiannaram,2,L.B Nagar,198,Arati-Green Plantain,203,Common,0.0,10.0,3000.0,4000.0,3500.0,0.0,0.0
2024-10-21 00:00:00+05:30,323,Gaddiannaram,1,Gaddiannaram,202,Plum(Aloobukara),206,Common,0.0,11.0,2000.0,5700.0,2850.0,0.0,0.0
2024-10-21 00:00:00+05:30,324,Bowenpally,3,Bowenpally,125,Bitter Gourd,125,Common,0.0,1221.0,1000.0,3300.0,2800.0,0.0,0.0
2024-10-21 00:00:00+05:30,367,Gudimalkapur,1571,Gudumalkapur,128,Pumpkin,128,Common,0.0,23.0,1200.0,1200.0,1200.0,0.0,0.0
2024-10-22 00:00:00+05:30,323,Gaddiannaram,2,L.B Nagar,198,Arati-Green Plantain,203,Common,0.0,18.0,3000.0,3500.0,3200.0,0.0,0.0
2024-10-22 00:00:00+05:30,323,Gaddiannaram,1,Gaddiannaram,202,Plum(Aloobukara),206,Common,0.0,2.0,2000.0,5700.0,2850.0,0.0,0.0
2024-10-21 00:00:00+05:30,331,Vantimamidi,1612,Vantimamidi,127,Kheera,127,Common,0.0,46.0,400.0,1200.0,800.0,0.0,0.0
2024-10-22 00:00:00+05:30,324,Bowenpally,3,Bowenpally,125,Bitter Gourd,125,Common,0.0,1244.0,700.0,3300.0,2500.0,0.0,0.0
2024-10-22 00:00:00+05:30,367,Gudimalkapur,1571,Gudumalkapur,128,Pumpkin,128,Common,0.0,9.0,1000.0,1200.0,1000.0,0.0,0.0
2024-10-23 00:00:00+05:30,323,Gaddiannaram,2,L.B Nagar,198,Arati-Green Plantain,203,Common,0.0,21.0,3000.0,3500.0,3200.0,0.0,0.0
2024-10-22 00:00:00+05:30,331,Vantimamidi,1612,Vantimamidi,127,Kheera,127,Common,0.0,107.0,300.0,1000.0,650.0,0.0,0.0
2024-10-23 00:00:00+05:30,324,Bowenpally,3,Bowenpally,125,Bitter Gourd,125,Common,0.0,1168.0,1000.0,3300.0,2800.0,0.0,0.0
2024-10-23 00:00:00+05:30,246,Warangal,886,Warangal,54,Chillies(Dry),251,Wonderhot,0.0,565.0,12000.0,15000.0,14000.0,0.0,0.0
2024-10-23 00:00:00+05:30,367,Gudimalkapur,1571,Gudumalkapur,128,Pumpkin,128,Common,0.0,45.0,1000.0,1000.0,1000.0,0.0,0.0
2024-10-24 00:00:00+05:30,323,Gaddiannaram,2,L.B Nagar,198,Arati-Green Plantain,203,Common,0.0,17.0,3000.0,3500.0,3200.0,0.0,0.0
2024-10-24 00:00:00+05:30,324,Bowenpally,3,Bowenpally,125,Bitter Gourd,125,Common,0.0,1113.0,700.0,3300.0,2800.0,0.0,0.0
2024-10-24 00:00:00+05:30,323,Gaddiannaram,1,Gaddiannaram,202,Plum(Aloobukara),206,Common,0.0,4.0,2000.0,5700.0,2850.0,0.0,0.0
2024-10-23 00:00:00+05:30,331,Vantimamidi,1612,Vantimamidi,127,Kheera,127,Common,0.0,63.0,300.0,900.0,600.0,0.0,0.0
2024-10-24 00:00:00+05:30,246,Warangal,886,Warangal,54,Chillies(Dry),251,Wonderhot,0.0,535.0,12000.0,15500.0,14000.0,0.0,0.0
2024-10-24 00:00:00+05:30,367,Gudimalkapur,1571,Gudumalkapur,128,Pumpkin,128,Common,0.0,7.0,1000.0,1000.0,1000.0,0.0,0.0
2024-10-25 00:00:00+05:30,323,Gaddiannaram,2,L.B Nagar,198,Arati-Green Plantain,203,Common,0.0,17.0,3000.0,3500.0,3200.0,0.0,0.0
2024-10-25 00:00:00+05:30,323,Gaddiannaram,1,Gaddiannaram,202,Plum(Aloobukara),206,Common,0.0,69.0,2000.0,5700.0,2850.0,0.0,0.0
2024-10-24 00:00:00+05:30,331,Vantimamidi,1612,Vantimamidi,127,Kheera,127,Common,0.0,64.0,200.0,800.0,500.0,0.0,0.0
2024-10-26 00:00:00+05:30,323,Gaddiannaram,2,L.B Nagar,198,Arati-Green Plantain,203,Common,0.0,16.0,3000.0,4000.0,3500.0,0.0,0.0
2024-10-26 00:00:00+05:30,323,Gaddiannaram,1,Gaddiannaram,202,Plum(Aloobukara),206,Common,0.0,1.0,2000.0,5700.0,2850.0,0.0,0.0
2024-10-25 00:00:00+05:30,367,Gudimalkapur,1571,Gudumalkapur,128,Pumpkin,128,Common,0.0,152.0,800.0,1500.0,1000.0,0.0,0.0
2024-10-25 00:00:00+05:30,331,Vantimamidi,1612,Vantimamidi,127,Kheera,127,Common,0.0,109.0,300.0,1000.0,650.0,0.0,0.0
2024-10-26 00:00:00+05:30,324,Bowenpally,3,Bowenpally,125,Bitter Gourd,125,Common,0.0,624.0,1000.0,4000.0,3500.0,0.0,0.0
2024-10-26 00:00:00+05:30,367,Gudimalkapur,1571,Gudumalkapur,128,Pumpkin,128,Common,0.0,209.0,600.0,1000.0,800.0,0.0,0.0
2024-10-26 00:00:00+05:30,331,Vantimamidi,1612,Vantimamidi,127,Kheera,127,Common,0.0,159.0,200.0,1000.0,600.0,0.0,0.0
2024-10-27 00:00:00+05:30,323,Gaddiannaram,2,L.B Nagar,198,Arati-Green Plantain,203,Common,0.0,18.0,3000.0,4000.0,3500.0,0.0,0.0
2024-10-27 00:00:00+05:30,323,Gaddiannaram,1,Gaddiannaram,202,Plum(Aloobukara),206,Common,0.0,7.0,2000.0,5700.0,2850.0,0.0,0.0
2024-10-27 00:00:00+05:30,324,Bowenpally,3,Bowenpally,125,Bitter Gourd,125,Common,0.0,1203.0,1500.0,4000.0,3400.0,0.0,0.0
2024-10-28 00:00:00+05:30,323,Gaddiannaram,2,L.B Nagar,198,Arati-Green Plantain,203,Common,0.0,16.0,3000.0,3500.0,3200.0,0.0,0.0
2024-10-28 00:00:00+05:30,323,Gaddiannaram,1,Gaddiannaram,202,Plum(Aloobukara),206,Common,0.0,280.0,560.0,3520.0,960.0,0.0,0.0
2024-10-27 00:00:00+05:30,367,Gudimalkapur,1571,Gudumalkapur,128,Pumpkin,128,Common,0.0,291.0,600.0,1000.0,800.0,0.0,0.0
2024-10-27 00:00:00+05:30,331,Vantimamidi,1612,Vantimamidi,127,Kheera,127,Common,0.0,91.0,200.0,1000.0,600.0,0.0,0.0
2024-10-28 00:00:00+05:30,324,Bowenpally,3,Bowenpally,125,Bitter Gourd,125,Common,0.0,1319.0,600.0,4000.0,2800.0,0.0,0.0
2024-10-28 00:00:00+05:30,367,Gudimalkapur,1571,Gudumalkapur,128,Pumpkin,128,Common,0.0,418.0,800.0,1100.0,800.0,0.0,0.0
2024-10-28 00:00:00+05:30,331,Vantimamidi,1612,Vantimamidi,127,Kheera,127,Common,0.0,182.0,200.0,1000.0,600.0,0.0,0.0
2024-10-29 00:00:00+05:30,323,Gaddiannaram,2,L.B Nagar,198,Arati-Green Plantain,203,Common,0.0,17.0,3000.0,3500.0,3200.0,0.0,0.0
2024-10-29 00:00:00+05:30,323,Gaddiannaram,1,Gaddiannaram,202,Plum(Aloobukara),206,Common,0.0,2.0,2850.0,8550.0,5700.0,0.0,0.0
2024-10-29 00:00:00+05:30,324,Bowenpally,3,Bowenpally,125,Bitter Gourd,125,Common,0.0,1188.0,1500.0,4000.0,3200.0,0.0,0.0
2024-10-30 00:00:00+05:30,323,Gaddiannaram,2,L.B Nagar,198,Arati-Green Plantain,203,Common,0.0,20.0,3000.0,3500.0,3200.0,0.0,0.0
2024-10-30 00:00:00+05:30,323,Gaddiannaram,1,Gaddiannaram,202,Plum(Aloobukara),206,Common,0.0,30.0,2850.0,8550.0,5700.0,0.0,0.0
2024-10-29 00:00:00+05:30,367,Gudimalkapur,1571,Gudumalkapur,128,Pumpkin,128,Common,0.0,341.0,500.0,1200.0,1000.0,0.0,0.0
2024-10-29 00:00:00+05:30,331,Vantimamidi,1612,Vantimamidi,127,Kheera,127,Common,0.0,194.0,400.0,1000.0,700.0,0.0,0.0
2024-10-30 00:00:00+05:30,324,Bowenpally,3,Bowenpally,125,Bitter Gourd,125,Common,0.0,1081.0,1000.0,3300.0,2800.0,0.0,0.0
2024-10-30 00:00:00+05:30,367,Gudimalkapur,1571,Gudumalkapur,128,Pumpkin,128,Common,0.0,379.0,1200.0,1500.0,1200.0,0.0,0.0
2024-10-30 00:00:00+05:30,331,Vantimamidi,1612,Vantimamidi,127,Kheera,127,Common,0.0,138.0,200.0,800.0,500.0,0.0,0.0
2024-10-31 00:00:00+05:30,323,Gaddiannaram,2,L.B Nagar,198,Arati-Green Plantain,203,Common,0.0,15.0,3000.0,3500.0,3200.0,0.0,0.0
2024-10-31 00:00:00+05:30,324,Bowenpally,3,Bowenpally,125,Bitter Gourd,125,Common,0.0,1058.0,500.0,3300.0,2500.0,0.0,0.0
2024-10-31 00:00:00+05:30,367,Gudimalkapur,1571,Gudumalkapur,128,Pumpkin,128,Common,0.0,92.0,1000.0,1200.0,1000.0,0.0,0.0
2024-10-26 00:00:00+05:30,331,Vantimamidi,1612,Vantimamidi,128,Pumpkin,128,Common,0.0,16.0,500.0,500.0,500.0,0.0,0.0
2024-10-26 00:00:00+05:30,367,Gudimalkapur,1571,Gudumalkapur,129,Cucumber,129,Common,0.0,85.0,2000.0,3500.0,2000.0,0.0,0.0
2024-10-26 00:00:00+05:30,324,Bowenpally,3,Bowenpally,127,Kheera,127,Common,0.0,2040.0,1500.0,4500.0,3500.0,0.0,0.0
2024-10-25 00:00:00+05:30,367,Gudimalkapur,1571,Gudumalkapur,129,Cucumber,129,Common,0.0,17.0,1500.0,2000.0,1500.0,0.0,0.0
2024-10-26 00:00:00+05:30,323,Gaddiannaram,2,L.B Nagar,199,Capsicum,204,Common,0.0,8.0,5000.0,7000.0,6000.0,0.0,0.0
2024-10-25 00:00:00+05:30,289,Sadasivpet,1200,Sadasivapet,75,Soyabean,213,White,0.0,6.0,3051.0,3531.0,3051.0,0.0,0.0
2024-10-24 00:00:00+05:30,331,Vantimamidi,1612,Vantimamidi,128,Pumpkin,128,Common,0.0,64.0,500.0,500.0,500.0,0.0,0.0
2024-10-25 00:00:00+05:30,323,Gaddiannaram,2,L.B Nagar,199,Capsicum,204,Common,0.0,4.0,5000.0,6000.0,5500.0,0.0,0.0
2024-10-24 00:00:00+05:30,367,Gudimalkapur,1571,Gudumalkapur,129,Cucumber,129,Common,0.0,16.0,2000.0,2000.0,2000.0,0.0,0.0
2024-10-24 00:00:00+05:30,246,Warangal,886,Warangal,54,Chillies(Dry),252,US-341,0.0,912.0,12000.0,15000.0,14000.0,0.0,0.0
2024-10-23 00:00:00+05:30,331,Vantimamidi,1612,Vantimamidi,128,Pumpkin,128,Common,0.0,12.0,1000.0,1000.0,1000.0,0.0,0.0
2024-10-24 00:00:00+05:30,324,Bowenpally,3,Bowenpally,127,Kheera,127,Common,0.0,1123.0,400.0,2100.0,1800.0,0.0,0.0
2024-10-24 00:00:00+05:30,323,Gaddiannaram,2,L.B Nagar,199,Capsicum,204,Common,0.0,6.0,5000.0,6000.0,5500.0,0.0,0.0
2024-10-23 00:00:00+05:30,367,Gudimalkapur,1571,Gudumalkapur,129,Cucumber,129,Common,0.0,34.0,1000.0,2600.0,2000.0,0.0,0.0
2024-10-23 00:00:00+05:30,246,Warangal,886,Warangal,54,Chillies(Dry),252,US-341,0.0,1228.0,12000.0,16000.0,14000.0,0.0,0.0
2024-10-23 00:00:00+05:30,324,Bowenpally,3,Bowenpally,127,Kheera,127,Common,0.0,2009.0,1000.0,2000.0,1800.0,0.0,0.0
2024-10-22 00:00:00+05:30,331,Vantimamidi,1612,Vantimamidi,128,Pumpkin,128,Common,0.0,53.0,400.0,1000.0,700.0,0.0,0.0
2024-10-23 00:00:00+05:30,323,Gaddiannaram,2,L.B Nagar,199,Capsicum,204,Common,0.0,21.0,6000.0,7000.0,6500.0,0.0,0.0
2024-10-22 00:00:00+05:30,367,Gudimalkapur,1571,Gudumalkapur,129,Cucumber,129,Common,0.0,24.0,1500.0,2500.0,2000.0,0.0,0.0
2024-10-22 00:00:00+05:30,324,Bowenpally,3,Bowenpally,127,Kheera,127,Common,0.0,1762.0,500.0,2200.0,1800.0,0.0,0.0
2024-10-21 00:00:00+05:30,331,Vantimamidi,1612,Vantimamidi,128,Pumpkin,128,Common,0.0,18.0,500.0,1000.0,750.0,0.0,0.0
2024-10-22 00:00:00+05:30,323,Gaddiannaram,2,L.B Nagar,199,Capsicum,204,Common,0.0,6.0,6000.0,7000.0,6500.0,0.0,0.0
2024-10-21 00:00:00+05:30,367,Gudimalkapur,1571,Gudumalkapur,129,Cucumber,129,Common,0.0,54.0,1500.0,3000.0,2000.0,0.0,0.0
2024-10-21 00:00:00+05:30,324,Bowenpally,3,Bowenpally,127,Kheera,127,Common,0.0,1571.0,2000.0,4000.0,3500.0,0.0,0.0
2024-10-21 00:00:00+05:30,323,Gaddiannaram,2,L.B Nagar,199,Capsicum,204,Common,0.0,10.0,5000.0,7000.0,6000.0,0.0,0.0
2024-10-21 00:00:00+05:30,246,Warangal,886,Warangal,54,Chillies(Dry),252,US-341,0.0,727.0,12500.0,16000.0,15000.0,0.0,0.0
2024-10-20 00:00:00+05:30,331,Vantimamidi,1612,Vantimamidi,128,Pumpkin,128,Common,0.0,5.0,400.0,400.0,400.0,0.0,0.0
2024-10-20 00:00:00+05:30,367,Gudimalkapur,1571,Gudumalkapur,129,Cucumber,129,Common,0.0,75.0,2000.0,2500.0,2000.0,0.0,0.0
2024-10-20 00:00:00+05:30,323,Gaddiannaram,2,L.B Nagar,199,Capsicum,204,Common,0.0,7.0,4000.0,6000.0,5000.0,0.0,0.0
2024-10-19 00:00:00+05:30,331,Vantimamidi,1612,Vantimamidi,128,Pumpkin,128,Common,0.0,8.0,750.0,750.0,750.0,0.0,0.0
2024-10-20 00:00:00+05:30,324,Bowenpally,3,Bowenpally,127,Kheera,127,Common,0.0,1382.0,500.0,2000.0,1600.0,0.0,0.0
2024-10-19 00:00:00+05:30,367,Gudimalkapur,1571,Gudumalkapur,129,Cucumber,129,Common,0.0,33.0,1000.0,2500.0,1500.0,0.0,0.0
2024-10-19 00:00:00+05:30,324,Bowenpally,3,Bowenpally,127,Kheera,127,Common,0.0,1571.0,500.0,2200.0,1800.0,0.0,0.0
2024-10-18 00:00:00+05:30,331,Vantimamidi,1612,Vantimamidi,128,Pumpkin,128,Common,0.0,4.0,1000.0,1000.0,1000.0,0.0,0.0
2024-10-19 00:00:00+05:30,323,Gaddiannaram,2,L.B Nagar,199,Capsicum,204,Common,0.0,18.0,4000.0,6000.0,5000.0,0.0,0.0
2024-10-18 00:00:00+05:30,367,Gudimalkapur,1571,Gudumalkapur,129,Cucumber,129,Common,0.0,21.0,2000.0,2500.0,2000.0,0.0,0.0
2024-10-18 00:00:00+05:30,246,Warangal,886,Warangal,54,Chillies(Dry),252,US-341,0.0,806.0,12500.0,16000.0,15000.0,0.0,0.0
2024-10-18 00:00:00+05:30,324,Bowenpally,3,Bowenpally,127,Kheera,127,Common,0.0,1124.0,1000.0,2000.0,1800.0,0.0,0.0
2024-10-18 00:00:00+05:30,323,Gaddiannaram,2,L.B Nagar,199,Capsicum,204,Common,0.0,12.0,4000.0,6000.0,5000.0,0.0,0.0
2024-10-17 00:00:00+05:30,367,Gudimalkapur,1571,Gudumalkapur,129,Cucumber,129,Common,0.0,15.0,1500.0,3000.0,2000.0,0.0,0.0
2024-10-17 00:00:00+05:30,324,Bowenpally,3,Bowenpally,127,Kheera,127,Common,0.0,1456.0,500.0,2000.0,1600.0,0.0,0.0
2024-10-16 00:00:00+05:30,367,Gudimalkapur,1571,Gudumalkapur,129,Cucumber,129,Common,0.0,45.0,1500.0,3000.0,2000.0,0.0,0.0
2024-10-17 00:00:00+05:30,323,Gaddiannaram,2,L.B Nagar,199,Capsicum,204,Common,0.0,11.0,4000.0,6000.0,5000.0,0.0,0.0
2024-10-17 00:00:00+05:30,246,Warangal,886,Warangal,54,Chillies(Dry),252,US-341,0.0,1061.0,12500.0,16000.0,15000.0,0.0,0.0
2024-10-16 00:00:00+05:30,324,Bowenpally,3,Bowenpally,127,Kheera,127,Common,0.0,1584.0,1000.0,2000.0,1500.0,0.0,0.0
2024-10-16 00:00:00+05:30,246,Warangal,886,Warangal,54,Chillies(Dry),252,US-341,0.0,767.0,12000.0,15500.0,14500.0,0.0,0.0
2024-10-15 00:00:00+05:30,331,Vantimamidi,1612,Vantimamidi,128,Pumpkin,128,Common,0.0,4.0,800.0,800.0,800.0,0.0,0.0
2024-10-15 00:00:00+05:30,367,Gudimalkapur,1571,Gudumalkapur,129,Cucumber,129,Common,0.0,56.0,1500.0,3000.0,2000.0,0.0,0.0
2024-10-16 00:00:00+05:30,323,Gaddiannaram,2,L.B Nagar,199,Capsicum,204,Common,0.0,8.0,4000.0,6000.0,5000.0,0.0,0.0
2024-10-15 00:00:00+05:30,324,Bowenpally,3,Bowenpally,127,Kheera,127,Common,0.0,2228.0,500.0,2000.0,1600.0,0.0,0.0
2024-10-15 00:00:00+05:30,323,Gaddiannaram,2,L.B Nagar,199,Capsicum,204,Common,0.0,7.0,4000.0,6000.0,5000.0,0.0,0.0
2024-10-15 00:00:00+05:30,246,Warangal,886,Warangal,54,Chillies(Dry),252,US-341,0.0,572.0,12000.0,15000.0,14000.0,0.0,0.0
2024-10-14 00:00:00+05:30,246,Warangal,886,Warangal,54,Chillies(Dry),252,US-341,0.0,179.0,12000.0,15600.0,14000.0,0.0,0.0
2024-10-14 00:00:00+05:30,323,Gaddiannaram,2,L.B Nagar,199,Capsicum,204,Common,0.0,6.0,4000.0,6000.0,5000.0,0.0,0.0
2024-10-14 00:00:00+05:30,324,Bowenpally,3,Bowenpally,127,Kheera,127,Common,0.0,2251.0,500.0,2000.0,1600.0,0.0,0.0
2024-10-13 00:00:00+05:30,331,Vantimamidi,1612,Vantimamidi,128,Pumpkin,128,Common,0.0,2.0,500.0,500.0,500.0,0.0,0.0
2024-10-13 00:00:00+05:30,324,Bowenpally,3,Bowenpally,127,Kheera,127,Common,0.0,859.0,500.0,1500.0,1200.0,0.0,0.0
2024-10-11 00:00:00+05:30,331,Vantimamidi,1612,Vantimamidi,128,Pumpkin,128,Common,0.0,30.0,500.0,1000.0,750.0,0.0,0.0
2024-10-12 00:00:00+05:30,324,Bowenpally,3,Bowenpally,127,Kheera,127,Common,0.0,1256.0,800.0,3500.0,2800.0,0.0,0.0
2024-10-11 00:00:00+05:30,367,Gudimalkapur,1571,Gudumalkapur,129,Cucumber,129,Common,0.0,6.0,2000.0,2000.0,2000.0,0.0,0.0
2024-10-12 00:00:00+05:30,323,Gaddiannaram,2,L.B Nagar,199,Capsicum,204,Common,0.0,2.0,2000.0,2500.0,2200.0,0.0,0.0
2024-10-11 00:00:00+05:30,324,Bowenpally,3,Bowenpally,127,Kheera,127,Common,0.0,809.0,700.0,1800.0,1600.0,0.0,0.0
2024-10-11 00:00:00+05:30,323,Gaddiannaram,2,L.B Nagar,199,Capsicum,204,Common,0.0,8.0,4000.0,6000.0,5000.0,0.0,0.0
2024-10-10 00:00:00+05:30,331,Vantimamidi,1612,Vantimamidi,128,Pumpkin,128,Common,0.0,79.0,1000.0,1500.0,1250.0,0.0,0.0
2024-10-10 00:00:00+05:30,367,Gudimalkapur,1571,Gudumalkapur,129,Cucumber,129,Common,0.0,40.0,1500.0,2000.0,1800.0,0.0,0.0
2024-10-10 00:00:00+05:30,324,Bowenpally,3,Bowenpally,127,Kheera,127,Common,0.0,1249.0,2000.0,4000.0,3500.0,0.0,0.0
2024-10-09 00:00:00+05:30,331,Vantimamidi,1612,Vantimamidi,128,Pumpkin,128,Common,0.0,207.0,500.0,1200.0,850.0,0.0,0.0
2024-10-10 00:00:00+05:30,323,Gaddiannaram,2,L.B Nagar,199,Capsicum,204,Common,0.0,9.0,4000.0,6000.0,5000.0,0.0,0.0
2024-10-09 00:00:00+05:30,367,Gudimalkapur,1571,Gudumalkapur,129,Cucumber,129,Common,0.0,110.0,1000.0,2000.0,1500.0,0.0,0.0
2024-10-09 00:00:00+05:30,289,Sadasivpet,1200,Sadasivapet,75,Soyabean,213,White,0.0,52.0,3852.0,4205.0,3852.0,0.0,0.0
2024-10-08 00:00:00+05:30,331,Vantimamidi,1612,Vantimamidi,128,Pumpkin,128,Common,0.0,176.0,400.0,1200.0,800.0,0.0,0.0
2024-10-08 00:00:00+05:30,367,Gudimalkapur,1571,Gudumalkapur,129,Cucumber,129,Common,0.0,129.0,1300.0,3500.0,1500.0,0.0,0.0
2024-10-09 00:00:00+05:30,323,Gaddiannaram,2,L.B Nagar,199,Capsicum,204,Common,0.0,8.0,4000.0,6000.0,5000.0,0.0,0.0
2024-10-07 00:00:00+05:30,289,Sadasivpet,1200,Sadasivapet,75,Soyabean,213,White,0.0,10.0,4216.0,5000.0,4216.0,0.0,0.0
2024-10-08 00:00:00+05:30,289,Sadasivpet,1200,Sadasivapet,75,Soyabean,213,White,0.0,13.0,4043.0,4218.0,4043.0,0.0,0.0
2024-10-08 00:00:00+05:30,246,Warangal,886,Warangal,54,Chillies(Dry),252,US-341,0.0,481.0,12000.0,15000.0,14000.0,0.0,0.0
2024-10-07 00:00:00+05:30,331,Vantimamidi,1612,Vantimamidi,128,Pumpkin,128,Common,0.0,74.0,500.0,1000.0,750.0,0.0,0.0
2024-10-08 00:00:00+05:30,323,Gaddiannaram,2,L.B Nagar,199,Capsicum,204,Common,0.0,11.0,4000.0,6000.0,5000.0,0.0,0.0
2024-10-07 00:00:00+05:30,367,Gudimalkapur,1571,Gudumalkapur,129,Cucumber,129,Common,0.0,75.0,1500.0,2500.0,2000.0,0.0,0.0
2024-10-07 00:00:00+05:30,324,Bowenpally,3,Bowenpally,127,Kheera,127,Common,0.0,1432.0,600.0,3500.0,2800.0,0.0,0.0
2024-10-07 00:00:00+05:30,323,Gaddiannaram,2,L.B Nagar,199,Capsicum,204,Common,0.0,8.0,4000.0,6000.0,5000.0,0.0,0.0
2024-10-06 00:00:00+05:30,331,Vantimamidi,1612,Vantimamidi,128,Pumpkin,128,Common,0.0,97.0,300.0,800.0,550.0,0.0,0.0
2024-10-06 00:00:00+05:30,367,Gudimalkapur,1571,Gudumalkapur,129,Cucumber,129,Common,0.0,32.0,2500.0,3000.0,2500.0,0.0,0.0
2024-10-06 00:00:00+05:30,324,Bowenpally,3,Bowenpally,127,Kheera,127,Common,0.0,1464.0,500.0,2000.0,1600.0,0.0,0.0
2024-10-05 00:00:00+05:30,331,Vantimamidi,1612,Vantimamidi,128,Pumpkin,128,Common,0.0,22.0,200.0,800.0,500.0,0.0,0.0
2024-10-05 00:00:00+05:30,367,Gudimalkapur,1571,Gudumalkapur,129,Cucumber,129,Common,0.0,123.0,1000.0,2500.0,2000.0,0.0,0.0
2024-10-06 00:00:00+05:30,323,Gaddiannaram,2,L.B Nagar,199,Capsicum,204,Common,0.0,10.0,4000.0,6000.0,5000.0,0.0,0.0
2024-10-05 00:00:00+05:30,323,Gaddiannaram,2,L.B Nagar,199,Capsicum,204,Common,0.0,13.0,4000.0,6000.0,5000.0,0.0,0.0
2024-10-04 00:00:00+05:30,331,Vantimamidi,1612,Vantimamidi,128,Pumpkin,128,Common,0.0,82.0,400.0,800.0,600.0,0.0,0.0
2024-10-05 00:00:00+05:30,324,Bowenpally,3,Bowenpally,127,Kheera,127,Common,0.0,1046.0,500.0,2300.0,2000.0,0.0,0.0
2024-10-04 00:00:00+05:30,367,Gudimalkapur,1571,Gudumalkapur,129,Cucumber,129,Common,0.0,43.0,1600.0,2000.0,1600.0,0.0,0.0
2024-10-04 00:00:00+05:30,324,Bowenpally,3,Bowenpally,127,Kheera,127,Common,0.0,1249.0,500.0,2000.0,1600.0,0.0,0.0
2024-10-04 00:00:00+05:30,246,Warangal,886,Warangal,54,Chillies(Dry),252,US-341,0.0,813.0,12000.0,15000.0,14000.0,0.0,0.0
2024-10-03 00:00:00+05:30,331,Vantimamidi,1612,Vantimamidi,128,Pumpkin,128,Common,0.0,76.0,500.0,500.0,500.0,0.0,0.0
2024-10-04 00:00:00+05:30,323,Gaddiannaram,2,L.B Nagar,199,Capsicum,204,Common,0.0,12.0,4000.0,6000.0,5000.0,0.0,0.0
2024-10-03 00:00:00+05:30,367,Gudimalkapur,1571,Gudumalkapur,129,Cucumber,129,Common,0.0,132.0,2000.0,2500.0,2300.0,0.0,0.0
2024-10-03 00:00:00+05:30,212,Choppadandi,1123,Choppadandi,195,Lobha,236,Seed,0.0,1.0,6001.0,6001.0,6001.0,0.0,0.0
2024-10-03 00:00:00+05:30,323,Gaddiannaram,2,L.B Nagar,199,Capsicum,204,Common,0.0,11.0,4000.0,6000.0,5000.0,0.0,0.0
2024-10-03 00:00:00+05:30,324,Bowenpally,3,Bowenpally,127,Kheera,127,Common,0.0,1697.0,500.0,1800.0,1500.0,0.0,0.0
2024-10-01 00:00:00+05:30,367,Gudimalkapur,1571,Gudumalkapur,129,Cucumber,129,Common,0.0,120.0,1500.0,2000.0,1500.0,0.0,0.0
2024-10-02 00:00:00+05:30,331,Vantimamidi,1612,Vantimamidi,128,Pumpkin,128,Common,0.0,40.0,400.0,400.0,400.0,0.0,0.0
2024-10-01 00:00:00+05:30,324,Bowenpally,3,Bowenpally,127,Kheera,127,Common,0.0,1959.0,500.0,2000.0,1600.0,0.0,0.0
2024-10-01 00:00:00+05:30,323,Gaddiannaram,2,L.B Nagar,199,Capsicum,204,Common,0.0,17.0,4000.0,6000.0,5000.0,0.0,0.0
2024-10-01 00:00:00+05:30,246,Warangal,886,Warangal,54,Chillies(Dry),252,US-341,0.0,885.0,13000.0,17000.0,16000.0,0.0,0.0
2024-10-31 00:00:00+05:30,367,Gudimalkapur,1571,Gudumalkapur,129,Cucumber,129,Common,0.0,79.0,2000.0,3000.0,2500.0,0.0,0.0
2024-10-31 00:00:00+05:30,324,Bowenpally,3,Bowenpally,127,Kheera,127,Common,0.0,2104.0,500.0,2000.0,1600.0,0.0,0.0
2024-10-31 00:00:00+05:30,323,Gaddiannaram,2,L.B Nagar,199,Capsicum,204,Common,0.0,12.0,6000.0,8000.0,7000.0,0.0,0.0
2024-10-30 00:00:00+05:30,331,Vantimamidi,1612,Vantimamidi,128,Pumpkin,128,Common,0.0,55.0,500.0,500.0,500.0,0.0,0.0
2024-10-30 00:00:00+05:30,367,Gudimalkapur,1571,Gudumalkapur,129,Cucumber,129,Common,0.0,72.0,2000.0,2500.0,2000.0,0.0,0.0
2024-10-30 00:00:00+05:30,324,Bowenpally,3,Bowenpally,127,Kheera,127,Common,0.0,1906.0,1000.0,2600.0,2200.0,0.0,0.0
2024-10-29 00:00:00+05:30,331,Vantimamidi,1612,Vantimamidi,128,Pumpkin,128,Common,0.0,123.0,500.0,1000.0,750.0,0.0,0.0
2024-10-29 00:00:00+05:30,367,Gudimalkapur,1571,Gudumalkapur,129,Cucumber,129,Common,0.0,73.0,1500.0,3000.0,2000.0,0.0,0.0
2024-10-30 00:00:00+05:30,323,Gaddiannaram,2,L.B Nagar,199,Capsicum,204,Common,0.0,11.0,6000.0,8000.0,7000.0,0.0,0.0
2024-10-29 00:00:00+05:30,324,Bowenpally,3,Bowenpally,127,Kheera,127,Common,0.0,2377.0,1000.0,2600.0,2100.0,0.0,0.0
2024-10-29 00:00:00+05:30,323,Gaddiannaram,2,L.B Nagar,199,Capsicum,204,Common,0.0,8.0,6000.0,8000.0,7000.0,0.0,0.0
2024-10-28 00:00:00+05:30,331,Vantimamidi,1612,Vantimamidi,128,Pumpkin,128,Common,0.0,63.0,400.0,1200.0,800.0,0.0,0.0
2024-10-28 00:00:00+05:30,367,Gudimalkapur,1571,Gudumalkapur,129,Cucumber,129,Common,0.0,27.0,2000.0,2500.0,2000.0,0.0,0.0
2024-10-28 00:00:00+05:30,324,Bowenpally,3,Bowenpally,127,Kheera,127,Common,0.0,1385.0,500.0,2600.0,2000.0,0.0,0.0
2024-10-27 00:00:00+05:30,331,Vantimamidi,1612,Vantimamidi,128,Pumpkin,128,Common,0.0,47.0,500.0,500.0,500.0,0.0,0.0
2024-10-27 00:00:00+05:30,367,Gudimalkapur,1571,Gudumalkapur,129,Cucumber,129,Common,0.0,87.0,2000.0,3500.0,2500.0,0.0,0.0
2024-10-28 00:00:00+05:30,323,Gaddiannaram,2,L.B Nagar,199,Capsicum,204,Common,0.0,10.0,6000.0,8000.0,7000.0,0.0,0.0
2024-10-27 00:00:00+05:30,324,Bowenpally,3,Bowenpally,127,Kheera,127,Common,0.0,1220.0,1000.0,2600.0,2200.0,0.0,0.0
2024-10-27 00:00:00+05:30,323,Gaddiannaram,2,L.B Nagar,199,Capsicum,204,Common,0.0,5.0,5000.0,7000.0,6000.0,0.0,0.0
2024-10-01 00:00:00+05:30,324,Bowenpally,3,Bowenpally,128,Pumpkin,128,Common,0.0,1845.0,500.0,1000.0,800.0,0.0,0.0
2024-10-02 00:00:00+05:30,331,Vantimamidi,1612,Vantimamidi,129,Cucumber,129,Common,0.0,4.0,1000.0,1000.0,1000.0,0.0,0.0
2024-10-01 00:00:00+05:30,367,Gudimalkapur,1571,Gudumalkapur,130,Drumstick,130,Common,0.0,42.0,6000.0,9000.0,8000.0,0.0,0.0
2024-10-01 00:00:00+05:30,208,Nizamabad,1080,Nizamabad,57,Tumeric,227,Finger,0.0,60.0,9200.0,9200.0,9200.0,0.0,0.0
2024-10-03 00:00:00+05:30,324,Bowenpally,3,Bowenpally,128,Pumpkin,128,Common,0.0,4066.0,600.0,1200.0,1200.0,0.0,0.0
2024-10-03 00:00:00+05:30,208,Nizamabad,1080,Nizamabad,57,Tumeric,227,Finger,0.0,90.0,8100.0,13189.0,13000.0,0.0,0.0
2024-10-03 00:00:00+05:30,367,Gudimalkapur,1571,Gudumalkapur,130,Drumstick,130,Common,0.0,37.0,7000.0,9000.0,8000.0,0.0,0.0
2024-10-03 00:00:00+05:30,331,Vantimamidi,1612,Vantimamidi,129,Cucumber,129,Common,0.0,16.0,800.0,1000.0,900.0,0.0,0.0
2024-10-04 00:00:00+05:30,324,Bowenpally,3,Bowenpally,128,Pumpkin,128,Common,0.0,3818.0,400.0,1200.0,1000.0,0.0,0.0
2024-10-04 00:00:00+05:30,367,Gudimalkapur,1571,Gudumalkapur,130,Drumstick,130,Common,0.0,23.0,5000.0,8000.0,6000.0,0.0,0.0
2024-10-04 00:00:00+05:30,208,Nizamabad,1080,Nizamabad,57,Tumeric,227,Finger,0.0,168.0,11756.0,13020.0,11809.0,0.0,0.0
2024-10-05 00:00:00+05:30,324,Bowenpally,3,Bowenpally,128,Pumpkin,128,Common,0.0,3978.0,500.0,1200.0,1000.0,0.0,0.0
2024-10-04 00:00:00+05:30,331,Vantimamidi,1612,Vantimamidi,129,Cucumber,129,Common,0.0,13.0,400.0,1200.0,800.0,0.0,0.0
2024-10-05 00:00:00+05:30,367,Gudimalkapur,1571,Gudumalkapur,130,Drumstick,130,Common,0.0,82.0,7000.0,8000.0,7000.0,0.0,0.0
2024-10-05 00:00:00+05:30,331,Vantimamidi,1612,Vantimamidi,129,Cucumber,129,Common,0.0,1.0,1300.0,1300.0,1300.0,0.0,0.0
2024-10-06 00:00:00+05:30,324,Bowenpally,3,Bowenpally,128,Pumpkin,128,Common,0.0,3919.0,500.0,1200.0,1000.0,0.0,0.0
2024-10-06 00:00:00+05:30,367,Gudimalkapur,1571,Gudumalkapur,130,Drumstick,130,Common,0.0,43.0,4000.0,8000.0,6000.0,0.0,0.0
2024-10-06 00:00:00+05:30,331,Vantimamidi,1612,Vantimamidi,129,Cucumber,129,Common,0.0,5.0,1000.0,1000.0,1000.0,0.0,0.0
2024-10-07 00:00:00+05:30,324,Bowenpally,3,Bowenpally,128,Pumpkin,128,Common,0.0,3443.0,500.0,1400.0,1200.0,0.0,0.0
2024-10-07 00:00:00+05:30,367,Gudimalkapur,1571,Gudumalkapur,130,Drumstick,130,Common,0.0,14.0,4000.0,8000.0,6000.0,0.0,0.0
2024-10-08 00:00:00+05:30,208,Nizamabad,1080,Nizamabad,57,Tumeric,227,Finger,0.0,170.0,9500.0,14436.0,13000.0,0.0,0.0
2024-10-08 00:00:00+05:30,367,Gudimalkapur,1571,Gudumalkapur,130,Drumstick,130,Common,0.0,24.0,7000.0,9000.0,8000.0,0.0,0.0
2024-10-09 00:00:00+05:30,208,Nizamabad,1080,Nizamabad,57,Tumeric,227,Finger,0.0,23.0,11000.0,13260.0,13260.0,0.0,0.0
2024-10-09 00:00:00+05:30,367,Gudimalkapur,1571,Gudumalkapur,130,Drumstick,130,Common,0.0,28.0,8000.0,8000.0,8000.0,0.0,0.0
2024-10-10 00:00:00+05:30,324,Bowenpally,3,Bowenpally,128,Pumpkin,128,Common,0.0,4942.0,500.0,1200.0,1000.0,0.0,0.0
2024-10-10 00:00:00+05:30,367,Gudimalkapur,1571,Gudumalkapur,130,Drumstick,130,Common,0.0,10.0,4000.0,8000.0,6000.0,0.0,0.0
2024-10-11 00:00:00+05:30,324,Bowenpally,3,Bowenpally,128,Pumpkin,128,Common,0.0,3518.0,400.0,1000.0,800.0,0.0,0.0
2024-10-12 00:00:00+05:30,324,Bowenpally,3,Bowenpally,128,Pumpkin,128,Common,0.0,677.0,500.0,1000.0,800.0,0.0,0.0
2024-10-12 00:00:00+05:30,367,Gudimalkapur,1571,Gudumalkapur,130,Drumstick,130,Common,0.0,1.0,5000.0,5000.0,5000.0,0.0,0.0
2024-10-13 00:00:00+05:30,324,Bowenpally,3,Bowenpally,128,Pumpkin,128,Common,0.0,21.0,500.0,1000.0,800.0,0.0,0.0
2024-10-13 00:00:00+05:30,367,Gudimalkapur,1571,Gudumalkapur,130,Drumstick,130,Common,0.0,15.0,6000.0,8000.0,6000.0,0.0,0.0
2024-10-14 00:00:00+05:30,324,Bowenpally,3,Bowenpally,128,Pumpkin,128,Common,0.0,87.0,400.0,1000.0,800.0,0.0,0.0
2024-10-14 00:00:00+05:30,208,Nizamabad,1080,Nizamabad,57,Tumeric,227,Finger,0.0,270.0,8006.0,13310.0,12422.0,0.0,0.0
2024-10-14 00:00:00+05:30,331,Vantimamidi,1612,Vantimamidi,129,Cucumber,129,Common,0.0,13.0,800.0,1000.0,900.0,0.0,0.0
2024-10-14 00:00:00+05:30,367,Gudimalkapur,1571,Gudumalkapur,130,Drumstick,130,Common,0.0,16.0,8000.0,8000.0,8000.0,0.0,0.0
2024-10-15 00:00:00+05:30,324,Bowenpally,3,Bowenpally,128,Pumpkin,128,Common,0.0,121.0,400.0,1200.0,1000.0,0.0,0.0
2024-10-15 00:00:00+05:30,367,Gudimalkapur,1571,Gudumalkapur,130,Drumstick,130,Common,0.0,32.0,5000.0,9000.0,5000.0,0.0,0.0
2024-10-15 00:00:00+05:30,331,Vantimamidi,1612,Vantimamidi,129,Cucumber,129,Common,0.0,16.0,1000.0,2500.0,1750.0,0.0,0.0
2024-10-15 00:00:00+05:30,208,Nizamabad,1080,Nizamabad,57,Tumeric,227,Finger,0.0,150.0,8020.0,10800.0,9600.0,0.0,0.0
2024-10-16 00:00:00+05:30,208,Nizamabad,1080,Nizamabad,57,Tumeric,227,Finger,0.0,398.0,9216.0,13320.0,13050.0,0.0,0.0
2024-10-16 00:00:00+05:30,324,Bowenpally,3,Bowenpally,128,Pumpkin,128,Common,0.0,198.0,500.0,1000.0,800.0,0.0,0.0
2024-10-17 00:00:00+05:30,208,Nizamabad,1080,Nizamabad,57,Tumeric,227,Finger,0.0,425.0,8000.0,13020.0,12120.0,0.0,0.0
2024-10-16 00:00:00+05:30,367,Gudimalkapur,1571,Gudumalkapur,130,Drumstick,130,Common,0.0,44.0,5000.0,7000.0,500.0,0.0,0.0
2024-10-17 00:00:00+05:30,324,Bowenpally,3,Bowenpally,128,Pumpkin,128,Common,0.0,84.0,400.0,1000.0,800.0,0.0,0.0
2024-10-17 00:00:00+05:30,367,Gudimalkapur,1571,Gudumalkapur,130,Drumstick,130,Common,0.0,60.0,4000.0,6000.0,5000.0,0.0,0.0
2024-10-17 00:00:00+05:30,331,Vantimamidi,1612,Vantimamidi,129,Cucumber,129,Common,0.0,2.0,2000.0,2000.0,2000.0,0.0,0.0
2024-10-18 00:00:00+05:30,324,Bowenpally,3,Bowenpally,128,Pumpkin,128,Common,0.0,261.0,500.0,1000.0,850.0,0.0,0.0
2024-10-18 00:00:00+05:30,367,Gudimalkapur,1571,Gudumalkapur,130,Drumstick,130,Common,0.0,38.0,3000.0,5000.0,4000.0,0.0,0.0
2024-10-18 00:00:00+05:30,208,Nizamabad,1080,Nizamabad,57,Tumeric,227,Finger,0.0,40.0,9560.0,12052.0,11567.0,0.0,0.0
2024-10-18 00:00:00+05:30,331,Vantimamidi,1612,Vantimamidi,129,Cucumber,129,Common,0.0,3.0,1000.0,1000.0,1000.0,0.0,0.0
2024-10-19 00:00:00+05:30,324,Bowenpally,3,Bowenpally,128,Pumpkin,128,Common,0.0,190.0,400.0,1000.0,800.0,0.0,0.0
2024-10-19 00:00:00+05:30,367,Gudimalkapur,1571,Gudumalkapur,130,Drumstick,130,Common,0.0,78.0,3500.0,6000.0,5000.0,0.0,0.0
2024-10-20 00:00:00+05:30,324,Bowenpally,3,Bowenpally,128,Pumpkin,128,Common,0.0,215.0,800.0,1000.0,950.0,0.0,0.0
2024-10-19 00:00:00+05:30,331,Vantimamidi,1612,Vantimamidi,129,Cucumber,129,Common,0.0,4.0,2000.0,3000.0,2500.0,0.0,0.0
2024-10-20 00:00:00+05:30,367,Gudimalkapur,1571,Gudumalkapur,130,Drumstick,130,Common,0.0,21.0,2000.0,3000.0,2500.0,0.0,0.0
2024-10-20 00:00:00+05:30,331,Vantimamidi,1612,Vantimamidi,129,Cucumber,129,Common,0.0,4.0,1500.0,1500.0,1500.0,0.0,0.0
2024-10-21 00:00:00+05:30,324,Bowenpally,3,Bowenpally,128,Pumpkin,128,Common,0.0,379.0,600.0,1200.0,1000.0,0.0,0.0
2024-10-21 00:00:00+05:30,367,Gudimalkapur,1571,Gudumalkapur,130,Drumstick,130,Common,0.0,34.0,2500.0,3000.0,2500.0,0.0,0.0
2024-10-21 00:00:00+05:30,331,Vantimamidi,1612,Vantimamidi,129,Cucumber,129,Common,0.0,5.0,2000.0,2000.0,2000.0,0.0,0.0
2024-10-22 00:00:00+05:30,324,Bowenpally,3,Bowenpally,128,Pumpkin,128,Common,0.0,444.0,400.0,1200.0,1000.0,0.0,0.0
2024-10-22 00:00:00+05:30,367,Gudimalkapur,1571,Gudumalkapur,130,Drumstick,130,Common,0.0,43.0,2500.0,5000.0,3000.0,0.0,0.0
2024-10-22 00:00:00+05:30,331,Vantimamidi,1612,Vantimamidi,129,Cucumber,129,Common,0.0,3.0,1200.0,2500.0,1850.0,0.0,0.0
2024-10-23 00:00:00+05:30,324,Bowenpally,3,Bowenpally,128,Pumpkin,128,Common,0.0,904.0,500.0,1200.0,1000.0,0.0,0.0
2024-10-23 00:00:00+05:30,367,Gudimalkapur,1571,Gudumalkapur,130,Drumstick,130,Common,0.0,44.0,4000.0,5000.0,4000.0,0.0,0.0
2024-10-24 00:00:00+05:30,324,Bowenpally,3,Bowenpally,128,Pumpkin,128,Common,0.0,1527.0,400.0,1300.0,1000.0,0.0,0.0
2024-10-24 00:00:00+05:30,367,Gudimalkapur,1571,Gudumalkapur,130,Drumstick,130,Common,0.0,44.0,4000.0,6000.0,5000.0,0.0,0.0
2024-10-24 00:00:00+05:30,331,Vantimamidi,1612,Vantimamidi,129,Cucumber,129,Common,0.0,16.0,1000.0,2500.0,1750.0,0.0,0.0
2024-10-25 00:00:00+05:30,367,Gudimalkapur,1571,Gudumalkapur,130,Drumstick,130,Common,0.0,21.0,4000.0,5000.0,4000.0,0.0,0.0
2024-10-25 00:00:00+05:30,331,Vantimamidi,1612,Vantimamidi,129,Cucumber,129,Common,0.0,4.0,1600.0,2000.0,1800.0,0.0,0.0
2024-10-26 00:00:00+05:30,367,Gudimalkapur,1571,Gudumalkapur,130,Drumstick,130,Common,0.0,72.0,2000.0,3000.0,2500.0,0.0,0.0
2024-10-26 00:00:00+05:30,331,Vantimamidi,1612,Vantimamidi,129,Cucumber,129,Common,0.0,4.0,2000.0,3000.0,2500.0,0.0,0.0
2024-10-27 00:00:00+05:30,324,Bowenpally,3,Bowenpally,128,Pumpkin,128,Common,0.0,1984.0,600.0,1300.0,1100.0,0.0,0.0
2024-10-27 00:00:00+05:30,367,Gudimalkapur,1571,Gudumalkapur,130,Drumstick,130,Common,0.0,48.0,2500.0,4000.0,2500.0,0.0,0.0
2024-10-28 00:00:00+05:30,324,Bowenpally,3,Bowenpally,128,Pumpkin,128,Common,0.0,1885.0,500.0,1300.0,1000.0,0.0,0.0
2024-10-28 00:00:00+05:30,367,Gudimalkapur,1571,Gudumalkapur,130,Drumstick,130,Common,0.0,50.0,2000.0,3000.0,2500.0,0.0,0.0
2024-10-28 00:00:00+05:30,331,Vantimamidi,1612,Vantimamidi,129,Cucumber,129,Common,0.0,6.0,1000.0,2500.0,1750.0,0.0,0.0
2024-10-29 00:00:00+05:30,324,Bowenpally,3,Bowenpally,128,Pumpkin,128,Common,0.0,2677.0,400.0,1300.0,1000.0,0.0,0.0
2024-10-29 00:00:00+05:30,367,Gudimalkapur,1571,Gudumalkapur,130,Drumstick,130,Common,0.0,74.0,2000.0,5000.0,3000.0,0.0,0.0
2024-10-30 00:00:00+05:30,324,Bowenpally,3,Bowenpally,128,Pumpkin,128,Common,0.0,2514.0,500.0,1300.0,1100.0,0.0,0.0
2024-10-30 00:00:00+05:30,367,Gudimalkapur,1571,Gudumalkapur,130,Drumstick,130,Common,0.0,86.0,2000.0,4000.0,3000.0,0.0,0.0
2024-10-30 00:00:00+05:30,331,Vantimamidi,1612,Vantimamidi,129,Cucumber,129,Common,0.0,1.0,1000.0,1000.0,1000.0,0.0,0.0
2024-10-31 00:00:00+05:30,324,Bowenpally,3,Bowenpally,128,Pumpkin,128,Common,0.0,905.0,500.0,1000.0,800.0,0.0,0.0
2024-10-31 00:00:00+05:30,367,Gudimalkapur,1571,Gudumalkapur,130,Drumstick,130,Common,0.0,68.0,2500.0,4000.0,3000.0,0.0,0.0
2024-10-26 00:00:00+05:30,367,Gudimalkapur,1571,Gudumalkapur,147,Green Tamarind,147,Common,0.0,21.0,2000.0,3500.0,2000.0,0.0,0.0
2024-10-25 00:00:00+05:30,367,Gudimalkapur,1571,Gudumalkapur,147,Green Tamarind,147,Common,0.0,11.0,2000.0,2500.0,2000.0,0.0,0.0
2024-10-24 00:00:00+05:30,367,Gudimalkapur,1571,Gudumalkapur,147,Green Tamarind,147,Common,0.0,28.0,2000.0,3000.0,2500.0,0.0,0.0
2024-10-24 00:00:00+05:30,324,Bowenpally,3,Bowenpally,129,Cucumber,129,Common,0.0,174.0,1000.0,3000.0,2500.0,0.0,0.0
2024-10-23 00:00:00+05:30,367,Gudimalkapur,1571,Gudumalkapur,147,Green Tamarind,147,Common,0.0,20.0,2000.0,2500.0,2000.0,0.0,0.0
2024-10-23 00:00:00+05:30,324,Bowenpally,3,Bowenpally,129,Cucumber,129,Common,0.0,180.0,1000.0,3000.0,2500.0,0.0,0.0
2024-10-22 00:00:00+05:30,367,Gudimalkapur,1571,Gudumalkapur,147,Green Tamarind,147,Common,0.0,19.0,2500.0,3500.0,3000.0,0.0,0.0
2024-10-22 00:00:00+05:30,324,Bowenpally,3,Bowenpally,129,Cucumber,129,Common,0.0,296.0,1000.0,3000.0,2500.0,0.0,0.0
2024-10-21 00:00:00+05:30,367,Gudimalkapur,1571,Gudumalkapur,147,Green Tamarind,147,Common,0.0,19.0,2500.0,2500.0,2500.0,0.0,0.0
2024-10-21 00:00:00+05:30,324,Bowenpally,3,Bowenpally,129,Cucumber,129,Common,0.0,237.0,1000.0,3000.0,2500.0,0.0,0.0
2024-10-20 00:00:00+05:30,367,Gudimalkapur,1571,Gudumalkapur,147,Green Tamarind,147,Common,0.0,17.0,2000.0,2500.0,2000.0,0.0,0.0
2024-10-20 00:00:00+05:30,324,Bowenpally,3,Bowenpally,129,Cucumber,129,Common,0.0,171.0,1000.0,3000.0,2500.0,0.0,0.0
2024-10-19 00:00:00+05:30,367,Gudimalkapur,1571,Gudumalkapur,147,Green Tamarind,147,Common,0.0,24.0,2000.0,2500.0,2000.0,0.0,0.0
2024-10-19 00:00:00+05:30,324,Bowenpally,3,Bowenpally,129,Cucumber,129,Common,0.0,103.0,600.0,3000.0,2200.0,0.0,0.0
2024-10-18 00:00:00+05:30,208,Nizamabad,1080,Nizamabad,57,Tumeric,228,Bulb,0.0,13.0,8560.0,10719.0,10580.0,0.0,0.0
2024-10-18 00:00:00+05:30,367,Gudimalkapur,1571,Gudumalkapur,147,Green Tamarind,147,Common,0.0,22.0,1600.0,2000.0,1800.0,0.0,0.0
2024-10-18 00:00:00+05:30,324,Bowenpally,3,Bowenpally,129,Cucumber,129,Common,0.0,118.0,600.0,3000.0,2500.0,0.0,0.0
2024-10-17 00:00:00+05:30,367,Gudimalkapur,1571,Gudumalkapur,147,Green Tamarind,147,Common,0.0,5.0,2500.0,3000.0,2500.0,0.0,0.0
2024-10-17 00:00:00+05:30,324,Bowenpally,3,Bowenpally,129,Cucumber,129,Common,0.0,72.0,500.0,3000.0,2200.0,0.0,0.0
2024-10-16 00:00:00+05:30,367,Gudimalkapur,1571,Gudumalkapur,147,Green Tamarind,147,Common,0.0,18.0,1500.0,2500.0,2000.0,0.0,0.0
2024-10-17 00:00:00+05:30,208,Nizamabad,1080,Nizamabad,57,Tumeric,228,Bulb,0.0,125.0,8306.0,11566.0,11306.0,0.0,0.0
2024-10-16 00:00:00+05:30,324,Bowenpally,3,Bowenpally,129,Cucumber,129,Common,0.0,187.0,800.0,3000.0,2500.0,0.0,0.0
2024-10-16 00:00:00+05:30,208,Nizamabad,1080,Nizamabad,57,Tumeric,228,Bulb,0.0,139.0,8266.0,12501.0,11728.0,0.0,0.0
2024-10-15 00:00:00+05:30,208,Nizamabad,1080,Nizamabad,57,Tumeric,228,Bulb,0.0,8.0,10800.0,10800.0,10800.0,0.0,0.0
2024-10-15 00:00:00+05:30,367,Gudimalkapur,1571,Gudumalkapur,147,Green Tamarind,147,Common,0.0,19.0,2500.0,3000.0,2500.0,0.0,0.0
2024-10-15 00:00:00+05:30,324,Bowenpally,3,Bowenpally,129,Cucumber,129,Common,0.0,125.0,800.0,3500.0,3000.0,0.0,0.0
2024-10-14 00:00:00+05:30,367,Gudimalkapur,1571,Gudumalkapur,147,Green Tamarind,147,Common,0.0,9.0,2000.0,2500.0,2000.0,0.0,0.0
2024-10-14 00:00:00+05:30,208,Nizamabad,1080,Nizamabad,57,Tumeric,228,Bulb,0.0,88.0,8006.0,10351.0,7506.0,0.0,0.0
2024-10-14 00:00:00+05:30,324,Bowenpally,3,Bowenpally,129,Cucumber,129,Common,0.0,118.0,800.0,3000.0,2500.0,0.0,0.0
2024-10-13 00:00:00+05:30,367,Gudimalkapur,1571,Gudumalkapur,147,Green Tamarind,147,Common,0.0,1.0,2500.0,2500.0,2500.0,0.0,0.0
2024-10-13 00:00:00+05:30,192,Jainath,26,Jainath,113,Green Chillies,113,Common,0.0,160.0,550.0,625.0,587.0,0.0,0.0
2024-10-13 00:00:00+05:30,324,Bowenpally,3,Bowenpally,129,Cucumber,129,Common,0.0,103.0,1500.0,3500.0,3000.0,0.0,0.0
2024-10-12 00:00:00+05:30,367,Gudimalkapur,1571,Gudumalkapur,147,Green Tamarind,147,Common,0.0,4.0,2500.0,3000.0,2500.0,0.0,0.0
2024-10-12 00:00:00+05:30,324,Bowenpally,3,Bowenpally,129,Cucumber,129,Common,0.0,77.0,800.0,3000.0,2500.0,0.0,0.0
2024-10-11 00:00:00+05:30,367,Gudimalkapur,1571,Gudumalkapur,147,Green Tamarind,147,Common,0.0,10.0,2500.0,2500.0,2500.0,0.0,0.0
2024-10-11 00:00:00+05:30,324,Bowenpally,3,Bowenpally,129,Cucumber,129,Common,0.0,68.0,600.0,2000.0,1600.0,0.0,0.0
2024-10-10 00:00:00+05:30,367,Gudimalkapur,1571,Gudumalkapur,147,Green Tamarind,147,Common,0.0,10.0,2500.0,2500.0,2500.0,0.0,0.0
2024-10-10 00:00:00+05:30,324,Bowenpally,3,Bowenpally,129,Cucumber,129,Common,0.0,208.0,500.0,2500.0,2000.0,0.0,0.0
2024-10-09 00:00:00+05:30,367,Gudimalkapur,1571,Gudumalkapur,147,Green Tamarind,147,Common,0.0,6.0,2000.0,2500.0,2200.0,0.0,0.0
2024-10-09 00:00:00+05:30,208,Nizamabad,1080,Nizamabad,57,Tumeric,228,Bulb,0.0,126.0,8000.0,12260.0,10550.0,0.0,0.0
2024-10-08 00:00:00+05:30,367,Gudimalkapur,1571,Gudumalkapur,147,Green Tamarind,147,Common,0.0,17.0,2500.0,4000.0,3000.0,0.0,0.0
2024-10-08 00:00:00+05:30,208,Nizamabad,1080,Nizamabad,57,Tumeric,228,Bulb,0.0,158.0,7506.0,13031.0,10592.0,0.0,0.0
2024-10-07 00:00:00+05:30,367,Gudimalkapur,1571,Gudumalkapur,147,Green Tamarind,147,Common,0.0,7.0,2500.0,2500.0,2500.0,0.0,0.0
2024-10-07 00:00:00+05:30,324,Bowenpally,3,Bowenpally,129,Cucumber,129,Common,0.0,296.0,500.0,2500.0,2000.0,0.0,0.0
2024-10-06 00:00:00+05:30,367,Gudimalkapur,1571,Gudumalkapur,147,Green Tamarind,147,Common,0.0,11.0,2000.0,3000.0,2000.0,0.0,0.0
2024-10-06 00:00:00+05:30,324,Bowenpally,3,Bowenpally,129,Cucumber,129,Common,0.0,331.0,1000.0,2200.0,1800.0,0.0,0.0
2024-10-05 00:00:00+05:30,367,Gudimalkapur,1571,Gudumalkapur,147,Green Tamarind,147,Common,0.0,12.0,3000.0,4000.0,3000.0,0.0,0.0
2024-10-05 00:00:00+05:30,192,Jainath,26,Jainath,113,Green Chillies,113,Common,0.0,320.0,550.0,625.0,587.0,0.0,0.0
2024-10-05 00:00:00+05:30,324,Bowenpally,3,Bowenpally,129,Cucumber,129,Common,0.0,229.0,500.0,2000.0,1600.0,0.0,0.0
2024-10-04 00:00:00+05:30,208,Nizamabad,1080,Nizamabad,57,Tumeric,228,Bulb,0.0,35.0,11206.0,11206.0,11206.0,0.0,0.0
2024-10-04 00:00:00+05:30,367,Gudimalkapur,1571,Gudumalkapur,147,Green Tamarind,147,Common,0.0,11.0,2000.0,3500.0,3000.0,0.0,0.0
2024-10-04 00:00:00+05:30,324,Bowenpally,3,Bowenpally,129,Cucumber,129,Common,0.0,318.0,500.0,2000.0,1600.0,0.0,0.0
2024-10-03 00:00:00+05:30,367,Gudimalkapur,1571,Gudumalkapur,147,Green Tamarind,147,Common,0.0,9.0,2500.0,4000.0,2500.0,0.0,0.0
2024-10-03 00:00:00+05:30,208,Nizamabad,1080,Nizamabad,57,Tumeric,228,Bulb,0.0,8.0,9299.0,9299.0,9299.0,0.0,0.0
2024-10-03 00:00:00+05:30,192,Jainath,26,Jainath,113,Green Chillies,113,Common,0.0,160.0,550.0,625.0,587.0,0.0,0.0
2024-10-03 00:00:00+05:30,324,Bowenpally,3,Bowenpally,129,Cucumber,129,Common,0.0,379.0,500.0,2500.0,2000.0,0.0,0.0
2024-10-01 00:00:00+05:30,208,Nizamabad,1080,Nizamabad,57,Tumeric,228,Bulb,0.0,8.0,8006.0,10006.0,10000.0,0.0,0.0
2024-10-01 00:00:00+05:30,367,Gudimalkapur,1571,Gudumalkapur,147,Green Tamarind,147,Common,0.0,17.0,2000.0,3000.0,2000.0,0.0,0.0
2024-10-01 00:00:00+05:30,324,Bowenpally,3,Bowenpally,129,Cucumber,129,Common,0.0,231.0,500.0,2500.0,2000.0,0.0,0.0
2024-10-31 00:00:00+05:30,367,Gudimalkapur,1571,Gudumalkapur,147,Green Tamarind,147,Common,0.0,18.0,2500.0,2500.0,2500.0,0.0,0.0
2024-10-31 00:00:00+05:30,324,Bowenpally,3,Bowenpally,129,Cucumber,129,Common,0.0,97.0,500.0,2800.0,2000.0,0.0,0.0
2024-10-30 00:00:00+05:30,367,Gudimalkapur,1571,Gudumalkapur,147,Green Tamarind,147,Common,0.0,11.0,1500.0,2000.0,1500.0,0.0,0.0
2024-10-30 00:00:00+05:30,324,Bowenpally,3,Bowenpally,129,Cucumber,129,Common,0.0,280.0,1000.0,3000.0,2500.0,0.0,0.0
2024-10-29 00:00:00+05:30,367,Gudimalkapur,1571,Gudumalkapur,147,Green Tamarind,147,Common,0.0,12.0,2000.0,3000.0,2000.0,0.0,0.0
2024-10-29 00:00:00+05:30,324,Bowenpally,3,Bowenpally,129,Cucumber,129,Common,0.0,254.0,1000.0,3500.0,3000.0,0.0,0.0
2024-10-28 00:00:00+05:30,367,Gudimalkapur,1571,Gudumalkapur,147,Green Tamarind,147,Common,0.0,19.0,2000.0,3000.0,2500.0,0.0,0.0
2024-10-28 00:00:00+05:30,324,Bowenpally,3,Bowenpally,129,Cucumber,129,Common,0.0,187.0,1000.0,3500.0,2600.0,0.0,0.0
2024-10-27 00:00:00+05:30,367,Gudimalkapur,1571,Gudumalkapur,147,Green Tamarind,147,Common,0.0,18.0,2000.0,3000.0,2000.0,0.0,0.0
2024-10-27 00:00:00+05:30,324,Bowenpally,3,Bowenpally,129,Cucumber,129,Common,0.0,138.0,1500.0,3500.0,3000.0,0.0,0.0
2024-10-01 00:00:00+05:30,324,Bowenpally,3,Bowenpally,130,Drumstick,130,Common,0.0,434.0,2000.0,7500.0,6000.0,0.0,0.0
2024-10-01 00:00:00+05:30,367,Gudimalkapur,1571,Gudumalkapur,155,Donda,155,Common,0.0,126.0,1800.0,2600.0,2500.0,0.0,0.0
2024-10-01 00:00:00+05:30,192,Jainath,26,Jainath,114,Tomato,114,Common,0.0,160.0,550.0,625.0,587.0,0.0,0.0
2024-10-02 00:00:00+05:30,192,Jainath,26,Jainath,114,Tomato,114,Common,0.0,320.0,550.0,625.0,587.0,0.0,0.0
2024-10-03 00:00:00+05:30,324,Bowenpally,3,Bowenpally,130,Drumstick,130,Common,0.0,419.0,2000.0,7000.0,5000.0,0.0,0.0
2024-10-03 00:00:00+05:30,192,Jainath,26,Jainath,114,Tomato,114,Common,0.0,320.0,550.0,625.0,587.0,0.0,0.0
2024-10-03 00:00:00+05:30,367,Gudimalkapur,1571,Gudumalkapur,155,Donda,155,Common,0.0,160.0,2000.0,3000.0,2500.0,0.0,0.0
2024-10-04 00:00:00+05:30,324,Bowenpally,3,Bowenpally,130,Drumstick,130,Common,0.0,288.0,2000.0,7000.0,5000.0,0.0,0.0
2024-10-04 00:00:00+05:30,367,Gudimalkapur,1571,Gudumalkapur,155,Donda,155,Common,0.0,100.0,1800.0,3000.0,2000.0,0.0,0.0
2024-10-05 00:00:00+05:30,324,Bowenpally,3,Bowenpally,130,Drumstick,130,Common,0.0,345.0,1500.0,7000.0,5000.0,0.0,0.0
2024-10-05 00:00:00+05:30,367,Gudimalkapur,1571,Gudumalkapur,155,Donda,155,Common,0.0,103.0,2800.0,4000.0,3000.0,0.0,0.0
2024-10-06 00:00:00+05:30,324,Bowenpally,3,Bowenpally,130,Drumstick,130,Common,0.0,280.0,3000.0,7000.0,6000.0,0.0,0.0
2024-10-06 00:00:00+05:30,367,Gudimalkapur,1571,Gudumalkapur,155,Donda,155,Common,0.0,167.0,2600.0,3500.0,3000.0,0.0,0.0
2024-10-07 00:00:00+05:30,324,Bowenpally,3,Bowenpally,130,Drumstick,130,Common,0.0,344.0,1500.0,7000.0,5000.0,0.0,0.0
2024-10-07 00:00:00+05:30,367,Gudimalkapur,1571,Gudumalkapur,155,Donda,155,Common,0.0,174.0,1500.0,3500.0,2500.0,0.0,0.0
2024-10-07 00:00:00+05:30,192,Jainath,26,Jainath,114,Tomato,114,Common,0.0,160.0,550.0,625.0,587.0,0.0,0.0
2024-10-08 00:00:00+05:30,367,Gudimalkapur,1571,Gudumalkapur,155,Donda,155,Common,0.0,156.0,2000.0,3500.0,2500.0,0.0,0.0
2024-10-08 00:00:00+05:30,331,Vantimamidi,1612,Vantimamidi,146,Tamarind Sprout,146,Common,0.0,1.0,2000.0,2000.0,2000.0,0.0,0.0
2024-10-09 00:00:00+05:30,367,Gudimalkapur,1571,Gudumalkapur,155,Donda,155,Common,0.0,227.0,2000.0,3000.0,2500.0,0.0,0.0
2024-10-10 00:00:00+05:30,324,Bowenpally,3,Bowenpally,130,Drumstick,130,Common,0.0,240.0,3000.0,7500.0,6000.0,0.0,0.0
2024-10-10 00:00:00+05:30,367,Gudimalkapur,1571,Gudumalkapur,155,Donda,155,Common,0.0,276.0,2000.0,2400.0,2200.0,0.0,0.0
2024-10-11 00:00:00+05:30,324,Bowenpally,3,Bowenpally,130,Drumstick,130,Common,0.0,104.0,3000.0,8000.0,7000.0,0.0,0.0
2024-10-11 00:00:00+05:30,367,Gudimalkapur,1571,Gudumalkapur,155,Donda,155,Common,0.0,126.0,1000.0,2800.0,1600.0,0.0,0.0
2024-10-12 00:00:00+05:30,324,Bowenpally,3,Bowenpally,130,Drumstick,130,Common,0.0,166.0,2000.0,8000.0,6000.0,0.0,0.0
2024-10-12 00:00:00+05:30,367,Gudimalkapur,1571,Gudumalkapur,155,Donda,155,Common,0.0,62.0,1600.0,2500.0,2000.0,0.0,0.0
2024-10-13 00:00:00+05:30,324,Bowenpally,3,Bowenpally,130,Drumstick,130,Common,0.0,254.0,3000.0,7000.0,5500.0,0.0,0.0
2024-10-13 00:00:00+05:30,367,Gudimalkapur,1571,Gudumalkapur,155,Donda,155,Common,0.0,70.0,2500.0,3500.0,2500.0,0.0,0.0
2024-10-14 00:00:00+05:30,324,Bowenpally,3,Bowenpally,130,Drumstick,130,Common,0.0,168.0,2000.0,7500.0,5000.0,0.0,0.0
2024-10-14 00:00:00+05:30,367,Gudimalkapur,1571,Gudumalkapur,155,Donda,155,Common,0.0,43.0,2000.0,3000.0,2500.0,0.0,0.0
2024-10-15 00:00:00+05:30,324,Bowenpally,3,Bowenpally,130,Drumstick,130,Common,0.0,279.0,2000.0,7500.0,5500.0,0.0,0.0
2024-10-15 00:00:00+05:30,367,Gudimalkapur,1571,Gudumalkapur,155,Donda,155,Common,0.0,250.0,1800.0,3000.0,2500.0,0.0,0.0
2024-10-15 00:00:00+05:30,208,Nizamabad,1080,Nizamabad,58,Coriander,58,Common,0.0,2.0,4740.0,4740.0,4740.0,0.0,0.0
2024-10-16 00:00:00+05:30,324,Bowenpally,3,Bowenpally,130,Drumstick,130,Common,0.0,329.0,3000.0,7500.0,5000.0,0.0,0.0
2024-10-16 00:00:00+05:30,367,Gudimalkapur,1571,Gudumalkapur,155,Donda,155,Common,0.0,305.0,600.0,2500.0,1600.0,0.0,0.0
2024-10-17 00:00:00+05:30,324,Bowenpally,3,Bowenpally,130,Drumstick,130,Common,0.0,417.0,2000.0,7000.0,5000.0,0.0,0.0
2024-10-17 00:00:00+05:30,367,Gudimalkapur,1571,Gudumalkapur,155,Donda,155,Common,0.0,371.0,1000.0,2000.0,1400.0,0.0,0.0
2024-10-18 00:00:00+05:30,324,Bowenpally,3,Bowenpally,130,Drumstick,130,Common,0.0,592.0,3000.0,7000.0,5800.0,0.0,0.0
2024-10-18 00:00:00+05:30,367,Gudimalkapur,1571,Gudumalkapur,155,Donda,155,Common,0.0,279.0,800.0,1600.0,1000.0,0.0,0.0
2024-10-19 00:00:00+05:30,324,Bowenpally,3,Bowenpally,130,Drumstick,130,Common,0.0,473.0,1500.0,5000.0,4000.0,0.0,0.0
2024-10-19 00:00:00+05:30,367,Gudimalkapur,1571,Gudumalkapur,155,Donda,155,Common,0.0,275.0,600.0,1600.0,1200.0,0.0,0.0
2024-10-19 00:00:00+05:30,192,Jainath,26,Jainath,114,Tomato,114,Common,0.0,320.0,550.0,625.0,587.0,0.0,0.0
2024-10-20 00:00:00+05:30,324,Bowenpally,3,Bowenpally,130,Drumstick,130,Common,0.0,519.0,3000.0,7000.0,6000.0,0.0,0.0
2024-10-19 00:00:00+05:30,331,Vantimamidi,1612,Vantimamidi,146,Tamarind Sprout,146,Common,0.0,2.0,2500.0,2500.0,2500.0,0.0,0.0
2024-10-20 00:00:00+05:30,367,Gudimalkapur,1571,Gudumalkapur,155,Donda,155,Common,0.0,214.0,1600.0,2000.0,1800.0,0.0,0.0
2024-10-20 00:00:00+05:30,192,Jainath,26,Jainath,114,Tomato,114,Common,0.0,160.0,550.0,625.0,587.0,0.0,0.0
2024-10-21 00:00:00+05:30,324,Bowenpally,3,Bowenpally,130,Drumstick,130,Common,0.0,393.0,2000.0,7000.0,5000.0,0.0,0.0
2024-10-21 00:00:00+05:30,367,Gudimalkapur,1571,Gudumalkapur,155,Donda,155,Common,0.0,98.0,1800.0,2500.0,2000.0,0.0,0.0
2024-10-21 00:00:00+05:30,331,Vantimamidi,1612,Vantimamidi,146,Tamarind Sprout,146,Common,0.0,1.0,2000.0,2000.0,2000.0,0.0,0.0
2024-10-22 00:00:00+05:30,324,Bowenpally,3,Bowenpally,130,Drumstick,130,Common,0.0,352.0,1500.0,7000.0,5000.0,0.0,0.0
2024-10-22 00:00:00+05:30,192,Jainath,26,Jainath,114,Tomato,114,Common,0.0,160.0,550.0,625.0,587.0,0.0,0.0
2024-10-22 00:00:00+05:30,367,Gudimalkapur,1571,Gudumalkapur,155,Donda,155,Common,0.0,196.0,2000.0,3000.0,2200.0,0.0,0.0
2024-10-23 00:00:00+05:30,324,Bowenpally,3,Bowenpally,130,Drumstick,130,Common,0.0,497.0,2000.0,6000.0,4000.0,0.0,0.0
2024-10-23 00:00:00+05:30,367,Gudimalkapur,1571,Gudumalkapur,155,Donda,155,Common,0.0,284.0,2000.0,3000.0,2500.0,0.0,0.0
2024-10-24 00:00:00+05:30,324,Bowenpally,3,Bowenpally,130,Drumstick,130,Common,0.0,292.0,2000.0,6000.0,5000.0,0.0,0.0
2024-10-24 00:00:00+05:30,367,Gudimalkapur,1571,Gudumalkapur,155,Donda,155,Common,0.0,225.0,1600.0,3000.0,2200.0,0.0,0.0
2024-10-25 00:00:00+05:30,367,Gudimalkapur,1571,Gudumalkapur,155,Donda,155,Common,0.0,217.0,1500.0,2500.0,2000.0,0.0,0.0
2024-10-26 00:00:00+05:30,367,Gudimalkapur,1571,Gudumalkapur,155,Donda,155,Common,0.0,203.0,2000.0,2500.0,2000.0,0.0,0.0
2024-10-26 00:00:00+05:30,331,Vantimamidi,1612,Vantimamidi,146,Tamarind Sprout,146,Common,0.0,2.0,2000.0,2000.0,2000.0,0.0,0.0
2024-10-27 00:00:00+05:30,324,Bowenpally,3,Bowenpally,130,Drumstick,130,Common,0.0,430.0,2000.0,5000.0,4500.0,0.0,0.0
2024-10-27 00:00:00+05:30,367,Gudimalkapur,1571,Gudumalkapur,155,Donda,155,Common,0.0,161.0,2000.0,3000.0,2000.0,0.0,0.0
2024-10-28 00:00:00+05:30,324,Bowenpally,3,Bowenpally,130,Drumstick,130,Common,0.0,546.0,1000.0,5000.0,4000.0,0.0,0.0
2024-10-28 00:00:00+05:30,367,Gudimalkapur,1571,Gudumalkapur,155,Donda,155,Common,0.0,140.0,2500.0,3500.0,3000.0,0.0,0.0
2024-10-28 00:00:00+05:30,331,Vantimamidi,1612,Vantimamidi,146,Tamarind Sprout,146,Common,0.0,1.0,2000.0,2000.0,2000.0,0.0,0.0
2024-10-29 00:00:00+05:30,324,Bowenpally,3,Bowenpally,130,Drumstick,130,Common,0.0,827.0,1000.0,4000.0,3200.0,0.0,0.0
2024-10-29 00:00:00+05:30,367,Gudimalkapur,1571,Gudumalkapur,155,Donda,155,Common,0.0,211.0,2800.0,3500.0,3000.0,0.0,0.0
2024-10-30 00:00:00+05:30,324,Bowenpally,3,Bowenpally,130,Drumstick,130,Common,0.0,1043.0,1000.0,4000.0,3000.0,0.0,0.0
2024-10-30 00:00:00+05:30,192,Jainath,26,Jainath,114,Tomato,114,Common,0.0,160.0,550.0,625.0,587.0,0.0,0.0
2024-10-30 00:00:00+05:30,367,Gudimalkapur,1571,Gudumalkapur,155,Donda,155,Common,0.0,310.0,2500.0,3500.0,3000.0,0.0,0.0
2024-10-31 00:00:00+05:30,324,Bowenpally,3,Bowenpally,130,Drumstick,130,Common,0.0,491.0,1000.0,2500.0,2000.0,0.0,0.0
2024-10-31 00:00:00+05:30,367,Gudimalkapur,1571,Gudumalkapur,155,Donda,155,Common,0.0,234.0,2000.0,2500.0,2000.0,0.0,0.0
2024-10-26 00:00:00+05:30,331,Vantimamidi,1612,Vantimamidi,155,Donda,155,Common,0.0,15.0,2000.0,3000.0,2500.0,0.0,0.0
2024-10-25 00:00:00+05:30,331,Vantimamidi,1612,Vantimamidi,155,Donda,155,Common,0.0,26.0,1000.0,3000.0,2000.0,0.0,0.0
2024-10-24 00:00:00+05:30,331,Vantimamidi,1612,Vantimamidi,155,Donda,155,Common,0.0,34.0,2000.0,3000.0,2500.0,0.0,0.0
2024-10-24 00:00:00+05:30,324,Bowenpally,3,Bowenpally,147,Green Tamarind,147,Common,0.0,15.0,1000.0,3000.0,2500.0,0.0,0.0
2024-10-23 00:00:00+05:30,331,Vantimamidi,1612,Vantimamidi,155,Donda,155,Common,0.0,43.0,1000.0,3000.0,2000.0,0.0,0.0
2024-10-23 00:00:00+05:30,324,Bowenpally,3,Bowenpally,147,Green Tamarind,147,Common,0.0,18.0,2000.0,3000.0,2800.0,0.0,0.0
2024-10-22 00:00:00+05:30,331,Vantimamidi,1612,Vantimamidi,155,Donda,155,Common,0.0,34.0,1000.0,3000.0,2000.0,0.0,0.0
2024-10-22 00:00:00+05:30,324,Bowenpally,3,Bowenpally,147,Green Tamarind,147,Common,0.0,19.0,1000.0,3000.0,2500.0,0.0,0.0
2024-10-21 00:00:00+05:30,331,Vantimamidi,1612,Vantimamidi,155,Donda,155,Common,0.0,16.0,2000.0,3000.0,2500.0,0.0,0.0
2024-10-21 00:00:00+05:30,324,Bowenpally,3,Bowenpally,147,Green Tamarind,147,Common,0.0,40.0,2000.0,3000.0,2600.0,0.0,0.0
2024-10-20 00:00:00+05:30,331,Vantimamidi,1612,Vantimamidi,155,Donda,155,Common,0.0,43.0,1500.0,3000.0,2250.0,0.0,0.0
2024-10-19 00:00:00+05:30,331,Vantimamidi,1612,Vantimamidi,155,Donda,155,Common,0.0,52.0,1000.0,2500.0,1750.0,0.0,0.0
2024-10-20 00:00:00+05:30,324,Bowenpally,3,Bowenpally,147,Green Tamarind,147,Common,0.0,19.0,2000.0,3000.0,2800.0,0.0,0.0
2024-10-19 00:00:00+05:30,324,Bowenpally,3,Bowenpally,147,Green Tamarind,147,Common,0.0,10.0,1500.0,3000.0,2600.0,0.0,0.0
2024-10-18 00:00:00+05:30,331,Vantimamidi,1612,Vantimamidi,155,Donda,155,Common,0.0,60.0,1000.0,2500.0,1750.0,0.0,0.0
2024-10-18 00:00:00+05:30,324,Bowenpally,3,Bowenpally,147,Green Tamarind,147,Common,0.0,15.0,1500.0,3000.0,2600.0,0.0,0.0
2024-10-17 00:00:00+05:30,331,Vantimamidi,1612,Vantimamidi,155,Donda,155,Common,0.0,48.0,1000.0,2500.0,1750.0,0.0,0.0
2024-10-17 00:00:00+05:30,324,Bowenpally,3,Bowenpally,147,Green Tamarind,147,Common,0.0,10.0,1500.0,3000.0,2600.0,0.0,0.0
2024-10-16 00:00:00+05:30,324,Bowenpally,3,Bowenpally,147,Green Tamarind,147,Common,0.0,20.0,2000.0,3000.0,2500.0,0.0,0.0
2024-10-15 00:00:00+05:30,331,Vantimamidi,1612,Vantimamidi,155,Donda,155,Common,0.0,61.0,1000.0,3000.0,2000.0,0.0,0.0
2024-10-15 00:00:00+05:30,324,Bowenpally,3,Bowenpally,147,Green Tamarind,147,Common,0.0,18.0,1500.0,4000.0,3500.0,0.0,0.0
2024-10-14 00:00:00+05:30,331,Vantimamidi,1612,Vantimamidi,155,Donda,155,Common,0.0,61.0,800.0,3000.0,1900.0,0.0,0.0
2024-10-14 00:00:00+05:30,324,Bowenpally,3,Bowenpally,147,Green Tamarind,147,Common,0.0,5.0,1000.0,2500.0,2000.0,0.0,0.0
2024-10-13 00:00:00+05:30,331,Vantimamidi,1612,Vantimamidi,155,Donda,155,Common,0.0,62.0,1000.0,3000.0,2000.0,0.0,0.0
2024-10-12 00:00:00+05:30,331,Vantimamidi,1612,Vantimamidi,155,Donda,155,Common,0.0,11.0,1000.0,1500.0,1250.0,0.0,0.0
2024-10-11 00:00:00+05:30,331,Vantimamidi,1612,Vantimamidi,155,Donda,155,Common,0.0,14.0,1000.0,1500.0,1250.0,0.0,0.0
2024-10-10 00:00:00+05:30,331,Vantimamidi,1612,Vantimamidi,155,Donda,155,Common,0.0,27.0,1000.0,2000.0,1500.0,0.0,0.0
2024-10-09 00:00:00+05:30,331,Vantimamidi,1612,Vantimamidi,155,Donda,155,Common,0.0,38.0,1500.0,2500.0,2000.0,0.0,0.0
2024-10-08 00:00:00+05:30,331,Vantimamidi,1612,Vantimamidi,155,Donda,155,Common,0.0,28.0,2000.0,3000.0,2500.0,0.0,0.0
2024-10-07 00:00:00+05:30,331,Vantimamidi,1612,Vantimamidi,155,Donda,155,Common,0.0,27.0,2000.0,5000.0,3500.0,0.0,0.0
2024-10-07 00:00:00+05:30,324,Bowenpally,3,Bowenpally,147,Green Tamarind,147,Common,0.0,10.0,1000.0,3500.0,2800.0,0.0,0.0
2024-10-06 00:00:00+05:30,331,Vantimamidi,1612,Vantimamidi,155,Donda,155,Common,0.0,34.0,800.0,3000.0,1900.0,0.0,0.0
2024-10-06 00:00:00+05:30,324,Bowenpally,3,Bowenpally,147,Green Tamarind,147,Common,0.0,4.0,2000.0,3500.0,3000.0,0.0,0.0
2024-10-05 00:00:00+05:30,331,Vantimamidi,1612,Vantimamidi,155,Donda,155,Common,0.0,22.0,1000.0,3000.0,2000.0,0.0,0.0
2024-10-05 00:00:00+05:30,324,Bowenpally,3,Bowenpally,147,Green Tamarind,147,Common,0.0,12.0,1000.0,3500.0,3000.0,0.0,0.0
2024-10-04 00:00:00+05:30,331,Vantimamidi,1612,Vantimamidi,155,Donda,155,Common,0.0,21.0,1000.0,3000.0,2000.0,0.0,0.0
2024-10-04 00:00:00+05:30,324,Bowenpally,3,Bowenpally,147,Green Tamarind,147,Common,0.0,5.0,1000.0,3500.0,3000.0,0.0,0.0
2024-10-03 00:00:00+05:30,331,Vantimamidi,1612,Vantimamidi,155,Donda,155,Common,0.0,31.0,2000.0,2000.0,2000.0,0.0,0.0
2024-10-03 00:00:00+05:30,324,Bowenpally,3,Bowenpally,147,Green Tamarind,147,Common,0.0,8.0,1500.0,3500.0,3000.0,0.0,0.0
2024-10-02 00:00:00+05:30,331,Vantimamidi,1612,Vantimamidi,155,Donda,155,Common,0.0,24.0,1000.0,2500.0,1750.0,0.0,0.0
2024-10-01 00:00:00+05:30,324,Bowenpally,3,Bowenpally,147,Green Tamarind,147,Common,0.0,20.0,1000.0,3500.0,3000.0,0.0,0.0
2024-10-30 00:00:00+05:30,331,Vantimamidi,1612,Vantimamidi,155,Donda,155,Common,0.0,50.0,1000.0,2000.0,1500.0,0.0,0.0
2024-10-29 00:00:00+05:30,331,Vantimamidi,1612,Vantimamidi,155,Donda,155,Common,0.0,48.0,1000.0,3000.0,2000.0,0.0,0.0
2024-10-29 00:00:00+05:30,324,Bowenpally,3,Bowenpally,147,Green Tamarind,147,Common,0.0,8.0,1500.0,3000.0,2600.0,0.0,0.0
2024-10-28 00:00:00+05:30,331,Vantimamidi,1612,Vantimamidi,155,Donda,155,Common,0.0,37.0,2000.0,3000.0,2500.0,0.0,0.0
2024-10-28 00:00:00+05:30,324,Bowenpally,3,Bowenpally,147,Green Tamarind,147,Common,0.0,22.0,1000.0,3000.0,2500.0,0.0,0.0
2024-10-27 00:00:00+05:30,331,Vantimamidi,1612,Vantimamidi,155,Donda,155,Common,0.0,16.0,2000.0,3000.0,2500.0,0.0,0.0
2024-10-01 00:00:00+05:30,324,Bowenpally,3,Bowenpally,148,Culinery Banana,148,Common,0.0,281.0,300.0,600.0,500.0,0.0,0.0
2024-10-01 00:00:00+05:30,246,Warangal,886,Warangal,54,Chillies(Dry),268,Talu,0.0,244.0,3000.0,9000.0,6000.0,0.0,0.0
2024-10-02 00:00:00+05:30,331,Vantimamidi,1612,Vantimamidi,195,Lobha,199,Common,0.0,37.0,500.0,2500.0,1500.0,0.0,0.0
2024-10-01 00:00:00+05:30,367,Gudimalkapur,1571,Gudumalkapur,195,Lobha,199,Common,0.0,3.0,1000.0,1500.0,1000.0,0.0,0.0
2024-10-03 00:00:00+05:30,324,Bowenpally,3,Bowenpally,148,Culinery Banana,148,Common,0.0,314.0,300.0,700.0,600.0,0.0,0.0
2024-10-03 00:00:00+05:30,246,Warangal,886,Warangal,54,Chillies(Dry),268,Talu,0.0,240.0,3500.0,9000.0,6000.0,0.0,0.0
2024-10-03 00:00:00+05:30,331,Vantimamidi,1612,Vantimamidi,195,Lobha,199,Common,0.0,13.0,1000.0,3000.0,2000.0,0.0,0.0
2024-10-03 00:00:00+05:30,367,Gudimalkapur,1571,Gudumalkapur,195,Lobha,199,Common,0.0,10.0,800.0,2000.0,1200.0,0.0,0.0
2024-10-04 00:00:00+05:30,324,Bowenpally,3,Bowenpally,148,Culinery Banana,148,Common,0.0,189.0,200.0,600.0,500.0,0.0,0.0
2024-10-04 00:00:00+05:30,246,Warangal,886,Warangal,54,Chillies(Dry),268,Talu,0.0,122.0,3500.0,9000.0,6000.0,0.0,0.0
2024-10-04 00:00:00+05:30,331,Vantimamidi,1612,Vantimamidi,195,Lobha,199,Common,0.0,8.0,2000.0,3000.0,2500.0,0.0,0.0
2024-10-05 00:00:00+05:30,324,Bowenpally,3,Bowenpally,148,Culinery Banana,148,Common,0.0,274.0,300.0,700.0,600.0,0.0,0.0
2024-10-04 00:00:00+05:30,367,Gudimalkapur,1571,Gudumalkapur,195,Lobha,199,Common,0.0,5.0,1500.0,1600.0,1500.0,0.0,0.0
2024-10-05 00:00:00+05:30,331,Vantimamidi,1612,Vantimamidi,195,Lobha,199,Common,0.0,20.0,1000.0,3000.0,2000.0,0.0,0.0
2024-10-05 00:00:00+05:30,367,Gudimalkapur,1571,Gudumalkapur,195,Lobha,199,Common,0.0,2.0,1000.0,1500.0,1000.0,0.0,0.0
2024-10-06 00:00:00+05:30,324,Bowenpally,3,Bowenpally,148,Culinery Banana,148,Common,0.0,188.0,400.0,800.0,700.0,0.0,0.0
2024-10-06 00:00:00+05:30,331,Vantimamidi,1612,Vantimamidi,195,Lobha,199,Common,0.0,26.0,1500.0,3000.0,2250.0,0.0,0.0
2024-10-06 00:00:00+05:30,367,Gudimalkapur,1571,Gudumalkapur,195,Lobha,199,Common,0.0,7.0,1000.0,1500.0,1000.0,0.0,0.0
2024-10-07 00:00:00+05:30,324,Bowenpally,3,Bowenpally,148,Culinery Banana,148,Common,0.0,319.0,300.0,800.0,600.0,0.0,0.0
2024-10-07 00:00:00+05:30,246,Warangal,886,Warangal,54,Chillies(Dry),268,Talu,0.0,170.0,3500.0,9000.0,6000.0,0.0,0.0
2024-10-07 00:00:00+05:30,367,Gudimalkapur,1571,Gudumalkapur,195,Lobha,199,Common,0.0,2.0,1000.0,2500.0,1500.0,0.0,0.0
2024-10-07 00:00:00+05:30,331,Vantimamidi,1612,Vantimamidi,195,Lobha,199,Common,0.0,10.0,2000.0,3000.0,2500.0,0.0,0.0
2024-10-08 00:00:00+05:30,246,Warangal,886,Warangal,54,Chillies(Dry),268,Talu,0.0,227.0,3000.0,8500.0,6000.0,0.0,0.0
2024-10-08 00:00:00+05:30,331,Vantimamidi,1612,Vantimamidi,195,Lobha,199,Common,0.0,12.0,2000.0,3000.0,2500.0,0.0,0.0
2024-10-08 00:00:00+05:30,367,Gudimalkapur,1571,Gudumalkapur,195,Lobha,199,Common,0.0,1.0,3000.0,3000.0,3000.0,0.0,0.0
2024-10-09 00:00:00+05:30,331,Vantimamidi,1612,Vantimamidi,195,Lobha,199,Common,0.0,10.0,1600.0,3000.0,2300.0,0.0,0.0
2024-10-10 00:00:00+05:30,324,Bowenpally,3,Bowenpally,148,Culinery Banana,148,Common,0.0,164.0,300.0,600.0,500.0,0.0,0.0
2024-10-09 00:00:00+05:30,367,Gudimalkapur,1571,Gudumalkapur,195,Lobha,199,Common,0.0,6.0,1000.0,1500.0,1200.0,0.0,0.0
2024-10-10 00:00:00+05:30,331,Vantimamidi,1612,Vantimamidi,195,Lobha,199,Common,0.0,1.0,1000.0,1000.0,1000.0,0.0,0.0
2024-10-10 00:00:00+05:30,367,Gudimalkapur,1571,Gudumalkapur,195,Lobha,199,Common,0.0,3.0,1500.0,1500.0,1500.0,0.0,0.0
2024-10-11 00:00:00+05:30,324,Bowenpally,3,Bowenpally,148,Culinery Banana,148,Common,0.0,122.0,300.0,500.0,450.0,0.0,0.0
2024-10-12 00:00:00+05:30,324,Bowenpally,3,Bowenpally,148,Culinery Banana,148,Common,0.0,143.0,200.0,600.0,500.0,0.0,0.0
2024-10-11 00:00:00+05:30,331,Vantimamidi,1612,Vantimamidi,195,Lobha,199,Common,0.0,12.0,2000.0,2500.0,2250.0,0.0,0.0
2024-10-12 00:00:00+05:30,367,Gudimalkapur,1571,Gudumalkapur,195,Lobha,199,Common,0.0,4.0,1500.0,1500.0,1500.0,0.0,0.0
2024-10-13 00:00:00+05:30,324,Bowenpally,3,Bowenpally,148,Culinery Banana,148,Common,0.0,169.0,400.0,600.0,500.0,0.0,0.0
2024-10-13 00:00:00+05:30,331,Vantimamidi,1612,Vantimamidi,195,Lobha,199,Common,0.0,6.0,2000.0,3000.0,2500.0,0.0,0.0
2024-10-14 00:00:00+05:30,324,Bowenpally,3,Bowenpally,148,Culinery Banana,148,Common,0.0,164.0,300.0,600.0,500.0,0.0,0.0
2024-10-14 00:00:00+05:30,331,Vantimamidi,1612,Vantimamidi,195,Lobha,199,Common,0.0,11.0,2000.0,3000.0,2500.0,0.0,0.0
2024-10-14 00:00:00+05:30,367,Gudimalkapur,1571,Gudumalkapur,195,Lobha,199,Common,0.0,1.0,1000.0,1000.0,1000.0,0.0,0.0
2024-10-14 00:00:00+05:30,246,Warangal,886,Warangal,54,Chillies(Dry),268,Talu,0.0,74.0,3000.0,8000.0,5500.0,0.0,0.0
2024-10-15 00:00:00+05:30,324,Bowenpally,3,Bowenpally,148,Culinery Banana,148,Common,0.0,372.0,300.0,600.0,500.0,0.0,0.0
2024-10-15 00:00:00+05:30,246,Warangal,886,Warangal,54,Chillies(Dry),268,Talu,0.0,125.0,3000.0,8000.0,5500.0,0.0,0.0
2024-10-15 00:00:00+05:30,331,Vantimamidi,1612,Vantimamidi,195,Lobha,199,Common,0.0,9.0,2000.0,3000.0,2500.0,0.0,0.0
2024-10-15 00:00:00+05:30,367,Gudimalkapur,1571,Gudumalkapur,195,Lobha,199,Common,0.0,3.0,2000.0,2000.0,2000.0,0.0,0.0
2024-10-16 00:00:00+05:30,324,Bowenpally,3,Bowenpally,148,Culinery Banana,148,Common,0.0,227.0,300.0,700.0,500.0,0.0,0.0
2024-10-16 00:00:00+05:30,246,Warangal,886,Warangal,54,Chillies(Dry),268,Talu,0.0,119.0,3000.0,8000.0,5500.0,0.0,0.0
2024-10-17 00:00:00+05:30,324,Bowenpally,3,Bowenpally,148,Culinery Banana,148,Common,0.0,316.0,300.0,600.0,500.0,0.0,0.0
2024-10-16 00:00:00+05:30,367,Gudimalkapur,1571,Gudumalkapur,195,Lobha,199,Common,0.0,2.0,2500.0,3000.0,2500.0,0.0,0.0
2024-10-17 00:00:00+05:30,246,Warangal,886,Warangal,54,Chillies(Dry),268,Talu,0.0,252.0,3000.0,8000.0,5500.0,0.0,0.0
2024-10-17 00:00:00+05:30,331,Vantimamidi,1612,Vantimamidi,195,Lobha,199,Common,0.0,11.0,1000.0,3500.0,2250.0,0.0,0.0
2024-10-18 00:00:00+05:30,324,Bowenpally,3,Bowenpally,148,Culinery Banana,148,Common,0.0,239.0,300.0,600.0,500.0,0.0,0.0
2024-10-18 00:00:00+05:30,367,Gudimalkapur,1571,Gudumalkapur,195,Lobha,199,Common,0.0,3.0,1500.0,2000.0,1500.0,0.0,0.0
2024-10-18 00:00:00+05:30,246,Warangal,886,Warangal,54,Chillies(Dry),268,Talu,0.0,125.0,3000.0,8000.0,5500.0,0.0,0.0
2024-10-18 00:00:00+05:30,331,Vantimamidi,1612,Vantimamidi,195,Lobha,199,Common,0.0,15.0,2000.0,4000.0,3000.0,0.0,0.0
2024-10-19 00:00:00+05:30,324,Bowenpally,3,Bowenpally,148,Culinery Banana,148,Common,0.0,429.0,300.0,600.0,500.0,0.0,0.0
2024-10-20 00:00:00+05:30,324,Bowenpally,3,Bowenpally,148,Culinery Banana,148,Common,0.0,254.0,200.0,600.0,500.0,0.0,0.0
2024-10-19 00:00:00+05:30,331,Vantimamidi,1612,Vantimamidi,195,Lobha,199,Common,0.0,8.0,2000.0,4000.0,3000.0,0.0,0.0
2024-10-19 00:00:00+05:30,367,Gudimalkapur,1571,Gudumalkapur,195,Lobha,199,Common,0.0,3.0,3000.0,3000.0,3000.0,0.0,0.0
2024-10-20 00:00:00+05:30,331,Vantimamidi,1612,Vantimamidi,195,Lobha,199,Common,0.0,17.0,1500.0,4000.0,2750.0,0.0,0.0
2024-10-20 00:00:00+05:30,367,Gudimalkapur,1571,Gudumalkapur,195,Lobha,199,Common,0.0,2.0,3000.0,3000.0,3000.0,0.0,0.0
2024-10-21 00:00:00+05:30,324,Bowenpally,3,Bowenpally,148,Culinery Banana,148,Common,0.0,359.0,300.0,600.0,500.0,0.0,0.0
2024-10-21 00:00:00+05:30,246,Warangal,886,Warangal,54,Chillies(Dry),268,Talu,0.0,165.0,3000.0,8000.0,5500.0,0.0,0.0
2024-10-21 00:00:00+05:30,331,Vantimamidi,1612,Vantimamidi,195,Lobha,199,Common,0.0,8.0,2000.0,5000.0,3500.0,0.0,0.0
2024-10-21 00:00:00+05:30,367,Gudimalkapur,1571,Gudumalkapur,195,Lobha,199,Common,0.0,2.0,2000.0,3000.0,2000.0,0.0,0.0
2024-10-22 00:00:00+05:30,324,Bowenpally,3,Bowenpally,148,Culinery Banana,148,Common,0.0,334.0,200.0,600.0,500.0,0.0,0.0
2024-10-22 00:00:00+05:30,331,Vantimamidi,1612,Vantimamidi,195,Lobha,199,Common,0.0,18.0,1000.0,4000.0,2500.0,0.0,0.0
2024-10-22 00:00:00+05:30,367,Gudimalkapur,1571,Gudumalkapur,195,Lobha,199,Common,0.0,1.0,3000.0,3000.0,3000.0,0.0,0.0
2024-10-23 00:00:00+05:30,324,Bowenpally,3,Bowenpally,148,Culinery Banana,148,Common,0.0,433.0,300.0,600.0,500.0,0.0,0.0
2024-10-23 00:00:00+05:30,367,Gudimalkapur,1571,Gudumalkapur,195,Lobha,199,Common,0.0,5.0,2500.0,3000.0,2500.0,0.0,0.0
2024-10-23 00:00:00+05:30,246,Warangal,886,Warangal,54,Chillies(Dry),268,Talu,0.0,177.0,3000.0,8000.0,5500.0,0.0,0.0
2024-10-23 00:00:00+05:30,331,Vantimamidi,1612,Vantimamidi,195,Lobha,199,Common,0.0,13.0,2000.0,4000.0,3000.0,0.0,0.0
2024-10-24 00:00:00+05:30,324,Bowenpally,3,Bowenpally,148,Culinery Banana,148,Common,0.0,260.0,300.0,600.0,500.0,0.0,0.0
2024-10-24 00:00:00+05:30,367,Gudimalkapur,1571,Gudumalkapur,195,Lobha,199,Common,0.0,7.0,2000.0,3500.0,2000.0,0.0,0.0
2024-10-24 00:00:00+05:30,246,Warangal,886,Warangal,54,Chillies(Dry),268,Talu,0.0,193.0,3000.0,8000.0,5500.0,0.0,0.0
2024-10-24 00:00:00+05:30,331,Vantimamidi,1612,Vantimamidi,195,Lobha,199,Common,0.0,8.0,2000.0,4000.0,3000.0,0.0,0.0
2024-10-25 00:00:00+05:30,246,Warangal,886,Warangal,54,Chillies(Dry),268,Talu,0.0,157.0,3000.0,8000.0,5500.0,0.0,0.0
2024-10-25 00:00:00+05:30,331,Vantimamidi,1612,Vantimamidi,195,Lobha,199,Common,0.0,11.0,2600.0,5000.0,3800.0,0.0,0.0
2024-10-26 00:00:00+05:30,367,Gudimalkapur,1571,Gudumalkapur,195,Lobha,199,Common,0.0,3.0,2000.0,2000.0,2000.0,0.0,0.0
2024-10-27 00:00:00+05:30,331,Vantimamidi,1612,Vantimamidi,195,Lobha,199,Common,0.0,10.0,3000.0,5000.0,4000.0,0.0,0.0
2024-10-27 00:00:00+05:30,367,Gudimalkapur,1571,Gudumalkapur,195,Lobha,199,Common,0.0,4.0,2500.0,2500.0,2500.0,0.0,0.0
2024-10-28 00:00:00+05:30,324,Bowenpally,3,Bowenpally,148,Culinery Banana,148,Common,0.0,273.0,300.0,700.0,600.0,0.0,0.0
2024-10-27 00:00:00+05:30,324,Bowenpally,3,Bowenpally,148,Culinery Banana,148,Common,0.0,374.0,200.0,600.0,500.0,0.0,0.0
2024-10-26 00:00:00+05:30,331,Vantimamidi,1612,Vantimamidi,195,Lobha,199,Common,0.0,8.0,3000.0,4000.0,3500.0,0.0,0.0
2024-10-28 00:00:00+05:30,331,Vantimamidi,1612,Vantimamidi,195,Lobha,199,Common,0.0,13.0,2000.0,4000.0,3000.0,0.0,0.0
2024-10-28 00:00:00+05:30,246,Warangal,886,Warangal,54,Chillies(Dry),268,Talu,0.0,201.0,3000.0,8000.0,5000.0,0.0,0.0
2024-10-29 00:00:00+05:30,324,Bowenpally,3,Bowenpally,148,Culinery Banana,148,Common,0.0,379.0,300.0,600.0,500.0,0.0,0.0
2024-10-29 00:00:00+05:30,246,Warangal,886,Warangal,54,Chillies(Dry),268,Talu,0.0,155.0,3000.0,8000.0,5500.0,0.0,0.0
2024-10-29 00:00:00+05:30,331,Vantimamidi,1612,Vantimamidi,195,Lobha,199,Common,0.0,24.0,2000.0,4000.0,3000.0,0.0,0.0
2024-10-29 00:00:00+05:30,367,Gudimalkapur,1571,Gudumalkapur,195,Lobha,199,Common,0.0,2.0,2000.0,2000.0,2000.0,0.0,0.0
2024-10-30 00:00:00+05:30,324,Bowenpally,3,Bowenpally,148,Culinery Banana,148,Common,0.0,308.0,300.0,600.0,500.0,0.0,0.0
2024-10-30 00:00:00+05:30,331,Vantimamidi,1612,Vantimamidi,195,Lobha,199,Common,0.0,14.0,2000.0,4000.0,3000.0,0.0,0.0
2024-10-30 00:00:00+05:30,367,Gudimalkapur,1571,Gudumalkapur,195,Lobha,199,Common,0.0,7.0,1500.0,2000.0,1800.0,0.0,0.0
2024-10-31 00:00:00+05:30,324,Bowenpally,3,Bowenpally,148,Culinery Banana,148,Common,0.0,404.0,300.0,600.0,500.0,0.0,0.0
2024-10-31 00:00:00+05:30,367,Gudimalkapur,1571,Gudumalkapur,195,Lobha,199,Common,0.0,1.0,3000.0,3000.0,3000.0,0.0,0.0
2024-10-26 00:00:00+05:30,324,Bowenpally,3,Bowenpally,154,Amla,154,Common,0.0,62.0,3000.0,5500.0,4600.0,0.0,0.0
2024-10-24 00:00:00+05:30,331,Vantimamidi,1612,Vantimamidi,199,Capsicum,204,Common,0.0,8.0,2000.0,2000.0,2000.0,0.0,0.0
2024-10-24 00:00:00+05:30,324,Bowenpally,3,Bowenpally,154,Amla,154,Common,0.0,76.0,1000.0,6000.0,4500.0,0.0,0.0
2024-10-23 00:00:00+05:30,367,Gudimalkapur,1571,Gudumalkapur,197,Green Mangos,202,Common,0.0,3.0,6000.0,6000.0,6000.0,0.0,0.0
2024-10-23 00:00:00+05:30,324,Bowenpally,3,Bowenpally,154,Amla,154,Common,0.0,44.0,2000.0,4500.0,4000.0,0.0,0.0
2024-10-22 00:00:00+05:30,367,Gudimalkapur,1571,Gudumalkapur,197,Green Mangos,202,Common,0.0,7.0,5000.0,6500.0,5000.0,0.0,0.0
2024-10-22 00:00:00+05:30,331,Vantimamidi,1612,Vantimamidi,199,Capsicum,204,Common,0.0,5.0,1600.0,1600.0,1600.0,0.0,0.0
2024-10-22 00:00:00+05:30,324,Bowenpally,3,Bowenpally,154,Amla,154,Common,0.0,28.0,2000.0,6000.0,5000.0,0.0,0.0
2024-10-21 00:00:00+05:30,367,Gudimalkapur,1571,Gudumalkapur,197,Green Mangos,202,Common,0.0,2.0,3000.0,3000.0,3000.0,0.0,0.0
2024-10-21 00:00:00+05:30,324,Bowenpally,3,Bowenpally,154,Amla,154,Common,0.0,81.0,3000.0,6000.0,5000.0,0.0,0.0
2024-10-20 00:00:00+05:30,324,Bowenpally,3,Bowenpally,154,Amla,154,Common,0.0,76.0,3000.0,6000.0,5500.0,0.0,0.0
2024-10-19 00:00:00+05:30,324,Bowenpally,3,Bowenpally,154,Amla,154,Common,0.0,38.0,2000.0,6000.0,5000.0,0.0,0.0
2024-10-18 00:00:00+05:30,331,Vantimamidi,1612,Vantimamidi,199,Capsicum,204,Common,0.0,4.0,1600.0,1600.0,1600.0,0.0,0.0
2024-10-18 00:00:00+05:30,324,Bowenpally,3,Bowenpally,154,Amla,154,Common,0.0,48.0,3000.0,5000.0,4500.0,0.0,0.0
2024-10-17 00:00:00+05:30,331,Vantimamidi,1612,Vantimamidi,199,Capsicum,204,Common,0.0,5.0,2000.0,2000.0,2000.0,0.0,0.0
2024-10-17 00:00:00+05:30,324,Bowenpally,3,Bowenpally,154,Amla,154,Common,0.0,28.0,1500.0,4000.0,3000.0,0.0,0.0
2024-10-16 00:00:00+05:30,324,Bowenpally,3,Bowenpally,154,Amla,154,Common,0.0,26.0,2000.0,3000.0,2500.0,0.0,0.0
2024-10-15 00:00:00+05:30,324,Bowenpally,3,Bowenpally,154,Amla,154,Common,0.0,31.0,1500.0,4000.0,3500.0,0.0,0.0
2024-10-14 00:00:00+05:30,324,Bowenpally,3,Bowenpally,154,Amla,154,Common,0.0,21.0,1500.0,5000.0,4000.0,0.0,0.0
2024-10-13 00:00:00+05:30,324,Bowenpally,3,Bowenpally,154,Amla,154,Common,0.0,4.0,2000.0,5500.0,5000.0,0.0,0.0
2024-10-12 00:00:00+05:30,324,Bowenpally,3,Bowenpally,154,Amla,154,Common,0.0,12.0,1500.0,5500.0,4000.0,0.0,0.0
2024-10-11 00:00:00+05:30,324,Bowenpally,3,Bowenpally,154,Amla,154,Common,0.0,10.0,3000.0,6000.0,5500.0,0.0,0.0
2024-10-10 00:00:00+05:30,324,Bowenpally,3,Bowenpally,154,Amla,154,Common,0.0,24.0,4000.0,6000.0,5500.0,0.0,0.0
2024-10-08 00:00:00+05:30,331,Vantimamidi,1612,Vantimamidi,199,Capsicum,204,Common,0.0,3.0,1200.0,1200.0,1200.0,0.0,0.0
2024-10-08 00:00:00+05:30,324,Bowenpally,3,Bowenpally,154,Amla,154,Common,0.0,10.0,1000.0,3000.0,2500.0,0.0,0.0
2024-10-07 00:00:00+05:30,324,Bowenpally,3,Bowenpally,154,Amla,154,Common,0.0,20.0,2000.0,6500.0,5000.0,0.0,0.0
2024-10-06 00:00:00+05:30,331,Vantimamidi,1612,Vantimamidi,199,Capsicum,204,Common,0.0,8.0,1200.0,1200.0,1200.0,0.0,0.0
2024-10-06 00:00:00+05:30,324,Bowenpally,3,Bowenpally,154,Amla,154,Common,0.0,50.0,3000.0,6500.0,6000.0,0.0,0.0
2024-10-05 00:00:00+05:30,324,Bowenpally,3,Bowenpally,154,Amla,154,Common,0.0,39.0,1500.0,6500.0,6000.0,0.0,0.0
2024-10-04 00:00:00+05:30,331,Vantimamidi,1612,Vantimamidi,199,Capsicum,204,Common,0.0,4.0,1000.0,1000.0,1000.0,0.0,0.0
2024-10-04 00:00:00+05:30,324,Bowenpally,3,Bowenpally,154,Amla,154,Common,0.0,49.0,1500.0,6000.0,5000.0,0.0,0.0
2024-10-03 00:00:00+05:30,331,Vantimamidi,1612,Vantimamidi,199,Capsicum,204,Common,0.0,2.0,1500.0,1500.0,1500.0,0.0,0.0
2024-10-03 00:00:00+05:30,324,Bowenpally,3,Bowenpally,154,Amla,154,Common,0.0,36.0,2000.0,6000.0,5000.0,0.0,0.0
2024-10-02 00:00:00+05:30,331,Vantimamidi,1612,Vantimamidi,199,Capsicum,204,Common,0.0,4.0,1200.0,1200.0,1200.0,0.0,0.0
2024-10-01 00:00:00+05:30,324,Bowenpally,3,Bowenpally,154,Amla,154,Common,0.0,16.0,1000.0,6500.0,6000.0,0.0,0.0
2024-10-31 00:00:00+05:30,367,Gudimalkapur,1571,Gudumalkapur,197,Green Mangos,202,Common,0.0,2.0,4000.0,4000.0,4000.0,0.0,0.0
2024-10-31 00:00:00+05:30,324,Bowenpally,3,Bowenpally,154,Amla,154,Common,0.0,30.0,2000.0,5500.0,4500.0,0.0,0.0
2024-10-30 00:00:00+05:30,367,Gudimalkapur,1571,Gudumalkapur,197,Green Mangos,202,Common,0.0,2.0,4000.0,4000.0,4000.0,0.0,0.0
2024-10-30 00:00:00+05:30,331,Vantimamidi,1612,Vantimamidi,199,Capsicum,204,Common,0.0,3.0,1000.0,1000.0,1000.0,0.0,0.0
2024-10-30 00:00:00+05:30,324,Bowenpally,3,Bowenpally,154,Amla,154,Common,0.0,141.0,3000.0,5000.0,4500.0,0.0,0.0
2024-10-29 00:00:00+05:30,324,Bowenpally,3,Bowenpally,154,Amla,154,Common,0.0,62.0,3000.0,5500.0,5000.0,0.0,0.0
2024-10-27 00:00:00+05:30,324,Bowenpally,3,Bowenpally,154,Amla,154,Common,0.0,82.0,2000.0,5500.0,4200.0,0.0,0.0
2024-10-28 00:00:00+05:30,324,Bowenpally,3,Bowenpally,154,Amla,154,Common,0.0,46.0,2000.0,6000.0,4500.0,0.0,0.0
2024-10-27 00:00:00+05:30,367,Gudimalkapur,1571,Gudumalkapur,197,Green Mangos,202,Common,0.0,2.0,6000.0,6000.0,6000.0,0.0,0.0
2024-10-01 00:00:00+05:30,324,Bowenpally,3,Bowenpally,155,Donda,155,Common,0.0,471.0,500.0,3500.0,2800.0,0.0,0.0
2024-10-01 00:00:00+05:30,246,Warangal,886,Warangal,54,Chillies(Dry),290,Desi,0.0,108.0,20000.0,28000.0,22500.0,0.0,0.0
2024-10-02 00:00:00+05:30,331,Vantimamidi,1612,Vantimamidi,234,Sweet Corn,280,Local,0.0,467.0,500.0,1500.0,1000.0,0.0,0.0
2024-10-01 00:00:00+05:30,367,Gudimalkapur,1571,Gudumalkapur,198,Arati-Green Plantain,203,Common,0.0,19.0,1000.0,3000.0,2000.0,0.0,0.0
2024-10-01 00:00:00+05:30,208,Nizamabad,1080,Nizamabad,75,Soyabean,213,White,0.0,2465.0,3400.0,4550.0,4391.0,0.0,0.0
2024-10-03 00:00:00+05:30,324,Bowenpally,3,Bowenpally,155,Donda,155,Common,0.0,572.0,1000.0,4000.0,3000.0,0.0,0.0
2024-10-03 00:00:00+05:30,331,Vantimamidi,1612,Vantimamidi,234,Sweet Corn,280,Local,0.0,397.0,500.0,1500.0,1000.0,0.0,0.0
2024-10-03 00:00:00+05:30,367,Gudimalkapur,1571,Gudumalkapur,198,Arati-Green Plantain,203,Common,0.0,32.0,1500.0,3000.0,2000.0,0.0,0.0
2024-10-03 00:00:00+05:30,208,Nizamabad,1080,Nizamabad,75,Soyabean,213,White,0.0,4260.0,3000.0,4561.0,4426.0,0.0,0.0
2024-10-04 00:00:00+05:30,324,Bowenpally,3,Bowenpally,155,Donda,155,Common,0.0,509.0,500.0,4000.0,3000.0,0.0,0.0
2024-10-04 00:00:00+05:30,246,Warangal,886,Warangal,54,Chillies(Dry),290,Desi,0.0,38.0,20000.0,30000.0,22000.0,0.0,0.0
2024-10-04 00:00:00+05:30,331,Vantimamidi,1612,Vantimamidi,234,Sweet Corn,280,Local,0.0,200.0,500.0,1500.0,1000.0,0.0,0.0
2024-10-05 00:00:00+05:30,324,Bowenpally,3,Bowenpally,155,Donda,155,Common,0.0,704.0,700.0,4000.0,3500.0,0.0,0.0
2024-10-04 00:00:00+05:30,367,Gudimalkapur,1571,Gudumalkapur,198,Arati-Green Plantain,203,Common,0.0,27.0,500.0,3000.0,2000.0,0.0,0.0
2024-10-04 00:00:00+05:30,208,Nizamabad,1080,Nizamabad,75,Soyabean,213,White,0.0,2975.0,3016.0,4536.0,4446.0,0.0,0.0
2024-10-06 00:00:00+05:30,324,Bowenpally,3,Bowenpally,155,Donda,155,Common,0.0,825.0,2000.0,4500.0,4000.0,0.0,0.0
2024-10-05 00:00:00+05:30,367,Gudimalkapur,1571,Gudumalkapur,198,Arati-Green Plantain,203,Common,0.0,18.0,2000.0,3000.0,2000.0,0.0,0.0
2024-10-05 00:00:00+05:30,331,Vantimamidi,1612,Vantimamidi,234,Sweet Corn,280,Local,0.0,152.0,200.0,1500.0,850.0,0.0,0.0
2024-10-06 00:00:00+05:30,331,Vantimamidi,1612,Vantimamidi,234,Sweet Corn,280,Local,0.0,87.0,500.0,1500.0,1000.0,0.0,0.0
2024-10-06 00:00:00+05:30,367,Gudimalkapur,1571,Gudumalkapur,198,Arati-Green Plantain,203,Common,0.0,20.0,2500.0,3000.0,2500.0,0.0,0.0
2024-10-07 00:00:00+05:30,324,Bowenpally,3,Bowenpally,155,Donda,155,Common,0.0,424.0,500.0,4500.0,3500.0,0.0,0.0
2024-10-07 00:00:00+05:30,367,Gudimalkapur,1571,Gudumalkapur,198,Arati-Green Plantain,203,Common,0.0,19.0,2000.0,3000.0,2500.0,0.0,0.0
2024-10-07 00:00:00+05:30,208,Nizamabad,1080,Nizamabad,75,Soyabean,213,White,0.0,2665.0,3000.0,4401.0,4350.0,0.0,0.0
2024-10-07 00:00:00+05:30,331,Vantimamidi,1612,Vantimamidi,234,Sweet Corn,280,Local,0.0,135.0,500.0,1500.0,1000.0,0.0,0.0
2024-10-08 00:00:00+05:30,331,Vantimamidi,1612,Vantimamidi,234,Sweet Corn,280,Local,0.0,50.0,500.0,1500.0,1000.0,0.0,0.0
2024-10-08 00:00:00+05:30,367,Gudimalkapur,1571,Gudumalkapur,198,Arati-Green Plantain,203,Common,0.0,19.0,2500.0,3500.0,3000.0,0.0,0.0
2024-10-08 00:00:00+05:30,208,Nizamabad,1080,Nizamabad,75,Soyabean,213,White,0.0,2253.0,2300.0,4381.0,4337.0,0.0,0.0
2024-10-10 00:00:00+05:30,324,Bowenpally,3,Bowenpally,155,Donda,155,Common,0.0,691.0,1000.0,3000.0,2500.0,0.0,0.0
2024-10-09 00:00:00+05:30,331,Vantimamidi,1612,Vantimamidi,234,Sweet Corn,280,Local,0.0,56.0,500.0,1500.0,1000.0,0.0,0.0
2024-10-09 00:00:00+05:30,367,Gudimalkapur,1571,Gudumalkapur,198,Arati-Green Plantain,203,Common,0.0,20.0,2000.0,3000.0,2500.0,0.0,0.0
2024-10-09 00:00:00+05:30,208,Nizamabad,1080,Nizamabad,75,Soyabean,213,White,0.0,1850.0,2588.0,4411.0,4323.0,0.0,0.0
2024-10-11 00:00:00+05:30,324,Bowenpally,3,Bowenpally,155,Donda,155,Common,0.0,359.0,800.0,2500.0,2000.0,0.0,0.0
2024-10-10 00:00:00+05:30,367,Gudimalkapur,1571,Gudumalkapur,198,Arati-Green Plantain,203,Common,0.0,22.0,3000.0,3000.0,3000.0,0.0,0.0
2024-10-10 00:00:00+05:30,331,Vantimamidi,1612,Vantimamidi,234,Sweet Corn,280,Local,0.0,36.0,500.0,1500.0,1000.0,0.0,0.0
2024-10-12 00:00:00+05:30,324,Bowenpally,3,Bowenpally,155,Donda,155,Common,0.0,222.0,800.0,3000.0,2500.0,0.0,0.0
2024-10-11 00:00:00+05:30,367,Gudimalkapur,1571,Gudumalkapur,198,Arati-Green Plantain,203,Common,0.0,9.0,3000.0,3000.0,3000.0,0.0,0.0
2024-10-13 00:00:00+05:30,324,Bowenpally,3,Bowenpally,155,Donda,155,Common,0.0,241.0,1000.0,25000.0,2200.0,0.0,0.0
2024-10-12 00:00:00+05:30,367,Gudimalkapur,1571,Gudumalkapur,198,Arati-Green Plantain,203,Common,0.0,1.0,1500.0,1500.0,1500.0,0.0,0.0
2024-10-11 00:00:00+05:30,331,Vantimamidi,1612,Vantimamidi,234,Sweet Corn,280,Local,0.0,77.0,500.0,1500.0,1000.0,0.0,0.0
2024-10-14 00:00:00+05:30,324,Bowenpally,3,Bowenpally,155,Donda,155,Common,0.0,1006.0,500.0,3300.0,2800.0,0.0,0.0
2024-10-13 00:00:00+05:30,331,Vantimamidi,1612,Vantimamidi,234,Sweet Corn,280,Local,0.0,113.0,500.0,1500.0,1000.0,0.0,0.0
2024-10-13 00:00:00+05:30,367,Gudimalkapur,1571,Gudumalkapur,198,Arati-Green Plantain,203,Common,0.0,14.0,1500.0,3000.0,2500.0,0.0,0.0
2024-10-15 00:00:00+05:30,324,Bowenpally,3,Bowenpally,155,Donda,155,Common,0.0,1032.0,500.0,3500.0,2500.0,0.0,0.0
2024-10-14 00:00:00+05:30,208,Nizamabad,1080,Nizamabad,75,Soyabean,213,White,0.0,1685.0,3060.0,4515.0,4435.0,0.0,0.0
2024-10-14 00:00:00+05:30,367,Gudimalkapur,1571,Gudumalkapur,198,Arati-Green Plantain,203,Common,0.0,34.0,2500.0,3000.0,2500.0,0.0,0.0
2024-10-14 00:00:00+05:30,331,Vantimamidi,1612,Vantimamidi,234,Sweet Corn,280,Local,0.0,265.0,500.0,1800.0,1150.0,0.0,0.0
2024-10-16 00:00:00+05:30,324,Bowenpally,3,Bowenpally,155,Donda,155,Common,0.0,1459.0,1000.0,2500.0,2000.0,0.0,0.0
2024-10-16 00:00:00+05:30,208,Nizamabad,1080,Nizamabad,75,Soyabean,213,White,0.0,995.0,2460.0,4504.0,4411.0,0.0,0.0
2024-10-15 00:00:00+05:30,367,Gudimalkapur,1571,Gudumalkapur,198,Arati-Green Plantain,203,Common,0.0,25.0,3000.0,4000.0,3000.0,0.0,0.0
2024-10-15 00:00:00+05:30,331,Vantimamidi,1612,Vantimamidi,234,Sweet Corn,280,Local,0.0,200.0,500.0,1500.0,1000.0,0.0,0.0
2024-10-15 00:00:00+05:30,208,Nizamabad,1080,Nizamabad,75,Soyabean,213,White,0.0,1136.0,3060.0,4511.0,4459.0,0.0,0.0
2024-10-17 00:00:00+05:30,324,Bowenpally,3,Bowenpally,155,Donda,155,Common,0.0,1028.0,500.0,2500.0,2000.0,0.0,0.0
2024-10-16 00:00:00+05:30,367,Gudimalkapur,1571,Gudumalkapur,198,Arati-Green Plantain,203,Common,0.0,18.0,2500.0,3500.0,2500.0,0.0,0.0
2024-10-17 00:00:00+05:30,208,Nizamabad,1080,Nizamabad,75,Soyabean,213,White,0.0,685.0,3790.0,4444.0,4402.0,0.0,0.0
2024-10-17 00:00:00+05:30,331,Vantimamidi,1612,Vantimamidi,234,Sweet Corn,280,Local,0.0,262.0,500.0,1500.0,1000.0,0.0,0.0
2024-10-17 00:00:00+05:30,367,Gudimalkapur,1571,Gudumalkapur,198,Arati-Green Plantain,203,Common,0.0,29.0,2000.0,3000.0,2500.0,0.0,0.0
2024-10-18 00:00:00+05:30,324,Bowenpally,3,Bowenpally,155,Donda,155,Common,0.0,1080.0,600.0,2200.0,1800.0,0.0,0.0
2024-10-18 00:00:00+05:30,367,Gudimalkapur,1571,Gudumalkapur,198,Arati-Green Plantain,203,Common,0.0,24.0,2000.0,3500.0,3000.0,0.0,0.0
2024-10-18 00:00:00+05:30,208,Nizamabad,1080,Nizamabad,75,Soyabean,213,White,0.0,820.0,3808.0,4425.0,4415.0,0.0,0.0
2024-10-18 00:00:00+05:30,331,Vantimamidi,1612,Vantimamidi,234,Sweet Corn,280,Local,0.0,237.0,500.0,1500.0,1000.0,0.0,0.0
2024-10-19 00:00:00+05:30,324,Bowenpally,3,Bowenpally,155,Donda,155,Common,0.0,782.0,500.0,2200.0,1800.0,0.0,0.0
2024-10-20 00:00:00+05:30,324,Bowenpally,3,Bowenpally,155,Donda,155,Common,0.0,723.0,1000.0,2500.0,2000.0,0.0,0.0
2024-10-19 00:00:00+05:30,331,Vantimamidi,1612,Vantimamidi,234,Sweet Corn,280,Local,0.0,208.0,500.0,1500.0,1000.0,0.0,0.0
2024-10-19 00:00:00+05:30,367,Gudimalkapur,1571,Gudumalkapur,198,Arati-Green Plantain,203,Common,0.0,32.0,1000.0,3000.0,2000.0,0.0,0.0
2024-10-21 00:00:00+05:30,324,Bowenpally,3,Bowenpally,155,Donda,155,Common,0.0,565.0,1000.0,3000.0,2500.0,0.0,0.0
2024-10-20 00:00:00+05:30,367,Gudimalkapur,1571,Gudumalkapur,198,Arati-Green Plantain,203,Common,0.0,29.0,2000.0,3000.0,2500.0,0.0,0.0
2024-10-20 00:00:00+05:30,331,Vantimamidi,1612,Vantimamidi,234,Sweet Corn,280,Local,0.0,202.0,500.0,1500.0,1000.0,0.0,0.0
2024-10-21 00:00:00+05:30,367,Gudimalkapur,1571,Gudumalkapur,198,Arati-Green Plantain,203,Common,0.0,16.0,2000.0,3000.0,2500.0,0.0,0.0
2024-10-21 00:00:00+05:30,331,Vantimamidi,1612,Vantimamidi,234,Sweet Corn,280,Local,0.0,147.0,500.0,1500.0,1000.0,0.0,0.0
2024-10-22 00:00:00+05:30,324,Bowenpally,3,Bowenpally,155,Donda,155,Common,0.0,999.0,1000.0,3500.0,3000.0,0.0,0.0
2024-10-22 00:00:00+05:30,331,Vantimamidi,1612,Vantimamidi,234,Sweet Corn,280,Local,0.0,205.0,500.0,2000.0,1250.0,0.0,0.0
2024-10-22 00:00:00+05:30,367,Gudimalkapur,1571,Gudumalkapur,198,Arati-Green Plantain,203,Common,0.0,19.0,2500.0,3500.0,3000.0,0.0,0.0
2024-10-23 00:00:00+05:30,324,Bowenpally,3,Bowenpally,155,Donda,155,Common,0.0,1108.0,1500.0,3200.0,2800.0,0.0,0.0
2024-10-23 00:00:00+05:30,367,Gudimalkapur,1571,Gudumalkapur,198,Arati-Green Plantain,203,Common,0.0,28.0,2000.0,4000.0,3000.0,0.0,0.0
2024-10-24 00:00:00+05:30,324,Bowenpally,3,Bowenpally,155,Donda,155,Common,0.0,1134.0,1000.0,3000.0,2500.0,0.0,0.0
2024-10-23 00:00:00+05:30,331,Vantimamidi,1612,Vantimamidi,234,Sweet Corn,280,Local,0.0,210.0,500.0,2000.0,1250.0,0.0,0.0
2024-10-24 00:00:00+05:30,367,Gudimalkapur,1571,Gudumalkapur,198,Arati-Green Plantain,203,Common,0.0,31.0,1000.0,3000.0,2500.0,0.0,0.0
2024-10-24 00:00:00+05:30,331,Vantimamidi,1612,Vantimamidi,234,Sweet Corn,280,Local,0.0,145.0,500.0,2000.0,1250.0,0.0,0.0
2024-10-25 00:00:00+05:30,331,Vantimamidi,1612,Vantimamidi,234,Sweet Corn,280,Local,0.0,157.0,800.0,1600.0,1200.0,0.0,0.0
2024-10-25 00:00:00+05:30,367,Gudimalkapur,1571,Gudumalkapur,198,Arati-Green Plantain,203,Common,0.0,28.0,2500.0,3500.0,2500.0,0.0,0.0
2024-10-26 00:00:00+05:30,324,Bowenpally,3,Bowenpally,155,Donda,155,Common,0.0,770.0,1000.0,3000.0,2500.0,0.0,0.0
2024-10-26 00:00:00+05:30,367,Gudimalkapur,1571,Gudumalkapur,198,Arati-Green Plantain,203,Common,0.0,27.0,2500.0,3000.0,2500.0,0.0,0.0
2024-10-27 00:00:00+05:30,367,Gudimalkapur,1571,Gudumalkapur,198,Arati-Green Plantain,203,Common,0.0,22.0,2000.0,3000.0,2500.0,0.0,0.0
2024-10-27 00:00:00+05:30,331,Vantimamidi,1612,Vantimamidi,234,Sweet Corn,280,Local,0.0,116.0,400.0,1800.0,1100.0,0.0,0.0
2024-10-28 00:00:00+05:30,324,Bowenpally,3,Bowenpally,155,Donda,155,Common,0.0,503.0,1000.0,4500.0,3200.0,0.0,0.0
2024-10-27 00:00:00+05:30,324,Bowenpally,3,Bowenpally,155,Donda,155,Common,0.0,555.0,1000.0,3000.0,2500.0,0.0,0.0
2024-10-26 00:00:00+05:30,331,Vantimamidi,1612,Vantimamidi,234,Sweet Corn,280,Local,0.0,147.0,500.0,2000.0,1250.0,0.0,0.0
2024-10-29 00:00:00+05:30,324,Bowenpally,3,Bowenpally,155,Donda,155,Common,0.0,739.0,1500.0,4000.0,3500.0,0.0,0.0
2024-10-28 00:00:00+05:30,331,Vantimamidi,1612,Vantimamidi,234,Sweet Corn,280,Local,0.0,158.0,500.0,2000.0,1250.0,0.0,0.0
2024-10-28 00:00:00+05:30,367,Gudimalkapur,1571,Gudumalkapur,198,Arati-Green Plantain,203,Common,0.0,31.0,1500.0,3000.0,2000.0,0.0,0.0
2024-10-30 00:00:00+05:30,324,Bowenpally,3,Bowenpally,155,Donda,155,Common,0.0,1333.0,1500.0,3500.0,3000.0,0.0,0.0
2024-10-29 00:00:00+05:30,367,Gudimalkapur,1571,Gudumalkapur,198,Arati-Green Plantain,203,Common,0.0,30.0,1000.0,3500.0,2500.0,0.0,0.0
2024-10-29 00:00:00+05:30,331,Vantimamidi,1612,Vantimamidi,234,Sweet Corn,280,Local,0.0,161.0,500.0,1500.0,1000.0,0.0,0.0
2024-10-30 00:00:00+05:30,331,Vantimamidi,1612,Vantimamidi,234,Sweet Corn,280,Local,0.0,139.0,400.0,1200.0,800.0,0.0,0.0
2024-10-30 00:00:00+05:30,367,Gudimalkapur,1571,Gudumalkapur,198,Arati-Green Plantain,203,Common,0.0,26.0,2000.0,3000.0,2500.0,0.0,0.0
2024-10-31 00:00:00+05:30,324,Bowenpally,3,Bowenpally,155,Donda,155,Common,0.0,1207.0,500.0,3200.0,2600.0,0.0,0.0
2024-10-31 00:00:00+05:30,367,Gudimalkapur,1571,Gudumalkapur,198,Arati-Green Plantain,203,Common,0.0,20.0,3000.0,4000.0,3000.0,0.0,0.0
2024-10-26 00:00:00+05:30,367,Gudimalkapur,1571,Gudumalkapur,199,Capsicum,204,Common,0.0,83.0,2500.0,4500.0,3500.0,0.0,0.0
2024-10-25 00:00:00+05:30,367,Gudimalkapur,1571,Gudumalkapur,199,Capsicum,204,Common,0.0,64.0,3000.0,4500.0,3500.0,0.0,0.0
2024-10-24 00:00:00+05:30,331,Vantimamidi,1612,Vantimamidi,235,Teisel Gourd(Boda Kakarakaya),281,Local,0.0,1.0,7000.0,7000.0,7000.0,0.0,0.0
2024-10-24 00:00:00+05:30,367,Gudimalkapur,1571,Gudumalkapur,199,Capsicum,204,Common,0.0,69.0,3000.0,5000.0,4000.0,0.0,0.0
2024-10-24 00:00:00+05:30,324,Bowenpally,3,Bowenpally,195,Lobha,199,Common,0.0,11.0,1000.0,3000.0,2500.0,0.0,0.0
2024-10-23 00:00:00+05:30,367,Gudimalkapur,1571,Gudumalkapur,199,Capsicum,204,Common,0.0,112.0,1000.0,5000.0,4000.0,0.0,0.0
2024-10-23 00:00:00+05:30,324,Bowenpally,3,Bowenpally,195,Lobha,199,Common,0.0,11.0,1500.0,3000.0,2500.0,0.0,0.0
2024-10-22 00:00:00+05:30,367,Gudimalkapur,1571,Gudumalkapur,199,Capsicum,204,Common,0.0,98.0,2500.0,5000.0,3500.0,0.0,0.0
2024-10-22 00:00:00+05:30,331,Vantimamidi,1612,Vantimamidi,235,Teisel Gourd(Boda Kakarakaya),281,Local,0.0,2.0,5000.0,5000.0,5000.0,0.0,0.0
2024-10-22 00:00:00+05:30,324,Bowenpally,3,Bowenpally,195,Lobha,199,Common,0.0,1.0,2500.0,3000.0,2800.0,0.0,0.0
2024-10-21 00:00:00+05:30,367,Gudimalkapur,1571,Gudumalkapur,199,Capsicum,204,Common,0.0,39.0,600.0,4000.0,3000.0,0.0,0.0
2024-10-20 00:00:00+05:30,367,Gudimalkapur,1571,Gudumalkapur,199,Capsicum,204,Common,0.0,94.0,2000.0,5000.0,3000.0,0.0,0.0
2024-10-21 00:00:00+05:30,324,Bowenpally,3,Bowenpally,195,Lobha,199,Common,0.0,6.0,1000.0,3000.0,2500.0,0.0,0.0
2024-10-19 00:00:00+05:30,367,Gudimalkapur,1571,Gudumalkapur,199,Capsicum,204,Common,0.0,84.0,1000.0,4000.0,3000.0,0.0,0.0
2024-10-19 00:00:00+05:30,331,Vantimamidi,1612,Vantimamidi,235,Teisel Gourd(Boda Kakarakaya),281,Local,0.0,1.0,7000.0,7000.0,7000.0,0.0,0.0
2024-10-20 00:00:00+05:30,324,Bowenpally,3,Bowenpally,195,Lobha,199,Common,0.0,11.0,1000.0,4000.0,3000.0,0.0,0.0
2024-10-19 00:00:00+05:30,324,Bowenpally,3,Bowenpally,195,Lobha,199,Common,0.0,5.0,500.0,3000.0,2200.0,0.0,0.0
2024-10-18 00:00:00+05:30,331,Vantimamidi,1612,Vantimamidi,235,Teisel Gourd(Boda Kakarakaya),281,Local,0.0,1.0,7500.0,7500.0,7500.0,0.0,0.0
2024-10-18 00:00:00+05:30,367,Gudimalkapur,1571,Gudumalkapur,199,Capsicum,204,Common,0.0,142.0,2500.0,4500.0,3000.0,0.0,0.0
2024-10-17 00:00:00+05:30,367,Gudimalkapur,1571,Gudumalkapur,199,Capsicum,204,Common,0.0,93.0,2500.0,4500.0,4000.0,0.0,0.0
2024-10-17 00:00:00+05:30,331,Vantimamidi,1612,Vantimamidi,235,Teisel Gourd(Boda Kakarakaya),281,Local,0.0,3.0,3000.0,6000.0,4500.0,0.0,0.0
2024-10-16 00:00:00+05:30,367,Gudimalkapur,1571,Gudumalkapur,199,Capsicum,204,Common,0.0,105.0,1000.0,4500.0,4000.0,0.0,0.0
2024-10-17 00:00:00+05:30,324,Bowenpally,3,Bowenpally,195,Lobha,199,Common,0.0,9.0,500.0,2000.0,1600.0,0.0,0.0
2024-10-15 00:00:00+05:30,331,Vantimamidi,1612,Vantimamidi,235,Teisel Gourd(Boda Kakarakaya),281,Local,0.0,4.0,4000.0,6000.0,5000.0,0.0,0.0
2024-10-15 00:00:00+05:30,367,Gudimalkapur,1571,Gudumalkapur,199,Capsicum,204,Common,0.0,111.0,1000.0,5000.0,2500.0,0.0,0.0
2024-10-16 00:00:00+05:30,324,Bowenpally,3,Bowenpally,195,Lobha,199,Common,0.0,5.0,1000.0,2000.0,1500.0,0.0,0.0
2024-10-14 00:00:00+05:30,331,Vantimamidi,1612,Vantimamidi,235,Teisel Gourd(Boda Kakarakaya),281,Local,0.0,2.0,5000.0,7000.0,6000.0,0.0,0.0
2024-10-14 00:00:00+05:30,367,Gudimalkapur,1571,Gudumalkapur,199,Capsicum,204,Common,0.0,48.0,1000.0,4500.0,2500.0,0.0,0.0
2024-10-15 00:00:00+05:30,324,Bowenpally,3,Bowenpally,195,Lobha,199,Common,0.0,7.0,500.0,2000.0,1600.0,0.0,0.0
2024-10-13 00:00:00+05:30,367,Gudimalkapur,1571,Gudumalkapur,199,Capsicum,204,Common,0.0,65.0,2000.0,4000.0,2500.0,0.0,0.0
2024-10-13 00:00:00+05:30,331,Vantimamidi,1612,Vantimamidi,235,Teisel Gourd(Boda Kakarakaya),281,Local,0.0,1.0,6000.0,6000.0,6000.0,0.0,0.0
2024-10-14 00:00:00+05:30,324,Bowenpally,3,Bowenpally,195,Lobha,199,Common,0.0,2.0,600.0,3000.0,2500.0,0.0,0.0
2024-10-11 00:00:00+05:30,331,Vantimamidi,1612,Vantimamidi,235,Teisel Gourd(Boda Kakarakaya),281,Local,0.0,1.0,3000.0,3000.0,3000.0,0.0,0.0
2024-10-12 00:00:00+05:30,367,Gudimalkapur,1571,Gudumalkapur,199,Capsicum,204,Common,0.0,30.0,2500.0,3500.0,2500.0,0.0,0.0
2024-10-13 00:00:00+05:30,324,Bowenpally,3,Bowenpally,195,Lobha,199,Common,0.0,2.0,1500.0,3000.0,2800.0,0.0,0.0
2024-10-11 00:00:00+05:30,367,Gudimalkapur,1571,Gudumalkapur,199,Capsicum,204,Common,0.0,62.0,3000.0,3500.0,3000.0,0.0,0.0
2024-10-12 00:00:00+05:30,324,Bowenpally,3,Bowenpally,195,Lobha,199,Common,0.0,7.0,500.0,2000.0,1600.0,0.0,0.0
2024-10-10 00:00:00+05:30,367,Gudimalkapur,1571,Gudumalkapur,199,Capsicum,204,Common,0.0,100.0,2000.0,4500.0,3000.0,0.0,0.0
2024-10-11 00:00:00+05:30,324,Bowenpally,3,Bowenpally,195,Lobha,199,Common,0.0,2.0,1000.0,2000.0,1800.0,0.0,0.0
2024-10-09 00:00:00+05:30,367,Gudimalkapur,1571,Gudumalkapur,199,Capsicum,204,Common,0.0,162.0,2500.0,4500.0,3000.0,0.0,0.0
2024-10-09 00:00:00+05:30,331,Vantimamidi,1612,Vantimamidi,235,Teisel Gourd(Boda Kakarakaya),281,Local,0.0,1.0,3000.0,6000.0,4500.0,0.0,0.0
2024-10-10 00:00:00+05:30,324,Bowenpally,3,Bowenpally,195,Lobha,199,Common,0.0,2.0,1000.0,2000.0,1700.0,0.0,0.0
2024-10-08 00:00:00+05:30,367,Gudimalkapur,1571,Gudumalkapur,199,Capsicum,204,Common,0.0,147.0,2000.0,4500.0,3000.0,0.0,0.0
2024-10-08 00:00:00+05:30,331,Vantimamidi,1612,Vantimamidi,235,Teisel Gourd(Boda Kakarakaya),281,Local,0.0,2.0,5000.0,10000.0,7500.0,0.0,0.0
2024-10-07 00:00:00+05:30,367,Gudimalkapur,1571,Gudumalkapur,199,Capsicum,204,Common,0.0,134.0,1500.0,4000.0,3000.0,0.0,0.0
2024-10-07 00:00:00+05:30,324,Bowenpally,3,Bowenpally,195,Lobha,199,Common,0.0,8.0,500.0,3000.0,2500.0,0.0,0.0
2024-10-06 00:00:00+05:30,367,Gudimalkapur,1571,Gudumalkapur,199,Capsicum,204,Common,0.0,52.0,1500.0,4000.0,2500.0,0.0,0.0
2024-10-06 00:00:00+05:30,331,Vantimamidi,1612,Vantimamidi,235,Teisel Gourd(Boda Kakarakaya),281,Local,0.0,3.0,5000.0,7000.0,6000.0,0.0,0.0
2024-10-05 00:00:00+05:30,331,Vantimamidi,1612,Vantimamidi,235,Teisel Gourd(Boda Kakarakaya),281,Local,0.0,6.0,4000.0,8000.0,6000.0,0.0,0.0
2024-10-05 00:00:00+05:30,367,Gudimalkapur,1571,Gudumalkapur,199,Capsicum,204,Common,0.0,129.0,1500.0,4500.0,2500.0,0.0,0.0
2024-10-06 00:00:00+05:30,324,Bowenpally,3,Bowenpally,195,Lobha,199,Common,0.0,5.0,1000.0,3000.0,2500.0,0.0,0.0
2024-10-04 00:00:00+05:30,367,Gudimalkapur,1571,Gudumalkapur,199,Capsicum,204,Common,0.0,98.0,2000.0,4000.0,3000.0,0.0,0.0
2024-10-05 00:00:00+05:30,324,Bowenpally,3,Bowenpally,195,Lobha,199,Common,0.0,4.0,500.0,3000.0,2500.0,0.0,0.0
2024-10-04 00:00:00+05:30,331,Vantimamidi,1612,Vantimamidi,235,Teisel Gourd(Boda Kakarakaya),281,Local,0.0,7.0,4000.0,6000.0,5000.0,0.0,0.0
2024-10-04 00:00:00+05:30,324,Bowenpally,3,Bowenpally,195,Lobha,199,Common,0.0,12.0,500.0,2000.0,1600.0,0.0,0.0
2024-10-03 00:00:00+05:30,367,Gudimalkapur,1571,Gudumalkapur,199,Capsicum,204,Common,0.0,84.0,2000.0,4000.0,3000.0,0.0,0.0
2024-10-03 00:00:00+05:30,331,Vantimamidi,1612,Vantimamidi,235,Teisel Gourd(Boda Kakarakaya),281,Local,0.0,5.0,6000.0,8000.0,7000.0,0.0,0.0
2024-10-03 00:00:00+05:30,324,Bowenpally,3,Bowenpally,195,Lobha,199,Common,0.0,11.0,1000.0,2000.0,1600.0,0.0,0.0
2024-10-01 00:00:00+05:30,367,Gudimalkapur,1571,Gudumalkapur,199,Capsicum,204,Common,0.0,115.0,1000.0,4500.0,3000.0,0.0,0.0
2024-10-02 00:00:00+05:30,331,Vantimamidi,1612,Vantimamidi,235,Teisel Gourd(Boda Kakarakaya),281,Local,0.0,2.0,5000.0,7000.0,6000.0,0.0,0.0
2024-10-01 00:00:00+05:30,324,Bowenpally,3,Bowenpally,195,Lobha,199,Common,0.0,18.0,500.0,2500.0,2000.0,0.0,0.0
2024-10-31 00:00:00+05:30,367,Gudimalkapur,1571,Gudumalkapur,199,Capsicum,204,Common,0.0,92.0,2500.0,4000.0,3000.0,0.0,0.0
2024-10-31 00:00:00+05:30,324,Bowenpally,3,Bowenpally,195,Lobha,199,Common,0.0,9.0,500.0,3000.0,2500.0,0.0,0.0
2024-10-30 00:00:00+05:30,367,Gudimalkapur,1571,Gudumalkapur,199,Capsicum,204,Common,0.0,122.0,2000.0,4500.0,3000.0,0.0,0.0
2024-10-29 00:00:00+05:30,331,Vantimamidi,1612,Vantimamidi,235,Teisel Gourd(Boda Kakarakaya),281,Local,0.0,1.0,5000.0,5000.0,5000.0,0.0,0.0
2024-10-29 00:00:00+05:30,367,Gudimalkapur,1571,Gudumalkapur,199,Capsicum,204,Common,0.0,147.0,3500.0,5500.0,4000.0,0.0,0.0
2024-10-30 00:00:00+05:30,324,Bowenpally,3,Bowenpally,195,Lobha,199,Common,0.0,5.0,1000.0,2500.0,2000.0,0.0,0.0
2024-10-28 00:00:00+05:30,367,Gudimalkapur,1571,Gudumalkapur,199,Capsicum,204,Common,0.0,97.0,2500.0,6000.0,4000.0,0.0,0.0
2024-10-29 00:00:00+05:30,324,Bowenpally,3,Bowenpally,195,Lobha,199,Common,0.0,2.0,1500.0,3500.0,3000.0,0.0,0.0
2024-10-27 00:00:00+05:30,324,Bowenpally,3,Bowenpally,195,Lobha,199,Common,0.0,11.0,2000.0,4000.0,3500.0,0.0,0.0
2024-10-28 00:00:00+05:30,324,Bowenpally,3,Bowenpally,195,Lobha,199,Common,0.0,5.0,1000.0,4000.0,3000.0,0.0,0.0
2024-10-27 00:00:00+05:30,367,Gudimalkapur,1571,Gudumalkapur,199,Capsicum,204,Common,0.0,103.0,2000.0,4000.0,3000.0,0.0,0.0
2024-10-01 00:00:00+05:30,324,Bowenpally,3,Bowenpally,197,Green Mangos,202,Common,0.0,5.0,1500.0,6000.0,5000.0,0.0,0.0
2024-10-01 00:00:00+05:30,367,Gudimalkapur,1571,Gudumalkapur,200,ChowChow,205,Common,0.0,2.0,1200.0,1200.0,1200.0,0.0,0.0
2024-10-03 00:00:00+05:30,324,Bowenpally,3,Bowenpally,197,Green Mangos,202,Common,0.0,9.0,5000.0,10000.0,8000.0,0.0,0.0
2024-10-03 00:00:00+05:30,367,Gudimalkapur,1571,Gudumalkapur,200,ChowChow,205,Common,0.0,3.0,1200.0,1500.0,1200.0,0.0,0.0
2024-10-04 00:00:00+05:30,324,Bowenpally,3,Bowenpally,197,Green Mangos,202,Common,0.0,11.0,1000.0,10000.0,6500.0,0.0,0.0
2024-10-05 00:00:00+05:30,324,Bowenpally,3,Bowenpally,197,Green Mangos,202,Common,0.0,7.0,2000.0,11000.0,8000.0,0.0,0.0
2024-10-06 00:00:00+05:30,324,Bowenpally,3,Bowenpally,197,Green Mangos,202,Common,0.0,9.0,8000.0,11000.0,10000.0,0.0,0.0
2024-10-05 00:00:00+05:30,367,Gudimalkapur,1571,Gudumalkapur,200,ChowChow,205,Common,0.0,4.0,2000.0,2500.0,2000.0,0.0,0.0
2024-10-06 00:00:00+05:30,367,Gudimalkapur,1571,Gudumalkapur,200,ChowChow,205,Common,0.0,6.0,1000.0,1000.0,1000.0,0.0,0.0
2024-10-07 00:00:00+05:30,367,Gudimalkapur,1571,Gudumalkapur,200,ChowChow,205,Common,0.0,6.0,1200.0,2000.0,1200.0,0.0,0.0
2024-10-08 00:00:00+05:30,367,Gudimalkapur,1571,Gudumalkapur,200,ChowChow,205,Common,0.0,16.0,1500.0,1500.0,1500.0,0.0,0.0
2024-10-10 00:00:00+05:30,324,Bowenpally,3,Bowenpally,197,Green Mangos,202,Common,0.0,11.0,5000.0,10000.0,8000.0,0.0,0.0
2024-10-09 00:00:00+05:30,367,Gudimalkapur,1571,Gudumalkapur,200,ChowChow,205,Common,0.0,2.0,1000.0,1000.0,1000.0,0.0,0.0
2024-10-11 00:00:00+05:30,324,Bowenpally,3,Bowenpally,197,Green Mangos,202,Common,0.0,26.0,5000.0,10000.0,8000.0,0.0,0.0
2024-10-10 00:00:00+05:30,367,Gudimalkapur,1571,Gudumalkapur,200,ChowChow,205,Common,0.0,2.0,800.0,1200.0,1000.0,0.0,0.0
2024-10-12 00:00:00+05:30,324,Bowenpally,3,Bowenpally,197,Green Mangos,202,Common,0.0,8.0,6000.0,10000.0,9000.0,0.0,0.0
2024-10-13 00:00:00+05:30,324,Bowenpally,3,Bowenpally,197,Green Mangos,202,Common,0.0,6.0,3000.0,7000.0,6000.0,0.0,0.0
2024-10-12 00:00:00+05:30,367,Gudimalkapur,1571,Gudumalkapur,200,ChowChow,205,Common,0.0,1.0,1500.0,1500.0,1500.0,0.0,0.0
2024-10-14 00:00:00+05:30,324,Bowenpally,3,Bowenpally,197,Green Mangos,202,Common,0.0,26.0,5000.0,10000.0,8000.0,0.0,0.0
2024-10-13 00:00:00+05:30,367,Gudimalkapur,1571,Gudumalkapur,200,ChowChow,205,Common,0.0,4.0,1500.0,1500.0,1500.0,0.0,0.0
2024-10-15 00:00:00+05:30,324,Bowenpally,3,Bowenpally,197,Green Mangos,202,Common,0.0,3.0,2000.0,10000.0,8000.0,0.0,0.0
2024-10-14 00:00:00+05:30,367,Gudimalkapur,1571,Gudumalkapur,200,ChowChow,205,Common,0.0,4.0,1500.0,1500.0,1500.0,0.0,0.0
2024-10-15 00:00:00+05:30,367,Gudimalkapur,1571,Gudumalkapur,200,ChowChow,205,Common,0.0,3.0,1500.0,2000.0,1500.0,0.0,0.0
2024-10-17 00:00:00+05:30,324,Bowenpally,3,Bowenpally,197,Green Mangos,202,Common,0.0,22.0,2000.0,10000.0,8000.0,0.0,0.0
2024-10-16 00:00:00+05:30,367,Gudimalkapur,1571,Gudumalkapur,200,ChowChow,205,Common,0.0,2.0,1500.0,1500.0,1500.0,0.0,0.0
2024-10-17 00:00:00+05:30,367,Gudimalkapur,1571,Gudumalkapur,200,ChowChow,205,Common,0.0,3.0,1000.0,1000.0,1000.0,0.0,0.0
2024-10-18 00:00:00+05:30,324,Bowenpally,3,Bowenpally,197,Green Mangos,202,Common,0.0,26.0,5000.0,10000.0,8500.0,0.0,0.0
2024-10-18 00:00:00+05:30,367,Gudimalkapur,1571,Gudumalkapur,200,ChowChow,205,Common,0.0,2.0,1600.0,1600.0,1600.0,0.0,0.0
2024-10-19 00:00:00+05:30,324,Bowenpally,3,Bowenpally,197,Green Mangos,202,Common,0.0,39.0,1000.0,6000.0,4500.0,0.0,0.0
2024-10-20 00:00:00+05:30,324,Bowenpally,3,Bowenpally,197,Green Mangos,202,Common,0.0,37.0,2000.0,6000.0,5000.0,0.0,0.0
2024-10-21 00:00:00+05:30,324,Bowenpally,3,Bowenpally,197,Green Mangos,202,Common,0.0,51.0,4000.0,6000.0,5500.0,0.0,0.0
2024-10-21 00:00:00+05:30,367,Gudimalkapur,1571,Gudumalkapur,200,ChowChow,205,Common,0.0,3.0,1500.0,1500.0,1500.0,0.0,0.0
2024-10-22 00:00:00+05:30,324,Bowenpally,3,Bowenpally,197,Green Mangos,202,Common,0.0,63.0,2000.0,6000.0,5000.0,0.0,0.0
2024-10-23 00:00:00+05:30,324,Bowenpally,3,Bowenpally,197,Green Mangos,202,Common,0.0,56.0,3000.0,6000.0,5000.0,0.0,0.0
2024-10-24 00:00:00+05:30,324,Bowenpally,3,Bowenpally,197,Green Mangos,202,Common,0.0,92.0,1000.0,4000.0,3000.0,0.0,0.0
2024-10-24 00:00:00+05:30,367,Gudimalkapur,1571,Gudumalkapur,200,ChowChow,205,Common,0.0,1.0,2000.0,2000.0,2000.0,0.0,0.0
2024-10-26 00:00:00+05:30,367,Gudimalkapur,1571,Gudumalkapur,200,ChowChow,205,Common,0.0,4.0,2000.0,2000.0,2000.0,0.0,0.0
2024-10-26 00:00:00+05:30,324,Bowenpally,3,Bowenpally,197,Green Mangos,202,Common,0.0,55.0,2000.0,4000.0,3500.0,0.0,0.0
2024-10-27 00:00:00+05:30,367,Gudimalkapur,1571,Gudumalkapur,200,ChowChow,205,Common,0.0,1.0,2500.0,2500.0,2500.0,0.0,0.0
2024-10-28 00:00:00+05:30,324,Bowenpally,3,Bowenpally,197,Green Mangos,202,Common,0.0,43.0,1000.0,4000.0,2800.0,0.0,0.0
2024-10-27 00:00:00+05:30,324,Bowenpally,3,Bowenpally,197,Green Mangos,202,Common,0.0,95.0,2000.0,4000.0,3500.0,0.0,0.0
2024-10-29 00:00:00+05:30,324,Bowenpally,3,Bowenpally,197,Green Mangos,202,Common,0.0,77.0,2000.0,4000.0,3500.0,0.0,0.0
2024-10-28 00:00:00+05:30,367,Gudimalkapur,1571,Gudumalkapur,200,ChowChow,205,Common,0.0,2.0,2000.0,2000.0,2000.0,0.0,0.0
2024-10-30 00:00:00+05:30,324,Bowenpally,3,Bowenpally,197,Green Mangos,202,Common,0.0,49.0,2000.0,4000.0,3500.0,0.0,0.0
2024-10-29 00:00:00+05:30,367,Gudimalkapur,1571,Gudumalkapur,200,ChowChow,205,Common,0.0,1.0,2000.0,2000.0,2000.0,0.0,0.0
2024-10-30 00:00:00+05:30,367,Gudimalkapur,1571,Gudumalkapur,200,ChowChow,205,Common,0.0,2.0,1200.0,1200.0,1200.0,0.0,0.0
2024-10-31 00:00:00+05:30,324,Bowenpally,3,Bowenpally,197,Green Mangos,202,Common,0.0,13.0,1000.0,4000.0,3500.0,0.0,0.0
2024-10-31 00:00:00+05:30,367,Gudimalkapur,1571,Gudumalkapur,200,ChowChow,205,Common,0.0,1.0,2000.0,2000.0,2000.0,0.0,0.0
2024-10-26 00:00:00+05:30,324,Bowenpally,3,Bowenpally,199,Capsicum,204,Common,0.0,723.0,2000.0,7000.0,6500.0,0.0,0.0
2024-10-24 00:00:00+05:30,324,Bowenpally,3,Bowenpally,199,Capsicum,204,Common,0.0,486.0,1000.0,6500.0,5500.0,0.0,0.0
2024-10-23 00:00:00+05:30,324,Bowenpally,3,Bowenpally,199,Capsicum,204,Common,0.0,350.0,3000.0,7000.0,6000.0,0.0,0.0
2024-10-22 00:00:00+05:30,324,Bowenpally,3,Bowenpally,199,Capsicum,204,Common,0.0,681.0,1500.0,7500.0,6000.0,0.0,0.0
2024-10-21 00:00:00+05:30,324,Bowenpally,3,Bowenpally,199,Capsicum,204,Common,0.0,436.0,2000.0,7000.0,5000.0,0.0,0.0
2024-10-20 00:00:00+05:30,324,Bowenpally,3,Bowenpally,199,Capsicum,204,Common,0.0,813.0,2000.0,7000.0,5500.0,0.0,0.0
2024-10-19 00:00:00+05:30,324,Bowenpally,3,Bowenpally,199,Capsicum,204,Common,0.0,899.0,1500.0,7000.0,5000.0,0.0,0.0
2024-10-18 00:00:00+05:30,324,Bowenpally,3,Bowenpally,199,Capsicum,204,Common,0.0,643.0,3000.0,7000.0,5800.0,0.0,0.0
2024-10-17 00:00:00+05:30,324,Bowenpally,3,Bowenpally,199,Capsicum,204,Common,0.0,658.0,1500.0,6500.0,5000.0,0.0,0.0
2024-10-16 00:00:00+05:30,324,Bowenpally,3,Bowenpally,199,Capsicum,204,Common,0.0,484.0,3000.0,7000.0,5000.0,0.0,0.0
2024-10-15 00:00:00+05:30,324,Bowenpally,3,Bowenpally,199,Capsicum,204,Common,0.0,808.0,1000.0,6000.0,5500.0,0.0,0.0
2024-10-14 00:00:00+05:30,324,Bowenpally,3,Bowenpally,199,Capsicum,204,Common,0.0,427.0,1000.0,6500.0,4500.0,0.0,0.0
2024-10-13 00:00:00+05:30,324,Bowenpally,3,Bowenpally,199,Capsicum,204,Common,0.0,240.0,2000.0,5500.0,4500.0,0.0,0.0
2024-10-12 00:00:00+05:30,324,Bowenpally,3,Bowenpally,199,Capsicum,204,Common,0.0,199.0,1000.0,6000.0,5000.0,0.0,0.0
2024-10-11 00:00:00+05:30,324,Bowenpally,3,Bowenpally,199,Capsicum,204,Common,0.0,549.0,2000.0,6500.0,5000.0,0.0,0.0
2024-10-09 00:00:00+05:30,208,Nizamabad,1080,Nizamabad,220,Bazra,246,common,0.0,2.0,2180.0,2180.0,2180.0,0.0,0.0
2024-10-10 00:00:00+05:30,324,Bowenpally,3,Bowenpally,199,Capsicum,204,Common,0.0,279.0,2000.0,6500.0,5000.0,0.0,0.0
2024-10-08 00:00:00+05:30,208,Nizamabad,1080,Nizamabad,220,Bazra,246,common,0.0,2.0,2151.0,2151.0,2151.0,0.0,0.0
2024-10-08 00:00:00+05:30,324,Bowenpally,3,Bowenpally,199,Capsicum,204,Common,0.0,759.0,1000.0,6500.0,5000.0,0.0,0.0
2024-10-07 00:00:00+05:30,208,Nizamabad,1080,Nizamabad,220,Bazra,246,common,0.0,13.0,2210.0,2240.0,2220.0,0.0,0.0
2024-10-06 00:00:00+05:30,324,Bowenpally,3,Bowenpally,199,Capsicum,204,Common,0.0,562.0,2000.0,6500.0,5000.0,0.0,0.0
2024-10-05 00:00:00+05:30,324,Bowenpally,3,Bowenpally,199,Capsicum,204,Common,0.0,720.0,1000.0,6500.0,4500.0,0.0,0.0
2024-10-04 00:00:00+05:30,324,Bowenpally,3,Bowenpally,199,Capsicum,204,Common,0.0,856.0,1000.0,6500.0,5000.0,0.0,0.0
2024-10-03 00:00:00+05:30,324,Bowenpally,3,Bowenpally,199,Capsicum,204,Common,0.0,539.0,1500.0,6500.0,5000.0,0.0,0.0
2024-10-01 00:00:00+05:30,208,Nizamabad,1080,Nizamabad,220,Bazra,246,common,0.0,2.0,1908.0,1908.0,1908.0,0.0,0.0
2024-10-01 00:00:00+05:30,324,Bowenpally,3,Bowenpally,199,Capsicum,204,Common,0.0,592.0,1000.0,6500.0,5000.0,0.0,0.0
2024-10-31 00:00:00+05:30,324,Bowenpally,3,Bowenpally,199,Capsicum,204,Common,0.0,310.0,1000.0,7000.0,5000.0,0.0,0.0
2024-10-30 00:00:00+05:30,324,Bowenpally,3,Bowenpally,199,Capsicum,204,Common,0.0,865.0,2000.0,7000.0,5000.0,0.0,0.0
2024-10-29 00:00:00+05:30,324,Bowenpally,3,Bowenpally,199,Capsicum,204,Common,0.0,665.0,2000.0,7500.0,5500.0,0.0,0.0
2024-10-27 00:00:00+05:30,324,Bowenpally,3,Bowenpally,199,Capsicum,204,Common,0.0,635.0,2000.0,7000.0,5500.0,0.0,0.0
2024-10-28 00:00:00+05:30,324,Bowenpally,3,Bowenpally,199,Capsicum,204,Common,0.0,553.0,1500.0,7000.0,5500.0,0.0,0.0
2024-10-01 00:00:00+05:30,324,Bowenpally,3,Bowenpally,200,ChowChow,205,Common,0.0,30.0,500.0,2000.0,1600.0,0.0,0.0
2024-10-04 00:00:00+05:30,324,Bowenpally,3,Bowenpally,200,ChowChow,205,Common,0.0,10.0,400.0,1200.0,1000.0,0.0,0.0
2024-10-05 00:00:00+05:30,324,Bowenpally,3,Bowenpally,200,ChowChow,205,Common,0.0,20.0,500.0,2000.0,1500.0,0.0,0.0
2024-10-06 00:00:00+05:30,324,Bowenpally,3,Bowenpally,200,ChowChow,205,Common,0.0,36.0,1000.0,2000.0,1800.0,0.0,0.0
2024-10-11 00:00:00+05:30,324,Bowenpally,3,Bowenpally,200,ChowChow,205,Common,0.0,1.0,500.0,1000.0,900.0,0.0,0.0
2024-10-12 00:00:00+05:30,324,Bowenpally,3,Bowenpally,200,ChowChow,205,Common,0.0,15.0,500.0,1500.0,1200.0,0.0,0.0
2024-10-13 00:00:00+05:30,324,Bowenpally,3,Bowenpally,200,ChowChow,205,Common,0.0,5.0,500.0,1000.0,800.0,0.0,0.0
2024-10-14 00:00:00+05:30,324,Bowenpally,3,Bowenpally,200,ChowChow,205,Common,0.0,24.0,500.0,2000.0,1600.0,0.0,0.0
2024-10-15 00:00:00+05:30,324,Bowenpally,3,Bowenpally,200,ChowChow,205,Common,0.0,23.0,500.0,2000.0,1500.0,0.0,0.0
2024-10-16 00:00:00+05:30,324,Bowenpally,3,Bowenpally,200,ChowChow,205,Common,0.0,4.0,500.0,1000.0,800.0,0.0,0.0
2024-10-15 00:00:00+05:30,367,Gudimalkapur,1571,Gudumalkapur,213,Salgam,212,Common,0.0,1.0,2000.0,2000.0,2000.0,0.0,0.0
2024-10-17 00:00:00+05:30,324,Bowenpally,3,Bowenpally,200,ChowChow,205,Common,0.0,10.0,500.0,2000.0,1500.0,0.0,0.0
2024-10-18 00:00:00+05:30,324,Bowenpally,3,Bowenpally,200,ChowChow,205,Common,0.0,10.0,1000.0,2000.0,1700.0,0.0,0.0
2024-10-19 00:00:00+05:30,324,Bowenpally,3,Bowenpally,200,ChowChow,205,Common,0.0,20.0,500.0,2000.0,1500.0,0.0,0.0
2024-10-20 00:00:00+05:30,324,Bowenpally,3,Bowenpally,200,ChowChow,205,Common,0.0,15.0,1000.0,2000.0,1800.0,0.0,0.0
2024-10-19 00:00:00+05:30,367,Gudimalkapur,1571,Gudumalkapur,213,Salgam,212,Common,0.0,2.0,2000.0,2000.0,2000.0,0.0,0.0
2024-10-21 00:00:00+05:30,324,Bowenpally,3,Bowenpally,200,ChowChow,205,Common,0.0,16.0,1000.0,2000.0,1600.0,0.0,0.0
2024-10-20 00:00:00+05:30,367,Gudimalkapur,1571,Gudumalkapur,213,Salgam,212,Common,0.0,2.0,2000.0,2000.0,2000.0,0.0,0.0
2024-10-22 00:00:00+05:30,324,Bowenpally,3,Bowenpally,200,ChowChow,205,Common,0.0,22.0,1000.0,2000.0,1700.0,0.0,0.0
2024-10-21 00:00:00+05:30,367,Gudimalkapur,1571,Gudumalkapur,213,Salgam,212,Common,0.0,2.0,2000.0,2000.0,2000.0,0.0,0.0
2024-10-23 00:00:00+05:30,324,Bowenpally,3,Bowenpally,200,ChowChow,205,Common,0.0,3.0,1000.0,2000.0,1800.0,0.0,0.0
2024-10-23 00:00:00+05:30,367,Gudimalkapur,1571,Gudumalkapur,213,Salgam,212,Common,0.0,3.0,3000.0,3000.0,3000.0,0.0,0.0
2024-10-24 00:00:00+05:30,324,Bowenpally,3,Bowenpally,200,ChowChow,205,Common,0.0,12.0,1000.0,2000.0,1800.0,0.0,0.0
2024-10-26 00:00:00+05:30,324,Bowenpally,3,Bowenpally,200,ChowChow,205,Common,0.0,12.0,1000.0,2000.0,1800.0,0.0,0.0
2024-10-25 00:00:00+05:30,367,Gudimalkapur,1571,Gudumalkapur,213,Salgam,212,Common,0.0,1.0,2000.0,2000.0,2000.0,0.0,0.0
2024-10-28 00:00:00+05:30,324,Bowenpally,3,Bowenpally,200,ChowChow,205,Common,0.0,19.0,1000.0,2000.0,1800.0,0.0,0.0
2024-10-27 00:00:00+05:30,324,Bowenpally,3,Bowenpally,200,ChowChow,205,Common,0.0,17.0,1000.0,2000.0,1700.0,0.0,0.0
2024-10-29 00:00:00+05:30,324,Bowenpally,3,Bowenpally,200,ChowChow,205,Common,0.0,13.0,1000.0,2000.0,1600.0,0.0,0.0
2024-10-28 00:00:00+05:30,367,Gudimalkapur,1571,Gudumalkapur,213,Salgam,212,Common,0.0,2.0,2000.0,2000.0,2000.0,0.0,0.0
2024-10-30 00:00:00+05:30,324,Bowenpally,3,Bowenpally,200,ChowChow,205,Common,0.0,5.0,1000.0,2000.0,1700.0,0.0,0.0
2024-10-31 00:00:00+05:30,367,Gudimalkapur,1571,Gudumalkapur,213,Salgam,212,Common,0.0,2.0,2000.0,2000.0,2000.0,0.0,0.0
2024-10-26 00:00:00+05:30,324,Bowenpally,3,Bowenpally,209,Green Chillies (Bold),209,common,0.0,474.0,2000.0,5500.0,4500.0,0.0,0.0
2024-10-24 00:00:00+05:30,324,Bowenpally,3,Bowenpally,209,Green Chillies (Bold),209,common,0.0,415.0,1000.0,6500.0,4500.0,0.0,0.0
2024-10-23 00:00:00+05:30,324,Bowenpally,3,Bowenpally,209,Green Chillies (Bold),209,common,0.0,434.0,2000.0,7000.0,5500.0,0.0,0.0
2024-10-22 00:00:00+05:30,324,Bowenpally,3,Bowenpally,209,Green Chillies (Bold),209,common,0.0,363.0,1000.0,7000.0,5000.0,0.0,0.0
2024-10-21 00:00:00+05:30,324,Bowenpally,3,Bowenpally,209,Green Chillies (Bold),209,common,0.0,463.0,2000.0,7000.0,6000.0,0.0,0.0
2024-10-20 00:00:00+05:30,324,Bowenpally,3,Bowenpally,209,Green Chillies (Bold),209,common,0.0,429.0,3000.0,7000.0,6000.0,0.0,0.0
2024-10-19 00:00:00+05:30,324,Bowenpally,3,Bowenpally,209,Green Chillies (Bold),209,common,0.0,369.0,1500.0,7000.0,5200.0,0.0,0.0
2024-10-18 00:00:00+05:30,324,Bowenpally,3,Bowenpally,209,Green Chillies (Bold),209,common,0.0,490.0,3000.0,7000.0,6000.0,0.0,0.0
2024-10-17 00:00:00+05:30,324,Bowenpally,3,Bowenpally,209,Green Chillies (Bold),209,common,0.0,663.0,2000.0,8000.0,6000.0,0.0,0.0
2024-10-16 00:00:00+05:30,324,Bowenpally,3,Bowenpally,209,Green Chillies (Bold),209,common,0.0,645.0,3000.0,8000.0,5000.0,0.0,0.0
2024-10-15 00:00:00+05:30,324,Bowenpally,3,Bowenpally,209,Green Chillies (Bold),209,common,0.0,371.0,1500.0,8000.0,7000.0,0.0,0.0
2024-10-14 00:00:00+05:30,324,Bowenpally,3,Bowenpally,209,Green Chillies (Bold),209,common,0.0,235.0,800.0,6000.0,5000.0,0.0,0.0
2024-10-13 00:00:00+05:30,324,Bowenpally,3,Bowenpally,209,Green Chillies (Bold),209,common,0.0,180.0,2000.0,5000.0,4000.0,0.0,0.0
2024-10-12 00:00:00+05:30,324,Bowenpally,3,Bowenpally,209,Green Chillies (Bold),209,common,0.0,78.0,1000.0,8000.0,5000.0,0.0,0.0
2024-10-11 00:00:00+05:30,324,Bowenpally,3,Bowenpally,209,Green Chillies (Bold),209,common,0.0,388.0,3000.0,8000.0,6500.0,0.0,0.0
2024-10-10 00:00:00+05:30,324,Bowenpally,3,Bowenpally,209,Green Chillies (Bold),209,common,0.0,281.0,3000.0,7500.0,6500.0,0.0,0.0
2024-10-07 00:00:00+05:30,324,Bowenpally,3,Bowenpally,209,Green Chillies (Bold),209,common,0.0,504.0,1000.0,6500.0,4500.0,0.0,0.0
2024-10-08 00:00:00+05:30,324,Bowenpally,3,Bowenpally,209,Green Chillies (Bold),209,common,0.0,294.0,1000.0,6000.0,4500.0,0.0,0.0
2024-10-06 00:00:00+05:30,324,Bowenpally,3,Bowenpally,209,Green Chillies (Bold),209,common,0.0,644.0,2000.0,6500.0,5000.0,0.0,0.0
2024-10-05 00:00:00+05:30,324,Bowenpally,3,Bowenpally,209,Green Chillies (Bold),209,common,0.0,440.0,1000.0,6500.0,6000.0,0.0,0.0
2024-10-04 00:00:00+05:30,324,Bowenpally,3,Bowenpally,209,Green Chillies (Bold),209,common,0.0,369.0,1000.0,6000.0,5000.0,0.0,0.0
2024-10-01 00:00:00+05:30,324,Bowenpally,3,Bowenpally,209,Green Chillies (Bold),209,common,0.0,768.0,1000.0,6500.0,5000.0,0.0,0.0
2024-10-03 00:00:00+05:30,324,Bowenpally,3,Bowenpally,209,Green Chillies (Bold),209,common,0.0,569.0,1000.0,6500.0,5000.0,0.0,0.0
2024-10-31 00:00:00+05:30,324,Bowenpally,3,Bowenpally,209,Green Chillies (Bold),209,common,0.0,244.0,1000.0,5500.0,4500.0,0.0,0.0
2024-10-30 00:00:00+05:30,324,Bowenpally,3,Bowenpally,209,Green Chillies (Bold),209,common,0.0,376.0,2000.0,5000.0,4000.0,0.0,0.0
2024-10-29 00:00:00+05:30,324,Bowenpally,3,Bowenpally,209,Green Chillies (Bold),209,common,0.0,297.0,2000.0,6000.0,5000.0,0.0,0.0
2024-10-27 00:00:00+05:30,324,Bowenpally,3,Bowenpally,209,Green Chillies (Bold),209,common,0.0,661.0,1500.0,5500.0,4500.0,0.0,0.0
2024-10-28 00:00:00+05:30,324,Bowenpally,3,Bowenpally,209,Green Chillies (Bold),209,common,0.0,347.0,1000.0,6500.0,4800.0,0.0,0.0
2024-10-03 00:00:00+05:30,324,Bowenpally,3,Bowenpally,234,Sweet Corn,280,Local,0.0,529.0,500.0,2000.0,1600.0,0.0,0.0
2024-10-01 00:00:00+05:30,324,Bowenpally,3,Bowenpally,234,Sweet Corn,280,Local,0.0,401.0,400.0,2000.0,1600.0,0.0,0.0
2024-10-04 00:00:00+05:30,324,Bowenpally,3,Bowenpally,234,Sweet Corn,280,Local,0.0,336.0,400.0,1800.0,1500.0,0.0,0.0
2024-10-05 00:00:00+05:30,324,Bowenpally,3,Bowenpally,234,Sweet Corn,280,Local,0.0,221.0,400.0,1500.0,1000.0,0.0,0.0
2024-10-06 00:00:00+05:30,324,Bowenpally,3,Bowenpally,234,Sweet Corn,280,Local,0.0,222.0,1000.0,2000.0,1800.0,0.0,0.0
2024-10-10 00:00:00+05:30,324,Bowenpally,3,Bowenpally,234,Sweet Corn,280,Local,0.0,220.0,600.0,2500.0,2000.0,0.0,0.0
2024-10-11 00:00:00+05:30,324,Bowenpally,3,Bowenpally,234,Sweet Corn,280,Local,0.0,48.0,800.0,2500.0,2000.0,0.0,0.0
2024-10-12 00:00:00+05:30,324,Bowenpally,3,Bowenpally,234,Sweet Corn,280,Local,0.0,102.0,500.0,2500.0,2000.0,0.0,0.0
2024-10-13 00:00:00+05:30,324,Bowenpally,3,Bowenpally,234,Sweet Corn,280,Local,0.0,33.0,1000.0,2000.0,1800.0,0.0,0.0
2024-10-14 00:00:00+05:30,324,Bowenpally,3,Bowenpally,234,Sweet Corn,280,Local,0.0,132.0,400.0,2500.0,2000.0,0.0,0.0
2024-10-15 00:00:00+05:30,324,Bowenpally,3,Bowenpally,234,Sweet Corn,280,Local,0.0,311.0,400.0,2500.0,2000.0,0.0,0.0
2024-10-16 00:00:00+05:30,324,Bowenpally,3,Bowenpally,234,Sweet Corn,280,Local,0.0,270.0,600.0,2500.0,2000.0,0.0,0.0
2024-10-17 00:00:00+05:30,324,Bowenpally,3,Bowenpally,234,Sweet Corn,280,Local,0.0,167.0,400.0,2400.0,1800.0,0.0,0.0
2024-10-18 00:00:00+05:30,324,Bowenpally,3,Bowenpally,234,Sweet Corn,280,Local,0.0,256.0,600.0,2500.0,2000.0,0.0,0.0
2024-10-19 00:00:00+05:30,324,Bowenpally,3,Bowenpally,234,Sweet Corn,280,Local,0.0,295.0,400.0,2600.0,2000.0,0.0,0.0
2024-10-20 00:00:00+05:30,324,Bowenpally,3,Bowenpally,234,Sweet Corn,280,Local,0.0,266.0,1000.0,2500.0,2000.0,0.0,0.0
2024-10-21 00:00:00+05:30,324,Bowenpally,3,Bowenpally,234,Sweet Corn,280,Local,0.0,178.0,700.0,2500.0,2000.0,0.0,0.0
2024-10-22 00:00:00+05:30,324,Bowenpally,3,Bowenpally,234,Sweet Corn,280,Local,0.0,232.0,700.0,2500.0,2000.0,0.0,0.0
2024-10-23 00:00:00+05:30,324,Bowenpally,3,Bowenpally,234,Sweet Corn,280,Local,0.0,305.0,800.0,2600.0,2200.0,0.0,0.0
2024-10-24 00:00:00+05:30,324,Bowenpally,3,Bowenpally,234,Sweet Corn,280,Local,0.0,200.0,500.0,2500.0,2200.0,0.0,0.0
2024-10-26 00:00:00+05:30,324,Bowenpally,3,Bowenpally,234,Sweet Corn,280,Local,0.0,252.0,800.0,2400.0,2000.0,0.0,0.0
2024-10-28 00:00:00+05:30,324,Bowenpally,3,Bowenpally,234,Sweet Corn,280,Local,0.0,99.0,700.0,2500.0,2000.0,0.0,0.0
2024-10-27 00:00:00+05:30,324,Bowenpally,3,Bowenpally,234,Sweet Corn,280,Local,0.0,302.0,1000.0,2500.0,2000.0,0.0,0.0
2024-10-29 00:00:00+05:30,324,Bowenpally,3,Bowenpally,234,Sweet Corn,280,Local,0.0,191.0,600.0,2600.0,2000.0,0.0,0.0
2024-10-30 00:00:00+05:30,324,Bowenpally,3,Bowenpally,234,Sweet Corn,280,Local,0.0,184.0,800.0,2500.0,2000.0,0.0,0.0
2024-10-31 00:00:00+05:30,324,Bowenpally,3,Bowenpally,234,Sweet Corn,280,Local,0.0,100.0,400.0,2600.0,2000.0,0.0,0.0
2024-10-26 00:00:00+05:30,324,Bowenpally,3,Bowenpally,235,Teisel Gourd(Boda Kakarakaya),281,Local,0.0,7.0,4000.0,7000.0,6000.0,0.0,0.0
2024-10-24 00:00:00+05:30,324,Bowenpally,3,Bowenpally,235,Teisel Gourd(Boda Kakarakaya),281,Local,0.0,44.0,3000.0,8000.0,6500.0,0.0,0.0
2024-10-23 00:00:00+05:30,324,Bowenpally,3,Bowenpally,235,Teisel Gourd(Boda Kakarakaya),281,Local,0.0,28.0,4000.0,8000.0,7000.0,0.0,0.0
2024-10-22 00:00:00+05:30,324,Bowenpally,3,Bowenpally,235,Teisel Gourd(Boda Kakarakaya),281,Local,0.0,10.0,4000.0,9000.0,7000.0,0.0,0.0
2024-10-20 00:00:00+05:30,324,Bowenpally,3,Bowenpally,235,Teisel Gourd(Boda Kakarakaya),281,Local,0.0,18.0,5000.0,9000.0,8000.0,0.0,0.0
2024-10-19 00:00:00+05:30,324,Bowenpally,3,Bowenpally,235,Teisel Gourd(Boda Kakarakaya),281,Local,0.0,22.0,4000.0,8000.0,7000.0,0.0,0.0
2024-10-18 00:00:00+05:30,324,Bowenpally,3,Bowenpally,235,Teisel Gourd(Boda Kakarakaya),281,Local,0.0,14.0,4000.0,7000.0,6000.0,0.0,0.0
2024-10-17 00:00:00+05:30,324,Bowenpally,3,Bowenpally,235,Teisel Gourd(Boda Kakarakaya),281,Local,0.0,19.0,4000.0,8000.0,7000.0,0.0,0.0
2024-10-16 00:00:00+05:30,324,Bowenpally,3,Bowenpally,235,Teisel Gourd(Boda Kakarakaya),281,Local,0.0,28.0,3000.0,7000.0,5000.0,0.0,0.0
2024-10-15 00:00:00+05:30,324,Bowenpally,3,Bowenpally,235,Teisel Gourd(Boda Kakarakaya),281,Local,0.0,56.0,3000.0,9000.0,7000.0,0.0,0.0
2024-10-14 00:00:00+05:30,324,Bowenpally,3,Bowenpally,235,Teisel Gourd(Boda Kakarakaya),281,Local,0.0,3.0,4000.0,8000.0,7000.0,0.0,0.0
2024-10-13 00:00:00+05:30,324,Bowenpally,3,Bowenpally,235,Teisel Gourd(Boda Kakarakaya),281,Local,0.0,1.0,5000.0,8000.0,7000.0,0.0,0.0
2024-10-12 00:00:00+05:30,324,Bowenpally,3,Bowenpally,235,Teisel Gourd(Boda Kakarakaya),281,Local,0.0,1.0,4000.0,6000.0,5500.0,0.0,0.0
2024-10-11 00:00:00+05:30,324,Bowenpally,3,Bowenpally,235,Teisel Gourd(Boda Kakarakaya),281,Local,0.0,5.0,4000.0,8000.0,7000.0,0.0,0.0
2024-10-06 00:00:00+05:30,324,Bowenpally,3,Bowenpally,235,Teisel Gourd(Boda Kakarakaya),281,Local,0.0,20.0,5000.0,10000.0,8000.0,0.0,0.0
2024-10-05 00:00:00+05:30,324,Bowenpally,3,Bowenpally,235,Teisel Gourd(Boda Kakarakaya),281,Local,0.0,1.0,2000.0,6000.0,4500.0,0.0,0.0
2024-10-04 00:00:00+05:30,324,Bowenpally,3,Bowenpally,235,Teisel Gourd(Boda Kakarakaya),281,Local,0.0,47.0,3000.0,8000.0,6500.0,0.0,0.0
2024-10-01 00:00:00+05:30,324,Bowenpally,3,Bowenpally,235,Teisel Gourd(Boda Kakarakaya),281,Local,0.0,58.0,3000.0,8000.0,6000.0,0.0,0.0
2024-10-03 00:00:00+05:30,324,Bowenpally,3,Bowenpally,235,Teisel Gourd(Boda Kakarakaya),281,Local,0.0,29.0,2000.0,7500.0,5000.0,0.0,0.0
2024-10-31 00:00:00+05:30,324,Bowenpally,3,Bowenpally,235,Teisel Gourd(Boda Kakarakaya),281,Local,0.0,3.0,5000.0,10000.0,8500.0,0.0,0.0
2024-10-30 00:00:00+05:30,324,Bowenpally,3,Bowenpally,235,Teisel Gourd(Boda Kakarakaya),281,Local,0.0,108.0,3000.0,7000.0,6000.0,0.0,0.0
2024-10-29 00:00:00+05:30,324,Bowenpally,3,Bowenpally,235,Teisel Gourd(Boda Kakarakaya),281,Local,0.0,10.0,3000.0,8000.0,6500.0,0.0,0.0
2024-10-27 00:00:00+05:30,324,Bowenpally,3,Bowenpally,235,Teisel Gourd(Boda Kakarakaya),281,Local,0.0,14.0,5000.0,8000.0,7500.0,0.0,0.0
2024-10-28 00:00:00+05:30,324,Bowenpally,3,Bowenpally,235,Teisel Gourd(Boda Kakarakaya),281,Local,0.0,12.0,3000.0,9000.0,7500.0,0.0,0.0
2024-10-03 00:00:00+05:30,246,Warangal,886,Warangal,54,Chillies(Dry),320,Teja (Cold storage),0.0,842.0,15000.0,18500.0,17000.0,0.0,0.0
2024-10-07 00:00:00+05:30,246,Warangal,886,Warangal,54,Chillies(Dry),320,Teja (Cold storage),0.0,576.0,14000.0,17800.0,16000.0,0.0,0.0
2024-10-29 00:00:00+05:30,246,Warangal,886,Warangal,54,Chillies(Dry),320,Teja (Cold storage),0.0,985.0,13500.0,17000.0,15500.0,0.0,0.0
2024-10-28 00:00:00+05:30,246,Warangal,886,Warangal,54,Chillies(Dry),320,Teja (Cold storage),0.0,919.0,13500.0,17000.0,15500.0,0.0,0.0
2024-10-07 00:00:00+05:30,246,Warangal,886,Warangal,54,Chillies(Dry),321,Wonderhot (Cold storage),0.0,361.0,12000.0,15000.0,14000.0,0.0,0.0
2024-10-03 00:00:00+05:30,246,Warangal,886,Warangal,54,Chillies(Dry),321,Wonderhot (Cold storage),0.0,332.0,12500.0,15500.0,14500.0,0.0,0.0
2024-10-25 00:00:00+05:30,246,Warangal,886,Warangal,54,Chillies(Dry),321,Wonderhot (Cold storage),0.0,407.0,12000.0,15000.0,14000.0,0.0,0.0
2024-10-28 00:00:00+05:30,246,Warangal,886,Warangal,54,Chillies(Dry),321,Wonderhot (Cold storage),0.0,406.0,11500.0,14000.0,12500.0,0.0,0.0
2024-10-29 00:00:00+05:30,246,Warangal,886,Warangal,54,Chillies(Dry),321,Wonderhot (Cold storage),0.0,457.0,12000.0,15000.0,13500.0,0.0,0.0
2024-10-25 00:00:00+05:30,246,Warangal,886,Warangal,54,Chillies(Dry),322,US-341 (Cold storage),0.0,641.0,12000.0,15000.0,14000.0,0.0,0.0
2024-10-03 00:00:00+05:30,246,Warangal,886,Warangal,54,Chillies(Dry),322,US-341 (Cold storage),0.0,646.0,12000.0,15800.0,14000.0,0.0,0.0
2024-10-07 00:00:00+05:30,246,Warangal,886,Warangal,54,Chillies(Dry),322,US-341 (Cold storage),0.0,466.0,11000.0,14500.0,13000.0,0.0,0.0
2024-10-29 00:00:00+05:30,246,Warangal,886,Warangal,54,Chillies(Dry),322,US-341 (Cold storage),0.0,806.0,12000.0,15000.0,13500.0,0.0,0.0
2024-10-28 00:00:00+05:30,246,Warangal,886,Warangal,54,Chillies(Dry),322,US-341 (Cold storage),0.0,479.0,11000.0,14000.0,12500.0,0.0,0.0
2024-10-03 00:00:00+05:30,246,Warangal,886,Warangal,54,Chillies(Dry),330,Desi (Cold storage),0.0,9.0,21000.0,21000.0,21000.0,0.0,0.0
2024-10-03 00:00:00+05:30,246,Warangal,886,Warangal,57,Tumeric,227,Finger,0.0,3.11,8039.0,10013.0,10011.0,0.0,0.0
2024-10-01 00:00:00+05:30,246,Warangal,886,Warangal,57,Tumeric,227,Finger,0.0,22.93,10009.0,12859.0,11929.0,0.0,0.0
2024-10-04 00:00:00+05:30,246,Warangal,886,Warangal,57,Tumeric,227,Finger,0.0,5.27,8789.0,9595.0,9009.0,0.0,0.0
2024-10-07 00:00:00+05:30,246,Warangal,886,Warangal,57,Tumeric,227,Finger,0.0,9.12,10259.0,11888.0,11888.0,0.0,0.0
2024-10-08 00:00:00+05:30,246,Warangal,886,Warangal,57,Tumeric,227,Finger,0.0,53.83,10009.0,12359.0,12229.0,0.0,0.0
2024-10-15 00:00:00+05:30,246,Warangal,886,Warangal,57,Tumeric,227,Finger,0.0,44.35,11005.0,11526.0,11526.0,0.0,0.0
2024-10-16 00:00:00+05:30,246,Warangal,886,Warangal,57,Tumeric,227,Finger,0.0,11.71,6529.0,11359.0,11359.0,0.0,0.0
2024-10-18 00:00:00+05:30,246,Warangal,886,Warangal,57,Tumeric,227,Finger,0.0,31.83,11199.0,11199.0,11199.0,0.0,0.0
2024-10-24 00:00:00+05:30,246,Warangal,886,Warangal,57,Tumeric,227,Finger,0.0,14.4,10500.0,12000.0,11000.0,0.0,0.0
2024-10-28 00:00:00+05:30,246,Warangal,886,Warangal,57,Tumeric,227,Finger,0.0,76.87,9789.0,10649.0,10569.0,0.0,0.0
2024-10-29 00:00:00+05:30,246,Warangal,886,Warangal,57,Tumeric,227,Finger,0.0,47.93,6559.0,10939.0,10659.0,0.0,0.0
2024-10-24 00:00:00+05:30,246,Warangal,886,Warangal,57,Tumeric,228,Bulb,0.0,4.2,10000.0,11600.0,10500.0,0.0,0.0
2024-10-18 00:00:00+05:30,246,Warangal,886,Warangal,57,Tumeric,228,Bulb,0.0,6.91,4679.0,10029.0,10029.0,0.0,0.0
2024-10-16 00:00:00+05:30,246,Warangal,886,Warangal,57,Tumeric,228,Bulb,0.0,3.39,7009.0,11179.0,11179.0,0.0,0.0
2024-10-15 00:00:00+05:30,246,Warangal,886,Warangal,57,Tumeric,228,Bulb,0.0,19.91,11439.0,11439.0,11439.0,0.0,0.0
2024-10-08 00:00:00+05:30,246,Warangal,886,Warangal,57,Tumeric,228,Bulb,0.0,11.52,9595.0,12089.0,12089.0,0.0,0.0
2024-10-07 00:00:00+05:30,246,Warangal,886,Warangal,57,Tumeric,228,Bulb,0.0,2.2,9089.0,10659.0,10659.0,0.0,0.0
2024-10-04 00:00:00+05:30,246,Warangal,886,Warangal,57,Tumeric,228,Bulb,0.0,2.88,10506.0,10608.0,10509.0,0.0,0.0
2024-10-01 00:00:00+05:30,246,Warangal,886,Warangal,57,Tumeric,228,Bulb,0.0,24.78,10009.0,11828.0,11828.0,0.0,0.0
2024-10-03 00:00:00+05:30,246,Warangal,886,Warangal,57,Tumeric,228,Bulb,0.0,0.54,10017.0,10017.0,10017.0,0.0,0.0
2024-10-29 00:00:00+05:30,246,Warangal,886,Warangal,57,Tumeric,228,Bulb,0.0,17.68,5559.0,10837.0,10837.0,0.0,0.0
2024-10-28 00:00:00+05:30,246,Warangal,886,Warangal,57,Tumeric,228,Bulb,0.0,24.93,7029.0,10859.0,10859.0,0.0,0.0
2024-10-01 00:00:00+05:30,246,Warangal,886,Warangal,77,Mosambi,77,Common,0.0,40.0,2500.0,2500.0,2500.0,0.0,0.0
2024-10-02 00:00:00+05:30,246,Warangal,886,Warangal,77,Mosambi,77,Common,0.0,50.0,2000.0,2000.0,2000.0,0.0,0.0
2024-10-05 00:00:00+05:30,246,Warangal,886,Warangal,77,Mosambi,77,Common,0.0,40.0,2500.0,2500.0,2500.0,0.0,0.0
2024-10-09 00:00:00+05:30,246,Warangal,886,Warangal,77,Mosambi,77,Common,0.0,40.0,2500.0,2500.0,2500.0,0.0,0.0
2024-10-21 00:00:00+05:30,246,Warangal,886,Warangal,77,Mosambi,77,Common,0.0,6.0,3000.0,3000.0,3000.0,0.0,0.0
2024-10-29 00:00:00+05:30,246,Warangal,886,Warangal,77,Mosambi,77,Common,0.0,20.0,2000.0,2000.0,2000.0,0.0,0.0
2024-10-21 00:00:00+05:30,246,Warangal,886,Warangal,79,Orange,79,Common,0.0,120.0,1000.0,2000.0,1500.0,0.0,0.0
2024-10-20 00:00:00+05:30,246,Warangal,886,Warangal,79,Orange,79,Common,0.0,210.0,1000.0,2500.0,1500.0,0.0,0.0
2024-10-22 00:00:00+05:30,246,Warangal,886,Warangal,79,Orange,79,Common,0.0,100.0,1000.0,1800.0,1500.0,0.0,0.0
2024-10-18 00:00:00+05:30,246,Warangal,886,Warangal,79,Orange,79,Common,0.0,150.0,1500.0,2500.0,1800.0,0.0,0.0
2024-10-19 00:00:00+05:30,246,Warangal,886,Warangal,79,Orange,79,Common,0.0,60.0,1500.0,2000.0,1750.0,0.0,0.0
2024-10-15 00:00:00+05:30,246,Warangal,886,Warangal,79,Orange,79,Common,0.0,50.0,2000.0,2000.0,2000.0,0.0,0.0
2024-10-14 00:00:00+05:30,246,Warangal,886,Warangal,79,Orange,79,Common,0.0,180.0,1500.0,2500.0,2000.0,0.0,0.0
2024-10-16 00:00:00+05:30,246,Warangal,886,Warangal,79,Orange,79,Common,0.0,210.0,1500.0,2000.0,1750.0,0.0,0.0
2024-10-17 00:00:00+05:30,246,Warangal,886,Warangal,79,Orange,79,Common,0.0,250.0,1500.0,2000.0,1600.0,0.0,0.0
2024-10-09 00:00:00+05:30,246,Warangal,886,Warangal,79,Orange,79,Common,0.0,40.0,1500.0,1500.0,1500.0,0.0,0.0
2024-10-07 00:00:00+05:30,246,Warangal,886,Warangal,79,Orange,79,Common,0.0,160.0,1500.0,2500.0,2000.0,0.0,0.0
2024-10-08 00:00:00+05:30,246,Warangal,886,Warangal,79,Orange,79,Common,0.0,150.0,1500.0,2500.0,2000.0,0.0,0.0
2024-10-05 00:00:00+05:30,246,Warangal,886,Warangal,79,Orange,79,Common,0.0,160.0,1500.0,2000.0,1750.0,0.0,0.0
2024-10-06 00:00:00+05:30,246,Warangal,886,Warangal,79,Orange,79,Common,0.0,40.0,2000.0,2000.0,2000.0,0.0,0.0
2024-10-04 00:00:00+05:30,246,Warangal,886,Warangal,79,Orange,79,Common,0.0,100.0,1500.0,1500.0,1500.0,0.0,0.0
2024-10-02 00:00:00+05:30,246,Warangal,886,Warangal,79,Orange,79,Common,0.0,110.0,2000.0,2000.0,2000.0,0.0,0.0
2024-10-01 00:00:00+05:30,246,Warangal,886,Warangal,79,Orange,79,Common,0.0,100.0,1500.0,3000.0,2250.0,0.0,0.0
2024-10-03 00:00:00+05:30,246,Warangal,886,Warangal,79,Orange,79,Common,0.0,40.0,2000.0,2000.0,2000.0,0.0,0.0
2024-10-24 00:00:00+05:30,246,Warangal,886,Warangal,79,Orange,79,Common,0.0,200.0,1500.0,2000.0,1800.0,0.0,0.0
2024-10-23 00:00:00+05:30,246,Warangal,886,Warangal,79,Orange,79,Common,0.0,180.0,1500.0,2000.0,1800.0,0.0,0.0
2024-10-25 00:00:00+05:30,246,Warangal,886,Warangal,79,Orange,79,Common,0.0,140.0,1500.0,2000.0,1750.0,0.0,0.0
2024-10-26 00:00:00+05:30,246,Warangal,886,Warangal,79,Orange,79,Common,0.0,140.0,1500.0,2000.0,1800.0,0.0,0.0
2024-10-29 00:00:00+05:30,246,Warangal,886,Warangal,79,Orange,79,Common,0.0,80.0,1500.0,2000.0,1800.0,0.0,0.0
2024-10-28 00:00:00+05:30,246,Warangal,886,Warangal,79,Orange,79,Common,0.0,60.0,2000.0,2000.0,2000.0,0.0,0.0
2024-10-27 00:00:00+05:30,246,Warangal,886,Warangal,79,Orange,79,Common,0.0,60.0,2000.0,2000.0,2000.0,0.0,0.0
2024-10-30 00:00:00+05:30,246,Warangal,886,Warangal,79,Orange,79,Common,0.0,190.0,1500.0,2000.0,1800.0,0.0,0.0
2024-10-31 00:00:00+05:30,246,Warangal,886,Warangal,79,Orange,79,Common,0.0,80.0,1500.0,2000.0,1800.0,0.0,0.0
2024-10-01 00:00:00+05:30,246,Warangal,886,Warangal,80,Banana,80,Common,0.0,90.0,2500.0,2500.0,2500.0,0.0,0.0
2024-10-02 00:00:00+05:30,246,Warangal,886,Warangal,80,Banana,80,Common,0.0,45.0,2500.0,2500.0,2500.0,0.0,0.0
2024-10-04 00:00:00+05:30,246,Warangal,886,Warangal,80,Banana,80,Common,0.0,45.0,2500.0,2500.0,2500.0,0.0,0.0
2024-10-17 00:00:00+05:30,246,Warangal,886,Warangal,80,Banana,80,Common,0.0,60.0,2500.0,2500.0,2500.0,0.0,0.0
2024-10-15 00:00:00+05:30,246,Warangal,886,Warangal,80,Banana,80,Common,0.0,60.0,2500.0,2500.0,2500.0,0.0,0.0
2024-10-21 00:00:00+05:30,246,Warangal,886,Warangal,80,Banana,80,Common,0.0,45.0,2500.0,2500.0,2500.0,0.0,0.0
2024-10-30 00:00:00+05:30,246,Warangal,886,Warangal,80,Banana,80,Common,0.0,52.5,3000.0,3000.0,3000.0,0.0,0.0
2024-10-27 00:00:00+05:30,246,Warangal,886,Warangal,80,Banana,80,Common,0.0,60.0,3000.0,3000.0,3000.0,0.0,0.0
2024-10-29 00:00:00+05:30,246,Warangal,886,Warangal,80,Banana,80,Common,0.0,45.0,3000.0,3000.0,3000.0,0.0,0.0
2024-10-21 00:00:00+05:30,246,Warangal,886,Warangal,81,Grapes,296,Black,0.0,20.0,5000.0,5000.0,5000.0,0.0,0.0
2024-10-20 00:00:00+05:30,246,Warangal,886,Warangal,81,Grapes,296,Black,0.0,36.0,4000.0,4000.0,4000.0,0.0,0.0
2024-10-18 00:00:00+05:30,246,Warangal,886,Warangal,81,Grapes,296,Black,0.0,43.5,4000.0,4000.0,4000.0,0.0,0.0
2024-10-14 00:00:00+05:30,246,Warangal,886,Warangal,81,Grapes,296,Black,0.0,87.0,4000.0,5000.0,4500.0,0.0,0.0
2024-10-04 00:00:00+05:30,246,Warangal,886,Warangal,81,Grapes,296,Black,0.0,38.0,5000.0,5000.0,5000.0,0.0,0.0
2024-10-06 00:00:00+05:30,246,Warangal,886,Warangal,81,Grapes,296,Black,0.0,14.0,6000.0,6000.0,6000.0,0.0,0.0
2024-10-05 00:00:00+05:30,246,Warangal,886,Warangal,81,Grapes,296,Black,0.0,20.0,5000.0,5000.0,5000.0,0.0,0.0
2024-10-01 00:00:00+05:30,246,Warangal,886,Warangal,81,Grapes,296,Black,0.0,46.0,5000.0,5000.0,5000.0,0.0,0.0
2024-10-08 00:00:00+05:30,246,Warangal,886,Warangal,81,Grapes,296,Black,0.0,45.0,3000.0,4000.0,3500.0,0.0,0.0
2024-10-07 00:00:00+05:30,246,Warangal,886,Warangal,81,Grapes,296,Black,0.0,38.0,6000.0,6000.0,6000.0,0.0,0.0
2024-10-25 00:00:00+05:30,246,Warangal,886,Warangal,81,Grapes,296,Black,0.0,15.0,5000.0,5000.0,5000.0,0.0,0.0
2024-10-23 00:00:00+05:30,246,Warangal,886,Warangal,81,Grapes,296,Black,0.0,39.0,5000.0,5000.0,5000.0,0.0,0.0
2024-10-29 00:00:00+05:30,246,Warangal,886,Warangal,81,Grapes,296,Black,0.0,35.0,5000.0,5000.0,5000.0,0.0,0.0
2024-10-28 00:00:00+05:30,246,Warangal,886,Warangal,81,Grapes,296,Black,0.0,20.0,5000.0,5000.0,5000.0,0.0,0.0
2024-10-30 00:00:00+05:30,246,Warangal,886,Warangal,81,Grapes,296,Black,0.0,23.0,5000.0,5000.0,5000.0,0.0,0.0
2024-10-31 00:00:00+05:30,246,Warangal,886,Warangal,81,Grapes,296,Black,0.0,20.0,4000.0,4000.0,4000.0,0.0,0.0
2024-10-23 00:00:00+05:30,246,Warangal,886,Warangal,82,Pomegrenates,82,Common,0.0,48.0,10000.0,15000.0,14000.0,0.0,0.0
2024-10-07 00:00:00+05:30,246,Warangal,886,Warangal,82,Pomegrenates,82,Common,0.0,12.5,12000.0,15000.0,14000.0,0.0,0.0
2024-10-01 00:00:00+05:30,246,Warangal,886,Warangal,82,Pomegrenates,82,Common,0.0,17.5,13000.0,15000.0,14000.0,0.0,0.0
2024-10-03 00:00:00+05:30,246,Warangal,886,Warangal,82,Pomegrenates,82,Common,0.0,5.0,13000.0,15000.0,14000.0,0.0,0.0
2024-10-04 00:00:00+05:30,246,Warangal,886,Warangal,82,Pomegrenates,82,Common,0.0,3.0,12000.0,15000.0,14000.0,0.0,0.0
2024-10-14 00:00:00+05:30,246,Warangal,886,Warangal,82,Pomegrenates,82,Common,0.0,18.0,14000.0,20000.0,16000.0,0.0,0.0
2024-10-15 00:00:00+05:30,246,Warangal,886,Warangal,82,Pomegrenates,82,Common,0.0,11.0,14000.0,20000.0,16000.0,0.0,0.0
2024-10-17 00:00:00+05:30,246,Warangal,886,Warangal,82,Pomegrenates,82,Common,0.0,24.5,14000.0,18000.0,16000.0,0.0,0.0
2024-10-16 00:00:00+05:30,246,Warangal,886,Warangal,82,Pomegrenates,82,Common,0.0,8.0,12000.0,15000.0,14000.0,0.0,0.0
2024-10-18 00:00:00+05:30,246,Warangal,886,Warangal,82,Pomegrenates,82,Common,0.0,10.0,15000.0,18000.0,16000.0,0.0,0.0
2024-10-19 00:00:00+05:30,246,Warangal,886,Warangal,82,Pomegrenates,82,Common,0.0,14.0,12000.0,16000.0,14000.0,0.0,0.0
2024-10-21 00:00:00+05:30,246,Warangal,886,Warangal,82,Pomegrenates,82,Common,0.0,20.0,10000.0,15000.0,12000.0,0.0,0.0
2024-10-31 00:00:00+05:30,246,Warangal,886,Warangal,82,Pomegrenates,82,Common,0.0,15.0,10000.0,15000.0,13000.0,0.0,0.0
2024-10-30 00:00:00+05:30,246,Warangal,886,Warangal,82,Pomegrenates,82,Common,0.0,29.0,12000.0,15000.0,14000.0,0.0,0.0
2024-10-28 00:00:00+05:30,246,Warangal,886,Warangal,82,Pomegrenates,82,Common,0.0,81.0,9000.0,15000.0,11000.0,0.0,0.0
2024-10-27 00:00:00+05:30,246,Warangal,886,Warangal,82,Pomegrenates,82,Common,0.0,9.0,10000.0,15000.0,14000.0,0.0,0.0
2024-10-03 00:00:00+05:30,246,Warangal,886,Warangal,85,Musk Melon,85,Common,0.0,20.0,2000.0,2000.0,2000.0,0.0,0.0
2024-10-03 00:00:00+05:30,246,Warangal,886,Warangal,86,Water Melon,86,Common,0.0,10.0,1000.0,1000.0,1000.0,0.0,0.0
2024-10-17 00:00:00+05:30,246,Warangal,886,Warangal,86,Water Melon,86,Common,0.0,20.0,1000.0,1000.0,1000.0,0.0,0.0
2024-10-15 00:00:00+05:30,246,Warangal,886,Warangal,86,Water Melon,86,Common,0.0,10.0,1000.0,1000.0,1000.0,0.0,0.0
2024-10-15 00:00:00+05:30,246,Warangal,886,Warangal,87,Pine apple,87,Common,0.0,10.0,2500.0,2500.0,2500.0,0.0,0.0
2024-10-14 00:00:00+05:30,246,Warangal,886,Warangal,87,Pine apple,87,Common,0.0,30.0,2500.0,2500.0,2500.0,0.0,0.0
2024-10-19 00:00:00+05:30,246,Warangal,886,Warangal,87,Pine apple,87,Common,0.0,10.0,2500.0,2500.0,2500.0,0.0,0.0
2024-10-18 00:00:00+05:30,246,Warangal,886,Warangal,87,Pine apple,87,Common,0.0,10.0,2500.0,2500.0,2500.0,0.0,0.0
2024-10-03 00:00:00+05:30,246,Warangal,886,Warangal,87,Pine apple,87,Common,0.0,20.0,2500.0,2500.0,2500.0,0.0,0.0
2024-10-08 00:00:00+05:30,246,Warangal,886,Warangal,87,Pine apple,87,Common,0.0,10.0,2500.0,2500.0,2500.0,0.0,0.0
2024-10-08 00:00:00+05:30,246,Warangal,886,Warangal,89,Papaya,89,Common,0.0,30.0,2000.0,2000.0,2000.0,0.0,0.0
2024-10-03 00:00:00+05:30,246,Warangal,886,Warangal,89,Papaya,89,Common,0.0,50.0,2000.0,2000.0,2000.0,0.0,0.0
2024-10-02 00:00:00+05:30,246,Warangal,886,Warangal,89,Papaya,89,Common,0.0,80.0,2000.0,2000.0,2000.0,0.0,0.0
2024-10-05 00:00:00+05:30,246,Warangal,886,Warangal,89,Papaya,89,Common,0.0,40.0,2000.0,2000.0,2000.0,0.0,0.0
2024-10-06 00:00:00+05:30,246,Warangal,886,Warangal,89,Papaya,89,Common,0.0,80.0,1500.0,2000.0,1750.0,0.0,0.0
2024-10-19 00:00:00+05:30,246,Warangal,886,Warangal,89,Papaya,89,Common,0.0,70.0,2000.0,2000.0,2000.0,0.0,0.0
2024-10-15 00:00:00+05:30,246,Warangal,886,Warangal,89,Papaya,89,Common,0.0,60.0,1500.0,2000.0,1750.0,0.0,0.0
2024-10-24 00:00:00+05:30,246,Warangal,886,Warangal,89,Papaya,89,Common,0.0,90.0,1500.0,2000.0,1750.0,0.0,0.0
2024-10-23 00:00:00+05:30,246,Warangal,886,Warangal,90,Guava,90,Common,0.0,5.0,10000.0,10000.0,10000.0,0.0,0.0
2024-10-14 00:00:00+05:30,246,Warangal,886,Warangal,90,Guava,90,Common,0.0,8.0,10000.0,10000.0,10000.0,0.0,0.0
2024-10-17 00:00:00+05:30,246,Warangal,886,Warangal,90,Guava,90,Common,0.0,5.0,10000.0,10000.0,10000.0,0.0,0.0
2024-10-03 00:00:00+05:30,246,Warangal,886,Warangal,90,Guava,90,Common,0.0,20.0,10000.0,10000.0,10000.0,0.0,0.0
2024-10-07 00:00:00+05:30,246,Warangal,886,Warangal,90,Guava,90,Common,0.0,4.0,10000.0,10000.0,10000.0,0.0,0.0
2024-10-28 00:00:00+05:30,246,Warangal,886,Warangal,90,Guava,90,Common,0.0,16.0,4500.0,4500.0,4500.0,0.0,0.0
2024-10-29 00:00:00+05:30,246,Warangal,886,Warangal,90,Guava,90,Common,0.0,3.0,10000.0,10000.0,10000.0,0.0,0.0
2024-10-31 00:00:00+05:30,246,Warangal,886,Warangal,90,Guava,90,Common,0.0,5.0,10000.0,10000.0,10000.0,0.0,0.0
2024-10-16 00:00:00+05:30,246,Warangal,886,Warangal,91,Ber,91,Common,0.0,15.0,1800.0,1800.0,1800.0,0.0,0.0
2024-10-21 00:00:00+05:30,246,Warangal,886,Warangal,91,Ber,91,Common,0.0,15.0,1000.0,1000.0,1000.0,0.0,0.0
2024-10-23 00:00:00+05:30,246,Warangal,886,Warangal,91,Ber,91,Common,0.0,4.5,1000.0,1000.0,1000.0,0.0,0.0
2024-10-29 00:00:00+05:30,246,Warangal,886,Warangal,91,Ber,91,Common,0.0,20.0,1600.0,1600.0,1600.0,0.0,0.0
2024-10-23 00:00:00+05:30,246,Warangal,886,Warangal,97,Apple,97,Common,0.0,105.0,10000.0,15000.0,13000.0,0.0,0.0
2024-10-25 00:00:00+05:30,246,Warangal,886,Warangal,97,Apple,97,Common,0.0,91.0,12000.0,15000.0,14000.0,0.0,0.0
2024-10-26 00:00:00+05:30,246,Warangal,886,Warangal,97,Apple,97,Common,0.0,40.0,10000.0,15000.0,12000.0,0.0,0.0
2024-10-21 00:00:00+05:30,246,Warangal,886,Warangal,97,Apple,97,Common,0.0,113.0,10000.0,15000.0,14000.0,0.0,0.0
2024-10-22 00:00:00+05:30,246,Warangal,886,Warangal,97,Apple,97,Common,0.0,57.0,10000.0,15000.0,14000.0,0.0,0.0
2024-10-19 00:00:00+05:30,246,Warangal,886,Warangal,97,Apple,97,Common,0.0,80.5,11000.0,15000.0,13000.0,0.0,0.0
2024-10-18 00:00:00+05:30,246,Warangal,886,Warangal,97,Apple,97,Common,0.0,93.0,12000.0,15000.0,14000.0,0.0,0.0
2024-10-16 00:00:00+05:30,246,Warangal,886,Warangal,97,Apple,97,Common,0.0,90.0,10000.0,15000.0,14000.0,0.0,0.0
2024-10-17 00:00:00+05:30,246,Warangal,886,Warangal,97,Apple,97,Common,0.0,92.0,12000.0,15000.0,14000.0,0.0,0.0
2024-10-14 00:00:00+05:30,246,Warangal,886,Warangal,97,Apple,97,Common,0.0,100.0,12000.0,15000.0,14000.0,0.0,0.0
2024-10-15 00:00:00+05:30,246,Warangal,886,Warangal,97,Apple,97,Common,0.0,67.5,12000.0,15000.0,13000.0,0.0,0.0
2024-10-09 00:00:00+05:30,246,Warangal,886,Warangal,97,Apple,97,Common,0.0,105.0,12000.0,15000.0,14000.0,0.0,0.0
2024-10-01 00:00:00+05:30,246,Warangal,886,Warangal,97,Apple,97,Common,0.0,105.0,13000.0,15000.0,14000.0,0.0,0.0
2024-10-04 00:00:00+05:30,246,Warangal,886,Warangal,97,Apple,97,Common,0.0,45.0,12000.0,15000.0,14000.0,0.0,0.0
2024-10-28 00:00:00+05:30,246,Warangal,886,Warangal,97,Apple,97,Common,0.0,44.0,8000.0,14000.0,10000.0,0.0,0.0
2024-10-27 00:00:00+05:30,246,Warangal,886,Warangal,97,Apple,97,Common,0.0,114.5,10000.0,15000.0,14000.0,0.0,0.0
2024-10-31 00:00:00+05:30,246,Warangal,886,Warangal,97,Apple,97,Common,0.0,105.0,12000.0,15000.0,14000.0,0.0,0.0
2024-10-30 00:00:00+05:30,246,Warangal,886,Warangal,97,Apple,97,Common,0.0,93.5,10000.0,15000.0,14000.0,0.0,0.0
2024-10-04 00:00:00+05:30,246,Warangal,886,Warangal,98,Cabbage,98,Common,0.0,65.0,1600.0,2000.0,1800.0,0.0,0.0
2024-10-06 00:00:00+05:30,246,Warangal,886,Warangal,98,Cabbage,98,Common,0.0,78.0,1600.0,2000.0,1800.0,0.0,0.0
2024-10-05 00:00:00+05:30,246,Warangal,886,Warangal,98,Cabbage,98,Common,0.0,78.0,1600.0,2000.0,1800.0,0.0,0.0
2024-10-01 00:00:00+05:30,246,Warangal,886,Warangal,98,Cabbage,98,Common,0.0,80.0,1600.0,2000.0,1800.0,0.0,0.0
2024-10-02 00:00:00+05:30,246,Warangal,886,Warangal,98,Cabbage,98,Common,0.0,85.0,1600.0,2000.0,1800.0,0.0,0.0
2024-10-09 00:00:00+05:30,246,Warangal,886,Warangal,98,Cabbage,98,Common,0.0,68.0,1600.0,2000.0,1800.0,0.0,0.0
2024-10-10 00:00:00+05:30,246,Warangal,886,Warangal,98,Cabbage,98,Common,0.0,69.0,1600.0,2000.0,1800.0,0.0,0.0
2024-10-11 00:00:00+05:30,246,Warangal,886,Warangal,98,Cabbage,98,Common,0.0,51.0,1600.0,2000.0,1800.0,0.0,0.0
2024-10-07 00:00:00+05:30,246,Warangal,886,Warangal,98,Cabbage,98,Common,0.0,76.0,1600.0,2000.0,1800.0,0.0,0.0
2024-10-08 00:00:00+05:30,246,Warangal,886,Warangal,98,Cabbage,98,Common,0.0,69.0,1600.0,2000.0,1800.0,0.0,0.0
2024-10-15 00:00:00+05:30,246,Warangal,886,Warangal,98,Cabbage,98,Common,0.0,68.0,1600.0,2000.0,1800.0,0.0,0.0
2024-10-14 00:00:00+05:30,246,Warangal,886,Warangal,98,Cabbage,98,Common,0.0,27.0,2000.0,2400.0,2200.0,0.0,0.0
2024-10-13 00:00:00+05:30,246,Warangal,886,Warangal,98,Cabbage,98,Common,0.0,5.0,2000.0,2400.0,2200.0,0.0,0.0
2024-10-12 00:00:00+05:30,246,Warangal,886,Warangal,98,Cabbage,98,Common,0.0,18.0,1600.0,2000.0,1800.0,0.0,0.0
2024-10-17 00:00:00+05:30,246,Warangal,886,Warangal,98,Cabbage,98,Common,0.0,59.0,1600.0,2000.0,1800.0,0.0,0.0
2024-10-16 00:00:00+05:30,246,Warangal,886,Warangal,98,Cabbage,98,Common,0.0,66.0,1600.0,2000.0,1800.0,0.0,0.0
2024-10-18 00:00:00+05:30,246,Warangal,886,Warangal,98,Cabbage,98,Common,0.0,68.0,1600.0,2000.0,1800.0,0.0,0.0
2024-10-19 00:00:00+05:30,246,Warangal,886,Warangal,98,Cabbage,98,Common,0.0,72.0,1600.0,2000.0,1800.0,0.0,0.0
2024-10-22 00:00:00+05:30,246,Warangal,886,Warangal,98,Cabbage,98,Common,0.0,71.0,2000.0,2400.0,2200.0,0.0,0.0
2024-10-21 00:00:00+05:30,246,Warangal,886,Warangal,98,Cabbage,98,Common,0.0,64.0,2000.0,2400.0,2200.0,0.0,0.0
2024-10-20 00:00:00+05:30,246,Warangal,886,Warangal,98,Cabbage,98,Common,0.0,47.0,1600.0,2000.0,1800.0,0.0,0.0
2024-10-26 00:00:00+05:30,246,Warangal,886,Warangal,98,Cabbage,98,Common,0.0,72.0,2200.0,2500.0,2350.0,0.0,0.0
2024-10-25 00:00:00+05:30,246,Warangal,886,Warangal,98,Cabbage,98,Common,0.0,81.0,2000.0,2400.0,2200.0,0.0,0.0
2024-10-23 00:00:00+05:30,246,Warangal,886,Warangal,98,Cabbage,98,Common,0.0,62.0,2200.0,2500.0,2350.0,0.0,0.0
2024-10-24 00:00:00+05:30,246,Warangal,886,Warangal,98,Cabbage,98,Common,0.0,63.0,1600.0,2000.0,1800.0,0.0,0.0
2024-10-30 00:00:00+05:30,246,Warangal,886,Warangal,98,Cabbage,98,Common,0.0,77.0,2200.0,2600.0,2400.0,0.0,0.0
2024-10-31 00:00:00+05:30,246,Warangal,886,Warangal,98,Cabbage,98,Common,0.0,85.0,2200.0,2600.0,2400.0,0.0,0.0
2024-10-27 00:00:00+05:30,246,Warangal,886,Warangal,98,Cabbage,98,Common,0.0,72.0,2000.0,2400.0,2200.0,0.0,0.0
2024-10-28 00:00:00+05:30,246,Warangal,886,Warangal,98,Cabbage,98,Common,0.0,59.0,2200.0,2600.0,2400.0,0.0,0.0
2024-10-29 00:00:00+05:30,246,Warangal,886,Warangal,98,Cabbage,98,Common,0.0,59.0,2200.0,2600.0,2400.0,0.0,0.0
2024-10-24 00:00:00+05:30,246,Warangal,886,Warangal,99,Cauliflower,99,Common,0.0,4.0,5500.0,6000.0,5750.0,0.0,0.0
2024-10-23 00:00:00+05:30,246,Warangal,886,Warangal,99,Cauliflower,99,Common,0.0,5.0,2500.0,3000.0,2750.0,0.0,0.0
2024-10-20 00:00:00+05:30,246,Warangal,886,Warangal,99,Cauliflower,99,Common,0.0,8.0,4500.0,5000.0,4700.0,0.0,0.0
2024-10-22 00:00:00+05:30,246,Warangal,886,Warangal,99,Cauliflower,99,Common,0.0,20.0,5500.0,6000.0,5750.0,0.0,0.0
2024-10-18 00:00:00+05:30,246,Warangal,886,Warangal,99,Cauliflower,99,Common,0.0,9.0,3500.0,4000.0,3750.0,0.0,0.0
2024-10-16 00:00:00+05:30,246,Warangal,886,Warangal,99,Cauliflower,99,Common,0.0,1.0,2500.0,3000.0,2750.0,0.0,0.0
2024-10-17 00:00:00+05:30,246,Warangal,886,Warangal,99,Cauliflower,99,Common,0.0,8.0,2500.0,3000.0,2750.0,0.0,0.0
2024-10-14 00:00:00+05:30,246,Warangal,886,Warangal,99,Cauliflower,99,Common,0.0,2.0,4000.0,4500.0,4250.0,0.0,0.0
2024-10-15 00:00:00+05:30,246,Warangal,886,Warangal,99,Cauliflower,99,Common,0.0,5.0,2500.0,3000.0,2750.0,0.0,0.0
2024-10-08 00:00:00+05:30,246,Warangal,886,Warangal,99,Cauliflower,99,Common,0.0,6.0,2500.0,3000.0,2750.0,0.0,0.0
2024-10-07 00:00:00+05:30,246,Warangal,886,Warangal,99,Cauliflower,99,Common,0.0,5.0,3500.0,4000.0,3750.0,0.0,0.0
2024-10-11 00:00:00+05:30,246,Warangal,886,Warangal,99,Cauliflower,99,Common,0.0,6.0,2500.0,3000.0,2250.0,0.0,0.0
2024-10-10 00:00:00+05:30,246,Warangal,886,Warangal,99,Cauliflower,99,Common,0.0,8.0,3500.0,4000.0,3750.0,0.0,0.0
2024-10-09 00:00:00+05:30,246,Warangal,886,Warangal,99,Cauliflower,99,Common,0.0,6.0,3500.0,4000.0,3750.0,0.0,0.0
2024-10-02 00:00:00+05:30,246,Warangal,886,Warangal,99,Cauliflower,99,Common,0.0,6.0,3500.0,4000.0,3750.0,0.0,0.0
2024-10-01 00:00:00+05:30,246,Warangal,886,Warangal,99,Cauliflower,99,Common,0.0,4.0,3500.0,4000.0,3750.0,0.0,0.0
2024-10-03 00:00:00+05:30,246,Warangal,886,Warangal,99,Cauliflower,99,Common,0.0,2.0,2200.0,2500.0,2350.0,0.0,0.0
2024-10-05 00:00:00+05:30,246,Warangal,886,Warangal,99,Cauliflower,99,Common,0.0,4.0,3500.0,4000.0,3750.0,0.0,0.0
2024-10-06 00:00:00+05:30,246,Warangal,886,Warangal,99,Cauliflower,99,Common,0.0,8.0,3600.0,4000.0,3800.0,0.0,0.0
2024-10-04 00:00:00+05:30,246,Warangal,886,Warangal,99,Cauliflower,99,Common,0.0,5.0,3500.0,4000.0,3750.0,0.0,0.0
2024-10-27 00:00:00+05:30,246,Warangal,886,Warangal,99,Cauliflower,99,Common,0.0,3.0,5500.0,6000.0,5750.0,0.0,0.0
2024-10-04 00:00:00+05:30,246,Warangal,886,Warangal,101,Beet Root,101,Common,0.0,15.0,2500.0,3000.0,2750.0,0.0,0.0
2024-10-06 00:00:00+05:30,246,Warangal,886,Warangal,101,Beet Root,101,Common,0.0,20.0,2600.0,3000.0,2800.0,0.0,0.0
2024-10-05 00:00:00+05:30,246,Warangal,886,Warangal,101,Beet Root,101,Common,0.0,18.0,2600.0,3000.0,2800.0,0.0,0.0
2024-10-01 00:00:00+05:30,246,Warangal,886,Warangal,101,Beet Root,101,Common,0.0,17.0,2600.0,3000.0,2800.0,0.0,0.0
2024-10-02 00:00:00+05:30,246,Warangal,886,Warangal,101,Beet Root,101,Common,0.0,19.0,2600.0,3000.0,2800.0,0.0,0.0
2024-10-09 00:00:00+05:30,246,Warangal,886,Warangal,101,Beet Root,101,Common,0.0,17.0,2600.0,3000.0,2800.0,0.0,0.0
2024-10-10 00:00:00+05:30,246,Warangal,886,Warangal,101,Beet Root,101,Common,0.0,12.0,2600.0,3000.0,2800.0,0.0,0.0
2024-10-11 00:00:00+05:30,246,Warangal,886,Warangal,101,Beet Root,101,Common,0.0,13.0,2200.0,2500.0,2350.0,0.0,0.0
2024-10-07 00:00:00+05:30,246,Warangal,886,Warangal,101,Beet Root,101,Common,0.0,18.0,2600.0,3000.0,2800.0,0.0,0.0
2024-10-08 00:00:00+05:30,246,Warangal,886,Warangal,101,Beet Root,101,Common,0.0,16.0,2500.0,3000.0,2750.0,0.0,0.0
2024-10-15 00:00:00+05:30,246,Warangal,886,Warangal,101,Beet Root,101,Common,0.0,17.0,3500.0,4000.0,3750.0,0.0,0.0
2024-10-14 00:00:00+05:30,246,Warangal,886,Warangal,101,Beet Root,101,Common,0.0,14.0,3000.0,3500.0,3250.0,0.0,0.0
2024-10-13 00:00:00+05:30,246,Warangal,886,Warangal,101,Beet Root,101,Common,0.0,2.0,2600.0,3000.0,2800.0,0.0,0.0
2024-10-17 00:00:00+05:30,246,Warangal,886,Warangal,101,Beet Root,101,Common,0.0,16.0,2500.0,3000.0,2750.0,0.0,0.0
2024-10-16 00:00:00+05:30,246,Warangal,886,Warangal,101,Beet Root,101,Common,0.0,14.0,2200.0,2500.0,2350.0,0.0,0.0
2024-10-18 00:00:00+05:30,246,Warangal,886,Warangal,101,Beet Root,101,Common,0.0,18.0,2500.0,3000.0,2750.0,0.0,0.0
2024-10-19 00:00:00+05:30,246,Warangal,886,Warangal,101,Beet Root,101,Common,0.0,19.0,2500.0,3000.0,2750.0,0.0,0.0
2024-10-22 00:00:00+05:30,246,Warangal,886,Warangal,101,Beet Root,101,Common,0.0,20.0,3000.0,3500.0,3250.0,0.0,0.0
2024-10-20 00:00:00+05:30,246,Warangal,886,Warangal,101,Beet Root,101,Common,0.0,18.0,3000.0,3400.0,3200.0,0.0,0.0
2024-10-21 00:00:00+05:30,246,Warangal,886,Warangal,101,Beet Root,101,Common,0.0,14.0,2500.0,3000.0,2750.0,0.0,0.0
2024-10-23 00:00:00+05:30,246,Warangal,886,Warangal,101,Beet Root,101,Common,0.0,18.0,2500.0,3000.0,2750.0,0.0,0.0
2024-10-24 00:00:00+05:30,246,Warangal,886,Warangal,101,Beet Root,101,Common,0.0,19.0,2500.0,3000.0,2750.0,0.0,0.0
2024-10-25 00:00:00+05:30,246,Warangal,886,Warangal,101,Beet Root,101,Common,0.0,16.0,2600.0,3000.0,2800.0,0.0,0.0
2024-10-26 00:00:00+05:30,246,Warangal,886,Warangal,101,Beet Root,101,Common,0.0,12.0,2500.0,3000.0,2750.0,0.0,0.0
2024-10-27 00:00:00+05:30,246,Warangal,886,Warangal,101,Beet Root,101,Common,0.0,18.0,3200.0,3600.0,3400.0,0.0,0.0
2024-10-29 00:00:00+05:30,246,Warangal,886,Warangal,101,Beet Root,101,Common,0.0,18.0,2600.0,3000.0,2800.0,0.0,0.0
2024-10-28 00:00:00+05:30,246,Warangal,886,Warangal,101,Beet Root,101,Common,0.0,16.0,2500.0,3000.0,2750.0,0.0,0.0
2024-10-31 00:00:00+05:30,246,Warangal,886,Warangal,101,Beet Root,101,Common,0.0,19.0,2500.0,3000.0,2750.0,0.0,0.0
2024-10-30 00:00:00+05:30,246,Warangal,886,Warangal,101,Beet Root,101,Common,0.0,18.0,3000.0,3500.0,3250.0,0.0,0.0
2024-10-26 00:00:00+05:30,246,Warangal,886,Warangal,103,Carrot,103,Common,0.0,48.0,3000.0,3600.0,3300.0,0.0,0.0
2024-10-25 00:00:00+05:30,246,Warangal,886,Warangal,103,Carrot,103,Common,0.0,58.0,4000.0,4500.0,4250.0,0.0,0.0
2024-10-24 00:00:00+05:30,246,Warangal,886,Warangal,103,Carrot,103,Common,0.0,52.0,4500.0,5000.0,4750.0,0.0,0.0
2024-10-23 00:00:00+05:30,246,Warangal,886,Warangal,103,Carrot,103,Common,0.0,39.0,3500.0,4000.0,3750.0,0.0,0.0
2024-10-21 00:00:00+05:30,246,Warangal,886,Warangal,103,Carrot,103,Common,0.0,52.0,4500.0,5000.0,4750.0,0.0,0.0
2024-10-20 00:00:00+05:30,246,Warangal,886,Warangal,103,Carrot,103,Common,0.0,41.0,3500.0,4000.0,3750.0,0.0,0.0
2024-10-22 00:00:00+05:30,246,Warangal,886,Warangal,103,Carrot,103,Common,0.0,68.0,4500.0,5000.0,4750.0,0.0,0.0
2024-10-19 00:00:00+05:30,246,Warangal,886,Warangal,103,Carrot,103,Common,0.0,55.0,3500.0,4000.0,3750.0,0.0,0.0
2024-10-18 00:00:00+05:30,246,Warangal,886,Warangal,103,Carrot,103,Common,0.0,52.0,3500.0,4000.0,3750.0,0.0,0.0
2024-10-16 00:00:00+05:30,246,Warangal,886,Warangal,103,Carrot,103,Common,0.0,35.0,3000.0,3500.0,3250.0,0.0,0.0
2024-10-17 00:00:00+05:30,246,Warangal,886,Warangal,103,Carrot,103,Common,0.0,42.0,3500.0,4000.0,3750.0,0.0,0.0
2024-10-13 00:00:00+05:30,246,Warangal,886,Warangal,103,Carrot,103,Common,0.0,16.0,4500.0,5000.0,4750.0,0.0,0.0
2024-10-14 00:00:00+05:30,246,Warangal,886,Warangal,103,Carrot,103,Common,0.0,37.0,4500.0,5000.0,4750.0,0.0,0.0
2024-10-15 00:00:00+05:30,246,Warangal,886,Warangal,103,Carrot,103,Common,0.0,52.0,4000.0,4500.0,4250.0,0.0,0.0
2024-10-08 00:00:00+05:30,246,Warangal,886,Warangal,103,Carrot,103,Common,0.0,42.0,3500.0,4000.0,3750.0,0.0,0.0
2024-10-07 00:00:00+05:30,246,Warangal,886,Warangal,103,Carrot,103,Common,0.0,62.0,3600.0,4000.0,3800.0,0.0,0.0
2024-10-11 00:00:00+05:30,246,Warangal,886,Warangal,103,Carrot,103,Common,0.0,36.0,3500.0,4500.0,4000.0,0.0,0.0
2024-10-10 00:00:00+05:30,246,Warangal,886,Warangal,103,Carrot,103,Common,0.0,35.0,4000.0,4500.0,4250.0,0.0,0.0
2024-10-09 00:00:00+05:30,246,Warangal,886,Warangal,103,Carrot,103,Common,0.0,59.0,4000.0,4500.0,4250.0,0.0,0.0
2024-10-02 00:00:00+05:30,246,Warangal,886,Warangal,103,Carrot,103,Common,0.0,62.0,4000.0,4500.0,4250.0,0.0,0.0
2024-10-01 00:00:00+05:30,246,Warangal,886,Warangal,103,Carrot,103,Common,0.0,48.0,3500.0,4000.0,3750.0,0.0,0.0
2024-10-05 00:00:00+05:30,246,Warangal,886,Warangal,103,Carrot,103,Common,0.0,54.0,3500.0,4000.0,3750.0,0.0,0.0
2024-10-06 00:00:00+05:30,246,Warangal,886,Warangal,103,Carrot,103,Common,0.0,55.0,4000.0,4500.0,4250.0,0.0,0.0
2024-10-04 00:00:00+05:30,246,Warangal,886,Warangal,103,Carrot,103,Common,0.0,47.0,4000.0,4500.0,4250.0,0.0,0.0
2024-10-30 00:00:00+05:30,246,Warangal,886,Warangal,103,Carrot,103,Common,0.0,59.0,4500.0,5000.0,4750.0,0.0,0.0
2024-10-31 00:00:00+05:30,246,Warangal,886,Warangal,103,Carrot,103,Common,0.0,72.0,3500.0,4000.0,3750.0,0.0,0.0
2024-10-28 00:00:00+05:30,246,Warangal,886,Warangal,103,Carrot,103,Common,0.0,55.0,3000.0,3600.0,3300.0,0.0,0.0
2024-10-29 00:00:00+05:30,246,Warangal,886,Warangal,103,Carrot,103,Common,0.0,63.0,4500.0,5000.0,4750.0,0.0,0.0
2024-10-27 00:00:00+05:30,246,Warangal,886,Warangal,103,Carrot,103,Common,0.0,59.0,4500.0,5000.0,4750.0,0.0,0.0
2024-10-04 00:00:00+05:30,246,Warangal,886,Warangal,105,Potato,105,Common,0.0,40.0,3000.0,3500.0,3250.0,0.0,0.0
2024-10-06 00:00:00+05:30,246,Warangal,886,Warangal,105,Potato,105,Common,0.0,38.0,2600.0,3000.0,2800.0,0.0,0.0
2024-10-05 00:00:00+05:30,246,Warangal,886,Warangal,105,Potato,105,Common,0.0,47.0,3000.0,3400.0,3200.0,0.0,0.0
2024-10-01 00:00:00+05:30,246,Warangal,886,Warangal,105,Potato,105,Common,0.0,40.0,3000.0,3200.0,3100.0,0.0,0.0
2024-10-02 00:00:00+05:30,246,Warangal,886,Warangal,105,Potato,105,Common,0.0,40.0,3000.0,3500.0,3250.0,0.0,0.0
2024-10-03 00:00:00+05:30,246,Warangal,886,Warangal,105,Potato,105,Common,0.0,38.0,3000.0,3500.0,3250.0,0.0,0.0
2024-10-09 00:00:00+05:30,246,Warangal,886,Warangal,105,Potato,105,Common,0.0,30.0,3000.0,3500.0,3250.0,0.0,0.0
2024-10-10 00:00:00+05:30,246,Warangal,886,Warangal,105,Potato,105,Common,0.0,32.0,2600.0,3000.0,2800.0,0.0,0.0
2024-10-11 00:00:00+05:30,246,Warangal,886,Warangal,105,Potato,105,Common,0.0,30.0,3000.0,3600.0,3250.0,0.0,0.0
2024-10-07 00:00:00+05:30,246,Warangal,886,Warangal,105,Potato,105,Common,0.0,40.0,3000.0,3400.0,3200.0,0.0,0.0
2024-10-08 00:00:00+05:30,246,Warangal,886,Warangal,105,Potato,105,Common,0.0,35.0,3000.0,3600.0,3300.0,0.0,0.0
2024-10-15 00:00:00+05:30,246,Warangal,886,Warangal,105,Potato,105,Common,0.0,35.0,3000.0,3500.0,3250.0,0.0,0.0
2024-10-14 00:00:00+05:30,246,Warangal,886,Warangal,105,Potato,105,Common,0.0,30.0,2600.0,3000.0,2800.0,0.0,0.0
2024-10-13 00:00:00+05:30,246,Warangal,886,Warangal,105,Potato,105,Common,0.0,16.0,2600.0,3000.0,2800.0,0.0,0.0
2024-10-12 00:00:00+05:30,246,Warangal,886,Warangal,105,Potato,105,Common,0.0,6.0,3000.0,3500.0,3250.0,0.0,0.0
2024-10-17 00:00:00+05:30,246,Warangal,886,Warangal,105,Potato,105,Common,0.0,32.0,3000.0,3500.0,3250.0,0.0,0.0
2024-10-16 00:00:00+05:30,246,Warangal,886,Warangal,105,Potato,105,Common,0.0,32.0,3000.0,3500.0,3250.0,0.0,0.0
2024-10-18 00:00:00+05:30,246,Warangal,886,Warangal,105,Potato,105,Common,0.0,36.0,3000.0,3500.0,3250.0,0.0,0.0
2024-10-19 00:00:00+05:30,246,Warangal,886,Warangal,105,Potato,105,Common,0.0,30.0,3000.0,3600.0,3300.0,0.0,0.0
2024-10-22 00:00:00+05:30,246,Warangal,886,Warangal,105,Potato,105,Common,0.0,34.0,2600.0,3000.0,2800.0,0.0,0.0
2024-10-20 00:00:00+05:30,246,Warangal,886,Warangal,105,Potato,105,Common,0.0,32.0,2500.0,3000.0,2750.0,0.0,0.0
2024-10-21 00:00:00+05:30,246,Warangal,886,Warangal,105,Potato,105,Common,0.0,30.0,2500.0,3000.0,2750.0,0.0,0.0
2024-10-23 00:00:00+05:30,246,Warangal,886,Warangal,105,Potato,105,Common,0.0,34.0,3200.0,3600.0,3400.0,0.0,0.0
2024-10-24 00:00:00+05:30,246,Warangal,886,Warangal,105,Potato,105,Common,0.0,30.0,3000.0,3400.0,3200.0,0.0,0.0
2024-10-25 00:00:00+05:30,246,Warangal,886,Warangal,105,Potato,105,Common,0.0,32.0,2600.0,3000.0,2800.0,0.0,0.0
2024-10-26 00:00:00+05:30,246,Warangal,886,Warangal,105,Potato,105,Common,0.0,34.0,3200.0,3500.0,3350.0,0.0,0.0
2024-10-27 00:00:00+05:30,246,Warangal,886,Warangal,105,Potato,105,Common,0.0,30.0,2500.0,3000.0,2750.0,0.0,0.0
2024-10-29 00:00:00+05:30,246,Warangal,886,Warangal,105,Potato,105,Common,0.0,32.0,3000.0,3600.0,3300.0,0.0,0.0
2024-10-28 00:00:00+05:30,246,Warangal,886,Warangal,105,Potato,105,Common,0.0,30.0,3200.0,3600.0,3400.0,0.0,0.0
2024-10-31 00:00:00+05:30,246,Warangal,886,Warangal,105,Potato,105,Common,0.0,36.0,3200.0,3600.0,3400.0,0.0,0.0
2024-10-30 00:00:00+05:30,246,Warangal,886,Warangal,105,Potato,105,Common,0.0,34.0,2600.0,3000.0,2800.0,0.0,0.0
2024-10-26 00:00:00+05:30,246,Warangal,886,Warangal,106,ColaCasio(Arvi),106,Common,0.0,12.0,3500.0,4000.0,3750.0,0.0,0.0
2024-10-25 00:00:00+05:30,246,Warangal,886,Warangal,106,ColaCasio(Arvi),106,Common,0.0,10.0,3500.0,4000.0,3750.0,0.0,0.0
2024-10-24 00:00:00+05:30,246,Warangal,886,Warangal,106,ColaCasio(Arvi),106,Common,0.0,16.0,3500.0,4000.0,3750.0,0.0,0.0
2024-10-23 00:00:00+05:30,246,Warangal,886,Warangal,106,ColaCasio(Arvi),106,Common,0.0,14.0,3500.0,4000.0,3750.0,0.0,0.0
2024-10-21 00:00:00+05:30,246,Warangal,886,Warangal,106,ColaCasio(Arvi),106,Common,0.0,14.0,3500.0,4000.0,3750.0,0.0,0.0
2024-10-20 00:00:00+05:30,246,Warangal,886,Warangal,106,ColaCasio(Arvi),106,Common,0.0,15.0,3500.0,4000.0,3750.0,0.0,0.0
2024-10-22 00:00:00+05:30,246,Warangal,886,Warangal,106,ColaCasio(Arvi),106,Common,0.0,19.0,4000.0,450.0,4250.0,0.0,0.0
2024-10-19 00:00:00+05:30,246,Warangal,886,Warangal,106,ColaCasio(Arvi),106,Common,0.0,13.0,3500.0,4000.0,3750.0,0.0,0.0
2024-10-18 00:00:00+05:30,246,Warangal,886,Warangal,106,ColaCasio(Arvi),106,Common,0.0,12.0,3500.0,4000.0,3750.0,0.0,0.0
2024-10-16 00:00:00+05:30,246,Warangal,886,Warangal,106,ColaCasio(Arvi),106,Common,0.0,12.0,3500.0,4000.0,3750.0,0.0,0.0
2024-10-17 00:00:00+05:30,246,Warangal,886,Warangal,106,ColaCasio(Arvi),106,Common,0.0,13.0,3500.0,4000.0,3750.0,0.0,0.0
2024-10-13 00:00:00+05:30,246,Warangal,886,Warangal,106,ColaCasio(Arvi),106,Common,0.0,1.0,3500.0,4000.0,3750.0,0.0,0.0
2024-10-14 00:00:00+05:30,246,Warangal,886,Warangal,106,ColaCasio(Arvi),106,Common,0.0,5.0,3500.0,4000.0,3750.0,0.0,0.0
2024-10-15 00:00:00+05:30,246,Warangal,886,Warangal,106,ColaCasio(Arvi),106,Common,0.0,17.0,3500.0,4000.0,3750.0,0.0,0.0
2024-10-08 00:00:00+05:30,246,Warangal,886,Warangal,106,ColaCasio(Arvi),106,Common,0.0,9.0,3500.0,4000.0,3750.0,0.0,0.0
2024-10-07 00:00:00+05:30,246,Warangal,886,Warangal,106,ColaCasio(Arvi),106,Common,0.0,13.0,2000.0,2400.0,2200.0,0.0,0.0
2024-10-11 00:00:00+05:30,246,Warangal,886,Warangal,106,ColaCasio(Arvi),106,Common,0.0,9.0,3500.0,4000.0,3750.0,0.0,0.0
2024-10-10 00:00:00+05:30,246,Warangal,886,Warangal,106,ColaCasio(Arvi),106,Common,0.0,12.0,3500.0,4000.0,3750.0,0.0,0.0
2024-10-09 00:00:00+05:30,246,Warangal,886,Warangal,106,ColaCasio(Arvi),106,Common,0.0,10.0,3500.0,4000.0,3750.0,0.0,0.0
2024-10-02 00:00:00+05:30,246,Warangal,886,Warangal,106,ColaCasio(Arvi),106,Common,0.0,18.0,3500.0,4000.0,3750.0,0.0,0.0
2024-10-01 00:00:00+05:30,246,Warangal,886,Warangal,106,ColaCasio(Arvi),106,Common,0.0,13.0,3500.0,4000.0,3750.0,0.0,0.0
2024-10-05 00:00:00+05:30,246,Warangal,886,Warangal,106,ColaCasio(Arvi),106,Common,0.0,10.0,3500.0,4000.0,3750.0,0.0,0.0
2024-10-06 00:00:00+05:30,246,Warangal,886,Warangal,106,ColaCasio(Arvi),106,Common,0.0,13.0,3500.0,4000.0,3750.0,0.0,0.0
2024-10-04 00:00:00+05:30,246,Warangal,886,Warangal,106,ColaCasio(Arvi),106,Common,0.0,13.0,3500.0,4000.0,3750.0,0.0,0.0
2024-10-30 00:00:00+05:30,246,Warangal,886,Warangal,106,ColaCasio(Arvi),106,Common,0.0,9.0,3500.0,4000.0,3750.0,0.0,0.0
2024-10-31 00:00:00+05:30,246,Warangal,886,Warangal,106,ColaCasio(Arvi),106,Common,0.0,16.0,3500.0,4000.0,3750.0,0.0,0.0
2024-10-28 00:00:00+05:30,246,Warangal,886,Warangal,106,ColaCasio(Arvi),106,Common,0.0,12.0,3500.0,4000.0,3750.0,0.0,0.0
2024-10-29 00:00:00+05:30,246,Warangal,886,Warangal,106,ColaCasio(Arvi),106,Common,0.0,16.0,3500.0,4000.0,3750.0,0.0,0.0
2024-10-27 00:00:00+05:30,246,Warangal,886,Warangal,106,ColaCasio(Arvi),106,Common,0.0,11.0,3500.0,400.0,3750.0,0.0,0.0
2024-10-04 00:00:00+05:30,246,Warangal,886,Warangal,108,Yam,108,Common,0.0,1.0,5500.0,6000.0,5750.0,0.0,0.0
2024-10-06 00:00:00+05:30,246,Warangal,886,Warangal,108,Yam,108,Common,0.0,1.0,5500.0,6000.0,5750.0,0.0,0.0
2024-10-05 00:00:00+05:30,246,Warangal,886,Warangal,108,Yam,108,Common,0.0,1.0,5500.0,6000.0,5750.0,0.0,0.0
2024-10-02 00:00:00+05:30,246,Warangal,886,Warangal,108,Yam,108,Common,0.0,2.0,5500.0,6000.0,5750.0,0.0,0.0
2024-10-09 00:00:00+05:30,246,Warangal,886,Warangal,108,Yam,108,Common,0.0,1.0,5500.0,6000.0,5750.0,0.0,0.0
2024-10-10 00:00:00+05:30,246,Warangal,886,Warangal,108,Yam,108,Common,0.0,1.0,5500.0,6000.0,5750.0,0.0,0.0
2024-10-11 00:00:00+05:30,246,Warangal,886,Warangal,108,Yam,108,Common,0.0,1.0,4500.0,5000.0,4750.0,0.0,0.0
2024-10-08 00:00:00+05:30,246,Warangal,886,Warangal,108,Yam,108,Common,0.0,1.0,5500.0,6000.0,5750.0,0.0,0.0
2024-10-15 00:00:00+05:30,246,Warangal,886,Warangal,108,Yam,108,Common,0.0,1.0,4500.0,5000.0,4750.0,0.0,0.0
2024-10-12 00:00:00+05:30,246,Warangal,886,Warangal,108,Yam,108,Common,0.0,1.0,5500.0,6000.0,5750.0,0.0,0.0
2024-10-22 00:00:00+05:30,246,Warangal,886,Warangal,108,Yam,108,Common,0.0,1.0,7500.0,8000.0,7250.0,0.0,0.0
2024-10-20 00:00:00+05:30,246,Warangal,886,Warangal,108,Yam,108,Common,0.0,2.0,6500.0,7000.0,6750.0,0.0,0.0
2024-10-23 00:00:00+05:30,246,Warangal,886,Warangal,108,Yam,108,Common,0.0,2.0,5500.0,6000.0,5750.0,0.0,0.0
2024-10-24 00:00:00+05:30,246,Warangal,886,Warangal,108,Yam,108,Common,0.0,1.0,7500.0,8000.0,7750.0,0.0,0.0
2024-10-25 00:00:00+05:30,246,Warangal,886,Warangal,108,Yam,108,Common,0.0,1.0,6500.0,7000.0,6750.0,0.0,0.0
2024-10-27 00:00:00+05:30,246,Warangal,886,Warangal,108,Yam,108,Common,0.0,1.0,7500.0,8000.0,7750.0,0.0,0.0
2024-10-29 00:00:00+05:30,246,Warangal,886,Warangal,108,Yam,108,Common,0.0,3.0,6500.0,7000.0,6750.0,0.0,0.0
2024-10-31 00:00:00+05:30,246,Warangal,886,Warangal,108,Yam,108,Common,0.0,2.0,4500.0,5000.0,4750.0,0.0,0.0
2024-10-30 00:00:00+05:30,246,Warangal,886,Warangal,108,Yam,108,Common,0.0,2.0,6500.0,7000.0,6750.0,0.0,0.0
2024-10-25 00:00:00+05:30,246,Warangal,886,Warangal,111,Brinjal,111,Common,0.0,40.0,2600.0,3000.0,2800.0,0.0,0.0
2024-10-26 00:00:00+05:30,246,Warangal,886,Warangal,111,Brinjal,111,Common,0.0,41.0,4000.0,4500.0,4250.0,0.0,0.0
2024-10-24 00:00:00+05:30,246,Warangal,886,Warangal,111,Brinjal,111,Common,0.0,12.0,2500.0,3000.0,2750.0,0.0,0.0
2024-10-23 00:00:00+05:30,246,Warangal,886,Warangal,111,Brinjal,111,Common,0.0,31.0,3500.0,4000.0,3750.0,0.0,0.0
2024-10-20 00:00:00+05:30,246,Warangal,886,Warangal,111,Brinjal,111,Common,0.0,17.0,2500.0,3000.0,2750.0,0.0,0.0
2024-10-21 00:00:00+05:30,246,Warangal,886,Warangal,111,Brinjal,111,Common,0.0,23.0,2500.0,3000.0,2750.0,0.0,0.0
2024-10-22 00:00:00+05:30,246,Warangal,886,Warangal,111,Brinjal,111,Common,0.0,43.0,3200.0,3600.0,3400.0,0.0,0.0
2024-10-18 00:00:00+05:30,246,Warangal,886,Warangal,111,Brinjal,111,Common,0.0,28.0,2500.0,3000.0,2750.0,0.0,0.0
2024-10-19 00:00:00+05:30,246,Warangal,886,Warangal,111,Brinjal,111,Common,0.0,20.0,3500.0,4000.0,3750.0,0.0,0.0
2024-10-15 00:00:00+05:30,246,Warangal,886,Warangal,111,Brinjal,111,Common,0.0,53.0,3000.0,3500.0,3250.0,0.0,0.0
2024-10-14 00:00:00+05:30,246,Warangal,886,Warangal,111,Brinjal,111,Common,0.0,22.0,2000.0,2400.0,2200.0,0.0,0.0
2024-10-17 00:00:00+05:30,246,Warangal,886,Warangal,111,Brinjal,111,Common,0.0,10.0,3000.0,3500.0,3250.0,0.0,0.0
2024-10-16 00:00:00+05:30,246,Warangal,886,Warangal,111,Brinjal,111,Common,0.0,62.0,2500.0,3000.0,2750.0,0.0,0.0
2024-10-08 00:00:00+05:30,246,Warangal,886,Warangal,111,Brinjal,111,Common,0.0,12.0,2500.0,3000.0,2750.0,0.0,0.0
2024-10-07 00:00:00+05:30,246,Warangal,886,Warangal,111,Brinjal,111,Common,0.0,45.0,2600.0,3000.0,2800.0,0.0,0.0
2024-10-11 00:00:00+05:30,246,Warangal,886,Warangal,111,Brinjal,111,Common,0.0,2.0,2500.0,3000.0,2750.0,0.0,0.0
2024-10-10 00:00:00+05:30,246,Warangal,886,Warangal,111,Brinjal,111,Common,0.0,21.0,2600.0,3000.0,2800.0,0.0,0.0
2024-10-09 00:00:00+05:30,246,Warangal,886,Warangal,111,Brinjal,111,Common,0.0,15.0,2000.0,2400.0,2200.0,0.0,0.0
2024-10-02 00:00:00+05:30,246,Warangal,886,Warangal,111,Brinjal,111,Common,0.0,27.0,2200.0,2400.0,2300.0,0.0,0.0
2024-10-01 00:00:00+05:30,246,Warangal,886,Warangal,111,Brinjal,111,Common,0.0,20.0,2600.0,3000.0,2800.0,0.0,0.0
2024-10-03 00:00:00+05:30,246,Warangal,886,Warangal,111,Brinjal,111,Common,0.0,16.0,2500.0,3000.0,2750.0,0.0,0.0
2024-10-05 00:00:00+05:30,246,Warangal,886,Warangal,111,Brinjal,111,Common,0.0,20.0,2500.0,3000.0,2750.0,0.0,0.0
2024-10-06 00:00:00+05:30,246,Warangal,886,Warangal,111,Brinjal,111,Common,0.0,33.0,2600.0,3000.0,2800.0,0.0,0.0
2024-10-04 00:00:00+05:30,246,Warangal,886,Warangal,111,Brinjal,111,Common,0.0,42.0,2000.0,2400.0,2200.0,0.0,0.0
2024-10-30 00:00:00+05:30,246,Warangal,886,Warangal,111,Brinjal,111,Common,0.0,42.0,3500.0,4000.0,3750.0,0.0,0.0
2024-10-31 00:00:00+05:30,246,Warangal,886,Warangal,111,Brinjal,111,Common,0.0,50.0,2600.0,3000.0,2400.0,0.0,0.0
2024-10-29 00:00:00+05:30,246,Warangal,886,Warangal,111,Brinjal,111,Common,0.0,23.0,3500.0,4000.0,3750.0,0.0,0.0
2024-10-28 00:00:00+05:30,246,Warangal,886,Warangal,111,Brinjal,111,Common,0.0,6.0,3500.0,4000.0,3750.0,0.0,0.0
2024-10-27 00:00:00+05:30,246,Warangal,886,Warangal,111,Brinjal,111,Common,0.0,24.0,3500.0,4000.0,3750.0,0.0,0.0
2024-10-04 00:00:00+05:30,246,Warangal,886,Warangal,112,Ladys Finger,112,Common,0.0,8.0,200.0,2400.0,2200.0,0.0,0.0
2024-10-06 00:00:00+05:30,246,Warangal,886,Warangal,112,Ladys Finger,112,Common,0.0,13.0,2000.0,2400.0,2200.0,0.0,0.0
2024-10-05 00:00:00+05:30,246,Warangal,886,Warangal,112,Ladys Finger,112,Common,0.0,22.0,2600.0,3000.0,2800.0,0.0,0.0
2024-10-03 00:00:00+05:30,246,Warangal,886,Warangal,112,Ladys Finger,112,Common,0.0,20.0,1600.0,2000.0,1800.0,0.0,0.0
2024-10-01 00:00:00+05:30,246,Warangal,886,Warangal,112,Ladys Finger,112,Common,0.0,20.0,2000.0,2400.0,2200.0,0.0,0.0
2024-10-02 00:00:00+05:30,246,Warangal,886,Warangal,112,Ladys Finger,112,Common,0.0,8.0,2000.0,2400.0,2200.0,0.0,0.0
2024-10-09 00:00:00+05:30,246,Warangal,886,Warangal,112,Ladys Finger,112,Common,0.0,15.0,2600.0,3000.0,2800.0,0.0,0.0
2024-10-10 00:00:00+05:30,246,Warangal,886,Warangal,112,Ladys Finger,112,Common,0.0,13.0,2000.0,2400.0,2200.0,0.0,0.0
2024-10-11 00:00:00+05:30,246,Warangal,886,Warangal,112,Ladys Finger,112,Common,0.0,5.0,2200.0,2500.0,2350.0,0.0,0.0
2024-10-07 00:00:00+05:30,246,Warangal,886,Warangal,112,Ladys Finger,112,Common,0.0,13.0,2200.0,2600.0,2400.0,0.0,0.0
2024-10-08 00:00:00+05:30,246,Warangal,886,Warangal,112,Ladys Finger,112,Common,0.0,10.0,1600.0,2000.0,1800.0,0.0,0.0
2024-10-16 00:00:00+05:30,246,Warangal,886,Warangal,112,Ladys Finger,112,Common,0.0,14.0,2600.0,3000.0,2800.0,0.0,0.0
2024-10-17 00:00:00+05:30,246,Warangal,886,Warangal,112,Ladys Finger,112,Common,0.0,8.0,2500.0,3000.0,2750.0,0.0,0.0
2024-10-14 00:00:00+05:30,246,Warangal,886,Warangal,112,Ladys Finger,112,Common,0.0,10.0,1600.0,2000.0,1800.0,0.0,0.0
2024-10-15 00:00:00+05:30,246,Warangal,886,Warangal,112,Ladys Finger,112,Common,0.0,10.0,2200.0,2500.0,2350.0,0.0,0.0
2024-10-12 00:00:00+05:30,246,Warangal,886,Warangal,112,Ladys Finger,112,Common,0.0,5.0,2500.0,3000.0,2750.0,0.0,0.0
2024-10-19 00:00:00+05:30,246,Warangal,886,Warangal,112,Ladys Finger,112,Common,0.0,12.0,2500.0,3000.0,2750.0,0.0,0.0
2024-10-18 00:00:00+05:30,246,Warangal,886,Warangal,112,Ladys Finger,112,Common,0.0,12.0,2500.0,3000.0,2750.0,0.0,0.0
2024-10-22 00:00:00+05:30,246,Warangal,886,Warangal,112,Ladys Finger,112,Common,0.0,8.0,3500.0,4000.0,3750.0,0.0,0.0
2024-10-21 00:00:00+05:30,246,Warangal,886,Warangal,112,Ladys Finger,112,Common,0.0,12.0,3000.0,3500.0,3250.0,0.0,0.0
2024-10-20 00:00:00+05:30,246,Warangal,886,Warangal,112,Ladys Finger,112,Common,0.0,10.0,2500.0,3000.0,2750.0,0.0,0.0
2024-10-23 00:00:00+05:30,246,Warangal,886,Warangal,112,Ladys Finger,112,Common,0.0,7.0,2500.0,3000.0,2750.0,0.0,0.0
2024-10-24 00:00:00+05:30,246,Warangal,886,Warangal,112,Ladys Finger,112,Common,0.0,5.0,3500.0,4000.0,3750.0,0.0,0.0
2024-10-26 00:00:00+05:30,246,Warangal,886,Warangal,112,Ladys Finger,112,Common,0.0,6.0,3500.0,4000.0,3750.0,0.0,0.0
2024-10-25 00:00:00+05:30,246,Warangal,886,Warangal,112,Ladys Finger,112,Common,0.0,9.0,4500.0,5000.0,4750.0,0.0,0.0
2024-10-27 00:00:00+05:30,246,Warangal,886,Warangal,112,Ladys Finger,112,Common,0.0,5.0,5000.0,5500.0,5750.0,0.0,0.0
2024-10-28 00:00:00+05:30,246,Warangal,886,Warangal,112,Ladys Finger,112,Common,0.0,5.0,4500.0,5000.0,4750.0,0.0,0.0
2024-10-29 00:00:00+05:30,246,Warangal,886,Warangal,112,Ladys Finger,112,Common,0.0,8.0,5500.0,6000.0,5750.0,0.0,0.0
2024-10-31 00:00:00+05:30,246,Warangal,886,Warangal,112,Ladys Finger,112,Common,0.0,5.0,5500.0,6000.0,5750.0,0.0,0.0
2024-10-30 00:00:00+05:30,246,Warangal,886,Warangal,112,Ladys Finger,112,Common,0.0,12.0,5500.0,6000.0,5750.0,0.0,0.0
2024-10-25 00:00:00+05:30,246,Warangal,886,Warangal,113,Green Chillies,113,Common,0.0,320.0,3500.0,4000.0,3750.0,0.0,0.0
2024-10-26 00:00:00+05:30,246,Warangal,886,Warangal,113,Green Chillies,113,Common,0.0,340.0,4500.0,5000.0,4750.0,0.0,0.0
2024-10-24 00:00:00+05:30,246,Warangal,886,Warangal,113,Green Chillies,113,Common,0.0,290.0,4500.0,5000.0,5500.0,0.0,0.0
2024-10-23 00:00:00+05:30,246,Warangal,886,Warangal,113,Green Chillies,113,Common,0.0,280.0,5500.0,6000.0,5750.0,0.0,0.0
2024-10-20 00:00:00+05:30,246,Warangal,886,Warangal,113,Green Chillies,113,Common,0.0,330.0,3500.0,4000.0,3750.0,0.0,0.0
2024-10-21 00:00:00+05:30,246,Warangal,886,Warangal,113,Green Chillies,113,Common,0.0,250.0,4500.0,5000.0,4750.0,0.0,0.0
2024-10-22 00:00:00+05:30,246,Warangal,886,Warangal,113,Green Chillies,113,Common,0.0,310.0,5500.0,6000.0,5750.0,0.0,0.0
2024-10-18 00:00:00+05:30,246,Warangal,886,Warangal,113,Green Chillies,113,Common,0.0,270.0,2500.0,3000.0,2750.0,0.0,0.0
2024-10-19 00:00:00+05:30,246,Warangal,886,Warangal,113,Green Chillies,113,Common,0.0,270.0,2500.0,3000.0,2750.0,0.0,0.0
2024-10-12 00:00:00+05:30,246,Warangal,886,Warangal,113,Green Chillies,113,Common,0.0,50.0,4500.0,5000.0,4750.0,0.0,0.0
2024-10-13 00:00:00+05:30,246,Warangal,886,Warangal,113,Green Chillies,113,Common,0.0,150.0,2500.0,3000.0,2750.0,0.0,0.0
2024-10-15 00:00:00+05:30,246,Warangal,886,Warangal,113,Green Chillies,113,Common,0.0,300.0,3000.0,3500.0,3250.0,0.0,0.0
2024-10-14 00:00:00+05:30,246,Warangal,886,Warangal,113,Green Chillies,113,Common,0.0,200.0,4500.0,5000.0,4750.0,0.0,0.0
2024-10-17 00:00:00+05:30,246,Warangal,886,Warangal,113,Green Chillies,113,Common,0.0,300.0,2500.0,3000.0,2750.0,0.0,0.0
2024-10-16 00:00:00+05:30,246,Warangal,886,Warangal,113,Green Chillies,113,Common,0.0,260.0,2500.0,3000.0,2750.0,0.0,0.0
2024-10-08 00:00:00+05:30,246,Warangal,886,Warangal,113,Green Chillies,113,Common,0.0,320.0,1600.0,2000.0,1800.0,0.0,0.0
2024-10-07 00:00:00+05:30,246,Warangal,886,Warangal,113,Green Chillies,113,Common,0.0,320.0,2000.0,2400.0,2200.0,0.0,0.0
2024-10-11 00:00:00+05:30,246,Warangal,886,Warangal,113,Green Chillies,113,Common,0.0,280.0,2500.0,3000.0,2750.0,0.0,0.0
2024-10-10 00:00:00+05:30,246,Warangal,886,Warangal,113,Green Chillies,113,Common,0.0,340.0,1600.0,2000.0,1800.0,0.0,0.0
2024-10-09 00:00:00+05:30,246,Warangal,886,Warangal,113,Green Chillies,113,Common,0.0,330.0,1600.0,2000.0,1800.0,0.0,0.0
2024-10-02 00:00:00+05:30,246,Warangal,886,Warangal,113,Green Chillies,113,Common,0.0,360.0,1600.0,2000.0,1800.0,0.0,0.0
2024-10-01 00:00:00+05:30,246,Warangal,886,Warangal,113,Green Chillies,113,Common,0.0,340.0,1600.0,2000.0,1800.0,0.0,0.0
2024-10-03 00:00:00+05:30,246,Warangal,886,Warangal,113,Green Chillies,113,Common,0.0,350.0,1600.0,2000.0,1800.0,0.0,0.0
2024-10-05 00:00:00+05:30,246,Warangal,886,Warangal,113,Green Chillies,113,Common,0.0,260.0,1600.0,2000.0,1800.0,0.0,0.0
2024-10-06 00:00:00+05:30,246,Warangal,886,Warangal,113,Green Chillies,113,Common,0.0,320.0,2000.0,2400.0,2200.0,0.0,0.0
2024-10-04 00:00:00+05:30,246,Warangal,886,Warangal,113,Green Chillies,113,Common,0.0,250.0,1600.0,2000.0,1800.0,0.0,0.0
2024-10-30 00:00:00+05:30,246,Warangal,886,Warangal,113,Green Chillies,113,Common,0.0,290.0,4000.0,4500.0,4250.0,0.0,0.0
2024-10-31 00:00:00+05:30,246,Warangal,886,Warangal,113,Green Chillies,113,Common,0.0,280.0,4500.0,5000.0,4750.0,0.0,0.0
2024-10-29 00:00:00+05:30,246,Warangal,886,Warangal,113,Green Chillies,113,Common,0.0,200.0,4000.0,4500.0,4250.0,0.0,0.0
2024-10-28 00:00:00+05:30,246,Warangal,886,Warangal,113,Green Chillies,113,Common,0.0,300.0,3500.0,4000.0,3750.0,0.0,0.0
2024-10-27 00:00:00+05:30,246,Warangal,886,Warangal,113,Green Chillies,113,Common,0.0,310.0,3000.0,3500.0,3250.0,0.0,0.0
2024-10-04 00:00:00+05:30,246,Warangal,886,Warangal,114,Tomato,197,Local,0.0,340.0,3500.0,4000.0,3750.0,0.0,0.0
2024-10-06 00:00:00+05:30,246,Warangal,886,Warangal,114,Tomato,197,Local,0.0,260.0,4500.0,5000.0,4750.0,0.0,0.0
2024-10-05 00:00:00+05:30,246,Warangal,886,Warangal,114,Tomato,197,Local,0.0,320.0,3500.0,4000.0,3750.0,0.0,0.0
2024-10-03 00:00:00+05:30,246,Warangal,886,Warangal,114,Tomato,197,Local,0.0,310.0,2500.0,3000.0,2750.0,0.0,0.0
2024-10-01 00:00:00+05:30,246,Warangal,886,Warangal,114,Tomato,197,Local,0.0,280.0,3500.0,4000.0,3750.0,0.0,0.0
2024-10-02 00:00:00+05:30,246,Warangal,886,Warangal,114,Tomato,197,Local,0.0,280.0,3500.0,4000.0,3750.0,0.0,0.0
2024-10-09 00:00:00+05:30,246,Warangal,886,Warangal,114,Tomato,197,Local,0.0,280.0,4500.0,5000.0,4750.0,0.0,0.0
2024-10-10 00:00:00+05:30,246,Warangal,886,Warangal,114,Tomato,197,Local,0.0,240.0,3500.0,4000.0,3750.0,0.0,0.0
2024-10-11 00:00:00+05:30,246,Warangal,886,Warangal,114,Tomato,197,Local,0.0,200.0,4500.0,5000.0,4750.0,0.0,0.0
2024-10-07 00:00:00+05:30,246,Warangal,886,Warangal,114,Tomato,197,Local,0.0,260.0,4500.0,5000.0,4750.0,0.0,0.0
2024-10-08 00:00:00+05:30,246,Warangal,886,Warangal,114,Tomato,197,Local,0.0,240.0,4500.0,5000.0,4750.0,0.0,0.0
2024-10-16 00:00:00+05:30,246,Warangal,886,Warangal,114,Tomato,197,Local,0.0,290.0,2500.0,3000.0,2750.0,0.0,0.0
2024-10-17 00:00:00+05:30,246,Warangal,886,Warangal,114,Tomato,197,Local,0.0,220.0,3500.0,4000.0,3750.0,0.0,0.0
2024-10-14 00:00:00+05:30,246,Warangal,886,Warangal,114,Tomato,197,Local,0.0,220.0,3500.0,4000.0,3750.0,0.0,0.0
2024-10-15 00:00:00+05:30,246,Warangal,886,Warangal,114,Tomato,197,Local,0.0,320.0,3500.0,4000.0,3750.0,0.0,0.0
2024-10-13 00:00:00+05:30,246,Warangal,886,Warangal,114,Tomato,197,Local,0.0,90.0,3500.0,4000.0,3750.0,0.0,0.0
2024-10-12 00:00:00+05:30,246,Warangal,886,Warangal,114,Tomato,197,Local,0.0,70.0,4500.0,5000.0,4750.0,0.0,0.0
2024-10-19 00:00:00+05:30,246,Warangal,886,Warangal,114,Tomato,197,Local,0.0,3000.0,4500.0,5000.0,4750.0,0.0,0.0
2024-10-18 00:00:00+05:30,246,Warangal,886,Warangal,114,Tomato,197,Local,0.0,240.0,3500.0,4000.0,3750.0,0.0,0.0
2024-10-22 00:00:00+05:30,246,Warangal,886,Warangal,114,Tomato,197,Local,0.0,280.0,4500.0,5000.0,4750.0,0.0,0.0
2024-10-21 00:00:00+05:30,246,Warangal,886,Warangal,114,Tomato,197,Local,0.0,280.0,2500.0,3000.0,2750.0,0.0,0.0
2024-10-20 00:00:00+05:30,246,Warangal,886,Warangal,114,Tomato,197,Local,0.0,320.0,2500.0,3000.0,2750.0,0.0,0.0
2024-10-23 00:00:00+05:30,246,Warangal,886,Warangal,114,Tomato,197,Local,0.0,300.0,3500.0,4000.0,3750.0,0.0,0.0
2024-10-24 00:00:00+05:30,246,Warangal,886,Warangal,114,Tomato,197,Local,0.0,350.0,3000.0,3500.0,3250.0,0.0,0.0
2024-10-26 00:00:00+05:30,246,Warangal,886,Warangal,114,Tomato,197,Local,0.0,320.0,2500.0,3000.0,2750.0,0.0,0.0
2024-10-25 00:00:00+05:30,246,Warangal,886,Warangal,114,Tomato,197,Local,0.0,290.0,3000.0,3500.0,3250.0,0.0,0.0
2024-10-27 00:00:00+05:30,246,Warangal,886,Warangal,114,Tomato,197,Local,0.0,340.0,2500.0,3000.0,2750.0,0.0,0.0
2024-10-28 00:00:00+05:30,246,Warangal,886,Warangal,114,Tomato,197,Local,0.0,290.0,2500.0,3000.0,2750.0,0.0,0.0
2024-10-29 00:00:00+05:30,246,Warangal,886,Warangal,114,Tomato,197,Local,0.0,220.0,3000.0,3500.0,3250.0,0.0,0.0
2024-10-31 00:00:00+05:30,246,Warangal,886,Warangal,114,Tomato,197,Local,0.0,340.0,2500.0,3000.0,2750.0,0.0,0.0
2024-10-30 00:00:00+05:30,246,Warangal,886,Warangal,114,Tomato,197,Local,0.0,320.0,3000.0,3500.0,3250.0,0.0,0.0
2024-10-25 00:00:00+05:30,246,Warangal,886,Warangal,116,French Beans,116,Common,0.0,8.0,11000.0,12000.0,11500.0,0.0,0.0
2024-10-26 00:00:00+05:30,246,Warangal,886,Warangal,116,French Beans,116,Common,0.0,9.0,11000.0,12000.0,11500.0,0.0,0.0
2024-10-24 00:00:00+05:30,246,Warangal,886,Warangal,116,French Beans,116,Common,0.0,11.0,11000.0,12000.0,1150.0,0.0,0.0
2024-10-23 00:00:00+05:30,246,Warangal,886,Warangal,116,French Beans,116,Common,0.0,12.0,13000.0,14000.0,13500.0,0.0,0.0
2024-10-20 00:00:00+05:30,246,Warangal,886,Warangal,116,French Beans,116,Common,0.0,12.0,7500.0,8000.0,7750.0,0.0,0.0
2024-10-21 00:00:00+05:30,246,Warangal,886,Warangal,116,French Beans,116,Common,0.0,10.0,7500.0,8000.0,7750.0,0.0,0.0
2024-10-22 00:00:00+05:30,246,Warangal,886,Warangal,116,French Beans,116,Common,0.0,14.0,7500.0,8000.0,7750.0,0.0,0.0
2024-10-18 00:00:00+05:30,246,Warangal,886,Warangal,116,French Beans,116,Common,0.0,7.0,11000.0,12000.0,11500.0,0.0,0.0
2024-10-19 00:00:00+05:30,246,Warangal,886,Warangal,116,French Beans,116,Common,0.0,3.0,11000.0,12000.0,11500.0,0.0,0.0
2024-10-13 00:00:00+05:30,246,Warangal,886,Warangal,116,French Beans,116,Common,0.0,2.0,7500.0,8000.0,7750.0,0.0,0.0
2024-10-15 00:00:00+05:30,246,Warangal,886,Warangal,116,French Beans,116,Common,0.0,11.0,7500.0,8000.0,7750.0,0.0,0.0
2024-10-14 00:00:00+05:30,246,Warangal,886,Warangal,116,French Beans,116,Common,0.0,8.0,7500.0,8000.0,7750.0,0.0,0.0
2024-10-17 00:00:00+05:30,246,Warangal,886,Warangal,116,French Beans,116,Common,0.0,12.0,9000.0,10000.0,9500.0,0.0,0.0
2024-10-16 00:00:00+05:30,246,Warangal,886,Warangal,116,French Beans,116,Common,0.0,7.0,8500.0,9000.0,8750.0,0.0,0.0
2024-10-08 00:00:00+05:30,246,Warangal,886,Warangal,116,French Beans,116,Common,0.0,8.0,7500.0,8000.0,7750.0,0.0,0.0
2024-10-07 00:00:00+05:30,246,Warangal,886,Warangal,116,French Beans,116,Common,0.0,12.0,7500.0,8000.0,7750.0,0.0,0.0
2024-10-11 00:00:00+05:30,246,Warangal,886,Warangal,116,French Beans,116,Common,0.0,6.0,8500.0,9000.0,8750.0,0.0,0.0
2024-10-10 00:00:00+05:30,246,Warangal,886,Warangal,116,French Beans,116,Common,0.0,9.0,7500.0,8000.0,7750.0,0.0,0.0
2024-10-09 00:00:00+05:30,246,Warangal,886,Warangal,116,French Beans,116,Common,0.0,9.0,7500.0,8000.0,7750.0,0.0,0.0
2024-10-02 00:00:00+05:30,246,Warangal,886,Warangal,116,French Beans,116,Common,0.0,12.0,7500.0,8000.0,7750.0,0.0,0.0
2024-10-01 00:00:00+05:30,246,Warangal,886,Warangal,116,French Beans,116,Common,0.0,10.0,7500.0,8000.0,7750.0,0.0,0.0
2024-10-05 00:00:00+05:30,246,Warangal,886,Warangal,116,French Beans,116,Common,0.0,11.0,7500.0,8000.0,7750.0,0.0,0.0
2024-10-06 00:00:00+05:30,246,Warangal,886,Warangal,116,French Beans,116,Common,0.0,12.0,7500.0,8000.0,7750.0,0.0,0.0
2024-10-04 00:00:00+05:30,246,Warangal,886,Warangal,116,French Beans,116,Common,0.0,9.0,6500.0,7000.0,6750.0,0.0,0.0
2024-10-30 00:00:00+05:30,246,Warangal,886,Warangal,116,French Beans,116,Common,0.0,5.0,11000.0,12000.0,11500.0,0.0,0.0
2024-10-31 00:00:00+05:30,246,Warangal,886,Warangal,116,French Beans,116,Common,0.0,18.0,11000.0,12000.0,11500.0,0.0,0.0
2024-10-29 00:00:00+05:30,246,Warangal,886,Warangal,116,French Beans,116,Common,0.0,12.0,13000.0,14000.0,13500.0,0.0,0.0
2024-10-28 00:00:00+05:30,246,Warangal,886,Warangal,116,French Beans,116,Common,0.0,9.0,7500.0,8000.0,7750.0,0.0,0.0
2024-10-27 00:00:00+05:30,246,Warangal,886,Warangal,116,French Beans,116,Common,0.0,12.0,11000.0,12000.0,11500.0,0.0,0.0
2024-10-04 00:00:00+05:30,246,Warangal,886,Warangal,117,Cluster Beans,117,Common,0.0,32.0,3000.0,3500.0,3250.0,0.0,0.0
2024-10-06 00:00:00+05:30,246,Warangal,886,Warangal,117,Cluster Beans,117,Common,0.0,10.0,3500.0,4000.0,3750.0,0.0,0.0
2024-10-05 00:00:00+05:30,246,Warangal,886,Warangal,117,Cluster Beans,117,Common,0.0,23.0,3500.0,4000.0,3750.0,0.0,0.0
2024-10-01 00:00:00+05:30,246,Warangal,886,Warangal,117,Cluster Beans,117,Common,0.0,21.0,3500.0,4000.0,3750.0,0.0,0.0
2024-10-02 00:00:00+05:30,246,Warangal,886,Warangal,117,Cluster Beans,117,Common,0.0,10.0,3500.0,4000.0,3750.0,0.0,0.0
2024-10-03 00:00:00+05:30,246,Warangal,886,Warangal,117,Cluster Beans,117,Common,0.0,16.0,3500.0,4000.0,3750.0,0.0,0.0
2024-10-09 00:00:00+05:30,246,Warangal,886,Warangal,117,Cluster Beans,117,Common,0.0,23.0,3500.0,4000.0,3750.0,0.0,0.0
2024-10-10 00:00:00+05:30,246,Warangal,886,Warangal,117,Cluster Beans,117,Common,0.0,15.0,3500.0,4000.0,3750.0,0.0,0.0
2024-10-07 00:00:00+05:30,246,Warangal,886,Warangal,117,Cluster Beans,117,Common,0.0,18.0,3500.0,4000.0,3750.0,0.0,0.0
2024-10-08 00:00:00+05:30,246,Warangal,886,Warangal,117,Cluster Beans,117,Common,0.0,25.0,2500.0,3000.0,2750.0,0.0,0.0
2024-10-16 00:00:00+05:30,246,Warangal,886,Warangal,117,Cluster Beans,117,Common,0.0,13.0,4000.0,4500.0,4250.0,0.0,0.0
2024-10-17 00:00:00+05:30,246,Warangal,886,Warangal,117,Cluster Beans,117,Common,0.0,18.0,3500.0,4000.0,3750.0,0.0,0.0
2024-10-14 00:00:00+05:30,246,Warangal,886,Warangal,117,Cluster Beans,117,Common,0.0,7.0,3500.0,4000.0,3750.0,0.0,0.0
2024-10-15 00:00:00+05:30,246,Warangal,886,Warangal,117,Cluster Beans,117,Common,0.0,10.0,2200.0,2500.0,2350.0,0.0,0.0
2024-10-19 00:00:00+05:30,246,Warangal,886,Warangal,117,Cluster Beans,117,Common,0.0,5.0,3500.0,4000.0,3750.0,0.0,0.0
2024-10-18 00:00:00+05:30,246,Warangal,886,Warangal,117,Cluster Beans,117,Common,0.0,20.0,2500.0,3000.0,2750.0,0.0,0.0
2024-10-21 00:00:00+05:30,246,Warangal,886,Warangal,117,Cluster Beans,117,Common,0.0,10.0,3500.0,4000.0,3750.0,0.0,0.0
2024-10-20 00:00:00+05:30,246,Warangal,886,Warangal,117,Cluster Beans,117,Common,0.0,20.0,3500.0,4000.0,3750.0,0.0,0.0
2024-10-23 00:00:00+05:30,246,Warangal,886,Warangal,117,Cluster Beans,117,Common,0.0,5.0,4500.0,5000.0,4750.0,0.0,0.0
2024-10-24 00:00:00+05:30,246,Warangal,886,Warangal,117,Cluster Beans,117,Common,0.0,10.0,4000.0,4500.0,4250.0,0.0,0.0
2024-10-26 00:00:00+05:30,246,Warangal,886,Warangal,117,Cluster Beans,117,Common,0.0,26.0,5500.0,6000.0,5750.0,0.0,0.0
2024-10-25 00:00:00+05:30,246,Warangal,886,Warangal,117,Cluster Beans,117,Common,0.0,9.0,4500.0,5000.0,4750.0,0.0,0.0
2024-10-27 00:00:00+05:30,246,Warangal,886,Warangal,117,Cluster Beans,117,Common,0.0,15.0,4500.0,5000.0,4750.0,0.0,0.0
2024-10-28 00:00:00+05:30,246,Warangal,886,Warangal,117,Cluster Beans,117,Common,0.0,12.0,4500.0,5000.0,4750.0,0.0,0.0
2024-10-29 00:00:00+05:30,246,Warangal,886,Warangal,117,Cluster Beans,117,Common,0.0,5.0,4500.0,5000.0,4750.0,0.0,0.0
2024-10-31 00:00:00+05:30,246,Warangal,886,Warangal,117,Cluster Beans,117,Common,0.0,20.0,4500.0,5000.0,4750.0,0.0,0.0
2024-10-30 00:00:00+05:30,246,Warangal,886,Warangal,117,Cluster Beans,117,Common,0.0,12.0,4500.0,5000.0,4250.0,0.0,0.0
2024-10-25 00:00:00+05:30,246,Warangal,886,Warangal,118,Field Beans,118,Common,0.0,35.0,7500.0,8000.0,7750.0,0.0,0.0
2024-10-26 00:00:00+05:30,246,Warangal,886,Warangal,118,Field Beans,118,Common,0.0,36.0,7500.0,8000.0,7750.0,0.0,0.0
2024-10-24 00:00:00+05:30,246,Warangal,886,Warangal,118,Field Beans,118,Common,0.0,38.0,6500.0,7000.0,6750.0,0.0,0.0
2024-10-23 00:00:00+05:30,246,Warangal,886,Warangal,118,Field Beans,118,Common,0.0,44.0,5500.0,6000.0,5750.0,0.0,0.0
2024-10-20 00:00:00+05:30,246,Warangal,886,Warangal,118,Field Beans,118,Common,0.0,50.0,5500.0,6000.0,5750.0,0.0,0.0
2024-10-21 00:00:00+05:30,246,Warangal,886,Warangal,118,Field Beans,118,Common,0.0,45.0,6500.0,7000.0,6750.0,0.0,0.0
2024-10-22 00:00:00+05:30,246,Warangal,886,Warangal,118,Field Beans,118,Common,0.0,50.0,7500.0,8000.0,7750.0,0.0,0.0
2024-10-18 00:00:00+05:30,246,Warangal,886,Warangal,118,Field Beans,118,Common,0.0,35.0,4500.0,5000.0,4750.0,0.0,0.0
2024-10-19 00:00:00+05:30,246,Warangal,886,Warangal,118,Field Beans,118,Common,0.0,40.0,5500.0,6000.0,5750.0,0.0,0.0
2024-10-15 00:00:00+05:30,246,Warangal,886,Warangal,118,Field Beans,118,Common,0.0,43.0,5500.0,6000.0,5750.0,0.0,0.0
2024-10-14 00:00:00+05:30,246,Warangal,886,Warangal,118,Field Beans,118,Common,0.0,16.0,5500.0,6000.0,5750.0,0.0,0.0
2024-10-17 00:00:00+05:30,246,Warangal,886,Warangal,118,Field Beans,118,Common,0.0,17.0,4500.0,5000.0,4750.0,0.0,0.0
2024-10-16 00:00:00+05:30,246,Warangal,886,Warangal,118,Field Beans,118,Common,0.0,57.0,4500.0,5000.0,4750.0,0.0,0.0
2024-10-08 00:00:00+05:30,246,Warangal,886,Warangal,118,Field Beans,118,Common,0.0,50.0,3500.0,4000.0,3750.0,0.0,0.0
2024-10-07 00:00:00+05:30,246,Warangal,886,Warangal,118,Field Beans,118,Common,0.0,60.0,4500.0,5000.0,4750.0,0.0,0.0
2024-10-10 00:00:00+05:30,246,Warangal,886,Warangal,118,Field Beans,118,Common,0.0,48.0,4500.0,5000.0,4750.0,0.0,0.0
2024-10-09 00:00:00+05:30,246,Warangal,886,Warangal,118,Field Beans,118,Common,0.0,58.0,4500.0,5000.0,4750.0,0.0,0.0
2024-10-11 00:00:00+05:30,246,Warangal,886,Warangal,118,Field Beans,118,Common,0.0,18.0,4500.0,5000.0,4750.0,0.0,0.0
2024-10-03 00:00:00+05:30,246,Warangal,886,Warangal,118,Field Beans,118,Common,0.0,40.0,4500.0,5000.0,4750.0,0.0,0.0
2024-10-02 00:00:00+05:30,246,Warangal,886,Warangal,118,Field Beans,118,Common,0.0,80.0,5500.0,6000.0,5750.0,0.0,0.0
2024-10-01 00:00:00+05:30,246,Warangal,886,Warangal,118,Field Beans,118,Common,0.0,45.0,5500.0,6000.0,5750.0,0.0,0.0
2024-10-05 00:00:00+05:30,246,Warangal,886,Warangal,118,Field Beans,118,Common,0.0,12.0,4500.0,5000.0,4750.0,0.0,0.0
2024-10-06 00:00:00+05:30,246,Warangal,886,Warangal,118,Field Beans,118,Common,0.0,70.0,3500.0,4000.0,3750.0,0.0,0.0
2024-10-04 00:00:00+05:30,246,Warangal,886,Warangal,118,Field Beans,118,Common,0.0,56.0,2600.0,3000.0,2800.0,0.0,0.0
2024-10-30 00:00:00+05:30,246,Warangal,886,Warangal,118,Field Beans,118,Common,0.0,33.0,7500.0,8000.0,7750.0,0.0,0.0
2024-10-31 00:00:00+05:30,246,Warangal,886,Warangal,118,Field Beans,118,Common,0.0,40.0,5500.0,6000.0,5750.0,0.0,0.0
2024-10-29 00:00:00+05:30,246,Warangal,886,Warangal,118,Field Beans,118,Common,0.0,16.0,7500.0,8000.0,7750.0,0.0,0.0
2024-10-28 00:00:00+05:30,246,Warangal,886,Warangal,118,Field Beans,118,Common,0.0,21.0,5500.0,6000.0,5750.0,0.0,0.0
2024-10-27 00:00:00+05:30,246,Warangal,886,Warangal,118,Field Beans,118,Common,0.0,31.0,7500.0,8000.0,7750.0,0.0,0.0
2024-10-04 00:00:00+05:30,246,Warangal,886,Warangal,123,Ribbed Gourd,123,Common,0.0,24.0,3500.0,4000.0,3750.0,0.0,0.0
2024-10-06 00:00:00+05:30,246,Warangal,886,Warangal,123,Ribbed Gourd,123,Common,0.0,12.0,4000.0,4500.0,4250.0,0.0,0.0
2024-10-05 00:00:00+05:30,246,Warangal,886,Warangal,123,Ribbed Gourd,123,Common,0.0,28.0,3500.0,4000.0,3750.0,0.0,0.0
2024-10-01 00:00:00+05:30,246,Warangal,886,Warangal,123,Ribbed Gourd,123,Common,0.0,12.0,4500.0,5000.0,4750.0,0.0,0.0
2024-10-02 00:00:00+05:30,246,Warangal,886,Warangal,123,Ribbed Gourd,123,Common,0.0,25.0,3500.0,4000.0,3750.0,0.0,0.0
2024-10-03 00:00:00+05:30,246,Warangal,886,Warangal,123,Ribbed Gourd,123,Common,0.0,18.0,3500.0,4000.0,3750.0,0.0,0.0
2024-10-11 00:00:00+05:30,246,Warangal,886,Warangal,123,Ribbed Gourd,123,Common,0.0,11.0,4000.0,4500.0,4250.0,0.0,0.0
2024-10-09 00:00:00+05:30,246,Warangal,886,Warangal,123,Ribbed Gourd,123,Common,0.0,19.0,4500.0,5000.0,4750.0,0.0,0.0
2024-10-10 00:00:00+05:30,246,Warangal,886,Warangal,123,Ribbed Gourd,123,Common,0.0,24.0,3500.0,4000.0,3750.0,0.0,0.0
2024-10-07 00:00:00+05:30,246,Warangal,886,Warangal,123,Ribbed Gourd,123,Common,0.0,14.0,4500.0,5000.0,4750.0,0.0,0.0
2024-10-08 00:00:00+05:30,246,Warangal,886,Warangal,123,Ribbed Gourd,123,Common,0.0,13.0,4500.0,5000.0,4750.0,0.0,0.0
2024-10-16 00:00:00+05:30,246,Warangal,886,Warangal,123,Ribbed Gourd,123,Common,0.0,9.0,4500.0,5000.0,4750.0,0.0,0.0
2024-10-17 00:00:00+05:30,246,Warangal,886,Warangal,123,Ribbed Gourd,123,Common,0.0,15.0,5500.0,6000.0,5750.0,0.0,0.0
2024-10-14 00:00:00+05:30,246,Warangal,886,Warangal,123,Ribbed Gourd,123,Common,0.0,13.0,2200.0,2500.0,2350.0,0.0,0.0
2024-10-15 00:00:00+05:30,246,Warangal,886,Warangal,123,Ribbed Gourd,123,Common,0.0,13.0,3500.0,4000.0,3750.0,0.0,0.0
2024-10-13 00:00:00+05:30,246,Warangal,886,Warangal,123,Ribbed Gourd,123,Common,0.0,8.0,3500.0,4000.0,3750.0,0.0,0.0
2024-10-12 00:00:00+05:30,246,Warangal,886,Warangal,123,Ribbed Gourd,123,Common,0.0,6.0,4500.0,5000.0,4750.0,0.0,0.0
2024-10-19 00:00:00+05:30,246,Warangal,886,Warangal,123,Ribbed Gourd,123,Common,0.0,22.0,4500.0,5000.0,4750.0,0.0,0.0
2024-10-18 00:00:00+05:30,246,Warangal,886,Warangal,123,Ribbed Gourd,123,Common,0.0,20.0,3500.0,4000.0,3750.0,0.0,0.0
2024-10-22 00:00:00+05:30,246,Warangal,886,Warangal,123,Ribbed Gourd,123,Common,0.0,22.0,4500.0,5000.0,4750.0,0.0,0.0
2024-10-21 00:00:00+05:30,246,Warangal,886,Warangal,123,Ribbed Gourd,123,Common,0.0,5.0,4500.0,5000.0,4750.0,0.0,0.0
2024-10-20 00:00:00+05:30,246,Warangal,886,Warangal,123,Ribbed Gourd,123,Common,0.0,18.0,4500.0,5000.0,4750.0,0.0,0.0
2024-10-23 00:00:00+05:30,246,Warangal,886,Warangal,123,Ribbed Gourd,123,Common,0.0,41.0,4500.0,5000.0,4750.0,0.0,0.0
2024-10-24 00:00:00+05:30,246,Warangal,886,Warangal,123,Ribbed Gourd,123,Common,0.0,14.0,3500.0,4000.0,3750.0,0.0,0.0
2024-10-26 00:00:00+05:30,246,Warangal,886,Warangal,123,Ribbed Gourd,123,Common,0.0,22.0,5500.0,6000.0,5750.0,0.0,0.0
2024-10-25 00:00:00+05:30,246,Warangal,886,Warangal,123,Ribbed Gourd,123,Common,0.0,31.0,4500.0,5000.0,4750.0,0.0,0.0
2024-10-27 00:00:00+05:30,246,Warangal,886,Warangal,123,Ribbed Gourd,123,Common,0.0,25.0,4500.0,5000.0,4750.0,0.0,0.0
2024-10-28 00:00:00+05:30,246,Warangal,886,Warangal,123,Ribbed Gourd,123,Common,0.0,22.0,4500.0,5000.0,4750.0,0.0,0.0
2024-10-29 00:00:00+05:30,246,Warangal,886,Warangal,123,Ribbed Gourd,123,Common,0.0,40.0,3500.0,4000.0,3750.0,0.0,0.0
2024-10-31 00:00:00+05:30,246,Warangal,886,Warangal,123,Ribbed Gourd,123,Common,0.0,22.0,4000.0,4500.0,4250.0,0.0,0.0
2024-10-30 00:00:00+05:30,246,Warangal,886,Warangal,123,Ribbed Gourd,123,Common,0.0,35.0,4500.0,5000.0,4750.0,0.0,0.0
2024-10-25 00:00:00+05:30,246,Warangal,886,Warangal,125,Bitter Gourd,125,Common,0.0,16.0,3500.0,4000.0,3750.0,0.0,0.0
2024-10-26 00:00:00+05:30,246,Warangal,886,Warangal,125,Bitter Gourd,125,Common,0.0,55.0,3500.0,4000.0,3750.0,0.0,0.0
2024-10-24 00:00:00+05:30,246,Warangal,886,Warangal,125,Bitter Gourd,125,Common,0.0,40.0,3500.0,4000.0,3750.0,0.0,0.0
2024-10-23 00:00:00+05:30,246,Warangal,886,Warangal,125,Bitter Gourd,125,Common,0.0,41.0,4500.0,5000.0,4750.0,0.0,0.0
2024-10-20 00:00:00+05:30,246,Warangal,886,Warangal,125,Bitter Gourd,125,Common,0.0,26.0,3500.0,4000.0,3750.0,0.0,0.0
2024-10-21 00:00:00+05:30,246,Warangal,886,Warangal,125,Bitter Gourd,125,Common,0.0,33.0,3500.0,4000.0,3750.0,0.0,0.0
2024-10-22 00:00:00+05:30,246,Warangal,886,Warangal,125,Bitter Gourd,125,Common,0.0,18.0,3500.0,4000.0,3750.0,0.0,0.0
2024-10-18 00:00:00+05:30,246,Warangal,886,Warangal,125,Bitter Gourd,125,Common,0.0,30.0,3000.0,3500.0,3250.0,0.0,0.0
2024-10-19 00:00:00+05:30,246,Warangal,886,Warangal,125,Bitter Gourd,125,Common,0.0,43.0,3500.0,4000.0,3750.0,0.0,0.0
2024-10-15 00:00:00+05:30,246,Warangal,886,Warangal,125,Bitter Gourd,125,Common,0.0,62.0,3500.0,4000.0,3750.0,0.0,0.0
2024-10-14 00:00:00+05:30,246,Warangal,886,Warangal,125,Bitter Gourd,125,Common,0.0,43.0,3500.0,4000.0,3750.0,0.0,0.0
2024-10-17 00:00:00+05:30,246,Warangal,886,Warangal,125,Bitter Gourd,125,Common,0.0,30.0,3500.0,4000.0,3750.0,0.0,0.0
2024-10-16 00:00:00+05:30,246,Warangal,886,Warangal,125,Bitter Gourd,125,Common,0.0,35.0,3500.0,4000.0,3750.0,0.0,0.0
2024-10-08 00:00:00+05:30,246,Warangal,886,Warangal,125,Bitter Gourd,125,Common,0.0,30.0,3500.0,4000.0,3750.0,0.0,0.0
2024-10-07 00:00:00+05:30,246,Warangal,886,Warangal,125,Bitter Gourd,125,Common,0.0,28.0,3500.0,4000.0,3750.0,0.0,0.0
2024-10-10 00:00:00+05:30,246,Warangal,886,Warangal,125,Bitter Gourd,125,Common,0.0,21.0,3500.0,4000.0,3750.0,0.0,0.0
2024-10-09 00:00:00+05:30,246,Warangal,886,Warangal,125,Bitter Gourd,125,Common,0.0,43.0,3500.0,4000.0,3750.0,0.0,0.0
2024-10-11 00:00:00+05:30,246,Warangal,886,Warangal,125,Bitter Gourd,125,Common,0.0,13.0,3500.0,4000.0,3750.0,0.0,0.0
2024-10-03 00:00:00+05:30,246,Warangal,886,Warangal,125,Bitter Gourd,125,Common,0.0,19.0,3500.0,4000.0,3750.0,0.0,0.0
2024-10-02 00:00:00+05:30,246,Warangal,886,Warangal,125,Bitter Gourd,125,Common,0.0,11.0,3500.0,4000.0,3750.0,0.0,0.0
2024-10-01 00:00:00+05:30,246,Warangal,886,Warangal,125,Bitter Gourd,125,Common,0.0,19.0,3500.0,4000.0,3750.0,0.0,0.0
2024-10-05 00:00:00+05:30,246,Warangal,886,Warangal,125,Bitter Gourd,125,Common,0.0,18.0,3000.0,3500.0,3250.0,0.0,0.0
2024-10-06 00:00:00+05:30,246,Warangal,886,Warangal,125,Bitter Gourd,125,Common,0.0,30.0,3200.0,3600.0,3400.0,0.0,0.0
2024-10-04 00:00:00+05:30,246,Warangal,886,Warangal,125,Bitter Gourd,125,Common,0.0,35.0,3500.0,4000.0,3750.0,0.0,0.0
2024-10-30 00:00:00+05:30,246,Warangal,886,Warangal,125,Bitter Gourd,125,Common,0.0,31.0,3500.0,4000.0,3750.0,0.0,0.0
2024-10-31 00:00:00+05:30,246,Warangal,886,Warangal,125,Bitter Gourd,125,Common,0.0,70.0,3500.0,4000.0,3750.0,0.0,0.0
2024-10-29 00:00:00+05:30,246,Warangal,886,Warangal,125,Bitter Gourd,125,Common,0.0,43.0,3500.0,4000.0,3750.0,0.0,0.0
2024-10-28 00:00:00+05:30,246,Warangal,886,Warangal,125,Bitter Gourd,125,Common,0.0,29.0,3500.0,4000.0,3750.0,0.0,0.0
2024-10-27 00:00:00+05:30,246,Warangal,886,Warangal,125,Bitter Gourd,125,Common,0.0,24.0,3500.0,4000.0,3750.0,0.0,0.0
2024-10-04 00:00:00+05:30,246,Warangal,886,Warangal,127,Kheera,127,Common,0.0,8.0,1600.0,2000.0,1800.0,0.0,0.0
2024-10-06 00:00:00+05:30,246,Warangal,886,Warangal,127,Kheera,127,Common,0.0,6.0,2000.0,2400.0,2200.0,0.0,0.0
2024-10-05 00:00:00+05:30,246,Warangal,886,Warangal,127,Kheera,127,Common,0.0,6.0,2000.0,2400.0,2200.0,0.0,0.0
2024-10-01 00:00:00+05:30,246,Warangal,886,Warangal,127,Kheera,127,Common,0.0,15.0,1600.0,2000.0,1800.0,0.0,0.0
2024-10-02 00:00:00+05:30,246,Warangal,886,Warangal,127,Kheera,127,Common,0.0,16.0,1600.0,2000.0,1800.0,0.0,0.0
2024-10-11 00:00:00+05:30,246,Warangal,886,Warangal,127,Kheera,127,Common,0.0,5.0,2600.0,3000.0,2800.0,0.0,0.0
2024-10-09 00:00:00+05:30,246,Warangal,886,Warangal,127,Kheera,127,Common,0.0,5.0,2000.0,2400.0,2200.0,0.0,0.0
2024-10-10 00:00:00+05:30,246,Warangal,886,Warangal,127,Kheera,127,Common,0.0,6.0,1600.0,2000.0,1800.0,0.0,0.0
2024-10-07 00:00:00+05:30,246,Warangal,886,Warangal,127,Kheera,127,Common,0.0,14.0,2000.0,2400.0,2200.0,0.0,0.0
2024-10-08 00:00:00+05:30,246,Warangal,886,Warangal,127,Kheera,127,Common,0.0,7.0,2200.0,2500.0,2350.0,0.0,0.0
2024-10-16 00:00:00+05:30,246,Warangal,886,Warangal,127,Kheera,127,Common,0.0,8.0,1600.0,2000.0,1800.0,0.0,0.0
2024-10-17 00:00:00+05:30,246,Warangal,886,Warangal,127,Kheera,127,Common,0.0,25.0,1600.0,2000.0,1800.0,0.0,0.0
2024-10-14 00:00:00+05:30,246,Warangal,886,Warangal,127,Kheera,127,Common,0.0,6.0,1600.0,2000.0,1800.0,0.0,0.0
2024-10-15 00:00:00+05:30,246,Warangal,886,Warangal,127,Kheera,127,Common,0.0,14.0,2000.0,2500.0,2250.0,0.0,0.0
2024-10-12 00:00:00+05:30,246,Warangal,886,Warangal,127,Kheera,127,Common,0.0,1.0,2500.0,3000.0,2750.0,0.0,0.0
2024-10-13 00:00:00+05:30,246,Warangal,886,Warangal,127,Kheera,127,Common,0.0,1.0,1600.0,2000.0,1800.0,0.0,0.0
2024-10-19 00:00:00+05:30,246,Warangal,886,Warangal,127,Kheera,127,Common,0.0,6.0,1600.0,2000.0,1800.0,0.0,0.0
2024-10-18 00:00:00+05:30,246,Warangal,886,Warangal,127,Kheera,127,Common,0.0,10.0,2200.0,2500.0,2350.0,0.0,0.0
2024-10-22 00:00:00+05:30,246,Warangal,886,Warangal,127,Kheera,127,Common,0.0,22.0,1200.0,1600.0,1800.0,0.0,0.0
2024-10-21 00:00:00+05:30,246,Warangal,886,Warangal,127,Kheera,127,Common,0.0,18.0,1200.0,1600.0,1400.0,0.0,0.0
2024-10-20 00:00:00+05:30,246,Warangal,886,Warangal,127,Kheera,127,Common,0.0,7.0,1600.0,2000.0,1800.0,0.0,0.0
2024-10-23 00:00:00+05:30,246,Warangal,886,Warangal,127,Kheera,127,Common,0.0,21.0,1200.0,1600.0,1400.0,0.0,0.0
2024-10-24 00:00:00+05:30,246,Warangal,886,Warangal,127,Kheera,127,Common,0.0,13.0,1200.0,1600.0,1400.0,0.0,0.0
2024-10-26 00:00:00+05:30,246,Warangal,886,Warangal,127,Kheera,127,Common,0.0,12.0,1200.0,1600.0,1400.0,0.0,0.0
2024-10-25 00:00:00+05:30,246,Warangal,886,Warangal,127,Kheera,127,Common,0.0,12.0,1000.0,1400.0,1200.0,0.0,0.0
2024-10-27 00:00:00+05:30,246,Warangal,886,Warangal,127,Kheera,127,Common,0.0,19.0,1000.0,1200.0,1100.0,0.0,0.0
2024-10-28 00:00:00+05:30,246,Warangal,886,Warangal,127,Kheera,127,Common,0.0,12.0,1000.0,1400.0,1200.0,0.0,0.0
2024-10-29 00:00:00+05:30,246,Warangal,886,Warangal,127,Kheera,127,Common,0.0,10.0,1000.0,1400.0,1200.0,0.0,0.0
2024-10-31 00:00:00+05:30,246,Warangal,886,Warangal,127,Kheera,127,Common,0.0,26.0,1000.0,1400.0,1200.0,0.0,0.0
2024-10-30 00:00:00+05:30,246,Warangal,886,Warangal,127,Kheera,127,Common,0.0,14.0,1000.0,1400.0,1200.0,0.0,0.0
2024-10-25 00:00:00+05:30,246,Warangal,886,Warangal,129,Cucumber,129,Common,0.0,6.0,4000.0,4500.0,4250.0,0.0,0.0
2024-10-26 00:00:00+05:30,246,Warangal,886,Warangal,129,Cucumber,129,Common,0.0,30.0,3500.0,4000.0,3750.0,0.0,0.0
2024-10-24 00:00:00+05:30,246,Warangal,886,Warangal,129,Cucumber,129,Common,0.0,10.0,4500.0,5000.0,4750.0,0.0,0.0
2024-10-23 00:00:00+05:30,246,Warangal,886,Warangal,129,Cucumber,129,Common,0.0,7.0,2500.0,3000.0,2750.0,0.0,0.0
2024-10-20 00:00:00+05:30,246,Warangal,886,Warangal,129,Cucumber,129,Common,0.0,6.0,3500.0,4000.0,3750.0,0.0,0.0
2024-10-21 00:00:00+05:30,246,Warangal,886,Warangal,129,Cucumber,129,Common,0.0,8.0,4500.0,5000.0,4750.0,0.0,0.0
2024-10-18 00:00:00+05:30,246,Warangal,886,Warangal,129,Cucumber,129,Common,0.0,2.0,2500.0,3000.0,2750.0,0.0,0.0
2024-10-19 00:00:00+05:30,246,Warangal,886,Warangal,129,Cucumber,129,Common,0.0,3.0,2500.0,3000.0,2750.0,0.0,0.0
2024-10-12 00:00:00+05:30,246,Warangal,886,Warangal,129,Cucumber,129,Common,0.0,3.0,2500.0,3000.0,2750.0,0.0,0.0
2024-10-17 00:00:00+05:30,246,Warangal,886,Warangal,129,Cucumber,129,Common,0.0,10.0,2500.0,3000.0,2750.0,0.0,0.0
2024-10-16 00:00:00+05:30,246,Warangal,886,Warangal,129,Cucumber,129,Common,0.0,8.0,2500.0,3000.0,2750.0,0.0,0.0
2024-10-08 00:00:00+05:30,246,Warangal,886,Warangal,129,Cucumber,129,Common,0.0,30.0,2500.0,3000.0,2750.0,0.0,0.0
2024-10-07 00:00:00+05:30,246,Warangal,886,Warangal,129,Cucumber,129,Common,0.0,15.0,2200.0,2600.0,2400.0,0.0,0.0
2024-10-09 00:00:00+05:30,246,Warangal,886,Warangal,129,Cucumber,129,Common,0.0,5.0,2200.0,2600.0,2400.0,0.0,0.0
2024-10-11 00:00:00+05:30,246,Warangal,886,Warangal,129,Cucumber,129,Common,0.0,35.0,2500.0,3000.0,2750.0,0.0,0.0
2024-10-02 00:00:00+05:30,246,Warangal,886,Warangal,129,Cucumber,129,Common,0.0,35.0,2200.0,2600.0,2400.0,0.0,0.0
2024-10-01 00:00:00+05:30,246,Warangal,886,Warangal,129,Cucumber,129,Common,0.0,15.0,2200.0,2600.0,2400.0,0.0,0.0
2024-10-05 00:00:00+05:30,246,Warangal,886,Warangal,129,Cucumber,129,Common,0.0,20.0,2000.0,2400.0,2200.0,0.0,0.0
2024-10-06 00:00:00+05:30,246,Warangal,886,Warangal,129,Cucumber,129,Common,0.0,40.0,2000.0,2500.0,2250.0,0.0,0.0
2024-10-04 00:00:00+05:30,246,Warangal,886,Warangal,129,Cucumber,129,Common,0.0,65.0,2000.0,2400.0,2200.0,0.0,0.0
2024-10-30 00:00:00+05:30,246,Warangal,886,Warangal,129,Cucumber,129,Common,0.0,8.0,3000.0,3400.0,3200.0,0.0,0.0
2024-10-31 00:00:00+05:30,246,Warangal,886,Warangal,129,Cucumber,129,Common,0.0,6.0,3500.0,4000.0,3750.0,0.0,0.0
2024-10-29 00:00:00+05:30,246,Warangal,886,Warangal,129,Cucumber,129,Common,0.0,5.0,3000.0,3600.0,3300.0,0.0,0.0
2024-10-28 00:00:00+05:30,246,Warangal,886,Warangal,129,Cucumber,129,Common,0.0,3.0,4000.0,4500.0,4250.0,0.0,0.0
2024-10-27 00:00:00+05:30,246,Warangal,886,Warangal,129,Cucumber,129,Common,0.0,7.0,3000.0,3400.0,3200.0,0.0,0.0
2024-10-04 00:00:00+05:30,246,Warangal,886,Warangal,155,Donda,155,Common,0.0,60.0,3500.0,4000.0,3750.0,0.0,0.0
2024-10-06 00:00:00+05:30,246,Warangal,886,Warangal,155,Donda,155,Common,0.0,56.0,3500.0,4000.0,3750.0,0.0,0.0
2024-10-05 00:00:00+05:30,246,Warangal,886,Warangal,155,Donda,155,Common,0.0,78.0,3500.0,4000.0,3750.0,0.0,0.0
2024-10-01 00:00:00+05:30,246,Warangal,886,Warangal,155,Donda,155,Common,0.0,66.0,2500.0,3000.0,2750.0,0.0,0.0
2024-10-02 00:00:00+05:30,246,Warangal,886,Warangal,155,Donda,155,Common,0.0,53.0,2500.0,3000.0,2750.0,0.0,0.0
2024-10-03 00:00:00+05:30,246,Warangal,886,Warangal,155,Donda,155,Common,0.0,6.0,2500.0,3000.0,2750.0,0.0,0.0
2024-10-11 00:00:00+05:30,246,Warangal,886,Warangal,155,Donda,155,Common,0.0,22.0,3000.0,3200.0,3100.0,0.0,0.0
2024-10-09 00:00:00+05:30,246,Warangal,886,Warangal,155,Donda,155,Common,0.0,48.0,3000.0,3600.0,3300.0,0.0,0.0
2024-10-10 00:00:00+05:30,246,Warangal,886,Warangal,155,Donda,155,Common,0.0,69.0,2500.0,3000.0,2750.0,0.0,0.0
2024-10-07 00:00:00+05:30,246,Warangal,886,Warangal,155,Donda,155,Common,0.0,5.0,3200.0,3600.0,3400.0,0.0,0.0
2024-10-08 00:00:00+05:30,246,Warangal,886,Warangal,155,Donda,155,Common,0.0,56.0,3000.0,3500.0,3250.0,0.0,0.0
2024-10-16 00:00:00+05:30,246,Warangal,886,Warangal,155,Donda,155,Common,0.0,78.0,3000.0,3500.0,3250.0,0.0,0.0
2024-10-17 00:00:00+05:30,246,Warangal,886,Warangal,155,Donda,155,Common,0.0,82.0,3500.0,4000.0,3750.0,0.0,0.0
2024-10-15 00:00:00+05:30,246,Warangal,886,Warangal,155,Donda,155,Common,0.0,80.0,2500.0,3000.0,2750.0,0.0,0.0
2024-10-14 00:00:00+05:30,246,Warangal,886,Warangal,155,Donda,155,Common,0.0,53.0,2500.0,3000.0,2750.0,0.0,0.0
2024-10-19 00:00:00+05:30,246,Warangal,886,Warangal,155,Donda,155,Common,0.0,88.0,2500.0,3000.0,2750.0,0.0,0.0
2024-10-18 00:00:00+05:30,246,Warangal,886,Warangal,155,Donda,155,Common,0.0,86.0,2500.0,3500.0,2750.0,0.0,0.0
2024-10-21 00:00:00+05:30,246,Warangal,886,Warangal,155,Donda,155,Common,0.0,44.0,3000.0,3500.0,3250.0,0.0,0.0
2024-10-20 00:00:00+05:30,246,Warangal,886,Warangal,155,Donda,155,Common,0.0,66.0,2500.0,3000.0,2750.0,0.0,0.0
2024-10-22 00:00:00+05:30,246,Warangal,886,Warangal,155,Donda,155,Common,0.0,82.0,4500.0,5000.0,4750.0,0.0,0.0
2024-10-23 00:00:00+05:30,246,Warangal,886,Warangal,155,Donda,155,Common,0.0,74.0,3500.0,4000.0,3750.0,0.0,0.0
2024-10-24 00:00:00+05:30,246,Warangal,886,Warangal,155,Donda,155,Common,0.0,86.0,2500.0,3000.0,2750.0,0.0,0.0
2024-10-26 00:00:00+05:30,246,Warangal,886,Warangal,155,Donda,155,Common,0.0,88.0,2600.0,3000.0,2800.0,0.0,0.0
2024-10-25 00:00:00+05:30,246,Warangal,886,Warangal,155,Donda,155,Common,0.0,64.0,2500.0,3000.0,2750.0,0.0,0.0
2024-10-27 00:00:00+05:30,246,Warangal,886,Warangal,155,Donda,155,Common,0.0,43.0,2500.0,3000.0,2750.0,0.0,0.0
2024-10-28 00:00:00+05:30,246,Warangal,886,Warangal,155,Donda,155,Common,0.0,69.0,3000.0,3500.0,3250.0,0.0,0.0
2024-10-29 00:00:00+05:30,246,Warangal,886,Warangal,155,Donda,155,Common,0.0,77.0,2500.0,3000.0,2750.0,0.0,0.0
2024-10-31 00:00:00+05:30,246,Warangal,886,Warangal,155,Donda,155,Common,0.0,75.0,2500.0,3000.0,2750.0,0.0,0.0
2024-10-30 00:00:00+05:30,246,Warangal,886,Warangal,155,Donda,155,Common,0.0,71.0,2600.0,3000.0,2800.0,0.0,0.0
2024-10-25 00:00:00+05:30,246,Warangal,886,Warangal,199,Capsicum,204,Common,0.0,14.0,5500.0,6000.0,5750.0,0.0,0.0
2024-10-26 00:00:00+05:30,246,Warangal,886,Warangal,199,Capsicum,204,Common,0.0,15.0,5500.0,6000.0,5750.0,0.0,0.0
2024-10-24 00:00:00+05:30,246,Warangal,886,Warangal,199,Capsicum,204,Common,0.0,13.0,5500.0,6000.0,5750.0,0.0,0.0
2024-10-23 00:00:00+05:30,246,Warangal,886,Warangal,199,Capsicum,204,Common,0.0,14.0,5500.0,6000.0,5750.0,0.0,0.0
2024-10-22 00:00:00+05:30,246,Warangal,886,Warangal,199,Capsicum,204,Common,0.0,15.0,5500.0,6000.0,5750.0,0.0,0.0
2024-10-20 00:00:00+05:30,246,Warangal,886,Warangal,199,Capsicum,204,Common,0.0,13.0,5500.0,6000.0,5750.0,0.0,0.0
2024-10-21 00:00:00+05:30,246,Warangal,886,Warangal,199,Capsicum,204,Common,0.0,12.0,5500.0,6000.0,5750.0,0.0,0.0
2024-10-18 00:00:00+05:30,246,Warangal,886,Warangal,199,Capsicum,204,Common,0.0,15.0,5500.0,6000.0,5750.0,0.0,0.0
2024-10-19 00:00:00+05:30,246,Warangal,886,Warangal,199,Capsicum,204,Common,0.0,14.0,5500.0,6000.0,5750.0,0.0,0.0
2024-10-14 00:00:00+05:30,246,Warangal,886,Warangal,199,Capsicum,204,Common,0.0,12.0,5500.0,6000.0,5750.0,0.0,0.0
2024-10-15 00:00:00+05:30,246,Warangal,886,Warangal,199,Capsicum,204,Common,0.0,14.0,5500.0,6000.0,5750.0,0.0,0.0
2024-10-13 00:00:00+05:30,246,Warangal,886,Warangal,199,Capsicum,204,Common,0.0,2.0,5500.0,6000.0,5750.0,0.0,0.0
2024-10-17 00:00:00+05:30,246,Warangal,886,Warangal,199,Capsicum,204,Common,0.0,14.0,5500.0,6000.0,5750.0,0.0,0.0
2024-10-16 00:00:00+05:30,246,Warangal,886,Warangal,199,Capsicum,204,Common,0.0,13.0,5500.0,6000.0,5750.0,0.0,0.0
2024-10-08 00:00:00+05:30,246,Warangal,886,Warangal,199,Capsicum,204,Common,0.0,14.0,5500.0,6000.0,5750.0,0.0,0.0
2024-10-07 00:00:00+05:30,246,Warangal,886,Warangal,199,Capsicum,204,Common,0.0,14.0,5500.0,6000.0,5750.0,0.0,0.0
2024-10-10 00:00:00+05:30,246,Warangal,886,Warangal,199,Capsicum,204,Common,0.0,14.0,5500.0,6000.0,5750.0,0.0,0.0
2024-10-09 00:00:00+05:30,246,Warangal,886,Warangal,199,Capsicum,204,Common,0.0,13.0,5500.0,6000.0,5750.0,0.0,0.0
2024-10-11 00:00:00+05:30,246,Warangal,886,Warangal,199,Capsicum,204,Common,0.0,10.0,5500.0,6000.0,5750.0,0.0,0.0
2024-10-02 00:00:00+05:30,246,Warangal,886,Warangal,199,Capsicum,204,Common,0.0,14.0,5500.0,6000.0,5750.0,0.0,0.0
2024-10-01 00:00:00+05:30,246,Warangal,886,Warangal,199,Capsicum,204,Common,0.0,13.0,5500.0,6000.0,5750.0,0.0,0.0
2024-10-05 00:00:00+05:30,246,Warangal,886,Warangal,199,Capsicum,204,Common,0.0,14.0,5500.0,6000.0,5750.0,0.0,0.0
2024-10-06 00:00:00+05:30,246,Warangal,886,Warangal,199,Capsicum,204,Common,0.0,13.0,6500.0,7000.0,6750.0,0.0,0.0
2024-10-04 00:00:00+05:30,246,Warangal,886,Warangal,199,Capsicum,204,Common,0.0,12.0,6000.0,6500.0,6250.0,0.0,0.0
2024-10-30 00:00:00+05:30,246,Warangal,886,Warangal,199,Capsicum,204,Common,0.0,15.0,5500.0,6000.0,5750.0,0.0,0.0
2024-10-31 00:00:00+05:30,246,Warangal,886,Warangal,199,Capsicum,204,Common,0.0,15.0,4500.0,5000.0,4750.0,0.0,0.0
2024-10-29 00:00:00+05:30,246,Warangal,886,Warangal,199,Capsicum,204,Common,0.0,14.0,4500.0,5000.0,4750.0,0.0,0.0
2024-10-28 00:00:00+05:30,246,Warangal,886,Warangal,199,Capsicum,204,Common,0.0,14.0,5500.0,6000.0,5750.0,0.0,0.0
2024-10-27 00:00:00+05:30,246,Warangal,886,Warangal,199,Capsicum,204,Common,0.0,13.0,5500.0,6000.0,5750.0,0.0,0.0
