DDate,AmcCode,AmcName,YardCode,YardName,CommCode,CommName,VarityCode,VarityName,ProgArrivals,Arrivals,Minimum,Maximum,Model,Valuation,MarketFee
2025-01-01 00:00:00+05:30,323,Gaddiannaram,1,Gaddiannaram,76,Mango,291,Benishan,0.0,18.0,1650.0,20000.0,4400.0,0.0,0.0
2025-01-01 00:00:00+05:30,325,Hyderabad,5,Mahabubmansion,54,Chillies(Dry),250,Teja,0.0,155.0,12000.0,14500.0,13000.0,0.0,0.0
2025-01-01 00:00:00+05:30,325,Hyderabad,7,Meeralamandi,98,Cabbage,98,Common,0.0,7.0,1200.0,1500.0,1350.0,0.0,0.0
2025-01-01 00:00:00+05:30,217,Husnabad,1127,Husnabad,1,Paddy,270,Grade-A (1010),0.0,20.0,2300.0,2300.0,2300.0,0.0,0.0
2025-01-02 00:00:00+05:30,323,Gaddiannaram,1,Gaddiannaram,76,Mango,291,Benishan,0.0,57.0,1650.0,11100.0,3600.0,0.0,0.0
2025-01-02 00:00:00+05:30,323,Gaddiannaram,2,L.B Nagar,98,Cabbage,98,Common,0.0,86.0,1000.0,1500.0,1200.0,0.0,0.0
2025-01-02 00:00:00+05:30,324,Bowenpally,3,Bowenpally,55,Onions,55,Common,0.0,867.0,800.0,3500.0,2200.0,0.0,0.0
2025-01-02 00:00:00+05:30,325,Hyderabad,5,Mahabubmansion,54,Chillies(Dry),250,Teja,0.0,326.0,12000.0,15500.0,13000.0,0.0,0.0
2025-01-02 00:00:00+05:30,325,Hyderabad,6,Madannapeta,98,Cabbage,98,Common,0.0,25.0,1200.0,1500.0,1350.0,0.0,0.0
2025-01-02 00:00:00+05:30,325,Hyderabad,7,Meeralamandi,98,Cabbage,98,Common,0.0,3.0,1200.0,1500.0,1350.0,0.0,0.0
2025-01-02 00:00:00+05:30,279,Thirumalagiri,9,Tirmalagiri,1,Paddy,237,Grade-A(IR64),0.0,143.0,2169.0,2414.0,2294.0,0.0,0.0
2025-01-02 00:00:00+05:30,259,Nelakondapally,1071,Nelakondapally,1,Paddy,275,Grade-A (Samba Masuri Old),0.0,916.0,2280.0,2320.0,2300.0,0.0,0.0
2025-01-02 00:00:00+05:30,278,Suryapet,1091,Suryapet,1,Paddy,195,Grade-A,0.0,557.0,1629.0,2433.0,2363.0,0.0,0.0
2025-01-01 00:00:00+05:30,259,Nelakondapally,1071,Nelakondapally,1,Paddy,275,Grade-A (Samba Masuri Old),0.0,451.0,2280.0,2320.0,2300.0,0.0,0.0
2025-01-02 00:00:00+05:30,367,Gudimalkapur,1571,Gudumalkapur,55,Onions,55,Common,0.0,2426.0,1000.0,4000.0,2500.0,0.0,0.0
2025-01-03 00:00:00+05:30,323,Gaddiannaram,1,Gaddiannaram,76,Mango,291,Benishan,0.0,49.0,2750.0,12750.0,3850.0,0.0,0.0
2025-01-03 00:00:00+05:30,323,Gaddiannaram,2,L.B Nagar,98,Cabbage,98,Common,0.0,85.0,1000.0,1500.0,1200.0,0.0,0.0
2025-01-03 00:00:00+05:30,324,Bowenpally,3,Bowenpally,55,Onions,55,Common,0.0,1407.0,1000.0,3500.0,3000.0,0.0,0.0
2025-01-02 00:00:00+05:30,307,Makthal,1345,Makthal,1,Paddy,256,Grade-A (RNR),0.0,54.0,2502.0,2502.0,2502.0,0.0,0.0
2025-01-02 00:00:00+05:30,301,Devarakadra,1352,Devarakadra,1,Paddy,271,Common (Hamsa),0.0,4.0,2150.0,2150.0,2150.0,0.0,0.0
2025-01-02 00:00:00+05:30,329,Navabpet(MBNR),1483,Navabpet,1,Paddy,271,Common (Hamsa),0.0,200.0,2152.0,2249.0,2249.0,0.0,0.0
2025-01-03 00:00:00+05:30,325,Hyderabad,5,Mahabubmansion,54,Chillies(Dry),250,Teja,0.0,648.0,12000.0,15500.0,13000.0,0.0,0.0
2025-01-03 00:00:00+05:30,325,Hyderabad,6,Madannapeta,98,Cabbage,98,Common,0.0,20.0,1200.0,1500.0,1350.0,0.0,0.0
2025-01-03 00:00:00+05:30,325,Hyderabad,7,Meeralamandi,98,Cabbage,98,Common,0.0,2.0,1500.0,1500.0,1500.0,0.0,0.0
2025-01-03 00:00:00+05:30,279,Thirumalagiri,9,Tirmalagiri,1,Paddy,237,Grade-A(IR64),0.0,132.0,1851.0,2439.0,2214.0,0.0,0.0
2025-01-03 00:00:00+05:30,198,Luxettipet,27,Luxettipet,1,Paddy,1,Common,0.0,2500.0,2500.0,2500.0,2500.0,0.0,0.0
2025-01-03 00:00:00+05:30,317,Pargi,39,Pargi,1,Paddy,270,Grade-A (1010),0.0,117.0,2200.0,2260.0,2260.0,0.0,0.0
2025-01-03 00:00:00+05:30,259,Nelakondapally,1071,Nelakondapally,1,Paddy,275,Grade-A (Samba Masuri Old),0.0,1162.0,2280.0,2320.0,2300.0,0.0,0.0
2025-01-03 00:00:00+05:30,278,Suryapet,1091,Suryapet,1,Paddy,195,Grade-A,0.0,596.0,1766.0,2423.0,2009.0,0.0,0.0
2025-01-03 00:00:00+05:30,320,Tandur,37,Tandur,1,Paddy,1,Common,0.0,8.0,2250.0,2250.0,2250.0,0.0,0.0
2025-01-03 00:00:00+05:30,219,Jagtial,1125,Jagtial,1,Paddy,238,Grade-A (BPT),0.0,2.0,2106.0,2106.0,2106.0,0.0,0.0
2025-01-03 00:00:00+05:30,310,Shadnagar,1330,Shadnagar,1,Paddy,1,Common,0.0,109.59,2559.0,2559.0,2559.0,0.0,0.0
2025-01-03 00:00:00+05:30,306,Mahbubnagar,1326,Mahaboobnagar,1,Paddy,271,Common (Hamsa),0.0,9.0,2122.0,2122.0,2122.0,0.0,0.0
2025-01-03 00:00:00+05:30,367,Gudimalkapur,1571,Gudumalkapur,55,Onions,55,Common,0.0,2339.0,600.0,4000.0,2200.0,0.0,0.0
2025-01-04 00:00:00+05:30,323,Gaddiannaram,1,Gaddiannaram,76,Mango,291,Benishan,0.0,40.0,1100.0,37200.0,5000.0,0.0,0.0
2025-01-04 00:00:00+05:30,324,Bowenpally,3,Bowenpally,55,Onions,55,Common,0.0,612.0,800.0,3500.0,3000.0,0.0,0.0
2025-01-04 00:00:00+05:30,323,Gaddiannaram,2,L.B Nagar,98,Cabbage,98,Common,0.0,75.0,1000.0,1500.0,1200.0,0.0,0.0
2025-01-04 00:00:00+05:30,325,Hyderabad,5,Mahabubmansion,54,Chillies(Dry),250,Teja,0.0,261.0,12000.0,15000.0,13000.0,0.0,0.0
2025-01-04 00:00:00+05:30,325,Hyderabad,6,Madannapeta,98,Cabbage,98,Common,0.0,20.0,1000.0,1200.0,1100.0,0.0,0.0
2025-01-04 00:00:00+05:30,325,Hyderabad,7,Meeralamandi,98,Cabbage,98,Common,0.0,4.0,1600.0,1500.0,1550.0,0.0,0.0
2025-01-04 00:00:00+05:30,279,Thirumalagiri,9,Tirmalagiri,1,Paddy,237,Grade-A(IR64),0.0,63.0,2214.0,2414.0,2370.0,0.0,0.0
2025-01-03 00:00:00+05:30,254,Enkoor,1589,Julurupadu,25,Cotton,25,Common,0.0,1588.0,7025.0,6800.0,6900.0,0.0,0.0
2025-01-04 00:00:00+05:30,316,Narsingi,49,Babbuguda,168,Cattle(All),168,Common,0.0,35.0,5000.0,20000.0,15000.0,0.0,0.0
2025-01-04 00:00:00+05:30,278,Suryapet,1091,Suryapet,1,Paddy,195,Grade-A,0.0,263.0,1669.0,2280.0,2056.0,0.0,0.0
2025-01-04 00:00:00+05:30,306,Mahbubnagar,1326,Mahaboobnagar,1,Paddy,271,Common (Hamsa),0.0,16.0,1922.0,2219.0,1922.0,0.0,0.0
2025-01-04 00:00:00+05:30,367,Gudimalkapur,1571,Gudumalkapur,55,Onions,55,Common,0.0,2010.0,600.0,4000.0,2200.0,0.0,0.0
2025-01-05 00:00:00+05:30,324,Bowenpally,3,Bowenpally,55,Onions,55,Common,0.0,663.0,1000.0,3500.0,3000.0,0.0,0.0
2025-01-05 00:00:00+05:30,323,Gaddiannaram,2,L.B Nagar,98,Cabbage,98,Common,0.0,93.0,1000.0,1500.0,1200.0,0.0,0.0
2025-01-05 00:00:00+05:30,325,Hyderabad,6,Madannapeta,98,Cabbage,98,Common,0.0,20.0,1200.0,1500.0,1350.0,0.0,0.0
2025-01-05 00:00:00+05:30,323,Gaddiannaram,1,Gaddiannaram,76,Mango,291,Benishan,0.0,10.0,2500.0,3600.0,2750.0,0.0,0.0
2025-01-05 00:00:00+05:30,325,Hyderabad,7,Meeralamandi,98,Cabbage,98,Common,0.0,7.0,1200.0,1200.0,1200.0,0.0,0.0
2025-01-05 00:00:00+05:30,316,Narsingi,49,Babbuguda,168,Cattle(All),168,Common,0.0,115.0,20000.0,50000.0,40000.0,0.0,0.0
2025-01-05 00:00:00+05:30,259,Nelakondapally,1071,Nelakondapally,1,Paddy,275,Grade-A (Samba Masuri Old),0.0,4961.0,2280.0,2320.0,2300.0,0.0,0.0
2025-01-05 00:00:00+05:30,367,Gudimalkapur,1571,Gudumalkapur,55,Onions,55,Common,0.0,2571.0,800.0,4500.0,2000.0,0.0,0.0
2025-01-06 00:00:00+05:30,323,Gaddiannaram,1,Gaddiannaram,76,Mango,291,Benishan,0.0,61.0,1650.0,34400.0,3300.0,0.0,0.0
2025-01-06 00:00:00+05:30,324,Bowenpally,3,Bowenpally,55,Onions,55,Common,0.0,546.0,1000.0,3500.0,3000.0,0.0,0.0
2025-01-06 00:00:00+05:30,323,Gaddiannaram,2,L.B Nagar,98,Cabbage,98,Common,0.0,115.0,1000.0,1500.0,1200.0,0.0,0.0
2025-01-05 00:00:00+05:30,329,Navabpet(MBNR),1483,Navabpet,1,Paddy,271,Common (Hamsa),0.0,365.0,2168.0,2256.0,2256.0,0.0,0.0
2025-01-05 00:00:00+05:30,254,Enkoor,1589,Julurupadu,25,Cotton,25,Common,0.0,1935.0,7025.0,6800.0,6900.0,0.0,0.0
2025-01-06 00:00:00+05:30,325,Hyderabad,5,Mahabubmansion,54,Chillies(Dry),250,Teja,0.0,175.0,12000.0,15000.0,13000.0,0.0,0.0
2025-01-06 00:00:00+05:30,325,Hyderabad,6,Madannapeta,98,Cabbage,98,Common,0.0,35.0,1000.0,1200.0,1100.0,0.0,0.0
2025-01-06 00:00:00+05:30,325,Hyderabad,7,Meeralamandi,98,Cabbage,98,Common,0.0,5.0,1000.0,1200.0,1100.0,0.0,0.0
2025-01-06 00:00:00+05:30,279,Thirumalagiri,9,Tirmalagiri,1,Paddy,237,Grade-A(IR64),0.0,26.0,1904.0,2370.0,2210.0,0.0,0.0
2025-01-06 00:00:00+05:30,259,Nelakondapally,1071,Nelakondapally,1,Paddy,275,Grade-A (Samba Masuri Old),0.0,450.0,2280.0,2320.0,2300.0,0.0,0.0
2025-01-06 00:00:00+05:30,278,Suryapet,1091,Suryapet,1,Paddy,195,Grade-A,0.0,303.0,1719.0,2408.0,2036.0,0.0,0.0
2025-01-06 00:00:00+05:30,367,Gudimalkapur,1571,Gudumalkapur,55,Onions,55,Common,0.0,841.0,1200.0,4500.0,2100.0,0.0,0.0
2025-01-07 00:00:00+05:30,323,Gaddiannaram,1,Gaddiannaram,76,Mango,291,Benishan,0.0,61.0,1100.0,12500.0,4700.0,0.0,0.0
2025-01-07 00:00:00+05:30,323,Gaddiannaram,2,L.B Nagar,98,Cabbage,98,Common,0.0,111.0,1000.0,1500.0,1200.0,0.0,0.0
2025-01-07 00:00:00+05:30,324,Bowenpally,3,Bowenpally,55,Onions,55,Common,0.0,1009.0,1000.0,3500.0,3000.0,0.0,0.0
2025-01-07 00:00:00+05:30,325,Hyderabad,6,Madannapeta,98,Cabbage,98,Common,0.0,20.0,1200.0,1500.0,1350.0,0.0,0.0
2025-01-07 00:00:00+05:30,325,Hyderabad,7,Meeralamandi,98,Cabbage,98,Common,0.0,4.0,1000.0,1500.0,1250.0,0.0,0.0
2025-01-07 00:00:00+05:30,279,Thirumalagiri,9,Tirmalagiri,1,Paddy,237,Grade-A(IR64),0.0,29.0,2110.0,2449.0,2449.0,0.0,0.0
2025-01-06 00:00:00+05:30,254,Enkoor,1589,Julurupadu,25,Cotton,25,Common,0.0,2225.0,7025.0,6800.0,6900.0,0.0,0.0
2025-01-07 00:00:00+05:30,199,Mancherial,18,Mancherial,1,Paddy,195,Grade-A,0.0,320.0,2320.0,2320.0,2320.0,0.0,0.0
2025-01-07 00:00:00+05:30,320,Tandur,37,Tandur,1,Paddy,1,Common,0.0,34.0,2250.0,2250.0,2250.0,0.0,0.0
2025-01-07 00:00:00+05:30,259,Nelakondapally,1071,Nelakondapally,1,Paddy,275,Grade-A (Samba Masuri Old),0.0,1017.0,2280.0,2320.0,2300.0,0.0,0.0
2025-01-07 00:00:00+05:30,278,Suryapet,1091,Suryapet,1,Paddy,195,Grade-A,0.0,190.0,1956.0,2430.0,1976.0,0.0,0.0
2025-01-07 00:00:00+05:30,367,Gudimalkapur,1571,Gudumalkapur,55,Onions,55,Common,0.0,2516.0,600.0,4500.0,2000.0,0.0,0.0
2025-01-08 00:00:00+05:30,323,Gaddiannaram,1,Gaddiannaram,76,Mango,291,Benishan,0.0,10.0,3300.0,11100.0,5000.0,0.0,0.0
2025-01-08 00:00:00+05:30,323,Gaddiannaram,2,L.B Nagar,98,Cabbage,98,Common,0.0,61.0,1000.0,1500.0,1200.0,0.0,0.0
2025-01-08 00:00:00+05:30,324,Bowenpally,3,Bowenpally,55,Onions,55,Common,0.0,1434.0,1000.0,3500.0,3000.0,0.0,0.0
2025-01-08 00:00:00+05:30,325,Hyderabad,6,Madannapeta,98,Cabbage,98,Common,0.0,36.0,1000.0,1200.0,1100.0,0.0,0.0
2025-01-08 00:00:00+05:30,325,Hyderabad,5,Mahabubmansion,54,Chillies(Dry),250,Teja,0.0,384.0,12000.0,14500.0,13000.0,0.0,0.0
2025-01-08 00:00:00+05:30,325,Hyderabad,7,Meeralamandi,98,Cabbage,98,Common,0.0,4.0,1500.0,1500.0,1500.0,0.0,0.0
2025-01-08 00:00:00+05:30,279,Thirumalagiri,9,Tirmalagiri,1,Paddy,237,Grade-A(IR64),0.0,73.0,2049.0,2452.0,2219.0,0.0,0.0
2025-01-07 00:00:00+05:30,254,Enkoor,1589,Julurupadu,25,Cotton,25,Common,0.0,1635.0,7025.0,6800.0,6900.0,0.0,0.0
2025-01-08 00:00:00+05:30,278,Suryapet,1091,Suryapet,1,Paddy,195,Grade-A,0.0,466.0,1593.0,2430.0,2039.0,0.0,0.0
2025-01-08 00:00:00+05:30,259,Nelakondapally,1071,Nelakondapally,1,Paddy,275,Grade-A (Samba Masuri Old),0.0,1599.0,2280.0,2320.0,2300.0,0.0,0.0
2025-01-08 00:00:00+05:30,367,Gudimalkapur,1571,Gudumalkapur,55,Onions,55,Common,0.0,2380.0,600.0,4600.0,2100.0,0.0,0.0
2025-01-08 00:00:00+05:30,306,Mahbubnagar,1326,Mahaboobnagar,1,Paddy,271,Common (Hamsa),0.0,12.0,2090.0,2429.0,2112.0,0.0,0.0
2025-01-09 00:00:00+05:30,323,Gaddiannaram,1,Gaddiannaram,76,Mango,291,Benishan,0.0,70.0,3050.0,20000.0,4400.0,0.0,0.0
2025-01-09 00:00:00+05:30,323,Gaddiannaram,2,L.B Nagar,98,Cabbage,98,Common,0.0,85.0,1000.0,1500.0,1200.0,0.0,0.0
2025-01-09 00:00:00+05:30,324,Bowenpally,3,Bowenpally,55,Onions,55,Common,0.0,1787.0,1000.0,3500.0,3000.0,0.0,0.0
2025-01-09 00:00:00+05:30,325,Hyderabad,5,Mahabubmansion,54,Chillies(Dry),250,Teja,0.0,432.0,12000.0,14400.0,13000.0,0.0,0.0
2025-01-09 00:00:00+05:30,325,Hyderabad,6,Madannapeta,98,Cabbage,98,Common,0.0,35.0,800.0,1200.0,1000.0,0.0,0.0
2025-01-09 00:00:00+05:30,325,Hyderabad,7,Meeralamandi,98,Cabbage,98,Common,0.0,4.0,1000.0,1200.0,1100.0,0.0,0.0
2025-01-09 00:00:00+05:30,279,Thirumalagiri,9,Tirmalagiri,1,Paddy,237,Grade-A(IR64),0.0,93.0,2270.0,2390.0,2309.0,0.0,0.0
2025-01-08 00:00:00+05:30,254,Enkoor,1589,Julurupadu,25,Cotton,25,Common,0.0,910.0,7000.0,6800.0,6900.0,0.0,0.0
2025-01-09 00:00:00+05:30,259,Nelakondapally,1071,Nelakondapally,1,Paddy,275,Grade-A (Samba Masuri Old),0.0,224.0,2280.0,2320.0,2300.0,0.0,0.0
2025-01-09 00:00:00+05:30,278,Suryapet,1091,Suryapet,1,Paddy,195,Grade-A,0.0,147.0,1649.0,2436.0,2433.0,0.0,0.0
2025-01-09 00:00:00+05:30,217,Husnabad,1127,Husnabad,1,Paddy,270,Grade-A (1010),0.0,10.0,2300.0,2320.0,2300.0,0.0,0.0
2025-01-09 00:00:00+05:30,367,Gudimalkapur,1571,Gudumalkapur,55,Onions,55,Common,0.0,2669.0,800.0,4000.0,2500.0,0.0,0.0
2025-01-09 00:00:00+05:30,306,Mahbubnagar,1326,Mahaboobnagar,1,Paddy,271,Common (Hamsa),0.0,6.0,2112.0,2112.0,2112.0,0.0,0.0
2025-01-09 00:00:00+05:30,254,Enkoor,1589,Julurupadu,25,Cotton,25,Common,0.0,1339.0,7000.0,6700.0,6800.0,0.0,0.0
2025-01-09 00:00:00+05:30,304,Kollapur,1601,Kollapur,1,Paddy,1,Common,0.0,300.0,2300.0,2300.0,2300.0,0.0,0.0
2025-01-10 00:00:00+05:30,323,Gaddiannaram,2,L.B Nagar,98,Cabbage,98,Common,0.0,35.0,1000.0,1500.0,1200.0,0.0,0.0
2025-01-10 00:00:00+05:30,324,Bowenpally,3,Bowenpally,55,Onions,55,Common,0.0,799.0,1000.0,3000.0,2500.0,0.0,0.0
2025-01-10 00:00:00+05:30,325,Hyderabad,6,Madannapeta,98,Cabbage,98,Common,0.0,15.0,1000.0,1200.0,1100.0,0.0,0.0
2025-01-10 00:00:00+05:30,325,Hyderabad,5,Mahabubmansion,54,Chillies(Dry),250,Teja,0.0,287.0,12000.0,14300.0,13000.0,0.0,0.0
2025-01-10 00:00:00+05:30,325,Hyderabad,7,Meeralamandi,98,Cabbage,98,Common,0.0,4.0,1000.0,1200.0,1100.0,0.0,0.0
2025-01-09 00:00:00+05:30,312,Wanaparthy Town,1344,W.P.Town,1,Paddy,271,Common (Hamsa),0.0,4.0,2202.0,2202.0,2202.0,0.0,0.0
2025-01-10 00:00:00+05:30,279,Thirumalagiri,9,Tirmalagiri,1,Paddy,237,Grade-A(IR64),0.0,252.0,1809.0,2409.0,2359.0,0.0,0.0
2025-01-10 00:00:00+05:30,317,Pargi,39,Pargi,1,Paddy,270,Grade-A (1010),0.0,100.0,2200.0,2311.0,2200.0,0.0,0.0
2025-01-10 00:00:00+05:30,278,Suryapet,1091,Suryapet,1,Paddy,195,Grade-A,0.0,217.0,1939.0,2448.0,2443.0,0.0,0.0
2025-01-10 00:00:00+05:30,231,Vemulawada,1126,Vemulawada,1,Paddy,237,Grade-A(IR64),0.0,198.0,2300.0,2320.0,2320.0,0.0,0.0
2025-01-10 00:00:00+05:30,232,Medipally,1141,Midipally,1,Paddy,270,Grade-A (1010),0.0,200.0,2300.0,2300.0,2300.0,0.0,0.0
2025-01-10 00:00:00+05:30,367,Gudimalkapur,1571,Gudumalkapur,55,Onions,55,Common,0.0,1772.0,400.0,3500.0,2000.0,0.0,0.0
2025-01-11 00:00:00+05:30,323,Gaddiannaram,1,Gaddiannaram,76,Mango,291,Benishan,0.0,14.0,4400.0,11100.0,5000.0,0.0,0.0
2025-01-11 00:00:00+05:30,324,Bowenpally,3,Bowenpally,55,Onions,55,Common,0.0,299.0,1000.0,3200.0,2500.0,0.0,0.0
2025-01-11 00:00:00+05:30,323,Gaddiannaram,2,L.B Nagar,98,Cabbage,98,Common,0.0,65.0,1000.0,1500.0,1200.0,0.0,0.0
2025-01-10 00:00:00+05:30,307,Makthal,1345,Makthal,1,Paddy,256,Grade-A (RNR),0.0,6.0,2505.0,2505.0,2505.0,0.0,0.0
2025-01-10 00:00:00+05:30,254,Enkoor,1589,Julurupadu,25,Cotton,25,Common,0.0,1422.0,6900.0,6700.0,6800.0,0.0,0.0
2025-01-11 00:00:00+05:30,325,Hyderabad,5,Mahabubmansion,54,Chillies(Dry),250,Teja,0.0,126.0,12000.0,14100.0,13000.0,0.0,0.0
2025-01-11 00:00:00+05:30,325,Hyderabad,6,Madannapeta,98,Cabbage,98,Common,0.0,15.0,1000.0,1200.0,1100.0,0.0,0.0
2025-01-11 00:00:00+05:30,325,Hyderabad,7,Meeralamandi,98,Cabbage,98,Common,0.0,3.0,1000.0,1200.0,1100.0,0.0,0.0
2025-01-11 00:00:00+05:30,279,Thirumalagiri,9,Tirmalagiri,1,Paddy,237,Grade-A(IR64),0.0,80.0,2029.0,2089.0,2069.0,0.0,0.0
2025-01-11 00:00:00+05:30,316,Narsingi,49,Babbuguda,168,Cattle(All),168,Common,0.0,63.0,5000.0,20000.0,15000.0,0.0,0.0
2025-01-11 00:00:00+05:30,259,Nelakondapally,1071,Nelakondapally,1,Paddy,275,Grade-A (Samba Masuri Old),0.0,1380.0,2280.0,2320.0,2300.0,0.0,0.0
2025-01-11 00:00:00+05:30,367,Gudimalkapur,1571,Gudumalkapur,55,Onions,55,Common,0.0,2184.0,800.0,4000.0,2000.0,0.0,0.0
2025-01-11 00:00:00+05:30,306,Mahbubnagar,1326,Mahaboobnagar,1,Paddy,271,Common (Hamsa),0.0,2279.0,3510.0,6647.0,5399.0,0.0,0.0
2025-01-12 00:00:00+05:30,324,Bowenpally,3,Bowenpally,55,Onions,55,Common,0.0,1510.0,1000.0,2500.0,2000.0,0.0,0.0
2025-01-12 00:00:00+05:30,325,Hyderabad,6,Madannapeta,98,Cabbage,98,Common,0.0,15.0,1000.0,1200.0,1100.0,0.0,0.0
2025-01-12 00:00:00+05:30,325,Hyderabad,7,Meeralamandi,98,Cabbage,98,Common,0.0,3.0,1000.0,1200.0,1100.0,0.0,0.0
2025-01-11 00:00:00+05:30,309,Narayanpet,1342,Narayanpet,1,Paddy,271,Common (Hamsa),0.0,4.8,2212.0,2212.0,2212.0,0.0,0.0
2025-01-12 00:00:00+05:30,367,Gudimalkapur,1571,Gudumalkapur,55,Onions,55,Common,0.0,2987.0,800.0,4000.0,2200.0,0.0,0.0
2025-01-12 00:00:00+05:30,259,Nelakondapally,1071,Nelakondapally,1,Paddy,275,Grade-A (Samba Masuri Old),0.0,280.0,2280.0,2320.0,2300.0,0.0,0.0
2025-01-13 00:00:00+05:30,323,Gaddiannaram,1,Gaddiannaram,76,Mango,291,Benishan,0.0,12.0,2200.0,2200.0,2200.0,0.0,0.0
2025-01-13 00:00:00+05:30,323,Gaddiannaram,2,L.B Nagar,98,Cabbage,98,Common,0.0,71.0,1000.0,1500.0,1200.0,0.0,0.0
2025-01-13 00:00:00+05:30,324,Bowenpally,3,Bowenpally,55,Onions,55,Common,0.0,130.0,800.0,2500.0,2000.0,0.0,0.0
2025-01-13 00:00:00+05:30,325,Hyderabad,6,Madannapeta,98,Cabbage,98,Common,0.0,20.0,1000.0,1200.0,1100.0,0.0,0.0
2025-01-13 00:00:00+05:30,325,Hyderabad,5,Mahabubmansion,54,Chillies(Dry),250,Teja,0.0,40.0,12000.0,14000.0,13000.0,0.0,0.0
2025-01-13 00:00:00+05:30,325,Hyderabad,7,Meeralamandi,98,Cabbage,98,Common,0.0,6.0,1200.0,1500.0,1350.0,0.0,0.0
2025-01-12 00:00:00+05:30,329,Navabpet(MBNR),1483,Navabpet,1,Paddy,271,Common (Hamsa),0.0,110.0,2163.0,2256.0,2256.0,0.0,0.0
2025-01-13 00:00:00+05:30,259,Nelakondapally,1071,Nelakondapally,1,Paddy,275,Grade-A (Samba Masuri Old),0.0,220.0,2280.0,2320.0,2300.0,0.0,0.0
2025-01-13 00:00:00+05:30,217,Husnabad,1127,Husnabad,1,Paddy,270,Grade-A (1010),0.0,1.0,2300.0,2300.0,2300.0,0.0,0.0
2025-01-13 00:00:00+05:30,367,Gudimalkapur,1571,Gudumalkapur,55,Onions,55,Common,0.0,1730.0,800.0,3500.0,2400.0,0.0,0.0
2025-01-14 00:00:00+05:30,323,Gaddiannaram,2,L.B Nagar,98,Cabbage,98,Common,0.0,29.0,1000.0,1500.0,1200.0,0.0,0.0
2025-01-14 00:00:00+05:30,324,Bowenpally,3,Bowenpally,55,Onions,55,Common,0.0,84.0,800.0,2500.0,2000.0,0.0,0.0
2025-01-14 00:00:00+05:30,325,Hyderabad,6,Madannapeta,98,Cabbage,98,Common,0.0,36.0,1000.0,1200.0,1100.0,0.0,0.0
2025-01-14 00:00:00+05:30,199,Mancherial,18,Mancherial,1,Paddy,195,Grade-A,0.0,200.0,2300.0,2300.0,2300.0,0.0,0.0
2025-01-14 00:00:00+05:30,367,Gudimalkapur,1571,Gudumalkapur,55,Onions,55,Common,0.0,157.0,1200.0,2500.0,1900.0,0.0,0.0
2025-01-15 00:00:00+05:30,323,Gaddiannaram,1,Gaddiannaram,76,Mango,291,Benishan,0.0,23.0,2750.0,7200.0,3850.0,0.0,0.0
2025-01-15 00:00:00+05:30,323,Gaddiannaram,2,L.B Nagar,98,Cabbage,98,Common,0.0,36.0,1000.0,1500.0,1200.0,0.0,0.0
2025-01-15 00:00:00+05:30,324,Bowenpally,3,Bowenpally,55,Onions,55,Common,0.0,150.0,800.0,2500.0,2000.0,0.0,0.0
2025-01-16 00:00:00+05:30,324,Bowenpally,3,Bowenpally,55,Onions,55,Common,0.0,319.0,800.0,2500.0,2000.0,0.0,0.0
2025-01-16 00:00:00+05:30,323,Gaddiannaram,2,L.B Nagar,98,Cabbage,98,Common,0.0,91.0,1000.0,1500.0,1200.0,0.0,0.0
2025-01-16 00:00:00+05:30,325,Hyderabad,6,Madannapeta,98,Cabbage,98,Common,0.0,15.0,1000.0,1200.0,1100.0,0.0,0.0
2025-01-16 00:00:00+05:30,325,Hyderabad,5,Mahabubmansion,54,Chillies(Dry),250,Teja,0.0,518.0,12000.0,14800.0,13000.0,0.0,0.0
2025-01-16 00:00:00+05:30,325,Hyderabad,7,Meeralamandi,98,Cabbage,98,Common,0.0,4.0,1200.0,1500.0,1350.0,0.0,0.0
2025-01-16 00:00:00+05:30,279,Thirumalagiri,9,Tirmalagiri,1,Paddy,237,Grade-A(IR64),0.0,13.0,2011.0,2011.0,2011.0,0.0,0.0
2025-01-16 00:00:00+05:30,278,Suryapet,1091,Suryapet,1,Paddy,195,Grade-A,0.0,499.0,1662.0,2514.0,2213.0,0.0,0.0
2025-01-16 00:00:00+05:30,367,Gudimalkapur,1571,Gudumalkapur,55,Onions,55,Common,0.0,1155.0,1200.0,3500.0,2300.0,0.0,0.0
2025-01-16 00:00:00+05:30,254,Enkoor,1589,Julurupadu,25,Cotton,25,Common,0.0,1363.0,6900.0,6600.0,6800.0,0.0,0.0
2025-01-17 00:00:00+05:30,323,Gaddiannaram,1,Gaddiannaram,76,Mango,291,Benishan,0.0,10.0,6650.0,11100.0,7750.0,0.0,0.0
2025-01-17 00:00:00+05:30,324,Bowenpally,3,Bowenpally,55,Onions,55,Common,0.0,555.0,1000.0,2500.0,2000.0,0.0,0.0
2025-01-17 00:00:00+05:30,323,Gaddiannaram,2,L.B Nagar,98,Cabbage,98,Common,0.0,97.0,1000.0,1500.0,1200.0,0.0,0.0
2025-01-17 00:00:00+05:30,325,Hyderabad,6,Madannapeta,98,Cabbage,98,Common,0.0,32.0,800.0,1200.0,1000.0,0.0,0.0
2025-01-17 00:00:00+05:30,325,Hyderabad,5,Mahabubmansion,54,Chillies(Dry),250,Teja,0.0,640.0,12000.0,15000.0,13000.0,0.0,0.0
2025-01-17 00:00:00+05:30,325,Hyderabad,7,Meeralamandi,98,Cabbage,98,Common,0.0,4.0,1500.0,1500.0,1500.0,0.0,0.0
2025-01-17 00:00:00+05:30,279,Thirumalagiri,9,Tirmalagiri,1,Paddy,237,Grade-A(IR64),0.0,90.0,1801.0,2129.0,1929.0,0.0,0.0
2025-01-17 00:00:00+05:30,278,Suryapet,1091,Suryapet,1,Paddy,195,Grade-A,0.0,379.0,1753.0,2534.0,2259.0,0.0,0.0
2025-01-18 00:00:00+05:30,324,Bowenpally,3,Bowenpally,55,Onions,55,Common,0.0,598.0,600.0,2500.0,2000.0,0.0,0.0
2025-01-18 00:00:00+05:30,323,Gaddiannaram,2,L.B Nagar,98,Cabbage,98,Common,0.0,103.0,1000.0,1500.0,1200.0,0.0,0.0
2025-01-18 00:00:00+05:30,325,Hyderabad,5,Mahabubmansion,54,Chillies(Dry),250,Teja,0.0,329.0,11000.0,14000.0,12000.0,0.0,0.0
2025-01-18 00:00:00+05:30,325,Hyderabad,6,Madannapeta,98,Cabbage,98,Common,0.0,25.0,800.0,1200.0,1000.0,0.0,0.0
2025-01-18 00:00:00+05:30,325,Hyderabad,7,Meeralamandi,98,Cabbage,98,Common,0.0,5.0,1000.0,1200.0,1100.0,0.0,0.0
2025-01-18 00:00:00+05:30,279,Thirumalagiri,9,Tirmalagiri,1,Paddy,237,Grade-A(IR64),0.0,67.0,1849.0,2229.0,2009.0,0.0,0.0
2025-01-18 00:00:00+05:30,316,Narsingi,49,Babbuguda,168,Cattle(All),168,Common,0.0,45.0,5000.0,20000.0,15000.0,0.0,0.0
2025-01-17 00:00:00+05:30,254,Enkoor,1589,Julurupadu,25,Cotton,25,Common,0.0,1910.0,7000.0,6700.0,6900.0,0.0,0.0
2025-01-18 00:00:00+05:30,278,Suryapet,1091,Suryapet,1,Paddy,195,Grade-A,0.0,325.0,1409.0,2511.0,2493.0,0.0,0.0
2025-01-18 00:00:00+05:30,367,Gudimalkapur,1571,Gudumalkapur,55,Onions,55,Common,0.0,1724.0,700.0,4000.0,2400.0,0.0,0.0
2025-01-19 00:00:00+05:30,324,Bowenpally,3,Bowenpally,55,Onions,55,Common,0.0,654.0,1000.0,3000.0,2500.0,0.0,0.0
2025-01-19 00:00:00+05:30,323,Gaddiannaram,2,L.B Nagar,98,Cabbage,98,Common,0.0,73.0,1000.0,1500.0,1200.0,0.0,0.0
2025-01-19 00:00:00+05:30,325,Hyderabad,6,Madannapeta,98,Cabbage,98,Common,0.0,19.0,1000.0,1200.0,1100.0,0.0,0.0
2025-01-19 00:00:00+05:30,325,Hyderabad,7,Meeralamandi,98,Cabbage,98,Common,0.0,5.0,800.0,1200.0,1000.0,0.0,0.0
2025-01-18 00:00:00+05:30,254,Enkoor,1589,Julurupadu,25,Cotton,25,Common,0.0,955.0,7000.0,6800.0,6900.0,0.0,0.0
2025-01-19 00:00:00+05:30,199,Mancherial,18,Mancherial,1,Paddy,195,Grade-A,0.0,100.0,2300.0,2300.0,2300.0,0.0,0.0
2025-01-19 00:00:00+05:30,316,Narsingi,49,Babbuguda,168,Cattle(All),168,Common,0.0,155.0,15000.0,50000.0,35000.0,0.0,0.0
2025-01-19 00:00:00+05:30,367,Gudimalkapur,1571,Gudumalkapur,55,Onions,55,Common,0.0,1730.0,1200.0,4000.0,2400.0,0.0,0.0
2025-01-19 00:00:00+05:30,307,Makthal,1345,Makthal,1,Paddy,256,Grade-A (RNR),0.0,42.0,2700.0,2700.0,2700.0,0.0,0.0
2025-01-19 00:00:00+05:30,329,Navabpet(MBNR),1483,Navabpet,1,Paddy,271,Common (Hamsa),0.0,60.0,1919.0,2184.0,2181.0,0.0,0.0
2025-01-19 00:00:00+05:30,304,Kollapur,1601,Kollapur,1,Paddy,1,Common,0.0,200.0,3000.0,3000.0,3000.0,0.0,0.0
2025-01-20 00:00:00+05:30,323,Gaddiannaram,1,Gaddiannaram,76,Mango,291,Benishan,0.0,46.0,2200.0,15550.0,5550.0,0.0,0.0
2025-01-20 00:00:00+05:30,323,Gaddiannaram,2,L.B Nagar,98,Cabbage,98,Common,0.0,90.0,800.0,1200.0,1000.0,0.0,0.0
2025-01-20 00:00:00+05:30,324,Bowenpally,3,Bowenpally,55,Onions,55,Common,0.0,171.0,1000.0,2500.0,2000.0,0.0,0.0
2025-01-20 00:00:00+05:30,325,Hyderabad,6,Madannapeta,98,Cabbage,98,Common,0.0,35.0,800.0,1200.0,1000.0,0.0,0.0
2025-01-20 00:00:00+05:30,325,Hyderabad,5,Mahabubmansion,54,Chillies(Dry),250,Teja,0.0,816.0,11000.0,14500.0,13000.0,0.0,0.0
2025-01-20 00:00:00+05:30,325,Hyderabad,7,Meeralamandi,98,Cabbage,98,Common,0.0,6.0,1200.0,1500.0,1350.0,0.0,0.0
2025-01-20 00:00:00+05:30,279,Thirumalagiri,9,Tirmalagiri,1,Paddy,237,Grade-A(IR64),0.0,42.0,2159.0,2209.0,2209.0,0.0,0.0
2025-01-20 00:00:00+05:30,278,Suryapet,1091,Suryapet,1,Paddy,195,Grade-A,0.0,399.0,1503.0,2526.0,2519.0,0.0,0.0
2025-01-20 00:00:00+05:30,367,Gudimalkapur,1571,Gudumalkapur,55,Onions,55,Common,0.0,441.0,1200.0,3500.0,2400.0,0.0,0.0
2025-01-21 00:00:00+05:30,323,Gaddiannaram,1,Gaddiannaram,76,Mango,291,Benishan,0.0,43.0,3050.0,12750.0,4400.0,0.0,0.0
2025-01-21 00:00:00+05:30,323,Gaddiannaram,2,L.B Nagar,98,Cabbage,98,Common,0.0,88.0,800.0,1000.0,900.0,0.0,0.0
2025-01-21 00:00:00+05:30,324,Bowenpally,3,Bowenpally,55,Onions,55,Common,0.0,771.0,800.0,3000.0,2400.0,0.0,0.0
2025-01-21 00:00:00+05:30,325,Hyderabad,6,Madannapeta,98,Cabbage,98,Common,0.0,42.0,800.0,1200.0,1000.0,0.0,0.0
2025-01-21 00:00:00+05:30,325,Hyderabad,5,Mahabubmansion,54,Chillies(Dry),250,Teja,0.0,557.0,13000.0,14500.0,12000.0,0.0,0.0
2025-01-21 00:00:00+05:30,325,Hyderabad,7,Meeralamandi,98,Cabbage,98,Common,0.0,6.0,1000.0,1200.0,1100.0,0.0,0.0
2025-01-20 00:00:00+05:30,254,Enkoor,1589,Julurupadu,25,Cotton,25,Common,0.0,550.0,7200.0,6800.0,7000.0,0.0,0.0
2025-01-21 00:00:00+05:30,279,Thirumalagiri,9,Tirmalagiri,1,Paddy,237,Grade-A(IR64),0.0,3.0,1859.0,1859.0,1859.0,0.0,0.0
2025-01-21 00:00:00+05:30,278,Suryapet,1091,Suryapet,1,Paddy,195,Grade-A,0.0,332.0,1579.0,2533.0,2528.0,0.0,0.0
2025-01-21 00:00:00+05:30,367,Gudimalkapur,1571,Gudumalkapur,55,Onions,55,Common,0.0,1716.0,800.0,3500.0,2200.0,0.0,0.0
2025-01-21 00:00:00+05:30,306,Mahbubnagar,1326,Mahaboobnagar,1,Paddy,271,Common (Hamsa),0.0,4848.0,3506.0,6526.0,5469.0,0.0,0.0
2025-01-22 00:00:00+05:30,323,Gaddiannaram,1,Gaddiannaram,76,Mango,291,Benishan,0.0,32.0,3300.0,10000.0,7200.0,0.0,0.0
2025-01-22 00:00:00+05:30,323,Gaddiannaram,2,L.B Nagar,98,Cabbage,98,Common,0.0,121.0,800.0,1000.0,900.0,0.0,0.0
2025-01-22 00:00:00+05:30,324,Bowenpally,3,Bowenpally,55,Onions,55,Common,0.0,966.0,1000.0,3500.0,3000.0,0.0,0.0
2025-01-22 00:00:00+05:30,325,Hyderabad,6,Madannapeta,98,Cabbage,98,Common,0.0,30.0,600.0,1200.0,800.0,0.0,0.0
2025-01-22 00:00:00+05:30,325,Hyderabad,5,Mahabubmansion,54,Chillies(Dry),250,Teja,0.0,436.0,12000.0,14800.0,13000.0,0.0,0.0
2025-01-22 00:00:00+05:30,325,Hyderabad,7,Meeralamandi,98,Cabbage,98,Common,0.0,3.0,1000.0,1200.0,1100.0,0.0,0.0
2025-01-22 00:00:00+05:30,279,Thirumalagiri,9,Tirmalagiri,1,Paddy,237,Grade-A(IR64),0.0,22.0,1811.0,2059.0,1929.0,0.0,0.0
2025-01-21 00:00:00+05:30,254,Enkoor,1589,Julurupadu,25,Cotton,25,Common,0.0,815.0,7000.0,6700.0,6800.0,0.0,0.0
2025-01-22 00:00:00+05:30,367,Gudimalkapur,1571,Gudumalkapur,55,Onions,55,Common,0.0,2395.0,800.0,3700.0,2000.0,0.0,0.0
2025-01-22 00:00:00+05:30,254,Enkoor,1589,Julurupadu,25,Cotton,25,Common,0.0,915.0,7200.0,6700.0,7000.0,0.0,0.0
2025-01-22 00:00:00+05:30,304,Kollapur,1601,Kollapur,1,Paddy,1,Common,0.0,220.0,2272.0,2272.0,2272.0,0.0,0.0
2025-01-22 00:00:00+05:30,329,Navabpet(MBNR),1483,Navabpet,1,Paddy,271,Common (Hamsa),0.0,32.0,2118.0,2118.0,2118.0,0.0,0.0
2025-01-23 00:00:00+05:30,323,Gaddiannaram,1,Gaddiannaram,76,Mango,291,Benishan,0.0,26.0,6650.0,8300.0,7750.0,0.0,0.0
2025-01-23 00:00:00+05:30,323,Gaddiannaram,2,L.B Nagar,98,Cabbage,98,Common,0.0,99.0,1000.0,1500.0,1200.0,0.0,0.0
2025-01-23 00:00:00+05:30,324,Bowenpally,3,Bowenpally,55,Onions,55,Common,0.0,1042.0,1000.0,3500.0,3000.0,0.0,0.0
2025-01-23 00:00:00+05:30,325,Hyderabad,6,Madannapeta,98,Cabbage,98,Common,0.0,40.0,800.0,1200.0,1000.0,0.0,0.0
2025-01-23 00:00:00+05:30,325,Hyderabad,5,Mahabubmansion,54,Chillies(Dry),250,Teja,0.0,499.0,11000.0,14600.0,13000.0,0.0,0.0
2025-01-23 00:00:00+05:30,325,Hyderabad,7,Meeralamandi,98,Cabbage,98,Common,0.0,6.0,1200.0,1200.0,1200.0,0.0,0.0
2025-01-23 00:00:00+05:30,279,Thirumalagiri,9,Tirmalagiri,1,Paddy,237,Grade-A(IR64),0.0,20.0,1909.0,2019.0,1989.0,0.0,0.0
2025-01-23 00:00:00+05:30,278,Suryapet,1091,Suryapet,1,Paddy,195,Grade-A,0.0,583.0,1509.0,2606.0,2588.0,0.0,0.0
2025-01-23 00:00:00+05:30,367,Gudimalkapur,1571,Gudumalkapur,55,Onions,55,Common,0.0,1769.0,500.0,3500.0,2000.0,0.0,0.0
2025-01-24 00:00:00+05:30,323,Gaddiannaram,1,Gaddiannaram,76,Mango,291,Benishan,0.0,3.0,10550.0,10550.0,10550.0,0.0,0.0
2025-01-24 00:00:00+05:30,323,Gaddiannaram,2,L.B Nagar,98,Cabbage,98,Common,0.0,61.0,1000.0,1500.0,1200.0,0.0,0.0
2025-01-24 00:00:00+05:30,324,Bowenpally,3,Bowenpally,55,Onions,55,Common,0.0,696.0,800.0,3500.0,3000.0,0.0,0.0
2025-01-23 00:00:00+05:30,254,Enkoor,1589,Julurupadu,25,Cotton,25,Common,0.0,655.0,7200.0,6700.0,7000.0,0.0,0.0
2025-01-24 00:00:00+05:30,325,Hyderabad,5,Mahabubmansion,54,Chillies(Dry),250,Teja,0.0,332.0,11000.0,14050.0,1300.0,0.0,0.0
2025-01-24 00:00:00+05:30,325,Hyderabad,6,Madannapeta,98,Cabbage,98,Common,0.0,20.0,800.0,1200.0,1000.0,0.0,0.0
2025-01-24 00:00:00+05:30,325,Hyderabad,7,Meeralamandi,98,Cabbage,98,Common,0.0,5.0,1000.0,1200.0,1100.0,0.0,0.0
2025-01-24 00:00:00+05:30,279,Thirumalagiri,9,Tirmalagiri,1,Paddy,237,Grade-A(IR64),0.0,4.0,1909.0,1909.0,1909.0,0.0,0.0
2025-01-24 00:00:00+05:30,278,Suryapet,1091,Suryapet,1,Paddy,195,Grade-A,0.0,279.0,1449.0,2540.0,2453.0,0.0,0.0
2025-01-24 00:00:00+05:30,367,Gudimalkapur,1571,Gudumalkapur,55,Onions,55,Common,0.0,1135.0,1500.0,3500.0,2300.0,0.0,0.0
2025-01-25 00:00:00+05:30,323,Gaddiannaram,1,Gaddiannaram,76,Mango,291,Benishan,0.0,43.0,2750.0,13850.0,3850.0,0.0,0.0
2025-01-25 00:00:00+05:30,323,Gaddiannaram,2,L.B Nagar,98,Cabbage,98,Common,0.0,71.0,1000.0,1500.0,1200.0,0.0,0.0
2025-01-25 00:00:00+05:30,324,Bowenpally,3,Bowenpally,55,Onions,55,Common,0.0,1035.0,800.0,3000.0,2400.0,0.0,0.0
2025-01-25 00:00:00+05:30,325,Hyderabad,5,Mahabubmansion,54,Chillies(Dry),250,Teja,0.0,172.0,13000.0,15000.0,14000.0,0.0,0.0
2025-01-25 00:00:00+05:30,325,Hyderabad,6,Madannapeta,98,Cabbage,98,Common,0.0,25.0,800.0,1200.0,1000.0,0.0,0.0
2025-01-25 00:00:00+05:30,325,Hyderabad,7,Meeralamandi,98,Cabbage,98,Common,0.0,5.0,1000.0,1200.0,1100.0,0.0,0.0
2025-01-25 00:00:00+05:30,279,Thirumalagiri,9,Tirmalagiri,1,Paddy,237,Grade-A(IR64),0.0,35.0,2109.0,2239.0,2139.0,0.0,0.0
2025-01-25 00:00:00+05:30,317,Pargi,39,Pargi,1,Paddy,270,Grade-A (1010),0.0,11.0,2250.0,2250.0,2250.0,0.0,0.0
2025-01-25 00:00:00+05:30,316,Narsingi,49,Babbuguda,168,Cattle(All),168,Common,0.0,65.0,5000.0,20000.0,15000.0,0.0,0.0
2025-01-25 00:00:00+05:30,278,Suryapet,1091,Suryapet,1,Paddy,195,Grade-A,0.0,809.0,2123.0,2666.0,2412.0,0.0,0.0
2025-01-25 00:00:00+05:30,367,Gudimalkapur,1571,Gudumalkapur,55,Onions,55,Common,0.0,1709.0,900.0,3500.0,2300.0,0.0,0.0
2025-01-25 00:00:00+05:30,254,Enkoor,1589,Julurupadu,25,Cotton,25,Common,0.0,1195.0,7200.0,6800.0,7000.0,0.0,0.0
2025-01-25 00:00:00+05:30,304,Kollapur,1601,Kollapur,1,Paddy,1,Common,0.0,310.0,2200.0,2200.0,2200.0,0.0,0.0
2025-01-26 00:00:00+05:30,323,Gaddiannaram,1,Gaddiannaram,76,Mango,291,Benishan,0.0,18.0,5000.0,10550.0,5500.0,0.0,0.0
2025-01-26 00:00:00+05:30,323,Gaddiannaram,2,L.B Nagar,98,Cabbage,98,Common,0.0,73.0,1000.0,1500.0,1200.0,0.0,0.0
2025-01-26 00:00:00+05:30,324,Bowenpally,3,Bowenpally,55,Onions,55,Common,0.0,747.0,1000.0,3000.0,2500.0,0.0,0.0
2025-01-26 00:00:00+05:30,325,Hyderabad,6,Madannapeta,98,Cabbage,98,Common,0.0,40.0,800.0,1200.0,1000.0,0.0,0.0
2025-01-26 00:00:00+05:30,316,Narsingi,49,Babbuguda,168,Cattle(All),168,Common,0.0,176.0,5000.0,50000.0,35000.0,0.0,0.0
2025-01-26 00:00:00+05:30,367,Gudimalkapur,1571,Gudumalkapur,55,Onions,55,Common,0.0,1775.0,1000.0,3700.0,2100.0,0.0,0.0
2025-01-26 00:00:00+05:30,304,Kollapur,1601,Kollapur,1,Paddy,1,Common,0.0,150.0,2200.0,2200.0,2200.0,0.0,0.0
2025-01-27 00:00:00+05:30,323,Gaddiannaram,1,Gaddiannaram,76,Mango,291,Benishan,0.0,70.0,3300.0,27750.0,5000.0,0.0,0.0
2025-01-27 00:00:00+05:30,323,Gaddiannaram,2,L.B Nagar,98,Cabbage,98,Common,0.0,83.0,1000.0,1500.0,1200.0,0.0,0.0
2025-01-27 00:00:00+05:30,325,Hyderabad,5,Mahabubmansion,54,Chillies(Dry),250,Teja,0.0,459.0,12000.0,14500.0,13000.0,0.0,0.0
2025-01-27 00:00:00+05:30,325,Hyderabad,6,Madannapeta,98,Cabbage,98,Common,0.0,30.0,800.0,1200.0,1000.0,0.0,0.0
2025-01-27 00:00:00+05:30,325,Hyderabad,7,Meeralamandi,98,Cabbage,98,Common,0.0,5.0,800.0,1200.0,1000.0,0.0,0.0
2025-01-27 00:00:00+05:30,279,Thirumalagiri,9,Tirmalagiri,1,Paddy,237,Grade-A(IR64),0.0,32.0,1709.0,2092.0,2062.0,0.0,0.0
2025-01-27 00:00:00+05:30,367,Gudimalkapur,1571,Gudumalkapur,55,Onions,55,Common,0.0,561.0,500.0,3500.0,2000.0,0.0,0.0
2025-01-27 00:00:00+05:30,254,Enkoor,1589,Julurupadu,25,Cotton,25,Common,0.0,520.0,7200.0,6900.0,7000.0,0.0,0.0
2025-01-27 00:00:00+05:30,304,Kollapur,1601,Kollapur,1,Paddy,1,Common,0.0,150.0,2200.0,2200.0,2200.0,0.0,0.0
2025-01-28 00:00:00+05:30,323,Gaddiannaram,2,L.B Nagar,98,Cabbage,98,Common,0.0,138.0,1000.0,1500.0,1200.0,0.0,0.0
2025-01-28 00:00:00+05:30,324,Bowenpally,3,Bowenpally,55,Onions,55,Common,0.0,1129.0,800.0,3000.0,2400.0,0.0,0.0
2025-01-28 00:00:00+05:30,325,Hyderabad,6,Madannapeta,98,Cabbage,98,Common,0.0,30.0,600.0,1000.0,800.0,0.0,0.0
2025-01-28 00:00:00+05:30,325,Hyderabad,5,Mahabubmansion,54,Chillies(Dry),250,Teja,0.0,445.0,11000.0,13600.0,12000.0,0.0,0.0
2025-01-28 00:00:00+05:30,325,Hyderabad,7,Meeralamandi,98,Cabbage,98,Common,0.0,5.0,1000.0,1200.0,1100.0,0.0,0.0
2025-01-28 00:00:00+05:30,279,Thirumalagiri,9,Tirmalagiri,1,Paddy,237,Grade-A(IR64),0.0,17.0,1759.0,1759.0,1759.0,0.0,0.0
2025-01-28 00:00:00+05:30,367,Gudimalkapur,1571,Gudumalkapur,55,Onions,55,Common,0.0,1781.0,900.0,3500.0,2100.0,0.0,0.0
2025-01-29 00:00:00+05:30,323,Gaddiannaram,1,Gaddiannaram,76,Mango,291,Benishan,0.0,49.0,5250.0,15000.0,6100.0,0.0,0.0
2025-01-29 00:00:00+05:30,198,Luxettipet,27,Luxettipet,1,Paddy,1,Common,0.0,2138.0,2600.0,2600.0,2600.0,0.0,0.0
2025-01-29 00:00:00+05:30,325,Hyderabad,7,Meeralamandi,98,Cabbage,98,Common,0.0,6.0,800.0,1200.0,1000.0,0.0,0.0
2025-01-29 00:00:00+05:30,304,Kollapur,1601,Kollapur,1,Paddy,1,Common,0.0,150.0,2200.0,2200.0,2200.0,0.0,0.0
2025-01-30 00:00:00+05:30,323,Gaddiannaram,1,Gaddiannaram,76,Mango,291,Benishan,0.0,51.0,4400.0,12750.0,5000.0,0.0,0.0
2025-01-30 00:00:00+05:30,323,Gaddiannaram,2,L.B Nagar,98,Cabbage,98,Common,0.0,87.0,1000.0,1500.0,1200.0,0.0,0.0
2025-01-30 00:00:00+05:30,324,Bowenpally,3,Bowenpally,55,Onions,55,Common,0.0,1011.0,1000.0,3000.0,2500.0,0.0,0.0
2025-01-30 00:00:00+05:30,325,Hyderabad,5,Mahabubmansion,54,Chillies(Dry),250,Teja,0.0,479.0,11000.0,13500.0,12000.0,0.0,0.0
2025-01-30 00:00:00+05:30,325,Hyderabad,6,Madannapeta,98,Cabbage,98,Common,0.0,40.0,600.0,1000.0,800.0,0.0,0.0
2025-01-30 00:00:00+05:30,325,Hyderabad,7,Meeralamandi,98,Cabbage,98,Common,0.0,7.0,1000.0,1200.0,1100.0,0.0,0.0
2025-01-30 00:00:00+05:30,279,Thirumalagiri,9,Tirmalagiri,1,Paddy,237,Grade-A(IR64),0.0,53.0,1992.0,2109.0,2029.0,0.0,0.0
2025-01-30 00:00:00+05:30,278,Suryapet,1091,Suryapet,1,Paddy,195,Grade-A,0.0,375.0,1523.0,2602.0,2547.0,0.0,0.0
2025-01-30 00:00:00+05:30,367,Gudimalkapur,1571,Gudumalkapur,55,Onions,55,Common,0.0,2533.0,900.0,3500.0,2200.0,0.0,0.0
2025-01-30 00:00:00+05:30,304,Kollapur,1601,Kollapur,1,Paddy,1,Common,0.0,150.0,2200.0,2200.0,2200.0,0.0,0.0
2025-01-31 00:00:00+05:30,323,Gaddiannaram,1,Gaddiannaram,76,Mango,291,Benishan,0.0,150.0,3300.0,17750.0,6100.0,0.0,0.0
2025-01-31 00:00:00+05:30,323,Gaddiannaram,2,L.B Nagar,98,Cabbage,98,Common,0.0,100.0,800.0,1000.0,900.0,0.0,0.0
2025-01-31 00:00:00+05:30,324,Bowenpally,3,Bowenpally,55,Onions,55,Common,0.0,498.0,1000.0,2500.0,2000.0,0.0,0.0
2025-01-31 00:00:00+05:30,325,Hyderabad,5,Mahabubmansion,54,Chillies(Dry),250,Teja,0.0,483.0,11000.0,13000.0,12000.0,0.0,0.0
2025-01-31 00:00:00+05:30,325,Hyderabad,6,Madannapeta,98,Cabbage,98,Common,0.0,30.0,600.0,1000.0,800.0,0.0,0.0
2025-01-31 00:00:00+05:30,325,Hyderabad,7,Meeralamandi,98,Cabbage,98,Common,0.0,5.0,1000.0,1200.0,1100.0,0.0,0.0
2025-01-31 00:00:00+05:30,279,Thirumalagiri,9,Tirmalagiri,1,Paddy,237,Grade-A(IR64),0.0,2.0,1711.0,1711.0,1711.0,0.0,0.0
2025-01-31 00:00:00+05:30,199,Mancherial,18,Mancherial,1,Paddy,195,Grade-A,0.0,400.0,2320.0,2320.0,2320.0,0.0,0.0
2025-01-31 00:00:00+05:30,278,Suryapet,1091,Suryapet,1,Paddy,195,Grade-A,0.0,506.0,1536.0,2597.0,2333.0,0.0,0.0
2025-01-31 00:00:00+05:30,367,Gudimalkapur,1571,Gudumalkapur,55,Onions,55,Common,0.0,1528.0,1000.0,3500.0,2200.0,0.0,0.0
2025-01-25 00:00:00+05:30,325,Hyderabad,6,Madannapeta,99,Cauliflower,99,Common,0.0,5.0,2000.0,2000.0,2000.0,0.0,0.0
2025-01-25 00:00:00+05:30,325,Hyderabad,5,Mahabubmansion,54,Chillies(Dry),264,G.T,0.0,192.0,9000.0,12000.0,10000.0,0.0,0.0
2025-01-24 00:00:00+05:30,299,Atmakur(WNP),1343,Atmakur,15,Red Gram,15,Common,0.0,102.0,7100.0,7150.0,7100.0,0.0,0.0
2025-01-25 00:00:00+05:30,324,Bowenpally,3,Bowenpally,98,Cabbage,98,Common,0.0,1049.0,500.0,1000.0,900.0,0.0,0.0
2025-01-25 00:00:00+05:30,323,Gaddiannaram,2,L.B Nagar,99,Cauliflower,99,Common,0.0,51.0,1000.0,2000.0,1500.0,0.0,0.0
2025-01-25 00:00:00+05:30,323,Gaddiannaram,1,Gaddiannaram,76,Mango,292,Totapari,0.0,5.0,8300.0,8300.0,8300.0,0.0,0.0
2025-01-24 00:00:00+05:30,367,Gudimalkapur,1571,Gudumalkapur,98,Cabbage,98,Common,0.0,329.0,500.0,900.0,700.0,0.0,0.0
2025-01-24 00:00:00+05:30,278,Suryapet,1091,Suryapet,1,Paddy,237,Grade-A(IR64),0.0,19.0,1509.0,1806.0,1806.0,0.0,0.0
2025-01-24 00:00:00+05:30,325,Hyderabad,7,Meeralamandi,99,Cauliflower,99,Common,0.0,15.0,1500.0,1500.0,1500.0,0.0,0.0
2025-01-24 00:00:00+05:30,219,Jagtial,1125,Jagtial,1,Paddy,241,Grade-A (Jai Sri Ram),0.0,7.0,2352.0,2651.0,2651.0,0.0,0.0
2025-01-24 00:00:00+05:30,325,Hyderabad,6,Madannapeta,99,Cauliflower,99,Common,0.0,13.0,1500.0,2000.0,1750.0,0.0,0.0
2025-01-24 00:00:00+05:30,325,Hyderabad,5,Mahabubmansion,54,Chillies(Dry),264,G.T,0.0,247.0,9000.0,12000.0,10000.0,0.0,0.0
2025-01-23 00:00:00+05:30,299,Atmakur(WNP),1343,Atmakur,15,Red Gram,15,Common,0.0,53.0,7100.0,7150.0,7100.0,0.0,0.0
2025-01-23 00:00:00+05:30,309,Narayanpet,1342,Narayanpet,1,Paddy,272,Grade-A (Sonamasuri),0.0,58.2,1940.0,2473.0,2473.0,0.0,0.0
2025-01-24 00:00:00+05:30,324,Bowenpally,3,Bowenpally,98,Cabbage,98,Common,0.0,945.0,500.0,1000.0,900.0,0.0,0.0
2025-01-24 00:00:00+05:30,323,Gaddiannaram,2,L.B Nagar,99,Cauliflower,99,Common,0.0,24.0,1000.0,2000.0,1500.0,0.0,0.0
2025-01-24 00:00:00+05:30,323,Gaddiannaram,1,Gaddiannaram,76,Mango,292,Totapari,0.0,5.0,2750.0,10000.0,3300.0,0.0,0.0
2025-01-23 00:00:00+05:30,367,Gudimalkapur,1571,Gudumalkapur,98,Cabbage,98,Common,0.0,458.0,400.0,700.0,500.0,0.0,0.0
2025-01-23 00:00:00+05:30,302,Gadwal,1328,Gadwal,1,Paddy,272,Grade-A (Sonamasuri),0.0,16.0,2306.0,2306.0,2306.0,0.0,0.0
2025-01-23 00:00:00+05:30,278,Suryapet,1091,Suryapet,1,Paddy,237,Grade-A(IR64),0.0,52.0,1706.0,2106.0,1706.0,0.0,0.0
2025-01-23 00:00:00+05:30,239,Kesamudram,1168,Kesamudram,1,Paddy,241,Grade-A (Jai Sri Ram),0.0,303.0,2618.0,2911.0,2766.0,0.0,0.0
2025-01-23 00:00:00+05:30,325,Hyderabad,7,Meeralamandi,99,Cauliflower,99,Common,0.0,12.0,1500.0,2000.0,1750.0,0.0,0.0
2025-01-23 00:00:00+05:30,325,Hyderabad,5,Mahabubmansion,54,Chillies(Dry),264,G.T,0.0,355.0,9000.0,12000.0,10000.0,0.0,0.0
2025-01-23 00:00:00+05:30,325,Hyderabad,6,Madannapeta,99,Cauliflower,99,Common,0.0,5.0,1500.0,1500.0,1500.0,0.0,0.0
2025-01-23 00:00:00+05:30,324,Bowenpally,3,Bowenpally,98,Cabbage,98,Common,0.0,1127.0,500.0,800.0,700.0,0.0,0.0
2025-01-23 00:00:00+05:30,323,Gaddiannaram,2,L.B Nagar,99,Cauliflower,99,Common,0.0,53.0,1000.0,2000.0,1500.0,0.0,0.0
2025-01-22 00:00:00+05:30,299,Atmakur(WNP),1343,Atmakur,15,Red Gram,15,Common,0.0,43.5,7100.0,7150.0,7100.0,0.0,0.0
2025-01-22 00:00:00+05:30,301,Devarakadra,1352,Devarakadra,1,Paddy,272,Grade-A (Sonamasuri),0.0,28.0,2400.0,2709.0,2555.0,0.0,0.0
2025-01-22 00:00:00+05:30,300,Badepally,1327,Badepally,1,Paddy,195,Grade-A,0.0,14.0,1930.0,1930.0,1930.0,0.0,0.0
2025-01-22 00:00:00+05:30,282,Dubbaka,1215,Dubbak,1,Paddy,237,Grade-A(IR64),0.0,600.0,2320.0,2320.0,2320.0,0.0,0.0
2025-01-22 00:00:00+05:30,309,Narayanpet,1342,Narayanpet,1,Paddy,272,Grade-A (Sonamasuri),0.0,25.2,1939.0,2469.0,1939.0,0.0,0.0
2025-01-22 00:00:00+05:30,367,Gudimalkapur,1571,Gudumalkapur,98,Cabbage,98,Common,0.0,270.0,400.0,800.0,600.0,0.0,0.0
2025-01-21 00:00:00+05:30,301,Devarakadra,1352,Devarakadra,1,Paddy,272,Grade-A (Sonamasuri),0.0,4.0,2509.0,2509.0,2509.0,0.0,0.0
2025-01-22 00:00:00+05:30,239,Kesamudram,1168,Kesamudram,1,Paddy,241,Grade-A (Jai Sri Ram),0.0,97.0,2671.0,2939.0,2929.0,0.0,0.0
2025-01-22 00:00:00+05:30,302,Gadwal,1328,Gadwal,1,Paddy,272,Grade-A (Sonamasuri),0.0,31.0,2428.0,2479.0,2428.0,0.0,0.0
2025-01-22 00:00:00+05:30,325,Hyderabad,7,Meeralamandi,99,Cauliflower,99,Common,0.0,12.0,1500.0,1500.0,1500.0,0.0,0.0
2025-01-22 00:00:00+05:30,325,Hyderabad,5,Mahabubmansion,54,Chillies(Dry),264,G.T,0.0,340.0,9000.0,12000.0,10000.0,0.0,0.0
2025-01-22 00:00:00+05:30,325,Hyderabad,6,Madannapeta,99,Cauliflower,99,Common,0.0,5.0,1000.0,1000.0,1000.0,0.0,0.0
2025-01-22 00:00:00+05:30,324,Bowenpally,3,Bowenpally,98,Cabbage,98,Common,0.0,889.0,500.0,1000.0,800.0,0.0,0.0
2025-01-22 00:00:00+05:30,323,Gaddiannaram,2,L.B Nagar,99,Cauliflower,99,Common,0.0,33.0,1000.0,1500.0,1200.0,0.0,0.0
2025-01-22 00:00:00+05:30,323,Gaddiannaram,1,Gaddiannaram,76,Mango,292,Totapari,0.0,4.0,11100.0,14700.0,11900.0,0.0,0.0
2025-01-21 00:00:00+05:30,309,Narayanpet,1342,Narayanpet,1,Paddy,272,Grade-A (Sonamasuri),0.0,24.6,2340.0,2449.0,2449.0,0.0,0.0
2025-01-21 00:00:00+05:30,302,Gadwal,1328,Gadwal,1,Paddy,272,Grade-A (Sonamasuri),0.0,38.0,2349.0,2446.0,2436.0,0.0,0.0
2025-01-21 00:00:00+05:30,367,Gudimalkapur,1571,Gudumalkapur,98,Cabbage,98,Common,0.0,332.0,300.0,700.0,500.0,0.0,0.0
2025-01-21 00:00:00+05:30,278,Suryapet,1091,Suryapet,1,Paddy,237,Grade-A(IR64),0.0,62.0,1856.0,2166.0,1856.0,0.0,0.0
2025-01-20 00:00:00+05:30,301,Devarakadra,1352,Devarakadra,1,Paddy,272,Grade-A (Sonamasuri),0.0,31.0,2609.0,2671.0,2640.0,0.0,0.0
2025-01-21 00:00:00+05:30,219,Jagtial,1125,Jagtial,1,Paddy,241,Grade-A (Jai Sri Ram),0.0,14.0,1801.0,2626.0,2626.0,0.0,0.0
2025-01-21 00:00:00+05:30,239,Kesamudram,1168,Kesamudram,1,Paddy,241,Grade-A (Jai Sri Ram),0.0,90.0,2565.0,2911.0,2719.0,0.0,0.0
2025-01-21 00:00:00+05:30,300,Badepally,1327,Badepally,1,Paddy,195,Grade-A,0.0,15.0,1526.0,1526.0,1526.0,0.0,0.0
2025-01-21 00:00:00+05:30,325,Hyderabad,7,Meeralamandi,99,Cauliflower,99,Common,0.0,11.0,1500.0,2000.0,1750.0,0.0,0.0
2025-01-21 00:00:00+05:30,325,Hyderabad,5,Mahabubmansion,54,Chillies(Dry),264,G.T,0.0,174.0,9000.0,11000.0,10000.0,0.0,0.0
2025-01-21 00:00:00+05:30,325,Hyderabad,6,Madannapeta,99,Cauliflower,99,Common,0.0,14.0,1000.0,1500.0,1250.0,0.0,0.0
2025-01-21 00:00:00+05:30,324,Bowenpally,3,Bowenpally,98,Cabbage,98,Common,0.0,1786.0,500.0,1000.0,900.0,0.0,0.0
2025-01-21 00:00:00+05:30,323,Gaddiannaram,2,L.B Nagar,99,Cauliflower,99,Common,0.0,31.0,1000.0,1500.0,1200.0,0.0,0.0
2025-01-21 00:00:00+05:30,323,Gaddiannaram,1,Gaddiannaram,76,Mango,292,Totapari,0.0,6.0,12750.0,12750.0,12750.0,0.0,0.0
2025-01-20 00:00:00+05:30,367,Gudimalkapur,1571,Gudumalkapur,98,Cabbage,98,Common,0.0,623.0,300.0,1000.0,700.0,0.0,0.0
2025-01-20 00:00:00+05:30,302,Gadwal,1328,Gadwal,1,Paddy,272,Grade-A (Sonamasuri),0.0,30.0,2389.0,2389.0,2389.0,0.0,0.0
2025-01-20 00:00:00+05:30,310,Shadnagar,1330,Shadnagar,1,Paddy,238,Grade-A (BPT),0.0,431.0,2149.0,2752.0,2149.0,0.0,0.0
2025-01-20 00:00:00+05:30,309,Narayanpet,1342,Narayanpet,1,Paddy,272,Grade-A (Sonamasuri),0.0,49.8,2369.0,2469.0,2369.0,0.0,0.0
2025-01-20 00:00:00+05:30,299,Atmakur(WNP),1343,Atmakur,15,Red Gram,15,Common,0.0,19.0,7200.0,7200.0,7200.0,0.0,0.0
2025-01-20 00:00:00+05:30,278,Suryapet,1091,Suryapet,1,Paddy,237,Grade-A(IR64),0.0,218.0,1846.0,2289.0,2269.0,0.0,0.0
2025-01-20 00:00:00+05:30,208,Nizamabad,1080,Nizamabad,1,Paddy,238,Grade-A (BPT),0.0,3.0,1800.0,1800.0,1800.0,0.0,0.0
2025-01-20 00:00:00+05:30,219,Jagtial,1125,Jagtial,1,Paddy,241,Grade-A (Jai Sri Ram),0.0,3.0,2613.0,2613.0,2613.0,0.0,0.0
2025-01-20 00:00:00+05:30,239,Kesamudram,1168,Kesamudram,1,Paddy,241,Grade-A (Jai Sri Ram),0.0,107.0,2512.0,2939.0,2531.0,0.0,0.0
2025-01-20 00:00:00+05:30,290,Siddipet,1193,Siddipet,1,Paddy,195,Grade-A,0.0,2.99,2211.0,2211.0,2211.0,0.0,0.0
2025-01-20 00:00:00+05:30,282,Dubbaka,1215,Dubbak,1,Paddy,237,Grade-A(IR64),0.0,320.0,2320.0,2320.0,2320.0,0.0,0.0
2025-01-20 00:00:00+05:30,325,Hyderabad,7,Meeralamandi,99,Cauliflower,99,Common,0.0,11.0,2000.0,3000.0,2500.0,0.0,0.0
2025-01-20 00:00:00+05:30,325,Hyderabad,5,Mahabubmansion,54,Chillies(Dry),264,G.T,0.0,304.0,9000.0,12000.0,10000.0,0.0,0.0
2025-01-20 00:00:00+05:30,325,Hyderabad,6,Madannapeta,99,Cauliflower,99,Common,0.0,5.0,1500.0,1500.0,1500.0,0.0,0.0
2025-01-20 00:00:00+05:30,324,Bowenpally,3,Bowenpally,98,Cabbage,98,Common,0.0,1413.0,600.0,1000.0,900.0,0.0,0.0
2025-01-20 00:00:00+05:30,323,Gaddiannaram,2,L.B Nagar,99,Cauliflower,99,Common,0.0,13.0,1000.0,1500.0,1200.0,0.0,0.0
2025-01-20 00:00:00+05:30,323,Gaddiannaram,1,Gaddiannaram,76,Mango,292,Totapari,0.0,12.0,3050.0,13300.0,9150.0,0.0,0.0
2025-01-19 00:00:00+05:30,329,Navabpet(MBNR),1483,Navabpet,1,Paddy,272,Grade-A (Sonamasuri),0.0,467.0,1822.0,2684.0,1684.0,0.0,0.0
2025-01-19 00:00:00+05:30,299,Atmakur(WNP),1343,Atmakur,15,Red Gram,15,Common,0.0,30.0,7100.0,7150.0,7100.0,0.0,0.0
2025-01-19 00:00:00+05:30,367,Gudimalkapur,1571,Gudumalkapur,98,Cabbage,98,Common,0.0,801.0,400.0,900.0,500.0,0.0,0.0
2025-01-19 00:00:00+05:30,325,Hyderabad,7,Meeralamandi,99,Cauliflower,99,Common,0.0,14.0,1000.0,1200.0,1100.0,0.0,0.0
2025-01-19 00:00:00+05:30,325,Hyderabad,6,Madannapeta,99,Cauliflower,99,Common,0.0,8.0,1000.0,1500.0,1250.0,0.0,0.0
2025-01-19 00:00:00+05:30,323,Gaddiannaram,2,L.B Nagar,99,Cauliflower,99,Common,0.0,36.0,1000.0,2000.0,1200.0,0.0,0.0
2025-01-18 00:00:00+05:30,309,Narayanpet,1342,Narayanpet,1,Paddy,272,Grade-A (Sonamasuri),0.0,36.0,2479.0,2479.0,2479.0,0.0,0.0
2025-01-18 00:00:00+05:30,299,Atmakur(WNP),1343,Atmakur,15,Red Gram,15,Common,0.0,43.0,7100.0,7150.0,7100.0,0.0,0.0
2025-01-18 00:00:00+05:30,301,Devarakadra,1352,Devarakadra,1,Paddy,272,Grade-A (Sonamasuri),0.0,5.0,2649.0,2649.0,2649.0,0.0,0.0
2025-01-18 00:00:00+05:30,367,Gudimalkapur,1571,Gudumalkapur,98,Cabbage,98,Common,0.0,558.0,800.0,1000.0,900.0,0.0,0.0
2025-01-18 00:00:00+05:30,278,Suryapet,1091,Suryapet,1,Paddy,237,Grade-A(IR64),0.0,49.0,1889.0,2206.0,2206.0,0.0,0.0
2025-01-18 00:00:00+05:30,325,Hyderabad,7,Meeralamandi,99,Cauliflower,99,Common,0.0,11.0,2000.0,2500.0,2250.0,0.0,0.0
2025-01-18 00:00:00+05:30,325,Hyderabad,6,Madannapeta,99,Cauliflower,99,Common,0.0,3.0,1200.0,1200.0,1200.0,0.0,0.0
2025-01-18 00:00:00+05:30,325,Hyderabad,5,Mahabubmansion,54,Chillies(Dry),264,G.T,0.0,99.0,9000.0,11000.0,10000.0,0.0,0.0
2025-01-17 00:00:00+05:30,309,Narayanpet,1342,Narayanpet,1,Paddy,272,Grade-A (Sonamasuri),0.0,17.4,2351.0,2471.0,2471.0,0.0,0.0
2025-01-18 00:00:00+05:30,323,Gaddiannaram,2,L.B Nagar,99,Cauliflower,99,Common,0.0,29.0,1000.0,2000.0,1500.0,0.0,0.0
2025-01-18 00:00:00+05:30,324,Bowenpally,3,Bowenpally,98,Cabbage,98,Common,0.0,1598.0,500.0,1000.0,800.0,0.0,0.0
2025-01-17 00:00:00+05:30,278,Suryapet,1091,Suryapet,1,Paddy,237,Grade-A(IR64),0.0,45.0,1536.0,2179.0,2179.0,0.0,0.0
2025-01-17 00:00:00+05:30,239,Kesamudram,1168,Kesamudram,1,Paddy,241,Grade-A (Jai Sri Ram),0.0,29.0,2711.0,2711.0,2711.0,0.0,0.0
2025-01-17 00:00:00+05:30,302,Gadwal,1328,Gadwal,1,Paddy,272,Grade-A (Sonamasuri),0.0,125.0,1929.0,2479.0,2479.0,0.0,0.0
2025-01-17 00:00:00+05:30,325,Hyderabad,7,Meeralamandi,99,Cauliflower,99,Common,0.0,8.0,1200.0,1500.0,1350.0,0.0,0.0
2025-01-17 00:00:00+05:30,325,Hyderabad,5,Mahabubmansion,54,Chillies(Dry),264,G.T,0.0,195.0,9000.0,11000.0,10000.0,0.0,0.0
2025-01-17 00:00:00+05:30,323,Gaddiannaram,2,L.B Nagar,99,Cauliflower,99,Common,0.0,30.0,1000.0,1500.0,1200.0,0.0,0.0
2025-01-17 00:00:00+05:30,324,Bowenpally,3,Bowenpally,98,Cabbage,98,Common,0.0,1114.0,500.0,1000.0,900.0,0.0,0.0
2025-01-16 00:00:00+05:30,301,Devarakadra,1352,Devarakadra,1,Paddy,272,Grade-A (Sonamasuri),0.0,6.0,2559.0,2559.0,2559.0,0.0,0.0
2025-01-16 00:00:00+05:30,299,Atmakur(WNP),1343,Atmakur,15,Red Gram,15,Common,0.0,62.5,7100.0,7150.0,7100.0,0.0,0.0
2025-01-16 00:00:00+05:30,309,Narayanpet,1342,Narayanpet,1,Paddy,272,Grade-A (Sonamasuri),0.0,52.2,2429.0,2509.0,2489.0,0.0,0.0
2025-01-16 00:00:00+05:30,302,Gadwal,1328,Gadwal,1,Paddy,272,Grade-A (Sonamasuri),0.0,67.0,2275.0,2446.0,2446.0,0.0,0.0
2025-01-16 00:00:00+05:30,310,Shadnagar,1330,Shadnagar,1,Paddy,238,Grade-A (BPT),0.0,78.39,2679.0,2679.0,2679.0,0.0,0.0
2025-01-16 00:00:00+05:30,367,Gudimalkapur,1571,Gudumalkapur,98,Cabbage,98,Common,0.0,505.0,700.0,1000.0,800.0,0.0,0.0
2025-01-16 00:00:00+05:30,278,Suryapet,1091,Suryapet,1,Paddy,237,Grade-A(IR64),0.0,34.0,1856.0,2159.0,2159.0,0.0,0.0
2025-01-16 00:00:00+05:30,219,Jagtial,1125,Jagtial,1,Paddy,241,Grade-A (Jai Sri Ram),0.0,16.0,2527.0,2527.0,2527.0,0.0,0.0
2025-01-16 00:00:00+05:30,325,Hyderabad,7,Meeralamandi,99,Cauliflower,99,Common,0.0,9.0,2000.0,2500.0,2250.0,0.0,0.0
2025-01-16 00:00:00+05:30,325,Hyderabad,5,Mahabubmansion,54,Chillies(Dry),264,G.T,0.0,52.0,7000.0,11000.0,10000.0,0.0,0.0
2025-01-16 00:00:00+05:30,325,Hyderabad,6,Madannapeta,99,Cauliflower,99,Common,0.0,5.0,1200.0,1200.0,1200.0,0.0,0.0
2025-01-16 00:00:00+05:30,323,Gaddiannaram,2,L.B Nagar,99,Cauliflower,99,Common,0.0,28.0,1000.0,2000.0,1500.0,0.0,0.0
2025-01-16 00:00:00+05:30,324,Bowenpally,3,Bowenpally,98,Cabbage,98,Common,0.0,839.0,500.0,1000.0,900.0,0.0,0.0
2025-01-15 00:00:00+05:30,324,Bowenpally,3,Bowenpally,98,Cabbage,98,Common,0.0,531.0,500.0,1000.0,900.0,0.0,0.0
2025-01-15 00:00:00+05:30,323,Gaddiannaram,2,L.B Nagar,99,Cauliflower,99,Common,0.0,5.0,1000.0,2000.0,1500.0,0.0,0.0
2025-01-15 00:00:00+05:30,367,Gudimalkapur,1571,Gudumalkapur,98,Cabbage,98,Common,0.0,208.0,600.0,1000.0,700.0,0.0,0.0
2025-01-14 00:00:00+05:30,367,Gudimalkapur,1571,Gudumalkapur,98,Cabbage,98,Common,0.0,140.0,600.0,1000.0,800.0,0.0,0.0
2025-01-14 00:00:00+05:30,325,Hyderabad,6,Madannapeta,99,Cauliflower,99,Common,0.0,19.0,1000.0,1200.0,1100.0,0.0,0.0
2025-01-14 00:00:00+05:30,324,Bowenpally,3,Bowenpally,98,Cabbage,98,Common,0.0,572.0,300.0,800.0,600.0,0.0,0.0
2025-01-14 00:00:00+05:30,323,Gaddiannaram,2,L.B Nagar,99,Cauliflower,99,Common,0.0,3.0,1000.0,1000.0,1000.0,0.0,0.0
2025-01-13 00:00:00+05:30,367,Gudimalkapur,1571,Gudumalkapur,98,Cabbage,98,Common,0.0,299.0,700.0,900.0,800.0,0.0,0.0
2025-01-12 00:00:00+05:30,299,Atmakur(WNP),1343,Atmakur,15,Red Gram,15,Common,0.0,12.0,7200.0,7300.0,7200.0,0.0,0.0
2025-01-12 00:00:00+05:30,329,Navabpet(MBNR),1483,Navabpet,1,Paddy,272,Grade-A (Sonamasuri),0.0,1152.0,1818.0,2679.0,2670.0,0.0,0.0
2025-01-13 00:00:00+05:30,325,Hyderabad,7,Meeralamandi,99,Cauliflower,99,Common,0.0,10.0,2000.0,2000.0,2000.0,0.0,0.0
2025-01-13 00:00:00+05:30,325,Hyderabad,5,Mahabubmansion,54,Chillies(Dry),264,G.T,0.0,80.0,9000.0,11000.0,10000.0,0.0,0.0
2025-01-13 00:00:00+05:30,325,Hyderabad,6,Madannapeta,99,Cauliflower,99,Common,0.0,10.0,1500.0,1500.0,1500.0,0.0,0.0
2025-01-13 00:00:00+05:30,324,Bowenpally,3,Bowenpally,98,Cabbage,98,Common,0.0,573.0,400.0,1000.0,800.0,0.0,0.0
2025-01-13 00:00:00+05:30,323,Gaddiannaram,2,L.B Nagar,99,Cauliflower,99,Common,0.0,27.0,1000.0,2000.0,1500.0,0.0,0.0
2025-01-13 00:00:00+05:30,323,Gaddiannaram,1,Gaddiannaram,76,Mango,292,Totapari,0.0,11.0,300.0,9400.0,6100.0,0.0,0.0
2025-01-12 00:00:00+05:30,367,Gudimalkapur,1571,Gudumalkapur,98,Cabbage,98,Common,0.0,380.0,500.0,1000.0,800.0,0.0,0.0
2025-01-11 00:00:00+05:30,309,Narayanpet,1342,Narayanpet,1,Paddy,272,Grade-A (Sonamasuri),0.0,31.2,2429.0,2478.0,2429.0,0.0,0.0
2025-01-11 00:00:00+05:30,299,Atmakur(WNP),1343,Atmakur,15,Red Gram,15,Common,0.0,24.0,7400.0,7450.0,7400.0,0.0,0.0
2025-01-12 00:00:00+05:30,325,Hyderabad,7,Meeralamandi,99,Cauliflower,99,Common,0.0,12.0,1200.0,1500.0,1350.0,0.0,0.0
2025-01-12 00:00:00+05:30,325,Hyderabad,6,Madannapeta,99,Cauliflower,99,Common,0.0,3.0,1200.0,1200.0,1200.0,0.0,0.0
2025-01-12 00:00:00+05:30,324,Bowenpally,3,Bowenpally,98,Cabbage,98,Common,0.0,810.0,500.0,1000.0,800.0,0.0,0.0
2025-01-11 00:00:00+05:30,300,Badepally,1327,Badepally,1,Paddy,195,Grade-A,0.0,18.0,2110.0,2110.0,2110.0,0.0,0.0
2025-01-11 00:00:00+05:30,367,Gudimalkapur,1571,Gudumalkapur,98,Cabbage,98,Common,0.0,316.0,700.0,1000.0,800.0,0.0,0.0
2025-01-11 00:00:00+05:30,325,Hyderabad,7,Meeralamandi,99,Cauliflower,99,Common,0.0,11.0,1500.0,2000.0,1750.0,0.0,0.0
2025-01-11 00:00:00+05:30,325,Hyderabad,6,Madannapeta,99,Cauliflower,99,Common,0.0,5.0,1200.0,1200.0,1200.0,0.0,0.0
2025-01-11 00:00:00+05:30,325,Hyderabad,5,Mahabubmansion,54,Chillies(Dry),264,G.T,0.0,140.0,10000.0,12000.0,11000.0,0.0,0.0
2025-01-10 00:00:00+05:30,309,Narayanpet,1342,Narayanpet,1,Paddy,272,Grade-A (Sonamasuri),0.0,65.4,2140.0,2506.0,2463.0,0.0,0.0
2025-01-11 00:00:00+05:30,323,Gaddiannaram,2,L.B Nagar,99,Cauliflower,99,Common,0.0,22.0,1000.0,1500.0,1200.0,0.0,0.0
2025-01-11 00:00:00+05:30,324,Bowenpally,3,Bowenpally,98,Cabbage,98,Common,0.0,1023.0,500.0,1000.0,900.0,0.0,0.0
2025-01-11 00:00:00+05:30,323,Gaddiannaram,1,Gaddiannaram,76,Mango,292,Totapari,0.0,25.0,2500.0,11100.0,4400.0,0.0,0.0
2025-01-10 00:00:00+05:30,367,Gudimalkapur,1571,Gudumalkapur,98,Cabbage,98,Common,0.0,324.0,600.0,1000.0,700.0,0.0,0.0
2025-01-10 00:00:00+05:30,310,Shadnagar,1330,Shadnagar,1,Paddy,238,Grade-A (BPT),0.0,135.72,1801.0,2643.0,1801.0,0.0,0.0
2025-01-10 00:00:00+05:30,308,Nagarkurnool,1334,Nagarkurnool,1,Paddy,271,Common (Hamsa),0.0,37.6,2340.0,2565.0,2360.0,0.0,0.0
2025-01-10 00:00:00+05:30,239,Kesamudram,1168,Kesamudram,1,Paddy,241,Grade-A (Jai Sri Ram),0.0,61.0,2559.0,2921.0,2619.0,0.0,0.0
2025-01-10 00:00:00+05:30,219,Jagtial,1125,Jagtial,1,Paddy,241,Grade-A (Jai Sri Ram),0.0,6.0,2582.0,2582.0,2582.0,0.0,0.0
2025-01-09 00:00:00+05:30,299,Atmakur(WNP),1343,Atmakur,15,Red Gram,15,Common,0.0,19.0,7300.0,7500.0,7300.0,0.0,0.0
2025-01-10 00:00:00+05:30,306,Mahbubnagar,1326,Mahaboobnagar,1,Paddy,272,Grade-A (Sonamasuri),0.0,10.0,2525.0,2587.0,2587.0,0.0,0.0
2025-01-10 00:00:00+05:30,278,Suryapet,1091,Suryapet,1,Paddy,237,Grade-A(IR64),0.0,102.0,1556.0,2368.0,2368.0,0.0,0.0
2025-01-09 00:00:00+05:30,309,Narayanpet,1342,Narayanpet,1,Paddy,272,Grade-A (Sonamasuri),0.0,75.6,2476.0,2493.0,2476.0,0.0,0.0
2025-01-09 00:00:00+05:30,301,Devarakadra,1352,Devarakadra,1,Paddy,272,Grade-A (Sonamasuri),0.0,27.0,2409.0,2629.0,2519.0,0.0,0.0
2025-01-10 00:00:00+05:30,325,Hyderabad,7,Meeralamandi,99,Cauliflower,99,Common,0.0,10.0,1200.0,1500.0,1350.0,0.0,0.0
2025-01-10 00:00:00+05:30,325,Hyderabad,5,Mahabubmansion,54,Chillies(Dry),264,G.T,0.0,358.0,10000.0,12000.0,11000.0,0.0,0.0
2025-01-10 00:00:00+05:30,325,Hyderabad,6,Madannapeta,99,Cauliflower,99,Common,0.0,3.0,1200.0,1200.0,1200.0,0.0,0.0
2025-01-10 00:00:00+05:30,324,Bowenpally,3,Bowenpally,98,Cabbage,98,Common,0.0,1316.0,500.0,1000.0,800.0,0.0,0.0
2025-01-10 00:00:00+05:30,323,Gaddiannaram,2,L.B Nagar,99,Cauliflower,99,Common,0.0,8.0,1000.0,1500.0,1200.0,0.0,0.0
2025-01-09 00:00:00+05:30,300,Badepally,1327,Badepally,1,Paddy,195,Grade-A,0.0,60.0,1967.0,2077.0,2077.0,0.0,0.0
2025-01-09 00:00:00+05:30,306,Mahbubnagar,1326,Mahaboobnagar,1,Paddy,272,Grade-A (Sonamasuri),0.0,10.0,2576.0,2576.0,2576.0,0.0,0.0
2025-01-09 00:00:00+05:30,282,Dubbaka,1215,Dubbak,1,Paddy,237,Grade-A(IR64),0.0,250.0,2320.0,2320.0,2320.0,0.0,0.0
2025-01-09 00:00:00+05:30,310,Shadnagar,1330,Shadnagar,1,Paddy,238,Grade-A (BPT),0.0,174.72,2539.0,2675.0,2539.0,0.0,0.0
2025-01-09 00:00:00+05:30,367,Gudimalkapur,1571,Gudumalkapur,98,Cabbage,98,Common,0.0,380.0,500.0,1000.0,600.0,0.0,0.0
2025-01-09 00:00:00+05:30,219,Jagtial,1125,Jagtial,1,Paddy,241,Grade-A (Jai Sri Ram),0.0,4.0,2220.0,2565.0,2220.0,0.0,0.0
2025-01-09 00:00:00+05:30,238,Jangoan,1169,Jangaon,1,Paddy,237,Grade-A(IR64),0.0,6.5,2001.0,2001.0,2001.0,0.0,0.0
2025-01-09 00:00:00+05:30,278,Suryapet,1091,Suryapet,1,Paddy,237,Grade-A(IR64),0.0,114.0,1466.0,2367.0,2367.0,0.0,0.0
2025-01-09 00:00:00+05:30,196,Khanapur,20,Khanpur,1,Paddy,195,Grade-A,0.0,148.0,2320.0,2320.0,2320.0,0.0,0.0
2025-01-09 00:00:00+05:30,325,Hyderabad,7,Meeralamandi,99,Cauliflower,99,Common,0.0,9.0,1200.0,1500.0,1350.0,0.0,0.0
2025-01-09 00:00:00+05:30,325,Hyderabad,6,Madannapeta,99,Cauliflower,99,Common,0.0,8.0,1350.0,1350.0,1350.0,0.0,0.0
2025-01-09 00:00:00+05:30,325,Hyderabad,5,Mahabubmansion,54,Chillies(Dry),264,G.T,0.0,289.0,10000.0,12000.0,11000.0,0.0,0.0
2025-01-08 00:00:00+05:30,309,Narayanpet,1342,Narayanpet,1,Paddy,272,Grade-A (Sonamasuri),0.0,111.0,1800.0,2503.0,2503.0,0.0,0.0
2025-01-08 00:00:00+05:30,299,Atmakur(WNP),1343,Atmakur,15,Red Gram,15,Common,0.0,26.0,7300.0,7500.0,7300.0,0.0,0.0
2025-01-08 00:00:00+05:30,301,Devarakadra,1352,Devarakadra,1,Paddy,272,Grade-A (Sonamasuri),0.0,25.0,2609.0,2642.0,2625.0,0.0,0.0
2025-01-09 00:00:00+05:30,324,Bowenpally,3,Bowenpally,98,Cabbage,98,Common,0.0,1184.0,600.0,1000.0,900.0,0.0,0.0
2025-01-09 00:00:00+05:30,323,Gaddiannaram,2,L.B Nagar,99,Cauliflower,99,Common,0.0,59.0,1000.0,1500.0,1200.0,0.0,0.0
2025-01-09 00:00:00+05:30,323,Gaddiannaram,1,Gaddiannaram,76,Mango,292,Totapari,0.0,23.0,2750.0,13850.0,3850.0,0.0,0.0
2025-01-08 00:00:00+05:30,306,Mahbubnagar,1326,Mahaboobnagar,1,Paddy,272,Grade-A (Sonamasuri),0.0,81.0,2570.0,2588.0,2570.0,0.0,0.0
2025-01-08 00:00:00+05:30,300,Badepally,1327,Badepally,1,Paddy,195,Grade-A,0.0,18.0,1870.0,1870.0,1870.0,0.0,0.0
2025-01-08 00:00:00+05:30,310,Shadnagar,1330,Shadnagar,1,Paddy,238,Grade-A (BPT),0.0,190.73,2403.0,2669.0,2669.0,0.0,0.0
2025-01-08 00:00:00+05:30,367,Gudimalkapur,1571,Gudumalkapur,98,Cabbage,98,Common,0.0,288.0,400.0,800.0,600.0,0.0,0.0
2025-01-08 00:00:00+05:30,239,Kesamudram,1168,Kesamudram,1,Paddy,241,Grade-A (Jai Sri Ram),0.0,81.0,2545.0,2768.0,2552.0,0.0,0.0
2025-01-08 00:00:00+05:30,238,Jangoan,1169,Jangaon,1,Paddy,237,Grade-A(IR64),0.0,6.5,2100.0,2100.0,2100.0,0.0,0.0
2025-01-08 00:00:00+05:30,278,Suryapet,1091,Suryapet,1,Paddy,237,Grade-A(IR64),0.0,176.0,1726.0,2356.0,1826.0,0.0,0.0
2025-01-08 00:00:00+05:30,196,Khanapur,20,Khanpur,1,Paddy,195,Grade-A,0.0,590.0,2320.0,2320.0,2320.0,0.0,0.0
2025-01-08 00:00:00+05:30,279,Thirumalagiri,9,Tirmalagiri,1,Paddy,240,Common (1001),0.0,19.0,2339.0,2339.0,2339.0,0.0,0.0
2025-01-08 00:00:00+05:30,325,Hyderabad,7,Meeralamandi,99,Cauliflower,99,Common,0.0,11.0,1000.0,1500.0,1250.0,0.0,0.0
2025-01-08 00:00:00+05:30,325,Hyderabad,5,Mahabubmansion,54,Chillies(Dry),264,G.T,0.0,117.0,10000.0,12000.0,11000.0,0.0,0.0
2025-01-08 00:00:00+05:30,325,Hyderabad,6,Madannapeta,99,Cauliflower,99,Common,0.0,19.0,1000.0,1200.0,1100.0,0.0,0.0
2025-01-08 00:00:00+05:30,324,Bowenpally,3,Bowenpally,98,Cabbage,98,Common,0.0,1078.0,500.0,1000.0,900.0,0.0,0.0
2025-01-08 00:00:00+05:30,323,Gaddiannaram,2,L.B Nagar,99,Cauliflower,99,Common,0.0,58.0,1000.0,1500.0,1200.0,0.0,0.0
2025-01-08 00:00:00+05:30,323,Gaddiannaram,1,Gaddiannaram,76,Mango,292,Totapari,0.0,24.0,3050.0,11100.0,4700.0,0.0,0.0
2025-01-07 00:00:00+05:30,367,Gudimalkapur,1571,Gudumalkapur,98,Cabbage,98,Common,0.0,335.0,500.0,900.0,600.0,0.0,0.0
2025-01-07 00:00:00+05:30,302,Gadwal,1328,Gadwal,1,Paddy,272,Grade-A (Sonamasuri),0.0,900.0,1861.0,2276.0,2249.0,0.0,0.0
2025-01-07 00:00:00+05:30,300,Badepally,1327,Badepally,1,Paddy,195,Grade-A,0.0,38.0,1867.0,2077.0,2077.0,0.0,0.0
2025-01-07 00:00:00+05:30,309,Narayanpet,1342,Narayanpet,1,Paddy,272,Grade-A (Sonamasuri),0.0,64.8,1500.0,2466.0,2380.0,0.0,0.0
2025-01-07 00:00:00+05:30,278,Suryapet,1091,Suryapet,1,Paddy,237,Grade-A(IR64),0.0,182.0,1556.0,2356.0,2356.0,0.0,0.0
2025-01-07 00:00:00+05:30,219,Jagtial,1125,Jagtial,1,Paddy,241,Grade-A (Jai Sri Ram),0.0,2.0,2535.0,2535.0,2535.0,0.0,0.0
2025-01-07 00:00:00+05:30,238,Jangoan,1169,Jangaon,1,Paddy,237,Grade-A(IR64),0.0,9.75,2188.0,2188.0,2188.0,0.0,0.0
2025-01-07 00:00:00+05:30,306,Mahbubnagar,1326,Mahaboobnagar,1,Paddy,272,Grade-A (Sonamasuri),0.0,60.0,2409.0,2512.0,2512.0,0.0,0.0
2025-01-07 00:00:00+05:30,196,Khanapur,20,Khanpur,1,Paddy,195,Grade-A,0.0,492.0,2320.0,2320.0,2320.0,0.0,0.0
2025-01-07 00:00:00+05:30,325,Hyderabad,7,Meeralamandi,99,Cauliflower,99,Common,0.0,9.0,1500.0,2000.0,1750.0,0.0,0.0
2025-01-06 00:00:00+05:30,302,Gadwal,1328,Gadwal,1,Paddy,272,Grade-A (Sonamasuri),0.0,133.0,2049.0,2356.0,2356.0,0.0,0.0
2025-01-06 00:00:00+05:30,309,Narayanpet,1342,Narayanpet,1,Paddy,272,Grade-A (Sonamasuri),0.0,158.4,1800.0,2493.0,2486.0,0.0,0.0
2025-01-06 00:00:00+05:30,299,Atmakur(WNP),1343,Atmakur,15,Red Gram,15,Common,0.0,21.5,7300.0,7550.0,7500.0,0.0,0.0
2025-01-07 00:00:00+05:30,325,Hyderabad,6,Madannapeta,99,Cauliflower,99,Common,0.0,20.0,1000.0,1500.0,1250.0,0.0,0.0
2025-01-07 00:00:00+05:30,324,Bowenpally,3,Bowenpally,98,Cabbage,98,Common,0.0,1064.0,500.0,1200.0,1100.0,0.0,0.0
2025-01-07 00:00:00+05:30,323,Gaddiannaram,2,L.B Nagar,99,Cauliflower,99,Common,0.0,54.0,1000.0,1500.0,1200.0,0.0,0.0
2025-01-07 00:00:00+05:30,323,Gaddiannaram,1,Gaddiannaram,76,Mango,292,Totapari,0.0,1.0,10250.0,10250.0,10250.0,0.0,0.0
2025-01-06 00:00:00+05:30,367,Gudimalkapur,1571,Gudumalkapur,98,Cabbage,98,Common,0.0,298.0,800.0,400.0,1000.0,0.0,0.0
2025-01-06 00:00:00+05:30,310,Shadnagar,1330,Shadnagar,1,Paddy,238,Grade-A (BPT),0.0,591.24,2111.0,2722.0,2559.0,0.0,0.0
2025-01-06 00:00:00+05:30,278,Suryapet,1091,Suryapet,1,Paddy,237,Grade-A(IR64),0.0,182.0,1536.0,2336.0,2331.0,0.0,0.0
2025-01-06 00:00:00+05:30,272,Miryalguda,1090,Miryalguda,1,Paddy,272,Grade-A (Sonamasuri),0.0,250.0,2320.0,2320.0,2320.0,0.0,0.0
2025-01-06 00:00:00+05:30,196,Khanapur,20,Khanpur,1,Paddy,195,Grade-A,0.0,411.0,2320.0,2320.0,2320.0,0.0,0.0
2025-01-06 00:00:00+05:30,239,Kesamudram,1168,Kesamudram,1,Paddy,241,Grade-A (Jai Sri Ram),0.0,375.0,2489.0,2939.0,2501.0,0.0,0.0
2025-01-06 00:00:00+05:30,306,Mahbubnagar,1326,Mahaboobnagar,1,Paddy,272,Grade-A (Sonamasuri),0.0,14.0,2512.0,2589.0,2512.0,0.0,0.0
2025-01-06 00:00:00+05:30,300,Badepally,1327,Badepally,1,Paddy,195,Grade-A,0.0,14.0,1801.0,1801.0,1801.0,0.0,0.0
2025-01-06 00:00:00+05:30,188,Bhainsa,11,Bhainsa,3,Wheat,196,Hybir,0.0,1.41,2000.0,2000.0,2000.0,0.0,0.0
2025-01-06 00:00:00+05:30,325,Hyderabad,7,Meeralamandi,99,Cauliflower,99,Common,0.0,10.0,1500.0,1800.0,1600.0,0.0,0.0
2025-01-06 00:00:00+05:30,325,Hyderabad,6,Madannapeta,99,Cauliflower,99,Common,0.0,21.0,1000.0,1500.0,1250.0,0.0,0.0
2025-01-06 00:00:00+05:30,325,Hyderabad,5,Mahabubmansion,54,Chillies(Dry),264,G.T,0.0,555.0,10000.0,12000.0,11000.0,0.0,0.0
2025-01-05 00:00:00+05:30,299,Atmakur(WNP),1343,Atmakur,15,Red Gram,15,Common,0.0,30.0,7500.0,7600.0,7500.0,0.0,0.0
2025-01-05 00:00:00+05:30,329,Navabpet(MBNR),1483,Navabpet,1,Paddy,272,Grade-A (Sonamasuri),0.0,894.0,1922.0,2681.0,2666.0,0.0,0.0
2025-01-06 00:00:00+05:30,323,Gaddiannaram,2,L.B Nagar,99,Cauliflower,99,Common,0.0,78.0,1000.0,1500.0,1200.0,0.0,0.0
2025-01-06 00:00:00+05:30,324,Bowenpally,3,Bowenpally,98,Cabbage,98,Common,0.0,1113.0,500.0,1200.0,1100.0,0.0,0.0
2025-01-05 00:00:00+05:30,367,Gudimalkapur,1571,Gudumalkapur,98,Cabbage,98,Common,0.0,483.0,500.0,900.0,700.0,0.0,0.0
2025-01-04 00:00:00+05:30,299,Atmakur(WNP),1343,Atmakur,15,Red Gram,15,Common,0.0,37.5,7600.0,7700.0,7600.0,0.0,0.0
2025-01-05 00:00:00+05:30,196,Khanapur,20,Khanpur,1,Paddy,195,Grade-A,0.0,598.0,2320.0,2320.0,2320.0,0.0,0.0
2025-01-05 00:00:00+05:30,325,Hyderabad,7,Meeralamandi,99,Cauliflower,99,Common,0.0,14.0,1000.0,1500.0,1350.0,0.0,0.0
2025-01-05 00:00:00+05:30,325,Hyderabad,6,Madannapeta,99,Cauliflower,99,Common,0.0,20.0,1000.0,1500.0,1250.0,0.0,0.0
2025-01-05 00:00:00+05:30,323,Gaddiannaram,2,L.B Nagar,99,Cauliflower,99,Common,0.0,79.0,1000.0,1500.0,1200.0,0.0,0.0
2025-01-05 00:00:00+05:30,324,Bowenpally,3,Bowenpally,98,Cabbage,98,Common,0.0,1466.0,500.0,800.0,700.0,0.0,0.0
2025-01-04 00:00:00+05:30,367,Gudimalkapur,1571,Gudumalkapur,98,Cabbage,98,Common,0.0,392.0,300.0,1000.0,700.0,0.0,0.0
2025-01-04 00:00:00+05:30,302,Gadwal,1328,Gadwal,1,Paddy,272,Grade-A (Sonamasuri),0.0,209.0,1856.0,2387.0,2357.0,0.0,0.0
2025-01-04 00:00:00+05:30,309,Narayanpet,1342,Narayanpet,1,Paddy,272,Grade-A (Sonamasuri),0.0,109.2,2100.0,2509.0,2509.0,0.0,0.0
2025-01-04 00:00:00+05:30,306,Mahbubnagar,1326,Mahaboobnagar,1,Paddy,272,Grade-A (Sonamasuri),0.0,68.0,1929.0,2612.0,2612.0,0.0,0.0
2025-01-04 00:00:00+05:30,300,Badepally,1327,Badepally,1,Paddy,195,Grade-A,0.0,68.0,1756.0,2067.0,2067.0,0.0,0.0
2025-01-04 00:00:00+05:30,278,Suryapet,1091,Suryapet,1,Paddy,237,Grade-A(IR64),0.0,30.0,1911.0,2296.0,2296.0,0.0,0.0
2025-01-04 00:00:00+05:30,196,Khanapur,20,Khanpur,1,Paddy,195,Grade-A,0.0,316.0,2320.0,2320.0,2320.0,0.0,0.0
2025-01-04 00:00:00+05:30,272,Miryalguda,1090,Miryalguda,1,Paddy,272,Grade-A (Sonamasuri),0.0,658.0,2320.0,2320.0,2320.0,0.0,0.0
2025-01-04 00:00:00+05:30,219,Jagtial,1125,Jagtial,1,Paddy,241,Grade-A (Jai Sri Ram),0.0,9.0,2425.0,2555.0,2555.0,0.0,0.0
2025-01-03 00:00:00+05:30,309,Narayanpet,1342,Narayanpet,1,Paddy,272,Grade-A (Sonamasuri),0.0,211.8,1830.0,2493.0,2489.0,0.0,0.0
2025-01-03 00:00:00+05:30,299,Atmakur(WNP),1343,Atmakur,15,Red Gram,15,Common,0.0,11.5,7700.0,7700.0,7700.0,0.0,0.0
2025-01-04 00:00:00+05:30,325,Hyderabad,7,Meeralamandi,99,Cauliflower,99,Common,0.0,12.0,1000.0,2000.0,1500.0,0.0,0.0
2025-01-04 00:00:00+05:30,325,Hyderabad,6,Madannapeta,99,Cauliflower,99,Common,0.0,22.0,1000.0,1500.0,1250.0,0.0,0.0
2025-01-04 00:00:00+05:30,325,Hyderabad,5,Mahabubmansion,54,Chillies(Dry),264,G.T,0.0,176.0,10000.0,12000.0,11000.0,0.0,0.0
2025-01-04 00:00:00+05:30,323,Gaddiannaram,2,L.B Nagar,99,Cauliflower,99,Common,0.0,93.0,1000.0,1500.0,1200.0,0.0,0.0
2025-01-04 00:00:00+05:30,324,Bowenpally,3,Bowenpally,98,Cabbage,98,Common,0.0,1183.0,400.0,800.0,700.0,0.0,0.0
2025-01-03 00:00:00+05:30,367,Gudimalkapur,1571,Gudumalkapur,98,Cabbage,98,Common,0.0,444.0,500.0,1000.0,700.0,0.0,0.0
2025-01-03 00:00:00+05:30,306,Mahbubnagar,1326,Mahaboobnagar,1,Paddy,272,Grade-A (Sonamasuri),0.0,51.0,2409.0,2612.0,2522.0,0.0,0.0
2025-01-03 00:00:00+05:30,238,Jangoan,1169,Jangaon,1,Paddy,237,Grade-A(IR64),0.0,14.95,1886.0,1951.0,1886.0,0.0,0.0
2025-01-03 00:00:00+05:30,219,Jagtial,1125,Jagtial,1,Paddy,241,Grade-A (Jai Sri Ram),0.0,22.0,2600.0,2600.0,2600.0,0.0,0.0
2025-01-03 00:00:00+05:30,239,Kesamudram,1168,Kesamudram,1,Paddy,241,Grade-A (Jai Sri Ram),0.0,152.0,2481.0,2846.0,2729.0,0.0,0.0
2025-01-03 00:00:00+05:30,278,Suryapet,1091,Suryapet,1,Paddy,237,Grade-A(IR64),0.0,346.0,1806.0,2339.0,2189.0,0.0,0.0
2025-01-03 00:00:00+05:30,196,Khanapur,20,Khanpur,1,Paddy,195,Grade-A,0.0,681.0,2320.0,2320.0,2320.0,0.0,0.0
2025-01-03 00:00:00+05:30,325,Hyderabad,7,Meeralamandi,99,Cauliflower,99,Common,0.0,9.0,1500.0,2000.0,1750.0,0.0,0.0
2025-01-03 00:00:00+05:30,325,Hyderabad,6,Madannapeta,99,Cauliflower,99,Common,0.0,20.0,1000.0,1500.0,1250.0,0.0,0.0
2025-01-03 00:00:00+05:30,325,Hyderabad,5,Mahabubmansion,54,Chillies(Dry),264,G.T,0.0,160.0,10000.0,12000.0,11000.0,0.0,0.0
2025-01-02 00:00:00+05:30,329,Navabpet(MBNR),1483,Navabpet,1,Paddy,272,Grade-A (Sonamasuri),0.0,816.0,2018.0,2679.0,2679.0,0.0,0.0
2025-01-02 00:00:00+05:30,301,Devarakadra,1352,Devarakadra,1,Paddy,272,Grade-A (Sonamasuri),0.0,25.0,2509.0,2600.0,2555.0,0.0,0.0
2025-01-03 00:00:00+05:30,324,Bowenpally,3,Bowenpally,98,Cabbage,98,Common,0.0,1686.0,500.0,1000.0,800.0,0.0,0.0
2025-01-03 00:00:00+05:30,323,Gaddiannaram,2,L.B Nagar,99,Cauliflower,99,Common,0.0,155.0,1000.0,1500.0,1200.0,0.0,0.0
2025-01-02 00:00:00+05:30,367,Gudimalkapur,1571,Gudumalkapur,98,Cabbage,98,Common,0.0,355.0,800.0,1500.0,1000.0,0.0,0.0
2025-01-02 00:00:00+05:30,309,Narayanpet,1342,Narayanpet,1,Paddy,272,Grade-A (Sonamasuri),0.0,285.6,1800.0,2493.0,2479.0,0.0,0.0
2025-01-02 00:00:00+05:30,299,Atmakur(WNP),1343,Atmakur,15,Red Gram,15,Common,0.0,21.0,7500.0,7700.0,7500.0,0.0,0.0
2025-01-02 00:00:00+05:30,278,Suryapet,1091,Suryapet,1,Paddy,237,Grade-A(IR64),0.0,208.0,1909.0,2339.0,2216.0,0.0,0.0
2025-01-02 00:00:00+05:30,219,Jagtial,1125,Jagtial,1,Paddy,241,Grade-A (Jai Sri Ram),0.0,26.0,2555.0,2581.0,2581.0,0.0,0.0
2025-01-02 00:00:00+05:30,196,Khanapur,20,Khanpur,1,Paddy,195,Grade-A,0.0,310.0,2320.0,2320.0,2320.0,0.0,0.0
2025-01-02 00:00:00+05:30,239,Kesamudram,1168,Kesamudram,1,Paddy,241,Grade-A (Jai Sri Ram),0.0,46.0,2715.0,2906.0,2889.0,0.0,0.0
2025-01-02 00:00:00+05:30,238,Jangoan,1169,Jangaon,1,Paddy,237,Grade-A(IR64),0.0,37.7,1851.0,2120.0,1851.0,0.0,0.0
2025-01-02 00:00:00+05:30,306,Mahbubnagar,1326,Mahaboobnagar,1,Paddy,272,Grade-A (Sonamasuri),0.0,36.0,2529.0,2610.0,2540.0,0.0,0.0
2025-01-02 00:00:00+05:30,310,Shadnagar,1330,Shadnagar,1,Paddy,238,Grade-A (BPT),0.0,1028.0,2329.0,2715.0,2721.0,0.0,0.0
2025-01-02 00:00:00+05:30,325,Hyderabad,7,Meeralamandi,99,Cauliflower,99,Common,0.0,10.0,1500.0,1500.0,1500.0,0.0,0.0
2025-01-02 00:00:00+05:30,325,Hyderabad,6,Madannapeta,99,Cauliflower,99,Common,0.0,27.0,1000.0,1500.0,1250.0,0.0,0.0
2025-01-02 00:00:00+05:30,325,Hyderabad,5,Mahabubmansion,54,Chillies(Dry),264,G.T,0.0,104.0,1000.0,12000.0,11000.0,0.0,0.0
2025-01-02 00:00:00+05:30,324,Bowenpally,3,Bowenpally,98,Cabbage,98,Common,0.0,2720.0,400.0,1000.0,800.0,0.0,0.0
2025-01-02 00:00:00+05:30,323,Gaddiannaram,2,L.B Nagar,99,Cauliflower,99,Common,0.0,113.0,1000.0,1500.0,1200.0,0.0,0.0
2025-01-01 00:00:00+05:30,196,Khanapur,20,Khanpur,1,Paddy,195,Grade-A,0.0,490.0,2320.0,2320.0,2320.0,0.0,0.0
2025-01-01 00:00:00+05:30,325,Hyderabad,7,Meeralamandi,99,Cauliflower,99,Common,0.0,15.0,1000.0,1500.0,1250.0,0.0,0.0
2025-01-01 00:00:00+05:30,325,Hyderabad,5,Mahabubmansion,54,Chillies(Dry),264,G.T,0.0,23.0,10000.0,12000.0,11000.0,0.0,0.0
2025-01-31 00:00:00+05:30,367,Gudimalkapur,1571,Gudumalkapur,98,Cabbage,98,Common,0.0,263.0,300.0,600.0,400.0,0.0,0.0
2025-01-31 00:00:00+05:30,302,Gadwal,1328,Gadwal,1,Paddy,272,Grade-A (Sonamasuri),0.0,3.0,2369.0,2369.0,2369.0,0.0,0.0
2025-01-31 00:00:00+05:30,282,Dubbaka,1215,Dubbak,1,Paddy,237,Grade-A(IR64),0.0,129.31,2320.0,2320.0,2320.0,0.0,0.0
2025-01-31 00:00:00+05:30,299,Atmakur(WNP),1343,Atmakur,15,Red Gram,15,Common,0.0,8.0,7000.0,7000.0,7000.0,0.0,0.0
2025-01-31 00:00:00+05:30,278,Suryapet,1091,Suryapet,1,Paddy,237,Grade-A(IR64),0.0,39.0,1806.0,2016.0,1806.0,0.0,0.0
2025-01-30 00:00:00+05:30,301,Devarakadra,1352,Devarakadra,1,Paddy,272,Grade-A (Sonamasuri),0.0,6.0,2511.0,2511.0,2511.0,0.0,0.0
2025-01-30 00:00:00+05:30,329,Navabpet(MBNR),1483,Navabpet,1,Paddy,272,Grade-A (Sonamasuri),0.0,20.0,2424.0,2632.0,2424.0,0.0,0.0
2025-01-31 00:00:00+05:30,325,Hyderabad,7,Meeralamandi,99,Cauliflower,99,Common,0.0,18.0,1000.0,1500.0,1250.0,0.0,0.0
2025-01-31 00:00:00+05:30,325,Hyderabad,6,Madannapeta,99,Cauliflower,99,Common,0.0,16.0,1000.0,1500.0,1250.0,0.0,0.0
2025-01-31 00:00:00+05:30,325,Hyderabad,5,Mahabubmansion,54,Chillies(Dry),264,G.T,0.0,400.0,10000.0,12000.0,11000.0,0.0,0.0
2025-01-30 00:00:00+05:30,309,Narayanpet,1342,Narayanpet,1,Paddy,272,Grade-A (Sonamasuri),0.0,16.2,2469.0,2509.0,2469.0,0.0,0.0
2025-01-30 00:00:00+05:30,299,Atmakur(WNP),1343,Atmakur,15,Red Gram,15,Common,0.0,12.0,7000.0,7000.0,7000.0,0.0,0.0
2025-01-31 00:00:00+05:30,324,Bowenpally,3,Bowenpally,98,Cabbage,98,Common,0.0,1503.0,500.0,800.0,700.0,0.0,0.0
2025-01-31 00:00:00+05:30,323,Gaddiannaram,2,L.B Nagar,99,Cauliflower,99,Common,0.0,50.0,1000.0,2000.0,1500.0,0.0,0.0
2025-01-31 00:00:00+05:30,323,Gaddiannaram,1,Gaddiannaram,76,Mango,292,Totapari,0.0,4.0,11100.0,11100.0,11100.0,0.0,0.0
2025-01-30 00:00:00+05:30,302,Gadwal,1328,Gadwal,1,Paddy,272,Grade-A (Sonamasuri),0.0,9.0,1759.0,1759.0,1759.0,0.0,0.0
2025-01-30 00:00:00+05:30,367,Gudimalkapur,1571,Gudumalkapur,98,Cabbage,98,Common,0.0,628.0,200.0,700.0,400.0,0.0,0.0
2025-01-30 00:00:00+05:30,278,Suryapet,1091,Suryapet,1,Paddy,237,Grade-A(IR64),0.0,14.0,1836.0,1966.0,1836.0,0.0,0.0
2025-01-30 00:00:00+05:30,325,Hyderabad,7,Meeralamandi,99,Cauliflower,99,Common,0.0,15.0,1200.0,1800.0,1500.0,0.0,0.0
2025-01-30 00:00:00+05:30,325,Hyderabad,6,Madannapeta,99,Cauliflower,99,Common,0.0,15.0,1000.0,1500.0,1250.0,0.0,0.0
2025-01-30 00:00:00+05:30,325,Hyderabad,5,Mahabubmansion,54,Chillies(Dry),264,G.T,0.0,456.0,9000.0,12000.0,10000.0,0.0,0.0
2025-01-29 00:00:00+05:30,237,Ghanpur,1188,Ghanpur,1,Paddy,240,Common (1001),0.0,266.0,2000.0,2380.0,2250.0,0.0,0.0
2025-01-30 00:00:00+05:30,324,Bowenpally,3,Bowenpally,98,Cabbage,98,Common,0.0,1660.0,500.0,800.0,700.0,0.0,0.0
2025-01-30 00:00:00+05:30,323,Gaddiannaram,2,L.B Nagar,99,Cauliflower,99,Common,0.0,47.0,1000.0,2000.0,1500.0,0.0,0.0
2025-01-30 00:00:00+05:30,323,Gaddiannaram,1,Gaddiannaram,76,Mango,292,Totapari,0.0,7.0,10550.0,10550.0,10550.0,0.0,0.0
2025-01-29 00:00:00+05:30,325,Hyderabad,7,Meeralamandi,99,Cauliflower,99,Common,0.0,13.0,1200.0,1500.0,1350.0,0.0,0.0
2025-01-29 00:00:00+05:30,323,Gaddiannaram,1,Gaddiannaram,76,Mango,292,Totapari,0.0,5.0,7750.0,10000.0,8600.0,0.0,0.0
2025-01-28 00:00:00+05:30,367,Gudimalkapur,1571,Gudumalkapur,98,Cabbage,98,Common,0.0,560.0,700.0,500.0,900.0,0.0,0.0
2025-01-28 00:00:00+05:30,237,Ghanpur,1188,Ghanpur,1,Paddy,240,Common (1001),0.0,450.0,2000.0,2320.0,2100.0,0.0,0.0
2025-01-28 00:00:00+05:30,302,Gadwal,1328,Gadwal,1,Paddy,272,Grade-A (Sonamasuri),0.0,3.0,2311.0,2311.0,2311.0,0.0,0.0
2025-01-27 00:00:00+05:30,329,Navabpet(MBNR),1483,Navabpet,1,Paddy,272,Grade-A (Sonamasuri),0.0,147.0,1852.0,2636.0,2636.0,0.0,0.0
2025-01-27 00:00:00+05:30,301,Devarakadra,1352,Devarakadra,1,Paddy,272,Grade-A (Sonamasuri),0.0,3.0,2569.0,2609.0,2589.0,0.0,0.0
2025-01-28 00:00:00+05:30,325,Hyderabad,7,Meeralamandi,99,Cauliflower,99,Common,0.0,6.0,2000.0,2000.0,2000.0,0.0,0.0
2025-01-28 00:00:00+05:30,325,Hyderabad,5,Mahabubmansion,54,Chillies(Dry),264,G.T,0.0,469.0,9000.0,12000.0,10000.0,0.0,0.0
2025-01-28 00:00:00+05:30,325,Hyderabad,6,Madannapeta,99,Cauliflower,99,Common,0.0,16.0,1000.0,1500.0,1250.0,0.0,0.0
2025-01-28 00:00:00+05:30,324,Bowenpally,3,Bowenpally,98,Cabbage,98,Common,0.0,1487.0,400.0,1000.0,800.0,0.0,0.0
2025-01-28 00:00:00+05:30,323,Gaddiannaram,2,L.B Nagar,99,Cauliflower,99,Common,0.0,53.0,1000.0,2000.0,1500.0,0.0,0.0
2025-01-27 00:00:00+05:30,309,Narayanpet,1342,Narayanpet,1,Paddy,272,Grade-A (Sonamasuri),0.0,9.0,1939.0,1939.0,1939.0,0.0,0.0
2025-01-27 00:00:00+05:30,299,Atmakur(WNP),1343,Atmakur,15,Red Gram,15,Common,0.0,25.5,7000.0,7005.0,7000.0,0.0,0.0
2025-01-27 00:00:00+05:30,367,Gudimalkapur,1571,Gudumalkapur,98,Cabbage,98,Common,0.0,321.0,300.0,800.0,500.0,0.0,0.0
2025-01-27 00:00:00+05:30,302,Gadwal,1328,Gadwal,1,Paddy,272,Grade-A (Sonamasuri),0.0,50.0,1811.0,2431.0,1811.0,0.0,0.0
2025-01-27 00:00:00+05:30,325,Hyderabad,7,Meeralamandi,99,Cauliflower,99,Common,0.0,12.0,1000.0,2000.0,1500.0,0.0,0.0
2025-01-27 00:00:00+05:30,325,Hyderabad,6,Madannapeta,99,Cauliflower,99,Common,0.0,8.0,1500.0,2000.0,1750.0,0.0,0.0
2025-01-27 00:00:00+05:30,325,Hyderabad,5,Mahabubmansion,54,Chillies(Dry),264,G.T,0.0,660.0,10000.0,12000.0,11000.0,0.0,0.0
2025-01-25 00:00:00+05:30,299,Atmakur(WNP),1343,Atmakur,15,Red Gram,15,Common,0.0,27.5,7000.0,7050.0,7000.0,0.0,0.0
2025-01-27 00:00:00+05:30,323,Gaddiannaram,2,L.B Nagar,99,Cauliflower,99,Common,0.0,52.0,1000.0,2000.0,1500.0,0.0,0.0
2025-01-27 00:00:00+05:30,323,Gaddiannaram,1,Gaddiannaram,76,Mango,292,Totapari,0.0,12.0,8600.0,13300.0,11100.0,0.0,0.0
2025-01-26 00:00:00+05:30,367,Gudimalkapur,1571,Gudumalkapur,98,Cabbage,98,Common,0.0,433.0,500.0,900.0,700.0,0.0,0.0
2025-01-26 00:00:00+05:30,325,Hyderabad,6,Madannapeta,99,Cauliflower,99,Common,0.0,5.0,1500.0,1500.0,1500.0,0.0,0.0
2025-01-26 00:00:00+05:30,324,Bowenpally,3,Bowenpally,98,Cabbage,98,Common,0.0,1286.0,400.0,1000.0,900.0,0.0,0.0
2025-01-26 00:00:00+05:30,323,Gaddiannaram,2,L.B Nagar,99,Cauliflower,99,Common,0.0,48.0,1000.0,2000.0,1500.0,0.0,0.0
2025-01-25 00:00:00+05:30,300,Badepally,1327,Badepally,1,Paddy,195,Grade-A,0.0,15.0,1930.0,1930.0,1930.0,0.0,0.0
2025-01-25 00:00:00+05:30,302,Gadwal,1328,Gadwal,1,Paddy,272,Grade-A (Sonamasuri),0.0,10.0,2036.0,2036.0,2036.0,0.0,0.0
2025-01-25 00:00:00+05:30,367,Gudimalkapur,1571,Gudumalkapur,98,Cabbage,98,Common,0.0,337.0,500.0,1000.0,700.0,0.0,0.0
2025-01-25 00:00:00+05:30,278,Suryapet,1091,Suryapet,1,Paddy,237,Grade-A(IR64),0.0,52.0,1706.0,2116.0,1756.0,0.0,0.0
2025-01-01 00:00:00+05:30,325,Hyderabad,7,Meeralamandi,103,Carrot,103,Common,0.0,3.0,3500.0,3500.0,3500.0,0.0,0.0
2025-01-01 00:00:00+05:30,331,Vantimamidi,1612,Vantimamidi,30,Groundnut pods,243,Wet,0.0,11.0,3000.0,4000.0,3500.0,0.0,0.0
2025-01-01 00:00:00+05:30,283,Gajwel,1201,Gajwel,25,Cotton,25,Common,0.0,5.0,6600.0,6680.0,6650.0,0.0,0.0
2025-01-02 00:00:00+05:30,323,Gaddiannaram,2,L.B Nagar,101,Beet Root,101,Common,0.0,10.0,2000.0,3000.0,2500.0,0.0,0.0
2025-01-02 00:00:00+05:30,324,Bowenpally,3,Bowenpally,99,Cauliflower,99,Common,0.0,653.0,500.0,1000.0,800.0,0.0,0.0
2025-01-02 00:00:00+05:30,325,Hyderabad,5,Mahabubmansion,54,Chillies(Dry),266,Devanooru Delux,0.0,11.0,7000.0,10000.0,9000.0,0.0,0.0
2025-01-02 00:00:00+05:30,325,Hyderabad,6,Madannapeta,101,Beet Root,101,Common,0.0,2.0,3000.0,3000.0,3000.0,0.0,0.0
2025-01-02 00:00:00+05:30,325,Hyderabad,7,Meeralamandi,103,Carrot,103,Common,0.0,2.0,4000.0,4000.0,4000.0,0.0,0.0
2025-01-02 00:00:00+05:30,310,Shadnagar,1330,Shadnagar,5,Maize,5,Common,0.0,104.0,2326.0,2466.0,2466.0,0.0,0.0
2025-01-02 00:00:00+05:30,300,Badepally,1327,Badepally,1,Paddy,256,Grade-A (RNR),0.0,159.0,1809.0,2560.0,2189.0,0.0,0.0
2025-01-02 00:00:00+05:30,308,Nagarkurnool,1334,Nagarkurnool,1,Paddy,272,Grade-A (Sonamasuri),0.0,148.0,2242.0,2627.0,2429.0,0.0,0.0
2025-01-02 00:00:00+05:30,283,Gajwel,1201,Gajwel,25,Cotton,25,Common,0.0,12.0,6500.0,6680.0,6675.0,0.0,0.0
2025-01-02 00:00:00+05:30,239,Kesamudram,1168,Kesamudram,1,Paddy,256,Grade-A (RNR),0.0,749.0,2388.0,2565.0,2512.0,0.0,0.0
2025-01-02 00:00:00+05:30,290,Siddipet,1193,Siddipet,1,Paddy,237,Grade-A(IR64),0.0,15.32,2185.0,2215.0,2200.0,0.0,0.0
2025-01-02 00:00:00+05:30,212,Choppadandi,1123,Choppadandi,1,Paddy,237,Grade-A(IR64),0.0,87.0,2232.0,2293.0,2293.0,0.0,0.0
2025-01-01 00:00:00+05:30,208,Nizamabad,1080,Nizamabad,1,Paddy,241,Grade-A (Jai Sri Ram),0.0,1.0,2300.0,2300.0,2300.0,0.0,0.0
2025-01-02 00:00:00+05:30,331,Vantimamidi,1612,Vantimamidi,30,Groundnut pods,243,Wet,0.0,44.0,3000.0,4000.0,3500.0,0.0,0.0
2025-01-02 00:00:00+05:30,367,Gudimalkapur,1571,Gudumalkapur,99,Cauliflower,99,Common,0.0,423.0,700.0,1500.0,1000.0,0.0,0.0
2025-01-03 00:00:00+05:30,323,Gaddiannaram,2,L.B Nagar,101,Beet Root,101,Common,0.0,12.0,3000.0,3500.0,3200.0,0.0,0.0
2025-01-03 00:00:00+05:30,324,Bowenpally,3,Bowenpally,99,Cauliflower,99,Common,0.0,549.0,500.0,1000.0,900.0,0.0,0.0
2025-01-03 00:00:00+05:30,325,Hyderabad,5,Mahabubmansion,54,Chillies(Dry),266,Devanooru Delux,0.0,79.0,7000.0,10000.0,9000.0,0.0,0.0
2025-01-03 00:00:00+05:30,325,Hyderabad,6,Madannapeta,101,Beet Root,101,Common,0.0,3.0,2500.0,2500.0,2500.0,0.0,0.0
2025-01-03 00:00:00+05:30,325,Hyderabad,7,Meeralamandi,103,Carrot,103,Common,0.0,3.0,3000.0,3500.0,3250.0,0.0,0.0
2025-01-03 00:00:00+05:30,254,Enkoor,1078,Enkoor,25,Cotton,25,Common,0.0,98.0,6900.0,6700.0,6800.0,0.0,0.0
2025-01-03 00:00:00+05:30,239,Kesamudram,1168,Kesamudram,1,Paddy,256,Grade-A (RNR),0.0,824.0,2409.0,2561.0,2493.0,0.0,0.0
2025-01-03 00:00:00+05:30,212,Choppadandi,1123,Choppadandi,1,Paddy,237,Grade-A(IR64),0.0,45.0,2223.0,2271.0,2268.0,0.0,0.0
2025-01-03 00:00:00+05:30,290,Siddipet,1193,Siddipet,1,Paddy,237,Grade-A(IR64),0.0,50.31,2180.0,2205.0,2190.0,0.0,0.0
2025-01-03 00:00:00+05:30,283,Gajwel,1201,Gajwel,25,Cotton,25,Common,0.0,7.0,6640.0,6670.0,6650.0,0.0,0.0
2025-01-03 00:00:00+05:30,308,Nagarkurnool,1334,Nagarkurnool,1,Paddy,272,Grade-A (Sonamasuri),0.0,52.0,2316.0,2616.0,2461.0,0.0,0.0
2025-01-03 00:00:00+05:30,310,Shadnagar,1330,Shadnagar,5,Maize,5,Common,0.0,63.18,2465.0,2473.0,2473.0,0.0,0.0
2025-01-03 00:00:00+05:30,367,Gudimalkapur,1571,Gudumalkapur,99,Cauliflower,99,Common,0.0,324.0,800.0,1200.0,1000.0,0.0,0.0
2025-01-04 00:00:00+05:30,324,Bowenpally,3,Bowenpally,99,Cauliflower,99,Common,0.0,510.0,400.0,1000.0,800.0,0.0,0.0
2025-01-03 00:00:00+05:30,331,Vantimamidi,1612,Vantimamidi,30,Groundnut pods,243,Wet,0.0,43.0,3000.0,4000.0,3500.0,0.0,0.0
2025-01-04 00:00:00+05:30,323,Gaddiannaram,2,L.B Nagar,101,Beet Root,101,Common,0.0,12.0,3000.0,3500.0,3200.0,0.0,0.0
2025-01-04 00:00:00+05:30,325,Hyderabad,5,Mahabubmansion,54,Chillies(Dry),266,Devanooru Delux,0.0,74.0,7000.0,10000.0,9000.0,0.0,0.0
2025-01-04 00:00:00+05:30,325,Hyderabad,6,Madannapeta,101,Beet Root,101,Common,0.0,3.0,2000.0,2000.0,2000.0,0.0,0.0
2025-01-04 00:00:00+05:30,325,Hyderabad,7,Meeralamandi,103,Carrot,103,Common,0.0,3.0,3000.0,3000.0,3000.0,0.0,0.0
2025-01-04 00:00:00+05:30,212,Choppadandi,1123,Choppadandi,1,Paddy,237,Grade-A(IR64),0.0,30.0,2241.0,2265.0,2265.0,0.0,0.0
2025-01-04 00:00:00+05:30,208,Nizamabad,1080,Nizamabad,1,Paddy,241,Grade-A (Jai Sri Ram),0.0,1.0,2300.0,2300.0,2300.0,0.0,0.0
2025-01-04 00:00:00+05:30,300,Badepally,1327,Badepally,1,Paddy,256,Grade-A (RNR),0.0,111.0,2389.0,2769.0,2629.0,0.0,0.0
2025-01-04 00:00:00+05:30,283,Gajwel,1201,Gajwel,25,Cotton,25,Common,0.0,12.0,6659.0,6680.0,6650.0,0.0,0.0
2025-01-04 00:00:00+05:30,290,Siddipet,1193,Siddipet,1,Paddy,237,Grade-A(IR64),0.0,33.79,2165.0,2217.0,2200.0,0.0,0.0
2025-01-04 00:00:00+05:30,331,Vantimamidi,1612,Vantimamidi,30,Groundnut pods,243,Wet,0.0,63.0,3800.0,4500.0,4150.0,0.0,0.0
2025-01-04 00:00:00+05:30,367,Gudimalkapur,1571,Gudumalkapur,99,Cauliflower,99,Common,0.0,323.0,800.0,2000.0,1000.0,0.0,0.0
2025-01-05 00:00:00+05:30,324,Bowenpally,3,Bowenpally,99,Cauliflower,99,Common,0.0,378.0,500.0,1000.0,900.0,0.0,0.0
2025-01-05 00:00:00+05:30,323,Gaddiannaram,2,L.B Nagar,101,Beet Root,101,Common,0.0,6.0,3000.0,3500.0,3200.0,0.0,0.0
2025-01-05 00:00:00+05:30,325,Hyderabad,6,Madannapeta,101,Beet Root,101,Common,0.0,3.0,2500.0,2500.0,2500.0,0.0,0.0
2025-01-05 00:00:00+05:30,192,Jainath,26,Jainath,5,Maize,5,Common,0.0,251.0,2530.0,2530.0,2530.0,0.0,0.0
2025-01-05 00:00:00+05:30,254,Enkoor,1078,Enkoor,25,Cotton,25,Common,0.0,73.0,6925.0,6700.0,6800.0,0.0,0.0
2025-01-05 00:00:00+05:30,208,Nizamabad,1080,Nizamabad,1,Paddy,241,Grade-A (Jai Sri Ram),0.0,1.0,2300.0,2300.0,2300.0,0.0,0.0
2025-01-05 00:00:00+05:30,283,Gajwel,1201,Gajwel,25,Cotton,25,Common,0.0,5.0,6500.0,6670.0,6650.0,0.0,0.0
2025-01-05 00:00:00+05:30,367,Gudimalkapur,1571,Gudumalkapur,99,Cauliflower,99,Common,0.0,293.0,800.0,1200.0,1000.0,0.0,0.0
2025-01-05 00:00:00+05:30,331,Vantimamidi,1612,Vantimamidi,30,Groundnut pods,243,Wet,0.0,26.0,3500.0,4000.0,3750.0,0.0,0.0
2025-01-06 00:00:00+05:30,324,Bowenpally,3,Bowenpally,99,Cauliflower,99,Common,0.0,375.0,500.0,1000.0,900.0,0.0,0.0
2025-01-06 00:00:00+05:30,323,Gaddiannaram,2,L.B Nagar,101,Beet Root,101,Common,0.0,22.0,2000.0,3000.0,2500.0,0.0,0.0
2025-01-05 00:00:00+05:30,329,Navabpet(MBNR),1483,Navabpet,5,Maize,5,Common,0.0,2.0,2251.0,2251.0,2251.0,0.0,0.0
2025-01-06 00:00:00+05:30,325,Hyderabad,5,Mahabubmansion,54,Chillies(Dry),266,Devanooru Delux,0.0,132.0,7000.0,10000.0,9000.0,0.0,0.0
2025-01-06 00:00:00+05:30,325,Hyderabad,6,Madannapeta,101,Beet Root,101,Common,0.0,2.0,3000.0,3000.0,3000.0,0.0,0.0
2025-01-06 00:00:00+05:30,325,Hyderabad,7,Meeralamandi,103,Carrot,103,Common,0.0,2.0,3000.0,3000.0,3000.0,0.0,0.0
2025-01-06 00:00:00+05:30,300,Badepally,1327,Badepally,1,Paddy,256,Grade-A (RNR),0.0,298.0,1836.0,2619.0,2591.0,0.0,0.0
2025-01-06 00:00:00+05:30,283,Gajwel,1201,Gajwel,25,Cotton,25,Common,0.0,9.0,6657.0,6675.0,6675.0,0.0,0.0
2025-01-06 00:00:00+05:30,239,Kesamudram,1168,Kesamudram,1,Paddy,256,Grade-A (RNR),0.0,897.0,2376.0,2601.0,2533.0,0.0,0.0
2025-01-06 00:00:00+05:30,290,Siddipet,1193,Siddipet,1,Paddy,237,Grade-A(IR64),0.0,51.13,2190.0,2222.0,2212.0,0.0,0.0
2025-01-06 00:00:00+05:30,292,Zaheerabad,1198,Zaheerabad,5,Maize,5,Common,0.0,0.5,2412.0,2412.0,2412.0,0.0,0.0
2025-01-06 00:00:00+05:30,254,Enkoor,1078,Enkoor,25,Cotton,25,Common,0.0,56.0,6950.0,6700.0,6800.0,0.0,0.0
2025-01-06 00:00:00+05:30,212,Choppadandi,1123,Choppadandi,1,Paddy,237,Grade-A(IR64),0.0,79.0,2241.0,0.0,2266.0,0.0,0.0
2025-01-06 00:00:00+05:30,310,Shadnagar,1330,Shadnagar,5,Maize,5,Common,0.0,52.92,2487.0,2487.0,2487.0,0.0,0.0
2025-01-06 00:00:00+05:30,331,Vantimamidi,1612,Vantimamidi,30,Groundnut pods,243,Wet,0.0,71.0,4000.0,4500.0,4250.0,0.0,0.0
2025-01-06 00:00:00+05:30,367,Gudimalkapur,1571,Gudumalkapur,99,Cauliflower,99,Common,0.0,223.0,900.0,1200.0,1000.0,0.0,0.0
2025-01-07 00:00:00+05:30,323,Gaddiannaram,2,L.B Nagar,101,Beet Root,101,Common,0.0,12.0,2000.0,3000.0,2500.0,0.0,0.0
2025-01-07 00:00:00+05:30,324,Bowenpally,3,Bowenpally,99,Cauliflower,99,Common,0.0,554.0,500.0,1000.0,900.0,0.0,0.0
2025-01-07 00:00:00+05:30,325,Hyderabad,6,Madannapeta,101,Beet Root,101,Common,0.0,3.0,2500.0,2500.0,2500.0,0.0,0.0
2025-01-07 00:00:00+05:30,254,Enkoor,1078,Enkoor,25,Cotton,25,Common,0.0,48.0,6950.0,6700.0,6800.0,0.0,0.0
2025-01-07 00:00:00+05:30,283,Gajwel,1201,Gajwel,25,Cotton,25,Common,0.0,7.0,6600.0,6650.0,6625.0,0.0,0.0
2025-01-07 00:00:00+05:30,290,Siddipet,1193,Siddipet,1,Paddy,237,Grade-A(IR64),0.0,21.36,2180.0,2210.0,2195.0,0.0,0.0
2025-01-07 00:00:00+05:30,292,Zaheerabad,1198,Zaheerabad,5,Maize,5,Common,0.0,3.5,2466.0,2466.0,2466.0,0.0,0.0
2025-01-07 00:00:00+05:30,212,Choppadandi,1123,Choppadandi,1,Paddy,237,Grade-A(IR64),0.0,14.0,2249.0,2269.0,2265.0,0.0,0.0
2025-01-07 00:00:00+05:30,296,Achampet,1337,Achampet,5,Maize,5,Common,0.0,2.5,2405.0,2405.0,2405.0,0.0,0.0
2025-01-07 00:00:00+05:30,300,Badepally,1327,Badepally,1,Paddy,256,Grade-A (RNR),0.0,120.0,1856.0,2541.0,1856.0,0.0,0.0
2025-01-07 00:00:00+05:30,331,Vantimamidi,1612,Vantimamidi,30,Groundnut pods,243,Wet,0.0,18.0,4000.0,4500.0,4250.0,0.0,0.0
2025-01-07 00:00:00+05:30,367,Gudimalkapur,1571,Gudumalkapur,99,Cauliflower,99,Common,0.0,293.0,800.0,1200.0,1000.0,0.0,0.0
2025-01-08 00:00:00+05:30,323,Gaddiannaram,2,L.B Nagar,101,Beet Root,101,Common,0.0,20.0,2000.0,3000.0,2500.0,0.0,0.0
2025-01-08 00:00:00+05:30,324,Bowenpally,3,Bowenpally,99,Cauliflower,99,Common,0.0,375.0,500.0,1500.0,1200.0,0.0,0.0
2025-01-08 00:00:00+05:30,325,Hyderabad,6,Madannapeta,101,Beet Root,101,Common,0.0,5.0,2500.0,2500.0,2500.0,0.0,0.0
2025-01-08 00:00:00+05:30,325,Hyderabad,5,Mahabubmansion,54,Chillies(Dry),266,Devanooru Delux,0.0,132.0,6000.0,10000.0,9000.0,0.0,0.0
2025-01-08 00:00:00+05:30,325,Hyderabad,7,Meeralamandi,103,Carrot,103,Common,0.0,2.0,2500.0,3000.0,2750.0,0.0,0.0
2025-01-08 00:00:00+05:30,237,Ghanpur,1188,Ghanpur,1,Paddy,270,Grade-A (1010),0.0,500.0,2000.0,2320.0,2100.0,0.0,0.0
2025-01-08 00:00:00+05:30,290,Siddipet,1193,Siddipet,1,Paddy,237,Grade-A(IR64),0.0,29.61,2228.0,2228.0,2228.0,0.0,0.0
2025-01-08 00:00:00+05:30,292,Zaheerabad,1198,Zaheerabad,5,Maize,5,Common,0.0,0.5,2411.0,2411.0,2411.0,0.0,0.0
2025-01-08 00:00:00+05:30,239,Kesamudram,1168,Kesamudram,1,Paddy,256,Grade-A (RNR),0.0,1194.0,2379.0,2563.0,2535.0,0.0,0.0
2025-01-08 00:00:00+05:30,254,Enkoor,1078,Enkoor,25,Cotton,25,Common,0.0,49.0,6900.0,6700.0,6800.0,0.0,0.0
2025-01-08 00:00:00+05:30,212,Choppadandi,1123,Choppadandi,1,Paddy,237,Grade-A(IR64),0.0,26.0,2205.0,2271.0,2271.0,0.0,0.0
2025-01-08 00:00:00+05:30,367,Gudimalkapur,1571,Gudumalkapur,99,Cauliflower,99,Common,0.0,297.0,900.0,1200.0,1000.0,0.0,0.0
2025-01-08 00:00:00+05:30,310,Shadnagar,1330,Shadnagar,5,Maize,5,Common,0.0,29.16,2459.0,2492.0,2492.0,0.0,0.0
2025-01-08 00:00:00+05:30,296,Achampet,1337,Achampet,5,Maize,5,Common,0.0,22.5,1401.0,2408.0,1401.0,0.0,0.0
2025-01-08 00:00:00+05:30,283,Gajwel,1201,Gajwel,25,Cotton,25,Common,0.0,6.0,6500.0,6650.0,6620.0,0.0,0.0
2025-01-08 00:00:00+05:30,300,Badepally,1327,Badepally,1,Paddy,256,Grade-A (RNR),0.0,122.0,2350.0,2546.0,2546.0,0.0,0.0
2025-01-08 00:00:00+05:30,331,Vantimamidi,1612,Vantimamidi,30,Groundnut pods,243,Wet,0.0,63.0,4000.0,4600.0,4300.0,0.0,0.0
2025-01-09 00:00:00+05:30,323,Gaddiannaram,1,Gaddiannaram,76,Mango,293,Neelam,0.0,2.0,6650.0,6650.0,6650.0,0.0,0.0
2025-01-09 00:00:00+05:30,323,Gaddiannaram,2,L.B Nagar,101,Beet Root,101,Common,0.0,5.0,2500.0,3500.0,3000.0,0.0,0.0
2025-01-09 00:00:00+05:30,324,Bowenpally,3,Bowenpally,99,Cauliflower,99,Common,0.0,295.0,500.0,1500.0,1200.0,0.0,0.0
2025-01-09 00:00:00+05:30,325,Hyderabad,5,Mahabubmansion,54,Chillies(Dry),266,Devanooru Delux,0.0,154.0,7000.0,10000.0,9000.0,0.0,0.0
2025-01-09 00:00:00+05:30,325,Hyderabad,6,Madannapeta,101,Beet Root,101,Common,0.0,4.0,3000.0,3000.0,3000.0,0.0,0.0
2025-01-09 00:00:00+05:30,325,Hyderabad,7,Meeralamandi,103,Carrot,103,Common,0.0,2.0,3000.0,3000.0,3000.0,0.0,0.0
2025-01-09 00:00:00+05:30,254,Enkoor,1078,Enkoor,25,Cotton,25,Common,0.0,32.0,6800.0,6650.0,6700.0,0.0,0.0
2025-01-09 00:00:00+05:30,212,Choppadandi,1123,Choppadandi,1,Paddy,237,Grade-A(IR64),0.0,17.0,2146.0,2279.0,2273.0,0.0,0.0
2025-01-09 00:00:00+05:30,239,Kesamudram,1168,Kesamudram,1,Paddy,256,Grade-A (RNR),0.0,570.0,2381.0,2561.0,2543.0,0.0,0.0
2025-01-09 00:00:00+05:30,237,Ghanpur,1188,Ghanpur,1,Paddy,270,Grade-A (1010),0.0,450.0,2000.0,2320.0,2100.0,0.0,0.0
2025-01-09 00:00:00+05:30,290,Siddipet,1193,Siddipet,1,Paddy,237,Grade-A(IR64),0.0,20.15,2501.0,2501.0,2501.0,0.0,0.0
2025-01-09 00:00:00+05:30,367,Gudimalkapur,1571,Gudumalkapur,99,Cauliflower,99,Common,0.0,293.0,800.0,1200.0,1000.0,0.0,0.0
2025-01-09 00:00:00+05:30,310,Shadnagar,1330,Shadnagar,5,Maize,5,Common,0.0,21.6,2469.0,2469.0,2469.0,0.0,0.0
2025-01-09 00:00:00+05:30,283,Gajwel,1201,Gajwel,25,Cotton,25,Common,0.0,9.0,6610.0,6650.0,6630.0,0.0,0.0
2025-01-09 00:00:00+05:30,331,Vantimamidi,1612,Vantimamidi,30,Groundnut pods,243,Wet,0.0,32.0,3900.0,4500.0,4200.0,0.0,0.0
2025-01-09 00:00:00+05:30,300,Badepally,1327,Badepally,1,Paddy,256,Grade-A (RNR),0.0,93.0,2126.0,2580.0,2548.0,0.0,0.0
2025-01-10 00:00:00+05:30,323,Gaddiannaram,2,L.B Nagar,101,Beet Root,101,Common,0.0,10.0,2500.0,3500.0,3000.0,0.0,0.0
2025-01-10 00:00:00+05:30,324,Bowenpally,3,Bowenpally,99,Cauliflower,99,Common,0.0,296.0,500.0,1500.0,1200.0,0.0,0.0
2025-01-10 00:00:00+05:30,325,Hyderabad,6,Madannapeta,101,Beet Root,101,Common,0.0,3.0,2800.0,3000.0,2900.0,0.0,0.0
2025-01-10 00:00:00+05:30,325,Hyderabad,5,Mahabubmansion,54,Chillies(Dry),266,Devanooru Delux,0.0,224.0,7000.0,1000.0,9000.0,0.0,0.0
2025-01-10 00:00:00+05:30,254,Enkoor,1078,Enkoor,25,Cotton,25,Common,0.0,38.0,6800.0,6650.0,6700.0,0.0,0.0
2025-01-10 00:00:00+05:30,300,Badepally,1327,Badepally,1,Paddy,256,Grade-A (RNR),0.0,58.0,2009.0,2592.0,2009.0,0.0,0.0
2025-01-10 00:00:00+05:30,290,Siddipet,1193,Siddipet,1,Paddy,237,Grade-A(IR64),0.0,17.77,2231.0,2231.0,2231.0,0.0,0.0
2025-01-10 00:00:00+05:30,292,Zaheerabad,1198,Zaheerabad,5,Maize,5,Common,0.0,9.5,2380.0,2511.0,2511.0,0.0,0.0
2025-01-10 00:00:00+05:30,239,Kesamudram,1168,Kesamudram,1,Paddy,256,Grade-A (RNR),0.0,3409.0,2322.0,2569.0,2522.0,0.0,0.0
2025-01-10 00:00:00+05:30,310,Shadnagar,1330,Shadnagar,5,Maize,5,Common,0.0,37.8,2476.0,2476.0,2476.0,0.0,0.0
2025-01-10 00:00:00+05:30,367,Gudimalkapur,1571,Gudumalkapur,99,Cauliflower,99,Common,0.0,213.0,800.0,1500.0,1200.0,0.0,0.0
2025-01-10 00:00:00+05:30,331,Vantimamidi,1612,Vantimamidi,30,Groundnut pods,243,Wet,0.0,19.0,3500.0,4000.0,3750.0,0.0,0.0
2025-01-11 00:00:00+05:30,324,Bowenpally,3,Bowenpally,99,Cauliflower,99,Common,0.0,236.0,500.0,1500.0,1200.0,0.0,0.0
2025-01-11 00:00:00+05:30,323,Gaddiannaram,2,L.B Nagar,101,Beet Root,101,Common,0.0,3.0,2500.0,3500.0,3000.0,0.0,0.0
2025-01-10 00:00:00+05:30,283,Gajwel,1201,Gajwel,25,Cotton,25,Common,0.0,8.0,6600.0,6650.0,6620.0,0.0,0.0
2025-01-11 00:00:00+05:30,325,Hyderabad,5,Mahabubmansion,54,Chillies(Dry),266,Devanooru Delux,0.0,66.0,7000.0,10000.0,9000.0,0.0,0.0
2025-01-11 00:00:00+05:30,325,Hyderabad,6,Madannapeta,101,Beet Root,101,Common,0.0,4.0,2500.0,2500.0,2500.0,0.0,0.0
2025-01-11 00:00:00+05:30,325,Hyderabad,7,Meeralamandi,103,Carrot,103,Common,0.0,3.0,2500.0,3000.0,2750.0,0.0,0.0
2025-01-11 00:00:00+05:30,208,Nizamabad,1080,Nizamabad,1,Paddy,241,Grade-A (Jai Sri Ram),0.0,1.0,2300.0,2300.0,2300.0,0.0,0.0
2025-01-11 00:00:00+05:30,212,Choppadandi,1123,Choppadandi,1,Paddy,237,Grade-A(IR64),0.0,10.0,2233.0,2236.0,2236.0,0.0,0.0
2025-01-11 00:00:00+05:30,367,Gudimalkapur,1571,Gudumalkapur,99,Cauliflower,99,Common,0.0,250.0,800.0,1200.0,1000.0,0.0,0.0
2025-01-11 00:00:00+05:30,300,Badepally,1327,Badepally,1,Paddy,256,Grade-A (RNR),0.0,216.0,2129.0,2569.0,2349.0,0.0,0.0
2025-01-11 00:00:00+05:30,283,Gajwel,1201,Gajwel,25,Cotton,25,Common,0.0,6.0,6600.0,6670.0,6620.0,0.0,0.0
2025-01-11 00:00:00+05:30,331,Vantimamidi,1612,Vantimamidi,30,Groundnut pods,243,Wet,0.0,34.0,3500.0,4000.0,3750.0,0.0,0.0
2025-01-12 00:00:00+05:30,324,Bowenpally,3,Bowenpally,99,Cauliflower,99,Common,0.0,307.0,1000.0,1500.0,1300.0,0.0,0.0
2025-01-12 00:00:00+05:30,325,Hyderabad,6,Madannapeta,101,Beet Root,101,Common,0.0,3.0,2800.0,3000.0,2900.0,0.0,0.0
2025-01-12 00:00:00+05:30,325,Hyderabad,7,Meeralamandi,103,Carrot,103,Common,0.0,2.0,2500.0,3000.0,2750.0,0.0,0.0
2025-01-12 00:00:00+05:30,367,Gudimalkapur,1571,Gudumalkapur,99,Cauliflower,99,Common,0.0,345.0,800.0,1500.0,1000.0,0.0,0.0
2025-01-13 00:00:00+05:30,323,Gaddiannaram,2,L.B Nagar,101,Beet Root,101,Common,0.0,8.0,2500.0,3500.0,3000.0,0.0,0.0
2025-01-12 00:00:00+05:30,208,Nizamabad,1080,Nizamabad,1,Paddy,241,Grade-A (Jai Sri Ram),0.0,1.0,2300.0,2300.0,2300.0,0.0,0.0
2025-01-12 00:00:00+05:30,283,Gajwel,1201,Gajwel,25,Cotton,25,Common,0.0,3.0,6500.0,6650.0,6620.0,0.0,0.0
2025-01-12 00:00:00+05:30,331,Vantimamidi,1612,Vantimamidi,30,Groundnut pods,243,Wet,0.0,26.0,2500.0,4000.0,3250.0,0.0,0.0
2025-01-13 00:00:00+05:30,324,Bowenpally,3,Bowenpally,99,Cauliflower,99,Common,0.0,286.0,400.0,1500.0,1300.0,0.0,0.0
2025-01-13 00:00:00+05:30,325,Hyderabad,5,Mahabubmansion,54,Chillies(Dry),266,Devanooru Delux,0.0,64.0,7000.0,10000.0,9000.0,0.0,0.0
2025-01-13 00:00:00+05:30,325,Hyderabad,7,Meeralamandi,103,Carrot,103,Common,0.0,4.0,2000.0,3500.0,2750.0,0.0,0.0
2025-01-13 00:00:00+05:30,208,Nizamabad,1080,Nizamabad,1,Paddy,241,Grade-A (Jai Sri Ram),0.0,1.0,2300.0,2300.0,2300.0,0.0,0.0
2025-01-13 00:00:00+05:30,367,Gudimalkapur,1571,Gudumalkapur,99,Cauliflower,99,Common,0.0,135.0,800.0,1200.0,1000.0,0.0,0.0
2025-01-14 00:00:00+05:30,323,Gaddiannaram,2,L.B Nagar,101,Beet Root,101,Common,0.0,4.0,3000.0,3000.0,3000.0,0.0,0.0
2025-01-13 00:00:00+05:30,331,Vantimamidi,1612,Vantimamidi,30,Groundnut pods,243,Wet,0.0,18.0,3500.0,4000.0,3750.0,0.0,0.0
2025-01-14 00:00:00+05:30,324,Bowenpally,3,Bowenpally,99,Cauliflower,99,Common,0.0,185.0,400.0,1500.0,1200.0,0.0,0.0
2025-01-14 00:00:00+05:30,325,Hyderabad,6,Madannapeta,101,Beet Root,101,Common,0.0,5.0,2500.0,2500.0,2500.0,0.0,0.0
2025-01-14 00:00:00+05:30,367,Gudimalkapur,1571,Gudumalkapur,99,Cauliflower,99,Common,0.0,114.0,800.0,1200.0,1000.0,0.0,0.0
2025-01-14 00:00:00+05:30,208,Nizamabad,1080,Nizamabad,1,Paddy,241,Grade-A (Jai Sri Ram),0.0,1.0,2300.0,2300.0,2300.0,0.0,0.0
2025-01-14 00:00:00+05:30,283,Gajwel,1201,Gajwel,25,Cotton,25,Common,0.0,4.0,6500.0,6650.0,6620.0,0.0,0.0
2025-01-15 00:00:00+05:30,367,Gudimalkapur,1571,Gudumalkapur,99,Cauliflower,99,Common,0.0,107.0,1000.0,2000.0,1500.0,0.0,0.0
2025-01-15 00:00:00+05:30,331,Vantimamidi,1612,Vantimamidi,30,Groundnut pods,243,Wet,0.0,2.0,3500.0,4000.0,3750.0,0.0,0.0
2025-01-15 00:00:00+05:30,283,Gajwel,1201,Gajwel,25,Cotton,25,Common,0.0,2.0,6500.0,6650.0,6200.0,0.0,0.0
2025-01-15 00:00:00+05:30,323,Gaddiannaram,2,L.B Nagar,101,Beet Root,101,Common,0.0,2.0,3000.0,3000.0,3000.0,0.0,0.0
2025-01-15 00:00:00+05:30,324,Bowenpally,3,Bowenpally,99,Cauliflower,99,Common,0.0,181.0,400.0,1500.0,1200.0,0.0,0.0
2025-01-16 00:00:00+05:30,324,Bowenpally,3,Bowenpally,99,Cauliflower,99,Common,0.0,254.0,500.0,1500.0,1200.0,0.0,0.0
2025-01-16 00:00:00+05:30,323,Gaddiannaram,2,L.B Nagar,101,Beet Root,101,Common,0.0,4.0,3000.0,3500.0,3200.0,0.0,0.0
2025-01-16 00:00:00+05:30,325,Hyderabad,5,Mahabubmansion,54,Chillies(Dry),266,Devanooru Delux,0.0,106.0,7000.0,10000.0,9000.0,0.0,0.0
2025-01-15 00:00:00+05:30,208,Nizamabad,1080,Nizamabad,1,Paddy,241,Grade-A (Jai Sri Ram),0.0,1.0,2300.0,2300.0,2300.0,0.0,0.0
2025-01-16 00:00:00+05:30,239,Kesamudram,1168,Kesamudram,1,Paddy,256,Grade-A (RNR),0.0,283.0,2519.0,2559.0,2536.0,0.0,0.0
2025-01-16 00:00:00+05:30,290,Siddipet,1193,Siddipet,1,Paddy,237,Grade-A(IR64),0.0,6.45,2228.0,2228.0,2228.0,0.0,0.0
2025-01-16 00:00:00+05:30,292,Zaheerabad,1198,Zaheerabad,5,Maize,5,Common,0.0,21.5,2264.0,2264.0,2264.0,0.0,0.0
2025-01-16 00:00:00+05:30,212,Choppadandi,1123,Choppadandi,1,Paddy,237,Grade-A(IR64),0.0,11.0,2232.0,2252.0,2247.0,0.0,0.0
2025-01-16 00:00:00+05:30,254,Enkoor,1078,Enkoor,25,Cotton,25,Common,0.0,131.0,6800.0,6650.0,6700.0,0.0,0.0
2025-01-16 00:00:00+05:30,367,Gudimalkapur,1571,Gudumalkapur,99,Cauliflower,99,Common,0.0,232.0,800.0,1200.0,1000.0,0.0,0.0
2025-01-16 00:00:00+05:30,310,Shadnagar,1330,Shadnagar,5,Maize,5,Common,0.0,8.64,2389.0,2389.0,2389.0,0.0,0.0
2025-01-16 00:00:00+05:30,283,Gajwel,1201,Gajwel,25,Cotton,25,Common,0.0,6.0,6620.0,6650.0,6650.0,0.0,0.0
2025-01-16 00:00:00+05:30,300,Badepally,1327,Badepally,1,Paddy,256,Grade-A (RNR),0.0,12.0,2580.0,2580.0,2580.0,0.0,0.0
2025-01-16 00:00:00+05:30,308,Nagarkurnool,1334,Nagarkurnool,1,Paddy,272,Grade-A (Sonamasuri),0.0,6.75,2411.0,2411.0,2411.0,0.0,0.0
2025-01-16 00:00:00+05:30,331,Vantimamidi,1612,Vantimamidi,30,Groundnut pods,243,Wet,0.0,8.0,3500.0,4000.0,3750.0,0.0,0.0
2025-01-17 00:00:00+05:30,324,Bowenpally,3,Bowenpally,99,Cauliflower,99,Common,0.0,312.0,500.0,1500.0,1200.0,0.0,0.0
2025-01-17 00:00:00+05:30,323,Gaddiannaram,2,L.B Nagar,101,Beet Root,101,Common,0.0,2.0,3000.0,3500.0,3200.0,0.0,0.0
2025-01-17 00:00:00+05:30,325,Hyderabad,5,Mahabubmansion,54,Chillies(Dry),266,Devanooru Delux,0.0,116.0,7000.0,1000.0,9000.0,0.0,0.0
2025-01-17 00:00:00+05:30,283,Gajwel,1201,Gajwel,25,Cotton,25,Common,0.0,23.0,6520.0,6610.0,6565.0,0.0,0.0
2025-01-17 00:00:00+05:30,300,Badepally,1327,Badepally,1,Paddy,256,Grade-A (RNR),0.0,71.0,1702.0,2590.0,2429.0,0.0,0.0
2025-01-17 00:00:00+05:30,308,Nagarkurnool,1334,Nagarkurnool,1,Paddy,272,Grade-A (Sonamasuri),0.0,64.0,2150.0,25511.0,2150.0,0.0,0.0
2025-01-17 00:00:00+05:30,331,Vantimamidi,1612,Vantimamidi,30,Groundnut pods,243,Wet,0.0,18.0,3500.0,4000.0,3750.0,0.0,0.0
2025-01-17 00:00:00+05:30,239,Kesamudram,1168,Kesamudram,1,Paddy,256,Grade-A (RNR),0.0,344.0,2150.0,2639.0,2522.0,0.0,0.0
2025-01-17 00:00:00+05:30,237,Ghanpur,1188,Ghanpur,1,Paddy,270,Grade-A (1010),0.0,250.0,2000.0,2300.0,2100.0,0.0,0.0
2025-01-17 00:00:00+05:30,292,Zaheerabad,1198,Zaheerabad,5,Maize,5,Common,0.0,2.5,2456.0,2512.0,2512.0,0.0,0.0
2025-01-17 00:00:00+05:30,254,Enkoor,1078,Enkoor,25,Cotton,25,Common,0.0,29.0,6800.0,6650.0,6700.0,0.0,0.0
2025-01-18 00:00:00+05:30,324,Bowenpally,3,Bowenpally,99,Cauliflower,99,Common,0.0,475.0,500.0,1500.0,1200.0,0.0,0.0
2025-01-18 00:00:00+05:30,323,Gaddiannaram,2,L.B Nagar,101,Beet Root,101,Common,0.0,12.0,2000.0,3000.0,2500.0,0.0,0.0
2025-01-18 00:00:00+05:30,325,Hyderabad,5,Mahabubmansion,54,Chillies(Dry),266,Devanooru Delux,0.0,154.0,7000.0,10000.0,9000.0,0.0,0.0
2025-01-18 00:00:00+05:30,325,Hyderabad,7,Meeralamandi,103,Carrot,103,Common,0.0,2.0,4500.0,4500.0,4500.0,0.0,0.0
2025-01-18 00:00:00+05:30,254,Enkoor,1078,Enkoor,25,Cotton,25,Common,0.0,59.0,6800.0,6650.0,6700.0,0.0,0.0
2025-01-18 00:00:00+05:30,367,Gudimalkapur,1571,Gudumalkapur,99,Cauliflower,99,Common,0.0,325.0,1000.0,1500.0,1200.0,0.0,0.0
2025-01-18 00:00:00+05:30,212,Choppadandi,1123,Choppadandi,1,Paddy,237,Grade-A(IR64),0.0,3.0,2253.0,2253.0,2253.0,0.0,0.0
2025-01-18 00:00:00+05:30,237,Ghanpur,1188,Ghanpur,1,Paddy,270,Grade-A (1010),0.0,250.0,2000.0,2320.0,2100.0,0.0,0.0
2025-01-18 00:00:00+05:30,283,Gajwel,1201,Gajwel,25,Cotton,25,Common,0.0,53.0,6609.0,6650.0,6610.0,0.0,0.0
2025-01-18 00:00:00+05:30,300,Badepally,1327,Badepally,1,Paddy,256,Grade-A (RNR),0.0,49.0,2312.0,2609.0,2312.0,0.0,0.0
2025-01-18 00:00:00+05:30,331,Vantimamidi,1612,Vantimamidi,30,Groundnut pods,243,Wet,0.0,32.0,4000.0,4500.0,4250.0,0.0,0.0
2025-01-19 00:00:00+05:30,324,Bowenpally,3,Bowenpally,99,Cauliflower,99,Common,0.0,392.0,500.0,1500.0,1200.0,0.0,0.0
2025-01-19 00:00:00+05:30,323,Gaddiannaram,2,L.B Nagar,101,Beet Root,101,Common,0.0,11.0,2500.0,3500.0,3000.0,0.0,0.0
2025-01-19 00:00:00+05:30,325,Hyderabad,6,Madannapeta,101,Beet Root,101,Common,0.0,4.0,2000.0,2500.0,2250.0,0.0,0.0
2025-01-19 00:00:00+05:30,325,Hyderabad,7,Meeralamandi,103,Carrot,103,Common,0.0,3.0,3000.0,3500.0,3250.0,0.0,0.0
2025-01-19 00:00:00+05:30,367,Gudimalkapur,1571,Gudumalkapur,99,Cauliflower,99,Common,0.0,315.0,800.0,1200.0,1000.0,0.0,0.0
2025-01-19 00:00:00+05:30,243,Narsampet,1176,Narsampet,5,Maize,215,Hybrid New,0.0,80.29,2457.0,2457.0,2457.0,0.0,0.0
2025-01-19 00:00:00+05:30,283,Gajwel,1201,Gajwel,25,Cotton,25,Common,0.0,5.0,6500.0,6650.0,6620.0,0.0,0.0
2025-01-19 00:00:00+05:30,331,Vantimamidi,1612,Vantimamidi,30,Groundnut pods,243,Wet,0.0,6.0,3200.0,4000.0,3600.0,0.0,0.0
2025-01-20 00:00:00+05:30,323,Gaddiannaram,2,L.B Nagar,101,Beet Root,101,Common,0.0,5.0,2500.0,3500.0,3000.0,0.0,0.0
2025-01-20 00:00:00+05:30,324,Bowenpally,3,Bowenpally,99,Cauliflower,99,Common,0.0,300.0,500.0,1500.0,1200.0,0.0,0.0
2025-01-20 00:00:00+05:30,325,Hyderabad,6,Madannapeta,101,Beet Root,101,Common,0.0,8.0,2000.0,2500.0,2250.0,0.0,0.0
2025-01-20 00:00:00+05:30,325,Hyderabad,5,Mahabubmansion,54,Chillies(Dry),266,Devanooru Delux,0.0,200.0,7000.0,10000.0,9000.0,0.0,0.0
2025-01-20 00:00:00+05:30,325,Hyderabad,7,Meeralamandi,103,Carrot,103,Common,0.0,3.0,3000.0,3500.0,3250.0,0.0,0.0
2025-01-20 00:00:00+05:30,300,Badepally,1327,Badepally,1,Paddy,256,Grade-A (RNR),0.0,57.0,2409.0,2590.0,2540.0,0.0,0.0
2025-01-20 00:00:00+05:30,292,Zaheerabad,1198,Zaheerabad,5,Maize,5,Common,0.0,10.0,2375.0,2414.0,2414.0,0.0,0.0
2025-01-20 00:00:00+05:30,239,Kesamudram,1168,Kesamudram,1,Paddy,256,Grade-A (RNR),0.0,1903.0,2311.0,2575.0,2551.0,0.0,0.0
2025-01-20 00:00:00+05:30,254,Enkoor,1078,Enkoor,25,Cotton,25,Common,0.0,64.0,6900.0,6700.0,6800.0,0.0,0.0
2025-01-20 00:00:00+05:30,212,Choppadandi,1123,Choppadandi,1,Paddy,237,Grade-A(IR64),0.0,8.0,2282.0,2282.0,2282.0,0.0,0.0
2025-01-20 00:00:00+05:30,310,Shadnagar,1330,Shadnagar,5,Maize,5,Common,0.0,21.06,2492.0,2492.0,2492.0,0.0,0.0
2025-01-20 00:00:00+05:30,331,Vantimamidi,1612,Vantimamidi,30,Groundnut pods,243,Wet,0.0,24.0,3500.0,4000.0,3750.0,0.0,0.0
2025-01-20 00:00:00+05:30,367,Gudimalkapur,1571,Gudumalkapur,99,Cauliflower,99,Common,0.0,206.0,800.0,1200.0,1000.0,0.0,0.0
2025-01-21 00:00:00+05:30,323,Gaddiannaram,2,L.B Nagar,101,Beet Root,101,Common,0.0,10.0,3000.0,3500.0,3200.0,0.0,0.0
2025-01-21 00:00:00+05:30,324,Bowenpally,3,Bowenpally,99,Cauliflower,99,Common,0.0,270.0,500.0,1500.0,1200.0,0.0,0.0
2025-01-21 00:00:00+05:30,325,Hyderabad,6,Madannapeta,101,Beet Root,101,Common,0.0,2.0,2500.0,2500.0,2500.0,0.0,0.0
2025-01-21 00:00:00+05:30,325,Hyderabad,5,Mahabubmansion,54,Chillies(Dry),266,Devanooru Delux,0.0,108.0,7000.0,10000.0,9000.0,0.0,0.0
2025-01-21 00:00:00+05:30,325,Hyderabad,7,Meeralamandi,103,Carrot,103,Common,0.0,6.0,1000.0,1200.0,1100.0,0.0,0.0
2025-01-21 00:00:00+05:30,300,Badepally,1327,Badepally,1,Paddy,256,Grade-A (RNR),0.0,104.0,2056.0,2631.0,2056.0,0.0,0.0
2025-01-21 00:00:00+05:30,283,Gajwel,1201,Gajwel,25,Cotton,25,Common,0.0,47.0,6600.0,6620.0,6610.0,0.0,0.0
2025-01-21 00:00:00+05:30,290,Siddipet,1193,Siddipet,1,Paddy,237,Grade-A(IR64),0.0,5.07,2225.0,2225.0,2225.0,0.0,0.0
2025-01-21 00:00:00+05:30,292,Zaheerabad,1198,Zaheerabad,5,Maize,5,Common,0.0,1.0,2551.0,2551.0,2551.0,0.0,0.0
2025-01-21 00:00:00+05:30,239,Kesamudram,1168,Kesamudram,1,Paddy,256,Grade-A (RNR),0.0,1530.0,2455.0,2579.0,2555.0,0.0,0.0
2025-01-20 00:00:00+05:30,283,Gajwel,1201,Gajwel,25,Cotton,25,Common,0.0,58.0,6510.0,6600.0,6580.0,0.0,0.0
2025-01-21 00:00:00+05:30,212,Choppadandi,1123,Choppadandi,1,Paddy,237,Grade-A(IR64),0.0,2.0,2286.0,2286.0,2286.0,0.0,0.0
2025-01-21 00:00:00+05:30,254,Enkoor,1078,Enkoor,25,Cotton,25,Common,0.0,83.0,6900.0,6700.0,6800.0,0.0,0.0
2025-01-21 00:00:00+05:30,367,Gudimalkapur,1571,Gudumalkapur,99,Cauliflower,99,Common,0.0,214.0,800.0,1200.0,1000.0,0.0,0.0
2025-01-21 00:00:00+05:30,331,Vantimamidi,1612,Vantimamidi,30,Groundnut pods,243,Wet,0.0,28.0,2800.0,3000.0,2900.0,0.0,0.0
2025-01-22 00:00:00+05:30,323,Gaddiannaram,1,Gaddiannaram,76,Mango,293,Neelam,0.0,1.0,4400.0,4400.0,4400.0,0.0,0.0
2025-01-22 00:00:00+05:30,323,Gaddiannaram,2,L.B Nagar,101,Beet Root,101,Common,0.0,23.0,2000.0,3000.0,2500.0,0.0,0.0
2025-01-22 00:00:00+05:30,324,Bowenpally,3,Bowenpally,99,Cauliflower,99,Common,0.0,328.0,500.0,1500.0,1200.0,0.0,0.0
2025-01-22 00:00:00+05:30,325,Hyderabad,6,Madannapeta,101,Beet Root,101,Common,0.0,7.0,1700.0,1700.0,1700.0,0.0,0.0
2025-01-22 00:00:00+05:30,325,Hyderabad,5,Mahabubmansion,54,Chillies(Dry),266,Devanooru Delux,0.0,130.0,8000.0,10000.0,9000.0,0.0,0.0
2025-01-22 00:00:00+05:30,325,Hyderabad,7,Meeralamandi,103,Carrot,103,Common,0.0,3.0,2200.0,2500.0,2350.0,0.0,0.0
2025-01-22 00:00:00+05:30,283,Gajwel,1201,Gajwel,25,Cotton,25,Common,0.0,30.0,6600.0,6610.0,6605.0,0.0,0.0
2025-01-22 00:00:00+05:30,239,Kesamudram,1168,Kesamudram,1,Paddy,256,Grade-A (RNR),0.0,450.0,2412.0,2651.0,2585.0,0.0,0.0
2025-01-22 00:00:00+05:30,292,Zaheerabad,1198,Zaheerabad,5,Maize,5,Common,0.0,1.0,2396.0,2396.0,2396.0,0.0,0.0
2025-01-22 00:00:00+05:30,192,Jainath,26,Jainath,5,Maize,5,Common,0.0,100.0,2300.0,2300.0,2300.0,0.0,0.0
2025-01-22 00:00:00+05:30,254,Enkoor,1078,Enkoor,25,Cotton,25,Common,0.0,63.0,7000.0,6700.0,6850.0,0.0,0.0
2025-01-22 00:00:00+05:30,367,Gudimalkapur,1571,Gudumalkapur,99,Cauliflower,99,Common,0.0,211.0,800.0,1200.0,1000.0,0.0,0.0
2025-01-22 00:00:00+05:30,300,Badepally,1327,Badepally,1,Paddy,256,Grade-A (RNR),0.0,70.0,1952.0,2109.0,2109.0,0.0,0.0
2025-01-22 00:00:00+05:30,331,Vantimamidi,1612,Vantimamidi,30,Groundnut pods,243,Wet,0.0,10.0,2000.0,3500.0,2750.0,0.0,0.0
2025-01-23 00:00:00+05:30,323,Gaddiannaram,2,L.B Nagar,101,Beet Root,101,Common,0.0,10.0,2000.0,3000.0,2500.0,0.0,0.0
2025-01-23 00:00:00+05:30,324,Bowenpally,3,Bowenpally,99,Cauliflower,99,Common,0.0,367.0,500.0,1500.0,1200.0,0.0,0.0
2025-01-23 00:00:00+05:30,325,Hyderabad,5,Mahabubmansion,54,Chillies(Dry),266,Devanooru Delux,0.0,120.0,8000.0,10000.0,9000.0,0.0,0.0
2025-01-23 00:00:00+05:30,325,Hyderabad,7,Meeralamandi,103,Carrot,103,Common,0.0,3.0,2000.0,2500.0,2250.0,0.0,0.0
2025-01-23 00:00:00+05:30,239,Kesamudram,1168,Kesamudram,1,Paddy,256,Grade-A (RNR),0.0,835.0,2552.0,2606.0,2603.0,0.0,0.0
2025-01-23 00:00:00+05:30,243,Narsampet,1176,Narsampet,5,Maize,215,Hybrid New,0.0,21.49,2421.0,2457.0,2421.0,0.0,0.0
2025-01-23 00:00:00+05:30,237,Ghanpur,1188,Ghanpur,1,Paddy,270,Grade-A (1010),0.0,700.0,2000.0,2320.0,2200.0,0.0,0.0
2025-01-23 00:00:00+05:30,290,Siddipet,1193,Siddipet,1,Paddy,237,Grade-A(IR64),0.0,16.02,1811.0,2231.0,2185.0,0.0,0.0
2025-01-23 00:00:00+05:30,283,Gajwel,1201,Gajwel,25,Cotton,25,Common,0.0,49.0,6560.0,6615.0,6600.0,0.0,0.0
2025-01-23 00:00:00+05:30,300,Badepally,1327,Badepally,1,Paddy,256,Grade-A (RNR),0.0,20.0,2340.0,2340.0,2340.0,0.0,0.0
2025-01-23 00:00:00+05:30,254,Enkoor,1078,Enkoor,25,Cotton,25,Common,0.0,52.0,6800.0,6650.0,6700.0,0.0,0.0
2025-01-23 00:00:00+05:30,292,Zaheerabad,1198,Zaheerabad,5,Maize,5,Common,0.0,19.5,2464.0,2511.0,2511.0,0.0,0.0
2025-01-23 00:00:00+05:30,331,Vantimamidi,1612,Vantimamidi,30,Groundnut pods,243,Wet,0.0,11.0,2000.0,3500.0,2750.0,0.0,0.0
2025-01-23 00:00:00+05:30,367,Gudimalkapur,1571,Gudumalkapur,99,Cauliflower,99,Common,0.0,330.0,800.0,1200.0,1000.0,0.0,0.0
2025-01-24 00:00:00+05:30,323,Gaddiannaram,2,L.B Nagar,101,Beet Root,101,Common,0.0,7.0,2000.0,3000.0,2500.0,0.0,0.0
2025-01-24 00:00:00+05:30,324,Bowenpally,3,Bowenpally,99,Cauliflower,99,Common,0.0,382.0,500.0,1500.0,1200.0,0.0,0.0
2025-01-24 00:00:00+05:30,325,Hyderabad,5,Mahabubmansion,54,Chillies(Dry),266,Devanooru Delux,0.0,154.0,7000.0,1000.0,8000.0,0.0,0.0
2025-01-24 00:00:00+05:30,212,Choppadandi,1123,Choppadandi,1,Paddy,237,Grade-A(IR64),0.0,28.0,2223.0,2293.0,2292.0,0.0,0.0
2025-01-24 00:00:00+05:30,290,Siddipet,1193,Siddipet,1,Paddy,237,Grade-A(IR64),0.0,7.6,2156.0,2156.0,2156.0,0.0,0.0
2025-01-24 00:00:00+05:30,292,Zaheerabad,1198,Zaheerabad,5,Maize,5,Common,0.0,0.5,2580.0,2580.0,2580.0,0.0,0.0
2025-01-24 00:00:00+05:30,283,Gajwel,1201,Gajwel,25,Cotton,25,Common,0.0,47.0,6550.0,6615.0,6600.0,0.0,0.0
2025-01-24 00:00:00+05:30,325,Hyderabad,7,Meeralamandi,103,Carrot,103,Common,0.0,2.0,2500.0,2500.0,2500.0,0.0,0.0
2025-01-24 00:00:00+05:30,367,Gudimalkapur,1571,Gudumalkapur,99,Cauliflower,99,Common,0.0,214.0,800.0,1200.0,1000.0,0.0,0.0
2025-01-24 00:00:00+05:30,300,Badepally,1327,Badepally,1,Paddy,256,Grade-A (RNR),0.0,7.0,2591.0,2591.0,2591.0,0.0,0.0
2025-01-24 00:00:00+05:30,331,Vantimamidi,1612,Vantimamidi,30,Groundnut pods,243,Wet,0.0,38.0,2000.0,3500.0,2750.0,0.0,0.0
2025-01-25 00:00:00+05:30,323,Gaddiannaram,2,L.B Nagar,101,Beet Root,101,Common,0.0,7.0,2000.0,3000.0,2500.0,0.0,0.0
2025-01-25 00:00:00+05:30,324,Bowenpally,3,Bowenpally,99,Cauliflower,99,Common,0.0,449.0,500.0,1500.0,1200.0,0.0,0.0
2025-01-25 00:00:00+05:30,325,Hyderabad,5,Mahabubmansion,54,Chillies(Dry),266,Devanooru Delux,0.0,118.0,8000.0,10000.0,9000.0,0.0,0.0
2025-01-25 00:00:00+05:30,254,Enkoor,1078,Enkoor,25,Cotton,25,Common,0.0,42.0,7000.0,6700.0,6800.0,0.0,0.0
2025-01-25 00:00:00+05:30,212,Choppadandi,1123,Choppadandi,1,Paddy,237,Grade-A(IR64),0.0,10.0,2276.0,2239.0,2239.0,0.0,0.0
2025-01-25 00:00:00+05:30,325,Hyderabad,7,Meeralamandi,103,Carrot,103,Common,0.0,3.0,2000.0,2500.0,2250.0,0.0,0.0
2025-01-25 00:00:00+05:30,367,Gudimalkapur,1571,Gudumalkapur,99,Cauliflower,99,Common,0.0,231.0,800.0,1200.0,1000.0,0.0,0.0
2025-01-25 00:00:00+05:30,300,Badepally,1327,Badepally,1,Paddy,256,Grade-A (RNR),0.0,44.0,2501.0,2641.0,2601.0,0.0,0.0
2025-01-25 00:00:00+05:30,331,Vantimamidi,1612,Vantimamidi,30,Groundnut pods,243,Wet,0.0,34.0,3000.0,4000.0,3500.0,0.0,0.0
2025-01-26 00:00:00+05:30,323,Gaddiannaram,2,L.B Nagar,101,Beet Root,101,Common,0.0,13.0,2000.0,3000.0,2500.0,0.0,0.0
2025-01-25 00:00:00+05:30,308,Nagarkurnool,1334,Nagarkurnool,1,Paddy,272,Grade-A (Sonamasuri),0.0,12.0,2558.0,2601.0,2601.0,0.0,0.0
2025-01-25 00:00:00+05:30,283,Gajwel,1201,Gajwel,25,Cotton,25,Common,0.0,21.0,6500.0,6600.0,6580.0,0.0,0.0
2025-01-26 00:00:00+05:30,324,Bowenpally,3,Bowenpally,99,Cauliflower,99,Common,0.0,556.0,1000.0,1500.0,1400.0,0.0,0.0
2025-01-26 00:00:00+05:30,367,Gudimalkapur,1571,Gudumalkapur,99,Cauliflower,99,Common,0.0,337.0,800.0,1200.0,1000.0,0.0,0.0
2025-01-26 00:00:00+05:30,331,Vantimamidi,1612,Vantimamidi,30,Groundnut pods,243,Wet,0.0,22.0,3000.0,4000.0,3500.0,0.0,0.0
2025-01-27 00:00:00+05:30,323,Gaddiannaram,2,L.B Nagar,101,Beet Root,101,Common,0.0,10.0,2000.0,3000.0,2500.0,0.0,0.0
2025-01-27 00:00:00+05:30,325,Hyderabad,5,Mahabubmansion,54,Chillies(Dry),266,Devanooru Delux,0.0,189.0,9000.0,11000.0,10000.0,0.0,0.0
2025-01-27 00:00:00+05:30,325,Hyderabad,7,Meeralamandi,103,Carrot,103,Common,0.0,3.0,2500.0,3000.0,2750.0,0.0,0.0
2025-01-27 00:00:00+05:30,300,Badepally,1327,Badepally,1,Paddy,256,Grade-A (RNR),0.0,22.0,2122.0,2450.0,2155.0,0.0,0.0
2025-01-27 00:00:00+05:30,308,Nagarkurnool,1334,Nagarkurnool,1,Paddy,272,Grade-A (Sonamasuri),0.0,12.0,2462.0,2462.0,2462.0,0.0,0.0
2025-01-27 00:00:00+05:30,283,Gajwel,1201,Gajwel,25,Cotton,25,Common,0.0,108.0,6540.0,6610.0,6600.0,0.0,0.0
2025-01-27 00:00:00+05:30,188,Bhainsa,11,Bhainsa,5,Maize,215,Hybrid New,0.0,1.06,1666.0,1666.0,1666.0,0.0,0.0
2025-01-27 00:00:00+05:30,254,Enkoor,1078,Enkoor,25,Cotton,25,Common,0.0,15.0,7000.0,6700.0,6800.0,0.0,0.0
2025-01-26 00:00:00+05:30,208,Nizamabad,1080,Nizamabad,1,Paddy,241,Grade-A (Jai Sri Ram),0.0,1.0,2300.0,2300.0,2300.0,0.0,0.0
2025-01-27 00:00:00+05:30,212,Choppadandi,1123,Choppadandi,1,Paddy,237,Grade-A(IR64),0.0,8.0,2277.0,2277.0,2277.0,0.0,0.0
2025-01-27 00:00:00+05:30,367,Gudimalkapur,1571,Gudumalkapur,99,Cauliflower,99,Common,0.0,320.0,800.0,1200.0,1000.0,0.0,0.0
2025-01-27 00:00:00+05:30,331,Vantimamidi,1612,Vantimamidi,30,Groundnut pods,243,Wet,0.0,17.0,2000.0,3500.0,2750.0,0.0,0.0
2025-01-28 00:00:00+05:30,323,Gaddiannaram,2,L.B Nagar,101,Beet Root,101,Common,0.0,10.0,2000.0,3000.0,2500.0,0.0,0.0
2025-01-28 00:00:00+05:30,324,Bowenpally,3,Bowenpally,99,Cauliflower,99,Common,0.0,502.0,500.0,1500.0,1200.0,0.0,0.0
2025-01-28 00:00:00+05:30,325,Hyderabad,5,Mahabubmansion,54,Chillies(Dry),266,Devanooru Delux,0.0,280.0,8000.0,10000.0,9000.0,0.0,0.0
2025-01-28 00:00:00+05:30,325,Hyderabad,7,Meeralamandi,103,Carrot,103,Common,0.0,2.0,2500.0,2500.0,2500.0,0.0,0.0
2025-01-28 00:00:00+05:30,212,Choppadandi,1123,Choppadandi,1,Paddy,237,Grade-A(IR64),0.0,1.0,2282.0,2282.0,2282.0,0.0,0.0
2025-01-28 00:00:00+05:30,290,Siddipet,1193,Siddipet,1,Paddy,237,Grade-A(IR64),0.0,1.99,2021.0,2021.0,2021.0,0.0,0.0
2025-01-28 00:00:00+05:30,283,Gajwel,1201,Gajwel,25,Cotton,25,Common,0.0,87.0,6520.0,6610.0,6600.0,0.0,0.0
2025-01-28 00:00:00+05:30,367,Gudimalkapur,1571,Gudumalkapur,99,Cauliflower,99,Common,0.0,424.0,800.0,1200.0,1000.0,0.0,0.0
2025-01-29 00:00:00+05:30,325,Hyderabad,7,Meeralamandi,103,Carrot,103,Common,0.0,2.0,3000.0,3000.0,3000.0,0.0,0.0
2025-01-29 00:00:00+05:30,192,Jainath,26,Jainath,5,Maize,5,Common,0.0,901.9,2250.0,2250.0,2250.0,0.0,0.0
2025-01-29 00:00:00+05:30,208,Nizamabad,1080,Nizamabad,1,Paddy,241,Grade-A (Jai Sri Ram),0.0,1.0,2300.0,2300.0,2300.0,0.0,0.0
2025-01-29 00:00:00+05:30,331,Vantimamidi,1612,Vantimamidi,30,Groundnut pods,243,Wet,0.0,21.0,3000.0,4000.0,3500.0,0.0,0.0
2025-01-30 00:00:00+05:30,323,Gaddiannaram,1,Gaddiannaram,76,Mango,293,Neelam,0.0,1.0,6650.0,6650.0,6650.0,0.0,0.0
2025-01-30 00:00:00+05:30,323,Gaddiannaram,2,L.B Nagar,101,Beet Root,101,Common,0.0,15.0,2000.0,3000.0,2500.0,0.0,0.0
2025-01-30 00:00:00+05:30,324,Bowenpally,3,Bowenpally,99,Cauliflower,99,Common,0.0,721.0,500.0,1500.0,1200.0,0.0,0.0
2025-01-29 00:00:00+05:30,283,Gajwel,1201,Gajwel,25,Cotton,25,Common,0.0,5.0,6500.0,6610.0,6600.0,0.0,0.0
2025-01-30 00:00:00+05:30,325,Hyderabad,5,Mahabubmansion,54,Chillies(Dry),266,Devanooru Delux,0.0,89.0,7000.0,9000.0,8000.0,0.0,0.0
2025-01-30 00:00:00+05:30,325,Hyderabad,6,Madannapeta,101,Beet Root,101,Common,0.0,3.0,2500.0,2500.0,2500.0,0.0,0.0
2025-01-30 00:00:00+05:30,325,Hyderabad,7,Meeralamandi,103,Carrot,103,Common,0.0,3.0,2500.0,3000.0,2750.0,0.0,0.0
2025-01-30 00:00:00+05:30,292,Zaheerabad,1198,Zaheerabad,5,Maize,5,Common,0.0,1.5,2386.0,2386.0,2386.0,0.0,0.0
2025-01-30 00:00:00+05:30,367,Gudimalkapur,1571,Gudumalkapur,99,Cauliflower,99,Common,0.0,502.0,800.0,1200.0,1000.0,0.0,0.0
2025-01-30 00:00:00+05:30,283,Gajwel,1201,Gajwel,25,Cotton,25,Common,0.0,71.0,6515.0,6600.0,6600.0,0.0,0.0
2025-01-30 00:00:00+05:30,331,Vantimamidi,1612,Vantimamidi,30,Groundnut pods,243,Wet,0.0,16.0,3000.0,4000.0,3500.0,0.0,0.0
2025-01-31 00:00:00+05:30,323,Gaddiannaram,2,L.B Nagar,101,Beet Root,101,Common,0.0,10.0,2000.0,3000.0,2500.0,0.0,0.0
2025-01-31 00:00:00+05:30,324,Bowenpally,3,Bowenpally,99,Cauliflower,99,Common,0.0,548.0,500.0,1500.0,1200.0,0.0,0.0
2025-01-31 00:00:00+05:30,325,Hyderabad,5,Mahabubmansion,54,Chillies(Dry),266,Devanooru Delux,0.0,384.0,7000.0,9000.0,8000.0,0.0,0.0
2025-01-31 00:00:00+05:30,325,Hyderabad,7,Meeralamandi,103,Carrot,103,Common,0.0,2.0,3000.0,3000.0,3000.0,0.0,0.0
2025-01-31 00:00:00+05:30,212,Choppadandi,1123,Choppadandi,1,Paddy,237,Grade-A(IR64),0.0,2.0,2268.0,2277.0,2268.0,0.0,0.0
2025-01-31 00:00:00+05:30,283,Gajwel,1201,Gajwel,25,Cotton,25,Common,0.0,89.0,6600.0,6635.0,6625.0,0.0,0.0
2025-01-31 00:00:00+05:30,331,Vantimamidi,1612,Vantimamidi,30,Groundnut pods,243,Wet,0.0,33.0,2500.0,3500.0,3000.0,0.0,0.0
2025-01-31 00:00:00+05:30,367,Gudimalkapur,1571,Gudumalkapur,99,Cauliflower,99,Common,0.0,430.0,800.0,1200.0,1000.0,0.0,0.0
2025-01-25 00:00:00+05:30,325,Hyderabad,5,Mahabubmansion,54,Chillies(Dry),268,Talu,0.0,386.0,3000.0,6000.0,5000.0,0.0,0.0
2025-01-25 00:00:00+05:30,325,Hyderabad,6,Madannapeta,103,Carrot,103,Common,0.0,10.0,1650.0,1650.0,1650.0,0.0,0.0
2025-01-24 00:00:00+05:30,301,Devarakadra,1352,Devarakadra,15,Red Gram,15,Common,0.0,82.0,7059.0,7262.0,7161.0,0.0,0.0
2025-01-25 00:00:00+05:30,324,Bowenpally,3,Bowenpally,101,Beet Root,101,Common,0.0,387.0,500.0,1800.0,1600.0,0.0,0.0
2025-01-25 00:00:00+05:30,323,Gaddiannaram,2,L.B Nagar,103,Carrot,103,Common,0.0,50.0,2000.0,3000.0,2500.0,0.0,0.0
2025-01-25 00:00:00+05:30,323,Gaddiannaram,1,Gaddiannaram,76,Mango,294,Rasalu,0.0,3.0,13850.0,13850.0,13850.0,0.0,0.0
2025-01-24 00:00:00+05:30,331,Vantimamidi,1612,Vantimamidi,98,Cabbage,98,Common,0.0,45.0,800.0,1200.0,1000.0,0.0,0.0
2025-01-24 00:00:00+05:30,302,Gadwal,1328,Gadwal,15,Red Gram,15,Common,0.0,186.0,3019.0,7125.0,6999.0,0.0,0.0
2025-01-24 00:00:00+05:30,367,Gudimalkapur,1571,Gudumalkapur,101,Beet Root,101,Common,0.0,51.0,1000.0,2000.0,1200.0,0.0,0.0
2025-01-24 00:00:00+05:30,186,Adilabad,10,Adilabad,25,Cotton,25,Common,0.0,722.44,6318.0,7050.0,7050.0,0.0,0.0
2025-01-24 00:00:00+05:30,186,Adilabad,10,Adilabad,25,Cotton,25,Common,0.0,7700.82,7123.0,7421.0,7421.0,0.0,0.0
2025-01-24 00:00:00+05:30,278,Suryapet,1091,Suryapet,1,Paddy,241,Grade-A (Jai Sri Ram),0.0,1054.0,1503.0,2919.0,2753.0,0.0,0.0
2025-01-24 00:00:00+05:30,243,Narsampet,1176,Narsampet,25,Cotton,25,Common,0.0,13.5,6650.0,6825.0,6650.0,0.0,0.0
2025-01-24 00:00:00+05:30,244,Parkal,1181,Parkal,25,Cotton,25,Common,0.0,16.6,6500.0,7000.0,7000.0,0.0,0.0
2025-01-24 00:00:00+05:30,212,Choppadandi,1123,Choppadandi,1,Paddy,238,Grade-A (BPT),0.0,12.0,2269.0,2269.0,2269.0,0.0,0.0
2025-01-24 00:00:00+05:30,325,Hyderabad,5,Mahabubmansion,54,Chillies(Dry),268,Talu,0.0,212.0,3000.0,6000.0,5000.0,0.0,0.0
2025-01-24 00:00:00+05:30,325,Hyderabad,6,Madannapeta,103,Carrot,103,Common,0.0,10.0,1800.0,2000.0,1900.0,0.0,0.0
2025-01-24 00:00:00+05:30,324,Bowenpally,3,Bowenpally,101,Beet Root,101,Common,0.0,432.0,500.0,1800.0,1400.0,0.0,0.0
2025-01-24 00:00:00+05:30,323,Gaddiannaram,2,L.B Nagar,103,Carrot,103,Common,0.0,47.0,2000.0,3000.0,2500.0,0.0,0.0
2025-01-23 00:00:00+05:30,367,Gudimalkapur,1571,Gudumalkapur,101,Beet Root,101,Common,0.0,99.0,1300.0,2000.0,1500.0,0.0,0.0
2025-01-23 00:00:00+05:30,331,Vantimamidi,1612,Vantimamidi,98,Cabbage,98,Common,0.0,28.0,600.0,1200.0,900.0,0.0,0.0
2025-01-23 00:00:00+05:30,302,Gadwal,1328,Gadwal,15,Red Gram,15,Common,0.0,158.0,2229.0,7119.0,7119.0,0.0,0.0
2025-01-23 00:00:00+05:30,278,Suryapet,1091,Suryapet,1,Paddy,241,Grade-A (Jai Sri Ram),0.0,1753.0,1706.0,2929.0,2902.0,0.0,0.0
2025-01-23 00:00:00+05:30,186,Adilabad,10,Adilabad,25,Cotton,25,Common,0.0,1046.42,5901.0,7020.0,7020.0,0.0,0.0
2025-01-23 00:00:00+05:30,186,Adilabad,10,Adilabad,25,Cotton,25,Common,0.0,8952.28,7123.0,7421.0,7421.0,0.0,0.0
2025-01-23 00:00:00+05:30,290,Siddipet,1193,Siddipet,1,Paddy,238,Grade-A (BPT),0.0,10.61,2433.0,2433.0,2433.0,0.0,0.0
2025-01-23 00:00:00+05:30,243,Narsampet,1176,Narsampet,25,Cotton,25,Common,0.0,6.0,6000.0,7110.0,6000.0,0.0,0.0
2025-01-23 00:00:00+05:30,325,Hyderabad,7,Meeralamandi,105,Potato,105,Common,0.0,27.0,1800.0,2000.0,1900.0,0.0,0.0
2025-01-23 00:00:00+05:30,325,Hyderabad,5,Mahabubmansion,54,Chillies(Dry),268,Talu,0.0,225.0,3000.0,6000.0,5000.0,0.0,0.0
2025-01-23 00:00:00+05:30,325,Hyderabad,6,Madannapeta,103,Carrot,103,Common,0.0,20.0,1800.0,2000.0,1900.0,0.0,0.0
2025-01-23 00:00:00+05:30,324,Bowenpally,3,Bowenpally,101,Beet Root,101,Common,0.0,518.0,500.0,1600.0,1300.0,0.0,0.0
2025-01-23 00:00:00+05:30,323,Gaddiannaram,2,L.B Nagar,103,Carrot,103,Common,0.0,40.0,2000.0,2500.0,2200.0,0.0,0.0
2025-01-22 00:00:00+05:30,301,Devarakadra,1352,Devarakadra,15,Red Gram,15,Common,0.0,71.0,6829.0,7300.0,7065.0,0.0,0.0
2025-01-22 00:00:00+05:30,331,Vantimamidi,1612,Vantimamidi,98,Cabbage,98,Common,0.0,46.0,700.0,1000.0,850.0,0.0,0.0
2025-01-22 00:00:00+05:30,367,Gudimalkapur,1571,Gudumalkapur,101,Beet Root,101,Common,0.0,93.0,1000.0,2000.0,1500.0,0.0,0.0
2025-01-21 00:00:00+05:30,301,Devarakadra,1352,Devarakadra,15,Red Gram,15,Common,0.0,35.0,7009.0,7223.0,7116.0,0.0,0.0
2025-01-22 00:00:00+05:30,186,Adilabad,10,Adilabad,25,Cotton,25,Common,0.0,797.15,6542.0,7110.0,7110.0,0.0,0.0
2025-01-22 00:00:00+05:30,186,Adilabad,10,Adilabad,25,Cotton,25,Common,0.0,9355.67,7123.0,7421.0,7421.0,0.0,0.0
2025-01-22 00:00:00+05:30,188,Bhainsa,11,Bhainsa,6,Jowar,226,Hybrid,0.0,1.81,1444.0,1444.0,1444.0,0.0,0.0
2025-01-22 00:00:00+05:30,244,Parkal,1181,Parkal,25,Cotton,25,Common,0.0,13.8,6500.0,7000.0,7000.0,0.0,0.0
2025-01-22 00:00:00+05:30,302,Gadwal,1328,Gadwal,15,Red Gram,15,Common,0.0,102.0,3206.0,7096.0,7089.0,0.0,0.0
2025-01-22 00:00:00+05:30,325,Hyderabad,7,Meeralamandi,105,Potato,105,Common,0.0,16.0,1500.0,2000.0,1750.0,0.0,0.0
2025-01-22 00:00:00+05:30,325,Hyderabad,5,Mahabubmansion,54,Chillies(Dry),268,Talu,0.0,530.0,3000.0,6000.0,5000.0,0.0,0.0
2025-01-22 00:00:00+05:30,325,Hyderabad,6,Madannapeta,103,Carrot,103,Common,0.0,23.0,1500.0,2500.0,2000.0,0.0,0.0
2025-01-22 00:00:00+05:30,324,Bowenpally,3,Bowenpally,101,Beet Root,101,Common,0.0,552.0,500.0,1500.0,1200.0,0.0,0.0
2025-01-22 00:00:00+05:30,323,Gaddiannaram,2,L.B Nagar,103,Carrot,103,Common,0.0,50.0,2000.0,3000.0,2500.0,0.0,0.0
2025-01-22 00:00:00+05:30,323,Gaddiannaram,1,Gaddiannaram,76,Mango,294,Rasalu,0.0,1.0,13300.0,13300.0,13300.0,0.0,0.0
2025-01-21 00:00:00+05:30,331,Vantimamidi,1612,Vantimamidi,98,Cabbage,98,Common,0.0,41.0,800.0,1000.0,900.0,0.0,0.0
2025-01-21 00:00:00+05:30,302,Gadwal,1328,Gadwal,15,Red Gram,15,Common,0.0,155.0,1701.0,7066.0,6689.0,0.0,0.0
2025-01-21 00:00:00+05:30,367,Gudimalkapur,1571,Gudumalkapur,101,Beet Root,101,Common,0.0,84.0,1000.0,2500.0,1500.0,0.0,0.0
2025-01-21 00:00:00+05:30,278,Suryapet,1091,Suryapet,1,Paddy,241,Grade-A (Jai Sri Ram),0.0,1718.0,1503.0,2929.0,2782.0,0.0,0.0
2025-01-20 00:00:00+05:30,301,Devarakadra,1352,Devarakadra,15,Red Gram,15,Common,0.0,44.0,6729.0,7212.0,6971.0,0.0,0.0
2025-01-21 00:00:00+05:30,186,Adilabad,10,Adilabad,25,Cotton,25,Common,0.0,934.02,6461.0,7110.0,7110.0,0.0,0.0
2025-01-21 00:00:00+05:30,186,Adilabad,10,Adilabad,25,Cotton,25,Common,0.0,12031.75,7123.0,7421.0,7421.0,0.0,0.0
2025-01-21 00:00:00+05:30,198,Luxettipet,27,Luxettipet,25,Cotton,25,Common,0.0,1350.0,7370.0,7421.0,7270.0,0.0,0.0
2025-01-21 00:00:00+05:30,292,Zaheerabad,1198,Zaheerabad,6,Jowar,225,White,0.0,1.0,2223.0,2223.0,2223.0,0.0,0.0
2025-01-21 00:00:00+05:30,325,Hyderabad,5,Mahabubmansion,54,Chillies(Dry),268,Talu,0.0,296.0,3000.0,6000.0,5000.0,0.0,0.0
2025-01-21 00:00:00+05:30,325,Hyderabad,6,Madannapeta,103,Carrot,103,Common,0.0,15.0,2000.0,2500.0,2250.0,0.0,0.0
2025-01-21 00:00:00+05:30,314,Marpally,45,Marpally,15,Red Gram,15,Common,0.0,353.0,6800.0,7280.0,7040.0,0.0,0.0
2025-01-21 00:00:00+05:30,324,Bowenpally,3,Bowenpally,101,Beet Root,101,Common,0.0,599.0,500.0,1600.0,1200.0,0.0,0.0
2025-01-21 00:00:00+05:30,323,Gaddiannaram,2,L.B Nagar,103,Carrot,103,Common,0.0,54.0,2500.0,3500.0,3000.0,0.0,0.0
2025-01-20 00:00:00+05:30,367,Gudimalkapur,1571,Gudumalkapur,101,Beet Root,101,Common,0.0,84.0,1200.0,2000.0,1500.0,0.0,0.0
2025-01-20 00:00:00+05:30,331,Vantimamidi,1612,Vantimamidi,98,Cabbage,98,Common,0.0,51.0,800.0,1000.0,900.0,0.0,0.0
2025-01-20 00:00:00+05:30,302,Gadwal,1328,Gadwal,15,Red Gram,15,Common,0.0,310.0,3006.0,7026.0,6949.0,0.0,0.0
2025-01-20 00:00:00+05:30,212,Choppadandi,1123,Choppadandi,1,Paddy,238,Grade-A (BPT),0.0,3.0,2205.0,2205.0,2205.0,0.0,0.0
2025-01-20 00:00:00+05:30,243,Narsampet,1176,Narsampet,25,Cotton,25,Common,0.0,37.0,6400.0,7250.0,7100.0,0.0,0.0
2025-01-20 00:00:00+05:30,292,Zaheerabad,1198,Zaheerabad,6,Jowar,225,White,0.0,2.0,7122.0,7122.0,7122.0,0.0,0.0
2025-01-20 00:00:00+05:30,278,Suryapet,1091,Suryapet,1,Paddy,241,Grade-A (Jai Sri Ram),0.0,1389.0,1503.0,2942.0,2832.0,0.0,0.0
2025-01-20 00:00:00+05:30,198,Luxettipet,27,Luxettipet,25,Cotton,25,Common,0.0,1900.0,7470.0,7470.0,7470.0,0.0,0.0
2025-01-20 00:00:00+05:30,325,Hyderabad,5,Mahabubmansion,54,Chillies(Dry),268,Talu,0.0,350.0,3000.0,6000.0,5000.0,0.0,0.0
2025-01-20 00:00:00+05:30,325,Hyderabad,6,Madannapeta,103,Carrot,103,Common,0.0,20.0,1500.0,3000.0,2000.0,0.0,0.0
2025-01-20 00:00:00+05:30,324,Bowenpally,3,Bowenpally,101,Beet Root,101,Common,0.0,593.0,600.0,2000.0,1600.0,0.0,0.0
2025-01-20 00:00:00+05:30,323,Gaddiannaram,2,L.B Nagar,103,Carrot,103,Common,0.0,32.0,2500.0,3000.0,2700.0,0.0,0.0
2025-01-19 00:00:00+05:30,331,Vantimamidi,1612,Vantimamidi,98,Cabbage,98,Common,0.0,38.0,600.0,1200.0,900.0,0.0,0.0
2025-01-19 00:00:00+05:30,367,Gudimalkapur,1571,Gudumalkapur,101,Beet Root,101,Common,0.0,75.0,1000.0,2500.0,1500.0,0.0,0.0
2025-01-19 00:00:00+05:30,325,Hyderabad,7,Meeralamandi,105,Potato,105,Common,0.0,40.0,1600.0,2000.0,1800.0,0.0,0.0
2025-01-19 00:00:00+05:30,186,Adilabad,10,Adilabad,25,Cotton,25,Common,0.0,1017.78,6248.0,7100.0,7029.0,0.0,0.0
2025-01-19 00:00:00+05:30,186,Adilabad,10,Adilabad,25,Cotton,25,Common,0.0,10908.11,7123.0,7421.0,7421.0,0.0,0.0
2025-01-19 00:00:00+05:30,325,Hyderabad,6,Madannapeta,103,Carrot,103,Common,0.0,14.0,3000.0,3500.0,3250.0,0.0,0.0
2025-01-19 00:00:00+05:30,323,Gaddiannaram,2,L.B Nagar,103,Carrot,103,Common,0.0,31.0,3000.0,3500.0,3200.0,0.0,0.0
2025-01-19 00:00:00+05:30,324,Bowenpally,3,Bowenpally,101,Beet Root,101,Common,0.0,867.0,500.0,2200.0,1800.0,0.0,0.0
2025-01-18 00:00:00+05:30,331,Vantimamidi,1612,Vantimamidi,98,Cabbage,98,Common,0.0,66.0,800.0,1200.0,1000.0,0.0,0.0
2025-01-18 00:00:00+05:30,301,Devarakadra,1352,Devarakadra,15,Red Gram,15,Common,0.0,89.0,6959.0,7152.0,7056.0,0.0,0.0
2025-01-18 00:00:00+05:30,302,Gadwal,1328,Gadwal,15,Red Gram,15,Common,0.0,182.0,3236.0,7026.0,6809.0,0.0,0.0
2025-01-18 00:00:00+05:30,212,Choppadandi,1123,Choppadandi,1,Paddy,238,Grade-A (BPT),0.0,20.0,2342.0,2342.0,2342.0,0.0,0.0
2025-01-18 00:00:00+05:30,243,Narsampet,1176,Narsampet,25,Cotton,25,Common,0.0,15.0,6400.0,7200.0,7050.0,0.0,0.0
2025-01-18 00:00:00+05:30,244,Parkal,1181,Parkal,25,Cotton,25,Common,0.0,6.4,6500.0,6900.0,6800.0,0.0,0.0
2025-01-18 00:00:00+05:30,289,Sadasivpet,1200,Sadasivapet,5,Maize,5,Common,0.0,14.0,2385.0,2385.0,2385.0,0.0,0.0
2025-01-18 00:00:00+05:30,367,Gudimalkapur,1571,Gudumalkapur,101,Beet Root,101,Common,0.0,71.0,1000.0,2500.0,1800.0,0.0,0.0
2025-01-18 00:00:00+05:30,278,Suryapet,1091,Suryapet,1,Paddy,241,Grade-A (Jai Sri Ram),0.0,1100.0,1559.0,2939.0,2843.0,0.0,0.0
2025-01-18 00:00:00+05:30,325,Hyderabad,7,Meeralamandi,105,Potato,105,Common,0.0,19.0,2000.0,2000.0,2000.0,0.0,0.0
2025-01-18 00:00:00+05:30,186,Adilabad,10,Adilabad,25,Cotton,25,Common,0.0,401.48,6363.0,7100.0,7100.0,0.0,0.0
2025-01-18 00:00:00+05:30,186,Adilabad,10,Adilabad,25,Cotton,25,Common,0.0,12127.61,7123.0,7421.0,7421.0,0.0,0.0
2025-01-18 00:00:00+05:30,325,Hyderabad,6,Madannapeta,103,Carrot,103,Common,0.0,9.0,3500.0,3500.0,3500.0,0.0,0.0
2025-01-18 00:00:00+05:30,325,Hyderabad,5,Mahabubmansion,54,Chillies(Dry),268,Talu,0.0,277.0,3000.0,6000.0,5000.0,0.0,0.0
2025-01-18 00:00:00+05:30,323,Gaddiannaram,2,L.B Nagar,103,Carrot,103,Common,0.0,51.0,3000.0,3500.0,3200.0,0.0,0.0
2025-01-18 00:00:00+05:30,324,Bowenpally,3,Bowenpally,101,Beet Root,101,Common,0.0,469.0,600.0,2400.0,2000.0,0.0,0.0
2025-01-16 00:00:00+05:30,243,Narsampet,1176,Narsampet,25,Cotton,25,Common,0.0,29.0,6000.0,7150.0,6950.0,0.0,0.0
2025-01-17 00:00:00+05:30,278,Suryapet,1091,Suryapet,1,Paddy,241,Grade-A (Jai Sri Ram),0.0,573.0,1619.0,2906.0,2886.0,0.0,0.0
2025-01-17 00:00:00+05:30,243,Narsampet,1176,Narsampet,25,Cotton,25,Common,0.0,12.0,6500.0,7150.0,7050.0,0.0,0.0
2025-01-17 00:00:00+05:30,244,Parkal,1181,Parkal,25,Cotton,25,Common,0.0,8.8,6500.0,7000.0,6500.0,0.0,0.0
2025-01-17 00:00:00+05:30,331,Vantimamidi,1612,Vantimamidi,98,Cabbage,98,Common,0.0,25.0,800.0,1200.0,1000.0,0.0,0.0
2025-01-17 00:00:00+05:30,308,Nagarkurnool,1334,Nagarkurnool,5,Maize,5,Common,0.0,27.0,2404.0,2404.0,2404.0,0.0,0.0
2025-01-17 00:00:00+05:30,302,Gadwal,1328,Gadwal,15,Red Gram,15,Common,0.0,183.0,2619.0,6926.0,6919.0,0.0,0.0
2025-01-17 00:00:00+05:30,325,Hyderabad,5,Mahabubmansion,54,Chillies(Dry),268,Talu,0.0,197.0,3000.0,6000.0,5000.0,0.0,0.0
2025-01-17 00:00:00+05:30,186,Adilabad,10,Adilabad,25,Cotton,25,Common,0.0,579.23,6354.0,7070.0,7070.0,0.0,0.0
2025-01-17 00:00:00+05:30,186,Adilabad,10,Adilabad,25,Cotton,25,Common,0.0,14505.55,7123.0,7421.0,7421.0,0.0,0.0
2025-01-17 00:00:00+05:30,317,Pargi,39,Pargi,5,Maize,5,Common,0.0,75.0,2525.0,2525.0,2525.0,0.0,0.0
2025-01-17 00:00:00+05:30,323,Gaddiannaram,2,L.B Nagar,103,Carrot,103,Common,0.0,36.0,2500.0,3500.0,3000.0,0.0,0.0
2025-01-17 00:00:00+05:30,325,Hyderabad,6,Madannapeta,103,Carrot,103,Common,0.0,9.0,4000.0,4000.0,4000.0,0.0,0.0
2025-01-17 00:00:00+05:30,324,Bowenpally,3,Bowenpally,101,Beet Root,101,Common,0.0,423.0,600.0,2800.0,2200.0,0.0,0.0
2025-01-16 00:00:00+05:30,331,Vantimamidi,1612,Vantimamidi,98,Cabbage,98,Common,0.0,40.0,700.0,1000.0,850.0,0.0,0.0
2025-01-16 00:00:00+05:30,301,Devarakadra,1352,Devarakadra,15,Red Gram,15,Common,0.0,32.0,6972.0,7122.0,7047.0,0.0,0.0
2025-01-16 00:00:00+05:30,302,Gadwal,1328,Gadwal,15,Red Gram,15,Common,0.0,186.0,3306.0,6869.0,6869.0,0.0,0.0
2025-01-16 00:00:00+05:30,367,Gudimalkapur,1571,Gudumalkapur,101,Beet Root,101,Common,0.0,32.0,1200.0,2000.0,1500.0,0.0,0.0
2025-01-16 00:00:00+05:30,212,Choppadandi,1123,Choppadandi,1,Paddy,238,Grade-A (BPT),0.0,52.0,2268.0,2352.0,2340.0,0.0,0.0
2025-01-16 00:00:00+05:30,278,Suryapet,1091,Suryapet,1,Paddy,241,Grade-A (Jai Sri Ram),0.0,374.0,1503.0,2876.0,2706.0,0.0,0.0
2025-01-16 00:00:00+05:30,325,Hyderabad,5,Mahabubmansion,54,Chillies(Dry),268,Talu,0.0,512.0,3000.0,6000.0,5000.0,0.0,0.0
2025-01-16 00:00:00+05:30,323,Gaddiannaram,2,L.B Nagar,103,Carrot,103,Common,0.0,14.0,2500.0,3500.0,3000.0,0.0,0.0
2025-01-16 00:00:00+05:30,325,Hyderabad,6,Madannapeta,103,Carrot,103,Common,0.0,6.0,4000.0,4500.0,4250.0,0.0,0.0
2025-01-16 00:00:00+05:30,324,Bowenpally,3,Bowenpally,101,Beet Root,101,Common,0.0,237.0,500.0,3200.0,2600.0,0.0,0.0
2025-01-15 00:00:00+05:30,324,Bowenpally,3,Bowenpally,101,Beet Root,101,Common,0.0,93.0,500.0,3200.0,2400.0,0.0,0.0
2025-01-15 00:00:00+05:30,323,Gaddiannaram,2,L.B Nagar,103,Carrot,103,Common,0.0,10.0,2500.0,3500.0,3000.0,0.0,0.0
2025-01-15 00:00:00+05:30,331,Vantimamidi,1612,Vantimamidi,98,Cabbage,98,Common,0.0,25.0,600.0,1000.0,800.0,0.0,0.0
2025-01-15 00:00:00+05:30,367,Gudimalkapur,1571,Gudumalkapur,101,Beet Root,101,Common,0.0,24.0,1000.0,2000.0,1500.0,0.0,0.0
2025-01-14 00:00:00+05:30,331,Vantimamidi,1612,Vantimamidi,98,Cabbage,98,Common,0.0,12.0,800.0,1200.0,1000.0,0.0,0.0
2025-01-14 00:00:00+05:30,367,Gudimalkapur,1571,Gudumalkapur,101,Beet Root,101,Common,0.0,15.0,2000.0,2000.0,2000.0,0.0,0.0
2025-01-14 00:00:00+05:30,325,Hyderabad,6,Madannapeta,103,Carrot,103,Common,0.0,13.0,2000.0,3000.0,2500.0,0.0,0.0
2025-01-14 00:00:00+05:30,314,Marpally,45,Marpally,15,Red Gram,15,Common,0.0,120.0,7000.0,7400.0,7200.0,0.0,0.0
2025-01-14 00:00:00+05:30,324,Bowenpally,3,Bowenpally,101,Beet Root,101,Common,0.0,149.0,500.0,2600.0,2300.0,0.0,0.0
2025-01-13 00:00:00+05:30,331,Vantimamidi,1612,Vantimamidi,98,Cabbage,98,Common,0.0,9.0,700.0,1000.0,850.0,0.0,0.0
2025-01-14 00:00:00+05:30,323,Gaddiannaram,2,L.B Nagar,103,Carrot,103,Common,0.0,23.0,2500.0,3500.0,3000.0,0.0,0.0
2025-01-13 00:00:00+05:30,367,Gudimalkapur,1571,Gudumalkapur,101,Beet Root,101,Common,0.0,43.0,1500.0,2500.0,2000.0,0.0,0.0
2025-01-12 00:00:00+05:30,329,Navabpet(MBNR),1483,Navabpet,6,Jowar,6,Common,0.0,2.0,2401.0,2401.0,2401.0,0.0,0.0
2025-01-13 00:00:00+05:30,325,Hyderabad,7,Meeralamandi,105,Potato,105,Common,0.0,27.0,1800.0,2000.0,1900.0,0.0,0.0
2025-01-13 00:00:00+05:30,325,Hyderabad,5,Mahabubmansion,54,Chillies(Dry),268,Talu,0.0,204.0,3000.0,6000.0,5000.0,0.0,0.0
2025-01-13 00:00:00+05:30,325,Hyderabad,6,Madannapeta,103,Carrot,103,Common,0.0,6.0,3000.0,3500.0,3250.0,0.0,0.0
2025-01-13 00:00:00+05:30,324,Bowenpally,3,Bowenpally,101,Beet Root,101,Common,0.0,340.0,500.0,3000.0,2500.0,0.0,0.0
2025-01-12 00:00:00+05:30,331,Vantimamidi,1612,Vantimamidi,98,Cabbage,98,Common,0.0,21.0,800.0,1200.0,1000.0,0.0,0.0
2025-01-11 00:00:00+05:30,301,Devarakadra,1352,Devarakadra,15,Red Gram,15,Common,0.0,20.0,6469.0,7300.0,6885.0,0.0,0.0
2025-01-13 00:00:00+05:30,323,Gaddiannaram,2,L.B Nagar,103,Carrot,103,Common,0.0,41.0,2500.0,3500.0,3000.0,0.0,0.0
2025-01-12 00:00:00+05:30,367,Gudimalkapur,1571,Gudumalkapur,101,Beet Root,101,Common,0.0,119.0,1000.0,2500.0,1500.0,0.0,0.0
2025-01-12 00:00:00+05:30,186,Adilabad,10,Adilabad,25,Cotton,25,Common,0.0,487.07,6319.0,7100.0,7100.0,0.0,0.0
2025-01-12 00:00:00+05:30,186,Adilabad,10,Adilabad,25,Cotton,25,Common,0.0,23949.59,7172.0,7471.0,7471.0,0.0,0.0
2025-01-12 00:00:00+05:30,325,Hyderabad,6,Madannapeta,103,Carrot,103,Common,0.0,15.0,2000.0,3000.0,2500.0,0.0,0.0
2025-01-11 00:00:00+05:30,302,Gadwal,1328,Gadwal,15,Red Gram,15,Common,0.0,175.0,6589.0,7206.0,7126.0,0.0,0.0
2025-01-12 00:00:00+05:30,324,Bowenpally,3,Bowenpally,101,Beet Root,101,Common,0.0,364.0,500.0,3000.0,2500.0,0.0,0.0
2025-01-11 00:00:00+05:30,331,Vantimamidi,1612,Vantimamidi,98,Cabbage,98,Common,0.0,110.0,800.0,1000.0,900.0,0.0,0.0
2025-01-11 00:00:00+05:30,306,Mahbubnagar,1326,Mahaboobnagar,5,Maize,5,Common,0.0,13.0,2352.0,2352.0,2352.0,0.0,0.0
2025-01-11 00:00:00+05:30,292,Zaheerabad,1198,Zaheerabad,6,Jowar,225,White,0.0,4.5,2042.0,6800.0,2042.0,0.0,0.0
2025-01-11 00:00:00+05:30,367,Gudimalkapur,1571,Gudumalkapur,101,Beet Root,101,Common,0.0,86.0,1500.0,2500.0,2000.0,0.0,0.0
2025-01-11 00:00:00+05:30,243,Narsampet,1176,Narsampet,25,Cotton,25,Common,0.0,25.5,5500.0,7100.0,6900.0,0.0,0.0
2025-01-11 00:00:00+05:30,325,Hyderabad,7,Meeralamandi,105,Potato,105,Common,0.0,31.0,1500.0,2000.0,1750.0,0.0,0.0
2025-01-11 00:00:00+05:30,186,Adilabad,10,Adilabad,25,Cotton,25,Common,0.0,607.26,6035.0,7100.0,7100.0,0.0,0.0
2025-01-11 00:00:00+05:30,186,Adilabad,10,Adilabad,25,Cotton,25,Common,0.0,17645.95,7172.0,7471.0,7471.0,0.0,0.0
2025-01-11 00:00:00+05:30,325,Hyderabad,6,Madannapeta,103,Carrot,103,Common,0.0,14.0,2500.0,3500.0,3000.0,0.0,0.0
2025-01-11 00:00:00+05:30,325,Hyderabad,5,Mahabubmansion,54,Chillies(Dry),268,Talu,0.0,431.0,3000.0,6000.0,5000.0,0.0,0.0
2025-01-10 00:00:00+05:30,301,Devarakadra,1352,Devarakadra,15,Red Gram,15,Common,0.0,47.0,6209.0,7366.0,6788.0,0.0,0.0
2025-01-11 00:00:00+05:30,323,Gaddiannaram,2,L.B Nagar,103,Carrot,103,Common,0.0,22.0,2500.0,3500.0,3000.0,0.0,0.0
2025-01-11 00:00:00+05:30,324,Bowenpally,3,Bowenpally,101,Beet Root,101,Common,0.0,285.0,500.0,3000.0,2400.0,0.0,0.0
2025-01-10 00:00:00+05:30,331,Vantimamidi,1612,Vantimamidi,98,Cabbage,98,Common,0.0,48.0,500.0,1000.0,750.0,0.0,0.0
2025-01-11 00:00:00+05:30,323,Gaddiannaram,1,Gaddiannaram,76,Mango,294,Rasalu,0.0,1.0,14400.0,14400.0,14400.0,0.0,0.0
2025-01-10 00:00:00+05:30,367,Gudimalkapur,1571,Gudumalkapur,101,Beet Root,101,Common,0.0,85.0,1000.0,2000.0,1500.0,0.0,0.0
2025-01-10 00:00:00+05:30,308,Nagarkurnool,1334,Nagarkurnool,5,Maize,5,Common,0.0,4.32,2360.0,2360.0,2360.0,0.0,0.0
2025-01-10 00:00:00+05:30,302,Gadwal,1328,Gadwal,15,Red Gram,15,Common,0.0,165.0,4000.0,7266.0,7129.0,0.0,0.0
2025-01-10 00:00:00+05:30,243,Narsampet,1176,Narsampet,25,Cotton,25,Common,0.0,34.0,6300.0,7200.0,6800.0,0.0,0.0
2025-01-10 00:00:00+05:30,244,Parkal,1181,Parkal,25,Cotton,25,Common,0.0,14.0,6500.0,6800.0,6800.0,0.0,0.0
2025-01-10 00:00:00+05:30,290,Siddipet,1193,Siddipet,1,Paddy,238,Grade-A (BPT),0.0,9.74,2600.0,2600.0,2600.0,0.0,0.0
2025-01-10 00:00:00+05:30,278,Suryapet,1091,Suryapet,1,Paddy,241,Grade-A (Jai Sri Ram),0.0,836.0,1809.0,2811.0,2651.0,0.0,0.0
2025-01-10 00:00:00+05:30,317,Pargi,39,Pargi,5,Maize,5,Common,0.0,860.0,2505.0,2548.0,2505.0,0.0,0.0
2025-01-09 00:00:00+05:30,301,Devarakadra,1352,Devarakadra,15,Red Gram,15,Common,0.0,12.0,6959.0,7372.0,7166.0,0.0,0.0
2025-01-10 00:00:00+05:30,186,Adilabad,10,Adilabad,25,Cotton,25,Common,0.0,704.64,6674.0,7100.0,7100.0,0.0,0.0
2025-01-10 00:00:00+05:30,186,Adilabad,10,Adilabad,25,Cotton,25,Common,0.0,15389.38,7172.0,7471.0,7471.0,0.0,0.0
2025-01-10 00:00:00+05:30,325,Hyderabad,5,Mahabubmansion,54,Chillies(Dry),268,Talu,0.0,423.0,3000.0,6000.0,5000.0,0.0,0.0
2025-01-10 00:00:00+05:30,325,Hyderabad,6,Madannapeta,103,Carrot,103,Common,0.0,15.0,2000.0,3000.0,2500.0,0.0,0.0
2025-01-10 00:00:00+05:30,324,Bowenpally,3,Bowenpally,101,Beet Root,101,Common,0.0,822.0,1000.0,3000.0,2500.0,0.0,0.0
2025-01-10 00:00:00+05:30,323,Gaddiannaram,2,L.B Nagar,103,Carrot,103,Common,0.0,40.0,2500.0,3000.0,2700.0,0.0,0.0
2025-01-09 00:00:00+05:30,302,Gadwal,1328,Gadwal,15,Red Gram,15,Common,0.0,430.0,1819.0,7401.0,7119.0,0.0,0.0
2025-01-09 00:00:00+05:30,331,Vantimamidi,1612,Vantimamidi,98,Cabbage,98,Common,0.0,44.0,800.0,1000.0,900.0,0.0,0.0
2025-01-09 00:00:00+05:30,367,Gudimalkapur,1571,Gudumalkapur,101,Beet Root,101,Common,0.0,58.0,1500.0,2500.0,2000.0,0.0,0.0
2025-01-09 00:00:00+05:30,243,Narsampet,1176,Narsampet,25,Cotton,25,Common,0.0,42.5,6000.0,7150.0,6900.0,0.0,0.0
2025-01-09 00:00:00+05:30,244,Parkal,1181,Parkal,25,Cotton,25,Common,0.0,14.4,6500.0,7100.0,6900.0,0.0,0.0
2025-01-09 00:00:00+05:30,212,Choppadandi,1123,Choppadandi,1,Paddy,238,Grade-A (BPT),0.0,5.0,1926.0,1926.0,1926.0,0.0,0.0
2025-01-09 00:00:00+05:30,278,Suryapet,1091,Suryapet,1,Paddy,241,Grade-A (Jai Sri Ram),0.0,1003.0,1609.0,2839.0,2462.0,0.0,0.0
2025-01-09 00:00:00+05:30,325,Hyderabad,7,Meeralamandi,105,Potato,105,Common,0.0,14.0,1800.0,2000.0,1900.0,0.0,0.0
2025-01-09 00:00:00+05:30,186,Adilabad,10,Adilabad,25,Cotton,25,Common,0.0,411.31,6425.0,7100.0,7100.0,0.0,0.0
2025-01-09 00:00:00+05:30,186,Adilabad,10,Adilabad,25,Cotton,25,Common,0.0,16396.01,7172.0,7471.0,7471.0,0.0,0.0
2025-01-09 00:00:00+05:30,325,Hyderabad,6,Madannapeta,103,Carrot,103,Common,0.0,15.0,2000.0,3000.0,2500.0,0.0,0.0
2025-01-09 00:00:00+05:30,325,Hyderabad,5,Mahabubmansion,54,Chillies(Dry),268,Talu,0.0,584.0,3000.0,6000.0,5000.0,0.0,0.0
2025-01-08 00:00:00+05:30,301,Devarakadra,1352,Devarakadra,15,Red Gram,15,Common,0.0,134.0,6500.0,7419.0,6959.0,0.0,0.0
2025-01-09 00:00:00+05:30,324,Bowenpally,3,Bowenpally,101,Beet Root,101,Common,0.0,684.0,500.0,3000.0,2400.0,0.0,0.0
2025-01-09 00:00:00+05:30,323,Gaddiannaram,2,L.B Nagar,103,Carrot,103,Common,0.0,17.0,2500.0,3000.0,2700.0,0.0,0.0
2025-01-09 00:00:00+05:30,323,Gaddiannaram,1,Gaddiannaram,76,Mango,294,Rasalu,0.0,1.0,6100.0,6100.0,6100.0,0.0,0.0
2025-01-08 00:00:00+05:30,331,Vantimamidi,1612,Vantimamidi,98,Cabbage,98,Common,0.0,19.0,800.0,1000.0,900.0,0.0,0.0
2025-01-07 00:00:00+05:30,301,Devarakadra,1352,Devarakadra,15,Red Gram,15,Common,0.0,20.0,7039.0,7419.0,7229.0,0.0,0.0
2025-01-08 00:00:00+05:30,302,Gadwal,1328,Gadwal,15,Red Gram,15,Common,0.0,187.0,5059.0,7606.0,7351.0,0.0,0.0
2025-01-08 00:00:00+05:30,367,Gudimalkapur,1571,Gudumalkapur,101,Beet Root,101,Common,0.0,46.0,1000.0,2500.0,1500.0,0.0,0.0
2025-01-08 00:00:00+05:30,212,Choppadandi,1123,Choppadandi,1,Paddy,238,Grade-A (BPT),0.0,1.0,2241.0,2241.0,2241.0,0.0,0.0
2025-01-08 00:00:00+05:30,243,Narsampet,1176,Narsampet,25,Cotton,25,Common,0.0,32.5,6100.0,7280.0,7050.0,0.0,0.0
2025-01-08 00:00:00+05:30,244,Parkal,1181,Parkal,25,Cotton,25,Common,0.0,23.8,6500.0,7000.0,6700.0,0.0,0.0
2025-01-08 00:00:00+05:30,186,Adilabad,10,Adilabad,25,Cotton,25,Common,0.0,679.58,6204.0,7060.0,7060.0,0.0,0.0
2025-01-08 00:00:00+05:30,186,Adilabad,10,Adilabad,25,Cotton,25,Common,0.0,17128.8,7172.0,7471.0,7471.0,0.0,0.0
2025-01-08 00:00:00+05:30,278,Suryapet,1091,Suryapet,1,Paddy,241,Grade-A (Jai Sri Ram),0.0,1149.0,1606.0,2769.0,2609.0,0.0,0.0
2025-01-08 00:00:00+05:30,325,Hyderabad,5,Mahabubmansion,54,Chillies(Dry),268,Talu,0.0,239.0,3000.0,6000.0,5000.0,0.0,0.0
2025-01-08 00:00:00+05:30,325,Hyderabad,6,Madannapeta,103,Carrot,103,Common,0.0,13.0,2000.0,3000.0,2500.0,0.0,0.0
2025-01-08 00:00:00+05:30,324,Bowenpally,3,Bowenpally,101,Beet Root,101,Common,0.0,452.0,600.0,3000.0,2400.0,0.0,0.0
2025-01-08 00:00:00+05:30,323,Gaddiannaram,2,L.B Nagar,103,Carrot,103,Common,0.0,20.0,2500.0,3000.0,2700.0,0.0,0.0
2025-01-08 00:00:00+05:30,323,Gaddiannaram,1,Gaddiannaram,76,Mango,294,Rasalu,0.0,1.0,13850.0,13850.0,13850.0,0.0,0.0
2025-01-07 00:00:00+05:30,367,Gudimalkapur,1571,Gudumalkapur,101,Beet Root,101,Common,0.0,36.0,1800.0,3000.0,2000.0,0.0,0.0
2025-01-07 00:00:00+05:30,331,Vantimamidi,1612,Vantimamidi,98,Cabbage,98,Common,0.0,83.0,700.0,1000.0,850.0,0.0,0.0
2025-01-07 00:00:00+05:30,302,Gadwal,1328,Gadwal,15,Red Gram,15,Common,0.0,220.0,3036.0,7706.0,7469.0,0.0,0.0
2025-01-07 00:00:00+05:30,212,Choppadandi,1123,Choppadandi,1,Paddy,238,Grade-A (BPT),0.0,4.0,2304.0,2304.0,2304.0,0.0,0.0
2025-01-07 00:00:00+05:30,278,Suryapet,1091,Suryapet,1,Paddy,241,Grade-A (Jai Sri Ram),0.0,810.0,1503.0,2816.0,2383.0,0.0,0.0
2025-01-07 00:00:00+05:30,292,Zaheerabad,1198,Zaheerabad,6,Jowar,225,White,0.0,1.5,6610.0,6610.0,6610.0,0.0,0.0
2025-01-07 00:00:00+05:30,282,Dubbaka,1215,Dubbak,5,Maize,5,Common,0.0,200.0,2225.0,2225.0,2225.0,0.0,0.0
2025-01-06 00:00:00+05:30,301,Devarakadra,1352,Devarakadra,15,Red Gram,15,Common,0.0,50.0,6802.0,7459.0,7031.0,0.0,0.0
2025-01-07 00:00:00+05:30,186,Adilabad,10,Adilabad,25,Cotton,25,Common,0.0,685.68,6440.0,7050.0,7050.0,0.0,0.0
2025-01-07 00:00:00+05:30,186,Adilabad,10,Adilabad,25,Cotton,25,Common,0.0,20370.69,7172.0,7471.0,7471.0,0.0,0.0
2025-01-07 00:00:00+05:30,188,Bhainsa,11,Bhainsa,6,Jowar,226,Hybrid,0.0,1.12,1212.0,1639.0,1639.0,0.0,0.0
2025-01-07 00:00:00+05:30,325,Hyderabad,6,Madannapeta,103,Carrot,103,Common,0.0,9.0,2800.0,3000.0,2900.0,0.0,0.0
2025-01-06 00:00:00+05:30,302,Gadwal,1328,Gadwal,15,Red Gram,15,Common,0.0,249.0,3506.0,7701.0,7539.0,0.0,0.0
2025-01-07 00:00:00+05:30,314,Marpally,45,Marpally,15,Red Gram,15,Common,0.0,269.0,6500.0,7800.0,7150.0,0.0,0.0
2025-01-07 00:00:00+05:30,324,Bowenpally,3,Bowenpally,101,Beet Root,101,Common,0.0,581.0,600.0,3000.0,2400.0,0.0,0.0
2025-01-07 00:00:00+05:30,323,Gaddiannaram,2,L.B Nagar,103,Carrot,103,Common,0.0,5.0,2000.0,3000.0,2500.0,0.0,0.0
2025-01-07 00:00:00+05:30,323,Gaddiannaram,1,Gaddiannaram,76,Mango,294,Rasalu,0.0,1.0,10000.0,16650.0,12200.0,0.0,0.0
2025-01-06 00:00:00+05:30,367,Gudimalkapur,1571,Gudumalkapur,101,Beet Root,101,Common,0.0,44.0,1500.0,3000.0,2000.0,0.0,0.0
2025-01-06 00:00:00+05:30,331,Vantimamidi,1612,Vantimamidi,98,Cabbage,98,Common,0.0,15.0,600.0,1000.0,800.0,0.0,0.0
2025-01-06 00:00:00+05:30,212,Choppadandi,1123,Choppadandi,1,Paddy,238,Grade-A (BPT),0.0,14.0,2265.0,2304.0,2304.0,0.0,0.0
2025-01-06 00:00:00+05:30,278,Suryapet,1091,Suryapet,1,Paddy,241,Grade-A (Jai Sri Ram),0.0,1009.0,1503.0,2859.0,2801.0,0.0,0.0
2025-01-06 00:00:00+05:30,292,Zaheerabad,1198,Zaheerabad,6,Jowar,225,White,0.0,4.5,6455.0,6455.0,6455.0,0.0,0.0
2025-01-06 00:00:00+05:30,284,Jogipet,1208,Jogipet,5,Maize,5,Common,0.0,2.1,2200.0,2200.0,2200.0,0.0,0.0
2025-01-06 00:00:00+05:30,243,Narsampet,1176,Narsampet,25,Cotton,25,Common,0.0,31.5,5100.0,7060.0,6750.0,0.0,0.0
2025-01-06 00:00:00+05:30,244,Parkal,1181,Parkal,25,Cotton,25,Common,0.0,21.4,6500.0,7000.0,6800.0,0.0,0.0
2025-01-06 00:00:00+05:30,325,Hyderabad,7,Meeralamandi,105,Potato,105,Common,0.0,44.0,1500.0,2000.0,1750.0,0.0,0.0
2025-01-06 00:00:00+05:30,188,Bhainsa,11,Bhainsa,6,Jowar,226,Hybrid,0.0,2.69,1919.0,1919.0,1919.0,0.0,0.0
2025-01-06 00:00:00+05:30,325,Hyderabad,6,Madannapeta,103,Carrot,103,Common,0.0,12.0,2000.0,3000.0,2500.0,0.0,0.0
2025-01-06 00:00:00+05:30,325,Hyderabad,5,Mahabubmansion,54,Chillies(Dry),268,Talu,0.0,444.0,3000.0,6000.0,5000.0,0.0,0.0
2025-01-05 00:00:00+05:30,329,Navabpet(MBNR),1483,Navabpet,6,Jowar,6,Common,0.0,3.0,1962.0,2501.0,2501.0,0.0,0.0
2025-01-06 00:00:00+05:30,323,Gaddiannaram,2,L.B Nagar,103,Carrot,103,Common,0.0,33.0,2000.0,3000.0,2500.0,0.0,0.0
2025-01-06 00:00:00+05:30,324,Bowenpally,3,Bowenpally,101,Beet Root,101,Common,0.0,531.0,600.0,3000.0,2400.0,0.0,0.0
2025-01-05 00:00:00+05:30,331,Vantimamidi,1612,Vantimamidi,98,Cabbage,98,Common,0.0,33.0,700.0,1000.0,850.0,0.0,0.0
2025-01-05 00:00:00+05:30,367,Gudimalkapur,1571,Gudumalkapur,101,Beet Root,101,Common,0.0,91.0,1500.0,2500.0,2000.0,0.0,0.0
2025-01-05 00:00:00+05:30,186,Adilabad,10,Adilabad,25,Cotton,25,Common,0.0,442.41,6125.0,6960.0,6960.0,0.0,0.0
2025-01-05 00:00:00+05:30,186,Adilabad,10,Adilabad,25,Cotton,25,Common,0.0,22361.1,7172.0,7471.0,7471.0,0.0,0.0
2025-01-05 00:00:00+05:30,243,Narsampet,1176,Narsampet,25,Cotton,25,Common,0.0,14.5,6250.0,6910.0,6250.0,0.0,0.0
2025-01-05 00:00:00+05:30,244,Parkal,1181,Parkal,25,Cotton,25,Common,0.0,14.0,6500.0,6800.0,6700.0,0.0,0.0
2025-01-04 00:00:00+05:30,301,Devarakadra,1352,Devarakadra,15,Red Gram,15,Common,0.0,13.0,7269.0,7556.0,7413.0,0.0,0.0
2025-01-05 00:00:00+05:30,325,Hyderabad,7,Meeralamandi,105,Potato,105,Common,0.0,17.0,1800.0,2000.0,1900.0,0.0,0.0
2025-01-05 00:00:00+05:30,325,Hyderabad,6,Madannapeta,103,Carrot,103,Common,0.0,9.0,2800.0,3000.0,2900.0,0.0,0.0
2025-01-05 00:00:00+05:30,323,Gaddiannaram,2,L.B Nagar,103,Carrot,103,Common,0.0,38.0,2000.0,3000.0,2500.0,0.0,0.0
2025-01-05 00:00:00+05:30,324,Bowenpally,3,Bowenpally,101,Beet Root,101,Common,0.0,796.0,500.0,3000.0,2400.0,0.0,0.0
2025-01-04 00:00:00+05:30,367,Gudimalkapur,1571,Gudumalkapur,101,Beet Root,101,Common,0.0,107.0,1500.0,2500.0,2000.0,0.0,0.0
2025-01-04 00:00:00+05:30,331,Vantimamidi,1612,Vantimamidi,98,Cabbage,98,Common,0.0,92.0,800.0,1000.0,900.0,0.0,0.0
2025-01-04 00:00:00+05:30,302,Gadwal,1328,Gadwal,15,Red Gram,15,Common,0.0,150.0,4005.0,7639.0,7639.0,0.0,0.0
2025-01-04 00:00:00+05:30,278,Suryapet,1091,Suryapet,1,Paddy,241,Grade-A (Jai Sri Ram),0.0,1063.0,1556.0,3088.0,2533.0,0.0,0.0
2025-01-04 00:00:00+05:30,243,Narsampet,1176,Narsampet,25,Cotton,25,Common,0.0,9.5,6650.0,7000.0,6650.0,0.0,0.0
2025-01-04 00:00:00+05:30,244,Parkal,1181,Parkal,25,Cotton,25,Common,0.0,22.0,6500.0,6900.0,6800.0,0.0,0.0
2025-01-03 00:00:00+05:30,301,Devarakadra,1352,Devarakadra,15,Red Gram,15,Common,0.0,48.0,6429.0,7605.0,7017.0,0.0,0.0
2025-01-04 00:00:00+05:30,186,Adilabad,10,Adilabad,25,Cotton,25,Common,0.0,390.63,6464.0,6960.0,6960.0,0.0,0.0
2025-01-04 00:00:00+05:30,186,Adilabad,10,Adilabad,25,Cotton,25,Common,0.0,19233.2,7172.0,7471.0,7471.0,0.0,0.0
2025-01-04 00:00:00+05:30,325,Hyderabad,7,Meeralamandi,105,Potato,105,Common,0.0,53.0,1500.0,2000.0,1750.0,0.0,0.0
2025-01-04 00:00:00+05:30,325,Hyderabad,6,Madannapeta,103,Carrot,103,Common,0.0,13.0,2000.0,3000.0,2500.0,0.0,0.0
2025-01-04 00:00:00+05:30,325,Hyderabad,5,Mahabubmansion,54,Chillies(Dry),268,Talu,0.0,153.0,3000.0,6000.0,5000.0,0.0,0.0
2025-01-04 00:00:00+05:30,323,Gaddiannaram,2,L.B Nagar,103,Carrot,103,Common,0.0,27.0,2000.0,3000.0,2500.0,0.0,0.0
2025-01-03 00:00:00+05:30,331,Vantimamidi,1612,Vantimamidi,98,Cabbage,98,Common,0.0,84.0,800.0,1000.0,900.0,0.0,0.0
2025-01-04 00:00:00+05:30,324,Bowenpally,3,Bowenpally,101,Beet Root,101,Common,0.0,554.0,500.0,2800.0,2200.0,0.0,0.0
2025-01-03 00:00:00+05:30,367,Gudimalkapur,1571,Gudumalkapur,101,Beet Root,101,Common,0.0,103.0,1500.0,1000.0,2500.0,0.0,0.0
2025-01-03 00:00:00+05:30,302,Gadwal,1328,Gadwal,15,Red Gram,15,Common,0.0,220.0,3819.0,7629.0,7569.0,0.0,0.0
2025-01-03 00:00:00+05:30,243,Narsampet,1176,Narsampet,25,Cotton,25,Common,0.0,17.0,6400.0,6980.0,6830.0,0.0,0.0
2025-01-03 00:00:00+05:30,212,Choppadandi,1123,Choppadandi,1,Paddy,238,Grade-A (BPT),0.0,11.0,2223.0,2403.0,2232.0,0.0,0.0
2025-01-03 00:00:00+05:30,278,Suryapet,1091,Suryapet,1,Paddy,241,Grade-A (Jai Sri Ram),0.0,1002.0,1759.0,2769.0,2353.0,0.0,0.0
2025-01-03 00:00:00+05:30,186,Adilabad,10,Adilabad,25,Cotton,25,Common,0.0,591.93,6306.0,6950.0,6950.0,0.0,0.0
2025-01-03 00:00:00+05:30,186,Adilabad,10,Adilabad,25,Cotton,25,Common,0.0,24839.74,7172.0,7471.0,7471.0,0.0,0.0
2025-01-03 00:00:00+05:30,317,Pargi,39,Pargi,5,Maize,5,Common,0.0,806.0,2501.0,2539.0,2529.0,0.0,0.0
2025-01-03 00:00:00+05:30,325,Hyderabad,6,Madannapeta,103,Carrot,103,Common,0.0,9.0,2800.0,3000.0,2900.0,0.0,0.0
2025-01-03 00:00:00+05:30,325,Hyderabad,5,Mahabubmansion,54,Chillies(Dry),268,Talu,0.0,264.0,3000.0,6000.0,5000.0,0.0,0.0
2025-01-02 00:00:00+05:30,301,Devarakadra,1352,Devarakadra,15,Red Gram,15,Common,0.0,53.0,7250.0,7519.0,7385.0,0.0,0.0
2025-01-03 00:00:00+05:30,324,Bowenpally,3,Bowenpally,101,Beet Root,101,Common,0.0,712.0,500.0,2500.0,2000.0,0.0,0.0
2025-01-03 00:00:00+05:30,323,Gaddiannaram,2,L.B Nagar,103,Carrot,103,Common,0.0,25.0,2000.0,3000.0,2500.0,0.0,0.0
2025-01-02 00:00:00+05:30,367,Gudimalkapur,1571,Gudumalkapur,101,Beet Root,101,Common,0.0,35.0,2000.0,3000.0,2500.0,0.0,0.0
2025-01-02 00:00:00+05:30,331,Vantimamidi,1612,Vantimamidi,98,Cabbage,98,Common,0.0,151.0,600.0,1100.0,850.0,0.0,0.0
2025-01-02 00:00:00+05:30,302,Gadwal,1328,Gadwal,15,Red Gram,15,Common,0.0,217.0,5839.0,7559.0,7559.0,0.0,0.0
2025-01-02 00:00:00+05:30,278,Suryapet,1091,Suryapet,1,Paddy,241,Grade-A (Jai Sri Ram),0.0,750.0,1659.0,3164.0,2412.0,0.0,0.0
2025-01-02 00:00:00+05:30,198,Luxettipet,27,Luxettipet,25,Cotton,25,Common,0.0,1950.0,4120.0,4470.0,4470.0,0.0,0.0
2025-01-02 00:00:00+05:30,290,Siddipet,1193,Siddipet,1,Paddy,238,Grade-A (BPT),0.0,8.08,2511.0,2511.0,2511.0,0.0,0.0
2025-01-02 00:00:00+05:30,243,Narsampet,1176,Narsampet,25,Cotton,25,Common,0.0,32.5,6300.0,6940.0,6825.0,0.0,0.0
2025-01-02 00:00:00+05:30,308,Nagarkurnool,1334,Nagarkurnool,5,Maize,5,Common,0.0,54.0,2429.0,2429.0,2429.0,0.0,0.0
2025-01-02 00:00:00+05:30,325,Hyderabad,6,Madannapeta,103,Carrot,103,Common,0.0,12.0,2500.0,3500.0,3000.0,0.0,0.0
2025-01-02 00:00:00+05:30,325,Hyderabad,5,Mahabubmansion,54,Chillies(Dry),268,Talu,0.0,44.0,3000.0,6000.0,5000.0,0.0,0.0
2025-01-02 00:00:00+05:30,324,Bowenpally,3,Bowenpally,101,Beet Root,101,Common,0.0,628.0,500.0,3000.0,2500.0,0.0,0.0
2025-01-02 00:00:00+05:30,323,Gaddiannaram,2,L.B Nagar,103,Carrot,103,Common,0.0,31.0,3000.0,3500.0,3200.0,0.0,0.0
2025-01-01 00:00:00+05:30,186,Adilabad,10,Adilabad,25,Cotton,25,Common,0.0,598.35,6090.0,6920.0,6920.0,0.0,0.0
2025-01-01 00:00:00+05:30,186,Adilabad,10,Adilabad,25,Cotton,25,Common,0.0,20631.86,7172.0,7471.0,7471.0,0.0,0.0
2025-01-01 00:00:00+05:30,331,Vantimamidi,1612,Vantimamidi,98,Cabbage,98,Common,0.0,54.0,500.0,1100.0,800.0,0.0,0.0
2025-01-01 00:00:00+05:30,325,Hyderabad,5,Mahabubmansion,54,Chillies(Dry),268,Talu,0.0,11.0,3000.0,6000.0,5000.0,0.0,0.0
2025-01-31 00:00:00+05:30,367,Gudimalkapur,1571,Gudumalkapur,101,Beet Root,101,Common,0.0,70.0,1000.0,2500.0,1500.0,0.0,0.0
2025-01-31 00:00:00+05:30,331,Vantimamidi,1612,Vantimamidi,98,Cabbage,98,Common,0.0,21.0,500.0,800.0,650.0,0.0,0.0
2025-01-31 00:00:00+05:30,302,Gadwal,1328,Gadwal,15,Red Gram,15,Common,0.0,94.0,2606.0,6829.0,6809.0,0.0,0.0
2025-01-31 00:00:00+05:30,244,Parkal,1181,Parkal,25,Cotton,25,Common,0.0,1.8,6500.0,6600.0,6600.0,0.0,0.0
2025-01-31 00:00:00+05:30,301,Devarakadra,1352,Devarakadra,15,Red Gram,15,Common,0.0,93.0,6659.0,7089.0,6874.0,0.0,0.0
2025-01-31 00:00:00+05:30,212,Choppadandi,1123,Choppadandi,1,Paddy,238,Grade-A (BPT),0.0,2.0,2286.0,2286.0,2286.0,0.0,0.0
2025-01-31 00:00:00+05:30,278,Suryapet,1091,Suryapet,1,Paddy,241,Grade-A (Jai Sri Ram),0.0,1316.0,1439.0,2869.0,2723.0,0.0,0.0
2025-01-30 00:00:00+05:30,301,Devarakadra,1352,Devarakadra,15,Red Gram,15,Common,0.0,62.0,6500.0,7186.0,6843.0,0.0,0.0
2025-01-31 00:00:00+05:30,186,Adilabad,10,Adilabad,25,Cotton,25,Common,0.0,388.16,6072.0,6920.0,6920.0,0.0,0.0
2025-01-31 00:00:00+05:30,186,Adilabad,10,Adilabad,25,Cotton,25,Common,0.0,22973.21,7123.0,7421.0,7421.0,0.0,0.0
2025-01-31 00:00:00+05:30,325,Hyderabad,5,Mahabubmansion,54,Chillies(Dry),268,Talu,0.0,671.0,3000.0,6000.0,5000.0,0.0,0.0
2025-01-31 00:00:00+05:30,325,Hyderabad,6,Madannapeta,103,Carrot,103,Common,0.0,9.0,2000.0,3000.0,2500.0,0.0,0.0
2025-01-31 00:00:00+05:30,324,Bowenpally,3,Bowenpally,101,Beet Root,101,Common,0.0,672.0,500.0,1700.0,1300.0,0.0,0.0
2025-01-31 00:00:00+05:30,323,Gaddiannaram,2,L.B Nagar,103,Carrot,103,Common,0.0,39.0,2000.0,2500.0,2200.0,0.0,0.0
2025-01-30 00:00:00+05:30,331,Vantimamidi,1612,Vantimamidi,98,Cabbage,98,Common,0.0,28.0,600.0,1000.0,800.0,0.0,0.0
2025-01-30 00:00:00+05:30,302,Gadwal,1328,Gadwal,15,Red Gram,15,Common,0.0,164.0,3019.0,6779.0,6729.0,0.0,0.0
2025-01-30 00:00:00+05:30,367,Gudimalkapur,1571,Gudumalkapur,101,Beet Root,101,Common,0.0,109.0,1000.0,1800.0,1400.0,0.0,0.0
2025-01-30 00:00:00+05:30,292,Zaheerabad,1198,Zaheerabad,6,Jowar,225,White,0.0,2.0,1751.0,1751.0,1751.0,0.0,0.0
2025-01-30 00:00:00+05:30,278,Suryapet,1091,Suryapet,1,Paddy,241,Grade-A (Jai Sri Ram),0.0,1786.0,1509.0,2868.0,2551.0,0.0,0.0
2025-01-30 00:00:00+05:30,325,Hyderabad,7,Meeralamandi,105,Potato,105,Common,0.0,35.0,1800.0,1800.0,1800.0,0.0,0.0
2025-01-30 00:00:00+05:30,325,Hyderabad,6,Madannapeta,103,Carrot,103,Common,0.0,14.0,2000.0,3000.0,2500.0,0.0,0.0
2025-01-30 00:00:00+05:30,325,Hyderabad,5,Mahabubmansion,54,Chillies(Dry),268,Talu,0.0,661.0,3000.0,6000.0,5000.0,0.0,0.0
2025-01-30 00:00:00+05:30,324,Bowenpally,3,Bowenpally,101,Beet Root,101,Common,0.0,681.0,500.0,1800.0,1400.0,0.0,0.0
2025-01-30 00:00:00+05:30,323,Gaddiannaram,2,L.B Nagar,103,Carrot,103,Common,0.0,59.0,2000.0,3000.0,2500.0,0.0,0.0
2025-01-30 00:00:00+05:30,323,Gaddiannaram,1,Gaddiannaram,76,Mango,294,Rasalu,0.0,18.0,5250.0,5800.0,5500.0,0.0,0.0
2025-01-29 00:00:00+05:30,331,Vantimamidi,1612,Vantimamidi,98,Cabbage,98,Common,0.0,26.0,500.0,1000.0,7500.0,0.0,0.0
2025-01-29 00:00:00+05:30,186,Adilabad,10,Adilabad,25,Cotton,25,Common,0.0,518.42,6047.0,6950.0,6950.0,0.0,0.0
2025-01-29 00:00:00+05:30,186,Adilabad,10,Adilabad,25,Cotton,25,Common,0.0,13373.17,7123.0,7421.0,7421.0,0.0,0.0
2025-01-29 00:00:00+05:30,198,Luxettipet,27,Luxettipet,25,Cotton,25,Common,0.0,1365.0,7120.0,7421.0,7370.0,0.0,0.0
2025-01-29 00:00:00+05:30,198,Luxettipet,27,Luxettipet,25,Cotton,25,Common,0.0,1365.0,7120.0,7421.0,7370.0,0.0,0.0
2025-01-28 00:00:00+05:30,367,Gudimalkapur,1571,Gudumalkapur,101,Beet Root,101,Common,0.0,102.0,1000.0,2000.0,1500.0,0.0,0.0
2025-01-28 00:00:00+05:30,292,Zaheerabad,1198,Zaheerabad,6,Jowar,225,White,0.0,1.0,2251.0,2251.0,2251.0,0.0,0.0
2025-01-28 00:00:00+05:30,302,Gadwal,1328,Gadwal,15,Red Gram,15,Common,0.0,149.0,1719.0,6866.0,6669.0,0.0,0.0
2025-01-28 00:00:00+05:30,308,Nagarkurnool,1334,Nagarkurnool,5,Maize,5,Common,0.0,27.0,2381.0,2381.0,2381.0,0.0,0.0
2025-01-28 00:00:00+05:30,301,Devarakadra,1352,Devarakadra,15,Red Gram,15,Common,0.0,78.0,6809.0,7166.0,6988.0,0.0,0.0
2025-01-28 00:00:00+05:30,212,Choppadandi,1123,Choppadandi,1,Paddy,238,Grade-A (BPT),0.0,12.0,2268.0,2268.0,2268.0,0.0,0.0
2025-01-27 00:00:00+05:30,301,Devarakadra,1352,Devarakadra,15,Red Gram,15,Common,0.0,91.0,6800.0,7166.0,6983.0,0.0,0.0
2025-01-28 00:00:00+05:30,186,Adilabad,10,Adilabad,25,Cotton,25,Common,0.0,700.13,6354.0,6950.0,6950.0,0.0,0.0
2025-01-28 00:00:00+05:30,186,Adilabad,10,Adilabad,25,Cotton,25,Common,0.0,16703.2,7123.0,7421.0,7421.0,0.0,0.0
2025-01-28 00:00:00+05:30,314,Marpally,45,Marpally,15,Red Gram,15,Common,0.0,348.0,6500.0,7100.0,6800.0,0.0,0.0
2025-01-28 00:00:00+05:30,325,Hyderabad,5,Mahabubmansion,54,Chillies(Dry),268,Talu,0.0,297.0,3000.0,6000.0,5000.0,0.0,0.0
2025-01-28 00:00:00+05:30,325,Hyderabad,6,Madannapeta,103,Carrot,103,Common,0.0,9.0,2000.0,3000.0,2500.0,0.0,0.0
2025-01-28 00:00:00+05:30,324,Bowenpally,3,Bowenpally,101,Beet Root,101,Common,0.0,811.0,500.0,2000.0,1600.0,0.0,0.0
2025-01-28 00:00:00+05:30,323,Gaddiannaram,2,L.B Nagar,103,Carrot,103,Common,0.0,37.0,2000.0,3000.0,2500.0,0.0,0.0
2025-01-27 00:00:00+05:30,331,Vantimamidi,1612,Vantimamidi,98,Cabbage,98,Common,0.0,37.0,500.0,1000.0,750.0,0.0,0.0
2025-01-27 00:00:00+05:30,299,Atmakur(WNP),1343,Atmakur,31,Castor,31,Common,0.0,12.5,5550.0,5550.0,5550.0,0.0,0.0
2025-01-27 00:00:00+05:30,367,Gudimalkapur,1571,Gudumalkapur,101,Beet Root,101,Common,0.0,120.0,1000.0,2000.0,1500.0,0.0,0.0
2025-01-27 00:00:00+05:30,212,Choppadandi,1123,Choppadandi,1,Paddy,238,Grade-A (BPT),0.0,29.0,2225.0,2306.0,2304.0,0.0,0.0
2025-01-27 00:00:00+05:30,188,Bhainsa,11,Bhainsa,6,Jowar,226,Hybrid,0.0,0.8,1636.0,1636.0,1636.0,0.0,0.0
2025-01-27 00:00:00+05:30,306,Mahbubnagar,1326,Mahaboobnagar,5,Maize,5,Common,0.0,15.0,2322.0,2322.0,2322.0,0.0,0.0
2025-01-27 00:00:00+05:30,302,Gadwal,1328,Gadwal,15,Red Gram,15,Common,0.0,219.0,2816.0,6950.0,6859.0,0.0,0.0
2025-01-27 00:00:00+05:30,325,Hyderabad,7,Meeralamandi,105,Potato,105,Common,0.0,28.0,800.0,1000.0,900.0,0.0,0.0
2025-01-27 00:00:00+05:30,325,Hyderabad,6,Madannapeta,103,Carrot,103,Common,0.0,20.0,1500.0,2500.0,2000.0,0.0,0.0
2025-01-27 00:00:00+05:30,325,Hyderabad,5,Mahabubmansion,54,Chillies(Dry),268,Talu,0.0,340.0,3000.0,6000.0,5000.0,0.0,0.0
2025-01-25 00:00:00+05:30,307,Makthal,1345,Makthal,15,Red Gram,15,Common,0.0,2.0,6800.0,6800.0,6800.0,0.0,0.0
2025-01-25 00:00:00+05:30,301,Devarakadra,1352,Devarakadra,15,Red Gram,15,Common,0.0,20.0,6509.0,7222.0,6866.0,0.0,0.0
2025-01-26 00:00:00+05:30,186,Adilabad,10,Adilabad,25,Cotton,25,Common,0.0,560.97,6345.0,7050.0,6768.0,0.0,0.0
2025-01-26 00:00:00+05:30,186,Adilabad,10,Adilabad,25,Cotton,25,Common,0.0,11753.39,7123.0,7421.0,7421.0,0.0,0.0
2025-01-27 00:00:00+05:30,323,Gaddiannaram,2,L.B Nagar,103,Carrot,103,Common,0.0,37.0,2000.0,3000.0,2500.0,0.0,0.0
2025-01-26 00:00:00+05:30,331,Vantimamidi,1612,Vantimamidi,98,Cabbage,98,Common,0.0,12.0,500.0,800.0,650.0,0.0,0.0
2025-01-27 00:00:00+05:30,323,Gaddiannaram,1,Gaddiannaram,76,Mango,294,Rasalu,0.0,13.0,11100.0,15550.0,13600.0,0.0,0.0
2025-01-26 00:00:00+05:30,367,Gudimalkapur,1571,Gudumalkapur,101,Beet Root,101,Common,0.0,103.0,1000.0,2000.0,1500.0,0.0,0.0
2025-01-26 00:00:00+05:30,325,Hyderabad,6,Madannapeta,103,Carrot,103,Common,0.0,20.0,1800.0,2000.0,1900.0,0.0,0.0
2025-01-26 00:00:00+05:30,324,Bowenpally,3,Bowenpally,101,Beet Root,101,Common,0.0,612.0,500.0,2000.0,1600.0,0.0,0.0
2025-01-26 00:00:00+05:30,323,Gaddiannaram,2,L.B Nagar,103,Carrot,103,Common,0.0,32.0,2000.0,3000.0,2500.0,0.0,0.0
2025-01-25 00:00:00+05:30,331,Vantimamidi,1612,Vantimamidi,98,Cabbage,98,Common,0.0,33.0,500.0,1000.0,750.0,0.0,0.0
2025-01-25 00:00:00+05:30,302,Gadwal,1328,Gadwal,15,Red Gram,15,Common,0.0,130.0,2689.0,7130.0,7130.0,0.0,0.0
2025-01-25 00:00:00+05:30,367,Gudimalkapur,1571,Gudumalkapur,101,Beet Root,101,Common,0.0,30.0,1000.0,2000.0,1500.0,0.0,0.0
2025-01-25 00:00:00+05:30,325,Hyderabad,7,Meeralamandi,105,Potato,105,Common,0.0,45.0,1800.0,2000.0,1900.0,0.0,0.0
2025-01-25 00:00:00+05:30,317,Pargi,39,Pargi,5,Maize,5,Common,0.0,400.0,2425.0,2552.0,2522.0,0.0,0.0
2025-01-25 00:00:00+05:30,186,Adilabad,10,Adilabad,25,Cotton,25,Common,0.0,485.19,6345.0,7050.0,7050.0,0.0,0.0
2025-01-25 00:00:00+05:30,186,Adilabad,10,Adilabad,25,Cotton,25,Common,0.0,10127.86,7123.0,7421.0,7421.0,0.0,0.0
2025-01-25 00:00:00+05:30,188,Bhainsa,11,Bhainsa,6,Jowar,226,Hybrid,0.0,8.0,1689.0,1717.0,1717.0,0.0,0.0
2025-01-25 00:00:00+05:30,208,Nizamabad,1080,Nizamabad,1,Paddy,270,Grade-A (1010),0.0,2.0,2300.0,2300.0,2300.0,0.0,0.0
2025-01-25 00:00:00+05:30,278,Suryapet,1091,Suryapet,1,Paddy,241,Grade-A (Jai Sri Ram),0.0,931.0,1526.0,2939.0,2747.0,0.0,0.0
2025-01-25 00:00:00+05:30,244,Parkal,1181,Parkal,25,Cotton,25,Common,0.0,6.8,6350.0,7000.0,6500.0,0.0,0.0
2025-01-01 00:00:00+05:30,331,Vantimamidi,1612,Vantimamidi,99,Cauliflower,99,Common,0.0,7.0,1700.0,1700.0,1700.0,0.0,0.0
2025-01-02 00:00:00+05:30,323,Gaddiannaram,2,L.B Nagar,105,Potato,105,Common,0.0,183.0,2000.0,2500.0,2200.0,0.0,0.0
2025-01-02 00:00:00+05:30,324,Bowenpally,3,Bowenpally,102,Radish,102,Common,0.0,14.0,300.0,400.0,350.0,0.0,0.0
2025-01-02 00:00:00+05:30,325,Hyderabad,5,Mahabubmansion,54,Chillies(Dry),289,1048,0.0,24.0,6000.0,9000.0,8000.0,0.0,0.0
2025-01-02 00:00:00+05:30,300,Badepally,1327,Badepally,5,Maize,5,Common,0.0,7.0,2446.0,2446.0,2446.0,0.0,0.0
2025-01-02 00:00:00+05:30,331,Vantimamidi,1612,Vantimamidi,99,Cauliflower,99,Common,0.0,5.0,1700.0,1700.0,1700.0,0.0,0.0
2025-01-02 00:00:00+05:30,367,Gudimalkapur,1571,Gudumalkapur,102,Radish,102,Common,0.0,30.0,1000.0,1500.0,1000.0,0.0,0.0
2025-01-03 00:00:00+05:30,323,Gaddiannaram,2,L.B Nagar,105,Potato,105,Common,0.0,362.0,2000.0,2500.0,2200.0,0.0,0.0
2025-01-03 00:00:00+05:30,324,Bowenpally,3,Bowenpally,102,Radish,102,Common,0.0,18.0,200.0,500.0,400.0,0.0,0.0
2025-01-03 00:00:00+05:30,325,Hyderabad,5,Mahabubmansion,54,Chillies(Dry),289,1048,0.0,125.0,6000.0,9000.0,8000.0,0.0,0.0
2025-01-03 00:00:00+05:30,325,Hyderabad,6,Madannapeta,105,Potato,105,Common,0.0,20.0,1500.0,2000.0,1750.0,0.0,0.0
2025-01-03 00:00:00+05:30,256,Khammam,1067,Khammam,5,Maize,5,Common,0.0,12.0,1750.0,1750.0,1750.0,0.0,0.0
2025-01-03 00:00:00+05:30,300,Badepally,1327,Badepally,5,Maize,5,Common,0.0,7.0,2446.0,2446.0,2446.0,0.0,0.0
2025-01-03 00:00:00+05:30,289,Sadasivpet,1200,Sadasivapet,6,Jowar,225,White,0.0,5.0,1911.0,2161.0,2161.0,0.0,0.0
2025-01-03 00:00:00+05:30,367,Gudimalkapur,1571,Gudumalkapur,102,Radish,102,Common,0.0,5.0,500.0,700.0,500.0,0.0,0.0
2025-01-04 00:00:00+05:30,324,Bowenpally,3,Bowenpally,102,Radish,102,Common,0.0,22.0,200.0,500.0,400.0,0.0,0.0
2025-01-04 00:00:00+05:30,323,Gaddiannaram,2,L.B Nagar,105,Potato,105,Common,0.0,146.0,2000.0,2500.0,2200.0,0.0,0.0
2025-01-04 00:00:00+05:30,325,Hyderabad,6,Madannapeta,105,Potato,105,Common,0.0,20.0,1500.0,1800.0,2550.0,0.0,0.0
2025-01-04 00:00:00+05:30,331,Vantimamidi,1612,Vantimamidi,99,Cauliflower,99,Common,0.0,5.0,800.0,800.0,800.0,0.0,0.0
2025-01-04 00:00:00+05:30,367,Gudimalkapur,1571,Gudumalkapur,102,Radish,102,Common,0.0,13.0,800.0,1200.0,1000.0,0.0,0.0
2025-01-05 00:00:00+05:30,324,Bowenpally,3,Bowenpally,102,Radish,102,Common,0.0,25.0,300.0,500.0,450.0,0.0,0.0
2025-01-05 00:00:00+05:30,323,Gaddiannaram,2,L.B Nagar,105,Potato,105,Common,0.0,157.0,2000.0,2500.0,2200.0,0.0,0.0
2025-01-05 00:00:00+05:30,325,Hyderabad,6,Madannapeta,105,Potato,105,Common,0.0,20.0,1500.0,2000.0,1750.0,0.0,0.0
2025-01-05 00:00:00+05:30,367,Gudimalkapur,1571,Gudumalkapur,102,Radish,102,Common,0.0,6.0,1000.0,1000.0,1000.0,0.0,0.0
2025-01-06 00:00:00+05:30,324,Bowenpally,3,Bowenpally,102,Radish,102,Common,0.0,30.0,200.0,500.0,400.0,0.0,0.0
2025-01-06 00:00:00+05:30,323,Gaddiannaram,2,L.B Nagar,105,Potato,105,Common,0.0,143.0,2000.0,2500.0,2200.0,0.0,0.0
2025-01-05 00:00:00+05:30,329,Navabpet(MBNR),1483,Navabpet,8,Ragi,8,Common,0.0,4.0,2817.0,3451.0,2817.0,0.0,0.0
2025-01-06 00:00:00+05:30,325,Hyderabad,5,Mahabubmansion,54,Chillies(Dry),289,1048,0.0,112.0,6000.0,9000.0,8000.0,0.0,0.0
2025-01-06 00:00:00+05:30,325,Hyderabad,6,Madannapeta,105,Potato,105,Common,0.0,45.0,1500.0,1800.0,1650.0,0.0,0.0
2025-01-06 00:00:00+05:30,284,Jogipet,1208,Jogipet,6,Jowar,225,White,0.0,2.1,2200.0,2200.0,2200.0,0.0,0.0
2025-01-06 00:00:00+05:30,300,Badepally,1327,Badepally,5,Maize,5,Common,0.0,58.0,2280.0,2459.0,2459.0,0.0,0.0
2025-01-06 00:00:00+05:30,292,Zaheerabad,1198,Zaheerabad,6,Jowar,232,Yellow,0.0,0.5,6455.0,6455.0,6455.0,0.0,0.0
2025-01-06 00:00:00+05:30,331,Vantimamidi,1612,Vantimamidi,99,Cauliflower,99,Common,0.0,3.0,1000.0,1000.0,1000.0,0.0,0.0
2025-01-06 00:00:00+05:30,367,Gudimalkapur,1571,Gudumalkapur,102,Radish,102,Common,0.0,12.0,800.0,1000.0,900.0,0.0,0.0
2025-01-07 00:00:00+05:30,323,Gaddiannaram,1,Gaddiannaram,76,Mango,295,Himayath,0.0,3.0,10000.0,18300.0,16650.0,0.0,0.0
2025-01-07 00:00:00+05:30,323,Gaddiannaram,2,L.B Nagar,105,Potato,105,Common,0.0,372.0,2000.0,2500.0,2200.0,0.0,0.0
2025-01-07 00:00:00+05:30,324,Bowenpally,3,Bowenpally,102,Radish,102,Common,0.0,27.0,200.0,400.0,350.0,0.0,0.0
2025-01-07 00:00:00+05:30,325,Hyderabad,6,Madannapeta,105,Potato,105,Common,0.0,15.0,1500.0,2200.0,1850.0,0.0,0.0
2025-01-07 00:00:00+05:30,367,Gudimalkapur,1571,Gudumalkapur,102,Radish,102,Common,0.0,11.0,600.0,1000.0,800.0,0.0,0.0
2025-01-08 00:00:00+05:30,323,Gaddiannaram,1,Gaddiannaram,76,Mango,295,Himayath,0.0,1.0,17750.0,26400.0,18300.0,0.0,0.0
2025-01-08 00:00:00+05:30,323,Gaddiannaram,2,L.B Nagar,105,Potato,105,Common,0.0,159.0,2000.0,2500.0,2200.0,0.0,0.0
2025-01-08 00:00:00+05:30,324,Bowenpally,3,Bowenpally,102,Radish,102,Common,0.0,22.0,200.0,400.0,350.0,0.0,0.0
2025-01-08 00:00:00+05:30,325,Hyderabad,6,Madannapeta,105,Potato,105,Common,0.0,20.0,1500.0,1800.0,1650.0,0.0,0.0
2025-01-08 00:00:00+05:30,325,Hyderabad,5,Mahabubmansion,54,Chillies(Dry),289,1048,0.0,99.0,7000.0,10000.0,8000.0,0.0,0.0
2025-01-08 00:00:00+05:30,367,Gudimalkapur,1571,Gudumalkapur,102,Radish,102,Common,0.0,12.0,800.0,1000.0,900.0,0.0,0.0
2025-01-09 00:00:00+05:30,323,Gaddiannaram,1,Gaddiannaram,76,Mango,295,Himayath,0.0,6.0,6100.0,25000.0,8300.0,0.0,0.0
2025-01-09 00:00:00+05:30,323,Gaddiannaram,2,L.B Nagar,105,Potato,105,Common,0.0,140.0,2000.0,2500.0,2200.0,0.0,0.0
2025-01-09 00:00:00+05:30,324,Bowenpally,3,Bowenpally,102,Radish,102,Common,0.0,28.0,200.0,400.0,350.0,0.0,0.0
2025-01-09 00:00:00+05:30,325,Hyderabad,5,Mahabubmansion,54,Chillies(Dry),289,1048,0.0,120.0,7000.0,9000.0,8000.0,0.0,0.0
2025-01-09 00:00:00+05:30,325,Hyderabad,6,Madannapeta,105,Potato,105,Common,0.0,20.0,1600.0,1800.0,1700.0,0.0,0.0
2025-01-09 00:00:00+05:30,367,Gudimalkapur,1571,Gudumalkapur,102,Radish,102,Common,0.0,17.0,800.0,1000.0,900.0,0.0,0.0
2025-01-09 00:00:00+05:30,289,Sadasivpet,1200,Sadasivapet,6,Jowar,225,White,0.0,2.0,1911.0,1911.0,1911.0,0.0,0.0
2025-01-09 00:00:00+05:30,300,Badepally,1327,Badepally,5,Maize,5,Common,0.0,22.0,2182.0,2382.0,2382.0,0.0,0.0
2025-01-10 00:00:00+05:30,323,Gaddiannaram,2,L.B Nagar,105,Potato,105,Common,0.0,329.0,2000.0,2500.0,2200.0,0.0,0.0
2025-01-10 00:00:00+05:30,324,Bowenpally,3,Bowenpally,102,Radish,102,Common,0.0,28.0,200.0,400.0,300.0,0.0,0.0
2025-01-10 00:00:00+05:30,325,Hyderabad,6,Madannapeta,105,Potato,105,Common,0.0,35.0,1500.0,1700.0,1600.0,0.0,0.0
2025-01-10 00:00:00+05:30,325,Hyderabad,5,Mahabubmansion,54,Chillies(Dry),289,1048,0.0,280.0,7000.0,9000.0,8000.0,0.0,0.0
2025-01-10 00:00:00+05:30,300,Badepally,1327,Badepally,5,Maize,5,Common,0.0,16.0,2430.0,2452.0,2452.0,0.0,0.0
2025-01-10 00:00:00+05:30,367,Gudimalkapur,1571,Gudumalkapur,102,Radish,102,Common,0.0,4.0,800.0,800.0,800.0,0.0,0.0
2025-01-11 00:00:00+05:30,323,Gaddiannaram,1,Gaddiannaram,76,Mango,295,Himayath,0.0,0.2,15000.0,15000.0,15000.0,0.0,0.0
2025-01-11 00:00:00+05:30,324,Bowenpally,3,Bowenpally,102,Radish,102,Common,0.0,34.0,200.0,400.0,350.0,0.0,0.0
2025-01-11 00:00:00+05:30,323,Gaddiannaram,2,L.B Nagar,105,Potato,105,Common,0.0,110.0,2000.0,2500.0,2200.0,0.0,0.0
2025-01-11 00:00:00+05:30,325,Hyderabad,6,Madannapeta,105,Potato,105,Common,0.0,15.0,1700.0,1900.0,1800.0,0.0,0.0
2025-01-11 00:00:00+05:30,367,Gudimalkapur,1571,Gudumalkapur,102,Radish,102,Common,0.0,14.0,800.0,1200.0,1000.0,0.0,0.0
2025-01-11 00:00:00+05:30,300,Badepally,1327,Badepally,5,Maize,5,Common,0.0,21.0,2390.0,2445.0,2445.0,0.0,0.0
2025-01-12 00:00:00+05:30,324,Bowenpally,3,Bowenpally,102,Radish,102,Common,0.0,29.0,200.0,400.0,300.0,0.0,0.0
2025-01-12 00:00:00+05:30,325,Hyderabad,6,Madannapeta,105,Potato,105,Common,0.0,35.0,1500.0,1700.0,1600.0,0.0,0.0
2025-01-12 00:00:00+05:30,367,Gudimalkapur,1571,Gudumalkapur,102,Radish,102,Common,0.0,18.0,800.0,1000.0,800.0,0.0,0.0
2025-01-13 00:00:00+05:30,323,Gaddiannaram,2,L.B Nagar,105,Potato,105,Common,0.0,98.0,2000.0,2500.0,2200.0,0.0,0.0
2025-01-13 00:00:00+05:30,324,Bowenpally,3,Bowenpally,102,Radish,102,Common,0.0,45.0,200.0,400.0,300.0,0.0,0.0
2025-01-13 00:00:00+05:30,325,Hyderabad,6,Madannapeta,105,Potato,105,Common,0.0,10.0,2000.0,2000.0,2000.0,0.0,0.0
2025-01-13 00:00:00+05:30,325,Hyderabad,5,Mahabubmansion,54,Chillies(Dry),289,1048,0.0,68.0,7000.0,9000.0,8000.0,0.0,0.0
2025-01-12 00:00:00+05:30,329,Navabpet(MBNR),1483,Navabpet,8,Ragi,8,Common,0.0,7.0,3011.0,3333.0,3333.0,0.0,0.0
2025-01-13 00:00:00+05:30,367,Gudimalkapur,1571,Gudumalkapur,102,Radish,102,Common,0.0,23.0,800.0,1000.0,900.0,0.0,0.0
2025-01-14 00:00:00+05:30,323,Gaddiannaram,2,L.B Nagar,105,Potato,105,Common,0.0,79.0,2000.0,2500.0,2200.0,0.0,0.0
2025-01-14 00:00:00+05:30,324,Bowenpally,3,Bowenpally,102,Radish,102,Common,0.0,38.0,200.0,300.0,280.0,0.0,0.0
2025-01-14 00:00:00+05:30,325,Hyderabad,6,Madannapeta,105,Potato,105,Common,0.0,20.0,1500.0,1800.0,1650.0,0.0,0.0
2025-01-14 00:00:00+05:30,367,Gudimalkapur,1571,Gudumalkapur,102,Radish,102,Common,0.0,18.0,900.0,1200.0,1000.0,0.0,0.0
2025-01-15 00:00:00+05:30,367,Gudimalkapur,1571,Gudumalkapur,102,Radish,102,Common,0.0,3.0,800.0,1000.0,800.0,0.0,0.0
2025-01-15 00:00:00+05:30,323,Gaddiannaram,2,L.B Nagar,105,Potato,105,Common,0.0,84.0,2000.0,2500.0,2200.0,0.0,0.0
2025-01-15 00:00:00+05:30,324,Bowenpally,3,Bowenpally,102,Radish,102,Common,0.0,6.0,200.0,300.0,270.0,0.0,0.0
2025-01-16 00:00:00+05:30,324,Bowenpally,3,Bowenpally,102,Radish,102,Common,0.0,37.0,300.0,400.0,370.0,0.0,0.0
2025-01-16 00:00:00+05:30,325,Hyderabad,6,Madannapeta,105,Potato,105,Common,0.0,15.0,2000.0,2000.0,2000.0,0.0,0.0
2025-01-16 00:00:00+05:30,323,Gaddiannaram,2,L.B Nagar,105,Potato,105,Common,0.0,99.0,2000.0,2500.0,2200.0,0.0,0.0
2025-01-16 00:00:00+05:30,325,Hyderabad,5,Mahabubmansion,54,Chillies(Dry),289,1048,0.0,116.0,7000.0,9000.0,8000.0,0.0,0.0
2025-01-16 00:00:00+05:30,367,Gudimalkapur,1571,Gudumalkapur,102,Radish,102,Common,0.0,27.0,900.0,1000.0,900.0,0.0,0.0
2025-01-16 00:00:00+05:30,300,Badepally,1327,Badepally,5,Maize,5,Common,0.0,61.0,2225.0,2225.0,2225.0,0.0,0.0
2025-01-16 00:00:00+05:30,289,Sadasivpet,1200,Sadasivapet,6,Jowar,225,White,0.0,1.0,2000.0,2000.0,2000.0,0.0,0.0
2025-01-17 00:00:00+05:30,323,Gaddiannaram,1,Gaddiannaram,76,Mango,295,Himayath,0.0,1.0,27750.0,29400.0,28600.0,0.0,0.0
2025-01-17 00:00:00+05:30,324,Bowenpally,3,Bowenpally,102,Radish,102,Common,0.0,38.0,200.0,400.0,350.0,0.0,0.0
2025-01-17 00:00:00+05:30,325,Hyderabad,6,Madannapeta,105,Potato,105,Common,0.0,15.0,1800.0,2000.0,1900.0,0.0,0.0
2025-01-17 00:00:00+05:30,323,Gaddiannaram,2,L.B Nagar,105,Potato,105,Common,0.0,144.0,2000.0,2500.0,2200.0,0.0,0.0
2025-01-17 00:00:00+05:30,325,Hyderabad,5,Mahabubmansion,54,Chillies(Dry),289,1048,0.0,67.0,7000.0,90000.0,8000.0,0.0,0.0
2025-01-18 00:00:00+05:30,324,Bowenpally,3,Bowenpally,102,Radish,102,Common,0.0,65.0,200.0,400.0,350.0,0.0,0.0
2025-01-18 00:00:00+05:30,323,Gaddiannaram,2,L.B Nagar,105,Potato,105,Common,0.0,153.0,2000.0,2500.0,2200.0,0.0,0.0
2025-01-18 00:00:00+05:30,325,Hyderabad,5,Mahabubmansion,54,Chillies(Dry),289,1048,0.0,142.0,7000.0,9000.0,8000.0,0.0,0.0
2025-01-18 00:00:00+05:30,325,Hyderabad,6,Madannapeta,105,Potato,105,Common,0.0,30.0,2000.0,2000.0,2000.0,0.0,0.0
2025-01-18 00:00:00+05:30,367,Gudimalkapur,1571,Gudumalkapur,102,Radish,102,Common,0.0,24.0,1000.0,1000.0,1000.0,0.0,0.0
2025-01-18 00:00:00+05:30,331,Vantimamidi,1612,Vantimamidi,99,Cauliflower,99,Common,0.0,5.0,400.0,400.0,400.0,0.0,0.0
2025-01-19 00:00:00+05:30,324,Bowenpally,3,Bowenpally,102,Radish,102,Common,0.0,52.0,200.0,400.0,350.0,0.0,0.0
2025-01-19 00:00:00+05:30,323,Gaddiannaram,2,L.B Nagar,105,Potato,105,Common,0.0,136.0,2000.0,2500.0,2200.0,0.0,0.0
2025-01-19 00:00:00+05:30,325,Hyderabad,6,Madannapeta,105,Potato,105,Common,0.0,20.0,1500.0,2000.0,1750.0,0.0,0.0
2025-01-19 00:00:00+05:30,367,Gudimalkapur,1571,Gudumalkapur,102,Radish,102,Common,0.0,25.0,800.0,1000.0,900.0,0.0,0.0
2025-01-19 00:00:00+05:30,329,Navabpet(MBNR),1483,Navabpet,8,Ragi,8,Common,0.0,14.0,2033.0,3801.0,2814.0,0.0,0.0
2025-01-20 00:00:00+05:30,323,Gaddiannaram,2,L.B Nagar,105,Potato,105,Common,0.0,130.0,1500.0,2000.0,1700.0,0.0,0.0
2025-01-20 00:00:00+05:30,324,Bowenpally,3,Bowenpally,102,Radish,102,Common,0.0,45.0,200.0,300.0,270.0,0.0,0.0
2025-01-20 00:00:00+05:30,325,Hyderabad,6,Madannapeta,105,Potato,105,Common,0.0,60.0,2000.0,2000.0,2000.0,0.0,0.0
2025-01-20 00:00:00+05:30,325,Hyderabad,5,Mahabubmansion,54,Chillies(Dry),289,1048,0.0,165.0,7000.0,9000.0,8000.0,0.0,0.0
2025-01-20 00:00:00+05:30,188,Bhainsa,11,Bhainsa,14,Bengal Gram,14,Common,0.0,7.38,5679.0,5679.0,5679.0,0.0,0.0
2025-01-20 00:00:00+05:30,300,Badepally,1327,Badepally,5,Maize,5,Common,0.0,39.0,2431.0,2431.0,2431.0,0.0,0.0
2025-01-20 00:00:00+05:30,289,Sadasivpet,1200,Sadasivapet,6,Jowar,225,White,0.0,3.0,1955.0,1955.0,1955.0,0.0,0.0
2025-01-20 00:00:00+05:30,367,Gudimalkapur,1571,Gudumalkapur,102,Radish,102,Common,0.0,10.0,800.0,1000.0,900.0,0.0,0.0
2025-01-21 00:00:00+05:30,323,Gaddiannaram,2,L.B Nagar,105,Potato,105,Common,0.0,168.0,2000.0,2500.0,2200.0,0.0,0.0
2025-01-21 00:00:00+05:30,323,Gaddiannaram,1,Gaddiannaram,76,Mango,295,Himayath,0.0,1.0,16650.0,16650.0,16650.0,0.0,0.0
2025-01-21 00:00:00+05:30,324,Bowenpally,3,Bowenpally,102,Radish,102,Common,0.0,60.0,200.0,300.0,270.0,0.0,0.0
2025-01-21 00:00:00+05:30,325,Hyderabad,6,Madannapeta,105,Potato,105,Common,0.0,25.0,1500.0,1800.0,1650.0,0.0,0.0
2025-01-21 00:00:00+05:30,325,Hyderabad,5,Mahabubmansion,54,Chillies(Dry),289,1048,0.0,56.0,7000.0,9000.0,8000.0,0.0,0.0
2025-01-21 00:00:00+05:30,188,Bhainsa,11,Bhainsa,14,Bengal Gram,14,Common,0.0,6.39,5004.0,5269.0,5204.0,0.0,0.0
2025-01-21 00:00:00+05:30,367,Gudimalkapur,1571,Gudumalkapur,102,Radish,102,Common,0.0,46.0,800.0,1000.0,900.0,0.0,0.0
2025-01-22 00:00:00+05:30,323,Gaddiannaram,2,L.B Nagar,105,Potato,105,Common,0.0,121.0,2000.0,2500.0,2200.0,0.0,0.0
2025-01-22 00:00:00+05:30,324,Bowenpally,3,Bowenpally,102,Radish,102,Common,0.0,45.0,200.0,300.0,270.0,0.0,0.0
2025-01-22 00:00:00+05:30,325,Hyderabad,6,Madannapeta,105,Potato,105,Common,0.0,20.0,1800.0,2000.0,1900.0,0.0,0.0
2025-01-22 00:00:00+05:30,325,Hyderabad,5,Mahabubmansion,54,Chillies(Dry),289,1048,0.0,144.0,7000.0,9000.0,8000.0,0.0,0.0
2025-01-22 00:00:00+05:30,289,Sadasivpet,1200,Sadasivapet,6,Jowar,225,White,0.0,7.0,1719.0,4200.0,1818.0,0.0,0.0
2025-01-22 00:00:00+05:30,367,Gudimalkapur,1571,Gudumalkapur,102,Radish,102,Common,0.0,10.0,800.0,1000.0,900.0,0.0,0.0
2025-01-22 00:00:00+05:30,331,Vantimamidi,1612,Vantimamidi,99,Cauliflower,99,Common,0.0,5.0,500.0,500.0,500.0,0.0,0.0
2025-01-22 00:00:00+05:30,300,Badepally,1327,Badepally,5,Maize,5,Common,0.0,5.0,2385.0,2385.0,2385.0,0.0,0.0
2025-01-22 00:00:00+05:30,329,Navabpet(MBNR),1483,Navabpet,8,Ragi,8,Common,0.0,4.0,2861.0,2861.0,2861.0,0.0,0.0
2025-01-23 00:00:00+05:30,323,Gaddiannaram,2,L.B Nagar,105,Potato,105,Common,0.0,208.0,1800.0,2200.0,2000.0,0.0,0.0
2025-01-23 00:00:00+05:30,324,Bowenpally,3,Bowenpally,102,Radish,102,Common,0.0,33.0,200.0,300.0,270.0,0.0,0.0
2025-01-23 00:00:00+05:30,325,Hyderabad,6,Madannapeta,105,Potato,105,Common,0.0,45.0,1600.0,2000.0,1800.0,0.0,0.0
2025-01-23 00:00:00+05:30,325,Hyderabad,5,Mahabubmansion,54,Chillies(Dry),289,1048,0.0,204.0,7000.0,9000.0,8000.0,0.0,0.0
2025-01-23 00:00:00+05:30,300,Badepally,1327,Badepally,5,Maize,5,Common,0.0,34.0,2401.0,2401.0,2401.0,0.0,0.0
2025-01-23 00:00:00+05:30,188,Bhainsa,11,Bhainsa,14,Bengal Gram,14,Common,0.0,10.5,4389.0,4389.0,4389.0,0.0,0.0
2025-01-23 00:00:00+05:30,367,Gudimalkapur,1571,Gudumalkapur,102,Radish,102,Common,0.0,26.0,800.0,1000.0,900.0,0.0,0.0
2025-01-24 00:00:00+05:30,323,Gaddiannaram,2,L.B Nagar,105,Potato,105,Common,0.0,105.0,1800.0,2200.0,2000.0,0.0,0.0
2025-01-24 00:00:00+05:30,325,Hyderabad,6,Madannapeta,105,Potato,105,Common,0.0,20.0,1800.0,1800.0,1800.0,0.0,0.0
2025-01-24 00:00:00+05:30,325,Hyderabad,5,Mahabubmansion,54,Chillies(Dry),289,1048,0.0,94.0,7000.0,9000.0,8000.0,0.0,0.0
2025-01-24 00:00:00+05:30,367,Gudimalkapur,1571,Gudumalkapur,102,Radish,102,Common,0.0,9.0,600.0,800.0,600.0,0.0,0.0
2025-01-24 00:00:00+05:30,300,Badepally,1327,Badepally,5,Maize,5,Common,0.0,132.0,2370.0,2423.0,2423.0,0.0,0.0
2025-01-24 00:00:00+05:30,331,Vantimamidi,1612,Vantimamidi,99,Cauliflower,99,Common,0.0,1.0,800.0,800.0,800.0,0.0,0.0
2025-01-25 00:00:00+05:30,323,Gaddiannaram,2,L.B Nagar,105,Potato,105,Common,0.0,126.0,1800.0,2200.0,2000.0,0.0,0.0
2025-01-25 00:00:00+05:30,324,Bowenpally,3,Bowenpally,102,Radish,102,Common,0.0,64.0,200.0,300.0,270.0,0.0,0.0
2025-01-25 00:00:00+05:30,325,Hyderabad,6,Madannapeta,105,Potato,105,Common,0.0,25.0,1800.0,1800.0,1800.0,0.0,0.0
2025-01-25 00:00:00+05:30,325,Hyderabad,5,Mahabubmansion,54,Chillies(Dry),289,1048,0.0,112.0,7000.0,9000.0,8000.0,0.0,0.0
2025-01-25 00:00:00+05:30,188,Bhainsa,11,Bhainsa,14,Bengal Gram,14,Common,0.0,8.79,5589.0,5589.0,5589.0,0.0,0.0
2025-01-25 00:00:00+05:30,367,Gudimalkapur,1571,Gudumalkapur,102,Radish,102,Common,0.0,15.0,800.0,1000.0,900.0,0.0,0.0
2025-01-25 00:00:00+05:30,300,Badepally,1327,Badepally,5,Maize,5,Common,0.0,49.0,2405.0,2405.0,2405.0,0.0,0.0
2025-01-25 00:00:00+05:30,331,Vantimamidi,1612,Vantimamidi,99,Cauliflower,99,Common,0.0,1.0,500.0,500.0,500.0,0.0,0.0
2025-01-26 00:00:00+05:30,323,Gaddiannaram,2,L.B Nagar,105,Potato,105,Common,0.0,123.0,1800.0,2200.0,2000.0,0.0,0.0
2025-01-26 00:00:00+05:30,324,Bowenpally,3,Bowenpally,102,Radish,102,Common,0.0,65.0,200.0,300.0,270.0,0.0,0.0
2025-01-26 00:00:00+05:30,325,Hyderabad,6,Madannapeta,105,Potato,105,Common,0.0,45.0,1600.0,2000.0,1800.0,0.0,0.0
2025-01-26 00:00:00+05:30,367,Gudimalkapur,1571,Gudumalkapur,102,Radish,102,Common,0.0,29.0,800.0,1000.0,900.0,0.0,0.0
2025-01-27 00:00:00+05:30,323,Gaddiannaram,2,L.B Nagar,105,Potato,105,Common,0.0,150.0,1800.0,2200.0,2000.0,0.0,0.0
2025-01-27 00:00:00+05:30,325,Hyderabad,5,Mahabubmansion,54,Chillies(Dry),289,1048,0.0,213.0,7000.0,9000.0,8000.0,0.0,0.0
2025-01-27 00:00:00+05:30,325,Hyderabad,6,Madannapeta,105,Potato,105,Common,0.0,25.0,1800.0,1800.0,1800.0,0.0,0.0
2025-01-27 00:00:00+05:30,289,Sadasivpet,1200,Sadasivapet,6,Jowar,225,White,0.0,1.0,1919.0,1919.0,1919.0,0.0,0.0
2025-01-27 00:00:00+05:30,292,Zaheerabad,1198,Zaheerabad,6,Jowar,232,Yellow,0.0,0.5,2212.0,2212.0,2212.0,0.0,0.0
2025-01-27 00:00:00+05:30,188,Bhainsa,11,Bhainsa,14,Bengal Gram,14,Common,0.0,41.09,5039.0,5677.0,5677.0,0.0,0.0
2025-01-27 00:00:00+05:30,367,Gudimalkapur,1571,Gudumalkapur,102,Radish,102,Common,0.0,47.0,900.0,1100.0,1000.0,0.0,0.0
2025-01-28 00:00:00+05:30,323,Gaddiannaram,2,L.B Nagar,105,Potato,105,Common,0.0,157.0,1800.0,2200.0,2000.0,0.0,0.0
2025-01-28 00:00:00+05:30,324,Bowenpally,3,Bowenpally,102,Radish,102,Common,0.0,62.0,200.0,300.0,270.0,0.0,0.0
2025-01-28 00:00:00+05:30,325,Hyderabad,6,Madannapeta,105,Potato,105,Common,0.0,30.0,1500.0,1800.0,1650.0,0.0,0.0
2025-01-28 00:00:00+05:30,325,Hyderabad,5,Mahabubmansion,54,Chillies(Dry),289,1048,0.0,352.0,7000.0,9000.0,8000.0,0.0,0.0
2025-01-27 00:00:00+05:30,329,Navabpet(MBNR),1483,Navabpet,8,Ragi,8,Common,0.0,3.0,2890.0,2890.0,2890.0,0.0,0.0
2025-01-28 00:00:00+05:30,367,Gudimalkapur,1571,Gudumalkapur,102,Radish,102,Common,0.0,20.0,900.0,1000.0,900.0,0.0,0.0
2025-01-29 00:00:00+05:30,323,Gaddiannaram,1,Gaddiannaram,76,Mango,295,Himayath,0.0,1.0,26650.0,26650.0,26650.0,0.0,0.0
2025-01-30 00:00:00+05:30,323,Gaddiannaram,1,Gaddiannaram,76,Mango,295,Himayath,0.0,1.0,9400.0,16650.0,11650.0,0.0,0.0
2025-01-30 00:00:00+05:30,323,Gaddiannaram,2,L.B Nagar,105,Potato,105,Common,0.0,174.0,1800.0,2200.0,2000.0,0.0,0.0
2025-01-30 00:00:00+05:30,324,Bowenpally,3,Bowenpally,102,Radish,102,Common,0.0,48.0,200.0,400.0,300.0,0.0,0.0
2025-01-30 00:00:00+05:30,325,Hyderabad,5,Mahabubmansion,54,Chillies(Dry),289,1048,0.0,161.0,7000.0,9000.0,8000.0,0.0,0.0
2025-01-30 00:00:00+05:30,325,Hyderabad,6,Madannapeta,105,Potato,105,Common,0.0,45.0,1500.0,1600.0,1550.0,0.0,0.0
2025-01-30 00:00:00+05:30,188,Bhainsa,11,Bhainsa,14,Bengal Gram,14,Common,0.0,157.29,4787.0,5761.0,5687.0,0.0,0.0
2025-01-30 00:00:00+05:30,367,Gudimalkapur,1571,Gudumalkapur,102,Radish,102,Common,0.0,23.0,800.0,1000.0,900.0,0.0,0.0
2025-01-31 00:00:00+05:30,323,Gaddiannaram,2,L.B Nagar,105,Potato,105,Common,0.0,210.0,1800.0,2000.0,1900.0,0.0,0.0
2025-01-31 00:00:00+05:30,323,Gaddiannaram,1,Gaddiannaram,76,Mango,295,Himayath,0.0,1.0,22200.0,22200.0,22200.0,0.0,0.0
2025-01-31 00:00:00+05:30,324,Bowenpally,3,Bowenpally,102,Radish,102,Common,0.0,41.0,200.0,400.0,350.0,0.0,0.0
2025-01-31 00:00:00+05:30,325,Hyderabad,6,Madannapeta,105,Potato,105,Common,0.0,30.0,1500.0,1800.0,1650.0,0.0,0.0
2025-01-31 00:00:00+05:30,325,Hyderabad,5,Mahabubmansion,54,Chillies(Dry),289,1048,0.0,300.0,7000.0,9000.0,8000.0,0.0,0.0
2025-01-31 00:00:00+05:30,188,Bhainsa,11,Bhainsa,14,Bengal Gram,14,Common,0.0,160.87,4151.0,5736.0,5736.0,0.0,0.0
2025-01-31 00:00:00+05:30,331,Vantimamidi,1612,Vantimamidi,99,Cauliflower,99,Common,0.0,3.0,800.0,800.0,800.0,0.0,0.0
2025-01-31 00:00:00+05:30,367,Gudimalkapur,1571,Gudumalkapur,102,Radish,102,Common,0.0,11.0,700.0,1000.0,800.0,0.0,0.0
2025-01-25 00:00:00+05:30,324,Bowenpally,3,Bowenpally,103,Carrot,103,Common,0.0,2364.0,400.0,1600.0,1200.0,0.0,0.0
2025-01-25 00:00:00+05:30,323,Gaddiannaram,2,L.B Nagar,106,ColaCasio(Arvi),106,Common,0.0,2.0,3000.0,4000.0,3500.0,0.0,0.0
2025-01-25 00:00:00+05:30,323,Gaddiannaram,1,Gaddiannaram,77,Mosambi,77,Common,0.0,925.0,900.0,2800.0,1300.0,0.0,0.0
2025-01-24 00:00:00+05:30,309,Narayanpet,1342,Narayanpet,15,Red Gram,233,White,0.0,89.18,6925.0,8188.0,7550.0,0.0,0.0
2025-01-24 00:00:00+05:30,302,Gadwal,1328,Gadwal,30,Groundnut pods,30,Common,0.0,1130.0,3916.0,6559.0,5650.0,0.0,0.0
2025-01-24 00:00:00+05:30,367,Gudimalkapur,1571,Gudumalkapur,103,Carrot,103,Common,0.0,224.0,500.0,2000.0,1200.0,0.0,0.0
2025-01-23 00:00:00+05:30,309,Narayanpet,1342,Narayanpet,15,Red Gram,233,White,0.0,144.55,7191.0,8259.0,7959.0,0.0,0.0
2025-01-23 00:00:00+05:30,312,Wanaparthy Town,1344,W.P.Town,30,Groundnut pods,30,Common,0.0,2650.0,4220.0,6386.0,5460.0,0.0,0.0
2025-01-24 00:00:00+05:30,219,Jagtial,1125,Jagtial,1,Paddy,270,Grade-A (1010),0.0,1.0,1500.0,1500.0,1500.0,0.0,0.0
2025-01-24 00:00:00+05:30,306,Mahbubnagar,1326,Mahaboobnagar,8,Ragi,8,Common,0.0,7.0,4112.0,4112.0,4112.0,0.0,0.0
2025-01-24 00:00:00+05:30,278,Suryapet,1091,Suryapet,1,Paddy,247,Grade-A (Samba Masuri),0.0,750.0,1509.0,2519.0,2389.0,0.0,0.0
2025-01-24 00:00:00+05:30,221,Jammikunta,36,Jammikunta,25,Cotton,25,Common,0.0,273.0,6800.0,7200.0,7100.0,0.0,0.0
2025-01-24 00:00:00+05:30,279,Thirumalagiri,9,Tirmalagiri,1,Paddy,247,Grade-A (Samba Masuri),0.0,60.0,2312.0,2411.0,2381.0,0.0,0.0
2025-01-24 00:00:00+05:30,325,Hyderabad,7,Meeralamandi,111,Brinjal,111,Common,0.0,4.0,1500.0,2000.0,1750.0,0.0,0.0
2025-01-24 00:00:00+05:30,323,Gaddiannaram,2,L.B Nagar,106,ColaCasio(Arvi),106,Common,0.0,15.0,3000.0,4000.0,3500.0,0.0,0.0
2025-01-24 00:00:00+05:30,323,Gaddiannaram,1,Gaddiannaram,77,Mosambi,77,Common,0.0,320.0,800.0,2900.0,1200.0,0.0,0.0
2025-01-24 00:00:00+05:30,324,Bowenpally,3,Bowenpally,103,Carrot,103,Common,0.0,2984.0,500.0,1600.0,1300.0,0.0,0.0
2025-01-23 00:00:00+05:30,367,Gudimalkapur,1571,Gudumalkapur,103,Carrot,103,Common,0.0,277.0,1200.0,2500.0,1800.0,0.0,0.0
2025-01-23 00:00:00+05:30,302,Gadwal,1328,Gadwal,30,Groundnut pods,30,Common,0.0,1328.0,3569.0,5906.0,4910.0,0.0,0.0
2025-01-23 00:00:00+05:30,188,Bhainsa,11,Bhainsa,15,Red Gram,15,Common,0.0,380.97,2509.0,7411.0,7272.0,0.0,0.0
2025-01-23 00:00:00+05:30,279,Thirumalagiri,9,Tirmalagiri,1,Paddy,247,Grade-A (Samba Masuri),0.0,34.0,2216.0,2373.0,2254.0,0.0,0.0
2025-01-23 00:00:00+05:30,221,Jammikunta,36,Jammikunta,25,Cotton,25,Common,0.0,322.0,6700.0,7200.0,7100.0,0.0,0.0
2025-01-23 00:00:00+05:30,278,Suryapet,1091,Suryapet,1,Paddy,247,Grade-A (Samba Masuri),0.0,1599.0,1506.0,2514.0,2379.0,0.0,0.0
2025-01-23 00:00:00+05:30,300,Badepally,1327,Badepally,6,Jowar,6,Common,0.0,12.0,1602.0,1602.0,1602.0,0.0,0.0
2025-01-23 00:00:00+05:30,212,Choppadandi,1123,Choppadandi,1,Paddy,241,Grade-A (Jai Sri Ram),0.0,12.0,2539.0,2539.0,2539.0,0.0,0.0
2025-01-23 00:00:00+05:30,325,Hyderabad,7,Meeralamandi,111,Brinjal,111,Common,0.0,4.0,1200.0,2000.0,1600.0,0.0,0.0
2025-01-23 00:00:00+05:30,325,Hyderabad,6,Madannapeta,106,ColaCasio(Arvi),106,Common,0.0,2.0,4000.0,4000.0,4000.0,0.0,0.0
2025-01-23 00:00:00+05:30,324,Bowenpally,3,Bowenpally,103,Carrot,103,Common,0.0,3161.0,500.0,1600.0,1300.0,0.0,0.0
2025-01-23 00:00:00+05:30,323,Gaddiannaram,2,L.B Nagar,106,ColaCasio(Arvi),106,Common,0.0,5.0,4000.0,4500.0,4200.0,0.0,0.0
2025-01-22 00:00:00+05:30,329,Navabpet(MBNR),1483,Navabpet,15,Red Gram,15,Common,0.0,30.0,6261.0,7092.0,7020.0,0.0,0.0
2025-01-22 00:00:00+05:30,312,Wanaparthy Town,1344,W.P.Town,30,Groundnut pods,30,Common,0.0,2168.0,3137.0,6264.0,5499.0,0.0,0.0
2025-01-23 00:00:00+05:30,323,Gaddiannaram,1,Gaddiannaram,77,Mosambi,77,Common,0.0,565.0,800.0,3000.0,1150.0,0.0,0.0
2025-01-22 00:00:00+05:30,309,Narayanpet,1342,Narayanpet,15,Red Gram,233,White,0.0,209.23,7300.0,8255.0,8212.0,0.0,0.0
2025-01-22 00:00:00+05:30,306,Mahbubnagar,1326,Mahaboobnagar,8,Ragi,8,Common,0.0,8.0,4111.0,4111.0,4111.0,0.0,0.0
2025-01-22 00:00:00+05:30,367,Gudimalkapur,1571,Gudumalkapur,103,Carrot,103,Common,0.0,350.0,1000.0,2500.0,1500.0,0.0,0.0
2025-01-22 00:00:00+05:30,289,Sadasivpet,1200,Sadasivapet,6,Jowar,232,Yellow,0.0,3.0,4444.0,4444.0,4444.0,0.0,0.0
2025-01-22 00:00:00+05:30,302,Gadwal,1328,Gadwal,30,Groundnut pods,30,Common,0.0,1028.0,2916.0,6889.0,4829.0,0.0,0.0
2025-01-22 00:00:00+05:30,292,Zaheerabad,1198,Zaheerabad,14,Bengal Gram,14,Common,0.0,11.0,6011.0,6011.0,6011.0,0.0,0.0
2025-01-22 00:00:00+05:30,188,Bhainsa,11,Bhainsa,15,Red Gram,15,Common,0.0,359.76,2077.0,0.0,6887.0,0.0,0.0
2025-01-22 00:00:00+05:30,279,Thirumalagiri,9,Tirmalagiri,1,Paddy,247,Grade-A (Samba Masuri),0.0,102.0,2186.0,2347.0,2290.0,0.0,0.0
2025-01-22 00:00:00+05:30,221,Jammikunta,36,Jammikunta,25,Cotton,25,Common,0.0,444.0,6900.0,7250.0,7100.0,0.0,0.0
2025-01-22 00:00:00+05:30,325,Hyderabad,7,Meeralamandi,111,Brinjal,111,Common,0.0,5.0,1000.0,1000.0,1000.0,0.0,0.0
2025-01-22 00:00:00+05:30,325,Hyderabad,6,Madannapeta,106,ColaCasio(Arvi),106,Common,0.0,3.0,4000.0,4000.0,4000.0,0.0,0.0
2025-01-22 00:00:00+05:30,324,Bowenpally,3,Bowenpally,103,Carrot,103,Common,0.0,3041.0,500.0,2000.0,1600.0,0.0,0.0
2025-01-22 00:00:00+05:30,323,Gaddiannaram,2,L.B Nagar,106,ColaCasio(Arvi),106,Common,0.0,6.0,4000.0,4500.0,4200.0,0.0,0.0
2025-01-22 00:00:00+05:30,323,Gaddiannaram,1,Gaddiannaram,77,Mosambi,77,Common,0.0,825.0,900.0,3000.0,1400.0,0.0,0.0
2025-01-21 00:00:00+05:30,367,Gudimalkapur,1571,Gudumalkapur,103,Carrot,103,Common,0.0,316.0,1000.0,2500.0,1500.0,0.0,0.0
2025-01-21 00:00:00+05:30,302,Gadwal,1328,Gadwal,30,Groundnut pods,30,Common,0.0,1351.0,2519.0,6499.0,5711.0,0.0,0.0
2025-01-21 00:00:00+05:30,309,Narayanpet,1342,Narayanpet,15,Red Gram,233,White,0.0,273.42,7055.0,8216.0,8059.0,0.0,0.0
2025-01-21 00:00:00+05:30,306,Mahbubnagar,1326,Mahaboobnagar,8,Ragi,8,Common,0.0,16.0,3719.0,4290.0,4233.0,0.0,0.0
2025-01-21 00:00:00+05:30,188,Bhainsa,11,Bhainsa,15,Red Gram,15,Common,0.0,404.52,3501.0,7296.0,7189.0,0.0,0.0
2025-01-21 00:00:00+05:30,279,Thirumalagiri,9,Tirmalagiri,1,Paddy,247,Grade-A (Samba Masuri),0.0,248.0,2162.0,2347.0,2266.0,0.0,0.0
2025-01-21 00:00:00+05:30,278,Suryapet,1091,Suryapet,1,Paddy,247,Grade-A (Samba Masuri),0.0,1616.0,1503.0,2479.0,2359.0,0.0,0.0
2025-01-21 00:00:00+05:30,256,Khammam,1067,Khammam,15,Red Gram,15,Common,0.0,8.0,4811.0,5511.0,4811.0,0.0,0.0
2025-01-21 00:00:00+05:30,292,Zaheerabad,1198,Zaheerabad,14,Bengal Gram,14,Common,0.0,1.0,6111.0,6111.0,6111.0,0.0,0.0
2025-01-21 00:00:00+05:30,221,Jammikunta,36,Jammikunta,25,Cotton,25,Common,0.0,374.0,6950.0,7300.0,7200.0,0.0,0.0
2025-01-21 00:00:00+05:30,219,Jagtial,1125,Jagtial,1,Paddy,270,Grade-A (1010),0.0,5.0,1721.0,1721.0,1721.0,0.0,0.0
2025-01-21 00:00:00+05:30,325,Hyderabad,7,Meeralamandi,111,Brinjal,111,Common,0.0,4.0,1200.0,2000.0,1600.0,0.0,0.0
2025-01-21 00:00:00+05:30,325,Hyderabad,6,Madannapeta,106,ColaCasio(Arvi),106,Common,0.0,2.0,4000.0,4000.0,4000.0,0.0,0.0
2025-01-21 00:00:00+05:30,324,Bowenpally,3,Bowenpally,103,Carrot,103,Common,0.0,2757.0,400.0,2000.0,1600.0,0.0,0.0
2025-01-21 00:00:00+05:30,323,Gaddiannaram,1,Gaddiannaram,77,Mosambi,77,Common,0.0,720.0,1000.0,2800.0,1300.0,0.0,0.0
2025-01-21 00:00:00+05:30,323,Gaddiannaram,2,L.B Nagar,106,ColaCasio(Arvi),106,Common,0.0,2.0,4000.0,4500.0,4200.0,0.0,0.0
2025-01-20 00:00:00+05:30,367,Gudimalkapur,1571,Gudumalkapur,103,Carrot,103,Common,0.0,300.0,1000.0,2500.0,1300.0,0.0,0.0
2025-01-20 00:00:00+05:30,302,Gadwal,1328,Gadwal,30,Groundnut pods,30,Common,0.0,1745.0,3098.0,6581.0,4289.0,0.0,0.0
2025-01-20 00:00:00+05:30,310,Shadnagar,1330,Shadnagar,15,Red Gram,15,Common,0.0,856.0,6100.0,7101.0,6739.0,0.0,0.0
2025-01-20 00:00:00+05:30,312,Wanaparthy Town,1344,W.P.Town,30,Groundnut pods,30,Common,0.0,2134.0,3407.0,6480.0,5609.0,0.0,0.0
2025-01-20 00:00:00+05:30,309,Narayanpet,1342,Narayanpet,15,Red Gram,233,White,0.0,376.32,6500.0,8179.0,7959.0,0.0,0.0
2025-01-20 00:00:00+05:30,306,Mahbubnagar,1326,Mahaboobnagar,8,Ragi,8,Common,0.0,6.0,4500.0,4500.0,4500.0,0.0,0.0
2025-01-20 00:00:00+05:30,300,Badepally,1327,Badepally,6,Jowar,6,Common,0.0,12.0,4143.0,4143.0,4143.0,0.0,0.0
2025-01-20 00:00:00+05:30,239,Kesamudram,1168,Kesamudram,5,Maize,5,Common,0.0,22.0,1989.0,1989.0,1989.0,0.0,0.0
2025-01-20 00:00:00+05:30,212,Choppadandi,1123,Choppadandi,1,Paddy,241,Grade-A (Jai Sri Ram),0.0,12.0,2619.0,2619.0,2619.0,0.0,0.0
2025-01-20 00:00:00+05:30,188,Bhainsa,11,Bhainsa,15,Red Gram,15,Common,0.0,294.2,5859.0,7369.0,7311.0,0.0,0.0
2025-01-20 00:00:00+05:30,221,Jammikunta,36,Jammikunta,25,Cotton,25,Common,0.0,319.0,6800.0,7350.0,7150.0,0.0,0.0
2025-01-20 00:00:00+05:30,279,Thirumalagiri,9,Tirmalagiri,1,Paddy,247,Grade-A (Samba Masuri),0.0,51.0,1932.0,2209.0,2109.0,0.0,0.0
2025-01-20 00:00:00+05:30,278,Suryapet,1091,Suryapet,1,Paddy,247,Grade-A (Samba Masuri),0.0,1146.0,1539.0,2513.0,2324.0,0.0,0.0
2025-01-20 00:00:00+05:30,325,Hyderabad,7,Meeralamandi,111,Brinjal,111,Common,0.0,6.0,1000.0,1500.0,1250.0,0.0,0.0
2025-01-20 00:00:00+05:30,324,Bowenpally,3,Bowenpally,103,Carrot,103,Common,0.0,2507.0,500.0,2500.0,2000.0,0.0,0.0
2025-01-20 00:00:00+05:30,323,Gaddiannaram,2,L.B Nagar,106,ColaCasio(Arvi),106,Common,0.0,3.0,3000.0,4000.0,3500.0,0.0,0.0
2025-01-20 00:00:00+05:30,323,Gaddiannaram,1,Gaddiannaram,77,Mosambi,77,Common,0.0,1602.0,700.0,3000.0,1500.0,0.0,0.0
2025-01-19 00:00:00+05:30,329,Navabpet(MBNR),1483,Navabpet,15,Red Gram,15,Common,0.0,294.0,5151.0,7277.0,7152.0,0.0,0.0
2025-01-19 00:00:00+05:30,312,Wanaparthy Town,1344,W.P.Town,30,Groundnut pods,30,Common,0.0,1796.0,3885.0,6490.0,5859.0,0.0,0.0
2025-01-19 00:00:00+05:30,367,Gudimalkapur,1571,Gudumalkapur,103,Carrot,103,Common,0.0,324.0,800.0,3000.0,2000.0,0.0,0.0
2025-01-19 00:00:00+05:30,325,Hyderabad,7,Meeralamandi,111,Brinjal,111,Common,0.0,4.0,1800.0,2000.0,1900.0,0.0,0.0
2025-01-19 00:00:00+05:30,324,Bowenpally,3,Bowenpally,103,Carrot,103,Common,0.0,2365.0,500.0,2700.0,2200.0,0.0,0.0
2025-01-18 00:00:00+05:30,312,Wanaparthy Town,1344,W.P.Town,30,Groundnut pods,30,Common,0.0,3066.0,4711.0,6616.0,5999.0,0.0,0.0
2025-01-18 00:00:00+05:30,309,Narayanpet,1342,Narayanpet,15,Red Gram,233,White,0.0,185.22,7189.0,8259.0,8061.0,0.0,0.0
2025-01-18 00:00:00+05:30,367,Gudimalkapur,1571,Gudumalkapur,103,Carrot,103,Common,0.0,228.0,1000.0,4000.0,2200.0,0.0,0.0
2025-01-18 00:00:00+05:30,292,Zaheerabad,1198,Zaheerabad,14,Bengal Gram,14,Common,0.0,1.0,4020.0,4100.0,4020.0,0.0,0.0
2025-01-18 00:00:00+05:30,212,Choppadandi,1123,Choppadandi,1,Paddy,241,Grade-A (Jai Sri Ram),0.0,30.0,2421.0,2621.0,2621.0,0.0,0.0
2025-01-18 00:00:00+05:30,302,Gadwal,1328,Gadwal,30,Groundnut pods,30,Common,0.0,1631.0,3099.0,6621.0,5689.0,0.0,0.0
2025-01-18 00:00:00+05:30,300,Badepally,1327,Badepally,6,Jowar,6,Common,0.0,2.0,4685.0,4685.0,4685.0,0.0,0.0
2025-01-18 00:00:00+05:30,306,Mahbubnagar,1326,Mahaboobnagar,8,Ragi,8,Common,0.0,3.0,4071.0,4071.0,4071.0,0.0,0.0
2025-01-18 00:00:00+05:30,325,Hyderabad,6,Madannapeta,106,ColaCasio(Arvi),106,Common,0.0,3.0,3000.0,3000.0,3000.0,0.0,0.0
2025-01-18 00:00:00+05:30,188,Bhainsa,11,Bhainsa,15,Red Gram,15,Common,0.0,205.25,4243.0,7401.0,7169.0,0.0,0.0
2025-01-18 00:00:00+05:30,279,Thirumalagiri,9,Tirmalagiri,1,Paddy,247,Grade-A (Samba Masuri),0.0,36.0,2051.0,2263.0,2193.0,0.0,0.0
2025-01-18 00:00:00+05:30,325,Hyderabad,7,Meeralamandi,111,Brinjal,111,Common,0.0,5.0,1000.0,1000.0,1000.0,0.0,0.0
2025-01-18 00:00:00+05:30,278,Suryapet,1091,Suryapet,1,Paddy,247,Grade-A (Samba Masuri),0.0,660.0,1559.0,2450.0,2329.0,0.0,0.0
2025-01-17 00:00:00+05:30,309,Narayanpet,1342,Narayanpet,15,Red Gram,233,White,0.0,163.66,7630.0,8459.0,7750.0,0.0,0.0
2025-01-17 00:00:00+05:30,312,Wanaparthy Town,1344,W.P.Town,30,Groundnut pods,30,Common,0.0,1543.0,3627.0,6666.0,5859.0,0.0,0.0
2025-01-18 00:00:00+05:30,323,Gaddiannaram,2,L.B Nagar,106,ColaCasio(Arvi),106,Common,0.0,2.0,3000.0,4000.0,3500.0,0.0,0.0
2025-01-18 00:00:00+05:30,324,Bowenpally,3,Bowenpally,103,Carrot,103,Common,0.0,1898.0,500.0,2700.0,2000.0,0.0,0.0
2025-01-17 00:00:00+05:30,302,Gadwal,1328,Gadwal,30,Groundnut pods,30,Common,0.0,1274.0,2390.0,6501.0,4719.0,0.0,0.0
2025-01-17 00:00:00+05:30,292,Zaheerabad,1198,Zaheerabad,14,Bengal Gram,14,Common,0.0,0.5,4012.0,4012.0,4012.0,0.0,0.0
2025-01-17 00:00:00+05:30,278,Suryapet,1091,Suryapet,1,Paddy,247,Grade-A (Samba Masuri),0.0,830.0,1521.0,2430.0,2359.0,0.0,0.0
2025-01-17 00:00:00+05:30,325,Hyderabad,7,Meeralamandi,111,Brinjal,111,Common,0.0,3.0,2000.0,2500.0,2250.0,0.0,0.0
2025-01-17 00:00:00+05:30,221,Jammikunta,36,Jammikunta,25,Cotton,25,Common,0.0,166.0,6800.0,7350.0,7250.0,0.0,0.0
2025-01-17 00:00:00+05:30,188,Bhainsa,11,Bhainsa,15,Red Gram,15,Common,0.0,211.48,5709.0,7430.0,7125.0,0.0,0.0
2025-01-17 00:00:00+05:30,279,Thirumalagiri,9,Tirmalagiri,1,Paddy,247,Grade-A (Samba Masuri),0.0,105.0,2004.0,2313.0,2293.0,0.0,0.0
2025-01-17 00:00:00+05:30,324,Bowenpally,3,Bowenpally,103,Carrot,103,Common,0.0,1569.0,600.0,3500.0,2800.0,0.0,0.0
2025-01-17 00:00:00+05:30,323,Gaddiannaram,1,Gaddiannaram,77,Mosambi,77,Common,0.0,375.0,900.0,2800.0,1200.0,0.0,0.0
2025-01-16 00:00:00+05:30,302,Gadwal,1328,Gadwal,30,Groundnut pods,30,Common,0.0,1427.0,2806.0,6201.0,4510.0,0.0,0.0
2025-01-16 00:00:00+05:30,310,Shadnagar,1330,Shadnagar,15,Red Gram,15,Common,0.0,347.5,630.0,7071.0,6666.0,0.0,0.0
2025-01-16 00:00:00+05:30,312,Wanaparthy Town,1344,W.P.Town,30,Groundnut pods,30,Common,0.0,1031.0,5076.0,6790.0,5990.0,0.0,0.0
2025-01-16 00:00:00+05:30,309,Narayanpet,1342,Narayanpet,15,Red Gram,233,White,0.0,153.37,7550.0,8569.0,8009.0,0.0,0.0
2025-01-16 00:00:00+05:30,367,Gudimalkapur,1571,Gudumalkapur,103,Carrot,103,Common,0.0,179.0,300.0,2700.0,1800.0,0.0,0.0
2025-01-16 00:00:00+05:30,212,Choppadandi,1123,Choppadandi,1,Paddy,241,Grade-A (Jai Sri Ram),0.0,16.0,3231.0,3231.0,3231.0,0.0,0.0
2025-01-16 00:00:00+05:30,325,Hyderabad,7,Meeralamandi,111,Brinjal,111,Common,0.0,4.0,1500.0,2000.0,1750.0,0.0,0.0
2025-01-16 00:00:00+05:30,279,Thirumalagiri,9,Tirmalagiri,1,Paddy,247,Grade-A (Samba Masuri),0.0,112.0,2011.0,2309.0,2209.0,0.0,0.0
2025-01-16 00:00:00+05:30,188,Bhainsa,11,Bhainsa,15,Red Gram,15,Common,0.0,135.47,6519.0,7419.0,7349.0,0.0,0.0
2025-01-16 00:00:00+05:30,221,Jammikunta,36,Jammikunta,25,Cotton,25,Common,0.0,74.0,6500.0,7300.0,6850.0,0.0,0.0
2025-01-16 00:00:00+05:30,325,Hyderabad,6,Madannapeta,106,ColaCasio(Arvi),106,Common,0.0,5.0,2800.0,3000.0,2900.0,0.0,0.0
2025-01-16 00:00:00+05:30,324,Bowenpally,3,Bowenpally,103,Carrot,103,Common,0.0,1022.0,500.0,3500.0,2500.0,0.0,0.0
2025-01-15 00:00:00+05:30,324,Bowenpally,3,Bowenpally,103,Carrot,103,Common,0.0,763.0,500.0,3200.0,2400.0,0.0,0.0
2025-01-15 00:00:00+05:30,323,Gaddiannaram,1,Gaddiannaram,77,Mosambi,77,Common,0.0,730.0,800.0,2000.0,1000.0,0.0,0.0
2025-01-15 00:00:00+05:30,367,Gudimalkapur,1571,Gudumalkapur,103,Carrot,103,Common,0.0,106.0,500.0,2500.0,1500.0,0.0,0.0
2025-01-16 00:00:00+05:30,323,Gaddiannaram,1,Gaddiannaram,77,Mosambi,77,Common,0.0,530.0,900.0,2500.0,1100.0,0.0,0.0
2025-01-14 00:00:00+05:30,367,Gudimalkapur,1571,Gudumalkapur,103,Carrot,103,Common,0.0,174.0,400.0,2800.0,1800.0,0.0,0.0
2025-01-14 00:00:00+05:30,323,Gaddiannaram,1,Gaddiannaram,77,Mosambi,77,Common,0.0,460.0,800.0,2000.0,1000.0,0.0,0.0
2025-01-14 00:00:00+05:30,325,Hyderabad,6,Madannapeta,106,ColaCasio(Arvi),106,Common,0.0,10.0,3000.0,3500.0,3250.0,0.0,0.0
2025-01-14 00:00:00+05:30,324,Bowenpally,3,Bowenpally,103,Carrot,103,Common,0.0,1446.0,400.0,2600.0,2300.0,0.0,0.0
2025-01-13 00:00:00+05:30,367,Gudimalkapur,1571,Gudumalkapur,103,Carrot,103,Common,0.0,208.0,1000.0,3100.0,2000.0,0.0,0.0
2025-01-12 00:00:00+05:30,329,Navabpet(MBNR),1483,Navabpet,15,Red Gram,15,Common,0.0,401.0,6161.0,7321.0,7171.0,0.0,0.0
2025-01-12 00:00:00+05:30,312,Wanaparthy Town,1344,W.P.Town,30,Groundnut pods,30,Common,0.0,2246.0,4111.0,6770.0,6115.0,0.0,0.0
2025-01-13 00:00:00+05:30,325,Hyderabad,7,Meeralamandi,111,Brinjal,111,Common,0.0,6.0,1200.0,1500.0,1350.0,0.0,0.0
2025-01-13 00:00:00+05:30,324,Bowenpally,3,Bowenpally,103,Carrot,103,Common,0.0,1970.0,500.0,3000.0,2500.0,0.0,0.0
2025-01-13 00:00:00+05:30,323,Gaddiannaram,2,L.B Nagar,106,ColaCasio(Arvi),106,Common,0.0,4.0,4000.0,5000.0,4500.0,0.0,0.0
2025-01-13 00:00:00+05:30,323,Gaddiannaram,1,Gaddiannaram,77,Mosambi,77,Common,0.0,461.0,800.0,2300.0,950.0,0.0,0.0
2025-01-12 00:00:00+05:30,367,Gudimalkapur,1571,Gudumalkapur,103,Carrot,103,Common,0.0,268.0,600.0,2500.0,2000.0,0.0,0.0
2025-01-11 00:00:00+05:30,312,Wanaparthy Town,1344,W.P.Town,30,Groundnut pods,30,Common,0.0,1374.0,4543.0,6887.0,6269.0,0.0,0.0
2025-01-11 00:00:00+05:30,309,Narayanpet,1342,Narayanpet,15,Red Gram,233,White,0.0,145.53,6529.0,8855.0,8489.0,0.0,0.0
2025-01-12 00:00:00+05:30,325,Hyderabad,7,Meeralamandi,111,Brinjal,111,Common,0.0,4.0,1200.0,2000.0,1600.0,0.0,0.0
2025-01-12 00:00:00+05:30,325,Hyderabad,6,Madannapeta,106,ColaCasio(Arvi),106,Common,0.0,3.0,3000.0,3000.0,3000.0,0.0,0.0
2025-01-11 00:00:00+05:30,302,Gadwal,1328,Gadwal,30,Groundnut pods,30,Common,0.0,1168.0,1819.0,6600.0,4929.0,0.0,0.0
2025-01-12 00:00:00+05:30,324,Bowenpally,3,Bowenpally,103,Carrot,103,Common,0.0,2422.0,500.0,3200.0,2800.0,0.0,0.0
2025-01-11 00:00:00+05:30,367,Gudimalkapur,1571,Gudumalkapur,103,Carrot,103,Common,0.0,205.0,1000.0,3000.0,2000.0,0.0,0.0
2025-01-11 00:00:00+05:30,188,Bhainsa,11,Bhainsa,15,Red Gram,15,Common,0.0,57.17,6266.0,7413.0,7413.0,0.0,0.0
2025-01-11 00:00:00+05:30,279,Thirumalagiri,9,Tirmalagiri,1,Paddy,247,Grade-A (Samba Masuri),0.0,81.0,2004.0,2389.0,2182.0,0.0,0.0
2025-01-11 00:00:00+05:30,325,Hyderabad,7,Meeralamandi,111,Brinjal,111,Common,0.0,4.0,1200.0,1500.0,1350.0,0.0,0.0
2025-01-11 00:00:00+05:30,212,Choppadandi,1123,Choppadandi,1,Paddy,241,Grade-A (Jai Sri Ram),0.0,24.0,2079.0,2666.0,2666.0,0.0,0.0
2025-01-11 00:00:00+05:30,219,Jagtial,1125,Jagtial,1,Paddy,270,Grade-A (1010),0.0,4.0,1600.0,1800.0,1800.0,0.0,0.0
2025-01-11 00:00:00+05:30,323,Gaddiannaram,2,L.B Nagar,106,ColaCasio(Arvi),106,Common,0.0,3.0,4000.0,4500.0,4200.0,0.0,0.0
2025-01-10 00:00:00+05:30,312,Wanaparthy Town,1344,W.P.Town,30,Groundnut pods,30,Common,0.0,1152.0,4087.0,7010.0,6289.0,0.0,0.0
2025-01-10 00:00:00+05:30,309,Narayanpet,1342,Narayanpet,15,Red Gram,233,White,0.0,180.32,7289.0,8629.0,8619.0,0.0,0.0
2025-01-11 00:00:00+05:30,324,Bowenpally,3,Bowenpally,103,Carrot,103,Common,0.0,2240.0,500.0,3000.0,2400.0,0.0,0.0
2025-01-11 00:00:00+05:30,323,Gaddiannaram,1,Gaddiannaram,77,Mosambi,77,Common,0.0,455.0,800.0,2500.0,900.0,0.0,0.0
2025-01-10 00:00:00+05:30,367,Gudimalkapur,1571,Gudumalkapur,103,Carrot,103,Common,0.0,231.0,500.0,3000.0,2000.0,0.0,0.0
2025-01-10 00:00:00+05:30,302,Gadwal,1328,Gadwal,30,Groundnut pods,30,Common,0.0,760.0,3316.0,6689.0,4870.0,0.0,0.0
2025-01-10 00:00:00+05:30,310,Shadnagar,1330,Shadnagar,15,Red Gram,15,Common,0.0,210.0,6839.0,7259.0,7215.0,0.0,0.0
2025-01-10 00:00:00+05:30,306,Mahbubnagar,1326,Mahaboobnagar,8,Ragi,8,Common,0.0,34.0,3870.0,4132.0,3870.0,0.0,0.0
2025-01-10 00:00:00+05:30,292,Zaheerabad,1198,Zaheerabad,14,Bengal Gram,14,Common,0.0,0.5,4702.0,4702.0,4702.0,0.0,0.0
2025-01-10 00:00:00+05:30,188,Bhainsa,11,Bhainsa,15,Red Gram,15,Common,0.0,110.94,6466.0,7542.0,7542.0,0.0,0.0
2025-01-09 00:00:00+05:30,309,Narayanpet,1342,Narayanpet,15,Red Gram,233,White,0.0,195.02,7009.0,8752.0,8159.0,0.0,0.0
2025-01-09 00:00:00+05:30,312,Wanaparthy Town,1344,W.P.Town,30,Groundnut pods,30,Common,0.0,1363.0,4228.0,7110.0,6309.0,0.0,0.0
2025-01-10 00:00:00+05:30,279,Thirumalagiri,9,Tirmalagiri,1,Paddy,247,Grade-A (Samba Masuri),0.0,176.0,1882.0,2432.0,2359.0,0.0,0.0
2025-01-10 00:00:00+05:30,221,Jammikunta,36,Jammikunta,25,Cotton,25,Common,0.0,194.0,6500.0,7200.0,7000.0,0.0,0.0
2025-01-10 00:00:00+05:30,278,Suryapet,1091,Suryapet,1,Paddy,247,Grade-A (Samba Masuri),0.0,785.0,1566.0,2417.0,2173.0,0.0,0.0
2025-01-10 00:00:00+05:30,325,Hyderabad,7,Meeralamandi,111,Brinjal,111,Common,0.0,3.0,2000.0,2000.0,2000.0,0.0,0.0
2025-01-10 00:00:00+05:30,325,Hyderabad,6,Madannapeta,106,ColaCasio(Arvi),106,Common,0.0,3.0,3000.0,3000.0,3000.0,0.0,0.0
2025-01-10 00:00:00+05:30,324,Bowenpally,3,Bowenpally,103,Carrot,103,Common,0.0,2496.0,500.0,3000.0,2500.0,0.0,0.0
2025-01-10 00:00:00+05:30,323,Gaddiannaram,2,L.B Nagar,106,ColaCasio(Arvi),106,Common,0.0,23.0,4000.0,4500.0,4200.0,0.0,0.0
2025-01-09 00:00:00+05:30,302,Gadwal,1328,Gadwal,30,Groundnut pods,30,Common,0.0,1170.0,2830.0,6500.0,4800.0,0.0,0.0
2025-01-10 00:00:00+05:30,323,Gaddiannaram,1,Gaddiannaram,77,Mosambi,77,Common,0.0,506.0,700.0,1800.0,800.0,0.0,0.0
2025-01-09 00:00:00+05:30,306,Mahbubnagar,1326,Mahaboobnagar,8,Ragi,8,Common,0.0,53.0,3690.0,4337.0,3690.0,0.0,0.0
2025-01-09 00:00:00+05:30,310,Shadnagar,1330,Shadnagar,15,Red Gram,15,Common,0.0,143.5,6659.0,7463.0,7459.0,0.0,0.0
2025-01-09 00:00:00+05:30,367,Gudimalkapur,1571,Gudumalkapur,103,Carrot,103,Common,0.0,199.0,1000.0,3100.0,2200.0,0.0,0.0
2025-01-09 00:00:00+05:30,188,Bhainsa,11,Bhainsa,15,Red Gram,15,Common,0.0,68.92,4000.0,7469.0,6889.0,0.0,0.0
2025-01-09 00:00:00+05:30,279,Thirumalagiri,9,Tirmalagiri,1,Paddy,247,Grade-A (Samba Masuri),0.0,209.0,2162.0,2413.0,2212.0,0.0,0.0
2025-01-09 00:00:00+05:30,325,Hyderabad,7,Meeralamandi,111,Brinjal,111,Common,0.0,3.0,1500.0,1600.0,1550.0,0.0,0.0
2025-01-09 00:00:00+05:30,221,Jammikunta,36,Jammikunta,25,Cotton,25,Common,0.0,186.0,6600.0,7260.0,7100.0,0.0,0.0
2025-01-09 00:00:00+05:30,278,Suryapet,1091,Suryapet,1,Paddy,247,Grade-A (Samba Masuri),0.0,896.0,1749.0,2409.0,2359.0,0.0,0.0
2025-01-09 00:00:00+05:30,212,Choppadandi,1123,Choppadandi,1,Paddy,241,Grade-A (Jai Sri Ram),0.0,16.0,2574.0,2574.0,2574.0,0.0,0.0
2025-01-09 00:00:00+05:30,219,Jagtial,1125,Jagtial,1,Paddy,270,Grade-A (1010),0.0,8.0,1855.0,1925.0,1925.0,0.0,0.0
2025-01-09 00:00:00+05:30,325,Hyderabad,6,Madannapeta,106,ColaCasio(Arvi),106,Common,0.0,5.0,3000.0,3000.0,3000.0,0.0,0.0
2025-01-08 00:00:00+05:30,312,Wanaparthy Town,1344,W.P.Town,30,Groundnut pods,30,Common,0.0,1828.0,5101.0,7066.0,6299.0,0.0,0.0
2025-01-08 00:00:00+05:30,309,Narayanpet,1342,Narayanpet,15,Red Gram,233,White,0.0,210.21,7550.0,8529.0,8209.0,0.0,0.0
2025-01-09 00:00:00+05:30,324,Bowenpally,3,Bowenpally,103,Carrot,103,Common,0.0,2621.0,500.0,2800.0,2000.0,0.0,0.0
2025-01-09 00:00:00+05:30,323,Gaddiannaram,2,L.B Nagar,106,ColaCasio(Arvi),106,Common,0.0,5.0,4000.0,4500.0,4200.0,0.0,0.0
2025-01-09 00:00:00+05:30,323,Gaddiannaram,1,Gaddiannaram,77,Mosambi,77,Common,0.0,226.0,700.0,1600.0,800.0,0.0,0.0
2025-01-08 00:00:00+05:30,367,Gudimalkapur,1571,Gudumalkapur,103,Carrot,103,Common,0.0,243.0,800.0,3100.0,2400.0,0.0,0.0
2025-01-08 00:00:00+05:30,302,Gadwal,1328,Gadwal,30,Groundnut pods,30,Common,0.0,849.0,3421.0,6160.0,6060.0,0.0,0.0
2025-01-08 00:00:00+05:30,310,Shadnagar,1330,Shadnagar,15,Red Gram,15,Common,0.0,11.0,5828.0,5828.0,5828.0,0.0,0.0
2025-01-08 00:00:00+05:30,306,Mahbubnagar,1326,Mahaboobnagar,8,Ragi,8,Common,0.0,1.0,2869.0,2869.0,2869.0,0.0,0.0
2025-01-08 00:00:00+05:30,278,Suryapet,1091,Suryapet,1,Paddy,247,Grade-A (Samba Masuri),0.0,809.0,1706.0,2489.0,2309.0,0.0,0.0
2025-01-08 00:00:00+05:30,221,Jammikunta,36,Jammikunta,25,Cotton,25,Common,0.0,181.0,6900.0,7250.0,7150.0,0.0,0.0
2025-01-08 00:00:00+05:30,188,Bhainsa,11,Bhainsa,15,Red Gram,15,Common,0.0,32.88,5788.0,7339.0,7174.0,0.0,0.0
2025-01-08 00:00:00+05:30,279,Thirumalagiri,9,Tirmalagiri,1,Paddy,247,Grade-A (Samba Masuri),0.0,205.0,2062.0,2393.0,2262.0,0.0,0.0
2025-01-08 00:00:00+05:30,289,Sadasivpet,1200,Sadasivapet,6,Jowar,232,Yellow,0.0,1.0,4650.0,4650.0,4650.0,0.0,0.0
2025-01-08 00:00:00+05:30,238,Jangoan,1169,Jangaon,1,Paddy,256,Grade-A (RNR),0.0,7.8,2100.0,2100.0,2100.0,0.0,0.0
2025-01-08 00:00:00+05:30,212,Choppadandi,1123,Choppadandi,1,Paddy,241,Grade-A (Jai Sri Ram),0.0,74.0,2601.0,2782.0,2782.0,0.0,0.0
2025-01-08 00:00:00+05:30,219,Jagtial,1125,Jagtial,1,Paddy,270,Grade-A (1010),0.0,1.0,1800.0,1800.0,1800.0,0.0,0.0
2025-01-08 00:00:00+05:30,325,Hyderabad,7,Meeralamandi,111,Brinjal,111,Common,0.0,5.0,1200.0,1500.0,1350.0,0.0,0.0
2025-01-08 00:00:00+05:30,325,Hyderabad,6,Madannapeta,106,ColaCasio(Arvi),106,Common,0.0,10.0,3000.0,3500.0,3250.0,0.0,0.0
2025-01-08 00:00:00+05:30,324,Bowenpally,3,Bowenpally,103,Carrot,103,Common,0.0,2688.0,500.0,3000.0,2400.0,0.0,0.0
2025-01-08 00:00:00+05:30,323,Gaddiannaram,2,L.B Nagar,106,ColaCasio(Arvi),106,Common,0.0,3.0,4000.0,4500.0,4200.0,0.0,0.0
2025-01-08 00:00:00+05:30,323,Gaddiannaram,1,Gaddiannaram,77,Mosambi,77,Common,0.0,530.0,700.0,2000.0,1000.0,0.0,0.0
2025-01-07 00:00:00+05:30,367,Gudimalkapur,1571,Gudumalkapur,103,Carrot,103,Common,0.0,243.0,1200.0,3000.0,2000.0,0.0,0.0
2025-01-07 00:00:00+05:30,302,Gadwal,1328,Gadwal,30,Groundnut pods,30,Common,0.0,848.0,3899.0,6780.0,5689.0,0.0,0.0
2025-01-07 00:00:00+05:30,309,Narayanpet,1342,Narayanpet,15,Red Gram,233,White,0.0,184.24,6600.0,8559.0,8455.0,0.0,0.0
2025-01-07 00:00:00+05:30,188,Bhainsa,11,Bhainsa,15,Red Gram,15,Common,0.0,36.67,5859.0,7336.0,5859.0,0.0,0.0
2025-01-07 00:00:00+05:30,279,Thirumalagiri,9,Tirmalagiri,1,Paddy,247,Grade-A (Samba Masuri),0.0,67.0,1940.0,2373.0,2284.0,0.0,0.0
2025-01-07 00:00:00+05:30,221,Jammikunta,36,Jammikunta,25,Cotton,25,Common,0.0,112.0,6700.0,7200.0,7100.0,0.0,0.0
2025-01-07 00:00:00+05:30,306,Mahbubnagar,1326,Mahaboobnagar,8,Ragi,8,Common,0.0,4.0,3394.0,3394.0,3394.0,0.0,0.0
2025-01-07 00:00:00+05:30,238,Jangoan,1169,Jangaon,1,Paddy,256,Grade-A (RNR),0.0,7.8,2088.0,2088.0,2088.0,0.0,0.0
2025-01-07 00:00:00+05:30,278,Suryapet,1091,Suryapet,1,Paddy,247,Grade-A (Samba Masuri),0.0,702.0,2015.0,2346.0,2289.0,0.0,0.0
2025-01-07 00:00:00+05:30,212,Choppadandi,1123,Choppadandi,1,Paddy,241,Grade-A (Jai Sri Ram),0.0,10.0,2602.0,2709.0,2709.0,0.0,0.0
2025-01-07 00:00:00+05:30,219,Jagtial,1125,Jagtial,1,Paddy,270,Grade-A (1010),0.0,29.0,1750.0,1900.0,1750.0,0.0,0.0
2025-01-06 00:00:00+05:30,302,Gadwal,1328,Gadwal,30,Groundnut pods,30,Common,0.0,1099.0,3416.0,6751.0,5169.0,0.0,0.0
2025-01-06 00:00:00+05:30,312,Wanaparthy Town,1344,W.P.Town,30,Groundnut pods,30,Common,0.0,3648.0,4642.0,7099.0,6399.0,0.0,0.0
2025-01-06 00:00:00+05:30,309,Narayanpet,1342,Narayanpet,15,Red Gram,233,White,0.0,276.36,6909.0,8525.0,8456.0,0.0,0.0
2025-01-07 00:00:00+05:30,325,Hyderabad,7,Meeralamandi,111,Brinjal,111,Common,0.0,3.0,1500.0,1500.0,1500.0,0.0,0.0
2025-01-07 00:00:00+05:30,324,Bowenpally,3,Bowenpally,103,Carrot,103,Common,0.0,2630.0,500.0,3000.0,2400.0,0.0,0.0
2025-01-07 00:00:00+05:30,323,Gaddiannaram,2,L.B Nagar,106,ColaCasio(Arvi),106,Common,0.0,7.0,4000.0,4500.0,4200.0,0.0,0.0
2025-01-07 00:00:00+05:30,323,Gaddiannaram,1,Gaddiannaram,77,Mosambi,77,Common,0.0,421.0,900.0,2600.0,1000.0,0.0,0.0
2025-01-06 00:00:00+05:30,367,Gudimalkapur,1571,Gudumalkapur,103,Carrot,103,Common,0.0,230.0,1000.0,3000.0,1800.0,0.0,0.0
2025-01-06 00:00:00+05:30,310,Shadnagar,1330,Shadnagar,15,Red Gram,15,Common,0.0,1117.0,6560.0,7379.0,7089.0,0.0,0.0
2025-01-06 00:00:00+05:30,292,Zaheerabad,1198,Zaheerabad,14,Bengal Gram,14,Common,0.0,0.5,4747.0,4747.0,4747.0,0.0,0.0
2025-01-06 00:00:00+05:30,306,Mahbubnagar,1326,Mahaboobnagar,8,Ragi,8,Common,0.0,8.0,3412.0,4312.0,3412.0,0.0,0.0
2025-01-06 00:00:00+05:30,282,Dubbaka,1215,Dubbak,25,Cotton,25,Common,0.0,70.0,7121.0,7121.0,7121.0,0.0,0.0
2025-01-06 00:00:00+05:30,278,Suryapet,1091,Suryapet,1,Paddy,247,Grade-A (Samba Masuri),0.0,762.0,1515.0,2439.0,2311.0,0.0,0.0
2025-01-06 00:00:00+05:30,212,Choppadandi,1123,Choppadandi,1,Paddy,241,Grade-A (Jai Sri Ram),0.0,16.0,2772.0,2772.0,2772.0,0.0,0.0
2025-01-06 00:00:00+05:30,256,Khammam,1067,Khammam,15,Red Gram,15,Common,0.0,5.0,6725.0,6725.0,6725.0,0.0,0.0
2025-01-06 00:00:00+05:30,221,Jammikunta,36,Jammikunta,25,Cotton,25,Common,0.0,302.0,6600.0,7200.0,7100.0,0.0,0.0
2025-01-06 00:00:00+05:30,188,Bhainsa,11,Bhainsa,15,Red Gram,15,Common,0.0,34.46,5699.0,7400.0,7036.0,0.0,0.0
2025-01-06 00:00:00+05:30,279,Thirumalagiri,9,Tirmalagiri,1,Paddy,247,Grade-A (Samba Masuri),0.0,138.0,1830.0,2314.0,2082.0,0.0,0.0
2025-01-06 00:00:00+05:30,325,Hyderabad,7,Meeralamandi,111,Brinjal,111,Common,0.0,4.0,1000.0,1500.0,1250.0,0.0,0.0
2025-01-05 00:00:00+05:30,329,Navabpet(MBNR),1483,Navabpet,15,Red Gram,15,Common,0.0,270.0,6868.0,7626.0,7490.0,0.0,0.0
2025-01-05 00:00:00+05:30,312,Wanaparthy Town,1344,W.P.Town,30,Groundnut pods,30,Common,0.0,2095.0,5009.0,7099.0,6199.0,0.0,0.0
2025-01-06 00:00:00+05:30,323,Gaddiannaram,2,L.B Nagar,106,ColaCasio(Arvi),106,Common,0.0,7.0,4000.0,4500.0,4200.0,0.0,0.0
2025-01-06 00:00:00+05:30,324,Bowenpally,3,Bowenpally,103,Carrot,103,Common,0.0,2455.0,500.0,3000.0,2400.0,0.0,0.0
2025-01-05 00:00:00+05:30,367,Gudimalkapur,1571,Gudumalkapur,103,Carrot,103,Common,0.0,336.0,1000.0,3000.0,1800.0,0.0,0.0
2025-01-06 00:00:00+05:30,323,Gaddiannaram,1,Gaddiannaram,77,Mosambi,77,Common,0.0,897.0,700.0,2500.0,1100.0,0.0,0.0
2025-01-05 00:00:00+05:30,325,Hyderabad,7,Meeralamandi,111,Brinjal,111,Common,0.0,3.0,1500.0,1500.0,1500.0,0.0,0.0
2025-01-05 00:00:00+05:30,323,Gaddiannaram,1,Gaddiannaram,77,Mosambi,77,Common,0.0,130.0,800.0,2300.0,1050.0,0.0,0.0
2025-01-04 00:00:00+05:30,312,Wanaparthy Town,1344,W.P.Town,30,Groundnut pods,30,Common,0.0,2506.0,4989.0,7206.0,6299.0,0.0,0.0
2025-01-05 00:00:00+05:30,323,Gaddiannaram,2,L.B Nagar,106,ColaCasio(Arvi),106,Common,0.0,5.0,3000.0,3500.0,3200.0,0.0,0.0
2025-01-05 00:00:00+05:30,324,Bowenpally,3,Bowenpally,103,Carrot,103,Common,0.0,2879.0,500.0,3000.0,2200.0,0.0,0.0
2025-01-04 00:00:00+05:30,367,Gudimalkapur,1571,Gudumalkapur,103,Carrot,103,Common,0.0,264.0,500.0,3000.0,1800.0,0.0,0.0
2025-01-04 00:00:00+05:30,302,Gadwal,1328,Gadwal,30,Groundnut pods,30,Common,0.0,1050.0,3386.0,6729.0,4932.0,0.0,0.0
2025-01-04 00:00:00+05:30,309,Narayanpet,1342,Narayanpet,15,Red Gram,233,White,0.0,220.5,6350.0,8609.0,8460.0,0.0,0.0
2025-01-04 00:00:00+05:30,325,Hyderabad,7,Meeralamandi,111,Brinjal,111,Common,0.0,4.0,1200.0,1500.0,1350.0,0.0,0.0
2025-01-03 00:00:00+05:30,312,Wanaparthy Town,1344,W.P.Town,30,Groundnut pods,30,Common,0.0,3792.0,4891.0,7090.0,6269.0,0.0,0.0
2025-01-03 00:00:00+05:30,309,Narayanpet,1342,Narayanpet,15,Red Gram,233,White,0.0,455.21,6000.0,8721.0,8629.0,0.0,0.0
2025-01-04 00:00:00+05:30,279,Thirumalagiri,9,Tirmalagiri,1,Paddy,247,Grade-A (Samba Masuri),0.0,172.0,1930.0,2345.0,2286.0,0.0,0.0
2025-01-04 00:00:00+05:30,323,Gaddiannaram,2,L.B Nagar,106,ColaCasio(Arvi),106,Common,0.0,5.0,3000.0,3500.0,3200.0,0.0,0.0
2025-01-04 00:00:00+05:30,188,Bhainsa,11,Bhainsa,15,Red Gram,15,Common,0.0,29.0,5589.0,7267.0,6902.0,0.0,0.0
2025-01-04 00:00:00+05:30,212,Choppadandi,1123,Choppadandi,1,Paddy,241,Grade-A (Jai Sri Ram),0.0,32.0,3200.0,3200.0,3200.0,0.0,0.0
2025-01-04 00:00:00+05:30,278,Suryapet,1091,Suryapet,1,Paddy,247,Grade-A (Samba Masuri),0.0,530.0,1943.0,2489.0,2023.0,0.0,0.0
2025-01-04 00:00:00+05:30,324,Bowenpally,3,Bowenpally,103,Carrot,103,Common,0.0,2377.0,500.0,2800.0,2500.0,0.0,0.0
2025-01-04 00:00:00+05:30,323,Gaddiannaram,1,Gaddiannaram,77,Mosambi,77,Common,0.0,751.0,800.0,2300.0,1050.0,0.0,0.0
2025-01-03 00:00:00+05:30,367,Gudimalkapur,1571,Gudumalkapur,103,Carrot,103,Common,0.0,243.0,1000.0,3000.0,2000.0,0.0,0.0
2025-01-03 00:00:00+05:30,302,Gadwal,1328,Gadwal,30,Groundnut pods,30,Common,0.0,836.0,3069.0,6647.0,5189.0,0.0,0.0
2025-01-03 00:00:00+05:30,310,Shadnagar,1330,Shadnagar,15,Red Gram,15,Common,0.0,90.0,7250.0,7579.0,7350.0,0.0,0.0
2025-01-03 00:00:00+05:30,221,Jammikunta,36,Jammikunta,25,Cotton,25,Common,0.0,170.0,6500.0,7050.0,6950.0,0.0,0.0
2025-01-03 00:00:00+05:30,188,Bhainsa,11,Bhainsa,15,Red Gram,15,Common,0.0,12.84,5513.0,6253.0,6253.0,0.0,0.0
2025-01-03 00:00:00+05:30,279,Thirumalagiri,9,Tirmalagiri,1,Paddy,247,Grade-A (Samba Masuri),0.0,314.0,1812.0,2364.0,2132.0,0.0,0.0
2025-01-03 00:00:00+05:30,325,Hyderabad,7,Meeralamandi,111,Brinjal,111,Common,0.0,5.0,1000.0,1200.0,1100.0,0.0,0.0
2025-01-03 00:00:00+05:30,278,Suryapet,1091,Suryapet,1,Paddy,247,Grade-A (Samba Masuri),0.0,862.0,1783.0,2469.0,2174.0,0.0,0.0
2025-01-03 00:00:00+05:30,212,Choppadandi,1123,Choppadandi,1,Paddy,241,Grade-A (Jai Sri Ram),0.0,2.0,2403.0,2403.0,2403.0,0.0,0.0
2025-01-03 00:00:00+05:30,239,Kesamudram,1168,Kesamudram,5,Maize,5,Common,0.0,1.0,1955.0,1955.0,1955.0,0.0,0.0
2025-01-03 00:00:00+05:30,219,Jagtial,1125,Jagtial,1,Paddy,270,Grade-A (1010),0.0,1.0,1800.0,1800.0,1800.0,0.0,0.0
2025-01-02 00:00:00+05:30,329,Navabpet(MBNR),1483,Navabpet,15,Red Gram,15,Common,0.0,12.0,7626.0,7661.0,7661.0,0.0,0.0
2025-01-03 00:00:00+05:30,324,Bowenpally,3,Bowenpally,103,Carrot,103,Common,0.0,2418.0,500.0,2500.0,2000.0,0.0,0.0
2025-01-03 00:00:00+05:30,323,Gaddiannaram,2,L.B Nagar,106,ColaCasio(Arvi),106,Common,0.0,2.0,4000.0,4000.0,4000.0,0.0,0.0
2025-01-03 00:00:00+05:30,323,Gaddiannaram,1,Gaddiannaram,77,Mosambi,77,Common,0.0,625.0,800.0,2500.0,1000.0,0.0,0.0
2025-01-02 00:00:00+05:30,367,Gudimalkapur,1571,Gudumalkapur,103,Carrot,103,Common,0.0,277.0,600.0,3000.0,2000.0,0.0,0.0
2025-01-02 00:00:00+05:30,302,Gadwal,1328,Gadwal,30,Groundnut pods,30,Common,0.0,1164.0,3269.0,6589.0,5311.0,0.0,0.0
2025-01-02 00:00:00+05:30,312,Wanaparthy Town,1344,W.P.Town,30,Groundnut pods,30,Common,0.0,3937.0,4900.0,7166.0,6270.0,0.0,0.0
2025-01-02 00:00:00+05:30,309,Narayanpet,1342,Narayanpet,15,Red Gram,233,White,0.0,393.01,7500.0,8960.0,8850.0,0.0,0.0
2025-01-02 00:00:00+05:30,221,Jammikunta,36,Jammikunta,25,Cotton,25,Common,0.0,131.0,6200.0,7000.0,6700.0,0.0,0.0
2025-01-02 00:00:00+05:30,278,Suryapet,1091,Suryapet,1,Paddy,247,Grade-A (Samba Masuri),0.0,761.0,1873.0,2459.0,2166.0,0.0,0.0
2025-01-02 00:00:00+05:30,219,Jagtial,1125,Jagtial,1,Paddy,270,Grade-A (1010),0.0,9.0,1800.0,1900.0,1800.0,0.0,0.0
2025-01-02 00:00:00+05:30,325,Hyderabad,7,Meeralamandi,111,Brinjal,111,Common,0.0,4.0,1000.0,1200.0,1100.0,0.0,0.0
2025-01-02 00:00:00+05:30,279,Thirumalagiri,9,Tirmalagiri,1,Paddy,247,Grade-A (Samba Masuri),0.0,141.0,2001.0,2311.0,2285.0,0.0,0.0
2025-01-02 00:00:00+05:30,188,Bhainsa,11,Bhainsa,15,Red Gram,15,Common,0.0,32.29,5778.0,7337.0,7056.0,0.0,0.0
2025-01-02 00:00:00+05:30,324,Bowenpally,3,Bowenpally,103,Carrot,103,Common,0.0,2440.0,500.0,3000.0,2200.0,0.0,0.0
2025-01-02 00:00:00+05:30,323,Gaddiannaram,2,L.B Nagar,106,ColaCasio(Arvi),106,Common,0.0,3.0,4000.0,4500.0,4200.0,0.0,0.0
2025-01-02 00:00:00+05:30,323,Gaddiannaram,1,Gaddiannaram,77,Mosambi,77,Common,0.0,504.0,800.0,2100.0,1000.0,0.0,0.0
2025-01-01 00:00:00+05:30,325,Hyderabad,7,Meeralamandi,111,Brinjal,111,Common,0.0,5.0,1000.0,1000.0,1000.0,0.0,0.0
2025-01-01 00:00:00+05:30,323,Gaddiannaram,1,Gaddiannaram,77,Mosambi,77,Common,0.0,160.0,700.0,1300.0,800.0,0.0,0.0
2025-01-31 00:00:00+05:30,367,Gudimalkapur,1571,Gudumalkapur,103,Carrot,103,Common,0.0,361.0,500.0,1200.0,800.0,0.0,0.0
2025-01-31 00:00:00+05:30,302,Gadwal,1328,Gadwal,30,Groundnut pods,30,Common,0.0,1324.0,2929.0,5839.0,4839.0,0.0,0.0
2025-01-31 00:00:00+05:30,312,Wanaparthy Town,1344,W.P.Town,30,Groundnut pods,30,Common,0.0,2332.0,3126.0,6306.0,5190.0,0.0,0.0
2025-01-31 00:00:00+05:30,306,Mahbubnagar,1326,Mahaboobnagar,8,Ragi,8,Common,0.0,23.0,3912.0,4256.0,4141.0,0.0,0.0
2025-01-31 00:00:00+05:30,309,Narayanpet,1342,Narayanpet,15,Red Gram,233,White,0.0,62.72,6000.0,7869.0,7750.0,0.0,0.0
2025-01-31 00:00:00+05:30,188,Bhainsa,11,Bhainsa,15,Red Gram,15,Common,0.0,491.73,4167.0,7269.0,7236.0,0.0,0.0
2025-01-31 00:00:00+05:30,221,Jammikunta,36,Jammikunta,25,Cotton,25,Common,0.0,342.0,6800.0,7150.0,7100.0,0.0,0.0
2025-01-31 00:00:00+05:30,278,Suryapet,1091,Suryapet,1,Paddy,247,Grade-A (Samba Masuri),0.0,928.0,1439.0,2489.0,2439.0,0.0,0.0
2025-01-31 00:00:00+05:30,212,Choppadandi,1123,Choppadandi,1,Paddy,241,Grade-A (Jai Sri Ram),0.0,18.0,2601.0,3204.0,3204.0,0.0,0.0
2025-01-31 00:00:00+05:30,325,Hyderabad,7,Meeralamandi,111,Brinjal,111,Common,0.0,4.0,1200.0,1500.0,1350.0,0.0,0.0
2025-01-30 00:00:00+05:30,329,Navabpet(MBNR),1483,Navabpet,15,Red Gram,15,Common,0.0,11.0,6126.0,6638.0,6326.0,0.0,0.0
2025-01-31 00:00:00+05:30,279,Thirumalagiri,9,Tirmalagiri,1,Paddy,247,Grade-A (Samba Masuri),0.0,115.0,2306.0,2461.0,2381.0,0.0,0.0
2025-01-30 00:00:00+05:30,312,Wanaparthy Town,1344,W.P.Town,30,Groundnut pods,30,Common,0.0,3796.0,3402.0,6166.0,5109.0,0.0,0.0
2025-01-30 00:00:00+05:30,309,Narayanpet,1342,Narayanpet,15,Red Gram,233,White,0.0,147.49,6155.0,8040.0,6812.0,0.0,0.0
2025-01-31 00:00:00+05:30,325,Hyderabad,6,Madannapeta,106,ColaCasio(Arvi),106,Common,0.0,1.0,4000.0,4000.0,4000.0,0.0,0.0
2025-01-31 00:00:00+05:30,324,Bowenpally,3,Bowenpally,103,Carrot,103,Common,0.0,3328.0,400.0,1500.0,1100.0,0.0,0.0
2025-01-31 00:00:00+05:30,323,Gaddiannaram,1,Gaddiannaram,77,Mosambi,77,Common,0.0,855.0,1200.0,3300.0,1500.0,0.0,0.0
2025-01-31 00:00:00+05:30,323,Gaddiannaram,2,L.B Nagar,106,ColaCasio(Arvi),106,Common,0.0,20.0,3500.0,4000.0,3700.0,0.0,0.0
2025-01-30 00:00:00+05:30,302,Gadwal,1328,Gadwal,30,Groundnut pods,30,Common,0.0,1618.0,2019.0,6000.0,5469.0,0.0,0.0
2025-01-30 00:00:00+05:30,367,Gudimalkapur,1571,Gudumalkapur,103,Carrot,103,Common,0.0,481.0,500.0,1400.0,1000.0,0.0,0.0
2025-01-30 00:00:00+05:30,188,Bhainsa,11,Bhainsa,15,Red Gram,15,Common,0.0,563.61,4041.0,7287.0,7186.0,0.0,0.0
2025-01-30 00:00:00+05:30,221,Jammikunta,36,Jammikunta,25,Cotton,25,Common,0.0,284.0,6900.0,7150.0,7000.0,0.0,0.0
2025-01-30 00:00:00+05:30,320,Tandur,37,Tandur,14,Bengal Gram,14,Common,0.0,16.0,5750.0,5750.0,5750.0,0.0,0.0
2025-01-30 00:00:00+05:30,278,Suryapet,1091,Suryapet,1,Paddy,247,Grade-A (Samba Masuri),0.0,965.0,1602.0,2509.0,2236.0,0.0,0.0
2025-01-30 00:00:00+05:30,292,Zaheerabad,1198,Zaheerabad,14,Bengal Gram,14,Common,0.0,0.5,3535.0,3535.0,3535.0,0.0,0.0
2025-01-30 00:00:00+05:30,325,Hyderabad,7,Meeralamandi,111,Brinjal,111,Common,0.0,4.0,2000.0,2000.0,2000.0,0.0,0.0
2025-01-30 00:00:00+05:30,279,Thirumalagiri,9,Tirmalagiri,1,Paddy,247,Grade-A (Samba Masuri),0.0,99.0,2270.0,2453.0,2340.0,0.0,0.0
2025-01-30 00:00:00+05:30,324,Bowenpally,3,Bowenpally,103,Carrot,103,Common,0.0,3524.0,500.0,1600.0,1300.0,0.0,0.0
2025-01-30 00:00:00+05:30,323,Gaddiannaram,2,L.B Nagar,106,ColaCasio(Arvi),106,Common,0.0,13.0,3000.0,4000.0,3500.0,0.0,0.0
2025-01-30 00:00:00+05:30,323,Gaddiannaram,1,Gaddiannaram,77,Mosambi,77,Common,0.0,650.0,900.0,3000.0,1100.0,0.0,0.0
2025-01-29 00:00:00+05:30,323,Gaddiannaram,1,Gaddiannaram,77,Mosambi,77,Common,0.0,510.0,900.0,2700.0,1200.0,0.0,0.0
2025-01-29 00:00:00+05:30,325,Hyderabad,7,Meeralamandi,111,Brinjal,111,Common,0.0,6.0,1500.0,2000.0,1750.0,0.0,0.0
2025-01-28 00:00:00+05:30,367,Gudimalkapur,1571,Gudumalkapur,103,Carrot,103,Common,0.0,462.0,500.0,2000.0,1200.0,0.0,0.0
2025-01-28 00:00:00+05:30,309,Narayanpet,1342,Narayanpet,15,Red Gram,233,White,0.0,110.74,6510.0,8012.0,7800.0,0.0,0.0
2025-01-28 00:00:00+05:30,302,Gadwal,1328,Gadwal,30,Groundnut pods,30,Common,0.0,1221.0,2019.0,6160.0,4319.0,0.0,0.0
2025-01-28 00:00:00+05:30,306,Mahbubnagar,1326,Mahaboobnagar,8,Ragi,8,Common,0.0,33.0,3699.0,4252.0,3699.0,0.0,0.0
2025-01-27 00:00:00+05:30,329,Navabpet(MBNR),1483,Navabpet,15,Red Gram,15,Common,0.0,87.0,6410.0,6006.0,7126.0,0.0,0.0
2025-01-28 00:00:00+05:30,279,Thirumalagiri,9,Tirmalagiri,1,Paddy,247,Grade-A (Samba Masuri),0.0,58.0,2162.0,2359.0,2294.0,0.0,0.0
2025-01-28 00:00:00+05:30,221,Jammikunta,36,Jammikunta,25,Cotton,25,Common,0.0,213.0,6700.0,7100.0,7000.0,0.0,0.0
2025-01-28 00:00:00+05:30,212,Choppadandi,1123,Choppadandi,1,Paddy,241,Grade-A (Jai Sri Ram),0.0,24.0,2642.0,2642.0,2642.0,0.0,0.0
2025-01-28 00:00:00+05:30,325,Hyderabad,6,Madannapeta,106,ColaCasio(Arvi),106,Common,0.0,1.0,4000.0,4000.0,4000.0,0.0,0.0
2025-01-28 00:00:00+05:30,324,Bowenpally,3,Bowenpally,103,Carrot,103,Common,0.0,3009.0,500.0,2000.0,1600.0,0.0,0.0
2025-01-28 00:00:00+05:30,323,Gaddiannaram,2,L.B Nagar,106,ColaCasio(Arvi),106,Common,0.0,3.0,3000.0,4000.0,3500.0,0.0,0.0
2025-01-27 00:00:00+05:30,367,Gudimalkapur,1571,Gudumalkapur,103,Carrot,103,Common,0.0,344.0,1500.0,500.0,2500.0,0.0,0.0
2025-01-27 00:00:00+05:30,312,Wanaparthy Town,1344,W.P.Town,30,Groundnut pods,30,Common,0.0,4336.0,3204.0,6420.0,5199.0,0.0,0.0
2025-01-27 00:00:00+05:30,309,Narayanpet,1342,Narayanpet,15,Red Gram,233,White,0.0,147.98,6759.0,8109.0,7879.0,0.0,0.0
2025-01-28 00:00:00+05:30,323,Gaddiannaram,1,Gaddiannaram,77,Mosambi,77,Common,0.0,755.0,900.0,2600.0,1400.0,0.0,0.0
2025-01-27 00:00:00+05:30,188,Bhainsa,11,Bhainsa,15,Red Gram,15,Common,0.0,261.5,5636.0,7159.0,6889.0,0.0,0.0
2025-01-27 00:00:00+05:30,221,Jammikunta,36,Jammikunta,25,Cotton,25,Common,0.0,345.0,6800.0,7150.0,7050.0,0.0,0.0
2025-01-27 00:00:00+05:30,320,Tandur,37,Tandur,14,Bengal Gram,14,Common,0.0,8.0,6036.0,6039.0,6039.0,0.0,0.0
2025-01-27 00:00:00+05:30,212,Choppadandi,1123,Choppadandi,1,Paddy,241,Grade-A (Jai Sri Ram),0.0,21.0,2602.0,2611.0,2611.0,0.0,0.0
2025-01-27 00:00:00+05:30,256,Khammam,1067,Khammam,15,Red Gram,15,Common,0.0,6.0,6200.0,6300.0,6300.0,0.0,0.0
2025-01-27 00:00:00+05:30,292,Zaheerabad,1198,Zaheerabad,14,Bengal Gram,14,Common,0.0,2.5,5851.0,5851.0,5851.0,0.0,0.0
2025-01-27 00:00:00+05:30,289,Sadasivpet,1200,Sadasivapet,6,Jowar,232,Yellow,0.0,1.0,3333.0,3333.0,3333.0,0.0,0.0
2025-01-27 00:00:00+05:30,306,Mahbubnagar,1326,Mahaboobnagar,8,Ragi,8,Common,0.0,10.0,4241.0,4241.0,4241.0,0.0,0.0
2025-01-27 00:00:00+05:30,302,Gadwal,1328,Gadwal,30,Groundnut pods,30,Common,0.0,1532.0,2500.0,6389.0,5499.0,0.0,0.0
2025-01-27 00:00:00+05:30,325,Hyderabad,6,Madannapeta,106,ColaCasio(Arvi),106,Common,0.0,3.0,3500.0,3500.0,3500.0,0.0,0.0
2025-01-27 00:00:00+05:30,325,Hyderabad,7,Meeralamandi,111,Brinjal,111,Common,0.0,5.0,2000.0,2000.0,2000.0,0.0,0.0
2025-01-27 00:00:00+05:30,279,Thirumalagiri,9,Tirmalagiri,1,Paddy,247,Grade-A (Samba Masuri),0.0,24.0,2439.0,2439.0,2439.0,0.0,0.0
2025-01-25 00:00:00+05:30,312,Wanaparthy Town,1344,W.P.Town,30,Groundnut pods,30,Common,0.0,2395.0,3299.0,6166.0,5084.0,0.0,0.0
2025-01-27 00:00:00+05:30,323,Gaddiannaram,2,L.B Nagar,106,ColaCasio(Arvi),106,Common,0.0,3.0,3000.0,4000.0,3500.0,0.0,0.0
2025-01-27 00:00:00+05:30,323,Gaddiannaram,1,Gaddiannaram,77,Mosambi,77,Common,0.0,1125.0,1200.0,2400.0,1350.0,0.0,0.0
2025-01-26 00:00:00+05:30,367,Gudimalkapur,1571,Gudumalkapur,103,Carrot,103,Common,0.0,348.0,500.0,2000.0,1500.0,0.0,0.0
2025-01-26 00:00:00+05:30,325,Hyderabad,6,Madannapeta,106,ColaCasio(Arvi),106,Common,0.0,2.0,4000.0,4000.0,4000.0,0.0,0.0
2025-01-26 00:00:00+05:30,324,Bowenpally,3,Bowenpally,103,Carrot,103,Common,0.0,2932.0,500.0,1800.0,1500.0,0.0,0.0
2025-01-26 00:00:00+05:30,323,Gaddiannaram,2,L.B Nagar,106,ColaCasio(Arvi),106,Common,0.0,8.0,3000.0,4000.0,3500.0,0.0,0.0
2025-01-25 00:00:00+05:30,306,Mahbubnagar,1326,Mahaboobnagar,8,Ragi,8,Common,0.0,31.0,3729.0,4289.0,4289.0,0.0,0.0
2025-01-25 00:00:00+05:30,309,Narayanpet,1342,Narayanpet,15,Red Gram,233,White,0.0,94.57,7000.0,8359.0,7900.0,0.0,0.0
2025-01-25 00:00:00+05:30,302,Gadwal,1328,Gadwal,30,Groundnut pods,30,Common,0.0,1143.0,2459.0,6699.0,5299.0,0.0,0.0
2025-01-25 00:00:00+05:30,367,Gudimalkapur,1571,Gudumalkapur,103,Carrot,103,Common,0.0,285.0,800.0,2000.0,1500.0,0.0,0.0
2025-01-25 00:00:00+05:30,188,Bhainsa,11,Bhainsa,15,Red Gram,15,Common,0.0,276.5,3333.0,7311.0,7245.0,0.0,0.0
2025-01-25 00:00:00+05:30,325,Hyderabad,7,Meeralamandi,111,Brinjal,111,Common,0.0,5.0,1500.0,2000.0,1750.0,0.0,0.0
2025-01-25 00:00:00+05:30,279,Thirumalagiri,9,Tirmalagiri,1,Paddy,247,Grade-A (Samba Masuri),0.0,21.0,2322.0,2421.0,2331.0,0.0,0.0
2025-01-01 00:00:00+05:30,323,Gaddiannaram,1,Gaddiannaram,79,Orange,79,Common,0.0,830.0,500.0,4000.0,2250.0,0.0,0.0
2025-01-01 00:00:00+05:30,325,Hyderabad,7,Meeralamandi,112,Ladys Finger,112,Common,0.0,4.0,3000.0,4000.0,3500.0,0.0,0.0
2025-01-02 00:00:00+05:30,323,Gaddiannaram,1,Gaddiannaram,79,Orange,79,Common,0.0,1722.0,500.0,3850.0,2100.0,0.0,0.0
2025-01-02 00:00:00+05:30,324,Bowenpally,3,Bowenpally,105,Potato,105,Common,0.0,4645.0,800.0,2300.0,1800.0,0.0,0.0
2025-01-02 00:00:00+05:30,325,Hyderabad,7,Meeralamandi,112,Ladys Finger,112,Common,0.0,2.0,3000.0,4000.0,3500.0,0.0,0.0
2025-01-02 00:00:00+05:30,325,Hyderabad,5,Mahabubmansion,54,Chillies(Dry),306,273,0.0,104.0,9000.0,11000.0,10000.0,0.0,0.0
2025-01-02 00:00:00+05:30,325,Hyderabad,6,Madannapeta,111,Brinjal,111,Common,0.0,10.0,1000.0,1000.0,1000.0,0.0,0.0
2025-01-02 00:00:00+05:30,217,Husnabad,1127,Husnabad,25,Cotton,25,Common,0.0,300.0,7121.0,7521.0,7421.0,0.0,0.0
2025-01-02 00:00:00+05:30,320,Tandur,37,Tandur,15,Red Gram,15,Common,0.0,2135.0,7551.0,8789.0,7902.0,0.0,0.0
2025-01-02 00:00:00+05:30,256,Khammam,1067,Khammam,16,Green Gram,16,Common,0.0,5.0,6498.0,6498.0,6498.0,0.0,0.0
2025-01-02 00:00:00+05:30,300,Badepally,1327,Badepally,8,Ragi,8,Common,0.0,10.0,2600.0,2600.0,2600.0,0.0,0.0
2025-01-02 00:00:00+05:30,309,Narayanpet,1342,Narayanpet,15,Red Gram,234,Red,0.0,1994.3,6029.0,8650.0,8630.0,0.0,0.0
2025-01-02 00:00:00+05:30,302,Gadwal,1328,Gadwal,31,Castor,31,Common,0.0,26.0,5319.0,5579.0,5569.0,0.0,0.0
2025-01-02 00:00:00+05:30,367,Gudimalkapur,1571,Gudumalkapur,105,Potato,105,Common,0.0,1764.0,400.0,2200.0,1500.0,0.0,0.0
2025-01-03 00:00:00+05:30,323,Gaddiannaram,1,Gaddiannaram,79,Orange,79,Common,0.0,822.0,850.0,4500.0,2500.0,0.0,0.0
2025-01-03 00:00:00+05:30,324,Bowenpally,3,Bowenpally,105,Potato,105,Common,0.0,4567.0,1000.0,2200.0,1700.0,0.0,0.0
2025-01-03 00:00:00+05:30,325,Hyderabad,5,Mahabubmansion,54,Chillies(Dry),306,273,0.0,81.0,9000.0,11000.0,10000.0,0.0,0.0
2025-01-03 00:00:00+05:30,325,Hyderabad,6,Madannapeta,111,Brinjal,111,Common,0.0,28.0,1000.0,1500.0,1250.0,0.0,0.0
2025-01-03 00:00:00+05:30,320,Tandur,37,Tandur,15,Red Gram,15,Common,0.0,1760.0,6500.0,8801.0,8427.0,0.0,0.0
2025-01-03 00:00:00+05:30,256,Khammam,1067,Khammam,16,Green Gram,16,Common,0.0,4.0,6750.0,6750.0,6750.0,0.0,0.0
2025-01-03 00:00:00+05:30,217,Husnabad,1127,Husnabad,25,Cotton,25,Common,0.0,210.0,7121.0,7521.0,7421.0,0.0,0.0
2025-01-03 00:00:00+05:30,367,Gudimalkapur,1571,Gudumalkapur,105,Potato,105,Common,0.0,1364.0,4000.0,2000.0,1500.0,0.0,0.0
2025-01-04 00:00:00+05:30,323,Gaddiannaram,1,Gaddiannaram,79,Orange,79,Common,0.0,1403.0,750.0,4500.0,2350.0,0.0,0.0
2025-01-04 00:00:00+05:30,324,Bowenpally,3,Bowenpally,105,Potato,105,Common,0.0,3226.0,800.0,2200.0,1800.0,0.0,0.0
2025-01-04 00:00:00+05:30,217,Husnabad,1127,Husnabad,25,Cotton,25,Common,0.0,11.0,7121.0,7521.0,7421.0,0.0,0.0
2025-01-04 00:00:00+05:30,292,Zaheerabad,1198,Zaheerabad,15,Red Gram,15,Common,0.0,644.5,6024.0,8255.0,7362.0,0.0,0.0
2025-01-04 00:00:00+05:30,300,Badepally,1327,Badepally,8,Ragi,8,Common,0.0,10.0,2433.0,2433.0,2433.0,0.0,0.0
2025-01-04 00:00:00+05:30,320,Tandur,37,Tandur,15,Red Gram,15,Common,0.0,1707.0,6500.0,8755.0,8300.0,0.0,0.0
2025-01-04 00:00:00+05:30,325,Hyderabad,5,Mahabubmansion,54,Chillies(Dry),306,273,0.0,51.0,9000.0,11000.0,10000.0,0.0,0.0
2025-01-03 00:00:00+05:30,309,Narayanpet,1342,Narayanpet,15,Red Gram,234,Red,0.0,2217.25,3000.0,8706.0,8671.0,0.0,0.0
2025-01-04 00:00:00+05:30,325,Hyderabad,7,Meeralamandi,112,Ladys Finger,112,Common,0.0,3.0,2500.0,3000.0,2750.0,0.0,0.0
2025-01-04 00:00:00+05:30,325,Hyderabad,6,Madannapeta,111,Brinjal,111,Common,0.0,38.0,1000.0,1500.0,1250.0,0.0,0.0
2025-01-04 00:00:00+05:30,309,Narayanpet,1342,Narayanpet,15,Red Gram,234,Red,0.0,1578.29,7209.0,8556.0,8120.0,0.0,0.0
2025-01-04 00:00:00+05:30,302,Gadwal,1328,Gadwal,31,Castor,31,Common,0.0,2.0,5457.0,5457.0,5457.0,0.0,0.0
2025-01-04 00:00:00+05:30,367,Gudimalkapur,1571,Gudumalkapur,105,Potato,105,Common,0.0,1697.0,400.0,2000.0,1500.0,0.0,0.0
2025-01-05 00:00:00+05:30,324,Bowenpally,3,Bowenpally,105,Potato,105,Common,0.0,3974.0,1000.0,2200.0,1800.0,0.0,0.0
2025-01-05 00:00:00+05:30,325,Hyderabad,6,Madannapeta,111,Brinjal,111,Common,0.0,20.0,1000.0,1500.0,1250.0,0.0,0.0
2025-01-05 00:00:00+05:30,323,Gaddiannaram,1,Gaddiannaram,79,Orange,79,Common,0.0,963.0,500.0,3000.0,1500.0,0.0,0.0
2025-01-05 00:00:00+05:30,325,Hyderabad,7,Meeralamandi,112,Ladys Finger,112,Common,0.0,2.0,3000.0,3000.0,3000.0,0.0,0.0
2025-01-06 00:00:00+05:30,323,Gaddiannaram,1,Gaddiannaram,79,Orange,79,Common,0.0,1370.0,750.0,4750.0,2250.0,0.0,0.0
2025-01-05 00:00:00+05:30,367,Gudimalkapur,1571,Gudumalkapur,105,Potato,105,Common,0.0,2414.0,400.0,2500.0,1600.0,0.0,0.0
2025-01-06 00:00:00+05:30,324,Bowenpally,3,Bowenpally,105,Potato,105,Common,0.0,5485.0,1000.0,2200.0,1800.0,0.0,0.0
2025-01-06 00:00:00+05:30,325,Hyderabad,5,Mahabubmansion,54,Chillies(Dry),306,273,0.0,148.0,9000.0,11000.0,10000.0,0.0,0.0
2025-01-06 00:00:00+05:30,325,Hyderabad,7,Meeralamandi,112,Ladys Finger,112,Common,0.0,3.0,2500.0,3000.0,2750.0,0.0,0.0
2025-01-06 00:00:00+05:30,325,Hyderabad,6,Madannapeta,111,Brinjal,111,Common,0.0,15.0,800.0,1500.0,1150.0,0.0,0.0
2025-01-06 00:00:00+05:30,320,Tandur,37,Tandur,15,Red Gram,15,Common,0.0,2210.0,6750.0,8631.0,7875.0,0.0,0.0
2025-01-05 00:00:00+05:30,217,Husnabad,1127,Husnabad,25,Cotton,25,Common,0.0,12.0,7121.0,7521.0,7421.0,0.0,0.0
2025-01-06 00:00:00+05:30,217,Husnabad,1127,Husnabad,25,Cotton,25,Common,0.0,10.0,7121.0,7521.0,7421.0,0.0,0.0
2025-01-06 00:00:00+05:30,300,Badepally,1327,Badepally,8,Ragi,8,Common,0.0,3.0,2473.0,2473.0,2473.0,0.0,0.0
2025-01-06 00:00:00+05:30,292,Zaheerabad,1198,Zaheerabad,15,Red Gram,15,Common,0.0,1051.5,6856.0,8515.0,7715.0,0.0,0.0
2025-01-06 00:00:00+05:30,239,Kesamudram,1168,Kesamudram,15,Red Gram,15,Common,0.0,2.0,6089.0,6089.0,6089.0,0.0,0.0
2025-01-06 00:00:00+05:30,367,Gudimalkapur,1571,Gudumalkapur,105,Potato,105,Common,0.0,1830.0,1200.0,2200.0,1500.0,0.0,0.0
2025-01-07 00:00:00+05:30,323,Gaddiannaram,1,Gaddiannaram,79,Orange,79,Common,0.0,762.0,750.0,5000.0,2500.0,0.0,0.0
2025-01-07 00:00:00+05:30,324,Bowenpally,3,Bowenpally,105,Potato,105,Common,0.0,5420.0,1000.0,2200.0,2000.0,0.0,0.0
2025-01-07 00:00:00+05:30,325,Hyderabad,7,Meeralamandi,112,Ladys Finger,112,Common,0.0,2.0,3500.0,3500.0,3500.0,0.0,0.0
2025-01-06 00:00:00+05:30,309,Narayanpet,1342,Narayanpet,15,Red Gram,234,Red,0.0,1745.38,6262.0,8288.0,7870.0,0.0,0.0
2025-01-06 00:00:00+05:30,302,Gadwal,1328,Gadwal,31,Castor,31,Common,0.0,2.0,5389.0,5525.0,5479.0,0.0,0.0
2025-01-07 00:00:00+05:30,325,Hyderabad,6,Madannapeta,111,Brinjal,111,Common,0.0,20.0,1000.0,1500.0,1250.0,0.0,0.0
2025-01-07 00:00:00+05:30,314,Marpally,45,Marpally,25,Cotton,25,Common,0.0,154.0,7000.0,7000.0,7000.0,0.0,0.0
2025-01-07 00:00:00+05:30,292,Zaheerabad,1198,Zaheerabad,15,Red Gram,15,Common,0.0,749.0,8015.0,8531.0,7315.0,0.0,0.0
2025-01-07 00:00:00+05:30,320,Tandur,37,Tandur,15,Red Gram,15,Common,0.0,1780.0,6750.0,8748.0,7875.0,0.0,0.0
2025-01-07 00:00:00+05:30,256,Khammam,1067,Khammam,16,Green Gram,16,Common,0.0,72.0,6325.0,6751.0,6325.0,0.0,0.0
2025-01-07 00:00:00+05:30,309,Narayanpet,1342,Narayanpet,15,Red Gram,234,Red,0.0,1663.55,7088.0,8407.0,7929.0,0.0,0.0
2025-01-07 00:00:00+05:30,296,Achampet,1337,Achampet,15,Red Gram,15,Common,0.0,8.0,6725.0,7122.0,7105.0,0.0,0.0
2025-01-07 00:00:00+05:30,302,Gadwal,1328,Gadwal,31,Castor,31,Common,0.0,8.0,5389.0,5529.0,5419.0,0.0,0.0
2025-01-07 00:00:00+05:30,367,Gudimalkapur,1571,Gudumalkapur,105,Potato,105,Common,0.0,1742.0,1000.0,2500.0,1500.0,0.0,0.0
2025-01-08 00:00:00+05:30,323,Gaddiannaram,1,Gaddiannaram,79,Orange,79,Common,0.0,691.0,1000.0,5500.0,2250.0,0.0,0.0
2025-01-08 00:00:00+05:30,324,Bowenpally,3,Bowenpally,105,Potato,105,Common,0.0,3965.0,1000.0,2200.0,1800.0,0.0,0.0
2025-01-08 00:00:00+05:30,325,Hyderabad,6,Madannapeta,111,Brinjal,111,Common,0.0,15.0,1200.0,1500.0,1350.0,0.0,0.0
2025-01-08 00:00:00+05:30,325,Hyderabad,5,Mahabubmansion,54,Chillies(Dry),306,273,0.0,51.0,9000.0,11000.0,10000.0,0.0,0.0
2025-01-08 00:00:00+05:30,219,Jagtial,1125,Jagtial,1,Paddy,273,Common (Tella Mallelu),0.0,32.0,2596.0,2596.0,2596.0,0.0,0.0
2025-01-08 00:00:00+05:30,292,Zaheerabad,1198,Zaheerabad,15,Red Gram,15,Common,0.0,820.5,6950.0,8109.0,7462.0,0.0,0.0
2025-01-08 00:00:00+05:30,320,Tandur,37,Tandur,15,Red Gram,15,Common,0.0,2400.0,6750.0,8748.0,7911.0,0.0,0.0
2025-01-08 00:00:00+05:30,256,Khammam,1067,Khammam,16,Green Gram,16,Common,0.0,13.0,6525.0,6700.0,6700.0,0.0,0.0
2025-01-08 00:00:00+05:30,278,Suryapet,1091,Suryapet,1,Paddy,256,Grade-A (RNR),0.0,6.0,1909.0,1909.0,1909.0,0.0,0.0
2025-01-08 00:00:00+05:30,296,Achampet,1337,Achampet,15,Red Gram,15,Common,0.0,27.0,6505.0,7121.0,6959.0,0.0,0.0
2025-01-08 00:00:00+05:30,367,Gudimalkapur,1571,Gudumalkapur,105,Potato,105,Common,0.0,1470.0,1000.0,1800.0,1400.0,0.0,0.0
2025-01-09 00:00:00+05:30,323,Gaddiannaram,1,Gaddiannaram,79,Orange,79,Common,0.0,427.0,600.0,5500.0,2500.0,0.0,0.0
2025-01-09 00:00:00+05:30,324,Bowenpally,3,Bowenpally,105,Potato,105,Common,0.0,3584.0,1000.0,2300.0,2000.0,0.0,0.0
2025-01-08 00:00:00+05:30,309,Narayanpet,1342,Narayanpet,15,Red Gram,234,Red,0.0,1442.07,7240.0,8471.0,8432.0,0.0,0.0
2025-01-08 00:00:00+05:30,301,Devarakadra,1352,Devarakadra,55,Onions,55,Common,0.0,72.0,2260.0,3510.0,2885.0,0.0,0.0
2025-01-09 00:00:00+05:30,325,Hyderabad,5,Mahabubmansion,54,Chillies(Dry),306,273,0.0,65.0,8000.0,10000.0,9000.0,0.0,0.0
2025-01-09 00:00:00+05:30,325,Hyderabad,6,Madannapeta,111,Brinjal,111,Common,0.0,30.0,1500.0,2000.0,1750.0,0.0,0.0
2025-01-09 00:00:00+05:30,239,Kesamudram,1168,Kesamudram,15,Red Gram,15,Common,0.0,6.0,7129.0,7219.0,7129.0,0.0,0.0
2025-01-09 00:00:00+05:30,292,Zaheerabad,1198,Zaheerabad,15,Red Gram,15,Common,0.0,659.0,7002.0,8262.0,7411.0,0.0,0.0
2025-01-09 00:00:00+05:30,320,Tandur,37,Tandur,15,Red Gram,15,Common,0.0,2208.0,6500.0,8775.0,7875.0,0.0,0.0
2025-01-09 00:00:00+05:30,256,Khammam,1067,Khammam,16,Green Gram,16,Common,0.0,72.0,6210.0,6600.0,6210.0,0.0,0.0
2025-01-09 00:00:00+05:30,325,Hyderabad,7,Meeralamandi,112,Ladys Finger,112,Common,0.0,3.0,2500.0,3000.0,2750.0,0.0,0.0
2025-01-09 00:00:00+05:30,367,Gudimalkapur,1571,Gudumalkapur,105,Potato,105,Common,0.0,1103.0,1000.0,1800.0,1400.0,0.0,0.0
2025-01-10 00:00:00+05:30,323,Gaddiannaram,1,Gaddiannaram,79,Orange,79,Common,0.0,589.0,750.0,5500.0,2000.0,0.0,0.0
2025-01-09 00:00:00+05:30,296,Achampet,1337,Achampet,15,Red Gram,15,Common,0.0,31.5,6229.0,7027.0,7027.0,0.0,0.0
2025-01-10 00:00:00+05:30,324,Bowenpally,3,Bowenpally,105,Potato,105,Common,0.0,3267.0,1000.0,2200.0,1800.0,0.0,0.0
2025-01-10 00:00:00+05:30,325,Hyderabad,6,Madannapeta,111,Brinjal,111,Common,0.0,30.0,1000.0,1500.0,1250.0,0.0,0.0
2025-01-10 00:00:00+05:30,325,Hyderabad,5,Mahabubmansion,54,Chillies(Dry),306,273,0.0,280.0,9000.0,1000.0,10000.0,0.0,0.0
2025-01-10 00:00:00+05:30,320,Tandur,37,Tandur,15,Red Gram,15,Common,0.0,1933.0,6525.0,8669.0,7425.0,0.0,0.0
2025-01-09 00:00:00+05:30,309,Narayanpet,1342,Narayanpet,15,Red Gram,234,Red,0.0,1102.99,6509.0,8408.0,8096.0,0.0,0.0
2025-01-10 00:00:00+05:30,292,Zaheerabad,1198,Zaheerabad,15,Red Gram,15,Common,0.0,991.5,6515.0,8121.0,7325.0,0.0,0.0
2025-01-10 00:00:00+05:30,217,Husnabad,1127,Husnabad,25,Cotton,25,Common,0.0,120.0,7121.0,7521.0,7421.0,0.0,0.0
2025-01-10 00:00:00+05:30,239,Kesamudram,1168,Kesamudram,15,Red Gram,15,Common,0.0,1.0,7089.0,7089.0,7089.0,0.0,0.0
2025-01-10 00:00:00+05:30,296,Achampet,1337,Achampet,15,Red Gram,15,Common,0.0,38.0,6534.0,7029.0,7018.0,0.0,0.0
2025-01-10 00:00:00+05:30,367,Gudimalkapur,1571,Gudumalkapur,105,Potato,105,Common,0.0,1046.0,1000.0,1600.0,1400.0,0.0,0.0
2025-01-11 00:00:00+05:30,323,Gaddiannaram,1,Gaddiannaram,79,Orange,79,Common,0.0,530.0,750.0,5500.0,2500.0,0.0,0.0
2025-01-11 00:00:00+05:30,324,Bowenpally,3,Bowenpally,105,Potato,105,Common,0.0,3212.0,1000.0,2200.0,1800.0,0.0,0.0
2025-01-10 00:00:00+05:30,309,Narayanpet,1342,Narayanpet,15,Red Gram,234,Red,0.0,955.99,7040.0,8353.0,7979.0,0.0,0.0
2025-01-11 00:00:00+05:30,325,Hyderabad,5,Mahabubmansion,54,Chillies(Dry),306,273,0.0,90.0,8000.0,10000.0,90000.0,0.0,0.0
2025-01-11 00:00:00+05:30,320,Tandur,37,Tandur,15,Red Gram,15,Common,0.0,1782.0,6789.0,8505.0,7425.0,0.0,0.0
2025-01-11 00:00:00+05:30,325,Hyderabad,7,Meeralamandi,112,Ladys Finger,112,Common,0.0,2.0,4000.0,4000.0,4000.0,0.0,0.0
2025-01-11 00:00:00+05:30,325,Hyderabad,6,Madannapeta,111,Brinjal,111,Common,0.0,39.0,1000.0,2000.0,1500.0,0.0,0.0
2025-01-11 00:00:00+05:30,367,Gudimalkapur,1571,Gudumalkapur,105,Potato,105,Common,0.0,1047.0,1000.0,1600.0,1400.0,0.0,0.0
2025-01-11 00:00:00+05:30,292,Zaheerabad,1198,Zaheerabad,15,Red Gram,15,Common,0.0,775.0,6868.0,7933.0,7288.0,0.0,0.0
2025-01-11 00:00:00+05:30,217,Husnabad,1127,Husnabad,25,Cotton,25,Common,0.0,180.0,7121.0,7521.0,7421.0,0.0,0.0
2025-01-12 00:00:00+05:30,324,Bowenpally,3,Bowenpally,105,Potato,105,Common,0.0,2436.0,1000.0,2200.0,1800.0,0.0,0.0
2025-01-12 00:00:00+05:30,323,Gaddiannaram,1,Gaddiannaram,79,Orange,79,Common,0.0,230.0,500.0,2500.0,1750.0,0.0,0.0
2025-01-12 00:00:00+05:30,325,Hyderabad,6,Madannapeta,111,Brinjal,111,Common,0.0,30.0,1000.0,1500.0,1250.0,0.0,0.0
2025-01-12 00:00:00+05:30,325,Hyderabad,7,Meeralamandi,112,Ladys Finger,112,Common,0.0,3.0,3000.0,3000.0,3000.0,0.0,0.0
2025-01-11 00:00:00+05:30,309,Narayanpet,1342,Narayanpet,15,Red Gram,234,Red,0.0,1022.14,6230.0,8303.0,8040.0,0.0,0.0
2025-01-12 00:00:00+05:30,192,Jainath,26,Jainath,25,Cotton,25,Common,0.0,213.5,7300.0,7300.0,7300.0,0.0,0.0
2025-01-12 00:00:00+05:30,367,Gudimalkapur,1571,Gudumalkapur,105,Potato,105,Common,0.0,1102.0,400.0,2600.0,1500.0,0.0,0.0
2025-01-13 00:00:00+05:30,323,Gaddiannaram,1,Gaddiannaram,79,Orange,79,Common,0.0,648.0,750.0,3500.0,2000.0,0.0,0.0
2025-01-12 00:00:00+05:30,217,Husnabad,1127,Husnabad,25,Cotton,25,Common,0.0,10.0,7121.0,7421.0,7200.0,0.0,0.0
2025-01-12 00:00:00+05:30,296,Achampet,1337,Achampet,15,Red Gram,15,Common,0.0,79.75,6200.0,7051.0,6859.0,0.0,0.0
2025-01-13 00:00:00+05:30,324,Bowenpally,3,Bowenpally,105,Potato,105,Common,0.0,2202.0,800.0,2400.0,2000.0,0.0,0.0
2025-01-13 00:00:00+05:30,325,Hyderabad,7,Meeralamandi,112,Ladys Finger,112,Common,0.0,2.0,3500.0,4000.0,3750.0,0.0,0.0
2025-01-13 00:00:00+05:30,325,Hyderabad,5,Mahabubmansion,54,Chillies(Dry),306,273,0.0,40.0,8000.0,10000.0,9000.0,0.0,0.0
2025-01-13 00:00:00+05:30,325,Hyderabad,6,Madannapeta,111,Brinjal,111,Common,0.0,35.0,1500.0,2000.0,1750.0,0.0,0.0
2025-01-12 00:00:00+05:30,329,Navabpet(MBNR),1483,Navabpet,18,Horse Gram,18,Common,0.0,3.0,7042.0,7509.0,7052.0,0.0,0.0
2025-01-13 00:00:00+05:30,367,Gudimalkapur,1571,Gudumalkapur,105,Potato,105,Common,0.0,774.0,1200.0,2500.0,1600.0,0.0,0.0
2025-01-14 00:00:00+05:30,324,Bowenpally,3,Bowenpally,105,Potato,105,Common,0.0,2416.0,800.0,2600.0,2300.0,0.0,0.0
2025-01-14 00:00:00+05:30,325,Hyderabad,6,Madannapeta,111,Brinjal,111,Common,0.0,15.0,1200.0,1500.0,1350.0,0.0,0.0
2025-01-14 00:00:00+05:30,323,Gaddiannaram,1,Gaddiannaram,79,Orange,79,Common,0.0,110.0,750.0,3500.0,2000.0,0.0,0.0
2025-01-14 00:00:00+05:30,367,Gudimalkapur,1571,Gudumalkapur,105,Potato,105,Common,0.0,739.0,400.0,1800.0,1400.0,0.0,0.0
2025-01-16 00:00:00+05:30,323,Gaddiannaram,1,Gaddiannaram,79,Orange,79,Common,0.0,40.0,500.0,3000.0,1250.0,0.0,0.0
2025-01-15 00:00:00+05:30,367,Gudimalkapur,1571,Gudumalkapur,105,Potato,105,Common,0.0,748.0,400.0,2400.0,1500.0,0.0,0.0
2025-01-15 00:00:00+05:30,323,Gaddiannaram,1,Gaddiannaram,79,Orange,79,Common,0.0,133.0,500.0,3500.0,1600.0,0.0,0.0
2025-01-15 00:00:00+05:30,324,Bowenpally,3,Bowenpally,105,Potato,105,Common,0.0,2161.0,600.0,2000.0,1600.0,0.0,0.0
2025-01-16 00:00:00+05:30,324,Bowenpally,3,Bowenpally,105,Potato,105,Common,0.0,2131.0,600.0,2000.0,1600.0,0.0,0.0
2025-01-16 00:00:00+05:30,325,Hyderabad,6,Madannapeta,111,Brinjal,111,Common,0.0,26.0,2000.0,3000.0,2500.0,0.0,0.0
2025-01-16 00:00:00+05:30,320,Tandur,37,Tandur,15,Red Gram,15,Common,0.0,3234.0,6525.0,8406.0,7875.0,0.0,0.0
2025-01-15 00:00:00+05:30,217,Husnabad,1127,Husnabad,25,Cotton,25,Common,0.0,10.0,6800.0,7200.0,7000.0,0.0,0.0
2025-01-16 00:00:00+05:30,325,Hyderabad,7,Meeralamandi,112,Ladys Finger,112,Common,0.0,2.0,4000.0,4000.0,4000.0,0.0,0.0
2025-01-16 00:00:00+05:30,325,Hyderabad,5,Mahabubmansion,54,Chillies(Dry),306,273,0.0,29.0,8000.0,1000.0,9000.0,0.0,0.0
2025-01-16 00:00:00+05:30,256,Khammam,1067,Khammam,16,Green Gram,16,Common,0.0,30.0,6575.0,6575.0,6575.0,0.0,0.0
2025-01-16 00:00:00+05:30,292,Zaheerabad,1198,Zaheerabad,15,Red Gram,15,Common,0.0,1054.0,6539.0,7801.0,7377.0,0.0,0.0
2025-01-16 00:00:00+05:30,239,Kesamudram,1168,Kesamudram,15,Red Gram,15,Common,0.0,2.0,7139.0,7139.0,7139.0,0.0,0.0
2025-01-16 00:00:00+05:30,217,Husnabad,1127,Husnabad,25,Cotton,25,Common,0.0,100.0,7121.0,7521.0,7421.0,0.0,0.0
2025-01-16 00:00:00+05:30,367,Gudimalkapur,1571,Gudumalkapur,105,Potato,105,Common,0.0,1185.0,1000.0,1800.0,1400.0,0.0,0.0
2025-01-16 00:00:00+05:30,309,Narayanpet,1342,Narayanpet,15,Red Gram,234,Red,0.0,870.24,6032.0,8006.0,7670.0,0.0,0.0
2025-01-16 00:00:00+05:30,296,Achampet,1337,Achampet,15,Red Gram,15,Common,0.0,19.0,6601.0,6825.0,6769.0,0.0,0.0
2025-01-16 00:00:00+05:30,302,Gadwal,1328,Gadwal,31,Castor,31,Common,0.0,27.0,4509.0,5521.0,5511.0,0.0,0.0
2025-01-17 00:00:00+05:30,323,Gaddiannaram,1,Gaddiannaram,79,Orange,79,Common,0.0,263.0,500.0,3000.0,1250.0,0.0,0.0
2025-01-17 00:00:00+05:30,324,Bowenpally,3,Bowenpally,105,Potato,105,Common,0.0,3986.0,1000.0,2200.0,1800.0,0.0,0.0
2025-01-17 00:00:00+05:30,325,Hyderabad,6,Madannapeta,111,Brinjal,111,Common,0.0,19.0,800.0,1000.0,900.0,0.0,0.0
2025-01-17 00:00:00+05:30,320,Tandur,37,Tandur,15,Red Gram,15,Common,0.0,2779.0,6525.0,8325.0,7965.0,0.0,0.0
2025-01-17 00:00:00+05:30,325,Hyderabad,5,Mahabubmansion,54,Chillies(Dry),306,273,0.0,90.0,8000.0,10000.0,9000.0,0.0,0.0
2025-01-17 00:00:00+05:30,292,Zaheerabad,1198,Zaheerabad,15,Red Gram,15,Common,0.0,1063.0,6815.0,7701.0,7300.0,0.0,0.0
2025-01-17 00:00:00+05:30,239,Kesamudram,1168,Kesamudram,15,Red Gram,15,Common,0.0,2.0,6969.0,6969.0,6969.0,0.0,0.0
2025-01-17 00:00:00+05:30,302,Gadwal,1328,Gadwal,31,Castor,31,Common,0.0,11.0,5461.0,5569.0,5569.0,0.0,0.0
2025-01-18 00:00:00+05:30,324,Bowenpally,3,Bowenpally,105,Potato,105,Common,0.0,3448.0,700.0,2100.0,1800.0,0.0,0.0
2025-01-17 00:00:00+05:30,296,Achampet,1337,Achampet,15,Red Gram,15,Common,0.0,29.0,6159.0,6755.0,6159.0,0.0,0.0
2025-01-17 00:00:00+05:30,309,Narayanpet,1342,Narayanpet,15,Red Gram,234,Red,0.0,1133.37,6750.0,8057.0,8051.0,0.0,0.0
2025-01-18 00:00:00+05:30,325,Hyderabad,5,Mahabubmansion,54,Chillies(Dry),306,273,0.0,92.0,8000.0,10000.0,9000.0,0.0,0.0
2025-01-18 00:00:00+05:30,320,Tandur,37,Tandur,15,Red Gram,15,Common,0.0,2639.0,6506.0,8325.0,7875.0,0.0,0.0
2025-01-18 00:00:00+05:30,325,Hyderabad,7,Meeralamandi,112,Ladys Finger,112,Common,0.0,3.0,2500.0,2500.0,2500.0,0.0,0.0
2025-01-18 00:00:00+05:30,325,Hyderabad,6,Madannapeta,111,Brinjal,111,Common,0.0,32.0,1200.0,2000.0,1500.0,0.0,0.0
2025-01-18 00:00:00+05:30,302,Gadwal,1328,Gadwal,31,Castor,31,Common,0.0,19.0,5109.0,5539.0,5301.0,0.0,0.0
2025-01-18 00:00:00+05:30,217,Husnabad,1127,Husnabad,25,Cotton,25,Common,0.0,180.0,7421.0,7521.0,7121.0,0.0,0.0
2025-01-18 00:00:00+05:30,292,Zaheerabad,1198,Zaheerabad,15,Red Gram,15,Common,0.0,1085.5,6010.0,7615.0,7450.0,0.0,0.0
2025-01-18 00:00:00+05:30,289,Sadasivpet,1200,Sadasivapet,14,Bengal Gram,14,Common,0.0,5.0,6129.0,6129.0,6129.0,0.0,0.0
2025-01-18 00:00:00+05:30,367,Gudimalkapur,1571,Gudumalkapur,105,Potato,105,Common,0.0,1532.0,1200.0,2000.0,1500.0,0.0,0.0
2025-01-18 00:00:00+05:30,309,Narayanpet,1342,Narayanpet,15,Red Gram,234,Red,0.0,948.15,6600.0,8108.0,8108.0,0.0,0.0
2025-01-19 00:00:00+05:30,323,Gaddiannaram,1,Gaddiannaram,79,Orange,79,Common,0.0,52.0,500.0,8250.0,1500.0,0.0,0.0
2025-01-19 00:00:00+05:30,324,Bowenpally,3,Bowenpally,105,Potato,105,Common,0.0,6151.0,1000.0,2500.0,2000.0,0.0,0.0
2025-01-19 00:00:00+05:30,325,Hyderabad,7,Meeralamandi,112,Ladys Finger,112,Common,0.0,5.0,2500.0,3000.0,2750.0,0.0,0.0
2025-01-19 00:00:00+05:30,325,Hyderabad,6,Madannapeta,111,Brinjal,111,Common,0.0,16.0,800.0,1200.0,1000.0,0.0,0.0
2025-01-19 00:00:00+05:30,367,Gudimalkapur,1571,Gudumalkapur,105,Potato,105,Common,0.0,1806.0,1200.0,2000.0,1500.0,0.0,0.0
2025-01-19 00:00:00+05:30,217,Husnabad,1127,Husnabad,25,Cotton,25,Common,0.0,1.0,7121.0,7521.0,7421.0,0.0,0.0
2025-01-19 00:00:00+05:30,296,Achampet,1337,Achampet,15,Red Gram,15,Common,0.0,29.0,5400.0,6725.0,6725.0,0.0,0.0
2025-01-19 00:00:00+05:30,329,Navabpet(MBNR),1483,Navabpet,18,Horse Gram,18,Common,0.0,2.0,5090.0,6552.0,5090.0,0.0,0.0
2025-01-20 00:00:00+05:30,323,Gaddiannaram,1,Gaddiannaram,79,Orange,79,Common,0.0,883.0,1000.0,7750.0,1500.0,0.0,0.0
2025-01-20 00:00:00+05:30,324,Bowenpally,3,Bowenpally,105,Potato,105,Common,0.0,4650.0,700.0,2000.0,1600.0,0.0,0.0
2025-01-20 00:00:00+05:30,325,Hyderabad,7,Meeralamandi,112,Ladys Finger,112,Common,0.0,2.0,3000.0,3000.0,3000.0,0.0,0.0
2025-01-20 00:00:00+05:30,325,Hyderabad,5,Mahabubmansion,54,Chillies(Dry),306,273,0.0,78.0,8000.0,10000.0,9000.0,0.0,0.0
2025-01-20 00:00:00+05:30,325,Hyderabad,6,Madannapeta,111,Brinjal,111,Common,0.0,35.0,1500.0,2000.0,1750.0,0.0,0.0
2025-01-20 00:00:00+05:30,256,Khammam,1067,Khammam,16,Green Gram,16,Common,0.0,63.0,6525.0,6700.0,6525.0,0.0,0.0
2025-01-20 00:00:00+05:30,320,Tandur,37,Tandur,15,Red Gram,15,Common,0.0,2197.0,6700.0,8280.0,7785.0,0.0,0.0
2025-01-20 00:00:00+05:30,239,Kesamudram,1168,Kesamudram,15,Red Gram,15,Common,0.0,6.0,5539.0,6869.0,6639.0,0.0,0.0
2025-01-20 00:00:00+05:30,217,Husnabad,1127,Husnabad,25,Cotton,25,Common,0.0,40.0,7121.0,7521.0,7421.0,0.0,0.0
2025-01-20 00:00:00+05:30,292,Zaheerabad,1198,Zaheerabad,15,Red Gram,15,Common,0.0,1169.0,6412.0,7714.0,7171.0,0.0,0.0
2025-01-20 00:00:00+05:30,309,Narayanpet,1342,Narayanpet,15,Red Gram,234,Red,0.0,1628.76,6570.0,8002.0,7450.0,0.0,0.0
2025-01-20 00:00:00+05:30,296,Achampet,1337,Achampet,15,Red Gram,15,Common,0.0,8.0,6355.0,6745.0,6625.0,0.0,0.0
2025-01-20 00:00:00+05:30,302,Gadwal,1328,Gadwal,31,Castor,31,Common,0.0,10.0,5319.0,5509.0,5459.0,0.0,0.0
2025-01-20 00:00:00+05:30,367,Gudimalkapur,1571,Gudumalkapur,105,Potato,105,Common,0.0,1894.0,400.0,2600.0,1400.0,0.0,0.0
2025-01-21 00:00:00+05:30,323,Gaddiannaram,1,Gaddiannaram,79,Orange,79,Common,0.0,818.0,1000.0,7000.0,2500.0,0.0,0.0
2025-01-21 00:00:00+05:30,324,Bowenpally,3,Bowenpally,105,Potato,105,Common,0.0,4781.0,500.0,2000.0,1600.0,0.0,0.0
2025-01-21 00:00:00+05:30,325,Hyderabad,6,Madannapeta,111,Brinjal,111,Common,0.0,20.0,800.0,1000.0,900.0,0.0,0.0
2025-01-21 00:00:00+05:30,325,Hyderabad,5,Mahabubmansion,54,Chillies(Dry),306,273,0.0,60.0,8000.0,10000.0,9000.0,0.0,0.0
2025-01-21 00:00:00+05:30,217,Husnabad,1127,Husnabad,25,Cotton,25,Common,0.0,10.0,7121.0,7521.0,7421.0,0.0,0.0
2025-01-21 00:00:00+05:30,239,Kesamudram,1168,Kesamudram,15,Red Gram,15,Common,0.0,2.0,6539.0,6559.0,6559.0,0.0,0.0
2025-01-21 00:00:00+05:30,320,Tandur,37,Tandur,15,Red Gram,15,Common,0.0,2182.0,6703.0,8055.0,7605.0,0.0,0.0
2025-01-21 00:00:00+05:30,292,Zaheerabad,1198,Zaheerabad,15,Red Gram,15,Common,0.0,944.0,6518.0,7711.0,7250.0,0.0,0.0
2025-01-21 00:00:00+05:30,300,Badepally,1327,Badepally,8,Ragi,8,Common,0.0,1.0,2451.0,2451.0,2451.0,0.0,0.0
2025-01-21 00:00:00+05:30,256,Khammam,1067,Khammam,16,Green Gram,16,Common,0.0,2.0,5000.0,5000.0,5000.0,0.0,0.0
2025-01-21 00:00:00+05:30,309,Narayanpet,1342,Narayanpet,15,Red Gram,234,Red,0.0,1538.11,6066.0,7902.0,7229.0,0.0,0.0
2025-01-21 00:00:00+05:30,302,Gadwal,1328,Gadwal,31,Castor,31,Common,0.0,30.0,3419.0,5559.0,5509.0,0.0,0.0
2025-01-21 00:00:00+05:30,367,Gudimalkapur,1571,Gudumalkapur,105,Potato,105,Common,0.0,1722.0,1000.0,1800.0,1400.0,0.0,0.0
2025-01-22 00:00:00+05:30,323,Gaddiannaram,1,Gaddiannaram,79,Orange,79,Common,0.0,1155.0,1000.0,7750.0,2500.0,0.0,0.0
2025-01-22 00:00:00+05:30,324,Bowenpally,3,Bowenpally,105,Potato,105,Common,0.0,3545.0,1000.0,2400.0,2100.0,0.0,0.0
2025-01-22 00:00:00+05:30,325,Hyderabad,6,Madannapeta,111,Brinjal,111,Common,0.0,26.0,1000.0,2000.0,1500.0,0.0,0.0
2025-01-22 00:00:00+05:30,325,Hyderabad,7,Meeralamandi,112,Ladys Finger,112,Common,0.0,3.0,2500.0,3000.0,2750.0,0.0,0.0
2025-01-22 00:00:00+05:30,325,Hyderabad,5,Mahabubmansion,54,Chillies(Dry),306,273,0.0,130.0,8000.0,10000.0,9000.0,0.0,0.0
2025-01-22 00:00:00+05:30,320,Tandur,37,Tandur,15,Red Gram,15,Common,0.0,2674.0,6500.0,8181.0,7605.0,0.0,0.0
2025-01-21 00:00:00+05:30,296,Achampet,1337,Achampet,15,Red Gram,15,Common,0.0,15.0,5669.0,6639.0,6455.0,0.0,0.0
2025-01-22 00:00:00+05:30,292,Zaheerabad,1198,Zaheerabad,15,Red Gram,15,Common,0.0,814.0,6356.0,7689.0,7155.0,0.0,0.0
2025-01-22 00:00:00+05:30,239,Kesamudram,1168,Kesamudram,15,Red Gram,15,Common,0.0,2.0,6555.0,6596.0,6596.0,0.0,0.0
2025-01-22 00:00:00+05:30,302,Gadwal,1328,Gadwal,31,Castor,31,Common,0.0,4.0,5419.0,5519.0,5419.0,0.0,0.0
2025-01-22 00:00:00+05:30,217,Husnabad,1127,Husnabad,25,Cotton,25,Common,0.0,110.0,7121.0,7400.0,7200.0,0.0,0.0
2025-01-22 00:00:00+05:30,367,Gudimalkapur,1571,Gudumalkapur,105,Potato,105,Common,0.0,1285.0,1000.0,2000.0,1500.0,0.0,0.0
2025-01-22 00:00:00+05:30,296,Achampet,1337,Achampet,15,Red Gram,15,Common,0.0,13.5,6225.0,6565.0,6405.0,0.0,0.0
2025-01-22 00:00:00+05:30,309,Narayanpet,1342,Narayanpet,15,Red Gram,234,Red,0.0,1248.03,5600.0,7816.0,7391.0,0.0,0.0
2025-01-22 00:00:00+05:30,308,Nagarkurnool,1334,Nagarkurnool,8,Ragi,8,Common,0.0,1.0,3669.0,3669.0,3669.0,0.0,0.0
2025-01-23 00:00:00+05:30,323,Gaddiannaram,1,Gaddiannaram,79,Orange,79,Common,0.0,603.0,1000.0,7000.0,2000.0,0.0,0.0
2025-01-22 00:00:00+05:30,301,Devarakadra,1352,Devarakadra,55,Onions,55,Common,0.0,56.0,3000.0,4020.0,3510.0,0.0,0.0
2025-01-22 00:00:00+05:30,329,Navabpet(MBNR),1483,Navabpet,18,Horse Gram,18,Common,0.0,1.0,7010.0,7010.0,7010.0,0.0,0.0
2025-01-23 00:00:00+05:30,324,Bowenpally,3,Bowenpally,105,Potato,105,Common,0.0,3453.0,1000.0,2300.0,2000.0,0.0,0.0
2025-01-23 00:00:00+05:30,325,Hyderabad,6,Madannapeta,111,Brinjal,111,Common,0.0,36.0,1000.0,2000.0,1500.0,0.0,0.0
2025-01-23 00:00:00+05:30,325,Hyderabad,5,Mahabubmansion,54,Chillies(Dry),306,273,0.0,160.0,8000.0,10000.0,9000.0,0.0,0.0
2025-01-23 00:00:00+05:30,217,Husnabad,1127,Husnabad,25,Cotton,25,Common,0.0,100.0,7121.0,7521.0,7421.0,0.0,0.0
2025-01-23 00:00:00+05:30,239,Kesamudram,1168,Kesamudram,15,Red Gram,15,Common,0.0,1.0,6429.0,6429.0,6429.0,0.0,0.0
2025-01-23 00:00:00+05:30,300,Badepally,1327,Badepally,8,Ragi,8,Common,0.0,18.0,2102.0,3102.0,3102.0,0.0,0.0
2025-01-23 00:00:00+05:30,256,Khammam,1067,Khammam,16,Green Gram,16,Common,0.0,31.0,6650.0,6650.0,6650.0,0.0,0.0
2025-01-23 00:00:00+05:30,320,Tandur,37,Tandur,15,Red Gram,15,Common,0.0,2930.0,6500.0,8145.0,7659.0,0.0,0.0
2025-01-23 00:00:00+05:30,302,Gadwal,1328,Gadwal,31,Castor,31,Common,0.0,10.0,5449.0,5559.0,5519.0,0.0,0.0
2025-01-23 00:00:00+05:30,292,Zaheerabad,1198,Zaheerabad,15,Red Gram,15,Common,0.0,480.0,5051.0,7583.0,7350.0,0.0,0.0
2025-01-23 00:00:00+05:30,296,Achampet,1337,Achampet,15,Red Gram,15,Common,0.0,1.5,6255.0,6255.0,6255.0,0.0,0.0
2025-01-23 00:00:00+05:30,367,Gudimalkapur,1571,Gudumalkapur,105,Potato,105,Common,0.0,1324.0,1000.0,1800.0,1300.0,0.0,0.0
2025-01-24 00:00:00+05:30,324,Bowenpally,3,Bowenpally,105,Potato,105,Common,0.0,3202.0,1000.0,2200.0,1800.0,0.0,0.0
2025-01-24 00:00:00+05:30,323,Gaddiannaram,1,Gaddiannaram,79,Orange,79,Common,0.0,1030.0,750.0,6500.0,1625.0,0.0,0.0
2025-01-24 00:00:00+05:30,320,Tandur,37,Tandur,15,Red Gram,15,Common,0.0,2368.0,6500.0,8109.0,7605.0,0.0,0.0
2025-01-24 00:00:00+05:30,256,Khammam,1067,Khammam,16,Green Gram,16,Common,0.0,3.0,7500.0,7500.0,7500.0,0.0,0.0
2025-01-24 00:00:00+05:30,278,Suryapet,1091,Suryapet,1,Paddy,256,Grade-A (RNR),0.0,6.0,2213.0,2213.0,2213.0,0.0,0.0
2025-01-24 00:00:00+05:30,292,Zaheerabad,1198,Zaheerabad,15,Red Gram,15,Common,0.0,545.0,6615.0,7520.0,7361.0,0.0,0.0
2025-01-24 00:00:00+05:30,217,Husnabad,1127,Husnabad,25,Cotton,25,Common,0.0,100.0,7121.0,7521.0,7400.0,0.0,0.0
2025-01-23 00:00:00+05:30,309,Narayanpet,1342,Narayanpet,15,Red Gram,234,Red,0.0,702.17,5600.0,7811.0,7380.0,0.0,0.0
2025-01-24 00:00:00+05:30,325,Hyderabad,5,Mahabubmansion,54,Chillies(Dry),306,273,0.0,170.0,10000.0,12000.0,11000.0,0.0,0.0
2025-01-24 00:00:00+05:30,325,Hyderabad,6,Madannapeta,111,Brinjal,111,Common,0.0,32.0,1000.0,2000.0,1500.0,0.0,0.0
2025-01-24 00:00:00+05:30,367,Gudimalkapur,1571,Gudumalkapur,105,Potato,105,Common,0.0,1268.0,400.0,1800.0,1200.0,0.0,0.0
2025-01-24 00:00:00+05:30,302,Gadwal,1328,Gadwal,31,Castor,31,Common,0.0,12.0,5449.0,5549.0,5539.0,0.0,0.0
2025-01-24 00:00:00+05:30,309,Narayanpet,1342,Narayanpet,15,Red Gram,234,Red,0.0,805.07,5822.0,7660.0,7430.0,0.0,0.0
2025-01-25 00:00:00+05:30,323,Gaddiannaram,1,Gaddiannaram,79,Orange,79,Common,0.0,1038.0,1000.0,7000.0,2000.0,0.0,0.0
2025-01-25 00:00:00+05:30,324,Bowenpally,3,Bowenpally,105,Potato,105,Common,0.0,2797.0,800.0,3200.0,2600.0,0.0,0.0
2025-01-25 00:00:00+05:30,325,Hyderabad,5,Mahabubmansion,54,Chillies(Dry),306,273,0.0,106.0,8000.0,10000.0,9000.0,0.0,0.0
2025-01-25 00:00:00+05:30,325,Hyderabad,6,Madannapeta,111,Brinjal,111,Common,0.0,37.0,1000.0,2000.0,1500.0,0.0,0.0
2025-01-25 00:00:00+05:30,325,Hyderabad,7,Meeralamandi,112,Ladys Finger,112,Common,0.0,3.0,3000.0,3500.0,3250.0,0.0,0.0
2025-01-25 00:00:00+05:30,320,Tandur,37,Tandur,15,Red Gram,15,Common,0.0,2455.0,6500.0,7875.0,7605.0,0.0,0.0
2025-01-25 00:00:00+05:30,292,Zaheerabad,1198,Zaheerabad,15,Red Gram,15,Common,0.0,693.5,6556.0,7816.0,7188.0,0.0,0.0
2025-01-25 00:00:00+05:30,367,Gudimalkapur,1571,Gudumalkapur,105,Potato,105,Common,0.0,2144.0,600.0,1800.0,1400.0,0.0,0.0
2025-01-25 00:00:00+05:30,309,Narayanpet,1342,Narayanpet,15,Red Gram,234,Red,0.0,275.87,5020.0,7669.0,7159.0,0.0,0.0
2025-01-26 00:00:00+05:30,323,Gaddiannaram,1,Gaddiannaram,79,Orange,79,Common,0.0,29.0,1000.0,7000.0,2000.0,0.0,0.0
2025-01-26 00:00:00+05:30,324,Bowenpally,3,Bowenpally,105,Potato,105,Common,0.0,3933.0,800.0,1800.0,1500.0,0.0,0.0
2025-01-26 00:00:00+05:30,325,Hyderabad,6,Madannapeta,111,Brinjal,111,Common,0.0,36.0,1000.0,2000.0,1500.0,0.0,0.0
2025-01-26 00:00:00+05:30,367,Gudimalkapur,1571,Gudumalkapur,105,Potato,105,Common,0.0,2310.0,600.0,2200.0,1400.0,0.0,0.0
2025-01-27 00:00:00+05:30,323,Gaddiannaram,1,Gaddiannaram,79,Orange,79,Common,0.0,676.0,500.0,6750.0,1500.0,0.0,0.0
2025-01-27 00:00:00+05:30,325,Hyderabad,5,Mahabubmansion,54,Chillies(Dry),306,273,0.0,265.0,8000.0,10000.0,9000.0,0.0,0.0
2025-01-26 00:00:00+05:30,217,Husnabad,1127,Husnabad,25,Cotton,25,Common,0.0,10.0,7121.0,7421.0,7400.0,0.0,0.0
2025-01-27 00:00:00+05:30,325,Hyderabad,7,Meeralamandi,112,Ladys Finger,112,Common,0.0,4.0,3500.0,3500.0,3500.0,0.0,0.0
2025-01-27 00:00:00+05:30,325,Hyderabad,6,Madannapeta,111,Brinjal,111,Common,0.0,32.0,1500.0,2000.0,1750.0,0.0,0.0
2025-01-27 00:00:00+05:30,302,Gadwal,1328,Gadwal,31,Castor,31,Common,0.0,22.0,5359.0,5569.0,5551.0,0.0,0.0
2025-01-27 00:00:00+05:30,300,Badepally,1327,Badepally,8,Ragi,8,Common,0.0,2.0,2259.0,2259.0,2259.0,0.0,0.0
2025-01-27 00:00:00+05:30,292,Zaheerabad,1198,Zaheerabad,15,Red Gram,15,Common,0.0,835.5,5266.0,7351.0,7055.0,0.0,0.0
2025-01-27 00:00:00+05:30,256,Khammam,1067,Khammam,16,Green Gram,16,Common,0.0,64.0,6625.0,7000.0,6625.0,0.0,0.0
2025-01-27 00:00:00+05:30,320,Tandur,37,Tandur,15,Red Gram,15,Common,0.0,2822.0,6525.0,7789.0,7425.0,0.0,0.0
2025-01-28 00:00:00+05:30,323,Gaddiannaram,1,Gaddiannaram,79,Orange,79,Common,0.0,1053.0,750.0,7250.0,1500.0,0.0,0.0
2025-01-27 00:00:00+05:30,309,Narayanpet,1342,Narayanpet,15,Red Gram,234,Red,0.0,569.87,3200.0,7549.0,7549.0,0.0,0.0
2025-01-27 00:00:00+05:30,296,Achampet,1337,Achampet,15,Red Gram,15,Common,0.0,5.0,6229.0,6525.0,6455.0,0.0,0.0
2025-01-27 00:00:00+05:30,367,Gudimalkapur,1571,Gudumalkapur,105,Potato,105,Common,0.0,1625.0,800.0,2000.0,1400.0,0.0,0.0
2025-01-28 00:00:00+05:30,324,Bowenpally,3,Bowenpally,105,Potato,105,Common,0.0,5460.0,800.0,2500.0,2000.0,0.0,0.0
2025-01-28 00:00:00+05:30,325,Hyderabad,6,Madannapeta,111,Brinjal,111,Common,0.0,34.0,1000.0,2000.0,1500.0,0.0,0.0
2025-01-28 00:00:00+05:30,325,Hyderabad,5,Mahabubmansion,54,Chillies(Dry),306,273,0.0,240.0,8000.0,10000.0,9000.0,0.0,0.0
2025-01-28 00:00:00+05:30,320,Tandur,37,Tandur,15,Red Gram,15,Common,0.0,2609.0,6507.0,7425.0,7335.0,0.0,0.0
2025-01-28 00:00:00+05:30,256,Khammam,1067,Khammam,16,Green Gram,16,Common,0.0,32.0,6650.0,7675.0,6650.0,0.0,0.0
2025-01-27 00:00:00+05:30,329,Navabpet(MBNR),1483,Navabpet,18,Horse Gram,18,Common,0.0,1.0,6890.0,6890.0,6890.0,0.0,0.0
2025-01-28 00:00:00+05:30,314,Marpally,45,Marpally,25,Cotton,25,Common,0.0,15.0,7000.0,7000.0,7000.0,0.0,0.0
2025-01-28 00:00:00+05:30,292,Zaheerabad,1198,Zaheerabad,15,Red Gram,15,Common,0.0,525.5,6415.0,7266.0,6855.0,0.0,0.0
2025-01-28 00:00:00+05:30,217,Husnabad,1127,Husnabad,25,Cotton,25,Common,0.0,110.0,7121.0,7421.0,7400.0,0.0,0.0
2025-01-28 00:00:00+05:30,302,Gadwal,1328,Gadwal,31,Castor,31,Common,0.0,5.0,5319.0,5519.0,5419.0,0.0,0.0
2025-01-28 00:00:00+05:30,309,Narayanpet,1342,Narayanpet,15,Red Gram,234,Red,0.0,470.89,3551.0,7450.0,6711.0,0.0,0.0
2025-01-28 00:00:00+05:30,301,Devarakadra,1352,Devarakadra,55,Onions,55,Common,0.0,99.0,2000.0,3410.0,2705.0,0.0,0.0
2025-01-28 00:00:00+05:30,367,Gudimalkapur,1571,Gudumalkapur,105,Potato,105,Common,0.0,1233.0,400.0,1600.0,1200.0,0.0,0.0
2025-01-29 00:00:00+05:30,217,Husnabad,1127,Husnabad,25,Cotton,25,Common,0.0,120.0,7121.0,7421.0,7300.0,0.0,0.0
2025-01-29 00:00:00+05:30,323,Gaddiannaram,1,Gaddiannaram,79,Orange,79,Common,0.0,911.0,500.0,6000.0,2000.0,0.0,0.0
2025-01-30 00:00:00+05:30,323,Gaddiannaram,1,Gaddiannaram,79,Orange,79,Common,0.0,1222.0,500.0,6500.0,1750.0,0.0,0.0
2025-01-30 00:00:00+05:30,324,Bowenpally,3,Bowenpally,105,Potato,105,Common,0.0,4257.0,1000.0,2400.0,2000.0,0.0,0.0
2025-01-30 00:00:00+05:30,325,Hyderabad,7,Meeralamandi,112,Ladys Finger,112,Common,0.0,3.0,4000.0,4000.0,4000.0,0.0,0.0
2025-01-30 00:00:00+05:30,325,Hyderabad,6,Madannapeta,111,Brinjal,111,Common,0.0,28.0,800.0,1000.0,900.0,0.0,0.0
2025-01-30 00:00:00+05:30,325,Hyderabad,5,Mahabubmansion,54,Chillies(Dry),306,273,0.0,226.0,8000.0,10000.0,9000.0,0.0,0.0
2025-01-30 00:00:00+05:30,292,Zaheerabad,1198,Zaheerabad,15,Red Gram,15,Common,0.0,1028.0,6622.0,7515.0,7310.0,0.0,0.0
2025-01-30 00:00:00+05:30,217,Husnabad,1127,Husnabad,25,Cotton,25,Common,0.0,90.0,7121.0,7421.0,7380.0,0.0,0.0
2025-01-30 00:00:00+05:30,320,Tandur,37,Tandur,15,Red Gram,15,Common,0.0,2482.0,6500.0,7605.0,7470.0,0.0,0.0
2025-01-30 00:00:00+05:30,256,Khammam,1067,Khammam,16,Green Gram,16,Common,0.0,2.0,7100.0,7100.0,7100.0,0.0,0.0
2025-01-30 00:00:00+05:30,367,Gudimalkapur,1571,Gudumalkapur,105,Potato,105,Common,0.0,1656.0,400.0,1800.0,1300.0,0.0,0.0
2025-01-30 00:00:00+05:30,302,Gadwal,1328,Gadwal,31,Castor,31,Common,0.0,2.0,5459.0,5459.0,5459.0,0.0,0.0
2025-01-30 00:00:00+05:30,289,Sadasivpet,1200,Sadasivapet,14,Bengal Gram,14,Common,0.0,23.0,5100.0,5100.0,5100.0,0.0,0.0
2025-01-31 00:00:00+05:30,323,Gaddiannaram,2,L.B Nagar,107,Sweet Potato,107,Common,0.0,12.0,1000.0,2000.0,1500.0,0.0,0.0
2025-01-31 00:00:00+05:30,323,Gaddiannaram,1,Gaddiannaram,79,Orange,79,Common,0.0,1675.0,750.0,6000.0,1500.0,0.0,0.0
2025-01-31 00:00:00+05:30,324,Bowenpally,3,Bowenpally,105,Potato,105,Common,0.0,4257.0,1000.0,2200.0,1800.0,0.0,0.0
2025-01-31 00:00:00+05:30,325,Hyderabad,6,Madannapeta,111,Brinjal,111,Common,0.0,34.0,1000.0,2000.0,1500.0,0.0,0.0
2025-01-30 00:00:00+05:30,309,Narayanpet,1342,Narayanpet,15,Red Gram,234,Red,0.0,572.81,5506.0,7650.0,7329.0,0.0,0.0
2025-01-30 00:00:00+05:30,296,Achampet,1337,Achampet,15,Red Gram,15,Common,0.0,14.0,6359.0,6511.0,6359.0,0.0,0.0
2025-01-31 00:00:00+05:30,325,Hyderabad,5,Mahabubmansion,54,Chillies(Dry),306,273,0.0,400.0,8000.0,10000.0,9000.0,0.0,0.0
2025-01-31 00:00:00+05:30,226,Metpally,1133,Metpally,57,Tumeric,57,Common,0.0,5.4,9566.0,10122.0,10122.0,0.0,0.0
2025-01-31 00:00:00+05:30,320,Tandur,37,Tandur,15,Red Gram,15,Common,0.0,2111.0,6705.0,7689.0,7371.0,0.0,0.0
2025-01-31 00:00:00+05:30,256,Khammam,1067,Khammam,16,Green Gram,16,Common,0.0,8.0,6800.0,7200.0,6800.0,0.0,0.0
2025-01-31 00:00:00+05:30,309,Narayanpet,1342,Narayanpet,15,Red Gram,234,Red,0.0,408.66,6000.0,7469.0,7050.0,0.0,0.0
2025-01-31 00:00:00+05:30,302,Gadwal,1328,Gadwal,31,Castor,31,Common,0.0,4.0,5469.0,5469.0,5469.0,0.0,0.0
2025-01-31 00:00:00+05:30,289,Sadasivpet,1200,Sadasivapet,14,Bengal Gram,14,Common,0.0,23.0,5200.0,5200.0,5200.0,0.0,0.0
2025-01-31 00:00:00+05:30,367,Gudimalkapur,1571,Gudumalkapur,105,Potato,105,Common,0.0,907.0,1000.0,1600.0,1300.0,0.0,0.0
2025-01-25 00:00:00+05:30,325,Hyderabad,6,Madannapeta,112,Ladys Finger,112,Common,0.0,27.0,2500.0,3500.0,3000.0,0.0,0.0
2025-01-25 00:00:00+05:30,325,Hyderabad,5,Mahabubmansion,54,Chillies(Dry),307,Bydagi,0.0,80.0,10000.0,21500.0,14000.0,0.0,0.0
2025-01-24 00:00:00+05:30,296,Achampet,1337,Achampet,30,Groundnut pods,30,Common,0.0,3196.75,5021.0,6960.0,6369.0,0.0,0.0
2025-01-25 00:00:00+05:30,324,Bowenpally,3,Bowenpally,106,ColaCasio(Arvi),106,Common,0.0,200.0,2000.0,3500.0,3000.0,0.0,0.0
2025-01-24 00:00:00+05:30,331,Vantimamidi,1612,Vantimamidi,105,Potato,105,Common,0.0,199.0,1000.0,1600.0,1300.0,0.0,0.0
2025-01-24 00:00:00+05:30,367,Gudimalkapur,1571,Gudumalkapur,106,ColaCasio(Arvi),106,Common,0.0,49.0,3000.0,3600.0,3000.0,0.0,0.0
2025-01-24 00:00:00+05:30,325,Hyderabad,6,Madannapeta,112,Ladys Finger,112,Common,0.0,31.0,2500.0,3500.0,3000.0,0.0,0.0
2025-01-24 00:00:00+05:30,325,Hyderabad,5,Mahabubmansion,54,Chillies(Dry),307,Bydagi,0.0,200.0,11000.0,13000.0,12000.0,0.0,0.0
2025-01-24 00:00:00+05:30,246,Warangal,886,Warangal,5,Maize,5,Common,0.0,9.7,2152.0,2470.0,2152.0,0.0,0.0
2025-01-24 00:00:00+05:30,306,Mahbubnagar,1326,Mahaboobnagar,30,Groundnut pods,30,Common,0.0,5344.0,3501.0,6186.0,5470.0,0.0,0.0
2025-01-24 00:00:00+05:30,289,Sadasivpet,1200,Sadasivapet,15,Red Gram,15,Common,0.0,35.0,7029.0,7308.0,7211.0,0.0,0.0
2025-01-24 00:00:00+05:30,207,Madnoor,1083,Madnoor,25,Cotton,25,Common,0.0,719.0,6700.0,7250.0,7200.0,0.0,0.0
2025-01-24 00:00:00+05:30,325,Hyderabad,7,Meeralamandi,113,Green Chillies,113,Common,0.0,4.0,4000.0,4500.0,4250.0,0.0,0.0
2025-01-24 00:00:00+05:30,324,Bowenpally,3,Bowenpally,106,ColaCasio(Arvi),106,Common,0.0,140.0,1000.0,3500.0,3000.0,0.0,0.0
2025-01-23 00:00:00+05:30,367,Gudimalkapur,1571,Gudumalkapur,106,ColaCasio(Arvi),106,Common,0.0,46.0,3000.0,3500.0,3000.0,0.0,0.0
2025-01-23 00:00:00+05:30,296,Achampet,1337,Achampet,30,Groundnut pods,30,Common,0.0,2571.0,4419.0,7167.0,5869.0,0.0,0.0
2025-01-23 00:00:00+05:30,331,Vantimamidi,1612,Vantimamidi,105,Potato,105,Common,0.0,182.0,1200.0,1800.0,1500.0,0.0,0.0
2025-01-23 00:00:00+05:30,208,Nizamabad,1080,Nizamabad,5,Maize,215,Hybrid New,0.0,18.0,1850.0,1850.0,1850.0,0.0,0.0
2025-01-23 00:00:00+05:30,239,Kesamudram,1168,Kesamudram,16,Green Gram,16,Common,0.0,1.0,6569.0,6569.0,6569.0,0.0,0.0
2025-01-23 00:00:00+05:30,238,Jangoan,1169,Jangaon,5,Maize,5,Common,0.0,107.25,2231.0,2363.0,2313.0,0.0,0.0
2025-01-23 00:00:00+05:30,207,Madnoor,1083,Madnoor,25,Cotton,25,Common,0.0,1035.0,6700.0,7300.0,7280.0,0.0,0.0
2025-01-23 00:00:00+05:30,325,Hyderabad,5,Mahabubmansion,54,Chillies(Dry),307,Bydagi,0.0,388.0,11000.0,13000.0,12000.0,0.0,0.0
2025-01-23 00:00:00+05:30,325,Hyderabad,7,Meeralamandi,113,Green Chillies,113,Common,0.0,4.0,4500.0,5000.0,4750.0,0.0,0.0
2025-01-23 00:00:00+05:30,325,Hyderabad,6,Madannapeta,112,Ladys Finger,112,Common,0.0,15.0,3000.0,4000.0,3500.0,0.0,0.0
2025-01-23 00:00:00+05:30,324,Bowenpally,3,Bowenpally,106,ColaCasio(Arvi),106,Common,0.0,65.0,1500.0,3500.0,3000.0,0.0,0.0
2025-01-22 00:00:00+05:30,296,Achampet,1337,Achampet,30,Groundnut pods,30,Common,0.0,2402.75,4510.0,7107.0,6069.0,0.0,0.0
2025-01-22 00:00:00+05:30,306,Mahbubnagar,1326,Mahaboobnagar,30,Groundnut pods,30,Common,0.0,5668.0,3506.0,6660.0,5647.0,0.0,0.0
2025-01-22 00:00:00+05:30,331,Vantimamidi,1612,Vantimamidi,105,Potato,105,Common,0.0,171.0,1500.0,1800.0,1650.0,0.0,0.0
2025-01-22 00:00:00+05:30,367,Gudimalkapur,1571,Gudumalkapur,106,ColaCasio(Arvi),106,Common,0.0,36.0,3000.0,3500.0,3000.0,0.0,0.0
2025-01-22 00:00:00+05:30,238,Jangoan,1169,Jangaon,5,Maize,5,Common,0.0,156.75,2255.0,2435.0,2400.0,0.0,0.0
2025-01-22 00:00:00+05:30,289,Sadasivpet,1200,Sadasivapet,15,Red Gram,15,Common,0.0,282.0,6669.0,7398.0,7308.0,0.0,0.0
2025-01-22 00:00:00+05:30,239,Kesamudram,1168,Kesamudram,16,Green Gram,16,Common,0.0,1.0,7109.0,7109.0,7109.0,0.0,0.0
2025-01-22 00:00:00+05:30,207,Madnoor,1083,Madnoor,25,Cotton,25,Common,0.0,995.0,6700.0,7300.0,7280.0,0.0,0.0
2025-01-21 00:00:00+05:30,296,Achampet,1337,Achampet,30,Groundnut pods,30,Common,0.0,1936.25,4009.0,7167.0,6569.0,0.0,0.0
2025-01-22 00:00:00+05:30,256,Khammam,1067,Khammam,17,Black Gram,17,Common,0.0,3.0,6700.0,7215.0,7100.0,0.0,0.0
2025-01-22 00:00:00+05:30,325,Hyderabad,5,Mahabubmansion,54,Chillies(Dry),307,Bydagi,0.0,440.0,11000.0,13000.0,12000.0,0.0,0.0
2025-01-22 00:00:00+05:30,325,Hyderabad,7,Meeralamandi,113,Green Chillies,113,Common,0.0,4.0,4000.0,4500.0,4250.0,0.0,0.0
2025-01-22 00:00:00+05:30,325,Hyderabad,6,Madannapeta,112,Ladys Finger,112,Common,0.0,21.0,2800.0,3000.0,2900.0,0.0,0.0
2025-01-22 00:00:00+05:30,324,Bowenpally,3,Bowenpally,106,ColaCasio(Arvi),106,Common,0.0,169.0,2000.0,3500.0,3000.0,0.0,0.0
2025-01-21 00:00:00+05:30,367,Gudimalkapur,1571,Gudumalkapur,106,ColaCasio(Arvi),106,Common,0.0,35.0,2500.0,3500.0,3000.0,0.0,0.0
2025-01-21 00:00:00+05:30,331,Vantimamidi,1612,Vantimamidi,105,Potato,105,Common,0.0,169.0,1000.0,1700.0,1350.0,0.0,0.0
2025-01-21 00:00:00+05:30,284,Jogipet,1208,Jogipet,15,Red Gram,15,Common,0.0,39.3,6700.0,7200.0,6950.0,0.0,0.0
2025-01-21 00:00:00+05:30,289,Sadasivpet,1200,Sadasivapet,15,Red Gram,15,Common,0.0,45.0,6003.0,7236.0,7236.0,0.0,0.0
2025-01-21 00:00:00+05:30,207,Madnoor,1083,Madnoor,25,Cotton,25,Common,0.0,968.0,6700.0,7300.0,7280.0,0.0,0.0
2025-01-21 00:00:00+05:30,239,Kesamudram,1168,Kesamudram,16,Green Gram,16,Common,0.0,1.0,6389.0,6589.0,6589.0,0.0,0.0
2025-01-21 00:00:00+05:30,325,Hyderabad,5,Mahabubmansion,54,Chillies(Dry),307,Bydagi,0.0,320.0,11000.0,13000.0,12000.0,0.0,0.0
2025-01-21 00:00:00+05:30,325,Hyderabad,7,Meeralamandi,113,Green Chillies,113,Common,0.0,5.0,4500.0,5000.0,4750.0,0.0,0.0
2025-01-21 00:00:00+05:30,325,Hyderabad,6,Madannapeta,112,Ladys Finger,112,Common,0.0,10.0,2000.0,2500.0,2250.0,0.0,0.0
2025-01-21 00:00:00+05:30,324,Bowenpally,3,Bowenpally,106,ColaCasio(Arvi),106,Common,0.0,189.0,1500.0,3500.0,3000.0,0.0,0.0
2025-01-20 00:00:00+05:30,367,Gudimalkapur,1571,Gudumalkapur,106,ColaCasio(Arvi),106,Common,0.0,16.0,3000.0,3500.0,3000.0,0.0,0.0
2025-01-20 00:00:00+05:30,296,Achampet,1337,Achampet,30,Groundnut pods,30,Common,0.0,2216.75,5619.0,7177.0,6301.0,0.0,0.0
2025-01-20 00:00:00+05:30,331,Vantimamidi,1612,Vantimamidi,105,Potato,105,Common,0.0,157.0,900.0,1700.0,1300.0,0.0,0.0
2025-01-20 00:00:00+05:30,306,Mahbubnagar,1326,Mahaboobnagar,30,Groundnut pods,30,Common,0.0,6110.0,3509.0,6589.0,5669.0,0.0,0.0
2025-01-20 00:00:00+05:30,289,Sadasivpet,1200,Sadasivapet,15,Red Gram,15,Common,0.0,145.0,6422.0,7308.0,7218.0,0.0,0.0
2025-01-20 00:00:00+05:30,239,Kesamudram,1168,Kesamudram,16,Green Gram,16,Common,0.0,5.0,6689.0,7142.0,7142.0,0.0,0.0
2025-01-20 00:00:00+05:30,325,Hyderabad,6,Madannapeta,112,Ladys Finger,112,Common,0.0,14.0,2000.0,3000.0,2400.0,0.0,0.0
2025-01-20 00:00:00+05:30,325,Hyderabad,5,Mahabubmansion,54,Chillies(Dry),307,Bydagi,0.0,594.0,11000.0,13000.0,12000.0,0.0,0.0
2025-01-20 00:00:00+05:30,325,Hyderabad,7,Meeralamandi,113,Green Chillies,113,Common,0.0,4.0,3000.0,4000.0,3500.0,0.0,0.0
2025-01-20 00:00:00+05:30,246,Warangal,886,Warangal,5,Maize,5,Common,0.0,13.8,2387.0,2387.0,2387.0,0.0,0.0
2025-01-20 00:00:00+05:30,324,Bowenpally,3,Bowenpally,106,ColaCasio(Arvi),106,Common,0.0,63.0,1500.0,3500.0,3000.0,0.0,0.0
2025-01-19 00:00:00+05:30,329,Navabpet(MBNR),1483,Navabpet,22,Cowpea,22,Common,0.0,4.0,7012.0,7101.0,7012.0,0.0,0.0
2025-01-19 00:00:00+05:30,296,Achampet,1337,Achampet,30,Groundnut pods,30,Common,0.0,2537.0,5239.0,7270.0,6169.0,0.0,0.0
2025-01-19 00:00:00+05:30,331,Vantimamidi,1612,Vantimamidi,105,Potato,105,Common,0.0,199.0,1000.0,1800.0,1400.0,0.0,0.0
2025-01-19 00:00:00+05:30,367,Gudimalkapur,1571,Gudumalkapur,106,ColaCasio(Arvi),106,Common,0.0,54.0,2500.0,3500.0,3000.0,0.0,0.0
2025-01-19 00:00:00+05:30,325,Hyderabad,6,Madannapeta,112,Ladys Finger,112,Common,0.0,25.0,1500.0,2000.0,1750.0,0.0,0.0
2025-01-19 00:00:00+05:30,325,Hyderabad,7,Meeralamandi,113,Green Chillies,113,Common,0.0,9.0,3000.0,4000.0,3500.0,0.0,0.0
2025-01-19 00:00:00+05:30,324,Bowenpally,3,Bowenpally,106,ColaCasio(Arvi),106,Common,0.0,220.0,2000.0,3500.0,3000.0,0.0,0.0
2025-01-18 00:00:00+05:30,331,Vantimamidi,1612,Vantimamidi,105,Potato,105,Common,0.0,238.0,800.0,1800.0,1300.0,0.0,0.0
2025-01-18 00:00:00+05:30,367,Gudimalkapur,1571,Gudumalkapur,106,ColaCasio(Arvi),106,Common,0.0,67.0,3000.0,3500.0,3200.0,0.0,0.0
2025-01-18 00:00:00+05:30,289,Sadasivpet,1200,Sadasivapet,15,Red Gram,15,Common,0.0,221.0,6308.0,7251.0,7119.0,0.0,0.0
2025-01-18 00:00:00+05:30,219,Jagtial,1125,Jagtial,1,Paddy,274,Common (HMT),0.0,16.0,2211.0,2211.0,2211.0,0.0,0.0
2025-01-18 00:00:00+05:30,306,Mahbubnagar,1326,Mahaboobnagar,30,Groundnut pods,30,Common,0.0,4508.0,3511.0,6547.0,5489.0,0.0,0.0
2025-01-18 00:00:00+05:30,325,Hyderabad,6,Madannapeta,112,Ladys Finger,112,Common,0.0,26.0,2000.0,3000.0,2500.0,0.0,0.0
2025-01-18 00:00:00+05:30,325,Hyderabad,7,Meeralamandi,113,Green Chillies,113,Common,0.0,6.0,3000.0,4500.0,3750.0,0.0,0.0
2025-01-18 00:00:00+05:30,325,Hyderabad,5,Mahabubmansion,54,Chillies(Dry),307,Bydagi,0.0,99.0,11000.0,13000.0,12000.0,0.0,0.0
2025-01-17 00:00:00+05:30,296,Achampet,1337,Achampet,30,Groundnut pods,30,Common,0.0,1011.75,5649.0,7277.0,7237.0,0.0,0.0
2025-01-18 00:00:00+05:30,324,Bowenpally,3,Bowenpally,106,ColaCasio(Arvi),106,Common,0.0,170.0,1500.0,3600.0,3000.0,0.0,0.0
2025-01-17 00:00:00+05:30,331,Vantimamidi,1612,Vantimamidi,105,Potato,105,Common,0.0,197.0,900.0,1800.0,1350.0,0.0,0.0
2025-01-17 00:00:00+05:30,239,Kesamudram,1168,Kesamudram,16,Green Gram,16,Common,0.0,6.0,6369.0,7169.0,7169.0,0.0,0.0
2025-01-17 00:00:00+05:30,289,Sadasivpet,1200,Sadasivapet,15,Red Gram,15,Common,0.0,123.0,6425.0,7248.0,6425.0,0.0,0.0
2025-01-17 00:00:00+05:30,325,Hyderabad,5,Mahabubmansion,54,Chillies(Dry),307,Bydagi,0.0,440.0,11000.0,13000.0,12000.0,0.0,0.0
2025-01-17 00:00:00+05:30,325,Hyderabad,7,Meeralamandi,113,Green Chillies,113,Common,0.0,4.0,4000.0,5000.0,4500.0,0.0,0.0
2025-01-17 00:00:00+05:30,325,Hyderabad,6,Madannapeta,112,Ladys Finger,112,Common,0.0,16.0,1500.0,2000.0,1750.0,0.0,0.0
2025-01-17 00:00:00+05:30,324,Bowenpally,3,Bowenpally,106,ColaCasio(Arvi),106,Common,0.0,37.0,1500.0,4000.0,3200.0,0.0,0.0
2025-01-16 00:00:00+05:30,331,Vantimamidi,1612,Vantimamidi,105,Potato,105,Common,0.0,246.0,1000.0,1800.0,1400.0,0.0,0.0
2025-01-16 00:00:00+05:30,284,Jogipet,1208,Jogipet,15,Red Gram,15,Common,0.0,58.26,7000.0,7200.0,7100.0,0.0,0.0
2025-01-16 00:00:00+05:30,289,Sadasivpet,1200,Sadasivapet,15,Red Gram,15,Common,0.0,195.0,6113.0,7263.0,7221.0,0.0,0.0
2025-01-16 00:00:00+05:30,296,Achampet,1337,Achampet,30,Groundnut pods,30,Common,0.0,1263.75,5829.0,7260.0,7189.0,0.0,0.0
2025-01-16 00:00:00+05:30,309,Narayanpet,1342,Narayanpet,16,Green Gram,16,Common,0.0,0.49,7570.0,7570.0,7570.0,0.0,0.0
2025-01-16 00:00:00+05:30,367,Gudimalkapur,1571,Gudumalkapur,106,ColaCasio(Arvi),106,Common,0.0,30.0,3000.0,3000.0,3500.0,0.0,0.0
2025-01-16 00:00:00+05:30,238,Jangoan,1169,Jangaon,5,Maize,5,Common,0.0,11.0,2381.0,2381.0,2381.0,0.0,0.0
2025-01-16 00:00:00+05:30,325,Hyderabad,7,Meeralamandi,113,Green Chillies,113,Common,0.0,3.0,5000.0,6000.0,5500.0,0.0,0.0
2025-01-16 00:00:00+05:30,325,Hyderabad,6,Madannapeta,112,Ladys Finger,112,Common,0.0,18.0,2000.0,3000.0,2500.0,0.0,0.0
2025-01-15 00:00:00+05:30,324,Bowenpally,3,Bowenpally,106,ColaCasio(Arvi),106,Common,0.0,119.0,1500.0,3300.0,2800.0,0.0,0.0
2025-01-15 00:00:00+05:30,367,Gudimalkapur,1571,Gudumalkapur,106,ColaCasio(Arvi),106,Common,0.0,32.0,3500.0,3500.0,3500.0,0.0,0.0
2025-01-14 00:00:00+05:30,331,Vantimamidi,1612,Vantimamidi,105,Potato,105,Common,0.0,64.0,1200.0,2000.0,1600.0,0.0,0.0
2025-01-15 00:00:00+05:30,331,Vantimamidi,1612,Vantimamidi,105,Potato,105,Common,0.0,42.0,800.0,1800.0,1300.0,0.0,0.0
2025-01-14 00:00:00+05:30,367,Gudimalkapur,1571,Gudumalkapur,106,ColaCasio(Arvi),106,Common,0.0,4.0,2500.0,2500.0,2500.0,0.0,0.0
2025-01-14 00:00:00+05:30,325,Hyderabad,6,Madannapeta,112,Ladys Finger,112,Common,0.0,7.0,3000.0,3000.0,3000.0,0.0,0.0
2025-01-13 00:00:00+05:30,331,Vantimamidi,1612,Vantimamidi,105,Potato,105,Common,0.0,122.0,1500.0,1800.0,1750.0,0.0,0.0
2025-01-13 00:00:00+05:30,367,Gudimalkapur,1571,Gudumalkapur,106,ColaCasio(Arvi),106,Common,0.0,2.0,2000.0,3000.0,2500.0,0.0,0.0
2025-01-12 00:00:00+05:30,329,Navabpet(MBNR),1483,Navabpet,22,Cowpea,22,Common,0.0,10.0,6901.0,7612.0,7009.0,0.0,0.0
2025-01-13 00:00:00+05:30,325,Hyderabad,6,Madannapeta,112,Ladys Finger,112,Common,0.0,17.0,2500.0,3500.0,3000.0,0.0,0.0
2025-01-13 00:00:00+05:30,325,Hyderabad,7,Meeralamandi,113,Green Chillies,113,Common,0.0,6.0,3000.0,3500.0,3250.0,0.0,0.0
2025-01-13 00:00:00+05:30,324,Bowenpally,3,Bowenpally,106,ColaCasio(Arvi),106,Common,0.0,97.0,1500.0,3300.0,2800.0,0.0,0.0
2025-01-12 00:00:00+05:30,296,Achampet,1337,Achampet,30,Groundnut pods,30,Common,0.0,925.5,5619.0,7250.0,7177.0,0.0,0.0
2025-01-12 00:00:00+05:30,331,Vantimamidi,1612,Vantimamidi,105,Potato,105,Common,0.0,212.0,1500.0,2500.0,2000.0,0.0,0.0
2025-01-12 00:00:00+05:30,367,Gudimalkapur,1571,Gudumalkapur,106,ColaCasio(Arvi),106,Common,0.0,1.0,3000.0,3000.0,3000.0,0.0,0.0
2025-01-12 00:00:00+05:30,190,Chennur,21,Chennur,25,Cotton,25,Common,0.0,350.0,6900.0,7000.0,6950.0,0.0,0.0
2025-01-12 00:00:00+05:30,325,Hyderabad,7,Meeralamandi,113,Green Chillies,113,Common,0.0,6.0,3000.0,3500.0,3250.0,0.0,0.0
2025-01-12 00:00:00+05:30,325,Hyderabad,6,Madannapeta,112,Ladys Finger,112,Common,0.0,14.0,3000.0,4000.0,3500.0,0.0,0.0
2025-01-12 00:00:00+05:30,324,Bowenpally,3,Bowenpally,106,ColaCasio(Arvi),106,Common,0.0,92.0,2000.0,3200.0,2800.0,0.0,0.0
2025-01-11 00:00:00+05:30,238,Jangoan,1169,Jangaon,5,Maize,5,Common,0.0,77.0,2451.0,2475.0,2451.0,0.0,0.0
2025-01-11 00:00:00+05:30,289,Sadasivpet,1200,Sadasivapet,15,Red Gram,15,Common,0.0,278.0,6708.0,7359.0,7313.0,0.0,0.0
2025-01-11 00:00:00+05:30,331,Vantimamidi,1612,Vantimamidi,105,Potato,105,Common,0.0,150.0,900.0,1500.0,1200.0,0.0,0.0
2025-01-11 00:00:00+05:30,367,Gudimalkapur,1571,Gudumalkapur,106,ColaCasio(Arvi),106,Common,0.0,65.0,2000.0,3200.0,2500.0,0.0,0.0
2025-01-11 00:00:00+05:30,325,Hyderabad,6,Madannapeta,112,Ladys Finger,112,Common,0.0,16.0,3000.0,3500.0,3250.0,0.0,0.0
2025-01-11 00:00:00+05:30,325,Hyderabad,7,Meeralamandi,113,Green Chillies,113,Common,0.0,5.0,3000.0,3500.0,3250.0,0.0,0.0
2025-01-11 00:00:00+05:30,190,Chennur,21,Chennur,25,Cotton,25,Common,0.0,450.0,6900.0,7000.0,6950.0,0.0,0.0
2025-01-11 00:00:00+05:30,324,Bowenpally,3,Bowenpally,106,ColaCasio(Arvi),106,Common,0.0,103.0,1500.0,3200.0,2600.0,0.0,0.0
2025-01-10 00:00:00+05:30,331,Vantimamidi,1612,Vantimamidi,105,Potato,105,Common,0.0,157.0,1000.0,1600.0,1300.0,0.0,0.0
2025-01-10 00:00:00+05:30,367,Gudimalkapur,1571,Gudumalkapur,106,ColaCasio(Arvi),106,Common,0.0,33.0,2500.0,3000.0,2500.0,0.0,0.0
2025-01-10 00:00:00+05:30,296,Achampet,1337,Achampet,30,Groundnut pods,30,Common,0.0,299.0,6239.0,7237.0,6669.0,0.0,0.0
2025-01-10 00:00:00+05:30,306,Mahbubnagar,1326,Mahaboobnagar,30,Groundnut pods,30,Common,0.0,1585.0,3502.0,6687.0,6570.0,0.0,0.0
2025-01-10 00:00:00+05:30,289,Sadasivpet,1200,Sadasivapet,15,Red Gram,15,Common,0.0,77.0,5500.0,7575.0,7407.0,0.0,0.0
2025-01-10 00:00:00+05:30,190,Chennur,21,Chennur,25,Cotton,25,Common,0.0,950.0,6900.0,7000.0,6950.0,0.0,0.0
2025-01-10 00:00:00+05:30,325,Hyderabad,5,Mahabubmansion,54,Chillies(Dry),307,Bydagi,0.0,6.0,11000.0,130000.0,12000.0,0.0,0.0
2025-01-10 00:00:00+05:30,325,Hyderabad,7,Meeralamandi,113,Green Chillies,113,Common,0.0,4.0,3500.0,3500.0,3500.0,0.0,0.0
2025-01-10 00:00:00+05:30,325,Hyderabad,6,Madannapeta,112,Ladys Finger,112,Common,0.0,14.0,3000.0,4000.0,3500.0,0.0,0.0
2025-01-10 00:00:00+05:30,246,Warangal,886,Warangal,5,Maize,5,Common,0.0,19.5,2310.0,2521.0,2521.0,0.0,0.0
2025-01-10 00:00:00+05:30,324,Bowenpally,3,Bowenpally,106,ColaCasio(Arvi),106,Common,0.0,51.0,1500.0,3200.0,2800.0,0.0,0.0
2025-01-09 00:00:00+05:30,296,Achampet,1337,Achampet,30,Groundnut pods,30,Common,0.0,88.75,6229.0,7217.0,7057.0,0.0,0.0
2025-01-09 00:00:00+05:30,367,Gudimalkapur,1571,Gudumalkapur,106,ColaCasio(Arvi),106,Common,0.0,30.0,2000.0,3200.0,2500.0,0.0,0.0
2025-01-09 00:00:00+05:30,306,Mahbubnagar,1326,Mahaboobnagar,30,Groundnut pods,30,Common,0.0,941.0,3501.0,6619.0,5569.0,0.0,0.0
2025-01-09 00:00:00+05:30,289,Sadasivpet,1200,Sadasivapet,15,Red Gram,15,Common,0.0,69.0,6005.0,7668.0,7667.0,0.0,0.0
2025-01-09 00:00:00+05:30,331,Vantimamidi,1612,Vantimamidi,105,Potato,105,Common,0.0,145.0,1000.0,1700.0,1350.0,0.0,0.0
2025-01-09 00:00:00+05:30,325,Hyderabad,7,Meeralamandi,113,Green Chillies,113,Common,0.0,7.0,3500.0,4000.0,3750.0,0.0,0.0
2025-01-09 00:00:00+05:30,190,Chennur,21,Chennur,25,Cotton,25,Common,0.0,700.0,6900.0,7000.0,6950.0,0.0,0.0
2025-01-09 00:00:00+05:30,239,Kesamudram,1168,Kesamudram,16,Green Gram,16,Common,0.0,5.0,7459.0,7459.0,7459.0,0.0,0.0
2025-01-09 00:00:00+05:30,325,Hyderabad,6,Madannapeta,112,Ladys Finger,112,Common,0.0,23.0,3500.0,4500.0,4000.0,0.0,0.0
2025-01-09 00:00:00+05:30,246,Warangal,886,Warangal,5,Maize,5,Common,0.0,3.91,2501.0,2502.0,2502.0,0.0,0.0
2025-01-09 00:00:00+05:30,324,Bowenpally,3,Bowenpally,106,ColaCasio(Arvi),106,Common,0.0,237.0,1500.0,3200.0,2800.0,0.0,0.0
2025-01-08 00:00:00+05:30,367,Gudimalkapur,1571,Gudumalkapur,106,ColaCasio(Arvi),106,Common,0.0,72.0,2500.0,3200.0,2800.0,0.0,0.0
2025-01-08 00:00:00+05:30,296,Achampet,1337,Achampet,30,Groundnut pods,30,Common,0.0,87.25,6249.0,6839.0,6439.0,0.0,0.0
2025-01-08 00:00:00+05:30,306,Mahbubnagar,1326,Mahaboobnagar,30,Groundnut pods,30,Common,0.0,518.0,3501.0,6730.0,6730.0,0.0,0.0
2025-01-08 00:00:00+05:30,331,Vantimamidi,1612,Vantimamidi,105,Potato,105,Common,0.0,370.0,1000.0,1600.0,1300.0,0.0,0.0
2025-01-08 00:00:00+05:30,322,Chevella,46,Chevella,98,Cabbage,98,Common,0.0,5.0,1500.0,1500.0,1500.0,0.0,0.0
2025-01-08 00:00:00+05:30,190,Chennur,21,Chennur,25,Cotton,25,Common,0.0,10950.0,7220.0,7421.0,7300.0,0.0,0.0
2025-01-08 00:00:00+05:30,289,Sadasivpet,1200,Sadasivapet,15,Red Gram,15,Common,0.0,380.0,7356.0,7672.0,7614.0,0.0,0.0
2025-01-08 00:00:00+05:30,238,Jangoan,1169,Jangaon,5,Maize,5,Common,0.0,19.25,2431.0,2431.0,2431.0,0.0,0.0
2025-01-08 00:00:00+05:30,325,Hyderabad,5,Mahabubmansion,54,Chillies(Dry),307,Bydagi,0.0,5.0,15000.0,16000.0,15500.0,0.0,0.0
2025-01-08 00:00:00+05:30,325,Hyderabad,7,Meeralamandi,113,Green Chillies,113,Common,0.0,4.0,3000.0,4000.0,3500.0,0.0,0.0
2025-01-08 00:00:00+05:30,325,Hyderabad,6,Madannapeta,112,Ladys Finger,112,Common,0.0,7.0,3000.0,3000.0,3000.0,0.0,0.0
2025-01-08 00:00:00+05:30,246,Warangal,886,Warangal,5,Maize,5,Common,0.0,24.19,2070.0,2420.0,2070.0,0.0,0.0
2025-01-08 00:00:00+05:30,324,Bowenpally,3,Bowenpally,106,ColaCasio(Arvi),106,Common,0.0,251.0,1500.0,3500.0,3000.0,0.0,0.0
2025-01-07 00:00:00+05:30,367,Gudimalkapur,1571,Gudumalkapur,106,ColaCasio(Arvi),106,Common,0.0,78.0,2500.0,3200.0,3000.0,0.0,0.0
2025-01-07 00:00:00+05:30,296,Achampet,1337,Achampet,30,Groundnut pods,30,Common,0.0,47.75,6269.0,6897.0,6347.0,0.0,0.0
2025-01-07 00:00:00+05:30,331,Vantimamidi,1612,Vantimamidi,105,Potato,105,Common,0.0,256.0,1000.0,1800.0,1400.0,0.0,0.0
2025-01-07 00:00:00+05:30,306,Mahbubnagar,1326,Mahaboobnagar,30,Groundnut pods,30,Common,0.0,549.0,3512.0,6500.0,5200.0,0.0,0.0
2025-01-07 00:00:00+05:30,289,Sadasivpet,1200,Sadasivapet,15,Red Gram,15,Common,0.0,97.0,7155.0,7532.0,7506.0,0.0,0.0
2025-01-07 00:00:00+05:30,246,Warangal,886,Warangal,5,Maize,5,Common,0.0,1.86,2110.0,2110.0,2110.0,0.0,0.0
2025-01-07 00:00:00+05:30,325,Hyderabad,6,Madannapeta,112,Ladys Finger,112,Common,0.0,17.0,2000.0,3000.0,2500.0,0.0,0.0
2025-01-07 00:00:00+05:30,325,Hyderabad,7,Meeralamandi,113,Green Chillies,113,Common,0.0,3.0,3500.0,4000.0,3750.0,0.0,0.0
2025-01-07 00:00:00+05:30,324,Bowenpally,3,Bowenpally,106,ColaCasio(Arvi),106,Common,0.0,382.0,1500.0,3200.0,2600.0,0.0,0.0
2025-01-06 00:00:00+05:30,367,Gudimalkapur,1571,Gudumalkapur,106,ColaCasio(Arvi),106,Common,0.0,15.0,2500.0,3200.0,3000.0,0.0,0.0
2025-01-06 00:00:00+05:30,331,Vantimamidi,1612,Vantimamidi,105,Potato,105,Common,0.0,312.0,1000.0,1900.0,1450.0,0.0,0.0
2025-01-06 00:00:00+05:30,239,Kesamudram,1168,Kesamudram,16,Green Gram,16,Common,0.0,7.0,5889.0,6989.0,6989.0,0.0,0.0
2025-01-06 00:00:00+05:30,306,Mahbubnagar,1326,Mahaboobnagar,30,Groundnut pods,30,Common,0.0,609.0,3600.0,6811.0,5295.0,0.0,0.0
2025-01-06 00:00:00+05:30,284,Jogipet,1208,Jogipet,15,Red Gram,15,Common,0.0,77.06,7000.0,7500.0,7250.0,0.0,0.0
2025-01-06 00:00:00+05:30,289,Sadasivpet,1200,Sadasivapet,15,Red Gram,15,Common,0.0,228.0,7272.0,7461.0,7461.0,0.0,0.0
2025-01-06 00:00:00+05:30,322,Chevella,46,Chevella,98,Cabbage,98,Common,0.0,5.0,1500.0,1500.0,1500.0,0.0,0.0
2025-01-06 00:00:00+05:30,256,Khammam,1067,Khammam,17,Black Gram,17,Common,0.0,7.0,7100.0,7300.0,7100.0,0.0,0.0
2025-01-06 00:00:00+05:30,208,Nizamabad,1080,Nizamabad,5,Maize,215,Hybrid New,0.0,6.0,2000.0,2259.0,2259.0,0.0,0.0
2025-01-06 00:00:00+05:30,325,Hyderabad,6,Madannapeta,112,Ladys Finger,112,Common,0.0,17.0,3000.0,3500.0,3250.0,0.0,0.0
2025-01-06 00:00:00+05:30,325,Hyderabad,7,Meeralamandi,113,Green Chillies,113,Common,0.0,6.0,3000.0,4000.0,3500.0,0.0,0.0
2025-01-05 00:00:00+05:30,329,Navabpet(MBNR),1483,Navabpet,22,Cowpea,22,Common,0.0,18.0,7201.0,7651.0,7651.0,0.0,0.0
2025-01-06 00:00:00+05:30,324,Bowenpally,3,Bowenpally,106,ColaCasio(Arvi),106,Common,0.0,110.0,1500.0,3500.0,3000.0,0.0,0.0
2025-01-05 00:00:00+05:30,367,Gudimalkapur,1571,Gudumalkapur,106,ColaCasio(Arvi),106,Common,0.0,38.0,2500.0,3200.0,2800.0,0.0,0.0
2025-01-05 00:00:00+05:30,331,Vantimamidi,1612,Vantimamidi,105,Potato,105,Common,0.0,191.0,1100.0,1600.0,1350.0,0.0,0.0
2025-01-05 00:00:00+05:30,325,Hyderabad,7,Meeralamandi,113,Green Chillies,113,Common,0.0,5.0,4000.0,4500.0,4250.0,0.0,0.0
2025-01-05 00:00:00+05:30,322,Chevella,46,Chevella,98,Cabbage,98,Common,0.0,5.0,1500.0,1500.0,1500.0,0.0,0.0
2025-01-05 00:00:00+05:30,325,Hyderabad,6,Madannapeta,112,Ladys Finger,112,Common,0.0,17.0,2000.0,3000.0,2500.0,0.0,0.0
2025-01-05 00:00:00+05:30,324,Bowenpally,3,Bowenpally,106,ColaCasio(Arvi),106,Common,0.0,111.0,1000.0,3200.0,2500.0,0.0,0.0
2025-01-04 00:00:00+05:30,367,Gudimalkapur,1571,Gudumalkapur,106,ColaCasio(Arvi),106,Common,0.0,67.0,2500.0,3500.0,3200.0,0.0,0.0
2025-01-04 00:00:00+05:30,331,Vantimamidi,1612,Vantimamidi,105,Potato,105,Common,0.0,140.0,1300.0,1800.0,1550.0,0.0,0.0
2025-01-04 00:00:00+05:30,325,Hyderabad,6,Madannapeta,112,Ladys Finger,112,Common,0.0,11.0,2000.0,3000.0,2500.0,0.0,0.0
2025-01-04 00:00:00+05:30,325,Hyderabad,7,Meeralamandi,113,Green Chillies,113,Common,0.0,5.0,3500.0,4000.0,3750.0,0.0,0.0
2025-01-04 00:00:00+05:30,322,Chevella,46,Chevella,98,Cabbage,98,Common,0.0,4.0,1500.0,1500.0,1500.0,0.0,0.0
2025-01-04 00:00:00+05:30,306,Mahbubnagar,1326,Mahaboobnagar,30,Groundnut pods,30,Common,0.0,269.0,3618.0,6539.0,6190.0,0.0,0.0
2025-01-04 00:00:00+05:30,289,Sadasivpet,1200,Sadasivapet,15,Red Gram,15,Common,0.0,183.0,6669.0,7788.0,7707.0,0.0,0.0
2025-01-04 00:00:00+05:30,324,Bowenpally,3,Bowenpally,106,ColaCasio(Arvi),106,Common,0.0,206.0,2600.0,3000.0,1500.0,0.0,0.0
2025-01-03 00:00:00+05:30,331,Vantimamidi,1612,Vantimamidi,105,Potato,105,Common,0.0,187.0,1500.0,1900.0,1700.0,0.0,0.0
2025-01-03 00:00:00+05:30,367,Gudimalkapur,1571,Gudumalkapur,106,ColaCasio(Arvi),106,Common,0.0,51.0,2500.0,3000.0,2800.0,0.0,0.0
2025-01-03 00:00:00+05:30,289,Sadasivpet,1200,Sadasivapet,15,Red Gram,15,Common,0.0,191.0,6100.0,7888.0,7754.0,0.0,0.0
2025-01-03 00:00:00+05:30,306,Mahbubnagar,1326,Mahaboobnagar,30,Groundnut pods,30,Common,0.0,282.0,3610.0,6363.0,6339.0,0.0,0.0
2025-01-03 00:00:00+05:30,322,Chevella,46,Chevella,98,Cabbage,98,Common,0.0,4.0,1500.0,1500.0,1500.0,0.0,0.0
2025-01-03 00:00:00+05:30,325,Hyderabad,7,Meeralamandi,113,Green Chillies,113,Common,0.0,3.0,4000.0,4500.0,4250.0,0.0,0.0
2025-01-03 00:00:00+05:30,188,Bhainsa,11,Bhainsa,17,Black Gram,17,Common,0.0,3.4,4611.0,4611.0,4611.0,0.0,0.0
2025-01-03 00:00:00+05:30,219,Jagtial,1125,Jagtial,1,Paddy,274,Common (HMT),0.0,6.0,2251.0,2251.0,2251.0,0.0,0.0
2025-01-03 00:00:00+05:30,239,Kesamudram,1168,Kesamudram,16,Green Gram,16,Common,0.0,4.0,5689.0,7112.0,6439.0,0.0,0.0
2025-01-03 00:00:00+05:30,208,Nizamabad,1080,Nizamabad,5,Maize,215,Hybrid New,0.0,8.0,1629.0,1629.0,1629.0,0.0,0.0
2025-01-03 00:00:00+05:30,325,Hyderabad,6,Madannapeta,112,Ladys Finger,112,Common,0.0,17.0,2000.0,3000.0,2500.0,0.0,0.0
2025-01-02 00:00:00+05:30,329,Navabpet(MBNR),1483,Navabpet,22,Cowpea,22,Common,0.0,4.0,7512.0,7702.0,7702.0,0.0,0.0
2025-01-03 00:00:00+05:30,246,Warangal,886,Warangal,5,Maize,5,Common,0.0,11.2,2570.0,2570.0,2570.0,0.0,0.0
2025-01-03 00:00:00+05:30,324,Bowenpally,3,Bowenpally,106,ColaCasio(Arvi),106,Common,0.0,72.0,1500.0,3200.0,2800.0,0.0,0.0
2025-01-02 00:00:00+05:30,367,Gudimalkapur,1571,Gudumalkapur,106,ColaCasio(Arvi),106,Common,0.0,15.0,2000.0,3000.0,2500.0,0.0,0.0
2025-01-02 00:00:00+05:30,331,Vantimamidi,1612,Vantimamidi,105,Potato,105,Common,0.0,168.0,1200.0,1900.0,1550.0,0.0,0.0
2025-01-02 00:00:00+05:30,306,Mahbubnagar,1326,Mahaboobnagar,30,Groundnut pods,30,Common,0.0,175.0,3555.0,6637.0,4419.0,0.0,0.0
2025-01-02 00:00:00+05:30,238,Jangoan,1169,Jangaon,5,Maize,5,Common,0.0,38.5,2423.0,2423.0,2423.0,0.0,0.0
2025-01-02 00:00:00+05:30,289,Sadasivpet,1200,Sadasivapet,15,Red Gram,15,Common,0.0,326.0,3339.0,7950.0,7936.0,0.0,0.0
2025-01-02 00:00:00+05:30,208,Nizamabad,1080,Nizamabad,5,Maize,215,Hybrid New,0.0,3.0,2322.0,2322.0,2322.0,0.0,0.0
2025-01-02 00:00:00+05:30,325,Hyderabad,6,Madannapeta,112,Ladys Finger,112,Common,0.0,20.0,2500.0,3500.0,3000.0,0.0,0.0
2025-01-02 00:00:00+05:30,325,Hyderabad,7,Meeralamandi,113,Green Chillies,113,Common,0.0,4.0,4000.0,4000.0,4000.0,0.0,0.0
2025-01-02 00:00:00+05:30,322,Chevella,46,Chevella,98,Cabbage,98,Common,0.0,3.0,1500.0,1500.0,1500.0,0.0,0.0
2025-01-02 00:00:00+05:30,324,Bowenpally,3,Bowenpally,106,ColaCasio(Arvi),106,Common,0.0,153.0,1500.0,3500.0,2800.0,0.0,0.0
2025-01-01 00:00:00+05:30,325,Hyderabad,7,Meeralamandi,113,Green Chillies,113,Common,0.0,6.0,3000.0,4000.0,3500.0,0.0,0.0
2025-01-01 00:00:00+05:30,331,Vantimamidi,1612,Vantimamidi,105,Potato,105,Common,0.0,87.0,1000.0,1800.0,1400.0,0.0,0.0
2025-01-01 00:00:00+05:30,322,Chevella,46,Chevella,98,Cabbage,98,Common,0.0,5.0,1500.0,1500.0,1500.0,0.0,0.0
2025-01-31 00:00:00+05:30,367,Gudimalkapur,1571,Gudumalkapur,106,ColaCasio(Arvi),106,Common,0.0,40.0,2300.0,3000.0,2500.0,0.0,0.0
2025-01-31 00:00:00+05:30,289,Sadasivpet,1200,Sadasivapet,15,Red Gram,15,Common,0.0,127.0,6500.0,7236.0,7088.0,0.0,0.0
2025-01-31 00:00:00+05:30,238,Jangoan,1169,Jangaon,5,Maize,5,Common,0.0,289.3,2259.0,2375.0,2311.0,0.0,0.0
2025-01-31 00:00:00+05:30,331,Vantimamidi,1612,Vantimamidi,105,Potato,105,Common,0.0,116.0,1000.0,1600.0,1300.0,0.0,0.0
2025-01-31 00:00:00+05:30,306,Mahbubnagar,1326,Mahaboobnagar,30,Groundnut pods,30,Common,0.0,11153.0,3509.0,6210.0,5470.0,0.0,0.0
2025-01-31 00:00:00+05:30,226,Metpally,1133,Metpally,57,Tumeric,227,Finger,0.0,46.2,7000.0,12666.0,11511.0,0.0,0.0
2025-01-30 00:00:00+05:30,329,Navabpet(MBNR),1483,Navabpet,22,Cowpea,22,Common,0.0,15.0,6628.0,7388.0,7386.0,0.0,0.0
2025-01-31 00:00:00+05:30,325,Hyderabad,7,Meeralamandi,113,Green Chillies,113,Common,0.0,4.0,3000.0,4000.0,3500.0,0.0,0.0
2025-01-31 00:00:00+05:30,325,Hyderabad,5,Mahabubmansion,54,Chillies(Dry),307,Bydagi,0.0,435.0,11000.0,16000.0,12000.0,0.0,0.0
2025-01-30 00:00:00+05:30,296,Achampet,1337,Achampet,30,Groundnut pods,30,Common,0.0,8853.0,4487.0,6830.0,5770.0,0.0,0.0
2025-01-31 00:00:00+05:30,325,Hyderabad,6,Madannapeta,112,Ladys Finger,112,Common,0.0,22.0,3500.0,4000.0,3750.0,0.0,0.0
2025-01-31 00:00:00+05:30,324,Bowenpally,3,Bowenpally,106,ColaCasio(Arvi),106,Common,0.0,90.0,1500.0,4000.0,3200.0,0.0,0.0
2025-01-30 00:00:00+05:30,289,Sadasivpet,1200,Sadasivapet,15,Red Gram,15,Common,0.0,83.0,6262.0,7236.0,6966.0,0.0,0.0
2025-01-30 00:00:00+05:30,331,Vantimamidi,1612,Vantimamidi,105,Potato,105,Common,0.0,188.0,1000.0,1800.0,1400.0,0.0,0.0
2025-01-30 00:00:00+05:30,367,Gudimalkapur,1571,Gudumalkapur,106,ColaCasio(Arvi),106,Common,0.0,66.0,2500.0,3000.0,2800.0,0.0,0.0
2025-01-30 00:00:00+05:30,325,Hyderabad,5,Mahabubmansion,54,Chillies(Dry),307,Bydagi,0.0,363.0,10000.0,21000.0,13000.0,0.0,0.0
2025-01-30 00:00:00+05:30,325,Hyderabad,6,Madannapeta,112,Ladys Finger,112,Common,0.0,11.0,3000.0,3500.0,3250.0,0.0,0.0
2025-01-30 00:00:00+05:30,325,Hyderabad,7,Meeralamandi,113,Green Chillies,113,Common,0.0,4.0,4000.0,5000.0,4500.0,0.0,0.0
2025-01-30 00:00:00+05:30,324,Bowenpally,3,Bowenpally,106,ColaCasio(Arvi),106,Common,0.0,115.0,1500.0,3500.0,2800.0,0.0,0.0
2025-01-29 00:00:00+05:30,325,Hyderabad,7,Meeralamandi,113,Green Chillies,113,Common,0.0,5.0,3500.0,4000.0,3750.0,0.0,0.0
2025-01-29 00:00:00+05:30,331,Vantimamidi,1612,Vantimamidi,105,Potato,105,Common,0.0,106.0,1400.0,2000.0,1700.0,0.0,0.0
2025-01-28 00:00:00+05:30,367,Gudimalkapur,1571,Gudumalkapur,106,ColaCasio(Arvi),106,Common,0.0,34.0,3000.0,3500.0,3000.0,0.0,0.0
2025-01-28 00:00:00+05:30,238,Jangoan,1169,Jangaon,5,Maize,5,Common,0.0,442.75,2255.0,2366.0,2311.0,0.0,0.0
2025-01-28 00:00:00+05:30,207,Madnoor,1083,Madnoor,25,Cotton,25,Common,0.0,1050.0,6300.0,7020.0,6950.0,0.0,0.0
2025-01-28 00:00:00+05:30,306,Mahbubnagar,1326,Mahaboobnagar,30,Groundnut pods,30,Common,0.0,8192.0,3509.0,6190.0,5489.0,0.0,0.0
2025-01-28 00:00:00+05:30,289,Sadasivpet,1200,Sadasivapet,15,Red Gram,15,Common,0.0,35.0,6066.0,7130.0,6709.0,0.0,0.0
2025-01-27 00:00:00+05:30,329,Navabpet(MBNR),1483,Navabpet,22,Cowpea,22,Common,0.0,28.0,6325.0,7290.0,7280.0,0.0,0.0
2025-01-28 00:00:00+05:30,325,Hyderabad,5,Mahabubmansion,54,Chillies(Dry),307,Bydagi,0.0,187.0,11000.0,19000.0,12000.0,0.0,0.0
2025-01-28 00:00:00+05:30,325,Hyderabad,7,Meeralamandi,113,Green Chillies,113,Common,0.0,4.0,5000.0,5000.0,5000.0,0.0,0.0
2025-01-28 00:00:00+05:30,325,Hyderabad,6,Madannapeta,112,Ladys Finger,112,Common,0.0,22.0,3500.0,4000.0,2750.0,0.0,0.0
2025-01-28 00:00:00+05:30,324,Bowenpally,3,Bowenpally,106,ColaCasio(Arvi),106,Common,0.0,225.0,2000.0,3500.0,3000.0,0.0,0.0
2025-01-27 00:00:00+05:30,367,Gudimalkapur,1571,Gudumalkapur,106,ColaCasio(Arvi),106,Common,0.0,40.0,3000.0,3600.0,3000.0,0.0,0.0
2025-01-27 00:00:00+05:30,296,Achampet,1337,Achampet,30,Groundnut pods,30,Common,0.0,4118.25,4010.0,6670.0,5810.0,0.0,0.0
2025-01-27 00:00:00+05:30,331,Vantimamidi,1612,Vantimamidi,105,Potato,105,Common,0.0,152.0,1200.0,2000.0,1600.0,0.0,0.0
2025-01-27 00:00:00+05:30,207,Madnoor,1083,Madnoor,25,Cotton,25,Common,0.0,49.5,6700.0,7200.0,7200.0,0.0,0.0
2025-01-27 00:00:00+05:30,238,Jangoan,1169,Jangaon,5,Maize,5,Common,0.0,194.15,2129.0,2361.0,2281.0,0.0,0.0
2025-01-27 00:00:00+05:30,306,Mahbubnagar,1326,Mahaboobnagar,30,Groundnut pods,30,Common,0.0,6525.0,3502.0,6210.0,5269.0,0.0,0.0
2025-01-27 00:00:00+05:30,289,Sadasivpet,1200,Sadasivapet,15,Red Gram,15,Common,0.0,133.0,6669.0,7371.0,6814.0,0.0,0.0
2025-01-27 00:00:00+05:30,325,Hyderabad,6,Madannapeta,112,Ladys Finger,112,Common,0.0,24.0,3000.0,4000.0,3500.0,0.0,0.0
2025-01-27 00:00:00+05:30,325,Hyderabad,7,Meeralamandi,113,Green Chillies,113,Common,0.0,4.0,3000.0,4000.0,3500.0,0.0,0.0
2025-01-27 00:00:00+05:30,325,Hyderabad,5,Mahabubmansion,54,Chillies(Dry),307,Bydagi,0.0,276.0,13000.0,20000.0,15000.0,0.0,0.0
2025-01-26 00:00:00+05:30,331,Vantimamidi,1612,Vantimamidi,105,Potato,105,Common,0.0,191.0,800.0,1600.0,1200.0,0.0,0.0
2025-01-26 00:00:00+05:30,367,Gudimalkapur,1571,Gudumalkapur,106,ColaCasio(Arvi),106,Common,0.0,40.0,3000.0,3500.0,3000.0,0.0,0.0
2025-01-26 00:00:00+05:30,325,Hyderabad,6,Madannapeta,112,Ladys Finger,112,Common,0.0,15.0,3000.0,4000.0,3500.0,0.0,0.0
2025-01-26 00:00:00+05:30,324,Bowenpally,3,Bowenpally,106,ColaCasio(Arvi),106,Common,0.0,127.0,2000.0,3500.0,3000.0,0.0,0.0
2025-01-25 00:00:00+05:30,306,Mahbubnagar,1326,Mahaboobnagar,30,Groundnut pods,30,Common,0.0,5430.0,3510.0,6372.0,4566.0,0.0,0.0
2025-01-25 00:00:00+05:30,367,Gudimalkapur,1571,Gudumalkapur,106,ColaCasio(Arvi),106,Common,0.0,48.0,3000.0,3500.0,3000.0,0.0,0.0
2025-01-25 00:00:00+05:30,289,Sadasivpet,1200,Sadasivapet,15,Red Gram,15,Common,0.0,115.0,5100.0,7353.0,6912.0,0.0,0.0
2025-01-25 00:00:00+05:30,331,Vantimamidi,1612,Vantimamidi,105,Potato,105,Common,0.0,149.0,500.0,1500.0,1000.0,0.0,0.0
2025-01-25 00:00:00+05:30,207,Madnoor,1083,Madnoor,25,Cotton,25,Common,0.0,461.0,6700.0,7250.0,7200.0,0.0,0.0
2025-01-25 00:00:00+05:30,325,Hyderabad,7,Meeralamandi,113,Green Chillies,113,Common,0.0,4.0,3500.0,4000.0,3750.0,0.0,0.0
2025-01-01 00:00:00+05:30,322,Chevella,46,Chevella,99,Cauliflower,99,Common,0.0,6.0,1600.0,1600.0,1600.0,0.0,0.0
2025-01-01 00:00:00+05:30,325,Hyderabad,7,Meeralamandi,114,Tomato,114,Common,0.0,37.0,800.0,1000.0,900.0,0.0,0.0
2025-01-02 00:00:00+05:30,324,Bowenpally,3,Bowenpally,107,Sweet Potato,107,Common,0.0,200.0,800.0,2500.0,2000.0,0.0,0.0
2025-01-02 00:00:00+05:30,323,Gaddiannaram,2,L.B Nagar,111,Brinjal,111,Common,0.0,30.0,1000.0,1500.0,1200.0,0.0,0.0
2025-01-02 00:00:00+05:30,322,Chevella,46,Chevella,99,Cauliflower,99,Common,0.0,4.0,1600.0,1600.0,1600.0,0.0,0.0
2025-01-02 00:00:00+05:30,325,Hyderabad,7,Meeralamandi,114,Tomato,114,Common,0.0,40.0,600.0,800.0,700.0,0.0,0.0
2025-01-02 00:00:00+05:30,188,Bhainsa,11,Bhainsa,25,Cotton,25,Common,0.0,321.65,6600.0,6900.0,6800.0,0.0,0.0
2025-01-02 00:00:00+05:30,279,Thirumalagiri,9,Tirmalagiri,1,Paddy,256,Grade-A (RNR),0.0,67.0,2262.0,2589.0,2474.0,0.0,0.0
2025-01-02 00:00:00+05:30,325,Hyderabad,6,Madannapeta,113,Green Chillies,113,Common,0.0,27.0,3500.0,4500.0,4000.0,0.0,0.0
2025-01-02 00:00:00+05:30,325,Hyderabad,5,Mahabubmansion,54,Chillies(Dry),309,Armoor,0.0,117.0,8000.0,11000.0,9000.0,0.0,0.0
2025-01-02 00:00:00+05:30,219,Jagtial,1125,Jagtial,5,Maize,5,Common,0.0,1.0,1111.0,1111.0,1111.0,0.0,0.0
2025-01-01 00:00:00+05:30,274,Nakrekal,1098,Nakrekal,151,Lemon,151,Common,0.0,189.0,100.0,700.0,300.0,0.0,0.0
2025-01-02 00:00:00+05:30,274,Nakrekal,1098,Nakrekal,151,Lemon,151,Common,0.0,110.0,100.0,800.0,300.0,0.0,0.0
2025-01-02 00:00:00+05:30,238,Jangoan,1169,Jangaon,15,Red Gram,15,Common,0.0,40.2,6166.0,7015.0,6655.0,0.0,0.0
2025-01-02 00:00:00+05:30,239,Kesamudram,1168,Kesamudram,25,Cotton,25,Common,0.0,60.0,6711.0,7152.0,7011.0,0.0,0.0
2025-01-02 00:00:00+05:30,300,Badepally,1327,Badepally,15,Red Gram,15,Common,0.0,159.0,5881.0,7495.0,7099.0,0.0,0.0
2025-01-02 00:00:00+05:30,308,Nagarkurnool,1334,Nagarkurnool,15,Red Gram,15,Common,0.0,69.0,5709.0,8629.0,7329.0,0.0,0.0
2025-01-03 00:00:00+05:30,324,Bowenpally,3,Bowenpally,107,Sweet Potato,107,Common,0.0,143.0,1000.0,2800.0,2400.0,0.0,0.0
2025-01-03 00:00:00+05:30,323,Gaddiannaram,2,L.B Nagar,111,Brinjal,111,Common,0.0,60.0,1000.0,2000.0,1500.0,0.0,0.0
2025-01-03 00:00:00+05:30,325,Hyderabad,5,Mahabubmansion,54,Chillies(Dry),309,Armoor,0.0,54.0,8000.0,11000.0,9000.0,0.0,0.0
2025-01-03 00:00:00+05:30,325,Hyderabad,6,Madannapeta,113,Green Chillies,113,Common,0.0,32.0,3000.0,4000.0,3500.0,0.0,0.0
2025-01-03 00:00:00+05:30,278,Suryapet,1091,Suryapet,5,Maize,5,Common,0.0,3.0,1666.0,1666.0,1666.0,0.0,0.0
2025-01-03 00:00:00+05:30,239,Kesamudram,1168,Kesamudram,25,Cotton,25,Common,0.0,36.0,6535.0,7139.0,6951.0,0.0,0.0
2025-01-03 00:00:00+05:30,219,Jagtial,1125,Jagtial,5,Maize,5,Common,0.0,1.0,2100.0,2100.0,2100.0,0.0,0.0
2025-01-03 00:00:00+05:30,188,Bhainsa,11,Bhainsa,25,Cotton,25,Common,0.0,245.15,6600.0,6900.0,6800.0,0.0,0.0
2025-01-03 00:00:00+05:30,279,Thirumalagiri,9,Tirmalagiri,1,Paddy,256,Grade-A (RNR),0.0,28.0,2609.0,2609.0,2609.0,0.0,0.0
2025-01-03 00:00:00+05:30,325,Hyderabad,7,Meeralamandi,114,Tomato,114,Common,0.0,27.0,800.0,1000.0,900.0,0.0,0.0
2025-01-03 00:00:00+05:30,322,Chevella,46,Chevella,99,Cauliflower,99,Common,0.0,6.0,1600.0,1600.0,1600.0,0.0,0.0
2025-01-03 00:00:00+05:30,317,Pargi,39,Pargi,15,Red Gram,15,Common,0.0,1366.0,6900.0,8109.0,8059.0,0.0,0.0
2025-01-03 00:00:00+05:30,308,Nagarkurnool,1334,Nagarkurnool,15,Red Gram,15,Common,0.0,25.5,6292.0,7289.0,7189.0,0.0,0.0
2025-01-03 00:00:00+05:30,231,Vemulawada,1126,Vemulawada,25,Cotton,25,Common,0.0,26.0,7200.0,7500.0,7350.0,0.0,0.0
2025-01-03 00:00:00+05:30,238,Jangoan,1169,Jangaon,15,Red Gram,15,Common,0.0,54.0,6405.0,7085.0,7025.0,0.0,0.0
2025-01-03 00:00:00+05:30,300,Badepally,1327,Badepally,15,Red Gram,15,Common,0.0,593.0,5000.0,7511.0,7551.0,0.0,0.0
2025-01-03 00:00:00+05:30,367,Gudimalkapur,1571,Gudumalkapur,107,Sweet Potato,107,Common,0.0,5.0,1200.0,1200.0,1200.0,0.0,0.0
2025-01-04 00:00:00+05:30,324,Bowenpally,3,Bowenpally,107,Sweet Potato,107,Common,0.0,80.0,800.0,2500.0,2000.0,0.0,0.0
2025-01-04 00:00:00+05:30,274,Nakrekal,1098,Nakrekal,151,Lemon,151,Common,0.0,251.0,100.0,700.0,300.0,0.0,0.0
2025-01-04 00:00:00+05:30,300,Badepally,1327,Badepally,15,Red Gram,15,Common,0.0,608.0,5311.0,7801.0,6753.0,0.0,0.0
2025-01-04 00:00:00+05:30,238,Jangoan,1169,Jangaon,15,Red Gram,15,Common,0.0,41.4,5225.0,7135.0,6975.0,0.0,0.0
2025-01-04 00:00:00+05:30,231,Vemulawada,1126,Vemulawada,25,Cotton,25,Common,0.0,26.0,7200.0,7500.0,7350.0,0.0,0.0
2025-01-04 00:00:00+05:30,322,Chevella,46,Chevella,99,Cauliflower,99,Common,0.0,5.0,1600.0,1600.0,1600.0,0.0,0.0
2025-01-04 00:00:00+05:30,188,Bhainsa,11,Bhainsa,25,Cotton,25,Common,0.0,278.9,6600.0,6900.0,6800.0,0.0,0.0
2025-01-04 00:00:00+05:30,325,Hyderabad,7,Meeralamandi,114,Tomato,114,Common,0.0,31.0,400.0,600.0,500.0,0.0,0.0
2025-01-04 00:00:00+05:30,279,Thirumalagiri,9,Tirmalagiri,1,Paddy,256,Grade-A (RNR),0.0,14.0,2644.0,2644.0,2644.0,0.0,0.0
2025-01-04 00:00:00+05:30,325,Hyderabad,6,Madannapeta,113,Green Chillies,113,Common,0.0,28.0,3000.0,4000.0,3500.0,0.0,0.0
2025-01-04 00:00:00+05:30,325,Hyderabad,5,Mahabubmansion,54,Chillies(Dry),309,Armoor,0.0,100.0,6000.0,9000.0,8000.0,0.0,0.0
2025-01-04 00:00:00+05:30,323,Gaddiannaram,2,L.B Nagar,111,Brinjal,111,Common,0.0,41.0,1000.0,2000.0,1500.0,0.0,0.0
2025-01-04 00:00:00+05:30,367,Gudimalkapur,1571,Gudumalkapur,107,Sweet Potato,107,Common,0.0,5.0,1000.0,1500.0,1200.0,0.0,0.0
2025-01-05 00:00:00+05:30,324,Bowenpally,3,Bowenpally,107,Sweet Potato,107,Common,0.0,237.0,1500.0,2500.0,2200.0,0.0,0.0
2025-01-05 00:00:00+05:30,325,Hyderabad,6,Madannapeta,113,Green Chillies,113,Common,0.0,32.0,3000.0,4000.0,3500.0,0.0,0.0
2025-01-05 00:00:00+05:30,323,Gaddiannaram,2,L.B Nagar,111,Brinjal,111,Common,0.0,42.0,1000.0,2000.0,1500.0,0.0,0.0
2025-01-05 00:00:00+05:30,322,Chevella,46,Chevella,99,Cauliflower,99,Common,0.0,5.0,1600.0,1600.0,1600.0,0.0,0.0
2025-01-05 00:00:00+05:30,274,Nakrekal,1098,Nakrekal,151,Lemon,151,Common,0.0,252.0,100.0,700.0,300.0,0.0,0.0
2025-01-05 00:00:00+05:30,325,Hyderabad,7,Meeralamandi,114,Tomato,114,Common,0.0,25.0,600.0,800.0,700.0,0.0,0.0
2025-01-05 00:00:00+05:30,367,Gudimalkapur,1571,Gudumalkapur,107,Sweet Potato,107,Common,0.0,16.0,1200.0,1500.0,1200.0,0.0,0.0
2025-01-06 00:00:00+05:30,324,Bowenpally,3,Bowenpally,107,Sweet Potato,107,Common,0.0,96.0,1000.0,2500.0,2000.0,0.0,0.0
2025-01-06 00:00:00+05:30,325,Hyderabad,5,Mahabubmansion,54,Chillies(Dry),309,Armoor,0.0,116.0,8000.0,11000.0,9000.0,0.0,0.0
2025-01-06 00:00:00+05:30,323,Gaddiannaram,2,L.B Nagar,111,Brinjal,111,Common,0.0,49.0,2000.0,2500.0,2200.0,0.0,0.0
2025-01-06 00:00:00+05:30,325,Hyderabad,7,Meeralamandi,114,Tomato,114,Common,0.0,38.0,600.0,800.0,700.0,0.0,0.0
2025-01-06 00:00:00+05:30,188,Bhainsa,11,Bhainsa,25,Cotton,25,Common,0.0,14929.3,6600.0,7421.0,7384.0,0.0,0.0
2025-01-06 00:00:00+05:30,325,Hyderabad,6,Madannapeta,113,Green Chillies,113,Common,0.0,32.0,3500.0,4500.0,4000.0,0.0,0.0
2025-01-06 00:00:00+05:30,246,Warangal,886,Warangal,5,Maize,261,Bilt,0.0,98.3,2350.0,2565.0,2535.0,0.0,0.0
2025-01-06 00:00:00+05:30,322,Chevella,46,Chevella,99,Cauliflower,99,Common,0.0,6.0,1600.0,1600.0,1600.0,0.0,0.0
2025-01-06 00:00:00+05:30,274,Nakrekal,1098,Nakrekal,151,Lemon,151,Common,0.0,251.0,100.0,700.0,300.0,0.0,0.0
2025-01-06 00:00:00+05:30,278,Suryapet,1091,Suryapet,5,Maize,5,Common,0.0,3.0,1913.0,1913.0,1913.0,0.0,0.0
2025-01-06 00:00:00+05:30,300,Badepally,1327,Badepally,15,Red Gram,15,Common,0.0,1066.0,4601.0,7611.0,7230.0,0.0,0.0
2025-01-06 00:00:00+05:30,239,Kesamudram,1168,Kesamudram,25,Cotton,25,Common,0.0,126.0,6101.0,7222.0,7139.0,0.0,0.0
2025-01-06 00:00:00+05:30,238,Jangoan,1169,Jangaon,15,Red Gram,15,Common,0.0,75.6,5051.0,7169.0,6375.0,0.0,0.0
2025-01-06 00:00:00+05:30,367,Gudimalkapur,1571,Gudumalkapur,107,Sweet Potato,107,Common,0.0,5.0,1500.0,1500.0,2000.0,0.0,0.0
2025-01-07 00:00:00+05:30,324,Bowenpally,3,Bowenpally,107,Sweet Potato,107,Common,0.0,177.0,1000.0,2500.0,2000.0,0.0,0.0
2025-01-07 00:00:00+05:30,323,Gaddiannaram,1,Gaddiannaram,81,Grapes,81,Common,0.0,1.0,10000.0,22500.0,12500.0,0.0,0.0
2025-01-07 00:00:00+05:30,323,Gaddiannaram,2,L.B Nagar,111,Brinjal,111,Common,0.0,41.0,2000.0,2500.0,2200.0,0.0,0.0
2025-01-07 00:00:00+05:30,325,Hyderabad,7,Meeralamandi,114,Tomato,114,Common,0.0,15.0,600.0,1000.0,800.0,0.0,0.0
2025-01-07 00:00:00+05:30,325,Hyderabad,6,Madannapeta,113,Green Chillies,113,Common,0.0,32.0,3000.0,4000.0,3500.0,0.0,0.0
2025-01-07 00:00:00+05:30,246,Warangal,886,Warangal,5,Maize,261,Bilt,0.0,52.8,2565.0,2565.0,2565.0,0.0,0.0
2025-01-07 00:00:00+05:30,238,Jangoan,1169,Jangaon,15,Red Gram,15,Common,0.0,43.2,5725.0,7005.0,6565.0,0.0,0.0
2025-01-07 00:00:00+05:30,274,Nakrekal,1098,Nakrekal,151,Lemon,151,Common,0.0,182.0,100.0,700.0,300.0,0.0,0.0
2025-01-07 00:00:00+05:30,219,Jagtial,1125,Jagtial,5,Maize,5,Common,0.0,1.0,2100.0,2100.0,2100.0,0.0,0.0
2025-01-07 00:00:00+05:30,279,Thirumalagiri,9,Tirmalagiri,1,Paddy,256,Grade-A (RNR),0.0,24.0,2012.0,2359.0,2359.0,0.0,0.0
2025-01-07 00:00:00+05:30,188,Bhainsa,11,Bhainsa,25,Cotton,25,Common,0.0,185.9,6600.0,6900.0,6800.0,0.0,0.0
2025-01-07 00:00:00+05:30,188,Bhainsa,11,Bhainsa,25,Cotton,25,Common,0.0,9127.4,7124.0,7421.0,7384.0,0.0,0.0
2025-01-07 00:00:00+05:30,300,Badepally,1327,Badepally,15,Red Gram,15,Common,0.0,574.0,5010.0,7361.0,7361.0,0.0,0.0
2025-01-07 00:00:00+05:30,367,Gudimalkapur,1571,Gudumalkapur,107,Sweet Potato,107,Common,0.0,4.0,1000.0,1500.0,1000.0,0.0,0.0
2025-01-08 00:00:00+05:30,324,Bowenpally,3,Bowenpally,107,Sweet Potato,107,Common,0.0,59.0,1000.0,2500.0,2000.0,0.0,0.0
2025-01-08 00:00:00+05:30,323,Gaddiannaram,2,L.B Nagar,111,Brinjal,111,Common,0.0,40.0,1000.0,2000.0,1500.0,0.0,0.0
2025-01-08 00:00:00+05:30,246,Warangal,886,Warangal,5,Maize,261,Bilt,0.0,114.36,2540.0,2560.0,2540.0,0.0,0.0
2025-01-08 00:00:00+05:30,325,Hyderabad,6,Madannapeta,113,Green Chillies,113,Common,0.0,40.0,3500.0,4000.0,3750.0,0.0,0.0
2025-01-08 00:00:00+05:30,325,Hyderabad,7,Meeralamandi,114,Tomato,114,Common,0.0,22.0,800.0,1200.0,1000.0,0.0,0.0
2025-01-08 00:00:00+05:30,325,Hyderabad,5,Mahabubmansion,54,Chillies(Dry),309,Armoor,0.0,95.0,9000.0,11000.0,10000.0,0.0,0.0
2025-01-08 00:00:00+05:30,238,Jangoan,1169,Jangaon,15,Red Gram,15,Common,0.0,116.4,3025.0,7159.0,5715.0,0.0,0.0
2025-01-08 00:00:00+05:30,274,Nakrekal,1098,Nakrekal,151,Lemon,151,Common,0.0,167.0,100.0,700.0,300.0,0.0,0.0
2025-01-08 00:00:00+05:30,239,Kesamudram,1168,Kesamudram,25,Cotton,25,Common,0.0,62.0,6311.0,7289.0,7211.0,0.0,0.0
2025-01-08 00:00:00+05:30,188,Bhainsa,11,Bhainsa,25,Cotton,25,Common,0.0,650.45,6600.0,7100.0,7000.0,0.0,0.0
2025-01-08 00:00:00+05:30,279,Thirumalagiri,9,Tirmalagiri,1,Paddy,256,Grade-A (RNR),0.0,22.0,2670.0,2670.0,2670.0,0.0,0.0
2025-01-08 00:00:00+05:30,322,Chevella,46,Chevella,99,Cauliflower,99,Common,0.0,4.0,1600.0,1600.0,1600.0,0.0,0.0
2025-01-08 00:00:00+05:30,300,Badepally,1327,Badepally,15,Red Gram,15,Common,0.0,601.0,4901.0,7411.0,7411.0,0.0,0.0
2025-01-09 00:00:00+05:30,324,Bowenpally,3,Bowenpally,107,Sweet Potato,107,Common,0.0,260.0,1000.0,3000.0,2500.0,0.0,0.0
2025-01-09 00:00:00+05:30,323,Gaddiannaram,2,L.B Nagar,111,Brinjal,111,Common,0.0,26.0,1000.0,2000.0,1500.0,0.0,0.0
2025-01-09 00:00:00+05:30,325,Hyderabad,6,Madannapeta,113,Green Chillies,113,Common,0.0,35.0,3000.0,3500.0,3250.0,0.0,0.0
2025-01-09 00:00:00+05:30,325,Hyderabad,5,Mahabubmansion,54,Chillies(Dry),309,Armoor,0.0,100.0,8000.0,11000.0,10000.0,0.0,0.0
2025-01-09 00:00:00+05:30,239,Kesamudram,1168,Kesamudram,25,Cotton,25,Common,0.0,82.0,6899.0,7326.0,7159.0,0.0,0.0
2025-01-09 00:00:00+05:30,219,Jagtial,1125,Jagtial,5,Maize,5,Common,0.0,3.0,2261.0,2261.0,2261.0,0.0,0.0
2025-01-09 00:00:00+05:30,238,Jangoan,1169,Jangaon,15,Red Gram,15,Common,0.0,106.8,5756.0,7189.0,6711.0,0.0,0.0
2025-01-09 00:00:00+05:30,274,Nakrekal,1098,Nakrekal,151,Lemon,151,Common,0.0,191.0,100.0,700.0,300.0,0.0,0.0
2025-01-09 00:00:00+05:30,325,Hyderabad,7,Meeralamandi,114,Tomato,114,Common,0.0,17.0,800.0,1000.0,900.0,0.0,0.0
2025-01-09 00:00:00+05:30,279,Thirumalagiri,9,Tirmalagiri,1,Paddy,256,Grade-A (RNR),0.0,10.0,2343.0,2343.0,2343.0,0.0,0.0
2025-01-09 00:00:00+05:30,188,Bhainsa,11,Bhainsa,25,Cotton,25,Common,0.0,455.65,6500.0,7000.0,6900.0,0.0,0.0
2025-01-09 00:00:00+05:30,188,Bhainsa,11,Bhainsa,25,Cotton,25,Common,0.0,8502.0,7124.0,7421.0,7403.0,0.0,0.0
2025-01-09 00:00:00+05:30,367,Gudimalkapur,1571,Gudumalkapur,107,Sweet Potato,107,Common,0.0,8.0,1000.0,1500.0,1300.0,0.0,0.0
2025-01-09 00:00:00+05:30,300,Badepally,1327,Badepally,15,Red Gram,15,Common,0.0,760.0,5001.0,7439.0,7289.0,0.0,0.0
2025-01-10 00:00:00+05:30,323,Gaddiannaram,1,Gaddiannaram,81,Grapes,81,Common,0.0,1.0,10000.0,22500.0,12500.0,0.0,0.0
2025-01-10 00:00:00+05:30,323,Gaddiannaram,2,L.B Nagar,111,Brinjal,111,Common,0.0,33.0,1000.0,2000.0,1500.0,0.0,0.0
2025-01-10 00:00:00+05:30,324,Bowenpally,3,Bowenpally,107,Sweet Potato,107,Common,0.0,116.0,1000.0,2500.0,2000.0,0.0,0.0
2025-01-10 00:00:00+05:30,246,Warangal,886,Warangal,5,Maize,261,Bilt,0.0,37.73,2200.0,2540.0,2540.0,0.0,0.0
2025-01-10 00:00:00+05:30,325,Hyderabad,6,Madannapeta,113,Green Chillies,113,Common,0.0,27.0,3000.0,3500.0,3250.0,0.0,0.0
2025-01-10 00:00:00+05:30,325,Hyderabad,7,Meeralamandi,114,Tomato,114,Common,0.0,18.0,400.0,720.0,560.0,0.0,0.0
2025-01-10 00:00:00+05:30,317,Pargi,39,Pargi,15,Red Gram,15,Common,0.0,2045.0,7011.0,7585.0,7585.0,0.0,0.0
2025-01-10 00:00:00+05:30,188,Bhainsa,11,Bhainsa,25,Cotton,25,Common,0.0,295.2,6500.0,7000.0,6900.0,0.0,0.0
2025-01-10 00:00:00+05:30,188,Bhainsa,11,Bhainsa,25,Cotton,25,Common,0.0,10146.45,7124.0,7421.0,7384.0,0.0,0.0
2025-01-10 00:00:00+05:30,300,Badepally,1327,Badepally,15,Red Gram,15,Common,0.0,564.0,5310.0,7311.0,6779.0,0.0,0.0
2025-01-10 00:00:00+05:30,239,Kesamudram,1168,Kesamudram,25,Cotton,25,Common,0.0,39.0,6666.0,7265.0,6888.0,0.0,0.0
2025-01-10 00:00:00+05:30,238,Jangoan,1169,Jangaon,15,Red Gram,15,Common,0.0,87.0,5856.0,7085.0,6851.0,0.0,0.0
2025-01-10 00:00:00+05:30,316,Narsingi,44,Narsingi,168,Cattle(All),168,Common,0.0,89.0,20000.0,50000.0,40000.0,0.0,0.0
2025-01-10 00:00:00+05:30,219,Jagtial,1125,Jagtial,5,Maize,5,Common,0.0,1.0,2226.0,2226.0,2226.0,0.0,0.0
2025-01-10 00:00:00+05:30,231,Vemulawada,1126,Vemulawada,25,Cotton,25,Common,0.0,33.0,7200.0,7500.0,7350.0,0.0,0.0
2025-01-10 00:00:00+05:30,296,Achampet,1337,Achampet,31,Castor,31,Common,0.0,2.0,5417.0,5417.0,5417.0,0.0,0.0
2025-01-10 00:00:00+05:30,308,Nagarkurnool,1334,Nagarkurnool,15,Red Gram,15,Common,0.0,59.0,6289.0,7390.0,7189.0,0.0,0.0
2025-01-11 00:00:00+05:30,324,Bowenpally,3,Bowenpally,107,Sweet Potato,107,Common,0.0,161.0,1000.0,2500.0,2000.0,0.0,0.0
2025-01-11 00:00:00+05:30,325,Hyderabad,5,Mahabubmansion,54,Chillies(Dry),309,Armoor,0.0,200.0,9000.0,11000.0,10000.0,0.0,0.0
2025-01-11 00:00:00+05:30,323,Gaddiannaram,2,L.B Nagar,111,Brinjal,111,Common,0.0,24.0,1000.0,2000.0,1500.0,0.0,0.0
2025-01-11 00:00:00+05:30,274,Nakrekal,1098,Nakrekal,151,Lemon,151,Common,0.0,213.0,100.0,700.0,300.0,0.0,0.0
2025-01-11 00:00:00+05:30,219,Jagtial,1125,Jagtial,5,Maize,5,Common,0.0,3.0,1425.0,2288.0,2288.0,0.0,0.0
2025-01-11 00:00:00+05:30,325,Hyderabad,7,Meeralamandi,114,Tomato,114,Common,0.0,21.0,1000.0,1200.0,1100.0,0.0,0.0
2025-01-11 00:00:00+05:30,279,Thirumalagiri,9,Tirmalagiri,1,Paddy,256,Grade-A (RNR),0.0,38.0,2509.0,2574.0,2574.0,0.0,0.0
2025-01-11 00:00:00+05:30,188,Bhainsa,11,Bhainsa,25,Cotton,25,Common,0.0,245.6,6600.0,7000.0,6900.0,0.0,0.0
2025-01-11 00:00:00+05:30,325,Hyderabad,6,Madannapeta,113,Green Chillies,113,Common,0.0,35.0,2500.0,3500.0,3000.0,0.0,0.0
2025-01-11 00:00:00+05:30,367,Gudimalkapur,1571,Gudumalkapur,107,Sweet Potato,107,Common,0.0,12.0,1500.0,2000.0,1800.0,0.0,0.0
2025-01-11 00:00:00+05:30,238,Jangoan,1169,Jangaon,15,Red Gram,15,Common,0.0,28.8,5325.0,7105.0,6565.0,0.0,0.0
2025-01-11 00:00:00+05:30,231,Vemulawada,1126,Vemulawada,25,Cotton,25,Common,0.0,53.0,7350.0,7200.0,7500.0,0.0,0.0
2025-01-12 00:00:00+05:30,324,Bowenpally,3,Bowenpally,107,Sweet Potato,107,Common,0.0,166.0,1500.0,3000.0,2500.0,0.0,0.0
2025-01-12 00:00:00+05:30,325,Hyderabad,6,Madannapeta,113,Green Chillies,113,Common,0.0,27.0,3000.0,3500.0,3250.0,0.0,0.0
2025-01-12 00:00:00+05:30,323,Gaddiannaram,1,Gaddiannaram,81,Grapes,81,Common,0.0,3.0,10000.0,22500.0,125000.0,0.0,0.0
2025-01-12 00:00:00+05:30,325,Hyderabad,7,Meeralamandi,114,Tomato,114,Common,0.0,25.0,400.0,800.0,600.0,0.0,0.0
2025-01-12 00:00:00+05:30,367,Gudimalkapur,1571,Gudumalkapur,107,Sweet Potato,107,Common,0.0,21.0,1500.0,2000.0,1500.0,0.0,0.0
2025-01-12 00:00:00+05:30,274,Nakrekal,1098,Nakrekal,151,Lemon,151,Common,0.0,194.0,100.0,700.0,300.0,0.0,0.0
2025-01-12 00:00:00+05:30,231,Vemulawada,1126,Vemulawada,25,Cotton,25,Common,0.0,19.0,7350.0,7200.0,7500.0,0.0,0.0
2025-01-13 00:00:00+05:30,323,Gaddiannaram,2,L.B Nagar,111,Brinjal,111,Common,0.0,32.0,1200.0,2000.0,1600.0,0.0,0.0
2025-01-13 00:00:00+05:30,324,Bowenpally,3,Bowenpally,107,Sweet Potato,107,Common,0.0,86.0,400.0,2500.0,2000.0,0.0,0.0
2025-01-13 00:00:00+05:30,325,Hyderabad,7,Meeralamandi,114,Tomato,114,Common,0.0,24.0,600.0,1000.0,800.0,0.0,0.0
2025-01-13 00:00:00+05:30,325,Hyderabad,5,Mahabubmansion,54,Chillies(Dry),309,Armoor,0.0,100.0,9000.0,11000.0,10000.0,0.0,0.0
2025-01-13 00:00:00+05:30,325,Hyderabad,6,Madannapeta,113,Green Chillies,113,Common,0.0,40.0,3000.0,4000.0,3500.0,0.0,0.0
2025-01-13 00:00:00+05:30,274,Nakrekal,1098,Nakrekal,151,Lemon,151,Common,0.0,214.0,100.0,1000.0,500.0,0.0,0.0
2025-01-13 00:00:00+05:30,367,Gudimalkapur,1571,Gudumalkapur,107,Sweet Potato,107,Common,0.0,6.0,1000.0,1500.0,1200.0,0.0,0.0
2025-01-14 00:00:00+05:30,323,Gaddiannaram,2,L.B Nagar,111,Brinjal,111,Common,0.0,10.0,2000.0,3000.0,2500.0,0.0,0.0
2025-01-14 00:00:00+05:30,324,Bowenpally,3,Bowenpally,107,Sweet Potato,107,Common,0.0,119.0,1000.0,2000.0,1600.0,0.0,0.0
2025-01-14 00:00:00+05:30,325,Hyderabad,6,Madannapeta,113,Green Chillies,113,Common,0.0,40.0,3500.0,4000.0,3750.0,0.0,0.0
2025-01-14 00:00:00+05:30,367,Gudimalkapur,1571,Gudumalkapur,107,Sweet Potato,107,Common,0.0,2.0,2000.0,2000.0,2000.0,0.0,0.0
2025-01-14 00:00:00+05:30,323,Gaddiannaram,1,Gaddiannaram,81,Grapes,81,Common,0.0,42.0,10000.0,22500.0,12500.0,0.0,0.0
2025-01-15 00:00:00+05:30,314,Marpally,45,Marpally,75,Soyabean,75,Common,0.0,190.0,4200.0,4200.0,4200.0,0.0,0.0
2025-01-15 00:00:00+05:30,367,Gudimalkapur,1571,Gudumalkapur,107,Sweet Potato,107,Common,0.0,2.0,2000.0,2000.0,2000.0,0.0,0.0
2025-01-15 00:00:00+05:30,324,Bowenpally,3,Bowenpally,107,Sweet Potato,107,Common,0.0,19.0,800.0,2000.0,1800.0,0.0,0.0
2025-01-15 00:00:00+05:30,323,Gaddiannaram,1,Gaddiannaram,81,Grapes,81,Common,0.0,4.0,10000.0,22500.0,12500.0,0.0,0.0
2025-01-15 00:00:00+05:30,323,Gaddiannaram,2,L.B Nagar,111,Brinjal,111,Common,0.0,10.0,2000.0,3000.0,2500.0,0.0,0.0
2025-01-16 00:00:00+05:30,325,Hyderabad,6,Madannapeta,113,Green Chillies,113,Common,0.0,37.0,3500.0,5000.0,4500.0,0.0,0.0
2025-01-16 00:00:00+05:30,323,Gaddiannaram,2,L.B Nagar,111,Brinjal,111,Common,0.0,30.0,2000.0,2500.0,2200.0,0.0,0.0
2025-01-16 00:00:00+05:30,324,Bowenpally,3,Bowenpally,107,Sweet Potato,107,Common,0.0,320.0,1000.0,2500.0,2000.0,0.0,0.0
2025-01-16 00:00:00+05:30,325,Hyderabad,7,Meeralamandi,114,Tomato,114,Common,0.0,21.0,800.0,1200.0,1000.0,0.0,0.0
2025-01-16 00:00:00+05:30,325,Hyderabad,5,Mahabubmansion,54,Chillies(Dry),309,Armoor,0.0,46.0,9000.0,11000.0,10000.0,0.0,0.0
2025-01-16 00:00:00+05:30,188,Bhainsa,11,Bhainsa,25,Cotton,25,Common,0.0,190.7,6500.0,7000.0,6900.0,0.0,0.0
2025-01-16 00:00:00+05:30,238,Jangoan,1169,Jangaon,15,Red Gram,15,Common,0.0,56.4,6021.0,6855.0,6605.0,0.0,0.0
2025-01-16 00:00:00+05:30,239,Kesamudram,1168,Kesamudram,25,Cotton,25,Common,0.0,32.0,6666.0,7211.0,7260.0,0.0,0.0
2025-01-16 00:00:00+05:30,212,Choppadandi,1123,Choppadandi,1,Paddy,256,Grade-A (RNR),0.0,28.0,2403.0,2403.0,2403.0,0.0,0.0
2025-01-16 00:00:00+05:30,367,Gudimalkapur,1571,Gudumalkapur,107,Sweet Potato,107,Common,0.0,27.0,1300.0,2000.0,1500.0,0.0,0.0
2025-01-16 00:00:00+05:30,308,Nagarkurnool,1334,Nagarkurnool,15,Red Gram,15,Common,0.0,33.5,5800.0,7301.0,7180.0,0.0,0.0
2025-01-16 00:00:00+05:30,300,Badepally,1327,Badepally,15,Red Gram,15,Common,0.0,155.0,6019.0,6996.0,6769.0,0.0,0.0
2025-01-17 00:00:00+05:30,324,Bowenpally,3,Bowenpally,107,Sweet Potato,107,Common,0.0,110.0,1000.0,2500.0,2000.0,0.0,0.0
2025-01-17 00:00:00+05:30,325,Hyderabad,6,Madannapeta,113,Green Chillies,113,Common,0.0,37.0,3000.0,4000.0,3500.0,0.0,0.0
2025-01-17 00:00:00+05:30,323,Gaddiannaram,2,L.B Nagar,111,Brinjal,111,Common,0.0,27.0,2000.0,2500.0,2200.0,0.0,0.0
2025-01-17 00:00:00+05:30,325,Hyderabad,7,Meeralamandi,114,Tomato,114,Common,0.0,19.0,400.0,880.0,640.0,0.0,0.0
2025-01-17 00:00:00+05:30,317,Pargi,39,Pargi,15,Red Gram,15,Common,0.0,387.0,7071.0,7316.0,7311.0,0.0,0.0
2025-01-17 00:00:00+05:30,316,Narsingi,44,Narsingi,168,Cattle(All),168,Common,0.0,111.0,20000.0,50000.0,40000.0,0.0,0.0
2025-01-17 00:00:00+05:30,279,Thirumalagiri,9,Tirmalagiri,1,Paddy,256,Grade-A (RNR),0.0,52.0,2259.0,2259.0,2259.0,0.0,0.0
2025-01-17 00:00:00+05:30,188,Bhainsa,11,Bhainsa,25,Cotton,25,Common,0.0,205.6,6500.0,7000.0,6800.0,0.0,0.0
2025-01-17 00:00:00+05:30,246,Warangal,886,Warangal,5,Maize,261,Bilt,0.0,35.25,2490.0,2530.0,2490.0,0.0,0.0
2025-01-17 00:00:00+05:30,239,Kesamudram,1168,Kesamudram,25,Cotton,25,Common,0.0,53.0,6555.0,7311.0,7211.0,0.0,0.0
2025-01-17 00:00:00+05:30,308,Nagarkurnool,1334,Nagarkurnool,15,Red Gram,15,Common,0.0,98.5,6520.0,7231.0,6989.0,0.0,0.0
2025-01-17 00:00:00+05:30,300,Badepally,1327,Badepally,15,Red Gram,15,Common,0.0,332.0,6000.0,7036.0,6810.0,0.0,0.0
2025-01-18 00:00:00+05:30,324,Bowenpally,3,Bowenpally,107,Sweet Potato,107,Common,0.0,261.0,1000.0,2500.0,2000.0,0.0,0.0
2025-01-17 00:00:00+05:30,238,Jangoan,1169,Jangaon,15,Red Gram,15,Common,0.0,109.2,5756.0,6859.0,6529.0,0.0,0.0
2025-01-18 00:00:00+05:30,325,Hyderabad,5,Mahabubmansion,54,Chillies(Dry),309,Armoor,0.0,124.0,9000.0,11000.0,10000.0,0.0,0.0
2025-01-18 00:00:00+05:30,323,Gaddiannaram,2,L.B Nagar,111,Brinjal,111,Common,0.0,48.0,2000.0,3000.0,2500.0,0.0,0.0
2025-01-18 00:00:00+05:30,325,Hyderabad,7,Meeralamandi,114,Tomato,114,Common,0.0,45.0,600.0,800.0,700.0,0.0,0.0
2025-01-18 00:00:00+05:30,188,Bhainsa,11,Bhainsa,25,Cotton,25,Common,0.0,246.1,6500.0,70000.0,6900.0,0.0,0.0
2025-01-18 00:00:00+05:30,325,Hyderabad,6,Madannapeta,113,Green Chillies,113,Common,0.0,37.0,3500.0,4500.0,4000.0,0.0,0.0
2025-01-18 00:00:00+05:30,300,Badepally,1327,Badepally,15,Red Gram,15,Common,0.0,257.0,6009.0,7229.0,6540.0,0.0,0.0
2025-01-18 00:00:00+05:30,238,Jangoan,1169,Jangaon,15,Red Gram,15,Common,0.0,73.8,5751.0,6889.0,6305.0,0.0,0.0
2025-01-18 00:00:00+05:30,367,Gudimalkapur,1571,Gudumalkapur,107,Sweet Potato,107,Common,0.0,14.0,1500.0,1800.0,1600.0,0.0,0.0
2025-01-19 00:00:00+05:30,324,Bowenpally,3,Bowenpally,107,Sweet Potato,107,Common,0.0,247.0,1500.0,2500.0,2200.0,0.0,0.0
2025-01-19 00:00:00+05:30,325,Hyderabad,7,Meeralamandi,114,Tomato,114,Common,0.0,30.0,600.0,800.0,700.0,0.0,0.0
2025-01-18 00:00:00+05:30,274,Nakrekal,1098,Nakrekal,151,Lemon,151,Common,0.0,361.0,100.0,1000.0,600.0,0.0,0.0
2025-01-19 00:00:00+05:30,325,Hyderabad,6,Madannapeta,113,Green Chillies,113,Common,0.0,25.0,3000.0,4000.0,3500.0,0.0,0.0
2025-01-19 00:00:00+05:30,323,Gaddiannaram,2,L.B Nagar,111,Brinjal,111,Common,0.0,40.0,1500.0,2000.0,1700.0,0.0,0.0
2025-01-19 00:00:00+05:30,367,Gudimalkapur,1571,Gudumalkapur,107,Sweet Potato,107,Common,0.0,8.0,1600.0,1800.0,1700.0,0.0,0.0
2025-01-19 00:00:00+05:30,274,Nakrekal,1098,Nakrekal,151,Lemon,151,Common,0.0,319.0,100.0,1000.0,600.0,0.0,0.0
2025-01-20 00:00:00+05:30,324,Bowenpally,3,Bowenpally,107,Sweet Potato,107,Common,0.0,109.0,1000.0,2500.0,2000.0,0.0,0.0
2025-01-20 00:00:00+05:30,323,Gaddiannaram,2,L.B Nagar,111,Brinjal,111,Common,0.0,25.0,1000.0,2000.0,1500.0,0.0,0.0
2025-01-20 00:00:00+05:30,246,Warangal,886,Warangal,5,Maize,261,Bilt,0.0,184.54,2420.0,2560.0,2470.0,0.0,0.0
2025-01-20 00:00:00+05:30,325,Hyderabad,7,Meeralamandi,114,Tomato,114,Common,0.0,37.0,400.0,600.0,500.0,0.0,0.0
2025-01-20 00:00:00+05:30,325,Hyderabad,5,Mahabubmansion,54,Chillies(Dry),309,Armoor,0.0,138.0,9000.0,11000.0,10000.0,0.0,0.0
2025-01-20 00:00:00+05:30,325,Hyderabad,6,Madannapeta,113,Green Chillies,113,Common,0.0,32.0,3500.0,4500.0,4000.0,0.0,0.0
2025-01-20 00:00:00+05:30,239,Kesamudram,1168,Kesamudram,25,Cotton,25,Common,0.0,76.0,6851.0,7321.0,7181.0,0.0,0.0
2025-01-20 00:00:00+05:30,238,Jangoan,1169,Jangaon,15,Red Gram,15,Common,0.0,150.0,6059.0,6879.0,6559.0,0.0,0.0
2025-01-20 00:00:00+05:30,219,Jagtial,1125,Jagtial,5,Maize,5,Common,0.0,3.0,2259.0,2259.0,2259.0,0.0,0.0
2025-01-20 00:00:00+05:30,274,Nakrekal,1098,Nakrekal,151,Lemon,151,Common,0.0,245.0,100.0,700.0,300.0,0.0,0.0
2025-01-20 00:00:00+05:30,300,Badepally,1327,Badepally,15,Red Gram,15,Common,0.0,644.0,5800.0,7159.0,7149.0,0.0,0.0
2025-01-20 00:00:00+05:30,188,Bhainsa,11,Bhainsa,25,Cotton,25,Common,0.0,247.6,6500.0,7000.0,6900.0,0.0,0.0
2025-01-20 00:00:00+05:30,188,Bhainsa,11,Bhainsa,25,Cotton,25,Common,0.0,7173.0,7124.0,7421.0,7384.0,0.0,0.0
2025-01-20 00:00:00+05:30,308,Nagarkurnool,1334,Nagarkurnool,15,Red Gram,15,Common,0.0,115.4,4089.0,7129.0,6889.0,0.0,0.0
2025-01-20 00:00:00+05:30,367,Gudimalkapur,1571,Gudumalkapur,107,Sweet Potato,107,Common,0.0,15.0,1500.0,1500.0,1500.0,0.0,0.0
2025-01-21 00:00:00+05:30,324,Bowenpally,3,Bowenpally,107,Sweet Potato,107,Common,0.0,171.0,800.0,2500.0,2000.0,0.0,0.0
2025-01-21 00:00:00+05:30,323,Gaddiannaram,2,L.B Nagar,111,Brinjal,111,Common,0.0,62.0,2000.0,3500.0,2700.0,0.0,0.0
2025-01-21 00:00:00+05:30,325,Hyderabad,6,Madannapeta,113,Green Chillies,113,Common,0.0,33.0,3000.0,4500.0,3750.0,0.0,0.0
2025-01-21 00:00:00+05:30,325,Hyderabad,7,Meeralamandi,114,Tomato,114,Common,0.0,30.0,400.0,600.0,500.0,0.0,0.0
2025-01-21 00:00:00+05:30,325,Hyderabad,5,Mahabubmansion,54,Chillies(Dry),309,Armoor,0.0,381.0,9000.0,12000.0,10000.0,0.0,0.0
2025-01-21 00:00:00+05:30,246,Warangal,886,Warangal,5,Maize,261,Bilt,0.0,19.75,2535.0,2535.0,2535.0,0.0,0.0
2025-01-21 00:00:00+05:30,239,Kesamudram,1168,Kesamudram,25,Cotton,25,Common,0.0,118.0,6111.0,7325.0,7201.0,0.0,0.0
2025-01-21 00:00:00+05:30,231,Vemulawada,1126,Vemulawada,25,Cotton,25,Common,0.0,40.0,7200.0,7500.0,7350.0,0.0,0.0
2025-01-21 00:00:00+05:30,274,Nakrekal,1098,Nakrekal,151,Lemon,151,Common,0.0,210.0,100.0,700.0,300.0,0.0,0.0
2025-01-21 00:00:00+05:30,300,Badepally,1327,Badepally,15,Red Gram,15,Common,0.0,545.0,5310.0,7179.0,6980.0,0.0,0.0
2025-01-21 00:00:00+05:30,279,Thirumalagiri,9,Tirmalagiri,1,Paddy,256,Grade-A (RNR),0.0,61.0,2376.0,2709.0,2483.0,0.0,0.0
2025-01-21 00:00:00+05:30,188,Bhainsa,11,Bhainsa,25,Cotton,25,Common,0.0,7017.25,6500.0,7421.0,7389.0,0.0,0.0
2025-01-21 00:00:00+05:30,308,Nagarkurnool,1334,Nagarkurnool,15,Red Gram,15,Common,0.0,75.5,4100.0,7139.0,7031.0,0.0,0.0
2025-01-21 00:00:00+05:30,367,Gudimalkapur,1571,Gudumalkapur,107,Sweet Potato,107,Common,0.0,26.0,1500.0,2000.0,1500.0,0.0,0.0
2025-01-22 00:00:00+05:30,324,Bowenpally,3,Bowenpally,107,Sweet Potato,107,Common,0.0,263.0,1000.0,2500.0,2000.0,0.0,0.0
2025-01-22 00:00:00+05:30,323,Gaddiannaram,2,L.B Nagar,111,Brinjal,111,Common,0.0,43.0,2000.0,2500.0,2200.0,0.0,0.0
2025-01-22 00:00:00+05:30,325,Hyderabad,6,Madannapeta,113,Green Chillies,113,Common,0.0,42.0,3000.0,4000.0,3500.0,0.0,0.0
2025-01-22 00:00:00+05:30,325,Hyderabad,7,Meeralamandi,114,Tomato,114,Common,0.0,26.0,600.0,800.0,700.0,0.0,0.0
2025-01-22 00:00:00+05:30,325,Hyderabad,5,Mahabubmansion,54,Chillies(Dry),309,Armoor,0.0,240.0,9000.0,11000.0,10000.0,0.0,0.0
2025-01-22 00:00:00+05:30,246,Warangal,886,Warangal,5,Maize,261,Bilt,0.0,8.6,2450.0,2450.0,2450.0,0.0,0.0
2025-01-22 00:00:00+05:30,279,Thirumalagiri,9,Tirmalagiri,1,Paddy,256,Grade-A (RNR),0.0,5.0,2470.0,2470.0,2470.0,0.0,0.0
2025-01-22 00:00:00+05:30,188,Bhainsa,11,Bhainsa,25,Cotton,25,Common,0.0,175.2,6500.0,7000.0,6900.0,0.0,0.0
2025-01-22 00:00:00+05:30,188,Bhainsa,11,Bhainsa,25,Cotton,25,Common,0.0,5737.75,7124.0,7421.0,7384.0,0.0,0.0
2025-01-22 00:00:00+05:30,274,Nakrekal,1098,Nakrekal,151,Lemon,151,Common,0.0,182.0,100.0,700.0,300.0,0.0,0.0
2025-01-21 00:00:00+05:30,238,Jangoan,1169,Jangaon,15,Red Gram,15,Common,0.0,184.2,5959.0,6875.0,6565.0,0.0,0.0
2025-01-22 00:00:00+05:30,239,Kesamudram,1168,Kesamudram,25,Cotton,25,Common,0.0,30.0,6851.0,7226.0,7022.0,0.0,0.0
2025-01-22 00:00:00+05:30,238,Jangoan,1169,Jangaon,15,Red Gram,15,Common,0.0,109.0,6221.0,6929.0,6669.0,0.0,0.0
2025-01-22 00:00:00+05:30,367,Gudimalkapur,1571,Gudumalkapur,107,Sweet Potato,107,Common,0.0,20.0,1300.0,1700.0,1500.0,0.0,0.0
2025-01-22 00:00:00+05:30,308,Nagarkurnool,1334,Nagarkurnool,15,Red Gram,15,Common,0.0,94.0,4159.0,7189.0,6789.0,0.0,0.0
2025-01-22 00:00:00+05:30,300,Badepally,1327,Badepally,15,Red Gram,15,Common,0.0,389.0,5970.0,7259.0,7249.0,0.0,0.0
2025-01-23 00:00:00+05:30,324,Bowenpally,3,Bowenpally,107,Sweet Potato,107,Common,0.0,150.0,800.0,2500.0,2000.0,0.0,0.0
2025-01-23 00:00:00+05:30,323,Gaddiannaram,2,L.B Nagar,111,Brinjal,111,Common,0.0,32.0,2000.0,3000.0,2500.0,0.0,0.0
2025-01-23 00:00:00+05:30,325,Hyderabad,6,Madannapeta,113,Green Chillies,113,Common,0.0,37.0,3500.0,4500.0,4000.0,0.0,0.0
2025-01-23 00:00:00+05:30,325,Hyderabad,7,Meeralamandi,114,Tomato,114,Common,0.0,28.0,400.0,640.0,520.0,0.0,0.0
2025-01-23 00:00:00+05:30,325,Hyderabad,5,Mahabubmansion,54,Chillies(Dry),309,Armoor,0.0,234.0,9000.0,11000.0,10000.0,0.0,0.0
2025-01-23 00:00:00+05:30,274,Nakrekal,1098,Nakrekal,151,Lemon,151,Common,0.0,242.0,100.0,700.0,300.0,0.0,0.0
2025-01-23 00:00:00+05:30,238,Jangoan,1169,Jangaon,15,Red Gram,15,Common,0.0,188.4,5859.0,6929.0,6425.0,0.0,0.0
2025-01-23 00:00:00+05:30,239,Kesamudram,1168,Kesamudram,25,Cotton,25,Common,0.0,77.0,6311.0,7255.0,7141.0,0.0,0.0
2025-01-23 00:00:00+05:30,300,Badepally,1327,Badepally,15,Red Gram,15,Common,0.0,455.0,5540.0,7219.0,7040.0,0.0,0.0
2025-01-23 00:00:00+05:30,188,Bhainsa,11,Bhainsa,25,Cotton,25,Common,0.0,165.15,6500.0,7000.0,6900.0,0.0,0.0
2025-01-23 00:00:00+05:30,188,Bhainsa,11,Bhainsa,25,Cotton,25,Common,0.0,6328.6,7121.0,7421.0,7384.0,0.0,0.0
2025-01-23 00:00:00+05:30,308,Nagarkurnool,1334,Nagarkurnool,15,Red Gram,15,Common,0.0,80.5,5266.0,7211.0,6936.0,0.0,0.0
2025-01-23 00:00:00+05:30,367,Gudimalkapur,1571,Gudumalkapur,107,Sweet Potato,107,Common,0.0,28.0,2000.0,2500.0,2000.0,0.0,0.0
2025-01-24 00:00:00+05:30,324,Bowenpally,3,Bowenpally,107,Sweet Potato,107,Common,0.0,290.0,1000.0,2500.0,2000.0,0.0,0.0
2025-01-24 00:00:00+05:30,323,Gaddiannaram,2,L.B Nagar,111,Brinjal,111,Common,0.0,52.0,2000.0,3000.0,2500.0,0.0,0.0
2025-01-24 00:00:00+05:30,325,Hyderabad,7,Meeralamandi,114,Tomato,114,Common,0.0,25.0,600.0,800.0,700.0,0.0,0.0
2025-01-24 00:00:00+05:30,316,Narsingi,44,Narsingi,168,Cattle(All),168,Common,0.0,850.0,50000.0,480000.0,40000.0,0.0,0.0
2025-01-24 00:00:00+05:30,219,Jagtial,1125,Jagtial,5,Maize,5,Common,0.0,2.0,2222.0,2222.0,2222.0,0.0,0.0
2025-01-24 00:00:00+05:30,238,Jangoan,1169,Jangaon,15,Red Gram,15,Common,0.0,178.8,6589.0,6925.0,6829.0,0.0,0.0
2025-01-24 00:00:00+05:30,246,Warangal,886,Warangal,5,Maize,261,Bilt,0.0,54.27,2520.0,2540.0,2540.0,0.0,0.0
2025-01-24 00:00:00+05:30,325,Hyderabad,5,Mahabubmansion,54,Chillies(Dry),309,Armoor,0.0,220.0,9000.0,11000.0,10000.0,0.0,0.0
2025-01-24 00:00:00+05:30,325,Hyderabad,6,Madannapeta,113,Green Chillies,113,Common,0.0,35.0,3000.0,4000.0,3500.0,0.0,0.0
2025-01-24 00:00:00+05:30,367,Gudimalkapur,1571,Gudumalkapur,107,Sweet Potato,107,Common,0.0,20.0,1500.0,2000.0,1800.0,0.0,0.0
2025-01-24 00:00:00+05:30,300,Badepally,1327,Badepally,15,Red Gram,15,Common,0.0,377.0,5829.0,7090.0,6890.0,0.0,0.0
2025-01-25 00:00:00+05:30,324,Bowenpally,3,Bowenpally,107,Sweet Potato,107,Common,0.0,290.0,1000.0,2500.0,2000.0,0.0,0.0
2025-01-25 00:00:00+05:30,323,Gaddiannaram,2,L.B Nagar,111,Brinjal,111,Common,0.0,63.0,2000.0,3000.0,2500.0,0.0,0.0
2025-01-24 00:00:00+05:30,231,Vemulawada,1126,Vemulawada,25,Cotton,25,Common,0.0,45.0,7200.0,7500.0,7350.0,0.0,0.0
2025-01-25 00:00:00+05:30,325,Hyderabad,5,Mahabubmansion,54,Chillies(Dry),309,Armoor,0.0,120.0,9000.0,11000.0,10000.0,0.0,0.0
2025-01-25 00:00:00+05:30,325,Hyderabad,6,Madannapeta,113,Green Chillies,113,Common,0.0,37.0,3000.0,4000.0,3500.0,0.0,0.0
2025-01-25 00:00:00+05:30,325,Hyderabad,7,Meeralamandi,114,Tomato,114,Common,0.0,26.0,1000.0,1200.0,1100.0,0.0,0.0
2025-01-25 00:00:00+05:30,279,Thirumalagiri,9,Tirmalagiri,1,Paddy,256,Grade-A (RNR),0.0,16.0,2334.0,2334.0,2334.0,0.0,0.0
2025-01-25 00:00:00+05:30,317,Pargi,39,Pargi,15,Red Gram,15,Common,0.0,1750.0,5500.0,7339.0,7150.0,0.0,0.0
2025-01-25 00:00:00+05:30,188,Bhainsa,11,Bhainsa,25,Cotton,25,Common,0.0,155.3,6500.0,7100.0,6900.0,0.0,0.0
2025-01-25 00:00:00+05:30,274,Nakrekal,1098,Nakrekal,151,Lemon,151,Common,0.0,187.0,100.0,700.0,300.0,0.0,0.0
2025-01-25 00:00:00+05:30,238,Jangoan,1169,Jangaon,15,Red Gram,15,Common,0.0,115.8,5859.0,6881.0,6409.0,0.0,0.0
2025-01-25 00:00:00+05:30,300,Badepally,1327,Badepally,15,Red Gram,15,Common,0.0,423.0,5667.0,6989.0,6719.0,0.0,0.0
2025-01-25 00:00:00+05:30,367,Gudimalkapur,1571,Gudumalkapur,107,Sweet Potato,107,Common,0.0,33.0,1000.0,1800.0,1400.0,0.0,0.0
2025-01-25 00:00:00+05:30,308,Nagarkurnool,1334,Nagarkurnool,15,Red Gram,15,Common,0.0,57.0,5429.0,7223.0,5429.0,0.0,0.0
2025-01-26 00:00:00+05:30,323,Gaddiannaram,2,L.B Nagar,111,Brinjal,111,Common,0.0,40.0,2000.0,3000.0,2500.0,0.0,0.0
2025-01-26 00:00:00+05:30,324,Bowenpally,3,Bowenpally,107,Sweet Potato,107,Common,0.0,270.0,1000.0,2500.0,2000.0,0.0,0.0
2025-01-26 00:00:00+05:30,325,Hyderabad,6,Madannapeta,113,Green Chillies,113,Common,0.0,37.0,3500.0,4500.0,4000.0,0.0,0.0
2025-01-26 00:00:00+05:30,367,Gudimalkapur,1571,Gudumalkapur,107,Sweet Potato,107,Common,0.0,32.0,1500.0,2000.0,1600.0,0.0,0.0
2025-01-27 00:00:00+05:30,325,Hyderabad,5,Mahabubmansion,54,Chillies(Dry),309,Armoor,0.0,328.0,9000.0,11000.0,10000.0,0.0,0.0
2025-01-27 00:00:00+05:30,323,Gaddiannaram,2,L.B Nagar,111,Brinjal,111,Common,0.0,67.0,2000.0,3000.0,2500.0,0.0,0.0
2025-01-27 00:00:00+05:30,325,Hyderabad,7,Meeralamandi,114,Tomato,114,Common,0.0,28.0,800.0,1000.0,900.0,0.0,0.0
2025-01-27 00:00:00+05:30,325,Hyderabad,6,Madannapeta,113,Green Chillies,113,Common,0.0,30.0,4000.0,5000.0,4500.0,0.0,0.0
2025-01-27 00:00:00+05:30,246,Warangal,886,Warangal,5,Maize,261,Bilt,0.0,57.79,2450.0,2470.0,2470.0,0.0,0.0
2025-01-27 00:00:00+05:30,238,Jangoan,1169,Jangaon,15,Red Gram,15,Common,0.0,250.2,5755.0,6811.0,6381.0,0.0,0.0
2025-01-27 00:00:00+05:30,300,Badepally,1327,Badepally,15,Red Gram,15,Common,0.0,444.0,5067.0,6802.0,6710.0,0.0,0.0
2025-01-27 00:00:00+05:30,308,Nagarkurnool,1334,Nagarkurnool,15,Red Gram,15,Common,0.0,82.5,4155.0,7259.0,7259.0,0.0,0.0
2025-01-27 00:00:00+05:30,274,Nakrekal,1098,Nakrekal,151,Lemon,151,Common,0.0,185.0,100.0,600.0,300.0,0.0,0.0
2025-01-26 00:00:00+05:30,274,Nakrekal,1098,Nakrekal,151,Lemon,151,Common,0.0,206.0,100.0,700.0,300.0,0.0,0.0
2025-01-27 00:00:00+05:30,192,Jainath,26,Jainath,42,Coconut,42,Common,0.0,160.0,550.0,625.0,587.0,0.0,0.0
2025-01-27 00:00:00+05:30,188,Bhainsa,11,Bhainsa,25,Cotton,25,Common,0.0,145.95,6500.0,7100.0,6850.0,0.0,0.0
2025-01-27 00:00:00+05:30,188,Bhainsa,11,Bhainsa,25,Cotton,25,Common,0.0,6021.0,7124.0,7421.0,7384.0,0.0,0.0
2025-01-27 00:00:00+05:30,367,Gudimalkapur,1571,Gudumalkapur,107,Sweet Potato,107,Common,0.0,27.0,1500.0,2000.0,1800.0,0.0,0.0
2025-01-28 00:00:00+05:30,324,Bowenpally,3,Bowenpally,107,Sweet Potato,107,Common,0.0,284.0,800.0,2500.0,2000.0,0.0,0.0
2025-01-28 00:00:00+05:30,323,Gaddiannaram,2,L.B Nagar,111,Brinjal,111,Common,0.0,74.0,2000.0,3000.0,2500.0,0.0,0.0
2025-01-28 00:00:00+05:30,325,Hyderabad,6,Madannapeta,113,Green Chillies,113,Common,0.0,35.0,3000.0,4000.0,3500.0,0.0,0.0
2025-01-28 00:00:00+05:30,325,Hyderabad,7,Meeralamandi,114,Tomato,114,Common,0.0,16.0,1000.0,1200.0,1100.0,0.0,0.0
2025-01-28 00:00:00+05:30,325,Hyderabad,5,Mahabubmansion,54,Chillies(Dry),309,Armoor,0.0,240.0,9000.0,11000.0,10000.0,0.0,0.0
2025-01-28 00:00:00+05:30,188,Bhainsa,11,Bhainsa,25,Cotton,25,Common,0.0,5471.7,7321.0,7421.0,7384.0,0.0,0.0
2025-01-28 00:00:00+05:30,246,Warangal,886,Warangal,5,Maize,261,Bilt,0.0,70.19,1950.0,2540.0,2540.0,0.0,0.0
2025-01-28 00:00:00+05:30,274,Nakrekal,1098,Nakrekal,151,Lemon,151,Common,0.0,188.0,100.0,600.0,300.0,0.0,0.0
2025-01-28 00:00:00+05:30,238,Jangoan,1169,Jangaon,15,Red Gram,15,Common,0.0,195.6,4559.0,6751.0,5859.0,0.0,0.0
2025-01-28 00:00:00+05:30,308,Nagarkurnool,1334,Nagarkurnool,15,Red Gram,15,Common,0.0,65.0,4101.0,7136.0,6931.0,0.0,0.0
2025-01-28 00:00:00+05:30,367,Gudimalkapur,1571,Gudumalkapur,107,Sweet Potato,107,Common,0.0,27.0,1500.0,2000.0,1800.0,0.0,0.0
2025-01-29 00:00:00+05:30,325,Hyderabad,7,Meeralamandi,114,Tomato,114,Common,0.0,30.0,800.0,1200.0,1000.0,0.0,0.0
2025-01-29 00:00:00+05:30,274,Nakrekal,1098,Nakrekal,151,Lemon,151,Common,0.0,191.0,100.0,600.0,300.0,0.0,0.0
2025-01-29 00:00:00+05:30,231,Vemulawada,1126,Vemulawada,25,Cotton,25,Common,0.0,53.0,7200.0,7500.0,7350.0,0.0,0.0
2025-01-30 00:00:00+05:30,324,Bowenpally,3,Bowenpally,107,Sweet Potato,107,Common,0.0,335.0,1000.0,2500.0,2000.0,0.0,0.0
2025-01-30 00:00:00+05:30,323,Gaddiannaram,2,L.B Nagar,111,Brinjal,111,Common,0.0,76.0,2000.0,3000.0,2500.0,0.0,0.0
2025-01-30 00:00:00+05:30,325,Hyderabad,7,Meeralamandi,114,Tomato,114,Common,0.0,38.0,400.0,1200.0,800.0,0.0,0.0
2025-01-30 00:00:00+05:30,279,Thirumalagiri,9,Tirmalagiri,1,Paddy,256,Grade-A (RNR),0.0,45.0,2009.0,2549.0,2487.0,0.0,0.0
2025-01-30 00:00:00+05:30,325,Hyderabad,6,Madannapeta,113,Green Chillies,113,Common,0.0,30.0,2500.0,4000.0,3250.0,0.0,0.0
2025-01-30 00:00:00+05:30,325,Hyderabad,5,Mahabubmansion,54,Chillies(Dry),309,Armoor,0.0,479.0,1000.0,12000.0,11000.0,0.0,0.0
2025-01-30 00:00:00+05:30,367,Gudimalkapur,1571,Gudumalkapur,107,Sweet Potato,107,Common,0.0,22.0,1600.0,2000.0,1800.0,0.0,0.0
2025-01-30 00:00:00+05:30,256,Khammam,1067,Khammam,22,Cowpea,22,Common,0.0,14.0,7000.0,7000.0,7000.0,0.0,0.0
2025-01-30 00:00:00+05:30,188,Bhainsa,11,Bhainsa,25,Cotton,25,Common,0.0,105.3,6500.0,7000.0,6850.0,0.0,0.0
2025-01-30 00:00:00+05:30,274,Nakrekal,1098,Nakrekal,151,Lemon,151,Common,0.0,248.0,100.0,600.0,300.0,0.0,0.0
2025-01-30 00:00:00+05:30,231,Vemulawada,1126,Vemulawada,25,Cotton,25,Common,0.0,46.0,7350.0,7200.0,7500.0,0.0,0.0
2025-01-30 00:00:00+05:30,308,Nagarkurnool,1334,Nagarkurnool,15,Red Gram,15,Common,0.0,94.5,4589.0,7151.0,6499.0,0.0,0.0
2025-01-31 00:00:00+05:30,323,Gaddiannaram,2,L.B Nagar,111,Brinjal,111,Common,0.0,85.0,1000.0,2000.0,1500.0,0.0,0.0
2025-01-31 00:00:00+05:30,324,Bowenpally,3,Bowenpally,107,Sweet Potato,107,Common,0.0,233.0,800.0,2000.0,1600.0,0.0,0.0
2025-01-31 00:00:00+05:30,325,Hyderabad,6,Madannapeta,113,Green Chillies,113,Common,0.0,35.0,3500.0,4000.0,3750.0,0.0,0.0
2025-01-31 00:00:00+05:30,325,Hyderabad,5,Mahabubmansion,54,Chillies(Dry),309,Armoor,0.0,760.0,10000.0,12000.0,11000.0,0.0,0.0
2025-01-31 00:00:00+05:30,325,Hyderabad,7,Meeralamandi,114,Tomato,114,Common,0.0,31.0,800.0,1200.0,1000.0,0.0,0.0
2025-01-31 00:00:00+05:30,316,Narsingi,44,Narsingi,168,Cattle(All),168,Common,0.0,105.0,20000.0,50000.0,40000.0,0.0,0.0
2025-01-31 00:00:00+05:30,316,Narsingi,44,Narsingi,168,Cattle(All),168,Common,0.0,101.0,20000.0,50000.0,40000.0,0.0,0.0
2025-01-31 00:00:00+05:30,226,Metpally,1133,Metpally,57,Tumeric,228,Bulb,0.0,33.0,7000.0,12666.0,10666.0,0.0,0.0
2025-01-31 00:00:00+05:30,188,Bhainsa,11,Bhainsa,25,Cotton,25,Common,0.0,110.75,6400.0,7000.0,6900.0,0.0,0.0
2025-01-31 00:00:00+05:30,188,Bhainsa,11,Bhainsa,25,Cotton,25,Common,0.0,6223.95,7272.0,7421.0,7384.0,0.0,0.0
2025-01-31 00:00:00+05:30,192,Jainath,26,Jainath,42,Coconut,42,Common,0.0,160.0,550.0,625.0,587.0,0.0,0.0
2025-01-31 00:00:00+05:30,238,Jangoan,1169,Jangaon,15,Red Gram,15,Common,0.0,300.6,5259.0,6881.0,6132.0,0.0,0.0
2025-01-31 00:00:00+05:30,367,Gudimalkapur,1571,Gudumalkapur,107,Sweet Potato,107,Common,0.0,39.0,1400.0,2000.0,1700.0,0.0,0.0
2025-01-25 00:00:00+05:30,325,Hyderabad,6,Madannapeta,114,Tomato,114,Common,0.0,205.0,600.0,1000.0,800.0,0.0,0.0
2025-01-25 00:00:00+05:30,325,Hyderabad,5,Mahabubmansion,55,Onions,217,No.I,0.0,3949.0,2500.0,3600.0,2700.0,0.0,0.0
2025-01-25 00:00:00+05:30,323,Gaddiannaram,2,L.B Nagar,112,Ladys Finger,112,Common,0.0,56.0,2000.0,3000.0,2500.0,0.0,0.0
2025-01-25 00:00:00+05:30,323,Gaddiannaram,1,Gaddiannaram,81,Grapes,296,Black,0.0,21.0,1500.0,5000.0,2500.0,0.0,0.0
2025-01-25 00:00:00+05:30,324,Bowenpally,3,Bowenpally,108,Yam,108,Common,0.0,50.0,3000.0,6000.0,5000.0,0.0,0.0
2025-01-24 00:00:00+05:30,325,Hyderabad,6,Madannapeta,114,Tomato,114,Common,0.0,157.0,600.0,1000.0,800.0,0.0,0.0
2025-01-24 00:00:00+05:30,325,Hyderabad,5,Mahabubmansion,55,Onions,217,No.I,0.0,4361.0,2500.0,3400.0,2700.0,0.0,0.0
2025-01-23 00:00:00+05:30,304,Kollapur,1601,Kollapur,17,Black Gram,17,Common,0.0,250.0,7000.0,7000.0,7000.0,0.0,0.0
2025-01-24 00:00:00+05:30,219,Jagtial,1125,Jagtial,15,Red Gram,15,Common,0.0,4.0,5600.0,6111.0,6111.0,0.0,0.0
2025-01-24 00:00:00+05:30,256,Khammam,1067,Khammam,25,Cotton,25,Common,0.0,223.0,5800.0,7150.0,6800.0,0.0,0.0
2025-01-24 00:00:00+05:30,189,Boath,12,Boath,25,Cotton,25,Common,0.0,2625.0,7220.0,7421.0,7421.0,0.0,0.0
2025-01-24 00:00:00+05:30,323,Gaddiannaram,2,L.B Nagar,112,Ladys Finger,112,Common,0.0,42.0,2000.0,3000.0,2500.0,0.0,0.0
2025-01-24 00:00:00+05:30,323,Gaddiannaram,1,Gaddiannaram,81,Grapes,296,Black,0.0,249.0,1500.0,5000.0,2500.0,0.0,0.0
2025-01-24 00:00:00+05:30,324,Bowenpally,3,Bowenpally,108,Yam,108,Common,0.0,22.0,3000.0,6000.0,5000.0,0.0,0.0
2025-01-23 00:00:00+05:30,308,Nagarkurnool,1334,Nagarkurnool,16,Green Gram,16,Common,0.0,2.0,7128.0,7128.0,7128.0,0.0,0.0
2025-01-23 00:00:00+05:30,292,Zaheerabad,1198,Zaheerabad,16,Green Gram,16,Common,0.0,2.0,6264.0,6264.0,6264.0,0.0,0.0
2025-01-23 00:00:00+05:30,319,Shankerpally,40,Shankerpally,105,Potato,105,Common,0.0,4.5,3000.0,3200.0,3100.0,0.0,0.0
2025-01-23 00:00:00+05:30,256,Khammam,1067,Khammam,25,Cotton,25,Common,0.0,179.0,6000.0,7150.0,6900.0,0.0,0.0
2025-01-23 00:00:00+05:30,239,Kesamudram,1168,Kesamudram,30,Groundnut pods,30,Common,0.0,121.0,5311.0,5669.0,5601.0,0.0,0.0
2025-01-23 00:00:00+05:30,189,Boath,12,Boath,25,Cotton,25,Common,0.0,3808.0,7220.0,7421.0,7421.0,0.0,0.0
2025-01-23 00:00:00+05:30,325,Hyderabad,5,Mahabubmansion,55,Onions,217,No.I,0.0,3851.0,2500.0,3600.0,2700.0,0.0,0.0
2025-01-23 00:00:00+05:30,325,Hyderabad,6,Madannapeta,114,Tomato,114,Common,0.0,172.0,600.0,800.0,700.0,0.0,0.0
2025-01-23 00:00:00+05:30,323,Gaddiannaram,2,L.B Nagar,112,Ladys Finger,112,Common,0.0,47.0,2000.0,3000.0,2500.0,0.0,0.0
2025-01-22 00:00:00+05:30,329,Navabpet(MBNR),1483,Navabpet,30,Groundnut pods,30,Common,0.0,528.0,4459.0,6076.0,5694.0,0.0,0.0
2025-01-23 00:00:00+05:30,323,Gaddiannaram,1,Gaddiannaram,81,Grapes,296,Black,0.0,62.0,1500.0,5000.0,2500.0,0.0,0.0
2025-01-22 00:00:00+05:30,239,Kesamudram,1168,Kesamudram,30,Groundnut pods,30,Common,0.0,135.0,5159.0,5765.0,5718.0,0.0,0.0
2025-01-22 00:00:00+05:30,292,Zaheerabad,1198,Zaheerabad,16,Green Gram,16,Common,0.0,1.0,6362.0,6362.0,6362.0,0.0,0.0
2025-01-22 00:00:00+05:30,256,Khammam,1067,Khammam,25,Cotton,25,Common,0.0,358.0,6000.0,7250.0,7000.0,0.0,0.0
2025-01-21 00:00:00+05:30,304,Kollapur,1601,Kollapur,17,Black Gram,17,Common,0.0,250.0,7000.0,7000.0,7000.0,0.0,0.0
2025-01-22 00:00:00+05:30,325,Hyderabad,5,Mahabubmansion,55,Onions,217,No.I,0.0,3579.0,2500.0,3600.0,2700.0,0.0,0.0
2025-01-22 00:00:00+05:30,325,Hyderabad,6,Madannapeta,114,Tomato,114,Common,0.0,242.0,400.0,600.0,500.0,0.0,0.0
2025-01-22 00:00:00+05:30,323,Gaddiannaram,2,L.B Nagar,112,Ladys Finger,112,Common,0.0,52.0,2000.0,3000.0,2500.0,0.0,0.0
2025-01-22 00:00:00+05:30,323,Gaddiannaram,1,Gaddiannaram,81,Grapes,296,Black,0.0,375.0,1500.0,5000.0,2500.0,0.0,0.0
2025-01-22 00:00:00+05:30,324,Bowenpally,3,Bowenpally,108,Yam,108,Common,0.0,29.0,3000.0,5500.0,5000.0,0.0,0.0
2025-01-21 00:00:00+05:30,189,Boath,12,Boath,25,Cotton,25,Common,0.0,60.0,7050.0,7050.0,7050.0,0.0,0.0
2025-01-21 00:00:00+05:30,189,Boath,12,Boath,25,Cotton,25,Common,0.0,5548.0,7220.0,7421.0,7421.0,0.0,0.0
2025-01-20 00:00:00+05:30,304,Kollapur,1601,Kollapur,17,Black Gram,17,Common,0.0,250.0,7000.0,7000.0,7000.0,0.0,0.0
2025-01-21 00:00:00+05:30,256,Khammam,1067,Khammam,25,Cotton,25,Common,0.0,449.0,5900.0,7200.0,6900.0,0.0,0.0
2025-01-21 00:00:00+05:30,219,Jagtial,1125,Jagtial,15,Red Gram,15,Common,0.0,5.0,4060.0,6189.0,5560.0,0.0,0.0
2025-01-21 00:00:00+05:30,239,Kesamudram,1168,Kesamudram,30,Groundnut pods,30,Common,0.0,130.0,5219.0,5912.0,5672.0,0.0,0.0
2025-01-21 00:00:00+05:30,325,Hyderabad,5,Mahabubmansion,55,Onions,217,No.I,0.0,3125.0,2500.0,3600.0,2700.0,0.0,0.0
2025-01-21 00:00:00+05:30,325,Hyderabad,6,Madannapeta,114,Tomato,114,Common,0.0,280.0,400.0,600.0,500.0,0.0,0.0
2025-01-21 00:00:00+05:30,323,Gaddiannaram,2,L.B Nagar,112,Ladys Finger,112,Common,0.0,35.0,2000.0,3000.0,2500.0,0.0,0.0
2025-01-21 00:00:00+05:30,323,Gaddiannaram,1,Gaddiannaram,81,Grapes,296,Black,0.0,189.0,1500.0,5000.0,2500.0,0.0,0.0
2025-01-21 00:00:00+05:30,324,Bowenpally,3,Bowenpally,108,Yam,108,Common,0.0,2.0,2000.0,3000.0,2600.0,0.0,0.0
2025-01-20 00:00:00+05:30,279,Thirumalagiri,9,Tirmalagiri,1,Paddy,270,Grade-A (1010),0.0,4.0,2092.0,2092.0,2092.0,0.0,0.0
2025-01-20 00:00:00+05:30,256,Khammam,1067,Khammam,25,Cotton,25,Common,0.0,500.0,5000.0,7300.0,6800.0,0.0,0.0
2025-01-20 00:00:00+05:30,292,Zaheerabad,1198,Zaheerabad,16,Green Gram,16,Common,0.0,1.0,6054.0,6054.0,6054.0,0.0,0.0
2025-01-20 00:00:00+05:30,219,Jagtial,1125,Jagtial,15,Red Gram,15,Common,0.0,3.0,6001.0,6689.0,6689.0,0.0,0.0
2025-01-20 00:00:00+05:30,239,Kesamudram,1168,Kesamudram,30,Groundnut pods,30,Common,0.0,412.0,5175.0,5912.0,5751.0,0.0,0.0
2025-01-20 00:00:00+05:30,325,Hyderabad,6,Madannapeta,114,Tomato,114,Common,0.0,235.0,400.0,600.0,500.0,0.0,0.0
2025-01-20 00:00:00+05:30,325,Hyderabad,5,Mahabubmansion,55,Onions,217,No.I,0.0,4086.0,2500.0,3500.0,2700.0,0.0,0.0
2025-01-20 00:00:00+05:30,323,Gaddiannaram,2,L.B Nagar,112,Ladys Finger,112,Common,0.0,60.0,2000.0,2500.0,2200.0,0.0,0.0
2025-01-20 00:00:00+05:30,323,Gaddiannaram,1,Gaddiannaram,81,Grapes,296,Black,0.0,200.0,1500.0,5000.0,2500.0,0.0,0.0
2025-01-20 00:00:00+05:30,324,Bowenpally,3,Bowenpally,108,Yam,108,Common,0.0,30.0,5000.0,6000.0,5800.0,0.0,0.0
2025-01-19 00:00:00+05:30,329,Navabpet(MBNR),1483,Navabpet,30,Groundnut pods,30,Common,0.0,404.0,4226.0,6269.0,5769.0,0.0,0.0
2025-01-19 00:00:00+05:30,323,Gaddiannaram,2,L.B Nagar,112,Ladys Finger,112,Common,0.0,40.0,2000.0,3000.0,2500.0,0.0,0.0
2025-01-19 00:00:00+05:30,325,Hyderabad,6,Madannapeta,114,Tomato,114,Common,0.0,295.0,400.0,600.0,500.0,0.0,0.0
2025-01-18 00:00:00+05:30,304,Kollapur,1601,Kollapur,17,Black Gram,17,Common,0.0,250.0,7000.0,7000.0,7000.0,0.0,0.0
2025-01-19 00:00:00+05:30,324,Bowenpally,3,Bowenpally,108,Yam,108,Common,0.0,28.0,5000.0,6000.0,5700.0,0.0,0.0
2025-01-19 00:00:00+05:30,323,Gaddiannaram,1,Gaddiannaram,81,Grapes,296,Black,0.0,14.0,1500.0,5000.0,2500.0,0.0,0.0
2025-01-18 00:00:00+05:30,292,Zaheerabad,1198,Zaheerabad,16,Green Gram,16,Common,0.0,1.0,8021.0,8021.0,8021.0,0.0,0.0
2025-01-18 00:00:00+05:30,325,Hyderabad,6,Madannapeta,114,Tomato,114,Common,0.0,282.0,400.0,600.0,500.0,0.0,0.0
2025-01-17 00:00:00+05:30,304,Kollapur,1601,Kollapur,17,Black Gram,17,Common,0.0,250.0,7000.0,7000.0,7000.0,0.0,0.0
2025-01-18 00:00:00+05:30,189,Boath,12,Boath,25,Cotton,25,Common,0.0,4471.0,7220.0,7421.0,7421.0,0.0,0.0
2025-01-18 00:00:00+05:30,278,Suryapet,1091,Suryapet,6,Jowar,225,White,0.0,2.0,2119.0,2119.0,2119.0,0.0,0.0
2025-01-18 00:00:00+05:30,323,Gaddiannaram,2,L.B Nagar,112,Ladys Finger,112,Common,0.0,47.0,1500.0,2500.0,2000.0,0.0,0.0
2025-01-18 00:00:00+05:30,325,Hyderabad,5,Mahabubmansion,55,Onions,217,No.I,0.0,3232.0,2600.0,3600.0,2700.0,0.0,0.0
2025-01-18 00:00:00+05:30,324,Bowenpally,3,Bowenpally,108,Yam,108,Common,0.0,67.0,3000.0,5800.0,5200.0,0.0,0.0
2025-01-17 00:00:00+05:30,239,Kesamudram,1168,Kesamudram,30,Groundnut pods,30,Common,0.0,164.0,5159.0,6080.0,5720.0,0.0,0.0
2025-01-17 00:00:00+05:30,256,Khammam,1067,Khammam,25,Cotton,25,Common,0.0,450.0,5700.0,7200.0,7100.0,0.0,0.0
2025-01-17 00:00:00+05:30,189,Boath,12,Boath,25,Cotton,25,Common,0.0,6476.0,7220.0,7421.0,7421.0,0.0,0.0
2025-01-17 00:00:00+05:30,325,Hyderabad,5,Mahabubmansion,55,Onions,217,No.I,0.0,2491.0,2500.0,3500.0,2700.0,0.0,0.0
2025-01-17 00:00:00+05:30,323,Gaddiannaram,2,L.B Nagar,112,Ladys Finger,112,Common,0.0,82.0,2000.0,3000.0,2500.0,0.0,0.0
2025-01-17 00:00:00+05:30,325,Hyderabad,6,Madannapeta,114,Tomato,114,Common,0.0,247.0,400.0,800.0,600.0,0.0,0.0
2025-01-16 00:00:00+05:30,304,Kollapur,1601,Kollapur,17,Black Gram,17,Common,0.0,150.0,7000.0,7000.0,7000.0,0.0,0.0
2025-01-17 00:00:00+05:30,323,Gaddiannaram,1,Gaddiannaram,81,Grapes,296,Black,0.0,192.0,1500.0,5000.0,2500.0,0.0,0.0
2025-01-16 00:00:00+05:30,256,Khammam,1067,Khammam,25,Cotton,25,Common,0.0,323.0,5700.0,7050.0,6900.0,0.0,0.0
2025-01-16 00:00:00+05:30,239,Kesamudram,1168,Kesamudram,30,Groundnut pods,30,Common,0.0,37.0,5301.0,5912.0,5309.0,0.0,0.0
2025-01-15 00:00:00+05:30,304,Kollapur,1601,Kollapur,17,Black Gram,17,Common,0.0,200.0,7000.0,7000.0,7000.0,0.0,0.0
2025-01-16 00:00:00+05:30,219,Jagtial,1125,Jagtial,15,Red Gram,15,Common,0.0,1.0,6010.0,6010.0,6010.0,0.0,0.0
2025-01-16 00:00:00+05:30,325,Hyderabad,5,Mahabubmansion,55,Onions,217,No.I,0.0,2285.0,2500.0,3000.0,2700.0,0.0,0.0
2025-01-16 00:00:00+05:30,323,Gaddiannaram,2,L.B Nagar,112,Ladys Finger,112,Common,0.0,84.0,2500.0,3000.0,2700.0,0.0,0.0
2025-01-16 00:00:00+05:30,325,Hyderabad,6,Madannapeta,114,Tomato,114,Common,0.0,212.0,600.0,800.0,700.0,0.0,0.0
2025-01-15 00:00:00+05:30,323,Gaddiannaram,2,L.B Nagar,112,Ladys Finger,112,Common,0.0,31.0,2500.0,3000.0,2700.0,0.0,0.0
2025-01-15 00:00:00+05:30,323,Gaddiannaram,1,Gaddiannaram,81,Grapes,296,Black,0.0,28.0,1500.0,5000.0,2500.0,0.0,0.0
2025-01-15 00:00:00+05:30,324,Bowenpally,3,Bowenpally,108,Yam,108,Common,0.0,29.0,2000.0,6000.0,4500.0,0.0,0.0
2025-01-16 00:00:00+05:30,323,Gaddiannaram,1,Gaddiannaram,81,Grapes,296,Black,0.0,35.0,1500.0,5000.0,2500.0,0.0,0.0
2025-01-14 00:00:00+05:30,323,Gaddiannaram,1,Gaddiannaram,81,Grapes,296,Black,0.0,53.0,1500.0,5000.0,2500.0,0.0,0.0
2025-01-14 00:00:00+05:30,325,Hyderabad,6,Madannapeta,114,Tomato,114,Common,0.0,235.0,600.0,800.0,700.0,0.0,0.0
2025-01-14 00:00:00+05:30,324,Bowenpally,3,Bowenpally,108,Yam,108,Common,0.0,39.0,1000.0,5500.0,4500.0,0.0,0.0
2025-01-14 00:00:00+05:30,323,Gaddiannaram,2,L.B Nagar,112,Ladys Finger,112,Common,0.0,26.0,2500.0,3000.0,2700.0,0.0,0.0
2025-01-13 00:00:00+05:30,325,Hyderabad,6,Madannapeta,114,Tomato,114,Common,0.0,225.0,600.0,800.0,700.0,0.0,0.0
2025-01-13 00:00:00+05:30,325,Hyderabad,5,Mahabubmansion,55,Onions,217,No.I,0.0,2431.0,2500.0,3300.0,2700.0,0.0,0.0
2025-01-13 00:00:00+05:30,324,Bowenpally,3,Bowenpally,108,Yam,108,Common,0.0,31.0,1500.0,6000.0,4000.0,0.0,0.0
2025-01-13 00:00:00+05:30,323,Gaddiannaram,2,L.B Nagar,112,Ladys Finger,112,Common,0.0,66.0,2500.0,3500.0,3000.0,0.0,0.0
2025-01-13 00:00:00+05:30,323,Gaddiannaram,1,Gaddiannaram,81,Grapes,296,Black,0.0,91.0,1500.0,5000.0,2500.0,0.0,0.0
2025-01-12 00:00:00+05:30,323,Gaddiannaram,1,Gaddiannaram,81,Grapes,296,Black,0.0,5.0,1500.0,5000.0,2500.0,0.0,0.0
2025-01-12 00:00:00+05:30,325,Hyderabad,6,Madannapeta,114,Tomato,114,Common,0.0,245.0,500.0,700.0,600.0,0.0,0.0
2025-01-12 00:00:00+05:30,324,Bowenpally,3,Bowenpally,108,Yam,108,Common,0.0,25.0,4000.0,6000.0,5000.0,0.0,0.0
2025-01-11 00:00:00+05:30,325,Hyderabad,6,Madannapeta,114,Tomato,114,Common,0.0,210.0,600.0,800.0,700.0,0.0,0.0
2025-01-11 00:00:00+05:30,219,Jagtial,1125,Jagtial,15,Red Gram,15,Common,0.0,1.0,5500.0,5500.0,5500.0,0.0,0.0
2025-01-11 00:00:00+05:30,189,Boath,12,Boath,25,Cotton,25,Common,0.0,7646.0,7124.0,7421.0,7421.0,0.0,0.0
2025-01-11 00:00:00+05:30,323,Gaddiannaram,2,L.B Nagar,112,Ladys Finger,112,Common,0.0,55.0,2500.0,3500.0,3000.0,0.0,0.0
2025-01-11 00:00:00+05:30,325,Hyderabad,5,Mahabubmansion,55,Onions,217,No.I,0.0,5712.0,2500.0,3000.0,2700.0,0.0,0.0
2025-01-10 00:00:00+05:30,304,Kollapur,1601,Kollapur,17,Black Gram,17,Common,0.0,250.0,7000.0,7000.0,7000.0,0.0,0.0
2025-01-11 00:00:00+05:30,324,Bowenpally,3,Bowenpally,108,Yam,108,Common,0.0,92.0,3000.0,6000.0,5000.0,0.0,0.0
2025-01-11 00:00:00+05:30,323,Gaddiannaram,1,Gaddiannaram,81,Grapes,296,Black,0.0,64.0,1500.0,5000.0,2500.0,0.0,0.0
2025-01-10 00:00:00+05:30,239,Kesamudram,1168,Kesamudram,30,Groundnut pods,30,Common,0.0,91.0,5255.0,6133.0,5812.0,0.0,0.0
2025-01-10 00:00:00+05:30,292,Zaheerabad,1198,Zaheerabad,16,Green Gram,16,Common,0.0,2.0,6510.0,7021.0,6510.0,0.0,0.0
2025-01-10 00:00:00+05:30,189,Boath,12,Boath,25,Cotton,25,Common,0.0,9.0,7050.0,7050.0,7050.0,0.0,0.0
2025-01-10 00:00:00+05:30,189,Boath,12,Boath,25,Cotton,25,Common,0.0,7864.0,7124.0,7421.0,7451.0,0.0,0.0
2025-01-10 00:00:00+05:30,325,Hyderabad,5,Mahabubmansion,55,Onions,217,No.I,0.0,5116.0,2800.0,3800.0,3200.0,0.0,0.0
2025-01-10 00:00:00+05:30,325,Hyderabad,6,Madannapeta,114,Tomato,114,Common,0.0,245.0,600.0,800.0,700.0,0.0,0.0
2025-01-10 00:00:00+05:30,323,Gaddiannaram,2,L.B Nagar,112,Ladys Finger,112,Common,0.0,63.0,2500.0,3500.0,3000.0,0.0,0.0
2025-01-10 00:00:00+05:30,323,Gaddiannaram,1,Gaddiannaram,81,Grapes,296,Black,0.0,165.0,1500.0,5000.0,2500.0,0.0,0.0
2025-01-09 00:00:00+05:30,319,Shankerpally,40,Shankerpally,105,Potato,105,Common,0.0,5.5,3100.0,3200.0,3150.0,0.0,0.0
2025-01-09 00:00:00+05:30,256,Khammam,1067,Khammam,25,Cotton,25,Common,0.0,487.0,5700.0,7150.0,7000.0,0.0,0.0
2025-01-09 00:00:00+05:30,189,Boath,12,Boath,25,Cotton,25,Common,0.0,26.0,7010.0,7010.0,7010.0,0.0,0.0
2025-01-09 00:00:00+05:30,239,Kesamudram,1168,Kesamudram,30,Groundnut pods,30,Common,0.0,140.0,5009.0,6112.0,5812.0,0.0,0.0
2025-01-09 00:00:00+05:30,325,Hyderabad,5,Mahabubmansion,55,Onions,217,No.I,0.0,4804.0,2600.0,3200.0,2700.0,0.0,0.0
2025-01-09 00:00:00+05:30,325,Hyderabad,6,Madannapeta,114,Tomato,114,Common,0.0,195.0,600.0,800.0,700.0,0.0,0.0
2025-01-09 00:00:00+05:30,323,Gaddiannaram,2,L.B Nagar,112,Ladys Finger,112,Common,0.0,50.0,2500.0,3500.0,3000.0,0.0,0.0
2025-01-09 00:00:00+05:30,323,Gaddiannaram,1,Gaddiannaram,81,Grapes,296,Black,0.0,12.0,1500.0,5000.0,2500.0,0.0,0.0
2025-01-09 00:00:00+05:30,324,Bowenpally,3,Bowenpally,108,Yam,108,Common,0.0,24.0,2500.0,5500.0,5000.0,0.0,0.0
2025-01-08 00:00:00+05:30,322,Chevella,46,Chevella,111,Brinjal,111,Common,0.0,3.0,3000.0,3000.0,3000.0,0.0,0.0
2025-01-08 00:00:00+05:30,256,Khammam,1067,Khammam,25,Cotton,25,Common,0.0,445.0,5500.0,7200.0,7100.0,0.0,0.0
2025-01-08 00:00:00+05:30,239,Kesamudram,1168,Kesamudram,30,Groundnut pods,30,Common,0.0,35.0,5269.0,6229.0,5312.0,0.0,0.0
2025-01-08 00:00:00+05:30,325,Hyderabad,5,Mahabubmansion,55,Onions,217,No.I,0.0,4263.0,2700.0,3500.0,3000.0,0.0,0.0
2025-01-08 00:00:00+05:30,325,Hyderabad,6,Madannapeta,114,Tomato,114,Common,0.0,235.0,600.0,800.0,700.0,0.0,0.0
2025-01-08 00:00:00+05:30,323,Gaddiannaram,2,L.B Nagar,112,Ladys Finger,112,Common,0.0,59.0,2500.0,3500.0,3000.0,0.0,0.0
2025-01-08 00:00:00+05:30,323,Gaddiannaram,1,Gaddiannaram,81,Grapes,296,Black,0.0,182.0,1500.0,5000.0,2500.0,0.0,0.0
2025-01-07 00:00:00+05:30,367,Gudimalkapur,1571,Gudumalkapur,108,Yam,108,Common,0.0,5.0,2500.0,2500.0,2500.0,0.0,0.0
2025-01-07 00:00:00+05:30,279,Thirumalagiri,9,Tirmalagiri,1,Paddy,270,Grade-A (1010),0.0,6.0,2349.0,2349.0,2349.0,0.0,0.0
2025-01-07 00:00:00+05:30,325,Hyderabad,5,Mahabubmansion,55,Onions,217,No.I,0.0,5378.0,3000.0,3600.0,3200.0,0.0,0.0
2025-01-07 00:00:00+05:30,256,Khammam,1067,Khammam,25,Cotton,25,Common,0.0,547.0,6000.0,7200.0,6900.0,0.0,0.0
2025-01-06 00:00:00+05:30,304,Kollapur,1601,Kollapur,17,Black Gram,17,Common,0.0,150.0,7000.0,7000.0,7000.0,0.0,0.0
2025-01-07 00:00:00+05:30,219,Jagtial,1125,Jagtial,15,Red Gram,15,Common,0.0,1.0,6039.0,6039.0,6039.0,0.0,0.0
2025-01-07 00:00:00+05:30,292,Zaheerabad,1198,Zaheerabad,16,Green Gram,16,Common,0.0,1.0,6462.0,6462.0,6462.0,0.0,0.0
2025-01-07 00:00:00+05:30,325,Hyderabad,6,Madannapeta,114,Tomato,114,Common,0.0,227.0,400.0,600.0,500.0,0.0,0.0
2025-01-07 00:00:00+05:30,323,Gaddiannaram,2,L.B Nagar,112,Ladys Finger,112,Common,0.0,52.0,3000.0,3500.0,3200.0,0.0,0.0
2025-01-07 00:00:00+05:30,323,Gaddiannaram,1,Gaddiannaram,81,Grapes,296,Black,0.0,101.0,1500.0,5000.0,2500.0,0.0,0.0
2025-01-07 00:00:00+05:30,324,Bowenpally,3,Bowenpally,108,Yam,108,Common,0.0,28.0,3000.0,5500.0,5000.0,0.0,0.0
2025-01-06 00:00:00+05:30,367,Gudimalkapur,1571,Gudumalkapur,108,Yam,108,Common,0.0,3.0,1000.0,1500.0,1200.0,0.0,0.0
2025-01-06 00:00:00+05:30,303,Kalwakurthy,1340,Kalwakurthy,98,Cabbage,98,Common,0.0,1.0,1500.0,1500.0,1500.0,0.0,0.0
2025-01-06 00:00:00+05:30,292,Zaheerabad,1198,Zaheerabad,16,Green Gram,16,Common,0.0,1.5,6124.0,6262.0,6124.0,0.0,0.0
2025-01-06 00:00:00+05:30,322,Chevella,46,Chevella,111,Brinjal,111,Common,0.0,5.0,3000.0,3000.0,3000.0,0.0,0.0
2025-01-06 00:00:00+05:30,256,Khammam,1067,Khammam,25,Cotton,25,Common,0.0,833.0,6000.0,7200.0,7000.0,0.0,0.0
2025-01-06 00:00:00+05:30,325,Hyderabad,6,Madannapeta,114,Tomato,114,Common,0.0,272.0,400.0,600.0,500.0,0.0,0.0
2025-01-06 00:00:00+05:30,279,Thirumalagiri,9,Tirmalagiri,1,Paddy,270,Grade-A (1010),0.0,24.0,2370.0,2390.0,2390.0,0.0,0.0
2025-01-06 00:00:00+05:30,323,Gaddiannaram,2,L.B Nagar,112,Ladys Finger,112,Common,0.0,56.0,3000.0,3500.0,3200.0,0.0,0.0
2025-01-06 00:00:00+05:30,325,Hyderabad,5,Mahabubmansion,55,Onions,217,No.I,0.0,4796.0,3000.0,3900.0,3400.0,0.0,0.0
2025-01-05 00:00:00+05:30,304,Kollapur,1601,Kollapur,17,Black Gram,17,Common,0.0,200.0,7000.0,7000.0,7000.0,0.0,0.0
2025-01-06 00:00:00+05:30,324,Bowenpally,3,Bowenpally,108,Yam,108,Common,0.0,5.0,2000.0,4000.0,3500.0,0.0,0.0
2025-01-05 00:00:00+05:30,367,Gudimalkapur,1571,Gudumalkapur,108,Yam,108,Common,0.0,5.0,2000.0,2000.0,2000.0,0.0,0.0
2025-01-06 00:00:00+05:30,323,Gaddiannaram,1,Gaddiannaram,81,Grapes,296,Black,0.0,232.0,1500.0,5000.0,2500.0,0.0,0.0
2025-01-05 00:00:00+05:30,323,Gaddiannaram,1,Gaddiannaram,81,Grapes,296,Black,0.0,66.0,1500.0,5600.0,2500.0,0.0,0.0
2025-01-05 00:00:00+05:30,322,Chevella,46,Chevella,111,Brinjal,111,Common,0.0,5.0,3000.0,3000.0,3000.0,0.0,0.0
2025-01-04 00:00:00+05:30,304,Kollapur,1601,Kollapur,17,Black Gram,17,Common,0.0,200.0,7000.0,7000.0,7000.0,0.0,0.0
2025-01-05 00:00:00+05:30,303,Kalwakurthy,1340,Kalwakurthy,98,Cabbage,98,Common,0.0,3.0,1200.0,1500.0,1350.0,0.0,0.0
2025-01-05 00:00:00+05:30,323,Gaddiannaram,2,L.B Nagar,112,Ladys Finger,112,Common,0.0,30.0,2000.0,3000.0,2500.0,0.0,0.0
2025-01-05 00:00:00+05:30,325,Hyderabad,6,Madannapeta,114,Tomato,114,Common,0.0,245.0,600.0,800.0,700.0,0.0,0.0
2025-01-05 00:00:00+05:30,324,Bowenpally,3,Bowenpally,108,Yam,108,Common,0.0,39.0,3000.0,5000.0,4500.0,0.0,0.0
2025-01-04 00:00:00+05:30,323,Gaddiannaram,2,L.B Nagar,112,Ladys Finger,112,Common,0.0,60.0,2000.0,3000.0,2500.0,0.0,0.0
2025-01-04 00:00:00+05:30,325,Hyderabad,5,Mahabubmansion,55,Onions,217,No.I,0.0,3642.0,3000.0,4200.0,3400.0,0.0,0.0
2025-01-04 00:00:00+05:30,325,Hyderabad,6,Madannapeta,114,Tomato,114,Common,0.0,197.0,600.0,800.0,700.0,0.0,0.0
2025-01-04 00:00:00+05:30,189,Boath,12,Boath,25,Cotton,25,Common,0.0,17103.0,7124.0,7421.0,7421.0,0.0,0.0
2025-01-03 00:00:00+05:30,304,Kollapur,1601,Kollapur,17,Black Gram,17,Common,0.0,250.0,6400.0,6400.0,6400.0,0.0,0.0
2025-01-04 00:00:00+05:30,322,Chevella,46,Chevella,111,Brinjal,111,Common,0.0,3.0,3000.0,3000.0,3000.0,0.0,0.0
2025-01-04 00:00:00+05:30,319,Shankerpally,40,Shankerpally,105,Potato,105,Common,0.0,6.5,3000.0,3200.0,3100.0,0.0,0.0
2025-01-04 00:00:00+05:30,324,Bowenpally,3,Bowenpally,108,Yam,108,Common,0.0,13.0,1500.0,5000.0,4500.0,0.0,0.0
2025-01-04 00:00:00+05:30,323,Gaddiannaram,1,Gaddiannaram,81,Grapes,296,Black,0.0,118.0,1500.0,5600.0,2500.0,0.0,0.0
2025-01-03 00:00:00+05:30,308,Nagarkurnool,1334,Nagarkurnool,16,Green Gram,16,Common,0.0,1.5,6421.0,6424.0,6421.0,0.0,0.0
2025-01-03 00:00:00+05:30,322,Chevella,46,Chevella,111,Brinjal,111,Common,0.0,4.0,3000.0,3000.0,3000.0,0.0,0.0
2025-01-03 00:00:00+05:30,256,Khammam,1067,Khammam,25,Cotton,25,Common,0.0,753.0,6000.0,7150.0,6900.0,0.0,0.0
2025-01-03 00:00:00+05:30,279,Thirumalagiri,9,Tirmalagiri,1,Paddy,270,Grade-A (1010),0.0,12.0,2069.0,2403.0,2340.0,0.0,0.0
2025-01-03 00:00:00+05:30,219,Jagtial,1125,Jagtial,15,Red Gram,15,Common,0.0,1.0,5350.0,5350.0,5350.0,0.0,0.0
2025-01-02 00:00:00+05:30,304,Kollapur,1601,Kollapur,17,Black Gram,17,Common,0.0,250.0,6400.0,6400.0,6400.0,0.0,0.0
2025-01-03 00:00:00+05:30,325,Hyderabad,6,Madannapeta,114,Tomato,114,Common,0.0,245.0,600.0,800.0,700.0,0.0,0.0
2025-01-03 00:00:00+05:30,325,Hyderabad,5,Mahabubmansion,55,Onions,217,No.I,0.0,3412.0,3200.0,4500.0,3600.0,0.0,0.0
2025-01-03 00:00:00+05:30,323,Gaddiannaram,2,L.B Nagar,112,Ladys Finger,112,Common,0.0,83.0,2000.0,3000.0,2500.0,0.0,0.0
2025-01-03 00:00:00+05:30,323,Gaddiannaram,1,Gaddiannaram,81,Grapes,296,Black,0.0,290.0,1500.0,5600.0,2500.0,0.0,0.0
2025-01-03 00:00:00+05:30,324,Bowenpally,3,Bowenpally,108,Yam,108,Common,0.0,5.0,3000.0,5500.0,5000.0,0.0,0.0
2025-01-02 00:00:00+05:30,303,Kalwakurthy,1340,Kalwakurthy,98,Cabbage,98,Common,0.0,2.0,1300.0,1500.0,1400.0,0.0,0.0
2025-01-02 00:00:00+05:30,239,Kesamudram,1168,Kesamudram,30,Groundnut pods,30,Common,0.0,13.0,5569.0,6529.0,5869.0,0.0,0.0
2025-01-02 00:00:00+05:30,219,Jagtial,1125,Jagtial,15,Red Gram,15,Common,0.0,1.0,5250.0,5250.0,5250.0,0.0,0.0
2025-01-01 00:00:00+05:30,304,Kollapur,1601,Kollapur,17,Black Gram,17,Common,0.0,200.0,6400.0,6400.0,6400.0,0.0,0.0
2025-01-02 00:00:00+05:30,256,Khammam,1067,Khammam,25,Cotton,25,Common,0.0,239.0,5600.0,7200.0,6800.0,0.0,0.0
2025-01-02 00:00:00+05:30,325,Hyderabad,5,Mahabubmansion,55,Onions,217,No.I,0.0,3001.0,3200.0,4200.0,3500.0,0.0,0.0
2025-01-02 00:00:00+05:30,325,Hyderabad,6,Madannapeta,114,Tomato,114,Common,0.0,262.0,600.0,1000.0,800.0,0.0,0.0
2025-01-02 00:00:00+05:30,279,Thirumalagiri,9,Tirmalagiri,1,Paddy,270,Grade-A (1010),0.0,6.0,2310.0,2414.0,2414.0,0.0,0.0
2025-01-02 00:00:00+05:30,322,Chevella,46,Chevella,111,Brinjal,111,Common,0.0,5.0,3000.0,3000.0,3000.0,0.0,0.0
2025-01-02 00:00:00+05:30,323,Gaddiannaram,2,L.B Nagar,112,Ladys Finger,112,Common,0.0,80.0,2000.0,2500.0,2200.0,0.0,0.0
2025-01-02 00:00:00+05:30,323,Gaddiannaram,1,Gaddiannaram,81,Grapes,296,Black,0.0,86.0,1500.0,5600.0,2500.0,0.0,0.0
2025-01-01 00:00:00+05:30,303,Kalwakurthy,1340,Kalwakurthy,98,Cabbage,98,Common,0.0,1.0,1500.0,1500.0,1500.0,0.0,0.0
2025-01-02 00:00:00+05:30,324,Bowenpally,3,Bowenpally,108,Yam,108,Common,0.0,44.0,1500.0,5500.0,4500.0,0.0,0.0
2025-01-01 00:00:00+05:30,325,Hyderabad,5,Mahabubmansion,55,Onions,217,No.I,0.0,1234.0,3200.0,4300.0,3500.0,0.0,0.0
2025-01-01 00:00:00+05:30,323,Gaddiannaram,1,Gaddiannaram,81,Grapes,296,Black,0.0,256.0,1500.0,5600.0,2500.0,0.0,0.0
2025-01-01 00:00:00+05:30,322,Chevella,46,Chevella,111,Brinjal,111,Common,0.0,6.0,3000.0,3000.0,3000.0,0.0,0.0
2025-01-31 00:00:00+05:30,189,Boath,12,Boath,25,Cotton,25,Common,0.0,3789.0,7220.0,7421.0,7421.0,0.0,0.0
2025-01-31 00:00:00+05:30,256,Khammam,1067,Khammam,25,Cotton,25,Common,0.0,189.0,5900.0,7150.0,6800.0,0.0,0.0
2025-01-31 00:00:00+05:30,212,Choppadandi,1123,Choppadandi,1,Paddy,274,Common (HMT),0.0,6.0,2403.0,2403.0,2403.0,0.0,0.0
2025-01-30 00:00:00+05:30,329,Navabpet(MBNR),1483,Navabpet,30,Groundnut pods,30,Common,0.0,851.0,4159.0,5810.0,5739.0,0.0,0.0
2025-01-31 00:00:00+05:30,325,Hyderabad,5,Mahabubmansion,55,Onions,217,No.I,0.0,3447.0,2300.0,3100.0,2600.0,0.0,0.0
2025-01-31 00:00:00+05:30,325,Hyderabad,6,Madannapeta,114,Tomato,114,Common,0.0,207.0,800.0,1000.0,900.0,0.0,0.0
2025-01-31 00:00:00+05:30,323,Gaddiannaram,2,L.B Nagar,112,Ladys Finger,112,Common,0.0,58.0,2500.0,3000.0,2700.0,0.0,0.0
2025-01-31 00:00:00+05:30,323,Gaddiannaram,1,Gaddiannaram,81,Grapes,296,Black,0.0,219.0,1500.0,5000.0,2500.0,0.0,0.0
2025-01-30 00:00:00+05:30,256,Khammam,1067,Khammam,25,Cotton,25,Common,0.0,509.0,5100.0,7200.0,6800.0,0.0,0.0
2025-01-30 00:00:00+05:30,367,Gudimalkapur,1571,Gudumalkapur,108,Yam,108,Common,0.0,2.0,2000.0,2500.0,2000.0,0.0,0.0
2025-01-30 00:00:00+05:30,325,Hyderabad,5,Mahabubmansion,55,Onions,217,No.I,0.0,5244.0,2300.0,3000.0,2500.0,0.0,0.0
2025-01-30 00:00:00+05:30,325,Hyderabad,6,Madannapeta,114,Tomato,114,Common,0.0,258.0,800.0,1000.0,900.0,0.0,0.0
2025-01-30 00:00:00+05:30,323,Gaddiannaram,2,L.B Nagar,112,Ladys Finger,112,Common,0.0,54.0,2000.0,3000.0,2500.0,0.0,0.0
2025-01-30 00:00:00+05:30,323,Gaddiannaram,1,Gaddiannaram,81,Grapes,296,Black,0.0,147.0,1500.0,5000.0,2500.0,0.0,0.0
2025-01-29 00:00:00+05:30,323,Gaddiannaram,1,Gaddiannaram,81,Grapes,296,Black,0.0,150.0,1500.0,5000.0,2500.0,0.0,0.0
2025-01-28 00:00:00+05:30,189,Boath,12,Boath,25,Cotton,25,Common,0.0,3486.0,7220.0,7421.0,7421.0,0.0,0.0
2025-01-27 00:00:00+05:30,329,Navabpet(MBNR),1483,Navabpet,30,Groundnut pods,30,Common,0.0,1052.0,3001.0,5756.0,5257.0,0.0,0.0
2025-01-28 00:00:00+05:30,256,Khammam,1067,Khammam,25,Cotton,25,Common,0.0,442.0,5500.0,7225.0,6800.0,0.0,0.0
2025-01-28 00:00:00+05:30,325,Hyderabad,5,Mahabubmansion,55,Onions,217,No.I,0.0,5162.0,2500.0,3500.0,2700.0,0.0,0.0
2025-01-28 00:00:00+05:30,325,Hyderabad,6,Madannapeta,114,Tomato,114,Common,0.0,207.0,800.0,1000.0,900.0,0.0,0.0
2025-01-28 00:00:00+05:30,323,Gaddiannaram,2,L.B Nagar,112,Ladys Finger,112,Common,0.0,60.0,2000.0,3000.0,2500.0,0.0,0.0
2025-01-28 00:00:00+05:30,323,Gaddiannaram,1,Gaddiannaram,81,Grapes,296,Black,0.0,73.0,1500.0,5000.0,2500.0,0.0,0.0
2025-01-27 00:00:00+05:30,256,Khammam,1067,Khammam,25,Cotton,25,Common,0.0,36.0,6000.0,7225.0,6800.0,0.0,0.0
2025-01-27 00:00:00+05:30,325,Hyderabad,6,Madannapeta,114,Tomato,114,Common,0.0,205.0,600.0,1000.0,800.0,0.0,0.0
2025-01-27 00:00:00+05:30,323,Gaddiannaram,2,L.B Nagar,112,Ladys Finger,112,Common,0.0,35.0,2000.0,3000.0,2500.0,0.0,0.0
2025-01-27 00:00:00+05:30,325,Hyderabad,5,Mahabubmansion,55,Onions,217,No.I,0.0,4084.0,2500.0,3700.0,2800.0,0.0,0.0
2025-01-26 00:00:00+05:30,189,Boath,12,Boath,25,Cotton,25,Common,0.0,2935.0,7220.0,7421.0,7421.0,0.0,0.0
2025-01-27 00:00:00+05:30,323,Gaddiannaram,1,Gaddiannaram,81,Grapes,296,Black,0.0,111.0,1500.0,5000.0,2500.0,0.0,0.0
2025-01-26 00:00:00+05:30,325,Hyderabad,6,Madannapeta,114,Tomato,114,Common,0.0,168.0,600.0,800.0,700.0,0.0,0.0
2025-01-26 00:00:00+05:30,323,Gaddiannaram,2,L.B Nagar,112,Ladys Finger,112,Common,0.0,59.0,2000.0,3000.0,2500.0,0.0,0.0
2025-01-25 00:00:00+05:30,189,Boath,12,Boath,25,Cotton,25,Common,0.0,2497.0,7220.0,7421.0,7421.0,0.0,0.0
2025-01-01 00:00:00+05:30,322,Chevella,46,Chevella,113,Green Chillies,113,Common,0.0,5.0,6000.0,6000.0,6000.0,0.0,0.0
2025-01-01 00:00:00+05:30,331,Vantimamidi,1612,Vantimamidi,110,Green Onion,110,Common,0.0,12.0,1600.0,2100.0,1850.0,0.0,0.0
2025-01-01 00:00:00+05:30,323,Gaddiannaram,1,Gaddiannaram,81,Grapes,297,White,0.0,1.0,12500.0,18750.0,15000.0,0.0,0.0
2025-01-01 00:00:00+05:30,325,Hyderabad,5,Mahabubmansion,55,Onions,218,No.II,0.0,1850.0,500.0,3000.0,2800.0,0.0,0.0
2025-01-02 00:00:00+05:30,324,Bowenpally,3,Bowenpally,110,Green Onion,110,Common,0.0,203.0,1500.0,4000.0,3000.0,0.0,0.0
2025-01-02 00:00:00+05:30,323,Gaddiannaram,2,L.B Nagar,113,Green Chillies,113,Common,0.0,206.0,2500.0,3500.0,3000.0,0.0,0.0
2025-01-02 00:00:00+05:30,322,Chevella,46,Chevella,113,Green Chillies,113,Common,0.0,4.0,6000.0,6000.0,6000.0,0.0,0.0
2025-01-02 00:00:00+05:30,188,Bhainsa,11,Bhainsa,32,Gingelly,32,Common,0.0,53.44,10504.0,11611.0,11523.0,0.0,0.0
2025-01-02 00:00:00+05:30,325,Hyderabad,6,Madannapeta,116,French Beans,116,Common,0.0,3.0,4000.0,5000.0,4500.0,0.0,0.0
2025-01-02 00:00:00+05:30,325,Hyderabad,5,Mahabubmansion,55,Onions,218,No.II,0.0,4502.0,500.0,3000.0,1800.0,0.0,0.0
2025-01-02 00:00:00+05:30,212,Choppadandi,1123,Choppadandi,5,Maize,5,Common,0.0,7.0,2339.0,2439.0,2377.0,0.0,0.0
2025-01-02 00:00:00+05:30,278,Suryapet,1091,Suryapet,15,Red Gram,15,Common,0.0,34.0,6579.0,7232.0,6820.0,0.0,0.0
2025-01-02 00:00:00+05:30,290,Siddipet,1193,Siddipet,5,Maize,5,Common,0.0,21.4,2425.0,2465.0,2450.0,0.0,0.0
2025-01-02 00:00:00+05:30,308,Nagarkurnool,1334,Nagarkurnool,17,Black Gram,17,Common,0.0,272.0,7707.0,8566.0,8566.0,0.0,0.0
2025-01-02 00:00:00+05:30,303,Kalwakurthy,1340,Kalwakurthy,105,Potato,105,Common,0.0,1.0,2600.0,2600.0,2600.0,0.0,0.0
2025-01-02 00:00:00+05:30,309,Narayanpet,1342,Narayanpet,22,Cowpea,22,Common,0.0,3.43,7512.0,7512.0,7512.0,0.0,0.0
2025-01-02 00:00:00+05:30,331,Vantimamidi,1612,Vantimamidi,110,Green Onion,110,Common,0.0,21.0,1500.0,2000.0,1750.0,0.0,0.0
2025-01-02 00:00:00+05:30,367,Gudimalkapur,1571,Gudumalkapur,110,Green Onion,110,Common,0.0,5.0,2500.0,3000.0,2500.0,0.0,0.0
2025-01-03 00:00:00+05:30,324,Bowenpally,3,Bowenpally,110,Green Onion,110,Common,0.0,139.0,1000.0,3000.0,2500.0,0.0,0.0
2025-01-03 00:00:00+05:30,323,Gaddiannaram,1,Gaddiannaram,81,Grapes,297,White,0.0,3.0,10000.0,22500.0,12500.0,0.0,0.0
2025-01-03 00:00:00+05:30,323,Gaddiannaram,2,L.B Nagar,113,Green Chillies,113,Common,0.0,197.0,3000.0,3500.0,3200.0,0.0,0.0
2025-01-03 00:00:00+05:30,325,Hyderabad,5,Mahabubmansion,55,Onions,218,No.II,0.0,5118.0,500.0,300.0,1800.0,0.0,0.0
2025-01-03 00:00:00+05:30,325,Hyderabad,6,Madannapeta,116,French Beans,116,Common,0.0,6.0,3500.0,5000.0,4250.0,0.0,0.0
2025-01-03 00:00:00+05:30,212,Choppadandi,1123,Choppadandi,5,Maize,5,Common,0.0,23.0,2205.0,2376.0,2376.0,0.0,0.0
2025-01-03 00:00:00+05:30,278,Suryapet,1091,Suryapet,15,Red Gram,15,Common,0.0,19.0,6319.0,6809.0,6809.0,0.0,0.0
2025-01-03 00:00:00+05:30,279,Thirumalagiri,9,Tirmalagiri,1,Paddy,274,Common (HMT),0.0,16.0,2274.0,2274.0,2274.0,0.0,0.0
2025-01-03 00:00:00+05:30,188,Bhainsa,11,Bhainsa,32,Gingelly,32,Common,0.0,5.05,11211.0,11337.0,11337.0,0.0,0.0
2025-01-03 00:00:00+05:30,322,Chevella,46,Chevella,113,Green Chillies,113,Common,0.0,4.0,6000.0,6000.0,6000.0,0.0,0.0
2025-01-03 00:00:00+05:30,308,Nagarkurnool,1334,Nagarkurnool,17,Black Gram,17,Common,0.0,274.5,7707.0,8989.0,8467.0,0.0,0.0
2025-01-03 00:00:00+05:30,290,Siddipet,1193,Siddipet,5,Maize,5,Common,0.0,20.11,2315.0,2476.0,2389.0,0.0,0.0
2025-01-03 00:00:00+05:30,289,Sadasivpet,1200,Sadasivapet,18,Horse Gram,18,Common,0.0,1.0,6500.0,6500.0,6500.0,0.0,0.0
2025-01-03 00:00:00+05:30,367,Gudimalkapur,1571,Gudumalkapur,110,Green Onion,110,Common,0.0,7.0,1500.0,2000.0,1600.0,0.0,0.0
2025-01-04 00:00:00+05:30,323,Gaddiannaram,1,Gaddiannaram,81,Grapes,297,White,0.0,2.0,10000.0,22500.0,12500.0,0.0,0.0
2025-01-03 00:00:00+05:30,331,Vantimamidi,1612,Vantimamidi,110,Green Onion,110,Common,0.0,10.0,1600.0,2000.0,1800.0,0.0,0.0
2025-01-04 00:00:00+05:30,324,Bowenpally,3,Bowenpally,110,Green Onion,110,Common,0.0,65.0,1000.0,3000.0,2500.0,0.0,0.0
2025-01-04 00:00:00+05:30,322,Chevella,46,Chevella,113,Green Chillies,113,Common,0.0,5.0,6000.0,6000.0,6000.0,0.0,0.0
2025-01-04 00:00:00+05:30,188,Bhainsa,11,Bhainsa,32,Gingelly,32,Common,0.0,27.7,11337.0,12111.0,11337.0,0.0,0.0
2025-01-04 00:00:00+05:30,212,Choppadandi,1123,Choppadandi,5,Maize,5,Common,0.0,4.0,2259.0,2311.0,2259.0,0.0,0.0
2025-01-04 00:00:00+05:30,290,Siddipet,1193,Siddipet,5,Maize,5,Common,0.0,34.44,2486.0,2486.0,2486.0,0.0,0.0
2025-01-04 00:00:00+05:30,325,Hyderabad,6,Madannapeta,116,French Beans,116,Common,0.0,3.0,4000.0,4000.0,4000.0,0.0,0.0
2025-01-04 00:00:00+05:30,279,Thirumalagiri,9,Tirmalagiri,1,Paddy,274,Common (HMT),0.0,34.0,2423.0,2424.0,2424.0,0.0,0.0
2025-01-04 00:00:00+05:30,325,Hyderabad,5,Mahabubmansion,55,Onions,218,No.II,0.0,5464.0,500.0,2800.0,1800.0,0.0,0.0
2025-01-03 00:00:00+05:30,303,Kalwakurthy,1340,Kalwakurthy,105,Potato,105,Common,0.0,3.0,2800.0,2800.0,2800.0,0.0,0.0
2025-01-04 00:00:00+05:30,323,Gaddiannaram,2,L.B Nagar,113,Green Chillies,113,Common,0.0,197.0,3000.0,3500.0,3200.0,0.0,0.0
2025-01-05 00:00:00+05:30,324,Bowenpally,3,Bowenpally,110,Green Onion,110,Common,0.0,54.0,1000.0,3000.0,2500.0,0.0,0.0
2025-01-05 00:00:00+05:30,325,Hyderabad,6,Madannapeta,116,French Beans,116,Common,0.0,6.0,3500.0,5000.0,4250.0,0.0,0.0
2025-01-05 00:00:00+05:30,323,Gaddiannaram,2,L.B Nagar,113,Green Chillies,113,Common,0.0,199.0,3000.0,3500.0,3200.0,0.0,0.0
2025-01-04 00:00:00+05:30,367,Gudimalkapur,1571,Gudumalkapur,110,Green Onion,110,Common,0.0,9.0,2000.0,2500.0,2000.0,0.0,0.0
2025-01-04 00:00:00+05:30,331,Vantimamidi,1612,Vantimamidi,110,Green Onion,110,Common,0.0,6.0,1800.0,2200.0,2000.0,0.0,0.0
2025-01-04 00:00:00+05:30,309,Narayanpet,1342,Narayanpet,22,Cowpea,22,Common,0.0,4.9,7411.0,7411.0,7411.0,0.0,0.0
2025-01-05 00:00:00+05:30,303,Kalwakurthy,1340,Kalwakurthy,105,Potato,105,Common,0.0,5.0,2200.0,2600.0,2400.0,0.0,0.0
2025-01-05 00:00:00+05:30,322,Chevella,46,Chevella,113,Green Chillies,113,Common,0.0,4.0,6000.0,6000.0,6000.0,0.0,0.0
2025-01-06 00:00:00+05:30,323,Gaddiannaram,1,Gaddiannaram,81,Grapes,297,White,0.0,231.0,3100.0,7500.0,5000.0,0.0,0.0
2025-01-05 00:00:00+05:30,331,Vantimamidi,1612,Vantimamidi,110,Green Onion,110,Common,0.0,16.0,1600.0,2300.0,1950.0,0.0,0.0
2025-01-05 00:00:00+05:30,367,Gudimalkapur,1571,Gudumalkapur,110,Green Onion,110,Common,0.0,8.0,2000.0,2500.0,2000.0,0.0,0.0
2025-01-06 00:00:00+05:30,324,Bowenpally,3,Bowenpally,110,Green Onion,110,Common,0.0,66.0,1000.0,3000.0,500.0,0.0,0.0
2025-01-06 00:00:00+05:30,325,Hyderabad,5,Mahabubmansion,55,Onions,218,No.II,0.0,7195.0,600.0,2800.0,1800.0,0.0,0.0
2025-01-06 00:00:00+05:30,323,Gaddiannaram,2,L.B Nagar,113,Green Chillies,113,Common,0.0,218.0,3000.0,3500.0,3200.0,0.0,0.0
2025-01-06 00:00:00+05:30,188,Bhainsa,11,Bhainsa,32,Gingelly,32,Common,0.0,59.19,10454.0,11532.0,11453.0,0.0,0.0
2025-01-06 00:00:00+05:30,325,Hyderabad,6,Madannapeta,116,French Beans,116,Common,0.0,5.0,3500.0,4000.0,3750.0,0.0,0.0
2025-01-06 00:00:00+05:30,322,Chevella,46,Chevella,113,Green Chillies,113,Common,0.0,4.0,6000.0,6000.0,6000.0,0.0,0.0
2025-01-06 00:00:00+05:30,278,Suryapet,1091,Suryapet,15,Red Gram,15,Common,0.0,12.0,5055.0,7065.0,7065.0,0.0,0.0
2025-01-06 00:00:00+05:30,212,Choppadandi,1123,Choppadandi,5,Maize,5,Common,0.0,59.0,2106.0,2486.0,2486.0,0.0,0.0
2025-01-06 00:00:00+05:30,290,Siddipet,1193,Siddipet,5,Maize,5,Common,0.0,13.52,2351.0,2465.0,2400.0,0.0,0.0
2025-01-06 00:00:00+05:30,331,Vantimamidi,1612,Vantimamidi,110,Green Onion,110,Common,0.0,24.0,1900.0,2200.0,2050.0,0.0,0.0
2025-01-06 00:00:00+05:30,367,Gudimalkapur,1571,Gudumalkapur,110,Green Onion,110,Common,0.0,176.0,3000.0,4500.0,3500.0,0.0,0.0
2025-01-07 00:00:00+05:30,324,Bowenpally,3,Bowenpally,110,Green Onion,110,Common,0.0,96.0,1000.0,3000.0,2500.0,0.0,0.0
2025-01-07 00:00:00+05:30,323,Gaddiannaram,1,Gaddiannaram,81,Grapes,297,White,0.0,198.0,3100.0,7500.0,5000.0,0.0,0.0
2025-01-07 00:00:00+05:30,323,Gaddiannaram,2,L.B Nagar,113,Green Chillies,113,Common,0.0,242.0,3000.0,3500.0,3200.0,0.0,0.0
2025-01-07 00:00:00+05:30,325,Hyderabad,6,Madannapeta,116,French Beans,116,Common,0.0,6.0,3500.0,5000.0,4250.0,0.0,0.0
2025-01-07 00:00:00+05:30,212,Choppadandi,1123,Choppadandi,5,Maize,5,Common,0.0,1.0,2175.0,2175.0,2175.0,0.0,0.0
2025-01-07 00:00:00+05:30,278,Suryapet,1091,Suryapet,15,Red Gram,15,Common,0.0,6.0,3500.0,6809.0,5125.0,0.0,0.0
2025-01-07 00:00:00+05:30,325,Hyderabad,5,Mahabubmansion,55,Onions,218,No.II,0.0,8068.0,400.0,2600.0,1600.0,0.0,0.0
2025-01-07 00:00:00+05:30,188,Bhainsa,11,Bhainsa,32,Gingelly,32,Common,0.0,17.09,10289.0,11325.0,11325.0,0.0,0.0
2025-01-07 00:00:00+05:30,367,Gudimalkapur,1571,Gudumalkapur,110,Green Onion,110,Common,0.0,8.0,2000.0,2500.0,2000.0,0.0,0.0
2025-01-07 00:00:00+05:30,331,Vantimamidi,1612,Vantimamidi,110,Green Onion,110,Common,0.0,24.0,1800.0,2100.0,1950.0,0.0,0.0
2025-01-08 00:00:00+05:30,323,Gaddiannaram,1,Gaddiannaram,81,Grapes,297,White,0.0,316.0,3100.0,7500.0,5000.0,0.0,0.0
2025-01-08 00:00:00+05:30,323,Gaddiannaram,2,L.B Nagar,113,Green Chillies,113,Common,0.0,285.0,3000.0,3500.0,3200.0,0.0,0.0
2025-01-08 00:00:00+05:30,324,Bowenpally,3,Bowenpally,110,Green Onion,110,Common,0.0,32.0,1000.0,3200.0,2600.0,0.0,0.0
2025-01-08 00:00:00+05:30,325,Hyderabad,6,Madannapeta,116,French Beans,116,Common,0.0,9.0,3000.0,4000.0,3500.0,0.0,0.0
2025-01-08 00:00:00+05:30,325,Hyderabad,5,Mahabubmansion,55,Onions,218,No.II,0.0,6395.0,400.0,2600.0,1600.0,0.0,0.0
2025-01-08 00:00:00+05:30,212,Choppadandi,1123,Choppadandi,5,Maize,5,Common,0.0,2.0,2223.0,2223.0,2223.0,0.0,0.0
2025-01-08 00:00:00+05:30,290,Siddipet,1193,Siddipet,5,Maize,5,Common,0.0,42.39,2502.0,2502.0,2502.0,0.0,0.0
2025-01-08 00:00:00+05:30,322,Chevella,46,Chevella,113,Green Chillies,113,Common,0.0,6.0,6000.0,6000.0,6000.0,0.0,0.0
2025-01-08 00:00:00+05:30,278,Suryapet,1091,Suryapet,15,Red Gram,15,Common,0.0,6.0,7316.0,7316.0,7316.0,0.0,0.0
2025-01-08 00:00:00+05:30,279,Thirumalagiri,9,Tirmalagiri,1,Paddy,274,Common (HMT),0.0,13.0,1963.0,1963.0,1963.0,0.0,0.0
2025-01-08 00:00:00+05:30,188,Bhainsa,11,Bhainsa,32,Gingelly,32,Common,0.0,31.91,6819.0,11800.0,11355.0,0.0,0.0
2025-01-08 00:00:00+05:30,331,Vantimamidi,1612,Vantimamidi,110,Green Onion,110,Common,0.0,16.0,1800.0,2200.0,2000.0,0.0,0.0
2025-01-08 00:00:00+05:30,367,Gudimalkapur,1571,Gudumalkapur,110,Green Onion,110,Common,0.0,3.0,2000.0,2500.0,2000.0,0.0,0.0
2025-01-09 00:00:00+05:30,324,Bowenpally,3,Bowenpally,110,Green Onion,110,Common,0.0,49.0,1000.0,3200.0,2700.0,0.0,0.0
2025-01-09 00:00:00+05:30,323,Gaddiannaram,1,Gaddiannaram,81,Grapes,297,White,0.0,210.0,3100.0,7500.0,5000.0,0.0,0.0
2025-01-09 00:00:00+05:30,323,Gaddiannaram,2,L.B Nagar,113,Green Chillies,113,Common,0.0,221.0,3000.0,3500.0,3200.0,0.0,0.0
2025-01-09 00:00:00+05:30,325,Hyderabad,6,Madannapeta,116,French Beans,116,Common,0.0,5.0,4000.0,4000.0,4000.0,0.0,0.0
2025-01-09 00:00:00+05:30,325,Hyderabad,5,Mahabubmansion,55,Onions,218,No.II,0.0,7207.0,400.0,2400.0,1600.0,0.0,0.0
2025-01-08 00:00:00+05:30,309,Narayanpet,1342,Narayanpet,22,Cowpea,22,Common,0.0,6.39,6840.0,7409.0,7390.0,0.0,0.0
2025-01-09 00:00:00+05:30,212,Choppadandi,1123,Choppadandi,5,Maize,5,Common,0.0,1.0,2156.0,2156.0,2156.0,0.0,0.0
2025-01-09 00:00:00+05:30,278,Suryapet,1091,Suryapet,15,Red Gram,15,Common,0.0,17.0,4595.0,7459.0,7059.0,0.0,0.0
2025-01-09 00:00:00+05:30,188,Bhainsa,11,Bhainsa,32,Gingelly,32,Common,0.0,70.3,6269.0,11355.0,11111.0,0.0,0.0
2025-01-09 00:00:00+05:30,367,Gudimalkapur,1571,Gudumalkapur,110,Green Onion,110,Common,0.0,7.0,2000.0,2500.0,2000.0,0.0,0.0
2025-01-09 00:00:00+05:30,331,Vantimamidi,1612,Vantimamidi,110,Green Onion,110,Common,0.0,10.0,1700.0,2100.0,1900.0,0.0,0.0
2025-01-10 00:00:00+05:30,323,Gaddiannaram,1,Gaddiannaram,81,Grapes,297,White,0.0,181.0,3100.0,7500.0,5000.0,0.0,0.0
2025-01-10 00:00:00+05:30,323,Gaddiannaram,2,L.B Nagar,113,Green Chillies,113,Common,0.0,265.0,3000.0,3500.0,3200.0,0.0,0.0
2025-01-10 00:00:00+05:30,324,Bowenpally,3,Bowenpally,110,Green Onion,110,Common,0.0,45.0,1000.0,3000.0,2500.0,0.0,0.0
2025-01-10 00:00:00+05:30,325,Hyderabad,6,Madannapeta,116,French Beans,116,Common,0.0,8.0,3000.0,3000.0,3000.0,0.0,0.0
2025-01-10 00:00:00+05:30,325,Hyderabad,5,Mahabubmansion,55,Onions,218,No.II,0.0,7674.0,400.0,2500.0,1600.0,0.0,0.0
2025-01-10 00:00:00+05:30,188,Bhainsa,11,Bhainsa,32,Gingelly,32,Common,0.0,95.41,9522.0,10831.0,10766.0,0.0,0.0
2025-01-10 00:00:00+05:30,278,Suryapet,1091,Suryapet,15,Red Gram,15,Common,0.0,90.0,4793.0,7459.0,6509.0,0.0,0.0
2025-01-10 00:00:00+05:30,290,Siddipet,1193,Siddipet,5,Maize,5,Common,0.0,24.03,2493.0,2493.0,2493.0,0.0,0.0
2025-01-11 00:00:00+05:30,323,Gaddiannaram,1,Gaddiannaram,81,Grapes,297,White,0.0,131.0,3100.0,7500.0,5000.0,0.0,0.0
2025-01-10 00:00:00+05:30,331,Vantimamidi,1612,Vantimamidi,110,Green Onion,110,Common,0.0,23.0,1600.0,2200.0,1900.0,0.0,0.0
2025-01-10 00:00:00+05:30,308,Nagarkurnool,1334,Nagarkurnool,17,Black Gram,17,Common,0.0,255.0,7469.0,8359.0,8273.0,0.0,0.0
2025-01-10 00:00:00+05:30,367,Gudimalkapur,1571,Gudumalkapur,110,Green Onion,110,Common,0.0,8.0,2000.0,2500.0,2000.0,0.0,0.0
2025-01-11 00:00:00+05:30,324,Bowenpally,3,Bowenpally,110,Green Onion,110,Common,0.0,41.0,1000.0,3500.0,3000.0,0.0,0.0
2025-01-11 00:00:00+05:30,325,Hyderabad,5,Mahabubmansion,55,Onions,218,No.II,0.0,8569.0,300.0,2300.0,2000.0,0.0,0.0
2025-01-11 00:00:00+05:30,323,Gaddiannaram,2,L.B Nagar,113,Green Chillies,113,Common,0.0,175.0,3000.0,3500.0,3200.0,0.0,0.0
2025-01-11 00:00:00+05:30,290,Siddipet,1193,Siddipet,5,Maize,5,Common,0.0,0.81,2206.0,2206.0,2206.0,0.0,0.0
2025-01-11 00:00:00+05:30,325,Hyderabad,6,Madannapeta,116,French Beans,116,Common,0.0,5.0,3500.0,4000.0,1750.0,0.0,0.0
2025-01-11 00:00:00+05:30,188,Bhainsa,11,Bhainsa,32,Gingelly,32,Common,0.0,28.46,9422.0,10831.0,10831.0,0.0,0.0
2025-01-12 00:00:00+05:30,324,Bowenpally,3,Bowenpally,110,Green Onion,110,Common,0.0,51.0,1500.0,3500.0,2800.0,0.0,0.0
2025-01-12 00:00:00+05:30,325,Hyderabad,6,Madannapeta,116,French Beans,116,Common,0.0,8.0,3000.0,3000.0,3000.0,0.0,0.0
2025-01-12 00:00:00+05:30,323,Gaddiannaram,1,Gaddiannaram,81,Grapes,297,White,0.0,184.0,3100.0,7500.0,5000.0,0.0,0.0
2025-01-11 00:00:00+05:30,331,Vantimamidi,1612,Vantimamidi,110,Green Onion,110,Common,0.0,33.0,1500.0,2100.0,1800.0,0.0,0.0
2025-01-11 00:00:00+05:30,367,Gudimalkapur,1571,Gudumalkapur,110,Green Onion,110,Common,0.0,9.0,2000.0,2500.0,2000.0,0.0,0.0
2025-01-13 00:00:00+05:30,323,Gaddiannaram,1,Gaddiannaram,81,Grapes,297,White,0.0,245.0,3100.0,7500.0,5000.0,0.0,0.0
2025-01-13 00:00:00+05:30,323,Gaddiannaram,2,L.B Nagar,113,Green Chillies,113,Common,0.0,187.0,3000.0,3500.0,3200.0,0.0,0.0
2025-01-12 00:00:00+05:30,331,Vantimamidi,1612,Vantimamidi,110,Green Onion,110,Common,0.0,35.0,2000.0,2500.0,2250.0,0.0,0.0
2025-01-12 00:00:00+05:30,367,Gudimalkapur,1571,Gudumalkapur,110,Green Onion,110,Common,0.0,6.0,1500.0,2500.0,1500.0,0.0,0.0
2025-01-13 00:00:00+05:30,324,Bowenpally,3,Bowenpally,110,Green Onion,110,Common,0.0,49.0,1000.0,3000.0,2500.0,0.0,0.0
2025-01-13 00:00:00+05:30,325,Hyderabad,5,Mahabubmansion,55,Onions,218,No.II,0.0,3647.0,300.0,2300.0,2000.0,0.0,0.0
2025-01-13 00:00:00+05:30,367,Gudimalkapur,1571,Gudumalkapur,110,Green Onion,110,Common,0.0,2.0,2000.0,2500.0,2000.0,0.0,0.0
2025-01-14 00:00:00+05:30,323,Gaddiannaram,2,L.B Nagar,113,Green Chillies,113,Common,0.0,63.0,2500.0,4000.0,3100.0,0.0,0.0
2025-01-13 00:00:00+05:30,331,Vantimamidi,1612,Vantimamidi,110,Green Onion,110,Common,0.0,8.0,1600.0,2400.0,2000.0,0.0,0.0
2025-01-14 00:00:00+05:30,324,Bowenpally,3,Bowenpally,110,Green Onion,110,Common,0.0,18.0,1000.0,4000.0,3000.0,0.0,0.0
2025-01-14 00:00:00+05:30,325,Hyderabad,6,Madannapeta,116,French Beans,116,Common,0.0,9.0,3000.0,4000.0,3500.0,0.0,0.0
2025-01-14 00:00:00+05:30,323,Gaddiannaram,1,Gaddiannaram,81,Grapes,297,White,0.0,36.0,3100.0,7500.0,5000.0,0.0,0.0
2025-01-14 00:00:00+05:30,367,Gudimalkapur,1571,Gudumalkapur,110,Green Onion,110,Common,0.0,6.0,2000.0,2500.0,2000.0,0.0,0.0
2025-01-16 00:00:00+05:30,323,Gaddiannaram,1,Gaddiannaram,81,Grapes,297,White,0.0,141.0,3100.0,7500.0,5000.0,0.0,0.0
2025-01-15 00:00:00+05:30,331,Vantimamidi,1612,Vantimamidi,110,Green Onion,110,Common,0.0,6.0,1500.0,2200.0,1850.0,0.0,0.0
2025-01-15 00:00:00+05:30,324,Bowenpally,3,Bowenpally,110,Green Onion,110,Common,0.0,21.0,1500.0,4500.0,3500.0,0.0,0.0
2025-01-15 00:00:00+05:30,323,Gaddiannaram,1,Gaddiannaram,81,Grapes,297,White,0.0,51.0,3100.0,7500.0,5000.0,0.0,0.0
2025-01-15 00:00:00+05:30,323,Gaddiannaram,2,L.B Nagar,113,Green Chillies,113,Common,0.0,123.0,2500.0,3500.0,3000.0,0.0,0.0
2025-01-16 00:00:00+05:30,325,Hyderabad,6,Madannapeta,116,French Beans,116,Common,0.0,3.0,4000.0,4000.0,4000.0,0.0,0.0
2025-01-16 00:00:00+05:30,323,Gaddiannaram,2,L.B Nagar,113,Green Chillies,113,Common,0.0,145.0,2500.0,3500.0,3000.0,0.0,0.0
2025-01-16 00:00:00+05:30,324,Bowenpally,3,Bowenpally,110,Green Onion,110,Common,0.0,25.0,1500.0,4000.0,3200.0,0.0,0.0
2025-01-16 00:00:00+05:30,325,Hyderabad,5,Mahabubmansion,55,Onions,218,No.II,0.0,3428.0,300.0,2200.0,1400.0,0.0,0.0
2025-01-16 00:00:00+05:30,188,Bhainsa,11,Bhainsa,32,Gingelly,32,Common,0.0,9.27,10232.0,10663.0,10663.0,0.0,0.0
2025-01-16 00:00:00+05:30,212,Choppadandi,1123,Choppadandi,5,Maize,5,Common,0.0,5.0,1823.0,2223.0,1823.0,0.0,0.0
2025-01-16 00:00:00+05:30,278,Suryapet,1091,Suryapet,15,Red Gram,15,Common,0.0,15.0,5159.0,6881.0,6259.0,0.0,0.0
2025-01-16 00:00:00+05:30,367,Gudimalkapur,1571,Gudumalkapur,110,Green Onion,110,Common,0.0,9.0,2000.0,2500.0,2000.0,0.0,0.0
2025-01-17 00:00:00+05:30,323,Gaddiannaram,1,Gaddiannaram,81,Grapes,297,White,0.0,211.0,3100.0,7500.0,5000.0,0.0,0.0
2025-01-16 00:00:00+05:30,331,Vantimamidi,1612,Vantimamidi,110,Green Onion,110,Common,0.0,16.0,1600.0,2300.0,1950.0,0.0,0.0
2025-01-16 00:00:00+05:30,308,Nagarkurnool,1334,Nagarkurnool,17,Black Gram,17,Common,0.0,117.5,7802.0,8373.0,8373.0,0.0,0.0
2025-01-16 00:00:00+05:30,309,Narayanpet,1342,Narayanpet,22,Cowpea,22,Common,0.0,5.39,6839.0,7570.0,7123.0,0.0,0.0
2025-01-17 00:00:00+05:30,325,Hyderabad,6,Madannapeta,116,French Beans,116,Common,0.0,2.0,4000.0,5000.0,4500.0,0.0,0.0
2025-01-17 00:00:00+05:30,323,Gaddiannaram,2,L.B Nagar,113,Green Chillies,113,Common,0.0,196.0,2500.0,3500.0,3200.0,0.0,0.0
2025-01-17 00:00:00+05:30,324,Bowenpally,3,Bowenpally,110,Green Onion,110,Common,0.0,37.0,2000.0,4000.0,3500.0,0.0,0.0
2025-01-17 00:00:00+05:30,325,Hyderabad,5,Mahabubmansion,55,Onions,218,No.II,0.0,3737.0,300.0,2200.0,1400.0,0.0,0.0
2025-01-17 00:00:00+05:30,188,Bhainsa,11,Bhainsa,32,Gingelly,32,Common,0.0,2.79,9675.0,9823.0,9675.0,0.0,0.0
2025-01-17 00:00:00+05:30,278,Suryapet,1091,Suryapet,15,Red Gram,15,Common,0.0,89.0,6089.0,6409.0,6109.0,0.0,0.0
2025-01-17 00:00:00+05:30,290,Siddipet,1193,Siddipet,5,Maize,5,Common,0.0,144.51,2433.0,2511.0,2473.0,0.0,0.0
2025-01-17 00:00:00+05:30,308,Nagarkurnool,1334,Nagarkurnool,17,Black Gram,17,Common,0.0,149.5,5800.0,8374.0,8269.0,0.0,0.0
2025-01-17 00:00:00+05:30,331,Vantimamidi,1612,Vantimamidi,110,Green Onion,110,Common,0.0,34.0,1800.0,2400.0,2100.0,0.0,0.0
2025-01-18 00:00:00+05:30,324,Bowenpally,3,Bowenpally,110,Green Onion,110,Common,0.0,25.0,2000.0,4000.0,3500.0,0.0,0.0
2025-01-18 00:00:00+05:30,325,Hyderabad,5,Mahabubmansion,55,Onions,218,No.II,0.0,4848.0,300.0,2200.0,1400.0,0.0,0.0
2025-01-17 00:00:00+05:30,309,Narayanpet,1342,Narayanpet,22,Cowpea,22,Common,0.0,3.92,5700.0,6391.0,6391.0,0.0,0.0
2025-01-18 00:00:00+05:30,323,Gaddiannaram,2,L.B Nagar,113,Green Chillies,113,Common,0.0,204.0,3000.0,3500.0,3200.0,0.0,0.0
2025-01-18 00:00:00+05:30,278,Suryapet,1091,Suryapet,15,Red Gram,15,Common,0.0,37.0,5809.0,6624.0,6282.0,0.0,0.0
2025-01-18 00:00:00+05:30,325,Hyderabad,6,Madannapeta,116,French Beans,116,Common,0.0,3.0,4000.0,4000.0,4000.0,0.0,0.0
2025-01-18 00:00:00+05:30,290,Siddipet,1193,Siddipet,5,Maize,5,Common,0.0,45.65,2405.0,2492.0,2462.0,0.0,0.0
2025-01-18 00:00:00+05:30,367,Gudimalkapur,1571,Gudumalkapur,110,Green Onion,110,Common,0.0,9.0,2000.0,2500.0,2000.0,0.0,0.0
2025-01-19 00:00:00+05:30,323,Gaddiannaram,1,Gaddiannaram,81,Grapes,297,White,0.0,196.0,3100.0,7500.0,5000.0,0.0,0.0
2025-01-18 00:00:00+05:30,331,Vantimamidi,1612,Vantimamidi,110,Green Onion,110,Common,0.0,17.0,1500.0,2000.0,1750.0,0.0,0.0
2025-01-19 00:00:00+05:30,324,Bowenpally,3,Bowenpally,110,Green Onion,110,Common,0.0,38.0,2000.0,4000.0,3500.0,0.0,0.0
2025-01-19 00:00:00+05:30,325,Hyderabad,6,Madannapeta,116,French Beans,116,Common,0.0,2.0,3500.0,4000.0,3750.0,0.0,0.0
2025-01-19 00:00:00+05:30,323,Gaddiannaram,2,L.B Nagar,113,Green Chillies,113,Common,0.0,192.0,3000.0,3500.0,3200.0,0.0,0.0
2025-01-19 00:00:00+05:30,331,Vantimamidi,1612,Vantimamidi,110,Green Onion,110,Common,0.0,9.0,1500.0,2200.0,1850.0,0.0,0.0
2025-01-19 00:00:00+05:30,367,Gudimalkapur,1571,Gudumalkapur,110,Green Onion,110,Common,0.0,6.0,2000.0,2500.0,2000.0,0.0,0.0
2025-01-20 00:00:00+05:30,324,Bowenpally,3,Bowenpally,110,Green Onion,110,Common,0.0,33.0,1000.0,3000.0,2500.0,0.0,0.0
2025-01-20 00:00:00+05:30,323,Gaddiannaram,1,Gaddiannaram,81,Grapes,297,White,0.0,548.0,3100.0,7500.0,5000.0,0.0,0.0
2025-01-20 00:00:00+05:30,323,Gaddiannaram,2,L.B Nagar,113,Green Chillies,113,Common,0.0,167.0,3000.0,3500.0,3200.0,0.0,0.0
2025-01-20 00:00:00+05:30,325,Hyderabad,5,Mahabubmansion,55,Onions,218,No.II,0.0,6128.0,400.0,2200.0,1800.0,0.0,0.0
2025-01-20 00:00:00+05:30,325,Hyderabad,6,Madannapeta,116,French Beans,116,Common,0.0,8.0,2000.0,3000.0,2500.0,0.0,0.0
2025-01-20 00:00:00+05:30,290,Siddipet,1193,Siddipet,5,Maize,5,Common,0.0,63.8,2333.0,2468.0,2351.0,0.0,0.0
2025-01-20 00:00:00+05:30,278,Suryapet,1091,Suryapet,15,Red Gram,15,Common,0.0,47.0,4892.0,6696.0,6537.0,0.0,0.0
2025-01-20 00:00:00+05:30,279,Thirumalagiri,9,Tirmalagiri,1,Paddy,274,Common (HMT),0.0,2.0,1859.0,1859.0,1859.0,0.0,0.0
2025-01-21 00:00:00+05:30,324,Bowenpally,3,Bowenpally,110,Green Onion,110,Common,0.0,37.0,1500.0,3500.0,3000.0,0.0,0.0
2025-01-21 00:00:00+05:30,323,Gaddiannaram,1,Gaddiannaram,81,Grapes,297,White,0.0,112.0,3100.0,7500.0,5000.0,0.0,0.0
2025-01-21 00:00:00+05:30,323,Gaddiannaram,2,L.B Nagar,113,Green Chillies,113,Common,0.0,190.0,3000.0,4000.0,3500.0,0.0,0.0
2025-01-20 00:00:00+05:30,367,Gudimalkapur,1571,Gudumalkapur,110,Green Onion,110,Common,0.0,5.0,2000.0,2000.0,2000.0,0.0,0.0
2025-01-20 00:00:00+05:30,308,Nagarkurnool,1334,Nagarkurnool,17,Black Gram,17,Common,0.0,197.5,7629.0,8269.0,8209.0,0.0,0.0
2025-01-20 00:00:00+05:30,331,Vantimamidi,1612,Vantimamidi,110,Green Onion,110,Common,0.0,7.0,1800.0,2000.0,1900.0,0.0,0.0
2025-01-21 00:00:00+05:30,325,Hyderabad,6,Madannapeta,116,French Beans,116,Common,0.0,2.0,4000.0,4000.0,4000.0,0.0,0.0
2025-01-21 00:00:00+05:30,325,Hyderabad,5,Mahabubmansion,55,Onions,218,No.II,0.0,4688.0,300.0,2200.0,1400.0,0.0,0.0
2025-01-21 00:00:00+05:30,222,Karimnagar,1121,Karimnagar,15,Red Gram,234,Red,0.0,7.0,7007.0,7007.0,7007.0,0.0,0.0
2025-01-21 00:00:00+05:30,290,Siddipet,1193,Siddipet,5,Maize,5,Common,0.0,162.19,2335.0,2463.0,2411.0,0.0,0.0
2025-01-21 00:00:00+05:30,278,Suryapet,1091,Suryapet,15,Red Gram,15,Common,0.0,74.0,5659.0,6894.0,6629.0,0.0,0.0
2025-01-21 00:00:00+05:30,279,Thirumalagiri,9,Tirmalagiri,1,Paddy,274,Common (HMT),0.0,3.0,2267.0,2267.0,2267.0,0.0,0.0
2025-01-21 00:00:00+05:30,188,Bhainsa,11,Bhainsa,32,Gingelly,32,Common,0.0,8.85,10426.0,10455.0,10455.0,0.0,0.0
2025-01-22 00:00:00+05:30,324,Bowenpally,3,Bowenpally,110,Green Onion,110,Common,0.0,30.0,1000.0,3000.0,2500.0,0.0,0.0
2025-01-22 00:00:00+05:30,323,Gaddiannaram,1,Gaddiannaram,81,Grapes,297,White,0.0,184.0,3100.0,7500.0,5000.0,0.0,0.0
2025-01-22 00:00:00+05:30,323,Gaddiannaram,2,L.B Nagar,113,Green Chillies,113,Common,0.0,267.0,3000.0,3500.0,3200.0,0.0,0.0
2025-01-21 00:00:00+05:30,367,Gudimalkapur,1571,Gudumalkapur,110,Green Onion,110,Common,0.0,4.0,2000.0,2000.0,2000.0,0.0,0.0
2025-01-21 00:00:00+05:30,308,Nagarkurnool,1334,Nagarkurnool,17,Black Gram,17,Common,0.0,63.0,7329.0,8269.0,8259.0,0.0,0.0
2025-01-21 00:00:00+05:30,309,Narayanpet,1342,Narayanpet,22,Cowpea,22,Common,0.0,0.98,6839.0,6839.0,6839.0,0.0,0.0
2025-01-21 00:00:00+05:30,331,Vantimamidi,1612,Vantimamidi,110,Green Onion,110,Common,0.0,8.0,1800.0,2000.0,1900.0,0.0,0.0
2025-01-22 00:00:00+05:30,325,Hyderabad,5,Mahabubmansion,55,Onions,218,No.II,0.0,5368.0,400.0,2200.0,1800.0,0.0,0.0
2025-01-22 00:00:00+05:30,188,Bhainsa,11,Bhainsa,32,Gingelly,32,Common,0.0,22.83,9522.0,10477.0,10239.0,0.0,0.0
2025-01-22 00:00:00+05:30,290,Siddipet,1193,Siddipet,5,Maize,5,Common,0.0,18.42,2453.0,2453.0,2453.0,0.0,0.0
2025-01-23 00:00:00+05:30,323,Gaddiannaram,1,Gaddiannaram,81,Grapes,297,White,0.0,218.0,3100.0,7500.0,5000.0,0.0,0.0
2025-01-23 00:00:00+05:30,323,Gaddiannaram,2,L.B Nagar,113,Green Chillies,113,Common,0.0,202.0,3000.0,3500.0,3200.0,0.0,0.0
2025-01-23 00:00:00+05:30,324,Bowenpally,3,Bowenpally,110,Green Onion,110,Common,0.0,26.0,1000.0,3000.0,2500.0,0.0,0.0
2025-01-22 00:00:00+05:30,308,Nagarkurnool,1334,Nagarkurnool,17,Black Gram,17,Common,0.0,219.5,7956.0,8340.0,8201.0,0.0,0.0
2025-01-22 00:00:00+05:30,309,Narayanpet,1342,Narayanpet,22,Cowpea,22,Common,0.0,1.96,6923.0,6923.0,6923.0,0.0,0.0
2025-01-22 00:00:00+05:30,331,Vantimamidi,1612,Vantimamidi,110,Green Onion,110,Common,0.0,8.0,1500.0,2000.0,1750.0,0.0,0.0
2025-01-22 00:00:00+05:30,367,Gudimalkapur,1571,Gudumalkapur,110,Green Onion,110,Common,0.0,1.0,2000.0,2000.0,2000.0,0.0,0.0
2025-01-23 00:00:00+05:30,325,Hyderabad,6,Madannapeta,116,French Beans,116,Common,0.0,4.0,4000.0,4500.0,4250.0,0.0,0.0
2025-01-23 00:00:00+05:30,325,Hyderabad,5,Mahabubmansion,55,Onions,218,No.II,0.0,5778.0,400.0,2200.0,1800.0,0.0,0.0
2025-01-23 00:00:00+05:30,222,Karimnagar,1121,Karimnagar,15,Red Gram,234,Red,0.0,2.0,6829.0,6829.0,6829.0,0.0,0.0
2025-01-23 00:00:00+05:30,212,Choppadandi,1123,Choppadandi,5,Maize,5,Common,0.0,13.0,2444.0,2444.0,2444.0,0.0,0.0
2025-01-23 00:00:00+05:30,290,Siddipet,1193,Siddipet,5,Maize,5,Common,0.0,74.84,2376.0,2441.0,2428.0,0.0,0.0
2025-01-23 00:00:00+05:30,278,Suryapet,1091,Suryapet,15,Red Gram,15,Common,0.0,39.0,4059.0,7196.0,6129.0,0.0,0.0
2025-01-23 00:00:00+05:30,188,Bhainsa,11,Bhainsa,32,Gingelly,32,Common,0.0,5.46,10413.0,10413.0,10413.0,0.0,0.0
2025-01-23 00:00:00+05:30,308,Nagarkurnool,1334,Nagarkurnool,17,Black Gram,17,Common,0.0,93.5,7890.0,8423.0,8411.0,0.0,0.0
2025-01-23 00:00:00+05:30,331,Vantimamidi,1612,Vantimamidi,110,Green Onion,110,Common,0.0,12.0,1500.0,2200.0,1850.0,0.0,0.0
2025-01-23 00:00:00+05:30,367,Gudimalkapur,1571,Gudumalkapur,110,Green Onion,110,Common,0.0,2.0,2500.0,2500.0,2500.0,0.0,0.0
2025-01-24 00:00:00+05:30,324,Bowenpally,3,Bowenpally,110,Green Onion,110,Common,0.0,40.0,1000.0,3500.0,3000.0,0.0,0.0
2025-01-24 00:00:00+05:30,323,Gaddiannaram,1,Gaddiannaram,81,Grapes,297,White,0.0,540.0,3100.0,7500.0,5000.0,0.0,0.0
2025-01-24 00:00:00+05:30,323,Gaddiannaram,2,L.B Nagar,113,Green Chillies,113,Common,0.0,284.0,3000.0,4000.0,3500.0,0.0,0.0
2025-01-24 00:00:00+05:30,278,Suryapet,1091,Suryapet,15,Red Gram,15,Common,0.0,133.0,4259.0,7172.0,6709.0,0.0,0.0
2025-01-24 00:00:00+05:30,290,Siddipet,1193,Siddipet,5,Maize,5,Common,0.0,108.78,2102.0,2455.0,2234.0,0.0,0.0
2025-01-24 00:00:00+05:30,325,Hyderabad,5,Mahabubmansion,55,Onions,218,No.II,0.0,6541.0,400.0,2200.0,1800.0,0.0,0.0
2025-01-24 00:00:00+05:30,325,Hyderabad,6,Madannapeta,116,French Beans,116,Common,0.0,3.0,4000.0,4000.0,4000.0,0.0,0.0
2025-01-25 00:00:00+05:30,324,Bowenpally,3,Bowenpally,110,Green Onion,110,Common,0.0,62.0,1000.0,3000.0,2500.0,0.0,0.0
2025-01-25 00:00:00+05:30,323,Gaddiannaram,1,Gaddiannaram,81,Grapes,297,White,0.0,563.0,3100.0,7500.0,5000.0,0.0,0.0
2025-01-25 00:00:00+05:30,323,Gaddiannaram,2,L.B Nagar,113,Green Chillies,113,Common,0.0,251.0,3000.0,4000.0,3500.0,0.0,0.0
2025-01-24 00:00:00+05:30,309,Narayanpet,1342,Narayanpet,22,Cowpea,22,Common,0.0,3.92,6739.0,6739.0,6739.0,0.0,0.0
2025-01-24 00:00:00+05:30,331,Vantimamidi,1612,Vantimamidi,110,Green Onion,110,Common,0.0,12.0,1500.0,2200.0,1850.0,0.0,0.0
2025-01-24 00:00:00+05:30,367,Gudimalkapur,1571,Gudumalkapur,110,Green Onion,110,Common,0.0,10.0,2000.0,2000.0,2000.0,0.0,0.0
2025-01-25 00:00:00+05:30,325,Hyderabad,5,Mahabubmansion,55,Onions,218,No.II,0.0,1016.0,5000.0,1200.0,9000.0,0.0,0.0
2025-01-25 00:00:00+05:30,325,Hyderabad,6,Madannapeta,116,French Beans,116,Common,0.0,4.0,4000.0,4000.0,4000.0,0.0,0.0
2025-01-25 00:00:00+05:30,188,Bhainsa,11,Bhainsa,32,Gingelly,32,Common,0.0,19.57,10452.0,10675.0,10555.0,0.0,0.0
2025-01-25 00:00:00+05:30,212,Choppadandi,1123,Choppadandi,5,Maize,5,Common,0.0,42.0,2424.0,2424.0,2424.0,0.0,0.0
2025-01-25 00:00:00+05:30,278,Suryapet,1091,Suryapet,15,Red Gram,15,Common,0.0,54.0,4619.0,7232.0,6559.0,0.0,0.0
2025-01-25 00:00:00+05:30,290,Siddipet,1193,Siddipet,5,Maize,5,Common,0.0,46.48,2355.0,2459.0,2435.0,0.0,0.0
2025-01-25 00:00:00+05:30,367,Gudimalkapur,1571,Gudumalkapur,110,Green Onion,110,Common,0.0,5.0,1800.0,2000.0,1900.0,0.0,0.0
2025-01-25 00:00:00+05:30,331,Vantimamidi,1612,Vantimamidi,110,Green Onion,110,Common,0.0,21.0,1500.0,2200.0,1850.0,0.0,0.0
2025-01-26 00:00:00+05:30,323,Gaddiannaram,2,L.B Nagar,113,Green Chillies,113,Common,0.0,240.0,3000.0,4000.0,3500.0,0.0,0.0
2025-01-25 00:00:00+05:30,308,Nagarkurnool,1334,Nagarkurnool,17,Black Gram,17,Common,0.0,54.0,8369.0,8560.0,5830.0,0.0,0.0
2025-01-26 00:00:00+05:30,323,Gaddiannaram,1,Gaddiannaram,81,Grapes,297,White,0.0,39.0,3100.0,7500.0,5000.0,0.0,0.0
2025-01-26 00:00:00+05:30,324,Bowenpally,3,Bowenpally,110,Green Onion,110,Common,0.0,126.0,1000.0,3500.0,3000.0,0.0,0.0
2025-01-26 00:00:00+05:30,325,Hyderabad,6,Madannapeta,116,French Beans,116,Common,0.0,4.0,4000.0,4500.0,4250.0,0.0,0.0
2025-01-26 00:00:00+05:30,367,Gudimalkapur,1571,Gudumalkapur,110,Green Onion,110,Common,0.0,5.0,1500.0,2000.0,1800.0,0.0,0.0
2025-01-27 00:00:00+05:30,323,Gaddiannaram,1,Gaddiannaram,81,Grapes,297,White,0.0,565.0,3100.0,7500.0,5000.0,0.0,0.0
2025-01-26 00:00:00+05:30,331,Vantimamidi,1612,Vantimamidi,110,Green Onion,110,Common,0.0,12.0,1500.0,2300.0,1900.0,0.0,0.0
2025-01-27 00:00:00+05:30,325,Hyderabad,5,Mahabubmansion,55,Onions,218,No.II,0.0,6126.0,400.0,2200.0,1800.0,0.0,0.0
2025-01-27 00:00:00+05:30,323,Gaddiannaram,2,L.B Nagar,113,Green Chillies,113,Common,0.0,209.0,3000.0,4000.0,3500.0,0.0,0.0
2025-01-27 00:00:00+05:30,325,Hyderabad,6,Madannapeta,116,French Beans,116,Common,0.0,2.0,4000.0,4000.0,4000.0,0.0,0.0
2025-01-27 00:00:00+05:30,188,Bhainsa,11,Bhainsa,32,Gingelly,32,Common,0.0,26.9,10477.0,10714.0,10714.0,0.0,0.0
2025-01-27 00:00:00+05:30,308,Nagarkurnool,1334,Nagarkurnool,17,Black Gram,17,Common,0.0,97.0,8289.0,8563.0,8535.0,0.0,0.0
2025-01-27 00:00:00+05:30,290,Siddipet,1193,Siddipet,5,Maize,5,Common,0.0,114.91,2336.0,2459.0,2401.0,0.0,0.0
2025-01-28 00:00:00+05:30,323,Gaddiannaram,1,Gaddiannaram,81,Grapes,297,White,0.0,373.0,3100.0,7500.0,5000.0,0.0,0.0
2025-01-27 00:00:00+05:30,331,Vantimamidi,1612,Vantimamidi,110,Green Onion,110,Common,0.0,22.0,1000.0,2000.0,1500.0,0.0,0.0
2025-01-27 00:00:00+05:30,367,Gudimalkapur,1571,Gudumalkapur,110,Green Onion,110,Common,0.0,5.0,2000.0,2000.0,2000.0,0.0,0.0
2025-01-28 00:00:00+05:30,323,Gaddiannaram,2,L.B Nagar,113,Green Chillies,113,Common,0.0,264.0,3000.0,4000.0,3500.0,0.0,0.0
2025-01-28 00:00:00+05:30,324,Bowenpally,3,Bowenpally,110,Green Onion,110,Common,0.0,51.0,2000.0,6000.0,5000.0,0.0,0.0
2025-01-28 00:00:00+05:30,325,Hyderabad,6,Madannapeta,116,French Beans,116,Common,0.0,2.0,3500.0,3500.0,3500.0,0.0,0.0
2025-01-28 00:00:00+05:30,325,Hyderabad,5,Mahabubmansion,55,Onions,218,No.II,0.0,7742.0,400.0,2200.0,1800.0,0.0,0.0
2025-01-28 00:00:00+05:30,212,Choppadandi,1123,Choppadandi,5,Maize,5,Common,0.0,115.0,2311.0,2413.0,2413.0,0.0,0.0
2025-01-29 00:00:00+05:30,323,Gaddiannaram,1,Gaddiannaram,81,Grapes,297,White,0.0,467.0,3100.0,7500.0,5000.0,0.0,0.0
2025-01-29 00:00:00+05:30,331,Vantimamidi,1612,Vantimamidi,110,Green Onion,110,Common,0.0,15.0,1500.0,2000.0,1750.0,0.0,0.0
2025-01-28 00:00:00+05:30,367,Gudimalkapur,1571,Gudumalkapur,110,Green Onion,110,Common,0.0,6.0,2000.0,2000.0,2000.0,0.0,0.0
2025-01-28 00:00:00+05:30,308,Nagarkurnool,1334,Nagarkurnool,17,Black Gram,17,Common,0.0,93.0,7889.0,8569.0,8489.0,0.0,0.0
2025-01-28 00:00:00+05:30,290,Siddipet,1193,Siddipet,5,Maize,5,Common,0.0,195.12,2311.0,2441.0,2401.0,0.0,0.0
2025-01-30 00:00:00+05:30,323,Gaddiannaram,1,Gaddiannaram,81,Grapes,297,White,0.0,392.0,3100.0,7500.0,5000.0,0.0,0.0
2025-01-30 00:00:00+05:30,323,Gaddiannaram,2,L.B Nagar,113,Green Chillies,113,Common,0.0,313.0,3000.0,3500.0,3200.0,0.0,0.0
2025-01-30 00:00:00+05:30,324,Bowenpally,3,Bowenpally,110,Green Onion,110,Common,0.0,40.0,1000.0,3500.0,2800.0,0.0,0.0
2025-01-30 00:00:00+05:30,325,Hyderabad,6,Madannapeta,116,French Beans,116,Common,0.0,3.0,3500.0,4000.0,3750.0,0.0,0.0
2025-01-30 00:00:00+05:30,325,Hyderabad,5,Mahabubmansion,55,Onions,218,No.II,0.0,7867.0,400.0,2000.0,1800.0,0.0,0.0
2025-01-30 00:00:00+05:30,279,Thirumalagiri,9,Tirmalagiri,1,Paddy,274,Common (HMT),0.0,10.0,2490.0,2490.0,2490.0,0.0,0.0
2025-01-30 00:00:00+05:30,367,Gudimalkapur,1571,Gudumalkapur,110,Green Onion,110,Common,0.0,5.0,1500.0,1500.0,1500.0,0.0,0.0
2025-01-30 00:00:00+05:30,188,Bhainsa,11,Bhainsa,32,Gingelly,32,Common,0.0,9.96,10101.0,10714.0,10714.0,0.0,0.0
2025-01-30 00:00:00+05:30,290,Siddipet,1193,Siddipet,5,Maize,5,Common,0.0,214.36,2448.0,2211.0,2311.0,0.0,0.0
2025-01-30 00:00:00+05:30,278,Suryapet,1091,Suryapet,15,Red Gram,15,Common,0.0,248.0,5169.0,6792.0,6255.0,0.0,0.0
2025-01-31 00:00:00+05:30,323,Gaddiannaram,1,Gaddiannaram,81,Grapes,297,White,0.0,585.0,3100.0,7500.0,5000.0,0.0,0.0
2025-01-31 00:00:00+05:30,323,Gaddiannaram,2,L.B Nagar,113,Green Chillies,113,Common,0.0,238.0,2000.0,3000.0,2500.0,0.0,0.0
2025-01-30 00:00:00+05:30,308,Nagarkurnool,1334,Nagarkurnool,17,Black Gram,17,Common,0.0,141.0,7889.0,8589.0,8559.0,0.0,0.0
2025-01-30 00:00:00+05:30,222,Karimnagar,1121,Karimnagar,15,Red Gram,234,Red,0.0,1.0,6800.0,6800.0,6800.0,0.0,0.0
2025-01-30 00:00:00+05:30,331,Vantimamidi,1612,Vantimamidi,110,Green Onion,110,Common,0.0,12.0,1500.0,2000.0,1750.0,0.0,0.0
2025-01-31 00:00:00+05:30,325,Hyderabad,6,Madannapeta,116,French Beans,116,Common,0.0,2.0,3500.0,3500.0,3500.0,0.0,0.0
2025-01-31 00:00:00+05:30,325,Hyderabad,5,Mahabubmansion,55,Onions,218,No.II,0.0,5171.0,300.0,2100.0,1200.0,0.0,0.0
2025-01-30 00:00:00+05:30,309,Narayanpet,1342,Narayanpet,22,Cowpea,22,Common,0.0,0.98,6421.0,6421.0,6421.0,0.0,0.0
2025-01-31 00:00:00+05:30,324,Bowenpally,3,Bowenpally,110,Green Onion,110,Common,0.0,27.0,1000.0,2500.0,2000.0,0.0,0.0
2025-01-31 00:00:00+05:30,212,Choppadandi,1123,Choppadandi,5,Maize,5,Common,0.0,108.0,2351.0,2371.0,2371.0,0.0,0.0
2025-01-31 00:00:00+05:30,222,Karimnagar,1121,Karimnagar,15,Red Gram,234,Red,0.0,8.0,6309.0,7002.0,6804.0,0.0,0.0
2025-01-31 00:00:00+05:30,278,Suryapet,1091,Suryapet,15,Red Gram,15,Common,0.0,267.0,2466.0,6840.0,6345.0,0.0,0.0
2025-01-31 00:00:00+05:30,320,Tandur,37,Tandur,30,Groundnut pods,30,Common,0.0,42.0,5255.0,5375.0,5375.0,0.0,0.0
2025-01-31 00:00:00+05:30,290,Siddipet,1193,Siddipet,5,Maize,5,Common,0.0,163.06,2233.0,2411.0,2335.0,0.0,0.0
2025-01-31 00:00:00+05:30,331,Vantimamidi,1612,Vantimamidi,110,Green Onion,110,Common,0.0,13.0,1200.0,1800.0,1500.0,0.0,0.0
2025-01-31 00:00:00+05:30,367,Gudimalkapur,1571,Gudumalkapur,110,Green Onion,110,Common,0.0,2.0,2000.0,2000.0,2000.0,0.0,0.0
2025-01-25 00:00:00+05:30,325,Hyderabad,6,Madannapeta,117,Cluster Beans,117,Common,0.0,10.0,2500.0,3000.0,2750.0,0.0,0.0
2025-01-25 00:00:00+05:30,325,Hyderabad,5,Mahabubmansion,56,Garlic,56,Common,0.0,86.0,12000.0,20000.0,15000.0,0.0,0.0
2025-01-24 00:00:00+05:30,304,Kollapur,1601,Kollapur,30,Groundnut pods,30,Common,0.0,49.5,5000.0,5000.0,5000.0,0.0,0.0
2025-01-24 00:00:00+05:30,367,Gudimalkapur,1571,Gudumalkapur,111,Brinjal,279,Round,0.0,116.0,500.0,1500.0,900.0,0.0,0.0
2025-01-24 00:00:00+05:30,331,Vantimamidi,1612,Vantimamidi,111,Brinjal,111,Common,0.0,49.0,1000.0,1800.0,1400.0,0.0,0.0
2025-01-25 00:00:00+05:30,323,Gaddiannaram,2,L.B Nagar,114,Tomato,114,Common,0.0,373.0,400.0,800.0,600.0,0.0,0.0
2025-01-25 00:00:00+05:30,323,Gaddiannaram,1,Gaddiannaram,82,Pomegrenates,82,Common,0.0,420.0,1000.0,16000.0,3000.0,0.0,0.0
2025-01-25 00:00:00+05:30,324,Bowenpally,3,Bowenpally,111,Brinjal,278,Kalyani,0.0,550.0,500.0,2500.0,2000.0,0.0,0.0
2025-01-24 00:00:00+05:30,325,Hyderabad,6,Madannapeta,117,Cluster Beans,117,Common,0.0,15.0,2000.0,3000.0,2500.0,0.0,0.0
2025-01-24 00:00:00+05:30,292,Zaheerabad,1198,Zaheerabad,17,Black Gram,17,Common,0.0,0.5,3714.0,3714.0,3714.0,0.0,0.0
2025-01-24 00:00:00+05:30,219,Jagtial,1125,Jagtial,17,Black Gram,17,Common,0.0,1.0,8100.0,8100.0,8100.0,0.0,0.0
2025-01-24 00:00:00+05:30,278,Suryapet,1091,Suryapet,16,Green Gram,16,Common,0.0,1.0,7419.0,7419.0,7419.0,0.0,0.0
2025-01-24 00:00:00+05:30,322,Chevella,46,Chevella,114,Tomato,197,Local,0.0,64.0,1000.0,1000.0,1000.0,0.0,0.0
2025-01-24 00:00:00+05:30,323,Gaddiannaram,2,L.B Nagar,114,Tomato,114,Common,0.0,384.0,400.0,800.0,600.0,0.0,0.0
2025-01-24 00:00:00+05:30,323,Gaddiannaram,1,Gaddiannaram,82,Pomegrenates,82,Common,0.0,824.0,1000.0,16000.0,3000.0,0.0,0.0
2025-01-24 00:00:00+05:30,324,Bowenpally,3,Bowenpally,111,Brinjal,278,Kalyani,0.0,300.0,500.0,2000.0,1600.0,0.0,0.0
2025-01-23 00:00:00+05:30,367,Gudimalkapur,1571,Gudumalkapur,111,Brinjal,279,Round,0.0,101.0,500.0,2000.0,2000.0,0.0,0.0
2025-01-23 00:00:00+05:30,331,Vantimamidi,1612,Vantimamidi,111,Brinjal,111,Common,0.0,32.0,1200.0,1800.0,1500.0,0.0,0.0
2025-01-23 00:00:00+05:30,292,Zaheerabad,1198,Zaheerabad,17,Black Gram,17,Common,0.0,2.5,4414.0,4414.0,4414.0,0.0,0.0
2025-01-23 00:00:00+05:30,278,Suryapet,1091,Suryapet,16,Green Gram,16,Common,0.0,17.0,4276.0,6909.0,6100.0,0.0,0.0
2025-01-23 00:00:00+05:30,300,Badepally,1327,Badepally,18,Horse Gram,18,Common,0.0,3.0,7691.0,7801.0,7801.0,0.0,0.0
2025-01-23 00:00:00+05:30,325,Hyderabad,5,Mahabubmansion,56,Garlic,56,Common,0.0,113.0,12000.0,20000.0,15000.0,0.0,0.0
2025-01-23 00:00:00+05:30,325,Hyderabad,6,Madannapeta,117,Cluster Beans,117,Common,0.0,5.0,2000.0,2000.0,2000.0,0.0,0.0
2025-01-23 00:00:00+05:30,322,Chevella,46,Chevella,114,Tomato,197,Local,0.0,88.0,1000.0,1000.0,1000.0,0.0,0.0
2025-01-22 00:00:00+05:30,367,Gudimalkapur,1571,Gudumalkapur,111,Brinjal,279,Round,0.0,157.0,300.0,700.0,400.0,0.0,0.0
2025-01-22 00:00:00+05:30,331,Vantimamidi,1612,Vantimamidi,111,Brinjal,111,Common,0.0,58.0,1000.0,1800.0,1400.0,0.0,0.0
2025-01-23 00:00:00+05:30,324,Bowenpally,3,Bowenpally,111,Brinjal,278,Kalyani,0.0,400.0,700.0,2000.0,1600.0,0.0,0.0
2025-01-23 00:00:00+05:30,323,Gaddiannaram,2,L.B Nagar,114,Tomato,114,Common,0.0,441.0,400.0,800.0,600.0,0.0,0.0
2025-01-23 00:00:00+05:30,323,Gaddiannaram,1,Gaddiannaram,82,Pomegrenates,82,Common,0.0,770.0,1000.0,16000.0,3000.0,0.0,0.0
2025-01-22 00:00:00+05:30,292,Zaheerabad,1198,Zaheerabad,17,Black Gram,17,Common,0.0,8.5,4050.0,7304.0,6001.0,0.0,0.0
2025-01-22 00:00:00+05:30,322,Chevella,46,Chevella,114,Tomato,197,Local,0.0,77.0,1000.0,1000.0,1000.0,0.0,0.0
2025-01-22 00:00:00+05:30,325,Hyderabad,5,Mahabubmansion,56,Garlic,56,Common,0.0,32.0,12000.0,20000.0,16000.0,0.0,0.0
2025-01-22 00:00:00+05:30,325,Hyderabad,6,Madannapeta,117,Cluster Beans,117,Common,0.0,8.0,3000.0,3000.0,3000.0,0.0,0.0
2025-01-21 00:00:00+05:30,331,Vantimamidi,1612,Vantimamidi,111,Brinjal,111,Common,0.0,62.0,1000.0,1500.0,1250.0,0.0,0.0
2025-01-21 00:00:00+05:30,367,Gudimalkapur,1571,Gudumalkapur,111,Brinjal,279,Round,0.0,128.0,300.0,700.0,500.0,0.0,0.0
2025-01-22 00:00:00+05:30,323,Gaddiannaram,2,L.B Nagar,114,Tomato,114,Common,0.0,367.0,400.0,600.0,500.0,0.0,0.0
2025-01-22 00:00:00+05:30,323,Gaddiannaram,1,Gaddiannaram,82,Pomegrenates,82,Common,0.0,815.0,1000.0,16000.0,3000.0,0.0,0.0
2025-01-22 00:00:00+05:30,324,Bowenpally,3,Bowenpally,111,Brinjal,278,Kalyani,0.0,300.0,700.0,2500.0,2000.0,0.0,0.0
2025-01-21 00:00:00+05:30,278,Suryapet,1091,Suryapet,16,Green Gram,16,Common,0.0,25.0,4119.0,7319.0,6259.0,0.0,0.0
2025-01-21 00:00:00+05:30,292,Zaheerabad,1198,Zaheerabad,17,Black Gram,17,Common,0.0,3.5,5811.0,7223.0,5811.0,0.0,0.0
2025-01-21 00:00:00+05:30,325,Hyderabad,5,Mahabubmansion,56,Garlic,56,Common,0.0,81.0,12000.0,20000.0,16000.0,0.0,0.0
2025-01-21 00:00:00+05:30,325,Hyderabad,6,Madannapeta,117,Cluster Beans,117,Common,0.0,8.0,2000.0,3000.0,2500.0,0.0,0.0
2025-01-20 00:00:00+05:30,331,Vantimamidi,1612,Vantimamidi,111,Brinjal,111,Common,0.0,95.0,1500.0,1800.0,1650.0,0.0,0.0
2025-01-20 00:00:00+05:30,367,Gudimalkapur,1571,Gudumalkapur,111,Brinjal,279,Round,0.0,226.0,300.0,900.0,500.0,0.0,0.0
2025-01-21 00:00:00+05:30,323,Gaddiannaram,2,L.B Nagar,114,Tomato,114,Common,0.0,318.0,400.0,600.0,500.0,0.0,0.0
2025-01-21 00:00:00+05:30,323,Gaddiannaram,1,Gaddiannaram,82,Pomegrenates,82,Common,0.0,682.0,1000.0,16000.0,3000.0,0.0,0.0
2025-01-21 00:00:00+05:30,324,Bowenpally,3,Bowenpally,111,Brinjal,278,Kalyani,0.0,400.0,500.0,2000.0,1600.0,0.0,0.0
2025-01-20 00:00:00+05:30,188,Bhainsa,11,Bhainsa,32,Gingelly,223,White,0.0,14.7,10247.0,10585.0,10585.0,0.0,0.0
2025-01-20 00:00:00+05:30,322,Chevella,46,Chevella,114,Tomato,197,Local,0.0,99.0,1000.0,1000.0,1000.0,0.0,0.0
2025-01-20 00:00:00+05:30,278,Suryapet,1091,Suryapet,16,Green Gram,16,Common,0.0,12.0,5972.0,7113.0,6395.0,0.0,0.0
2025-01-20 00:00:00+05:30,292,Zaheerabad,1198,Zaheerabad,17,Black Gram,17,Common,0.0,3.5,5655.0,7152.0,7122.0,0.0,0.0
2025-01-20 00:00:00+05:30,325,Hyderabad,6,Madannapeta,117,Cluster Beans,117,Common,0.0,15.0,2000.0,2500.0,2250.0,0.0,0.0
2025-01-20 00:00:00+05:30,323,Gaddiannaram,2,L.B Nagar,114,Tomato,114,Common,0.0,383.0,400.0,800.0,600.0,0.0,0.0
2025-01-20 00:00:00+05:30,323,Gaddiannaram,1,Gaddiannaram,82,Pomegrenates,82,Common,0.0,1317.0,1000.0,16000.0,3000.0,0.0,0.0
2025-01-20 00:00:00+05:30,324,Bowenpally,3,Bowenpally,111,Brinjal,278,Kalyani,0.0,500.0,700.0,2000.0,1700.0,0.0,0.0
2025-01-19 00:00:00+05:30,367,Gudimalkapur,1571,Gudumalkapur,111,Brinjal,279,Round,0.0,258.0,300.0,800.0,500.0,0.0,0.0
2025-01-19 00:00:00+05:30,331,Vantimamidi,1612,Vantimamidi,111,Brinjal,111,Common,0.0,99.0,1000.0,2000.0,1500.0,0.0,0.0
2025-01-19 00:00:00+05:30,323,Gaddiannaram,2,L.B Nagar,114,Tomato,114,Common,0.0,501.0,400.0,600.0,500.0,0.0,0.0
2025-01-19 00:00:00+05:30,325,Hyderabad,6,Madannapeta,117,Cluster Beans,117,Common,0.0,10.0,1500.0,2000.0,1750.0,0.0,0.0
2025-01-19 00:00:00+05:30,322,Chevella,46,Chevella,114,Tomato,197,Local,0.0,78.0,1000.0,1000.0,1000.0,0.0,0.0
2025-01-19 00:00:00+05:30,324,Bowenpally,3,Bowenpally,111,Brinjal,278,Kalyani,0.0,200.0,800.0,2500.0,2000.0,0.0,0.0
2025-01-18 00:00:00+05:30,331,Vantimamidi,1612,Vantimamidi,111,Brinjal,111,Common,0.0,76.0,1200.0,2000.0,1600.0,0.0,0.0
2025-01-18 00:00:00+05:30,367,Gudimalkapur,1571,Gudumalkapur,111,Brinjal,279,Round,0.0,249.0,500.0,1000.0,700.0,0.0,0.0
2025-01-18 00:00:00+05:30,300,Badepally,1327,Badepally,18,Horse Gram,18,Common,0.0,1.0,4229.0,4229.0,4229.0,0.0,0.0
2025-01-18 00:00:00+05:30,292,Zaheerabad,1198,Zaheerabad,17,Black Gram,17,Common,0.0,17.0,3434.0,7021.0,4456.0,0.0,0.0
2025-01-18 00:00:00+05:30,325,Hyderabad,6,Madannapeta,117,Cluster Beans,117,Common,0.0,8.0,3000.0,3000.0,3000.0,0.0,0.0
2025-01-18 00:00:00+05:30,278,Suryapet,1091,Suryapet,16,Green Gram,16,Common,0.0,2.0,5309.0,6431.0,5309.0,0.0,0.0
2025-01-18 00:00:00+05:30,322,Chevella,46,Chevella,114,Tomato,197,Local,0.0,85.0,1000.0,1000.0,1000.0,0.0,0.0
2025-01-18 00:00:00+05:30,323,Gaddiannaram,2,L.B Nagar,114,Tomato,114,Common,0.0,435.0,400.0,600.0,500.0,0.0,0.0
2025-01-18 00:00:00+05:30,324,Bowenpally,3,Bowenpally,111,Brinjal,278,Kalyani,0.0,550.0,700.0,2500.0,2000.0,0.0,0.0
2025-01-17 00:00:00+05:30,331,Vantimamidi,1612,Vantimamidi,111,Brinjal,111,Common,0.0,45.0,1000.0,2000.0,1500.0,0.0,0.0
2025-01-17 00:00:00+05:30,292,Zaheerabad,1198,Zaheerabad,17,Black Gram,17,Common,0.0,28.0,3912.0,7216.0,4822.0,0.0,0.0
2025-01-17 00:00:00+05:30,278,Suryapet,1091,Suryapet,16,Green Gram,16,Common,0.0,13.0,6314.0,6372.0,6359.0,0.0,0.0
2025-01-17 00:00:00+05:30,322,Chevella,46,Chevella,114,Tomato,197,Local,0.0,95.0,1000.0,1000.0,1000.0,0.0,0.0
2025-01-17 00:00:00+05:30,324,Bowenpally,3,Bowenpally,111,Brinjal,278,Kalyani,0.0,450.0,700.0,2000.0,1600.0,0.0,0.0
2025-01-17 00:00:00+05:30,323,Gaddiannaram,2,L.B Nagar,114,Tomato,114,Common,0.0,428.0,400.0,800.0,600.0,0.0,0.0
2025-01-17 00:00:00+05:30,325,Hyderabad,6,Madannapeta,117,Cluster Beans,117,Common,0.0,8.0,3000.0,3000.0,3000.0,0.0,0.0
2025-01-16 00:00:00+05:30,331,Vantimamidi,1612,Vantimamidi,111,Brinjal,111,Common,0.0,43.0,1000.0,1800.0,1400.0,0.0,0.0
2025-01-17 00:00:00+05:30,323,Gaddiannaram,1,Gaddiannaram,82,Pomegrenates,82,Common,0.0,612.0,1000.0,16000.0,3000.0,0.0,0.0
2025-01-16 00:00:00+05:30,367,Gudimalkapur,1571,Gudumalkapur,111,Brinjal,279,Round,0.0,88.0,500.0,1100.0,800.0,0.0,0.0
2025-01-16 00:00:00+05:30,278,Suryapet,1091,Suryapet,16,Green Gram,16,Common,0.0,1.0,6066.0,6066.0,6066.0,0.0,0.0
2025-01-16 00:00:00+05:30,292,Zaheerabad,1198,Zaheerabad,17,Black Gram,17,Common,0.0,17.5,3653.0,7222.0,5252.0,0.0,0.0
2025-01-16 00:00:00+05:30,325,Hyderabad,5,Mahabubmansion,56,Garlic,56,Common,0.0,26.0,12000.0,20000.0,15000.0,0.0,0.0
2025-01-16 00:00:00+05:30,322,Chevella,46,Chevella,114,Tomato,197,Local,0.0,101.0,1000.0,1000.0,1000.0,0.0,0.0
2025-01-16 00:00:00+05:30,324,Bowenpally,3,Bowenpally,111,Brinjal,278,Kalyani,0.0,350.0,500.0,2500.0,2000.0,0.0,0.0
2025-01-16 00:00:00+05:30,323,Gaddiannaram,2,L.B Nagar,114,Tomato,114,Common,0.0,305.0,400.0,800.0,600.0,0.0,0.0
2025-01-16 00:00:00+05:30,325,Hyderabad,6,Madannapeta,117,Cluster Beans,117,Common,0.0,8.0,3000.0,3000.0,3000.0,0.0,0.0
2025-01-15 00:00:00+05:30,323,Gaddiannaram,2,L.B Nagar,114,Tomato,114,Common,0.0,147.0,400.0,800.0,600.0,0.0,0.0
2025-01-15 00:00:00+05:30,323,Gaddiannaram,1,Gaddiannaram,82,Pomegrenates,82,Common,0.0,95.0,1000.0,16000.0,3000.0,0.0,0.0
2025-01-15 00:00:00+05:30,324,Bowenpally,3,Bowenpally,111,Brinjal,278,Kalyani,0.0,50.0,500.0,2000.0,1600.0,0.0,0.0
2025-01-15 00:00:00+05:30,331,Vantimamidi,1612,Vantimamidi,111,Brinjal,111,Common,0.0,23.0,1000.0,1900.0,1450.0,0.0,0.0
2025-01-16 00:00:00+05:30,323,Gaddiannaram,1,Gaddiannaram,82,Pomegrenates,82,Common,0.0,386.0,1000.0,16000.0,3000.0,0.0,0.0
2025-01-15 00:00:00+05:30,367,Gudimalkapur,1571,Gudumalkapur,111,Brinjal,279,Round,0.0,23.0,1300.0,3000.0,2000.0,0.0,0.0
2025-01-15 00:00:00+05:30,322,Chevella,46,Chevella,114,Tomato,197,Local,0.0,64.0,1000.0,1000.0,1000.0,0.0,0.0
2025-01-14 00:00:00+05:30,331,Vantimamidi,1612,Vantimamidi,111,Brinjal,111,Common,0.0,83.0,1000.0,1500.0,1250.0,0.0,0.0
2025-01-14 00:00:00+05:30,367,Gudimalkapur,1571,Gudumalkapur,111,Brinjal,279,Round,0.0,46.0,300.0,900.0,500.0,0.0,0.0
2025-01-14 00:00:00+05:30,323,Gaddiannaram,1,Gaddiannaram,82,Pomegrenates,82,Common,0.0,225.0,1000.0,16000.0,3000.0,0.0,0.0
2025-01-14 00:00:00+05:30,325,Hyderabad,6,Madannapeta,117,Cluster Beans,117,Common,0.0,15.0,2500.0,3000.0,2750.0,0.0,0.0
2025-01-14 00:00:00+05:30,324,Bowenpally,3,Bowenpally,111,Brinjal,278,Kalyani,0.0,100.0,500.0,1500.0,1200.0,0.0,0.0
2025-01-13 00:00:00+05:30,331,Vantimamidi,1612,Vantimamidi,111,Brinjal,111,Common,0.0,21.0,1000.0,1800.0,1400.0,0.0,0.0
2025-01-14 00:00:00+05:30,323,Gaddiannaram,2,L.B Nagar,114,Tomato,114,Common,0.0,129.0,400.0,800.0,600.0,0.0,0.0
2025-01-13 00:00:00+05:30,367,Gudimalkapur,1571,Gudumalkapur,111,Brinjal,279,Round,0.0,107.0,600.0,1100.0,800.0,0.0,0.0
2025-01-13 00:00:00+05:30,322,Chevella,46,Chevella,114,Tomato,197,Local,0.0,78.0,1000.0,1000.0,1000.0,0.0,0.0
2025-01-13 00:00:00+05:30,325,Hyderabad,6,Madannapeta,117,Cluster Beans,117,Common,0.0,12.0,3000.0,3000.0,3000.0,0.0,0.0
2025-01-13 00:00:00+05:30,324,Bowenpally,3,Bowenpally,111,Brinjal,278,Kalyani,0.0,280.0,500.0,2000.0,1600.0,0.0,0.0
2025-01-12 00:00:00+05:30,367,Gudimalkapur,1571,Gudumalkapur,111,Brinjal,279,Round,0.0,192.0,600.0,2000.0,800.0,0.0,0.0
2025-01-12 00:00:00+05:30,322,Chevella,46,Chevella,114,Tomato,197,Local,0.0,46.0,1000.0,1000.0,1000.0,0.0,0.0
2025-01-12 00:00:00+05:30,331,Vantimamidi,1612,Vantimamidi,111,Brinjal,111,Common,0.0,20.0,1000.0,2000.0,1500.0,0.0,0.0
2025-01-13 00:00:00+05:30,323,Gaddiannaram,2,L.B Nagar,114,Tomato,114,Common,0.0,270.0,400.0,800.0,600.0,0.0,0.0
2025-01-13 00:00:00+05:30,323,Gaddiannaram,1,Gaddiannaram,82,Pomegrenates,82,Common,0.0,494.0,1000.0,16000.0,3000.0,0.0,0.0
2025-01-11 00:00:00+05:30,367,Gudimalkapur,1571,Gudumalkapur,111,Brinjal,279,Round,0.0,127.0,800.0,1100.0,1000.0,0.0,0.0
2025-01-11 00:00:00+05:30,331,Vantimamidi,1612,Vantimamidi,111,Brinjal,111,Common,0.0,47.0,1000.0,2000.0,1500.0,0.0,0.0
2025-01-11 00:00:00+05:30,292,Zaheerabad,1198,Zaheerabad,17,Black Gram,17,Common,0.0,29.0,3562.0,5492.0,4242.0,0.0,0.0
2025-01-12 00:00:00+05:30,325,Hyderabad,6,Madannapeta,117,Cluster Beans,117,Common,0.0,12.0,3000.0,3500.0,3250.0,0.0,0.0
2025-01-12 00:00:00+05:30,324,Bowenpally,3,Bowenpally,111,Brinjal,278,Kalyani,0.0,100.0,800.0,2000.0,1600.0,0.0,0.0
2025-01-11 00:00:00+05:30,325,Hyderabad,6,Madannapeta,117,Cluster Beans,117,Common,0.0,8.0,3000.0,3000.0,3000.0,0.0,0.0
2025-01-11 00:00:00+05:30,322,Chevella,46,Chevella,114,Tomato,197,Local,0.0,67.0,1000.0,1000.0,1000.0,0.0,0.0
2025-01-11 00:00:00+05:30,323,Gaddiannaram,2,L.B Nagar,114,Tomato,114,Common,0.0,451.0,400.0,600.0,500.0,0.0,0.0
2025-01-11 00:00:00+05:30,324,Bowenpally,3,Bowenpally,111,Brinjal,278,Kalyani,0.0,500.0,700.0,2000.0,1700.0,0.0,0.0
2025-01-10 00:00:00+05:30,367,Gudimalkapur,1571,Gudumalkapur,111,Brinjal,279,Round,0.0,103.0,600.0,2000.0,800.0,0.0,0.0
2025-01-10 00:00:00+05:30,331,Vantimamidi,1612,Vantimamidi,111,Brinjal,111,Common,0.0,63.0,1700.0,2000.0,1850.0,0.0,0.0
2025-01-11 00:00:00+05:30,323,Gaddiannaram,1,Gaddiannaram,82,Pomegrenates,82,Common,0.0,520.0,1000.0,16000.0,3000.0,0.0,0.0
2025-01-10 00:00:00+05:30,292,Zaheerabad,1198,Zaheerabad,17,Black Gram,17,Common,0.0,26.0,3810.0,7061.0,6412.0,0.0,0.0
2025-01-10 00:00:00+05:30,289,Sadasivpet,1200,Sadasivapet,21,Field Bean,21,Common,0.0,1.0,6669.0,6669.0,6669.0,0.0,0.0
2025-01-10 00:00:00+05:30,322,Chevella,46,Chevella,114,Tomato,197,Local,0.0,46.0,1000.0,1000.0,1000.0,0.0,0.0
2025-01-10 00:00:00+05:30,278,Suryapet,1091,Suryapet,16,Green Gram,16,Common,0.0,14.0,5972.0,6332.0,6332.0,0.0,0.0
2025-01-10 00:00:00+05:30,325,Hyderabad,6,Madannapeta,117,Cluster Beans,117,Common,0.0,12.0,3000.0,3500.0,3250.0,0.0,0.0
2025-01-10 00:00:00+05:30,324,Bowenpally,3,Bowenpally,111,Brinjal,278,Kalyani,0.0,300.0,700.0,2000.0,1600.0,0.0,0.0
2025-01-10 00:00:00+05:30,323,Gaddiannaram,2,L.B Nagar,114,Tomato,114,Common,0.0,420.0,400.0,600.0,500.0,0.0,0.0
2025-01-10 00:00:00+05:30,323,Gaddiannaram,1,Gaddiannaram,82,Pomegrenates,82,Common,0.0,767.0,1000.0,16000.0,3000.0,0.0,0.0
2025-01-09 00:00:00+05:30,331,Vantimamidi,1612,Vantimamidi,111,Brinjal,111,Common,0.0,73.0,1800.0,2000.0,1900.0,0.0,0.0
2025-01-09 00:00:00+05:30,367,Gudimalkapur,1571,Gudumalkapur,111,Brinjal,279,Round,0.0,158.0,400.0,1100.0,800.0,0.0,0.0
2025-01-08 00:00:00+05:30,304,Kollapur,1601,Kollapur,30,Groundnut pods,30,Common,0.0,89.0,4200.0,4200.0,4200.0,0.0,0.0
2025-01-09 00:00:00+05:30,278,Suryapet,1091,Suryapet,16,Green Gram,16,Common,0.0,11.0,4029.0,6509.0,6299.0,0.0,0.0
2025-01-09 00:00:00+05:30,322,Chevella,46,Chevella,114,Tomato,197,Local,0.0,85.0,1000.0,1000.0,1000.0,0.0,0.0
2025-01-09 00:00:00+05:30,292,Zaheerabad,1198,Zaheerabad,17,Black Gram,17,Common,0.0,14.5,4072.0,7019.0,6510.0,0.0,0.0
2025-01-09 00:00:00+05:30,325,Hyderabad,6,Madannapeta,117,Cluster Beans,117,Common,0.0,6.0,3000.0,3000.0,3000.0,0.0,0.0
2025-01-09 00:00:00+05:30,323,Gaddiannaram,2,L.B Nagar,114,Tomato,114,Common,0.0,556.0,400.0,800.0,600.0,0.0,0.0
2025-01-09 00:00:00+05:30,323,Gaddiannaram,1,Gaddiannaram,82,Pomegrenates,82,Common,0.0,812.0,1000.0,15500.0,3000.0,0.0,0.0
2025-01-09 00:00:00+05:30,324,Bowenpally,3,Bowenpally,111,Brinjal,278,Kalyani,0.0,350.0,700.0,2000.0,1700.0,0.0,0.0
2025-01-08 00:00:00+05:30,367,Gudimalkapur,1571,Gudumalkapur,111,Brinjal,279,Round,0.0,128.0,500.0,1100.0,700.0,0.0,0.0
2025-01-08 00:00:00+05:30,331,Vantimamidi,1612,Vantimamidi,111,Brinjal,111,Common,0.0,53.0,1700.0,2000.0,1850.0,0.0,0.0
2025-01-08 00:00:00+05:30,300,Badepally,1327,Badepally,18,Horse Gram,18,Common,0.0,3.0,6659.0,6659.0,6659.0,0.0,0.0
2025-01-07 00:00:00+05:30,304,Kollapur,1601,Kollapur,30,Groundnut pods,30,Common,0.0,102.0,4000.0,4000.0,4000.0,0.0,0.0
2025-01-08 00:00:00+05:30,278,Suryapet,1091,Suryapet,16,Green Gram,16,Common,0.0,1.0,6093.0,6093.0,6093.0,0.0,0.0
2025-01-08 00:00:00+05:30,322,Chevella,46,Chevella,114,Tomato,197,Local,0.0,99.0,1000.0,1000.0,1000.0,0.0,0.0
2025-01-08 00:00:00+05:30,292,Zaheerabad,1198,Zaheerabad,17,Black Gram,17,Common,0.0,31.5,4123.0,6866.0,4123.0,0.0,0.0
2025-01-08 00:00:00+05:30,325,Hyderabad,6,Madannapeta,117,Cluster Beans,117,Common,0.0,15.0,2500.0,3000.0,2750.0,0.0,0.0
2025-01-08 00:00:00+05:30,324,Bowenpally,3,Bowenpally,111,Brinjal,278,Kalyani,0.0,350.0,700.0,2000.0,1700.0,0.0,0.0
2025-01-08 00:00:00+05:30,323,Gaddiannaram,2,L.B Nagar,114,Tomato,114,Common,0.0,459.0,400.0,800.0,600.0,0.0,0.0
2025-01-08 00:00:00+05:30,323,Gaddiannaram,1,Gaddiannaram,82,Pomegrenates,82,Common,0.0,990.0,1000.0,15500.0,3000.0,0.0,0.0
2025-01-07 00:00:00+05:30,331,Vantimamidi,1612,Vantimamidi,111,Brinjal,111,Common,0.0,26.0,1800.0,2000.0,1900.0,0.0,0.0
2025-01-07 00:00:00+05:30,367,Gudimalkapur,1571,Gudumalkapur,111,Brinjal,279,Round,0.0,114.0,400.0,1000.0,600.0,0.0,0.0
2025-01-07 00:00:00+05:30,325,Hyderabad,5,Mahabubmansion,56,Garlic,56,Common,0.0,40.0,10000.0,20000.0,15000.0,0.0,0.0
2025-01-07 00:00:00+05:30,278,Suryapet,1091,Suryapet,16,Green Gram,16,Common,0.0,6.0,6269.0,6269.0,6269.0,0.0,0.0
2025-01-07 00:00:00+05:30,292,Zaheerabad,1198,Zaheerabad,17,Black Gram,17,Common,0.0,7.5,4550.0,7500.0,4550.0,0.0,0.0
2025-01-07 00:00:00+05:30,289,Sadasivpet,1200,Sadasivapet,21,Field Bean,21,Common,0.0,1.0,5100.0,5100.0,5100.0,0.0,0.0
2025-01-07 00:00:00+05:30,325,Hyderabad,6,Madannapeta,117,Cluster Beans,117,Common,0.0,15.0,2000.0,3000.0,2500.0,0.0,0.0
2025-01-07 00:00:00+05:30,323,Gaddiannaram,2,L.B Nagar,114,Tomato,114,Common,0.0,365.0,400.0,600.0,500.0,0.0,0.0
2025-01-07 00:00:00+05:30,323,Gaddiannaram,1,Gaddiannaram,82,Pomegrenates,82,Common,0.0,709.0,1000.0,16000.0,3000.0,0.0,0.0
2025-01-07 00:00:00+05:30,324,Bowenpally,3,Bowenpally,111,Brinjal,278,Kalyani,0.0,400.0,500.0,1500.0,1200.0,0.0,0.0
2025-01-06 00:00:00+05:30,367,Gudimalkapur,1571,Gudumalkapur,111,Brinjal,279,Round,0.0,98.0,400.0,1000.0,600.0,0.0,0.0
2025-01-06 00:00:00+05:30,331,Vantimamidi,1612,Vantimamidi,111,Brinjal,111,Common,0.0,39.0,1900.0,2100.0,2000.0,0.0,0.0
2025-01-06 00:00:00+05:30,292,Zaheerabad,1198,Zaheerabad,17,Black Gram,17,Common,0.0,16.5,3232.0,7256.0,7256.0,0.0,0.0
2025-01-06 00:00:00+05:30,278,Suryapet,1091,Suryapet,16,Green Gram,16,Common,0.0,8.0,6143.0,6192.0,6174.0,0.0,0.0
2025-01-06 00:00:00+05:30,322,Chevella,46,Chevella,114,Tomato,197,Local,0.0,55.0,1000.0,1000.0,1000.0,0.0,0.0
2025-01-06 00:00:00+05:30,325,Hyderabad,6,Madannapeta,117,Cluster Beans,117,Common,0.0,5.0,2000.0,2000.0,2000.0,0.0,0.0
2025-01-06 00:00:00+05:30,323,Gaddiannaram,2,L.B Nagar,114,Tomato,114,Common,0.0,305.0,400.0,600.0,500.0,0.0,0.0
2025-01-06 00:00:00+05:30,325,Hyderabad,5,Mahabubmansion,56,Garlic,56,Common,0.0,168.0,20000.0,30000.0,25000.0,0.0,0.0
2025-01-06 00:00:00+05:30,324,Bowenpally,3,Bowenpally,111,Brinjal,278,Kalyani,0.0,350.0,700.0,1500.0,1200.0,0.0,0.0
2025-01-05 00:00:00+05:30,367,Gudimalkapur,1571,Gudumalkapur,111,Brinjal,279,Round,0.0,193.0,300.0,1000.0,700.0,0.0,0.0
2025-01-05 00:00:00+05:30,331,Vantimamidi,1612,Vantimamidi,111,Brinjal,111,Common,0.0,32.0,1800.0,2000.0,1900.0,0.0,0.0
2025-01-06 00:00:00+05:30,323,Gaddiannaram,1,Gaddiannaram,82,Pomegrenates,82,Common,0.0,993.0,1000.0,16000.0,3000.0,0.0,0.0
2025-01-05 00:00:00+05:30,322,Chevella,46,Chevella,114,Tomato,197,Local,0.0,78.0,1000.0,1000.0,1000.0,0.0,0.0
2025-01-04 00:00:00+05:30,331,Vantimamidi,1612,Vantimamidi,111,Brinjal,111,Common,0.0,50.0,900.0,2000.0,1450.0,0.0,0.0
2025-01-04 00:00:00+05:30,367,Gudimalkapur,1571,Gudumalkapur,111,Brinjal,279,Round,0.0,223.0,300.0,1000.0,500.0,0.0,0.0
2025-01-05 00:00:00+05:30,323,Gaddiannaram,2,L.B Nagar,114,Tomato,114,Common,0.0,501.0,400.0,800.0,600.0,0.0,0.0
2025-01-05 00:00:00+05:30,325,Hyderabad,6,Madannapeta,117,Cluster Beans,117,Common,0.0,15.0,2000.0,3000.0,2500.0,0.0,0.0
2025-01-05 00:00:00+05:30,324,Bowenpally,3,Bowenpally,111,Brinjal,278,Kalyani,0.0,100.0,1000.0,1500.0,1300.0,0.0,0.0
2025-01-04 00:00:00+05:30,323,Gaddiannaram,2,L.B Nagar,114,Tomato,114,Common,0.0,561.0,400.0,800.0,600.0,0.0,0.0
2025-01-04 00:00:00+05:30,325,Hyderabad,6,Madannapeta,117,Cluster Beans,117,Common,0.0,5.0,3000.0,3000.0,3000.0,0.0,0.0
2025-01-04 00:00:00+05:30,292,Zaheerabad,1198,Zaheerabad,17,Black Gram,17,Common,0.0,27.5,3250.0,7825.0,4662.0,0.0,0.0
2025-01-04 00:00:00+05:30,278,Suryapet,1091,Suryapet,16,Green Gram,16,Common,0.0,1.0,6001.0,6001.0,6001.0,0.0,0.0
2025-01-04 00:00:00+05:30,322,Chevella,46,Chevella,114,Tomato,197,Local,0.0,55.0,1000.0,1000.0,1000.0,0.0,0.0
2025-01-04 00:00:00+05:30,324,Bowenpally,3,Bowenpally,111,Brinjal,278,Kalyani,0.0,650.0,400.0,1500.0,1200.0,0.0,0.0
2025-01-03 00:00:00+05:30,331,Vantimamidi,1612,Vantimamidi,111,Brinjal,111,Common,0.0,83.0,800.0,2000.0,1400.0,0.0,0.0
2025-01-04 00:00:00+05:30,323,Gaddiannaram,1,Gaddiannaram,82,Pomegrenates,82,Common,0.0,750.0,1000.0,15000.0,3000.0,0.0,0.0
2025-01-03 00:00:00+05:30,367,Gudimalkapur,1571,Gudumalkapur,111,Brinjal,279,Round,0.0,150.0,500.0,1000.0,700.0,0.0,0.0
2025-01-03 00:00:00+05:30,289,Sadasivpet,1200,Sadasivapet,21,Field Bean,21,Common,0.0,1.0,6500.0,6500.0,6500.0,0.0,0.0
2025-01-03 00:00:00+05:30,322,Chevella,46,Chevella,114,Tomato,197,Local,0.0,88.0,1000.0,1000.0,1000.0,0.0,0.0
2025-01-03 00:00:00+05:30,278,Suryapet,1091,Suryapet,16,Green Gram,16,Common,0.0,18.0,6249.0,6359.0,6249.0,0.0,0.0
2025-01-03 00:00:00+05:30,325,Hyderabad,6,Madannapeta,117,Cluster Beans,117,Common,0.0,15.0,2000.0,3000.0,2500.0,0.0,0.0
2025-01-03 00:00:00+05:30,325,Hyderabad,5,Mahabubmansion,56,Garlic,56,Common,0.0,118.0,20000.0,30000.0,25000.0,0.0,0.0
2025-01-03 00:00:00+05:30,323,Gaddiannaram,2,L.B Nagar,114,Tomato,114,Common,0.0,605.0,400.0,700.0,500.0,0.0,0.0
2025-01-03 00:00:00+05:30,323,Gaddiannaram,1,Gaddiannaram,82,Pomegrenates,82,Common,0.0,932.0,1000.0,15000.0,3000.0,0.0,0.0
2025-01-03 00:00:00+05:30,324,Bowenpally,3,Bowenpally,111,Brinjal,278,Kalyani,0.0,600.0,500.0,1500.0,1000.0,0.0,0.0
2025-01-02 00:00:00+05:30,367,Gudimalkapur,1571,Gudumalkapur,111,Brinjal,279,Round,0.0,230.0,400.0,2000.0,1000.0,0.0,0.0
2025-01-02 00:00:00+05:30,331,Vantimamidi,1612,Vantimamidi,111,Brinjal,111,Common,0.0,55.0,1000.0,2000.0,1500.0,0.0,0.0
2025-01-02 00:00:00+05:30,278,Suryapet,1091,Suryapet,16,Green Gram,16,Common,0.0,11.0,6233.0,6723.0,6280.0,0.0,0.0
2025-01-02 00:00:00+05:30,208,Nizamabad,1080,Nizamabad,14,Bengal Gram,14,Common,0.0,5.0,3200.0,3300.0,3300.0,0.0,0.0
2025-01-02 00:00:00+05:30,322,Chevella,46,Chevella,114,Tomato,197,Local,0.0,85.0,1000.0,1000.0,1000.0,0.0,0.0
2025-01-02 00:00:00+05:30,323,Gaddiannaram,2,L.B Nagar,114,Tomato,114,Common,0.0,332.0,400.0,600.0,500.0,0.0,0.0
2025-01-02 00:00:00+05:30,323,Gaddiannaram,1,Gaddiannaram,82,Pomegrenates,82,Common,0.0,472.0,1000.0,15000.0,3000.0,0.0,0.0
2025-01-02 00:00:00+05:30,324,Bowenpally,3,Bowenpally,111,Brinjal,278,Kalyani,0.0,500.0,400.0,1500.0,1200.0,0.0,0.0
2025-01-01 00:00:00+05:30,323,Gaddiannaram,1,Gaddiannaram,82,Pomegrenates,82,Common,0.0,282.0,1000.0,13000.0,3000.0,0.0,0.0
2025-01-01 00:00:00+05:30,331,Vantimamidi,1612,Vantimamidi,111,Brinjal,111,Common,0.0,25.0,900.0,2000.0,1450.0,0.0,0.0
2025-01-01 00:00:00+05:30,322,Chevella,46,Chevella,114,Tomato,197,Local,0.0,125.0,1000.0,1000.0,1000.0,0.0,0.0
2025-01-31 00:00:00+05:30,367,Gudimalkapur,1571,Gudumalkapur,111,Brinjal,279,Round,0.0,166.0,300.0,1000.0,500.0,0.0,0.0
2025-01-31 00:00:00+05:30,331,Vantimamidi,1612,Vantimamidi,111,Brinjal,111,Common,0.0,70.0,600.0,1800.0,1200.0,0.0,0.0
2025-01-31 00:00:00+05:30,289,Sadasivpet,1200,Sadasivapet,21,Field Bean,21,Common,0.0,1.0,5200.0,5655.0,5200.0,0.0,0.0
2025-01-31 00:00:00+05:30,278,Suryapet,1091,Suryapet,16,Green Gram,16,Common,0.0,9.0,6268.0,7419.0,6273.0,0.0,0.0
2025-01-31 00:00:00+05:30,322,Chevella,46,Chevella,114,Tomato,197,Local,0.0,89.0,1000.0,1000.0,1000.0,0.0,0.0
2025-01-31 00:00:00+05:30,324,Bowenpally,3,Bowenpally,111,Brinjal,278,Kalyani,0.0,700.0,700.0,2000.0,1600.0,0.0,0.0
2025-01-31 00:00:00+05:30,325,Hyderabad,5,Mahabubmansion,56,Garlic,56,Common,0.0,68.0,10000.0,15000.0,13000.0,0.0,0.0
2025-01-31 00:00:00+05:30,325,Hyderabad,6,Madannapeta,117,Cluster Beans,117,Common,0.0,5.0,2500.0,2500.0,2500.0,0.0,0.0
2025-01-30 00:00:00+05:30,331,Vantimamidi,1612,Vantimamidi,111,Brinjal,111,Common,0.0,95.0,1000.0,2000.0,1500.0,0.0,0.0
2025-01-31 00:00:00+05:30,323,Gaddiannaram,2,L.B Nagar,114,Tomato,114,Common,0.0,548.0,400.0,600.0,500.0,0.0,0.0
2025-01-31 00:00:00+05:30,323,Gaddiannaram,1,Gaddiannaram,82,Pomegrenates,82,Common,0.0,705.0,1000.0,16000.0,3000.0,0.0,0.0
2025-01-30 00:00:00+05:30,278,Suryapet,1091,Suryapet,16,Green Gram,16,Common,0.0,19.0,5693.0,7012.0,6360.0,0.0,0.0
2025-01-30 00:00:00+05:30,292,Zaheerabad,1198,Zaheerabad,17,Black Gram,17,Common,0.0,4.5,3550.0,7311.0,3550.0,0.0,0.0
2025-01-30 00:00:00+05:30,208,Nizamabad,1080,Nizamabad,14,Bengal Gram,14,Common,0.0,8.0,5466.0,5466.0,5466.0,0.0,0.0
2025-01-30 00:00:00+05:30,367,Gudimalkapur,1571,Gudumalkapur,111,Brinjal,279,Round,0.0,221.0,600.0,1200.0,800.0,0.0,0.0
2025-01-30 00:00:00+05:30,279,Thirumalagiri,9,Tirmalagiri,5,Maize,5,Common,0.0,120.0,2109.0,2359.0,2229.0,0.0,0.0
2025-01-30 00:00:00+05:30,322,Chevella,46,Chevella,114,Tomato,197,Local,0.0,77.0,1000.0,1000.0,1000.0,0.0,0.0
2025-01-30 00:00:00+05:30,325,Hyderabad,6,Madannapeta,117,Cluster Beans,117,Common,0.0,5.0,2000.0,2000.0,2000.0,0.0,0.0
2025-01-30 00:00:00+05:30,324,Bowenpally,3,Bowenpally,111,Brinjal,278,Kalyani,0.0,800.0,700.0,2500.0,2000.0,0.0,0.0
2025-01-30 00:00:00+05:30,323,Gaddiannaram,2,L.B Nagar,114,Tomato,114,Common,0.0,590.0,400.0,800.0,600.0,0.0,0.0
2025-01-30 00:00:00+05:30,323,Gaddiannaram,1,Gaddiannaram,82,Pomegrenates,82,Common,0.0,560.0,1000.0,16000.0,3000.0,0.0,0.0
2025-01-28 00:00:00+05:30,292,Zaheerabad,1198,Zaheerabad,17,Black Gram,17,Common,0.0,2.0,6909.0,7304.0,6909.0,0.0,0.0
2025-01-28 00:00:00+05:30,367,Gudimalkapur,1571,Gudumalkapur,111,Brinjal,279,Round,0.0,225.0,700.0,1500.0,900.0,0.0,0.0
2025-01-29 00:00:00+05:30,331,Vantimamidi,1612,Vantimamidi,111,Brinjal,111,Common,0.0,108.0,800.0,2000.0,1400.0,0.0,0.0
2025-01-26 00:00:00+05:30,322,Chevella,46,Chevella,114,Tomato,197,Local,0.0,77.0,1000.0,1000.0,1000.0,0.0,0.0
2025-01-29 00:00:00+05:30,323,Gaddiannaram,1,Gaddiannaram,82,Pomegrenates,82,Common,0.0,996.0,1000.0,16000.0,3000.0,0.0,0.0
2025-01-29 00:00:00+05:30,322,Chevella,46,Chevella,114,Tomato,197,Local,0.0,66.0,1000.0,1000.0,1000.0,0.0,0.0
2025-01-28 00:00:00+05:30,279,Thirumalagiri,9,Tirmalagiri,5,Maize,5,Common,0.0,11.0,2339.0,2339.0,2339.0,0.0,0.0
2025-01-28 00:00:00+05:30,325,Hyderabad,5,Mahabubmansion,56,Garlic,56,Common,0.0,11.0,12000.0,20000.0,15000.0,0.0,0.0
2025-01-28 00:00:00+05:30,325,Hyderabad,6,Madannapeta,117,Cluster Beans,117,Common,0.0,5.0,2500.0,2500.0,2500.0,0.0,0.0
2025-01-28 00:00:00+05:30,324,Bowenpally,3,Bowenpally,111,Brinjal,278,Kalyani,0.0,700.0,500.0,2500.0,2000.0,0.0,0.0
2025-01-28 00:00:00+05:30,323,Gaddiannaram,2,L.B Nagar,114,Tomato,114,Common,0.0,553.0,400.0,800.0,600.0,0.0,0.0
2025-01-27 00:00:00+05:30,367,Gudimalkapur,1571,Gudumalkapur,111,Brinjal,279,Round,0.0,171.0,800.0,1500.0,1000.0,0.0,0.0
2025-01-27 00:00:00+05:30,331,Vantimamidi,1612,Vantimamidi,111,Brinjal,111,Common,0.0,55.0,1500.0,2000.0,1750.0,0.0,0.0
2025-01-28 00:00:00+05:30,323,Gaddiannaram,1,Gaddiannaram,82,Pomegrenates,82,Common,0.0,703.0,1000.0,16000.0,3000.0,0.0,0.0
2025-01-27 00:00:00+05:30,292,Zaheerabad,1198,Zaheerabad,17,Black Gram,17,Common,0.0,3.0,3712.0,4612.0,4612.0,0.0,0.0
2025-01-27 00:00:00+05:30,300,Badepally,1327,Badepally,18,Horse Gram,18,Common,0.0,1.0,3059.0,3059.0,3059.0,0.0,0.0
2025-01-27 00:00:00+05:30,322,Chevella,46,Chevella,114,Tomato,197,Local,0.0,84.0,1000.0,1000.0,1000.0,0.0,0.0
2025-01-27 00:00:00+05:30,325,Hyderabad,6,Madannapeta,117,Cluster Beans,117,Common,0.0,5.0,3000.0,3000.0,3000.0,0.0,0.0
2025-01-27 00:00:00+05:30,323,Gaddiannaram,2,L.B Nagar,114,Tomato,114,Common,0.0,450.0,400.0,800.0,600.0,0.0,0.0
2025-01-26 00:00:00+05:30,331,Vantimamidi,1612,Vantimamidi,111,Brinjal,111,Common,0.0,66.0,1000.0,2000.0,1500.0,0.0,0.0
2025-01-27 00:00:00+05:30,323,Gaddiannaram,1,Gaddiannaram,82,Pomegrenates,82,Common,0.0,1288.0,1000.0,16000.0,3000.0,0.0,0.0
2025-01-26 00:00:00+05:30,367,Gudimalkapur,1571,Gudumalkapur,111,Brinjal,279,Round,0.0,242.0,800.0,1500.0,1000.0,0.0,0.0
2025-01-26 00:00:00+05:30,325,Hyderabad,6,Madannapeta,117,Cluster Beans,117,Common,0.0,5.0,2000.0,2000.0,2000.0,0.0,0.0
2025-01-26 00:00:00+05:30,324,Bowenpally,3,Bowenpally,111,Brinjal,278,Kalyani,0.0,200.0,800.0,2500.0,2000.0,0.0,0.0
2025-01-26 00:00:00+05:30,323,Gaddiannaram,2,L.B Nagar,114,Tomato,114,Common,0.0,523.0,400.0,800.0,600.0,0.0,0.0
2025-01-25 00:00:00+05:30,331,Vantimamidi,1612,Vantimamidi,111,Brinjal,111,Common,0.0,67.0,1000.0,1900.0,1450.0,0.0,0.0
2025-01-25 00:00:00+05:30,367,Gudimalkapur,1571,Gudumalkapur,111,Brinjal,279,Round,0.0,134.0,300.0,1000.0,500.0,0.0,0.0
2025-01-25 00:00:00+05:30,292,Zaheerabad,1198,Zaheerabad,17,Black Gram,17,Common,0.0,6.0,3617.0,7513.0,4411.0,0.0,0.0
2025-01-25 00:00:00+05:30,322,Chevella,46,Chevella,114,Tomato,197,Local,0.0,66.0,1000.0,1000.0,1000.0,0.0,0.0
2025-01-01 00:00:00+05:30,331,Vantimamidi,1612,Vantimamidi,112,Ladys Finger,112,Common,0.0,23.0,1600.0,2100.0,1850.0,0.0,0.0
2025-01-01 00:00:00+05:30,323,Gaddiannaram,1,Gaddiannaram,84,Sapota,84,Common,0.0,9.0,1400.0,3200.0,2000.0,0.0,0.0
2025-01-02 00:00:00+05:30,324,Bowenpally,3,Bowenpally,111,Brinjal,279,Round,0.0,500.0,500.0,2000.0,1500.0,0.0,0.0
2025-01-02 00:00:00+05:30,323,Gaddiannaram,1,Gaddiannaram,84,Sapota,84,Common,0.0,32.0,1600.0,3600.0,2400.0,0.0,0.0
2025-01-01 00:00:00+05:30,303,Kalwakurthy,1340,Kalwakurthy,111,Brinjal,111,Common,0.0,1.0,1500.0,2500.0,2000.0,0.0,0.0
2025-01-02 00:00:00+05:30,323,Gaddiannaram,2,L.B Nagar,116,French Beans,116,Common,0.0,15.0,3000.0,4000.0,3500.0,0.0,0.0
2025-01-02 00:00:00+05:30,246,Warangal,886,Warangal,15,Red Gram,15,Common,0.0,28.97,6222.0,6711.0,6711.0,0.0,0.0
2025-01-02 00:00:00+05:30,325,Hyderabad,6,Madannapeta,118,Field Beans,118,Common,0.0,13.0,2500.0,4000.0,3250.0,0.0,0.0
2025-01-02 00:00:00+05:30,208,Nizamabad,1080,Nizamabad,15,Red Gram,15,Common,0.0,5.0,6626.0,6626.0,6626.0,0.0,0.0
2025-01-02 00:00:00+05:30,256,Khammam,1067,Khammam,54,Chillies(Dry),250,Teja,0.0,3828.0,6000.0,14900.0,13400.0,0.0,0.0
2025-01-02 00:00:00+05:30,308,Nagarkurnool,1334,Nagarkurnool,30,Groundnut pods,30,Common,0.0,245.4,5519.0,6621.0,6219.0,0.0,0.0
2025-01-02 00:00:00+05:30,300,Badepally,1327,Badepally,22,Cowpea,22,Common,0.0,1.0,6991.0,6991.0,6991.0,0.0,0.0
2025-01-02 00:00:00+05:30,310,Shadnagar,1330,Shadnagar,98,Cabbage,98,Common,0.0,20.0,1800.0,2500.0,2300.0,0.0,0.0
2025-01-02 00:00:00+05:30,331,Vantimamidi,1612,Vantimamidi,112,Ladys Finger,112,Common,0.0,21.0,1600.0,2000.0,1800.0,0.0,0.0
2025-01-02 00:00:00+05:30,303,Kalwakurthy,1340,Kalwakurthy,111,Brinjal,111,Common,0.0,2.0,1500.0,2500.0,2000.0,0.0,0.0
2025-01-02 00:00:00+05:30,367,Gudimalkapur,1571,Gudumalkapur,112,Ladys Finger,112,Common,0.0,479.0,1000.0,2000.0,1200.0,0.0,0.0
2025-01-03 00:00:00+05:30,324,Bowenpally,3,Bowenpally,111,Brinjal,279,Round,0.0,500.0,500.0,2000.0,1600.0,0.0,0.0
2025-01-03 00:00:00+05:30,323,Gaddiannaram,1,Gaddiannaram,84,Sapota,84,Common,0.0,87.0,1500.0,3400.0,2400.0,0.0,0.0
2025-01-03 00:00:00+05:30,323,Gaddiannaram,2,L.B Nagar,116,French Beans,116,Common,0.0,17.0,3000.0,4000.0,3500.0,0.0,0.0
2025-01-03 00:00:00+05:30,325,Hyderabad,6,Madannapeta,118,Field Beans,118,Common,0.0,6.0,3000.0,3000.0,3000.0,0.0,0.0
2025-01-03 00:00:00+05:30,246,Warangal,886,Warangal,15,Red Gram,15,Common,0.0,6.07,6722.0,7129.0,6722.0,0.0,0.0
2025-01-03 00:00:00+05:30,278,Suryapet,1091,Suryapet,17,Black Gram,17,Common,0.0,6.0,5556.0,5556.0,5556.0,0.0,0.0
2025-01-03 00:00:00+05:30,208,Nizamabad,1080,Nizamabad,15,Red Gram,15,Common,0.0,18.0,7121.0,7121.0,7121.0,0.0,0.0
2025-01-03 00:00:00+05:30,256,Khammam,1067,Khammam,54,Chillies(Dry),250,Teja,0.0,3905.0,5000.0,14500.0,14000.0,0.0,0.0
2025-01-03 00:00:00+05:30,300,Badepally,1327,Badepally,22,Cowpea,22,Common,0.0,1.0,7602.0,7602.0,7602.0,0.0,0.0
2025-01-03 00:00:00+05:30,308,Nagarkurnool,1334,Nagarkurnool,30,Groundnut pods,30,Common,0.0,221.4,5309.0,6659.0,6359.0,0.0,0.0
2025-01-03 00:00:00+05:30,310,Shadnagar,1330,Shadnagar,98,Cabbage,98,Common,0.0,10.0,1200.0,1800.0,1500.0,0.0,0.0
2025-01-03 00:00:00+05:30,367,Gudimalkapur,1571,Gudumalkapur,112,Ladys Finger,112,Common,0.0,292.0,1000.0,2500.0,1200.0,0.0,0.0
2025-01-04 00:00:00+05:30,323,Gaddiannaram,1,Gaddiannaram,84,Sapota,84,Common,0.0,108.0,1500.0,3400.0,2200.0,0.0,0.0
2025-01-03 00:00:00+05:30,331,Vantimamidi,1612,Vantimamidi,112,Ladys Finger,112,Common,0.0,23.0,1700.0,2000.0,1850.0,0.0,0.0
2025-01-04 00:00:00+05:30,324,Bowenpally,3,Bowenpally,111,Brinjal,279,Round,0.0,650.0,500.0,2000.0,1600.0,0.0,0.0
2025-01-04 00:00:00+05:30,325,Hyderabad,6,Madannapeta,118,Field Beans,118,Common,0.0,4.0,3000.0,5000.0,4000.0,0.0,0.0
2025-01-04 00:00:00+05:30,323,Gaddiannaram,2,L.B Nagar,116,French Beans,116,Common,0.0,12.0,3000.0,4000.0,3500.0,0.0,0.0
2025-01-03 00:00:00+05:30,303,Kalwakurthy,1340,Kalwakurthy,111,Brinjal,111,Common,0.0,5.0,1500.0,2500.0,2000.0,0.0,0.0
2025-01-05 00:00:00+05:30,324,Bowenpally,3,Bowenpally,111,Brinjal,279,Round,0.0,1200.0,1000.0,2000.0,1700.0,0.0,0.0
2025-01-05 00:00:00+05:30,325,Hyderabad,6,Madannapeta,118,Field Beans,118,Common,0.0,6.0,3000.0,3000.0,3000.0,0.0,0.0
2025-01-05 00:00:00+05:30,323,Gaddiannaram,2,L.B Nagar,116,French Beans,116,Common,0.0,16.0,3000.0,4000.0,3500.0,0.0,0.0
2025-01-04 00:00:00+05:30,367,Gudimalkapur,1571,Gudumalkapur,112,Ladys Finger,112,Common,0.0,390.0,1200.0,2800.0,1800.0,0.0,0.0
2025-01-04 00:00:00+05:30,331,Vantimamidi,1612,Vantimamidi,112,Ladys Finger,112,Common,0.0,15.0,1800.0,2000.0,1900.0,0.0,0.0
2025-01-04 00:00:00+05:30,303,Kalwakurthy,1340,Kalwakurthy,111,Brinjal,111,Common,0.0,3.0,1000.0,3000.0,2000.0,0.0,0.0
2025-01-04 00:00:00+05:30,310,Shadnagar,1330,Shadnagar,98,Cabbage,98,Common,0.0,20.0,1200.0,1800.0,1500.0,0.0,0.0
2025-01-05 00:00:00+05:30,303,Kalwakurthy,1340,Kalwakurthy,111,Brinjal,111,Common,0.0,3.0,1500.0,3000.0,2250.0,0.0,0.0
2025-01-05 00:00:00+05:30,310,Shadnagar,1330,Shadnagar,98,Cabbage,98,Common,0.0,15.0,1200.0,1800.0,1500.0,0.0,0.0
2025-01-05 00:00:00+05:30,323,Gaddiannaram,1,Gaddiannaram,84,Sapota,84,Common,0.0,55.0,1500.0,3400.0,2200.0,0.0,0.0
2025-01-06 00:00:00+05:30,323,Gaddiannaram,1,Gaddiannaram,84,Sapota,84,Common,0.0,141.0,2000.0,3200.0,2400.0,0.0,0.0
2025-01-05 00:00:00+05:30,331,Vantimamidi,1612,Vantimamidi,112,Ladys Finger,112,Common,0.0,13.0,1800.0,2100.0,1950.0,0.0,0.0
2025-01-05 00:00:00+05:30,367,Gudimalkapur,1571,Gudumalkapur,112,Ladys Finger,112,Common,0.0,235.0,1200.0,2700.0,1800.0,0.0,0.0
2025-01-06 00:00:00+05:30,324,Bowenpally,3,Bowenpally,111,Brinjal,279,Round,0.0,250.0,800.0,2000.0,1600.0,0.0,0.0
2025-01-06 00:00:00+05:30,325,Hyderabad,5,Mahabubmansion,57,Tumeric,57,Common,0.0,26.0,12000.0,17000.0,15000.0,0.0,0.0
2025-01-06 00:00:00+05:30,323,Gaddiannaram,2,L.B Nagar,116,French Beans,116,Common,0.0,12.0,4000.0,4500.0,4200.0,0.0,0.0
2025-01-06 00:00:00+05:30,325,Hyderabad,6,Madannapeta,118,Field Beans,118,Common,0.0,2.0,5000.0,5000.0,5000.0,0.0,0.0
2025-01-06 00:00:00+05:30,246,Warangal,886,Warangal,15,Red Gram,15,Common,0.0,30.4,7069.0,7289.0,7152.0,0.0,0.0
2025-01-06 00:00:00+05:30,256,Khammam,1067,Khammam,54,Chillies(Dry),250,Teja,0.0,5446.0,5000.0,15800.0,14000.0,0.0,0.0
2025-01-06 00:00:00+05:30,331,Vantimamidi,1612,Vantimamidi,112,Ladys Finger,112,Common,0.0,9.0,1800.0,2200.0,2000.0,0.0,0.0
2025-01-06 00:00:00+05:30,303,Kalwakurthy,1340,Kalwakurthy,111,Brinjal,111,Common,0.0,2.0,1200.0,3000.0,2100.0,0.0,0.0
2025-01-06 00:00:00+05:30,310,Shadnagar,1330,Shadnagar,98,Cabbage,98,Common,0.0,10.0,1800.0,2500.0,2000.0,0.0,0.0
2025-01-06 00:00:00+05:30,367,Gudimalkapur,1571,Gudumalkapur,112,Ladys Finger,112,Common,0.0,333.0,1800.0,3500.0,2400.0,0.0,0.0
2025-01-07 00:00:00+05:30,324,Bowenpally,3,Bowenpally,111,Brinjal,279,Round,0.0,300.0,700.0,2000.0,1600.0,0.0,0.0
2025-01-07 00:00:00+05:30,323,Gaddiannaram,1,Gaddiannaram,84,Sapota,84,Common,0.0,121.0,1600.0,3000.0,1900.0,0.0,0.0
2025-01-07 00:00:00+05:30,323,Gaddiannaram,2,L.B Nagar,116,French Beans,116,Common,0.0,7.0,4000.0,4500.0,4200.0,0.0,0.0
2025-01-07 00:00:00+05:30,325,Hyderabad,6,Madannapeta,118,Field Beans,118,Common,0.0,6.0,3000.0,3000.0,3000.0,0.0,0.0
2025-01-07 00:00:00+05:30,246,Warangal,886,Warangal,15,Red Gram,15,Common,0.0,49.74,6800.0,7166.0,6952.0,0.0,0.0
2025-01-07 00:00:00+05:30,278,Suryapet,1091,Suryapet,17,Black Gram,17,Common,0.0,1.0,5609.0,5609.0,5609.0,0.0,0.0
2025-01-07 00:00:00+05:30,325,Hyderabad,5,Mahabubmansion,57,Tumeric,57,Common,0.0,25.0,12000.0,17000.0,15000.0,0.0,0.0
2025-01-07 00:00:00+05:30,256,Khammam,1067,Khammam,54,Chillies(Dry),250,Teja,0.0,5118.0,5000.0,15300.0,13500.0,0.0,0.0
2025-01-07 00:00:00+05:30,367,Gudimalkapur,1571,Gudumalkapur,112,Ladys Finger,112,Common,0.0,243.0,1500.0,3500.0,2400.0,0.0,0.0
2025-01-07 00:00:00+05:30,331,Vantimamidi,1612,Vantimamidi,112,Ladys Finger,112,Common,0.0,11.0,1900.0,2400.0,2150.0,0.0,0.0
2025-01-07 00:00:00+05:30,310,Shadnagar,1330,Shadnagar,98,Cabbage,98,Common,0.0,10.0,800.0,1800.0,1200.0,0.0,0.0
2025-01-08 00:00:00+05:30,323,Gaddiannaram,1,Gaddiannaram,84,Sapota,84,Common,0.0,84.0,2000.0,2600.0,2200.0,0.0,0.0
2025-01-08 00:00:00+05:30,323,Gaddiannaram,2,L.B Nagar,116,French Beans,116,Common,0.0,10.0,4000.0,4500.0,4200.0,0.0,0.0
2025-01-08 00:00:00+05:30,324,Bowenpally,3,Bowenpally,111,Brinjal,279,Round,0.0,350.0,700.0,2000.0,1700.0,0.0,0.0
2025-01-08 00:00:00+05:30,325,Hyderabad,6,Madannapeta,118,Field Beans,118,Common,0.0,2.0,4000.0,4000.0,4000.0,0.0,0.0
2025-01-08 00:00:00+05:30,246,Warangal,886,Warangal,15,Red Gram,15,Common,0.0,49.87,4259.0,7186.0,6982.0,0.0,0.0
2025-01-08 00:00:00+05:30,256,Khammam,1067,Khammam,54,Chillies(Dry),250,Teja,0.0,5040.0,5000.0,16000.0,14500.0,0.0,0.0
2025-01-08 00:00:00+05:30,331,Vantimamidi,1612,Vantimamidi,112,Ladys Finger,112,Common,0.0,7.0,1800.0,2500.0,2150.0,0.0,0.0
2025-01-08 00:00:00+05:30,367,Gudimalkapur,1571,Gudumalkapur,112,Ladys Finger,112,Common,0.0,334.0,2000.0,4000.0,2600.0,0.0,0.0
2025-01-09 00:00:00+05:30,324,Bowenpally,3,Bowenpally,111,Brinjal,279,Round,0.0,350.0,700.0,2000.0,1700.0,0.0,0.0
2025-01-09 00:00:00+05:30,323,Gaddiannaram,1,Gaddiannaram,84,Sapota,84,Common,0.0,114.0,1400.0,3000.0,2000.0,0.0,0.0
2025-01-09 00:00:00+05:30,323,Gaddiannaram,2,L.B Nagar,116,French Beans,116,Common,0.0,10.0,4000.0,4500.0,4200.0,0.0,0.0
2025-01-09 00:00:00+05:30,325,Hyderabad,6,Madannapeta,118,Field Beans,118,Common,0.0,3.0,3800.0,4000.0,3900.0,0.0,0.0
2025-01-09 00:00:00+05:30,246,Warangal,886,Warangal,15,Red Gram,15,Common,0.0,8.41,6882.0,7020.0,7020.0,0.0,0.0
2025-01-09 00:00:00+05:30,278,Suryapet,1091,Suryapet,17,Black Gram,17,Common,0.0,2.0,5895.0,6259.0,6259.0,0.0,0.0
2025-01-09 00:00:00+05:30,256,Khammam,1067,Khammam,54,Chillies(Dry),250,Teja,0.0,5452.0,4000.0,15700.0,5000.0,0.0,0.0
2025-01-09 00:00:00+05:30,367,Gudimalkapur,1571,Gudumalkapur,112,Ladys Finger,112,Common,0.0,279.0,2000.0,3400.0,2700.0,0.0,0.0
2025-01-09 00:00:00+05:30,331,Vantimamidi,1612,Vantimamidi,112,Ladys Finger,112,Common,0.0,12.0,1600.0,2400.0,2000.0,0.0,0.0
2025-01-09 00:00:00+05:30,310,Shadnagar,1330,Shadnagar,98,Cabbage,98,Common,0.0,10.0,1200.0,1600.0,1500.0,0.0,0.0
2025-01-10 00:00:00+05:30,323,Gaddiannaram,1,Gaddiannaram,84,Sapota,84,Common,0.0,53.0,1200.0,3000.0,1600.0,0.0,0.0
2025-01-09 00:00:00+05:30,300,Badepally,1327,Badepally,22,Cowpea,22,Common,0.0,1.0,6000.0,6000.0,6000.0,0.0,0.0
2025-01-10 00:00:00+05:30,323,Gaddiannaram,2,L.B Nagar,116,French Beans,116,Common,0.0,10.0,4000.0,4500.0,4200.0,0.0,0.0
2025-01-10 00:00:00+05:30,324,Bowenpally,3,Bowenpally,111,Brinjal,279,Round,0.0,300.0,700.0,2000.0,1600.0,0.0,0.0
2025-01-10 00:00:00+05:30,325,Hyderabad,6,Madannapeta,118,Field Beans,118,Common,0.0,6.0,3000.0,4000.0,3500.0,0.0,0.0
2025-01-10 00:00:00+05:30,246,Warangal,886,Warangal,15,Red Gram,15,Common,0.0,25.6,6823.0,7022.0,7022.0,0.0,0.0
2025-01-10 00:00:00+05:30,208,Nizamabad,1080,Nizamabad,15,Red Gram,15,Common,0.0,6.0,6560.0,6820.0,6560.0,0.0,0.0
2025-01-11 00:00:00+05:30,323,Gaddiannaram,1,Gaddiannaram,84,Sapota,84,Common,0.0,43.0,1600.0,2800.0,1800.0,0.0,0.0
2025-01-10 00:00:00+05:30,331,Vantimamidi,1612,Vantimamidi,112,Ladys Finger,112,Common,0.0,14.0,1700.0,2300.0,2000.0,0.0,0.0
2025-01-10 00:00:00+05:30,367,Gudimalkapur,1571,Gudumalkapur,112,Ladys Finger,112,Common,0.0,370.0,1200.0,3500.0,2500.0,0.0,0.0
2025-01-10 00:00:00+05:30,308,Nagarkurnool,1334,Nagarkurnool,30,Groundnut pods,30,Common,0.0,59.0,6289.0,7390.0,7189.0,0.0,0.0
2025-01-10 00:00:00+05:30,310,Shadnagar,1330,Shadnagar,98,Cabbage,98,Common,0.0,10.0,1200.0,1600.0,1500.0,0.0,0.0
2025-01-11 00:00:00+05:30,324,Bowenpally,3,Bowenpally,111,Brinjal,279,Round,0.0,700.0,700.0,2000.0,1700.0,0.0,0.0
2025-01-11 00:00:00+05:30,323,Gaddiannaram,2,L.B Nagar,116,French Beans,116,Common,0.0,7.0,4000.0,4500.0,4200.0,0.0,0.0
2025-01-11 00:00:00+05:30,208,Nizamabad,1080,Nizamabad,15,Red Gram,15,Common,0.0,2.0,6820.0,6820.0,6820.0,0.0,0.0
2025-01-12 00:00:00+05:30,324,Bowenpally,3,Bowenpally,111,Brinjal,279,Round,0.0,700.0,800.0,2000.0,1600.0,0.0,0.0
2025-01-12 00:00:00+05:30,325,Hyderabad,6,Madannapeta,118,Field Beans,118,Common,0.0,6.0,3000.0,4000.0,3500.0,0.0,0.0
2025-01-11 00:00:00+05:30,310,Shadnagar,1330,Shadnagar,98,Cabbage,98,Common,0.0,20.0,800.0,1200.0,1000.0,0.0,0.0
2025-01-11 00:00:00+05:30,300,Badepally,1327,Badepally,22,Cowpea,22,Common,0.0,1.0,5652.0,5652.0,5652.0,0.0,0.0
2025-01-11 00:00:00+05:30,331,Vantimamidi,1612,Vantimamidi,112,Ladys Finger,112,Common,0.0,9.0,2000.0,2600.0,2300.0,0.0,0.0
2025-01-11 00:00:00+05:30,367,Gudimalkapur,1571,Gudumalkapur,112,Ladys Finger,112,Common,0.0,321.0,1700.0,3000.0,2300.0,0.0,0.0
2025-01-13 00:00:00+05:30,323,Gaddiannaram,1,Gaddiannaram,84,Sapota,84,Common,0.0,18.0,3200.0,3200.0,3200.0,0.0,0.0
2025-01-13 00:00:00+05:30,323,Gaddiannaram,2,L.B Nagar,116,French Beans,116,Common,0.0,16.0,4000.0,4500.0,4200.0,0.0,0.0
2025-01-12 00:00:00+05:30,331,Vantimamidi,1612,Vantimamidi,112,Ladys Finger,112,Common,0.0,8.0,1500.0,2000.0,1750.0,0.0,0.0
2025-01-12 00:00:00+05:30,310,Shadnagar,1330,Shadnagar,98,Cabbage,98,Common,0.0,10.0,800.0,1200.0,1000.0,0.0,0.0
2025-01-12 00:00:00+05:30,367,Gudimalkapur,1571,Gudumalkapur,112,Ladys Finger,112,Common,0.0,468.0,1200.0,2500.0,1800.0,0.0,0.0
2025-01-13 00:00:00+05:30,324,Bowenpally,3,Bowenpally,111,Brinjal,279,Round,0.0,300.0,500.0,2000.0,1600.0,0.0,0.0
2025-01-13 00:00:00+05:30,325,Hyderabad,6,Madannapeta,118,Field Beans,118,Common,0.0,3.0,4000.0,4000.0,4000.0,0.0,0.0
2025-01-13 00:00:00+05:30,325,Hyderabad,5,Mahabubmansion,57,Tumeric,57,Common,0.0,10.0,12000.0,17000.0,15000.0,0.0,0.0
2025-01-13 00:00:00+05:30,310,Shadnagar,1330,Shadnagar,98,Cabbage,98,Common,0.0,20.0,1200.0,1600.0,1300.0,0.0,0.0
2025-01-13 00:00:00+05:30,367,Gudimalkapur,1571,Gudumalkapur,112,Ladys Finger,112,Common,0.0,342.0,1500.0,3000.0,2000.0,0.0,0.0
2025-01-14 00:00:00+05:30,323,Gaddiannaram,2,L.B Nagar,116,French Beans,116,Common,0.0,7.0,4000.0,4500.0,4200.0,0.0,0.0
2025-01-13 00:00:00+05:30,331,Vantimamidi,1612,Vantimamidi,112,Ladys Finger,112,Common,0.0,14.0,1600.0,2500.0,2050.0,0.0,0.0
2025-01-14 00:00:00+05:30,324,Bowenpally,3,Bowenpally,111,Brinjal,279,Round,0.0,94.0,500.0,1500.0,1200.0,0.0,0.0
2025-01-14 00:00:00+05:30,325,Hyderabad,6,Madannapeta,118,Field Beans,118,Common,0.0,2.0,4000.0,4000.0,4000.0,0.0,0.0
2025-01-14 00:00:00+05:30,310,Shadnagar,1330,Shadnagar,98,Cabbage,98,Common,0.0,12.0,800.0,1400.0,1000.0,0.0,0.0
2025-01-14 00:00:00+05:30,367,Gudimalkapur,1571,Gudumalkapur,112,Ladys Finger,112,Common,0.0,340.0,1200.0,2000.0,1500.0,0.0,0.0
2025-01-14 00:00:00+05:30,331,Vantimamidi,1612,Vantimamidi,112,Ladys Finger,112,Common,0.0,2.0,1500.0,1500.0,1500.0,0.0,0.0
2025-01-15 00:00:00+05:30,367,Gudimalkapur,1571,Gudumalkapur,112,Ladys Finger,112,Common,0.0,294.0,800.0,2000.0,1000.0,0.0,0.0
2025-01-16 00:00:00+05:30,323,Gaddiannaram,1,Gaddiannaram,84,Sapota,84,Common,0.0,3.0,1600.0,1600.0,1600.0,0.0,0.0
2025-01-15 00:00:00+05:30,331,Vantimamidi,1612,Vantimamidi,112,Ladys Finger,112,Common,0.0,22.0,1600.0,2400.0,2000.0,0.0,0.0
2025-01-15 00:00:00+05:30,324,Bowenpally,3,Bowenpally,111,Brinjal,279,Round,0.0,100.0,500.0,2000.0,1600.0,0.0,0.0
2025-01-15 00:00:00+05:30,323,Gaddiannaram,2,L.B Nagar,116,French Beans,116,Common,0.0,3.0,4000.0,4500.0,4200.0,0.0,0.0
2025-01-16 00:00:00+05:30,325,Hyderabad,6,Madannapeta,118,Field Beans,118,Common,0.0,3.0,4500.0,4500.0,4500.0,0.0,0.0
2025-01-16 00:00:00+05:30,323,Gaddiannaram,2,L.B Nagar,116,French Beans,116,Common,0.0,10.0,4000.0,4500.0,4200.0,0.0,0.0
2025-01-16 00:00:00+05:30,324,Bowenpally,3,Bowenpally,111,Brinjal,279,Round,0.0,350.0,500.0,2500.0,2000.0,0.0,0.0
2025-01-16 00:00:00+05:30,246,Warangal,886,Warangal,15,Red Gram,15,Common,0.0,36.04,6022.0,7033.0,7033.0,0.0,0.0
2025-01-16 00:00:00+05:30,278,Suryapet,1091,Suryapet,17,Black Gram,17,Common,0.0,6.0,5715.0,5715.0,5715.0,0.0,0.0
2025-01-16 00:00:00+05:30,256,Khammam,1067,Khammam,54,Chillies(Dry),250,Teja,0.0,6924.0,4000.0,14000.0,12500.0,0.0,0.0
2025-01-16 00:00:00+05:30,208,Nizamabad,1080,Nizamabad,15,Red Gram,15,Common,0.0,8.0,6320.0,6520.0,6320.0,0.0,0.0
2025-01-16 00:00:00+05:30,367,Gudimalkapur,1571,Gudumalkapur,112,Ladys Finger,112,Common,0.0,576.0,1000.0,2000.0,1300.0,0.0,0.0
2025-01-17 00:00:00+05:30,323,Gaddiannaram,1,Gaddiannaram,84,Sapota,84,Common,0.0,99.0,1600.0,3200.0,1900.0,0.0,0.0
2025-01-16 00:00:00+05:30,331,Vantimamidi,1612,Vantimamidi,112,Ladys Finger,112,Common,0.0,20.0,1600.0,2500.0,2050.0,0.0,0.0
2025-01-16 00:00:00+05:30,309,Narayanpet,1342,Narayanpet,30,Groundnut pods,30,Common,0.0,542.1,3319.0,5520.0,4949.0,0.0,0.0
2025-01-16 00:00:00+05:30,308,Nagarkurnool,1334,Nagarkurnool,30,Groundnut pods,30,Common,0.0,373.5,4319.0,6669.0,6059.0,0.0,0.0
2025-01-17 00:00:00+05:30,325,Hyderabad,6,Madannapeta,118,Field Beans,118,Common,0.0,2.0,4000.0,4000.0,4000.0,0.0,0.0
2025-01-17 00:00:00+05:30,323,Gaddiannaram,2,L.B Nagar,116,French Beans,116,Common,0.0,16.0,4000.0,4500.0,4200.0,0.0,0.0
2025-01-17 00:00:00+05:30,324,Bowenpally,3,Bowenpally,111,Brinjal,279,Round,0.0,350.0,700.0,2500.0,2000.0,0.0,0.0
2025-01-17 00:00:00+05:30,325,Hyderabad,5,Mahabubmansion,57,Tumeric,57,Common,0.0,17.0,12000.0,17000.0,15000.0,0.0,0.0
2025-01-17 00:00:00+05:30,246,Warangal,886,Warangal,15,Red Gram,15,Common,0.0,70.42,5522.0,6802.0,5522.0,0.0,0.0
2025-01-17 00:00:00+05:30,256,Khammam,1067,Khammam,54,Chillies(Dry),250,Teja,0.0,5936.0,5000.0,15500.0,14000.0,0.0,0.0
2025-01-17 00:00:00+05:30,208,Nizamabad,1080,Nizamabad,15,Red Gram,15,Common,0.0,23.0,6106.0,6606.0,6356.0,0.0,0.0
2025-01-17 00:00:00+05:30,331,Vantimamidi,1612,Vantimamidi,112,Ladys Finger,112,Common,0.0,17.0,1500.0,2500.0,2000.0,0.0,0.0
2025-01-17 00:00:00+05:30,308,Nagarkurnool,1334,Nagarkurnool,30,Groundnut pods,30,Common,0.0,470.4,4609.0,6559.0,6142.0,0.0,0.0
2025-01-17 00:00:00+05:30,300,Badepally,1327,Badepally,22,Cowpea,22,Common,0.0,3.0,5422.0,5602.0,5602.0,0.0,0.0
2025-01-17 00:00:00+05:30,310,Shadnagar,1330,Shadnagar,98,Cabbage,98,Common,0.0,10.0,1000.0,1500.0,1200.0,0.0,0.0
2025-01-18 00:00:00+05:30,324,Bowenpally,3,Bowenpally,111,Brinjal,279,Round,0.0,550.0,700.0,2500.0,2000.0,0.0,0.0
2025-01-18 00:00:00+05:30,323,Gaddiannaram,2,L.B Nagar,116,French Beans,116,Common,0.0,19.0,3000.0,4000.0,3500.0,0.0,0.0
2025-01-17 00:00:00+05:30,309,Narayanpet,1342,Narayanpet,30,Groundnut pods,30,Common,0.0,950.4,3709.0,5969.0,4320.0,0.0,0.0
2025-01-18 00:00:00+05:30,208,Nizamabad,1080,Nizamabad,15,Red Gram,15,Common,0.0,9.0,6209.0,6357.0,6357.0,0.0,0.0
2025-01-18 00:00:00+05:30,300,Badepally,1327,Badepally,22,Cowpea,22,Common,0.0,1.0,5539.0,5869.0,5539.0,0.0,0.0
2025-01-18 00:00:00+05:30,310,Shadnagar,1330,Shadnagar,98,Cabbage,98,Common,0.0,10.0,800.0,1500.0,1000.0,0.0,0.0
2025-01-18 00:00:00+05:30,367,Gudimalkapur,1571,Gudumalkapur,112,Ladys Finger,112,Common,0.0,557.0,800.0,2000.0,1400.0,0.0,0.0
2025-01-18 00:00:00+05:30,331,Vantimamidi,1612,Vantimamidi,112,Ladys Finger,112,Common,0.0,18.0,2000.0,2400.0,2200.0,0.0,0.0
2025-01-19 00:00:00+05:30,323,Gaddiannaram,1,Gaddiannaram,84,Sapota,84,Common,0.0,38.0,1400.0,3000.0,1800.0,0.0,0.0
2025-01-18 00:00:00+05:30,309,Narayanpet,1342,Narayanpet,30,Groundnut pods,30,Common,0.0,800.1,3469.0,5961.0,5067.0,0.0,0.0
2025-01-19 00:00:00+05:30,324,Bowenpally,3,Bowenpally,111,Brinjal,279,Round,0.0,750.0,1000.0,2500.0,2000.0,0.0,0.0
2025-01-19 00:00:00+05:30,325,Hyderabad,6,Madannapeta,118,Field Beans,118,Common,0.0,4.0,2000.0,3500.0,2750.0,0.0,0.0
2025-01-19 00:00:00+05:30,323,Gaddiannaram,2,L.B Nagar,116,French Beans,116,Common,0.0,13.0,3000.0,4000.0,3500.0,0.0,0.0
2025-01-19 00:00:00+05:30,331,Vantimamidi,1612,Vantimamidi,112,Ladys Finger,112,Common,0.0,18.0,1500.0,2000.0,1750.0,0.0,0.0
2025-01-19 00:00:00+05:30,367,Gudimalkapur,1571,Gudumalkapur,112,Ladys Finger,112,Common,0.0,352.0,500.0,1500.0,1000.0,0.0,0.0
2025-01-20 00:00:00+05:30,324,Bowenpally,3,Bowenpally,111,Brinjal,279,Round,0.0,500.0,700.0,2000.0,1500.0,0.0,0.0
2025-01-20 00:00:00+05:30,323,Gaddiannaram,1,Gaddiannaram,84,Sapota,84,Common,0.0,351.0,1200.0,3000.0,1800.0,0.0,0.0
2025-01-20 00:00:00+05:30,323,Gaddiannaram,2,L.B Nagar,116,French Beans,116,Common,0.0,16.0,3000.0,400.0,3500.0,0.0,0.0
2025-01-20 00:00:00+05:30,325,Hyderabad,6,Madannapeta,118,Field Beans,118,Common,0.0,8.0,2500.0,3000.0,2750.0,0.0,0.0
2025-01-20 00:00:00+05:30,325,Hyderabad,5,Mahabubmansion,57,Tumeric,57,Common,0.0,20.0,12000.0,17000.0,15000.0,0.0,0.0
2025-01-20 00:00:00+05:30,246,Warangal,886,Warangal,15,Red Gram,15,Common,0.0,70.16,5269.0,7156.0,6322.0,0.0,0.0
2025-01-20 00:00:00+05:30,300,Badepally,1327,Badepally,22,Cowpea,22,Common,0.0,1.0,6683.0,6683.0,6683.0,0.0,0.0
2025-01-20 00:00:00+05:30,212,Choppadandi,1123,Choppadandi,15,Red Gram,229,Hybrid,0.0,41.0,6666.0,7152.0,7119.0,0.0,0.0
2025-01-20 00:00:00+05:30,278,Suryapet,1091,Suryapet,17,Black Gram,17,Common,0.0,2.0,7509.0,7509.0,7509.0,0.0,0.0
2025-01-20 00:00:00+05:30,256,Khammam,1067,Khammam,54,Chillies(Dry),250,Teja,0.0,11555.0,4700.0,15300.0,14000.0,0.0,0.0
2025-01-21 00:00:00+05:30,324,Bowenpally,3,Bowenpally,111,Brinjal,279,Round,0.0,600.0,500.0,2000.0,1600.0,0.0,0.0
2025-01-21 00:00:00+05:30,323,Gaddiannaram,1,Gaddiannaram,84,Sapota,84,Common,0.0,219.0,1400.0,3200.0,1700.0,0.0,0.0
2025-01-21 00:00:00+05:30,323,Gaddiannaram,2,L.B Nagar,116,French Beans,116,Common,0.0,23.0,3000.0,4000.0,3500.0,0.0,0.0
2025-01-20 00:00:00+05:30,367,Gudimalkapur,1571,Gudumalkapur,112,Ladys Finger,112,Common,0.0,344.0,800.0,2000.0,1300.0,0.0,0.0
2025-01-20 00:00:00+05:30,331,Vantimamidi,1612,Vantimamidi,112,Ladys Finger,112,Common,0.0,5.0,1900.0,2400.0,2150.0,0.0,0.0
2025-01-20 00:00:00+05:30,308,Nagarkurnool,1334,Nagarkurnool,30,Groundnut pods,30,Common,0.0,1179.6,4069.0,6639.0,5669.0,0.0,0.0
2025-01-20 00:00:00+05:30,309,Narayanpet,1342,Narayanpet,30,Groundnut pods,30,Common,0.0,1248.3,3339.0,5960.0,4820.0,0.0,0.0
2025-01-21 00:00:00+05:30,325,Hyderabad,6,Madannapeta,118,Field Beans,118,Common,0.0,2.0,3000.0,3000.0,3000.0,0.0,0.0
2025-01-21 00:00:00+05:30,246,Warangal,886,Warangal,15,Red Gram,15,Common,0.0,54.56,1155.0,6850.0,6022.0,0.0,0.0
2025-01-21 00:00:00+05:30,300,Badepally,1327,Badepally,22,Cowpea,22,Common,0.0,1.0,5069.0,5069.0,5069.0,0.0,0.0
2025-01-21 00:00:00+05:30,212,Choppadandi,1123,Choppadandi,15,Red Gram,229,Hybrid,0.0,10.0,7011.0,7211.0,7151.0,0.0,0.0
2025-01-21 00:00:00+05:30,256,Khammam,1067,Khammam,54,Chillies(Dry),250,Teja,0.0,9220.0,7000.0,15100.0,13800.0,0.0,0.0
2025-01-21 00:00:00+05:30,208,Nizamabad,1080,Nizamabad,15,Red Gram,15,Common,0.0,50.0,6436.0,6390.0,6436.0,0.0,0.0
2025-01-22 00:00:00+05:30,324,Bowenpally,3,Bowenpally,111,Brinjal,279,Round,0.0,250.0,1000.0,3000.0,2500.0,0.0,0.0
2025-01-22 00:00:00+05:30,323,Gaddiannaram,1,Gaddiannaram,84,Sapota,84,Common,0.0,273.0,1400.0,3200.0,1800.0,0.0,0.0
2025-01-22 00:00:00+05:30,323,Gaddiannaram,2,L.B Nagar,116,French Beans,116,Common,0.0,20.0,3000.0,3500.0,3200.0,0.0,0.0
2025-01-21 00:00:00+05:30,367,Gudimalkapur,1571,Gudumalkapur,112,Ladys Finger,112,Common,0.0,319.0,800.0,2500.0,1500.0,0.0,0.0
2025-01-21 00:00:00+05:30,331,Vantimamidi,1612,Vantimamidi,112,Ladys Finger,112,Common,0.0,6.0,2500.0,3000.0,2750.0,0.0,0.0
2025-01-21 00:00:00+05:30,309,Narayanpet,1342,Narayanpet,30,Groundnut pods,30,Common,0.0,987.6,3060.0,5859.0,5619.0,0.0,0.0
2025-01-21 00:00:00+05:30,308,Nagarkurnool,1334,Nagarkurnool,30,Groundnut pods,30,Common,0.0,873.3,4069.0,6539.0,8259.0,0.0,0.0
2025-01-21 00:00:00+05:30,310,Shadnagar,1330,Shadnagar,98,Cabbage,98,Common,0.0,15.0,1200.0,1800.0,1400.0,0.0,0.0
2025-01-22 00:00:00+05:30,325,Hyderabad,6,Madannapeta,118,Field Beans,118,Common,0.0,6.0,3000.0,3000.0,3000.0,0.0,0.0
2025-01-22 00:00:00+05:30,246,Warangal,886,Warangal,15,Red Gram,15,Common,0.0,41.86,2522.0,6382.0,6332.0,0.0,0.0
2025-01-22 00:00:00+05:30,256,Khammam,1067,Khammam,54,Chillies(Dry),250,Teja,0.0,10143.0,6000.0,15100.0,14000.0,0.0,0.0
2025-01-22 00:00:00+05:30,208,Nizamabad,1080,Nizamabad,15,Red Gram,15,Common,0.0,25.0,6151.0,6550.0,6420.0,0.0,0.0
2025-01-22 00:00:00+05:30,212,Choppadandi,1123,Choppadandi,15,Red Gram,229,Hybrid,0.0,26.0,7112.0,7112.0,7112.0,0.0,0.0
2025-01-22 00:00:00+05:30,310,Shadnagar,1330,Shadnagar,98,Cabbage,98,Common,0.0,20.0,1800.0,2600.0,2300.0,0.0,0.0
2025-01-23 00:00:00+05:30,323,Gaddiannaram,1,Gaddiannaram,84,Sapota,84,Common,0.0,283.0,1200.0,2600.0,1700.0,0.0,0.0
2025-01-23 00:00:00+05:30,323,Gaddiannaram,2,L.B Nagar,116,French Beans,116,Common,0.0,15.0,3000.0,3500.0,3200.0,0.0,0.0
2025-01-23 00:00:00+05:30,324,Bowenpally,3,Bowenpally,111,Brinjal,279,Round,0.0,400.0,700.0,2500.0,2000.0,0.0,0.0
2025-01-22 00:00:00+05:30,331,Vantimamidi,1612,Vantimamidi,112,Ladys Finger,112,Common,0.0,10.0,2000.0,3000.0,2500.0,0.0,0.0
2025-01-22 00:00:00+05:30,309,Narayanpet,1342,Narayanpet,30,Groundnut pods,30,Common,0.0,1096.2,2351.0,5929.0,5509.0,0.0,0.0
2025-01-22 00:00:00+05:30,308,Nagarkurnool,1334,Nagarkurnool,30,Groundnut pods,30,Common,0.0,907.9,4009.0,6559.0,5819.0,0.0,0.0
2025-01-22 00:00:00+05:30,367,Gudimalkapur,1571,Gudumalkapur,112,Ladys Finger,112,Common,0.0,353.0,1200.0,2500.0,1700.0,0.0,0.0
2025-01-23 00:00:00+05:30,246,Warangal,886,Warangal,15,Red Gram,15,Common,0.0,57.82,5352.0,6852.0,6482.0,0.0,0.0
2025-01-23 00:00:00+05:30,325,Hyderabad,6,Madannapeta,118,Field Beans,118,Common,0.0,10.0,3000.0,3000.0,3000.0,0.0,0.0
2025-01-23 00:00:00+05:30,212,Choppadandi,1123,Choppadandi,15,Red Gram,229,Hybrid,0.0,12.0,6559.0,7282.0,7282.0,0.0,0.0
2025-01-23 00:00:00+05:30,278,Suryapet,1091,Suryapet,17,Black Gram,17,Common,0.0,3.0,7323.0,7323.0,7323.0,0.0,0.0
2025-01-23 00:00:00+05:30,256,Khammam,1067,Khammam,54,Chillies(Dry),250,Teja,0.0,11075.0,6500.0,15000.0,14000.0,0.0,0.0
2025-01-23 00:00:00+05:30,208,Nizamabad,1080,Nizamabad,15,Red Gram,15,Common,0.0,20.0,6406.0,6556.0,6456.0,0.0,0.0
2025-01-23 00:00:00+05:30,310,Shadnagar,1330,Shadnagar,98,Cabbage,98,Common,0.0,25.0,1800.0,2500.0,2000.0,0.0,0.0
2025-01-23 00:00:00+05:30,331,Vantimamidi,1612,Vantimamidi,112,Ladys Finger,112,Common,0.0,16.0,2000.0,3500.0,2750.0,0.0,0.0
2025-01-23 00:00:00+05:30,367,Gudimalkapur,1571,Gudumalkapur,112,Ladys Finger,112,Common,0.0,284.0,2000.0,3500.0,2200.0,0.0,0.0
2025-01-24 00:00:00+05:30,324,Bowenpally,3,Bowenpally,111,Brinjal,279,Round,0.0,300.0,500.0,2000.0,1600.0,0.0,0.0
2025-01-24 00:00:00+05:30,323,Gaddiannaram,1,Gaddiannaram,84,Sapota,84,Common,0.0,360.0,1000.0,2400.0,1800.0,0.0,0.0
2025-01-24 00:00:00+05:30,323,Gaddiannaram,2,L.B Nagar,116,French Beans,116,Common,0.0,5.0,3000.0,4000.0,3500.0,0.0,0.0
2025-01-24 00:00:00+05:30,256,Khammam,1067,Khammam,54,Chillies(Dry),250,Teja,0.0,8534.0,6000.0,14800.0,14000.0,0.0,0.0
2025-01-24 00:00:00+05:30,278,Suryapet,1091,Suryapet,17,Black Gram,17,Common,0.0,15.0,6039.0,6039.0,6039.0,0.0,0.0
2025-01-24 00:00:00+05:30,219,Jagtial,1125,Jagtial,30,Groundnut pods,243,Wet,0.0,1.0,2700.0,2700.0,2700.0,0.0,0.0
2025-01-24 00:00:00+05:30,212,Choppadandi,1123,Choppadandi,15,Red Gram,229,Hybrid,0.0,35.0,7200.0,7301.0,7292.0,0.0,0.0
2025-01-24 00:00:00+05:30,208,Nizamabad,1080,Nizamabad,15,Red Gram,15,Common,0.0,26.0,6257.0,6502.0,6476.0,0.0,0.0
2025-01-24 00:00:00+05:30,325,Hyderabad,6,Madannapeta,118,Field Beans,118,Common,0.0,2.0,3000.0,3000.0,3000.0,0.0,0.0
2025-01-23 00:00:00+05:30,309,Narayanpet,1342,Narayanpet,30,Groundnut pods,30,Common,0.0,1025.1,3089.0,5940.0,5569.0,0.0,0.0
2025-01-24 00:00:00+05:30,246,Warangal,886,Warangal,15,Red Gram,15,Common,0.0,89.74,1359.0,6600.0,6402.0,0.0,0.0
2025-01-25 00:00:00+05:30,324,Bowenpally,3,Bowenpally,111,Brinjal,279,Round,0.0,550.0,400.0,2500.0,2000.0,0.0,0.0
2025-01-25 00:00:00+05:30,323,Gaddiannaram,1,Gaddiannaram,84,Sapota,84,Common,0.0,253.0,1000.0,2600.0,1600.0,0.0,0.0
2025-01-25 00:00:00+05:30,323,Gaddiannaram,2,L.B Nagar,116,French Beans,116,Common,0.0,12.0,3000.0,4000.0,3500.0,0.0,0.0
2025-01-24 00:00:00+05:30,331,Vantimamidi,1612,Vantimamidi,112,Ladys Finger,112,Common,0.0,13.0,1800.0,3000.0,2400.0,0.0,0.0
2025-01-24 00:00:00+05:30,309,Narayanpet,1342,Narayanpet,30,Groundnut pods,30,Common,0.0,1053.3,3000.0,5849.0,5489.0,0.0,0.0
2025-01-24 00:00:00+05:30,300,Badepally,1327,Badepally,22,Cowpea,22,Common,0.0,1.0,6039.0,6039.0,6039.0,0.0,0.0
2025-01-24 00:00:00+05:30,310,Shadnagar,1330,Shadnagar,98,Cabbage,98,Common,0.0,25.0,1000.0,1500.0,1200.0,0.0,0.0
2025-01-24 00:00:00+05:30,367,Gudimalkapur,1571,Gudumalkapur,112,Ladys Finger,112,Common,0.0,404.0,1200.0,3000.0,1800.0,0.0,0.0
2025-01-25 00:00:00+05:30,325,Hyderabad,6,Madannapeta,118,Field Beans,118,Common,0.0,15.0,2800.0,3000.0,2900.0,0.0,0.0
2025-01-25 00:00:00+05:30,212,Choppadandi,1123,Choppadandi,15,Red Gram,229,Hybrid,0.0,5.0,5555.0,6666.0,6666.0,0.0,0.0
2025-01-25 00:00:00+05:30,367,Gudimalkapur,1571,Gudumalkapur,112,Ladys Finger,112,Common,0.0,330.0,1200.0,2500.0,1500.0,0.0,0.0
2025-01-25 00:00:00+05:30,331,Vantimamidi,1612,Vantimamidi,112,Ladys Finger,112,Common,0.0,15.0,2000.0,2400.0,2200.0,0.0,0.0
2025-01-25 00:00:00+05:30,310,Shadnagar,1330,Shadnagar,98,Cabbage,98,Common,0.0,15.0,800.0,1400.0,1200.0,0.0,0.0
2025-01-26 00:00:00+05:30,323,Gaddiannaram,2,L.B Nagar,116,French Beans,116,Common,0.0,12.0,3000.0,4000.0,3500.0,0.0,0.0
2025-01-25 00:00:00+05:30,308,Nagarkurnool,1334,Nagarkurnool,30,Groundnut pods,30,Common,0.0,750.6,3801.0,6669.0,5209.0,0.0,0.0
2025-01-25 00:00:00+05:30,309,Narayanpet,1342,Narayanpet,30,Groundnut pods,30,Common,0.0,1248.9,3340.0,5906.0,4716.0,0.0,0.0
2025-01-26 00:00:00+05:30,324,Bowenpally,3,Bowenpally,111,Brinjal,279,Round,0.0,1400.0,1000.0,2500.0,2000.0,0.0,0.0
2025-01-26 00:00:00+05:30,325,Hyderabad,6,Madannapeta,118,Field Beans,118,Common,0.0,10.0,3000.0,3000.0,3000.0,0.0,0.0
2025-01-26 00:00:00+05:30,367,Gudimalkapur,1571,Gudumalkapur,112,Ladys Finger,112,Common,0.0,451.0,900.0,2500.0,1600.0,0.0,0.0
2025-01-27 00:00:00+05:30,323,Gaddiannaram,1,Gaddiannaram,84,Sapota,84,Common,0.0,430.0,1800.0,2600.0,1900.0,0.0,0.0
2025-01-26 00:00:00+05:30,331,Vantimamidi,1612,Vantimamidi,112,Ladys Finger,112,Common,0.0,10.0,2500.0,3000.0,2750.0,0.0,0.0
2025-01-27 00:00:00+05:30,323,Gaddiannaram,2,L.B Nagar,116,French Beans,116,Common,0.0,21.0,3000.0,4000.0,3500.0,0.0,0.0
2025-01-27 00:00:00+05:30,325,Hyderabad,6,Madannapeta,118,Field Beans,118,Common,0.0,12.0,2000.0,3000.0,2500.0,0.0,0.0
2025-01-26 00:00:00+05:30,310,Shadnagar,1330,Shadnagar,98,Cabbage,98,Common,0.0,12.0,500.0,800.0,600.0,0.0,0.0
2025-01-27 00:00:00+05:30,246,Warangal,886,Warangal,15,Red Gram,15,Common,0.0,87.55,5622.0,6512.0,6382.0,0.0,0.0
2025-01-27 00:00:00+05:30,256,Khammam,1067,Khammam,54,Chillies(Dry),250,Teja,0.0,15131.0,6000.0,12000.0,7000.0,0.0,0.0
2025-01-27 00:00:00+05:30,208,Nizamabad,1080,Nizamabad,15,Red Gram,15,Common,0.0,21.0,6376.0,7000.0,6509.0,0.0,0.0
2025-01-27 00:00:00+05:30,212,Choppadandi,1123,Choppadandi,15,Red Gram,229,Hybrid,0.0,12.0,7181.0,7266.0,7181.0,0.0,0.0
2025-01-27 00:00:00+05:30,308,Nagarkurnool,1334,Nagarkurnool,30,Groundnut pods,30,Common,0.0,1569.0,3801.0,6529.0,5994.0,0.0,0.0
2025-01-27 00:00:00+05:30,310,Shadnagar,1330,Shadnagar,98,Cabbage,98,Common,0.0,12.0,800.0,1200.0,1000.0,0.0,0.0
2025-01-28 00:00:00+05:30,323,Gaddiannaram,1,Gaddiannaram,84,Sapota,84,Common,0.0,288.0,1800.0,2600.0,2000.0,0.0,0.0
2025-01-27 00:00:00+05:30,309,Narayanpet,1342,Narayanpet,30,Groundnut pods,30,Common,0.0,1551.6,3020.0,5775.0,4839.0,0.0,0.0
2025-01-27 00:00:00+05:30,331,Vantimamidi,1612,Vantimamidi,112,Ladys Finger,112,Common,0.0,13.0,1000.0,1500.0,1250.0,0.0,0.0
2025-01-27 00:00:00+05:30,367,Gudimalkapur,1571,Gudumalkapur,112,Ladys Finger,112,Common,0.0,259.0,1200.0,2500.0,1600.0,0.0,0.0
2025-01-28 00:00:00+05:30,323,Gaddiannaram,2,L.B Nagar,116,French Beans,116,Common,0.0,21.0,3000.0,4000.0,3500.0,0.0,0.0
2025-01-28 00:00:00+05:30,324,Bowenpally,3,Bowenpally,111,Brinjal,279,Round,0.0,900.0,500.0,2500.0,2000.0,0.0,0.0
2025-01-28 00:00:00+05:30,325,Hyderabad,6,Madannapeta,118,Field Beans,118,Common,0.0,1.0,4000.0,4000.0,4000.0,0.0,0.0
2025-01-28 00:00:00+05:30,212,Choppadandi,1123,Choppadandi,15,Red Gram,229,Hybrid,0.0,13.0,7192.0,7192.0,7192.0,0.0,0.0
2025-01-28 00:00:00+05:30,208,Nizamabad,1080,Nizamabad,15,Red Gram,15,Common,0.0,13.0,6426.0,6486.0,6469.0,0.0,0.0
2025-01-28 00:00:00+05:30,256,Khammam,1067,Khammam,54,Chillies(Dry),250,Teja,0.0,11501.0,5900.0,14500.0,13000.0,0.0,0.0
2025-01-28 00:00:00+05:30,246,Warangal,886,Warangal,15,Red Gram,15,Common,0.0,107.03,5052.0,6521.0,5052.0,0.0,0.0
2025-01-29 00:00:00+05:30,323,Gaddiannaram,1,Gaddiannaram,84,Sapota,84,Common,0.0,397.0,1800.0,2600.0,2000.0,0.0,0.0
2025-01-29 00:00:00+05:30,331,Vantimamidi,1612,Vantimamidi,112,Ladys Finger,112,Common,0.0,15.0,1500.0,3000.0,2250.0,0.0,0.0
2025-01-28 00:00:00+05:30,367,Gudimalkapur,1571,Gudumalkapur,112,Ladys Finger,112,Common,0.0,425.0,800.0,2500.0,1500.0,0.0,0.0
2025-01-28 00:00:00+05:30,308,Nagarkurnool,1334,Nagarkurnool,30,Groundnut pods,30,Common,0.0,1181.4,4683.0,6359.0,5921.0,0.0,0.0
2025-01-28 00:00:00+05:30,309,Narayanpet,1342,Narayanpet,30,Groundnut pods,30,Common,0.0,1266.3,3006.0,5719.0,5068.0,0.0,0.0
2025-01-28 00:00:00+05:30,310,Shadnagar,1330,Shadnagar,98,Cabbage,98,Common,0.0,12.0,800.0,1500.0,1000.0,0.0,0.0
2025-01-30 00:00:00+05:30,323,Gaddiannaram,1,Gaddiannaram,84,Sapota,84,Common,0.0,369.0,1000.0,2800.0,1600.0,0.0,0.0
2025-01-30 00:00:00+05:30,323,Gaddiannaram,2,L.B Nagar,116,French Beans,116,Common,0.0,18.0,3000.0,4000.0,3500.0,0.0,0.0
2025-01-30 00:00:00+05:30,324,Bowenpally,3,Bowenpally,111,Brinjal,279,Round,0.0,1100.0,700.0,2500.0,2000.0,0.0,0.0
2025-01-30 00:00:00+05:30,325,Hyderabad,6,Madannapeta,118,Field Beans,118,Common,0.0,6.0,2500.0,3000.0,2750.0,0.0,0.0
2025-01-29 00:00:00+05:30,310,Shadnagar,1330,Shadnagar,98,Cabbage,98,Common,0.0,15.0,800.0,1200.0,1000.0,0.0,0.0
2025-01-30 00:00:00+05:30,367,Gudimalkapur,1571,Gudumalkapur,112,Ladys Finger,112,Common,0.0,515.0,800.0,2000.0,1200.0,0.0,0.0
2025-01-30 00:00:00+05:30,256,Khammam,1067,Khammam,54,Chillies(Dry),250,Teja,0.0,17697.0,5800.0,14000.0,13000.0,0.0,0.0
2025-01-30 00:00:00+05:30,278,Suryapet,1091,Suryapet,17,Black Gram,17,Common,0.0,1.0,7089.0,7089.0,7089.0,0.0,0.0
2025-01-31 00:00:00+05:30,323,Gaddiannaram,1,Gaddiannaram,84,Sapota,84,Common,0.0,417.0,1200.0,2600.0,1800.0,0.0,0.0
2025-01-31 00:00:00+05:30,323,Gaddiannaram,2,L.B Nagar,116,French Beans,116,Common,0.0,19.0,3000.0,3500.0,3200.0,0.0,0.0
2025-01-30 00:00:00+05:30,331,Vantimamidi,1612,Vantimamidi,112,Ladys Finger,112,Common,0.0,12.0,1500.0,2800.0,2150.0,0.0,0.0
2025-01-30 00:00:00+05:30,308,Nagarkurnool,1334,Nagarkurnool,30,Groundnut pods,30,Common,0.0,1494.3,4083.0,6419.0,5475.0,0.0,0.0
2025-01-30 00:00:00+05:30,310,Shadnagar,1330,Shadnagar,98,Cabbage,98,Common,0.0,12.0,1000.0,1800.0,1500.0,0.0,0.0
2025-01-31 00:00:00+05:30,325,Hyderabad,6,Madannapeta,118,Field Beans,118,Common,0.0,1.0,4000.0,4000.0,4000.0,0.0,0.0
2025-01-30 00:00:00+05:30,309,Narayanpet,1342,Narayanpet,30,Groundnut pods,30,Common,0.0,1614.9,2501.0,6000.0,5169.0,0.0,0.0
2025-01-31 00:00:00+05:30,324,Bowenpally,3,Bowenpally,111,Brinjal,279,Round,0.0,600.0,700.0,2500.0,2000.0,0.0,0.0
2025-01-31 00:00:00+05:30,278,Suryapet,1091,Suryapet,17,Black Gram,17,Common,0.0,1.0,7519.0,7519.0,7519.0,0.0,0.0
2025-01-31 00:00:00+05:30,212,Choppadandi,1123,Choppadandi,15,Red Gram,229,Hybrid,0.0,26.0,6264.0,7272.0,7171.0,0.0,0.0
2025-01-31 00:00:00+05:30,256,Khammam,1067,Khammam,54,Chillies(Dry),250,Teja,0.0,11234.0,6000.0,14000.0,13300.0,0.0,0.0
2025-01-31 00:00:00+05:30,331,Vantimamidi,1612,Vantimamidi,112,Ladys Finger,112,Common,0.0,20.0,1800.0,2500.0,2150.0,0.0,0.0
2025-01-31 00:00:00+05:30,367,Gudimalkapur,1571,Gudumalkapur,112,Ladys Finger,112,Common,0.0,302.0,600.0,2500.0,1400.0,0.0,0.0
2025-01-31 00:00:00+05:30,309,Narayanpet,1342,Narayanpet,30,Groundnut pods,30,Common,0.0,1418.4,3820.0,5736.0,5130.0,0.0,0.0
2025-01-25 00:00:00+05:30,325,Hyderabad,6,Madannapeta,122,Bottle Gourd,122,Common,0.0,50.0,200.0,400.0,300.0,0.0,0.0
2025-01-24 00:00:00+05:30,367,Gudimalkapur,1571,Gudumalkapur,113,Green Chillies,113,Common,0.0,468.0,2400.0,3500.0,2600.0,0.0,0.0
2025-01-24 00:00:00+05:30,310,Shadnagar,1330,Shadnagar,103,Carrot,103,Common,0.0,12.0,2200.0,2800.0,2500.0,0.0,0.0
2025-01-24 00:00:00+05:30,331,Vantimamidi,1612,Vantimamidi,113,Green Chillies,113,Common,0.0,12.0,2000.0,3000.0,2500.0,0.0,0.0
2025-01-25 00:00:00+05:30,323,Gaddiannaram,2,L.B Nagar,117,Cluster Beans,117,Common,0.0,35.0,2000.0,2500.0,2200.0,0.0,0.0
2025-01-25 00:00:00+05:30,323,Gaddiannaram,1,Gaddiannaram,85,Musk Melon,85,Common,0.0,317.0,800.0,2000.0,1000.0,0.0,0.0
2025-01-25 00:00:00+05:30,324,Bowenpally,3,Bowenpally,112,Ladys Finger,112,Common,0.0,568.0,800.0,2000.0,1600.0,0.0,0.0
2025-01-24 00:00:00+05:30,246,Warangal,886,Warangal,16,Green Gram,16,Common,0.0,6.37,2389.0,7701.0,2389.0,0.0,0.0
2025-01-24 00:00:00+05:30,325,Hyderabad,6,Madannapeta,122,Bottle Gourd,122,Common,0.0,30.0,400.0,600.0,500.0,0.0,0.0
2025-01-24 00:00:00+05:30,208,Nizamabad,1080,Nizamabad,16,Green Gram,16,Common,0.0,1.0,6020.0,6020.0,6020.0,0.0,0.0
2025-01-24 00:00:00+05:30,219,Jagtial,1125,Jagtial,32,Gingelly,223,White,0.0,1.0,10500.0,10500.0,10500.0,0.0,0.0
2025-01-24 00:00:00+05:30,290,Siddipet,1193,Siddipet,15,Red Gram,15,Common,0.0,21.4,6456.0,6615.0,6525.0,0.0,0.0
2025-01-24 00:00:00+05:30,325,Hyderabad,7,Meeralamandi,122,Bottle Gourd,122,Common,0.0,6.0,400.0,600.0,500.0,0.0,0.0
2025-01-24 00:00:00+05:30,323,Gaddiannaram,2,L.B Nagar,117,Cluster Beans,117,Common,0.0,30.0,2000.0,2500.0,2200.0,0.0,0.0
2025-01-24 00:00:00+05:30,323,Gaddiannaram,1,Gaddiannaram,85,Musk Melon,85,Common,0.0,505.0,800.0,2000.0,1000.0,0.0,0.0
2025-01-24 00:00:00+05:30,324,Bowenpally,3,Bowenpally,112,Ladys Finger,112,Common,0.0,403.0,1000.0,2200.0,1800.0,0.0,0.0
2025-01-23 00:00:00+05:30,367,Gudimalkapur,1571,Gudumalkapur,113,Green Chillies,113,Common,0.0,502.0,2200.0,4200.0,2500.0,0.0,0.0
2025-01-23 00:00:00+05:30,331,Vantimamidi,1612,Vantimamidi,113,Green Chillies,113,Common,0.0,17.0,2000.0,3000.0,2500.0,0.0,0.0
2025-01-23 00:00:00+05:30,310,Shadnagar,1330,Shadnagar,103,Carrot,103,Common,0.0,12.0,1800.0,2300.0,2000.0,0.0,0.0
2025-01-23 00:00:00+05:30,319,Shankerpally,40,Shankerpally,113,Green Chillies,113,Common,0.0,2.1,4500.0,5000.0,4750.0,0.0,0.0
2025-01-23 00:00:00+05:30,290,Siddipet,1193,Siddipet,15,Red Gram,15,Common,0.0,81.49,6451.0,6623.0,6525.0,0.0,0.0
2025-01-23 00:00:00+05:30,325,Hyderabad,6,Madannapeta,122,Bottle Gourd,122,Common,0.0,10.0,600.0,600.0,600.0,0.0,0.0
2025-01-23 00:00:00+05:30,325,Hyderabad,7,Meeralamandi,122,Bottle Gourd,122,Common,0.0,4.0,500.0,500.0,500.0,0.0,0.0
2025-01-23 00:00:00+05:30,246,Warangal,886,Warangal,16,Green Gram,16,Common,0.0,1.7,6259.0,6822.0,6259.0,0.0,0.0
2025-01-22 00:00:00+05:30,367,Gudimalkapur,1571,Gudumalkapur,113,Green Chillies,113,Common,0.0,596.0,2400.0,4200.0,2500.0,0.0,0.0
2025-01-22 00:00:00+05:30,300,Badepally,1327,Badepally,25,Cotton,25,Common,0.0,45.0,5109.0,6609.0,6609.0,0.0,0.0
2025-01-22 00:00:00+05:30,331,Vantimamidi,1612,Vantimamidi,113,Green Chillies,113,Common,0.0,14.0,2000.0,3000.0,2500.0,0.0,0.0
2025-01-23 00:00:00+05:30,324,Bowenpally,3,Bowenpally,112,Ladys Finger,112,Common,0.0,332.0,1000.0,2000.0,1800.0,0.0,0.0
2025-01-23 00:00:00+05:30,323,Gaddiannaram,2,L.B Nagar,117,Cluster Beans,117,Common,0.0,30.0,2000.0,2500.0,2200.0,0.0,0.0
2025-01-23 00:00:00+05:30,323,Gaddiannaram,1,Gaddiannaram,85,Musk Melon,85,Common,0.0,385.0,800.0,2000.0,1000.0,0.0,0.0
2025-01-22 00:00:00+05:30,310,Shadnagar,1330,Shadnagar,103,Carrot,103,Common,0.0,10.0,1200.0,1800.0,1500.0,0.0,0.0
2025-01-22 00:00:00+05:30,290,Siddipet,1193,Siddipet,15,Red Gram,15,Common,0.0,34.02,6455.0,6601.0,6555.0,0.0,0.0
2025-01-22 00:00:00+05:30,246,Warangal,886,Warangal,16,Green Gram,16,Common,0.0,0.45,2852.0,2852.0,2852.0,0.0,0.0
2025-01-22 00:00:00+05:30,325,Hyderabad,6,Madannapeta,122,Bottle Gourd,122,Common,0.0,15.0,400.0,400.0,400.0,0.0,0.0
2025-01-22 00:00:00+05:30,325,Hyderabad,7,Meeralamandi,122,Bottle Gourd,122,Common,0.0,5.0,300.0,400.0,350.0,0.0,0.0
2025-01-21 00:00:00+05:30,310,Shadnagar,1330,Shadnagar,103,Carrot,103,Common,0.0,10.0,2500.0,3200.0,3000.0,0.0,0.0
2025-01-21 00:00:00+05:30,331,Vantimamidi,1612,Vantimamidi,113,Green Chillies,113,Common,0.0,14.0,1800.0,2500.0,2150.0,0.0,0.0
2025-01-21 00:00:00+05:30,367,Gudimalkapur,1571,Gudumalkapur,113,Green Chillies,113,Common,0.0,546.0,2000.0,4000.0,2500.0,0.0,0.0
2025-01-22 00:00:00+05:30,323,Gaddiannaram,2,L.B Nagar,117,Cluster Beans,117,Common,0.0,33.0,2000.0,3000.0,2500.0,0.0,0.0
2025-01-22 00:00:00+05:30,323,Gaddiannaram,1,Gaddiannaram,85,Musk Melon,85,Common,0.0,355.0,800.0,2000.0,1000.0,0.0,0.0
2025-01-22 00:00:00+05:30,324,Bowenpally,3,Bowenpally,112,Ladys Finger,112,Common,0.0,371.0,1500.0,4000.0,3200.0,0.0,0.0
2025-01-21 00:00:00+05:30,290,Siddipet,1193,Siddipet,15,Red Gram,15,Common,0.0,47.8,6351.0,6571.0,6466.0,0.0,0.0
2025-01-21 00:00:00+05:30,246,Warangal,886,Warangal,16,Green Gram,16,Common,0.0,8.99,6722.0,7069.0,7059.0,0.0,0.0
2025-01-21 00:00:00+05:30,325,Hyderabad,6,Madannapeta,122,Bottle Gourd,122,Common,0.0,45.0,200.0,300.0,250.0,0.0,0.0
2025-01-21 00:00:00+05:30,325,Hyderabad,7,Meeralamandi,122,Bottle Gourd,122,Common,0.0,7.0,500.0,600.0,550.0,0.0,0.0
2025-01-20 00:00:00+05:30,308,Nagarkurnool,1334,Nagarkurnool,31,Castor,31,Common,0.0,1.08,5111.0,5574.0,5111.0,0.0,0.0
2025-01-20 00:00:00+05:30,331,Vantimamidi,1612,Vantimamidi,113,Green Chillies,113,Common,0.0,13.0,1800.0,2200.0,2000.0,0.0,0.0
2025-01-20 00:00:00+05:30,367,Gudimalkapur,1571,Gudumalkapur,113,Green Chillies,113,Common,0.0,394.0,2500.0,4200.0,2800.0,0.0,0.0
2025-01-21 00:00:00+05:30,323,Gaddiannaram,2,L.B Nagar,117,Cluster Beans,117,Common,0.0,40.0,2000.0,3000.0,2500.0,0.0,0.0
2025-01-21 00:00:00+05:30,323,Gaddiannaram,1,Gaddiannaram,85,Musk Melon,85,Common,0.0,312.0,800.0,2000.0,1000.0,0.0,0.0
2025-01-21 00:00:00+05:30,324,Bowenpally,3,Bowenpally,112,Ladys Finger,112,Common,0.0,428.0,500.0,2000.0,1600.0,0.0,0.0
2025-01-20 00:00:00+05:30,290,Siddipet,1193,Siddipet,15,Red Gram,15,Common,0.0,25.1,6100.0,6566.0,6455.0,0.0,0.0
2025-01-20 00:00:00+05:30,246,Warangal,886,Warangal,16,Green Gram,16,Common,0.0,5.58,3212.0,6352.0,4912.0,0.0,0.0
2025-01-20 00:00:00+05:30,325,Hyderabad,7,Meeralamandi,122,Bottle Gourd,122,Common,0.0,6.0,600.0,600.0,600.0,0.0,0.0
2025-01-20 00:00:00+05:30,325,Hyderabad,6,Madannapeta,122,Bottle Gourd,122,Common,0.0,35.0,400.0,600.0,500.0,0.0,0.0
2025-01-20 00:00:00+05:30,323,Gaddiannaram,2,L.B Nagar,117,Cluster Beans,117,Common,0.0,42.0,2000.0,2500.0,2200.0,0.0,0.0
2025-01-20 00:00:00+05:30,323,Gaddiannaram,1,Gaddiannaram,85,Musk Melon,85,Common,0.0,485.0,800.0,2000.0,1000.0,0.0,0.0
2025-01-20 00:00:00+05:30,324,Bowenpally,3,Bowenpally,112,Ladys Finger,112,Common,0.0,452.0,800.0,1500.0,1300.0,0.0,0.0
2025-01-19 00:00:00+05:30,367,Gudimalkapur,1571,Gudumalkapur,113,Green Chillies,113,Common,0.0,628.0,2400.0,4200.0,2800.0,0.0,0.0
2025-01-19 00:00:00+05:30,331,Vantimamidi,1612,Vantimamidi,113,Green Chillies,113,Common,0.0,24.0,1500.0,2200.0,1850.0,0.0,0.0
2025-01-19 00:00:00+05:30,323,Gaddiannaram,2,L.B Nagar,117,Cluster Beans,117,Common,0.0,38.0,2000.0,3000.0,2500.0,0.0,0.0
2025-01-19 00:00:00+05:30,325,Hyderabad,6,Madannapeta,122,Bottle Gourd,122,Common,0.0,35.0,200.0,400.0,300.0,0.0,0.0
2025-01-19 00:00:00+05:30,325,Hyderabad,7,Meeralamandi,122,Bottle Gourd,122,Common,0.0,9.0,500.0,600.0,550.0,0.0,0.0
2025-01-19 00:00:00+05:30,324,Bowenpally,3,Bowenpally,112,Ladys Finger,112,Common,0.0,572.0,1000.0,1500.0,1400.0,0.0,0.0
2025-01-19 00:00:00+05:30,323,Gaddiannaram,1,Gaddiannaram,85,Musk Melon,85,Common,0.0,285.0,800.0,2000.0,1000.0,0.0,0.0
2025-01-18 00:00:00+05:30,331,Vantimamidi,1612,Vantimamidi,113,Green Chillies,113,Common,0.0,30.0,1900.0,2500.0,2200.0,0.0,0.0
2025-01-18 00:00:00+05:30,367,Gudimalkapur,1571,Gudumalkapur,113,Green Chillies,113,Common,0.0,608.0,2500.0,4500.0,3000.0,0.0,0.0
2025-01-18 00:00:00+05:30,310,Shadnagar,1330,Shadnagar,103,Carrot,103,Common,0.0,12.0,1800.0,2500.0,2000.0,0.0,0.0
2025-01-18 00:00:00+05:30,300,Badepally,1327,Badepally,25,Cotton,25,Common,0.0,113.0,5500.0,7009.0,7000.0,0.0,0.0
2025-01-18 00:00:00+05:30,290,Siddipet,1193,Siddipet,15,Red Gram,15,Common,0.0,10.76,6019.0,6455.0,6222.0,0.0,0.0
2025-01-18 00:00:00+05:30,325,Hyderabad,6,Madannapeta,122,Bottle Gourd,122,Common,0.0,40.0,400.0,600.0,500.0,0.0,0.0
2025-01-18 00:00:00+05:30,325,Hyderabad,7,Meeralamandi,122,Bottle Gourd,122,Common,0.0,4.0,300.0,300.0,30.0,0.0,0.0
2025-01-18 00:00:00+05:30,323,Gaddiannaram,2,L.B Nagar,117,Cluster Beans,117,Common,0.0,44.0,2000.0,3000.0,2500.0,0.0,0.0
2025-01-18 00:00:00+05:30,324,Bowenpally,3,Bowenpally,112,Ladys Finger,112,Common,0.0,671.0,800.0,1500.0,1200.0,0.0,0.0
2025-01-17 00:00:00+05:30,310,Shadnagar,1330,Shadnagar,103,Carrot,103,Common,0.0,12.0,1500.0,2000.0,1800.0,0.0,0.0
2025-01-17 00:00:00+05:30,331,Vantimamidi,1612,Vantimamidi,113,Green Chillies,113,Common,0.0,22.0,1800.0,2300.0,2050.0,0.0,0.0
2025-01-17 00:00:00+05:30,290,Siddipet,1193,Siddipet,15,Red Gram,15,Common,0.0,48.43,6111.0,6623.0,6333.0,0.0,0.0
2025-01-17 00:00:00+05:30,246,Warangal,886,Warangal,16,Green Gram,16,Common,0.0,2.07,7073.0,7153.0,7073.0,0.0,0.0
2025-01-17 00:00:00+05:30,325,Hyderabad,7,Meeralamandi,122,Bottle Gourd,122,Common,0.0,7.0,400.0,600.0,500.0,0.0,0.0
2025-01-17 00:00:00+05:30,317,Pargi,39,Pargi,30,Groundnut pods,30,Common,0.0,1125.0,5411.0,6263.0,6163.0,0.0,0.0
2025-01-17 00:00:00+05:30,324,Bowenpally,3,Bowenpally,112,Ladys Finger,112,Common,0.0,645.0,600.0,1700.0,1300.0,0.0,0.0
2025-01-17 00:00:00+05:30,323,Gaddiannaram,2,L.B Nagar,117,Cluster Beans,117,Common,0.0,18.0,2500.0,3500.0,3000.0,0.0,0.0
2025-01-17 00:00:00+05:30,325,Hyderabad,6,Madannapeta,122,Bottle Gourd,122,Common,0.0,40.0,200.0,300.0,250.0,0.0,0.0
2025-01-16 00:00:00+05:30,331,Vantimamidi,1612,Vantimamidi,113,Green Chillies,113,Common,0.0,15.0,1600.0,2300.0,1950.0,0.0,0.0
2025-01-17 00:00:00+05:30,323,Gaddiannaram,1,Gaddiannaram,85,Musk Melon,85,Common,0.0,546.0,800.0,2000.0,1000.0,0.0,0.0
2025-01-16 00:00:00+05:30,367,Gudimalkapur,1571,Gudumalkapur,113,Green Chillies,113,Common,0.0,383.0,2500.0,5000.0,2500.0,0.0,0.0
2025-01-16 00:00:00+05:30,290,Siddipet,1193,Siddipet,15,Red Gram,15,Common,0.0,56.74,6333.0,6712.0,6551.0,0.0,0.0
2025-01-16 00:00:00+05:30,325,Hyderabad,7,Meeralamandi,122,Bottle Gourd,122,Common,0.0,5.0,400.0,600.0,500.0,0.0,0.0
2025-01-15 00:00:00+05:30,290,Siddipet,1193,Siddipet,15,Red Gram,15,Common,0.0,9.1,6266.0,6851.0,6721.0,0.0,0.0
2025-01-16 00:00:00+05:30,324,Bowenpally,3,Bowenpally,112,Ladys Finger,112,Common,0.0,874.0,500.0,1000.0,900.0,0.0,0.0
2025-01-16 00:00:00+05:30,323,Gaddiannaram,2,L.B Nagar,117,Cluster Beans,117,Common,0.0,22.0,2500.0,3500.0,3000.0,0.0,0.0
2025-01-16 00:00:00+05:30,325,Hyderabad,6,Madannapeta,122,Bottle Gourd,122,Common,0.0,70.0,400.0,600.0,500.0,0.0,0.0
2025-01-15 00:00:00+05:30,323,Gaddiannaram,2,L.B Nagar,117,Cluster Beans,117,Common,0.0,15.0,2500.0,3500.0,3000.0,0.0,0.0
2025-01-15 00:00:00+05:30,323,Gaddiannaram,1,Gaddiannaram,85,Musk Melon,85,Common,0.0,190.0,500.0,1800.0,600.0,0.0,0.0
2025-01-15 00:00:00+05:30,324,Bowenpally,3,Bowenpally,112,Ladys Finger,112,Common,0.0,368.0,500.0,1500.0,1200.0,0.0,0.0
2025-01-15 00:00:00+05:30,331,Vantimamidi,1612,Vantimamidi,113,Green Chillies,113,Common,0.0,11.0,1500.0,2200.0,1850.0,0.0,0.0
2025-01-16 00:00:00+05:30,323,Gaddiannaram,1,Gaddiannaram,85,Musk Melon,85,Common,0.0,325.0,500.0,1800.0,600.0,0.0,0.0
2025-01-15 00:00:00+05:30,367,Gudimalkapur,1571,Gudumalkapur,113,Green Chillies,113,Common,0.0,451.0,2500.0,4000.0,3200.0,0.0,0.0
2025-01-14 00:00:00+05:30,331,Vantimamidi,1612,Vantimamidi,113,Green Chillies,113,Common,0.0,3.0,2500.0,2500.0,2500.0,0.0,0.0
2025-01-14 00:00:00+05:30,367,Gudimalkapur,1571,Gudumalkapur,113,Green Chillies,113,Common,0.0,474.0,2500.0,5300.0,3000.0,0.0,0.0
2025-01-14 00:00:00+05:30,310,Shadnagar,1330,Shadnagar,103,Carrot,103,Common,0.0,10.0,800.0,1500.0,1000.0,0.0,0.0
2025-01-14 00:00:00+05:30,323,Gaddiannaram,1,Gaddiannaram,85,Musk Melon,85,Common,0.0,235.0,500.0,1800.0,600.0,0.0,0.0
2025-01-14 00:00:00+05:30,325,Hyderabad,6,Madannapeta,122,Bottle Gourd,122,Common,0.0,25.0,200.0,400.0,300.0,0.0,0.0
2025-01-14 00:00:00+05:30,324,Bowenpally,3,Bowenpally,112,Ladys Finger,112,Common,0.0,496.0,600.0,1700.0,1300.0,0.0,0.0
2025-01-13 00:00:00+05:30,331,Vantimamidi,1612,Vantimamidi,113,Green Chillies,113,Common,0.0,6.0,1500.0,2000.0,1750.0,0.0,0.0
2025-01-14 00:00:00+05:30,323,Gaddiannaram,2,L.B Nagar,117,Cluster Beans,117,Common,0.0,19.0,2000.0,3000.0,2500.0,0.0,0.0
2025-01-13 00:00:00+05:30,367,Gudimalkapur,1571,Gudumalkapur,113,Green Chillies,113,Common,0.0,483.0,2400.0,3500.0,2800.0,0.0,0.0
2025-01-13 00:00:00+05:30,310,Shadnagar,1330,Shadnagar,103,Carrot,103,Common,0.0,10.0,1800.0,2500.0,2000.0,0.0,0.0
2025-01-13 00:00:00+05:30,325,Hyderabad,7,Meeralamandi,122,Bottle Gourd,122,Common,0.0,5.0,300.0,500.0,400.0,0.0,0.0
2025-01-13 00:00:00+05:30,325,Hyderabad,6,Madannapeta,122,Bottle Gourd,122,Common,0.0,45.0,400.0,600.0,500.0,0.0,0.0
2025-01-13 00:00:00+05:30,324,Bowenpally,3,Bowenpally,112,Ladys Finger,112,Common,0.0,538.0,800.0,3000.0,2500.0,0.0,0.0
2025-01-12 00:00:00+05:30,367,Gudimalkapur,1571,Gudumalkapur,113,Green Chillies,113,Common,0.0,570.0,2000.0,4000.0,2500.0,0.0,0.0
2025-01-12 00:00:00+05:30,325,Hyderabad,7,Meeralamandi,122,Bottle Gourd,122,Common,0.0,6.0,500.0,500.0,500.0,0.0,0.0
2025-01-12 00:00:00+05:30,310,Shadnagar,1330,Shadnagar,103,Carrot,103,Common,0.0,5.0,1200.0,1800.0,1500.0,0.0,0.0
2025-01-12 00:00:00+05:30,331,Vantimamidi,1612,Vantimamidi,113,Green Chillies,113,Common,0.0,17.0,1500.0,2400.0,1950.0,0.0,0.0
2025-01-13 00:00:00+05:30,323,Gaddiannaram,2,L.B Nagar,117,Cluster Beans,117,Common,0.0,32.0,3000.0,3500.0,3200.0,0.0,0.0
2025-01-13 00:00:00+05:30,323,Gaddiannaram,1,Gaddiannaram,85,Musk Melon,85,Common,0.0,135.0,500.0,1800.0,600.0,0.0,0.0
2025-01-11 00:00:00+05:30,367,Gudimalkapur,1571,Gudumalkapur,113,Green Chillies,113,Common,0.0,435.0,2300.0,3000.0,2500.0,0.0,0.0
2025-01-11 00:00:00+05:30,331,Vantimamidi,1612,Vantimamidi,113,Green Chillies,113,Common,0.0,6.0,2000.0,2500.0,2250.0,0.0,0.0
2025-01-11 00:00:00+05:30,310,Shadnagar,1330,Shadnagar,103,Carrot,103,Common,0.0,15.0,1200.0,1800.0,1500.0,0.0,0.0
2025-01-12 00:00:00+05:30,323,Gaddiannaram,1,Gaddiannaram,85,Musk Melon,85,Common,0.0,145.0,500.0,1800.0,600.0,0.0,0.0
2025-01-12 00:00:00+05:30,325,Hyderabad,6,Madannapeta,122,Bottle Gourd,122,Common,0.0,60.0,400.0,600.0,500.0,0.0,0.0
2025-01-12 00:00:00+05:30,324,Bowenpally,3,Bowenpally,112,Ladys Finger,112,Common,0.0,584.0,1500.0,3500.0,2800.0,0.0,0.0
2025-01-11 00:00:00+05:30,290,Siddipet,1193,Siddipet,15,Red Gram,15,Common,0.0,14.76,6633.0,6821.0,66711.0,0.0,0.0
2025-01-11 00:00:00+05:30,325,Hyderabad,6,Madannapeta,122,Bottle Gourd,122,Common,0.0,35.0,400.0,600.0,500.0,0.0,0.0
2025-01-11 00:00:00+05:30,325,Hyderabad,7,Meeralamandi,122,Bottle Gourd,122,Common,0.0,5.0,300.0,500.0,400.0,0.0,0.0
2025-01-11 00:00:00+05:30,323,Gaddiannaram,2,L.B Nagar,117,Cluster Beans,117,Common,0.0,20.0,3000.0,3500.0,3200.0,0.0,0.0
2025-01-11 00:00:00+05:30,324,Bowenpally,3,Bowenpally,112,Ladys Finger,112,Common,0.0,362.0,1500.0,3500.0,3000.0,0.0,0.0
2025-01-10 00:00:00+05:30,310,Shadnagar,1330,Shadnagar,103,Carrot,103,Common,0.0,12.0,2500.0,3000.0,2800.0,0.0,0.0
2025-01-10 00:00:00+05:30,367,Gudimalkapur,1571,Gudumalkapur,113,Green Chillies,113,Common,0.0,589.0,1800.0,3200.0,2500.0,0.0,0.0
2025-01-10 00:00:00+05:30,331,Vantimamidi,1612,Vantimamidi,113,Green Chillies,113,Common,0.0,20.0,1900.0,2400.0,2150.0,0.0,0.0
2025-01-11 00:00:00+05:30,323,Gaddiannaram,1,Gaddiannaram,85,Musk Melon,85,Common,0.0,60.0,500.0,1800.0,600.0,0.0,0.0
2025-01-10 00:00:00+05:30,317,Pargi,39,Pargi,30,Groundnut pods,30,Common,0.0,45.0,5021.0,6351.0,6319.0,0.0,0.0
2025-01-10 00:00:00+05:30,290,Siddipet,1193,Siddipet,15,Red Gram,15,Common,0.0,22.5,6669.0,6874.0,6735.0,0.0,0.0
2025-01-10 00:00:00+05:30,325,Hyderabad,6,Madannapeta,122,Bottle Gourd,122,Common,0.0,60.0,400.0,600.0,500.0,0.0,0.0
2025-01-10 00:00:00+05:30,325,Hyderabad,7,Meeralamandi,122,Bottle Gourd,122,Common,0.0,5.0,300.0,400.0,350.0,0.0,0.0
2025-01-10 00:00:00+05:30,324,Bowenpally,3,Bowenpally,112,Ladys Finger,112,Common,0.0,364.0,1500.0,3500.0,2800.0,0.0,0.0
2025-01-10 00:00:00+05:30,323,Gaddiannaram,2,L.B Nagar,117,Cluster Beans,117,Common,0.0,32.0,3000.0,3500.0,3200.0,0.0,0.0
2025-01-10 00:00:00+05:30,323,Gaddiannaram,1,Gaddiannaram,85,Musk Melon,85,Common,0.0,396.0,500.0,1800.0,600.0,0.0,0.0
2025-01-09 00:00:00+05:30,310,Shadnagar,1330,Shadnagar,103,Carrot,103,Common,0.0,10.0,1200.0,1800.0,1500.0,0.0,0.0
2025-01-09 00:00:00+05:30,331,Vantimamidi,1612,Vantimamidi,113,Green Chillies,113,Common,0.0,14.0,2000.0,2500.0,2250.0,0.0,0.0
2025-01-09 00:00:00+05:30,367,Gudimalkapur,1571,Gudumalkapur,113,Green Chillies,113,Common,0.0,491.0,2000.0,3000.0,2500.0,0.0,0.0
2025-01-09 00:00:00+05:30,319,Shankerpally,40,Shankerpally,113,Green Chillies,113,Common,0.0,2.7,4000.0,4500.0,4250.0,0.0,0.0
2025-01-09 00:00:00+05:30,325,Hyderabad,7,Meeralamandi,122,Bottle Gourd,122,Common,0.0,9.0,200.0,400.0,300.0,0.0,0.0
2025-01-09 00:00:00+05:30,278,Suryapet,1091,Suryapet,18,Horse Gram,18,Common,0.0,1.0,4526.0,4526.0,4526.0,0.0,0.0
2025-01-09 00:00:00+05:30,290,Siddipet,1193,Siddipet,15,Red Gram,15,Common,0.0,12.05,6831.0,6867.0,6855.0,0.0,0.0
2025-01-09 00:00:00+05:30,246,Warangal,886,Warangal,16,Green Gram,16,Common,0.0,4.12,7033.0,7033.0,7033.0,0.0,0.0
2025-01-09 00:00:00+05:30,325,Hyderabad,6,Madannapeta,122,Bottle Gourd,122,Common,0.0,35.0,400.0,400.0,400.0,0.0,0.0
2025-01-09 00:00:00+05:30,323,Gaddiannaram,2,L.B Nagar,117,Cluster Beans,117,Common,0.0,30.0,3000.0,3500.0,3200.0,0.0,0.0
2025-01-09 00:00:00+05:30,323,Gaddiannaram,1,Gaddiannaram,85,Musk Melon,85,Common,0.0,600.0,500.0,1800.0,600.0,0.0,0.0
2025-01-09 00:00:00+05:30,324,Bowenpally,3,Bowenpally,112,Ladys Finger,112,Common,0.0,459.0,2500.0,3000.0,1000.0,0.0,0.0
2025-01-08 00:00:00+05:30,367,Gudimalkapur,1571,Gudumalkapur,113,Green Chillies,113,Common,0.0,624.0,2200.0,3500.0,2600.0,0.0,0.0
2025-01-08 00:00:00+05:30,331,Vantimamidi,1612,Vantimamidi,113,Green Chillies,113,Common,0.0,17.0,2100.0,2600.0,2350.0,0.0,0.0
2025-01-08 00:00:00+05:30,300,Badepally,1327,Badepally,25,Cotton,25,Common,0.0,214.0,5000.0,6809.0,6780.0,0.0,0.0
2025-01-08 00:00:00+05:30,290,Siddipet,1193,Siddipet,15,Red Gram,15,Common,0.0,16.16,6351.0,6877.0,6666.0,0.0,0.0
2025-01-08 00:00:00+05:30,246,Warangal,886,Warangal,16,Green Gram,16,Common,0.0,0.72,5512.0,7013.0,7012.0,0.0,0.0
2025-01-08 00:00:00+05:30,325,Hyderabad,6,Madannapeta,122,Bottle Gourd,122,Common,0.0,25.0,200.0,400.0,300.0,0.0,0.0
2025-01-08 00:00:00+05:30,325,Hyderabad,7,Meeralamandi,122,Bottle Gourd,122,Common,0.0,5.0,300.0,400.0,350.0,0.0,0.0
2025-01-08 00:00:00+05:30,324,Bowenpally,3,Bowenpally,112,Ladys Finger,112,Common,0.0,375.0,1000.0,2800.0,2400.0,0.0,0.0
2025-01-08 00:00:00+05:30,323,Gaddiannaram,2,L.B Nagar,117,Cluster Beans,117,Common,0.0,50.0,3000.0,3500.0,3200.0,0.0,0.0
2025-01-08 00:00:00+05:30,323,Gaddiannaram,1,Gaddiannaram,85,Musk Melon,85,Common,0.0,345.0,500.0,1800.0,600.0,0.0,0.0
2025-01-07 00:00:00+05:30,310,Shadnagar,1330,Shadnagar,103,Carrot,103,Common,0.0,12.0,1500.0,2500.0,1800.0,0.0,0.0
2025-01-07 00:00:00+05:30,331,Vantimamidi,1612,Vantimamidi,113,Green Chillies,113,Common,0.0,8.0,2000.0,2600.0,2300.0,0.0,0.0
2025-01-07 00:00:00+05:30,367,Gudimalkapur,1571,Gudumalkapur,113,Green Chillies,113,Common,0.0,520.0,2000.0,3500.0,2600.0,0.0,0.0
2025-01-07 00:00:00+05:30,290,Siddipet,1193,Siddipet,15,Red Gram,15,Common,0.0,7.46,6855.0,6855.0,6855.0,0.0,0.0
2025-01-07 00:00:00+05:30,246,Warangal,886,Warangal,16,Green Gram,16,Common,0.0,17.78,6689.0,7059.0,6912.0,0.0,0.0
2025-01-07 00:00:00+05:30,325,Hyderabad,6,Madannapeta,122,Bottle Gourd,122,Common,0.0,60.0,200.0,400.0,300.0,0.0,0.0
2025-01-07 00:00:00+05:30,325,Hyderabad,7,Meeralamandi,122,Bottle Gourd,122,Common,0.0,4.0,400.0,400.0,400.0,0.0,0.0
2025-01-07 00:00:00+05:30,323,Gaddiannaram,2,L.B Nagar,117,Cluster Beans,117,Common,0.0,27.0,2000.0,3000.0,2500.0,0.0,0.0
2025-01-07 00:00:00+05:30,323,Gaddiannaram,1,Gaddiannaram,85,Musk Melon,85,Common,0.0,245.0,500.0,1800.0,600.0,0.0,0.0
2025-01-07 00:00:00+05:30,324,Bowenpally,3,Bowenpally,112,Ladys Finger,112,Common,0.0,340.0,1000.0,4000.0,3000.0,0.0,0.0
2025-01-06 00:00:00+05:30,367,Gudimalkapur,1571,Gudumalkapur,113,Green Chillies,113,Common,0.0,441.0,2000.0,3500.0,2600.0,0.0,0.0
2025-01-06 00:00:00+05:30,310,Shadnagar,1330,Shadnagar,103,Carrot,103,Common,0.0,12.0,1800.0,2600.0,2300.0,0.0,0.0
2025-01-06 00:00:00+05:30,303,Kalwakurthy,1340,Kalwakurthy,112,Ladys Finger,112,Common,0.0,3.0,2000.0,3800.0,2900.0,0.0,0.0
2025-01-06 00:00:00+05:30,331,Vantimamidi,1612,Vantimamidi,113,Green Chillies,113,Common,0.0,18.0,2000.0,2700.0,2350.0,0.0,0.0
2025-01-06 00:00:00+05:30,290,Siddipet,1193,Siddipet,15,Red Gram,15,Common,0.0,47.05,6333.0,6813.0,6565.0,0.0,0.0
2025-01-06 00:00:00+05:30,246,Warangal,886,Warangal,16,Green Gram,16,Common,0.0,16.55,5359.0,6952.0,5359.0,0.0,0.0
2025-01-06 00:00:00+05:30,325,Hyderabad,6,Madannapeta,122,Bottle Gourd,122,Common,0.0,55.0,200.0,400.0,300.0,0.0,0.0
2025-01-06 00:00:00+05:30,325,Hyderabad,7,Meeralamandi,122,Bottle Gourd,122,Common,0.0,5.0,200.0,200.0,200.0,0.0,0.0
2025-01-06 00:00:00+05:30,323,Gaddiannaram,2,L.B Nagar,117,Cluster Beans,117,Common,0.0,48.0,2000.0,3000.0,2500.0,0.0,0.0
2025-01-06 00:00:00+05:30,324,Bowenpally,3,Bowenpally,112,Ladys Finger,112,Common,0.0,387.0,1500.0,3300.0,3000.0,0.0,0.0
2025-01-05 00:00:00+05:30,367,Gudimalkapur,1571,Gudumalkapur,113,Green Chillies,113,Common,0.0,798.0,2000.0,3000.0,2600.0,0.0,0.0
2025-01-05 00:00:00+05:30,331,Vantimamidi,1612,Vantimamidi,113,Green Chillies,113,Common,0.0,24.0,1900.0,2600.0,2250.0,0.0,0.0
2025-01-06 00:00:00+05:30,323,Gaddiannaram,1,Gaddiannaram,85,Musk Melon,85,Common,0.0,180.0,500.0,1800.0,600.0,0.0,0.0
2025-01-05 00:00:00+05:30,323,Gaddiannaram,1,Gaddiannaram,85,Musk Melon,85,Common,0.0,350.0,600.0,2000.0,800.0,0.0,0.0
2025-01-05 00:00:00+05:30,325,Hyderabad,7,Meeralamandi,122,Bottle Gourd,122,Common,0.0,7.0,200.0,300.0,250.0,0.0,0.0
2025-01-05 00:00:00+05:30,310,Shadnagar,1330,Shadnagar,103,Carrot,103,Common,0.0,10.0,1800.0,2500.0,2000.0,0.0,0.0
2025-01-05 00:00:00+05:30,303,Kalwakurthy,1340,Kalwakurthy,112,Ladys Finger,112,Common,0.0,4.0,2000.0,4500.0,3250.0,0.0,0.0
2025-01-04 00:00:00+05:30,310,Shadnagar,1330,Shadnagar,103,Carrot,103,Common,0.0,10.0,2000.0,2800.0,2300.0,0.0,0.0
2025-01-04 00:00:00+05:30,303,Kalwakurthy,1340,Kalwakurthy,112,Ladys Finger,112,Common,0.0,2.0,2000.0,2500.0,2250.0,0.0,0.0
2025-01-04 00:00:00+05:30,331,Vantimamidi,1612,Vantimamidi,113,Green Chillies,113,Common,0.0,25.0,1800.0,2700.0,2250.0,0.0,0.0
2025-01-04 00:00:00+05:30,367,Gudimalkapur,1571,Gudumalkapur,113,Green Chillies,113,Common,0.0,649.0,2000.0,4000.0,2800.0,0.0,0.0
2025-01-05 00:00:00+05:30,323,Gaddiannaram,2,L.B Nagar,117,Cluster Beans,117,Common,0.0,33.0,2000.0,3000.0,2500.0,0.0,0.0
2025-01-05 00:00:00+05:30,325,Hyderabad,6,Madannapeta,122,Bottle Gourd,122,Common,0.0,60.0,200.0,400.0,300.0,0.0,0.0
2025-01-05 00:00:00+05:30,324,Bowenpally,3,Bowenpally,112,Ladys Finger,112,Common,0.0,261.0,1000.0,1500.0,1400.0,0.0,0.0
2025-01-03 00:00:00+05:30,303,Kalwakurthy,1340,Kalwakurthy,112,Ladys Finger,112,Common,0.0,2.0,2000.0,3300.0,2650.0,0.0,0.0
2025-01-04 00:00:00+05:30,323,Gaddiannaram,2,L.B Nagar,117,Cluster Beans,117,Common,0.0,51.0,2000.0,3000.0,2500.0,0.0,0.0
2025-01-04 00:00:00+05:30,325,Hyderabad,6,Madannapeta,122,Bottle Gourd,122,Common,0.0,20.0,200.0,200.0,200.0,0.0,0.0
2025-01-04 00:00:00+05:30,325,Hyderabad,7,Meeralamandi,122,Bottle Gourd,122,Common,0.0,6.0,400.0,400.0,400.0,0.0,0.0
2025-01-04 00:00:00+05:30,319,Shankerpally,40,Shankerpally,113,Green Chillies,113,Common,0.0,4.8,4000.0,5000.0,4500.0,0.0,0.0
2025-01-04 00:00:00+05:30,290,Siddipet,1193,Siddipet,15,Red Gram,15,Common,0.0,11.91,6675.0,6855.0,6700.0,0.0,0.0
2025-01-04 00:00:00+05:30,300,Badepally,1327,Badepally,25,Cotton,25,Common,0.0,405.0,5589.0,6799.0,6679.0,0.0,0.0
2025-01-04 00:00:00+05:30,324,Bowenpally,3,Bowenpally,112,Ladys Finger,112,Common,0.0,409.0,800.0,1700.0,1400.0,0.0,0.0
2025-01-03 00:00:00+05:30,331,Vantimamidi,1612,Vantimamidi,113,Green Chillies,113,Common,0.0,22.0,1700.0,2800.0,2250.0,0.0,0.0
2025-01-04 00:00:00+05:30,323,Gaddiannaram,1,Gaddiannaram,85,Musk Melon,85,Common,0.0,358.0,600.0,2000.0,800.0,0.0,0.0
2025-01-03 00:00:00+05:30,367,Gudimalkapur,1571,Gudumalkapur,113,Green Chillies,113,Common,0.0,648.0,2000.0,4000.0,2800.0,0.0,0.0
2025-01-03 00:00:00+05:30,310,Shadnagar,1330,Shadnagar,103,Carrot,103,Common,0.0,10.0,1800.0,2300.0,2000.0,0.0,0.0
2025-01-03 00:00:00+05:30,317,Pargi,39,Pargi,30,Groundnut pods,30,Common,0.0,29.0,5655.0,5655.0,5655.0,0.0,0.0
2025-01-03 00:00:00+05:30,325,Hyderabad,7,Meeralamandi,122,Bottle Gourd,122,Common,0.0,7.0,300.0,400.0,350.0,0.0,0.0
2025-01-03 00:00:00+05:30,246,Warangal,886,Warangal,16,Green Gram,16,Common,0.0,5.35,5352.0,6859.0,6459.0,0.0,0.0
2025-01-03 00:00:00+05:30,325,Hyderabad,6,Madannapeta,122,Bottle Gourd,122,Common,0.0,60.0,200.0,400.0,300.0,0.0,0.0
2025-01-03 00:00:00+05:30,323,Gaddiannaram,2,L.B Nagar,117,Cluster Beans,117,Common,0.0,41.0,2000.0,3000.0,2500.0,0.0,0.0
2025-01-03 00:00:00+05:30,323,Gaddiannaram,1,Gaddiannaram,85,Musk Melon,85,Common,0.0,330.0,600.0,2000.0,800.0,0.0,0.0
2025-01-03 00:00:00+05:30,324,Bowenpally,3,Bowenpally,112,Ladys Finger,112,Common,0.0,592.0,800.0,2000.0,1600.0,0.0,0.0
2025-01-02 00:00:00+05:30,367,Gudimalkapur,1571,Gudumalkapur,113,Green Chillies,113,Common,0.0,476.0,1800.0,3500.0,3000.0,0.0,0.0
2025-01-02 00:00:00+05:30,303,Kalwakurthy,1340,Kalwakurthy,112,Ladys Finger,112,Common,0.0,4.0,2000.0,3000.0,2500.0,0.0,0.0
2025-01-02 00:00:00+05:30,331,Vantimamidi,1612,Vantimamidi,113,Green Chillies,113,Common,0.0,12.0,1500.0,2700.0,2100.0,0.0,0.0
2025-01-02 00:00:00+05:30,310,Shadnagar,1330,Shadnagar,103,Carrot,103,Common,0.0,10.0,1800.0,2500.0,2300.0,0.0,0.0
2025-01-02 00:00:00+05:30,290,Siddipet,1193,Siddipet,15,Red Gram,15,Common,0.0,15.44,6777.0,6777.0,6777.0,0.0,0.0
2025-01-02 00:00:00+05:30,325,Hyderabad,6,Madannapeta,122,Bottle Gourd,122,Common,0.0,60.0,200.0,400.0,300.0,0.0,0.0
2025-01-02 00:00:00+05:30,325,Hyderabad,7,Meeralamandi,122,Bottle Gourd,122,Common,0.0,5.0,400.0,400.0,400.0,0.0,0.0
2025-01-02 00:00:00+05:30,323,Gaddiannaram,2,L.B Nagar,117,Cluster Beans,117,Common,0.0,35.0,2000.0,3000.0,2500.0,0.0,0.0
2025-01-01 00:00:00+05:30,303,Kalwakurthy,1340,Kalwakurthy,112,Ladys Finger,112,Common,0.0,4.0,1500.0,2500.0,2000.0,0.0,0.0
2025-01-02 00:00:00+05:30,323,Gaddiannaram,1,Gaddiannaram,85,Musk Melon,85,Common,0.0,310.0,600.0,2000.0,800.0,0.0,0.0
2025-01-02 00:00:00+05:30,324,Bowenpally,3,Bowenpally,112,Ladys Finger,112,Common,0.0,742.0,500.0,1500.0,1200.0,0.0,0.0
2025-01-01 00:00:00+05:30,323,Gaddiannaram,1,Gaddiannaram,85,Musk Melon,85,Common,0.0,505.0,600.0,2000.0,800.0,0.0,0.0
2025-01-01 00:00:00+05:30,325,Hyderabad,7,Meeralamandi,122,Bottle Gourd,122,Common,0.0,4.0,200.0,400.0,300.0,0.0,0.0
2025-01-01 00:00:00+05:30,331,Vantimamidi,1612,Vantimamidi,113,Green Chillies,113,Common,0.0,13.0,1500.0,2600.0,2050.0,0.0,0.0
2025-01-31 00:00:00+05:30,367,Gudimalkapur,1571,Gudumalkapur,113,Green Chillies,113,Common,0.0,504.0,2200.0,3000.0,2500.0,0.0,0.0
2025-01-31 00:00:00+05:30,331,Vantimamidi,1612,Vantimamidi,113,Green Chillies,113,Common,0.0,16.0,1500.0,2500.0,2000.0,0.0,0.0
2025-01-31 00:00:00+05:30,290,Siddipet,1193,Siddipet,15,Red Gram,15,Common,0.0,147.12,6355.0,6555.0,6455.0,0.0,0.0
2025-01-31 00:00:00+05:30,325,Hyderabad,7,Meeralamandi,122,Bottle Gourd,122,Common,0.0,9.0,400.0,400.0,400.0,0.0,0.0
2025-01-31 00:00:00+05:30,324,Bowenpally,3,Bowenpally,112,Ladys Finger,112,Common,0.0,346.0,1000.0,2000.0,1800.0,0.0,0.0
2025-01-31 00:00:00+05:30,325,Hyderabad,6,Madannapeta,122,Bottle Gourd,122,Common,0.0,70.0,200.0,300.0,250.0,0.0,0.0
2025-01-30 00:00:00+05:30,310,Shadnagar,1330,Shadnagar,103,Carrot,103,Common,0.0,10.0,1600.0,2000.0,1800.0,0.0,0.0
2025-01-30 00:00:00+05:30,331,Vantimamidi,1612,Vantimamidi,113,Green Chillies,113,Common,0.0,23.0,2000.0,800.0,2400.0,0.0,0.0
2025-01-31 00:00:00+05:30,323,Gaddiannaram,2,L.B Nagar,117,Cluster Beans,117,Common,0.0,27.0,3000.0,3500.0,3200.0,0.0,0.0
2025-01-31 00:00:00+05:30,323,Gaddiannaram,1,Gaddiannaram,85,Musk Melon,85,Common,0.0,475.0,800.0,2000.0,1000.0,0.0,0.0
2025-01-30 00:00:00+05:30,290,Siddipet,1193,Siddipet,15,Red Gram,15,Common,0.0,124.61,6600.0,6135.0,6435.0,0.0,0.0
2025-01-30 00:00:00+05:30,367,Gudimalkapur,1571,Gudumalkapur,113,Green Chillies,113,Common,0.0,825.0,1200.0,3000.0,2200.0,0.0,0.0
2025-01-29 00:00:00+05:30,310,Shadnagar,1330,Shadnagar,103,Carrot,103,Common,0.0,12.0,1800.0,2400.0,2000.0,0.0,0.0
2025-01-30 00:00:00+05:30,325,Hyderabad,6,Madannapeta,122,Bottle Gourd,122,Common,0.0,40.0,200.0,400.0,300.0,0.0,0.0
2025-01-30 00:00:00+05:30,325,Hyderabad,7,Meeralamandi,122,Bottle Gourd,122,Common,0.0,5.0,300.0,500.0,400.0,0.0,0.0
2025-01-30 00:00:00+05:30,324,Bowenpally,3,Bowenpally,112,Ladys Finger,112,Common,0.0,469.0,800.0,1800.0,1400.0,0.0,0.0
2025-01-30 00:00:00+05:30,323,Gaddiannaram,2,L.B Nagar,117,Cluster Beans,117,Common,0.0,20.0,2000.0,3000.0,2500.0,0.0,0.0
2025-01-30 00:00:00+05:30,323,Gaddiannaram,1,Gaddiannaram,85,Musk Melon,85,Common,0.0,620.0,800.0,2000.0,1000.0,0.0,0.0
2025-01-28 00:00:00+05:30,310,Shadnagar,1330,Shadnagar,103,Carrot,103,Common,0.0,10.0,1200.0,1800.0,1500.0,0.0,0.0
2025-01-28 00:00:00+05:30,290,Siddipet,1193,Siddipet,15,Red Gram,15,Common,0.0,54.49,6411.0,6605.0,6588.0,0.0,0.0
2025-01-28 00:00:00+05:30,367,Gudimalkapur,1571,Gudumalkapur,113,Green Chillies,113,Common,0.0,814.0,2000.0,3500.0,2600.0,0.0,0.0
2025-01-29 00:00:00+05:30,331,Vantimamidi,1612,Vantimamidi,113,Green Chillies,113,Common,0.0,23.0,2500.0,3000.0,2750.0,0.0,0.0
2025-01-29 00:00:00+05:30,325,Hyderabad,7,Meeralamandi,122,Bottle Gourd,122,Common,0.0,4.0,400.0,400.0,400.0,0.0,0.0
2025-01-29 00:00:00+05:30,323,Gaddiannaram,1,Gaddiannaram,85,Musk Melon,85,Common,0.0,348.0,800.0,2000.0,1000.0,0.0,0.0
2025-01-28 00:00:00+05:30,246,Warangal,886,Warangal,16,Green Gram,16,Common,0.0,5.56,4259.0,7133.0,7133.0,0.0,0.0
2025-01-28 00:00:00+05:30,279,Thirumalagiri,9,Tirmalagiri,14,Bengal Gram,14,Common,0.0,4.0,5889.0,6589.0,6589.0,0.0,0.0
2025-01-28 00:00:00+05:30,325,Hyderabad,6,Madannapeta,122,Bottle Gourd,122,Common,0.0,70.0,200.0,300.0,250.0,0.0,0.0
2025-01-28 00:00:00+05:30,325,Hyderabad,5,Mahabubmansion,58,Coriander,58,Common,0.0,14.0,8000.0,12000.0,10000.0,0.0,0.0
2025-01-28 00:00:00+05:30,325,Hyderabad,7,Meeralamandi,122,Bottle Gourd,122,Common,0.0,6.0,200.0,400.0,300.0,0.0,0.0
2025-01-28 00:00:00+05:30,324,Bowenpally,3,Bowenpally,112,Ladys Finger,112,Common,0.0,573.0,800.0,1700.0,1400.0,0.0,0.0
2025-01-28 00:00:00+05:30,323,Gaddiannaram,2,L.B Nagar,117,Cluster Beans,117,Common,0.0,20.0,2000.0,3000.0,2500.0,0.0,0.0
2025-01-27 00:00:00+05:30,367,Gudimalkapur,1571,Gudumalkapur,113,Green Chillies,113,Common,0.0,467.0,2000.0,4000.0,2600.0,0.0,0.0
2025-01-27 00:00:00+05:30,331,Vantimamidi,1612,Vantimamidi,113,Green Chillies,113,Common,0.0,14.0,2000.0,3000.0,2500.0,0.0,0.0
2025-01-28 00:00:00+05:30,323,Gaddiannaram,1,Gaddiannaram,85,Musk Melon,85,Common,0.0,370.0,800.0,2000.0,1000.0,0.0,0.0
2025-01-27 00:00:00+05:30,310,Shadnagar,1330,Shadnagar,103,Carrot,103,Common,0.0,10.0,1800.0,2800.0,2000.0,0.0,0.0
2025-01-27 00:00:00+05:30,290,Siddipet,1193,Siddipet,15,Red Gram,15,Common,0.0,47.85,6346.0,6601.0,6501.0,0.0,0.0
2025-01-27 00:00:00+05:30,246,Warangal,886,Warangal,16,Green Gram,16,Common,0.0,7.61,6259.0,7073.0,7063.0,0.0,0.0
2025-01-26 00:00:00+05:30,310,Shadnagar,1330,Shadnagar,103,Carrot,103,Common,0.0,10.0,1800.0,2500.0,2300.0,0.0,0.0
2025-01-27 00:00:00+05:30,325,Hyderabad,6,Madannapeta,122,Bottle Gourd,122,Common,0.0,30.0,200.0,400.0,300.0,0.0,0.0
2025-01-27 00:00:00+05:30,323,Gaddiannaram,2,L.B Nagar,117,Cluster Beans,117,Common,0.0,30.0,2000.0,3000.0,2500.0,0.0,0.0
2025-01-26 00:00:00+05:30,331,Vantimamidi,1612,Vantimamidi,113,Green Chillies,113,Common,0.0,23.0,1500.0,2500.0,2000.0,0.0,0.0
2025-01-27 00:00:00+05:30,323,Gaddiannaram,1,Gaddiannaram,85,Musk Melon,85,Common,0.0,420.0,800.0,2000.0,1000.0,0.0,0.0
2025-01-26 00:00:00+05:30,367,Gudimalkapur,1571,Gudumalkapur,113,Green Chillies,113,Common,0.0,571.0,2000.0,3200.0,2400.0,0.0,0.0
2025-01-26 00:00:00+05:30,325,Hyderabad,6,Madannapeta,122,Bottle Gourd,122,Common,0.0,10.0,600.0,600.0,600.0,0.0,0.0
2025-01-26 00:00:00+05:30,324,Bowenpally,3,Bowenpally,112,Ladys Finger,112,Common,0.0,491.0,800.0,1700.0,1400.0,0.0,0.0
2025-01-26 00:00:00+05:30,323,Gaddiannaram,1,Gaddiannaram,85,Musk Melon,85,Common,0.0,485.0,800.0,2000.0,1000.0,0.0,0.0
2025-01-26 00:00:00+05:30,323,Gaddiannaram,2,L.B Nagar,117,Cluster Beans,117,Common,0.0,30.0,2000.0,3000.0,2500.0,0.0,0.0
2025-01-25 00:00:00+05:30,310,Shadnagar,1330,Shadnagar,103,Carrot,103,Common,0.0,10.0,2000.0,2600.0,2300.0,0.0,0.0
2025-01-25 00:00:00+05:30,300,Badepally,1327,Badepally,25,Cotton,25,Common,0.0,130.0,5454.0,6929.0,6909.0,0.0,0.0
2025-01-25 00:00:00+05:30,331,Vantimamidi,1612,Vantimamidi,113,Green Chillies,113,Common,0.0,7.0,1600.0,2500.0,2050.0,0.0,0.0
2025-01-25 00:00:00+05:30,367,Gudimalkapur,1571,Gudumalkapur,113,Green Chillies,113,Common,0.0,528.0,2000.0,3200.0,2400.0,0.0,0.0
2025-01-25 00:00:00+05:30,290,Siddipet,1193,Siddipet,15,Red Gram,15,Common,0.0,50.76,6336.0,6633.0,6502.0,0.0,0.0
2025-01-25 00:00:00+05:30,317,Pargi,39,Pargi,30,Groundnut pods,30,Common,0.0,1125.0,4109.0,6119.0,5429.0,0.0,0.0
2025-01-25 00:00:00+05:30,325,Hyderabad,7,Meeralamandi,122,Bottle Gourd,122,Common,0.0,7.0,400.0,600.0,500.0,0.0,0.0
2025-01-01 00:00:00+05:30,331,Vantimamidi,1612,Vantimamidi,114,Tomato,197,Local,0.0,14.0,400.0,800.0,600.0,0.0,0.0
2025-01-01 00:00:00+05:30,325,Hyderabad,5,Mahabubmansion,62,Ginger,62,Common,0.0,150.0,2500.0,3100.0,3000.0,0.0,0.0
2025-01-01 00:00:00+05:30,323,Gaddiannaram,1,Gaddiannaram,86,Water Melon,86,Common,0.0,815.0,200.0,800.0,400.0,0.0,0.0
2025-01-02 00:00:00+05:30,324,Bowenpally,3,Bowenpally,113,Green Chillies,113,Common,0.0,1343.0,600.0,4000.0,2200.0,0.0,0.0
2025-01-02 00:00:00+05:30,323,Gaddiannaram,1,Gaddiannaram,86,Water Melon,86,Common,0.0,1430.0,200.0,800.0,400.0,0.0,0.0
2025-01-01 00:00:00+05:30,303,Kalwakurthy,1340,Kalwakurthy,113,Green Chillies,113,Common,0.0,5.0,2000.0,5000.0,3500.0,0.0,0.0
2025-01-02 00:00:00+05:30,323,Gaddiannaram,2,L.B Nagar,118,Field Beans,118,Common,0.0,32.0,3000.0,4000.0,3500.0,0.0,0.0
2025-01-02 00:00:00+05:30,279,Thirumalagiri,9,Tirmalagiri,15,Red Gram,15,Common,0.0,50.0,5309.0,7639.0,7462.0,0.0,0.0
2025-01-02 00:00:00+05:30,325,Hyderabad,6,Madannapeta,123,Ribbed Gourd,123,Common,0.0,10.0,3000.0,4000.0,3500.0,0.0,0.0
2025-01-02 00:00:00+05:30,325,Hyderabad,5,Mahabubmansion,62,Ginger,62,Common,0.0,359.0,2500.0,4500.0,3150.0,0.0,0.0
2025-01-02 00:00:00+05:30,310,Shadnagar,1330,Shadnagar,111,Brinjal,111,Common,0.0,12.0,800.0,1500.0,1000.0,0.0,0.0
2025-01-02 00:00:00+05:30,300,Badepally,1327,Badepally,30,Groundnut pods,30,Common,0.0,1626.0,4772.0,6759.0,6291.0,0.0,0.0
2025-01-02 00:00:00+05:30,256,Khammam,1067,Khammam,54,Chillies(Dry),268,Talu,0.0,408.0,4000.0,7200.0,7000.0,0.0,0.0
2025-01-02 00:00:00+05:30,222,Karimnagar,1121,Karimnagar,25,Cotton,25,Common,0.0,24.0,6101.0,6381.0,6251.0,0.0,0.0
2025-01-02 00:00:00+05:30,331,Vantimamidi,1612,Vantimamidi,114,Tomato,197,Local,0.0,17.0,500.0,1000.0,750.0,0.0,0.0
2025-01-02 00:00:00+05:30,303,Kalwakurthy,1340,Kalwakurthy,113,Green Chillies,113,Common,0.0,5.0,3000.0,6000.0,4500.0,0.0,0.0
2025-01-02 00:00:00+05:30,367,Gudimalkapur,1571,Gudumalkapur,114,Tomato,114,Common,0.0,2420.0,400.0,800.0,600.0,0.0,0.0
2025-01-03 00:00:00+05:30,324,Bowenpally,3,Bowenpally,113,Green Chillies,113,Common,0.0,1470.0,1000.0,3500.0,3000.0,0.0,0.0
2025-01-03 00:00:00+05:30,323,Gaddiannaram,1,Gaddiannaram,86,Water Melon,86,Common,0.0,2630.0,200.0,800.0,400.0,0.0,0.0
2025-01-03 00:00:00+05:30,323,Gaddiannaram,2,L.B Nagar,118,Field Beans,118,Common,0.0,30.0,3000.0,4000.0,3500.0,0.0,0.0
2025-01-03 00:00:00+05:30,325,Hyderabad,6,Madannapeta,123,Ribbed Gourd,123,Common,0.0,13.0,2000.0,3000.0,2500.0,0.0,0.0
2025-01-03 00:00:00+05:30,325,Hyderabad,5,Mahabubmansion,62,Ginger,62,Common,0.0,509.0,2500.0,4500.0,3150.0,0.0,0.0
2025-01-03 00:00:00+05:30,279,Thirumalagiri,9,Tirmalagiri,15,Red Gram,15,Common,0.0,20.0,6200.0,7662.0,7209.0,0.0,0.0
2025-01-03 00:00:00+05:30,222,Karimnagar,1121,Karimnagar,25,Cotton,25,Common,0.0,39.0,6301.0,6351.0,6289.0,0.0,0.0
2025-01-03 00:00:00+05:30,320,Tandur,37,Tandur,75,Soyabean,214,Yellow,0.0,25.0,4095.0,4095.0,4095.0,0.0,0.0
2025-01-03 00:00:00+05:30,310,Shadnagar,1330,Shadnagar,111,Brinjal,111,Common,0.0,12.0,1200.0,1800.0,1500.0,0.0,0.0
2025-01-03 00:00:00+05:30,300,Badepally,1327,Badepally,30,Groundnut pods,30,Common,0.0,1769.0,5047.0,6795.0,6195.0,0.0,0.0
2025-01-03 00:00:00+05:30,367,Gudimalkapur,1571,Gudumalkapur,114,Tomato,114,Common,0.0,2447.0,400.0,800.0,600.0,0.0,0.0
2025-01-04 00:00:00+05:30,323,Gaddiannaram,1,Gaddiannaram,86,Water Melon,86,Common,0.0,1570.0,200.0,800.0,400.0,0.0,0.0
2025-01-03 00:00:00+05:30,331,Vantimamidi,1612,Vantimamidi,114,Tomato,197,Local,0.0,22.0,800.0,1000.0,900.0,0.0,0.0
2025-01-04 00:00:00+05:30,324,Bowenpally,3,Bowenpally,113,Green Chillies,113,Common,0.0,1163.0,800.0,3500.0,3000.0,0.0,0.0
2025-01-04 00:00:00+05:30,300,Badepally,1327,Badepally,30,Groundnut pods,30,Common,0.0,1666.0,5069.0,6795.0,6185.0,0.0,0.0
2025-01-04 00:00:00+05:30,278,Suryapet,1091,Suryapet,22,Cowpea,22,Common,0.0,2.0,7524.0,7524.0,7524.0,0.0,0.0
2025-01-04 00:00:00+05:30,319,Shankerpally,40,Shankerpally,114,Tomato,197,Local,0.0,20.0,600.0,900.0,750.0,0.0,0.0
2025-01-04 00:00:00+05:30,279,Thirumalagiri,9,Tirmalagiri,15,Red Gram,15,Common,0.0,49.0,6160.0,7639.0,6691.0,0.0,0.0
2025-01-04 00:00:00+05:30,325,Hyderabad,6,Madannapeta,123,Ribbed Gourd,123,Common,0.0,7.0,2000.0,3000.0,2500.0,0.0,0.0
2025-01-04 00:00:00+05:30,323,Gaddiannaram,2,L.B Nagar,118,Field Beans,118,Common,0.0,30.0,3000.0,4000.0,3500.0,0.0,0.0
2025-01-03 00:00:00+05:30,303,Kalwakurthy,1340,Kalwakurthy,113,Green Chillies,113,Common,0.0,5.0,2500.0,6000.0,4250.0,0.0,0.0
2025-01-04 00:00:00+05:30,325,Hyderabad,5,Mahabubmansion,62,Ginger,62,Common,0.0,452.0,2500.0,5000.0,3400.0,0.0,0.0
2025-01-05 00:00:00+05:30,324,Bowenpally,3,Bowenpally,113,Green Chillies,113,Common,0.0,356.0,1500.0,3500.0,3000.0,0.0,0.0
2025-01-05 00:00:00+05:30,325,Hyderabad,6,Madannapeta,123,Ribbed Gourd,123,Common,0.0,13.0,2000.0,3000.0,2500.0,0.0,0.0
2025-01-05 00:00:00+05:30,323,Gaddiannaram,2,L.B Nagar,118,Field Beans,118,Common,0.0,22.0,3000.0,4000.0,3500.0,0.0,0.0
2025-01-04 00:00:00+05:30,367,Gudimalkapur,1571,Gudumalkapur,114,Tomato,114,Common,0.0,2523.0,300.0,800.0,600.0,0.0,0.0
2025-01-04 00:00:00+05:30,331,Vantimamidi,1612,Vantimamidi,114,Tomato,197,Local,0.0,26.0,700.0,1000.0,850.0,0.0,0.0
2025-01-04 00:00:00+05:30,303,Kalwakurthy,1340,Kalwakurthy,113,Green Chillies,113,Common,0.0,5.0,3000.0,6000.0,4500.0,0.0,0.0
2025-01-04 00:00:00+05:30,310,Shadnagar,1330,Shadnagar,111,Brinjal,111,Common,0.0,12.0,800.0,1500.0,1000.0,0.0,0.0
2025-01-05 00:00:00+05:30,303,Kalwakurthy,1340,Kalwakurthy,113,Green Chillies,113,Common,0.0,13.0,3000.0,6000.0,4500.0,0.0,0.0
2025-01-05 00:00:00+05:30,310,Shadnagar,1330,Shadnagar,111,Brinjal,111,Common,0.0,12.0,800.0,1500.0,1000.0,0.0,0.0
2025-01-05 00:00:00+05:30,323,Gaddiannaram,1,Gaddiannaram,86,Water Melon,86,Common,0.0,1750.0,200.0,800.0,400.0,0.0,0.0
2025-01-06 00:00:00+05:30,323,Gaddiannaram,1,Gaddiannaram,86,Water Melon,86,Common,0.0,637.0,200.0,700.0,400.0,0.0,0.0
2025-01-05 00:00:00+05:30,331,Vantimamidi,1612,Vantimamidi,114,Tomato,197,Local,0.0,16.0,1000.0,1500.0,1250.0,0.0,0.0
2025-01-05 00:00:00+05:30,367,Gudimalkapur,1571,Gudumalkapur,114,Tomato,114,Common,0.0,2707.0,200.0,800.0,600.0,0.0,0.0
2025-01-06 00:00:00+05:30,324,Bowenpally,3,Bowenpally,113,Green Chillies,113,Common,0.0,1355.0,1500.0,3500.0,3000.0,0.0,0.0
2025-01-06 00:00:00+05:30,323,Gaddiannaram,2,L.B Nagar,118,Field Beans,118,Common,0.0,20.0,4000.0,4500.0,4200.0,0.0,0.0
2025-01-06 00:00:00+05:30,279,Thirumalagiri,9,Tirmalagiri,15,Red Gram,15,Common,0.0,186.0,6400.0,7462.0,7021.0,0.0,0.0
2025-01-06 00:00:00+05:30,325,Hyderabad,6,Madannapeta,123,Ribbed Gourd,123,Common,0.0,15.0,1500.0,2000.0,1750.0,0.0,0.0
2025-01-06 00:00:00+05:30,246,Warangal,886,Warangal,17,Black Gram,17,Common,0.0,4.0,7522.0,8359.0,7612.0,0.0,0.0
2025-01-06 00:00:00+05:30,300,Badepally,1327,Badepally,30,Groundnut pods,30,Common,0.0,2962.0,4637.0,6709.0,6289.0,0.0,0.0
2025-01-06 00:00:00+05:30,256,Khammam,1067,Khammam,54,Chillies(Dry),268,Talu,0.0,443.0,4500.0,7000.0,6000.0,0.0,0.0
2025-01-06 00:00:00+05:30,278,Suryapet,1091,Suryapet,22,Cowpea,22,Common,0.0,4.0,6350.0,7632.0,7632.0,0.0,0.0
2025-01-06 00:00:00+05:30,222,Karimnagar,1121,Karimnagar,25,Cotton,25,Common,0.0,26.0,6300.0,6700.0,6600.0,0.0,0.0
2025-01-06 00:00:00+05:30,331,Vantimamidi,1612,Vantimamidi,114,Tomato,197,Local,0.0,18.0,600.0,800.0,700.0,0.0,0.0
2025-01-06 00:00:00+05:30,303,Kalwakurthy,1340,Kalwakurthy,113,Green Chillies,113,Common,0.0,9.0,2500.0,5500.0,4000.0,0.0,0.0
2025-01-06 00:00:00+05:30,310,Shadnagar,1330,Shadnagar,111,Brinjal,111,Common,0.0,10.0,800.0,1500.0,1200.0,0.0,0.0
2025-01-06 00:00:00+05:30,367,Gudimalkapur,1571,Gudumalkapur,114,Tomato,114,Common,0.0,1996.0,300.0,1000.0,600.0,0.0,0.0
2025-01-07 00:00:00+05:30,324,Bowenpally,3,Bowenpally,113,Green Chillies,113,Common,0.0,943.0,1000.0,3500.0,3000.0,0.0,0.0
2025-01-07 00:00:00+05:30,323,Gaddiannaram,1,Gaddiannaram,86,Water Melon,86,Common,0.0,703.0,200.0,700.0,400.0,0.0,0.0
2025-01-07 00:00:00+05:30,323,Gaddiannaram,2,L.B Nagar,118,Field Beans,118,Common,0.0,20.0,4000.0,4500.0,4200.0,0.0,0.0
2025-01-07 00:00:00+05:30,325,Hyderabad,6,Madannapeta,123,Ribbed Gourd,123,Common,0.0,13.0,2000.0,3000.0,2500.0,0.0,0.0
2025-01-07 00:00:00+05:30,222,Karimnagar,1121,Karimnagar,25,Cotton,25,Common,0.0,43.0,6520.0,6650.0,6600.0,0.0,0.0
2025-01-07 00:00:00+05:30,278,Suryapet,1091,Suryapet,22,Cowpea,22,Common,0.0,2.0,2766.0,7250.0,2766.0,0.0,0.0
2025-01-07 00:00:00+05:30,256,Khammam,1067,Khammam,54,Chillies(Dry),268,Talu,0.0,624.0,4700.0,6300.0,6000.0,0.0,0.0
2025-01-07 00:00:00+05:30,325,Hyderabad,5,Mahabubmansion,62,Ginger,62,Common,0.0,492.0,2500.0,5000.0,3500.0,0.0,0.0
2025-01-07 00:00:00+05:30,279,Thirumalagiri,9,Tirmalagiri,15,Red Gram,15,Common,0.0,277.0,6300.0,7412.0,7132.0,0.0,0.0
2025-01-07 00:00:00+05:30,367,Gudimalkapur,1571,Gudumalkapur,114,Tomato,114,Common,0.0,1697.0,400.0,1200.0,600.0,0.0,0.0
2025-01-07 00:00:00+05:30,331,Vantimamidi,1612,Vantimamidi,114,Tomato,197,Local,0.0,12.0,1000.0,1000.0,1000.0,0.0,0.0
2025-01-07 00:00:00+05:30,310,Shadnagar,1330,Shadnagar,111,Brinjal,111,Common,0.0,10.0,800.0,1500.0,1000.0,0.0,0.0
2025-01-07 00:00:00+05:30,300,Badepally,1327,Badepally,30,Groundnut pods,30,Common,0.0,2054.0,5029.0,6686.0,6090.0,0.0,0.0
2025-01-08 00:00:00+05:30,323,Gaddiannaram,1,Gaddiannaram,86,Water Melon,86,Common,0.0,1090.0,200.0,800.0,400.0,0.0,0.0
2025-01-08 00:00:00+05:30,323,Gaddiannaram,2,L.B Nagar,118,Field Beans,118,Common,0.0,21.0,4000.0,4500.0,4200.0,0.0,0.0
2025-01-08 00:00:00+05:30,324,Bowenpally,3,Bowenpally,113,Green Chillies,113,Common,0.0,1389.0,1000.0,3500.0,3000.0,0.0,0.0
2025-01-08 00:00:00+05:30,325,Hyderabad,6,Madannapeta,123,Ribbed Gourd,123,Common,0.0,12.0,2000.0,3000.0,2500.0,0.0,0.0
2025-01-08 00:00:00+05:30,246,Warangal,886,Warangal,17,Black Gram,17,Common,0.0,0.49,2522.0,2522.0,2522.0,0.0,0.0
2025-01-08 00:00:00+05:30,222,Karimnagar,1121,Karimnagar,25,Cotton,25,Common,0.0,20.0,6300.0,6521.0,6501.0,0.0,0.0
2025-01-08 00:00:00+05:30,256,Khammam,1067,Khammam,54,Chillies(Dry),268,Talu,0.0,265.0,5000.0,7000.0,6300.0,0.0,0.0
2025-01-08 00:00:00+05:30,278,Suryapet,1091,Suryapet,22,Cowpea,22,Common,0.0,5.0,4500.0,7812.0,5068.0,0.0,0.0
2025-01-08 00:00:00+05:30,279,Thirumalagiri,9,Tirmalagiri,15,Red Gram,15,Common,0.0,235.0,6100.0,7432.0,6862.0,0.0,0.0
2025-01-08 00:00:00+05:30,300,Badepally,1327,Badepally,30,Groundnut pods,30,Common,0.0,1688.0,3089.0,6779.0,5689.0,0.0,0.0
2025-01-08 00:00:00+05:30,331,Vantimamidi,1612,Vantimamidi,114,Tomato,197,Local,0.0,17.0,600.0,800.0,700.0,0.0,0.0
2025-01-08 00:00:00+05:30,367,Gudimalkapur,1571,Gudumalkapur,114,Tomato,114,Common,0.0,1949.0,300.0,900.0,600.0,0.0,0.0
2025-01-09 00:00:00+05:30,324,Bowenpally,3,Bowenpally,113,Green Chillies,113,Common,0.0,828.0,3000.0,3500.0,2500.0,0.0,0.0
2025-01-09 00:00:00+05:30,323,Gaddiannaram,1,Gaddiannaram,86,Water Melon,86,Common,0.0,1150.0,200.0,800.0,400.0,0.0,0.0
2025-01-09 00:00:00+05:30,323,Gaddiannaram,2,L.B Nagar,118,Field Beans,118,Common,0.0,24.0,4000.0,4500.0,4200.0,0.0,0.0
2025-01-09 00:00:00+05:30,325,Hyderabad,6,Madannapeta,123,Ribbed Gourd,123,Common,0.0,10.0,2000.0,2500.0,2250.0,0.0,0.0
2025-01-09 00:00:00+05:30,325,Hyderabad,5,Mahabubmansion,62,Ginger,62,Common,0.0,491.0,2500.0,5000.0,3500.0,0.0,0.0
2025-01-09 00:00:00+05:30,278,Suryapet,1091,Suryapet,22,Cowpea,22,Common,0.0,11.0,4002.0,7676.0,7394.0,0.0,0.0
2025-01-09 00:00:00+05:30,222,Karimnagar,1121,Karimnagar,25,Cotton,25,Common,0.0,53.0,6251.0,6601.0,6551.0,0.0,0.0
2025-01-09 00:00:00+05:30,279,Thirumalagiri,9,Tirmalagiri,15,Red Gram,15,Common,0.0,471.0,6600.0,7479.0,7132.0,0.0,0.0
2025-01-09 00:00:00+05:30,319,Shankerpally,40,Shankerpally,114,Tomato,197,Local,0.0,5.8,900.0,1000.0,950.0,0.0,0.0
2025-01-09 00:00:00+05:30,256,Khammam,1067,Khammam,54,Chillies(Dry),268,Talu,0.0,510.0,5000.0,8500.0,6300.0,0.0,0.0
2025-01-09 00:00:00+05:30,367,Gudimalkapur,1571,Gudumalkapur,114,Tomato,114,Common,0.0,2632.0,400.0,900.0,600.0,0.0,0.0
2025-01-09 00:00:00+05:30,331,Vantimamidi,1612,Vantimamidi,114,Tomato,197,Local,0.0,15.0,1000.0,1000.0,1000.0,0.0,0.0
2025-01-09 00:00:00+05:30,310,Shadnagar,1330,Shadnagar,111,Brinjal,111,Common,0.0,15.0,800.0,1500.0,1000.0,0.0,0.0
2025-01-10 00:00:00+05:30,323,Gaddiannaram,1,Gaddiannaram,86,Water Melon,86,Common,0.0,1385.0,200.0,800.0,400.0,0.0,0.0
2025-01-09 00:00:00+05:30,300,Badepally,1327,Badepally,30,Groundnut pods,30,Common,0.0,2538.0,4469.0,6736.0,6631.0,0.0,0.0
2025-01-10 00:00:00+05:30,323,Gaddiannaram,2,L.B Nagar,118,Field Beans,118,Common,0.0,18.0,4000.0,4500.0,4200.0,0.0,0.0
2025-01-10 00:00:00+05:30,324,Bowenpally,3,Bowenpally,113,Green Chillies,113,Common,0.0,970.0,1000.0,3500.0,2800.0,0.0,0.0
2025-01-10 00:00:00+05:30,325,Hyderabad,6,Madannapeta,123,Ribbed Gourd,123,Common,0.0,10.0,2000.0,3000.0,2500.0,0.0,0.0
2025-01-10 00:00:00+05:30,246,Warangal,886,Warangal,17,Black Gram,17,Common,0.0,3.43,7569.0,8415.0,7569.0,0.0,0.0
2025-01-10 00:00:00+05:30,300,Badepally,1327,Badepally,30,Groundnut pods,30,Common,0.0,2640.0,3509.0,6943.0,5859.0,0.0,0.0
2025-01-10 00:00:00+05:30,222,Karimnagar,1121,Karimnagar,25,Cotton,25,Common,0.0,17.0,6321.0,6601.0,6559.0,0.0,0.0
2025-01-10 00:00:00+05:30,279,Thirumalagiri,9,Tirmalagiri,15,Red Gram,15,Common,0.0,243.0,6269.0,7349.0,7042.0,0.0,0.0
2025-01-11 00:00:00+05:30,323,Gaddiannaram,1,Gaddiannaram,86,Water Melon,86,Common,0.0,920.0,200.0,800.0,400.0,0.0,0.0
2025-01-10 00:00:00+05:30,367,Gudimalkapur,1571,Gudumalkapur,114,Tomato,114,Common,0.0,1411.0,400.0,800.0,600.0,0.0,0.0
2025-01-10 00:00:00+05:30,310,Shadnagar,1330,Shadnagar,111,Brinjal,111,Common,0.0,10.0,600.0,1200.0,800.0,0.0,0.0
2025-01-11 00:00:00+05:30,324,Bowenpally,3,Bowenpally,113,Green Chillies,113,Common,0.0,900.0,1500.0,3500.0,3000.0,0.0,0.0
2025-01-11 00:00:00+05:30,323,Gaddiannaram,2,L.B Nagar,118,Field Beans,118,Common,0.0,20.0,4000.0,4500.0,4200.0,0.0,0.0
2025-01-11 00:00:00+05:30,279,Thirumalagiri,9,Tirmalagiri,15,Red Gram,15,Common,0.0,261.0,6529.0,7263.0,6833.0,0.0,0.0
2025-01-11 00:00:00+05:30,325,Hyderabad,6,Madannapeta,123,Ribbed Gourd,123,Common,0.0,4.0,3500.0,3500.0,3500.0,0.0,0.0
2025-01-12 00:00:00+05:30,324,Bowenpally,3,Bowenpally,113,Green Chillies,113,Common,0.0,1000.0,2000.0,3500.0,2800.0,0.0,0.0
2025-01-12 00:00:00+05:30,325,Hyderabad,6,Madannapeta,123,Ribbed Gourd,123,Common,0.0,10.0,2000.0,3000.0,2500.0,0.0,0.0
2025-01-12 00:00:00+05:30,323,Gaddiannaram,1,Gaddiannaram,86,Water Melon,86,Common,0.0,650.0,200.0,800.0,400.0,0.0,0.0
2025-01-11 00:00:00+05:30,310,Shadnagar,1330,Shadnagar,111,Brinjal,111,Common,0.0,10.0,1000.0,1500.0,1200.0,0.0,0.0
2025-01-11 00:00:00+05:30,300,Badepally,1327,Badepally,30,Groundnut pods,30,Common,0.0,3078.0,3860.0,6679.0,6160.0,0.0,0.0
2025-01-11 00:00:00+05:30,367,Gudimalkapur,1571,Gudumalkapur,114,Tomato,114,Common,0.0,1990.0,400.0,900.0,600.0,0.0,0.0
2025-01-13 00:00:00+05:30,323,Gaddiannaram,1,Gaddiannaram,86,Water Melon,86,Common,0.0,530.0,200.0,800.0,400.0,0.0,0.0
2025-01-13 00:00:00+05:30,323,Gaddiannaram,2,L.B Nagar,118,Field Beans,118,Common,0.0,17.0,4000.0,4500.0,4200.0,0.0,0.0
2025-01-12 00:00:00+05:30,331,Vantimamidi,1612,Vantimamidi,114,Tomato,197,Local,0.0,11.0,800.0,1200.0,1000.0,0.0,0.0
2025-01-12 00:00:00+05:30,310,Shadnagar,1330,Shadnagar,111,Brinjal,111,Common,0.0,5.0,800.0,1200.0,1000.0,0.0,0.0
2025-01-12 00:00:00+05:30,367,Gudimalkapur,1571,Gudumalkapur,114,Tomato,114,Common,0.0,2429.0,300.0,800.0,600.0,0.0,0.0
2025-01-13 00:00:00+05:30,324,Bowenpally,3,Bowenpally,113,Green Chillies,113,Common,0.0,918.0,1000.0,4000.0,3000.0,0.0,0.0
2025-01-13 00:00:00+05:30,325,Hyderabad,6,Madannapeta,123,Ribbed Gourd,123,Common,0.0,13.0,2000.0,3000.0,2500.0,0.0,0.0
2025-01-13 00:00:00+05:30,310,Shadnagar,1330,Shadnagar,111,Brinjal,111,Common,0.0,12.0,800.0,1500.0,1000.0,0.0,0.0
2025-01-13 00:00:00+05:30,367,Gudimalkapur,1571,Gudumalkapur,114,Tomato,114,Common,0.0,1903.0,300.0,800.0,600.0,0.0,0.0
2025-01-14 00:00:00+05:30,323,Gaddiannaram,2,L.B Nagar,118,Field Beans,118,Common,0.0,10.0,4000.0,4500.0,4200.0,0.0,0.0
2025-01-13 00:00:00+05:30,331,Vantimamidi,1612,Vantimamidi,114,Tomato,197,Local,0.0,12.0,1000.0,1500.0,1250.0,0.0,0.0
2025-01-14 00:00:00+05:30,324,Bowenpally,3,Bowenpally,113,Green Chillies,113,Common,0.0,597.0,1000.0,3500.0,2800.0,0.0,0.0
2025-01-14 00:00:00+05:30,325,Hyderabad,6,Madannapeta,123,Ribbed Gourd,123,Common,0.0,12.0,2000.0,3000.0,2500.0,0.0,0.0
2025-01-14 00:00:00+05:30,323,Gaddiannaram,1,Gaddiannaram,86,Water Melon,86,Common,0.0,970.0,200.0,800.0,400.0,0.0,0.0
2025-01-14 00:00:00+05:30,310,Shadnagar,1330,Shadnagar,111,Brinjal,111,Common,0.0,12.0,800.0,1500.0,1000.0,0.0,0.0
2025-01-14 00:00:00+05:30,367,Gudimalkapur,1571,Gudumalkapur,114,Tomato,114,Common,0.0,1627.0,400.0,800.0,600.0,0.0,0.0
2025-01-15 00:00:00+05:30,367,Gudimalkapur,1571,Gudumalkapur,114,Tomato,114,Common,0.0,942.0,400.0,1000.0,600.0,0.0,0.0
2025-01-16 00:00:00+05:30,323,Gaddiannaram,1,Gaddiannaram,86,Water Melon,86,Common,0.0,1360.0,200.0,800.0,400.0,0.0,0.0
2025-01-15 00:00:00+05:30,310,Shadnagar,1330,Shadnagar,111,Brinjal,111,Common,0.0,4.0,500.0,800.0,600.0,0.0,0.0
2025-01-15 00:00:00+05:30,324,Bowenpally,3,Bowenpally,113,Green Chillies,113,Common,0.0,860.0,1000.0,3500.0,3000.0,0.0,0.0
2025-01-15 00:00:00+05:30,323,Gaddiannaram,1,Gaddiannaram,86,Water Melon,86,Common,0.0,1120.0,200.0,800.0,400.0,0.0,0.0
2025-01-15 00:00:00+05:30,323,Gaddiannaram,2,L.B Nagar,118,Field Beans,118,Common,0.0,7.0,4000.0,4500.0,4200.0,0.0,0.0
2025-01-16 00:00:00+05:30,325,Hyderabad,6,Madannapeta,123,Ribbed Gourd,123,Common,0.0,17.0,2000.0,2500.0,2250.0,0.0,0.0
2025-01-16 00:00:00+05:30,323,Gaddiannaram,2,L.B Nagar,118,Field Beans,118,Common,0.0,22.0,4000.0,4500.0,4200.0,0.0,0.0
2025-01-16 00:00:00+05:30,324,Bowenpally,3,Bowenpally,113,Green Chillies,113,Common,0.0,630.0,1000.0,5000.0,4000.0,0.0,0.0
2025-01-16 00:00:00+05:30,279,Thirumalagiri,9,Tirmalagiri,15,Red Gram,15,Common,0.0,130.0,6300.0,7042.0,6732.0,0.0,0.0
2025-01-16 00:00:00+05:30,246,Warangal,886,Warangal,17,Black Gram,17,Common,0.0,1.34,5529.0,5529.0,5529.0,0.0,0.0
2025-01-16 00:00:00+05:30,256,Khammam,1067,Khammam,54,Chillies(Dry),268,Talu,0.0,566.0,5000.0,7000.0,6500.0,0.0,0.0
2025-01-16 00:00:00+05:30,367,Gudimalkapur,1571,Gudumalkapur,114,Tomato,114,Common,0.0,1687.0,400.0,1200.0,600.0,0.0,0.0
2025-01-17 00:00:00+05:30,323,Gaddiannaram,1,Gaddiannaram,86,Water Melon,86,Common,0.0,1850.0,400.0,800.0,500.0,0.0,0.0
2025-01-16 00:00:00+05:30,331,Vantimamidi,1612,Vantimamidi,114,Tomato,197,Local,0.0,4.0,2000.0,2000.0,2000.0,0.0,0.0
2025-01-16 00:00:00+05:30,300,Badepally,1327,Badepally,30,Groundnut pods,30,Common,0.0,1949.0,4389.0,6569.0,6191.0,0.0,0.0
2025-01-17 00:00:00+05:30,325,Hyderabad,6,Madannapeta,123,Ribbed Gourd,123,Common,0.0,27.0,1500.0,2000.0,1750.0,0.0,0.0
2025-01-17 00:00:00+05:30,323,Gaddiannaram,2,L.B Nagar,118,Field Beans,118,Common,0.0,22.0,4000.0,4500.0,4200.0,0.0,0.0
2025-01-17 00:00:00+05:30,324,Bowenpally,3,Bowenpally,113,Green Chillies,113,Common,0.0,1297.0,1000.0,3500.0,2500.0,0.0,0.0
2025-01-17 00:00:00+05:30,279,Thirumalagiri,9,Tirmalagiri,15,Red Gram,15,Common,0.0,369.0,5189.0,7182.0,6645.0,0.0,0.0
2025-01-17 00:00:00+05:30,256,Khammam,1067,Khammam,54,Chillies(Dry),268,Talu,0.0,284.0,5000.0,6800.0,6500.0,0.0,0.0
2025-01-17 00:00:00+05:30,222,Karimnagar,1121,Karimnagar,25,Cotton,25,Common,0.0,15.0,6211.0,6601.0,6321.0,0.0,0.0
2025-01-17 00:00:00+05:30,278,Suryapet,1091,Suryapet,22,Cowpea,22,Common,0.0,2.0,6666.0,6666.0,6666.0,0.0,0.0
2025-01-17 00:00:00+05:30,331,Vantimamidi,1612,Vantimamidi,114,Tomato,197,Local,0.0,11.0,1000.0,1500.0,1250.0,0.0,0.0
2025-01-17 00:00:00+05:30,310,Shadnagar,1330,Shadnagar,111,Brinjal,111,Common,0.0,10.0,600.0,1000.0,800.0,0.0,0.0
2025-01-17 00:00:00+05:30,300,Badepally,1327,Badepally,30,Groundnut pods,30,Common,0.0,3963.0,3809.0,6616.0,5790.0,0.0,0.0
2025-01-18 00:00:00+05:30,324,Bowenpally,3,Bowenpally,113,Green Chillies,113,Common,0.0,1003.0,1000.0,4000.0,3000.0,0.0,0.0
2025-01-18 00:00:00+05:30,323,Gaddiannaram,2,L.B Nagar,118,Field Beans,118,Common,0.0,25.0,4000.0,4500.0,4200.0,0.0,0.0
2025-01-18 00:00:00+05:30,279,Thirumalagiri,9,Tirmalagiri,15,Red Gram,15,Common,0.0,221.0,6896.0,7209.0,7069.0,0.0,0.0
2025-01-18 00:00:00+05:30,325,Hyderabad,6,Madannapeta,123,Ribbed Gourd,123,Common,0.0,12.0,2000.0,2500.0,2250.0,0.0,0.0
2025-01-18 00:00:00+05:30,278,Suryapet,1091,Suryapet,22,Cowpea,22,Common,0.0,4.0,7152.0,7152.0,7152.0,0.0,0.0
2025-01-18 00:00:00+05:30,300,Badepally,1327,Badepally,30,Groundnut pods,30,Common,0.0,5071.0,3351.0,6629.0,5819.0,0.0,0.0
2025-01-18 00:00:00+05:30,310,Shadnagar,1330,Shadnagar,111,Brinjal,111,Common,0.0,10.0,800.0,1200.0,1000.0,0.0,0.0
2025-01-18 00:00:00+05:30,367,Gudimalkapur,1571,Gudumalkapur,114,Tomato,114,Common,0.0,3466.0,300.0,800.0,600.0,0.0,0.0
2025-01-18 00:00:00+05:30,331,Vantimamidi,1612,Vantimamidi,114,Tomato,197,Local,0.0,13.0,1000.0,1000.0,1000.0,0.0,0.0
2025-01-19 00:00:00+05:30,323,Gaddiannaram,1,Gaddiannaram,86,Water Melon,86,Common,0.0,2315.0,400.0,800.0,500.0,0.0,0.0
2025-01-19 00:00:00+05:30,324,Bowenpally,3,Bowenpally,113,Green Chillies,113,Common,0.0,1213.0,1000.0,3500.0,2600.0,0.0,0.0
2025-01-19 00:00:00+05:30,325,Hyderabad,6,Madannapeta,123,Ribbed Gourd,123,Common,0.0,9.0,2000.0,2000.0,2000.0,0.0,0.0
2025-01-19 00:00:00+05:30,323,Gaddiannaram,2,L.B Nagar,118,Field Beans,118,Common,0.0,20.0,4000.0,4500.0,4200.0,0.0,0.0
2025-01-19 00:00:00+05:30,367,Gudimalkapur,1571,Gudumalkapur,114,Tomato,114,Common,0.0,2931.0,300.0,800.0,400.0,0.0,0.0
2025-01-20 00:00:00+05:30,324,Bowenpally,3,Bowenpally,113,Green Chillies,113,Common,0.0,1089.0,1000.0,3500.0,3000.0,0.0,0.0
2025-01-20 00:00:00+05:30,323,Gaddiannaram,1,Gaddiannaram,86,Water Melon,86,Common,0.0,2270.0,400.0,800.0,500.0,0.0,0.0
2025-01-20 00:00:00+05:30,323,Gaddiannaram,2,L.B Nagar,118,Field Beans,118,Common,0.0,11.0,3500.0,4000.0,3700.0,0.0,0.0
2025-01-20 00:00:00+05:30,325,Hyderabad,6,Madannapeta,123,Ribbed Gourd,123,Common,0.0,15.0,2000.0,2000.0,2000.0,0.0,0.0
2025-01-20 00:00:00+05:30,246,Warangal,886,Warangal,17,Black Gram,17,Common,0.0,64.55,5622.0,7252.0,6825.0,0.0,0.0
2025-01-20 00:00:00+05:30,300,Badepally,1327,Badepally,30,Groundnut pods,30,Common,0.0,6614.0,4029.0,6569.0,6291.0,0.0,0.0
2025-01-20 00:00:00+05:30,222,Karimnagar,1121,Karimnagar,25,Cotton,25,Common,0.0,16.0,6375.0,6725.0,6555.0,0.0,0.0
2025-01-20 00:00:00+05:30,256,Khammam,1067,Khammam,54,Chillies(Dry),268,Talu,0.0,507.0,5000.0,7000.0,6000.0,0.0,0.0
2025-01-20 00:00:00+05:30,278,Suryapet,1091,Suryapet,22,Cowpea,22,Common,0.0,7.0,3059.0,7059.0,7059.0,0.0,0.0
2025-01-20 00:00:00+05:30,279,Thirumalagiri,9,Tirmalagiri,15,Red Gram,15,Common,0.0,492.0,6582.0,7186.0,6952.0,0.0,0.0
2025-01-21 00:00:00+05:30,324,Bowenpally,3,Bowenpally,113,Green Chillies,113,Common,0.0,1190.0,1000.0,4000.0,3000.0,0.0,0.0
2025-01-21 00:00:00+05:30,323,Gaddiannaram,1,Gaddiannaram,86,Water Melon,86,Common,0.0,1705.0,400.0,800.0,500.0,0.0,0.0
2025-01-21 00:00:00+05:30,323,Gaddiannaram,2,L.B Nagar,118,Field Beans,118,Common,0.0,25.0,3000.0,4000.0,3500.0,0.0,0.0
2025-01-20 00:00:00+05:30,367,Gudimalkapur,1571,Gudumalkapur,114,Tomato,114,Common,0.0,2043.0,200.0,600.0,400.0,0.0,0.0
2025-01-20 00:00:00+05:30,331,Vantimamidi,1612,Vantimamidi,114,Tomato,197,Local,0.0,11.0,900.0,900.0,900.0,0.0,0.0
2025-01-21 00:00:00+05:30,325,Hyderabad,5,Mahabubmansion,62,Ginger,62,Common,0.0,484.0,1200.0,3500.0,2250.0,0.0,0.0
2025-01-21 00:00:00+05:30,325,Hyderabad,6,Madannapeta,123,Ribbed Gourd,123,Common,0.0,9.0,2000.0,2000.0,2000.0,0.0,0.0
2025-01-21 00:00:00+05:30,246,Warangal,886,Warangal,17,Black Gram,17,Common,0.0,1.51,7402.0,7402.0,7402.0,0.0,0.0
2025-01-21 00:00:00+05:30,222,Karimnagar,1121,Karimnagar,25,Cotton,25,Common,0.0,15.0,6001.0,6611.0,6611.0,0.0,0.0
2025-01-21 00:00:00+05:30,256,Khammam,1067,Khammam,54,Chillies(Dry),268,Talu,0.0,311.0,5200.0,7800.0,7200.0,0.0,0.0
2025-01-21 00:00:00+05:30,278,Suryapet,1091,Suryapet,22,Cowpea,22,Common,0.0,4.0,7122.0,7319.0,7319.0,0.0,0.0
2025-01-21 00:00:00+05:30,279,Thirumalagiri,9,Tirmalagiri,15,Red Gram,15,Common,0.0,605.0,6200.0,7133.0,6896.0,0.0,0.0
2025-01-22 00:00:00+05:30,324,Bowenpally,3,Bowenpally,113,Green Chillies,113,Common,0.0,1045.0,1500.0,4000.0,3000.0,0.0,0.0
2025-01-22 00:00:00+05:30,323,Gaddiannaram,1,Gaddiannaram,86,Water Melon,86,Common,0.0,1290.0,400.0,800.0,500.0,0.0,0.0
2025-01-22 00:00:00+05:30,323,Gaddiannaram,2,L.B Nagar,118,Field Beans,118,Common,0.0,33.0,3000.0,4000.0,3500.0,0.0,0.0
2025-01-21 00:00:00+05:30,367,Gudimalkapur,1571,Gudumalkapur,114,Tomato,114,Common,0.0,1700.0,300.0,600.0,400.0,0.0,0.0
2025-01-21 00:00:00+05:30,310,Shadnagar,1330,Shadnagar,111,Brinjal,111,Common,0.0,12.0,1200.0,1800.0,1500.0,0.0,0.0
2025-01-22 00:00:00+05:30,325,Hyderabad,6,Madannapeta,123,Ribbed Gourd,123,Common,0.0,14.0,2000.0,2500.0,2250.0,0.0,0.0
2025-01-22 00:00:00+05:30,246,Warangal,886,Warangal,17,Black Gram,17,Common,0.0,10.26,7022.0,7022.0,7022.0,0.0,0.0
2025-01-22 00:00:00+05:30,222,Karimnagar,1121,Karimnagar,25,Cotton,25,Common,0.0,50.0,6085.0,6611.0,6521.0,0.0,0.0
2025-01-22 00:00:00+05:30,310,Shadnagar,1330,Shadnagar,111,Brinjal,111,Common,0.0,12.0,800.0,1500.0,1000.0,0.0,0.0
2025-01-22 00:00:00+05:30,256,Khammam,1067,Khammam,54,Chillies(Dry),268,Talu,0.0,523.0,4000.0,8000.0,6800.0,0.0,0.0
2025-01-22 00:00:00+05:30,279,Thirumalagiri,9,Tirmalagiri,15,Red Gram,15,Common,0.0,482.0,6363.0,7196.0,6966.0,0.0,0.0
2025-01-23 00:00:00+05:30,323,Gaddiannaram,1,Gaddiannaram,86,Water Melon,86,Common,0.0,1612.0,400.0,800.0,500.0,0.0,0.0
2025-01-23 00:00:00+05:30,323,Gaddiannaram,2,L.B Nagar,118,Field Beans,118,Common,0.0,32.0,4000.0,4500.0,4200.0,0.0,0.0
2025-01-23 00:00:00+05:30,324,Bowenpally,3,Bowenpally,113,Green Chillies,113,Common,0.0,1147.0,1000.0,4000.0,3000.0,0.0,0.0
2025-01-22 00:00:00+05:30,331,Vantimamidi,1612,Vantimamidi,114,Tomato,197,Local,0.0,6.0,500.0,800.0,650.0,0.0,0.0
2025-01-22 00:00:00+05:30,300,Badepally,1327,Badepally,30,Groundnut pods,30,Common,0.0,4981.0,3169.0,6349.0,5561.0,0.0,0.0
2025-01-22 00:00:00+05:30,367,Gudimalkapur,1571,Gudumalkapur,114,Tomato,114,Common,0.0,1732.0,300.0,800.0,500.0,0.0,0.0
2025-01-23 00:00:00+05:30,246,Warangal,886,Warangal,17,Black Gram,17,Common,0.0,7.29,6309.0,7810.0,6309.0,0.0,0.0
2025-01-23 00:00:00+05:30,325,Hyderabad,6,Madannapeta,123,Ribbed Gourd,123,Common,0.0,9.0,3000.0,3000.0,3000.0,0.0,0.0
2025-01-23 00:00:00+05:30,300,Badepally,1327,Badepally,30,Groundnut pods,30,Common,0.0,4144.0,3237.0,6401.0,5295.0,0.0,0.0
2025-01-23 00:00:00+05:30,222,Karimnagar,1121,Karimnagar,25,Cotton,25,Common,0.0,33.0,6555.0,6611.0,6575.0,0.0,0.0
2025-01-23 00:00:00+05:30,319,Shankerpally,40,Shankerpally,114,Tomato,197,Local,0.0,5.4,1250.0,1250.0,1250.0,0.0,0.0
2025-01-23 00:00:00+05:30,279,Thirumalagiri,9,Tirmalagiri,15,Red Gram,15,Common,0.0,586.0,6989.0,7239.0,7089.0,0.0,0.0
2025-01-23 00:00:00+05:30,256,Khammam,1067,Khammam,54,Chillies(Dry),268,Talu,0.0,498.0,4000.0,7200.0,7000.0,0.0,0.0
2025-01-23 00:00:00+05:30,310,Shadnagar,1330,Shadnagar,111,Brinjal,111,Common,0.0,10.0,800.0,1500.0,1000.0,0.0,0.0
2025-01-23 00:00:00+05:30,367,Gudimalkapur,1571,Gudumalkapur,114,Tomato,114,Common,0.0,1993.0,400.0,1200.0,600.0,0.0,0.0
2025-01-24 00:00:00+05:30,324,Bowenpally,3,Bowenpally,113,Green Chillies,113,Common,0.0,1362.0,1000.0,4000.0,3000.0,0.0,0.0
2025-01-24 00:00:00+05:30,323,Gaddiannaram,1,Gaddiannaram,86,Water Melon,86,Common,0.0,3259.0,400.0,800.0,500.0,0.0,0.0
2025-01-24 00:00:00+05:30,323,Gaddiannaram,2,L.B Nagar,118,Field Beans,118,Common,0.0,20.0,4000.0,4500.0,4200.0,0.0,0.0
2025-01-24 00:00:00+05:30,279,Thirumalagiri,9,Tirmalagiri,15,Red Gram,15,Common,0.0,450.0,6696.0,7209.0,6989.0,0.0,0.0
2025-01-24 00:00:00+05:30,278,Suryapet,1091,Suryapet,22,Cowpea,22,Common,0.0,17.0,5152.0,7263.0,7229.0,0.0,0.0
2025-01-24 00:00:00+05:30,256,Khammam,1067,Khammam,54,Chillies(Dry),268,Talu,0.0,420.0,6000.0,8000.0,7000.0,0.0,0.0
2025-01-24 00:00:00+05:30,222,Karimnagar,1121,Karimnagar,25,Cotton,25,Common,0.0,28.0,6101.0,6655.0,6421.0,0.0,0.0
2025-01-24 00:00:00+05:30,325,Hyderabad,6,Madannapeta,123,Ribbed Gourd,123,Common,0.0,17.0,3000.0,3000.0,3000.0,0.0,0.0
2025-01-25 00:00:00+05:30,324,Bowenpally,3,Bowenpally,113,Green Chillies,113,Common,0.0,1322.0,1000.0,4000.0,3000.0,0.0,0.0
2025-01-25 00:00:00+05:30,323,Gaddiannaram,1,Gaddiannaram,86,Water Melon,86,Common,0.0,1547.0,400.0,800.0,500.0,0.0,0.0
2025-01-25 00:00:00+05:30,323,Gaddiannaram,2,L.B Nagar,118,Field Beans,118,Common,0.0,25.0,4000.0,4500.0,4200.0,0.0,0.0
2025-01-24 00:00:00+05:30,331,Vantimamidi,1612,Vantimamidi,114,Tomato,197,Local,0.0,2.0,500.0,500.0,500.0,0.0,0.0
2025-01-24 00:00:00+05:30,310,Shadnagar,1330,Shadnagar,111,Brinjal,111,Common,0.0,10.0,800.0,1500.0,1000.0,0.0,0.0
2025-01-24 00:00:00+05:30,300,Badepally,1327,Badepally,30,Groundnut pods,30,Common,0.0,3782.0,3515.0,6389.0,5886.0,0.0,0.0
2025-01-24 00:00:00+05:30,367,Gudimalkapur,1571,Gudumalkapur,114,Tomato,114,Common,0.0,2150.0,400.0,1000.0,600.0,0.0,0.0
2025-01-25 00:00:00+05:30,325,Hyderabad,6,Madannapeta,123,Ribbed Gourd,123,Common,0.0,17.0,2800.0,3000.0,2900.0,0.0,0.0
2025-01-25 00:00:00+05:30,279,Thirumalagiri,9,Tirmalagiri,15,Red Gram,15,Common,0.0,530.0,5869.0,7092.0,6947.0,0.0,0.0
2025-01-25 00:00:00+05:30,367,Gudimalkapur,1571,Gudumalkapur,114,Tomato,114,Common,0.0,1728.0,300.0,800.0,600.0,0.0,0.0
2025-01-25 00:00:00+05:30,331,Vantimamidi,1612,Vantimamidi,114,Tomato,197,Local,0.0,5.0,800.0,1200.0,1000.0,0.0,0.0
2025-01-25 00:00:00+05:30,300,Badepally,1327,Badepally,30,Groundnut pods,30,Common,0.0,4281.0,3009.0,6202.0,5435.0,0.0,0.0
2025-01-25 00:00:00+05:30,310,Shadnagar,1330,Shadnagar,111,Brinjal,111,Common,0.0,12.0,800.0,1200.0,1000.0,0.0,0.0
2025-01-26 00:00:00+05:30,323,Gaddiannaram,2,L.B Nagar,118,Field Beans,118,Common,0.0,23.0,4000.0,4500.0,4200.0,0.0,0.0
2025-01-26 00:00:00+05:30,323,Gaddiannaram,1,Gaddiannaram,86,Water Melon,86,Common,0.0,2010.0,400.0,800.0,500.0,0.0,0.0
2025-01-26 00:00:00+05:30,324,Bowenpally,3,Bowenpally,113,Green Chillies,113,Common,0.0,1706.0,2000.0,4000.0,3500.0,0.0,0.0
2025-01-26 00:00:00+05:30,325,Hyderabad,6,Madannapeta,123,Ribbed Gourd,123,Common,0.0,9.0,3000.0,3000.0,3000.0,0.0,0.0
2025-01-26 00:00:00+05:30,367,Gudimalkapur,1571,Gudumalkapur,114,Tomato,114,Common,0.0,1696.0,400.0,800.0,600.0,0.0,0.0
2025-01-27 00:00:00+05:30,323,Gaddiannaram,1,Gaddiannaram,86,Water Melon,86,Common,0.0,3149.0,400.0,800.0,500.0,0.0,0.0
2025-01-27 00:00:00+05:30,323,Gaddiannaram,2,L.B Nagar,118,Field Beans,118,Common,0.0,20.0,4000.0,4500.0,4200.0,0.0,0.0
2025-01-27 00:00:00+05:30,325,Hyderabad,6,Madannapeta,123,Ribbed Gourd,123,Common,0.0,14.0,2000.0,3000.0,2500.0,0.0,0.0
2025-01-26 00:00:00+05:30,310,Shadnagar,1330,Shadnagar,111,Brinjal,111,Common,0.0,10.0,600.0,1000.0,800.0,0.0,0.0
2025-01-27 00:00:00+05:30,279,Thirumalagiri,9,Tirmalagiri,15,Red Gram,15,Common,0.0,558.0,6666.0,7209.0,6846.0,0.0,0.0
2025-01-27 00:00:00+05:30,246,Warangal,886,Warangal,17,Black Gram,17,Common,0.0,21.39,5322.0,7512.0,7512.0,0.0,0.0
2025-01-27 00:00:00+05:30,310,Shadnagar,1330,Shadnagar,111,Brinjal,111,Common,0.0,10.0,800.0,1500.0,1000.0,0.0,0.0
2025-01-27 00:00:00+05:30,300,Badepally,1327,Badepally,30,Groundnut pods,30,Common,0.0,5981.0,3009.0,6229.0,5632.0,0.0,0.0
2025-01-27 00:00:00+05:30,222,Karimnagar,1121,Karimnagar,25,Cotton,25,Common,0.0,53.0,6000.0,6521.0,6362.0,0.0,0.0
2025-01-27 00:00:00+05:30,256,Khammam,1067,Khammam,54,Chillies(Dry),268,Talu,0.0,908.0,5700.0,7000.0,6600.0,0.0,0.0
2025-01-28 00:00:00+05:30,323,Gaddiannaram,1,Gaddiannaram,86,Water Melon,86,Common,0.0,2530.0,400.0,800.0,500.0,0.0,0.0
2025-01-27 00:00:00+05:30,331,Vantimamidi,1612,Vantimamidi,114,Tomato,197,Local,0.0,1.0,1000.0,1800.0,1400.0,0.0,0.0
2025-01-27 00:00:00+05:30,367,Gudimalkapur,1571,Gudumalkapur,114,Tomato,114,Common,0.0,1868.0,400.0,1000.0,600.0,0.0,0.0
2025-01-28 00:00:00+05:30,323,Gaddiannaram,2,L.B Nagar,118,Field Beans,118,Common,0.0,27.0,4000.0,4500.0,4200.0,0.0,0.0
2025-01-28 00:00:00+05:30,324,Bowenpally,3,Bowenpally,113,Green Chillies,113,Common,0.0,1929.0,1000.0,4000.0,3000.0,0.0,0.0
2025-01-28 00:00:00+05:30,325,Hyderabad,6,Madannapeta,123,Ribbed Gourd,123,Common,0.0,9.0,3000.0,3000.0,3000.0,0.0,0.0
2025-01-28 00:00:00+05:30,279,Thirumalagiri,9,Tirmalagiri,15,Red Gram,15,Common,0.0,608.0,5761.0,7039.0,6586.0,0.0,0.0
2025-01-28 00:00:00+05:30,256,Khammam,1067,Khammam,54,Chillies(Dry),268,Talu,0.0,696.0,5000.0,7000.0,6900.0,0.0,0.0
2025-01-29 00:00:00+05:30,323,Gaddiannaram,1,Gaddiannaram,86,Water Melon,86,Common,0.0,2495.0,400.0,800.0,500.0,0.0,0.0
2025-01-29 00:00:00+05:30,331,Vantimamidi,1612,Vantimamidi,114,Tomato,197,Local,0.0,3.0,800.0,1000.0,900.0,0.0,0.0
2025-01-28 00:00:00+05:30,367,Gudimalkapur,1571,Gudumalkapur,114,Tomato,114,Common,0.0,2348.0,400.0,1200.0,600.0,0.0,0.0
2025-01-28 00:00:00+05:30,222,Karimnagar,1121,Karimnagar,25,Cotton,25,Common,0.0,52.0,6029.0,6612.0,6557.0,0.0,0.0
2025-01-28 00:00:00+05:30,310,Shadnagar,1330,Shadnagar,111,Brinjal,111,Common,0.0,12.0,800.0,1500.0,1000.0,0.0,0.0
2025-01-30 00:00:00+05:30,323,Gaddiannaram,1,Gaddiannaram,86,Water Melon,86,Common,0.0,3760.0,400.0,800.0,500.0,0.0,0.0
2025-01-30 00:00:00+05:30,323,Gaddiannaram,2,L.B Nagar,118,Field Beans,118,Common,0.0,35.0,4000.0,4500.0,4200.0,0.0,0.0
2025-01-30 00:00:00+05:30,324,Bowenpally,3,Bowenpally,113,Green Chillies,113,Common,0.0,2062.0,1000.0,3500.0,2800.0,0.0,0.0
2025-01-30 00:00:00+05:30,279,Thirumalagiri,9,Tirmalagiri,15,Red Gram,15,Common,0.0,714.0,6329.0,6969.0,6647.0,0.0,0.0
2025-01-30 00:00:00+05:30,325,Hyderabad,6,Madannapeta,123,Ribbed Gourd,123,Common,0.0,14.0,2500.0,3000.0,2750.0,0.0,0.0
2025-01-29 00:00:00+05:30,310,Shadnagar,1330,Shadnagar,111,Brinjal,111,Common,0.0,10.0,800.0,1200.0,1100.0,0.0,0.0
2025-01-30 00:00:00+05:30,367,Gudimalkapur,1571,Gudumalkapur,114,Tomato,114,Common,0.0,3025.0,400.0,1000.0,600.0,0.0,0.0
2025-01-30 00:00:00+05:30,256,Khammam,1067,Khammam,54,Chillies(Dry),268,Talu,0.0,169.0,5800.0,6750.0,6700.0,0.0,0.0
2025-01-31 00:00:00+05:30,323,Gaddiannaram,1,Gaddiannaram,86,Water Melon,86,Common,0.0,3410.0,400.0,800.0,500.0,0.0,0.0
2025-01-31 00:00:00+05:30,323,Gaddiannaram,2,L.B Nagar,118,Field Beans,118,Common,0.0,31.0,3000.0,4000.0,3500.0,0.0,0.0
2025-01-30 00:00:00+05:30,310,Shadnagar,1330,Shadnagar,111,Brinjal,111,Common,0.0,15.0,1000.0,1500.0,1200.0,0.0,0.0
2025-01-30 00:00:00+05:30,222,Karimnagar,1121,Karimnagar,25,Cotton,25,Common,0.0,38.0,6181.0,6557.0,6277.0,0.0,0.0
2025-01-31 00:00:00+05:30,325,Hyderabad,6,Madannapeta,123,Ribbed Gourd,123,Common,0.0,9.0,3000.0,3000.0,3000.0,0.0,0.0
2025-01-31 00:00:00+05:30,324,Bowenpally,3,Bowenpally,113,Green Chillies,113,Common,0.0,1307.0,1000.0,3000.0,2500.0,0.0,0.0
2025-01-31 00:00:00+05:30,279,Thirumalagiri,9,Tirmalagiri,15,Red Gram,15,Common,0.0,445.0,6061.0,6968.0,6568.0,0.0,0.0
2025-01-31 00:00:00+05:30,256,Khammam,1067,Khammam,54,Chillies(Dry),268,Talu,0.0,348.0,5700.0,7200.0,6800.0,0.0,0.0
2025-01-31 00:00:00+05:30,222,Karimnagar,1121,Karimnagar,25,Cotton,25,Common,0.0,32.0,6001.0,6611.0,6321.0,0.0,0.0
2025-01-31 00:00:00+05:30,278,Suryapet,1091,Suryapet,22,Cowpea,22,Common,0.0,1.0,5652.0,5652.0,5652.0,0.0,0.0
2025-01-31 00:00:00+05:30,331,Vantimamidi,1612,Vantimamidi,114,Tomato,197,Local,0.0,4.0,600.0,1000.0,800.0,0.0,0.0
2025-01-31 00:00:00+05:30,367,Gudimalkapur,1571,Gudumalkapur,114,Tomato,114,Common,0.0,2540.0,400.0,1000.0,700.0,0.0,0.0
2025-01-25 00:00:00+05:30,325,Hyderabad,6,Madannapeta,125,Bitter Gourd,125,Common,0.0,7.0,3000.0,3000.0,3000.0,0.0,0.0
2025-01-24 00:00:00+05:30,367,Gudimalkapur,1571,Gudumalkapur,115,Green Peas,115,Common,0.0,190.0,2000.0,3200.0,2500.0,0.0,0.0
2025-01-24 00:00:00+05:30,310,Shadnagar,1330,Shadnagar,112,Ladys Finger,112,Common,0.0,12.0,2000.0,2500.0,2300.0,0.0,0.0
2025-01-25 00:00:00+05:30,323,Gaddiannaram,2,L.B Nagar,121,Snake Gourd,121,Common,0.0,5.0,1000.0,1000.0,1000.0,0.0,0.0
2025-01-25 00:00:00+05:30,323,Gaddiannaram,1,Gaddiannaram,87,Pine apple,87,Common,0.0,380.0,480.0,3520.0,800.0,0.0,0.0
2025-01-24 00:00:00+05:30,325,Hyderabad,6,Madannapeta,125,Bitter Gourd,125,Common,0.0,4.0,2000.0,3000.0,2500.0,0.0,0.0
2025-01-24 00:00:00+05:30,325,Hyderabad,5,Mahabubmansion,68,Tamarind,221,No.I,0.0,44.0,8000.0,11000.0,9000.0,0.0,0.0
2025-01-24 00:00:00+05:30,246,Warangal,886,Warangal,22,Cowpea,262,Black,0.0,13.32,6002.0,7212.0,6111.0,0.0,0.0
2025-01-24 00:00:00+05:30,279,Thirumalagiri,9,Tirmalagiri,16,Green Gram,16,Common,0.0,8.0,6000.0,6833.0,6773.0,0.0,0.0
2025-01-24 00:00:00+05:30,323,Gaddiannaram,1,Gaddiannaram,87,Pine apple,87,Common,0.0,965.0,480.0,3520.0,800.0,0.0,0.0
2025-01-23 00:00:00+05:30,367,Gudimalkapur,1571,Gudumalkapur,115,Green Peas,115,Common,0.0,103.0,2000.0,3500.0,2500.0,0.0,0.0
2025-01-23 00:00:00+05:30,310,Shadnagar,1330,Shadnagar,112,Ladys Finger,112,Common,0.0,12.0,2000.0,2600.0,2300.0,0.0,0.0
2025-01-23 00:00:00+05:30,188,Bhainsa,11,Bhainsa,75,Soyabean,214,Yellow,0.0,165.15,3581.0,4191.0,4161.0,0.0,0.0
2025-01-23 00:00:00+05:30,325,Hyderabad,6,Madannapeta,125,Bitter Gourd,125,Common,0.0,2.0,3000.0,3000.0,3000.0,0.0,0.0
2025-01-23 00:00:00+05:30,325,Hyderabad,5,Mahabubmansion,68,Tamarind,221,No.I,0.0,61.0,8000.0,11000.0,9000.0,0.0,0.0
2025-01-23 00:00:00+05:30,246,Warangal,886,Warangal,22,Cowpea,262,Black,0.0,42.4,6269.0,7209.0,6750.0,0.0,0.0
2025-01-22 00:00:00+05:30,367,Gudimalkapur,1571,Gudumalkapur,115,Green Peas,115,Common,0.0,108.0,2000.0,3500.0,2500.0,0.0,0.0
2025-01-23 00:00:00+05:30,323,Gaddiannaram,2,L.B Nagar,121,Snake Gourd,121,Common,0.0,1.0,1000.0,1000.0,1000.0,0.0,0.0
2025-01-23 00:00:00+05:30,323,Gaddiannaram,1,Gaddiannaram,87,Pine apple,87,Common,0.0,485.0,480.0,3520.0,800.0,0.0,0.0
2025-01-22 00:00:00+05:30,279,Thirumalagiri,9,Tirmalagiri,16,Green Gram,16,Common,0.0,3.0,4711.0,6100.0,5011.0,0.0,0.0
2025-01-22 00:00:00+05:30,188,Bhainsa,11,Bhainsa,75,Soyabean,214,Yellow,0.0,138.57,2525.0,4423.0,4216.0,0.0,0.0
2025-01-22 00:00:00+05:30,310,Shadnagar,1330,Shadnagar,112,Ladys Finger,112,Common,0.0,10.0,2200.0,2800.0,2500.0,0.0,0.0
2025-01-22 00:00:00+05:30,246,Warangal,886,Warangal,22,Cowpea,262,Black,0.0,54.42,6722.0,7328.0,6952.0,0.0,0.0
2025-01-22 00:00:00+05:30,325,Hyderabad,6,Madannapeta,125,Bitter Gourd,125,Common,0.0,2.0,3000.0,3000.0,3000.0,0.0,0.0
2025-01-22 00:00:00+05:30,325,Hyderabad,5,Mahabubmansion,68,Tamarind,221,No.I,0.0,61.0,8500.0,10000.0,9000.0,0.0,0.0
2025-01-21 00:00:00+05:30,310,Shadnagar,1330,Shadnagar,112,Ladys Finger,112,Common,0.0,10.0,1800.0,2500.0,2000.0,0.0,0.0
2025-01-21 00:00:00+05:30,367,Gudimalkapur,1571,Gudumalkapur,115,Green Peas,115,Common,0.0,90.0,2000.0,3000.0,2500.0,0.0,0.0
2025-01-22 00:00:00+05:30,323,Gaddiannaram,2,L.B Nagar,121,Snake Gourd,121,Common,0.0,3.0,1500.0,1500.0,1500.0,0.0,0.0
2025-01-22 00:00:00+05:30,323,Gaddiannaram,1,Gaddiannaram,87,Pine apple,87,Common,0.0,570.0,480.0,3520.0,800.0,0.0,0.0
2025-01-21 00:00:00+05:30,279,Thirumalagiri,9,Tirmalagiri,16,Green Gram,16,Common,0.0,4.0,6111.0,6300.0,6300.0,0.0,0.0
2025-01-21 00:00:00+05:30,188,Bhainsa,11,Bhainsa,75,Soyabean,214,Yellow,0.0,159.77,2300.0,4253.0,4253.0,0.0,0.0
2025-01-21 00:00:00+05:30,246,Warangal,886,Warangal,22,Cowpea,262,Black,0.0,3.5,7251.0,7402.0,7363.0,0.0,0.0
2025-01-21 00:00:00+05:30,325,Hyderabad,6,Madannapeta,125,Bitter Gourd,125,Common,0.0,2.0,4000.0,4000.0,4000.0,0.0,0.0
2025-01-21 00:00:00+05:30,325,Hyderabad,5,Mahabubmansion,68,Tamarind,221,No.I,0.0,17.0,8000.0,11000.0,9000.0,0.0,0.0
2025-01-20 00:00:00+05:30,367,Gudimalkapur,1571,Gudumalkapur,115,Green Peas,115,Common,0.0,169.0,2000.0,3500.0,2500.0,0.0,0.0
2025-01-21 00:00:00+05:30,323,Gaddiannaram,2,L.B Nagar,121,Snake Gourd,121,Common,0.0,4.0,1000.0,2000.0,1500.0,0.0,0.0
2025-01-21 00:00:00+05:30,323,Gaddiannaram,1,Gaddiannaram,87,Pine apple,87,Common,0.0,320.0,480.0,3520.0,800.0,0.0,0.0
2025-01-20 00:00:00+05:30,279,Thirumalagiri,9,Tirmalagiri,16,Green Gram,16,Common,0.0,1.0,4651.0,4651.0,4651.0,0.0,0.0
2025-01-20 00:00:00+05:30,188,Bhainsa,11,Bhainsa,75,Soyabean,214,Yellow,0.0,124.75,3559.0,4235.0,4232.0,0.0,0.0
2025-01-20 00:00:00+05:30,246,Warangal,886,Warangal,22,Cowpea,262,Black,0.0,4.89,5122.0,7456.0,7456.0,0.0,0.0
2025-01-20 00:00:00+05:30,325,Hyderabad,6,Madannapeta,125,Bitter Gourd,125,Common,0.0,5.0,3000.0,3000.0,3000.0,0.0,0.0
2025-01-20 00:00:00+05:30,325,Hyderabad,5,Mahabubmansion,68,Tamarind,221,No.I,0.0,108.0,8000.0,11000.0,13000.0,0.0,0.0
2025-01-20 00:00:00+05:30,323,Gaddiannaram,2,L.B Nagar,121,Snake Gourd,121,Common,0.0,1.0,1000.0,1000.0,1000.0,0.0,0.0
2025-01-20 00:00:00+05:30,323,Gaddiannaram,1,Gaddiannaram,87,Pine apple,87,Common,0.0,660.0,480.0,3520.0,800.0,0.0,0.0
2025-01-19 00:00:00+05:30,367,Gudimalkapur,1571,Gudumalkapur,115,Green Peas,115,Common,0.0,308.0,2000.0,3500.0,2500.0,0.0,0.0
2025-01-19 00:00:00+05:30,323,Gaddiannaram,2,L.B Nagar,121,Snake Gourd,121,Common,0.0,1.0,1000.0,1000.0,1000.0,0.0,0.0
2025-01-19 00:00:00+05:30,325,Hyderabad,6,Madannapeta,125,Bitter Gourd,125,Common,0.0,2.0,4000.0,4000.0,4000.0,0.0,0.0
2025-01-19 00:00:00+05:30,323,Gaddiannaram,1,Gaddiannaram,87,Pine apple,87,Common,0.0,915.0,480.0,3520.0,800.0,0.0,0.0
2025-01-18 00:00:00+05:30,367,Gudimalkapur,1571,Gudumalkapur,115,Green Peas,115,Common,0.0,144.0,2000.0,3500.0,2500.0,0.0,0.0
2025-01-18 00:00:00+05:30,310,Shadnagar,1330,Shadnagar,112,Ladys Finger,112,Common,0.0,12.0,1800.0,2500.0,2000.0,0.0,0.0
2025-01-18 00:00:00+05:30,325,Hyderabad,6,Madannapeta,125,Bitter Gourd,125,Common,0.0,4.0,3000.0,3000.0,3000.0,0.0,0.0
2025-01-18 00:00:00+05:30,279,Thirumalagiri,9,Tirmalagiri,16,Green Gram,16,Common,0.0,1.0,4551.0,5261.0,5261.0,0.0,0.0
2025-01-18 00:00:00+05:30,188,Bhainsa,11,Bhainsa,75,Soyabean,214,Yellow,0.0,71.7,3838.0,4239.0,4186.0,0.0,0.0
2025-01-18 00:00:00+05:30,323,Gaddiannaram,2,L.B Nagar,121,Snake Gourd,121,Common,0.0,6.0,1000.0,1000.0,1000.0,0.0,0.0
2025-01-18 00:00:00+05:30,325,Hyderabad,5,Mahabubmansion,68,Tamarind,221,No.I,0.0,47.0,8000.0,11000.0,9000.0,0.0,0.0
2025-01-17 00:00:00+05:30,300,Badepally,1327,Badepally,31,Castor,31,Common,0.0,9.0,5420.0,5420.0,5420.0,0.0,0.0
2025-01-17 00:00:00+05:30,310,Shadnagar,1330,Shadnagar,112,Ladys Finger,112,Common,0.0,12.0,1800.0,2300.0,2000.0,0.0,0.0
2025-01-17 00:00:00+05:30,279,Thirumalagiri,9,Tirmalagiri,16,Green Gram,16,Common,0.0,2.0,5261.0,5261.0,526.0,0.0,0.0
2025-01-17 00:00:00+05:30,188,Bhainsa,11,Bhainsa,75,Soyabean,214,Yellow,0.0,125.39,3008.0,4221.0,4185.0,0.0,0.0
2025-01-17 00:00:00+05:30,325,Hyderabad,5,Mahabubmansion,68,Tamarind,221,No.I,0.0,32.0,8500.0,10000.0,9000.0,0.0,0.0
2025-01-17 00:00:00+05:30,246,Warangal,886,Warangal,22,Cowpea,262,Black,0.0,20.86,6758.0,7407.0,7308.0,0.0,0.0
2025-01-17 00:00:00+05:30,323,Gaddiannaram,2,L.B Nagar,121,Snake Gourd,121,Common,0.0,3.0,2000.0,2000.0,2000.0,0.0,0.0
2025-01-17 00:00:00+05:30,325,Hyderabad,6,Madannapeta,125,Bitter Gourd,125,Common,0.0,5.0,3000.0,5000.0,4000.0,0.0,0.0
2025-01-17 00:00:00+05:30,323,Gaddiannaram,1,Gaddiannaram,87,Pine apple,87,Common,0.0,765.0,450.0,3500.0,800.0,0.0,0.0
2025-01-16 00:00:00+05:30,367,Gudimalkapur,1571,Gudumalkapur,115,Green Peas,115,Common,0.0,124.0,2500.0,4000.0,3000.0,0.0,0.0
2025-01-16 00:00:00+05:30,246,Warangal,886,Warangal,22,Cowpea,262,Black,0.0,10.23,6718.0,7129.0,6718.0,0.0,0.0
2025-01-16 00:00:00+05:30,279,Thirumalagiri,9,Tirmalagiri,16,Green Gram,16,Common,0.0,2.0,6061.0,6311.0,6311.0,0.0,0.0
2025-01-16 00:00:00+05:30,188,Bhainsa,11,Bhainsa,75,Soyabean,214,Yellow,0.0,54.62,3436.0,4243.0,4234.0,0.0,0.0
2025-01-16 00:00:00+05:30,320,Tandur,37,Tandur,168,Cattle(All),168,Common,0.0,25.0,15000.0,96000.0,30000.0,0.0,0.0
2025-01-16 00:00:00+05:30,325,Hyderabad,5,Mahabubmansion,68,Tamarind,221,No.I,0.0,9.0,8000.0,10000.0,9000.0,0.0,0.0
2025-01-16 00:00:00+05:30,323,Gaddiannaram,2,L.B Nagar,121,Snake Gourd,121,Common,0.0,2.0,2000.0,2000.0,2000.0,0.0,0.0
2025-01-16 00:00:00+05:30,325,Hyderabad,6,Madannapeta,125,Bitter Gourd,125,Common,0.0,2.0,3000.0,3000.0,3000.0,0.0,0.0
2025-01-15 00:00:00+05:30,323,Gaddiannaram,1,Gaddiannaram,87,Pine apple,87,Common,0.0,180.0,450.0,3500.0,800.0,0.0,0.0
2025-01-15 00:00:00+05:30,310,Shadnagar,1330,Shadnagar,112,Ladys Finger,112,Common,0.0,5.0,1600.0,2000.0,1800.0,0.0,0.0
2025-01-16 00:00:00+05:30,323,Gaddiannaram,1,Gaddiannaram,87,Pine apple,87,Common,0.0,380.0,450.0,3500.0,800.0,0.0,0.0
2025-01-15 00:00:00+05:30,367,Gudimalkapur,1571,Gudumalkapur,115,Green Peas,115,Common,0.0,130.0,3000.0,4000.0,3500.0,0.0,0.0
2025-01-14 00:00:00+05:30,310,Shadnagar,1330,Shadnagar,112,Ladys Finger,112,Common,0.0,5.0,2000.0,2600.0,2300.0,0.0,0.0
2025-01-14 00:00:00+05:30,323,Gaddiannaram,1,Gaddiannaram,87,Pine apple,87,Common,0.0,340.0,450.0,3500.0,800.0,0.0,0.0
2025-01-14 00:00:00+05:30,323,Gaddiannaram,2,L.B Nagar,121,Snake Gourd,121,Common,0.0,1.0,2000.0,2000.0,2000.0,0.0,0.0
2025-01-13 00:00:00+05:30,367,Gudimalkapur,1571,Gudumalkapur,115,Green Peas,115,Common,0.0,101.0,2500.0,4000.0,3000.0,0.0,0.0
2025-01-13 00:00:00+05:30,310,Shadnagar,1330,Shadnagar,112,Ladys Finger,112,Common,0.0,10.0,800.0,1200.0,1000.0,0.0,0.0
2025-01-13 00:00:00+05:30,325,Hyderabad,6,Madannapeta,125,Bitter Gourd,125,Common,0.0,5.0,3000.0,3000.0,3000.0,0.0,0.0
2025-01-13 00:00:00+05:30,325,Hyderabad,5,Mahabubmansion,68,Tamarind,221,No.I,0.0,54.0,8000.0,10000.0,9000.0,0.0,0.0
2025-01-12 00:00:00+05:30,367,Gudimalkapur,1571,Gudumalkapur,115,Green Peas,115,Common,0.0,112.0,3000.0,4500.0,4000.0,0.0,0.0
2025-01-12 00:00:00+05:30,310,Shadnagar,1330,Shadnagar,112,Ladys Finger,112,Common,0.0,4.0,1800.0,2500.0,2000.0,0.0,0.0
2025-01-13 00:00:00+05:30,323,Gaddiannaram,2,L.B Nagar,121,Snake Gourd,121,Common,0.0,2.0,1500.0,1500.0,1500.0,0.0,0.0
2025-01-13 00:00:00+05:30,323,Gaddiannaram,1,Gaddiannaram,87,Pine apple,87,Common,0.0,195.0,450.0,3500.0,800.0,0.0,0.0
2025-01-11 00:00:00+05:30,367,Gudimalkapur,1571,Gudumalkapur,115,Green Peas,115,Common,0.0,169.0,3000.0,4000.0,3500.0,0.0,0.0
2025-01-11 00:00:00+05:30,310,Shadnagar,1330,Shadnagar,112,Ladys Finger,112,Common,0.0,12.0,1800.0,2500.0,2000.0,0.0,0.0
2025-01-12 00:00:00+05:30,323,Gaddiannaram,1,Gaddiannaram,87,Pine apple,87,Common,0.0,415.0,450.0,3500.0,800.0,0.0,0.0
2025-01-12 00:00:00+05:30,325,Hyderabad,6,Madannapeta,125,Bitter Gourd,125,Common,0.0,2.0,3000.0,3000.0,3000.0,0.0,0.0
2025-01-11 00:00:00+05:30,325,Hyderabad,6,Madannapeta,125,Bitter Gourd,125,Common,0.0,8.0,2000.0,3000.0,2500.0,0.0,0.0
2025-01-11 00:00:00+05:30,188,Bhainsa,11,Bhainsa,75,Soyabean,214,Yellow,0.0,61.2,3636.0,4239.0,3854.0,0.0,0.0
2025-01-11 00:00:00+05:30,323,Gaddiannaram,2,L.B Nagar,121,Snake Gourd,121,Common,0.0,1.0,1000.0,1500.0,1200.0,0.0,0.0
2025-01-11 00:00:00+05:30,325,Hyderabad,5,Mahabubmansion,68,Tamarind,221,No.I,0.0,34.0,8000.0,10000.0,9000.0,0.0,0.0
2025-01-10 00:00:00+05:30,310,Shadnagar,1330,Shadnagar,112,Ladys Finger,112,Common,0.0,12.0,2000.0,2600.0,2300.0,0.0,0.0
2025-01-10 00:00:00+05:30,367,Gudimalkapur,1571,Gudumalkapur,115,Green Peas,115,Common,0.0,69.0,3000.0,4000.0,3500.0,0.0,0.0
2025-01-11 00:00:00+05:30,323,Gaddiannaram,1,Gaddiannaram,87,Pine apple,87,Common,0.0,90.0,480.0,3520.0,800.0,0.0,0.0
2025-01-10 00:00:00+05:30,188,Bhainsa,11,Bhainsa,75,Soyabean,214,Yellow,0.0,111.29,3618.0,4252.0,4252.0,0.0,0.0
2025-01-10 00:00:00+05:30,246,Warangal,886,Warangal,22,Cowpea,262,Black,0.0,22.31,7280.0,7401.0,7323.0,0.0,0.0
2025-01-10 00:00:00+05:30,325,Hyderabad,6,Madannapeta,125,Bitter Gourd,125,Common,0.0,2.0,3000.0,3000.0,3000.0,0.0,0.0
2025-01-10 00:00:00+05:30,325,Hyderabad,5,Mahabubmansion,68,Tamarind,221,No.I,0.0,62.0,8000.0,10000.0,9000.0,0.0,0.0
2025-01-10 00:00:00+05:30,323,Gaddiannaram,1,Gaddiannaram,87,Pine apple,87,Common,0.0,480.0,450.0,3500.0,800.0,0.0,0.0
2025-01-09 00:00:00+05:30,310,Shadnagar,1330,Shadnagar,112,Ladys Finger,112,Common,0.0,10.0,1800.0,2600.0,2000.0,0.0,0.0
2025-01-09 00:00:00+05:30,367,Gudimalkapur,1571,Gudumalkapur,115,Green Peas,115,Common,0.0,163.0,3000.0,3500.0,3000.0,0.0,0.0
2025-01-09 00:00:00+05:30,320,Tandur,37,Tandur,168,Cattle(All),168,Common,0.0,41.0,15000.0,50000.0,30000.0,0.0,0.0
2025-01-09 00:00:00+05:30,188,Bhainsa,11,Bhainsa,75,Soyabean,214,Yellow,0.0,142.78,2121.0,4265.0,4265.0,0.0,0.0
2025-01-09 00:00:00+05:30,246,Warangal,886,Warangal,22,Cowpea,262,Black,0.0,21.93,7008.0,7386.0,7356.0,0.0,0.0
2025-01-09 00:00:00+05:30,323,Gaddiannaram,2,L.B Nagar,121,Snake Gourd,121,Common,0.0,4.0,1000.0,1500.0,1200.0,0.0,0.0
2025-01-09 00:00:00+05:30,323,Gaddiannaram,1,Gaddiannaram,87,Pine apple,87,Common,0.0,710.0,450.0,3500.0,800.0,0.0,0.0
2025-01-08 00:00:00+05:30,367,Gudimalkapur,1571,Gudumalkapur,115,Green Peas,115,Common,0.0,169.0,3000.0,4000.0,3500.0,0.0,0.0
2025-01-08 00:00:00+05:30,300,Badepally,1327,Badepally,31,Castor,31,Common,0.0,3.0,5669.0,5669.0,5669.0,0.0,0.0
2025-01-08 00:00:00+05:30,279,Thirumalagiri,9,Tirmalagiri,16,Green Gram,16,Common,0.0,4.0,5411.0,6009.0,5719.0,0.0,0.0
2025-01-08 00:00:00+05:30,188,Bhainsa,11,Bhainsa,75,Soyabean,214,Yellow,0.0,125.69,2623.0,4256.0,4256.0,0.0,0.0
2025-01-08 00:00:00+05:30,325,Hyderabad,5,Mahabubmansion,68,Tamarind,221,No.I,0.0,68.0,8000.0,1000.0,9000.0,0.0,0.0
2025-01-08 00:00:00+05:30,323,Gaddiannaram,2,L.B Nagar,121,Snake Gourd,121,Common,0.0,2.0,1000.0,1500.0,1200.0,0.0,0.0
2025-01-08 00:00:00+05:30,323,Gaddiannaram,1,Gaddiannaram,87,Pine apple,87,Common,0.0,370.0,450.0,3500.0,800.0,0.0,0.0
2025-01-07 00:00:00+05:30,300,Badepally,1327,Badepally,31,Castor,31,Common,0.0,10.0,5499.0,5499.0,5499.0,0.0,0.0
2025-01-07 00:00:00+05:30,310,Shadnagar,1330,Shadnagar,112,Ladys Finger,112,Common,0.0,15.0,1800.0,2500.0,2000.0,0.0,0.0
2025-01-07 00:00:00+05:30,367,Gudimalkapur,1571,Gudumalkapur,115,Green Peas,115,Common,0.0,96.0,3500.0,4500.0,4000.0,0.0,0.0
2025-01-07 00:00:00+05:30,279,Thirumalagiri,9,Tirmalagiri,16,Green Gram,16,Common,0.0,7.0,4511.0,5339.0,5239.0,0.0,0.0
2025-01-07 00:00:00+05:30,325,Hyderabad,5,Mahabubmansion,68,Tamarind,221,No.I,0.0,50.0,8000.0,10000.0,9000.0,0.0,0.0
2025-01-07 00:00:00+05:30,188,Bhainsa,11,Bhainsa,75,Soyabean,214,Yellow,0.0,75.57,3699.0,4238.0,3799.0,0.0,0.0
2025-01-07 00:00:00+05:30,246,Warangal,886,Warangal,22,Cowpea,262,Black,0.0,80.87,6080.0,7486.0,7413.0,0.0,0.0
2025-01-07 00:00:00+05:30,323,Gaddiannaram,1,Gaddiannaram,87,Pine apple,87,Common,0.0,665.0,480.0,3520.0,800.0,0.0,0.0
2025-01-06 00:00:00+05:30,367,Gudimalkapur,1571,Gudumalkapur,115,Green Peas,115,Common,0.0,176.0,3000.0,4500.0,3500.0,0.0,0.0
2025-01-06 00:00:00+05:30,310,Shadnagar,1330,Shadnagar,112,Ladys Finger,112,Common,0.0,12.0,1800.0,2500.0,2000.0,0.0,0.0
2025-01-06 00:00:00+05:30,303,Kalwakurthy,1340,Kalwakurthy,114,Tomato,197,Local,0.0,25.0,500.0,1000.0,750.0,0.0,0.0
2025-01-06 00:00:00+05:30,246,Warangal,886,Warangal,22,Cowpea,262,Black,0.0,5.0,7558.0,7558.0,7558.0,0.0,0.0
2025-01-06 00:00:00+05:30,325,Hyderabad,6,Madannapeta,125,Bitter Gourd,125,Common,0.0,2.0,3000.0,3000.0,3000.0,0.0,0.0
2025-01-06 00:00:00+05:30,188,Bhainsa,11,Bhainsa,75,Soyabean,214,Yellow,0.0,96.25,3000.0,4238.0,4238.0,0.0,0.0
2025-01-06 00:00:00+05:30,323,Gaddiannaram,2,L.B Nagar,121,Snake Gourd,121,Common,0.0,1.0,1000.0,1000.0,1000.0,0.0,0.0
2025-01-06 00:00:00+05:30,325,Hyderabad,5,Mahabubmansion,68,Tamarind,221,No.I,0.0,122.0,8000.0,10000.0,9000.0,0.0,0.0
2025-01-05 00:00:00+05:30,367,Gudimalkapur,1571,Gudumalkapur,115,Green Peas,115,Common,0.0,197.0,3500.0,5000.0,4000.0,0.0,0.0
2025-01-06 00:00:00+05:30,323,Gaddiannaram,1,Gaddiannaram,87,Pine apple,87,Common,0.0,230.0,450.0,3500.0,800.0,0.0,0.0
2025-01-05 00:00:00+05:30,323,Gaddiannaram,1,Gaddiannaram,87,Pine apple,87,Common,0.0,680.0,450.0,3350.0,800.0,0.0,0.0
2025-01-05 00:00:00+05:30,310,Shadnagar,1330,Shadnagar,112,Ladys Finger,112,Common,0.0,10.0,2000.0,2600.0,2300.0,0.0,0.0
2025-01-05 00:00:00+05:30,303,Kalwakurthy,1340,Kalwakurthy,114,Tomato,197,Local,0.0,44.0,400.0,800.0,600.0,0.0,0.0
2025-01-04 00:00:00+05:30,310,Shadnagar,1330,Shadnagar,112,Ladys Finger,112,Common,0.0,10.0,2000.0,2600.0,2300.0,0.0,0.0
2025-01-04 00:00:00+05:30,303,Kalwakurthy,1340,Kalwakurthy,114,Tomato,197,Local,0.0,32.0,400.0,800.0,600.0,0.0,0.0
2025-01-04 00:00:00+05:30,367,Gudimalkapur,1571,Gudumalkapur,115,Green Peas,115,Common,0.0,176.0,3500.0,4500.0,4000.0,0.0,0.0
2025-01-05 00:00:00+05:30,323,Gaddiannaram,2,L.B Nagar,121,Snake Gourd,121,Common,0.0,2.0,1500.0,1500.0,1500.0,0.0,0.0
2025-01-04 00:00:00+05:30,325,Hyderabad,5,Mahabubmansion,68,Tamarind,221,No.I,0.0,26.0,8000.0,1000.0,9000.0,0.0,0.0
2025-01-03 00:00:00+05:30,303,Kalwakurthy,1340,Kalwakurthy,114,Tomato,197,Local,0.0,43.0,500.0,1000.0,750.0,0.0,0.0
2025-01-04 00:00:00+05:30,323,Gaddiannaram,2,L.B Nagar,121,Snake Gourd,121,Common,0.0,1.0,1500.0,1500.0,1500.0,0.0,0.0
2025-01-04 00:00:00+05:30,188,Bhainsa,11,Bhainsa,75,Soyabean,214,Yellow,0.0,207.78,3399.0,4243.0,4232.0,0.0,0.0
2025-01-04 00:00:00+05:30,290,Siddipet,1193,Siddipet,17,Black Gram,17,Common,0.0,0.75,8111.0,8111.0,8111.0,0.0,0.0
2025-01-04 00:00:00+05:30,323,Gaddiannaram,1,Gaddiannaram,87,Pine apple,87,Common,0.0,310.0,450.0,3350.0,800.0,0.0,0.0
2025-01-03 00:00:00+05:30,367,Gudimalkapur,1571,Gudumalkapur,115,Green Peas,115,Common,0.0,108.0,2500.0,500.0,3500.0,0.0,0.0
2025-01-03 00:00:00+05:30,310,Shadnagar,1330,Shadnagar,112,Ladys Finger,112,Common,0.0,10.0,1800.0,2500.0,2000.0,0.0,0.0
2025-01-03 00:00:00+05:30,279,Thirumalagiri,9,Tirmalagiri,16,Green Gram,16,Common,0.0,5.0,5061.0,5061.0,5061.0,0.0,0.0
2025-01-03 00:00:00+05:30,188,Bhainsa,11,Bhainsa,75,Soyabean,214,Yellow,0.0,157.9,3636.0,4242.0,4242.0,0.0,0.0
2025-01-03 00:00:00+05:30,325,Hyderabad,5,Mahabubmansion,68,Tamarind,221,No.I,0.0,4.0,8000.0,10000.0,9000.0,0.0,0.0
2025-01-03 00:00:00+05:30,246,Warangal,886,Warangal,22,Cowpea,262,Black,0.0,11.78,7508.0,7575.0,7533.0,0.0,0.0
2025-01-03 00:00:00+05:30,323,Gaddiannaram,2,L.B Nagar,121,Snake Gourd,121,Common,0.0,4.0,1500.0,1500.0,1500.0,0.0,0.0
2025-01-03 00:00:00+05:30,323,Gaddiannaram,1,Gaddiannaram,87,Pine apple,87,Common,0.0,490.0,480.0,3360.0,800.0,0.0,0.0
2025-01-02 00:00:00+05:30,367,Gudimalkapur,1571,Gudumalkapur,115,Green Peas,115,Common,0.0,106.0,4000.0,5500.0,4500.0,0.0,0.0
2025-01-02 00:00:00+05:30,303,Kalwakurthy,1340,Kalwakurthy,114,Tomato,197,Local,0.0,17.0,700.0,1500.0,1100.0,0.0,0.0
2025-01-02 00:00:00+05:30,320,Tandur,37,Tandur,168,Cattle(All),168,Common,0.0,31.0,15000.0,50000.0,30000.0,0.0,0.0
2025-01-02 00:00:00+05:30,310,Shadnagar,1330,Shadnagar,112,Ladys Finger,112,Common,0.0,10.0,1800.0,2500.0,2300.0,0.0,0.0
2025-01-02 00:00:00+05:30,188,Bhainsa,11,Bhainsa,75,Soyabean,214,Yellow,0.0,80.24,3269.0,4243.0,4205.0,0.0,0.0
2025-01-02 00:00:00+05:30,246,Warangal,886,Warangal,22,Cowpea,262,Black,0.0,9.45,7122.0,7630.0,7626.0,0.0,0.0
2025-01-02 00:00:00+05:30,323,Gaddiannaram,2,L.B Nagar,121,Snake Gourd,121,Common,0.0,4.0,1000.0,1000.0,1000.0,0.0,0.0
2025-01-01 00:00:00+05:30,303,Kalwakurthy,1340,Kalwakurthy,114,Tomato,197,Local,0.0,21.0,500.0,800.0,650.0,0.0,0.0
2025-01-02 00:00:00+05:30,323,Gaddiannaram,1,Gaddiannaram,87,Pine apple,87,Common,0.0,565.0,450.0,3350.0,800.0,0.0,0.0
2025-01-01 00:00:00+05:30,323,Gaddiannaram,1,Gaddiannaram,87,Pine apple,87,Common,0.0,310.0,450.0,3500.0,800.0,0.0,0.0
2025-01-01 00:00:00+05:30,325,Hyderabad,5,Mahabubmansion,68,Tamarind,221,No.I,0.0,72.0,8500.0,10000.0,9000.0,0.0,0.0
2025-01-31 00:00:00+05:30,367,Gudimalkapur,1571,Gudumalkapur,115,Green Peas,115,Common,0.0,163.0,1000.0,3000.0,2000.0,0.0,0.0
2025-01-31 00:00:00+05:30,192,Jainath,26,Jainath,75,Soyabean,213,White,0.0,150.0,5000.0,5000.0,5000.0,0.0,0.0
2025-01-31 00:00:00+05:30,188,Bhainsa,11,Bhainsa,75,Soyabean,214,Yellow,0.0,131.28,2000.0,4157.0,4157.0,0.0,0.0
2025-01-31 00:00:00+05:30,279,Thirumalagiri,9,Tirmalagiri,16,Green Gram,16,Common,0.0,12.0,5021.0,6862.0,5211.0,0.0,0.0
2025-01-31 00:00:00+05:30,325,Hyderabad,5,Mahabubmansion,68,Tamarind,221,No.I,0.0,14.0,8000.0,11000.0,9000.0,0.0,0.0
2025-01-30 00:00:00+05:30,310,Shadnagar,1330,Shadnagar,112,Ladys Finger,112,Common,0.0,10.0,1800.0,2000.0,2000.0,0.0,0.0
2025-01-31 00:00:00+05:30,323,Gaddiannaram,1,Gaddiannaram,87,Pine apple,87,Common,0.0,1393.0,480.0,3520.0,800.0,0.0,0.0
2025-01-30 00:00:00+05:30,188,Bhainsa,11,Bhainsa,75,Soyabean,214,Yellow,0.0,113.55,2404.0,4141.0,4141.0,0.0,0.0
2025-01-30 00:00:00+05:30,320,Tandur,37,Tandur,168,Cattle(All),168,Common,0.0,22.0,15000.0,50000.0,15000.0,0.0,0.0
2025-01-30 00:00:00+05:30,367,Gudimalkapur,1571,Gudumalkapur,115,Green Peas,115,Common,0.0,155.0,2000.0,2500.0,2000.0,0.0,0.0
2025-01-29 00:00:00+05:30,310,Shadnagar,1330,Shadnagar,112,Ladys Finger,112,Common,0.0,5.0,2000.0,2600.0,2200.0,0.0,0.0
2025-01-30 00:00:00+05:30,325,Hyderabad,5,Mahabubmansion,68,Tamarind,221,No.I,0.0,48.0,8000.0,11000.0,9000.0,0.0,0.0
2025-01-30 00:00:00+05:30,324,Bowenpally,3,Bowenpally,114,Tomato,198,Hybrid,0.0,772.0,400.0,1000.0,800.0,0.0,0.0
2025-01-30 00:00:00+05:30,323,Gaddiannaram,2,L.B Nagar,121,Snake Gourd,121,Common,0.0,3.0,1000.0,1000.0,1000.0,0.0,0.0
2025-01-30 00:00:00+05:30,323,Gaddiannaram,1,Gaddiannaram,87,Pine apple,87,Common,0.0,840.0,480.0,3520.0,800.0,0.0,0.0
2025-01-28 00:00:00+05:30,310,Shadnagar,1330,Shadnagar,112,Ladys Finger,112,Common,0.0,10.0,1800.0,2500.0,2000.0,0.0,0.0
2025-01-28 00:00:00+05:30,367,Gudimalkapur,1571,Gudumalkapur,115,Green Peas,115,Common,0.0,118.0,2500.0,3000.0,2500.0,0.0,0.0
2025-01-29 00:00:00+05:30,323,Gaddiannaram,1,Gaddiannaram,87,Pine apple,87,Common,0.0,575.0,480.0,3520.0,800.0,0.0,0.0
2025-01-28 00:00:00+05:30,279,Thirumalagiri,9,Tirmalagiri,16,Green Gram,16,Common,0.0,9.0,6411.0,6649.0,6511.0,0.0,0.0
2025-01-28 00:00:00+05:30,246,Warangal,886,Warangal,22,Cowpea,262,Black,0.0,52.23,6366.0,7313.0,6912.0,0.0,0.0
2025-01-28 00:00:00+05:30,325,Hyderabad,5,Mahabubmansion,68,Tamarind,221,No.I,0.0,34.0,8000.0,11000.0,9000.0,0.0,0.0
2025-01-27 00:00:00+05:30,367,Gudimalkapur,1571,Gudumalkapur,115,Green Peas,115,Common,0.0,300.0,2000.0,3000.0,2500.0,0.0,0.0
2025-01-28 00:00:00+05:30,323,Gaddiannaram,1,Gaddiannaram,87,Pine apple,87,Common,0.0,415.0,480.0,3520.0,800.0,0.0,0.0
2025-01-27 00:00:00+05:30,212,Choppadandi,1123,Choppadandi,16,Green Gram,16,Common,0.0,1.0,6966.0,6966.0,6966.0,0.0,0.0
2025-01-27 00:00:00+05:30,188,Bhainsa,11,Bhainsa,75,Soyabean,214,Yellow,0.0,24.4,2888.0,4040.0,3855.0,0.0,0.0
2025-01-27 00:00:00+05:30,310,Shadnagar,1330,Shadnagar,112,Ladys Finger,112,Common,0.0,12.0,2500.0,3000.0,2800.0,0.0,0.0
2025-01-27 00:00:00+05:30,246,Warangal,886,Warangal,22,Cowpea,262,Black,0.0,83.05,6569.0,7308.0,7256.0,0.0,0.0
2025-01-26 00:00:00+05:30,310,Shadnagar,1330,Shadnagar,112,Ladys Finger,112,Common,0.0,12.0,1800.0,2500.0,2000.0,0.0,0.0
2025-01-27 00:00:00+05:30,325,Hyderabad,6,Madannapeta,125,Bitter Gourd,125,Common,0.0,4.0,2000.0,3000.0,2500.0,0.0,0.0
2025-01-27 00:00:00+05:30,325,Hyderabad,5,Mahabubmansion,68,Tamarind,221,No.I,0.0,52.0,8000.0,11000.0,9000.0,0.0,0.0
2025-01-27 00:00:00+05:30,323,Gaddiannaram,1,Gaddiannaram,87,Pine apple,87,Common,0.0,570.0,480.0,3520.0,800.0,0.0,0.0
2025-01-26 00:00:00+05:30,367,Gudimalkapur,1571,Gudumalkapur,115,Green Peas,115,Common,0.0,157.0,2000.0,3000.0,2500.0,0.0,0.0
2025-01-26 00:00:00+05:30,325,Hyderabad,6,Madannapeta,125,Bitter Gourd,125,Common,0.0,2.0,3000.0,3000.0,3000.0,0.0,0.0
2025-01-26 00:00:00+05:30,323,Gaddiannaram,1,Gaddiannaram,87,Pine apple,87,Common,0.0,795.0,480.0,3520.0,800.0,0.0,0.0
2025-01-26 00:00:00+05:30,323,Gaddiannaram,2,L.B Nagar,121,Snake Gourd,121,Common,0.0,2.0,1000.0,2000.0,1500.0,0.0,0.0
2025-01-25 00:00:00+05:30,310,Shadnagar,1330,Shadnagar,112,Ladys Finger,112,Common,0.0,10.0,1800.0,2500.0,2300.0,0.0,0.0
2025-01-25 00:00:00+05:30,300,Badepally,1327,Badepally,31,Castor,31,Common,0.0,8.0,5500.0,5500.0,5500.0,0.0,0.0
2025-01-25 00:00:00+05:30,367,Gudimalkapur,1571,Gudumalkapur,115,Green Peas,115,Common,0.0,281.0,1500.0,3000.0,2000.0,0.0,0.0
2025-01-25 00:00:00+05:30,279,Thirumalagiri,9,Tirmalagiri,16,Green Gram,16,Common,0.0,1.0,6400.0,6400.0,6400.0,0.0,0.0
2025-01-25 00:00:00+05:30,188,Bhainsa,11,Bhainsa,75,Soyabean,214,Yellow,0.0,151.32,2828.0,4177.0,4165.0,0.0,0.0
2025-01-01 00:00:00+05:30,325,Hyderabad,5,Mahabubmansion,68,Tamarind,222,No.II,0.0,108.0,5000.0,8000.0,6000.0,0.0,0.0
2025-01-01 00:00:00+05:30,325,Hyderabad,7,Meeralamandi,127,Kheera,127,Common,0.0,3.0,1500.0,2000.0,1750.0,0.0,0.0
2025-01-01 00:00:00+05:30,331,Vantimamidi,1612,Vantimamidi,116,French Beans,116,Common,0.0,30.0,1800.0,3000.0,2400.0,0.0,0.0
2025-01-02 00:00:00+05:30,323,Gaddiannaram,2,L.B Nagar,122,Bottle Gourd,122,Common,0.0,86.0,500.0,1000.0,700.0,0.0,0.0
2025-01-02 00:00:00+05:30,324,Bowenpally,3,Bowenpally,114,Tomato,210,618,0.0,1971.0,400.0,800.0,600.0,0.0,0.0
2025-01-02 00:00:00+05:30,325,Hyderabad,7,Meeralamandi,127,Kheera,127,Common,0.0,2.0,2000.0,2000.0,2000.0,0.0,0.0
2025-01-02 00:00:00+05:30,325,Hyderabad,6,Madannapeta,127,Kheera,127,Common,0.0,17.0,1500.0,1500.0,1500.0,0.0,0.0
2025-01-02 00:00:00+05:30,310,Shadnagar,1330,Shadnagar,113,Green Chillies,113,Common,0.0,12.0,1800.0,2300.0,2000.0,0.0,0.0
2025-01-02 00:00:00+05:30,278,Suryapet,1091,Suryapet,30,Groundnut pods,30,Common,0.0,3.0,5519.0,5679.0,5519.0,0.0,0.0
2025-01-02 00:00:00+05:30,331,Vantimamidi,1612,Vantimamidi,116,French Beans,116,Common,0.0,71.0,2000.0,3200.0,2600.0,0.0,0.0
2025-01-02 00:00:00+05:30,367,Gudimalkapur,1571,Gudumalkapur,116,French Beans,116,Common,0.0,125.0,2500.0,6000.0,3500.0,0.0,0.0
2025-01-03 00:00:00+05:30,323,Gaddiannaram,2,L.B Nagar,122,Bottle Gourd,122,Common,0.0,67.0,500.0,1000.0,700.0,0.0,0.0
2025-01-03 00:00:00+05:30,324,Bowenpally,3,Bowenpally,114,Tomato,210,618,0.0,2243.0,300.0,800.0,600.0,0.0,0.0
2025-01-03 00:00:00+05:30,325,Hyderabad,5,Mahabubmansion,68,Tamarind,222,No.II,0.0,6.0,6000.0,7500.0,7000.0,0.0,0.0
2025-01-03 00:00:00+05:30,325,Hyderabad,6,Madannapeta,127,Kheera,127,Common,0.0,20.0,1000.0,1500.0,1250.0,0.0,0.0
2025-01-03 00:00:00+05:30,325,Hyderabad,7,Meeralamandi,127,Kheera,127,Common,0.0,4.0,1500.0,1600.0,1550.0,0.0,0.0
2025-01-03 00:00:00+05:30,278,Suryapet,1091,Suryapet,30,Groundnut pods,30,Common,0.0,5.0,6336.0,6336.0,6336.0,0.0,0.0
2025-01-03 00:00:00+05:30,310,Shadnagar,1330,Shadnagar,113,Green Chillies,113,Common,0.0,12.0,1800.0,2500.0,2000.0,0.0,0.0
2025-01-03 00:00:00+05:30,367,Gudimalkapur,1571,Gudumalkapur,116,French Beans,116,Common,0.0,76.0,2500.0,4000.0,3000.0,0.0,0.0
2025-01-03 00:00:00+05:30,331,Vantimamidi,1612,Vantimamidi,116,French Beans,116,Common,0.0,98.0,2100.0,3300.0,2700.0,0.0,0.0
2025-01-04 00:00:00+05:30,324,Bowenpally,3,Bowenpally,114,Tomato,210,618,0.0,2798.0,400.0,1000.0,800.0,0.0,0.0
2025-01-04 00:00:00+05:30,323,Gaddiannaram,2,L.B Nagar,122,Bottle Gourd,122,Common,0.0,47.0,500.0,1000.0,700.0,0.0,0.0
2025-01-03 00:00:00+05:30,303,Kalwakurthy,1340,Kalwakurthy,117,Cluster Beans,117,Common,0.0,1.0,5000.0,5000.0,5000.0,0.0,0.0
2025-01-04 00:00:00+05:30,325,Hyderabad,5,Mahabubmansion,68,Tamarind,222,No.II,0.0,40.0,6000.0,7500.0,7000.0,0.0,0.0
2025-01-04 00:00:00+05:30,325,Hyderabad,6,Madannapeta,127,Kheera,127,Common,0.0,15.0,1000.0,1200.0,1100.0,0.0,0.0
2025-01-04 00:00:00+05:30,325,Hyderabad,7,Meeralamandi,127,Kheera,127,Common,0.0,3.0,1500.0,1500.0,1500.0,0.0,0.0
2025-01-05 00:00:00+05:30,323,Gaddiannaram,2,L.B Nagar,122,Bottle Gourd,122,Common,0.0,55.0,500.0,1000.0,700.0,0.0,0.0
2025-01-05 00:00:00+05:30,325,Hyderabad,6,Madannapeta,127,Kheera,127,Common,0.0,20.0,1000.0,1500.0,1250.0,0.0,0.0
2025-01-05 00:00:00+05:30,324,Bowenpally,3,Bowenpally,114,Tomato,210,618,0.0,2788.0,500.0,1000.0,700.0,0.0,0.0
2025-01-04 00:00:00+05:30,367,Gudimalkapur,1571,Gudumalkapur,116,French Beans,116,Common,0.0,129.0,2500.0,5000.0,3000.0,0.0,0.0
2025-01-04 00:00:00+05:30,303,Kalwakurthy,1340,Kalwakurthy,117,Cluster Beans,117,Common,0.0,1.0,4000.0,5000.0,4500.0,0.0,0.0
2025-01-04 00:00:00+05:30,310,Shadnagar,1330,Shadnagar,113,Green Chillies,113,Common,0.0,12.0,1800.0,2500.0,2000.0,0.0,0.0
2025-01-04 00:00:00+05:30,331,Vantimamidi,1612,Vantimamidi,116,French Beans,116,Common,0.0,58.0,2800.0,3800.0,3300.0,0.0,0.0
2025-01-05 00:00:00+05:30,303,Kalwakurthy,1340,Kalwakurthy,117,Cluster Beans,117,Common,0.0,4.0,3000.0,5000.0,4000.0,0.0,0.0
2025-01-05 00:00:00+05:30,310,Shadnagar,1330,Shadnagar,113,Green Chillies,113,Common,0.0,12.0,1800.0,2500.0,2000.0,0.0,0.0
2025-01-05 00:00:00+05:30,325,Hyderabad,7,Meeralamandi,127,Kheera,127,Common,0.0,3.0,1200.0,1500.0,1350.0,0.0,0.0
2025-01-05 00:00:00+05:30,331,Vantimamidi,1612,Vantimamidi,116,French Beans,116,Common,0.0,33.0,2900.0,3700.0,3300.0,0.0,0.0
2025-01-05 00:00:00+05:30,367,Gudimalkapur,1571,Gudumalkapur,116,French Beans,116,Common,0.0,203.0,2500.0,5000.0,3000.0,0.0,0.0
2025-01-06 00:00:00+05:30,325,Hyderabad,5,Mahabubmansion,68,Tamarind,222,No.II,0.0,182.0,6000.0,7500.0,7000.0,0.0,0.0
2025-01-06 00:00:00+05:30,323,Gaddiannaram,2,L.B Nagar,122,Bottle Gourd,122,Common,0.0,78.0,600.0,1000.0,800.0,0.0,0.0
2025-01-06 00:00:00+05:30,324,Bowenpally,3,Bowenpally,114,Tomato,210,618,0.0,1344.0,400.0,1000.0,800.0,0.0,0.0
2025-01-06 00:00:00+05:30,279,Thirumalagiri,9,Tirmalagiri,17,Black Gram,17,Common,0.0,1.0,6009.0,6009.0,6009.0,0.0,0.0
2025-01-06 00:00:00+05:30,325,Hyderabad,7,Meeralamandi,127,Kheera,127,Common,0.0,4.0,1000.0,1200.0,1100.0,0.0,0.0
2025-01-06 00:00:00+05:30,325,Hyderabad,6,Madannapeta,127,Kheera,127,Common,0.0,5.0,1200.0,1200.0,1200.0,0.0,0.0
2025-01-06 00:00:00+05:30,303,Kalwakurthy,1340,Kalwakurthy,117,Cluster Beans,117,Common,0.0,2.0,3000.0,3000.0,3000.0,0.0,0.0
2025-01-06 00:00:00+05:30,310,Shadnagar,1330,Shadnagar,113,Green Chillies,113,Common,0.0,15.0,1800.0,2300.0,2000.0,0.0,0.0
2025-01-06 00:00:00+05:30,331,Vantimamidi,1612,Vantimamidi,116,French Beans,116,Common,0.0,95.0,3000.0,3600.0,3300.0,0.0,0.0
2025-01-06 00:00:00+05:30,367,Gudimalkapur,1571,Gudumalkapur,116,French Beans,116,Common,0.0,129.0,2500.0,5000.0,3000.0,0.0,0.0
2025-01-06 00:00:00+05:30,278,Suryapet,1091,Suryapet,30,Groundnut pods,30,Common,0.0,12.0,3755.0,5763.0,5713.0,0.0,0.0
2025-01-07 00:00:00+05:30,323,Gaddiannaram,2,L.B Nagar,122,Bottle Gourd,122,Common,0.0,68.0,600.0,1000.0,800.0,0.0,0.0
2025-01-07 00:00:00+05:30,324,Bowenpally,3,Bowenpally,114,Tomato,210,618,0.0,1621.0,400.0,1200.0,1000.0,0.0,0.0
2025-01-07 00:00:00+05:30,325,Hyderabad,6,Madannapeta,127,Kheera,127,Common,0.0,20.0,1000.0,1500.0,1250.0,0.0,0.0
2025-01-07 00:00:00+05:30,325,Hyderabad,7,Meeralamandi,127,Kheera,127,Common,0.0,3.0,1200.0,1500.0,1350.0,0.0,0.0
2025-01-07 00:00:00+05:30,325,Hyderabad,5,Mahabubmansion,68,Tamarind,222,No.II,0.0,76.0,6000.0,7500.0,7000.0,0.0,0.0
2025-01-07 00:00:00+05:30,278,Suryapet,1091,Suryapet,30,Groundnut pods,30,Common,0.0,9.0,4316.0,4773.0,4773.0,0.0,0.0
2025-01-07 00:00:00+05:30,367,Gudimalkapur,1571,Gudumalkapur,116,French Beans,116,Common,0.0,89.0,2500.0,5000.0,3000.0,0.0,0.0
2025-01-07 00:00:00+05:30,310,Shadnagar,1330,Shadnagar,113,Green Chillies,113,Common,0.0,10.0,1800.0,2500.0,2000.0,0.0,0.0
2025-01-07 00:00:00+05:30,331,Vantimamidi,1612,Vantimamidi,116,French Beans,116,Common,0.0,77.0,3000.0,3500.0,3250.0,0.0,0.0
2025-01-08 00:00:00+05:30,323,Gaddiannaram,2,L.B Nagar,122,Bottle Gourd,122,Common,0.0,69.0,600.0,1000.0,800.0,0.0,0.0
2025-01-08 00:00:00+05:30,324,Bowenpally,3,Bowenpally,114,Tomato,210,618,0.0,2113.0,400.0,1200.0,1000.0,0.0,0.0
2025-01-08 00:00:00+05:30,325,Hyderabad,5,Mahabubmansion,68,Tamarind,222,No.II,0.0,102.0,6000.0,7500.0,7000.0,0.0,0.0
2025-01-08 00:00:00+05:30,325,Hyderabad,7,Meeralamandi,127,Kheera,127,Common,0.0,3.0,1000.0,1500.0,1250.0,0.0,0.0
2025-01-08 00:00:00+05:30,325,Hyderabad,6,Madannapeta,127,Kheera,127,Common,0.0,10.0,1000.0,1200.0,1100.0,0.0,0.0
2025-01-08 00:00:00+05:30,278,Suryapet,1091,Suryapet,30,Groundnut pods,30,Common,0.0,4.0,5859.0,5859.0,5859.0,0.0,0.0
2025-01-08 00:00:00+05:30,290,Siddipet,1193,Siddipet,18,Horse Gram,18,Common,0.0,0.57,5222.0,5222.0,5222.0,0.0,0.0
2025-01-08 00:00:00+05:30,331,Vantimamidi,1612,Vantimamidi,116,French Beans,116,Common,0.0,114.0,3000.0,3600.0,3300.0,0.0,0.0
2025-01-08 00:00:00+05:30,367,Gudimalkapur,1571,Gudumalkapur,116,French Beans,116,Common,0.0,172.0,2500.0,5000.0,3000.0,0.0,0.0
2025-01-09 00:00:00+05:30,323,Gaddiannaram,2,L.B Nagar,122,Bottle Gourd,122,Common,0.0,48.0,600.0,1000.0,800.0,0.0,0.0
2025-01-09 00:00:00+05:30,324,Bowenpally,3,Bowenpally,114,Tomato,210,618,0.0,2288.0,400.0,1000.0,700.0,0.0,0.0
2025-01-09 00:00:00+05:30,325,Hyderabad,6,Madannapeta,127,Kheera,127,Common,0.0,10.0,2000.0,3000.0,2500.0,0.0,0.0
2025-01-09 00:00:00+05:30,212,Choppadandi,1123,Choppadandi,25,Cotton,25,Common,0.0,6.0,6900.0,6900.0,6900.0,0.0,0.0
2025-01-09 00:00:00+05:30,278,Suryapet,1091,Suryapet,30,Groundnut pods,30,Common,0.0,23.0,5409.0,6345.0,6345.0,0.0,0.0
2025-01-09 00:00:00+05:30,367,Gudimalkapur,1571,Gudumalkapur,116,French Beans,116,Common,0.0,162.0,3000.0,5000.0,3500.0,0.0,0.0
2025-01-09 00:00:00+05:30,310,Shadnagar,1330,Shadnagar,113,Green Chillies,113,Common,0.0,12.0,1800.0,2300.0,2000.0,0.0,0.0
2025-01-09 00:00:00+05:30,331,Vantimamidi,1612,Vantimamidi,116,French Beans,116,Common,0.0,103.0,3000.0,3500.0,3250.0,0.0,0.0
2025-01-10 00:00:00+05:30,323,Gaddiannaram,2,L.B Nagar,122,Bottle Gourd,122,Common,0.0,94.0,600.0,1000.0,800.0,0.0,0.0
2025-01-10 00:00:00+05:30,324,Bowenpally,3,Bowenpally,114,Tomato,210,618,0.0,2451.0,400.0,800.0,600.0,0.0,0.0
2025-01-10 00:00:00+05:30,325,Hyderabad,5,Mahabubmansion,68,Tamarind,222,No.II,0.0,92.0,5000.0,7000.0,6000.0,0.0,0.0
2025-01-10 00:00:00+05:30,325,Hyderabad,7,Meeralamandi,127,Kheera,127,Common,0.0,6.0,2500.0,3000.0,2750.0,0.0,0.0
2025-01-10 00:00:00+05:30,278,Suryapet,1091,Suryapet,30,Groundnut pods,30,Common,0.0,8.0,4609.0,4609.0,4609.0,0.0,0.0
2025-01-10 00:00:00+05:30,290,Siddipet,1193,Siddipet,18,Horse Gram,18,Common,0.0,1.72,8251.0,8251.0,8251.0,0.0,0.0
2025-01-10 00:00:00+05:30,331,Vantimamidi,1612,Vantimamidi,116,French Beans,116,Common,0.0,75.0,2800.0,3500.0,3150.0,0.0,0.0
2025-01-10 00:00:00+05:30,367,Gudimalkapur,1571,Gudumalkapur,116,French Beans,116,Common,0.0,96.0,2500.0,4000.0,3000.0,0.0,0.0
2025-01-10 00:00:00+05:30,310,Shadnagar,1330,Shadnagar,113,Green Chillies,113,Common,0.0,10.0,1800.0,2300.0,2000.0,0.0,0.0
2025-01-11 00:00:00+05:30,325,Hyderabad,5,Mahabubmansion,68,Tamarind,222,No.II,0.0,50.0,5000.0,7500.0,6000.0,0.0,0.0
2025-01-11 00:00:00+05:30,323,Gaddiannaram,2,L.B Nagar,122,Bottle Gourd,122,Common,0.0,39.0,600.0,1000.0,800.0,0.0,0.0
2025-01-11 00:00:00+05:30,324,Bowenpally,3,Bowenpally,114,Tomato,210,618,0.0,1614.0,400.0,800.0,700.0,0.0,0.0
2025-01-11 00:00:00+05:30,325,Hyderabad,7,Meeralamandi,127,Kheera,127,Common,0.0,4.0,3000.0,3200.0,3100.0,0.0,0.0
2025-01-11 00:00:00+05:30,325,Hyderabad,6,Madannapeta,127,Kheera,127,Common,0.0,10.0,2000.0,2500.0,2250.0,0.0,0.0
2025-01-11 00:00:00+05:30,290,Siddipet,1193,Siddipet,18,Horse Gram,18,Common,0.0,0.92,8100.0,8100.0,8100.0,0.0,0.0
2025-01-11 00:00:00+05:30,310,Shadnagar,1330,Shadnagar,113,Green Chillies,113,Common,0.0,10.0,1800.0,2300.0,2000.0,0.0,0.0
2025-01-12 00:00:00+05:30,324,Bowenpally,3,Bowenpally,114,Tomato,210,618,0.0,1534.0,400.0,800.0,700.0,0.0,0.0
2025-01-11 00:00:00+05:30,367,Gudimalkapur,1571,Gudumalkapur,116,French Beans,116,Common,0.0,134.0,2500.0,5000.0,3000.0,0.0,0.0
2025-01-11 00:00:00+05:30,331,Vantimamidi,1612,Vantimamidi,116,French Beans,116,Common,0.0,43.0,2500.0,3500.0,3000.0,0.0,0.0
2025-01-13 00:00:00+05:30,323,Gaddiannaram,2,L.B Nagar,122,Bottle Gourd,122,Common,0.0,94.0,500.0,1000.0,700.0,0.0,0.0
2025-01-12 00:00:00+05:30,310,Shadnagar,1330,Shadnagar,113,Green Chillies,113,Common,0.0,8.0,1800.0,2300.0,2000.0,0.0,0.0
2025-01-12 00:00:00+05:30,331,Vantimamidi,1612,Vantimamidi,116,French Beans,116,Common,0.0,55.0,2000.0,3500.0,2750.0,0.0,0.0
2025-01-12 00:00:00+05:30,367,Gudimalkapur,1571,Gudumalkapur,116,French Beans,116,Common,0.0,142.0,2500.0,5000.0,3000.0,0.0,0.0
2025-01-12 00:00:00+05:30,325,Hyderabad,7,Meeralamandi,127,Kheera,127,Common,0.0,3.0,2000.0,2500.0,2250.0,0.0,0.0
2025-01-13 00:00:00+05:30,325,Hyderabad,5,Mahabubmansion,68,Tamarind,222,No.II,0.0,80.0,5000.0,7000.0,6000.0,0.0,0.0
2025-01-13 00:00:00+05:30,325,Hyderabad,7,Meeralamandi,127,Kheera,127,Common,0.0,4.0,2500.0,2500.0,2500.0,0.0,0.0
2025-01-13 00:00:00+05:30,325,Hyderabad,6,Madannapeta,127,Kheera,127,Common,0.0,8.0,2000.0,2000.0,2000.0,0.0,0.0
2025-01-13 00:00:00+05:30,324,Bowenpally,3,Bowenpally,114,Tomato,210,618,0.0,1242.0,300.0,800.0,600.0,0.0,0.0
2025-01-13 00:00:00+05:30,310,Shadnagar,1330,Shadnagar,113,Green Chillies,113,Common,0.0,11.0,1800.0,2300.0,2000.0,0.0,0.0
2025-01-13 00:00:00+05:30,367,Gudimalkapur,1571,Gudumalkapur,116,French Beans,116,Common,0.0,116.0,2500.0,5000.0,3000.0,0.0,0.0
2025-01-14 00:00:00+05:30,323,Gaddiannaram,2,L.B Nagar,122,Bottle Gourd,122,Common,0.0,41.0,600.0,1000.0,800.0,0.0,0.0
2025-01-13 00:00:00+05:30,331,Vantimamidi,1612,Vantimamidi,116,French Beans,116,Common,0.0,19.0,3000.0,3400.0,3200.0,0.0,0.0
2025-01-14 00:00:00+05:30,324,Bowenpally,3,Bowenpally,114,Tomato,210,618,0.0,1241.0,400.0,800.0,600.0,0.0,0.0
2025-01-14 00:00:00+05:30,310,Shadnagar,1330,Shadnagar,113,Green Chillies,113,Common,0.0,4.0,1800.0,2500.0,2300.0,0.0,0.0
2025-01-14 00:00:00+05:30,367,Gudimalkapur,1571,Gudumalkapur,116,French Beans,116,Common,0.0,104.0,2500.0,4500.0,3000.0,0.0,0.0
2025-01-14 00:00:00+05:30,325,Hyderabad,6,Madannapeta,127,Kheera,127,Common,0.0,10.0,1000.0,1200.0,1100.0,0.0,0.0
2025-01-15 00:00:00+05:30,367,Gudimalkapur,1571,Gudumalkapur,116,French Beans,116,Common,0.0,146.0,2500.0,4500.0,3000.0,0.0,0.0
2025-01-14 00:00:00+05:30,331,Vantimamidi,1612,Vantimamidi,116,French Beans,116,Common,0.0,24.0,3000.0,3000.0,3000.0,0.0,0.0
2025-01-15 00:00:00+05:30,310,Shadnagar,1330,Shadnagar,113,Green Chillies,113,Common,0.0,5.0,1600.0,2000.0,1800.0,0.0,0.0
2025-01-15 00:00:00+05:30,331,Vantimamidi,1612,Vantimamidi,116,French Beans,116,Common,0.0,63.0,2000.0,3500.0,2750.0,0.0,0.0
2025-01-15 00:00:00+05:30,323,Gaddiannaram,2,L.B Nagar,122,Bottle Gourd,122,Common,0.0,35.0,600.0,1000.0,800.0,0.0,0.0
2025-01-15 00:00:00+05:30,324,Bowenpally,3,Bowenpally,114,Tomato,210,618,0.0,1226.0,400.0,1200.0,1000.0,0.0,0.0
2025-01-16 00:00:00+05:30,325,Hyderabad,6,Madannapeta,127,Kheera,127,Common,0.0,26.0,1400.0,1800.0,1600.0,0.0,0.0
2025-01-16 00:00:00+05:30,323,Gaddiannaram,2,L.B Nagar,122,Bottle Gourd,122,Common,0.0,66.0,600.0,1000.0,800.0,0.0,0.0
2025-01-16 00:00:00+05:30,324,Bowenpally,3,Bowenpally,114,Tomato,210,618,0.0,1718.0,400.0,1000.0,800.0,0.0,0.0
2025-01-16 00:00:00+05:30,325,Hyderabad,5,Mahabubmansion,68,Tamarind,222,No.II,0.0,13.0,5000.0,7500.0,6000.0,0.0,0.0
2025-01-16 00:00:00+05:30,325,Hyderabad,7,Meeralamandi,127,Kheera,127,Common,0.0,3.0,2500.0,3000.0,2750.0,0.0,0.0
2025-01-16 00:00:00+05:30,279,Thirumalagiri,9,Tirmalagiri,17,Black Gram,17,Common,0.0,1.0,5419.0,5419.0,5419.0,0.0,0.0
2025-01-15 00:00:00+05:30,290,Siddipet,1193,Siddipet,18,Horse Gram,18,Common,0.0,7.75,7811.0,7921.0,7866.0,0.0,0.0
2025-01-16 00:00:00+05:30,367,Gudimalkapur,1571,Gudumalkapur,116,French Beans,116,Common,0.0,125.0,2500.0,5000.0,3000.0,0.0,0.0
2025-01-16 00:00:00+05:30,278,Suryapet,1091,Suryapet,30,Groundnut pods,30,Common,0.0,11.0,4699.0,6219.0,6219.0,0.0,0.0
2025-01-16 00:00:00+05:30,331,Vantimamidi,1612,Vantimamidi,116,French Beans,116,Common,0.0,87.0,2500.0,3300.0,2900.0,0.0,0.0
2025-01-17 00:00:00+05:30,325,Hyderabad,6,Madannapeta,127,Kheera,127,Common,0.0,7.0,1200.0,1500.0,1350.0,0.0,0.0
2025-01-17 00:00:00+05:30,323,Gaddiannaram,2,L.B Nagar,122,Bottle Gourd,122,Common,0.0,112.0,600.0,1000.0,800.0,0.0,0.0
2025-01-17 00:00:00+05:30,324,Bowenpally,3,Bowenpally,114,Tomato,210,618,0.0,2724.0,400.0,800.0,600.0,0.0,0.0
2025-01-17 00:00:00+05:30,325,Hyderabad,5,Mahabubmansion,68,Tamarind,222,No.II,0.0,47.0,5000.0,7000.0,6000.0,0.0,0.0
2025-01-17 00:00:00+05:30,325,Hyderabad,7,Meeralamandi,127,Kheera,127,Common,0.0,3.0,1800.0,2000.0,1900.0,0.0,0.0
2025-01-17 00:00:00+05:30,279,Thirumalagiri,9,Tirmalagiri,17,Black Gram,17,Common,0.0,1.0,6089.0,6089.0,6089.0,0.0,0.0
2025-01-17 00:00:00+05:30,310,Shadnagar,1330,Shadnagar,113,Green Chillies,113,Common,0.0,10.0,1800.0,2500.0,2000.0,0.0,0.0
2025-01-17 00:00:00+05:30,331,Vantimamidi,1612,Vantimamidi,116,French Beans,116,Common,0.0,111.0,2500.0,3500.0,3000.0,0.0,0.0
2025-01-17 00:00:00+05:30,278,Suryapet,1091,Suryapet,30,Groundnut pods,30,Common,0.0,13.0,5777.0,5777.0,5777.0,0.0,0.0
2025-01-17 00:00:00+05:30,290,Siddipet,1193,Siddipet,18,Horse Gram,18,Common,0.0,9.6,6555.0,6955.0,6800.0,0.0,0.0
2025-01-18 00:00:00+05:30,325,Hyderabad,5,Mahabubmansion,68,Tamarind,222,No.II,0.0,70.0,5000.0,7500.0,6000.0,0.0,0.0
2025-01-18 00:00:00+05:30,323,Gaddiannaram,2,L.B Nagar,122,Bottle Gourd,122,Common,0.0,92.0,500.0,1000.0,700.0,0.0,0.0
2025-01-18 00:00:00+05:30,324,Bowenpally,3,Bowenpally,114,Tomato,210,618,0.0,3034.0,400.0,800.0,700.0,0.0,0.0
2025-01-18 00:00:00+05:30,279,Thirumalagiri,9,Tirmalagiri,17,Black Gram,17,Common,0.0,1.0,3311.0,3311.0,3311.0,0.0,0.0
2025-01-18 00:00:00+05:30,325,Hyderabad,7,Meeralamandi,127,Kheera,127,Common,0.0,3.0,1500.0,1600.0,1550.0,0.0,0.0
2025-01-18 00:00:00+05:30,325,Hyderabad,6,Madannapeta,127,Kheera,127,Common,0.0,15.0,1000.0,1200.0,1100.0,0.0,0.0
2025-01-18 00:00:00+05:30,278,Suryapet,1091,Suryapet,30,Groundnut pods,30,Common,0.0,34.0,2555.0,6363.0,5177.0,0.0,0.0
2025-01-18 00:00:00+05:30,310,Shadnagar,1330,Shadnagar,113,Green Chillies,113,Common,0.0,10.0,1800.0,2300.0,2000.0,0.0,0.0
2025-01-18 00:00:00+05:30,367,Gudimalkapur,1571,Gudumalkapur,116,French Beans,116,Common,0.0,203.0,2500.0,4500.0,3000.0,0.0,0.0
2025-01-18 00:00:00+05:30,331,Vantimamidi,1612,Vantimamidi,116,French Beans,116,Common,0.0,94.0,2800.0,3500.0,3150.0,0.0,0.0
2025-01-19 00:00:00+05:30,324,Bowenpally,3,Bowenpally,114,Tomato,210,618,0.0,2026.0,400.0,800.0,700.0,0.0,0.0
2025-01-19 00:00:00+05:30,325,Hyderabad,6,Madannapeta,127,Kheera,127,Common,0.0,10.0,1200.0,1500.0,1350.0,0.0,0.0
2025-01-19 00:00:00+05:30,323,Gaddiannaram,2,L.B Nagar,122,Bottle Gourd,122,Common,0.0,59.0,500.0,1000.0,700.0,0.0,0.0
2025-01-19 00:00:00+05:30,325,Hyderabad,7,Meeralamandi,127,Kheera,127,Common,0.0,4.0,1200.0,1500.0,1350.0,0.0,0.0
2025-01-19 00:00:00+05:30,367,Gudimalkapur,1571,Gudumalkapur,116,French Beans,116,Common,0.0,185.0,2000.0,4000.0,2500.0,0.0,0.0
2025-01-19 00:00:00+05:30,331,Vantimamidi,1612,Vantimamidi,116,French Beans,116,Common,0.0,71.0,2000.0,3200.0,2600.0,0.0,0.0
2025-01-20 00:00:00+05:30,323,Gaddiannaram,2,L.B Nagar,122,Bottle Gourd,122,Common,0.0,59.0,400.0,800.0,600.0,0.0,0.0
2025-01-20 00:00:00+05:30,324,Bowenpally,3,Bowenpally,114,Tomato,210,618,0.0,1345.0,400.0,1000.0,800.0,0.0,0.0
2025-01-20 00:00:00+05:30,325,Hyderabad,5,Mahabubmansion,68,Tamarind,222,No.II,0.0,163.0,5000.0,7000.0,6000.0,0.0,0.0
2025-01-20 00:00:00+05:30,325,Hyderabad,7,Meeralamandi,127,Kheera,127,Common,0.0,2.0,1500.0,1500.0,1500.0,0.0,0.0
2025-01-20 00:00:00+05:30,325,Hyderabad,6,Madannapeta,127,Kheera,127,Common,0.0,23.0,1000.0,1500.0,1250.0,0.0,0.0
2025-01-20 00:00:00+05:30,246,Warangal,886,Warangal,22,Cowpea,263,White,0.0,1.91,6422.0,7859.0,7859.0,0.0,0.0
2025-01-20 00:00:00+05:30,279,Thirumalagiri,9,Tirmalagiri,17,Black Gram,17,Common,0.0,1.0,6261.0,6261.0,6261.0,0.0,0.0
2025-01-20 00:00:00+05:30,278,Suryapet,1091,Suryapet,30,Groundnut pods,30,Common,0.0,48.0,3156.0,6383.0,6059.0,0.0,0.0
2025-01-20 00:00:00+05:30,290,Siddipet,1193,Siddipet,18,Horse Gram,18,Common,0.0,2.05,7051.0,7777.0,7444.0,0.0,0.0
2025-01-21 00:00:00+05:30,323,Gaddiannaram,2,L.B Nagar,122,Bottle Gourd,122,Common,0.0,83.0,500.0,1000.0,700.0,0.0,0.0
2025-01-21 00:00:00+05:30,324,Bowenpally,3,Bowenpally,114,Tomato,210,618,0.0,1826.0,400.0,1000.0,700.0,0.0,0.0
2025-01-20 00:00:00+05:30,367,Gudimalkapur,1571,Gudumalkapur,116,French Beans,116,Common,0.0,136.0,1500.0,4000.0,2000.0,0.0,0.0
2025-01-20 00:00:00+05:30,331,Vantimamidi,1612,Vantimamidi,116,French Beans,116,Common,0.0,65.0,2000.0,3000.0,2500.0,0.0,0.0
2025-01-21 00:00:00+05:30,325,Hyderabad,5,Mahabubmansion,68,Tamarind,222,No.II,0.0,25.0,5000.0,7000.0,6000.0,0.0,0.0
2025-01-21 00:00:00+05:30,325,Hyderabad,6,Madannapeta,127,Kheera,127,Common,0.0,15.0,1000.0,1200.0,1100.0,0.0,0.0
2025-01-21 00:00:00+05:30,246,Warangal,886,Warangal,22,Cowpea,263,White,0.0,1.46,7070.0,7201.0,7182.0,0.0,0.0
2025-01-21 00:00:00+05:30,278,Suryapet,1091,Suryapet,30,Groundnut pods,30,Common,0.0,135.0,3029.0,5572.0,5422.0,0.0,0.0
2025-01-21 00:00:00+05:30,212,Choppadandi,1123,Choppadandi,25,Cotton,25,Common,0.0,7.0,6000.0,6700.0,6500.0,0.0,0.0
2025-01-21 00:00:00+05:30,290,Siddipet,1193,Siddipet,18,Horse Gram,18,Common,0.0,2.04,7781.0,7781.0,7781.0,0.0,0.0
2025-01-22 00:00:00+05:30,323,Gaddiannaram,2,L.B Nagar,122,Bottle Gourd,122,Common,0.0,110.0,500.0,800.0,700.0,0.0,0.0
2025-01-22 00:00:00+05:30,324,Bowenpally,3,Bowenpally,114,Tomato,210,618,0.0,2185.0,400.0,800.0,700.0,0.0,0.0
2025-01-21 00:00:00+05:30,367,Gudimalkapur,1571,Gudumalkapur,116,French Beans,116,Common,0.0,87.0,2000.0,4000.0,2500.0,0.0,0.0
2025-01-21 00:00:00+05:30,310,Shadnagar,1330,Shadnagar,113,Green Chillies,113,Common,0.0,15.0,2500.0,3500.0,3000.0,0.0,0.0
2025-01-21 00:00:00+05:30,331,Vantimamidi,1612,Vantimamidi,116,French Beans,116,Common,0.0,54.0,2000.0,2800.0,2400.0,0.0,0.0
2025-01-22 00:00:00+05:30,325,Hyderabad,5,Mahabubmansion,68,Tamarind,222,No.II,0.0,92.0,5000.0,8000.0,6000.0,0.0,0.0
2025-01-22 00:00:00+05:30,325,Hyderabad,7,Meeralamandi,127,Kheera,127,Common,0.0,3.0,1200.0,1500.0,1350.0,0.0,0.0
2025-01-22 00:00:00+05:30,325,Hyderabad,6,Madannapeta,127,Kheera,127,Common,0.0,10.0,1400.0,1600.0,1500.0,0.0,0.0
2025-01-22 00:00:00+05:30,310,Shadnagar,1330,Shadnagar,113,Green Chillies,113,Common,0.0,12.0,2500.0,3500.0,3000.0,0.0,0.0
2025-01-22 00:00:00+05:30,290,Siddipet,1193,Siddipet,18,Horse Gram,18,Common,0.0,3.13,7111.0,7400.0,7255.0,0.0,0.0
2025-01-23 00:00:00+05:30,323,Gaddiannaram,2,L.B Nagar,122,Bottle Gourd,122,Common,0.0,98.0,500.0,1000.0,700.0,0.0,0.0
2025-01-23 00:00:00+05:30,324,Bowenpally,3,Bowenpally,114,Tomato,210,618,0.0,2101.0,400.0,800.0,700.0,0.0,0.0
2025-01-22 00:00:00+05:30,367,Gudimalkapur,1571,Gudumalkapur,116,French Beans,116,Common,0.0,140.0,2000.0,3500.0,2500.0,0.0,0.0
2025-01-22 00:00:00+05:30,331,Vantimamidi,1612,Vantimamidi,116,French Beans,116,Common,0.0,55.0,2200.0,3000.0,2600.0,0.0,0.0
2025-01-23 00:00:00+05:30,246,Warangal,886,Warangal,22,Cowpea,263,White,0.0,4.05,5552.0,7202.0,7202.0,0.0,0.0
2025-01-23 00:00:00+05:30,325,Hyderabad,5,Mahabubmansion,68,Tamarind,222,No.II,0.0,92.0,5000.0,7000.0,6000.0,0.0,0.0
2025-01-23 00:00:00+05:30,325,Hyderabad,7,Meeralamandi,127,Kheera,127,Common,0.0,3.0,1500.0,1600.0,1550.0,0.0,0.0
2025-01-23 00:00:00+05:30,325,Hyderabad,6,Madannapeta,127,Kheera,127,Common,0.0,20.0,1200.0,1600.0,1400.0,0.0,0.0
2025-01-23 00:00:00+05:30,278,Suryapet,1091,Suryapet,30,Groundnut pods,30,Common,0.0,33.0,4013.0,6339.0,5309.0,0.0,0.0
2025-01-23 00:00:00+05:30,290,Siddipet,1193,Siddipet,18,Horse Gram,18,Common,0.0,4.35,7502.0,7502.0,7502.0,0.0,0.0
2025-01-23 00:00:00+05:30,310,Shadnagar,1330,Shadnagar,113,Green Chillies,113,Common,0.0,10.0,2500.0,2800.0,2600.0,0.0,0.0
2025-01-23 00:00:00+05:30,331,Vantimamidi,1612,Vantimamidi,116,French Beans,116,Common,0.0,45.0,2000.0,3000.0,2500.0,0.0,0.0
2025-01-23 00:00:00+05:30,367,Gudimalkapur,1571,Gudumalkapur,116,French Beans,116,Common,0.0,172.0,2000.0,3500.0,2500.0,0.0,0.0
2025-01-24 00:00:00+05:30,323,Gaddiannaram,2,L.B Nagar,122,Bottle Gourd,122,Common,0.0,77.0,500.0,1000.0,700.0,0.0,0.0
2025-01-24 00:00:00+05:30,324,Bowenpally,3,Bowenpally,114,Tomato,210,618,0.0,1601.0,400.0,1000.0,800.0,0.0,0.0
2025-01-24 00:00:00+05:30,325,Hyderabad,7,Meeralamandi,127,Kheera,127,Common,0.0,3.0,1500.0,1600.0,1550.0,0.0,0.0
2025-01-24 00:00:00+05:30,278,Suryapet,1091,Suryapet,30,Groundnut pods,30,Common,0.0,26.0,4359.0,6409.0,5159.0,0.0,0.0
2025-01-24 00:00:00+05:30,290,Siddipet,1193,Siddipet,18,Horse Gram,18,Common,0.0,0.32,7200.0,7200.0,7200.0,0.0,0.0
2025-01-24 00:00:00+05:30,246,Warangal,886,Warangal,22,Cowpea,263,White,0.0,1.09,5500.0,6768.0,6768.0,0.0,0.0
2025-01-24 00:00:00+05:30,325,Hyderabad,5,Mahabubmansion,68,Tamarind,222,No.II,0.0,66.0,5000.0,7000.0,6000.0,0.0,0.0
2025-01-24 00:00:00+05:30,325,Hyderabad,6,Madannapeta,127,Kheera,127,Common,0.0,5.0,1600.0,1600.0,1600.0,0.0,0.0
2025-01-25 00:00:00+05:30,323,Gaddiannaram,2,L.B Nagar,122,Bottle Gourd,122,Common,0.0,89.0,500.0,1000.0,700.0,0.0,0.0
2025-01-25 00:00:00+05:30,324,Bowenpally,3,Bowenpally,114,Tomato,210,618,0.0,2041.0,400.0,1000.0,800.0,0.0,0.0
2025-01-24 00:00:00+05:30,310,Shadnagar,1330,Shadnagar,113,Green Chillies,113,Common,0.0,10.0,2000.0,2600.0,2300.0,0.0,0.0
2025-01-24 00:00:00+05:30,331,Vantimamidi,1612,Vantimamidi,116,French Beans,116,Common,0.0,60.0,2000.0,3200.0,2600.0,0.0,0.0
2025-01-24 00:00:00+05:30,367,Gudimalkapur,1571,Gudumalkapur,116,French Beans,116,Common,0.0,157.0,1500.0,3500.0,2000.0,0.0,0.0
2025-01-25 00:00:00+05:30,325,Hyderabad,6,Madannapeta,127,Kheera,127,Common,0.0,15.0,2000.0,2000.0,2000.0,0.0,0.0
2025-01-25 00:00:00+05:30,325,Hyderabad,7,Meeralamandi,127,Kheera,127,Common,0.0,3.0,1500.0,1600.0,1550.0,0.0,0.0
2025-01-25 00:00:00+05:30,290,Siddipet,1193,Siddipet,18,Horse Gram,18,Common,0.0,3.32,7413.0,7413.0,7413.0,0.0,0.0
2025-01-25 00:00:00+05:30,278,Suryapet,1091,Suryapet,30,Groundnut pods,30,Common,0.0,31.0,2053.0,5252.0,5169.0,0.0,0.0
2025-01-25 00:00:00+05:30,367,Gudimalkapur,1571,Gudumalkapur,116,French Beans,116,Common,0.0,111.0,2000.0,3500.0,2500.0,0.0,0.0
2025-01-25 00:00:00+05:30,310,Shadnagar,1330,Shadnagar,113,Green Chillies,113,Common,0.0,5.0,1800.0,2300.0,2000.0,0.0,0.0
2025-01-25 00:00:00+05:30,331,Vantimamidi,1612,Vantimamidi,116,French Beans,116,Common,0.0,69.0,2500.0,3500.0,3000.0,0.0,0.0
2025-01-26 00:00:00+05:30,323,Gaddiannaram,2,L.B Nagar,122,Bottle Gourd,122,Common,0.0,58.0,500.0,1000.0,700.0,0.0,0.0
2025-01-26 00:00:00+05:30,324,Bowenpally,3,Bowenpally,114,Tomato,210,618,0.0,2634.0,400.0,1000.0,900.0,0.0,0.0
2025-01-26 00:00:00+05:30,325,Hyderabad,6,Madannapeta,127,Kheera,127,Common,0.0,20.0,1400.0,1600.0,1500.0,0.0,0.0
2025-01-26 00:00:00+05:30,367,Gudimalkapur,1571,Gudumalkapur,116,French Beans,116,Common,0.0,145.0,2000.0,4000.0,2500.0,0.0,0.0
2025-01-26 00:00:00+05:30,331,Vantimamidi,1612,Vantimamidi,116,French Beans,116,Common,0.0,60.0,2000.0,3000.0,2500.0,0.0,0.0
2025-01-27 00:00:00+05:30,325,Hyderabad,5,Mahabubmansion,68,Tamarind,222,No.II,0.0,78.0,5000.0,7500.0,6000.0,0.0,0.0
2025-01-27 00:00:00+05:30,323,Gaddiannaram,2,L.B Nagar,122,Bottle Gourd,122,Common,0.0,60.0,500.0,1000.0,700.0,0.0,0.0
2025-01-27 00:00:00+05:30,325,Hyderabad,6,Madannapeta,127,Kheera,127,Common,0.0,10.0,2000.0,2000.0,2000.0,0.0,0.0
2025-01-26 00:00:00+05:30,310,Shadnagar,1330,Shadnagar,113,Green Chillies,113,Common,0.0,10.0,1800.0,2500.0,2300.0,0.0,0.0
2025-01-27 00:00:00+05:30,279,Thirumalagiri,9,Tirmalagiri,17,Black Gram,17,Common,0.0,3.0,6829.0,6829.0,6829.0,0.0,0.0
2025-01-27 00:00:00+05:30,246,Warangal,886,Warangal,22,Cowpea,263,White,0.0,8.05,7209.0,7209.0,7209.0,0.0,0.0
2025-01-27 00:00:00+05:30,310,Shadnagar,1330,Shadnagar,113,Green Chillies,113,Common,0.0,10.0,2800.0,3200.0,3000.0,0.0,0.0
2025-01-27 00:00:00+05:30,290,Siddipet,1193,Siddipet,18,Horse Gram,18,Common,0.0,2.1,7116.0,7305.0,7226.0,0.0,0.0
2025-01-27 00:00:00+05:30,212,Choppadandi,1123,Choppadandi,25,Cotton,25,Common,0.0,3.0,6100.0,6200.0,6200.0,0.0,0.0
2025-01-27 00:00:00+05:30,331,Vantimamidi,1612,Vantimamidi,116,French Beans,116,Common,0.0,50.0,2000.0,3500.0,2750.0,0.0,0.0
2025-01-27 00:00:00+05:30,367,Gudimalkapur,1571,Gudumalkapur,116,French Beans,116,Common,0.0,202.0,2000.0,1500.0,3000.0,0.0,0.0
2025-01-28 00:00:00+05:30,325,Hyderabad,5,Mahabubmansion,68,Tamarind,222,No.II,0.0,50.0,5000.0,7000.0,6000.0,0.0,0.0
2025-01-28 00:00:00+05:30,325,Hyderabad,7,Meeralamandi,127,Kheera,127,Common,0.0,4.0,2000.0,2200.0,2100.0,0.0,0.0
2025-01-28 00:00:00+05:30,325,Hyderabad,6,Madannapeta,127,Kheera,127,Common,0.0,8.0,1500.0,2000.0,1750.0,0.0,0.0
2025-01-28 00:00:00+05:30,324,Bowenpally,3,Bowenpally,114,Tomato,210,618,0.0,2727.0,400.0,1000.0,800.0,0.0,0.0
2025-01-28 00:00:00+05:30,323,Gaddiannaram,2,L.B Nagar,122,Bottle Gourd,122,Common,0.0,92.0,500.0,1000.0,700.0,0.0,0.0
2025-01-28 00:00:00+05:30,246,Warangal,886,Warangal,22,Cowpea,263,White,0.0,1.01,7022.0,7022.0,7022.0,0.0,0.0
2025-01-28 00:00:00+05:30,279,Thirumalagiri,9,Tirmalagiri,17,Black Gram,17,Common,0.0,4.0,5889.0,6589.0,6589.0,0.0,0.0
2025-01-28 00:00:00+05:30,212,Choppadandi,1123,Choppadandi,25,Cotton,25,Common,0.0,18.0,5700.0,6600.0,6500.0,0.0,0.0
2025-01-29 00:00:00+05:30,331,Vantimamidi,1612,Vantimamidi,116,French Beans,116,Common,0.0,48.0,2500.0,3500.0,3000.0,0.0,0.0
2025-01-29 00:00:00+05:30,325,Hyderabad,7,Meeralamandi,127,Kheera,127,Common,0.0,3.0,1500.0,2000.0,1750.0,0.0,0.0
2025-01-28 00:00:00+05:30,367,Gudimalkapur,1571,Gudumalkapur,116,French Beans,116,Common,0.0,132.0,2000.0,3500.0,2500.0,0.0,0.0
2025-01-28 00:00:00+05:30,310,Shadnagar,1330,Shadnagar,113,Green Chillies,113,Common,0.0,5.0,1800.0,2300.0,2000.0,0.0,0.0
2025-01-28 00:00:00+05:30,290,Siddipet,1193,Siddipet,18,Horse Gram,18,Common,0.0,9.6,6500.0,7362.0,5888.0,0.0,0.0
2025-01-30 00:00:00+05:30,323,Gaddiannaram,2,L.B Nagar,122,Bottle Gourd,122,Common,0.0,96.0,500.0,1000.0,700.0,0.0,0.0
2025-01-30 00:00:00+05:30,324,Bowenpally,3,Bowenpally,114,Tomato,210,618,0.0,1963.0,400.0,1000.0,800.0,0.0,0.0
2025-01-30 00:00:00+05:30,325,Hyderabad,5,Mahabubmansion,68,Tamarind,222,No.II,0.0,71.0,5000.0,7000.0,6000.0,0.0,0.0
2025-01-29 00:00:00+05:30,310,Shadnagar,1330,Shadnagar,113,Green Chillies,113,Common,0.0,10.0,1800.0,2300.0,2000.0,0.0,0.0
2025-01-30 00:00:00+05:30,325,Hyderabad,6,Madannapeta,127,Kheera,127,Common,0.0,10.0,1500.0,1800.0,1650.0,0.0,0.0
2025-01-30 00:00:00+05:30,325,Hyderabad,7,Meeralamandi,127,Kheera,127,Common,0.0,5.0,2000.0,2500.0,2250.0,0.0,0.0
2025-01-30 00:00:00+05:30,367,Gudimalkapur,1571,Gudumalkapur,116,French Beans,116,Common,0.0,235.0,2000.0,4000.0,2200.0,0.0,0.0
2025-01-30 00:00:00+05:30,290,Siddipet,1193,Siddipet,18,Horse Gram,18,Common,0.0,6.73,7378.0,7378.0,7378.0,0.0,0.0
2025-01-30 00:00:00+05:30,278,Suryapet,1091,Suryapet,30,Groundnut pods,30,Common,0.0,87.0,2179.0,6859.0,6121.0,0.0,0.0
2025-01-31 00:00:00+05:30,323,Gaddiannaram,2,L.B Nagar,122,Bottle Gourd,122,Common,0.0,68.0,500.0,1000.0,700.0,0.0,0.0
2025-01-30 00:00:00+05:30,310,Shadnagar,1330,Shadnagar,113,Green Chillies,113,Common,0.0,15.0,2000.0,2600.0,2300.0,0.0,0.0
2025-01-30 00:00:00+05:30,331,Vantimamidi,1612,Vantimamidi,116,French Beans,116,Common,0.0,57.0,2000.0,3000.0,2500.0,0.0,0.0
2025-01-31 00:00:00+05:30,325,Hyderabad,5,Mahabubmansion,68,Tamarind,222,No.II,0.0,22.0,5000.0,7000.0,6000.0,0.0,0.0
2025-01-31 00:00:00+05:30,325,Hyderabad,6,Madannapeta,127,Kheera,127,Common,0.0,8.0,1500.0,2000.0,1750.0,0.0,0.0
2025-01-31 00:00:00+05:30,324,Bowenpally,3,Bowenpally,114,Tomato,210,618,0.0,2746.0,400.0,1000.0,800.0,0.0,0.0
2025-01-31 00:00:00+05:30,325,Hyderabad,7,Meeralamandi,127,Kheera,127,Common,0.0,3.0,1800.0,2000.0,1900.0,0.0,0.0
2025-01-31 00:00:00+05:30,278,Suryapet,1091,Suryapet,30,Groundnut pods,30,Common,0.0,52.0,3296.0,6589.0,5589.0,0.0,0.0
2025-01-31 00:00:00+05:30,367,Gudimalkapur,1571,Gudumalkapur,116,French Beans,116,Common,0.0,64.0,2000.0,4000.0,2500.0,0.0,0.0
2025-01-31 00:00:00+05:30,331,Vantimamidi,1612,Vantimamidi,116,French Beans,116,Common,0.0,38.0,2000.0,3000.0,2500.0,0.0,0.0
2025-01-31 00:00:00+05:30,290,Siddipet,1193,Siddipet,18,Horse Gram,18,Common,0.0,21.62,6111.0,7111.0,6500.0,0.0,0.0
2025-01-24 00:00:00+05:30,367,Gudimalkapur,1571,Gudumalkapur,117,Cluster Beans,117,Common,0.0,122.0,1200.0,3000.0,1500.0,0.0,0.0
2025-01-24 00:00:00+05:30,310,Shadnagar,1330,Shadnagar,114,Tomato,197,Local,0.0,12.0,600.0,1000.0,800.0,0.0,0.0
2025-01-25 00:00:00+05:30,324,Bowenpally,3,Bowenpally,115,Green Peas,115,Common,0.0,62.0,1000.0,3000.0,2500.0,0.0,0.0
2025-01-25 00:00:00+05:30,323,Gaddiannaram,2,L.B Nagar,123,Ribbed Gourd,123,Common,0.0,35.0,3000.0,3500.0,3200.0,0.0,0.0
2025-01-25 00:00:00+05:30,323,Gaddiannaram,1,Gaddiannaram,89,Papaya,89,Common,0.0,639.0,1200.0,3200.0,1400.0,0.0,0.0
2025-01-24 00:00:00+05:30,325,Hyderabad,6,Madannapeta,129,Cucumber,129,Common,0.0,10.0,1500.0,2000.0,1750.0,0.0,0.0
2025-01-24 00:00:00+05:30,246,Warangal,886,Warangal,25,Cotton,25,Common,0.0,652.0,6000.0,7120.0,6500.0,0.0,0.0
2025-01-24 00:00:00+05:30,324,Bowenpally,3,Bowenpally,115,Green Peas,115,Common,0.0,1537.0,1000.0,3200.0,2600.0,0.0,0.0
2025-01-24 00:00:00+05:30,323,Gaddiannaram,2,L.B Nagar,123,Ribbed Gourd,123,Common,0.0,42.0,3000.0,3500.0,3200.0,0.0,0.0
2025-01-24 00:00:00+05:30,323,Gaddiannaram,1,Gaddiannaram,89,Papaya,89,Common,0.0,616.0,1200.0,3000.0,1500.0,0.0,0.0
2025-01-23 00:00:00+05:30,367,Gudimalkapur,1571,Gudumalkapur,117,Cluster Beans,117,Common,0.0,132.0,1200.0,3000.0,2000.0,0.0,0.0
2025-01-23 00:00:00+05:30,310,Shadnagar,1330,Shadnagar,114,Tomato,197,Local,0.0,12.0,600.0,1000.0,800.0,0.0,0.0
2025-01-23 00:00:00+05:30,325,Hyderabad,6,Madannapeta,129,Cucumber,129,Common,0.0,13.0,2000.0,2500.0,2250.0,0.0,0.0
2025-01-23 00:00:00+05:30,246,Warangal,886,Warangal,25,Cotton,25,Common,0.0,656.0,6000.0,7135.0,6500.0,0.0,0.0
2025-01-22 00:00:00+05:30,367,Gudimalkapur,1571,Gudumalkapur,117,Cluster Beans,117,Common,0.0,191.0,1000.0,2500.0,1400.0,0.0,0.0
2025-01-23 00:00:00+05:30,324,Bowenpally,3,Bowenpally,115,Green Peas,115,Common,0.0,1134.0,1000.0,3000.0,2500.0,0.0,0.0
2025-01-23 00:00:00+05:30,323,Gaddiannaram,2,L.B Nagar,123,Ribbed Gourd,123,Common,0.0,36.0,3000.0,3500.0,3200.0,0.0,0.0
2025-01-23 00:00:00+05:30,323,Gaddiannaram,1,Gaddiannaram,89,Papaya,89,Common,0.0,714.0,1200.0,2600.0,1400.0,0.0,0.0
2025-01-22 00:00:00+05:30,310,Shadnagar,1330,Shadnagar,114,Tomato,197,Local,0.0,10.0,600.0,1000.0,800.0,0.0,0.0
2025-01-22 00:00:00+05:30,325,Hyderabad,6,Madannapeta,129,Cucumber,129,Common,0.0,17.0,2000.0,2500.0,2250.0,0.0,0.0
2025-01-22 00:00:00+05:30,246,Warangal,886,Warangal,25,Cotton,25,Common,0.0,534.0,6000.0,7210.0,6700.0,0.0,0.0
2025-01-22 00:00:00+05:30,246,Warangal,886,Warangal,25,Cotton,25,Common,0.0,26484.3,7309.0,7421.0,7391.0,0.0,0.0
2025-01-21 00:00:00+05:30,331,Vantimamidi,1612,Vantimamidi,117,Cluster Beans,117,Common,0.0,1.0,2000.0,2000.0,2000.0,0.0,0.0
2025-01-21 00:00:00+05:30,310,Shadnagar,1330,Shadnagar,114,Tomato,197,Local,0.0,10.0,600.0,1000.0,800.0,0.0,0.0
2025-01-21 00:00:00+05:30,367,Gudimalkapur,1571,Gudumalkapur,117,Cluster Beans,117,Common,0.0,182.0,1000.0,2500.0,1200.0,0.0,0.0
2025-01-22 00:00:00+05:30,324,Bowenpally,3,Bowenpally,115,Green Peas,115,Common,0.0,1272.0,1000.0,3300.0,2600.0,0.0,0.0
2025-01-22 00:00:00+05:30,323,Gaddiannaram,2,L.B Nagar,123,Ribbed Gourd,123,Common,0.0,35.0,2000.0,3000.0,2500.0,0.0,0.0
2025-01-22 00:00:00+05:30,323,Gaddiannaram,1,Gaddiannaram,89,Papaya,89,Common,0.0,423.0,1000.0,2800.0,1200.0,0.0,0.0
2025-01-21 00:00:00+05:30,246,Warangal,886,Warangal,25,Cotton,25,Common,0.0,386.0,6200.0,7200.0,6700.0,0.0,0.0
2025-01-21 00:00:00+05:30,325,Hyderabad,6,Madannapeta,129,Cucumber,129,Common,0.0,6.0,2000.0,2000.0,2000.0,0.0,0.0
2025-01-20 00:00:00+05:30,367,Gudimalkapur,1571,Gudumalkapur,117,Cluster Beans,117,Common,0.0,210.0,1000.0,2200.0,1400.0,0.0,0.0
2025-01-21 00:00:00+05:30,324,Bowenpally,3,Bowenpally,115,Green Peas,115,Common,0.0,1243.0,1500.0,3500.0,3000.0,0.0,0.0
2025-01-21 00:00:00+05:30,323,Gaddiannaram,2,L.B Nagar,123,Ribbed Gourd,123,Common,0.0,50.0,2000.0,3000.0,2500.0,0.0,0.0
2025-01-21 00:00:00+05:30,323,Gaddiannaram,1,Gaddiannaram,89,Papaya,89,Common,0.0,690.0,1200.0,2300.0,1400.0,0.0,0.0
2025-01-20 00:00:00+05:30,246,Warangal,886,Warangal,25,Cotton,25,Common,0.0,839.0,6000.0,7220.0,6700.0,0.0,0.0
2025-01-20 00:00:00+05:30,325,Hyderabad,6,Madannapeta,129,Cucumber,129,Common,0.0,16.0,2000.0,2500.0,2250.0,0.0,0.0
2025-01-20 00:00:00+05:30,324,Bowenpally,3,Bowenpally,115,Green Peas,115,Common,0.0,1243.0,1000.0,3500.0,3000.0,0.0,0.0
2025-01-20 00:00:00+05:30,323,Gaddiannaram,2,L.B Nagar,123,Ribbed Gourd,123,Common,0.0,20.0,2000.0,3000.0,2500.0,0.0,0.0
2025-01-20 00:00:00+05:30,323,Gaddiannaram,1,Gaddiannaram,89,Papaya,89,Common,0.0,838.0,1300.0,2300.0,1500.0,0.0,0.0
2025-01-19 00:00:00+05:30,331,Vantimamidi,1612,Vantimamidi,117,Cluster Beans,117,Common,0.0,2.0,3000.0,3000.0,3000.0,0.0,0.0
2025-01-19 00:00:00+05:30,367,Gudimalkapur,1571,Gudumalkapur,117,Cluster Beans,117,Common,0.0,376.0,1200.0,2500.0,1500.0,0.0,0.0
2025-01-19 00:00:00+05:30,323,Gaddiannaram,2,L.B Nagar,123,Ribbed Gourd,123,Common,0.0,25.0,1500.0,2500.0,2000.0,0.0,0.0
2025-01-19 00:00:00+05:30,325,Hyderabad,6,Madannapeta,129,Cucumber,129,Common,0.0,5.0,2500.0,2500.0,2500.0,0.0,0.0
2025-01-19 00:00:00+05:30,324,Bowenpally,3,Bowenpally,115,Green Peas,115,Common,0.0,1957.0,1500.0,3200.0,2800.0,0.0,0.0
2025-01-19 00:00:00+05:30,323,Gaddiannaram,1,Gaddiannaram,89,Papaya,89,Common,0.0,610.0,900.0,2200.0,1100.0,0.0,0.0
2025-01-18 00:00:00+05:30,367,Gudimalkapur,1571,Gudumalkapur,117,Cluster Beans,117,Common,0.0,448.0,1500.0,3000.0,2300.0,0.0,0.0
2025-01-18 00:00:00+05:30,310,Shadnagar,1330,Shadnagar,114,Tomato,197,Local,0.0,12.0,600.0,1000.0,800.0,0.0,0.0
2025-01-18 00:00:00+05:30,325,Hyderabad,6,Madannapeta,129,Cucumber,129,Common,0.0,7.0,2000.0,2500.0,2250.0,0.0,0.0
2025-01-18 00:00:00+05:30,324,Bowenpally,3,Bowenpally,115,Green Peas,115,Common,0.0,1256.0,2000.0,4000.0,3500.0,0.0,0.0
2025-01-18 00:00:00+05:30,323,Gaddiannaram,2,L.B Nagar,123,Ribbed Gourd,123,Common,0.0,48.0,1500.0,2500.0,2000.0,0.0,0.0
2025-01-17 00:00:00+05:30,331,Vantimamidi,1612,Vantimamidi,117,Cluster Beans,117,Common,0.0,2.0,2500.0,2500.0,2500.0,0.0,0.0
2025-01-17 00:00:00+05:30,310,Shadnagar,1330,Shadnagar,114,Tomato,197,Local,0.0,10.0,500.0,800.0,600.0,0.0,0.0
2025-01-17 00:00:00+05:30,246,Warangal,886,Warangal,25,Cotton,25,Common,0.0,379.0,6300.0,7260.0,6700.0,0.0,0.0
2025-01-17 00:00:00+05:30,324,Bowenpally,3,Bowenpally,115,Green Peas,115,Common,0.0,1097.0,2000.0,4000.0,3500.0,0.0,0.0
2025-01-17 00:00:00+05:30,323,Gaddiannaram,2,L.B Nagar,123,Ribbed Gourd,123,Common,0.0,79.0,2000.0,3000.0,2500.0,0.0,0.0
2025-01-17 00:00:00+05:30,325,Hyderabad,6,Madannapeta,129,Cucumber,129,Common,0.0,2.0,3000.0,3000.0,3000.0,0.0,0.0
2025-01-17 00:00:00+05:30,323,Gaddiannaram,1,Gaddiannaram,89,Papaya,89,Common,0.0,795.0,1300.0,2300.0,1500.0,0.0,0.0
2025-01-16 00:00:00+05:30,292,Zaheerabad,1198,Zaheerabad,58,Coriander,58,Common,0.0,0.5,5009.0,5009.0,5009.0,0.0,0.0
2025-01-16 00:00:00+05:30,367,Gudimalkapur,1571,Gudumalkapur,117,Cluster Beans,117,Common,0.0,190.0,1000.0,3000.0,2000.0,0.0,0.0
2025-01-16 00:00:00+05:30,246,Warangal,886,Warangal,25,Cotton,25,Common,0.0,440.0,6200.0,7210.0,6700.0,0.0,0.0
2025-01-16 00:00:00+05:30,323,Gaddiannaram,2,L.B Nagar,123,Ribbed Gourd,123,Common,0.0,93.0,2500.0,3500.0,3000.0,0.0,0.0
2025-01-16 00:00:00+05:30,325,Hyderabad,6,Madannapeta,129,Cucumber,129,Common,0.0,4.0,2300.0,2500.0,2400.0,0.0,0.0
2025-01-15 00:00:00+05:30,324,Bowenpally,3,Bowenpally,115,Green Peas,115,Common,0.0,772.0,1500.0,4200.0,3200.0,0.0,0.0
2025-01-15 00:00:00+05:30,323,Gaddiannaram,2,L.B Nagar,123,Ribbed Gourd,123,Common,0.0,26.0,2500.0,3500.0,3000.0,0.0,0.0
2025-01-15 00:00:00+05:30,323,Gaddiannaram,1,Gaddiannaram,89,Papaya,89,Common,0.0,369.0,800.0,2200.0,1000.0,0.0,0.0
2025-01-15 00:00:00+05:30,331,Vantimamidi,1612,Vantimamidi,117,Cluster Beans,117,Common,0.0,1.0,3000.0,3000.0,3000.0,0.0,0.0
2025-01-15 00:00:00+05:30,310,Shadnagar,1330,Shadnagar,114,Tomato,197,Local,0.0,4.0,500.0,800.0,600.0,0.0,0.0
2025-01-16 00:00:00+05:30,323,Gaddiannaram,1,Gaddiannaram,89,Papaya,89,Common,0.0,470.0,1000.0,2500.0,1200.0,0.0,0.0
2025-01-15 00:00:00+05:30,367,Gudimalkapur,1571,Gudumalkapur,117,Cluster Beans,117,Common,0.0,89.0,1500.0,3000.0,2500.0,0.0,0.0
2025-01-14 00:00:00+05:30,325,Hyderabad,6,Madannapeta,129,Cucumber,129,Common,0.0,4.0,3000.0,3000.0,3000.0,0.0,0.0
2025-01-14 00:00:00+05:30,367,Gudimalkapur,1571,Gudumalkapur,117,Cluster Beans,117,Common,0.0,100.0,2000.0,2800.0,2200.0,0.0,0.0
2025-01-14 00:00:00+05:30,310,Shadnagar,1330,Shadnagar,114,Tomato,197,Local,0.0,5.0,500.0,800.0,600.0,0.0,0.0
2025-01-14 00:00:00+05:30,323,Gaddiannaram,1,Gaddiannaram,89,Papaya,89,Common,0.0,210.0,1000.0,2800.0,1400.0,0.0,0.0
2025-01-14 00:00:00+05:30,324,Bowenpally,3,Bowenpally,115,Green Peas,115,Common,0.0,573.0,1000.0,4200.0,3800.0,0.0,0.0
2025-01-14 00:00:00+05:30,323,Gaddiannaram,2,L.B Nagar,123,Ribbed Gourd,123,Common,0.0,24.0,2500.0,3500.0,3000.0,0.0,0.0
2025-01-13 00:00:00+05:30,367,Gudimalkapur,1571,Gudumalkapur,117,Cluster Beans,117,Common,0.0,87.0,2200.0,4200.0,2800.0,0.0,0.0
2025-01-13 00:00:00+05:30,310,Shadnagar,1330,Shadnagar,114,Tomato,197,Local,0.0,10.0,500.0,800.0,600.0,0.0,0.0
2025-01-13 00:00:00+05:30,324,Bowenpally,3,Bowenpally,115,Green Peas,115,Common,0.0,869.0,1500.0,4500.0,3800.0,0.0,0.0
2025-01-13 00:00:00+05:30,325,Hyderabad,6,Madannapeta,129,Cucumber,129,Common,0.0,5.0,2000.0,2000.0,2000.0,0.0,0.0
2025-01-12 00:00:00+05:30,367,Gudimalkapur,1571,Gudumalkapur,117,Cluster Beans,117,Common,0.0,243.0,1500.0,2500.0,2000.0,0.0,0.0
2025-01-12 00:00:00+05:30,331,Vantimamidi,1612,Vantimamidi,117,Cluster Beans,117,Common,0.0,1.0,3000.0,3000.0,3000.0,0.0,0.0
2025-01-12 00:00:00+05:30,310,Shadnagar,1330,Shadnagar,114,Tomato,197,Local,0.0,5.0,500.0,1000.0,800.0,0.0,0.0
2025-01-13 00:00:00+05:30,323,Gaddiannaram,2,L.B Nagar,123,Ribbed Gourd,123,Common,0.0,43.0,2500.0,3500.0,3000.0,0.0,0.0
2025-01-13 00:00:00+05:30,323,Gaddiannaram,1,Gaddiannaram,89,Papaya,89,Common,0.0,367.0,800.0,2100.0,1200.0,0.0,0.0
2025-01-11 00:00:00+05:30,292,Zaheerabad,1198,Zaheerabad,58,Coriander,58,Common,0.0,0.5,5059.0,5059.0,5059.0,0.0,0.0
2025-01-11 00:00:00+05:30,367,Gudimalkapur,1571,Gudumalkapur,117,Cluster Beans,117,Common,0.0,219.0,2100.0,3000.0,2400.0,0.0,0.0
2025-01-12 00:00:00+05:30,324,Bowenpally,3,Bowenpally,115,Green Peas,115,Common,0.0,1219.0,2000.0,4000.0,3500.0,0.0,0.0
2025-01-11 00:00:00+05:30,310,Shadnagar,1330,Shadnagar,114,Tomato,197,Local,0.0,12.0,800.0,1000.0,900.0,0.0,0.0
2025-01-12 00:00:00+05:30,323,Gaddiannaram,1,Gaddiannaram,89,Papaya,89,Common,0.0,599.0,650.0,1800.0,800.0,0.0,0.0
2025-01-12 00:00:00+05:30,325,Hyderabad,6,Madannapeta,129,Cucumber,129,Common,0.0,7.0,2500.0,2500.0,2500.0,0.0,0.0
2025-01-11 00:00:00+05:30,325,Hyderabad,6,Madannapeta,129,Cucumber,129,Common,0.0,14.0,2000.0,2500.0,2250.0,0.0,0.0
2025-01-11 00:00:00+05:30,324,Bowenpally,3,Bowenpally,115,Green Peas,115,Common,0.0,1073.0,1000.0,4000.0,3000.0,0.0,0.0
2025-01-11 00:00:00+05:30,323,Gaddiannaram,2,L.B Nagar,123,Ribbed Gourd,123,Common,0.0,35.0,2500.0,3500.0,3000.0,0.0,0.0
2025-01-10 00:00:00+05:30,310,Shadnagar,1330,Shadnagar,114,Tomato,197,Local,0.0,10.0,500.0,1200.0,800.0,0.0,0.0
2025-01-10 00:00:00+05:30,367,Gudimalkapur,1571,Gudumalkapur,117,Cluster Beans,117,Common,0.0,180.0,2000.0,3000.0,2500.0,0.0,0.0
2025-01-11 00:00:00+05:30,323,Gaddiannaram,1,Gaddiannaram,89,Papaya,89,Common,0.0,804.0,900.0,2400.0,1500.0,0.0,0.0
2025-01-10 00:00:00+05:30,292,Zaheerabad,1198,Zaheerabad,58,Coriander,58,Common,0.0,0.5,5011.0,5011.0,5011.0,0.0,0.0
2025-01-10 00:00:00+05:30,325,Hyderabad,6,Madannapeta,129,Cucumber,129,Common,0.0,7.0,2500.0,2500.0,2500.0,0.0,0.0
2025-01-10 00:00:00+05:30,246,Warangal,886,Warangal,25,Cotton,25,Common,0.0,927.0,6200.0,7205.0,6700.0,0.0,0.0
2025-01-10 00:00:00+05:30,324,Bowenpally,3,Bowenpally,115,Green Peas,115,Common,0.0,1142.0,1500.0,4000.0,3000.0,0.0,0.0
2025-01-10 00:00:00+05:30,323,Gaddiannaram,2,L.B Nagar,123,Ribbed Gourd,123,Common,0.0,42.0,2500.0,3500.0,3000.0,0.0,0.0
2025-01-10 00:00:00+05:30,323,Gaddiannaram,1,Gaddiannaram,89,Papaya,89,Common,0.0,550.0,800.0,2400.0,1500.0,0.0,0.0
2025-01-09 00:00:00+05:30,367,Gudimalkapur,1571,Gudumalkapur,117,Cluster Beans,117,Common,0.0,159.0,2000.0,4000.0,2500.0,0.0,0.0
2025-01-09 00:00:00+05:30,292,Zaheerabad,1198,Zaheerabad,58,Coriander,58,Common,0.0,2.0,5552.0,5552.0,5552.0,0.0,0.0
2025-01-09 00:00:00+05:30,325,Hyderabad,6,Madannapeta,129,Cucumber,129,Common,0.0,13.0,2000.0,3000.0,2500.0,0.0,0.0
2025-01-09 00:00:00+05:30,246,Warangal,886,Warangal,25,Cotton,25,Common,0.0,830.0,6200.0,7200.0,6700.0,0.0,0.0
2025-01-09 00:00:00+05:30,324,Bowenpally,3,Bowenpally,115,Green Peas,115,Common,0.0,1271.0,2000.0,4000.0,3500.0,0.0,0.0
2025-01-09 00:00:00+05:30,323,Gaddiannaram,2,L.B Nagar,123,Ribbed Gourd,123,Common,0.0,37.0,2500.0,3500.0,3000.0,0.0,0.0
2025-01-09 00:00:00+05:30,323,Gaddiannaram,1,Gaddiannaram,89,Papaya,89,Common,0.0,618.0,1200.0,2700.0,1700.0,0.0,0.0
2025-01-08 00:00:00+05:30,367,Gudimalkapur,1571,Gudumalkapur,117,Cluster Beans,117,Common,0.0,138.0,1500.0,3200.0,2400.0,0.0,0.0
2025-01-08 00:00:00+05:30,292,Zaheerabad,1198,Zaheerabad,58,Coriander,58,Common,0.0,0.5,5301.0,5301.0,5301.0,0.0,0.0
2025-01-08 00:00:00+05:30,325,Hyderabad,6,Madannapeta,129,Cucumber,129,Common,0.0,4.0,3000.0,3000.0,3000.0,0.0,0.0
2025-01-08 00:00:00+05:30,246,Warangal,886,Warangal,25,Cotton,25,Common,0.0,713.0,8559.0,11506.0,11506.0,0.0,0.0
2025-01-08 00:00:00+05:30,324,Bowenpally,3,Bowenpally,115,Green Peas,115,Common,0.0,1250.0,2000.0,4000.0,3500.0,0.0,0.0
2025-01-08 00:00:00+05:30,323,Gaddiannaram,2,L.B Nagar,123,Ribbed Gourd,123,Common,0.0,61.0,2500.0,3500.0,3000.0,0.0,0.0
2025-01-08 00:00:00+05:30,323,Gaddiannaram,1,Gaddiannaram,89,Papaya,89,Common,0.0,558.0,700.0,2400.0,1400.0,0.0,0.0
2025-01-07 00:00:00+05:30,310,Shadnagar,1330,Shadnagar,114,Tomato,197,Local,0.0,12.0,1200.0,1800.0,1500.0,0.0,0.0
2025-01-07 00:00:00+05:30,367,Gudimalkapur,1571,Gudumalkapur,117,Cluster Beans,117,Common,0.0,119.0,1000.0,3000.0,2000.0,0.0,0.0
2025-01-07 00:00:00+05:30,325,Hyderabad,6,Madannapeta,129,Cucumber,129,Common,0.0,3.0,2500.0,2500.0,2500.0,0.0,0.0
2025-01-07 00:00:00+05:30,246,Warangal,886,Warangal,25,Cotton,25,Common,0.0,1074.0,6000.0,7155.0,6700.0,0.0,0.0
2025-01-07 00:00:00+05:30,324,Bowenpally,3,Bowenpally,115,Green Peas,115,Common,0.0,1323.0,1000.0,3800.0,3200.0,0.0,0.0
2025-01-07 00:00:00+05:30,323,Gaddiannaram,2,L.B Nagar,123,Ribbed Gourd,123,Common,0.0,40.0,2500.0,3500.0,3000.0,0.0,0.0
2025-01-07 00:00:00+05:30,323,Gaddiannaram,1,Gaddiannaram,89,Papaya,89,Common,0.0,609.0,1100.0,2200.0,1500.0,0.0,0.0
2025-01-06 00:00:00+05:30,367,Gudimalkapur,1571,Gudumalkapur,117,Cluster Beans,117,Common,0.0,145.0,2000.0,3000.0,2500.0,0.0,0.0
2025-01-06 00:00:00+05:30,310,Shadnagar,1330,Shadnagar,114,Tomato,197,Local,0.0,10.0,600.0,1000.0,800.0,0.0,0.0
2025-01-06 00:00:00+05:30,325,Hyderabad,6,Madannapeta,129,Cucumber,129,Common,0.0,7.0,2500.0,3000.0,2750.0,0.0,0.0
2025-01-06 00:00:00+05:30,246,Warangal,886,Warangal,25,Cotton,25,Common,0.0,1018.0,6000.0,7110.0,6500.0,0.0,0.0
2025-01-06 00:00:00+05:30,324,Bowenpally,3,Bowenpally,115,Green Peas,115,Common,0.0,1394.0,2000.0,4200.0,3600.0,0.0,0.0
2025-01-06 00:00:00+05:30,323,Gaddiannaram,2,L.B Nagar,123,Ribbed Gourd,123,Common,0.0,50.0,2500.0,3500.0,3000.0,0.0,0.0
2025-01-05 00:00:00+05:30,367,Gudimalkapur,1571,Gudumalkapur,117,Cluster Beans,117,Common,0.0,242.0,1500.0,3000.0,2000.0,0.0,0.0
2025-01-05 00:00:00+05:30,331,Vantimamidi,1612,Vantimamidi,117,Cluster Beans,117,Common,0.0,22.0,2800.0,2800.0,2800.0,0.0,0.0
2025-01-06 00:00:00+05:30,323,Gaddiannaram,1,Gaddiannaram,89,Papaya,89,Common,0.0,733.0,1100.0,2400.0,1600.0,0.0,0.0
2025-01-05 00:00:00+05:30,323,Gaddiannaram,1,Gaddiannaram,89,Papaya,89,Common,0.0,613.0,900.0,2400.0,1300.0,0.0,0.0
2025-01-05 00:00:00+05:30,310,Shadnagar,1330,Shadnagar,114,Tomato,197,Local,0.0,10.0,800.0,1200.0,1000.0,0.0,0.0
2025-01-04 00:00:00+05:30,331,Vantimamidi,1612,Vantimamidi,117,Cluster Beans,117,Common,0.0,1.0,2500.0,2500.0,2500.0,0.0,0.0
2025-01-04 00:00:00+05:30,310,Shadnagar,1330,Shadnagar,114,Tomato,197,Local,0.0,10.0,1800.0,2500.0,2000.0,0.0,0.0
2025-01-04 00:00:00+05:30,367,Gudimalkapur,1571,Gudumalkapur,117,Cluster Beans,117,Common,0.0,233.0,1500.0,3000.0,2000.0,0.0,0.0
2025-01-05 00:00:00+05:30,324,Bowenpally,3,Bowenpally,115,Green Peas,115,Common,0.0,1363.0,2000.0,4500.0,4000.0,0.0,0.0
2025-01-05 00:00:00+05:30,325,Hyderabad,6,Madannapeta,129,Cucumber,129,Common,0.0,3.0,2500.0,2500.0,2500.0,0.0,0.0
2025-01-05 00:00:00+05:30,323,Gaddiannaram,2,L.B Nagar,123,Ribbed Gourd,123,Common,0.0,27.0,2000.0,3000.0,2500.0,0.0,0.0
2025-01-04 00:00:00+05:30,325,Hyderabad,6,Madannapeta,129,Cucumber,129,Common,0.0,7.0,3000.0,3000.0,3000.0,0.0,0.0
2025-01-04 00:00:00+05:30,323,Gaddiannaram,2,L.B Nagar,123,Ribbed Gourd,123,Common,0.0,35.0,2000.0,3000.0,2500.0,0.0,0.0
2025-01-04 00:00:00+05:30,324,Bowenpally,3,Bowenpally,115,Green Peas,115,Common,0.0,1128.0,1500.0,4500.0,4000.0,0.0,0.0
2025-01-04 00:00:00+05:30,323,Gaddiannaram,1,Gaddiannaram,89,Papaya,89,Common,0.0,900.0,700.0,2500.0,1500.0,0.0,0.0
2025-01-03 00:00:00+05:30,367,Gudimalkapur,1571,Gudumalkapur,117,Cluster Beans,117,Common,0.0,205.0,1200.0,2500.0,1800.0,0.0,0.0
2025-01-03 00:00:00+05:30,310,Shadnagar,1330,Shadnagar,114,Tomato,197,Local,0.0,12.0,800.0,1200.0,1000.0,0.0,0.0
2025-01-03 00:00:00+05:30,325,Hyderabad,6,Madannapeta,129,Cucumber,129,Common,0.0,3.0,2500.0,2500.0,2500.0,0.0,0.0
2025-01-03 00:00:00+05:30,246,Warangal,886,Warangal,25,Cotton,25,Common,0.0,824.0,6000.0,7020.0,6500.0,0.0,0.0
2025-01-03 00:00:00+05:30,324,Bowenpally,3,Bowenpally,115,Green Peas,115,Common,0.0,1039.0,2000.0,5000.0,4000.0,0.0,0.0
2025-01-03 00:00:00+05:30,323,Gaddiannaram,2,L.B Nagar,123,Ribbed Gourd,123,Common,0.0,38.0,2000.0,3000.0,2500.0,0.0,0.0
2025-01-03 00:00:00+05:30,323,Gaddiannaram,1,Gaddiannaram,89,Papaya,89,Common,0.0,1003.0,400.0,2700.0,1500.0,0.0,0.0
2025-01-02 00:00:00+05:30,367,Gudimalkapur,1571,Gudumalkapur,117,Cluster Beans,117,Common,0.0,190.0,2000.0,3000.0,2500.0,0.0,0.0
2025-01-02 00:00:00+05:30,310,Shadnagar,1330,Shadnagar,114,Tomato,197,Local,0.0,10.0,1200.0,1800.0,1500.0,0.0,0.0
2025-01-02 00:00:00+05:30,325,Hyderabad,6,Madannapeta,129,Cucumber,129,Common,0.0,5.0,2000.0,2000.0,2000.0,0.0,0.0
2025-01-02 00:00:00+05:30,246,Warangal,886,Warangal,25,Cotton,25,Common,0.0,965.0,6000.0,6970.0,6500.0,0.0,0.0
2025-01-02 00:00:00+05:30,324,Bowenpally,3,Bowenpally,115,Green Peas,115,Common,0.0,1229.0,1500.0,5500.0,5000.0,0.0,0.0
2025-01-02 00:00:00+05:30,323,Gaddiannaram,2,L.B Nagar,123,Ribbed Gourd,123,Common,0.0,55.0,2000.0,3000.0,2500.0,0.0,0.0
2025-01-02 00:00:00+05:30,323,Gaddiannaram,1,Gaddiannaram,89,Papaya,89,Common,0.0,729.0,400.0,2700.0,1500.0,0.0,0.0
2025-01-01 00:00:00+05:30,323,Gaddiannaram,1,Gaddiannaram,89,Papaya,89,Common,0.0,505.0,1100.0,2200.0,1600.0,0.0,0.0
2025-01-31 00:00:00+05:30,367,Gudimalkapur,1571,Gudumalkapur,117,Cluster Beans,117,Common,0.0,125.0,1200.0,2500.0,1500.0,0.0,0.0
2025-01-31 00:00:00+05:30,324,Bowenpally,3,Bowenpally,115,Green Peas,115,Common,0.0,1114.0,1000.0,3500.0,3000.0,0.0,0.0
2025-01-31 00:00:00+05:30,325,Hyderabad,6,Madannapeta,129,Cucumber,129,Common,0.0,5.0,2000.0,3000.0,2500.0,0.0,0.0
2025-01-30 00:00:00+05:30,310,Shadnagar,1330,Shadnagar,114,Tomato,197,Local,0.0,10.0,800.0,1200.0,1000.0,0.0,0.0
2025-01-31 00:00:00+05:30,323,Gaddiannaram,2,L.B Nagar,123,Ribbed Gourd,123,Common,0.0,45.0,3000.0,3500.0,3200.0,0.0,0.0
2025-01-31 00:00:00+05:30,323,Gaddiannaram,1,Gaddiannaram,89,Papaya,89,Common,0.0,825.0,1500.0,3200.0,1800.0,0.0,0.0
2025-01-30 00:00:00+05:30,367,Gudimalkapur,1571,Gudumalkapur,117,Cluster Beans,117,Common,0.0,190.0,1500.0,3000.0,1800.0,0.0,0.0
2025-01-30 00:00:00+05:30,325,Hyderabad,6,Madannapeta,129,Cucumber,129,Common,0.0,6.0,2500.0,3000.0,2750.0,0.0,0.0
2025-01-29 00:00:00+05:30,310,Shadnagar,1330,Shadnagar,114,Tomato,197,Local,0.0,5.0,800.0,1200.0,1000.0,0.0,0.0
2025-01-30 00:00:00+05:30,324,Bowenpally,3,Bowenpally,115,Green Peas,115,Common,0.0,1639.0,1000.0,3000.0,2500.0,0.0,0.0
2025-01-30 00:00:00+05:30,323,Gaddiannaram,2,L.B Nagar,123,Ribbed Gourd,123,Common,0.0,48.0,3000.0,3500.0,3200.0,0.0,0.0
2025-01-30 00:00:00+05:30,323,Gaddiannaram,1,Gaddiannaram,89,Papaya,89,Common,0.0,630.0,1000.0,3300.0,1450.0,0.0,0.0
2025-01-28 00:00:00+05:30,310,Shadnagar,1330,Shadnagar,114,Tomato,197,Local,0.0,4.0,800.0,1200.0,1000.0,0.0,0.0
2025-01-28 00:00:00+05:30,367,Gudimalkapur,1571,Gudumalkapur,117,Cluster Beans,117,Common,0.0,127.0,1500.0,3000.0,2000.0,0.0,0.0
2025-01-29 00:00:00+05:30,323,Gaddiannaram,1,Gaddiannaram,89,Papaya,89,Common,0.0,690.0,1200.0,3200.0,1400.0,0.0,0.0
2025-01-28 00:00:00+05:30,246,Warangal,886,Warangal,25,Cotton,25,Common,0.0,602.0,5500.0,6940.0,6000.0,0.0,0.0
2025-01-28 00:00:00+05:30,323,Gaddiannaram,2,L.B Nagar,123,Ribbed Gourd,123,Common,0.0,47.0,3000.0,3500.0,3200.0,0.0,0.0
2025-01-28 00:00:00+05:30,324,Bowenpally,3,Bowenpally,115,Green Peas,115,Common,0.0,1408.0,1500.0,3500.0,3000.0,0.0,0.0
2025-01-28 00:00:00+05:30,325,Hyderabad,6,Madannapeta,129,Cucumber,129,Common,0.0,5.0,2000.0,3000.0,2500.0,0.0,0.0
2025-01-27 00:00:00+05:30,367,Gudimalkapur,1571,Gudumalkapur,117,Cluster Beans,117,Common,0.0,167.0,1200.0,3000.0,1800.0,0.0,0.0
2025-01-28 00:00:00+05:30,323,Gaddiannaram,1,Gaddiannaram,89,Papaya,89,Common,0.0,625.0,1500.0,3000.0,2000.0,0.0,0.0
2025-01-27 00:00:00+05:30,310,Shadnagar,1330,Shadnagar,114,Tomato,197,Local,0.0,12.0,800.0,1200.0,1000.0,0.0,0.0
2025-01-27 00:00:00+05:30,246,Warangal,886,Warangal,25,Cotton,25,Common,0.0,759.0,6000.0,7020.0,6500.0,0.0,0.0
2025-01-26 00:00:00+05:30,310,Shadnagar,1330,Shadnagar,114,Tomato,197,Local,0.0,5.0,500.0,800.0,600.0,0.0,0.0
2025-01-27 00:00:00+05:30,325,Hyderabad,6,Madannapeta,129,Cucumber,129,Common,0.0,10.0,1800.0,2000.0,1900.0,0.0,0.0
2025-01-27 00:00:00+05:30,323,Gaddiannaram,2,L.B Nagar,123,Ribbed Gourd,123,Common,0.0,50.0,3000.0,3500.0,3200.0,0.0,0.0
2025-01-27 00:00:00+05:30,323,Gaddiannaram,1,Gaddiannaram,89,Papaya,89,Common,0.0,763.0,1500.0,3100.0,1600.0,0.0,0.0
2025-01-26 00:00:00+05:30,367,Gudimalkapur,1571,Gudumalkapur,117,Cluster Beans,117,Common,0.0,133.0,1500.0,3000.0,1800.0,0.0,0.0
2025-01-26 00:00:00+05:30,325,Hyderabad,6,Madannapeta,129,Cucumber,129,Common,0.0,13.0,2000.0,2500.0,2250.0,0.0,0.0
2025-01-26 00:00:00+05:30,324,Bowenpally,3,Bowenpally,115,Green Peas,115,Common,0.0,1590.0,1500.0,3000.0,2700.0,0.0,0.0
2025-01-26 00:00:00+05:30,323,Gaddiannaram,2,L.B Nagar,123,Ribbed Gourd,123,Common,0.0,25.0,3000.0,3500.0,3200.0,0.0,0.0
2025-01-26 00:00:00+05:30,323,Gaddiannaram,1,Gaddiannaram,89,Papaya,89,Common,0.0,336.0,1000.0,3300.0,1500.0,0.0,0.0
2025-01-25 00:00:00+05:30,310,Shadnagar,1330,Shadnagar,114,Tomato,197,Local,0.0,10.0,500.0,800.0,600.0,0.0,0.0
2025-01-25 00:00:00+05:30,367,Gudimalkapur,1571,Gudumalkapur,117,Cluster Beans,117,Common,0.0,204.0,1500.0,3000.0,1800.0,0.0,0.0
2025-01-25 00:00:00+05:30,292,Zaheerabad,1198,Zaheerabad,34,Safflower,34,Common,0.0,0.5,5622.0,5622.0,5622.0,0.0,0.0
2025-01-25 00:00:00+05:30,325,Hyderabad,6,Madannapeta,129,Cucumber,129,Common,0.0,10.0,1800.0,2000.0,1900.0,0.0,0.0
2025-01-01 00:00:00+05:30,323,Gaddiannaram,1,Gaddiannaram,90,Guava,90,Common,0.0,297.0,1500.0,3500.0,2250.0,0.0,0.0
2025-01-01 00:00:00+05:30,331,Vantimamidi,1612,Vantimamidi,118,Field Beans,118,Common,0.0,60.0,1800.0,3500.0,2650.0,0.0,0.0
2025-01-02 00:00:00+05:30,323,Gaddiannaram,1,Gaddiannaram,90,Guava,90,Common,0.0,402.0,1500.0,4000.0,2500.0,0.0,0.0
2025-01-02 00:00:00+05:30,323,Gaddiannaram,2,L.B Nagar,125,Bitter Gourd,125,Common,0.0,14.0,500.0,1000.0,700.0,0.0,0.0
2025-01-02 00:00:00+05:30,324,Bowenpally,3,Bowenpally,116,French Beans,116,Common,0.0,490.0,1000.0,3500.0,2800.0,0.0,0.0
2025-01-02 00:00:00+05:30,290,Siddipet,1193,Siddipet,22,Cowpea,22,Common,0.0,3.86,7999.0,8285.0,8125.0,0.0,0.0
2025-01-02 00:00:00+05:30,367,Gudimalkapur,1571,Gudumalkapur,118,Field Beans,118,Common,0.0,100.0,2500.0,3500.0,3000.0,0.0,0.0
2025-01-02 00:00:00+05:30,331,Vantimamidi,1612,Vantimamidi,118,Field Beans,118,Common,0.0,95.0,1900.0,3500.0,2700.0,0.0,0.0
2025-01-02 00:00:00+05:30,303,Kalwakurthy,1340,Kalwakurthy,123,Ribbed Gourd,123,Common,0.0,1.0,6000.0,6000.0,6000.0,0.0,0.0
2025-01-03 00:00:00+05:30,323,Gaddiannaram,1,Gaddiannaram,90,Guava,90,Common,0.0,277.0,1500.0,4000.0,2500.0,0.0,0.0
2025-01-03 00:00:00+05:30,323,Gaddiannaram,2,L.B Nagar,125,Bitter Gourd,125,Common,0.0,25.0,2500.0,3500.0,3000.0,0.0,0.0
2025-01-03 00:00:00+05:30,324,Bowenpally,3,Bowenpally,116,French Beans,116,Common,0.0,550.0,1000.0,3500.0,3000.0,0.0,0.0
2025-01-03 00:00:00+05:30,325,Hyderabad,5,Mahabubmansion,105,Potato,105,Common,0.0,185.0,3500.0,3500.0,3500.0,0.0,0.0
2025-01-03 00:00:00+05:30,290,Siddipet,1193,Siddipet,22,Cowpea,22,Common,0.0,1.0,7899.0,7899.0,7899.0,0.0,0.0
2025-01-03 00:00:00+05:30,367,Gudimalkapur,1571,Gudumalkapur,118,Field Beans,118,Common,0.0,170.0,1500.0,3500.0,2500.0,0.0,0.0
2025-01-04 00:00:00+05:30,323,Gaddiannaram,1,Gaddiannaram,90,Guava,90,Common,0.0,287.0,1750.0,3500.0,2250.0,0.0,0.0
2025-01-03 00:00:00+05:30,331,Vantimamidi,1612,Vantimamidi,118,Field Beans,118,Common,0.0,95.0,1700.0,3500.0,2600.0,0.0,0.0
2025-01-04 00:00:00+05:30,324,Bowenpally,3,Bowenpally,116,French Beans,116,Common,0.0,743.0,1500.0,3500.0,3000.0,0.0,0.0
2025-01-04 00:00:00+05:30,323,Gaddiannaram,2,L.B Nagar,125,Bitter Gourd,125,Common,0.0,30.0,2500.0,3500.0,3000.0,0.0,0.0
2025-01-04 00:00:00+05:30,325,Hyderabad,5,Mahabubmansion,105,Potato,105,Common,0.0,358.0,3500.0,3500.0,3500.0,0.0,0.0
2025-01-03 00:00:00+05:30,303,Kalwakurthy,1340,Kalwakurthy,123,Ribbed Gourd,123,Common,0.0,2.0,5000.0,5000.0,5000.0,0.0,0.0
2025-01-04 00:00:00+05:30,290,Siddipet,1193,Siddipet,22,Cowpea,22,Common,0.0,13.37,8155.0,8155.0,8155.0,0.0,0.0
2025-01-05 00:00:00+05:30,323,Gaddiannaram,2,L.B Nagar,125,Bitter Gourd,125,Common,0.0,17.0,2000.0,3500.0,2500.0,0.0,0.0
2025-01-05 00:00:00+05:30,324,Bowenpally,3,Bowenpally,116,French Beans,116,Common,0.0,399.0,1000.0,3500.0,3000.0,0.0,0.0
2025-01-04 00:00:00+05:30,367,Gudimalkapur,1571,Gudumalkapur,118,Field Beans,118,Common,0.0,139.0,1500.0,3200.0,2200.0,0.0,0.0
2025-01-04 00:00:00+05:30,310,Shadnagar,1330,Shadnagar,117,Cluster Beans,117,Common,0.0,5.0,2800.0,3500.0,3000.0,0.0,0.0
2025-01-04 00:00:00+05:30,331,Vantimamidi,1612,Vantimamidi,118,Field Beans,118,Common,0.0,84.0,1800.0,3500.0,2650.0,0.0,0.0
2025-01-05 00:00:00+05:30,303,Kalwakurthy,1340,Kalwakurthy,123,Ribbed Gourd,123,Common,0.0,1.0,5000.0,6000.0,5500.0,0.0,0.0
2025-01-05 00:00:00+05:30,323,Gaddiannaram,1,Gaddiannaram,90,Guava,90,Common,0.0,82.0,1500.0,3500.0,2250.0,0.0,0.0
2025-01-06 00:00:00+05:30,323,Gaddiannaram,1,Gaddiannaram,90,Guava,90,Common,0.0,331.0,1500.0,3500.0,2250.0,0.0,0.0
2025-01-05 00:00:00+05:30,331,Vantimamidi,1612,Vantimamidi,118,Field Beans,118,Common,0.0,59.0,1600.0,3500.0,2550.0,0.0,0.0
2025-01-05 00:00:00+05:30,367,Gudimalkapur,1571,Gudumalkapur,118,Field Beans,118,Common,0.0,195.0,1800.0,3200.0,2500.0,0.0,0.0
2025-01-06 00:00:00+05:30,323,Gaddiannaram,2,L.B Nagar,125,Bitter Gourd,125,Common,0.0,15.0,3000.0,3500.0,3200.0,0.0,0.0
2025-01-06 00:00:00+05:30,325,Hyderabad,5,Mahabubmansion,105,Potato,105,Common,0.0,131.0,3500.0,3500.0,3500.0,0.0,0.0
2025-01-06 00:00:00+05:30,324,Bowenpally,3,Bowenpally,116,French Beans,116,Common,0.0,503.0,2000.0,4000.0,3500.0,0.0,0.0
2025-01-06 00:00:00+05:30,310,Shadnagar,1330,Shadnagar,117,Cluster Beans,117,Common,0.0,10.0,2500.0,3500.0,3000.0,0.0,0.0
2025-01-06 00:00:00+05:30,303,Kalwakurthy,1340,Kalwakurthy,123,Ribbed Gourd,123,Common,0.0,1.0,5000.0,5000.0,5000.0,0.0,0.0
2025-01-06 00:00:00+05:30,331,Vantimamidi,1612,Vantimamidi,118,Field Beans,118,Common,0.0,73.0,1900.0,3600.0,2750.0,0.0,0.0
2025-01-06 00:00:00+05:30,367,Gudimalkapur,1571,Gudumalkapur,118,Field Beans,118,Common,0.0,83.0,1700.0,3500.0,3000.0,0.0,0.0
2025-01-06 00:00:00+05:30,290,Siddipet,1193,Siddipet,22,Cowpea,22,Common,0.0,2.81,7955.0,8077.0,8025.0,0.0,0.0
2025-01-07 00:00:00+05:30,323,Gaddiannaram,1,Gaddiannaram,90,Guava,90,Common,0.0,328.0,1500.0,3500.0,2250.0,0.0,0.0
2025-01-07 00:00:00+05:30,323,Gaddiannaram,2,L.B Nagar,125,Bitter Gourd,125,Common,0.0,12.0,3000.0,3500.0,3200.0,0.0,0.0
2025-01-07 00:00:00+05:30,324,Bowenpally,3,Bowenpally,116,French Beans,116,Common,0.0,317.0,2000.0,4000.0,3500.0,0.0,0.0
2025-01-07 00:00:00+05:30,367,Gudimalkapur,1571,Gudumalkapur,118,Field Beans,118,Common,0.0,96.0,2000.0,4000.0,3000.0,0.0,0.0
2025-01-07 00:00:00+05:30,310,Shadnagar,1330,Shadnagar,117,Cluster Beans,117,Common,0.0,10.0,2500.0,3500.0,3000.0,0.0,0.0
2025-01-07 00:00:00+05:30,331,Vantimamidi,1612,Vantimamidi,118,Field Beans,118,Common,0.0,75.0,1900.0,3500.0,2700.0,0.0,0.0
2025-01-07 00:00:00+05:30,290,Siddipet,1193,Siddipet,22,Cowpea,22,Common,0.0,0.91,7955.0,7955.0,7955.0,0.0,0.0
2025-01-08 00:00:00+05:30,323,Gaddiannaram,1,Gaddiannaram,90,Guava,90,Common,0.0,212.0,1500.0,3750.0,2500.0,0.0,0.0
2025-01-08 00:00:00+05:30,323,Gaddiannaram,2,L.B Nagar,125,Bitter Gourd,125,Common,0.0,20.0,3000.0,3500.0,3200.0,0.0,0.0
2025-01-08 00:00:00+05:30,324,Bowenpally,3,Bowenpally,116,French Beans,116,Common,0.0,365.0,2000.0,4000.0,3500.0,0.0,0.0
2025-01-08 00:00:00+05:30,325,Hyderabad,5,Mahabubmansion,105,Potato,105,Common,0.0,577.0,3500.0,3500.0,3500.0,0.0,0.0
2025-01-08 00:00:00+05:30,290,Siddipet,1193,Siddipet,22,Cowpea,22,Common,0.0,12.9,7777.0,7939.0,7858.0,0.0,0.0
2025-01-08 00:00:00+05:30,279,Thirumalagiri,9,Tirmalagiri,22,Cowpea,22,Common,0.0,1.0,6609.0,6609.0,6609.0,0.0,0.0
2025-01-08 00:00:00+05:30,367,Gudimalkapur,1571,Gudumalkapur,118,Field Beans,118,Common,0.0,99.0,2000.0,4200.0,3600.0,0.0,0.0
2025-01-08 00:00:00+05:30,331,Vantimamidi,1612,Vantimamidi,118,Field Beans,118,Common,0.0,70.0,2650.0,1800.0,3500.0,0.0,0.0
2025-01-09 00:00:00+05:30,323,Gaddiannaram,1,Gaddiannaram,90,Guava,90,Common,0.0,256.0,1500.0,4000.0,2500.0,0.0,0.0
2025-01-09 00:00:00+05:30,323,Gaddiannaram,2,L.B Nagar,125,Bitter Gourd,125,Common,0.0,15.0,3000.0,3500.0,3200.0,0.0,0.0
2025-01-09 00:00:00+05:30,324,Bowenpally,3,Bowenpally,116,French Beans,116,Common,0.0,327.0,2000.0,4000.0,3500.0,0.0,0.0
2025-01-09 00:00:00+05:30,325,Hyderabad,5,Mahabubmansion,105,Potato,105,Common,0.0,193.0,3500.0,3500.0,3500.0,0.0,0.0
2025-01-09 00:00:00+05:30,279,Thirumalagiri,9,Tirmalagiri,22,Cowpea,22,Common,0.0,2.0,6621.0,6621.0,6621.0,0.0,0.0
2025-01-09 00:00:00+05:30,367,Gudimalkapur,1571,Gudumalkapur,118,Field Beans,118,Common,0.0,125.0,2500.0,4000.0,3000.0,0.0,0.0
2025-01-09 00:00:00+05:30,331,Vantimamidi,1612,Vantimamidi,118,Field Beans,118,Common,0.0,119.0,1900.0,3300.0,2600.0,0.0,0.0
2025-01-10 00:00:00+05:30,323,Gaddiannaram,1,Gaddiannaram,90,Guava,90,Common,0.0,261.0,1500.0,3750.0,2500.0,0.0,0.0
2025-01-10 00:00:00+05:30,323,Gaddiannaram,2,L.B Nagar,125,Bitter Gourd,125,Common,0.0,12.0,3000.0,3500.0,3200.0,0.0,0.0
2025-01-10 00:00:00+05:30,324,Bowenpally,3,Bowenpally,116,French Beans,116,Common,0.0,343.0,2000.0,4000.0,3500.0,0.0,0.0
2025-01-10 00:00:00+05:30,325,Hyderabad,5,Mahabubmansion,105,Potato,105,Common,0.0,451.0,3500.0,3500.0,3500.0,0.0,0.0
2025-01-10 00:00:00+05:30,290,Siddipet,1193,Siddipet,22,Cowpea,22,Common,0.0,12.23,7223.0,7666.0,7456.0,0.0,0.0
2025-01-11 00:00:00+05:30,323,Gaddiannaram,1,Gaddiannaram,90,Guava,90,Common,0.0,231.0,1500.0,3750.0,2500.0,0.0,0.0
2025-01-10 00:00:00+05:30,331,Vantimamidi,1612,Vantimamidi,118,Field Beans,118,Common,0.0,73.0,1800.0,3200.0,2500.0,0.0,0.0
2025-01-10 00:00:00+05:30,367,Gudimalkapur,1571,Gudumalkapur,118,Field Beans,118,Common,0.0,100.0,2000.0,4000.0,3000.0,0.0,0.0
2025-01-11 00:00:00+05:30,323,Gaddiannaram,2,L.B Nagar,125,Bitter Gourd,125,Common,0.0,15.0,3000.0,3500.0,3200.0,0.0,0.0
2025-01-11 00:00:00+05:30,324,Bowenpally,3,Bowenpally,116,French Beans,116,Common,0.0,452.0,2000.0,4000.0,3500.0,0.0,0.0
2025-01-11 00:00:00+05:30,279,Thirumalagiri,9,Tirmalagiri,22,Cowpea,22,Common,0.0,1.0,6729.0,6729.0,6729.0,0.0,0.0
2025-01-11 00:00:00+05:30,290,Siddipet,1193,Siddipet,22,Cowpea,22,Common,0.0,1.16,7225.0,7425.0,7325.0,0.0,0.0
2025-01-12 00:00:00+05:30,323,Gaddiannaram,1,Gaddiannaram,90,Guava,90,Common,0.0,184.0,1250.0,3500.0,2250.0,0.0,0.0
2025-01-11 00:00:00+05:30,367,Gudimalkapur,1571,Gudumalkapur,118,Field Beans,118,Common,0.0,124.0,2500.0,4000.0,3000.0,0.0,0.0
2025-01-11 00:00:00+05:30,331,Vantimamidi,1612,Vantimamidi,118,Field Beans,118,Common,0.0,67.0,2000.0,3300.0,2650.0,0.0,0.0
2025-01-13 00:00:00+05:30,323,Gaddiannaram,1,Gaddiannaram,90,Guava,90,Common,0.0,140.0,1500.0,4000.0,2500.0,0.0,0.0
2025-01-13 00:00:00+05:30,323,Gaddiannaram,2,L.B Nagar,125,Bitter Gourd,125,Common,0.0,19.0,3000.0,3500.0,3200.0,0.0,0.0
2025-01-12 00:00:00+05:30,310,Shadnagar,1330,Shadnagar,117,Cluster Beans,117,Common,0.0,4.0,2500.0,3500.0,3000.0,0.0,0.0
2025-01-12 00:00:00+05:30,331,Vantimamidi,1612,Vantimamidi,118,Field Beans,118,Common,0.0,16.0,2000.0,3000.0,2500.0,0.0,0.0
2025-01-12 00:00:00+05:30,367,Gudimalkapur,1571,Gudumalkapur,118,Field Beans,118,Common,0.0,122.0,2500.0,4000.0,3000.0,0.0,0.0
2025-01-13 00:00:00+05:30,324,Bowenpally,3,Bowenpally,116,French Beans,116,Common,0.0,254.0,1500.0,4000.0,3500.0,0.0,0.0
2025-01-13 00:00:00+05:30,310,Shadnagar,1330,Shadnagar,117,Cluster Beans,117,Common,0.0,5.0,2500.0,3500.0,3000.0,0.0,0.0
2025-01-13 00:00:00+05:30,367,Gudimalkapur,1571,Gudumalkapur,118,Field Beans,118,Common,0.0,185.0,1500.0,2500.0,2000.0,0.0,0.0
2025-01-14 00:00:00+05:30,323,Gaddiannaram,2,L.B Nagar,125,Bitter Gourd,125,Common,0.0,14.0,3000.0,3500.0,3200.0,0.0,0.0
2025-01-13 00:00:00+05:30,331,Vantimamidi,1612,Vantimamidi,118,Field Beans,118,Common,0.0,35.0,2000.0,3500.0,2750.0,0.0,0.0
2025-01-14 00:00:00+05:30,324,Bowenpally,3,Bowenpally,116,French Beans,116,Common,0.0,219.0,1000.0,4000.0,3000.0,0.0,0.0
2025-01-14 00:00:00+05:30,310,Shadnagar,1330,Shadnagar,117,Cluster Beans,117,Common,0.0,4.0,2000.0,2800.0,2500.0,0.0,0.0
2025-01-14 00:00:00+05:30,367,Gudimalkapur,1571,Gudumalkapur,118,Field Beans,118,Common,0.0,44.0,2500.0,3500.0,3000.0,0.0,0.0
2025-01-15 00:00:00+05:30,367,Gudimalkapur,1571,Gudumalkapur,118,Field Beans,118,Common,0.0,50.0,2000.0,4000.0,3000.0,0.0,0.0
2025-01-14 00:00:00+05:30,331,Vantimamidi,1612,Vantimamidi,118,Field Beans,118,Common,0.0,52.0,2000.0,3500.0,2750.0,0.0,0.0
2025-01-16 00:00:00+05:30,323,Gaddiannaram,1,Gaddiannaram,90,Guava,90,Common,0.0,88.0,1500.0,4250.0,2500.0,0.0,0.0
2025-01-15 00:00:00+05:30,310,Shadnagar,1330,Shadnagar,117,Cluster Beans,117,Common,0.0,3.0,1800.0,2300.0,2000.0,0.0,0.0
2025-01-15 00:00:00+05:30,331,Vantimamidi,1612,Vantimamidi,118,Field Beans,118,Common,0.0,52.0,2000.0,3500.0,2750.0,0.0,0.0
2025-01-15 00:00:00+05:30,323,Gaddiannaram,1,Gaddiannaram,90,Guava,90,Common,0.0,41.0,1500.0,4000.0,2500.0,0.0,0.0
2025-01-15 00:00:00+05:30,323,Gaddiannaram,2,L.B Nagar,125,Bitter Gourd,125,Common,0.0,5.0,3000.0,3500.0,3200.0,0.0,0.0
2025-01-15 00:00:00+05:30,324,Bowenpally,3,Bowenpally,116,French Beans,116,Common,0.0,316.0,1500.0,4000.0,3200.0,0.0,0.0
2025-01-16 00:00:00+05:30,323,Gaddiannaram,2,L.B Nagar,125,Bitter Gourd,125,Common,0.0,10.0,3000.0,3500.0,3200.0,0.0,0.0
2025-01-16 00:00:00+05:30,324,Bowenpally,3,Bowenpally,116,French Beans,116,Common,0.0,225.0,1000.0,4000.0,3000.0,0.0,0.0
2025-01-15 00:00:00+05:30,290,Siddipet,1193,Siddipet,22,Cowpea,22,Common,0.0,0.52,5100.0,5100.0,5100.0,0.0,0.0
2025-01-16 00:00:00+05:30,367,Gudimalkapur,1571,Gudumalkapur,118,Field Beans,118,Common,0.0,75.0,1800.0,3300.0,2100.0,0.0,0.0
2025-01-16 00:00:00+05:30,290,Siddipet,1193,Siddipet,22,Cowpea,22,Common,0.0,4.18,6480.0,6666.0,6501.0,0.0,0.0
2025-01-17 00:00:00+05:30,323,Gaddiannaram,1,Gaddiannaram,90,Guava,90,Common,0.0,244.0,1500.0,4250.0,2500.0,0.0,0.0
2025-01-16 00:00:00+05:30,331,Vantimamidi,1612,Vantimamidi,118,Field Beans,118,Common,0.0,66.0,1900.0,3300.0,2600.0,0.0,0.0
2025-01-17 00:00:00+05:30,323,Gaddiannaram,2,L.B Nagar,125,Bitter Gourd,125,Common,0.0,21.0,3000.0,3500.0,3200.0,0.0,0.0
2025-01-17 00:00:00+05:30,324,Bowenpally,3,Bowenpally,116,French Beans,116,Common,0.0,400.0,2000.0,4200.0,3400.0,0.0,0.0
2025-01-17 00:00:00+05:30,325,Hyderabad,5,Mahabubmansion,105,Potato,105,Common,0.0,219.0,2500.0,2500.0,2500.0,0.0,0.0
2025-01-17 00:00:00+05:30,310,Shadnagar,1330,Shadnagar,117,Cluster Beans,117,Common,0.0,5.0,2800.0,3200.0,3000.0,0.0,0.0
2025-01-17 00:00:00+05:30,331,Vantimamidi,1612,Vantimamidi,118,Field Beans,118,Common,0.0,117.0,2800.0,3500.0,3150.0,0.0,0.0
2025-01-17 00:00:00+05:30,290,Siddipet,1193,Siddipet,22,Cowpea,22,Common,0.0,2.29,7111.0,7311.0,7222.0,0.0,0.0
2025-01-18 00:00:00+05:30,323,Gaddiannaram,2,L.B Nagar,125,Bitter Gourd,125,Common,0.0,18.0,3000.0,4000.0,3500.0,0.0,0.0
2025-01-18 00:00:00+05:30,324,Bowenpally,3,Bowenpally,116,French Beans,116,Common,0.0,378.0,2000.0,4000.0,3500.0,0.0,0.0
2025-01-18 00:00:00+05:30,310,Shadnagar,1330,Shadnagar,117,Cluster Beans,117,Common,0.0,5.0,2000.0,2800.0,2300.0,0.0,0.0
2025-01-18 00:00:00+05:30,367,Gudimalkapur,1571,Gudumalkapur,118,Field Beans,118,Common,0.0,121.0,2800.0,4000.0,3100.0,0.0,0.0
2025-01-19 00:00:00+05:30,323,Gaddiannaram,1,Gaddiannaram,90,Guava,90,Common,0.0,78.0,1500.0,4250.0,2500.0,0.0,0.0
2025-01-18 00:00:00+05:30,331,Vantimamidi,1612,Vantimamidi,118,Field Beans,118,Common,0.0,126.0,2900.0,3500.0,3200.0,0.0,0.0
2025-01-19 00:00:00+05:30,324,Bowenpally,3,Bowenpally,116,French Beans,116,Common,0.0,652.0,2000.0,4000.0,3500.0,0.0,0.0
2025-01-19 00:00:00+05:30,323,Gaddiannaram,2,L.B Nagar,125,Bitter Gourd,125,Common,0.0,20.0,3000.0,4000.0,3500.0,0.0,0.0
2025-01-19 00:00:00+05:30,367,Gudimalkapur,1571,Gudumalkapur,118,Field Beans,118,Common,0.0,186.0,2000.0,4000.0,2200.0,0.0,0.0
2025-01-19 00:00:00+05:30,331,Vantimamidi,1612,Vantimamidi,118,Field Beans,118,Common,0.0,122.0,1500.0,2500.0,2000.0,0.0,0.0
2025-01-20 00:00:00+05:30,323,Gaddiannaram,1,Gaddiannaram,90,Guava,90,Common,0.0,229.0,1500.0,4250.0,2500.0,0.0,0.0
2025-01-20 00:00:00+05:30,323,Gaddiannaram,2,L.B Nagar,125,Bitter Gourd,125,Common,0.0,21.0,3000.0,3500.0,3200.0,0.0,0.0
2025-01-20 00:00:00+05:30,324,Bowenpally,3,Bowenpally,116,French Beans,116,Common,0.0,304.0,1500.0,3500.0,3000.0,0.0,0.0
2025-01-20 00:00:00+05:30,325,Hyderabad,5,Mahabubmansion,105,Potato,105,Common,0.0,184.0,2500.0,2500.0,2500.0,0.0,0.0
2025-01-20 00:00:00+05:30,290,Siddipet,1193,Siddipet,22,Cowpea,22,Common,0.0,2.96,6515.0,7111.0,6800.0,0.0,0.0
2025-01-21 00:00:00+05:30,323,Gaddiannaram,1,Gaddiannaram,90,Guava,90,Common,0.0,109.0,1500.0,4250.0,2500.0,0.0,0.0
2025-01-21 00:00:00+05:30,323,Gaddiannaram,2,L.B Nagar,125,Bitter Gourd,125,Common,0.0,25.0,3000.0,4000.0,2500.0,0.0,0.0
2025-01-21 00:00:00+05:30,324,Bowenpally,3,Bowenpally,116,French Beans,116,Common,0.0,334.0,1500.0,3000.0,2600.0,0.0,0.0
2025-01-20 00:00:00+05:30,367,Gudimalkapur,1571,Gudumalkapur,118,Field Beans,118,Common,0.0,147.0,2500.0,3500.0,3000.0,0.0,0.0
2025-01-20 00:00:00+05:30,331,Vantimamidi,1612,Vantimamidi,118,Field Beans,118,Common,0.0,80.0,2000.0,2500.0,2250.0,0.0,0.0
2025-01-21 00:00:00+05:30,290,Siddipet,1193,Siddipet,22,Cowpea,22,Common,0.0,9.11,6500.0,6500.0,6500.0,0.0,0.0
2025-01-21 00:00:00+05:30,279,Thirumalagiri,9,Tirmalagiri,22,Cowpea,22,Common,0.0,6.0,5129.0,6619.0,6619.0,0.0,0.0
2025-01-22 00:00:00+05:30,323,Gaddiannaram,1,Gaddiannaram,90,Guava,90,Common,0.0,202.0,1500.0,4250.0,2500.0,0.0,0.0
2025-01-22 00:00:00+05:30,323,Gaddiannaram,2,L.B Nagar,125,Bitter Gourd,125,Common,0.0,15.0,3000.0,4000.0,3500.0,0.0,0.0
2025-01-22 00:00:00+05:30,324,Bowenpally,3,Bowenpally,116,French Beans,116,Common,0.0,661.0,1500.0,3500.0,3000.0,0.0,0.0
2025-01-21 00:00:00+05:30,367,Gudimalkapur,1571,Gudumalkapur,118,Field Beans,118,Common,0.0,124.0,2000.0,3500.0,2700.0,0.0,0.0
2025-01-21 00:00:00+05:30,310,Shadnagar,1330,Shadnagar,117,Cluster Beans,117,Common,0.0,5.0,2000.0,2800.0,2500.0,0.0,0.0
2025-01-21 00:00:00+05:30,331,Vantimamidi,1612,Vantimamidi,118,Field Beans,118,Common,0.0,94.0,2000.0,2500.0,2250.0,0.0,0.0
2025-01-22 00:00:00+05:30,310,Shadnagar,1330,Shadnagar,117,Cluster Beans,117,Common,0.0,5.0,2500.0,3000.0,2800.0,0.0,0.0
2025-01-22 00:00:00+05:30,290,Siddipet,1193,Siddipet,22,Cowpea,22,Common,0.0,3.02,5711.0,5711.0,5711.0,0.0,0.0
2025-01-22 00:00:00+05:30,279,Thirumalagiri,9,Tirmalagiri,22,Cowpea,22,Common,0.0,4.0,3011.0,6859.0,6859.0,0.0,0.0
2025-01-23 00:00:00+05:30,323,Gaddiannaram,1,Gaddiannaram,90,Guava,90,Common,0.0,66.0,1500.0,4250.0,2500.0,0.0,0.0
2025-01-23 00:00:00+05:30,323,Gaddiannaram,2,L.B Nagar,125,Bitter Gourd,125,Common,0.0,15.0,3000.0,4000.0,3500.0,0.0,0.0
2025-01-23 00:00:00+05:30,324,Bowenpally,3,Bowenpally,116,French Beans,116,Common,0.0,253.0,1500.0,3000.0,2600.0,0.0,0.0
2025-01-22 00:00:00+05:30,367,Gudimalkapur,1571,Gudumalkapur,118,Field Beans,118,Common,0.0,109.0,2000.0,3500.0,2500.0,0.0,0.0
2025-01-22 00:00:00+05:30,331,Vantimamidi,1612,Vantimamidi,118,Field Beans,118,Common,0.0,99.0,2000.0,2800.0,2400.0,0.0,0.0
2025-01-23 00:00:00+05:30,290,Siddipet,1193,Siddipet,22,Cowpea,22,Common,0.0,3.49,7111.0,7311.0,7222.0,0.0,0.0
2025-01-23 00:00:00+05:30,310,Shadnagar,1330,Shadnagar,117,Cluster Beans,117,Common,0.0,5.0,3200.0,3800.0,3500.0,0.0,0.0
2025-01-23 00:00:00+05:30,292,Zaheerabad,1198,Zaheerabad,58,Coriander,58,Common,0.0,0.5,5655.0,5655.0,5655.0,0.0,0.0
2025-01-23 00:00:00+05:30,331,Vantimamidi,1612,Vantimamidi,118,Field Beans,118,Common,0.0,99.0,2000.0,3000.0,2500.0,0.0,0.0
2025-01-23 00:00:00+05:30,367,Gudimalkapur,1571,Gudumalkapur,118,Field Beans,118,Common,0.0,139.0,2200.0,3700.0,2500.0,0.0,0.0
2025-01-24 00:00:00+05:30,323,Gaddiannaram,1,Gaddiannaram,90,Guava,90,Common,0.0,204.0,1500.0,4250.0,2500.0,0.0,0.0
2025-01-24 00:00:00+05:30,323,Gaddiannaram,2,L.B Nagar,125,Bitter Gourd,125,Common,0.0,10.0,3000.0,3500.0,3200.0,0.0,0.0
2025-01-24 00:00:00+05:30,324,Bowenpally,3,Bowenpally,116,French Beans,116,Common,0.0,241.0,1500.0,3500.0,3000.0,0.0,0.0
2025-01-24 00:00:00+05:30,325,Hyderabad,5,Mahabubmansion,105,Potato,105,Common,0.0,231.0,2500.0,2500.0,2500.0,0.0,0.0
2025-01-24 00:00:00+05:30,290,Siddipet,1193,Siddipet,22,Cowpea,22,Common,0.0,3.15,6511.0,6903.0,6707.0,0.0,0.0
2025-01-24 00:00:00+05:30,279,Thirumalagiri,9,Tirmalagiri,22,Cowpea,22,Common,0.0,2.0,6923.0,7023.0,7023.0,0.0,0.0
2025-01-25 00:00:00+05:30,323,Gaddiannaram,1,Gaddiannaram,90,Guava,90,Common,0.0,171.0,1500.0,4250.0,2500.0,0.0,0.0
2025-01-25 00:00:00+05:30,323,Gaddiannaram,2,L.B Nagar,125,Bitter Gourd,125,Common,0.0,20.0,3000.0,3500.0,3200.0,0.0,0.0
2025-01-25 00:00:00+05:30,324,Bowenpally,3,Bowenpally,116,French Beans,116,Common,0.0,405.0,1000.0,4000.0,3000.0,0.0,0.0
2025-01-24 00:00:00+05:30,310,Shadnagar,1330,Shadnagar,117,Cluster Beans,117,Common,0.0,5.0,2500.0,3500.0,3000.0,0.0,0.0
2025-01-24 00:00:00+05:30,331,Vantimamidi,1612,Vantimamidi,118,Field Beans,118,Common,0.0,98.0,2000.0,3000.0,2500.0,0.0,0.0
2025-01-24 00:00:00+05:30,367,Gudimalkapur,1571,Gudumalkapur,118,Field Beans,118,Common,0.0,107.0,2000.0,4000.0,3000.0,0.0,0.0
2025-01-25 00:00:00+05:30,325,Hyderabad,5,Mahabubmansion,105,Potato,105,Common,0.0,227.0,2500.0,2500.0,2500.0,0.0,0.0
2025-01-25 00:00:00+05:30,290,Siddipet,1193,Siddipet,22,Cowpea,22,Common,0.0,1.74,6500.0,6500.0,6500.0,0.0,0.0
2025-01-25 00:00:00+05:30,367,Gudimalkapur,1571,Gudumalkapur,118,Field Beans,118,Common,0.0,82.0,1500.0,4000.0,2600.0,0.0,0.0
2025-01-25 00:00:00+05:30,331,Vantimamidi,1612,Vantimamidi,118,Field Beans,118,Common,0.0,125.0,2000.0,3000.0,2500.0,0.0,0.0
2025-01-26 00:00:00+05:30,323,Gaddiannaram,1,Gaddiannaram,90,Guava,90,Common,0.0,104.0,1500.0,4250.0,2500.0,0.0,0.0
2025-01-26 00:00:00+05:30,323,Gaddiannaram,2,L.B Nagar,125,Bitter Gourd,125,Common,0.0,12.0,3000.0,3500.0,3200.0,0.0,0.0
2025-01-26 00:00:00+05:30,324,Bowenpally,3,Bowenpally,116,French Beans,116,Common,0.0,440.0,3000.0,4000.0,3800.0,0.0,0.0
2025-01-26 00:00:00+05:30,367,Gudimalkapur,1571,Gudumalkapur,118,Field Beans,118,Common,0.0,145.0,2000.0,3500.0,2500.0,0.0,0.0
2025-01-27 00:00:00+05:30,323,Gaddiannaram,1,Gaddiannaram,90,Guava,90,Common,0.0,200.0,1500.0,4250.0,2500.0,0.0,0.0
2025-01-26 00:00:00+05:30,331,Vantimamidi,1612,Vantimamidi,118,Field Beans,118,Common,0.0,113.0,1800.0,3000.0,2400.0,0.0,0.0
2025-01-27 00:00:00+05:30,323,Gaddiannaram,2,L.B Nagar,125,Bitter Gourd,125,Common,0.0,18.0,3000.0,3500.0,3200.0,0.0,0.0
2025-01-27 00:00:00+05:30,290,Siddipet,1193,Siddipet,22,Cowpea,22,Common,0.0,2.78,6011.0,6556.0,6311.0,0.0,0.0
2025-01-27 00:00:00+05:30,292,Zaheerabad,1198,Zaheerabad,58,Coriander,58,Common,0.0,0.5,6623.0,6623.0,6623.0,0.0,0.0
2025-01-28 00:00:00+05:30,323,Gaddiannaram,1,Gaddiannaram,90,Guava,90,Common,0.0,144.0,1500.0,4250.0,2500.0,0.0,0.0
2025-01-27 00:00:00+05:30,331,Vantimamidi,1612,Vantimamidi,118,Field Beans,118,Common,0.0,108.0,1200.0,2500.0,1850.0,0.0,0.0
2025-01-27 00:00:00+05:30,367,Gudimalkapur,1571,Gudumalkapur,118,Field Beans,118,Common,0.0,144.0,2000.0,3200.0,2500.0,0.0,0.0
2025-01-28 00:00:00+05:30,323,Gaddiannaram,2,L.B Nagar,125,Bitter Gourd,125,Common,0.0,16.0,3000.0,3500.0,3200.0,0.0,0.0
2025-01-28 00:00:00+05:30,246,Warangal,886,Warangal,26,Sunnhemp,26,Common,0.0,4.1,7252.0,7252.0,7252.0,0.0,0.0
2025-01-28 00:00:00+05:30,279,Thirumalagiri,9,Tirmalagiri,22,Cowpea,22,Common,0.0,6.0,6811.0,7000.0,7000.0,0.0,0.0
2025-01-29 00:00:00+05:30,323,Gaddiannaram,1,Gaddiannaram,90,Guava,90,Common,0.0,160.0,1500.0,4250.0,2500.0,0.0,0.0
2025-01-29 00:00:00+05:30,331,Vantimamidi,1612,Vantimamidi,118,Field Beans,118,Common,0.0,447.0,1300.0,2500.0,1900.0,0.0,0.0
2025-01-28 00:00:00+05:30,367,Gudimalkapur,1571,Gudumalkapur,118,Field Beans,118,Common,0.0,165.0,1800.0,3200.0,2500.0,0.0,0.0
2025-01-28 00:00:00+05:30,310,Shadnagar,1330,Shadnagar,117,Cluster Beans,117,Common,0.0,5.0,2500.0,3500.0,3000.0,0.0,0.0
2025-01-28 00:00:00+05:30,290,Siddipet,1193,Siddipet,22,Cowpea,22,Common,0.0,7.31,6222.0,7011.0,6511.0,0.0,0.0
2025-01-28 00:00:00+05:30,292,Zaheerabad,1198,Zaheerabad,58,Coriander,58,Common,0.0,1.5,5359.0,5826.0,5826.0,0.0,0.0
2025-01-30 00:00:00+05:30,323,Gaddiannaram,1,Gaddiannaram,90,Guava,90,Common,0.0,245.0,1500.0,4250.0,2500.0,0.0,0.0
2025-01-30 00:00:00+05:30,323,Gaddiannaram,2,L.B Nagar,125,Bitter Gourd,125,Common,0.0,27.0,3000.0,3500.0,3200.0,0.0,0.0
2025-01-30 00:00:00+05:30,324,Bowenpally,3,Bowenpally,116,French Beans,116,Common,0.0,630.0,1500.0,3500.0,2800.0,0.0,0.0
2025-01-30 00:00:00+05:30,325,Hyderabad,5,Mahabubmansion,105,Potato,105,Common,0.0,188.0,2400.0,2400.0,2400.0,0.0,0.0
2025-01-30 00:00:00+05:30,279,Thirumalagiri,9,Tirmalagiri,22,Cowpea,22,Common,0.0,2.0,6829.0,6859.0,6859.0,0.0,0.0
2025-01-30 00:00:00+05:30,367,Gudimalkapur,1571,Gudumalkapur,118,Field Beans,118,Common,0.0,185.0,1500.0,3000.0,2000.0,0.0,0.0
2025-01-30 00:00:00+05:30,290,Siddipet,1193,Siddipet,22,Cowpea,22,Common,0.0,9.7,7333.0,6611.0,7278.0,0.0,0.0
2025-01-30 00:00:00+05:30,292,Zaheerabad,1198,Zaheerabad,58,Coriander,58,Common,0.0,3.0,5653.0,7061.0,5653.0,0.0,0.0
2025-01-31 00:00:00+05:30,323,Gaddiannaram,1,Gaddiannaram,90,Guava,90,Common,0.0,169.0,1500.0,4250.0,2500.0,0.0,0.0
2025-01-31 00:00:00+05:30,323,Gaddiannaram,2,L.B Nagar,125,Bitter Gourd,125,Common,0.0,23.0,3000.0,3500.0,3200.0,0.0,0.0
2025-01-30 00:00:00+05:30,311,Wanaparthy Road,1332,W.P Road,30,Groundnut pods,30,Common,0.0,138.6,3700.0,5286.0,5186.0,0.0,0.0
2025-01-30 00:00:00+05:30,331,Vantimamidi,1612,Vantimamidi,118,Field Beans,118,Common,0.0,203.0,1200.0,2500.0,1850.0,0.0,0.0
2025-01-31 00:00:00+05:30,325,Hyderabad,5,Mahabubmansion,105,Potato,105,Common,0.0,234.0,2400.0,2400.0,2400.0,0.0,0.0
2025-01-31 00:00:00+05:30,324,Bowenpally,3,Bowenpally,116,French Beans,116,Common,0.0,588.0,1500.0,3500.0,3000.0,0.0,0.0
2025-01-31 00:00:00+05:30,279,Thirumalagiri,9,Tirmalagiri,22,Cowpea,22,Common,0.0,3.0,7029.0,7029.0,7029.0,0.0,0.0
2025-01-31 00:00:00+05:30,367,Gudimalkapur,1571,Gudumalkapur,118,Field Beans,118,Common,0.0,210.0,1500.0,3200.0,1800.0,0.0,0.0
2025-01-31 00:00:00+05:30,290,Siddipet,1193,Siddipet,22,Cowpea,22,Common,0.0,6.71,7222.0,7222.0,7222.0,0.0,0.0
2025-01-31 00:00:00+05:30,311,Wanaparthy Road,1332,W.P Road,30,Groundnut pods,30,Common,0.0,59.7,4144.0,5696.0,5526.0,0.0,0.0
2025-01-31 00:00:00+05:30,331,Vantimamidi,1612,Vantimamidi,118,Field Beans,118,Common,0.0,224.0,1000.0,2000.0,1500.0,0.0,0.0
2025-01-25 00:00:00+05:30,324,Bowenpally,3,Bowenpally,117,Cluster Beans,117,Common,0.0,668.0,800.0,2500.0,2000.0,0.0,0.0
2025-01-25 00:00:00+05:30,323,Gaddiannaram,2,L.B Nagar,128,Pumpkin,128,Common,0.0,25.0,800.0,1000.0,900.0,0.0,0.0
2025-01-25 00:00:00+05:30,323,Gaddiannaram,1,Gaddiannaram,91,Ber,91,Common,0.0,237.0,900.0,3000.0,1200.0,0.0,0.0
2025-01-24 00:00:00+05:30,192,Jainath,26,Jainath,80,Banana,80,Common,0.0,288.0,550.0,625.0,587.0,0.0,0.0
2025-01-24 00:00:00+05:30,246,Warangal,886,Warangal,30,Groundnut pods,30,Common,0.0,64.25,5400.0,6210.0,5800.0,0.0,0.0
2025-01-24 00:00:00+05:30,324,Bowenpally,3,Bowenpally,117,Cluster Beans,117,Common,0.0,554.0,1000.0,2500.0,2000.0,0.0,0.0
2025-01-24 00:00:00+05:30,323,Gaddiannaram,2,L.B Nagar,128,Pumpkin,128,Common,0.0,32.0,800.0,1000.0,900.0,0.0,0.0
2025-01-24 00:00:00+05:30,323,Gaddiannaram,1,Gaddiannaram,91,Ber,91,Common,0.0,422.0,900.0,3000.0,1200.0,0.0,0.0
2025-01-23 00:00:00+05:30,192,Jainath,26,Jainath,80,Banana,80,Common,0.0,160.0,550.0,625.0,587.0,0.0,0.0
2025-01-23 00:00:00+05:30,246,Warangal,886,Warangal,30,Groundnut pods,30,Common,0.0,46.5,3500.0,6250.0,6000.0,0.0,0.0
2025-01-22 00:00:00+05:30,367,Gudimalkapur,1571,Gudumalkapur,121,Snake Gourd,121,Common,0.0,1.0,1000.0,1000.0,1000.0,0.0,0.0
2025-01-23 00:00:00+05:30,324,Bowenpally,3,Bowenpally,117,Cluster Beans,117,Common,0.0,550.0,1000.0,2500.0,2000.0,0.0,0.0
2025-01-23 00:00:00+05:30,323,Gaddiannaram,1,Gaddiannaram,91,Ber,91,Common,0.0,152.0,900.0,3500.0,1000.0,0.0,0.0
2025-01-22 00:00:00+05:30,208,Nizamabad,1080,Nizamabad,32,Gingelly,223,White,0.0,13.0,9251.0,10360.0,9251.0,0.0,0.0
2025-01-22 00:00:00+05:30,192,Jainath,26,Jainath,80,Banana,80,Common,0.0,480.0,550.0,625.0,587.0,0.0,0.0
2025-01-22 00:00:00+05:30,310,Shadnagar,1330,Shadnagar,123,Ribbed Gourd,123,Common,0.0,4.0,2500.0,3500.0,3000.0,0.0,0.0
2025-01-22 00:00:00+05:30,246,Warangal,886,Warangal,30,Groundnut pods,30,Common,0.0,48.05,3400.0,6200.0,5800.0,0.0,0.0
2025-01-22 00:00:00+05:30,324,Bowenpally,3,Bowenpally,117,Cluster Beans,117,Common,0.0,874.0,1000.0,2500.0,2000.0,0.0,0.0
2025-01-22 00:00:00+05:30,323,Gaddiannaram,2,L.B Nagar,128,Pumpkin,128,Common,0.0,25.0,800.0,1000.0,900.0,0.0,0.0
2025-01-22 00:00:00+05:30,323,Gaddiannaram,1,Gaddiannaram,91,Ber,91,Common,0.0,351.0,900.0,3000.0,1100.0,0.0,0.0
2025-01-21 00:00:00+05:30,192,Jainath,26,Jainath,80,Banana,80,Common,0.0,160.0,550.0,625.0,587.0,0.0,0.0
2025-01-21 00:00:00+05:30,246,Warangal,886,Warangal,30,Groundnut pods,30,Common,0.0,60.95,3400.0,6100.0,5600.0,0.0,0.0
2025-01-20 00:00:00+05:30,367,Gudimalkapur,1571,Gudumalkapur,121,Snake Gourd,121,Common,0.0,5.0,1000.0,1000.0,1000.0,0.0,0.0
2025-01-21 00:00:00+05:30,324,Bowenpally,3,Bowenpally,117,Cluster Beans,117,Common,0.0,546.0,1000.0,2500.0,2000.0,0.0,0.0
2025-01-21 00:00:00+05:30,323,Gaddiannaram,1,Gaddiannaram,91,Ber,91,Common,0.0,177.0,900.0,3000.0,1000.0,0.0,0.0
2025-01-20 00:00:00+05:30,192,Jainath,26,Jainath,80,Banana,80,Common,0.0,640.0,550.0,625.0,587.0,0.0,0.0
2025-01-20 00:00:00+05:30,246,Warangal,886,Warangal,30,Groundnut pods,30,Common,0.0,91.0,5500.0,6310.0,6000.0,0.0,0.0
2025-01-20 00:00:00+05:30,324,Bowenpally,3,Bowenpally,117,Cluster Beans,117,Common,0.0,902.0,700.0,2500.0,2000.0,0.0,0.0
2025-01-20 00:00:00+05:30,323,Gaddiannaram,2,L.B Nagar,128,Pumpkin,128,Common,0.0,50.0,800.0,1000.0,900150.0,0.0,0.0
2025-01-20 00:00:00+05:30,323,Gaddiannaram,1,Gaddiannaram,91,Ber,91,Common,0.0,500.0,1000.0,3000.0,1300.0,0.0,0.0
2025-01-19 00:00:00+05:30,323,Gaddiannaram,2,L.B Nagar,128,Pumpkin,128,Common,0.0,40.0,800.0,1000.0,900.0,0.0,0.0
2025-01-19 00:00:00+05:30,324,Bowenpally,3,Bowenpally,117,Cluster Beans,117,Common,0.0,1511.0,1000.0,2500.0,2000.0,0.0,0.0
2025-01-18 00:00:00+05:30,367,Gudimalkapur,1571,Gudumalkapur,121,Snake Gourd,121,Common,0.0,1.0,1200.0,1200.0,1200.0,0.0,0.0
2025-01-18 00:00:00+05:30,310,Shadnagar,1330,Shadnagar,123,Ribbed Gourd,123,Common,0.0,4.0,2500.0,3500.0,3000.0,0.0,0.0
2025-01-18 00:00:00+05:30,292,Zaheerabad,1198,Zaheerabad,75,Soyabean,213,White,0.0,39.5,3650.0,4211.0,4135.0,0.0,0.0
2025-01-18 00:00:00+05:30,208,Nizamabad,1080,Nizamabad,32,Gingelly,223,White,0.0,8.0,9529.0,10451.0,10121.0,0.0,0.0
2025-01-18 00:00:00+05:30,192,Jainath,26,Jainath,80,Banana,80,Common,0.0,320.0,550.0,625.0,587.0,0.0,0.0
2025-01-18 00:00:00+05:30,324,Bowenpally,3,Bowenpally,117,Cluster Beans,117,Common,0.0,1481.0,1000.0,3000.0,2500.0,0.0,0.0
2025-01-18 00:00:00+05:30,323,Gaddiannaram,2,L.B Nagar,128,Pumpkin,128,Common,0.0,20.0,800.0,1000.0,900.0,0.0,0.0
2025-01-17 00:00:00+05:30,292,Zaheerabad,1198,Zaheerabad,75,Soyabean,213,White,0.0,69.0,3650.0,4188.0,4188.0,0.0,0.0
2025-01-17 00:00:00+05:30,208,Nizamabad,1080,Nizamabad,32,Gingelly,223,White,0.0,3.0,1029.0,10129.0,10129.0,0.0,0.0
2025-01-17 00:00:00+05:30,310,Shadnagar,1330,Shadnagar,123,Ribbed Gourd,123,Common,0.0,4.0,2500.0,3500.0,3000.0,0.0,0.0
2025-01-17 00:00:00+05:30,192,Jainath,26,Jainath,80,Banana,80,Common,0.0,320.0,550.0,625.0,587.0,0.0,0.0
2025-01-17 00:00:00+05:30,246,Warangal,886,Warangal,30,Groundnut pods,30,Common,0.0,97.5,5600.0,6150.0,6000.0,0.0,0.0
2025-01-17 00:00:00+05:30,324,Bowenpally,3,Bowenpally,117,Cluster Beans,117,Common,0.0,1310.0,1000.0,2500.0,2000.0,0.0,0.0
2025-01-17 00:00:00+05:30,323,Gaddiannaram,1,Gaddiannaram,91,Ber,91,Common,0.0,442.0,900.0,3000.0,1200.0,0.0,0.0
2025-01-16 00:00:00+05:30,292,Zaheerabad,1198,Zaheerabad,75,Soyabean,213,White,0.0,16.0,3700.0,4250.0,3700.0,0.0,0.0
2025-01-16 00:00:00+05:30,208,Nizamabad,1080,Nizamabad,32,Gingelly,223,White,0.0,5.0,10760.0,10760.0,10760.0,0.0,0.0
2025-01-13 00:00:00+05:30,192,Jainath,26,Jainath,80,Banana,80,Common,0.0,480.0,550.0,625.0,587.0,0.0,0.0
2025-01-15 00:00:00+05:30,192,Jainath,26,Jainath,80,Banana,80,Common,0.0,320.0,550.0,625.0,587.0,0.0,0.0
2025-01-16 00:00:00+05:30,192,Jainath,26,Jainath,80,Banana,80,Common,0.0,420.0,550.0,625.0,587.0,0.0,0.0
2025-01-16 00:00:00+05:30,324,Bowenpally,3,Bowenpally,117,Cluster Beans,117,Common,0.0,242.0,1000.0,3500.0,3000.0,0.0,0.0
2025-01-15 00:00:00+05:30,324,Bowenpally,3,Bowenpally,117,Cluster Beans,117,Common,0.0,11.0,800.0,2000.0,1600.0,0.0,0.0
2025-01-15 00:00:00+05:30,323,Gaddiannaram,1,Gaddiannaram,91,Ber,91,Common,0.0,120.0,800.0,1800.0,1000.0,0.0,0.0
2025-01-15 00:00:00+05:30,310,Shadnagar,1330,Shadnagar,123,Ribbed Gourd,123,Common,0.0,2.0,2000.0,2500.0,2300.0,0.0,0.0
2025-01-16 00:00:00+05:30,323,Gaddiannaram,1,Gaddiannaram,91,Ber,91,Common,0.0,408.0,800.0,2000.0,1100.0,0.0,0.0
2025-01-15 00:00:00+05:30,367,Gudimalkapur,1571,Gudumalkapur,121,Snake Gourd,121,Common,0.0,1.0,1000.0,1000.0,1000.0,0.0,0.0
2025-01-14 00:00:00+05:30,324,Bowenpally,3,Bowenpally,117,Cluster Beans,117,Common,0.0,116.0,1000.0,2500.0,2000.0,0.0,0.0
2025-01-14 00:00:00+05:30,323,Gaddiannaram,2,L.B Nagar,128,Pumpkin,128,Common,0.0,30.0,1000.0,1500.0,1200.0,0.0,0.0
2025-01-13 00:00:00+05:30,367,Gudimalkapur,1571,Gudumalkapur,121,Snake Gourd,121,Common,0.0,4.0,1000.0,1000.0,1000.0,0.0,0.0
2025-01-13 00:00:00+05:30,324,Bowenpally,3,Bowenpally,117,Cluster Beans,117,Common,0.0,598.0,800.0,2500.0,2000.0,0.0,0.0
2025-01-12 00:00:00+05:30,367,Gudimalkapur,1571,Gudumalkapur,121,Snake Gourd,121,Common,0.0,1.0,1000.0,1000.0,1000.0,0.0,0.0
2025-01-13 00:00:00+05:30,323,Gaddiannaram,2,L.B Nagar,128,Pumpkin,128,Common,0.0,25.0,1000.0,1500.0,1200.0,0.0,0.0
2025-01-13 00:00:00+05:30,323,Gaddiannaram,1,Gaddiannaram,91,Ber,91,Common,0.0,512.0,900.0,2500.0,1100.0,0.0,0.0
2025-01-11 00:00:00+05:30,292,Zaheerabad,1198,Zaheerabad,75,Soyabean,213,White,0.0,15.5,3950.0,4260.0,4260.0,0.0,0.0
2025-01-11 00:00:00+05:30,367,Gudimalkapur,1571,Gudumalkapur,121,Snake Gourd,121,Common,0.0,2.0,1000.0,1000.0,1000.0,0.0,0.0
2025-01-12 00:00:00+05:30,323,Gaddiannaram,1,Gaddiannaram,91,Ber,91,Common,0.0,28.0,800.0,1650.0,1000.0,0.0,0.0
2025-01-12 00:00:00+05:30,324,Bowenpally,3,Bowenpally,117,Cluster Beans,117,Common,0.0,496.0,1500.0,3000.0,2500.0,0.0,0.0
2025-01-11 00:00:00+05:30,192,Jainath,26,Jainath,80,Banana,80,Common,0.0,150.0,500.0,600.0,550.0,0.0,0.0
2025-01-11 00:00:00+05:30,324,Bowenpally,3,Bowenpally,117,Cluster Beans,117,Common,0.0,448.0,1000.0,2500.0,2000.0,0.0,0.0
2025-01-11 00:00:00+05:30,323,Gaddiannaram,1,Gaddiannaram,91,Ber,91,Common,0.0,395.0,800.0,3000.0,1100.0,0.0,0.0
2025-01-10 00:00:00+05:30,292,Zaheerabad,1198,Zaheerabad,75,Soyabean,213,White,0.0,118.5,3515.0,4277.0,4258.0,0.0,0.0
2025-01-10 00:00:00+05:30,208,Nizamabad,1080,Nizamabad,32,Gingelly,223,White,0.0,156.0,10451.0,9433.0,11700.0,0.0,0.0
2025-01-10 00:00:00+05:30,192,Jainath,26,Jainath,80,Banana,80,Common,0.0,160.0,550.0,625.0,587.0,0.0,0.0
2025-01-10 00:00:00+05:30,246,Warangal,886,Warangal,30,Groundnut pods,30,Common,0.0,35.8,5400.0,6200.0,5800.0,0.0,0.0
2025-01-10 00:00:00+05:30,324,Bowenpally,3,Bowenpally,117,Cluster Beans,117,Common,0.0,618.0,1000.0,2500.0,2000.0,0.0,0.0
2025-01-10 00:00:00+05:30,323,Gaddiannaram,1,Gaddiannaram,91,Ber,91,Common,0.0,401.0,900.0,3000.0,1100.0,0.0,0.0
2025-01-09 00:00:00+05:30,292,Zaheerabad,1198,Zaheerabad,75,Soyabean,213,White,0.0,80.5,3936.0,4285.0,4266.0,0.0,0.0
2025-01-09 00:00:00+05:30,246,Warangal,886,Warangal,30,Groundnut pods,30,Common,0.0,106.6,5600.0,6300.0,6000.0,0.0,0.0
2025-01-09 00:00:00+05:30,324,Bowenpally,3,Bowenpally,117,Cluster Beans,117,Common,0.0,620.0,1000.0,3000.0,2500.0,0.0,0.0
2025-01-09 00:00:00+05:30,323,Gaddiannaram,2,L.B Nagar,128,Pumpkin,128,Common,0.0,37.0,1000.0,1500.0,1200.0,0.0,0.0
2025-01-09 00:00:00+05:30,323,Gaddiannaram,1,Gaddiannaram,91,Ber,91,Common,0.0,306.0,900.0,3500.0,1200.0,0.0,0.0
2025-01-08 00:00:00+05:30,192,Jainath,26,Jainath,80,Banana,80,Common,0.0,160.0,550.0,625.0,587.0,0.0,0.0
2025-01-08 00:00:00+05:30,292,Zaheerabad,1198,Zaheerabad,75,Soyabean,213,White,0.0,78.5,3413.0,4268.0,4124.0,0.0,0.0
2025-01-08 00:00:00+05:30,208,Nizamabad,1080,Nizamabad,32,Gingelly,223,White,0.0,38.0,9330.0,11660.0,10620.0,0.0,0.0
2025-01-08 00:00:00+05:30,246,Warangal,886,Warangal,30,Groundnut pods,30,Common,0.0,111.9,5500.0,6610.0,6000.0,0.0,0.0
2025-01-08 00:00:00+05:30,324,Bowenpally,3,Bowenpally,117,Cluster Beans,117,Common,0.0,636.0,1000.0,2500.0,2000.0,0.0,0.0
2025-01-08 00:00:00+05:30,323,Gaddiannaram,2,L.B Nagar,128,Pumpkin,128,Common,0.0,70.0,1000.0,1500.0,1200.0,0.0,0.0
2025-01-08 00:00:00+05:30,323,Gaddiannaram,1,Gaddiannaram,91,Ber,91,Common,0.0,461.0,900.0,3000.0,1300.0,0.0,0.0
2025-01-07 00:00:00+05:30,292,Zaheerabad,1198,Zaheerabad,75,Soyabean,213,White,0.0,100.0,3610.0,4266.0,4138.0,0.0,0.0
2025-01-07 00:00:00+05:30,208,Nizamabad,1080,Nizamabad,32,Gingelly,223,White,0.0,72.0,9230.0,12821.0,10621.0,0.0,0.0
2025-01-07 00:00:00+05:30,192,Jainath,26,Jainath,80,Banana,80,Common,0.0,160.0,550.0,625.0,587.0,0.0,0.0
2025-01-07 00:00:00+05:30,310,Shadnagar,1330,Shadnagar,123,Ribbed Gourd,123,Common,0.0,10.0,2500.0,3000.0,2800.0,0.0,0.0
2025-01-07 00:00:00+05:30,324,Bowenpally,3,Bowenpally,117,Cluster Beans,117,Common,0.0,488.0,1000.0,2500.0,2000.0,0.0,0.0
2025-01-07 00:00:00+05:30,323,Gaddiannaram,1,Gaddiannaram,91,Ber,91,Common,0.0,310.0,900.0,3000.0,1200.0,0.0,0.0
2025-01-07 00:00:00+05:30,246,Warangal,886,Warangal,30,Groundnut pods,30,Common,0.0,93.55,3500.0,6500.0,6000.0,0.0,0.0
2025-01-06 00:00:00+05:30,292,Zaheerabad,1198,Zaheerabad,75,Soyabean,213,White,0.0,164.0,3605.0,4268.0,4132.0,0.0,0.0
2025-01-06 00:00:00+05:30,208,Nizamabad,1080,Nizamabad,32,Gingelly,223,White,0.0,65.0,10121.0,13233.0,11121.0,0.0,0.0
2025-01-06 00:00:00+05:30,367,Gudimalkapur,1571,Gudumalkapur,121,Snake Gourd,121,Common,0.0,1.0,1200.0,1200.0,1200.0,0.0,0.0
2025-01-06 00:00:00+05:30,303,Kalwakurthy,1340,Kalwakurthy,125,Bitter Gourd,125,Common,0.0,1.0,5000.0,5000.0,5000.0,0.0,0.0
2025-01-06 00:00:00+05:30,310,Shadnagar,1330,Shadnagar,123,Ribbed Gourd,123,Common,0.0,5.0,2500.0,3200.0,3000.0,0.0,0.0
2025-01-06 00:00:00+05:30,324,Bowenpally,3,Bowenpally,117,Cluster Beans,117,Common,0.0,748.0,1000.0,2500.0,2000.0,0.0,0.0
2025-01-06 00:00:00+05:30,246,Warangal,886,Warangal,30,Groundnut pods,30,Common,0.0,98.9,4000.0,7000.0,4500.0,0.0,0.0
2025-01-06 00:00:00+05:30,323,Gaddiannaram,1,Gaddiannaram,91,Ber,91,Common,0.0,482.0,900.0,3500.0,1300.0,0.0,0.0
2025-01-05 00:00:00+05:30,303,Kalwakurthy,1340,Kalwakurthy,125,Bitter Gourd,125,Common,0.0,4.0,3000.0,5000.0,4000.0,0.0,0.0
2025-01-05 00:00:00+05:30,192,Jainath,26,Jainath,80,Banana,80,Common,0.0,160.0,550.0,625.0,587.0,0.0,0.0
2025-01-04 00:00:00+05:30,310,Shadnagar,1330,Shadnagar,123,Ribbed Gourd,123,Common,0.0,5.0,1800.0,2500.0,2000.0,0.0,0.0
2025-01-04 00:00:00+05:30,303,Kalwakurthy,1340,Kalwakurthy,125,Bitter Gourd,125,Common,0.0,1.0,5000.0,5000.0,5000.0,0.0,0.0
2025-01-05 00:00:00+05:30,324,Bowenpally,3,Bowenpally,117,Cluster Beans,117,Common,0.0,677.0,1000.0,2500.0,2000.0,0.0,0.0
2025-01-04 00:00:00+05:30,292,Zaheerabad,1198,Zaheerabad,75,Soyabean,213,White,0.0,126.5,3676.0,4268.0,4268.0,0.0,0.0
2025-01-04 00:00:00+05:30,192,Jainath,26,Jainath,80,Banana,80,Common,0.0,160.0,550.0,625.0,587.0,0.0,0.0
2025-01-03 00:00:00+05:30,303,Kalwakurthy,1340,Kalwakurthy,125,Bitter Gourd,125,Common,0.0,1.0,5000.0,5000.0,5000.0,0.0,0.0
2025-01-04 00:00:00+05:30,324,Bowenpally,3,Bowenpally,117,Cluster Beans,117,Common,0.0,598.0,800.0,2500.0,2000.0,0.0,0.0
2025-01-04 00:00:00+05:30,323,Gaddiannaram,1,Gaddiannaram,91,Ber,91,Common,0.0,418.0,900.0,3000.0,1100.0,0.0,0.0
2025-01-03 00:00:00+05:30,246,Warangal,886,Warangal,30,Groundnut pods,30,Common,0.0,87.5,4000.0,7300.0,7000.0,0.0,0.0
2025-01-03 00:00:00+05:30,208,Nizamabad,1080,Nizamabad,32,Gingelly,223,White,0.0,12.0,9851.0,11727.0,11551.0,0.0,0.0
2025-01-03 00:00:00+05:30,192,Jainath,26,Jainath,80,Banana,80,Common,0.0,320.0,550.0,625.0,587.0,0.0,0.0
2025-01-03 00:00:00+05:30,324,Bowenpally,3,Bowenpally,117,Cluster Beans,117,Common,0.0,197.0,1000.0,3000.0,2500.0,0.0,0.0
2025-01-03 00:00:00+05:30,323,Gaddiannaram,1,Gaddiannaram,91,Ber,91,Common,0.0,475.0,900.0,3000.0,1100.0,0.0,0.0
2025-01-02 00:00:00+05:30,303,Kalwakurthy,1340,Kalwakurthy,125,Bitter Gourd,125,Common,0.0,2.0,3000.0,5000.0,4000.0,0.0,0.0
2025-01-02 00:00:00+05:30,208,Nizamabad,1080,Nizamabad,32,Gingelly,223,White,0.0,15.0,11021.0,12221.0,12112.0,0.0,0.0
2025-01-02 00:00:00+05:30,246,Warangal,886,Warangal,30,Groundnut pods,30,Common,0.0,72.85,3400.0,7200.0,6650.0,0.0,0.0
2025-01-02 00:00:00+05:30,324,Bowenpally,3,Bowenpally,117,Cluster Beans,117,Common,0.0,110.0,1000.0,2500.0,2000.0,0.0,0.0
2025-01-02 00:00:00+05:30,323,Gaddiannaram,1,Gaddiannaram,91,Ber,91,Common,0.0,530.0,900.0,3000.0,1200.0,0.0,0.0
2025-01-01 00:00:00+05:30,192,Jainath,26,Jainath,80,Banana,80,Common,0.0,160.0,550.0,625.0,587.0,0.0,0.0
2025-01-01 00:00:00+05:30,323,Gaddiannaram,1,Gaddiannaram,91,Ber,91,Common,0.0,480.0,900.0,3500.0,1200.0,0.0,0.0
2025-01-31 00:00:00+05:30,192,Jainath,26,Jainath,80,Banana,80,Common,0.0,320.0,550.0,625.0,587.0,0.0,0.0
2025-01-31 00:00:00+05:30,324,Bowenpally,3,Bowenpally,117,Cluster Beans,117,Common,0.0,405.0,800.0,2500.0,2000.0,0.0,0.0
2025-01-31 00:00:00+05:30,323,Gaddiannaram,1,Gaddiannaram,91,Ber,91,Common,0.0,307.0,900.0,3500.0,1300.0,0.0,0.0
2025-01-30 00:00:00+05:30,192,Jainath,26,Jainath,80,Banana,80,Common,0.0,480.0,550.0,625.0,587.0,0.0,0.0
2025-01-30 00:00:00+05:30,208,Nizamabad,1080,Nizamabad,32,Gingelly,223,White,0.0,9.0,10271.0,10321.0,10321.0,0.0,0.0
2025-01-30 00:00:00+05:30,324,Bowenpally,3,Bowenpally,117,Cluster Beans,117,Common,0.0,289.0,1000.0,2500.0,2000.0,0.0,0.0
2025-01-30 00:00:00+05:30,323,Gaddiannaram,2,L.B Nagar,128,Pumpkin,128,Common,0.0,35.0,800.0,1000.0,900.0,0.0,0.0
2025-01-30 00:00:00+05:30,323,Gaddiannaram,1,Gaddiannaram,91,Ber,91,Common,0.0,188.0,900.0,3000.0,1300.0,0.0,0.0
2025-01-29 00:00:00+05:30,192,Jainath,26,Jainath,80,Banana,80,Common,0.0,320.0,550.0,625.0,587.0,0.0,0.0
2025-01-29 00:00:00+05:30,323,Gaddiannaram,1,Gaddiannaram,91,Ber,91,Common,0.0,214.0,900.0,4000.0,1200.0,0.0,0.0
2025-01-28 00:00:00+05:30,192,Jainath,26,Jainath,80,Banana,80,Common,0.0,320.0,550.0,625.0,587.0,0.0,0.0
2025-01-28 00:00:00+05:30,246,Warangal,886,Warangal,30,Groundnut pods,30,Common,0.0,78.9,4550.0,6000.0,5600.0,0.0,0.0
2025-01-28 00:00:00+05:30,323,Gaddiannaram,2,L.B Nagar,128,Pumpkin,128,Common,0.0,55.0,800.0,1000.0,900.0,0.0,0.0
2025-01-28 00:00:00+05:30,323,Gaddiannaram,1,Gaddiannaram,91,Ber,91,Common,0.0,111.0,1000.0,3500.0,1200.0,0.0,0.0
2025-01-27 00:00:00+05:30,192,Jainath,26,Jainath,80,Banana,80,Common,0.0,160.0,550.0,625.0,587.0,0.0,0.0
2025-01-27 00:00:00+05:30,323,Gaddiannaram,2,L.B Nagar,128,Pumpkin,128,Common,0.0,35.0,800.0,1000.0,900.0,0.0,0.0
2025-01-27 00:00:00+05:30,323,Gaddiannaram,1,Gaddiannaram,91,Ber,91,Common,0.0,272.0,900.0,2500.0,1100.0,0.0,0.0
2025-01-27 00:00:00+05:30,246,Warangal,886,Warangal,30,Groundnut pods,30,Common,0.0,34.25,5500.0,6200.0,5930.0,0.0,0.0
2025-01-26 00:00:00+05:30,324,Bowenpally,3,Bowenpally,117,Cluster Beans,117,Common,0.0,550.0,1000.0,2500.0,2000.0,0.0,0.0
2025-01-25 00:00:00+05:30,331,Vantimamidi,1612,Vantimamidi,121,Snake Gourd,121,Common,0.0,1.0,4000.0,4000.0,4000.0,0.0,0.0
2025-01-25 00:00:00+05:30,192,Jainath,26,Jainath,80,Banana,80,Common,0.0,640.0,550.0,625.0,587.0,0.0,0.0
2025-01-01 00:00:00+05:30,323,Gaddiannaram,1,Gaddiannaram,92,Custard apple,92,Common,0.0,9.0,1500.0,3000.0,2000.0,0.0,0.0
2025-01-01 00:00:00+05:30,325,Hyderabad,7,Meeralamandi,151,Lemon,151,Common,0.0,287.0,840.0,2000.0,1420.0,0.0,0.0
2025-01-02 00:00:00+05:30,323,Gaddiannaram,1,Gaddiannaram,92,Custard apple,92,Common,0.0,20.0,1250.0,3000.0,1750.0,0.0,0.0
2025-01-02 00:00:00+05:30,323,Gaddiannaram,2,L.B Nagar,129,Cucumber,129,Common,0.0,107.0,1000.0,1500.0,1200.0,0.0,0.0
2025-01-02 00:00:00+05:30,324,Bowenpally,3,Bowenpally,118,Field Beans,118,Common,0.0,1044.0,1500.0,3500.0,3000.0,0.0,0.0
2025-01-02 00:00:00+05:30,246,Warangal,886,Warangal,32,Gingelly,223,White,0.0,7.55,5552.0,11112.0,10852.0,0.0,0.0
2025-01-02 00:00:00+05:30,325,Hyderabad,7,Meeralamandi,151,Lemon,151,Common,0.0,322.0,400.0,1600.0,1000.0,0.0,0.0
2025-01-02 00:00:00+05:30,279,Thirumalagiri,9,Tirmalagiri,30,Groundnut pods,30,Common,0.0,3.0,6069.0,6209.0,6209.0,0.0,0.0
2025-01-02 00:00:00+05:30,290,Siddipet,1193,Siddipet,30,Groundnut pods,30,Common,0.0,3.79,6000.0,6000.0,6000.0,0.0,0.0
2025-01-02 00:00:00+05:30,289,Sadasivpet,1200,Sadasivapet,55,Onions,55,Common,0.0,45.0,1652.0,3260.0,3260.0,0.0,0.0
2025-01-02 00:00:00+05:30,303,Kalwakurthy,1340,Kalwakurthy,129,Cucumber,129,Common,0.0,4.0,2500.0,3000.0,2750.0,0.0,0.0
2025-01-02 00:00:00+05:30,367,Gudimalkapur,1571,Gudumalkapur,122,Bottle Gourd,122,Common,0.0,184.0,600.0,1500.0,800.0,0.0,0.0
2025-01-03 00:00:00+05:30,323,Gaddiannaram,2,L.B Nagar,129,Cucumber,129,Common,0.0,96.0,2000.0,2500.0,2200.0,0.0,0.0
2025-01-03 00:00:00+05:30,324,Bowenpally,3,Bowenpally,118,Field Beans,118,Common,0.0,1102.0,1500.0,4000.0,3400.0,0.0,0.0
2025-01-03 00:00:00+05:30,325,Hyderabad,7,Meeralamandi,151,Lemon,151,Common,0.0,266.0,1000.0,1800.0,1400.0,0.0,0.0
2025-01-03 00:00:00+05:30,246,Warangal,886,Warangal,32,Gingelly,223,White,0.0,4.14,9852.0,12300.0,12300.0,0.0,0.0
2025-01-04 00:00:00+05:30,323,Gaddiannaram,1,Gaddiannaram,92,Custard apple,92,Common,0.0,2.0,1250.0,3000.0,1500.0,0.0,0.0
2025-01-03 00:00:00+05:30,331,Vantimamidi,1612,Vantimamidi,122,Bottle Gourd,122,Common,0.0,3.0,800.0,800.0,800.0,0.0,0.0
2025-01-04 00:00:00+05:30,324,Bowenpally,3,Bowenpally,118,Field Beans,118,Common,0.0,1007.0,1500.0,3500.0,3000.0,0.0,0.0
2025-01-03 00:00:00+05:30,367,Gudimalkapur,1571,Gudumalkapur,122,Bottle Gourd,122,Common,0.0,58.0,400.0,1000.0,600.0,0.0,0.0
2025-01-03 00:00:00+05:30,289,Sadasivpet,1200,Sadasivapet,55,Onions,55,Common,0.0,16.0,509.0,2609.0,2369.0,0.0,0.0
2025-01-03 00:00:00+05:30,303,Kalwakurthy,1340,Kalwakurthy,129,Cucumber,129,Common,0.0,5.0,2500.0,3000.0,2750.0,0.0,0.0
2025-01-04 00:00:00+05:30,323,Gaddiannaram,2,L.B Nagar,129,Cucumber,129,Common,0.0,111.0,2000.0,2500.0,2200.0,0.0,0.0
2025-01-04 00:00:00+05:30,325,Hyderabad,7,Meeralamandi,151,Lemon,151,Common,0.0,257.0,900.0,1880.0,1390.0,0.0,0.0
2025-01-04 00:00:00+05:30,279,Thirumalagiri,9,Tirmalagiri,30,Groundnut pods,30,Common,0.0,8.0,7219.0,7219.0,7219.0,0.0,0.0
2025-01-04 00:00:00+05:30,289,Sadasivpet,1200,Sadasivapet,55,Onions,55,Common,0.0,105.0,866.0,3060.0,2630.0,0.0,0.0
2025-01-05 00:00:00+05:30,324,Bowenpally,3,Bowenpally,118,Field Beans,118,Common,0.0,1248.0,1500.0,3500.0,3000.0,0.0,0.0
2025-01-05 00:00:00+05:30,323,Gaddiannaram,2,L.B Nagar,129,Cucumber,129,Common,0.0,86.0,2000.0,2500.0,2200.0,0.0,0.0
2025-01-04 00:00:00+05:30,303,Kalwakurthy,1340,Kalwakurthy,129,Cucumber,129,Common,0.0,5.0,2000.0,3700.0,2850.0,0.0,0.0
2025-01-04 00:00:00+05:30,331,Vantimamidi,1612,Vantimamidi,122,Bottle Gourd,122,Common,0.0,2.0,800.0,800.0,800.0,0.0,0.0
2025-01-04 00:00:00+05:30,367,Gudimalkapur,1571,Gudumalkapur,122,Bottle Gourd,122,Common,0.0,183.0,400.0,1300.0,800.0,0.0,0.0
2025-01-05 00:00:00+05:30,192,Jainath,26,Jainath,85,Musk Melon,85,Common,0.0,320.0,550.0,625.0,587.0,0.0,0.0
2025-01-05 00:00:00+05:30,303,Kalwakurthy,1340,Kalwakurthy,129,Cucumber,129,Common,0.0,3.0,2500.0,3000.0,2750.0,0.0,0.0
2025-01-05 00:00:00+05:30,325,Hyderabad,7,Meeralamandi,151,Lemon,151,Common,0.0,377.0,960.0,1600.0,1280.0,0.0,0.0
2025-01-05 00:00:00+05:30,331,Vantimamidi,1612,Vantimamidi,122,Bottle Gourd,122,Common,0.0,8.0,800.0,800.0,800.0,0.0,0.0
2025-01-05 00:00:00+05:30,367,Gudimalkapur,1571,Gudumalkapur,122,Bottle Gourd,122,Common,0.0,115.0,500.0,900.0,700.0,0.0,0.0
2025-01-06 00:00:00+05:30,325,Hyderabad,7,Meeralamandi,151,Lemon,151,Common,0.0,309.0,888.0,1800.0,1344.0,0.0,0.0
2025-01-06 00:00:00+05:30,279,Thirumalagiri,9,Tirmalagiri,30,Groundnut pods,30,Common,0.0,44.0,6609.0,7119.0,6819.0,0.0,0.0
2025-01-06 00:00:00+05:30,324,Bowenpally,3,Bowenpally,118,Field Beans,118,Common,0.0,674.0,2000.0,4000.0,3500.0,0.0,0.0
2025-01-06 00:00:00+05:30,323,Gaddiannaram,2,L.B Nagar,129,Cucumber,129,Common,0.0,79.0,1500.0,2500.0,2000.0,0.0,0.0
2025-01-06 00:00:00+05:30,303,Kalwakurthy,1340,Kalwakurthy,129,Cucumber,129,Common,0.0,2.0,1500.0,2500.0,2000.0,0.0,0.0
2025-01-06 00:00:00+05:30,367,Gudimalkapur,1571,Gudumalkapur,122,Bottle Gourd,122,Common,0.0,114.0,500.0,900.0,700.0,0.0,0.0
2025-01-06 00:00:00+05:30,289,Sadasivpet,1200,Sadasivapet,55,Onions,55,Common,0.0,154.0,416.0,3456.0,1942.0,0.0,0.0
2025-01-07 00:00:00+05:30,246,Warangal,886,Warangal,32,Gingelly,223,White,0.0,4.39,8559.0,12421.0,12410.0,0.0,0.0
2025-01-07 00:00:00+05:30,325,Hyderabad,7,Meeralamandi,151,Lemon,151,Common,0.0,294.0,600.0,1600.0,1100.0,0.0,0.0
2025-01-07 00:00:00+05:30,323,Gaddiannaram,1,Gaddiannaram,92,Custard apple,92,Common,0.0,11.0,1250.0,3000.0,1750.0,0.0,0.0
2025-01-07 00:00:00+05:30,323,Gaddiannaram,2,L.B Nagar,129,Cucumber,129,Common,0.0,87.0,1500.0,2500.0,2000.0,0.0,0.0
2025-01-07 00:00:00+05:30,324,Bowenpally,3,Bowenpally,118,Field Beans,118,Common,0.0,750.0,2000.0,4000.0,3500.0,0.0,0.0
2025-01-07 00:00:00+05:30,331,Vantimamidi,1612,Vantimamidi,122,Bottle Gourd,122,Common,0.0,1.0,600.0,600.0,600.0,0.0,0.0
2025-01-07 00:00:00+05:30,367,Gudimalkapur,1571,Gudumalkapur,122,Bottle Gourd,122,Common,0.0,142.0,500.0,900.0,700.0,0.0,0.0
2025-01-07 00:00:00+05:30,279,Thirumalagiri,9,Tirmalagiri,30,Groundnut pods,30,Common,0.0,64.0,6519.0,7182.0,6761.0,0.0,0.0
2025-01-07 00:00:00+05:30,289,Sadasivpet,1200,Sadasivapet,55,Onions,55,Common,0.0,70.0,950.0,2872.0,2405.0,0.0,0.0
2025-01-08 00:00:00+05:30,323,Gaddiannaram,1,Gaddiannaram,92,Custard apple,92,Common,0.0,27.0,1500.0,3000.0,2000.0,0.0,0.0
2025-01-08 00:00:00+05:30,323,Gaddiannaram,2,L.B Nagar,129,Cucumber,129,Common,0.0,64.0,2000.0,2500.0,2200.0,0.0,0.0
2025-01-08 00:00:00+05:30,324,Bowenpally,3,Bowenpally,118,Field Beans,118,Common,0.0,1092.0,2000.0,4000.0,3500.0,0.0,0.0
2025-01-08 00:00:00+05:30,246,Warangal,886,Warangal,32,Gingelly,223,White,0.0,1.54,11322.0,11821.0,11322.0,0.0,0.0
2025-01-08 00:00:00+05:30,325,Hyderabad,7,Meeralamandi,151,Lemon,151,Common,0.0,283.0,1000.0,1800.0,1400.0,0.0,0.0
2025-01-08 00:00:00+05:30,289,Sadasivpet,1200,Sadasivapet,55,Onions,55,Common,0.0,216.0,1369.0,2900.0,2019.0,0.0,0.0
2025-01-08 00:00:00+05:30,279,Thirumalagiri,9,Tirmalagiri,30,Groundnut pods,30,Common,0.0,229.0,5709.0,6866.0,6066.0,0.0,0.0
2025-01-08 00:00:00+05:30,331,Vantimamidi,1612,Vantimamidi,122,Bottle Gourd,122,Common,0.0,2.0,600.0,600.0,600.0,0.0,0.0
2025-01-08 00:00:00+05:30,367,Gudimalkapur,1571,Gudumalkapur,122,Bottle Gourd,122,Common,0.0,219.0,500.0,900.0,700.0,0.0,0.0
2025-01-09 00:00:00+05:30,323,Gaddiannaram,2,L.B Nagar,129,Cucumber,129,Common,0.0,129.0,2000.0,2500.0,2200.0,0.0,0.0
2025-01-09 00:00:00+05:30,324,Bowenpally,3,Bowenpally,118,Field Beans,118,Common,0.0,840.0,2000.0,4500.0,4000.0,0.0,0.0
2025-01-09 00:00:00+05:30,246,Warangal,886,Warangal,32,Gingelly,223,White,0.0,3.96,10723.0,10959.0,10723.0,0.0,0.0
2025-01-09 00:00:00+05:30,279,Thirumalagiri,9,Tirmalagiri,30,Groundnut pods,30,Common,0.0,130.0,6029.0,7021.0,6459.0,0.0,0.0
2025-01-09 00:00:00+05:30,325,Hyderabad,7,Meeralamandi,151,Lemon,151,Common,0.0,262.0,1000.0,1720.0,1360.0,0.0,0.0
2025-01-09 00:00:00+05:30,331,Vantimamidi,1612,Vantimamidi,122,Bottle Gourd,122,Common,0.0,6.0,600.0,600.0,600.0,0.0,0.0
2025-01-09 00:00:00+05:30,289,Sadasivpet,1200,Sadasivapet,55,Onions,55,Common,0.0,111.0,1312.0,1889.0,1756.0,0.0,0.0
2025-01-09 00:00:00+05:30,367,Gudimalkapur,1571,Gudumalkapur,122,Bottle Gourd,122,Common,0.0,136.0,500.0,900.0,700.0,0.0,0.0
2025-01-10 00:00:00+05:30,323,Gaddiannaram,2,L.B Nagar,129,Cucumber,129,Common,0.0,54.0,2000.0,2500.0,2200.0,0.0,0.0
2025-01-10 00:00:00+05:30,324,Bowenpally,3,Bowenpally,118,Field Beans,118,Common,0.0,979.0,2000.0,4000.0,3500.0,0.0,0.0
2025-01-10 00:00:00+05:30,246,Warangal,886,Warangal,32,Gingelly,223,White,0.0,5.0,10422.0,10829.0,10422.0,0.0,0.0
2025-01-10 00:00:00+05:30,325,Hyderabad,7,Meeralamandi,151,Lemon,151,Common,0.0,232.0,800.0,1800.0,1300.0,0.0,0.0
2025-01-10 00:00:00+05:30,279,Thirumalagiri,9,Tirmalagiri,30,Groundnut pods,30,Common,0.0,192.0,5109.0,6719.0,6024.0,0.0,0.0
2025-01-10 00:00:00+05:30,289,Sadasivpet,1200,Sadasivapet,55,Onions,55,Common,0.0,86.0,819.0,2169.0,1909.0,0.0,0.0
2025-01-10 00:00:00+05:30,331,Vantimamidi,1612,Vantimamidi,122,Bottle Gourd,122,Common,0.0,35.0,600.0,600.0,600.0,0.0,0.0
2025-01-10 00:00:00+05:30,367,Gudimalkapur,1571,Gudumalkapur,122,Bottle Gourd,122,Common,0.0,195.0,600.0,1600.0,1000.0,0.0,0.0
2025-01-11 00:00:00+05:30,324,Bowenpally,3,Bowenpally,118,Field Beans,118,Common,0.0,828.0,2000.0,4000.0,3500.0,0.0,0.0
2025-01-11 00:00:00+05:30,323,Gaddiannaram,2,L.B Nagar,129,Cucumber,129,Common,0.0,80.0,2000.0,2500.0,2200.0,0.0,0.0
2025-01-11 00:00:00+05:30,279,Thirumalagiri,9,Tirmalagiri,30,Groundnut pods,30,Common,0.0,106.0,6039.0,6409.0,6209.0,0.0,0.0
2025-01-11 00:00:00+05:30,325,Hyderabad,7,Meeralamandi,151,Lemon,151,Common,0.0,239.0,1040.0,1920.0,1480.0,0.0,0.0
2025-01-12 00:00:00+05:30,324,Bowenpally,3,Bowenpally,118,Field Beans,118,Common,0.0,1003.0,2000.0,4000.0,3500.0,0.0,0.0
2025-01-11 00:00:00+05:30,367,Gudimalkapur,1571,Gudumalkapur,122,Bottle Gourd,122,Common,0.0,192.0,600.0,1200.0,900.0,0.0,0.0
2025-01-11 00:00:00+05:30,289,Sadasivpet,1200,Sadasivapet,55,Onions,55,Common,0.0,137.0,639.0,2316.0,2229.0,0.0,0.0
2025-01-11 00:00:00+05:30,331,Vantimamidi,1612,Vantimamidi,122,Bottle Gourd,122,Common,0.0,8.0,600.0,600.0,600.0,0.0,0.0
2025-01-13 00:00:00+05:30,323,Gaddiannaram,1,Gaddiannaram,92,Custard apple,92,Common,0.0,3.0,1000.0,2500.0,1500.0,0.0,0.0
2025-01-13 00:00:00+05:30,323,Gaddiannaram,2,L.B Nagar,129,Cucumber,129,Common,0.0,76.0,2000.0,2500.0,2200.0,0.0,0.0
2025-01-12 00:00:00+05:30,331,Vantimamidi,1612,Vantimamidi,122,Bottle Gourd,122,Common,0.0,6.0,500.0,800.0,650.0,0.0,0.0
2025-01-12 00:00:00+05:30,367,Gudimalkapur,1571,Gudumalkapur,122,Bottle Gourd,122,Common,0.0,218.0,1900.0,1600.0,1000.0,0.0,0.0
2025-01-12 00:00:00+05:30,325,Hyderabad,7,Meeralamandi,151,Lemon,151,Common,0.0,252.0,888.0,1800.0,1344.0,0.0,0.0
2025-01-13 00:00:00+05:30,324,Bowenpally,3,Bowenpally,118,Field Beans,118,Common,0.0,729.0,1500.0,4200.0,3500.0,0.0,0.0
2025-01-13 00:00:00+05:30,325,Hyderabad,7,Meeralamandi,151,Lemon,151,Common,0.0,320.0,480.0,1720.0,1100.0,0.0,0.0
2025-01-13 00:00:00+05:30,367,Gudimalkapur,1571,Gudumalkapur,122,Bottle Gourd,122,Common,0.0,123.0,600.0,1200.0,900.0,0.0,0.0
2025-01-14 00:00:00+05:30,323,Gaddiannaram,2,L.B Nagar,129,Cucumber,129,Common,0.0,39.0,2000.0,2500.0,2200.0,0.0,0.0
2025-01-13 00:00:00+05:30,331,Vantimamidi,1612,Vantimamidi,122,Bottle Gourd,122,Common,0.0,17.0,600.0,600.0,600.0,0.0,0.0
2025-01-14 00:00:00+05:30,324,Bowenpally,3,Bowenpally,118,Field Beans,118,Common,0.0,150.0,1500.0,4000.0,3000.0,0.0,0.0
2025-01-14 00:00:00+05:30,367,Gudimalkapur,1571,Gudumalkapur,122,Bottle Gourd,122,Common,0.0,167.0,800.0,1300.0,900.0,0.0,0.0
2025-01-15 00:00:00+05:30,367,Gudimalkapur,1571,Gudumalkapur,122,Bottle Gourd,122,Common,0.0,136.0,600.0,1000.0,600.0,0.0,0.0
2025-01-14 00:00:00+05:30,331,Vantimamidi,1612,Vantimamidi,122,Bottle Gourd,122,Common,0.0,9.0,600.0,800.0,700.0,0.0,0.0
2025-01-16 00:00:00+05:30,323,Gaddiannaram,1,Gaddiannaram,92,Custard apple,92,Common,0.0,16.0,1000.0,2500.0,1500.0,0.0,0.0
2025-01-15 00:00:00+05:30,310,Shadnagar,1330,Shadnagar,125,Bitter Gourd,125,Common,0.0,2.0,1800.0,2500.0,2000.0,0.0,0.0
2025-01-15 00:00:00+05:30,331,Vantimamidi,1612,Vantimamidi,122,Bottle Gourd,122,Common,0.0,12.0,500.0,500.0,500.0,0.0,0.0
2025-01-15 00:00:00+05:30,323,Gaddiannaram,2,L.B Nagar,129,Cucumber,129,Common,0.0,37.0,2000.0,2500.0,2200.0,0.0,0.0
2025-01-15 00:00:00+05:30,324,Bowenpally,3,Bowenpally,118,Field Beans,118,Common,0.0,207.0,1500.0,4000.0,3200.0,0.0,0.0
2025-01-16 00:00:00+05:30,324,Bowenpally,3,Bowenpally,118,Field Beans,118,Common,0.0,554.0,1000.0,4500.0,3500.0,0.0,0.0
2025-01-16 00:00:00+05:30,323,Gaddiannaram,2,L.B Nagar,129,Cucumber,129,Common,0.0,48.0,2000.0,2500.0,2200.0,0.0,0.0
2025-01-16 00:00:00+05:30,279,Thirumalagiri,9,Tirmalagiri,30,Groundnut pods,30,Common,0.0,45.0,5745.0,6289.0,6019.0,0.0,0.0
2025-01-16 00:00:00+05:30,325,Hyderabad,7,Meeralamandi,151,Lemon,151,Common,0.0,181.0,920.0,2000.0,1460.0,0.0,0.0
2025-01-16 00:00:00+05:30,367,Gudimalkapur,1571,Gudumalkapur,122,Bottle Gourd,122,Common,0.0,288.0,900.0,1300.0,1000.0,0.0,0.0
2025-01-16 00:00:00+05:30,331,Vantimamidi,1612,Vantimamidi,122,Bottle Gourd,122,Common,0.0,3.0,600.0,600.0,600.0,0.0,0.0
2025-01-16 00:00:00+05:30,289,Sadasivpet,1200,Sadasivapet,55,Onions,55,Common,0.0,42.0,819.0,2712.0,2379.0,0.0,0.0
2025-01-17 00:00:00+05:30,324,Bowenpally,3,Bowenpally,118,Field Beans,118,Common,0.0,913.0,1500.0,4000.0,3200.0,0.0,0.0
2025-01-17 00:00:00+05:30,323,Gaddiannaram,2,L.B Nagar,129,Cucumber,129,Common,0.0,89.0,1500.0,2000.0,1700.0,0.0,0.0
2025-01-17 00:00:00+05:30,279,Thirumalagiri,9,Tirmalagiri,30,Groundnut pods,30,Common,0.0,99.0,5069.0,6209.0,5889.0,0.0,0.0
2025-01-17 00:00:00+05:30,325,Hyderabad,7,Meeralamandi,151,Lemon,151,Common,0.0,230.0,1000.0,1920.0,1460.0,0.0,0.0
2025-01-17 00:00:00+05:30,331,Vantimamidi,1612,Vantimamidi,122,Bottle Gourd,122,Common,0.0,54.0,600.0,600.0,600.0,0.0,0.0
2025-01-17 00:00:00+05:30,289,Sadasivpet,1200,Sadasivapet,55,Onions,55,Common,0.0,70.0,779.0,2609.0,2479.0,0.0,0.0
2025-01-18 00:00:00+05:30,323,Gaddiannaram,2,L.B Nagar,129,Cucumber,129,Common,0.0,55.0,2000.0,2500.0,2200.0,0.0,0.0
2025-01-18 00:00:00+05:30,324,Bowenpally,3,Bowenpally,118,Field Beans,118,Common,0.0,996.0,2000.0,4000.0,3500.0,0.0,0.0
2025-01-18 00:00:00+05:30,325,Hyderabad,7,Meeralamandi,151,Lemon,151,Common,0.0,296.0,960.0,2040.0,1500.0,0.0,0.0
2025-01-18 00:00:00+05:30,279,Thirumalagiri,9,Tirmalagiri,30,Groundnut pods,30,Common,0.0,121.0,5669.0,6279.0,5909.0,0.0,0.0
2025-01-18 00:00:00+05:30,289,Sadasivpet,1200,Sadasivapet,55,Onions,55,Common,0.0,214.0,1079.0,2689.0,2572.0,0.0,0.0
2025-01-18 00:00:00+05:30,310,Shadnagar,1330,Shadnagar,125,Bitter Gourd,125,Common,0.0,3.0,1800.0,2300.0,2000.0,0.0,0.0
2025-01-18 00:00:00+05:30,367,Gudimalkapur,1571,Gudumalkapur,122,Bottle Gourd,122,Common,0.0,375.0,600.0,1000.0,800.0,0.0,0.0
2025-01-19 00:00:00+05:30,324,Bowenpally,3,Bowenpally,118,Field Beans,118,Common,0.0,1266.0,2000.0,4000.0,3500.0,0.0,0.0
2025-01-18 00:00:00+05:30,331,Vantimamidi,1612,Vantimamidi,122,Bottle Gourd,122,Common,0.0,15.0,500.0,500.0,500.0,0.0,0.0
2025-01-19 00:00:00+05:30,323,Gaddiannaram,2,L.B Nagar,129,Cucumber,129,Common,0.0,152.0,2000.0,2500.0,2200.0,0.0,0.0
2025-01-19 00:00:00+05:30,325,Hyderabad,7,Meeralamandi,151,Lemon,151,Common,0.0,342.0,1040.0,1960.0,1500.0,0.0,0.0
2025-01-20 00:00:00+05:30,323,Gaddiannaram,1,Gaddiannaram,92,Custard apple,92,Common,0.0,4.0,1000.0,2500.0,6000.0,0.0,0.0
2025-01-20 00:00:00+05:30,323,Gaddiannaram,2,L.B Nagar,129,Cucumber,129,Common,0.0,150.0,1000.0,2000.0,1500.0,0.0,0.0
2025-01-20 00:00:00+05:30,324,Bowenpally,3,Bowenpally,118,Field Beans,118,Common,0.0,1111.0,1000.0,4000.0,3000.0,0.0,0.0
2025-01-19 00:00:00+05:30,331,Vantimamidi,1612,Vantimamidi,122,Bottle Gourd,122,Common,0.0,16.0,500.0,800.0,650.0,0.0,0.0
2025-01-19 00:00:00+05:30,367,Gudimalkapur,1571,Gudumalkapur,122,Bottle Gourd,122,Common,0.0,240.0,200.0,600.0,400.0,0.0,0.0
2025-01-20 00:00:00+05:30,246,Warangal,886,Warangal,32,Gingelly,223,White,0.0,1.23,12000.0,12000.0,12000.0,0.0,0.0
2025-01-20 00:00:00+05:30,325,Hyderabad,7,Meeralamandi,151,Lemon,151,Common,0.0,413.0,1000.0,1800.0,1400.0,0.0,0.0
2025-01-20 00:00:00+05:30,279,Thirumalagiri,9,Tirmalagiri,30,Groundnut pods,30,Common,0.0,196.0,5369.0,6351.0,5969.0,0.0,0.0
2025-01-20 00:00:00+05:30,292,Zaheerabad,1198,Zaheerabad,75,Soyabean,213,White,0.0,72.0,3611.0,4312.0,4296.0,0.0,0.0
2025-01-20 00:00:00+05:30,289,Sadasivpet,1200,Sadasivapet,55,Onions,55,Common,0.0,177.0,916.0,2727.0,2569.0,0.0,0.0
2025-01-21 00:00:00+05:30,323,Gaddiannaram,2,L.B Nagar,129,Cucumber,129,Common,0.0,75.0,2000.0,2500.0,2200.0,0.0,0.0
2025-01-21 00:00:00+05:30,324,Bowenpally,3,Bowenpally,118,Field Beans,118,Common,0.0,831.0,1500.0,4000.0,3200.0,0.0,0.0
2025-01-20 00:00:00+05:30,367,Gudimalkapur,1571,Gudumalkapur,122,Bottle Gourd,122,Common,0.0,195.0,300.0,700.0,500.0,0.0,0.0
2025-01-20 00:00:00+05:30,331,Vantimamidi,1612,Vantimamidi,122,Bottle Gourd,122,Common,0.0,5.0,500.0,500.0,500.0,0.0,0.0
2025-01-21 00:00:00+05:30,246,Warangal,886,Warangal,32,Gingelly,223,White,0.0,0.87,5522.0,5522.0,5522.0,0.0,0.0
2025-01-21 00:00:00+05:30,325,Hyderabad,7,Meeralamandi,151,Lemon,151,Common,0.0,386.0,1040.0,1608.0,1324.0,0.0,0.0
2025-01-21 00:00:00+05:30,192,Jainath,26,Jainath,85,Musk Melon,85,Common,0.0,160.0,550.0,625.0,587.0,0.0,0.0
2025-01-21 00:00:00+05:30,292,Zaheerabad,1198,Zaheerabad,75,Soyabean,213,White,0.0,45.0,3850.0,4550.0,4011.0,0.0,0.0
2025-01-21 00:00:00+05:30,289,Sadasivpet,1200,Sadasivapet,55,Onions,55,Common,0.0,72.0,909.0,2569.0,2269.0,0.0,0.0
2025-01-22 00:00:00+05:30,323,Gaddiannaram,2,L.B Nagar,129,Cucumber,129,Common,0.0,106.0,1500.0,2500.0,2000.0,0.0,0.0
2025-01-22 00:00:00+05:30,324,Bowenpally,3,Bowenpally,118,Field Beans,118,Common,0.0,906.0,2000.0,4000.0,3500.0,0.0,0.0
2025-01-21 00:00:00+05:30,331,Vantimamidi,1612,Vantimamidi,122,Bottle Gourd,122,Common,0.0,23.0,500.0,500.0,500.0,0.0,0.0
2025-01-21 00:00:00+05:30,367,Gudimalkapur,1571,Gudumalkapur,122,Bottle Gourd,122,Common,0.0,212.0,400.0,1000.0,600.0,0.0,0.0
2025-01-22 00:00:00+05:30,325,Hyderabad,7,Meeralamandi,151,Lemon,151,Common,0.0,384.0,1000.0,1840.0,1420.0,0.0,0.0
2025-01-22 00:00:00+05:30,310,Shadnagar,1330,Shadnagar,125,Bitter Gourd,125,Common,0.0,4.0,2800.0,3200.0,3000.0,0.0,0.0
2025-01-22 00:00:00+05:30,289,Sadasivpet,1200,Sadasivapet,55,Onions,55,Common,0.0,251.0,769.0,2475.0,2419.0,0.0,0.0
2025-01-22 00:00:00+05:30,292,Zaheerabad,1198,Zaheerabad,75,Soyabean,213,White,0.0,46.0,3700.0,4311.0,4260.0,0.0,0.0
2025-01-22 00:00:00+05:30,192,Jainath,26,Jainath,85,Musk Melon,85,Common,0.0,160.0,550.0,625.0,587.0,0.0,0.0
2025-01-22 00:00:00+05:30,279,Thirumalagiri,9,Tirmalagiri,30,Groundnut pods,30,Common,0.0,383.0,5669.0,6269.0,5889.0,0.0,0.0
2025-01-23 00:00:00+05:30,323,Gaddiannaram,2,L.B Nagar,129,Cucumber,129,Common,0.0,88.0,1500.0,2000.0,1800.0,0.0,0.0
2025-01-23 00:00:00+05:30,324,Bowenpally,3,Bowenpally,118,Field Beans,118,Common,0.0,817.0,2000.0,4000.0,3500.0,0.0,0.0
2025-01-22 00:00:00+05:30,367,Gudimalkapur,1571,Gudumalkapur,122,Bottle Gourd,122,Common,0.0,259.0,300.0,700.0,500.0,0.0,0.0
2025-01-22 00:00:00+05:30,331,Vantimamidi,1612,Vantimamidi,122,Bottle Gourd,122,Common,0.0,5.0,500.0,500.0,500.0,0.0,0.0
2025-01-23 00:00:00+05:30,246,Warangal,886,Warangal,32,Gingelly,223,White,0.0,4.05,5552.0,7202.0,7202.0,0.0,0.0
2025-01-23 00:00:00+05:30,325,Hyderabad,7,Meeralamandi,151,Lemon,151,Common,0.0,361.0,920.0,1600.0,1260.0,0.0,0.0
2025-01-23 00:00:00+05:30,279,Thirumalagiri,9,Tirmalagiri,30,Groundnut pods,30,Common,0.0,254.0,5069.0,6330.0,5669.0,0.0,0.0
2025-01-24 00:00:00+05:30,323,Gaddiannaram,2,L.B Nagar,129,Cucumber,129,Common,0.0,56.0,1000.0,2000.0,1500.0,0.0,0.0
2025-01-24 00:00:00+05:30,324,Bowenpally,3,Bowenpally,118,Field Beans,118,Common,0.0,740.0,2000.0,4000.0,3500.0,0.0,0.0
2025-01-23 00:00:00+05:30,367,Gudimalkapur,1571,Gudumalkapur,122,Bottle Gourd,122,Common,0.0,145.0,500.0,1200.0,800.0,0.0,0.0
2025-01-23 00:00:00+05:30,331,Vantimamidi,1612,Vantimamidi,122,Bottle Gourd,122,Common,0.0,48.0,500.0,500.0,500.0,0.0,0.0
2025-01-23 00:00:00+05:30,292,Zaheerabad,1198,Zaheerabad,75,Soyabean,213,White,0.0,81.5,3850.0,4232.0,4226.0,0.0,0.0
2025-01-24 00:00:00+05:30,279,Thirumalagiri,9,Tirmalagiri,30,Groundnut pods,30,Common,0.0,279.0,5369.0,6309.0,5969.0,0.0,0.0
2025-01-24 00:00:00+05:30,325,Hyderabad,7,Meeralamandi,151,Lemon,151,Common,0.0,236.0,800.0,2080.0,1440.0,0.0,0.0
2025-01-24 00:00:00+05:30,292,Zaheerabad,1198,Zaheerabad,75,Soyabean,213,White,0.0,18.0,3255.0,3801.0,3255.0,0.0,0.0
2025-01-24 00:00:00+05:30,289,Sadasivpet,1200,Sadasivapet,55,Onions,55,Common,0.0,69.0,819.0,2501.0,2051.0,0.0,0.0
2025-01-25 00:00:00+05:30,323,Gaddiannaram,2,L.B Nagar,129,Cucumber,129,Common,0.0,149.0,1000.0,2000.0,1500.0,0.0,0.0
2025-01-25 00:00:00+05:30,324,Bowenpally,3,Bowenpally,118,Field Beans,118,Common,0.0,936.0,1000.0,4000.0,3000.0,0.0,0.0
2025-01-24 00:00:00+05:30,367,Gudimalkapur,1571,Gudumalkapur,122,Bottle Gourd,122,Common,0.0,267.0,300.0,800.0,500.0,0.0,0.0
2025-01-24 00:00:00+05:30,331,Vantimamidi,1612,Vantimamidi,122,Bottle Gourd,122,Common,0.0,11.0,500.0,500.0,500.0,0.0,0.0
2025-01-25 00:00:00+05:30,279,Thirumalagiri,9,Tirmalagiri,30,Groundnut pods,30,Common,0.0,80.0,5479.0,6169.0,5769.0,0.0,0.0
2025-01-25 00:00:00+05:30,325,Hyderabad,7,Meeralamandi,151,Lemon,151,Common,0.0,295.0,960.0,2080.0,1520.0,0.0,0.0
2025-01-25 00:00:00+05:30,292,Zaheerabad,1198,Zaheerabad,75,Soyabean,213,White,0.0,96.0,3951.0,4210.0,4070.0,0.0,0.0
2025-01-25 00:00:00+05:30,331,Vantimamidi,1612,Vantimamidi,122,Bottle Gourd,122,Common,0.0,15.0,500.0,500.0,500.0,0.0,0.0
2025-01-25 00:00:00+05:30,289,Sadasivpet,1200,Sadasivapet,55,Onions,55,Common,0.0,280.0,830.0,2609.0,1960.0,0.0,0.0
2025-01-25 00:00:00+05:30,367,Gudimalkapur,1571,Gudumalkapur,122,Bottle Gourd,122,Common,0.0,177.0,400.0,700.0,500.0,0.0,0.0
2025-01-26 00:00:00+05:30,324,Bowenpally,3,Bowenpally,118,Field Beans,118,Common,0.0,1009.0,2000.0,4000.0,3500.0,0.0,0.0
2025-01-26 00:00:00+05:30,323,Gaddiannaram,2,L.B Nagar,129,Cucumber,129,Common,0.0,72.0,1000.0,2000.0,1500.0,0.0,0.0
2025-01-26 00:00:00+05:30,367,Gudimalkapur,1571,Gudumalkapur,122,Bottle Gourd,122,Common,0.0,234.0,300.0,800.0,500.0,0.0,0.0
2025-01-27 00:00:00+05:30,279,Thirumalagiri,9,Tirmalagiri,30,Groundnut pods,30,Common,0.0,171.0,5869.0,5669.0,6209.0,0.0,0.0
2025-01-27 00:00:00+05:30,325,Hyderabad,7,Meeralamandi,151,Lemon,151,Common,0.0,386.0,960.0,2000.0,1480.0,0.0,0.0
2025-01-26 00:00:00+05:30,331,Vantimamidi,1612,Vantimamidi,122,Bottle Gourd,122,Common,0.0,4.0,500.0,500.0,500.0,0.0,0.0
2025-01-27 00:00:00+05:30,323,Gaddiannaram,2,L.B Nagar,129,Cucumber,129,Common,0.0,62.0,1000.0,2000.0,1500.0,0.0,0.0
2025-01-27 00:00:00+05:30,192,Jainath,26,Jainath,85,Musk Melon,85,Common,0.0,160.0,550.0,625.0,587.0,0.0,0.0
2025-01-27 00:00:00+05:30,292,Zaheerabad,1198,Zaheerabad,75,Soyabean,213,White,0.0,114.0,3850.0,4210.0,4044.0,0.0,0.0
2025-01-27 00:00:00+05:30,289,Sadasivpet,1200,Sadasivapet,55,Onions,55,Common,0.0,173.0,899.0,2509.0,2342.0,0.0,0.0
2025-01-28 00:00:00+05:30,323,Gaddiannaram,1,Gaddiannaram,92,Custard apple,92,Common,0.0,8.0,1000.0,2500.0,1500.0,0.0,0.0
2025-01-27 00:00:00+05:30,331,Vantimamidi,1612,Vantimamidi,122,Bottle Gourd,122,Common,0.0,23.0,500.0,500.0,500.0,0.0,0.0
2025-01-27 00:00:00+05:30,367,Gudimalkapur,1571,Gudumalkapur,122,Bottle Gourd,122,Common,0.0,144.0,300.0,800.0,500.0,0.0,0.0
2025-01-28 00:00:00+05:30,323,Gaddiannaram,2,L.B Nagar,129,Cucumber,129,Common,0.0,87.0,1000.0,2000.0,1500.0,0.0,0.0
2025-01-28 00:00:00+05:30,324,Bowenpally,3,Bowenpally,118,Field Beans,118,Common,0.0,1182.0,1000.0,4000.0,3000.0,0.0,0.0
2025-01-28 00:00:00+05:30,325,Hyderabad,7,Meeralamandi,151,Lemon,151,Common,0.0,208.0,920.0,2000.0,1460.0,0.0,0.0
2025-01-28 00:00:00+05:30,246,Warangal,886,Warangal,32,Gingelly,223,White,0.0,6.17,6222.0,10122.0,7209.0,0.0,0.0
2025-01-28 00:00:00+05:30,279,Thirumalagiri,9,Tirmalagiri,30,Groundnut pods,30,Common,0.0,199.0,5169.0,6129.0,5869.0,0.0,0.0
2025-01-29 00:00:00+05:30,325,Hyderabad,7,Meeralamandi,151,Lemon,151,Common,0.0,291.0,1200.0,2000.0,1600.0,0.0,0.0
2025-01-29 00:00:00+05:30,331,Vantimamidi,1612,Vantimamidi,122,Bottle Gourd,122,Common,0.0,11.0,500.0,500.0,500.0,0.0,0.0
2025-01-28 00:00:00+05:30,292,Zaheerabad,1198,Zaheerabad,75,Soyabean,213,White,0.0,10.0,4050.0,4153.0,4050.0,0.0,0.0
2025-01-28 00:00:00+05:30,289,Sadasivpet,1200,Sadasivapet,55,Onions,55,Common,0.0,93.0,669.0,2560.0,2016.0,0.0,0.0
2025-01-28 00:00:00+05:30,367,Gudimalkapur,1571,Gudumalkapur,122,Bottle Gourd,122,Common,0.0,153.0,200.0,600.0,400.0,0.0,0.0
2025-01-30 00:00:00+05:30,323,Gaddiannaram,2,L.B Nagar,129,Cucumber,129,Common,0.0,181.0,1000.0,2000.0,1500.0,0.0,0.0
2025-01-30 00:00:00+05:30,324,Bowenpally,3,Bowenpally,118,Field Beans,118,Common,0.0,1043.0,1500.0,3500.0,2800.0,0.0,0.0
2025-01-30 00:00:00+05:30,279,Thirumalagiri,9,Tirmalagiri,30,Groundnut pods,30,Common,0.0,303.0,5369.0,6311.0,5969.0,0.0,0.0
2025-01-30 00:00:00+05:30,325,Hyderabad,7,Meeralamandi,151,Lemon,151,Common,0.0,407.0,1000.0,1660.0,1330.0,0.0,0.0
2025-01-30 00:00:00+05:30,292,Zaheerabad,1198,Zaheerabad,75,Soyabean,213,White,0.0,88.0,3300.0,4256.0,4223.0,0.0,0.0
2025-01-30 00:00:00+05:30,367,Gudimalkapur,1571,Gudumalkapur,122,Bottle Gourd,122,Common,0.0,368.0,300.0,700.0,500.0,0.0,0.0
2025-01-31 00:00:00+05:30,323,Gaddiannaram,2,L.B Nagar,129,Cucumber,129,Common,0.0,69.0,1000.0,2000.0,1500.0,0.0,0.0
2025-01-30 00:00:00+05:30,331,Vantimamidi,1612,Vantimamidi,122,Bottle Gourd,122,Common,0.0,13.0,500.0,500.0,500.0,0.0,0.0
2025-01-30 00:00:00+05:30,289,Sadasivpet,1200,Sadasivapet,55,Onions,55,Common,0.0,114.0,816.0,2504.0,2261.0,0.0,0.0
2025-01-31 00:00:00+05:30,324,Bowenpally,3,Bowenpally,118,Field Beans,118,Common,0.0,1313.0,1500.0,3500.0,3000.0,0.0,0.0
2025-01-31 00:00:00+05:30,279,Thirumalagiri,9,Tirmalagiri,30,Groundnut pods,30,Common,0.0,260.0,5449.0,6321.0,5869.0,0.0,0.0
2025-01-31 00:00:00+05:30,325,Hyderabad,7,Meeralamandi,151,Lemon,151,Common,0.0,314.0,860.0,1920.0,1390.0,0.0,0.0
2025-01-31 00:00:00+05:30,331,Vantimamidi,1612,Vantimamidi,122,Bottle Gourd,122,Common,0.0,21.0,500.0,800.0,650.0,0.0,0.0
2025-01-31 00:00:00+05:30,289,Sadasivpet,1200,Sadasivapet,55,Onions,55,Common,0.0,92.0,1179.0,2079.0,2030.0,0.0,0.0
2025-01-31 00:00:00+05:30,367,Gudimalkapur,1571,Gudumalkapur,122,Bottle Gourd,122,Common,0.0,207.0,300.0,700.0,500.0,0.0,0.0
2025-01-24 00:00:00+05:30,331,Vantimamidi,1612,Vantimamidi,123,Ribbed Gourd,123,Common,0.0,21.0,2000.0,2500.0,2250.0,0.0,0.0
2025-01-24 00:00:00+05:30,367,Gudimalkapur,1571,Gudumalkapur,123,Ribbed Gourd,123,Common,0.0,229.0,1500.0,3500.0,2000.0,0.0,0.0
2025-01-25 00:00:00+05:30,324,Bowenpally,3,Bowenpally,121,Snake Gourd,121,Common,0.0,6.0,500.0,1500.0,1200.0,0.0,0.0
2025-01-24 00:00:00+05:30,246,Warangal,886,Warangal,32,Gingelly,224,Black,0.0,10.09,2021.0,10203.0,10203.0,0.0,0.0
2025-01-24 00:00:00+05:30,325,Hyderabad,6,Madannapeta,155,Donda,155,Common,0.0,9.0,3000.0,3000.0,3000.0,0.0,0.0
2025-01-23 00:00:00+05:30,331,Vantimamidi,1612,Vantimamidi,123,Ribbed Gourd,123,Common,0.0,6.0,1800.0,2500.0,2150.0,0.0,0.0
2025-01-23 00:00:00+05:30,367,Gudimalkapur,1571,Gudumalkapur,123,Ribbed Gourd,123,Common,0.0,111.0,1500.0,4000.0,3000.0,0.0,0.0
2025-01-24 00:00:00+05:30,324,Bowenpally,3,Bowenpally,121,Snake Gourd,121,Common,0.0,12.0,500.0,2000.0,1600.0,0.0,0.0
2025-01-23 00:00:00+05:30,325,Hyderabad,7,Meeralamandi,155,Donda,155,Common,0.0,3.0,2500.0,3000.0,2750.0,0.0,0.0
2025-01-23 00:00:00+05:30,325,Hyderabad,6,Madannapeta,155,Donda,155,Common,0.0,7.0,3000.0,3000.0,3000.0,0.0,0.0
2025-01-22 00:00:00+05:30,331,Vantimamidi,1612,Vantimamidi,123,Ribbed Gourd,123,Common,0.0,9.0,1900.0,1800.0,2000.0,0.0,0.0
2025-01-22 00:00:00+05:30,367,Gudimalkapur,1571,Gudumalkapur,123,Ribbed Gourd,123,Common,0.0,142.0,1500.0,3500.0,2000.0,0.0,0.0
2025-01-23 00:00:00+05:30,324,Bowenpally,3,Bowenpally,121,Snake Gourd,121,Common,0.0,13.0,500.0,1500.0,1200.0,0.0,0.0
2025-01-23 00:00:00+05:30,323,Gaddiannaram,2,L.B Nagar,130,Drumstick,130,Common,0.0,5.0,4000.0,6000.0,5000.0,0.0,0.0
2025-01-22 00:00:00+05:30,325,Hyderabad,7,Meeralamandi,155,Donda,155,Common,0.0,2.0,4000.0,4000.0,4000.0,0.0,0.0
2025-01-22 00:00:00+05:30,325,Hyderabad,6,Madannapeta,155,Donda,155,Common,0.0,18.0,2000.0,3000.0,2500.0,0.0,0.0
2025-01-22 00:00:00+05:30,246,Warangal,886,Warangal,32,Gingelly,224,Black,0.0,1.89,10112.0,10112.0,10112.0,0.0,0.0
2025-01-21 00:00:00+05:30,367,Gudimalkapur,1571,Gudumalkapur,123,Ribbed Gourd,123,Common,0.0,240.0,1500.0,3000.0,2500.0,0.0,0.0
2025-01-21 00:00:00+05:30,331,Vantimamidi,1612,Vantimamidi,123,Ribbed Gourd,123,Common,0.0,6.0,1800.0,2000.0,1900.0,0.0,0.0
2025-01-22 00:00:00+05:30,324,Bowenpally,3,Bowenpally,121,Snake Gourd,121,Common,0.0,5.0,500.0,1500.0,1200.0,0.0,0.0
2025-01-21 00:00:00+05:30,325,Hyderabad,6,Madannapeta,155,Donda,155,Common,0.0,10.0,3000.0,4000.0,3500.0,0.0,0.0
2025-01-21 00:00:00+05:30,246,Warangal,886,Warangal,32,Gingelly,224,Black,0.0,20.4,10000.0,11053.0,11053.0,0.0,0.0
2025-01-20 00:00:00+05:30,331,Vantimamidi,1612,Vantimamidi,123,Ribbed Gourd,123,Common,0.0,17.0,3000.0,4000.0,3500.0,0.0,0.0
2025-01-20 00:00:00+05:30,367,Gudimalkapur,1571,Gudumalkapur,123,Ribbed Gourd,123,Common,0.0,121.0,1500.0,3500.0,2000.0,0.0,0.0
2025-01-21 00:00:00+05:30,324,Bowenpally,3,Bowenpally,121,Snake Gourd,121,Common,0.0,17.0,500.0,1500.0,1200.0,0.0,0.0
2025-01-20 00:00:00+05:30,325,Hyderabad,7,Meeralamandi,155,Donda,155,Common,0.0,2.0,3000.0,4000.0,3500.0,0.0,0.0
2025-01-20 00:00:00+05:30,325,Hyderabad,6,Madannapeta,155,Donda,155,Common,0.0,13.0,2000.0,3000.0,2500.0,0.0,0.0
2025-01-20 00:00:00+05:30,246,Warangal,886,Warangal,32,Gingelly,224,Black,0.0,7.73,10812.0,11312.0,11312.0,0.0,0.0
2025-01-19 00:00:00+05:30,367,Gudimalkapur,1571,Gudumalkapur,123,Ribbed Gourd,123,Common,0.0,229.0,1000.0,3000.0,2000.0,0.0,0.0
2025-01-19 00:00:00+05:30,331,Vantimamidi,1612,Vantimamidi,123,Ribbed Gourd,123,Common,0.0,3.0,2500.0,3500.0,3000.0,0.0,0.0
2025-01-20 00:00:00+05:30,324,Bowenpally,3,Bowenpally,121,Snake Gourd,121,Common,0.0,22.0,500.0,1200.0,1000.0,0.0,0.0
2025-01-19 00:00:00+05:30,325,Hyderabad,6,Madannapeta,155,Donda,155,Common,0.0,5.0,4000.0,4000.0,4000.0,0.0,0.0
2025-01-18 00:00:00+05:30,331,Vantimamidi,1612,Vantimamidi,123,Ribbed Gourd,123,Common,0.0,19.0,3500.0,4000.0,3750.0,0.0,0.0
2025-01-19 00:00:00+05:30,324,Bowenpally,3,Bowenpally,121,Snake Gourd,121,Common,0.0,18.0,800.0,1200.0,1100.0,0.0,0.0
2025-01-18 00:00:00+05:30,367,Gudimalkapur,1571,Gudumalkapur,123,Ribbed Gourd,123,Common,0.0,270.0,2000.0,3500.0,2500.0,0.0,0.0
2025-01-18 00:00:00+05:30,325,Hyderabad,7,Meeralamandi,155,Donda,155,Common,0.0,2.0,3500.0,3500.0,3500.0,0.0,0.0
2025-01-18 00:00:00+05:30,325,Hyderabad,6,Madannapeta,155,Donda,155,Common,0.0,17.0,3000.0,4000.0,3500.0,0.0,0.0
2025-01-18 00:00:00+05:30,324,Bowenpally,3,Bowenpally,121,Snake Gourd,121,Common,0.0,19.0,500.0,1500.0,1200.0,0.0,0.0
2025-01-18 00:00:00+05:30,323,Gaddiannaram,2,L.B Nagar,130,Drumstick,130,Common,0.0,11.0,4000.0,6000.0,5000.0,0.0,0.0
2025-01-17 00:00:00+05:30,331,Vantimamidi,1612,Vantimamidi,123,Ribbed Gourd,123,Common,0.0,3.0,2000.0,2000.0,2000.0,0.0,0.0
2025-01-17 00:00:00+05:30,323,Gaddiannaram,2,L.B Nagar,130,Drumstick,130,Common,0.0,7.0,2000.0,3000.0,2500.0,0.0,0.0
2025-01-17 00:00:00+05:30,325,Hyderabad,6,Madannapeta,155,Donda,155,Common,0.0,5.0,4000.0,4000.0,4000.0,0.0,0.0
2025-01-17 00:00:00+05:30,324,Bowenpally,3,Bowenpally,121,Snake Gourd,121,Common,0.0,14.0,800.0,1500.0,1300.0,0.0,0.0
2025-01-16 00:00:00+05:30,331,Vantimamidi,1612,Vantimamidi,123,Ribbed Gourd,123,Common,0.0,30.0,3000.0,4000.0,3500.0,0.0,0.0
2025-01-16 00:00:00+05:30,367,Gudimalkapur,1571,Gudumalkapur,123,Ribbed Gourd,123,Common,0.0,303.0,1500.0,3000.0,2000.0,0.0,0.0
2025-01-16 00:00:00+05:30,325,Hyderabad,6,Madannapeta,155,Donda,155,Common,0.0,9.0,4000.0,5000.0,4500.0,0.0,0.0
2025-01-16 00:00:00+05:30,324,Bowenpally,3,Bowenpally,121,Snake Gourd,121,Common,0.0,28.0,500.0,1500.0,1200.0,0.0,0.0
2025-01-15 00:00:00+05:30,324,Bowenpally,3,Bowenpally,121,Snake Gourd,121,Common,0.0,26.0,500.0,1200.0,1000.0,0.0,0.0
2025-01-15 00:00:00+05:30,331,Vantimamidi,1612,Vantimamidi,123,Ribbed Gourd,123,Common,0.0,17.0,3500.0,4000.0,3750.0,0.0,0.0
2025-01-14 00:00:00+05:30,331,Vantimamidi,1612,Vantimamidi,123,Ribbed Gourd,123,Common,0.0,2.0,3000.0,3000.0,3000.0,0.0,0.0
2025-01-15 00:00:00+05:30,367,Gudimalkapur,1571,Gudumalkapur,123,Ribbed Gourd,123,Common,0.0,220.0,2000.0,3000.0,2500.0,0.0,0.0
2025-01-14 00:00:00+05:30,367,Gudimalkapur,1571,Gudumalkapur,123,Ribbed Gourd,123,Common,0.0,50.0,2000.0,3500.0,3000.0,0.0,0.0
2025-01-14 00:00:00+05:30,325,Hyderabad,6,Madannapeta,155,Donda,155,Common,0.0,10.0,3000.0,3000.0,3000.0,0.0,0.0
2025-01-13 00:00:00+05:30,331,Vantimamidi,1612,Vantimamidi,123,Ribbed Gourd,123,Common,0.0,9.0,3000.0,4000.0,3500.0,0.0,0.0
2025-01-13 00:00:00+05:30,367,Gudimalkapur,1571,Gudumalkapur,123,Ribbed Gourd,123,Common,0.0,158.0,2000.0,3500.0,2500.0,0.0,0.0
2025-01-13 00:00:00+05:30,325,Hyderabad,6,Madannapeta,155,Donda,155,Common,0.0,12.0,3500.0,5000.0,4000.0,0.0,0.0
2025-01-13 00:00:00+05:30,324,Bowenpally,3,Bowenpally,121,Snake Gourd,121,Common,0.0,17.0,500.0,1500.0,1200.0,0.0,0.0
2025-01-12 00:00:00+05:30,367,Gudimalkapur,1571,Gudumalkapur,123,Ribbed Gourd,123,Common,0.0,260.0,2000.0,3500.0,2500.0,0.0,0.0
2025-01-12 00:00:00+05:30,331,Vantimamidi,1612,Vantimamidi,123,Ribbed Gourd,123,Common,0.0,14.0,2500.0,3500.0,3000.0,0.0,0.0
2025-01-11 00:00:00+05:30,331,Vantimamidi,1612,Vantimamidi,123,Ribbed Gourd,123,Common,0.0,10.0,4000.0,4000.0,4000.0,0.0,0.0
2025-01-11 00:00:00+05:30,367,Gudimalkapur,1571,Gudumalkapur,123,Ribbed Gourd,123,Common,0.0,116.0,2500.0,4000.0,3000.0,0.0,0.0
2025-01-12 00:00:00+05:30,324,Bowenpally,3,Bowenpally,121,Snake Gourd,121,Common,0.0,20.0,1000.0,1500.0,1300.0,0.0,0.0
2025-01-12 00:00:00+05:30,325,Hyderabad,6,Madannapeta,155,Donda,155,Common,0.0,10.0,4000.0,5000.0,4500.0,0.0,0.0
2025-01-11 00:00:00+05:30,325,Hyderabad,6,Madannapeta,155,Donda,155,Common,0.0,20.0,3500.0,5000.0,4000.0,0.0,0.0
2025-01-11 00:00:00+05:30,324,Bowenpally,3,Bowenpally,121,Snake Gourd,121,Common,0.0,14.0,700.0,2000.0,1700.0,0.0,0.0
2025-01-10 00:00:00+05:30,367,Gudimalkapur,1571,Gudumalkapur,123,Ribbed Gourd,123,Common,0.0,135.0,2000.0,3500.0,3500.0,0.0,0.0
2025-01-10 00:00:00+05:30,331,Vantimamidi,1612,Vantimamidi,123,Ribbed Gourd,123,Common,0.0,6.0,3500.0,4100.0,3800.0,0.0,0.0
2025-01-10 00:00:00+05:30,325,Hyderabad,6,Madannapeta,155,Donda,155,Common,0.0,10.0,4000.0,5000.0,4500.0,0.0,0.0
2025-01-10 00:00:00+05:30,324,Bowenpally,3,Bowenpally,121,Snake Gourd,121,Common,0.0,45.0,500.0,2000.0,1600.0,0.0,0.0
2025-01-09 00:00:00+05:30,367,Gudimalkapur,1571,Gudumalkapur,123,Ribbed Gourd,123,Common,0.0,116.0,2500.0,4000.0,3000.0,0.0,0.0
2025-01-09 00:00:00+05:30,331,Vantimamidi,1612,Vantimamidi,123,Ribbed Gourd,123,Common,0.0,3.0,3600.0,4200.0,3900.0,0.0,0.0
2025-01-09 00:00:00+05:30,325,Hyderabad,6,Madannapeta,155,Donda,155,Common,0.0,14.0,4000.0,5000.0,4500.0,0.0,0.0
2025-01-09 00:00:00+05:30,324,Bowenpally,3,Bowenpally,121,Snake Gourd,121,Common,0.0,26.0,1000.0,2000.0,1700.0,0.0,0.0
2025-01-09 00:00:00+05:30,323,Gaddiannaram,2,L.B Nagar,130,Drumstick,130,Common,0.0,5.0,4000.0,6000.0,5000.0,0.0,0.0
2025-01-08 00:00:00+05:30,367,Gudimalkapur,1571,Gudumalkapur,123,Ribbed Gourd,123,Common,0.0,212.0,2500.0,3500.0,3000.0,0.0,0.0
2025-01-08 00:00:00+05:30,331,Vantimamidi,1612,Vantimamidi,123,Ribbed Gourd,123,Common,0.0,7.0,3600.0,4200.0,3900.0,0.0,0.0
2025-01-08 00:00:00+05:30,325,Hyderabad,7,Meeralamandi,155,Donda,155,Common,0.0,2.0,3200.0,3200.0,3200.0,0.0,0.0
2025-01-08 00:00:00+05:30,325,Hyderabad,6,Madannapeta,155,Donda,155,Common,0.0,10.0,3000.0,3000.0,3000.0,0.0,0.0
2025-01-08 00:00:00+05:30,246,Warangal,886,Warangal,32,Gingelly,224,Black,0.0,4.57,9659.0,11223.0,10912.0,0.0,0.0
2025-01-08 00:00:00+05:30,324,Bowenpally,3,Bowenpally,121,Snake Gourd,121,Common,0.0,21.0,500.0,1500.0,1200.0,0.0,0.0
2025-01-08 00:00:00+05:30,323,Gaddiannaram,2,L.B Nagar,130,Drumstick,130,Common,0.0,1.0,4000.0,6000.0,5000.0,0.0,0.0
2025-01-07 00:00:00+05:30,367,Gudimalkapur,1571,Gudumalkapur,123,Ribbed Gourd,123,Common,0.0,93.0,1500.0,4000.0,3000.0,0.0,0.0
2025-01-07 00:00:00+05:30,331,Vantimamidi,1612,Vantimamidi,123,Ribbed Gourd,123,Common,0.0,22.0,3500.0,4300.0,3900.0,0.0,0.0
2025-01-07 00:00:00+05:30,324,Bowenpally,3,Bowenpally,121,Snake Gourd,121,Common,0.0,18.0,500.0,2000.0,1600.0,0.0,0.0
2025-01-07 00:00:00+05:30,323,Gaddiannaram,2,L.B Nagar,130,Drumstick,130,Common,0.0,1.0,4000.0,6000.0,5000.0,0.0,0.0
2025-01-07 00:00:00+05:30,325,Hyderabad,6,Madannapeta,155,Donda,155,Common,0.0,5.0,3500.0,3500.0,3500.0,0.0,0.0
2025-01-06 00:00:00+05:30,367,Gudimalkapur,1571,Gudumalkapur,123,Ribbed Gourd,123,Common,0.0,79.0,2500.0,3500.0,3000.0,0.0,0.0
2025-01-06 00:00:00+05:30,331,Vantimamidi,1612,Vantimamidi,123,Ribbed Gourd,123,Common,0.0,3.0,3000.0,4300.0,3650.0,0.0,0.0
2025-01-06 00:00:00+05:30,323,Gaddiannaram,2,L.B Nagar,130,Drumstick,130,Common,0.0,9.0,4000.0,6000.0,5000.0,0.0,0.0
2025-01-06 00:00:00+05:30,324,Bowenpally,3,Bowenpally,121,Snake Gourd,121,Common,0.0,6.0,500.0,1500.0,1200.0,0.0,0.0
2025-01-06 00:00:00+05:30,325,Hyderabad,7,Meeralamandi,155,Donda,155,Common,0.0,2.0,3000.0,3500.0,2750.0,0.0,0.0
2025-01-06 00:00:00+05:30,325,Hyderabad,6,Madannapeta,155,Donda,155,Common,0.0,5.0,3500.0,3500.0,3500.0,0.0,0.0
2025-01-05 00:00:00+05:30,367,Gudimalkapur,1571,Gudumalkapur,123,Ribbed Gourd,123,Common,0.0,172.0,2500.0,3500.0,3000.0,0.0,0.0
2025-01-05 00:00:00+05:30,331,Vantimamidi,1612,Vantimamidi,123,Ribbed Gourd,123,Common,0.0,10.0,3600.0,4200.0,3900.0,0.0,0.0
2025-01-04 00:00:00+05:30,367,Gudimalkapur,1571,Gudumalkapur,123,Ribbed Gourd,123,Common,0.0,115.0,2000.0,3500.0,3000.0,0.0,0.0
2025-01-04 00:00:00+05:30,331,Vantimamidi,1612,Vantimamidi,123,Ribbed Gourd,123,Common,0.0,24.0,3500.0,4300.0,3900.0,0.0,0.0
2025-01-05 00:00:00+05:30,323,Gaddiannaram,2,L.B Nagar,130,Drumstick,130,Common,0.0,3.0,4000.0,6000.0,5000.0,0.0,0.0
2025-01-05 00:00:00+05:30,325,Hyderabad,6,Madannapeta,155,Donda,155,Common,0.0,5.0,3500.0,3500.0,3500.0,0.0,0.0
2025-01-05 00:00:00+05:30,324,Bowenpally,3,Bowenpally,121,Snake Gourd,121,Common,0.0,6.0,1000.0,1500.0,1400.0,0.0,0.0
2025-01-04 00:00:00+05:30,325,Hyderabad,6,Madannapeta,155,Donda,155,Common,0.0,5.0,3500.0,3500.0,3500.0,0.0,0.0
2025-01-04 00:00:00+05:30,323,Gaddiannaram,2,L.B Nagar,130,Drumstick,130,Common,0.0,6.0,4000.0,6000.0,5000.0,0.0,0.0
2025-01-03 00:00:00+05:30,367,Gudimalkapur,1571,Gudumalkapur,123,Ribbed Gourd,123,Common,0.0,95.0,2500.0,3500.0,3000.0,0.0,0.0
2025-01-04 00:00:00+05:30,324,Bowenpally,3,Bowenpally,121,Snake Gourd,121,Common,0.0,31.0,500.0,1500.0,1200.0,0.0,0.0
2025-01-03 00:00:00+05:30,331,Vantimamidi,1612,Vantimamidi,123,Ribbed Gourd,123,Common,0.0,9.0,3200.0,4000.0,3600.0,0.0,0.0
2025-01-03 00:00:00+05:30,325,Hyderabad,6,Madannapeta,155,Donda,155,Common,0.0,5.0,3500.0,3500.0,3500.0,0.0,0.0
2025-01-03 00:00:00+05:30,325,Hyderabad,7,Meeralamandi,155,Donda,155,Common,0.0,4.0,3000.0,3000.0,3000.0,0.0,0.0
2025-01-03 00:00:00+05:30,324,Bowenpally,3,Bowenpally,121,Snake Gourd,121,Common,0.0,23.0,500.0,1000.0,900.0,0.0,0.0
2025-01-02 00:00:00+05:30,367,Gudimalkapur,1571,Gudumalkapur,123,Ribbed Gourd,123,Common,0.0,267.0,2500.0,5000.0,3500.0,0.0,0.0
2025-01-02 00:00:00+05:30,331,Vantimamidi,1612,Vantimamidi,123,Ribbed Gourd,123,Common,0.0,15.0,3000.0,4000.0,3500.0,0.0,0.0
2025-01-02 00:00:00+05:30,325,Hyderabad,6,Madannapeta,155,Donda,155,Common,0.0,5.0,3500.0,3500.0,3500.0,0.0,0.0
2025-01-02 00:00:00+05:30,246,Warangal,886,Warangal,32,Gingelly,224,Black,0.0,0.84,10252.0,10252.0,10252.0,0.0,0.0
2025-01-02 00:00:00+05:30,324,Bowenpally,3,Bowenpally,121,Snake Gourd,121,Common,0.0,11.0,500.0,1500.0,800.0,0.0,0.0
2025-01-01 00:00:00+05:30,325,Hyderabad,7,Meeralamandi,155,Donda,155,Common,0.0,3.0,2000.0,2500.0,2250.0,0.0,0.0
2025-01-01 00:00:00+05:30,331,Vantimamidi,1612,Vantimamidi,123,Ribbed Gourd,123,Common,0.0,15.0,3000.0,4000.0,3500.0,0.0,0.0
2025-01-31 00:00:00+05:30,367,Gudimalkapur,1571,Gudumalkapur,123,Ribbed Gourd,123,Common,0.0,222.0,1500.0,3000.0,2200.0,0.0,0.0
2025-01-31 00:00:00+05:30,331,Vantimamidi,1612,Vantimamidi,123,Ribbed Gourd,123,Common,0.0,4.0,2000.0,3000.0,2500.0,0.0,0.0
2025-01-31 00:00:00+05:30,324,Bowenpally,3,Bowenpally,121,Snake Gourd,121,Common,0.0,37.0,500.0,1500.0,1200.0,0.0,0.0
2025-01-31 00:00:00+05:30,325,Hyderabad,6,Madannapeta,155,Donda,155,Common,0.0,9.0,2500.0,3000.0,2750.0,0.0,0.0
2025-01-30 00:00:00+05:30,331,Vantimamidi,1612,Vantimamidi,123,Ribbed Gourd,123,Common,0.0,5.0,2500.0,2500.0,2500.0,0.0,0.0
2025-01-31 00:00:00+05:30,323,Gaddiannaram,2,L.B Nagar,130,Drumstick,130,Common,0.0,7.0,4000.0,6000.0,5000.0,0.0,0.0
2025-01-30 00:00:00+05:30,367,Gudimalkapur,1571,Gudumalkapur,123,Ribbed Gourd,123,Common,0.0,185.0,1500.0,3000.0,2000.0,0.0,0.0
2025-01-30 00:00:00+05:30,325,Hyderabad,6,Madannapeta,155,Donda,155,Common,0.0,10.0,2500.0,3000.0,2750.0,0.0,0.0
2025-01-30 00:00:00+05:30,324,Bowenpally,3,Bowenpally,121,Snake Gourd,121,Common,0.0,16.0,500.0,1500.0,1200.0,0.0,0.0
2025-01-28 00:00:00+05:30,367,Gudimalkapur,1571,Gudumalkapur,123,Ribbed Gourd,123,Common,0.0,308.0,2000.0,3500.0,2500.0,0.0,0.0
2025-01-28 00:00:00+05:30,290,Siddipet,1193,Siddipet,31,Castor,31,Common,0.0,1.64,5111.0,5111.0,5111.0,0.0,0.0
2025-01-29 00:00:00+05:30,331,Vantimamidi,1612,Vantimamidi,123,Ribbed Gourd,123,Common,0.0,7.0,2000.0,2500.0,2250.0,0.0,0.0
2025-01-29 00:00:00+05:30,325,Hyderabad,7,Meeralamandi,155,Donda,155,Common,0.0,2.0,2500.0,3000.0,2750.0,0.0,0.0
2025-01-28 00:00:00+05:30,246,Warangal,886,Warangal,32,Gingelly,224,Black,0.0,15.69,5522.0,9510.0,9510.0,0.0,0.0
2025-01-28 00:00:00+05:30,325,Hyderabad,6,Madannapeta,155,Donda,155,Common,0.0,9.0,2500.0,3000.0,2750.0,0.0,0.0
2025-01-27 00:00:00+05:30,367,Gudimalkapur,1571,Gudumalkapur,123,Ribbed Gourd,123,Common,0.0,189.0,1500.0,3500.0,2500.0,0.0,0.0
2025-01-26 00:00:00+05:30,331,Vantimamidi,1612,Vantimamidi,123,Ribbed Gourd,123,Common,0.0,10.0,2500.0,3000.0,2750.0,0.0,0.0
2025-01-27 00:00:00+05:30,325,Hyderabad,6,Madannapeta,155,Donda,155,Common,0.0,15.0,3000.0,3500.0,3250.0,0.0,0.0
2025-01-27 00:00:00+05:30,246,Warangal,886,Warangal,32,Gingelly,224,Black,0.0,8.58,8852.0,9429.0,9258.0,0.0,0.0
2025-01-26 00:00:00+05:30,367,Gudimalkapur,1571,Gudumalkapur,123,Ribbed Gourd,123,Common,0.0,152.0,1500.0,3000.0,2500.0,0.0,0.0
2025-01-26 00:00:00+05:30,325,Hyderabad,6,Madannapeta,155,Donda,155,Common,0.0,7.0,3000.0,3000.0,3000.0,0.0,0.0
2025-01-26 00:00:00+05:30,324,Bowenpally,3,Bowenpally,121,Snake Gourd,121,Common,0.0,20.0,1000.0,1500.0,1400.0,0.0,0.0
2025-01-25 00:00:00+05:30,367,Gudimalkapur,1571,Gudumalkapur,123,Ribbed Gourd,123,Common,0.0,192.0,1000.0,3000.0,1500.0,0.0,0.0
2025-01-25 00:00:00+05:30,331,Vantimamidi,1612,Vantimamidi,123,Ribbed Gourd,123,Common,0.0,7.0,2000.0,2500.0,2250.0,0.0,0.0
2025-01-25 00:00:00+05:30,325,Hyderabad,6,Madannapeta,155,Donda,155,Common,0.0,10.0,3000.0,3000.0,3000.0,0.0,0.0
2025-01-01 00:00:00+05:30,331,Vantimamidi,1612,Vantimamidi,125,Bitter Gourd,125,Common,0.0,43.0,1500.0,2300.0,1900.0,0.0,0.0
2025-01-01 00:00:00+05:30,323,Gaddiannaram,1,Gaddiannaram,97,Apple,97,Common,0.0,594.0,2500.0,10000.0,5000.0,0.0,0.0
2025-01-02 00:00:00+05:30,324,Bowenpally,3,Bowenpally,122,Bottle Gourd,122,Common,0.0,705.0,300.0,800.0,700.0,0.0,0.0
2025-01-02 00:00:00+05:30,323,Gaddiannaram,1,Gaddiannaram,97,Apple,97,Common,0.0,1002.0,2500.0,11000.0,5000.0,0.0,0.0
2025-01-02 00:00:00+05:30,279,Thirumalagiri,9,Tirmalagiri,32,Gingelly,32,Common,0.0,3.0,11111.0,11111.0,11111.0,0.0,0.0
2025-01-02 00:00:00+05:30,331,Vantimamidi,1612,Vantimamidi,125,Bitter Gourd,125,Common,0.0,97.0,1600.0,2300.0,1950.0,0.0,0.0
2025-01-02 00:00:00+05:30,367,Gudimalkapur,1571,Gudumalkapur,125,Bitter Gourd,125,Common,0.0,55.0,2000.0,3500.0,3000.0,0.0,0.0
2025-01-03 00:00:00+05:30,324,Bowenpally,3,Bowenpally,122,Bottle Gourd,122,Common,0.0,710.0,400.0,800.0,600.0,0.0,0.0
2025-01-03 00:00:00+05:30,323,Gaddiannaram,1,Gaddiannaram,97,Apple,97,Common,0.0,1983.0,2500.0,11000.0,5000.0,0.0,0.0
2025-01-03 00:00:00+05:30,331,Vantimamidi,1612,Vantimamidi,125,Bitter Gourd,125,Common,0.0,81.0,1700.0,2400.0,2050.0,0.0,0.0
2025-01-04 00:00:00+05:30,323,Gaddiannaram,1,Gaddiannaram,97,Apple,97,Common,0.0,1512.0,2500.0,10000.0,5000.0,0.0,0.0
2025-01-04 00:00:00+05:30,324,Bowenpally,3,Bowenpally,122,Bottle Gourd,122,Common,0.0,512.0,300.0,800.0,700.0,0.0,0.0
2025-01-03 00:00:00+05:30,367,Gudimalkapur,1571,Gudumalkapur,125,Bitter Gourd,125,Common,0.0,59.0,2000.0,3000.0,2500.0,0.0,0.0
2025-01-04 00:00:00+05:30,325,Hyderabad,6,Madannapeta,199,Capsicum,204,Common,0.0,2.0,3000.0,4000.0,3500.0,0.0,0.0
2025-01-05 00:00:00+05:30,324,Bowenpally,3,Bowenpally,122,Bottle Gourd,122,Common,0.0,386.0,400.0,800.0,700.0,0.0,0.0
2025-01-04 00:00:00+05:30,331,Vantimamidi,1612,Vantimamidi,125,Bitter Gourd,125,Common,0.0,98.0,1900.0,2500.0,2200.0,0.0,0.0
2025-01-04 00:00:00+05:30,367,Gudimalkapur,1571,Gudumalkapur,125,Bitter Gourd,125,Common,0.0,65.0,2000.0,3500.0,3000.0,0.0,0.0
2025-01-05 00:00:00+05:30,331,Vantimamidi,1612,Vantimamidi,125,Bitter Gourd,125,Common,0.0,63.0,2000.0,2600.0,2300.0,0.0,0.0
2025-01-06 00:00:00+05:30,323,Gaddiannaram,1,Gaddiannaram,97,Apple,97,Common,0.0,2226.0,2500.0,11000.0,5000.0,0.0,0.0
2025-01-05 00:00:00+05:30,367,Gudimalkapur,1571,Gudumalkapur,125,Bitter Gourd,125,Common,0.0,92.0,2500.0,3500.0,3000.0,0.0,0.0
2025-01-05 00:00:00+05:30,323,Gaddiannaram,1,Gaddiannaram,97,Apple,97,Common,0.0,894.0,1650.0,7300.0,4000.0,0.0,0.0
2025-01-06 00:00:00+05:30,324,Bowenpally,3,Bowenpally,122,Bottle Gourd,122,Common,0.0,825.0,400.0,1200.0,1000.0,0.0,0.0
2025-01-06 00:00:00+05:30,331,Vantimamidi,1612,Vantimamidi,125,Bitter Gourd,125,Common,0.0,47.0,2100.0,2700.0,2400.0,0.0,0.0
2025-01-06 00:00:00+05:30,367,Gudimalkapur,1571,Gudumalkapur,125,Bitter Gourd,125,Common,0.0,41.0,1500.0,3200.0,2500.0,0.0,0.0
2025-01-07 00:00:00+05:30,323,Gaddiannaram,1,Gaddiannaram,97,Apple,97,Common,0.0,623.0,3500.0,10000.0,5000.0,0.0,0.0
2025-01-07 00:00:00+05:30,324,Bowenpally,3,Bowenpally,122,Bottle Gourd,122,Common,0.0,461.0,400.0,1200.0,1000.0,0.0,0.0
2025-01-07 00:00:00+05:30,331,Vantimamidi,1612,Vantimamidi,125,Bitter Gourd,125,Common,0.0,93.0,2000.0,2600.0,2300.0,0.0,0.0
2025-01-07 00:00:00+05:30,367,Gudimalkapur,1571,Gudumalkapur,125,Bitter Gourd,125,Common,0.0,28.0,2000.0,3500.0,3000.0,0.0,0.0
2025-01-08 00:00:00+05:30,323,Gaddiannaram,1,Gaddiannaram,97,Apple,97,Common,0.0,1248.0,2500.0,11000.0,5000.0,0.0,0.0
2025-01-08 00:00:00+05:30,324,Bowenpally,3,Bowenpally,122,Bottle Gourd,122,Common,0.0,524.0,400.0,1000.0,800.0,0.0,0.0
2025-01-08 00:00:00+05:30,331,Vantimamidi,1612,Vantimamidi,125,Bitter Gourd,125,Common,0.0,80.0,2000.0,2500.0,2250.0,0.0,0.0
2025-01-08 00:00:00+05:30,367,Gudimalkapur,1571,Gudumalkapur,125,Bitter Gourd,125,Common,0.0,54.0,2500.0,3500.0,3000.0,0.0,0.0
2025-01-09 00:00:00+05:30,323,Gaddiannaram,1,Gaddiannaram,97,Apple,97,Common,0.0,1297.0,2500.0,11000.0,5000.0,0.0,0.0
2025-01-09 00:00:00+05:30,324,Bowenpally,3,Bowenpally,122,Bottle Gourd,122,Common,0.0,724.0,400.0,1200.0,1000.0,0.0,0.0
2025-01-09 00:00:00+05:30,331,Vantimamidi,1612,Vantimamidi,125,Bitter Gourd,125,Common,0.0,58.0,2000.0,2400.0,2200.0,0.0,0.0
2025-01-09 00:00:00+05:30,367,Gudimalkapur,1571,Gudumalkapur,125,Bitter Gourd,125,Common,0.0,51.0,2500.0,4000.0,3000.0,0.0,0.0
2025-01-10 00:00:00+05:30,324,Bowenpally,3,Bowenpally,122,Bottle Gourd,122,Common,0.0,632.0,400.0,1000.0,800.0,0.0,0.0
2025-01-10 00:00:00+05:30,323,Gaddiannaram,1,Gaddiannaram,97,Apple,97,Common,0.0,1636.0,2500.0,12000.0,5000.0,0.0,0.0
2025-01-10 00:00:00+05:30,325,Hyderabad,6,Madannapeta,199,Capsicum,204,Common,0.0,10.0,2000.0,2500.0,2250.0,0.0,0.0
2025-01-10 00:00:00+05:30,331,Vantimamidi,1612,Vantimamidi,125,Bitter Gourd,125,Common,0.0,54.0,2000.0,2400.0,2200.0,0.0,0.0
2025-01-11 00:00:00+05:30,323,Gaddiannaram,1,Gaddiannaram,97,Apple,97,Common,0.0,156.0,6650.0,20000.0,9300.0,0.0,0.0
2025-01-10 00:00:00+05:30,367,Gudimalkapur,1571,Gudumalkapur,125,Bitter Gourd,125,Common,0.0,43.0,2500.0,4000.0,3000.0,0.0,0.0
2025-01-11 00:00:00+05:30,324,Bowenpally,3,Bowenpally,122,Bottle Gourd,122,Common,0.0,505.0,400.0,1000.0,800.0,0.0,0.0
2025-01-12 00:00:00+05:30,325,Hyderabad,6,Madannapeta,199,Capsicum,204,Common,0.0,10.0,2000.0,2500.0,2250.0,0.0,0.0
2025-01-12 00:00:00+05:30,323,Gaddiannaram,1,Gaddiannaram,97,Apple,97,Common,0.0,201.0,2500.0,12000.0,5000.0,0.0,0.0
2025-01-12 00:00:00+05:30,324,Bowenpally,3,Bowenpally,122,Bottle Gourd,122,Common,0.0,930.0,400.0,1000.0,800.0,0.0,0.0
2025-01-11 00:00:00+05:30,367,Gudimalkapur,1571,Gudumalkapur,125,Bitter Gourd,125,Common,0.0,53.0,2000.0,4000.0,3000.0,0.0,0.0
2025-01-11 00:00:00+05:30,331,Vantimamidi,1612,Vantimamidi,125,Bitter Gourd,125,Common,0.0,61.0,2000.0,2500.0,2250.0,0.0,0.0
2025-01-12 00:00:00+05:30,331,Vantimamidi,1612,Vantimamidi,125,Bitter Gourd,125,Common,0.0,27.0,2000.0,3000.0,2500.0,0.0,0.0
2025-01-13 00:00:00+05:30,323,Gaddiannaram,1,Gaddiannaram,97,Apple,97,Common,0.0,1964.0,2500.0,11000.0,5000.0,0.0,0.0
2025-01-12 00:00:00+05:30,367,Gudimalkapur,1571,Gudumalkapur,125,Bitter Gourd,125,Common,0.0,101.0,2500.0,3500.0,2000.0,0.0,0.0
2025-01-13 00:00:00+05:30,324,Bowenpally,3,Bowenpally,122,Bottle Gourd,122,Common,0.0,232.0,300.0,800.0,600.0,0.0,0.0
2025-01-13 00:00:00+05:30,367,Gudimalkapur,1571,Gudumalkapur,125,Bitter Gourd,125,Common,0.0,49.0,2000.0,3500.0,2500.0,0.0,0.0
2025-01-13 00:00:00+05:30,331,Vantimamidi,1612,Vantimamidi,125,Bitter Gourd,125,Common,0.0,29.0,2000.0,2500.0,2250.0,0.0,0.0
2025-01-14 00:00:00+05:30,324,Bowenpally,3,Bowenpally,122,Bottle Gourd,122,Common,0.0,92.0,300.0,800.0,600.0,0.0,0.0
2025-01-14 00:00:00+05:30,367,Gudimalkapur,1571,Gudumalkapur,125,Bitter Gourd,125,Common,0.0,24.0,1500.0,3000.0,3000.0,0.0,0.0
2025-01-14 00:00:00+05:30,323,Gaddiannaram,1,Gaddiannaram,97,Apple,97,Common,0.0,284.0,2500.0,11000.0,5000.0,0.0,0.0
2025-01-15 00:00:00+05:30,367,Gudimalkapur,1571,Gudumalkapur,125,Bitter Gourd,125,Common,0.0,24.0,3000.0,3500.0,3000.0,0.0,0.0
2025-01-14 00:00:00+05:30,331,Vantimamidi,1612,Vantimamidi,125,Bitter Gourd,125,Common,0.0,10.0,2000.0,3500.0,2750.0,0.0,0.0
2025-01-15 00:00:00+05:30,331,Vantimamidi,1612,Vantimamidi,125,Bitter Gourd,125,Common,0.0,43.0,2000.0,2500.0,2250.0,0.0,0.0
2025-01-16 00:00:00+05:30,323,Gaddiannaram,1,Gaddiannaram,97,Apple,97,Common,0.0,902.0,2500.0,11000.0,5000.0,0.0,0.0
2025-01-15 00:00:00+05:30,324,Bowenpally,3,Bowenpally,122,Bottle Gourd,122,Common,0.0,208.0,300.0,800.0,700.0,0.0,0.0
2025-01-15 00:00:00+05:30,323,Gaddiannaram,1,Gaddiannaram,97,Apple,97,Common,0.0,766.0,3000.0,11000.0,4000.0,0.0,0.0
2025-01-16 00:00:00+05:30,324,Bowenpally,3,Bowenpally,122,Bottle Gourd,122,Common,0.0,368.0,300.0,800.0,700.0,0.0,0.0
2025-01-16 00:00:00+05:30,325,Hyderabad,6,Madannapeta,199,Capsicum,204,Common,0.0,5.0,2500.0,2500.0,2500.0,0.0,0.0
2025-01-16 00:00:00+05:30,367,Gudimalkapur,1571,Gudumalkapur,125,Bitter Gourd,125,Common,0.0,78.0,2500.0,4000.0,3500.0,0.0,0.0
2025-01-16 00:00:00+05:30,331,Vantimamidi,1612,Vantimamidi,125,Bitter Gourd,125,Common,0.0,77.0,2000.0,2500.0,2250.0,0.0,0.0
2025-01-17 00:00:00+05:30,323,Gaddiannaram,1,Gaddiannaram,97,Apple,97,Common,0.0,1822.0,2500.0,11000.0,5500.0,0.0,0.0
2025-01-17 00:00:00+05:30,324,Bowenpally,3,Bowenpally,122,Bottle Gourd,122,Common,0.0,1311.0,400.0,800.0,700.0,0.0,0.0
2025-01-17 00:00:00+05:30,325,Hyderabad,6,Madannapeta,199,Capsicum,204,Common,0.0,2.0,4000.0,4000.0,4000.0,0.0,0.0
2025-01-17 00:00:00+05:30,331,Vantimamidi,1612,Vantimamidi,125,Bitter Gourd,125,Common,0.0,98.0,2000.0,2500.0,2250.0,0.0,0.0
2025-01-18 00:00:00+05:30,324,Bowenpally,3,Bowenpally,122,Bottle Gourd,122,Common,0.0,888.0,400.0,800.0,700.0,0.0,0.0
2025-01-18 00:00:00+05:30,325,Hyderabad,6,Madannapeta,199,Capsicum,204,Common,0.0,2.0,3500.0,3500.0,3500.0,0.0,0.0
2025-01-18 00:00:00+05:30,367,Gudimalkapur,1571,Gudumalkapur,125,Bitter Gourd,125,Common,0.0,163.0,2500.0,3500.0,3000.0,0.0,0.0
2025-01-19 00:00:00+05:30,324,Bowenpally,3,Bowenpally,122,Bottle Gourd,122,Common,0.0,505.0,200.0,800.0,700.0,0.0,0.0
2025-01-18 00:00:00+05:30,331,Vantimamidi,1612,Vantimamidi,125,Bitter Gourd,125,Common,0.0,94.0,2000.0,2400.0,2200.0,0.0,0.0
2025-01-19 00:00:00+05:30,323,Gaddiannaram,1,Gaddiannaram,97,Apple,97,Common,0.0,731.0,6000.0,2500.0,11000.0,0.0,0.0
2025-01-19 00:00:00+05:30,325,Hyderabad,6,Madannapeta,199,Capsicum,204,Common,0.0,1.0,4000.0,4000.0,4000.0,0.0,0.0
2025-01-20 00:00:00+05:30,324,Bowenpally,3,Bowenpally,122,Bottle Gourd,122,Common,0.0,710.0,400.0,800.0,700.0,0.0,0.0
2025-01-20 00:00:00+05:30,323,Gaddiannaram,1,Gaddiannaram,97,Apple,97,Common,0.0,1092.0,6650.0,20000.0,9300.0,0.0,0.0
2025-01-19 00:00:00+05:30,331,Vantimamidi,1612,Vantimamidi,125,Bitter Gourd,125,Common,0.0,68.0,2000.0,3000.0,2500.0,0.0,0.0
2025-01-19 00:00:00+05:30,367,Gudimalkapur,1571,Gudumalkapur,125,Bitter Gourd,125,Common,0.0,110.0,2500.0,3500.0,3000.0,0.0,0.0
2025-01-21 00:00:00+05:30,324,Bowenpally,3,Bowenpally,122,Bottle Gourd,122,Common,0.0,633.0,300.0,800.0,600.0,0.0,0.0
2025-01-21 00:00:00+05:30,323,Gaddiannaram,1,Gaddiannaram,97,Apple,97,Common,0.0,758.0,3000.0,1000.0,5000.0,0.0,0.0
2025-01-20 00:00:00+05:30,367,Gudimalkapur,1571,Gudumalkapur,125,Bitter Gourd,125,Common,0.0,42.0,2000.0,3500.0,2500.0,0.0,0.0
2025-01-20 00:00:00+05:30,331,Vantimamidi,1612,Vantimamidi,125,Bitter Gourd,125,Common,0.0,75.0,2000.0,2300.0,2150.0,0.0,0.0
2025-01-21 00:00:00+05:30,325,Hyderabad,6,Madannapeta,199,Capsicum,204,Common,0.0,3.0,3000.0,4000.0,3500.0,0.0,0.0
2025-01-22 00:00:00+05:30,324,Bowenpally,3,Bowenpally,122,Bottle Gourd,122,Common,0.0,778.0,400.0,800.0,700.0,0.0,0.0
2025-01-22 00:00:00+05:30,323,Gaddiannaram,1,Gaddiannaram,97,Apple,97,Common,0.0,657.0,3000.0,12000.0,5000.0,0.0,0.0
2025-01-21 00:00:00+05:30,331,Vantimamidi,1612,Vantimamidi,125,Bitter Gourd,125,Common,0.0,59.0,1500.0,2000.0,1750.0,0.0,0.0
2025-01-21 00:00:00+05:30,367,Gudimalkapur,1571,Gudumalkapur,125,Bitter Gourd,125,Common,0.0,79.0,1500.0,3000.0,2500.0,0.0,0.0
2025-01-23 00:00:00+05:30,323,Gaddiannaram,1,Gaddiannaram,97,Apple,97,Common,0.0,1147.0,3000.0,12500.0,5000.0,0.0,0.0
2025-01-23 00:00:00+05:30,324,Bowenpally,3,Bowenpally,122,Bottle Gourd,122,Common,0.0,744.0,200.0,600.0,500.0,0.0,0.0
2025-01-22 00:00:00+05:30,367,Gudimalkapur,1571,Gudumalkapur,125,Bitter Gourd,125,Common,0.0,9.0,2000.0,3500.0,2500.0,0.0,0.0
2025-01-22 00:00:00+05:30,331,Vantimamidi,1612,Vantimamidi,125,Bitter Gourd,125,Common,0.0,43.0,1500.0,2000.0,1750.0,0.0,0.0
2025-01-24 00:00:00+05:30,324,Bowenpally,3,Bowenpally,122,Bottle Gourd,122,Common,0.0,449.0,200.0,600.0,500.0,0.0,0.0
2025-01-24 00:00:00+05:30,323,Gaddiannaram,1,Gaddiannaram,97,Apple,97,Common,0.0,830.0,3000.0,12500.0,5000.0,0.0,0.0
2025-01-23 00:00:00+05:30,367,Gudimalkapur,1571,Gudumalkapur,125,Bitter Gourd,125,Common,0.0,52.0,2000.0,3500.0,3000.0,0.0,0.0
2025-01-23 00:00:00+05:30,331,Vantimamidi,1612,Vantimamidi,125,Bitter Gourd,125,Common,0.0,15.0,1500.0,2500.0,2000.0,0.0,0.0
2025-01-24 00:00:00+05:30,325,Hyderabad,6,Madannapeta,199,Capsicum,204,Common,0.0,4.0,3000.0,3000.0,3000.0,0.0,0.0
2025-01-25 00:00:00+05:30,324,Bowenpally,3,Bowenpally,122,Bottle Gourd,122,Common,0.0,623.0,400.0,800.0,700.0,0.0,0.0
2025-01-25 00:00:00+05:30,323,Gaddiannaram,1,Gaddiannaram,97,Apple,97,Common,0.0,1461.0,3500.0,12000.0,5000.0,0.0,0.0
2025-01-24 00:00:00+05:30,367,Gudimalkapur,1571,Gudumalkapur,125,Bitter Gourd,125,Common,0.0,50.0,2000.0,3500.0,2500.0,0.0,0.0
2025-01-24 00:00:00+05:30,331,Vantimamidi,1612,Vantimamidi,125,Bitter Gourd,125,Common,0.0,36.0,1600.0,2600.0,2100.0,0.0,0.0
2025-01-25 00:00:00+05:30,325,Hyderabad,6,Madannapeta,199,Capsicum,204,Common,0.0,6.0,2800.0,3000.0,2900.0,0.0,0.0
2025-01-25 00:00:00+05:30,331,Vantimamidi,1612,Vantimamidi,125,Bitter Gourd,125,Common,0.0,47.0,2000.0,2500.0,2250.0,0.0,0.0
2025-01-25 00:00:00+05:30,367,Gudimalkapur,1571,Gudumalkapur,125,Bitter Gourd,125,Common,0.0,91.0,2000.0,3500.0,2500.0,0.0,0.0
2025-01-26 00:00:00+05:30,324,Bowenpally,3,Bowenpally,122,Bottle Gourd,122,Common,0.0,833.0,200.0,800.0,700.0,0.0,0.0
2025-01-26 00:00:00+05:30,323,Gaddiannaram,1,Gaddiannaram,97,Apple,97,Common,0.0,735.0,3500.0,12000.0,5000.0,0.0,0.0
2025-01-26 00:00:00+05:30,367,Gudimalkapur,1571,Gudumalkapur,125,Bitter Gourd,125,Common,0.0,72.0,1500.0,3000.0,2500.0,0.0,0.0
2025-01-27 00:00:00+05:30,325,Hyderabad,6,Madannapeta,199,Capsicum,204,Common,0.0,4.0,2000.0,2000.0,2000.0,0.0,0.0
2025-01-26 00:00:00+05:30,331,Vantimamidi,1612,Vantimamidi,125,Bitter Gourd,125,Common,0.0,35.0,1200.0,2000.0,1600.0,0.0,0.0
2025-01-27 00:00:00+05:30,323,Gaddiannaram,1,Gaddiannaram,97,Apple,97,Common,0.0,2358.0,3500.0,12000.0,5000.0,0.0,0.0
2025-01-27 00:00:00+05:30,367,Gudimalkapur,1571,Gudumalkapur,125,Bitter Gourd,125,Common,0.0,65.0,2000.0,3000.0,2500.0,0.0,0.0
2025-01-27 00:00:00+05:30,331,Vantimamidi,1612,Vantimamidi,125,Bitter Gourd,125,Common,0.0,39.0,2000.0,4000.0,3000.0,0.0,0.0
2025-01-28 00:00:00+05:30,323,Gaddiannaram,1,Gaddiannaram,97,Apple,97,Common,0.0,441.0,3500.0,12500.0,5000.0,0.0,0.0
2025-01-29 00:00:00+05:30,331,Vantimamidi,1612,Vantimamidi,125,Bitter Gourd,125,Common,0.0,39.0,1500.0,2000.0,1750.0,0.0,0.0
2025-01-29 00:00:00+05:30,323,Gaddiannaram,1,Gaddiannaram,97,Apple,97,Common,0.0,819.0,3500.0,12000.0,5000.0,0.0,0.0
2025-01-28 00:00:00+05:30,367,Gudimalkapur,1571,Gudumalkapur,125,Bitter Gourd,125,Common,0.0,87.0,2000.0,3000.0,2500.0,0.0,0.0
2025-01-30 00:00:00+05:30,324,Bowenpally,3,Bowenpally,122,Bottle Gourd,122,Common,0.0,818.0,400.0,800.0,700.0,0.0,0.0
2025-01-30 00:00:00+05:30,323,Gaddiannaram,1,Gaddiannaram,97,Apple,97,Common,0.0,2115.0,3500.0,12000.0,5000.0,0.0,0.0
2025-01-30 00:00:00+05:30,367,Gudimalkapur,1571,Gudumalkapur,125,Bitter Gourd,125,Common,0.0,76.0,1500.0,3500.0,2500.0,0.0,0.0
2025-01-31 00:00:00+05:30,323,Gaddiannaram,1,Gaddiannaram,97,Apple,97,Common,0.0,1556.0,3500.0,12000.0,5000.0,0.0,0.0
2025-01-30 00:00:00+05:30,331,Vantimamidi,1612,Vantimamidi,125,Bitter Gourd,125,Common,0.0,54.0,1750.0,1500.0,2000.0,0.0,0.0
2025-01-31 00:00:00+05:30,324,Bowenpally,3,Bowenpally,122,Bottle Gourd,122,Common,0.0,895.0,200.0,600.0,500.0,0.0,0.0
2025-01-31 00:00:00+05:30,331,Vantimamidi,1612,Vantimamidi,125,Bitter Gourd,125,Common,0.0,20.0,1500.0,2000.0,1750.0,0.0,0.0
2025-01-31 00:00:00+05:30,367,Gudimalkapur,1571,Gudumalkapur,125,Bitter Gourd,125,Common,0.0,83.0,1500.0,3000.0,2000.0,0.0,0.0
2025-01-24 00:00:00+05:30,367,Gudimalkapur,1571,Gudumalkapur,127,Kheera,127,Common,0.0,116.0,1000.0,1500.0,1200.0,0.0,0.0
2025-01-25 00:00:00+05:30,323,Gaddiannaram,1,Gaddiannaram,201,Nashpati(Pear),207,Common,0.0,7.0,6000.0,25000.0,12000.0,0.0,0.0
2025-01-25 00:00:00+05:30,323,Gaddiannaram,2,L.B Nagar,155,Donda,155,Common,0.0,61.0,3000.0,4000.0,3500.0,0.0,0.0
2025-01-25 00:00:00+05:30,324,Bowenpally,3,Bowenpally,123,Ribbed Gourd,123,Common,0.0,758.0,800.0,1500.0,1300.0,0.0,0.0
2025-01-24 00:00:00+05:30,246,Warangal,886,Warangal,54,Chillies(Dry),250,Teja,0.0,3805.0,11000.0,14000.0,13000.0,0.0,0.0
2025-01-24 00:00:00+05:30,219,Jagtial,1125,Jagtial,195,Lobha,236,Seed,0.0,1.0,5559.0,5559.0,5559.0,0.0,0.0
2025-01-23 00:00:00+05:30,367,Gudimalkapur,1571,Gudumalkapur,127,Kheera,127,Common,0.0,210.0,800.0,1600.0,1000.0,0.0,0.0
2025-01-24 00:00:00+05:30,323,Gaddiannaram,1,Gaddiannaram,201,Nashpati(Pear),207,Common,0.0,4.0,6000.0,25000.0,12000.0,0.0,0.0
2025-01-24 00:00:00+05:30,323,Gaddiannaram,2,L.B Nagar,155,Donda,155,Common,0.0,40.0,3000.0,4000.0,3500.0,0.0,0.0
2025-01-24 00:00:00+05:30,324,Bowenpally,3,Bowenpally,123,Ribbed Gourd,123,Common,0.0,332.0,800.0,1500.0,1300.0,0.0,0.0
2025-01-22 00:00:00+05:30,367,Gudimalkapur,1571,Gudumalkapur,127,Kheera,127,Common,0.0,285.0,800.0,1500.0,1200.0,0.0,0.0
2025-01-23 00:00:00+05:30,324,Bowenpally,3,Bowenpally,123,Ribbed Gourd,123,Common,0.0,443.0,600.0,1500.0,1200.0,0.0,0.0
2025-01-23 00:00:00+05:30,323,Gaddiannaram,2,L.B Nagar,155,Donda,155,Common,0.0,54.0,3000.0,4000.0,3500.0,0.0,0.0
2025-01-23 00:00:00+05:30,246,Warangal,886,Warangal,54,Chillies(Dry),250,Teja,0.0,3414.0,11000.0,14300.0,13000.0,0.0,0.0
2025-01-23 00:00:00+05:30,192,Jainath,26,Jainath,89,Papaya,89,Common,0.0,160.0,550.0,625.0,587.0,0.0,0.0
2025-01-21 00:00:00+05:30,367,Gudimalkapur,1571,Gudumalkapur,127,Kheera,127,Common,0.0,269.0,800.0,1500.0,1200.0,0.0,0.0
2025-01-22 00:00:00+05:30,323,Gaddiannaram,2,L.B Nagar,155,Donda,155,Common,0.0,66.0,3000.0,3500.0,3200.0,0.0,0.0
2025-01-22 00:00:00+05:30,324,Bowenpally,3,Bowenpally,123,Ribbed Gourd,123,Common,0.0,524.0,1000.0,3500.0,3000.0,0.0,0.0
2025-01-22 00:00:00+05:30,246,Warangal,886,Warangal,54,Chillies(Dry),250,Teja,0.0,3702.0,11500.0,14600.0,13000.0,0.0,0.0
2025-01-22 00:00:00+05:30,192,Jainath,26,Jainath,89,Papaya,89,Common,0.0,160.0,550.0,625.0,587.0,0.0,0.0
2025-01-21 00:00:00+05:30,246,Warangal,886,Warangal,54,Chillies(Dry),250,Teja,0.0,2463.0,12000.0,15300.0,14000.0,0.0,0.0
2025-01-21 00:00:00+05:30,192,Jainath,26,Jainath,89,Papaya,89,Common,0.0,160.0,550.0,625.0,587.0,0.0,0.0
2025-01-20 00:00:00+05:30,367,Gudimalkapur,1571,Gudumalkapur,127,Kheera,127,Common,0.0,267.0,900.0,1500.0,1000.0,0.0,0.0
2025-01-21 00:00:00+05:30,323,Gaddiannaram,2,L.B Nagar,155,Donda,155,Common,0.0,57.0,3000.0,3500.0,3200.0,0.0,0.0
2025-01-21 00:00:00+05:30,324,Bowenpally,3,Bowenpally,123,Ribbed Gourd,123,Common,0.0,398.0,800.0,2000.0,1600.0,0.0,0.0
2025-01-19 00:00:00+05:30,367,Gudimalkapur,1571,Gudumalkapur,127,Kheera,127,Common,0.0,403.0,800.0,1600.0,1000.0,0.0,0.0
2025-01-20 00:00:00+05:30,323,Gaddiannaram,2,L.B Nagar,155,Donda,155,Common,0.0,63.0,3000.0,4000.0,3500.0,0.0,0.0
2025-01-20 00:00:00+05:30,324,Bowenpally,3,Bowenpally,123,Ribbed Gourd,123,Common,0.0,410.0,700.0,1300.0,1100.0,0.0,0.0
2025-01-20 00:00:00+05:30,246,Warangal,886,Warangal,54,Chillies(Dry),250,Teja,0.0,3126.0,11000.0,14700.0,13500.0,0.0,0.0
2025-01-19 00:00:00+05:30,323,Gaddiannaram,2,L.B Nagar,155,Donda,155,Common,0.0,110.0,4000.0,4500.0,4200.0,0.0,0.0
2025-01-19 00:00:00+05:30,192,Jainath,26,Jainath,89,Papaya,89,Common,0.0,160.0,550.0,625.0,587.0,0.0,0.0
2025-01-19 00:00:00+05:30,324,Bowenpally,3,Bowenpally,123,Ribbed Gourd,123,Common,0.0,652.0,1000.0,1500.0,1400.0,0.0,0.0
2025-01-18 00:00:00+05:30,367,Gudimalkapur,1571,Gudumalkapur,127,Kheera,127,Common,0.0,490.0,1000.0,1800.0,1400.0,0.0,0.0
2025-01-18 00:00:00+05:30,324,Bowenpally,3,Bowenpally,123,Ribbed Gourd,123,Common,0.0,818.0,800.0,1700.0,1400.0,0.0,0.0
2025-01-18 00:00:00+05:30,323,Gaddiannaram,2,L.B Nagar,155,Donda,155,Common,0.0,53.0,4000.0,4500.0,4200.0,0.0,0.0
2025-01-17 00:00:00+05:30,323,Gaddiannaram,2,L.B Nagar,155,Donda,155,Common,0.0,54.0,4000.0,4500.0,4200.0,0.0,0.0
2025-01-17 00:00:00+05:30,324,Bowenpally,3,Bowenpally,123,Ribbed Gourd,123,Common,0.0,751.0,800.0,1500.0,1300.0,0.0,0.0
2025-01-17 00:00:00+05:30,192,Jainath,26,Jainath,89,Papaya,89,Common,0.0,260.0,550.0,625.0,587.0,0.0,0.0
2025-01-17 00:00:00+05:30,246,Warangal,886,Warangal,54,Chillies(Dry),250,Teja,0.0,1882.0,11000.0,14800.0,13000.0,0.0,0.0
2025-01-17 00:00:00+05:30,323,Gaddiannaram,1,Gaddiannaram,201,Nashpati(Pear),207,Common,0.0,1.0,6000.0,25000.0,12000.0,0.0,0.0
2025-01-16 00:00:00+05:30,289,Sadasivpet,1200,Sadasivapet,58,Coriander,58,Common,0.0,1.0,5500.0,5500.0,5500.0,0.0,0.0
2025-01-16 00:00:00+05:30,367,Gudimalkapur,1571,Gudumalkapur,127,Kheera,127,Common,0.0,267.0,1000.0,2200.0,1500.0,0.0,0.0
2025-01-16 00:00:00+05:30,323,Gaddiannaram,2,L.B Nagar,155,Donda,155,Common,0.0,22.0,4000.0,4500.0,4200.0,0.0,0.0
2025-01-16 00:00:00+05:30,324,Bowenpally,3,Bowenpally,123,Ribbed Gourd,123,Common,0.0,1010.0,500.0,1700.0,1300.0,0.0,0.0
2025-01-16 00:00:00+05:30,246,Warangal,886,Warangal,54,Chillies(Dry),250,Teja,0.0,1086.0,11000.0,14800.0,13000.0,0.0,0.0
2025-01-15 00:00:00+05:30,323,Gaddiannaram,1,Gaddiannaram,201,Nashpati(Pear),207,Common,0.0,6.0,600.0,25000.0,12000.0,0.0,0.0
2025-01-15 00:00:00+05:30,323,Gaddiannaram,2,L.B Nagar,155,Donda,155,Common,0.0,6.0,4000.0,4500.0,4200.0,0.0,0.0
2025-01-15 00:00:00+05:30,324,Bowenpally,3,Bowenpally,123,Ribbed Gourd,123,Common,0.0,231.0,800.0,2500.0,2000.0,0.0,0.0
2025-01-15 00:00:00+05:30,367,Gudimalkapur,1571,Gudumalkapur,127,Kheera,127,Common,0.0,355.0,800.0,2500.0,1500.0,0.0,0.0
2025-01-14 00:00:00+05:30,323,Gaddiannaram,1,Gaddiannaram,201,Nashpati(Pear),207,Common,0.0,28.0,6000.0,25000.0,12000.0,0.0,0.0
2025-01-14 00:00:00+05:30,367,Gudimalkapur,1571,Gudumalkapur,127,Kheera,127,Common,0.0,192.0,1000.0,2200.0,1500.0,0.0,0.0
2025-01-14 00:00:00+05:30,324,Bowenpally,3,Bowenpally,123,Ribbed Gourd,123,Common,0.0,227.0,1000.0,2500.0,2000.0,0.0,0.0
2025-01-14 00:00:00+05:30,323,Gaddiannaram,2,L.B Nagar,155,Donda,155,Common,0.0,8.0,4000.0,4500.0,4200.0,0.0,0.0
2025-01-13 00:00:00+05:30,367,Gudimalkapur,1571,Gudumalkapur,127,Kheera,127,Common,0.0,373.0,1000.0,2200.0,1600.0,0.0,0.0
2025-01-13 00:00:00+05:30,324,Bowenpally,3,Bowenpally,123,Ribbed Gourd,123,Common,0.0,272.0,1000.0,3000.0,2500.0,0.0,0.0
2025-01-12 00:00:00+05:30,367,Gudimalkapur,1571,Gudumalkapur,127,Kheera,127,Common,0.0,360.0,800.0,2200.0,600.0,0.0,0.0
2025-01-13 00:00:00+05:30,323,Gaddiannaram,2,L.B Nagar,155,Donda,155,Common,0.0,32.0,4000.0,4500.0,4200.0,0.0,0.0
2025-01-11 00:00:00+05:30,367,Gudimalkapur,1571,Gudumalkapur,127,Kheera,127,Common,0.0,346.0,1800.0,2500.0,2000.0,0.0,0.0
2025-01-12 00:00:00+05:30,324,Bowenpally,3,Bowenpally,123,Ribbed Gourd,123,Common,0.0,790.0,1000.0,2500.0,2000.0,0.0,0.0
2025-01-11 00:00:00+05:30,324,Bowenpally,3,Bowenpally,123,Ribbed Gourd,123,Common,0.0,565.0,1000.0,3000.0,2500.0,0.0,0.0
2025-01-11 00:00:00+05:30,323,Gaddiannaram,2,L.B Nagar,155,Donda,155,Common,0.0,27.0,4000.0,5000.0,4200.0,0.0,0.0
2025-01-10 00:00:00+05:30,367,Gudimalkapur,1571,Gudumalkapur,127,Kheera,127,Common,0.0,95.0,800.0,2000.0,1500.0,0.0,0.0
2025-01-10 00:00:00+05:30,219,Jagtial,1125,Jagtial,195,Lobha,236,Seed,0.0,1.0,7272.0,7272.0,7272.0,0.0,0.0
2025-01-10 00:00:00+05:30,246,Warangal,886,Warangal,54,Chillies(Dry),250,Teja,0.0,2166.0,12000.0,15000.0,14000.0,0.0,0.0
2025-01-10 00:00:00+05:30,323,Gaddiannaram,2,L.B Nagar,155,Donda,155,Common,0.0,25.0,4000.0,4500.0,4200.0,0.0,0.0
2025-01-10 00:00:00+05:30,324,Bowenpally,3,Bowenpally,123,Ribbed Gourd,123,Common,0.0,374.0,1500.0,4500.0,3500.0,0.0,0.0
2025-01-09 00:00:00+05:30,367,Gudimalkapur,1571,Gudumalkapur,127,Kheera,127,Common,0.0,319.0,1500.0,2500.0,2000.0,0.0,0.0
2025-01-09 00:00:00+05:30,324,Bowenpally,3,Bowenpally,123,Ribbed Gourd,123,Common,0.0,450.0,1500.0,3000.0,2600.0,0.0,0.0
2025-01-09 00:00:00+05:30,323,Gaddiannaram,1,Gaddiannaram,201,Nashpati(Pear),207,Common,0.0,3.0,6000.0,25000.0,12000.0,0.0,0.0
2025-01-09 00:00:00+05:30,323,Gaddiannaram,2,L.B Nagar,155,Donda,155,Common,0.0,20.0,4000.0,4500.0,4200.0,0.0,0.0
2025-01-09 00:00:00+05:30,246,Warangal,886,Warangal,54,Chillies(Dry),250,Teja,0.0,1525.0,12000.0,15300.0,14000.0,0.0,0.0
2025-01-08 00:00:00+05:30,367,Gudimalkapur,1571,Gudumalkapur,127,Kheera,127,Common,0.0,245.0,1300.0,2500.0,2000.0,0.0,0.0
2025-01-08 00:00:00+05:30,324,Bowenpally,3,Bowenpally,123,Ribbed Gourd,123,Common,0.0,443.0,1000.0,2500.0,2000.0,0.0,0.0
2025-01-08 00:00:00+05:30,323,Gaddiannaram,1,Gaddiannaram,201,Nashpati(Pear),207,Common,0.0,4.0,6000.0,25000.0,12000.0,0.0,0.0
2025-01-08 00:00:00+05:30,323,Gaddiannaram,2,L.B Nagar,155,Donda,155,Common,0.0,22.0,4000.0,4500.0,4200.0,0.0,0.0
2025-01-08 00:00:00+05:30,246,Warangal,886,Warangal,54,Chillies(Dry),250,Teja,0.0,1523.0,11000.0,14900.0,13500.0,0.0,0.0
2025-01-07 00:00:00+05:30,367,Gudimalkapur,1571,Gudumalkapur,127,Kheera,127,Common,0.0,266.0,1200.0,2200.0,1500.0,0.0,0.0
2025-01-07 00:00:00+05:30,324,Bowenpally,3,Bowenpally,123,Ribbed Gourd,123,Common,0.0,371.0,1500.0,4000.0,3000.0,0.0,0.0
2025-01-07 00:00:00+05:30,323,Gaddiannaram,2,L.B Nagar,155,Donda,155,Common,0.0,31.0,4000.0,4500.0,4200.0,0.0,0.0
2025-01-07 00:00:00+05:30,246,Warangal,886,Warangal,54,Chillies(Dry),250,Teja,0.0,1634.0,11000.0,14500.0,13000.0,0.0,0.0
2025-01-06 00:00:00+05:30,367,Gudimalkapur,1571,Gudumalkapur,127,Kheera,127,Common,0.0,266.0,1200.0,2500.0,1600.0,0.0,0.0
2025-01-06 00:00:00+05:30,324,Bowenpally,3,Bowenpally,123,Ribbed Gourd,123,Common,0.0,311.0,1500.0,3300.0,2800.0,0.0,0.0
2025-01-06 00:00:00+05:30,323,Gaddiannaram,2,L.B Nagar,155,Donda,155,Common,0.0,20.0,4000.0,4500.0,4200.0,0.0,0.0
2025-01-06 00:00:00+05:30,246,Warangal,886,Warangal,54,Chillies(Dry),250,Teja,0.0,2300.0,12000.0,15500.0,14000.0,0.0,0.0
2025-01-05 00:00:00+05:30,367,Gudimalkapur,1571,Gudumalkapur,127,Kheera,127,Common,0.0,321.0,1300.0,2000.0,1500.0,0.0,0.0
2025-01-06 00:00:00+05:30,323,Gaddiannaram,1,Gaddiannaram,201,Nashpati(Pear),207,Common,0.0,47.0,6000.0,25000.0,12000.0,0.0,0.0
2025-01-04 00:00:00+05:30,367,Gudimalkapur,1571,Gudumalkapur,127,Kheera,127,Common,0.0,215.0,600.0,1500.0,1000.0,0.0,0.0
2025-01-05 00:00:00+05:30,324,Bowenpally,3,Bowenpally,123,Ribbed Gourd,123,Common,0.0,405.0,1000.0,1500.0,1400.0,0.0,0.0
2025-01-05 00:00:00+05:30,323,Gaddiannaram,2,L.B Nagar,155,Donda,155,Common,0.0,25.0,3000.0,5000.0,4000.0,0.0,0.0
2025-01-04 00:00:00+05:30,323,Gaddiannaram,2,L.B Nagar,155,Donda,155,Common,0.0,37.0,3000.0,5000.0,4000.0,0.0,0.0
2025-01-03 00:00:00+05:30,367,Gudimalkapur,1571,Gudumalkapur,127,Kheera,127,Common,0.0,113.0,800.0,1500.0,1000.0,0.0,0.0
2025-01-04 00:00:00+05:30,324,Bowenpally,3,Bowenpally,123,Ribbed Gourd,123,Common,0.0,459.0,800.0,2000.0,1700.0,0.0,0.0
2025-01-03 00:00:00+05:30,323,Gaddiannaram,1,Gaddiannaram,201,Nashpati(Pear),207,Common,0.0,5.0,6000.0,25000.0,12000.0,0.0,0.0
2025-01-03 00:00:00+05:30,323,Gaddiannaram,2,L.B Nagar,155,Donda,155,Common,0.0,37.0,3000.0,5000.0,4000.0,0.0,0.0
2025-01-03 00:00:00+05:30,324,Bowenpally,3,Bowenpally,123,Ribbed Gourd,123,Common,0.0,629.0,800.0,2000.0,1600.0,0.0,0.0
2025-01-02 00:00:00+05:30,367,Gudimalkapur,1571,Gudumalkapur,127,Kheera,127,Common,0.0,455.0,1000.0,2000.0,1200.0,0.0,0.0
2025-01-03 00:00:00+05:30,246,Warangal,886,Warangal,54,Chillies(Dry),250,Teja,0.0,1656.0,12000.0,15500.0,14000.0,0.0,0.0
2025-01-02 00:00:00+05:30,246,Warangal,886,Warangal,54,Chillies(Dry),250,Teja,0.0,1033.0,12000.0,15500.0,14000.0,0.0,0.0
2025-01-02 00:00:00+05:30,323,Gaddiannaram,2,L.B Nagar,155,Donda,155,Common,0.0,30.0,3000.0,4000.0,3500.0,0.0,0.0
2025-01-02 00:00:00+05:30,324,Bowenpally,3,Bowenpally,123,Ribbed Gourd,123,Common,0.0,660.0,800.0,1600.0,1200.0,0.0,0.0
2025-01-01 00:00:00+05:30,323,Gaddiannaram,1,Gaddiannaram,201,Nashpati(Pear),207,Common,0.0,3.0,8000.0,20000.0,13000.0,0.0,0.0
2025-01-31 00:00:00+05:30,367,Gudimalkapur,1571,Gudumalkapur,127,Kheera,127,Common,0.0,208.0,1000.0,1500.0,1200.0,0.0,0.0
2025-01-31 00:00:00+05:30,324,Bowenpally,3,Bowenpally,123,Ribbed Gourd,123,Common,0.0,634.0,1000.0,3000.0,2500.0,0.0,0.0
2025-01-31 00:00:00+05:30,323,Gaddiannaram,1,Gaddiannaram,201,Nashpati(Pear),207,Common,0.0,4.0,6000.0,25000.0,12000.0,0.0,0.0
2025-01-31 00:00:00+05:30,323,Gaddiannaram,2,L.B Nagar,155,Donda,155,Common,0.0,83.0,2000.0,3000.0,2500.0,0.0,0.0
2025-01-30 00:00:00+05:30,367,Gudimalkapur,1571,Gudumalkapur,127,Kheera,127,Common,0.0,614.0,1000.0,1800.0,1500.0,0.0,0.0
2025-01-30 00:00:00+05:30,192,Jainath,26,Jainath,89,Papaya,89,Common,0.0,160.0,550.0,625.0,587.0,0.0,0.0
2025-01-30 00:00:00+05:30,323,Gaddiannaram,1,Gaddiannaram,201,Nashpati(Pear),207,Common,0.0,5.0,6000.0,25000.0,12000.0,0.0,0.0
2025-01-30 00:00:00+05:30,323,Gaddiannaram,2,L.B Nagar,155,Donda,155,Common,0.0,73.0,3000.0,4000.0,3500.0,0.0,0.0
2025-01-30 00:00:00+05:30,324,Bowenpally,3,Bowenpally,123,Ribbed Gourd,123,Common,0.0,457.0,800.0,1800.0,1400.0,0.0,0.0
2025-01-28 00:00:00+05:30,367,Gudimalkapur,1571,Gudumalkapur,127,Kheera,127,Common,0.0,472.0,1300.0,2000.0,1500.0,0.0,0.0
2025-01-28 00:00:00+05:30,323,Gaddiannaram,2,L.B Nagar,155,Donda,155,Common,0.0,70.0,3000.0,4000.0,3500.0,0.0,0.0
2025-01-28 00:00:00+05:30,246,Warangal,886,Warangal,54,Chillies(Dry),250,Teja,0.0,4006.0,11500.0,14000.0,13000.0,0.0,0.0
2025-01-27 00:00:00+05:30,367,Gudimalkapur,1571,Gudumalkapur,127,Kheera,127,Common,0.0,391.0,800.0,2000.0,1500.0,0.0,0.0
2025-01-27 00:00:00+05:30,192,Jainath,26,Jainath,89,Papaya,89,Common,0.0,160.0,550.0,625.0,587.0,0.0,0.0
2025-01-27 00:00:00+05:30,212,Choppadandi,1123,Choppadandi,118,Field Beans,118,Common,0.0,1.0,9292.0,9292.0,9292.0,0.0,0.0
2025-01-27 00:00:00+05:30,323,Gaddiannaram,1,Gaddiannaram,201,Nashpati(Pear),207,Common,0.0,3.0,6000.0,25000.0,12000.0,0.0,0.0
2025-01-27 00:00:00+05:30,323,Gaddiannaram,2,L.B Nagar,155,Donda,155,Common,0.0,75.0,3000.0,4000.0,3500.0,0.0,0.0
2025-01-26 00:00:00+05:30,192,Jainath,26,Jainath,89,Papaya,89,Common,0.0,160.0,550.0,625.0,587.0,0.0,0.0
2025-01-27 00:00:00+05:30,246,Warangal,886,Warangal,54,Chillies(Dry),250,Teja,0.0,4442.0,11000.0,14000.0,13000.0,0.0,0.0
2025-01-26 00:00:00+05:30,367,Gudimalkapur,1571,Gudumalkapur,127,Kheera,127,Common,0.0,287.0,1300.0,1800.0,1500.0,0.0,0.0
2025-01-26 00:00:00+05:30,323,Gaddiannaram,1,Gaddiannaram,201,Nashpati(Pear),207,Common,0.0,1.0,6000.0,25000.0,12000.0,0.0,0.0
2025-01-26 00:00:00+05:30,323,Gaddiannaram,2,L.B Nagar,155,Donda,155,Common,0.0,72.0,3000.0,4000.0,3500.0,0.0,0.0
2025-01-26 00:00:00+05:30,324,Bowenpally,3,Bowenpally,123,Ribbed Gourd,123,Common,0.0,589.0,800.0,1500.0,1300.0,0.0,0.0
2025-01-25 00:00:00+05:30,367,Gudimalkapur,1571,Gudumalkapur,127,Kheera,127,Common,0.0,264.0,1000.0,1600.0,1300.0,0.0,0.0
2025-01-01 00:00:00+05:30,323,Gaddiannaram,1,Gaddiannaram,202,Plum(Aloobukara),206,Common,0.0,1.0,2850.0,8550.0,5700.0,0.0,0.0
2025-01-01 00:00:00+05:30,331,Vantimamidi,1612,Vantimamidi,127,Kheera,127,Common,0.0,29.0,500.0,800.0,650.0,0.0,0.0
2025-01-02 00:00:00+05:30,324,Bowenpally,3,Bowenpally,125,Bitter Gourd,125,Common,0.0,334.0,600.0,3000.0,2500.0,0.0,0.0
2025-01-02 00:00:00+05:30,323,Gaddiannaram,2,L.B Nagar,198,Arati-Green Plantain,203,Common,0.0,15.0,2000.0,3000.0,2500.0,0.0,0.0
2025-01-02 00:00:00+05:30,367,Gudimalkapur,1571,Gudumalkapur,128,Pumpkin,128,Common,0.0,44.0,1000.0,1200.0,1000.0,0.0,0.0
2025-01-02 00:00:00+05:30,331,Vantimamidi,1612,Vantimamidi,127,Kheera,127,Common,0.0,66.0,400.0,800.0,600.0,0.0,0.0
2025-01-03 00:00:00+05:30,324,Bowenpally,3,Bowenpally,125,Bitter Gourd,125,Common,0.0,872.0,1000.0,3000.0,2500.0,0.0,0.0
2025-01-03 00:00:00+05:30,323,Gaddiannaram,2,L.B Nagar,198,Arati-Green Plantain,203,Common,0.0,14.0,2000.0,3000.0,2500.0,0.0,0.0
2025-01-03 00:00:00+05:30,323,Gaddiannaram,1,Gaddiannaram,202,Plum(Aloobukara),206,Common,0.0,5.0,7100.0,14250.0,8550.0,0.0,0.0
2025-01-04 00:00:00+05:30,324,Bowenpally,3,Bowenpally,125,Bitter Gourd,125,Common,0.0,964.0,600.0,3000.0,2400.0,0.0,0.0
2025-01-04 00:00:00+05:30,323,Gaddiannaram,1,Gaddiannaram,202,Plum(Aloobukara),206,Common,0.0,1.0,7100.0,14250.0,8550.0,0.0,0.0
2025-01-03 00:00:00+05:30,331,Vantimamidi,1612,Vantimamidi,127,Kheera,127,Common,0.0,48.0,700.0,900.0,800.0,0.0,0.0
2025-01-03 00:00:00+05:30,367,Gudimalkapur,1571,Gudumalkapur,128,Pumpkin,128,Common,0.0,17.0,900.0,1200.0,1000.0,0.0,0.0
2025-01-04 00:00:00+05:30,323,Gaddiannaram,2,L.B Nagar,198,Arati-Green Plantain,203,Common,0.0,14.0,2000.0,3000.0,2500.0,0.0,0.0
2025-01-05 00:00:00+05:30,323,Gaddiannaram,2,L.B Nagar,198,Arati-Green Plantain,203,Common,0.0,16.0,2000.0,3000.0,2500.0,0.0,0.0
2025-01-05 00:00:00+05:30,324,Bowenpally,3,Bowenpally,125,Bitter Gourd,125,Common,0.0,663.0,1000.0,3000.0,2500.0,0.0,0.0
2025-01-04 00:00:00+05:30,367,Gudimalkapur,1571,Gudumalkapur,128,Pumpkin,128,Common,0.0,50.0,1000.0,1200.0,1000.0,0.0,0.0
2025-01-04 00:00:00+05:30,331,Vantimamidi,1612,Vantimamidi,127,Kheera,127,Common,0.0,20.0,900.0,1000.0,800.0,0.0,0.0
2025-01-06 00:00:00+05:30,323,Gaddiannaram,1,Gaddiannaram,202,Plum(Aloobukara),206,Common,0.0,10.0,7100.0,14250.0,8550.0,0.0,0.0
2025-01-05 00:00:00+05:30,331,Vantimamidi,1612,Vantimamidi,127,Kheera,127,Common,0.0,22.0,800.0,1100.0,950.0,0.0,0.0
2025-01-05 00:00:00+05:30,367,Gudimalkapur,1571,Gudumalkapur,128,Pumpkin,128,Common,0.0,23.0,700.0,900.0,800.0,0.0,0.0
2025-01-05 00:00:00+05:30,323,Gaddiannaram,1,Gaddiannaram,202,Plum(Aloobukara),206,Common,0.0,4.0,7100.0,14250.0,8550.0,0.0,0.0
2025-01-06 00:00:00+05:30,323,Gaddiannaram,2,L.B Nagar,198,Arati-Green Plantain,203,Common,0.0,10.0,2000.0,3000.0,2500.0,0.0,0.0
2025-01-06 00:00:00+05:30,324,Bowenpally,3,Bowenpally,125,Bitter Gourd,125,Common,0.0,573.0,1000.0,3300.0,2800.0,0.0,0.0
2025-01-06 00:00:00+05:30,367,Gudimalkapur,1571,Gudumalkapur,128,Pumpkin,128,Common,0.0,19.0,800.0,1000.0,800.0,0.0,0.0
2025-01-06 00:00:00+05:30,331,Vantimamidi,1612,Vantimamidi,127,Kheera,127,Common,0.0,32.0,900.0,1200.0,1050.0,0.0,0.0
2025-01-07 00:00:00+05:30,323,Gaddiannaram,2,L.B Nagar,198,Arati-Green Plantain,203,Common,0.0,11.0,2000.0,3000.0,2500.0,0.0,0.0
2025-01-07 00:00:00+05:30,324,Bowenpally,3,Bowenpally,125,Bitter Gourd,125,Common,0.0,323.0,1000.0,4000.0,3000.0,0.0,0.0
2025-01-07 00:00:00+05:30,367,Gudimalkapur,1571,Gudumalkapur,128,Pumpkin,128,Common,0.0,36.0,800.0,1200.0,900.0,0.0,0.0
2025-01-07 00:00:00+05:30,331,Vantimamidi,1612,Vantimamidi,127,Kheera,127,Common,0.0,15.0,800.0,1200.0,1000.0,0.0,0.0
2025-01-08 00:00:00+05:30,323,Gaddiannaram,2,L.B Nagar,198,Arati-Green Plantain,203,Common,0.0,14.0,2000.0,3000.0,2500.0,0.0,0.0
2025-01-08 00:00:00+05:30,323,Gaddiannaram,1,Gaddiannaram,202,Plum(Aloobukara),206,Common,0.0,1.0,7100.0,14250.0,8550.0,0.0,0.0
2025-01-08 00:00:00+05:30,324,Bowenpally,3,Bowenpally,125,Bitter Gourd,125,Common,0.0,578.0,1000.0,4000.0,3000.0,0.0,0.0
2025-01-08 00:00:00+05:30,367,Gudimalkapur,1571,Gudumalkapur,128,Pumpkin,128,Common,0.0,3.0,900.0,1200.0,1000.0,0.0,0.0
2025-01-08 00:00:00+05:30,331,Vantimamidi,1612,Vantimamidi,127,Kheera,127,Common,0.0,29.0,900.0,1300.0,1100.0,0.0,0.0
2025-01-09 00:00:00+05:30,323,Gaddiannaram,2,L.B Nagar,198,Arati-Green Plantain,203,Common,0.0,14.0,2000.0,3000.0,2500.0,0.0,0.0
2025-01-09 00:00:00+05:30,323,Gaddiannaram,1,Gaddiannaram,202,Plum(Aloobukara),206,Common,0.0,2.0,7100.0,14250.0,8550.0,0.0,0.0
2025-01-09 00:00:00+05:30,324,Bowenpally,3,Bowenpally,125,Bitter Gourd,125,Common,0.0,627.0,1000.0,4000.0,3000.0,0.0,0.0
2025-01-09 00:00:00+05:30,367,Gudimalkapur,1571,Gudumalkapur,128,Pumpkin,128,Common,0.0,24.0,800.0,1200.0,900.0,0.0,0.0
2025-01-09 00:00:00+05:30,331,Vantimamidi,1612,Vantimamidi,127,Kheera,127,Common,0.0,18.0,900.0,1300.0,1100.0,0.0,0.0
2025-01-10 00:00:00+05:30,324,Bowenpally,3,Bowenpally,125,Bitter Gourd,125,Common,0.0,568.0,1000.0,4000.0,3000.0,0.0,0.0
2025-01-10 00:00:00+05:30,323,Gaddiannaram,2,L.B Nagar,198,Arati-Green Plantain,203,Common,0.0,12.0,2000.0,3000.0,2500.0,0.0,0.0
2025-01-10 00:00:00+05:30,367,Gudimalkapur,1571,Gudumalkapur,128,Pumpkin,128,Common,0.0,11.0,1000.0,1000.0,1000.0,0.0,0.0
2025-01-10 00:00:00+05:30,331,Vantimamidi,1612,Vantimamidi,127,Kheera,127,Common,0.0,23.0,800.0,1200.0,1000.0,0.0,0.0
2025-01-11 00:00:00+05:30,323,Gaddiannaram,2,L.B Nagar,198,Arati-Green Plantain,203,Common,0.0,10.0,2000.0,3000.0,2500.0,0.0,0.0
2025-01-11 00:00:00+05:30,324,Bowenpally,3,Bowenpally,125,Bitter Gourd,125,Common,0.0,633.0,1000.0,4000.0,3000.0,0.0,0.0
2025-01-12 00:00:00+05:30,324,Bowenpally,3,Bowenpally,125,Bitter Gourd,125,Common,0.0,611.0,1000.0,3300.0,2800.0,0.0,0.0
2025-01-11 00:00:00+05:30,367,Gudimalkapur,1571,Gudumalkapur,128,Pumpkin,128,Common,0.0,48.0,800.0,1000.0,900.0,0.0,0.0
2025-01-11 00:00:00+05:30,331,Vantimamidi,1612,Vantimamidi,127,Kheera,127,Common,0.0,14.0,800.0,1300.0,1050.0,0.0,0.0
2025-01-13 00:00:00+05:30,323,Gaddiannaram,2,L.B Nagar,198,Arati-Green Plantain,203,Common,0.0,3.0,3000.0,3000.0,3000.0,0.0,0.0
2025-01-12 00:00:00+05:30,331,Vantimamidi,1612,Vantimamidi,127,Kheera,127,Common,0.0,45.0,800.0,1500.0,1150.0,0.0,0.0
2025-01-12 00:00:00+05:30,367,Gudimalkapur,1571,Gudumalkapur,128,Pumpkin,128,Common,0.0,15.0,800.0,1000.0,9000.0,0.0,0.0
2025-01-13 00:00:00+05:30,324,Bowenpally,3,Bowenpally,125,Bitter Gourd,125,Common,0.0,147.0,500.0,3300.0,2800.0,0.0,0.0
2025-01-13 00:00:00+05:30,367,Gudimalkapur,1571,Gudumalkapur,128,Pumpkin,128,Common,0.0,50.0,1000.0,1200.0,1100.0,0.0,0.0
2025-01-14 00:00:00+05:30,323,Gaddiannaram,2,L.B Nagar,198,Arati-Green Plantain,203,Common,0.0,2.0,3000.0,3000.0,3000.0,0.0,0.0
2025-01-13 00:00:00+05:30,331,Vantimamidi,1612,Vantimamidi,127,Kheera,127,Common,0.0,20.0,800.0,1000.0,900.0,0.0,0.0
2025-01-14 00:00:00+05:30,324,Bowenpally,3,Bowenpally,125,Bitter Gourd,125,Common,0.0,50.0,500.0,3300.0,2800.0,0.0,0.0
2025-01-14 00:00:00+05:30,367,Gudimalkapur,1571,Gudumalkapur,128,Pumpkin,128,Common,0.0,10.0,900.0,1100.0,1000.0,0.0,0.0
2025-01-15 00:00:00+05:30,367,Gudimalkapur,1571,Gudumalkapur,128,Pumpkin,128,Common,0.0,11.0,1000.0,1000.0,1000.0,0.0,0.0
2025-01-14 00:00:00+05:30,331,Vantimamidi,1612,Vantimamidi,127,Kheera,127,Common,0.0,27.0,800.0,1200.0,1000.0,0.0,0.0
2025-01-15 00:00:00+05:30,331,Vantimamidi,1612,Vantimamidi,127,Kheera,127,Common,0.0,33.0,800.0,1100.0,950.0,0.0,0.0
2025-01-15 00:00:00+05:30,324,Bowenpally,3,Bowenpally,125,Bitter Gourd,125,Common,0.0,146.0,600.0,4000.0,3000.0,0.0,0.0
2025-01-15 00:00:00+05:30,323,Gaddiannaram,2,L.B Nagar,198,Arati-Green Plantain,203,Common,0.0,1.0,3000.0,3000.0,3000.0,0.0,0.0
2025-01-15 00:00:00+05:30,323,Gaddiannaram,1,Gaddiannaram,202,Plum(Aloobukara),206,Common,0.0,4.0,7100.0,14250.0,8550.0,0.0,0.0
2025-01-16 00:00:00+05:30,246,Warangal,886,Warangal,54,Chillies(Dry),251,Wonderhot,0.0,176.0,10000.0,13000.0,12000.0,0.0,0.0
2025-01-16 00:00:00+05:30,324,Bowenpally,3,Bowenpally,125,Bitter Gourd,125,Common,0.0,354.0,500.0,3300.0,2400.0,0.0,0.0
2025-01-16 00:00:00+05:30,323,Gaddiannaram,2,L.B Nagar,198,Arati-Green Plantain,203,Common,0.0,3.0,2000.0,3000.0,2500.0,0.0,0.0
2025-01-16 00:00:00+05:30,367,Gudimalkapur,1571,Gudumalkapur,128,Pumpkin,128,Common,0.0,7.0,900.0,1200.0,1000.0,0.0,0.0
2025-01-16 00:00:00+05:30,331,Vantimamidi,1612,Vantimamidi,127,Kheera,127,Common,0.0,35.0,800.0,1100.0,950.0,0.0,0.0
2025-01-17 00:00:00+05:30,246,Warangal,886,Warangal,54,Chillies(Dry),251,Wonderhot,0.0,123.0,9500.0,12000.0,11000.0,0.0,0.0
2025-01-17 00:00:00+05:30,324,Bowenpally,3,Bowenpally,125,Bitter Gourd,125,Common,0.0,677.0,1000.0,4000.0,3500.0,0.0,0.0
2025-01-17 00:00:00+05:30,323,Gaddiannaram,2,L.B Nagar,198,Arati-Green Plantain,203,Common,0.0,3.0,2000.0,3000.0,2500.0,0.0,0.0
2025-01-18 00:00:00+05:30,323,Gaddiannaram,2,L.B Nagar,198,Arati-Green Plantain,203,Common,0.0,3.0,2000.0,3000.0,2500.0,0.0,0.0
2025-01-18 00:00:00+05:30,324,Bowenpally,3,Bowenpally,125,Bitter Gourd,125,Common,0.0,1469.0,1000.0,4000.0,3000.0,0.0,0.0
2025-01-17 00:00:00+05:30,331,Vantimamidi,1612,Vantimamidi,127,Kheera,127,Common,0.0,36.0,500.0,1300.0,900.0,0.0,0.0
2025-01-18 00:00:00+05:30,367,Gudimalkapur,1571,Gudumalkapur,128,Pumpkin,128,Common,0.0,63.0,800.0,1000.0,900.0,0.0,0.0
2025-01-19 00:00:00+05:30,324,Bowenpally,3,Bowenpally,125,Bitter Gourd,125,Common,0.0,1147.0,1000.0,3300.0,2600.0,0.0,0.0
2025-01-18 00:00:00+05:30,331,Vantimamidi,1612,Vantimamidi,127,Kheera,127,Common,0.0,45.0,700.0,1200.0,950.0,0.0,0.0
2025-01-19 00:00:00+05:30,323,Gaddiannaram,2,L.B Nagar,198,Arati-Green Plantain,203,Common,0.0,14.0,2500.0,2000.0,3000.0,0.0,0.0
2025-01-20 00:00:00+05:30,246,Warangal,886,Warangal,54,Chillies(Dry),251,Wonderhot,0.0,245.0,9500.0,12700.0,11500.0,0.0,0.0
2025-01-20 00:00:00+05:30,324,Bowenpally,3,Bowenpally,125,Bitter Gourd,125,Common,0.0,744.0,1000.0,3000.0,2500.0,0.0,0.0
2025-01-20 00:00:00+05:30,323,Gaddiannaram,2,L.B Nagar,198,Arati-Green Plantain,203,Common,0.0,11.0,2000.0,2500.0,2200.0,0.0,0.0
2025-01-19 00:00:00+05:30,367,Gudimalkapur,1571,Gudumalkapur,128,Pumpkin,128,Common,0.0,23.0,800.0,1000.0,900.0,0.0,0.0
2025-01-19 00:00:00+05:30,331,Vantimamidi,1612,Vantimamidi,127,Kheera,127,Common,0.0,23.0,500.0,1000.0,750.0,0.0,0.0
2025-01-21 00:00:00+05:30,324,Bowenpally,3,Bowenpally,125,Bitter Gourd,125,Common,0.0,603.0,400.0,2600.0,2000.0,0.0,0.0
2025-01-21 00:00:00+05:30,323,Gaddiannaram,2,L.B Nagar,198,Arati-Green Plantain,203,Common,0.0,16.0,2000.0,3000.0,2500.0,0.0,0.0
2025-01-21 00:00:00+05:30,323,Gaddiannaram,1,Gaddiannaram,202,Plum(Aloobukara),206,Common,0.0,49.0,7100.0,14250.0,8550.0,0.0,0.0
2025-01-20 00:00:00+05:30,367,Gudimalkapur,1571,Gudumalkapur,128,Pumpkin,128,Common,0.0,34.0,800.0,1000.0,900.0,0.0,0.0
2025-01-20 00:00:00+05:30,331,Vantimamidi,1612,Vantimamidi,127,Kheera,127,Common,0.0,13.0,900.0,1200.0,1050.0,0.0,0.0
2025-01-21 00:00:00+05:30,246,Warangal,886,Warangal,54,Chillies(Dry),251,Wonderhot,0.0,358.0,10000.0,13500.0,12000.0,0.0,0.0
2025-01-22 00:00:00+05:30,246,Warangal,886,Warangal,54,Chillies(Dry),251,Wonderhot,0.0,165.0,12000.0,15000.0,14000.0,0.0,0.0
2025-01-22 00:00:00+05:30,324,Bowenpally,3,Bowenpally,125,Bitter Gourd,125,Common,0.0,446.0,1000.0,2700.0,2100.0,0.0,0.0
2025-01-22 00:00:00+05:30,323,Gaddiannaram,2,L.B Nagar,198,Arati-Green Plantain,203,Common,0.0,3.0,2000.0,3000.0,2500.0,0.0,0.0
2025-01-21 00:00:00+05:30,367,Gudimalkapur,1571,Gudumalkapur,128,Pumpkin,128,Common,0.0,38.0,800.0,1000.0,900.0,0.0,0.0
2025-01-21 00:00:00+05:30,331,Vantimamidi,1612,Vantimamidi,127,Kheera,127,Common,0.0,12.0,1000.0,1500.0,1250.0,0.0,0.0
2025-01-23 00:00:00+05:30,246,Warangal,886,Warangal,54,Chillies(Dry),251,Wonderhot,0.0,268.0,10000.0,13500.0,12000.0,0.0,0.0
2025-01-23 00:00:00+05:30,323,Gaddiannaram,2,L.B Nagar,198,Arati-Green Plantain,203,Common,0.0,16.0,2000.0,3000.0,2500.0,0.0,0.0
2025-01-23 00:00:00+05:30,324,Bowenpally,3,Bowenpally,125,Bitter Gourd,125,Common,0.0,540.0,1000.0,3300.0,2500.0,0.0,0.0
2025-01-22 00:00:00+05:30,367,Gudimalkapur,1571,Gudumalkapur,128,Pumpkin,128,Common,0.0,6.0,800.0,1000.0,900.0,0.0,0.0
2025-01-22 00:00:00+05:30,331,Vantimamidi,1612,Vantimamidi,127,Kheera,127,Common,0.0,9.0,900.0,1200.0,1050.0,0.0,0.0
2025-01-24 00:00:00+05:30,324,Bowenpally,3,Bowenpally,125,Bitter Gourd,125,Common,0.0,572.0,1000.0,3300.0,2600.0,0.0,0.0
2025-01-24 00:00:00+05:30,323,Gaddiannaram,2,L.B Nagar,198,Arati-Green Plantain,203,Common,0.0,13.0,2000.0,3000.0,2500.0,0.0,0.0
2025-01-24 00:00:00+05:30,323,Gaddiannaram,1,Gaddiannaram,202,Plum(Aloobukara),206,Common,0.0,2.0,7100.0,14250.0,8550.0,0.0,0.0
2025-01-23 00:00:00+05:30,367,Gudimalkapur,1571,Gudumalkapur,128,Pumpkin,128,Common,0.0,42.0,700.0,900.0,800.0,0.0,0.0
2025-01-23 00:00:00+05:30,331,Vantimamidi,1612,Vantimamidi,127,Kheera,127,Common,0.0,25.0,600.0,1000.0,800.0,0.0,0.0
2025-01-24 00:00:00+05:30,246,Warangal,886,Warangal,54,Chillies(Dry),251,Wonderhot,0.0,197.0,10000.0,14000.0,12500.0,0.0,0.0
2025-01-25 00:00:00+05:30,324,Bowenpally,3,Bowenpally,125,Bitter Gourd,125,Common,0.0,1044.0,500.0,3300.0,2400.0,0.0,0.0
2025-01-25 00:00:00+05:30,323,Gaddiannaram,2,L.B Nagar,198,Arati-Green Plantain,203,Common,0.0,13.0,2000.0,3000.0,2500.0,0.0,0.0
2025-01-24 00:00:00+05:30,367,Gudimalkapur,1571,Gudumalkapur,128,Pumpkin,128,Common,0.0,5.0,600.0,600.0,600.0,0.0,0.0
2025-01-24 00:00:00+05:30,331,Vantimamidi,1612,Vantimamidi,127,Kheera,127,Common,0.0,7.0,700.0,1000.0,850.0,0.0,0.0
2025-01-25 00:00:00+05:30,367,Gudimalkapur,1571,Gudumalkapur,128,Pumpkin,128,Common,0.0,6.0,1000.0,1000.0,1000.0,0.0,0.0
2025-01-25 00:00:00+05:30,331,Vantimamidi,1612,Vantimamidi,127,Kheera,127,Common,0.0,3.0,800.0,1200.0,1000.0,0.0,0.0
2025-01-26 00:00:00+05:30,324,Bowenpally,3,Bowenpally,125,Bitter Gourd,125,Common,0.0,1241.0,1000.0,3300.0,2600.0,0.0,0.0
2025-01-26 00:00:00+05:30,323,Gaddiannaram,2,L.B Nagar,198,Arati-Green Plantain,203,Common,0.0,13.0,2000.0,3000.0,2500.0,0.0,0.0
2025-01-26 00:00:00+05:30,367,Gudimalkapur,1571,Gudumalkapur,128,Pumpkin,128,Common,0.0,122.0,1000.0,1200.0,1100.0,0.0,0.0
2025-01-27 00:00:00+05:30,246,Warangal,886,Warangal,54,Chillies(Dry),251,Wonderhot,0.0,277.0,10500.0,14500.0,12500.0,0.0,0.0
2025-01-27 00:00:00+05:30,323,Gaddiannaram,2,L.B Nagar,198,Arati-Green Plantain,203,Common,0.0,3.0,2000.0,3000.0,2500.0,0.0,0.0
2025-01-27 00:00:00+05:30,323,Gaddiannaram,1,Gaddiannaram,202,Plum(Aloobukara),206,Common,0.0,19.0,7100.0,14250.0,8550.0,0.0,0.0
2025-01-26 00:00:00+05:30,331,Vantimamidi,1612,Vantimamidi,127,Kheera,127,Common,0.0,6.0,600.0,1200.0,900.0,0.0,0.0
2025-01-27 00:00:00+05:30,367,Gudimalkapur,1571,Gudumalkapur,128,Pumpkin,128,Common,0.0,80.0,2000.0,4000.0,3000.0,0.0,0.0
2025-01-27 00:00:00+05:30,331,Vantimamidi,1612,Vantimamidi,127,Kheera,127,Common,0.0,26.0,1200.0,2500.0,1850.0,0.0,0.0
2025-01-28 00:00:00+05:30,246,Warangal,886,Warangal,54,Chillies(Dry),251,Wonderhot,0.0,671.0,12000.0,15200.0,14000.0,0.0,0.0
2025-01-28 00:00:00+05:30,323,Gaddiannaram,2,L.B Nagar,198,Arati-Green Plantain,203,Common,0.0,16.0,2000.0,3000.0,2500.0,0.0,0.0
2025-01-28 00:00:00+05:30,324,Bowenpally,3,Bowenpally,125,Bitter Gourd,125,Common,0.0,941.0,600.0,3300.0,2500.0,0.0,0.0
2025-01-28 00:00:00+05:30,367,Gudimalkapur,1571,Gudumalkapur,128,Pumpkin,128,Common,0.0,12.0,900.0,1000.0,900.0,0.0,0.0
2025-01-29 00:00:00+05:30,331,Vantimamidi,1612,Vantimamidi,127,Kheera,127,Common,0.0,27.0,800.0,1500.0,1150.0,0.0,0.0
2025-01-30 00:00:00+05:30,324,Bowenpally,3,Bowenpally,125,Bitter Gourd,125,Common,0.0,985.0,1000.0,3000.0,2500.0,0.0,0.0
2025-01-30 00:00:00+05:30,323,Gaddiannaram,2,L.B Nagar,198,Arati-Green Plantain,203,Common,0.0,17.0,2000.0,3000.0,2500.0,0.0,0.0
2025-01-30 00:00:00+05:30,367,Gudimalkapur,1571,Gudumalkapur,128,Pumpkin,128,Common,0.0,56.0,600.0,800.0,700.0,0.0,0.0
2025-01-31 00:00:00+05:30,323,Gaddiannaram,2,L.B Nagar,198,Arati-Green Plantain,203,Common,0.0,17.0,2000.0,3000.0,2500.0,0.0,0.0
2025-01-30 00:00:00+05:30,331,Vantimamidi,1612,Vantimamidi,127,Kheera,127,Common,0.0,6.0,80.0,1500.0,1150.0,0.0,0.0
2025-01-31 00:00:00+05:30,324,Bowenpally,3,Bowenpally,125,Bitter Gourd,125,Common,0.0,798.0,700.0,2700.0,2000.0,0.0,0.0
2025-01-31 00:00:00+05:30,367,Gudimalkapur,1571,Gudumalkapur,128,Pumpkin,128,Common,0.0,4.0,800.0,1000.0,900.0,0.0,0.0
2025-01-31 00:00:00+05:30,331,Vantimamidi,1612,Vantimamidi,127,Kheera,127,Common,0.0,27.0,800.0,1200.0,1000.0,0.0,0.0
2025-01-24 00:00:00+05:30,367,Gudimalkapur,1571,Gudumalkapur,129,Cucumber,129,Common,0.0,47.0,800.0,1500.0,1200.0,0.0,0.0
2025-01-25 00:00:00+05:30,323,Gaddiannaram,2,L.B Nagar,199,Capsicum,204,Common,0.0,12.0,3000.0,4000.0,3500.0,0.0,0.0
2025-01-25 00:00:00+05:30,324,Bowenpally,3,Bowenpally,127,Kheera,127,Common,0.0,1164.0,500.0,2500.0,2000.0,0.0,0.0
2025-01-24 00:00:00+05:30,246,Warangal,886,Warangal,54,Chillies(Dry),252,US-341,0.0,589.0,12000.0,15500.0,14000.0,0.0,0.0
2025-01-23 00:00:00+05:30,367,Gudimalkapur,1571,Gudumalkapur,129,Cucumber,129,Common,0.0,19.0,900.0,1400.0,1100.0,0.0,0.0
2025-01-24 00:00:00+05:30,323,Gaddiannaram,2,L.B Nagar,199,Capsicum,204,Common,0.0,7.0,3000.0,4000.0,3500.0,0.0,0.0
2025-01-24 00:00:00+05:30,324,Bowenpally,3,Bowenpally,127,Kheera,127,Common,0.0,935.0,700.0,2000.0,1600.0,0.0,0.0
2025-01-22 00:00:00+05:30,331,Vantimamidi,1612,Vantimamidi,128,Pumpkin,128,Common,0.0,3.0,500.0,500.0,500.0,0.0,0.0
2025-01-22 00:00:00+05:30,367,Gudimalkapur,1571,Gudumalkapur,129,Cucumber,129,Common,0.0,81.0,1000.0,1500.0,1200.0,0.0,0.0
2025-01-23 00:00:00+05:30,324,Bowenpally,3,Bowenpally,127,Kheera,127,Common,0.0,755.0,500.0,2000.0,1600.0,0.0,0.0
2025-01-23 00:00:00+05:30,323,Gaddiannaram,2,L.B Nagar,199,Capsicum,204,Common,0.0,19.0,3000.0,4000.0,3500.0,0.0,0.0
2025-01-23 00:00:00+05:30,246,Warangal,886,Warangal,54,Chillies(Dry),252,US-341,0.0,602.0,12000.0,15500.0,14000.0,0.0,0.0
2025-01-21 00:00:00+05:30,331,Vantimamidi,1612,Vantimamidi,128,Pumpkin,128,Common,0.0,16.0,500.0,500.0,500.0,0.0,0.0
2025-01-21 00:00:00+05:30,367,Gudimalkapur,1571,Gudumalkapur,129,Cucumber,129,Common,0.0,67.0,400.0,800.0,600.0,0.0,0.0
2025-01-22 00:00:00+05:30,323,Gaddiannaram,2,L.B Nagar,199,Capsicum,204,Common,0.0,22.0,3000.0,4000.0,3500.0,0.0,0.0
2025-01-22 00:00:00+05:30,324,Bowenpally,3,Bowenpally,127,Kheera,127,Common,0.0,686.0,1500.0,3000.0,2600.0,0.0,0.0
2025-01-22 00:00:00+05:30,246,Warangal,886,Warangal,54,Chillies(Dry),252,US-341,0.0,731.0,12500.0,15500.0,14000.0,0.0,0.0
2025-01-21 00:00:00+05:30,246,Warangal,886,Warangal,54,Chillies(Dry),252,US-341,0.0,551.0,12000.0,15100.0,14000.0,0.0,0.0
2025-01-20 00:00:00+05:30,367,Gudimalkapur,1571,Gudumalkapur,129,Cucumber,129,Common,0.0,160.0,800.0,1200.0,1000.0,0.0,0.0
2025-01-21 00:00:00+05:30,323,Gaddiannaram,2,L.B Nagar,199,Capsicum,204,Common,0.0,17.0,3000.0,4000.0,3500.0,0.0,0.0
2025-01-21 00:00:00+05:30,324,Bowenpally,3,Bowenpally,127,Kheera,127,Common,0.0,814.0,500.0,2000.0,1600.0,0.0,0.0
2025-01-19 00:00:00+05:30,331,Vantimamidi,1612,Vantimamidi,128,Pumpkin,128,Common,0.0,8.0,600.0,600.0,600.0,0.0,0.0
2025-01-19 00:00:00+05:30,367,Gudimalkapur,1571,Gudumalkapur,129,Cucumber,129,Common,0.0,123.0,700.0,1000.0,800.0,0.0,0.0
2025-01-20 00:00:00+05:30,323,Gaddiannaram,2,L.B Nagar,199,Capsicum,204,Common,0.0,19.0,3000.0,4000.0,3500.0,0.0,0.0
2025-01-20 00:00:00+05:30,324,Bowenpally,3,Bowenpally,127,Kheera,127,Common,0.0,903.0,500.0,2000.0,1600.0,0.0,0.0
2025-01-20 00:00:00+05:30,246,Warangal,886,Warangal,54,Chillies(Dry),252,US-341,0.0,770.0,12000.0,15500.0,14000.0,0.0,0.0
2025-01-19 00:00:00+05:30,323,Gaddiannaram,2,L.B Nagar,199,Capsicum,204,Common,0.0,20.0,3000.0,4000.0,3500.0,0.0,0.0
2025-01-18 00:00:00+05:30,331,Vantimamidi,1612,Vantimamidi,128,Pumpkin,128,Common,0.0,17.0,500.0,500.0,500.0,0.0,0.0
2025-01-19 00:00:00+05:30,324,Bowenpally,3,Bowenpally,127,Kheera,127,Common,0.0,1046.0,1000.0,2500.0,2000.0,0.0,0.0
2025-01-18 00:00:00+05:30,367,Gudimalkapur,1571,Gudumalkapur,129,Cucumber,129,Common,0.0,123.0,700.0,1000.0,800.0,0.0,0.0
2025-01-17 00:00:00+05:30,331,Vantimamidi,1612,Vantimamidi,128,Pumpkin,128,Common,0.0,12.0,500.0,500.0,500.0,0.0,0.0
2025-01-18 00:00:00+05:30,324,Bowenpally,3,Bowenpally,127,Kheera,127,Common,0.0,878.0,700.0,2200.0,1800.0,0.0,0.0
2025-01-18 00:00:00+05:30,323,Gaddiannaram,2,L.B Nagar,199,Capsicum,204,Common,0.0,30.0,3000.0,4000.0,3500.0,0.0,0.0
2025-01-17 00:00:00+05:30,323,Gaddiannaram,2,L.B Nagar,199,Capsicum,204,Common,0.0,18.0,4000.0,4500.0,4200.0,0.0,0.0
2025-01-17 00:00:00+05:30,324,Bowenpally,3,Bowenpally,127,Kheera,127,Common,0.0,735.0,1000.0,2500.0,2000.0,0.0,0.0
2025-01-17 00:00:00+05:30,246,Warangal,886,Warangal,54,Chillies(Dry),252,US-341,0.0,390.0,11500.0,14500.0,13000.0,0.0,0.0
2025-01-16 00:00:00+05:30,331,Vantimamidi,1612,Vantimamidi,128,Pumpkin,128,Common,0.0,19.0,600.0,600.0,600.0,0.0,0.0
2025-01-16 00:00:00+05:30,367,Gudimalkapur,1571,Gudumalkapur,129,Cucumber,129,Common,0.0,27.0,900.0,1200.0,1000.0,0.0,0.0
2025-01-16 00:00:00+05:30,323,Gaddiannaram,2,L.B Nagar,199,Capsicum,204,Common,0.0,23.0,4000.0,4500.0,4200.0,0.0,0.0
2025-01-16 00:00:00+05:30,324,Bowenpally,3,Bowenpally,127,Kheera,127,Common,0.0,713.0,500.0,2000.0,1600.0,0.0,0.0
2025-01-16 00:00:00+05:30,246,Warangal,886,Warangal,54,Chillies(Dry),252,US-341,0.0,594.0,12500.0,15000.0,14000.0,0.0,0.0
2025-01-15 00:00:00+05:30,323,Gaddiannaram,2,L.B Nagar,199,Capsicum,204,Common,0.0,1.0,4000.0,4500.0,4200.0,0.0,0.0
2025-01-15 00:00:00+05:30,324,Bowenpally,3,Bowenpally,127,Kheera,127,Common,0.0,558.0,500.0,2000.0,1600.0,0.0,0.0
2025-01-15 00:00:00+05:30,367,Gudimalkapur,1571,Gudumalkapur,129,Cucumber,129,Common,0.0,20.0,1000.0,1200.0,1000.0,0.0,0.0
2025-01-14 00:00:00+05:30,324,Bowenpally,3,Bowenpally,127,Kheera,127,Common,0.0,491.0,800.0,3000.0,2500.0,0.0,0.0
2025-01-14 00:00:00+05:30,323,Gaddiannaram,2,L.B Nagar,199,Capsicum,204,Common,0.0,4.0,4000.0,4500.0,4200.0,0.0,0.0
2025-01-13 00:00:00+05:30,367,Gudimalkapur,1571,Gudumalkapur,129,Cucumber,129,Common,0.0,39.0,800.0,1200.0,1100.0,0.0,0.0
2025-01-13 00:00:00+05:30,324,Bowenpally,3,Bowenpally,127,Kheera,127,Common,0.0,872.0,500.0,2400.0,2000.0,0.0,0.0
2025-01-12 00:00:00+05:30,367,Gudimalkapur,1571,Gudumalkapur,129,Cucumber,129,Common,0.0,74.0,1000.0,1800.0,1400.0,0.0,0.0
2025-01-12 00:00:00+05:30,331,Vantimamidi,1612,Vantimamidi,128,Pumpkin,128,Common,0.0,35.0,600.0,600.0,600.0,0.0,0.0
2025-01-13 00:00:00+05:30,323,Gaddiannaram,2,L.B Nagar,199,Capsicum,204,Common,0.0,20.0,4000.0,4500.0,4200.0,0.0,0.0
2025-01-11 00:00:00+05:30,331,Vantimamidi,1612,Vantimamidi,128,Pumpkin,128,Common,0.0,25.0,500.0,500.0,500.0,0.0,0.0
2025-01-11 00:00:00+05:30,367,Gudimalkapur,1571,Gudumalkapur,129,Cucumber,129,Common,0.0,96.0,1000.0,1500.0,1200.0,0.0,0.0
2025-01-12 00:00:00+05:30,324,Bowenpally,3,Bowenpally,127,Kheera,127,Common,0.0,859.0,1000.0,2600.0,2300.0,0.0,0.0
2025-01-11 00:00:00+05:30,324,Bowenpally,3,Bowenpally,127,Kheera,127,Common,0.0,706.0,1000.0,2600.0,2500.0,0.0,0.0
2025-01-11 00:00:00+05:30,323,Gaddiannaram,2,L.B Nagar,199,Capsicum,204,Common,0.0,14.0,4000.0,4500.0,4200.0,0.0,0.0
2025-01-10 00:00:00+05:30,331,Vantimamidi,1612,Vantimamidi,128,Pumpkin,128,Common,0.0,21.0,600.0,600.0,600.0,0.0,0.0
2025-01-10 00:00:00+05:30,367,Gudimalkapur,1571,Gudumalkapur,129,Cucumber,129,Common,0.0,39.0,1000.0,2500.0,1500.0,0.0,0.0
2025-01-10 00:00:00+05:30,323,Gaddiannaram,2,L.B Nagar,199,Capsicum,204,Common,0.0,26.0,4000.0,4500.0,4200.0,0.0,0.0
2025-01-10 00:00:00+05:30,324,Bowenpally,3,Bowenpally,127,Kheera,127,Common,0.0,257.0,1000.0,3000.0,2500.0,0.0,0.0
2025-01-10 00:00:00+05:30,246,Warangal,886,Warangal,54,Chillies(Dry),252,US-341,0.0,304.0,11500.0,14300.0,13000.0,0.0,0.0
2025-01-09 00:00:00+05:30,331,Vantimamidi,1612,Vantimamidi,128,Pumpkin,128,Common,0.0,4.0,500.0,500.0,500.0,0.0,0.0
2025-01-09 00:00:00+05:30,367,Gudimalkapur,1571,Gudumalkapur,129,Cucumber,129,Common,0.0,47.0,1000.0,1200.0,1000.0,0.0,0.0
2025-01-09 00:00:00+05:30,324,Bowenpally,3,Bowenpally,127,Kheera,127,Common,0.0,782.0,1000.0,3000.0,2500.0,0.0,0.0
2025-01-09 00:00:00+05:30,323,Gaddiannaram,2,L.B Nagar,199,Capsicum,204,Common,0.0,16.0,4000.0,4500.0,4200.0,0.0,0.0
2025-01-09 00:00:00+05:30,246,Warangal,886,Warangal,54,Chillies(Dry),252,US-341,0.0,471.0,11500.0,14500.0,13000.0,0.0,0.0
2025-01-08 00:00:00+05:30,331,Vantimamidi,1612,Vantimamidi,128,Pumpkin,128,Common,0.0,1.0,600.0,600.0,600.0,0.0,0.0
2025-01-08 00:00:00+05:30,367,Gudimalkapur,1571,Gudumalkapur,129,Cucumber,129,Common,0.0,77.0,1000.0,1800.0,1300.0,0.0,0.0
2025-01-08 00:00:00+05:30,324,Bowenpally,3,Bowenpally,127,Kheera,127,Common,0.0,664.0,1000.0,3000.0,2500.0,0.0,0.0
2025-01-08 00:00:00+05:30,323,Gaddiannaram,2,L.B Nagar,199,Capsicum,204,Common,0.0,15.0,4000.0,4500.0,4200.0,0.0,0.0
2025-01-08 00:00:00+05:30,246,Warangal,886,Warangal,54,Chillies(Dry),252,US-341,0.0,533.0,11000.0,14000.0,13000.0,0.0,0.0
2025-01-07 00:00:00+05:30,331,Vantimamidi,1612,Vantimamidi,128,Pumpkin,128,Common,0.0,8.0,600.0,600.0,600.0,0.0,0.0
2025-01-07 00:00:00+05:30,367,Gudimalkapur,1571,Gudumalkapur,129,Cucumber,129,Common,0.0,61.0,1000.0,1500.0,1200.0,0.0,0.0
2025-01-07 00:00:00+05:30,324,Bowenpally,3,Bowenpally,127,Kheera,127,Common,0.0,596.0,1000.0,3000.0,2500.0,0.0,0.0
2025-01-07 00:00:00+05:30,323,Gaddiannaram,2,L.B Nagar,199,Capsicum,204,Common,0.0,23.0,3000.0,4000.0,3500.0,0.0,0.0
2025-01-06 00:00:00+05:30,331,Vantimamidi,1612,Vantimamidi,128,Pumpkin,128,Common,0.0,5.0,600.0,600.0,600.0,0.0,0.0
2025-01-06 00:00:00+05:30,367,Gudimalkapur,1571,Gudumalkapur,129,Cucumber,129,Common,0.0,68.0,1300.0,2000.0,1500.0,0.0,0.0
2025-01-06 00:00:00+05:30,324,Bowenpally,3,Bowenpally,127,Kheera,127,Common,0.0,733.0,1000.0,3000.0,2500.0,0.0,0.0
2025-01-06 00:00:00+05:30,323,Gaddiannaram,2,L.B Nagar,199,Capsicum,204,Common,0.0,18.0,3000.0,4000.0,3500.0,0.0,0.0
2025-01-06 00:00:00+05:30,246,Warangal,886,Warangal,54,Chillies(Dry),252,US-341,0.0,407.0,12000.0,15011.0,14000.0,0.0,0.0
2025-01-05 00:00:00+05:30,367,Gudimalkapur,1571,Gudumalkapur,129,Cucumber,129,Common,0.0,69.0,1000.0,1500.0,1200.0,0.0,0.0
2025-01-05 00:00:00+05:30,331,Vantimamidi,1612,Vantimamidi,128,Pumpkin,128,Common,0.0,5.0,600.0,600.0,600.0,0.0,0.0
2025-01-04 00:00:00+05:30,331,Vantimamidi,1612,Vantimamidi,128,Pumpkin,128,Common,0.0,11.0,800.0,800.0,800.0,0.0,0.0
2025-01-04 00:00:00+05:30,367,Gudimalkapur,1571,Gudumalkapur,129,Cucumber,129,Common,0.0,105.0,1000.0,2500.0,1500.0,0.0,0.0
2025-01-05 00:00:00+05:30,324,Bowenpally,3,Bowenpally,127,Kheera,127,Common,0.0,576.0,800.0,1600.0,1500.0,0.0,0.0
2025-01-05 00:00:00+05:30,323,Gaddiannaram,2,L.B Nagar,199,Capsicum,204,Common,0.0,22.0,3000.0,4000.0,3500.0,0.0,0.0
2025-01-04 00:00:00+05:30,323,Gaddiannaram,2,L.B Nagar,199,Capsicum,204,Common,0.0,24.0,3000.0,4000.0,3500.0,0.0,0.0
2025-01-03 00:00:00+05:30,367,Gudimalkapur,1571,Gudumalkapur,129,Cucumber,129,Common,0.0,88.0,1000.0,1500.0,1200.0,0.0,0.0
2025-01-03 00:00:00+05:30,331,Vantimamidi,1612,Vantimamidi,128,Pumpkin,128,Common,0.0,23.0,800.0,800.0,800.0,0.0,0.0
2025-01-04 00:00:00+05:30,324,Bowenpally,3,Bowenpally,127,Kheera,127,Common,0.0,428.0,500.0,1500.0,1200.0,0.0,0.0
2025-01-03 00:00:00+05:30,323,Gaddiannaram,2,L.B Nagar,199,Capsicum,204,Common,0.0,23.0,3000.0,4000.0,3500.0,0.0,0.0
2025-01-03 00:00:00+05:30,324,Bowenpally,3,Bowenpally,127,Kheera,127,Common,0.0,625.0,500.0,1500.0,1200.0,0.0,0.0
2025-01-02 00:00:00+05:30,331,Vantimamidi,1612,Vantimamidi,128,Pumpkin,128,Common,0.0,14.0,800.0,800.0,800.0,0.0,0.0
2025-01-02 00:00:00+05:30,367,Gudimalkapur,1571,Gudumalkapur,129,Cucumber,129,Common,0.0,62.0,1200.0,1800.0,1500.0,0.0,0.0
2025-01-02 00:00:00+05:30,323,Gaddiannaram,2,L.B Nagar,199,Capsicum,204,Common,0.0,20.0,4000.0,4500.0,4200.0,0.0,0.0
2025-01-02 00:00:00+05:30,324,Bowenpally,3,Bowenpally,127,Kheera,127,Common,0.0,771.0,400.0,1200.0,1000.0,0.0,0.0
2025-01-01 00:00:00+05:30,331,Vantimamidi,1612,Vantimamidi,128,Pumpkin,128,Common,0.0,18.0,500.0,500.0,500.0,0.0,0.0
2025-01-31 00:00:00+05:30,331,Vantimamidi,1612,Vantimamidi,128,Pumpkin,128,Common,0.0,19.0,500.0,500.0,500.0,0.0,0.0
2025-01-31 00:00:00+05:30,367,Gudimalkapur,1571,Gudumalkapur,129,Cucumber,129,Common,0.0,63.0,1000.0,1500.0,1300.0,0.0,0.0
2025-01-31 00:00:00+05:30,324,Bowenpally,3,Bowenpally,127,Kheera,127,Common,0.0,1183.0,700.0,2000.0,1700.0,0.0,0.0
2025-01-30 00:00:00+05:30,331,Vantimamidi,1612,Vantimamidi,128,Pumpkin,128,Common,0.0,19.0,500.0,500.0,500.0,0.0,0.0
2025-01-31 00:00:00+05:30,323,Gaddiannaram,2,L.B Nagar,199,Capsicum,204,Common,0.0,19.0,3000.0,3500.0,3200.0,0.0,0.0
2025-01-30 00:00:00+05:30,367,Gudimalkapur,1571,Gudumalkapur,129,Cucumber,129,Common,0.0,119.0,800.0,1200.0,1000.0,0.0,0.0
2025-01-30 00:00:00+05:30,323,Gaddiannaram,2,L.B Nagar,199,Capsicum,204,Common,0.0,15.0,3000.0,4000.0,3500.0,0.0,0.0
2025-01-30 00:00:00+05:30,324,Bowenpally,3,Bowenpally,127,Kheera,127,Common,0.0,2244.0,700.0,2500.0,2000.0,0.0,0.0
2025-01-29 00:00:00+05:30,331,Vantimamidi,1612,Vantimamidi,128,Pumpkin,128,Common,0.0,12.0,500.0,500.0,500.0,0.0,0.0
2025-01-28 00:00:00+05:30,367,Gudimalkapur,1571,Gudumalkapur,129,Cucumber,129,Common,0.0,67.0,1000.0,1500.0,1200.0,0.0,0.0
2025-01-28 00:00:00+05:30,323,Gaddiannaram,2,L.B Nagar,199,Capsicum,204,Common,0.0,16.0,3000.0,4000.0,3500.0,0.0,0.0
2025-01-28 00:00:00+05:30,246,Warangal,886,Warangal,54,Chillies(Dry),252,US-341,0.0,803.0,12500.0,15500.0,14000.0,0.0,0.0
2025-01-27 00:00:00+05:30,331,Vantimamidi,1612,Vantimamidi,128,Pumpkin,128,Common,0.0,13.0,1000.0,2000.0,1500.0,0.0,0.0
2025-01-27 00:00:00+05:30,367,Gudimalkapur,1571,Gudumalkapur,129,Cucumber,129,Common,0.0,76.0,1000.0,1500.0,1200.0,0.0,0.0
2025-01-27 00:00:00+05:30,323,Gaddiannaram,2,L.B Nagar,199,Capsicum,204,Common,0.0,10.0,3000.0,4000.0,3500.0,0.0,0.0
2025-01-27 00:00:00+05:30,246,Warangal,886,Warangal,54,Chillies(Dry),252,US-341,0.0,1479.0,12000.0,15800.0,14000.0,0.0,0.0
2025-01-26 00:00:00+05:30,367,Gudimalkapur,1571,Gudumalkapur,129,Cucumber,129,Common,0.0,81.0,1300.0,2000.0,1500.0,0.0,0.0
2025-01-26 00:00:00+05:30,323,Gaddiannaram,2,L.B Nagar,199,Capsicum,204,Common,0.0,15.0,3000.0,4000.0,3500.0,0.0,0.0
2025-01-26 00:00:00+05:30,324,Bowenpally,3,Bowenpally,127,Kheera,127,Common,0.0,1366.0,1000.0,3000.0,2500.0,0.0,0.0
2025-01-25 00:00:00+05:30,331,Vantimamidi,1612,Vantimamidi,128,Pumpkin,128,Common,0.0,4.0,500.0,500.0,500.0,0.0,0.0
2025-01-25 00:00:00+05:30,367,Gudimalkapur,1571,Gudumalkapur,129,Cucumber,129,Common,0.0,32.0,1000.0,2000.0,1500.0,0.0,0.0
2025-01-01 00:00:00+05:30,331,Vantimamidi,1612,Vantimamidi,129,Cucumber,129,Common,0.0,10.0,1000.0,1500.0,1250.0,0.0,0.0
2025-01-02 00:00:00+05:30,324,Bowenpally,3,Bowenpally,128,Pumpkin,128,Common,0.0,231.0,500.0,1000.0,800.0,0.0,0.0
2025-01-02 00:00:00+05:30,208,Nizamabad,1080,Nizamabad,57,Tumeric,227,Finger,0.0,326.0,9160.0,14508.0,13200.0,0.0,0.0
2025-01-02 00:00:00+05:30,367,Gudimalkapur,1571,Gudumalkapur,130,Drumstick,130,Common,0.0,7.0,6000.0,7000.0,6000.0,0.0,0.0
2025-01-02 00:00:00+05:30,331,Vantimamidi,1612,Vantimamidi,129,Cucumber,129,Common,0.0,10.0,800.0,1000.0,900.0,0.0,0.0
2025-01-03 00:00:00+05:30,324,Bowenpally,3,Bowenpally,128,Pumpkin,128,Common,0.0,221.0,500.0,1000.0,900.0,0.0,0.0
2025-01-03 00:00:00+05:30,208,Nizamabad,1080,Nizamabad,57,Tumeric,227,Finger,0.0,669.0,8006.0,14280.0,11711.0,0.0,0.0
2025-01-04 00:00:00+05:30,324,Bowenpally,3,Bowenpally,128,Pumpkin,128,Common,0.0,429.0,400.0,1000.0,800.0,0.0,0.0
2025-01-03 00:00:00+05:30,331,Vantimamidi,1612,Vantimamidi,129,Cucumber,129,Common,0.0,5.0,800.0,1000.0,900.0,0.0,0.0
2025-01-03 00:00:00+05:30,367,Gudimalkapur,1571,Gudumalkapur,130,Drumstick,130,Common,0.0,4.0,12000.0,12000.0,12000.0,0.0,0.0
2025-01-05 00:00:00+05:30,324,Bowenpally,3,Bowenpally,128,Pumpkin,128,Common,0.0,545.0,500.0,1000.0,900.0,0.0,0.0
2025-01-04 00:00:00+05:30,367,Gudimalkapur,1571,Gudumalkapur,130,Drumstick,130,Common,0.0,11.0,8000.0,1200.0,8000.0,0.0,0.0
2025-01-04 00:00:00+05:30,331,Vantimamidi,1612,Vantimamidi,129,Cucumber,129,Common,0.0,8.0,1200.0,1200.0,1200.0,0.0,0.0
2025-01-05 00:00:00+05:30,331,Vantimamidi,1612,Vantimamidi,129,Cucumber,129,Common,0.0,11.0,1000.0,1200.0,1100.0,0.0,0.0
2025-01-05 00:00:00+05:30,367,Gudimalkapur,1571,Gudumalkapur,130,Drumstick,130,Common,0.0,15.0,8000.0,12000.0,10000.0,0.0,0.0
2025-01-06 00:00:00+05:30,324,Bowenpally,3,Bowenpally,128,Pumpkin,128,Common,0.0,308.0,500.0,1000.0,900.0,0.0,0.0
2025-01-06 00:00:00+05:30,367,Gudimalkapur,1571,Gudumalkapur,130,Drumstick,130,Common,0.0,14.0,6000.0,10000.0,8000.0,0.0,0.0
2025-01-06 00:00:00+05:30,331,Vantimamidi,1612,Vantimamidi,129,Cucumber,129,Common,0.0,10.0,900.0,1200.0,1050.0,0.0,0.0
2025-01-06 00:00:00+05:30,208,Nizamabad,1080,Nizamabad,57,Tumeric,227,Finger,0.0,725.0,6506.0,14620.0,13190.0,0.0,0.0
2025-01-07 00:00:00+05:30,324,Bowenpally,3,Bowenpally,128,Pumpkin,128,Common,0.0,185.0,600.0,1000.0,900.0,0.0,0.0
2025-01-07 00:00:00+05:30,367,Gudimalkapur,1571,Gudumalkapur,130,Drumstick,130,Common,0.0,16.0,5000.0,6000.0,5000.0,0.0,0.0
2025-01-07 00:00:00+05:30,331,Vantimamidi,1612,Vantimamidi,129,Cucumber,129,Common,0.0,32.0,1000.0,1100.0,1050.0,0.0,0.0
2025-01-07 00:00:00+05:30,208,Nizamabad,1080,Nizamabad,57,Tumeric,227,Finger,0.0,566.0,11400.0,14089.0,13559.0,0.0,0.0
2025-01-08 00:00:00+05:30,324,Bowenpally,3,Bowenpally,128,Pumpkin,128,Common,0.0,289.0,400.0,1000.0,800.0,0.0,0.0
2025-01-08 00:00:00+05:30,367,Gudimalkapur,1571,Gudumalkapur,130,Drumstick,130,Common,0.0,4.0,9000.0,9000.0,9000.0,0.0,0.0
2025-01-08 00:00:00+05:30,331,Vantimamidi,1612,Vantimamidi,129,Cucumber,129,Common,0.0,17.0,800.0,1000.0,900.0,0.0,0.0
2025-01-08 00:00:00+05:30,208,Nizamabad,1080,Nizamabad,57,Tumeric,227,Finger,0.0,526.0,10806.0,13860.0,13170.0,0.0,0.0
2025-01-09 00:00:00+05:30,324,Bowenpally,3,Bowenpally,128,Pumpkin,128,Common,0.0,318.0,400.0,1000.0,800.0,0.0,0.0
2025-01-09 00:00:00+05:30,367,Gudimalkapur,1571,Gudumalkapur,130,Drumstick,130,Common,0.0,9.0,5000.0,6000.0,5000.0,0.0,0.0
2025-01-09 00:00:00+05:30,331,Vantimamidi,1612,Vantimamidi,129,Cucumber,129,Common,0.0,2.0,700.0,1000.0,850.0,0.0,0.0
2025-01-09 00:00:00+05:30,208,Nizamabad,1080,Nizamabad,57,Tumeric,227,Finger,0.0,150.0,12020.0,13619.0,12555.0,0.0,0.0
2025-01-10 00:00:00+05:30,324,Bowenpally,3,Bowenpally,128,Pumpkin,128,Common,0.0,259.0,600.0,1200.0,1000.0,0.0,0.0
2025-01-10 00:00:00+05:30,367,Gudimalkapur,1571,Gudumalkapur,130,Drumstick,130,Common,0.0,6.0,8000.0,8000.0,8000.0,0.0,0.0
2025-01-10 00:00:00+05:30,331,Vantimamidi,1612,Vantimamidi,129,Cucumber,129,Common,0.0,15.0,800.0,1000.0,900.0,0.0,0.0
2025-01-10 00:00:00+05:30,208,Nizamabad,1080,Nizamabad,57,Tumeric,227,Finger,0.0,625.0,8000.0,14551.0,13855.0,0.0,0.0
2025-01-11 00:00:00+05:30,324,Bowenpally,3,Bowenpally,128,Pumpkin,128,Common,0.0,235.0,600.0,1200.0,1000.0,0.0,0.0
2025-01-12 00:00:00+05:30,324,Bowenpally,3,Bowenpally,128,Pumpkin,128,Common,0.0,330.0,800.0,1200.0,1000.0,0.0,0.0
2025-01-11 00:00:00+05:30,367,Gudimalkapur,1571,Gudumalkapur,130,Drumstick,130,Common,0.0,3.0,10000.0,10000.0,10000.0,0.0,0.0
2025-01-11 00:00:00+05:30,331,Vantimamidi,1612,Vantimamidi,129,Cucumber,129,Common,0.0,8.0,800.0,1200.0,1000.0,0.0,0.0
2025-01-12 00:00:00+05:30,367,Gudimalkapur,1571,Gudumalkapur,130,Drumstick,130,Common,0.0,10.0,4000.0,7000.0,5000.0,0.0,0.0
2025-01-13 00:00:00+05:30,324,Bowenpally,3,Bowenpally,128,Pumpkin,128,Common,0.0,84.0,400.0,1000.0,800.0,0.0,0.0
2025-01-13 00:00:00+05:30,367,Gudimalkapur,1571,Gudumalkapur,130,Drumstick,130,Common,0.0,3.0,1000.0,1000.0,1000.0,0.0,0.0
2025-01-14 00:00:00+05:30,324,Bowenpally,3,Bowenpally,128,Pumpkin,128,Common,0.0,179.0,400.0,1000.0,800.0,0.0,0.0
2025-01-14 00:00:00+05:30,367,Gudimalkapur,1571,Gudumalkapur,130,Drumstick,130,Common,0.0,16.0,5000.0,7000.0,5000.0,0.0,0.0
2025-01-15 00:00:00+05:30,367,Gudimalkapur,1571,Gudumalkapur,130,Drumstick,130,Common,0.0,6.0,6000.0,7000.0,6000.0,0.0,0.0
2025-01-15 00:00:00+05:30,331,Vantimamidi,1612,Vantimamidi,129,Cucumber,129,Common,0.0,2.0,1000.0,1000.0,1000.0,0.0,0.0
2025-01-15 00:00:00+05:30,324,Bowenpally,3,Bowenpally,128,Pumpkin,128,Common,0.0,165.0,400.0,1000.0,800.0,0.0,0.0
2025-01-16 00:00:00+05:30,324,Bowenpally,3,Bowenpally,128,Pumpkin,128,Common,0.0,200.0,400.0,1000.0,900.0,0.0,0.0
2025-01-16 00:00:00+05:30,367,Gudimalkapur,1571,Gudumalkapur,130,Drumstick,130,Common,0.0,11.0,4000.0,8000.0,6000.0,0.0,0.0
2025-01-16 00:00:00+05:30,208,Nizamabad,1080,Nizamabad,57,Tumeric,227,Finger,0.0,208.0,8200.0,12859.0,12859.0,0.0,0.0
2025-01-16 00:00:00+05:30,331,Vantimamidi,1612,Vantimamidi,129,Cucumber,129,Common,0.0,2.0,1000.0,1000.0,1000.0,0.0,0.0
2025-01-17 00:00:00+05:30,324,Bowenpally,3,Bowenpally,128,Pumpkin,128,Common,0.0,305.0,400.0,1000.0,800.0,0.0,0.0
2025-01-18 00:00:00+05:30,324,Bowenpally,3,Bowenpally,128,Pumpkin,128,Common,0.0,425.0,500.0,1000.0,900.0,0.0,0.0
2025-01-17 00:00:00+05:30,331,Vantimamidi,1612,Vantimamidi,129,Cucumber,129,Common,0.0,42.0,800.0,1200.0,1000.0,0.0,0.0
2025-01-17 00:00:00+05:30,208,Nizamabad,1080,Nizamabad,57,Tumeric,227,Finger,0.0,197.0,10006.0,13639.0,12489.0,0.0,0.0
2025-01-18 00:00:00+05:30,367,Gudimalkapur,1571,Gudumalkapur,130,Drumstick,130,Common,0.0,13.0,5000.0,6000.0,5000.0,0.0,0.0
2025-01-19 00:00:00+05:30,324,Bowenpally,3,Bowenpally,128,Pumpkin,128,Common,0.0,446.0,500.0,1200.0,1000.0,0.0,0.0
2025-01-18 00:00:00+05:30,331,Vantimamidi,1612,Vantimamidi,129,Cucumber,129,Common,0.0,13.0,800.0,1000.0,900.0,0.0,0.0
2025-01-20 00:00:00+05:30,208,Nizamabad,1080,Nizamabad,57,Tumeric,227,Finger,0.0,243.0,8009.0,14511.0,11700.0,0.0,0.0
2025-01-20 00:00:00+05:30,324,Bowenpally,3,Bowenpally,128,Pumpkin,128,Common,0.0,370.0,400.0,1000.0,800.0,0.0,0.0
2025-01-19 00:00:00+05:30,367,Gudimalkapur,1571,Gudumalkapur,130,Drumstick,130,Common,0.0,30.0,4000.0,5000.0,4000.0,0.0,0.0
2025-01-19 00:00:00+05:30,331,Vantimamidi,1612,Vantimamidi,129,Cucumber,129,Common,0.0,2.0,1000.0,1000.0,1000.0,0.0,0.0
2025-01-21 00:00:00+05:30,324,Bowenpally,3,Bowenpally,128,Pumpkin,128,Common,0.0,131.0,400.0,1200.0,1000.0,0.0,0.0
2025-01-20 00:00:00+05:30,367,Gudimalkapur,1571,Gudumalkapur,130,Drumstick,130,Common,0.0,5.0,6000.0,6000.0,6000.0,0.0,0.0
2025-01-20 00:00:00+05:30,331,Vantimamidi,1612,Vantimamidi,129,Cucumber,129,Common,0.0,8.0,800.0,1000.0,900.0,0.0,0.0
2025-01-21 00:00:00+05:30,208,Nizamabad,1080,Nizamabad,57,Tumeric,227,Finger,0.0,345.0,8100.0,12700.0,11580.0,0.0,0.0
2025-01-22 00:00:00+05:30,208,Nizamabad,1080,Nizamabad,57,Tumeric,227,Finger,0.0,915.0,9500.0,12881.0,12000.0,0.0,0.0
2025-01-22 00:00:00+05:30,324,Bowenpally,3,Bowenpally,128,Pumpkin,128,Common,0.0,339.0,400.0,1000.0,800.0,0.0,0.0
2025-01-21 00:00:00+05:30,367,Gudimalkapur,1571,Gudumalkapur,130,Drumstick,130,Common,0.0,3.0,7000.0,8000.0,7000.0,0.0,0.0
2025-01-21 00:00:00+05:30,331,Vantimamidi,1612,Vantimamidi,129,Cucumber,129,Common,0.0,2.0,500.0,500.0,500.0,0.0,0.0
2025-01-23 00:00:00+05:30,208,Nizamabad,1080,Nizamabad,57,Tumeric,227,Finger,0.0,612.0,9107.0,13306.0,12200.0,0.0,0.0
2025-01-23 00:00:00+05:30,324,Bowenpally,3,Bowenpally,128,Pumpkin,128,Common,0.0,258.0,500.0,1000.0,900.0,0.0,0.0
2025-01-22 00:00:00+05:30,367,Gudimalkapur,1571,Gudumalkapur,130,Drumstick,130,Common,0.0,2.0,6000.0,7000.0,6000.0,0.0,0.0
2025-01-22 00:00:00+05:30,331,Vantimamidi,1612,Vantimamidi,129,Cucumber,129,Common,0.0,13.0,1000.0,1200.0,1100.0,0.0,0.0
2025-01-24 00:00:00+05:30,324,Bowenpally,3,Bowenpally,128,Pumpkin,128,Common,0.0,280.0,500.0,1000.0,900.0,0.0,0.0
2025-01-23 00:00:00+05:30,367,Gudimalkapur,1571,Gudumalkapur,130,Drumstick,130,Common,0.0,5.0,6000.0,7000.0,6000.0,0.0,0.0
2025-01-23 00:00:00+05:30,331,Vantimamidi,1612,Vantimamidi,129,Cucumber,129,Common,0.0,5.0,800.0,1200.0,1000.0,0.0,0.0
2025-01-24 00:00:00+05:30,208,Nizamabad,1080,Nizamabad,57,Tumeric,227,Finger,0.0,611.0,9958.0,12788.0,11890.0,0.0,0.0
2025-01-25 00:00:00+05:30,324,Bowenpally,3,Bowenpally,128,Pumpkin,128,Common,0.0,530.0,400.0,1200.0,1000.0,0.0,0.0
2025-01-24 00:00:00+05:30,367,Gudimalkapur,1571,Gudumalkapur,130,Drumstick,130,Common,0.0,22.0,6000.0,8000.0,7000.0,0.0,0.0
2025-01-24 00:00:00+05:30,331,Vantimamidi,1612,Vantimamidi,129,Cucumber,129,Common,0.0,11.0,800.0,1200.0,1000.0,0.0,0.0
2025-01-25 00:00:00+05:30,367,Gudimalkapur,1571,Gudumalkapur,130,Drumstick,130,Common,0.0,6.0,1000.0,1000.0,1000.0,0.0,0.0
2025-01-25 00:00:00+05:30,331,Vantimamidi,1612,Vantimamidi,129,Cucumber,129,Common,0.0,15.0,800.0,1100.0,950.0,0.0,0.0
2025-01-26 00:00:00+05:30,324,Bowenpally,3,Bowenpally,128,Pumpkin,128,Common,0.0,511.0,800.0,1200.0,1100.0,0.0,0.0
2025-01-26 00:00:00+05:30,367,Gudimalkapur,1571,Gudumalkapur,130,Drumstick,130,Common,0.0,6.0,6000.0,8000.0,7000.0,0.0,0.0
2025-01-26 00:00:00+05:30,331,Vantimamidi,1612,Vantimamidi,129,Cucumber,129,Common,0.0,3.0,1000.0,1000.0,1000.0,0.0,0.0
2025-01-27 00:00:00+05:30,367,Gudimalkapur,1571,Gudumalkapur,130,Drumstick,130,Common,0.0,1.0,800.0,800.0,800.0,0.0,0.0
2025-01-27 00:00:00+05:30,331,Vantimamidi,1612,Vantimamidi,129,Cucumber,129,Common,0.0,13.0,1000.0,1500.0,1250.0,0.0,0.0
2025-01-27 00:00:00+05:30,208,Nizamabad,1080,Nizamabad,57,Tumeric,227,Finger,0.0,1409.0,8616.0,12269.0,11500.0,0.0,0.0
2025-01-28 00:00:00+05:30,208,Nizamabad,1080,Nizamabad,57,Tumeric,227,Finger,0.0,965.0,10000.0,12522.0,11865.0,0.0,0.0
2025-01-28 00:00:00+05:30,367,Gudimalkapur,1571,Gudumalkapur,130,Drumstick,130,Common,0.0,10.0,3000.0,8000.0,7000.0,0.0,0.0
2025-01-29 00:00:00+05:30,331,Vantimamidi,1612,Vantimamidi,129,Cucumber,129,Common,0.0,10.0,800.0,1200.0,1000.0,0.0,0.0
2025-01-30 00:00:00+05:30,324,Bowenpally,3,Bowenpally,128,Pumpkin,128,Common,0.0,394.0,600.0,1200.0,1000.0,0.0,0.0
2025-01-30 00:00:00+05:30,367,Gudimalkapur,1571,Gudumalkapur,130,Drumstick,130,Common,0.0,18.0,3000.0,8000.0,6000.0,0.0,0.0
2025-01-30 00:00:00+05:30,208,Nizamabad,1080,Nizamabad,57,Tumeric,227,Finger,0.0,2335.0,10019.0,12966.0,12000.0,0.0,0.0
2025-01-30 00:00:00+05:30,331,Vantimamidi,1612,Vantimamidi,129,Cucumber,129,Common,0.0,11.0,800.0,1000.0,900.0,0.0,0.0
2025-01-31 00:00:00+05:30,324,Bowenpally,3,Bowenpally,128,Pumpkin,128,Common,0.0,265.0,500.0,1200.0,1000.0,0.0,0.0
2025-01-31 00:00:00+05:30,367,Gudimalkapur,1571,Gudumalkapur,130,Drumstick,130,Common,0.0,37.0,4000.0,7000.0,5000.0,0.0,0.0
2025-01-31 00:00:00+05:30,331,Vantimamidi,1612,Vantimamidi,129,Cucumber,129,Common,0.0,8.0,800.0,1000.0,900.0,0.0,0.0
2025-01-24 00:00:00+05:30,331,Vantimamidi,1612,Vantimamidi,130,Drumstick,130,Common,0.0,1.0,3000.0,3000.0,3000.0,0.0,0.0
2025-01-25 00:00:00+05:30,324,Bowenpally,3,Bowenpally,129,Cucumber,129,Common,0.0,322.0,500.0,1500.0,1200.0,0.0,0.0
2025-01-24 00:00:00+05:30,208,Nizamabad,1080,Nizamabad,57,Tumeric,228,Bulb,0.0,548.0,6883.0,12126.0,10500.0,0.0,0.0
2025-01-24 00:00:00+05:30,324,Bowenpally,3,Bowenpally,129,Cucumber,129,Common,0.0,240.0,500.0,1500.0,1200.0,0.0,0.0
2025-01-22 00:00:00+05:30,331,Vantimamidi,1612,Vantimamidi,130,Drumstick,130,Common,0.0,1.0,4000.0,4000.0,4000.0,0.0,0.0
2025-01-23 00:00:00+05:30,324,Bowenpally,3,Bowenpally,129,Cucumber,129,Common,0.0,176.0,500.0,1500.0,1200.0,0.0,0.0
2025-01-23 00:00:00+05:30,208,Nizamabad,1080,Nizamabad,57,Tumeric,228,Bulb,0.0,928.0,9229.0,11373.0,10700.0,0.0,0.0
2025-01-21 00:00:00+05:30,331,Vantimamidi,1612,Vantimamidi,130,Drumstick,130,Common,0.0,1.0,4500.0,4500.0,4500.0,0.0,0.0
2025-01-21 00:00:00+05:30,367,Gudimalkapur,1571,Gudumalkapur,147,Green Tamarind,147,Common,0.0,2.0,2000.0,2000.0,2000.0,0.0,0.0
2025-01-22 00:00:00+05:30,324,Bowenpally,3,Bowenpally,129,Cucumber,129,Common,0.0,264.0,500.0,1500.0,1200.0,0.0,0.0
2025-01-22 00:00:00+05:30,208,Nizamabad,1080,Nizamabad,57,Tumeric,228,Bulb,0.0,691.0,8688.0,11888.0,10525.0,0.0,0.0
2025-01-21 00:00:00+05:30,208,Nizamabad,1080,Nizamabad,57,Tumeric,228,Bulb,0.0,621.0,8509.0,11820.0,11100.0,0.0,0.0
2025-01-20 00:00:00+05:30,331,Vantimamidi,1612,Vantimamidi,130,Drumstick,130,Common,0.0,1.0,4000.0,4000.0,4000.0,0.0,0.0
2025-01-20 00:00:00+05:30,367,Gudimalkapur,1571,Gudumalkapur,147,Green Tamarind,147,Common,0.0,4.0,2000.0,2000.0,2000.0,0.0,0.0
2025-01-21 00:00:00+05:30,324,Bowenpally,3,Bowenpally,129,Cucumber,129,Common,0.0,323.0,500.0,1500.0,1200.0,0.0,0.0
2025-01-19 00:00:00+05:30,331,Vantimamidi,1612,Vantimamidi,130,Drumstick,130,Common,0.0,3.0,3500.0,4000.0,3750.0,0.0,0.0
2025-01-19 00:00:00+05:30,367,Gudimalkapur,1571,Gudumalkapur,147,Green Tamarind,147,Common,0.0,13.0,1000.0,2000.0,1500.0,0.0,0.0
2025-01-20 00:00:00+05:30,324,Bowenpally,3,Bowenpally,129,Cucumber,129,Common,0.0,368.0,500.0,1500.0,1200.0,0.0,0.0
2025-01-20 00:00:00+05:30,208,Nizamabad,1080,Nizamabad,57,Tumeric,228,Bulb,0.0,275.0,9006.0,12127.0,10850.0,0.0,0.0
2025-01-19 00:00:00+05:30,324,Bowenpally,3,Bowenpally,129,Cucumber,129,Common,0.0,332.0,500.0,1500.0,1200.0,0.0,0.0
2025-01-18 00:00:00+05:30,367,Gudimalkapur,1571,Gudumalkapur,147,Green Tamarind,147,Common,0.0,4.0,1500.0,2000.0,1600.0,0.0,0.0
2025-01-17 00:00:00+05:30,208,Nizamabad,1080,Nizamabad,57,Tumeric,228,Bulb,0.0,205.0,11650.0,9427.0,11351.0,0.0,0.0
2025-01-17 00:00:00+05:30,331,Vantimamidi,1612,Vantimamidi,130,Drumstick,130,Common,0.0,1.0,4000.0,4000.0,4000.0,0.0,0.0
2025-01-18 00:00:00+05:30,324,Bowenpally,3,Bowenpally,129,Cucumber,129,Common,0.0,287.0,500.0,1500.0,1200.0,0.0,0.0
2025-01-17 00:00:00+05:30,324,Bowenpally,3,Bowenpally,129,Cucumber,129,Common,0.0,428.0,500.0,1500.0,1200.0,0.0,0.0
2025-01-16 00:00:00+05:30,208,Nizamabad,1080,Nizamabad,57,Tumeric,228,Bulb,0.0,222.0,10326.0,12549.0,11050.0,0.0,0.0
2025-01-16 00:00:00+05:30,324,Bowenpally,3,Bowenpally,129,Cucumber,129,Common,0.0,60.0,500.0,1500.0,1200.0,0.0,0.0
2025-01-15 00:00:00+05:30,324,Bowenpally,3,Bowenpally,129,Cucumber,129,Common,0.0,121.0,400.0,2000.0,1600.0,0.0,0.0
2025-01-14 00:00:00+05:30,367,Gudimalkapur,1571,Gudumalkapur,147,Green Tamarind,147,Common,0.0,9.0,1800.0,2200.0,2000.0,0.0,0.0
2025-01-14 00:00:00+05:30,324,Bowenpally,3,Bowenpally,129,Cucumber,129,Common,0.0,8.0,500.0,1500.0,1200.0,0.0,0.0
2025-01-13 00:00:00+05:30,367,Gudimalkapur,1571,Gudumalkapur,147,Green Tamarind,147,Common,0.0,7.0,1500.0,2000.0,1800.0,0.0,0.0
2025-01-13 00:00:00+05:30,324,Bowenpally,3,Bowenpally,129,Cucumber,129,Common,0.0,146.0,400.0,1000.0,800.0,0.0,0.0
2025-01-12 00:00:00+05:30,367,Gudimalkapur,1571,Gudumalkapur,147,Green Tamarind,147,Common,0.0,9.0,1300.0,2000.0,1500.0,0.0,0.0
2025-01-11 00:00:00+05:30,367,Gudimalkapur,1571,Gudumalkapur,147,Green Tamarind,147,Common,0.0,5.0,2200.0,2200.0,2200.0,0.0,0.0
2025-01-12 00:00:00+05:30,324,Bowenpally,3,Bowenpally,129,Cucumber,129,Common,0.0,272.0,800.0,1500.0,1200.0,0.0,0.0
2025-01-11 00:00:00+05:30,324,Bowenpally,3,Bowenpally,129,Cucumber,129,Common,0.0,329.0,500.0,1800.0,1500.0,0.0,0.0
2025-01-10 00:00:00+05:30,208,Nizamabad,1080,Nizamabad,57,Tumeric,228,Bulb,0.0,208.0,11000.0,12820.0,11850.0,0.0,0.0
2025-01-10 00:00:00+05:30,324,Bowenpally,3,Bowenpally,129,Cucumber,129,Common,0.0,173.0,500.0,1500.0,1200.0,0.0,0.0
2025-01-09 00:00:00+05:30,208,Nizamabad,1080,Nizamabad,57,Tumeric,228,Bulb,0.0,86.0,12029.0,9716.0,13013.0,0.0,0.0
2025-01-09 00:00:00+05:30,367,Gudimalkapur,1571,Gudumalkapur,147,Green Tamarind,147,Common,0.0,7.0,2000.0,2200.0,2000.0,0.0,0.0
2025-01-09 00:00:00+05:30,324,Bowenpally,3,Bowenpally,129,Cucumber,129,Common,0.0,458.0,500.0,1800.0,1500.0,0.0,0.0
2025-01-08 00:00:00+05:30,208,Nizamabad,1080,Nizamabad,57,Tumeric,228,Bulb,0.0,695.0,8006.0,12200.0,11006.0,0.0,0.0
2025-01-08 00:00:00+05:30,367,Gudimalkapur,1571,Gudumalkapur,147,Green Tamarind,147,Common,0.0,5.0,2000.0,2000.0,2000.0,0.0,0.0
2025-01-08 00:00:00+05:30,324,Bowenpally,3,Bowenpally,129,Cucumber,129,Common,0.0,289.0,500.0,1600.0,1300.0,0.0,0.0
2025-01-07 00:00:00+05:30,208,Nizamabad,1080,Nizamabad,57,Tumeric,228,Bulb,0.0,508.0,12559.0,10506.0,12729.0,0.0,0.0
2025-01-07 00:00:00+05:30,367,Gudimalkapur,1571,Gudumalkapur,147,Green Tamarind,147,Common,0.0,3.0,1500.0,1800.0,1500.0,0.0,0.0
2025-01-07 00:00:00+05:30,324,Bowenpally,3,Bowenpally,129,Cucumber,129,Common,0.0,207.0,500.0,1500.0,1200.0,0.0,0.0
2025-01-06 00:00:00+05:30,208,Nizamabad,1080,Nizamabad,57,Tumeric,228,Bulb,0.0,855.0,7000.0,13392.0,11550.0,0.0,0.0
2025-01-06 00:00:00+05:30,367,Gudimalkapur,1571,Gudumalkapur,147,Green Tamarind,147,Common,0.0,4.0,1500.0,1800.0,1500.0,0.0,0.0
2025-01-06 00:00:00+05:30,324,Bowenpally,3,Bowenpally,129,Cucumber,129,Common,0.0,330.0,500.0,1500.0,1200.0,0.0,0.0
2025-01-05 00:00:00+05:30,367,Gudimalkapur,1571,Gudumalkapur,147,Green Tamarind,147,Common,0.0,13.0,1500.0,1500.0,1500.0,0.0,0.0
2025-01-04 00:00:00+05:30,367,Gudimalkapur,1571,Gudumalkapur,147,Green Tamarind,147,Common,0.0,3.0,2000.0,2000.0,2000.0,0.0,0.0
2025-01-05 00:00:00+05:30,324,Bowenpally,3,Bowenpally,129,Cucumber,129,Common,0.0,421.0,1000.0,1800.0,1600.0,0.0,0.0
2025-01-03 00:00:00+05:30,367,Gudimalkapur,1571,Gudumalkapur,147,Green Tamarind,147,Common,0.0,6.0,1300.0,1800.0,1500.0,0.0,0.0
2025-01-04 00:00:00+05:30,324,Bowenpally,3,Bowenpally,129,Cucumber,129,Common,0.0,252.0,500.0,2200.0,1800.0,0.0,0.0
2025-01-03 00:00:00+05:30,208,Nizamabad,1080,Nizamabad,57,Tumeric,228,Bulb,0.0,350.0,10006.0,13205.0,12220.0,0.0,0.0
2025-01-03 00:00:00+05:30,324,Bowenpally,3,Bowenpally,129,Cucumber,129,Common,0.0,219.0,500.0,2000.0,1600.0,0.0,0.0
2025-01-02 00:00:00+05:30,367,Gudimalkapur,1571,Gudumalkapur,147,Green Tamarind,147,Common,0.0,7.0,1500.0,2000.0,1500.0,0.0,0.0
2025-01-02 00:00:00+05:30,208,Nizamabad,1080,Nizamabad,57,Tumeric,228,Bulb,0.0,298.0,9609.0,13329.0,12700.0,0.0,0.0
2025-01-02 00:00:00+05:30,324,Bowenpally,3,Bowenpally,129,Cucumber,129,Common,0.0,175.0,500.0,2000.0,1000.0,0.0,0.0
2025-01-31 00:00:00+05:30,331,Vantimamidi,1612,Vantimamidi,130,Drumstick,130,Common,0.0,2.0,3000.0,3000.0,3000.0,0.0,0.0
2025-01-31 00:00:00+05:30,324,Bowenpally,3,Bowenpally,129,Cucumber,129,Common,0.0,257.0,500.0,1500.0,1200.0,0.0,0.0
2025-01-30 00:00:00+05:30,331,Vantimamidi,1612,Vantimamidi,130,Drumstick,130,Common,0.0,2.0,2500.0,2500.0,2500.0,0.0,0.0
2025-01-30 00:00:00+05:30,208,Nizamabad,1080,Nizamabad,57,Tumeric,228,Bulb,0.0,1225.0,9000.0,11498.0,9550.0,0.0,0.0
2025-01-30 00:00:00+05:30,367,Gudimalkapur,1571,Gudumalkapur,147,Green Tamarind,147,Common,0.0,2.0,1000.0,1500.0,1200.0,0.0,0.0
2025-01-30 00:00:00+05:30,324,Bowenpally,3,Bowenpally,129,Cucumber,129,Common,0.0,338.0,500.0,1500.0,1200.0,0.0,0.0
2025-01-29 00:00:00+05:30,331,Vantimamidi,1612,Vantimamidi,130,Drumstick,130,Common,0.0,1.0,2000.0,2000.0,2000.0,0.0,0.0
2025-01-28 00:00:00+05:30,367,Gudimalkapur,1571,Gudumalkapur,147,Green Tamarind,147,Common,0.0,3.0,2000.0,2000.0,2000.0,0.0,0.0
2025-01-28 00:00:00+05:30,208,Nizamabad,1080,Nizamabad,57,Tumeric,228,Bulb,0.0,805.0,9000.0,11025.0,9333.0,0.0,0.0
2025-01-27 00:00:00+05:30,208,Nizamabad,1080,Nizamabad,57,Tumeric,228,Bulb,0.0,1692.0,7070.0,11900.0,9000.0,0.0,0.0
2025-01-27 00:00:00+05:30,331,Vantimamidi,1612,Vantimamidi,130,Drumstick,130,Common,0.0,1.0,2000.0,2000.0,2000.0,0.0,0.0
2025-01-26 00:00:00+05:30,331,Vantimamidi,1612,Vantimamidi,130,Drumstick,130,Common,0.0,1.0,3500.0,3500.0,3500.0,0.0,0.0
2025-01-26 00:00:00+05:30,324,Bowenpally,3,Bowenpally,129,Cucumber,129,Common,0.0,419.0,1000.0,2000.0,1800.0,0.0,0.0
2025-01-02 00:00:00+05:30,324,Bowenpally,3,Bowenpally,130,Drumstick,130,Common,0.0,202.0,5000.0,12000.0,10000.0,0.0,0.0
2025-01-02 00:00:00+05:30,367,Gudimalkapur,1571,Gudumalkapur,155,Donda,155,Common,0.0,98.0,3000.0,3200.0,3000.0,0.0,0.0
2025-01-03 00:00:00+05:30,324,Bowenpally,3,Bowenpally,130,Drumstick,130,Common,0.0,126.0,5000.0,12000.0,10000.0,0.0,0.0
2025-01-04 00:00:00+05:30,324,Bowenpally,3,Bowenpally,130,Drumstick,130,Common,0.0,278.0,4000.0,10000.0,8000.0,0.0,0.0
2025-01-03 00:00:00+05:30,331,Vantimamidi,1612,Vantimamidi,146,Tamarind Sprout,146,Common,0.0,2.0,2000.0,2000.0,2000.0,0.0,0.0
2025-01-03 00:00:00+05:30,367,Gudimalkapur,1571,Gudumalkapur,155,Donda,155,Common,0.0,98.0,3000.0,3500.0,3200.0,0.0,0.0
2025-01-05 00:00:00+05:30,324,Bowenpally,3,Bowenpally,130,Drumstick,130,Common,0.0,310.0,6000.0,10000.0,9000.0,0.0,0.0
2025-01-04 00:00:00+05:30,367,Gudimalkapur,1571,Gudumalkapur,155,Donda,155,Common,0.0,73.0,2800.0,3000.0,2900.0,0.0,0.0
2025-01-05 00:00:00+05:30,367,Gudimalkapur,1571,Gudumalkapur,155,Donda,155,Common,0.0,36.0,2600.0,3000.0,2800.0,0.0,0.0
2025-01-05 00:00:00+05:30,331,Vantimamidi,1612,Vantimamidi,146,Tamarind Sprout,146,Common,0.0,3.0,2200.0,2200.0,2200.0,0.0,0.0
2025-01-06 00:00:00+05:30,324,Bowenpally,3,Bowenpally,130,Drumstick,130,Common,0.0,216.0,3000.0,8000.0,7000.0,0.0,0.0
2025-01-06 00:00:00+05:30,367,Gudimalkapur,1571,Gudumalkapur,155,Donda,155,Common,0.0,63.0,2500.0,3200.0,2800.0,0.0,0.0
2025-01-07 00:00:00+05:30,324,Bowenpally,3,Bowenpally,130,Drumstick,130,Common,0.0,224.0,3000.0,8000.0,6000.0,0.0,0.0
2025-01-07 00:00:00+05:30,367,Gudimalkapur,1571,Gudumalkapur,155,Donda,155,Common,0.0,60.0,2800.0,4000.0,3000.0,0.0,0.0
2025-01-08 00:00:00+05:30,324,Bowenpally,3,Bowenpally,130,Drumstick,130,Common,0.0,152.0,3000.0,8000.0,7000.0,0.0,0.0
2025-01-08 00:00:00+05:30,367,Gudimalkapur,1571,Gudumalkapur,155,Donda,155,Common,0.0,109.0,2500.0,4000.0,3000.0,0.0,0.0
2025-01-09 00:00:00+05:30,324,Bowenpally,3,Bowenpally,130,Drumstick,130,Common,0.0,127.0,4000.0,10000.0,8000.0,0.0,0.0
2025-01-09 00:00:00+05:30,367,Gudimalkapur,1571,Gudumalkapur,155,Donda,155,Common,0.0,41.0,3000.0,3500.0,3000.0,0.0,0.0
2025-01-09 00:00:00+05:30,331,Vantimamidi,1612,Vantimamidi,146,Tamarind Sprout,146,Common,0.0,6.0,2000.0,2000.0,2000.0,0.0,0.0
2025-01-10 00:00:00+05:30,324,Bowenpally,3,Bowenpally,130,Drumstick,130,Common,0.0,185.0,3000.0,8000.0,6000.0,0.0,0.0
2025-01-10 00:00:00+05:30,367,Gudimalkapur,1571,Gudumalkapur,155,Donda,155,Common,0.0,55.0,3000.0,3600.0,3200.0,0.0,0.0
2025-01-11 00:00:00+05:30,324,Bowenpally,3,Bowenpally,130,Drumstick,130,Common,0.0,95.0,3000.0,9000.0,7000.0,0.0,0.0
2025-01-12 00:00:00+05:30,324,Bowenpally,3,Bowenpally,130,Drumstick,130,Common,0.0,163.0,5000.0,9000.0,8000.0,0.0,0.0
2025-01-11 00:00:00+05:30,367,Gudimalkapur,1571,Gudumalkapur,155,Donda,155,Common,0.0,91.0,3200.0,4000.0,3500.0,0.0,0.0
2025-01-12 00:00:00+05:30,367,Gudimalkapur,1571,Gudumalkapur,155,Donda,155,Common,0.0,74.0,2500.0,4000.0,3000.0,0.0,0.0
2025-01-13 00:00:00+05:30,324,Bowenpally,3,Bowenpally,130,Drumstick,130,Common,0.0,140.0,3000.0,8000.0,7000.0,0.0,0.0
2025-01-13 00:00:00+05:30,367,Gudimalkapur,1571,Gudumalkapur,155,Donda,155,Common,0.0,57.0,2400.0,3600.0,3000.0,0.0,0.0
2025-01-14 00:00:00+05:30,324,Bowenpally,3,Bowenpally,130,Drumstick,130,Common,0.0,100.0,3000.0,6000.0,5000.0,0.0,0.0
2025-01-14 00:00:00+05:30,367,Gudimalkapur,1571,Gudumalkapur,155,Donda,155,Common,0.0,10.0,2400.0,3200.0,3000.0,0.0,0.0
2025-01-15 00:00:00+05:30,324,Bowenpally,3,Bowenpally,130,Drumstick,130,Common,0.0,73.0,3000.0,8000.0,6000.0,0.0,0.0
2025-01-15 00:00:00+05:30,331,Vantimamidi,1612,Vantimamidi,146,Tamarind Sprout,146,Common,0.0,1.0,2000.0,2000.0,2000.0,0.0,0.0
2025-01-15 00:00:00+05:30,367,Gudimalkapur,1571,Gudumalkapur,155,Donda,155,Common,0.0,11.0,3000.0,3000.0,3000.0,0.0,0.0
2025-01-16 00:00:00+05:30,324,Bowenpally,3,Bowenpally,130,Drumstick,130,Common,0.0,96.0,3000.0,7000.0,6000.0,0.0,0.0
2025-01-16 00:00:00+05:30,367,Gudimalkapur,1571,Gudumalkapur,155,Donda,155,Common,0.0,54.0,3000.0,3200.0,3000.0,0.0,0.0
2025-01-16 00:00:00+05:30,331,Vantimamidi,1612,Vantimamidi,146,Tamarind Sprout,146,Common,0.0,5.0,2000.0,2000.0,2000.0,0.0,0.0
2025-01-17 00:00:00+05:30,324,Bowenpally,3,Bowenpally,130,Drumstick,130,Common,0.0,265.0,2000.0,8000.0,6000.0,0.0,0.0
2025-01-18 00:00:00+05:30,324,Bowenpally,3,Bowenpally,130,Drumstick,130,Common,0.0,206.0,3000.0,7000.0,6000.0,0.0,0.0
2025-01-18 00:00:00+05:30,367,Gudimalkapur,1571,Gudumalkapur,155,Donda,155,Common,0.0,179.0,2500.0,3500.0,3000.0,0.0,0.0
2025-01-18 00:00:00+05:30,289,Sadasivpet,1200,Sadasivapet,219,Ajwan,269,Common,0.0,1.0,9369.0,9369.0,9369.0,0.0,0.0
2025-01-19 00:00:00+05:30,324,Bowenpally,3,Bowenpally,130,Drumstick,130,Common,0.0,202.0,4000.0,8000.0,7000.0,0.0,0.0
2025-01-18 00:00:00+05:30,331,Vantimamidi,1612,Vantimamidi,146,Tamarind Sprout,146,Common,0.0,5.0,2000.0,2000.0,2000.0,0.0,0.0
2025-01-20 00:00:00+05:30,324,Bowenpally,3,Bowenpally,130,Drumstick,130,Common,0.0,67.0,3000.0,8000.0,7000.0,0.0,0.0
2025-01-19 00:00:00+05:30,367,Gudimalkapur,1571,Gudumalkapur,155,Donda,155,Common,0.0,156.0,2800.0,3500.0,3000.0,0.0,0.0
2025-01-21 00:00:00+05:30,324,Bowenpally,3,Bowenpally,130,Drumstick,130,Common,0.0,216.0,2000.0,8000.0,6000.0,0.0,0.0
2025-01-20 00:00:00+05:30,367,Gudimalkapur,1571,Gudumalkapur,155,Donda,155,Common,0.0,82.0,2000.0,3000.0,2500.0,0.0,0.0
2025-01-22 00:00:00+05:30,324,Bowenpally,3,Bowenpally,130,Drumstick,130,Common,0.0,105.0,2000.0,9000.0,7000.0,0.0,0.0
2025-01-21 00:00:00+05:30,367,Gudimalkapur,1571,Gudumalkapur,155,Donda,155,Common,0.0,63.0,2000.0,2600.0,2300.0,0.0,0.0
2025-01-23 00:00:00+05:30,290,Siddipet,1193,Siddipet,69,Sunflower,69,Common,0.0,3.46,5013.0,5013.0,5013.0,0.0,0.0
2025-01-23 00:00:00+05:30,324,Bowenpally,3,Bowenpally,130,Drumstick,130,Common,0.0,142.0,3000.0,9000.0,7000.0,0.0,0.0
2025-01-22 00:00:00+05:30,367,Gudimalkapur,1571,Gudumalkapur,155,Donda,155,Common,0.0,43.0,1500.0,2000.0,1800.0,0.0,0.0
2025-01-24 00:00:00+05:30,324,Bowenpally,3,Bowenpally,130,Drumstick,130,Common,0.0,247.0,3000.0,8000.0,7000.0,0.0,0.0
2025-01-23 00:00:00+05:30,331,Vantimamidi,1612,Vantimamidi,146,Tamarind Sprout,146,Common,0.0,1.0,2000.0,2000.0,2000.0,0.0,0.0
2025-01-23 00:00:00+05:30,367,Gudimalkapur,1571,Gudumalkapur,155,Donda,155,Common,0.0,45.0,2500.0,3500.0,3000.0,0.0,0.0
2025-01-25 00:00:00+05:30,324,Bowenpally,3,Bowenpally,130,Drumstick,130,Common,0.0,187.0,2000.0,8000.0,6000.0,0.0,0.0
2025-01-24 00:00:00+05:30,331,Vantimamidi,1612,Vantimamidi,146,Tamarind Sprout,146,Common,0.0,3.0,2000.0,2000.0,2000.0,0.0,0.0
2025-01-24 00:00:00+05:30,367,Gudimalkapur,1571,Gudumalkapur,155,Donda,155,Common,0.0,50.0,2500.0,3500.0,3000.0,0.0,0.0
2025-01-26 00:00:00+05:30,324,Bowenpally,3,Bowenpally,130,Drumstick,130,Common,0.0,248.0,4000.0,8000.0,7000.0,0.0,0.0
2025-01-26 00:00:00+05:30,367,Gudimalkapur,1571,Gudumalkapur,155,Donda,155,Common,0.0,174.0,2500.0,3500.0,3000.0,0.0,0.0
2025-01-25 00:00:00+05:30,331,Vantimamidi,1612,Vantimamidi,146,Tamarind Sprout,146,Common,0.0,2.0,2000.0,2000.0,2000.0,0.0,0.0
2025-01-25 00:00:00+05:30,367,Gudimalkapur,1571,Gudumalkapur,155,Donda,155,Common,0.0,111.0,1500.0,3500.0,2500.0,0.0,0.0
2025-01-27 00:00:00+05:30,367,Gudimalkapur,1571,Gudumalkapur,155,Donda,155,Common,0.0,241.0,2000.0,3000.0,2500.0,0.0,0.0
2025-01-27 00:00:00+05:30,289,Sadasivpet,1200,Sadasivapet,219,Ajwan,269,Common,0.0,1.0,9009.0,9009.0,9009.0,0.0,0.0
2025-01-28 00:00:00+05:30,367,Gudimalkapur,1571,Gudumalkapur,155,Donda,155,Common,0.0,129.0,2000.0,3000.0,2200.0,0.0,0.0
2025-01-30 00:00:00+05:30,324,Bowenpally,3,Bowenpally,130,Drumstick,130,Common,0.0,486.0,3000.0,8000.0,6000.0,0.0,0.0
2025-01-30 00:00:00+05:30,367,Gudimalkapur,1571,Gudumalkapur,155,Donda,155,Common,0.0,148.0,1600.0,3000.0,2400.0,0.0,0.0
2025-01-31 00:00:00+05:30,324,Bowenpally,3,Bowenpally,130,Drumstick,130,Common,0.0,330.0,3000.0,8000.0,6000.0,0.0,0.0
2025-01-31 00:00:00+05:30,367,Gudimalkapur,1571,Gudumalkapur,155,Donda,155,Common,0.0,131.0,1200.0,3000.0,1500.0,0.0,0.0
2025-01-24 00:00:00+05:30,367,Gudimalkapur,1571,Gudumalkapur,156,Hari Boot,156,Common,0.0,71.0,1500.0,3500.0,2200.0,0.0,0.0
2025-01-24 00:00:00+05:30,331,Vantimamidi,1612,Vantimamidi,155,Donda,155,Common,0.0,5.0,2000.0,3200.0,2600.0,0.0,0.0
2025-01-25 00:00:00+05:30,324,Bowenpally,3,Bowenpally,147,Green Tamarind,147,Common,0.0,72.0,1500.0,3500.0,3000.0,0.0,0.0
2025-01-23 00:00:00+05:30,367,Gudimalkapur,1571,Gudumalkapur,156,Hari Boot,156,Common,0.0,85.0,1500.0,3500.0,2000.0,0.0,0.0
2025-01-23 00:00:00+05:30,331,Vantimamidi,1612,Vantimamidi,155,Donda,155,Common,0.0,5.0,2000.0,3000.0,2500.0,0.0,0.0
2025-01-24 00:00:00+05:30,324,Bowenpally,3,Bowenpally,147,Green Tamarind,147,Common,0.0,75.0,2000.0,4000.0,3500.0,0.0,0.0
2025-01-22 00:00:00+05:30,367,Gudimalkapur,1571,Gudumalkapur,156,Hari Boot,156,Common,0.0,88.0,2000.0,4000.0,2200.0,0.0,0.0
2025-01-22 00:00:00+05:30,331,Vantimamidi,1612,Vantimamidi,155,Donda,155,Common,0.0,7.0,2000.0,3000.0,2500.0,0.0,0.0
2025-01-23 00:00:00+05:30,324,Bowenpally,3,Bowenpally,147,Green Tamarind,147,Common,0.0,46.0,1000.0,3500.0,3000.0,0.0,0.0
2025-01-21 00:00:00+05:30,367,Gudimalkapur,1571,Gudumalkapur,156,Hari Boot,156,Common,0.0,56.0,2000.0,3000.0,2500.0,0.0,0.0
2025-01-21 00:00:00+05:30,331,Vantimamidi,1612,Vantimamidi,155,Donda,155,Common,0.0,5.0,2000.0,3000.0,2500.0,0.0,0.0
2025-01-22 00:00:00+05:30,324,Bowenpally,3,Bowenpally,147,Green Tamarind,147,Common,0.0,42.0,2000.0,3500.0,3000.0,0.0,0.0
2025-01-20 00:00:00+05:30,367,Gudimalkapur,1571,Gudumalkapur,156,Hari Boot,156,Common,0.0,113.0,2000.0,3500.0,2500.0,0.0,0.0
2025-01-20 00:00:00+05:30,331,Vantimamidi,1612,Vantimamidi,155,Donda,155,Common,0.0,3.0,2000.0,3000.0,2500.0,0.0,0.0
2025-01-21 00:00:00+05:30,324,Bowenpally,3,Bowenpally,147,Green Tamarind,147,Common,0.0,38.0,1500.0,3500.0,3000.0,0.0,0.0
2025-01-19 00:00:00+05:30,367,Gudimalkapur,1571,Gudumalkapur,156,Hari Boot,156,Common,0.0,50.0,1200.0,3000.0,2000.0,0.0,0.0
2025-01-19 00:00:00+05:30,331,Vantimamidi,1612,Vantimamidi,155,Donda,155,Common,0.0,7.0,2000.0,3500.0,2750.0,0.0,0.0
2025-01-20 00:00:00+05:30,324,Bowenpally,3,Bowenpally,147,Green Tamarind,147,Common,0.0,22.0,1000.0,3500.0,3000.0,0.0,0.0
2025-01-18 00:00:00+05:30,331,Vantimamidi,1612,Vantimamidi,155,Donda,155,Common,0.0,13.0,3000.0,4000.0,3500.0,0.0,0.0
2025-01-19 00:00:00+05:30,324,Bowenpally,3,Bowenpally,147,Green Tamarind,147,Common,0.0,91.0,1500.0,3500.0,3000.0,0.0,0.0
2025-01-18 00:00:00+05:30,367,Gudimalkapur,1571,Gudumalkapur,156,Hari Boot,156,Common,0.0,119.0,2000.0,3000.0,2500.0,0.0,0.0
2025-01-18 00:00:00+05:30,324,Bowenpally,3,Bowenpally,147,Green Tamarind,147,Common,0.0,56.0,2000.0,4500.0,3000.0,0.0,0.0
2025-01-17 00:00:00+05:30,331,Vantimamidi,1612,Vantimamidi,155,Donda,155,Common,0.0,14.0,3000.0,4000.0,3500.0,0.0,0.0
2025-01-17 00:00:00+05:30,324,Bowenpally,3,Bowenpally,147,Green Tamarind,147,Common,0.0,56.0,1500.0,4000.0,3000.0,0.0,0.0
2025-01-16 00:00:00+05:30,331,Vantimamidi,1612,Vantimamidi,155,Donda,155,Common,0.0,11.0,3000.0,4000.0,3500.0,0.0,0.0
2025-01-16 00:00:00+05:30,367,Gudimalkapur,1571,Gudumalkapur,156,Hari Boot,156,Common,0.0,86.0,2000.0,3500.0,2500.0,0.0,0.0
2025-01-16 00:00:00+05:30,324,Bowenpally,3,Bowenpally,147,Green Tamarind,147,Common,0.0,4.0,800.0,2000.0,1600.0,0.0,0.0
2025-01-15 00:00:00+05:30,367,Gudimalkapur,1571,Gudumalkapur,156,Hari Boot,156,Common,0.0,56.0,1800.0,3500.0,2200.0,0.0,0.0
2025-01-14 00:00:00+05:30,331,Vantimamidi,1612,Vantimamidi,155,Donda,155,Common,0.0,5.0,2000.0,3500.0,2750.0,0.0,0.0
2025-01-15 00:00:00+05:30,331,Vantimamidi,1612,Vantimamidi,155,Donda,155,Common,0.0,1.0,4000.0,4000.0,4000.0,0.0,0.0
2025-01-15 00:00:00+05:30,324,Bowenpally,3,Bowenpally,147,Green Tamarind,147,Common,0.0,9.0,800.0,2000.0,1600.0,0.0,0.0
2025-01-14 00:00:00+05:30,367,Gudimalkapur,1571,Gudumalkapur,156,Hari Boot,156,Common,0.0,50.0,1500.0,3000.0,2000.0,0.0,0.0
2025-01-13 00:00:00+05:30,331,Vantimamidi,1612,Vantimamidi,155,Donda,155,Common,0.0,8.0,4000.0,4000.0,4000.0,0.0,0.0
2025-01-13 00:00:00+05:30,367,Gudimalkapur,1571,Gudumalkapur,156,Hari Boot,156,Common,0.0,64.0,1500.0,3000.0,2000.0,0.0,0.0
2025-01-12 00:00:00+05:30,367,Gudimalkapur,1571,Gudumalkapur,156,Hari Boot,156,Common,0.0,98.0,1800.0,3000.0,2000.0,0.0,0.0
2025-01-12 00:00:00+05:30,331,Vantimamidi,1612,Vantimamidi,155,Donda,155,Common,0.0,9.0,2000.0,3500.0,2750.0,0.0,0.0
2025-01-11 00:00:00+05:30,367,Gudimalkapur,1571,Gudumalkapur,156,Hari Boot,156,Common,0.0,95.0,1500.0,3500.0,2500.0,0.0,0.0
2025-01-11 00:00:00+05:30,331,Vantimamidi,1612,Vantimamidi,155,Donda,155,Common,0.0,8.0,2000.0,4000.0,3000.0,0.0,0.0
2025-01-12 00:00:00+05:30,324,Bowenpally,3,Bowenpally,147,Green Tamarind,147,Common,0.0,10.0,1500.0,3500.0,2800.0,0.0,0.0
2025-01-10 00:00:00+05:30,367,Gudimalkapur,1571,Gudumalkapur,156,Hari Boot,156,Common,0.0,73.0,1800.0,3500.0,2000.0,0.0,0.0
2025-01-10 00:00:00+05:30,331,Vantimamidi,1612,Vantimamidi,155,Donda,155,Common,0.0,15.0,3000.0,4000.0,3500.0,0.0,0.0
2025-01-10 00:00:00+05:30,324,Bowenpally,3,Bowenpally,147,Green Tamarind,147,Common,0.0,23.0,1000.0,2500.0,2000.0,0.0,0.0
2025-01-09 00:00:00+05:30,331,Vantimamidi,1612,Vantimamidi,155,Donda,155,Common,0.0,7.0,3000.0,4000.0,3500.0,0.0,0.0
2025-01-09 00:00:00+05:30,367,Gudimalkapur,1571,Gudumalkapur,156,Hari Boot,156,Common,0.0,91.0,1800.0,3500.0,2500.0,0.0,0.0
2025-01-09 00:00:00+05:30,324,Bowenpally,3,Bowenpally,147,Green Tamarind,147,Common,0.0,53.0,2000.0,3500.0,3000.0,0.0,0.0
2025-01-08 00:00:00+05:30,367,Gudimalkapur,1571,Gudumalkapur,156,Hari Boot,156,Common,0.0,79.0,1500.0,3500.0,2000.0,0.0,0.0
2025-01-08 00:00:00+05:30,331,Vantimamidi,1612,Vantimamidi,155,Donda,155,Common,0.0,24.0,3000.0,4000.0,3500.0,0.0,0.0
2025-01-08 00:00:00+05:30,324,Bowenpally,3,Bowenpally,147,Green Tamarind,147,Common,0.0,56.0,1500.0,3500.0,3000.0,0.0,0.0
2025-01-07 00:00:00+05:30,367,Gudimalkapur,1571,Gudumalkapur,156,Hari Boot,156,Common,0.0,87.0,1800.0,3500.0,2500.0,0.0,0.0
2025-01-07 00:00:00+05:30,331,Vantimamidi,1612,Vantimamidi,155,Donda,155,Common,0.0,7.0,3000.0,4000.0,3500.0,0.0,0.0
2025-01-07 00:00:00+05:30,324,Bowenpally,3,Bowenpally,147,Green Tamarind,147,Common,0.0,56.0,1500.0,3500.0,3000.0,0.0,0.0
2025-01-06 00:00:00+05:30,367,Gudimalkapur,1571,Gudumalkapur,156,Hari Boot,156,Common,0.0,79.0,1500.0,3000.0,2000.0,0.0,0.0
2025-01-06 00:00:00+05:30,331,Vantimamidi,1612,Vantimamidi,155,Donda,155,Common,0.0,7.0,3000.0,4000.0,3500.0,0.0,0.0
2025-01-06 00:00:00+05:30,324,Bowenpally,3,Bowenpally,147,Green Tamarind,147,Common,0.0,59.0,1000.0,3500.0,3000.0,0.0,0.0
2025-01-05 00:00:00+05:30,331,Vantimamidi,1612,Vantimamidi,155,Donda,155,Common,0.0,6.0,3500.0,3500.0,3500.0,0.0,0.0
2025-01-05 00:00:00+05:30,367,Gudimalkapur,1571,Gudumalkapur,156,Hari Boot,156,Common,0.0,69.0,1800.0,3000.0,2000.0,0.0,0.0
2025-01-04 00:00:00+05:30,367,Gudimalkapur,1571,Gudumalkapur,156,Hari Boot,156,Common,0.0,69.0,1500.0,3200.0,2200.0,0.0,0.0
2025-01-04 00:00:00+05:30,331,Vantimamidi,1612,Vantimamidi,155,Donda,155,Common,0.0,11.0,2200.0,4000.0,3100.0,0.0,0.0
2025-01-05 00:00:00+05:30,324,Bowenpally,3,Bowenpally,147,Green Tamarind,147,Common,0.0,88.0,1500.0,3500.0,3000.0,0.0,0.0
2025-01-03 00:00:00+05:30,367,Gudimalkapur,1571,Gudumalkapur,156,Hari Boot,156,Common,0.0,96.0,1800.0,3200.0,2000.0,0.0,0.0
2025-01-03 00:00:00+05:30,331,Vantimamidi,1612,Vantimamidi,155,Donda,155,Common,0.0,11.0,2100.0,4000.0,3050.0,0.0,0.0
2025-01-04 00:00:00+05:30,324,Bowenpally,3,Bowenpally,147,Green Tamarind,147,Common,0.0,30.0,1500.0,3500.0,3000.0,0.0,0.0
2025-01-03 00:00:00+05:30,324,Bowenpally,3,Bowenpally,147,Green Tamarind,147,Common,0.0,30.0,1000.0,2000.0,1700.0,0.0,0.0
2025-01-02 00:00:00+05:30,367,Gudimalkapur,1571,Gudumalkapur,156,Hari Boot,156,Common,0.0,72.0,1800.0,3800.0,2500.0,0.0,0.0
2025-01-02 00:00:00+05:30,331,Vantimamidi,1612,Vantimamidi,155,Donda,155,Common,0.0,7.0,2000.0,4000.0,3000.0,0.0,0.0
2025-01-02 00:00:00+05:30,324,Bowenpally,3,Bowenpally,147,Green Tamarind,147,Common,0.0,3.0,1000.0,2000.0,1600.0,0.0,0.0
2025-01-01 00:00:00+05:30,331,Vantimamidi,1612,Vantimamidi,155,Donda,155,Common,0.0,5.0,2000.0,4000.0,3000.0,0.0,0.0
2025-01-31 00:00:00+05:30,367,Gudimalkapur,1571,Gudumalkapur,156,Hari Boot,156,Common,0.0,35.0,2500.0,4000.0,3000.0,0.0,0.0
2025-01-31 00:00:00+05:30,331,Vantimamidi,1612,Vantimamidi,155,Donda,155,Common,0.0,7.0,2000.0,2000.0,2000.0,0.0,0.0
2025-01-31 00:00:00+05:30,324,Bowenpally,3,Bowenpally,147,Green Tamarind,147,Common,0.0,32.0,3000.0,6000.0,5000.0,0.0,0.0
2025-01-30 00:00:00+05:30,367,Gudimalkapur,1571,Gudumalkapur,156,Hari Boot,156,Common,0.0,68.0,1800.0,3500.0,2500.0,0.0,0.0
2025-01-30 00:00:00+05:30,331,Vantimamidi,1612,Vantimamidi,155,Donda,155,Common,0.0,5.0,3000.0,3000.0,3000.0,0.0,0.0
2025-01-30 00:00:00+05:30,324,Bowenpally,3,Bowenpally,147,Green Tamarind,147,Common,0.0,53.0,2000.0,5000.0,4000.0,0.0,0.0
2025-01-28 00:00:00+05:30,367,Gudimalkapur,1571,Gudumalkapur,156,Hari Boot,156,Common,0.0,78.0,2000.0,4000.0,2600.0,0.0,0.0
2025-01-29 00:00:00+05:30,331,Vantimamidi,1612,Vantimamidi,155,Donda,155,Common,0.0,3.0,1500.0,2500.0,2000.0,0.0,0.0
2025-01-27 00:00:00+05:30,367,Gudimalkapur,1571,Gudumalkapur,156,Hari Boot,156,Common,0.0,66.0,2000.0,3500.0,2500.0,0.0,0.0
2025-01-27 00:00:00+05:30,331,Vantimamidi,1612,Vantimamidi,155,Donda,155,Common,0.0,4.0,1200.0,2000.0,1600.0,0.0,0.0
2025-01-26 00:00:00+05:30,331,Vantimamidi,1612,Vantimamidi,155,Donda,155,Common,0.0,6.0,3000.0,3000.0,3000.0,0.0,0.0
2025-01-25 00:00:00+05:30,367,Gudimalkapur,1571,Gudumalkapur,156,Hari Boot,156,Common,0.0,53.0,1800.0,3000.0,2000.0,0.0,0.0
2025-01-25 00:00:00+05:30,331,Vantimamidi,1612,Vantimamidi,155,Donda,155,Common,0.0,4.0,2500.0,3000.0,2750.0,0.0,0.0
2025-01-26 00:00:00+05:30,367,Gudimalkapur,1571,Gudumalkapur,156,Hari Boot,156,Common,0.0,63.0,1500.0,3000.0,2000.0,0.0,0.0
2025-01-26 00:00:00+05:30,324,Bowenpally,3,Bowenpally,147,Green Tamarind,147,Common,0.0,55.0,1500.0,3500.0,3000.0,0.0,0.0
2025-01-01 00:00:00+05:30,331,Vantimamidi,1612,Vantimamidi,195,Lobha,199,Common,0.0,5.0,1000.0,1800.0,1400.0,0.0,0.0
2025-01-02 00:00:00+05:30,324,Bowenpally,3,Bowenpally,148,Culinery Banana,148,Common,0.0,195.0,300.0,600.0,500.0,0.0,0.0
2025-01-02 00:00:00+05:30,246,Warangal,886,Warangal,54,Chillies(Dry),268,Talu,0.0,567.0,3000.0,6500.0,5000.0,0.0,0.0
2025-01-02 00:00:00+05:30,331,Vantimamidi,1612,Vantimamidi,195,Lobha,199,Common,0.0,8.0,1000.0,1800.0,1400.0,0.0,0.0
2025-01-02 00:00:00+05:30,367,Gudimalkapur,1571,Gudumalkapur,195,Lobha,199,Common,0.0,12.0,1200.0,1500.0,1300.0,0.0,0.0
2025-01-03 00:00:00+05:30,324,Bowenpally,3,Bowenpally,148,Culinery Banana,148,Common,0.0,129.0,200.0,600.0,500.0,0.0,0.0
2025-01-03 00:00:00+05:30,246,Warangal,886,Warangal,54,Chillies(Dry),268,Talu,0.0,443.0,3000.0,6000.0,5000.0,0.0,0.0
2025-01-04 00:00:00+05:30,324,Bowenpally,3,Bowenpally,148,Culinery Banana,148,Common,0.0,194.0,300.0,700.0,600.0,0.0,0.0
2025-01-03 00:00:00+05:30,331,Vantimamidi,1612,Vantimamidi,195,Lobha,199,Common,0.0,7.0,1000.0,1700.0,1350.0,0.0,0.0
2025-01-03 00:00:00+05:30,367,Gudimalkapur,1571,Gudumalkapur,195,Lobha,199,Common,0.0,8.0,1000.0,1600.0,1200.0,0.0,0.0
2025-01-05 00:00:00+05:30,324,Bowenpally,3,Bowenpally,148,Culinery Banana,148,Common,0.0,358.0,200.0,700.0,600.0,0.0,0.0
2025-01-04 00:00:00+05:30,331,Vantimamidi,1612,Vantimamidi,195,Lobha,199,Common,0.0,4.0,1100.0,1800.0,1450.0,0.0,0.0
2025-01-04 00:00:00+05:30,367,Gudimalkapur,1571,Gudumalkapur,195,Lobha,199,Common,0.0,4.0,1500.0,2000.0,1500.0,0.0,0.0
2025-01-05 00:00:00+05:30,367,Gudimalkapur,1571,Gudumalkapur,195,Lobha,199,Common,0.0,3.0,1500.0,1500.0,1500.0,0.0,0.0
2025-01-05 00:00:00+05:30,331,Vantimamidi,1612,Vantimamidi,195,Lobha,199,Common,0.0,4.0,1000.0,1900.0,1450.0,0.0,0.0
2025-01-06 00:00:00+05:30,324,Bowenpally,3,Bowenpally,148,Culinery Banana,148,Common,0.0,185.0,200.0,600.0,500.0,0.0,0.0
2025-01-06 00:00:00+05:30,246,Warangal,886,Warangal,54,Chillies(Dry),268,Talu,0.0,587.0,3000.0,6000.0,5000.0,0.0,0.0
2025-01-06 00:00:00+05:30,331,Vantimamidi,1612,Vantimamidi,195,Lobha,199,Common,0.0,6.0,1300.0,2000.0,1650.0,0.0,0.0
2025-01-06 00:00:00+05:30,367,Gudimalkapur,1571,Gudumalkapur,195,Lobha,199,Common,0.0,3.0,1000.0,1500.0,1200.0,0.0,0.0
2025-01-07 00:00:00+05:30,324,Bowenpally,3,Bowenpally,148,Culinery Banana,148,Common,0.0,245.0,200.0,600.0,500.0,0.0,0.0
2025-01-07 00:00:00+05:30,246,Warangal,886,Warangal,54,Chillies(Dry),268,Talu,0.0,562.0,3000.0,6500.0,5000.0,0.0,0.0
2025-01-07 00:00:00+05:30,331,Vantimamidi,1612,Vantimamidi,195,Lobha,199,Common,0.0,6.0,1500.0,2000.0,1750.0,0.0,0.0
2025-01-07 00:00:00+05:30,367,Gudimalkapur,1571,Gudumalkapur,195,Lobha,199,Common,0.0,1.0,1500.0,1500.0,1500.0,0.0,0.0
2025-01-08 00:00:00+05:30,324,Bowenpally,3,Bowenpally,148,Culinery Banana,148,Common,0.0,196.0,200.0,600.0,500.0,0.0,0.0
2025-01-08 00:00:00+05:30,246,Warangal,886,Warangal,54,Chillies(Dry),268,Talu,0.0,646.0,3000.0,6500.0,5000.0,0.0,0.0
2025-01-08 00:00:00+05:30,331,Vantimamidi,1612,Vantimamidi,195,Lobha,199,Common,0.0,18.0,1600.0,2100.0,1850.0,0.0,0.0
2025-01-08 00:00:00+05:30,367,Gudimalkapur,1571,Gudumalkapur,195,Lobha,199,Common,0.0,5.0,1000.0,1500.0,1200.0,0.0,0.0
2025-01-09 00:00:00+05:30,324,Bowenpally,3,Bowenpally,148,Culinery Banana,148,Common,0.0,291.0,200.0,600.0,500.0,0.0,0.0
2025-01-09 00:00:00+05:30,246,Warangal,886,Warangal,54,Chillies(Dry),268,Talu,0.0,522.0,3000.0,6000.0,5000.0,0.0,0.0
2025-01-09 00:00:00+05:30,367,Gudimalkapur,1571,Gudumalkapur,195,Lobha,199,Common,0.0,10.0,1000.0,1500.0,1000.0,0.0,0.0
2025-01-09 00:00:00+05:30,331,Vantimamidi,1612,Vantimamidi,195,Lobha,199,Common,0.0,4.0,1500.0,2000.0,1750.0,0.0,0.0
2025-01-10 00:00:00+05:30,324,Bowenpally,3,Bowenpally,148,Culinery Banana,148,Common,0.0,157.0,200.0,600.0,500.0,0.0,0.0
2025-01-10 00:00:00+05:30,246,Warangal,886,Warangal,54,Chillies(Dry),268,Talu,0.0,687.0,2500.0,6000.0,4500.0,0.0,0.0
2025-01-10 00:00:00+05:30,331,Vantimamidi,1612,Vantimamidi,195,Lobha,199,Common,0.0,10.0,1800.0,2000.0,1900.0,0.0,0.0
2025-01-10 00:00:00+05:30,367,Gudimalkapur,1571,Gudumalkapur,195,Lobha,199,Common,0.0,11.0,1500.0,2000.0,1500.0,0.0,0.0
2025-01-12 00:00:00+05:30,324,Bowenpally,3,Bowenpally,148,Culinery Banana,148,Common,0.0,627.0,200.0,600.0,500.0,0.0,0.0
2025-01-11 00:00:00+05:30,331,Vantimamidi,1612,Vantimamidi,195,Lobha,199,Common,0.0,9.0,1800.0,2000.0,1900.0,0.0,0.0
2025-01-11 00:00:00+05:30,367,Gudimalkapur,1571,Gudumalkapur,195,Lobha,199,Common,0.0,6.0,900.0,1100.0,1000.0,0.0,0.0
2025-01-11 00:00:00+05:30,324,Bowenpally,3,Bowenpally,148,Culinery Banana,148,Common,0.0,207.0,200.0,600.0,500.0,0.0,0.0
2025-01-12 00:00:00+05:30,331,Vantimamidi,1612,Vantimamidi,195,Lobha,199,Common,0.0,6.0,1000.0,2000.0,1500.0,0.0,0.0
2025-01-12 00:00:00+05:30,367,Gudimalkapur,1571,Gudumalkapur,195,Lobha,199,Common,0.0,6.0,1500.0,3000.0,2000.0,0.0,0.0
2025-01-13 00:00:00+05:30,367,Gudimalkapur,1571,Gudumalkapur,195,Lobha,199,Common,0.0,3.0,600.0,1600.0,1000.0,0.0,0.0
2025-01-13 00:00:00+05:30,331,Vantimamidi,1612,Vantimamidi,195,Lobha,199,Common,0.0,14.0,1400.0,1800.0,1600.0,0.0,0.0
2025-01-14 00:00:00+05:30,367,Gudimalkapur,1571,Gudumalkapur,195,Lobha,199,Common,0.0,8.0,600.0,1000.0,600.0,0.0,0.0
2025-01-15 00:00:00+05:30,324,Bowenpally,3,Bowenpally,148,Culinery Banana,148,Common,0.0,78.0,300.0,600.0,500.0,0.0,0.0
2025-01-15 00:00:00+05:30,331,Vantimamidi,1612,Vantimamidi,195,Lobha,199,Common,0.0,9.0,1200.0,1800.0,1500.0,0.0,0.0
2025-01-14 00:00:00+05:30,331,Vantimamidi,1612,Vantimamidi,195,Lobha,199,Common,0.0,8.0,1000.0,1500.0,1250.0,0.0,0.0
2025-01-16 00:00:00+05:30,324,Bowenpally,3,Bowenpally,148,Culinery Banana,148,Common,0.0,93.0,300.0,500.0,450.0,0.0,0.0
2025-01-16 00:00:00+05:30,246,Warangal,886,Warangal,54,Chillies(Dry),268,Talu,0.0,379.0,2500.0,6000.0,5000.0,0.0,0.0
2025-01-16 00:00:00+05:30,367,Gudimalkapur,1571,Gudumalkapur,195,Lobha,199,Common,0.0,8.0,1000.0,1000.0,1000.0,0.0,0.0
2025-01-16 00:00:00+05:30,331,Vantimamidi,1612,Vantimamidi,195,Lobha,199,Common,0.0,22.0,1200.0,2000.0,1600.0,0.0,0.0
2025-01-17 00:00:00+05:30,324,Bowenpally,3,Bowenpally,148,Culinery Banana,148,Common,0.0,145.0,200.0,600.0,500.0,0.0,0.0
2025-01-17 00:00:00+05:30,246,Warangal,886,Warangal,54,Chillies(Dry),268,Talu,0.0,579.0,3000.0,6500.0,5000.0,0.0,0.0
2025-01-17 00:00:00+05:30,331,Vantimamidi,1612,Vantimamidi,195,Lobha,199,Common,0.0,21.0,900.0,1800.0,1350.0,0.0,0.0
2025-01-18 00:00:00+05:30,324,Bowenpally,3,Bowenpally,148,Culinery Banana,148,Common,0.0,224.0,200.0,600.0,500.0,0.0,0.0
2025-01-18 00:00:00+05:30,367,Gudimalkapur,1571,Gudumalkapur,195,Lobha,199,Common,0.0,5.0,900.0,1200.0,1000.0,0.0,0.0
2025-01-19 00:00:00+05:30,324,Bowenpally,3,Bowenpally,148,Culinery Banana,148,Common,0.0,199.0,200.0,700.0,600.0,0.0,0.0
2025-01-18 00:00:00+05:30,331,Vantimamidi,1612,Vantimamidi,195,Lobha,199,Common,0.0,11.0,1000.0,1800.0,1400.0,0.0,0.0
2025-01-20 00:00:00+05:30,324,Bowenpally,3,Bowenpally,148,Culinery Banana,148,Common,0.0,155.0,200.0,600.0,500.0,0.0,0.0
2025-01-19 00:00:00+05:30,331,Vantimamidi,1612,Vantimamidi,195,Lobha,199,Common,0.0,4.0,1200.0,2000.0,1600.0,0.0,0.0
2025-01-19 00:00:00+05:30,367,Gudimalkapur,1571,Gudumalkapur,195,Lobha,199,Common,0.0,1.0,2000.0,2000.0,2000.0,0.0,0.0
2025-01-20 00:00:00+05:30,246,Warangal,886,Warangal,54,Chillies(Dry),268,Talu,0.0,785.0,2500.0,6000.0,5000.0,0.0,0.0
2025-01-21 00:00:00+05:30,324,Bowenpally,3,Bowenpally,148,Culinery Banana,148,Common,0.0,66.0,300.0,600.0,500.0,0.0,0.0
2025-01-20 00:00:00+05:30,331,Vantimamidi,1612,Vantimamidi,195,Lobha,199,Common,0.0,6.0,1000.0,1500.0,1250.0,0.0,0.0
2025-01-20 00:00:00+05:30,367,Gudimalkapur,1571,Gudumalkapur,195,Lobha,199,Common,0.0,4.0,1500.0,2000.0,1500.0,0.0,0.0
2025-01-21 00:00:00+05:30,246,Warangal,886,Warangal,54,Chillies(Dry),268,Talu,0.0,544.0,2500.0,6000.0,5000.0,0.0,0.0
2025-01-22 00:00:00+05:30,324,Bowenpally,3,Bowenpally,148,Culinery Banana,148,Common,0.0,252.0,200.0,600.0,500.0,0.0,0.0
2025-01-21 00:00:00+05:30,331,Vantimamidi,1612,Vantimamidi,195,Lobha,199,Common,0.0,6.0,700.0,1000.0,850.0,0.0,0.0
2025-01-21 00:00:00+05:30,367,Gudimalkapur,1571,Gudumalkapur,195,Lobha,199,Common,0.0,1.0,600.0,1600.0,1000.0,0.0,0.0
2025-01-22 00:00:00+05:30,246,Warangal,886,Warangal,54,Chillies(Dry),268,Talu,0.0,686.0,3000.0,6500.0,5000.0,0.0,0.0
2025-01-23 00:00:00+05:30,324,Bowenpally,3,Bowenpally,148,Culinery Banana,148,Common,0.0,158.0,200.0,600.0,500.0,0.0,0.0
2025-01-22 00:00:00+05:30,331,Vantimamidi,1612,Vantimamidi,195,Lobha,199,Common,0.0,8.0,600.0,1000.0,800.0,0.0,0.0
2025-01-22 00:00:00+05:30,367,Gudimalkapur,1571,Gudumalkapur,195,Lobha,199,Common,0.0,5.0,1000.0,1000.0,1000.0,0.0,0.0
2025-01-23 00:00:00+05:30,246,Warangal,886,Warangal,54,Chillies(Dry),268,Talu,0.0,684.0,3000.0,6000.0,5000.0,0.0,0.0
2025-01-24 00:00:00+05:30,324,Bowenpally,3,Bowenpally,148,Culinery Banana,148,Common,0.0,198.0,200.0,600.0,500.0,0.0,0.0
2025-01-23 00:00:00+05:30,331,Vantimamidi,1612,Vantimamidi,195,Lobha,199,Common,0.0,5.0,1000.0,1500.0,1250.0,0.0,0.0
2025-01-23 00:00:00+05:30,367,Gudimalkapur,1571,Gudumalkapur,195,Lobha,199,Common,0.0,2.0,1500.0,1500.0,1500.0,0.0,0.0
2025-01-24 00:00:00+05:30,246,Warangal,886,Warangal,54,Chillies(Dry),268,Talu,0.0,767.0,3000.0,6500.0,5000.0,0.0,0.0
2025-01-25 00:00:00+05:30,324,Bowenpally,3,Bowenpally,148,Culinery Banana,148,Common,0.0,164.0,300.0,700.0,600.0,0.0,0.0
2025-01-24 00:00:00+05:30,331,Vantimamidi,1612,Vantimamidi,195,Lobha,199,Common,0.0,11.0,900.0,1500.0,1200.0,0.0,0.0
2025-01-24 00:00:00+05:30,367,Gudimalkapur,1571,Gudumalkapur,195,Lobha,199,Common,0.0,2.0,1000.0,1500.0,1000.0,0.0,0.0
2025-01-26 00:00:00+05:30,324,Bowenpally,3,Bowenpally,148,Culinery Banana,148,Common,0.0,289.0,200.0,600.0,500.0,0.0,0.0
2025-01-26 00:00:00+05:30,367,Gudimalkapur,1571,Gudumalkapur,195,Lobha,199,Common,0.0,7.0,800.0,1000.0,900.0,0.0,0.0
2025-01-25 00:00:00+05:30,331,Vantimamidi,1612,Vantimamidi,195,Lobha,199,Common,0.0,9.0,800.0,1200.0,1000.0,0.0,0.0
2025-01-25 00:00:00+05:30,367,Gudimalkapur,1571,Gudumalkapur,195,Lobha,199,Common,0.0,2.0,1000.0,1500.0,1000.0,0.0,0.0
2025-01-26 00:00:00+05:30,331,Vantimamidi,1612,Vantimamidi,195,Lobha,199,Common,0.0,22.0,600.0,1000.0,800.0,0.0,0.0
2025-01-27 00:00:00+05:30,246,Warangal,886,Warangal,54,Chillies(Dry),268,Talu,0.0,958.0,2500.0,6000.0,4500.0,0.0,0.0
2025-01-27 00:00:00+05:30,331,Vantimamidi,1612,Vantimamidi,195,Lobha,199,Common,0.0,20.0,500.0,1500.0,1000.0,0.0,0.0
2025-01-27 00:00:00+05:30,367,Gudimalkapur,1571,Gudumalkapur,195,Lobha,199,Common,0.0,11.0,600.0,1000.0,800.0,0.0,0.0
2025-01-29 00:00:00+05:30,331,Vantimamidi,1612,Vantimamidi,195,Lobha,199,Common,0.0,35.0,800.0,1500.0,1150.0,0.0,0.0
2025-01-28 00:00:00+05:30,367,Gudimalkapur,1571,Gudumalkapur,195,Lobha,199,Common,0.0,4.0,1500.0,1500.0,1500.0,0.0,0.0
2025-01-28 00:00:00+05:30,246,Warangal,886,Warangal,54,Chillies(Dry),268,Talu,0.0,752.0,3000.0,7000.0,6000.0,0.0,0.0
2025-01-30 00:00:00+05:30,324,Bowenpally,3,Bowenpally,148,Culinery Banana,148,Common,0.0,279.0,200.0,600.0,500.0,0.0,0.0
2025-01-30 00:00:00+05:30,331,Vantimamidi,1612,Vantimamidi,195,Lobha,199,Common,0.0,23.0,800.0,1200.0,1000.0,0.0,0.0
2025-01-30 00:00:00+05:30,367,Gudimalkapur,1571,Gudumalkapur,195,Lobha,199,Common,0.0,11.0,1000.0,1500.0,1000.0,0.0,0.0
2025-01-31 00:00:00+05:30,324,Bowenpally,3,Bowenpally,148,Culinery Banana,148,Common,0.0,182.0,200.0,600.0,500.0,0.0,0.0
2025-01-31 00:00:00+05:30,331,Vantimamidi,1612,Vantimamidi,195,Lobha,199,Common,0.0,26.0,600.0,1200.0,900.0,0.0,0.0
2025-01-31 00:00:00+05:30,367,Gudimalkapur,1571,Gudumalkapur,195,Lobha,199,Common,0.0,11.0,900.0,1000.0,800.0,0.0,0.0
2025-01-25 00:00:00+05:30,324,Bowenpally,3,Bowenpally,154,Amla,154,Common,0.0,401.0,1500.0,4000.0,3200.0,0.0,0.0
2025-01-24 00:00:00+05:30,324,Bowenpally,3,Bowenpally,154,Amla,154,Common,0.0,184.0,1000.0,4000.0,3000.0,0.0,0.0
2025-01-23 00:00:00+05:30,324,Bowenpally,3,Bowenpally,154,Amla,154,Common,0.0,175.0,1000.0,3500.0,3000.0,0.0,0.0
2025-01-22 00:00:00+05:30,324,Bowenpally,3,Bowenpally,154,Amla,154,Common,0.0,207.0,1000.0,4000.0,3000.0,0.0,0.0
2025-01-21 00:00:00+05:30,324,Bowenpally,3,Bowenpally,154,Amla,154,Common,0.0,112.0,1000.0,3600.0,3000.0,0.0,0.0
2025-01-20 00:00:00+05:30,324,Bowenpally,3,Bowenpally,154,Amla,154,Common,0.0,186.0,1000.0,3800.0,2800.0,0.0,0.0
2025-01-19 00:00:00+05:30,324,Bowenpally,3,Bowenpally,154,Amla,154,Common,0.0,71.0,2000.0,3500.0,3000.0,0.0,0.0
2025-01-18 00:00:00+05:30,324,Bowenpally,3,Bowenpally,154,Amla,154,Common,0.0,112.0,1000.0,3200.0,2600.0,0.0,0.0
2025-01-17 00:00:00+05:30,324,Bowenpally,3,Bowenpally,154,Amla,154,Common,0.0,64.0,1000.0,3200.0,2600.0,0.0,0.0
2025-01-13 00:00:00+05:30,324,Bowenpally,3,Bowenpally,154,Amla,154,Common,0.0,110.0,1000.0,2500.0,2000.0,0.0,0.0
2025-01-11 00:00:00+05:30,324,Bowenpally,3,Bowenpally,154,Amla,154,Common,0.0,299.0,1000.0,3200.0,2500.0,0.0,0.0
2025-01-12 00:00:00+05:30,324,Bowenpally,3,Bowenpally,154,Amla,154,Common,0.0,70.0,1500.0,2800.0,2400.0,0.0,0.0
2025-01-10 00:00:00+05:30,324,Bowenpally,3,Bowenpally,154,Amla,154,Common,0.0,120.0,1000.0,3000.0,2500.0,0.0,0.0
2025-01-09 00:00:00+05:30,324,Bowenpally,3,Bowenpally,154,Amla,154,Common,0.0,258.0,1000.0,3300.0,2700.0,0.0,0.0
2025-01-08 00:00:00+05:30,324,Bowenpally,3,Bowenpally,154,Amla,154,Common,0.0,191.0,1000.0,3300.0,2700.0,0.0,0.0
2025-01-07 00:00:00+05:30,324,Bowenpally,3,Bowenpally,154,Amla,154,Common,0.0,364.0,1000.0,3300.0,2600.0,0.0,0.0
2025-01-06 00:00:00+05:30,324,Bowenpally,3,Bowenpally,154,Amla,154,Common,0.0,223.0,1000.0,3500.0,3000.0,0.0,0.0
2025-01-05 00:00:00+05:30,324,Bowenpally,3,Bowenpally,154,Amla,154,Common,0.0,375.0,1500.0,3000.0,2600.0,0.0,0.0
2025-01-04 00:00:00+05:30,324,Bowenpally,3,Bowenpally,154,Amla,154,Common,0.0,134.0,1000.0,3300.0,2800.0,0.0,0.0
2025-01-03 00:00:00+05:30,324,Bowenpally,3,Bowenpally,154,Amla,154,Common,0.0,174.0,1000.0,2800.0,2300.0,0.0,0.0
2025-01-02 00:00:00+05:30,324,Bowenpally,3,Bowenpally,154,Amla,154,Common,0.0,160.0,1000.0,2800.0,2400.0,0.0,0.0
2025-01-31 00:00:00+05:30,367,Gudimalkapur,1571,Gudumalkapur,197,Green Mangos,202,Common,0.0,1.0,6000.0,6000.0,6000.0,0.0,0.0
2025-01-31 00:00:00+05:30,324,Bowenpally,3,Bowenpally,154,Amla,154,Common,0.0,65.0,1000.0,3500.0,3000.0,0.0,0.0
2025-01-30 00:00:00+05:30,367,Gudimalkapur,1571,Gudumalkapur,197,Green Mangos,202,Common,0.0,1.0,7000.0,8000.0,7000.0,0.0,0.0
2025-01-30 00:00:00+05:30,324,Bowenpally,3,Bowenpally,154,Amla,154,Common,0.0,180.0,1000.0,3500.0,2800.0,0.0,0.0
2025-01-28 00:00:00+05:30,324,Bowenpally,3,Bowenpally,154,Amla,154,Common,0.0,242.0,1500.0,3500.0,3000.0,0.0,0.0
2025-01-27 00:00:00+05:30,367,Gudimalkapur,1571,Gudumalkapur,197,Green Mangos,202,Common,0.0,6.0,5000.0,5000.0,5000.0,0.0,0.0
2025-01-25 00:00:00+05:30,192,Jainath,26,Jainath,151,Lemon,151,Common,0.0,320.0,550.0,625.0,587.0,0.0,0.0
2025-01-02 00:00:00+05:30,324,Bowenpally,3,Bowenpally,155,Donda,155,Common,0.0,1037.0,800.0,4000.0,3200.0,0.0,0.0
2025-01-01 00:00:00+05:30,331,Vantimamidi,1612,Vantimamidi,234,Sweet Corn,280,Local,0.0,55.0,900.0,1800.0,1350.0,0.0,0.0
2025-01-02 00:00:00+05:30,208,Nizamabad,1080,Nizamabad,75,Soyabean,213,White,0.0,20.0,3208.0,4018.0,3928.0,0.0,0.0
2025-01-03 00:00:00+05:30,324,Bowenpally,3,Bowenpally,155,Donda,155,Common,0.0,629.0,1000.0,4000.0,3000.0,0.0,0.0
2025-01-02 00:00:00+05:30,367,Gudimalkapur,1571,Gudumalkapur,198,Arati-Green Plantain,203,Common,0.0,53.0,1000.0,2500.0,2000.0,0.0,0.0
2025-01-02 00:00:00+05:30,331,Vantimamidi,1612,Vantimamidi,234,Sweet Corn,280,Local,0.0,180.0,800.0,1800.0,1300.0,0.0,0.0
2025-01-03 00:00:00+05:30,208,Nizamabad,1080,Nizamabad,75,Soyabean,213,White,0.0,8.0,3795.0,3908.0,3908.0,0.0,0.0
2025-01-04 00:00:00+05:30,324,Bowenpally,3,Bowenpally,155,Donda,155,Common,0.0,786.0,800.0,4000.0,3200.0,0.0,0.0
2025-01-03 00:00:00+05:30,331,Vantimamidi,1612,Vantimamidi,234,Sweet Corn,280,Local,0.0,192.0,900.0,1700.0,1300.0,0.0,0.0
2025-01-03 00:00:00+05:30,367,Gudimalkapur,1571,Gudumalkapur,198,Arati-Green Plantain,203,Common,0.0,16.0,1500.0,2500.0,2000.0,0.0,0.0
2025-01-05 00:00:00+05:30,324,Bowenpally,3,Bowenpally,155,Donda,155,Common,0.0,719.0,2000.0,4000.0,3500.0,0.0,0.0
2025-01-04 00:00:00+05:30,367,Gudimalkapur,1571,Gudumalkapur,198,Arati-Green Plantain,203,Common,0.0,17.0,1500.0,2500.0,2000.0,0.0,0.0
2025-01-04 00:00:00+05:30,331,Vantimamidi,1612,Vantimamidi,234,Sweet Corn,280,Local,0.0,129.0,1000.0,1800.0,1400.0,0.0,0.0
2025-01-05 00:00:00+05:30,331,Vantimamidi,1612,Vantimamidi,234,Sweet Corn,280,Local,0.0,193.0,1100.0,1700.0,1400.0,0.0,0.0
2025-01-05 00:00:00+05:30,367,Gudimalkapur,1571,Gudumalkapur,198,Arati-Green Plantain,203,Common,0.0,33.0,2000.0,2500.0,2000.0,0.0,0.0
2025-01-06 00:00:00+05:30,324,Bowenpally,3,Bowenpally,155,Donda,155,Common,0.0,480.0,1000.0,4200.0,3400.0,0.0,0.0
2025-01-06 00:00:00+05:30,367,Gudimalkapur,1571,Gudumalkapur,198,Arati-Green Plantain,203,Common,0.0,18.0,2000.0,2500.0,2000.0,0.0,0.0
2025-01-06 00:00:00+05:30,331,Vantimamidi,1612,Vantimamidi,234,Sweet Corn,280,Local,0.0,85.0,1000.0,1800.0,1400.0,0.0,0.0
2025-01-06 00:00:00+05:30,208,Nizamabad,1080,Nizamabad,75,Soyabean,213,White,0.0,5.0,3564.0,3564.0,3564.0,0.0,0.0
2025-01-07 00:00:00+05:30,324,Bowenpally,3,Bowenpally,155,Donda,155,Common,0.0,815.0,1000.0,4200.0,3400.0,0.0,0.0
2025-01-07 00:00:00+05:30,367,Gudimalkapur,1571,Gudumalkapur,198,Arati-Green Plantain,203,Common,0.0,22.0,2000.0,2500.0,2000.0,0.0,0.0
2025-01-07 00:00:00+05:30,331,Vantimamidi,1612,Vantimamidi,234,Sweet Corn,280,Local,0.0,149.0,1000.0,1800.0,1400.0,0.0,0.0
2025-01-07 00:00:00+05:30,208,Nizamabad,1080,Nizamabad,75,Soyabean,213,White,0.0,40.0,3988.0,3408.0,4018.0,0.0,0.0
2025-01-08 00:00:00+05:30,324,Bowenpally,3,Bowenpally,155,Donda,155,Common,0.0,1073.0,1000.0,4300.0,3800.0,0.0,0.0
2025-01-08 00:00:00+05:30,367,Gudimalkapur,1571,Gudumalkapur,198,Arati-Green Plantain,203,Common,0.0,21.0,1500.0,2500.0,2000.0,0.0,0.0
2025-01-08 00:00:00+05:30,331,Vantimamidi,1612,Vantimamidi,234,Sweet Corn,280,Local,0.0,135.0,900.0,1800.0,1350.0,0.0,0.0
2025-01-08 00:00:00+05:30,208,Nizamabad,1080,Nizamabad,75,Soyabean,213,White,0.0,8.0,3800.0,4011.0,4011.0,0.0,0.0
2025-01-09 00:00:00+05:30,324,Bowenpally,3,Bowenpally,155,Donda,155,Common,0.0,755.0,1500.0,4300.0,3500.0,0.0,0.0
2025-01-09 00:00:00+05:30,331,Vantimamidi,1612,Vantimamidi,234,Sweet Corn,280,Local,0.0,113.0,600.0,1600.0,1100.0,0.0,0.0
2025-01-09 00:00:00+05:30,367,Gudimalkapur,1571,Gudumalkapur,198,Arati-Green Plantain,203,Common,0.0,23.0,2000.0,2500.0,2000.0,0.0,0.0
2025-01-10 00:00:00+05:30,324,Bowenpally,3,Bowenpally,155,Donda,155,Common,0.0,586.0,1000.0,4300.0,3000.0,0.0,0.0
2025-01-10 00:00:00+05:30,367,Gudimalkapur,1571,Gudumalkapur,198,Arati-Green Plantain,203,Common,0.0,13.0,2000.0,3000.0,2500.0,0.0,0.0
2025-01-10 00:00:00+05:30,331,Vantimamidi,1612,Vantimamidi,234,Sweet Corn,280,Local,0.0,79.0,700.0,1500.0,1100.0,0.0,0.0
2025-01-12 00:00:00+05:30,324,Bowenpally,3,Bowenpally,155,Donda,155,Common,0.0,627.0,2000.0,4300.0,3800.0,0.0,0.0
2025-01-11 00:00:00+05:30,367,Gudimalkapur,1571,Gudumalkapur,198,Arati-Green Plantain,203,Common,0.0,21.0,2000.0,2500.0,2000.0,0.0,0.0
2025-01-11 00:00:00+05:30,331,Vantimamidi,1612,Vantimamidi,234,Sweet Corn,280,Local,0.0,153.0,600.0,1500.0,1050.0,0.0,0.0
2025-01-11 00:00:00+05:30,324,Bowenpally,3,Bowenpally,155,Donda,155,Common,0.0,644.0,1000.0,4000.0,3000.0,0.0,0.0
2025-01-13 00:00:00+05:30,324,Bowenpally,3,Bowenpally,155,Donda,155,Common,0.0,294.0,500.0,3600.0,2800.0,0.0,0.0
2025-01-13 00:00:00+05:30,367,Gudimalkapur,1571,Gudumalkapur,198,Arati-Green Plantain,203,Common,0.0,6.0,2000.0,2500.0,2000.0,0.0,0.0
2025-01-12 00:00:00+05:30,367,Gudimalkapur,1571,Gudumalkapur,198,Arati-Green Plantain,203,Common,0.0,18.0,1000.0,3000.0,2000.0,0.0,0.0
2025-01-12 00:00:00+05:30,331,Vantimamidi,1612,Vantimamidi,234,Sweet Corn,280,Local,0.0,212.0,800.0,1800.0,1300.0,0.0,0.0
2025-01-14 00:00:00+05:30,331,Vantimamidi,1612,Vantimamidi,234,Sweet Corn,280,Local,0.0,18.0,1200.0,1800.0,1500.0,0.0,0.0
2025-01-15 00:00:00+05:30,367,Gudimalkapur,1571,Gudumalkapur,198,Arati-Green Plantain,203,Common,0.0,5.0,2000.0,2500.0,2000.0,0.0,0.0
2025-01-15 00:00:00+05:30,331,Vantimamidi,1612,Vantimamidi,234,Sweet Corn,280,Local,0.0,95.0,1000.0,1800.0,1400.0,0.0,0.0
2025-01-15 00:00:00+05:30,324,Bowenpally,3,Bowenpally,155,Donda,155,Common,0.0,110.0,800.0,4000.0,3200.0,0.0,0.0
2025-01-14 00:00:00+05:30,367,Gudimalkapur,1571,Gudumalkapur,198,Arati-Green Plantain,203,Common,0.0,111.0,2500.0,4500.0,3000.0,0.0,0.0
2025-01-13 00:00:00+05:30,331,Vantimamidi,1612,Vantimamidi,234,Sweet Corn,280,Local,0.0,30.0,1100.0,1700.0,1400.0,0.0,0.0
2025-01-14 00:00:00+05:30,324,Bowenpally,3,Bowenpally,155,Donda,155,Common,0.0,355.0,800.0,4300.0,3800.0,0.0,0.0
2025-01-17 00:00:00+05:30,324,Bowenpally,3,Bowenpally,155,Donda,155,Common,0.0,263.0,1500.0,4000.0,3200.0,0.0,0.0
2025-01-18 00:00:00+05:30,324,Bowenpally,3,Bowenpally,155,Donda,155,Common,0.0,489.0,1500.0,4000.0,3200.0,0.0,0.0
2025-01-17 00:00:00+05:30,331,Vantimamidi,1612,Vantimamidi,234,Sweet Corn,280,Local,0.0,254.0,600.0,1800.0,1200.0,0.0,0.0
2025-01-17 00:00:00+05:30,208,Nizamabad,1080,Nizamabad,75,Soyabean,213,White,0.0,3.0,3406.0,3406.0,3406.0,0.0,0.0
2025-01-16 00:00:00+05:30,331,Vantimamidi,1612,Vantimamidi,234,Sweet Corn,280,Local,0.0,353.0,1100.0,1700.0,1400.0,0.0,0.0
2025-01-16 00:00:00+05:30,367,Gudimalkapur,1571,Gudumalkapur,198,Arati-Green Plantain,203,Common,0.0,10.0,2000.0,3000.0,2500.0,0.0,0.0
2025-01-16 00:00:00+05:30,324,Bowenpally,3,Bowenpally,155,Donda,155,Common,0.0,89.0,800.0,4500.0,3500.0,0.0,0.0
2025-01-19 00:00:00+05:30,324,Bowenpally,3,Bowenpally,155,Donda,155,Common,0.0,850.0,1500.0,4000.0,3200.0,0.0,0.0
2025-01-18 00:00:00+05:30,331,Vantimamidi,1612,Vantimamidi,234,Sweet Corn,280,Local,0.0,140.0,800.0,1800.0,1300.0,0.0,0.0
2025-01-18 00:00:00+05:30,367,Gudimalkapur,1571,Gudumalkapur,198,Arati-Green Plantain,203,Common,0.0,8.0,2500.0,3500.0,3000.0,0.0,0.0
2025-01-20 00:00:00+05:30,324,Bowenpally,3,Bowenpally,155,Donda,155,Common,0.0,540.0,1500.0,3700.0,3200.0,0.0,0.0
2025-01-19 00:00:00+05:30,367,Gudimalkapur,1571,Gudumalkapur,198,Arati-Green Plantain,203,Common,0.0,24.0,2000.0,3000.0,2500.0,0.0,0.0
2025-01-19 00:00:00+05:30,331,Vantimamidi,1612,Vantimamidi,234,Sweet Corn,280,Local,0.0,220.0,900.0,1800.0,1350.0,0.0,0.0
2025-01-20 00:00:00+05:30,208,Nizamabad,1080,Nizamabad,75,Soyabean,213,White,0.0,6.0,3464.0,3464.0,3464.0,0.0,0.0
2025-01-21 00:00:00+05:30,324,Bowenpally,3,Bowenpally,155,Donda,155,Common,0.0,463.0,800.0,3300.0,2800.0,0.0,0.0
2025-01-20 00:00:00+05:30,367,Gudimalkapur,1571,Gudumalkapur,198,Arati-Green Plantain,203,Common,0.0,18.0,2000.0,3000.0,2000.0,0.0,0.0
2025-01-20 00:00:00+05:30,331,Vantimamidi,1612,Vantimamidi,234,Sweet Corn,280,Local,0.0,181.0,1000.0,1700.0,1350.0,0.0,0.0
2025-01-22 00:00:00+05:30,324,Bowenpally,3,Bowenpally,155,Donda,155,Common,0.0,237.0,1000.0,3000.0,2500.0,0.0,0.0
2025-01-21 00:00:00+05:30,367,Gudimalkapur,1571,Gudumalkapur,198,Arati-Green Plantain,203,Common,0.0,20.0,2000.0,2500.0,2000.0,0.0,0.0
2025-01-21 00:00:00+05:30,331,Vantimamidi,1612,Vantimamidi,234,Sweet Corn,280,Local,0.0,198.0,800.0,1800.0,1300.0,0.0,0.0
2025-01-22 00:00:00+05:30,246,Warangal,886,Warangal,54,Chillies(Dry),290,Desi,0.0,20.0,15000.0,18500.0,16500.0,0.0,0.0
2025-01-22 00:00:00+05:30,208,Nizamabad,1080,Nizamabad,75,Soyabean,213,White,0.0,5.0,3660.0,3888.0,3888.0,0.0,0.0
2025-01-23 00:00:00+05:30,324,Bowenpally,3,Bowenpally,155,Donda,155,Common,0.0,229.0,1500.0,4000.0,3200.0,0.0,0.0
2025-01-22 00:00:00+05:30,367,Gudimalkapur,1571,Gudumalkapur,198,Arati-Green Plantain,203,Common,0.0,3.0,3000.0,3000.0,3000.0,0.0,0.0
2025-01-22 00:00:00+05:30,331,Vantimamidi,1612,Vantimamidi,234,Sweet Corn,280,Local,0.0,265.0,800.0,1800.0,1300.0,0.0,0.0
2025-01-24 00:00:00+05:30,324,Bowenpally,3,Bowenpally,155,Donda,155,Common,0.0,307.0,1500.0,4000.0,3500.0,0.0,0.0
2025-01-23 00:00:00+05:30,367,Gudimalkapur,1571,Gudumalkapur,198,Arati-Green Plantain,203,Common,0.0,103.0,2000.0,3500.0,2500.0,0.0,0.0
2025-01-23 00:00:00+05:30,331,Vantimamidi,1612,Vantimamidi,234,Sweet Corn,280,Local,0.0,200.0,800.0,1800.0,1300.0,0.0,0.0
2025-01-24 00:00:00+05:30,208,Nizamabad,1080,Nizamabad,75,Soyabean,213,White,0.0,6.0,3711.0,3711.0,3711.0,0.0,0.0
2025-01-25 00:00:00+05:30,324,Bowenpally,3,Bowenpally,155,Donda,155,Common,0.0,559.0,800.0,4000.0,3200.0,0.0,0.0
2025-01-24 00:00:00+05:30,367,Gudimalkapur,1571,Gudumalkapur,198,Arati-Green Plantain,203,Common,0.0,16.0,2000.0,2500.0,2000.0,0.0,0.0
2025-01-24 00:00:00+05:30,331,Vantimamidi,1612,Vantimamidi,234,Sweet Corn,280,Local,0.0,125.0,800.0,1900.0,1350.0,0.0,0.0
2025-01-25 00:00:00+05:30,367,Gudimalkapur,1571,Gudumalkapur,198,Arati-Green Plantain,203,Common,0.0,29.0,2000.0,2500.0,2000.0,0.0,0.0
2025-01-25 00:00:00+05:30,331,Vantimamidi,1612,Vantimamidi,234,Sweet Corn,280,Local,0.0,193.0,700.0,1800.0,1250.0,0.0,0.0
2025-01-26 00:00:00+05:30,367,Gudimalkapur,1571,Gudumalkapur,198,Arati-Green Plantain,203,Common,0.0,29.0,1500.0,2000.0,1500.0,0.0,0.0
2025-01-26 00:00:00+05:30,324,Bowenpally,3,Bowenpally,155,Donda,155,Common,0.0,750.0,2000.0,4000.0,3500.0,0.0,0.0
2025-01-27 00:00:00+05:30,367,Gudimalkapur,1571,Gudumalkapur,198,Arati-Green Plantain,203,Common,0.0,23.0,2000.0,2500.0,2000.0,0.0,0.0
2025-01-27 00:00:00+05:30,331,Vantimamidi,1612,Vantimamidi,234,Sweet Corn,280,Local,0.0,272.0,500.0,1200.0,850.0,0.0,0.0
2025-01-26 00:00:00+05:30,331,Vantimamidi,1612,Vantimamidi,234,Sweet Corn,280,Local,0.0,192.0,600.0,1800.0,1200.0,0.0,0.0
2025-01-28 00:00:00+05:30,246,Warangal,886,Warangal,54,Chillies(Dry),290,Desi,0.0,7.0,19000.0,19000.0,19000.0,0.0,0.0
2025-01-28 00:00:00+05:30,208,Nizamabad,1080,Nizamabad,75,Soyabean,213,White,0.0,5.0,3576.0,3576.0,3576.0,0.0,0.0
2025-01-28 00:00:00+05:30,367,Gudimalkapur,1571,Gudumalkapur,198,Arati-Green Plantain,203,Common,0.0,19.0,2000.0,2500.0,2000.0,0.0,0.0
2025-01-29 00:00:00+05:30,331,Vantimamidi,1612,Vantimamidi,234,Sweet Corn,280,Local,0.0,209.0,700.0,1800.0,1250.0,0.0,0.0
2025-01-30 00:00:00+05:30,324,Bowenpally,3,Bowenpally,155,Donda,155,Common,0.0,499.0,1000.0,3000.0,2500.0,0.0,0.0
2025-01-30 00:00:00+05:30,367,Gudimalkapur,1571,Gudumalkapur,198,Arati-Green Plantain,203,Common,0.0,22.0,1000.0,2000.0,1500.0,0.0,0.0
2025-01-30 00:00:00+05:30,208,Nizamabad,1080,Nizamabad,75,Soyabean,213,White,0.0,50.0,3525.0,3852.0,3852.0,0.0,0.0
2025-01-30 00:00:00+05:30,331,Vantimamidi,1612,Vantimamidi,234,Sweet Corn,280,Local,0.0,265.0,700.0,1800.0,1250.0,0.0,0.0
2025-01-31 00:00:00+05:30,324,Bowenpally,3,Bowenpally,155,Donda,155,Common,0.0,648.0,1000.0,3000.0,2500.0,0.0,0.0
2025-01-31 00:00:00+05:30,367,Gudimalkapur,1571,Gudumalkapur,198,Arati-Green Plantain,203,Common,0.0,14.0,1000.0,2000.0,1500.0,0.0,0.0
2025-01-31 00:00:00+05:30,331,Vantimamidi,1612,Vantimamidi,234,Sweet Corn,280,Local,0.0,160.0,600.0,1600.0,1100.0,0.0,0.0
2025-01-24 00:00:00+05:30,367,Gudimalkapur,1571,Gudumalkapur,199,Capsicum,204,Common,0.0,101.0,1000.0,3500.0,2000.0,0.0,0.0
2025-01-25 00:00:00+05:30,324,Bowenpally,3,Bowenpally,195,Lobha,199,Common,0.0,11.0,500.0,1500.0,1200.0,0.0,0.0
2025-01-23 00:00:00+05:30,367,Gudimalkapur,1571,Gudumalkapur,199,Capsicum,204,Common,0.0,77.0,2000.0,3000.0,2200.0,0.0,0.0
2025-01-24 00:00:00+05:30,324,Bowenpally,3,Bowenpally,195,Lobha,199,Common,0.0,6.0,500.0,1500.0,1200.0,0.0,0.0
2025-01-22 00:00:00+05:30,367,Gudimalkapur,1571,Gudumalkapur,199,Capsicum,204,Common,0.0,65.0,1000.0,3500.0,2000.0,0.0,0.0
2025-01-23 00:00:00+05:30,324,Bowenpally,3,Bowenpally,195,Lobha,199,Common,0.0,2.0,700.0,2000.0,1600.0,0.0,0.0
2025-01-21 00:00:00+05:30,367,Gudimalkapur,1571,Gudumalkapur,199,Capsicum,204,Common,0.0,115.0,1500.0,3500.0,2000.0,0.0,0.0
2025-01-22 00:00:00+05:30,324,Bowenpally,3,Bowenpally,195,Lobha,199,Common,0.0,11.0,1000.0,1500.0,3000.0,0.0,0.0
2025-01-20 00:00:00+05:30,367,Gudimalkapur,1571,Gudumalkapur,199,Capsicum,204,Common,0.0,163.0,1500.0,3500.0,2000.0,0.0,0.0
2025-01-21 00:00:00+05:30,324,Bowenpally,3,Bowenpally,195,Lobha,199,Common,0.0,11.0,500.0,2000.0,1600.0,0.0,0.0
2025-01-19 00:00:00+05:30,367,Gudimalkapur,1571,Gudumalkapur,199,Capsicum,204,Common,0.0,152.0,1000.0,3500.0,2000.0,0.0,0.0
2025-01-20 00:00:00+05:30,324,Bowenpally,3,Bowenpally,195,Lobha,199,Common,0.0,8.0,1000.0,2000.0,1800.0,0.0,0.0
2025-01-18 00:00:00+05:30,367,Gudimalkapur,1571,Gudumalkapur,199,Capsicum,204,Common,0.0,154.0,2000.0,4000.0,3000.0,0.0,0.0
2025-01-19 00:00:00+05:30,324,Bowenpally,3,Bowenpally,195,Lobha,199,Common,0.0,9.0,1000.0,1500.0,1400.0,0.0,0.0
2025-01-16 00:00:00+05:30,324,Bowenpally,3,Bowenpally,195,Lobha,199,Common,0.0,30.0,500.0,1500.0,1200.0,0.0,0.0
2025-01-16 00:00:00+05:30,367,Gudimalkapur,1571,Gudumalkapur,199,Capsicum,204,Common,0.0,123.0,1500.0,4000.0,2500.0,0.0,0.0
2025-01-16 00:00:00+05:30,208,Nizamabad,1080,Nizamabad,75,Soyabean,214,Yellow,0.0,19.0,3911.0,3911.0,3911.0,0.0,0.0
2025-01-18 00:00:00+05:30,324,Bowenpally,3,Bowenpally,195,Lobha,199,Common,0.0,13.0,1000.0,2000.0,1700.0,0.0,0.0
2025-01-17 00:00:00+05:30,324,Bowenpally,3,Bowenpally,195,Lobha,199,Common,0.0,22.0,600.0,1500.0,1300.0,0.0,0.0
2025-01-14 00:00:00+05:30,367,Gudimalkapur,1571,Gudumalkapur,199,Capsicum,204,Common,0.0,67.0,2000.0,4000.0,3000.0,0.0,0.0
2025-01-15 00:00:00+05:30,367,Gudimalkapur,1571,Gudumalkapur,199,Capsicum,204,Common,0.0,31.0,3000.0,4000.0,3500.0,0.0,0.0
2025-01-12 00:00:00+05:30,367,Gudimalkapur,1571,Gudumalkapur,199,Capsicum,204,Common,0.0,78.0,1500.0,4000.0,2500.0,0.0,0.0
2025-01-13 00:00:00+05:30,367,Gudimalkapur,1571,Gudumalkapur,199,Capsicum,204,Common,0.0,86.0,1500.0,4000.0,2500.0,0.0,0.0
2025-01-13 00:00:00+05:30,324,Bowenpally,3,Bowenpally,195,Lobha,199,Common,0.0,2.0,500.0,2000.0,1600.0,0.0,0.0
2025-01-11 00:00:00+05:30,324,Bowenpally,3,Bowenpally,195,Lobha,199,Common,0.0,9.0,1000.0,2000.0,1800.0,0.0,0.0
2025-01-11 00:00:00+05:30,367,Gudimalkapur,1571,Gudumalkapur,199,Capsicum,204,Common,0.0,103.0,2000.0,4500.0,3000.0,0.0,0.0
2025-01-12 00:00:00+05:30,324,Bowenpally,3,Bowenpally,195,Lobha,199,Common,0.0,14.0,1000.0,2000.0,1600.0,0.0,0.0
2025-01-10 00:00:00+05:30,367,Gudimalkapur,1571,Gudumalkapur,199,Capsicum,204,Common,0.0,101.0,2000.0,4000.0,3000.0,0.0,0.0
2025-01-10 00:00:00+05:30,324,Bowenpally,3,Bowenpally,195,Lobha,199,Common,0.0,8.0,1000.0,2000.0,1600.0,0.0,0.0
2025-01-09 00:00:00+05:30,367,Gudimalkapur,1571,Gudumalkapur,199,Capsicum,204,Common,0.0,196.0,2000.0,4500.0,3000.0,0.0,0.0
2025-01-09 00:00:00+05:30,324,Bowenpally,3,Bowenpally,195,Lobha,199,Common,0.0,13.0,500.0,1500.0,1200.0,0.0,0.0
2025-01-08 00:00:00+05:30,367,Gudimalkapur,1571,Gudumalkapur,199,Capsicum,204,Common,0.0,114.0,1500.0,4000.0,2500.0,0.0,0.0
2025-01-08 00:00:00+05:30,324,Bowenpally,3,Bowenpally,195,Lobha,199,Common,0.0,7.0,500.0,1500.0,1200.0,0.0,0.0
2025-01-07 00:00:00+05:30,367,Gudimalkapur,1571,Gudumalkapur,199,Capsicum,204,Common,0.0,86.0,2500.0,4000.0,3000.0,0.0,0.0
2025-01-07 00:00:00+05:30,324,Bowenpally,3,Bowenpally,195,Lobha,199,Common,0.0,9.0,500.0,1500.0,1200.0,0.0,0.0
2025-01-06 00:00:00+05:30,367,Gudimalkapur,1571,Gudumalkapur,199,Capsicum,204,Common,0.0,162.0,1500.0,4000.0,2000.0,0.0,0.0
2025-01-06 00:00:00+05:30,324,Bowenpally,3,Bowenpally,195,Lobha,199,Common,0.0,10.0,500.0,1000.0,900.0,0.0,0.0
2025-01-05 00:00:00+05:30,367,Gudimalkapur,1571,Gudumalkapur,199,Capsicum,204,Common,0.0,151.0,1500.0,4000.0,2000.0,0.0,0.0
2025-01-04 00:00:00+05:30,367,Gudimalkapur,1571,Gudumalkapur,199,Capsicum,204,Common,0.0,229.0,2500.0,4500.0,3000.0,0.0,0.0
2025-01-05 00:00:00+05:30,324,Bowenpally,3,Bowenpally,195,Lobha,199,Common,0.0,1.0,1000.0,1000.0,1000.0,0.0,0.0
2025-01-03 00:00:00+05:30,367,Gudimalkapur,1571,Gudumalkapur,199,Capsicum,204,Common,0.0,144.0,1500.0,4000.0,2500.0,0.0,0.0
2025-01-04 00:00:00+05:30,324,Bowenpally,3,Bowenpally,195,Lobha,199,Common,0.0,20.0,500.0,1000.0,900.0,0.0,0.0
2025-01-02 00:00:00+05:30,367,Gudimalkapur,1571,Gudumalkapur,199,Capsicum,204,Common,0.0,152.0,1500.0,4000.0,2000.0,0.0,0.0
2025-01-03 00:00:00+05:30,324,Bowenpally,3,Bowenpally,195,Lobha,199,Common,0.0,8.0,500.0,1500.0,1200.0,0.0,0.0
2025-01-02 00:00:00+05:30,324,Bowenpally,3,Bowenpally,195,Lobha,199,Common,0.0,8.0,500.0,1500.0,1200.0,0.0,0.0
2025-01-31 00:00:00+05:30,367,Gudimalkapur,1571,Gudumalkapur,199,Capsicum,204,Common,0.0,107.0,1500.0,3000.0,2000.0,0.0,0.0
2025-01-31 00:00:00+05:30,324,Bowenpally,3,Bowenpally,195,Lobha,199,Common,0.0,38.0,500.0,1500.0,1200.0,0.0,0.0
2025-01-30 00:00:00+05:30,367,Gudimalkapur,1571,Gudumalkapur,199,Capsicum,204,Common,0.0,119.0,800.0,1200.0,1000.0,0.0,0.0
2025-01-30 00:00:00+05:30,324,Bowenpally,3,Bowenpally,195,Lobha,199,Common,0.0,50.0,500.0,2000.0,1600.0,0.0,0.0
2025-01-28 00:00:00+05:30,367,Gudimalkapur,1571,Gudumalkapur,199,Capsicum,204,Common,0.0,172.0,2000.0,3500.0,2500.0,0.0,0.0
2025-01-27 00:00:00+05:30,367,Gudimalkapur,1571,Gudumalkapur,199,Capsicum,204,Common,0.0,80.0,2000.0,4000.0,3000.0,0.0,0.0
2025-01-26 00:00:00+05:30,324,Bowenpally,3,Bowenpally,195,Lobha,199,Common,0.0,12.0,1000.0,1500.0,1300.0,0.0,0.0
2025-01-26 00:00:00+05:30,367,Gudimalkapur,1571,Gudumalkapur,199,Capsicum,204,Common,0.0,112.0,1500.0,4000.0,2500.0,0.0,0.0
2025-01-25 00:00:00+05:30,367,Gudimalkapur,1571,Gudumalkapur,199,Capsicum,204,Common,0.0,111.0,1500.0,3000.0,2000.0,0.0,0.0
2025-01-02 00:00:00+05:30,324,Bowenpally,3,Bowenpally,197,Green Mangos,202,Common,0.0,9.0,1500.0,4000.0,3200.0,0.0,0.0
2025-01-03 00:00:00+05:30,324,Bowenpally,3,Bowenpally,197,Green Mangos,202,Common,0.0,2.0,2000.0,4000.0,3500.0,0.0,0.0
2025-01-02 00:00:00+05:30,367,Gudimalkapur,1571,Gudumalkapur,200,ChowChow,205,Common,0.0,10.0,1000.0,1200.0,1000.0,0.0,0.0
2025-01-04 00:00:00+05:30,324,Bowenpally,3,Bowenpally,197,Green Mangos,202,Common,0.0,6.0,4000.0,10000.0,8000.0,0.0,0.0
2025-01-05 00:00:00+05:30,324,Bowenpally,3,Bowenpally,197,Green Mangos,202,Common,0.0,16.0,5000.0,10000.0,8000.0,0.0,0.0
2025-01-04 00:00:00+05:30,367,Gudimalkapur,1571,Gudumalkapur,200,ChowChow,205,Common,0.0,4.0,1000.0,1200.0,1000.0,0.0,0.0
2025-01-05 00:00:00+05:30,367,Gudimalkapur,1571,Gudumalkapur,200,ChowChow,205,Common,0.0,12.0,700.0,800.0,700.0,0.0,0.0
2025-01-06 00:00:00+05:30,324,Bowenpally,3,Bowenpally,197,Green Mangos,202,Common,0.0,2.0,2000.0,4000.0,3500.0,0.0,0.0
2025-01-06 00:00:00+05:30,367,Gudimalkapur,1571,Gudumalkapur,200,ChowChow,205,Common,0.0,8.0,900.0,1200.0,1000.0,0.0,0.0
2025-01-07 00:00:00+05:30,367,Gudimalkapur,1571,Gudumalkapur,200,ChowChow,205,Common,0.0,5.0,900.0,1200.0,1000.0,0.0,0.0
2025-01-08 00:00:00+05:30,324,Bowenpally,3,Bowenpally,197,Green Mangos,202,Common,0.0,5.0,2000.0,5000.0,4000.0,0.0,0.0
2025-01-08 00:00:00+05:30,367,Gudimalkapur,1571,Gudumalkapur,200,ChowChow,205,Common,0.0,2.0,1000.0,1200.0,1100.0,0.0,0.0
2025-01-09 00:00:00+05:30,367,Gudimalkapur,1571,Gudumalkapur,200,ChowChow,205,Common,0.0,3.0,1000.0,1200.0,1000.0,0.0,0.0
2025-01-12 00:00:00+05:30,324,Bowenpally,3,Bowenpally,197,Green Mangos,202,Common,0.0,19.0,3000.0,5000.0,4500.0,0.0,0.0
2025-01-11 00:00:00+05:30,367,Gudimalkapur,1571,Gudumalkapur,200,ChowChow,205,Common,0.0,2.0,1000.0,1200.0,1000.0,0.0,0.0
2025-01-13 00:00:00+05:30,324,Bowenpally,3,Bowenpally,197,Green Mangos,202,Common,0.0,8.0,1500.0,5000.0,4000.0,0.0,0.0
2025-01-13 00:00:00+05:30,367,Gudimalkapur,1571,Gudumalkapur,200,ChowChow,205,Common,0.0,7.0,900.0,1200.0,900.0,0.0,0.0
2025-01-12 00:00:00+05:30,367,Gudimalkapur,1571,Gudumalkapur,200,ChowChow,205,Common,0.0,8.0,1000.0,1200.0,1000.0,0.0,0.0
2025-01-15 00:00:00+05:30,367,Gudimalkapur,1571,Gudumalkapur,200,ChowChow,205,Common,0.0,5.0,1000.0,1000.0,1000.0,0.0,0.0
2025-01-14 00:00:00+05:30,367,Gudimalkapur,1571,Gudumalkapur,200,ChowChow,205,Common,0.0,14.0,1000.0,1200.0,1000.0,0.0,0.0
2025-01-17 00:00:00+05:30,324,Bowenpally,3,Bowenpally,197,Green Mangos,202,Common,0.0,5.0,6000.0,10000.0,9000.0,0.0,0.0
2025-01-18 00:00:00+05:30,324,Bowenpally,3,Bowenpally,197,Green Mangos,202,Common,0.0,2.0,5000.0,10000.0,8500.0,0.0,0.0
2025-01-16 00:00:00+05:30,367,Gudimalkapur,1571,Gudumalkapur,200,ChowChow,205,Common,0.0,2.0,1000.0,1500.0,1200.0,0.0,0.0
2025-01-19 00:00:00+05:30,324,Bowenpally,3,Bowenpally,197,Green Mangos,202,Common,0.0,25.0,2000.0,6000.0,5000.0,0.0,0.0
2025-01-18 00:00:00+05:30,367,Gudimalkapur,1571,Gudumalkapur,200,ChowChow,205,Common,0.0,26.0,1000.0,1200.0,1000.0,0.0,0.0
2025-01-20 00:00:00+05:30,324,Bowenpally,3,Bowenpally,197,Green Mangos,202,Common,0.0,8.0,5000.0,10000.0,8500.0,0.0,0.0
2025-01-19 00:00:00+05:30,367,Gudimalkapur,1571,Gudumalkapur,200,ChowChow,205,Common,0.0,4.0,1000.0,1000.0,1000.0,0.0,0.0
2025-01-21 00:00:00+05:30,324,Bowenpally,3,Bowenpally,197,Green Mangos,202,Common,0.0,3.0,2000.0,6000.0,5000.0,0.0,0.0
2025-01-20 00:00:00+05:30,367,Gudimalkapur,1571,Gudumalkapur,200,ChowChow,205,Common,0.0,4.0,1200.0,1300.0,1200.0,0.0,0.0
2025-01-22 00:00:00+05:30,324,Bowenpally,3,Bowenpally,197,Green Mangos,202,Common,0.0,9.0,6000.0,10000.0,9000.0,0.0,0.0
2025-01-21 00:00:00+05:30,367,Gudimalkapur,1571,Gudumalkapur,200,ChowChow,205,Common,0.0,3.0,1000.0,1000.0,1000.0,0.0,0.0
2025-01-23 00:00:00+05:30,324,Bowenpally,3,Bowenpally,197,Green Mangos,202,Common,0.0,3.0,4000.0,8000.0,7000.0,0.0,0.0
2025-01-22 00:00:00+05:30,367,Gudimalkapur,1571,Gudumalkapur,200,ChowChow,205,Common,0.0,2.0,800.0,1000.0,900.0,0.0,0.0
2025-01-23 00:00:00+05:30,367,Gudimalkapur,1571,Gudumalkapur,200,ChowChow,205,Common,0.0,4.0,900.0,1200.0,1000.0,0.0,0.0
2025-01-25 00:00:00+05:30,324,Bowenpally,3,Bowenpally,197,Green Mangos,202,Common,0.0,62.0,1000.0,3000.0,2500.0,0.0,0.0
2025-01-25 00:00:00+05:30,367,Gudimalkapur,1571,Gudumalkapur,200,ChowChow,205,Common,0.0,14.0,900.0,1200.0,1000.0,0.0,0.0
2025-01-26 00:00:00+05:30,367,Gudimalkapur,1571,Gudumalkapur,200,ChowChow,205,Common,0.0,10.0,900.0,1200.0,1000.0,0.0,0.0
2025-01-26 00:00:00+05:30,324,Bowenpally,3,Bowenpally,197,Green Mangos,202,Common,0.0,20.0,4000.0,8000.0,7000.0,0.0,0.0
2025-01-27 00:00:00+05:30,367,Gudimalkapur,1571,Gudumalkapur,200,ChowChow,205,Common,0.0,12.0,1000.0,1200.0,1000.0,0.0,0.0
2025-01-28 00:00:00+05:30,367,Gudimalkapur,1571,Gudumalkapur,200,ChowChow,205,Common,0.0,7.0,1000.0,1200.0,1100.0,0.0,0.0
2025-01-30 00:00:00+05:30,324,Bowenpally,3,Bowenpally,197,Green Mangos,202,Common,0.0,46.0,3000.0,8000.0,6000.0,0.0,0.0
2025-01-30 00:00:00+05:30,367,Gudimalkapur,1571,Gudumalkapur,200,ChowChow,205,Common,0.0,4.0,1000.0,1000.0,1000.0,0.0,0.0
2025-01-31 00:00:00+05:30,324,Bowenpally,3,Bowenpally,197,Green Mangos,202,Common,0.0,17.0,3000.0,8000.0,7000.0,0.0,0.0
2025-01-31 00:00:00+05:30,367,Gudimalkapur,1571,Gudumalkapur,200,ChowChow,205,Common,0.0,9.0,1000.0,1000.0,1000.0,0.0,0.0
2025-01-25 00:00:00+05:30,324,Bowenpally,3,Bowenpally,199,Capsicum,204,Common,0.0,1082.0,1000.0,3000.0,2500.0,0.0,0.0
2025-01-24 00:00:00+05:30,367,Gudimalkapur,1571,Gudumalkapur,212,Gajar,211,Common,0.0,109.0,1500.0,2500.0,2000.0,0.0,0.0
2025-01-23 00:00:00+05:30,367,Gudimalkapur,1571,Gudumalkapur,212,Gajar,211,Common,0.0,48.0,1500.0,1600.0,1500.0,0.0,0.0
2025-01-24 00:00:00+05:30,324,Bowenpally,3,Bowenpally,199,Capsicum,204,Common,0.0,741.0,1000.0,3000.0,2500.0,0.0,0.0
2025-01-22 00:00:00+05:30,367,Gudimalkapur,1571,Gudumalkapur,212,Gajar,211,Common,0.0,74.0,1000.0,1500.0,1200.0,0.0,0.0
2025-01-23 00:00:00+05:30,324,Bowenpally,3,Bowenpally,199,Capsicum,204,Common,0.0,1229.0,1000.0,3300.0,2700.0,0.0,0.0
2025-01-21 00:00:00+05:30,367,Gudimalkapur,1571,Gudumalkapur,212,Gajar,211,Common,0.0,119.0,1000.0,1200.0,1000.0,0.0,0.0
2025-01-22 00:00:00+05:30,324,Bowenpally,3,Bowenpally,199,Capsicum,204,Common,0.0,821.0,1000.0,3000.0,2500.0,0.0,0.0
2025-01-20 00:00:00+05:30,367,Gudimalkapur,1571,Gudumalkapur,212,Gajar,211,Common,0.0,84.0,800.0,2500.0,1000.0,0.0,0.0
2025-01-21 00:00:00+05:30,324,Bowenpally,3,Bowenpally,199,Capsicum,204,Common,0.0,1203.0,1000.0,3500.0,3000.0,0.0,0.0
2025-01-19 00:00:00+05:30,367,Gudimalkapur,1571,Gudumalkapur,212,Gajar,211,Common,0.0,102.0,600.0,2500.0,1200.0,0.0,0.0
2025-01-20 00:00:00+05:30,324,Bowenpally,3,Bowenpally,199,Capsicum,204,Common,0.0,1213.0,1000.0,3500.0,3000.0,0.0,0.0
2025-01-18 00:00:00+05:30,367,Gudimalkapur,1571,Gudumalkapur,212,Gajar,211,Common,0.0,74.0,2000.0,2500.0,2000.0,0.0,0.0
2025-01-19 00:00:00+05:30,324,Bowenpally,3,Bowenpally,199,Capsicum,204,Common,0.0,1608.0,2000.0,4000.0,3500.0,0.0,0.0
2025-01-16 00:00:00+05:30,367,Gudimalkapur,1571,Gudumalkapur,212,Gajar,211,Common,0.0,96.0,600.0,2500.0,1200.0,0.0,0.0
2025-01-16 00:00:00+05:30,324,Bowenpally,3,Bowenpally,199,Capsicum,204,Common,0.0,634.0,1000.0,4200.0,3500.0,0.0,0.0
2025-01-18 00:00:00+05:30,324,Bowenpally,3,Bowenpally,199,Capsicum,204,Common,0.0,1509.0,1000.0,4500.0,3200.0,0.0,0.0
2025-01-17 00:00:00+05:30,324,Bowenpally,3,Bowenpally,199,Capsicum,204,Common,0.0,904.0,1000.0,4200.0,3500.0,0.0,0.0
2025-01-14 00:00:00+05:30,367,Gudimalkapur,1571,Gudumalkapur,212,Gajar,211,Common,0.0,74.0,500.0,2500.0,1400.0,0.0,0.0
2025-01-14 00:00:00+05:30,324,Bowenpally,3,Bowenpally,199,Capsicum,204,Common,0.0,243.0,1000.0,4000.0,3000.0,0.0,0.0
2025-01-15 00:00:00+05:30,367,Gudimalkapur,1571,Gudumalkapur,212,Gajar,211,Common,0.0,73.0,400.0,2000.0,1500.0,0.0,0.0
2025-01-15 00:00:00+05:30,324,Bowenpally,3,Bowenpally,199,Capsicum,204,Common,0.0,321.0,1000.0,4000.0,3000.0,0.0,0.0
2025-01-12 00:00:00+05:30,367,Gudimalkapur,1571,Gudumalkapur,212,Gajar,211,Common,0.0,122.0,400.0,2500.0,1000.0,0.0,0.0
2025-01-13 00:00:00+05:30,367,Gudimalkapur,1571,Gudumalkapur,212,Gajar,211,Common,0.0,121.0,600.0,2500.0,900.0,0.0,0.0
2025-01-13 00:00:00+05:30,324,Bowenpally,3,Bowenpally,199,Capsicum,204,Common,0.0,752.0,1000.0,4500.0,3800.0,0.0,0.0
2025-01-11 00:00:00+05:30,367,Gudimalkapur,1571,Gudumalkapur,212,Gajar,211,Common,0.0,92.0,400.0,2500.0,1000.0,0.0,0.0
2025-01-12 00:00:00+05:30,324,Bowenpally,3,Bowenpally,199,Capsicum,204,Common,0.0,1134.0,1000.0,4000.0,3000.0,0.0,0.0
2025-01-11 00:00:00+05:30,324,Bowenpally,3,Bowenpally,199,Capsicum,204,Common,0.0,439.0,1000.0,3500.0,3000.0,0.0,0.0
2025-01-10 00:00:00+05:30,324,Bowenpally,3,Bowenpally,199,Capsicum,204,Common,0.0,911.0,1000.0,4000.0,3500.0,0.0,0.0
2025-01-10 00:00:00+05:30,367,Gudimalkapur,1571,Gudumalkapur,212,Gajar,211,Common,0.0,85.0,1000.0,2500.0,1500.0,0.0,0.0
2025-01-09 00:00:00+05:30,367,Gudimalkapur,1571,Gudumalkapur,212,Gajar,211,Common,0.0,116.0,800.0,2000.0,1200.0,0.0,0.0
2025-01-09 00:00:00+05:30,324,Bowenpally,3,Bowenpally,199,Capsicum,204,Common,0.0,1132.0,1000.0,3200.0,2600.0,0.0,0.0
2025-01-08 00:00:00+05:30,367,Gudimalkapur,1571,Gudumalkapur,212,Gajar,211,Common,0.0,88.0,800.0,2500.0,1200.0,0.0,0.0
2025-01-08 00:00:00+05:30,324,Bowenpally,3,Bowenpally,199,Capsicum,204,Common,0.0,1504.0,1000.0,3600.0,3000.0,0.0,0.0
2025-01-07 00:00:00+05:30,367,Gudimalkapur,1571,Gudumalkapur,212,Gajar,211,Common,0.0,115.0,400.0,2500.0,800.0,0.0,0.0
2025-01-07 00:00:00+05:30,324,Bowenpally,3,Bowenpally,199,Capsicum,204,Common,0.0,1270.0,1000.0,3800.0,3000.0,0.0,0.0
2025-01-06 00:00:00+05:30,367,Gudimalkapur,1571,Gudumalkapur,212,Gajar,211,Common,0.0,99.0,400.0,2500.0,800.0,0.0,0.0
2025-01-06 00:00:00+05:30,324,Bowenpally,3,Bowenpally,199,Capsicum,204,Common,0.0,1364.0,1000.0,3800.0,2600.0,0.0,0.0
2025-01-05 00:00:00+05:30,367,Gudimalkapur,1571,Gudumalkapur,212,Gajar,211,Common,0.0,124.0,500.0,2500.0,800.0,0.0,0.0
2025-01-04 00:00:00+05:30,367,Gudimalkapur,1571,Gudumalkapur,212,Gajar,211,Common,0.0,112.0,1500.0,2500.0,2000.0,0.0,0.0
2025-01-05 00:00:00+05:30,324,Bowenpally,3,Bowenpally,199,Capsicum,204,Common,0.0,1412.0,1500.0,3600.0,3000.0,0.0,0.0
2025-01-04 00:00:00+05:30,324,Bowenpally,3,Bowenpally,199,Capsicum,204,Common,0.0,1538.0,1500.0,4500.0,3500.0,0.0,0.0
2025-01-03 00:00:00+05:30,367,Gudimalkapur,1571,Gudumalkapur,212,Gajar,211,Common,0.0,145.0,600.0,2500.0,1000.0,0.0,0.0
2025-01-02 00:00:00+05:30,367,Gudimalkapur,1571,Gudumalkapur,212,Gajar,211,Common,0.0,120.0,1000.0,2500.0,1200.0,0.0,0.0
2025-01-03 00:00:00+05:30,324,Bowenpally,3,Bowenpally,199,Capsicum,204,Common,0.0,1228.0,2000.0,4500.0,3800.0,0.0,0.0
2025-01-02 00:00:00+05:30,324,Bowenpally,3,Bowenpally,199,Capsicum,204,Common,0.0,1181.0,1000.0,4200.0,3500.0,0.0,0.0
2025-01-31 00:00:00+05:30,367,Gudimalkapur,1571,Gudumalkapur,212,Gajar,211,Common,0.0,70.0,1000.0,2500.0,1500.0,0.0,0.0
2025-01-31 00:00:00+05:30,324,Bowenpally,3,Bowenpally,199,Capsicum,204,Common,0.0,1107.0,1000.0,3000.0,2500.0,0.0,0.0
2025-01-30 00:00:00+05:30,367,Gudimalkapur,1571,Gudumalkapur,212,Gajar,211,Common,0.0,164.0,800.0,2000.0,800.0,0.0,0.0
2025-01-30 00:00:00+05:30,324,Bowenpally,3,Bowenpally,199,Capsicum,204,Common,0.0,1846.0,1000.0,3000.0,2500.0,0.0,0.0
2025-01-28 00:00:00+05:30,367,Gudimalkapur,1571,Gudumalkapur,212,Gajar,211,Common,0.0,68.0,1500.0,2000.0,1500.0,0.0,0.0
2025-01-28 00:00:00+05:30,324,Bowenpally,3,Bowenpally,199,Capsicum,204,Common,0.0,1314.0,1000.0,3500.0,3000.0,0.0,0.0
2025-01-27 00:00:00+05:30,367,Gudimalkapur,1571,Gudumalkapur,212,Gajar,211,Common,0.0,65.0,1000.0,2500.0,1500.0,0.0,0.0
2025-01-26 00:00:00+05:30,324,Bowenpally,3,Bowenpally,199,Capsicum,204,Common,0.0,970.0,1500.0,3000.0,2600.0,0.0,0.0
2025-01-26 00:00:00+05:30,367,Gudimalkapur,1571,Gudumalkapur,212,Gajar,211,Common,0.0,82.0,1000.0,2000.0,1400.0,0.0,0.0
2025-01-25 00:00:00+05:30,367,Gudimalkapur,1571,Gudumalkapur,212,Gajar,211,Common,0.0,68.0,1000.0,1500.0,1200.0,0.0,0.0
2025-01-02 00:00:00+05:30,324,Bowenpally,3,Bowenpally,200,ChowChow,205,Common,0.0,59.0,500.0,1000.0,800.0,0.0,0.0
2025-01-04 00:00:00+05:30,324,Bowenpally,3,Bowenpally,200,ChowChow,205,Common,0.0,12.0,500.0,1000.0,800.0,0.0,0.0
2025-01-05 00:00:00+05:30,324,Bowenpally,3,Bowenpally,200,ChowChow,205,Common,0.0,25.0,500.0,1000.0,900.0,0.0,0.0
2025-01-06 00:00:00+05:30,324,Bowenpally,3,Bowenpally,200,ChowChow,205,Common,0.0,30.0,500.0,1000.0,900.0,0.0,0.0
2025-01-07 00:00:00+05:30,324,Bowenpally,3,Bowenpally,200,ChowChow,205,Common,0.0,15.0,500.0,1000.0,900.0,0.0,0.0
2025-01-08 00:00:00+05:30,324,Bowenpally,3,Bowenpally,200,ChowChow,205,Common,0.0,22.0,500.0,1000.0,900.0,0.0,0.0
2025-01-09 00:00:00+05:30,324,Bowenpally,3,Bowenpally,200,ChowChow,205,Common,0.0,6.0,500.0,1000.0,900.0,0.0,0.0
2025-01-11 00:00:00+05:30,324,Bowenpally,3,Bowenpally,200,ChowChow,205,Common,0.0,32.0,500.0,1000.0,900.0,0.0,0.0
2025-01-12 00:00:00+05:30,324,Bowenpally,3,Bowenpally,200,ChowChow,205,Common,0.0,39.0,500.0,1000.0,800.0,0.0,0.0
2025-01-13 00:00:00+05:30,324,Bowenpally,3,Bowenpally,200,ChowChow,205,Common,0.0,32.0,500.0,1000.0,800.0,0.0,0.0
2025-01-13 00:00:00+05:30,367,Gudimalkapur,1571,Gudumalkapur,213,Salgam,212,Common,0.0,3.0,1000.0,1200.0,1000.0,0.0,0.0
2025-01-15 00:00:00+05:30,324,Bowenpally,3,Bowenpally,200,ChowChow,205,Common,0.0,28.0,800.0,1000.0,950.0,0.0,0.0
2025-01-14 00:00:00+05:30,324,Bowenpally,3,Bowenpally,200,ChowChow,205,Common,0.0,2.0,400.0,800.0,600.0,0.0,0.0
2025-01-17 00:00:00+05:30,324,Bowenpally,3,Bowenpally,200,ChowChow,205,Common,0.0,13.0,500.0,1000.0,900.0,0.0,0.0
2025-01-18 00:00:00+05:30,324,Bowenpally,3,Bowenpally,200,ChowChow,205,Common,0.0,45.0,500.0,1000.0,850.0,0.0,0.0
2025-01-16 00:00:00+05:30,324,Bowenpally,3,Bowenpally,200,ChowChow,205,Common,0.0,5.0,500.0,1000.0,900.0,0.0,0.0
2025-01-19 00:00:00+05:30,324,Bowenpally,3,Bowenpally,200,ChowChow,205,Common,0.0,26.0,500.0,1000.0,850.0,0.0,0.0
2025-01-20 00:00:00+05:30,324,Bowenpally,3,Bowenpally,200,ChowChow,205,Common,0.0,27.0,500.0,1000.0,900.0,0.0,0.0
2025-01-22 00:00:00+05:30,324,Bowenpally,3,Bowenpally,200,ChowChow,205,Common,0.0,16.0,500.0,1000.0,900.0,0.0,0.0
2025-01-23 00:00:00+05:30,324,Bowenpally,3,Bowenpally,200,ChowChow,205,Common,0.0,33.0,500.0,1000.0,900.0,0.0,0.0
2025-01-23 00:00:00+05:30,367,Gudimalkapur,1571,Gudumalkapur,213,Salgam,212,Common,0.0,1.0,2000.0,2000.0,2000.0,0.0,0.0
2025-01-24 00:00:00+05:30,367,Gudimalkapur,1571,Gudumalkapur,213,Salgam,212,Common,0.0,1.0,2000.0,2000.0,2000.0,0.0,0.0
2025-01-25 00:00:00+05:30,324,Bowenpally,3,Bowenpally,200,ChowChow,205,Common,0.0,38.0,500.0,1000.0,900.0,0.0,0.0
2025-01-26 00:00:00+05:30,324,Bowenpally,3,Bowenpally,200,ChowChow,205,Common,0.0,40.0,500.0,1000.0,900.0,0.0,0.0
2025-01-27 00:00:00+05:30,367,Gudimalkapur,1571,Gudumalkapur,213,Salgam,212,Common,0.0,3.0,1500.0,1500.0,1500.0,0.0,0.0
2025-01-30 00:00:00+05:30,324,Bowenpally,3,Bowenpally,200,ChowChow,205,Common,0.0,48.0,500.0,1000.0,800.0,0.0,0.0
2025-01-31 00:00:00+05:30,367,Gudimalkapur,1571,Gudumalkapur,213,Salgam,212,Common,0.0,1.0,2000.0,2000.0,2000.0,0.0,0.0
2025-01-25 00:00:00+05:30,324,Bowenpally,3,Bowenpally,209,Green Chillies (Bold),209,common,0.0,375.0,800.0,3000.0,2600.0,0.0,0.0
2025-01-24 00:00:00+05:30,324,Bowenpally,3,Bowenpally,209,Green Chillies (Bold),209,common,0.0,366.0,1000.0,2500.0,2000.0,0.0,0.0
2025-01-23 00:00:00+05:30,324,Bowenpally,3,Bowenpally,209,Green Chillies (Bold),209,common,0.0,374.0,1000.0,2500.0,2000.0,0.0,0.0
2025-01-22 00:00:00+05:30,324,Bowenpally,3,Bowenpally,209,Green Chillies (Bold),209,common,0.0,462.0,1000.0,2500.0,2000.0,0.0,0.0
2025-01-21 00:00:00+05:30,324,Bowenpally,3,Bowenpally,209,Green Chillies (Bold),209,common,0.0,297.0,1000.0,3500.0,2800.0,0.0,0.0
2025-01-20 00:00:00+05:30,324,Bowenpally,3,Bowenpally,209,Green Chillies (Bold),209,common,0.0,208.0,1000.0,3500.0,3000.0,0.0,0.0
2025-01-19 00:00:00+05:30,324,Bowenpally,3,Bowenpally,209,Green Chillies (Bold),209,common,0.0,375.0,1000.0,2500.0,2000.0,0.0,0.0
2025-01-16 00:00:00+05:30,324,Bowenpally,3,Bowenpally,209,Green Chillies (Bold),209,common,0.0,344.0,800.0,3000.0,2400.0,0.0,0.0
2025-01-18 00:00:00+05:30,324,Bowenpally,3,Bowenpally,209,Green Chillies (Bold),209,common,0.0,477.0,1000.0,2500.0,2000.0,0.0,0.0
2025-01-17 00:00:00+05:30,324,Bowenpally,3,Bowenpally,209,Green Chillies (Bold),209,common,0.0,457.0,1000.0,2500.0,2000.0,0.0,0.0
2025-01-14 00:00:00+05:30,324,Bowenpally,3,Bowenpally,209,Green Chillies (Bold),209,common,0.0,162.0,800.0,3000.0,2500.0,0.0,0.0
2025-01-15 00:00:00+05:30,324,Bowenpally,3,Bowenpally,209,Green Chillies (Bold),209,common,0.0,160.0,800.0,3500.0,3000.0,0.0,0.0
2025-01-13 00:00:00+05:30,324,Bowenpally,3,Bowenpally,209,Green Chillies (Bold),209,common,0.0,265.0,1000.0,3500.0,2800.0,0.0,0.0
2025-01-12 00:00:00+05:30,324,Bowenpally,3,Bowenpally,209,Green Chillies (Bold),209,common,0.0,375.0,2000.0,3500.0,2800.0,0.0,0.0
2025-01-11 00:00:00+05:30,324,Bowenpally,3,Bowenpally,209,Green Chillies (Bold),209,common,0.0,327.0,1000.0,2800.0,2500.0,0.0,0.0
2025-01-10 00:00:00+05:30,324,Bowenpally,3,Bowenpally,209,Green Chillies (Bold),209,common,0.0,282.0,1000.0,2500.0,2000.0,0.0,0.0
2025-01-09 00:00:00+05:30,324,Bowenpally,3,Bowenpally,209,Green Chillies (Bold),209,common,0.0,383.0,1000.0,2500.0,2000.0,0.0,0.0
2025-01-08 00:00:00+05:30,324,Bowenpally,3,Bowenpally,209,Green Chillies (Bold),209,common,0.0,499.0,1000.0,2500.0,2000.0,0.0,0.0
2025-01-07 00:00:00+05:30,324,Bowenpally,3,Bowenpally,209,Green Chillies (Bold),209,common,0.0,205.0,1000.0,2000.0,1800.0,0.0,0.0
2025-01-06 00:00:00+05:30,324,Bowenpally,3,Bowenpally,209,Green Chillies (Bold),209,common,0.0,293.0,1000.0,2000.0,1800.0,0.0,0.0
2025-01-05 00:00:00+05:30,324,Bowenpally,3,Bowenpally,209,Green Chillies (Bold),209,common,0.0,1102.0,1000.0,2000.0,1700.0,0.0,0.0
2025-01-04 00:00:00+05:30,324,Bowenpally,3,Bowenpally,209,Green Chillies (Bold),209,common,0.0,421.0,800.0,2000.0,1800.0,0.0,0.0
2025-01-02 00:00:00+05:30,324,Bowenpally,3,Bowenpally,209,Green Chillies (Bold),209,common,0.0,416.0,800.0,2000.0,1800.0,0.0,0.0
2025-01-03 00:00:00+05:30,324,Bowenpally,3,Bowenpally,209,Green Chillies (Bold),209,common,0.0,480.0,1000.0,2000.0,1800.0,0.0,0.0
2025-01-31 00:00:00+05:30,324,Bowenpally,3,Bowenpally,209,Green Chillies (Bold),209,common,0.0,552.0,1000.0,2000.0,1800.0,0.0,0.0
2025-01-30 00:00:00+05:30,324,Bowenpally,3,Bowenpally,209,Green Chillies (Bold),209,common,0.0,372.0,1000.0,2500.0,2000.0,0.0,0.0
2025-01-28 00:00:00+05:30,324,Bowenpally,3,Bowenpally,209,Green Chillies (Bold),209,common,0.0,465.0,1000.0,2500.0,2000.0,0.0,0.0
2025-01-26 00:00:00+05:30,324,Bowenpally,3,Bowenpally,209,Green Chillies (Bold),209,common,0.0,506.0,1500.0,2500.0,2200.0,0.0,0.0
2025-01-03 00:00:00+05:30,324,Bowenpally,3,Bowenpally,212,Gajar,211,Common,0.0,269.0,1000.0,3000.0,2500.0,0.0,0.0
2025-01-02 00:00:00+05:30,324,Bowenpally,3,Bowenpally,212,Gajar,211,Common,0.0,237.0,1000.0,3200.0,2500.0,0.0,0.0
2025-01-04 00:00:00+05:30,324,Bowenpally,3,Bowenpally,212,Gajar,211,Common,0.0,215.0,800.0,3000.0,2500.0,0.0,0.0
2025-01-05 00:00:00+05:30,324,Bowenpally,3,Bowenpally,212,Gajar,211,Common,0.0,240.0,1000.0,3500.0,3000.0,0.0,0.0
2025-01-06 00:00:00+05:30,324,Bowenpally,3,Bowenpally,212,Gajar,211,Common,0.0,254.0,1000.0,3000.0,2500.0,0.0,0.0
2025-01-07 00:00:00+05:30,324,Bowenpally,3,Bowenpally,212,Gajar,211,Common,0.0,431.0,1000.0,2500.0,2100.0,0.0,0.0
2025-01-08 00:00:00+05:30,324,Bowenpally,3,Bowenpally,212,Gajar,211,Common,0.0,301.0,1000.0,2500.0,2000.0,0.0,0.0
2025-01-09 00:00:00+05:30,324,Bowenpally,3,Bowenpally,212,Gajar,211,Common,0.0,341.0,1000.0,2500.0,2000.0,0.0,0.0
2025-01-10 00:00:00+05:30,324,Bowenpally,3,Bowenpally,212,Gajar,211,Common,0.0,412.0,1000.0,2500.0,2000.0,0.0,0.0
2025-01-11 00:00:00+05:30,324,Bowenpally,3,Bowenpally,212,Gajar,211,Common,0.0,461.0,1000.0,2500.0,2000.0,0.0,0.0
2025-01-12 00:00:00+05:30,324,Bowenpally,3,Bowenpally,212,Gajar,211,Common,0.0,491.0,1000.0,2200.0,1800.0,0.0,0.0
2025-01-13 00:00:00+05:30,324,Bowenpally,3,Bowenpally,212,Gajar,211,Common,0.0,309.0,800.0,2200.0,1800.0,0.0,0.0
2025-01-15 00:00:00+05:30,324,Bowenpally,3,Bowenpally,212,Gajar,211,Common,0.0,402.0,1000.0,2000.0,1700.0,0.0,0.0
2025-01-14 00:00:00+05:30,324,Bowenpally,3,Bowenpally,212,Gajar,211,Common,0.0,268.0,800.0,2000.0,1600.0,0.0,0.0
2025-01-17 00:00:00+05:30,324,Bowenpally,3,Bowenpally,212,Gajar,211,Common,0.0,545.0,800.0,1800.0,1500.0,0.0,0.0
2025-01-18 00:00:00+05:30,324,Bowenpally,3,Bowenpally,212,Gajar,211,Common,0.0,342.0,1000.0,2200.0,2000.0,0.0,0.0
2025-01-16 00:00:00+05:30,324,Bowenpally,3,Bowenpally,212,Gajar,211,Common,0.0,394.0,800.0,1500.0,1300.0,0.0,0.0
2025-01-19 00:00:00+05:30,324,Bowenpally,3,Bowenpally,212,Gajar,211,Common,0.0,416.0,1000.0,2500.0,2000.0,0.0,0.0
2025-01-20 00:00:00+05:30,324,Bowenpally,3,Bowenpally,212,Gajar,211,Common,0.0,447.0,1000.0,2500.0,2200.0,0.0,0.0
2025-01-21 00:00:00+05:30,324,Bowenpally,3,Bowenpally,212,Gajar,211,Common,0.0,505.0,800.0,2000.0,1600.0,0.0,0.0
2025-01-22 00:00:00+05:30,324,Bowenpally,3,Bowenpally,212,Gajar,211,Common,0.0,341.0,1000.0,2000.0,1700.0,0.0,0.0
2025-01-23 00:00:00+05:30,324,Bowenpally,3,Bowenpally,212,Gajar,211,Common,0.0,262.0,1000.0,1800.0,1700.0,0.0,0.0
2025-01-24 00:00:00+05:30,324,Bowenpally,3,Bowenpally,212,Gajar,211,Common,0.0,284.0,600.0,1500.0,1200.0,0.0,0.0
2025-01-25 00:00:00+05:30,324,Bowenpally,3,Bowenpally,212,Gajar,211,Common,0.0,312.0,400.0,1600.0,1200.0,0.0,0.0
2025-01-26 00:00:00+05:30,324,Bowenpally,3,Bowenpally,212,Gajar,211,Common,0.0,377.0,1000.0,2500.0,2000.0,0.0,0.0
2025-01-30 00:00:00+05:30,324,Bowenpally,3,Bowenpally,212,Gajar,211,Common,0.0,329.0,600.0,2000.0,1600.0,0.0,0.0
2025-01-31 00:00:00+05:30,324,Bowenpally,3,Bowenpally,212,Gajar,211,Common,0.0,295.0,800.0,2000.0,1800.0,0.0,0.0
2025-01-25 00:00:00+05:30,324,Bowenpally,3,Bowenpally,234,Sweet Corn,280,Local,0.0,191.0,400.0,2200.0,1800.0,0.0,0.0
2025-01-24 00:00:00+05:30,324,Bowenpally,3,Bowenpally,234,Sweet Corn,280,Local,0.0,163.0,600.0,2200.0,1800.0,0.0,0.0
2025-01-23 00:00:00+05:30,324,Bowenpally,3,Bowenpally,234,Sweet Corn,280,Local,0.0,267.0,600.0,2200.0,1800.0,0.0,0.0
2025-01-22 00:00:00+05:30,324,Bowenpally,3,Bowenpally,234,Sweet Corn,280,Local,0.0,120.0,600.0,2200.0,1800.0,0.0,0.0
2025-01-21 00:00:00+05:30,324,Bowenpally,3,Bowenpally,234,Sweet Corn,280,Local,0.0,213.0,500.0,2000.0,1500.0,0.0,0.0
2025-01-20 00:00:00+05:30,324,Bowenpally,3,Bowenpally,234,Sweet Corn,280,Local,0.0,277.0,600.0,2200.0,1800.0,0.0,0.0
2025-01-19 00:00:00+05:30,324,Bowenpally,3,Bowenpally,234,Sweet Corn,280,Local,0.0,362.0,1000.0,2400.0,2100.0,0.0,0.0
2025-01-16 00:00:00+05:30,324,Bowenpally,3,Bowenpally,234,Sweet Corn,280,Local,0.0,111.0,400.0,3200.0,2400.0,0.0,0.0
2025-01-18 00:00:00+05:30,324,Bowenpally,3,Bowenpally,234,Sweet Corn,280,Local,0.0,390.0,600.0,2400.0,1800.0,0.0,0.0
2025-01-17 00:00:00+05:30,324,Bowenpally,3,Bowenpally,234,Sweet Corn,280,Local,0.0,268.0,80.0,2600.0,2100.0,0.0,0.0
2025-01-14 00:00:00+05:30,324,Bowenpally,3,Bowenpally,234,Sweet Corn,280,Local,0.0,33.0,500.0,2200.0,1800.0,0.0,0.0
2025-01-15 00:00:00+05:30,324,Bowenpally,3,Bowenpally,234,Sweet Corn,280,Local,0.0,53.0,500.0,3200.0,2400.0,0.0,0.0
2025-01-13 00:00:00+05:30,324,Bowenpally,3,Bowenpally,234,Sweet Corn,280,Local,0.0,135.0,500.0,2500.0,2000.0,0.0,0.0
2025-01-12 00:00:00+05:30,324,Bowenpally,3,Bowenpally,234,Sweet Corn,280,Local,0.0,313.0,1000.0,2400.0,2000.0,0.0,0.0
2025-01-11 00:00:00+05:30,324,Bowenpally,3,Bowenpally,234,Sweet Corn,280,Local,0.0,211.0,800.0,2600.0,2100.0,0.0,0.0
2025-01-10 00:00:00+05:30,324,Bowenpally,3,Bowenpally,234,Sweet Corn,280,Local,0.0,337.0,600.0,2400.0,2000.0,0.0,0.0
2025-01-09 00:00:00+05:30,324,Bowenpally,3,Bowenpally,234,Sweet Corn,280,Local,0.0,150.0,1000.0,2600.0,2200.0,0.0,0.0
2025-01-08 00:00:00+05:30,324,Bowenpally,3,Bowenpally,234,Sweet Corn,280,Local,0.0,108.0,600.0,2800.0,2200.0,0.0,0.0
2025-01-07 00:00:00+05:30,324,Bowenpally,3,Bowenpally,234,Sweet Corn,280,Local,0.0,118.0,600.0,2400.0,2000.0,0.0,0.0
2025-01-06 00:00:00+05:30,324,Bowenpally,3,Bowenpally,234,Sweet Corn,280,Local,0.0,225.0,600.0,2500.0,2000.0,0.0,0.0
2025-01-05 00:00:00+05:30,324,Bowenpally,3,Bowenpally,234,Sweet Corn,280,Local,0.0,281.0,1500.0,2400.0,2100.0,0.0,0.0
2025-01-04 00:00:00+05:30,324,Bowenpally,3,Bowenpally,234,Sweet Corn,280,Local,0.0,218.0,400.0,2400.0,1800.0,0.0,0.0
2025-01-02 00:00:00+05:30,324,Bowenpally,3,Bowenpally,234,Sweet Corn,280,Local,0.0,244.0,400.0,2700.0,1400.0,0.0,0.0
2025-01-03 00:00:00+05:30,324,Bowenpally,3,Bowenpally,234,Sweet Corn,280,Local,0.0,350.0,600.0,2500.0,2000.0,0.0,0.0
2025-01-31 00:00:00+05:30,324,Bowenpally,3,Bowenpally,234,Sweet Corn,280,Local,0.0,301.0,700.0,2200.0,1700.0,0.0,0.0
2025-01-30 00:00:00+05:30,324,Bowenpally,3,Bowenpally,234,Sweet Corn,280,Local,0.0,271.0,600.0,2500.0,2000.0,0.0,0.0
2025-01-26 00:00:00+05:30,324,Bowenpally,3,Bowenpally,234,Sweet Corn,280,Local,0.0,180.0,1000.0,2600.0,2200.0,0.0,0.0
2025-01-23 00:00:00+05:30,246,Warangal,886,Warangal,54,Chillies(Dry),317,Yellow Chillie,0.0,4.0,18000.0,18000.0,18000.0,0.0,0.0
2025-01-23 00:00:00+05:30,246,Warangal,886,Warangal,54,Chillies(Dry),320,Teja (Cold storage),0.0,377.0,10000.0,13300.0,12000.0,0.0,0.0
2025-01-21 00:00:00+05:30,246,Warangal,886,Warangal,54,Chillies(Dry),320,Teja (Cold storage),0.0,406.0,10500.0,13000.0,12000.0,0.0,0.0
2025-01-22 00:00:00+05:30,246,Warangal,886,Warangal,54,Chillies(Dry),320,Teja (Cold storage),0.0,487.0,10000.0,13400.0,12000.0,0.0,0.0
2025-01-03 00:00:00+05:30,246,Warangal,886,Warangal,54,Chillies(Dry),320,Teja (Cold storage),0.0,673.0,11500.0,14000.0,13000.0,0.0,0.0
2025-01-02 00:00:00+05:30,246,Warangal,886,Warangal,54,Chillies(Dry),320,Teja (Cold storage),0.0,712.0,12500.0,15000.0,14000.0,0.0,0.0
2025-01-06 00:00:00+05:30,246,Warangal,886,Warangal,54,Chillies(Dry),320,Teja (Cold storage),0.0,257.0,11000.0,13000.0,12500.0,0.0,0.0
2025-01-07 00:00:00+05:30,246,Warangal,886,Warangal,54,Chillies(Dry),320,Teja (Cold storage),0.0,703.0,10000.0,13500.0,12000.0,0.0,0.0
2025-01-08 00:00:00+05:30,246,Warangal,886,Warangal,54,Chillies(Dry),320,Teja (Cold storage),0.0,533.0,11000.0,14000.0,13000.0,0.0,0.0
2025-01-09 00:00:00+05:30,246,Warangal,886,Warangal,54,Chillies(Dry),320,Teja (Cold storage),0.0,447.0,11000.0,14500.0,13000.0,0.0,0.0
2025-01-10 00:00:00+05:30,246,Warangal,886,Warangal,54,Chillies(Dry),320,Teja (Cold storage),0.0,206.0,10000.0,13600.0,12000.0,0.0,0.0
2025-01-17 00:00:00+05:30,246,Warangal,886,Warangal,54,Chillies(Dry),320,Teja (Cold storage),0.0,404.0,10000.0,13000.0,12000.0,0.0,0.0
2025-01-16 00:00:00+05:30,246,Warangal,886,Warangal,54,Chillies(Dry),320,Teja (Cold storage),0.0,87.0,10000.0,13200.0,12000.0,0.0,0.0
2025-01-20 00:00:00+05:30,246,Warangal,886,Warangal,54,Chillies(Dry),320,Teja (Cold storage),0.0,165.0,8500.0,11000.0,10000.0,0.0,0.0
2025-01-27 00:00:00+05:30,246,Warangal,886,Warangal,54,Chillies(Dry),320,Teja (Cold storage),0.0,207.0,9000.0,12000.0,11000.0,0.0,0.0
2025-01-28 00:00:00+05:30,246,Warangal,886,Warangal,54,Chillies(Dry),320,Teja (Cold storage),0.0,670.0,9000.0,12300.0,11000.0,0.0,0.0
2025-01-10 00:00:00+05:30,246,Warangal,886,Warangal,54,Chillies(Dry),321,Wonderhot (Cold storage),0.0,85.0,10000.0,13000.0,12000.0,0.0,0.0
2025-01-09 00:00:00+05:30,246,Warangal,886,Warangal,54,Chillies(Dry),321,Wonderhot (Cold storage),0.0,241.0,10000.0,13000.0,12000.0,0.0,0.0
2025-01-08 00:00:00+05:30,246,Warangal,886,Warangal,54,Chillies(Dry),321,Wonderhot (Cold storage),0.0,165.0,11000.0,14000.0,13000.0,0.0,0.0
2025-01-07 00:00:00+05:30,246,Warangal,886,Warangal,54,Chillies(Dry),321,Wonderhot (Cold storage),0.0,256.0,10000.0,13500.0,12000.0,0.0,0.0
2025-01-06 00:00:00+05:30,246,Warangal,886,Warangal,54,Chillies(Dry),321,Wonderhot (Cold storage),0.0,189.0,11500.0,14500.0,13000.0,0.0,0.0
2025-01-02 00:00:00+05:30,246,Warangal,886,Warangal,54,Chillies(Dry),321,Wonderhot (Cold storage),0.0,245.0,11500.0,14000.0,13000.0,0.0,0.0
2025-01-03 00:00:00+05:30,246,Warangal,886,Warangal,54,Chillies(Dry),321,Wonderhot (Cold storage),0.0,333.0,10000.0,13500.0,12000.0,0.0,0.0
2025-01-22 00:00:00+05:30,246,Warangal,886,Warangal,54,Chillies(Dry),321,Wonderhot (Cold storage),0.0,245.0,11000.0,14500.0,13000.0,0.0,0.0
2025-01-21 00:00:00+05:30,246,Warangal,886,Warangal,54,Chillies(Dry),321,Wonderhot (Cold storage),0.0,346.0,10000.0,13500.0,12500.0,0.0,0.0
2025-01-23 00:00:00+05:30,246,Warangal,886,Warangal,54,Chillies(Dry),321,Wonderhot (Cold storage),0.0,194.0,10500.0,13600.0,12500.0,0.0,0.0
2025-01-24 00:00:00+05:30,246,Warangal,886,Warangal,54,Chillies(Dry),321,Wonderhot (Cold storage),0.0,247.0,9500.0,12000.0,11000.0,0.0,0.0
2025-01-27 00:00:00+05:30,246,Warangal,886,Warangal,54,Chillies(Dry),321,Wonderhot (Cold storage),0.0,98.0,9000.0,12000.0,11000.0,0.0,0.0
2025-01-24 00:00:00+05:30,246,Warangal,886,Warangal,54,Chillies(Dry),322,US-341 (Cold storage),0.0,701.0,10000.0,13000.0,12000.0,0.0,0.0
2025-01-23 00:00:00+05:30,246,Warangal,886,Warangal,54,Chillies(Dry),322,US-341 (Cold storage),0.0,407.0,11000.0,14300.0,13000.0,0.0,0.0
2025-01-22 00:00:00+05:30,246,Warangal,886,Warangal,54,Chillies(Dry),322,US-341 (Cold storage),0.0,540.0,11000.0,14300.0,13000.0,0.0,0.0
2025-01-03 00:00:00+05:30,246,Warangal,886,Warangal,54,Chillies(Dry),322,US-341 (Cold storage),0.0,598.0,12500.0,15000.0,14000.0,0.0,0.0
2025-01-02 00:00:00+05:30,246,Warangal,886,Warangal,54,Chillies(Dry),322,US-341 (Cold storage),0.0,550.0,13500.0,16000.0,15000.0,0.0,0.0
2025-01-06 00:00:00+05:30,246,Warangal,886,Warangal,54,Chillies(Dry),322,US-341 (Cold storage),0.0,455.0,11500.0,14000.0,12500.0,0.0,0.0
2025-01-07 00:00:00+05:30,246,Warangal,886,Warangal,54,Chillies(Dry),322,US-341 (Cold storage),0.0,458.0,10000.0,13000.0,11500.0,0.0,0.0
2025-01-08 00:00:00+05:30,246,Warangal,886,Warangal,54,Chillies(Dry),322,US-341 (Cold storage),0.0,322.0,10500.0,13200.0,12500.0,0.0,0.0
2025-01-09 00:00:00+05:30,246,Warangal,886,Warangal,54,Chillies(Dry),322,US-341 (Cold storage),0.0,341.0,9500.0,12500.0,11000.0,0.0,0.0
2025-01-10 00:00:00+05:30,246,Warangal,886,Warangal,54,Chillies(Dry),322,US-341 (Cold storage),0.0,180.0,9500.0,12000.0,11000.0,0.0,0.0
2025-01-20 00:00:00+05:30,246,Warangal,886,Warangal,54,Chillies(Dry),322,US-341 (Cold storage),0.0,211.0,9500.0,12000.0,11000.0,0.0,0.0
2025-01-16 00:00:00+05:30,246,Warangal,886,Warangal,54,Chillies(Dry),322,US-341 (Cold storage),0.0,76.0,9000.0,11000.0,11000.0,0.0,0.0
2025-01-17 00:00:00+05:30,246,Warangal,886,Warangal,54,Chillies(Dry),322,US-341 (Cold storage),0.0,287.0,9500.0,13000.0,11500.0,0.0,0.0
2025-01-10 00:00:00+05:30,246,Warangal,886,Warangal,57,Tumeric,227,Finger,0.0,4.2,11559.0,11559.0,11559.0,0.0,0.0
2025-01-08 00:00:00+05:30,246,Warangal,886,Warangal,57,Tumeric,227,Finger,0.0,17.71,11000.0,14900.0,13500.0,0.0,0.0
2025-01-07 00:00:00+05:30,246,Warangal,886,Warangal,57,Tumeric,227,Finger,0.0,75.89,11429.0,11559.0,11559.0,0.0,0.0
2025-01-06 00:00:00+05:30,246,Warangal,886,Warangal,57,Tumeric,227,Finger,0.0,43.7,11411.0,11625.0,11625.0,0.0,0.0
2025-01-02 00:00:00+05:30,246,Warangal,886,Warangal,57,Tumeric,227,Finger,0.0,48.18,10859.0,11329.0,10889.0,0.0,0.0
2025-01-22 00:00:00+05:30,246,Warangal,886,Warangal,57,Tumeric,227,Finger,0.0,23.97,11166.0,12111.0,12111.0,0.0,0.0
2025-01-27 00:00:00+05:30,246,Warangal,886,Warangal,57,Tumeric,227,Finger,0.0,17.27,10259.0,10511.0,10511.0,0.0,0.0
2025-01-22 00:00:00+05:30,246,Warangal,886,Warangal,57,Tumeric,228,Bulb,0.0,7.14,10875.0,12011.0,12011.0,0.0,0.0
2025-01-02 00:00:00+05:30,246,Warangal,886,Warangal,57,Tumeric,228,Bulb,0.0,10.07,10859.0,11059.0,11059.0,0.0,0.0
2025-01-06 00:00:00+05:30,246,Warangal,886,Warangal,57,Tumeric,228,Bulb,0.0,11.69,11259.0,11259.0,11259.0,0.0,0.0
2025-01-07 00:00:00+05:30,246,Warangal,886,Warangal,57,Tumeric,228,Bulb,0.0,44.89,11011.0,11559.0,11559.0,0.0,0.0
2025-01-08 00:00:00+05:30,246,Warangal,886,Warangal,57,Tumeric,228,Bulb,0.0,9.06,11359.0,11609.0,11609.0,0.0,0.0
2025-01-27 00:00:00+05:30,246,Warangal,886,Warangal,57,Tumeric,228,Bulb,0.0,13.1,10278.0,10278.0,10278.0,0.0,0.0
2025-01-08 00:00:00+05:30,246,Warangal,886,Warangal,69,Sunflower,69,Common,0.0,6.58,4582.0,4582.0,4582.0,0.0,0.0
2025-01-24 00:00:00+05:30,246,Warangal,886,Warangal,77,Mosambi,77,Common,0.0,5.0,2000.0,2000.0,2000.0,0.0,0.0
2025-01-24 00:00:00+05:30,246,Warangal,886,Warangal,79,Orange,79,Common,0.0,20.0,2500.0,2500.0,2500.0,0.0,0.0
2025-01-23 00:00:00+05:30,246,Warangal,886,Warangal,79,Orange,79,Common,0.0,20.0,2500.0,2500.0,2500.0,0.0,0.0
2025-01-22 00:00:00+05:30,246,Warangal,886,Warangal,79,Orange,79,Common,0.0,20.0,2000.0,2000.0,2000.0,0.0,0.0
2025-01-21 00:00:00+05:30,246,Warangal,886,Warangal,79,Orange,79,Common,0.0,20.0,2500.0,2500.0,2500.0,0.0,0.0
2025-01-08 00:00:00+05:30,246,Warangal,886,Warangal,79,Orange,79,Common,0.0,20.0,3000.0,3000.0,3000.0,0.0,0.0
2025-01-09 00:00:00+05:30,246,Warangal,886,Warangal,79,Orange,79,Common,0.0,20.0,3000.0,3000.0,3000.0,0.0,0.0
2025-01-07 00:00:00+05:30,246,Warangal,886,Warangal,79,Orange,79,Common,0.0,20.0,2500.0,2500.0,2500.0,0.0,0.0
2025-01-06 00:00:00+05:30,246,Warangal,886,Warangal,79,Orange,79,Common,0.0,20.0,3000.0,3000.0,3000.0,0.0,0.0
2025-01-02 00:00:00+05:30,246,Warangal,886,Warangal,79,Orange,79,Common,0.0,40.0,2000.0,2500.0,2200.0,0.0,0.0
2025-01-01 00:00:00+05:30,246,Warangal,886,Warangal,79,Orange,79,Common,0.0,100.0,2000.0,2500.0,2250.0,0.0,0.0
2025-01-03 00:00:00+05:30,246,Warangal,886,Warangal,79,Orange,79,Common,0.0,20.0,2000.0,2000.0,2000.0,0.0,0.0
2025-01-04 00:00:00+05:30,246,Warangal,886,Warangal,79,Orange,79,Common,0.0,150.0,2000.0,2500.0,2250.0,0.0,0.0
2025-01-10 00:00:00+05:30,246,Warangal,886,Warangal,79,Orange,79,Common,0.0,30.0,2500.0,3500.0,2800.0,0.0,0.0
2025-01-11 00:00:00+05:30,246,Warangal,886,Warangal,79,Orange,79,Common,0.0,100.0,2000.0,2500.0,2200.0,0.0,0.0
2025-01-13 00:00:00+05:30,246,Warangal,886,Warangal,79,Orange,79,Common,0.0,20.0,2500.0,2500.0,2500.0,0.0,0.0
2025-01-12 00:00:00+05:30,246,Warangal,886,Warangal,79,Orange,79,Common,0.0,60.0,2000.0,3000.0,2500.0,0.0,0.0
2025-01-15 00:00:00+05:30,246,Warangal,886,Warangal,79,Orange,79,Common,0.0,40.0,2000.0,2500.0,2300.0,0.0,0.0
2025-01-17 00:00:00+05:30,246,Warangal,886,Warangal,79,Orange,79,Common,0.0,40.0,2000.0,3000.0,2500.0,0.0,0.0
2025-01-16 00:00:00+05:30,246,Warangal,886,Warangal,79,Orange,79,Common,0.0,20.0,2500.0,2500.0,2500.0,0.0,0.0
2025-01-20 00:00:00+05:30,246,Warangal,886,Warangal,79,Orange,79,Common,0.0,60.0,2000.0,2500.0,2200.0,0.0,0.0
2025-01-27 00:00:00+05:30,246,Warangal,886,Warangal,79,Orange,79,Common,0.0,40.0,2000.0,3000.0,2500.0,0.0,0.0
2025-01-25 00:00:00+05:30,246,Warangal,886,Warangal,79,Orange,79,Common,0.0,20.0,2000.0,2000.0,2000.0,0.0,0.0
2025-01-28 00:00:00+05:30,246,Warangal,886,Warangal,79,Orange,79,Common,0.0,40.0,1500.0,1500.0,1500.0,0.0,0.0
2025-01-29 00:00:00+05:30,246,Warangal,886,Warangal,79,Orange,79,Common,0.0,20.0,2500.0,2500.0,2500.0,0.0,0.0
2025-01-30 00:00:00+05:30,246,Warangal,886,Warangal,79,Orange,79,Common,0.0,40.0,2000.0,2000.0,2000.0,0.0,0.0
2025-01-31 00:00:00+05:30,246,Warangal,886,Warangal,79,Orange,79,Common,0.0,90.0,2000.0,4000.0,2700.0,0.0,0.0
2025-01-20 00:00:00+05:30,246,Warangal,886,Warangal,80,Banana,80,Common,0.0,35.0,3000.0,3000.0,3000.0,0.0,0.0
2025-01-19 00:00:00+05:30,246,Warangal,886,Warangal,80,Banana,80,Common,0.0,42.0,2500.0,2500.0,2500.0,0.0,0.0
2025-01-16 00:00:00+05:30,246,Warangal,886,Warangal,80,Banana,80,Common,0.0,50.0,2800.0,2800.0,2800.0,0.0,0.0
2025-01-13 00:00:00+05:30,246,Warangal,886,Warangal,80,Banana,80,Common,0.0,42.0,2500.0,2500.0,2500.0,0.0,0.0
2025-01-05 00:00:00+05:30,246,Warangal,886,Warangal,80,Banana,80,Common,0.0,35.0,2500.0,2500.0,2500.0,0.0,0.0
2025-01-03 00:00:00+05:30,246,Warangal,886,Warangal,80,Banana,80,Common,0.0,28.0,2500.0,2500.0,2500.0,0.0,0.0
2025-01-09 00:00:00+05:30,246,Warangal,886,Warangal,80,Banana,80,Common,0.0,25.0,2800.0,2800.0,2800.0,0.0,0.0
2025-01-23 00:00:00+05:30,246,Warangal,886,Warangal,80,Banana,80,Common,0.0,14.0,2500.0,2500.0,2500.0,0.0,0.0
2025-01-09 00:00:00+05:30,246,Warangal,886,Warangal,81,Grapes,296,Black,0.0,10.0,4000.0,4000.0,4000.0,0.0,0.0
2025-01-07 00:00:00+05:30,246,Warangal,886,Warangal,81,Grapes,296,Black,0.0,10.0,4000.0,4000.0,4000.0,0.0,0.0
2025-01-03 00:00:00+05:30,246,Warangal,886,Warangal,81,Grapes,296,Black,0.0,25.0,4000.0,4000.0,4000.0,0.0,0.0
2025-01-05 00:00:00+05:30,246,Warangal,886,Warangal,81,Grapes,296,Black,0.0,10.0,4000.0,4000.0,4000.0,0.0,0.0
2025-01-04 00:00:00+05:30,246,Warangal,886,Warangal,81,Grapes,296,Black,0.0,10.0,5000.0,5000.0,5000.0,0.0,0.0
2025-01-13 00:00:00+05:30,246,Warangal,886,Warangal,81,Grapes,296,Black,0.0,15.0,4000.0,4000.0,4000.0,0.0,0.0
2025-01-10 00:00:00+05:30,246,Warangal,886,Warangal,81,Grapes,296,Black,0.0,20.0,5500.0,5500.0,5500.0,0.0,0.0
2025-01-16 00:00:00+05:30,246,Warangal,886,Warangal,81,Grapes,296,Black,0.0,20.0,5000.0,5000.0,5000.0,0.0,0.0
2025-01-30 00:00:00+05:30,246,Warangal,886,Warangal,81,Grapes,296,Black,0.0,20.0,5000.0,5000.0,5000.0,0.0,0.0
2025-01-27 00:00:00+05:30,246,Warangal,886,Warangal,81,Grapes,296,Black,0.0,12.0,7000.0,7000.0,7000.0,0.0,0.0
2025-01-16 00:00:00+05:30,246,Warangal,886,Warangal,81,Grapes,297,White,0.0,35.0,8000.0,8000.0,8000.0,0.0,0.0
2025-01-17 00:00:00+05:30,246,Warangal,886,Warangal,81,Grapes,297,White,0.0,40.0,8000.0,8000.0,8000.0,0.0,0.0
2025-01-19 00:00:00+05:30,246,Warangal,886,Warangal,81,Grapes,297,White,0.0,25.0,8000.0,8000.0,8000.0,0.0,0.0
2025-01-18 00:00:00+05:30,246,Warangal,886,Warangal,81,Grapes,297,White,0.0,17.0,8000.0,8000.0,8000.0,0.0,0.0
2025-01-20 00:00:00+05:30,246,Warangal,886,Warangal,81,Grapes,297,White,0.0,54.0,8000.0,8000.0,8000.0,0.0,0.0
2025-01-11 00:00:00+05:30,246,Warangal,886,Warangal,81,Grapes,297,White,0.0,10.0,5000.0,5000.0,5000.0,0.0,0.0
2025-01-15 00:00:00+05:30,246,Warangal,886,Warangal,81,Grapes,297,White,0.0,20.0,8000.0,8000.0,8000.0,0.0,0.0
2025-01-07 00:00:00+05:30,246,Warangal,886,Warangal,81,Grapes,297,White,0.0,20.0,8000.0,8000.0,8000.0,0.0,0.0
2025-01-06 00:00:00+05:30,246,Warangal,886,Warangal,81,Grapes,297,White,0.0,23.0,9000.0,9000.0,9000.0,0.0,0.0
2025-01-08 00:00:00+05:30,246,Warangal,886,Warangal,81,Grapes,297,White,0.0,48.0,8000.0,8000.0,8000.0,0.0,0.0
2025-01-23 00:00:00+05:30,246,Warangal,886,Warangal,81,Grapes,297,White,0.0,6.0,5000.0,5000.0,5000.0,0.0,0.0
2025-01-24 00:00:00+05:30,246,Warangal,886,Warangal,81,Grapes,297,White,0.0,54.0,6000.0,6000.0,6000.0,0.0,0.0
2025-01-21 00:00:00+05:30,246,Warangal,886,Warangal,81,Grapes,297,White,0.0,33.0,8000.0,8000.0,8000.0,0.0,0.0
2025-01-22 00:00:00+05:30,246,Warangal,886,Warangal,81,Grapes,297,White,0.0,82.0,6000.0,8000.0,7000.0,0.0,0.0
2025-01-27 00:00:00+05:30,246,Warangal,886,Warangal,81,Grapes,297,White,0.0,84.0,7000.0,7000.0,7000.0,0.0,0.0
2025-01-26 00:00:00+05:30,246,Warangal,886,Warangal,81,Grapes,297,White,0.0,24.0,5000.0,5000.0,5000.0,0.0,0.0
2025-01-30 00:00:00+05:30,246,Warangal,886,Warangal,81,Grapes,297,White,0.0,118.0,5000.0,5000.0,5000.0,0.0,0.0
2025-01-29 00:00:00+05:30,246,Warangal,886,Warangal,81,Grapes,297,White,0.0,65.0,6000.0,7000.0,6500.0,0.0,0.0
2025-01-28 00:00:00+05:30,246,Warangal,886,Warangal,81,Grapes,297,White,0.0,6.0,7000.0,7000.0,7000.0,0.0,0.0
2025-01-31 00:00:00+05:30,246,Warangal,886,Warangal,81,Grapes,297,White,0.0,64.0,5000.0,5000.0,5000.0,0.0,0.0
2025-01-22 00:00:00+05:30,246,Warangal,886,Warangal,82,Pomegrenates,82,Common,0.0,30.0,8000.0,13000.0,10000.0,0.0,0.0
2025-01-21 00:00:00+05:30,246,Warangal,886,Warangal,82,Pomegrenates,82,Common,0.0,45.0,9000.0,13000.0,10000.0,0.0,0.0
2025-01-24 00:00:00+05:30,246,Warangal,886,Warangal,82,Pomegrenates,82,Common,0.0,55.0,8000.0,15000.0,10000.0,0.0,0.0
2025-01-23 00:00:00+05:30,246,Warangal,886,Warangal,82,Pomegrenates,82,Common,0.0,10.0,9000.0,12000.0,10000.0,0.0,0.0
2025-01-07 00:00:00+05:30,246,Warangal,886,Warangal,82,Pomegrenates,82,Common,0.0,30.0,9000.0,13000.0,11000.0,0.0,0.0
2025-01-03 00:00:00+05:30,246,Warangal,886,Warangal,82,Pomegrenates,82,Common,0.0,2.0,10000.0,10000.0,10000.0,0.0,0.0
2025-01-15 00:00:00+05:30,246,Warangal,886,Warangal,82,Pomegrenates,82,Common,0.0,6.0,9000.0,12000.0,10000.0,0.0,0.0
2025-01-13 00:00:00+05:30,246,Warangal,886,Warangal,82,Pomegrenates,82,Common,0.0,14.0,8000.0,13000.0,10000.0,0.0,0.0
2025-01-10 00:00:00+05:30,246,Warangal,886,Warangal,82,Pomegrenates,82,Common,0.0,25.0,8000.0,13000.0,10000.0,0.0,0.0
2025-01-20 00:00:00+05:30,246,Warangal,886,Warangal,82,Pomegrenates,82,Common,0.0,34.0,9000.0,14000.0,11500.0,0.0,0.0
2025-01-18 00:00:00+05:30,246,Warangal,886,Warangal,82,Pomegrenates,82,Common,0.0,17.0,9000.0,12000.0,10000.0,0.0,0.0
2025-01-19 00:00:00+05:30,246,Warangal,886,Warangal,82,Pomegrenates,82,Common,0.0,8.0,12000.0,15000.0,13000.0,0.0,0.0
2025-01-17 00:00:00+05:30,246,Warangal,886,Warangal,82,Pomegrenates,82,Common,0.0,20.0,9000.0,13000.0,11000.0,0.0,0.0
2025-01-16 00:00:00+05:30,246,Warangal,886,Warangal,82,Pomegrenates,82,Common,0.0,9.0,8000.0,12000.0,10000.0,0.0,0.0
2025-01-29 00:00:00+05:30,246,Warangal,886,Warangal,82,Pomegrenates,82,Common,0.0,50.0,15000.0,20000.0,18000.0,0.0,0.0
2025-01-30 00:00:00+05:30,246,Warangal,886,Warangal,82,Pomegrenates,82,Common,0.0,6.0,17000.0,20000.0,18500.0,0.0,0.0
2025-01-25 00:00:00+05:30,246,Warangal,886,Warangal,82,Pomegrenates,82,Common,0.0,25.0,8000.0,12000.0,10000.0,0.0,0.0
2025-01-27 00:00:00+05:30,246,Warangal,886,Warangal,82,Pomegrenates,82,Common,0.0,4.0,10000.0,13000.0,11500.0,0.0,0.0
2025-01-17 00:00:00+05:30,246,Warangal,886,Warangal,85,Musk Melon,85,Common,0.0,5.0,2000.0,2000.0,2000.0,0.0,0.0
2025-01-20 00:00:00+05:30,246,Warangal,886,Warangal,85,Musk Melon,85,Common,0.0,5.0,3000.0,3000.0,3000.0,0.0,0.0
2025-01-27 00:00:00+05:30,246,Warangal,886,Warangal,85,Musk Melon,85,Common,0.0,20.0,3000.0,4000.0,3500.0,0.0,0.0
2025-01-30 00:00:00+05:30,246,Warangal,886,Warangal,85,Musk Melon,85,Common,0.0,80.0,3500.0,4000.0,3750.0,0.0,0.0
2025-01-29 00:00:00+05:30,246,Warangal,886,Warangal,85,Musk Melon,85,Common,0.0,20.0,4000.0,4000.0,4000.0,0.0,0.0
2025-01-28 00:00:00+05:30,246,Warangal,886,Warangal,85,Musk Melon,85,Common,0.0,40.0,3500.0,3500.0,3500.0,0.0,0.0
2025-01-20 00:00:00+05:30,246,Warangal,886,Warangal,86,Water Melon,86,Common,0.0,100.0,800.0,800.0,800.0,0.0,0.0
2025-01-19 00:00:00+05:30,246,Warangal,886,Warangal,86,Water Melon,86,Common,0.0,20.0,800.0,800.0,800.0,0.0,0.0
2025-01-18 00:00:00+05:30,246,Warangal,886,Warangal,86,Water Melon,86,Common,0.0,20.0,1000.0,1000.0,1000.0,0.0,0.0
2025-01-17 00:00:00+05:30,246,Warangal,886,Warangal,86,Water Melon,86,Common,0.0,95.0,1000.0,1000.0,1000.0,0.0,0.0
2025-01-01 00:00:00+05:30,246,Warangal,886,Warangal,86,Water Melon,86,Common,0.0,50.0,1000.0,1000.0,1000.0,0.0,0.0
2025-01-04 00:00:00+05:30,246,Warangal,886,Warangal,86,Water Melon,86,Common,0.0,40.0,1000.0,1200.0,1100.0,0.0,0.0
2025-01-05 00:00:00+05:30,246,Warangal,886,Warangal,86,Water Melon,86,Common,0.0,20.0,1000.0,1000.0,1000.0,0.0,0.0
2025-01-06 00:00:00+05:30,246,Warangal,886,Warangal,86,Water Melon,86,Common,0.0,80.0,1000.0,1000.0,1000.0,0.0,0.0
2025-01-09 00:00:00+05:30,246,Warangal,886,Warangal,86,Water Melon,86,Common,0.0,10.0,1000.0,1000.0,1000.0,0.0,0.0
2025-01-21 00:00:00+05:30,246,Warangal,886,Warangal,86,Water Melon,86,Common,0.0,220.0,1000.0,1000.0,1000.0,0.0,0.0
2025-01-22 00:00:00+05:30,246,Warangal,886,Warangal,86,Water Melon,86,Common,0.0,100.0,800.0,1000.0,900.0,0.0,0.0
2025-01-28 00:00:00+05:30,246,Warangal,886,Warangal,86,Water Melon,86,Common,0.0,160.0,600.0,1000.0,800.0,0.0,0.0
2025-01-29 00:00:00+05:30,246,Warangal,886,Warangal,86,Water Melon,86,Common,0.0,120.0,600.0,800.0,700.0,0.0,0.0
2025-01-30 00:00:00+05:30,246,Warangal,886,Warangal,86,Water Melon,86,Common,0.0,230.0,500.0,1000.0,700.0,0.0,0.0
2025-01-27 00:00:00+05:30,246,Warangal,886,Warangal,86,Water Melon,86,Common,0.0,40.0,500.0,500.0,500.0,0.0,0.0
2025-01-26 00:00:00+05:30,246,Warangal,886,Warangal,86,Water Melon,86,Common,0.0,40.0,1000.0,1000.0,1000.0,0.0,0.0
2025-01-31 00:00:00+05:30,246,Warangal,886,Warangal,86,Water Melon,86,Common,0.0,40.0,600.0,700.0,650.0,0.0,0.0
2025-01-21 00:00:00+05:30,246,Warangal,886,Warangal,87,Pine apple,87,Common,0.0,20.0,3000.0,3000.0,3000.0,0.0,0.0
2025-01-16 00:00:00+05:30,246,Warangal,886,Warangal,87,Pine apple,87,Common,0.0,20.0,3000.0,3000.0,3000.0,0.0,0.0
2025-01-18 00:00:00+05:30,246,Warangal,886,Warangal,87,Pine apple,87,Common,0.0,20.0,3000.0,3000.0,3000.0,0.0,0.0
2025-01-30 00:00:00+05:30,246,Warangal,886,Warangal,87,Pine apple,87,Common,0.0,10.0,3000.0,3000.0,3000.0,0.0,0.0
2025-01-19 00:00:00+05:30,246,Warangal,886,Warangal,89,Papaya,89,Common,0.0,40.0,2500.0,2500.0,2500.0,0.0,0.0
2025-01-16 00:00:00+05:30,246,Warangal,886,Warangal,89,Papaya,89,Common,0.0,30.0,2000.0,2000.0,2000.0,0.0,0.0
2025-01-17 00:00:00+05:30,246,Warangal,886,Warangal,89,Papaya,89,Common,0.0,20.0,2000.0,2000.0,2000.0,0.0,0.0
2025-01-08 00:00:00+05:30,246,Warangal,886,Warangal,89,Papaya,89,Common,0.0,20.0,2500.0,2500.0,2500.0,0.0,0.0
2025-01-05 00:00:00+05:30,246,Warangal,886,Warangal,89,Papaya,89,Common,0.0,20.0,2000.0,2000.0,2000.0,0.0,0.0
2025-01-04 00:00:00+05:30,246,Warangal,886,Warangal,89,Papaya,89,Common,0.0,20.0,2500.0,2500.0,2500.0,0.0,0.0
2025-01-21 00:00:00+05:30,246,Warangal,886,Warangal,89,Papaya,89,Common,0.0,40.0,1500.0,2500.0,2000.0,0.0,0.0
2025-01-30 00:00:00+05:30,246,Warangal,886,Warangal,89,Papaya,89,Common,0.0,20.0,2500.0,2500.0,2500.0,0.0,0.0
2025-01-25 00:00:00+05:30,246,Warangal,886,Warangal,89,Papaya,89,Common,0.0,20.0,2000.0,2000.0,2000.0,0.0,0.0
2025-01-31 00:00:00+05:30,246,Warangal,886,Warangal,89,Papaya,89,Common,0.0,20.0,1500.0,1500.0,1500.0,0.0,0.0
2025-01-03 00:00:00+05:30,246,Warangal,886,Warangal,90,Guava,90,Common,0.0,20.0,4000.0,4000.0,4000.0,0.0,0.0
2025-01-08 00:00:00+05:30,246,Warangal,886,Warangal,90,Guava,90,Common,0.0,10.0,4000.0,4000.0,4000.0,0.0,0.0
2025-01-06 00:00:00+05:30,246,Warangal,886,Warangal,90,Guava,90,Common,0.0,26.0,4000.0,4000.0,4000.0,0.0,0.0
2025-01-16 00:00:00+05:30,246,Warangal,886,Warangal,90,Guava,90,Common,0.0,8.0,4000.0,4000.0,4000.0,0.0,0.0
2025-01-18 00:00:00+05:30,246,Warangal,886,Warangal,90,Guava,90,Common,0.0,10.0,4000.0,4000.0,4000.0,0.0,0.0
2025-01-20 00:00:00+05:30,246,Warangal,886,Warangal,91,Ber,91,Common,0.0,48.0,3000.0,3000.0,3000.0,0.0,0.0
2025-01-17 00:00:00+05:30,246,Warangal,886,Warangal,91,Ber,91,Common,0.0,33.0,3000.0,3000.0,3000.0,0.0,0.0
2025-01-11 00:00:00+05:30,246,Warangal,886,Warangal,91,Ber,91,Common,0.0,15.0,3000.0,3000.0,3000.0,0.0,0.0
2025-01-06 00:00:00+05:30,246,Warangal,886,Warangal,91,Ber,91,Common,0.0,29.0,2500.0,2500.0,2500.0,0.0,0.0
2025-01-08 00:00:00+05:30,246,Warangal,886,Warangal,91,Ber,91,Common,0.0,10.0,4000.0,4000.0,4000.0,0.0,0.0
2025-01-03 00:00:00+05:30,246,Warangal,886,Warangal,91,Ber,91,Common,0.0,27.0,3000.0,3000.0,3000.0,0.0,0.0
2025-01-02 00:00:00+05:30,246,Warangal,886,Warangal,91,Ber,91,Common,0.0,18.0,2500.0,2500.0,2500.0,0.0,0.0
2025-01-05 00:00:00+05:30,246,Warangal,886,Warangal,91,Ber,91,Common,0.0,5.0,2400.0,2400.0,2400.0,0.0,0.0
2025-01-22 00:00:00+05:30,246,Warangal,886,Warangal,91,Ber,91,Common,0.0,8.0,3000.0,3000.0,3000.0,0.0,0.0
2025-01-24 00:00:00+05:30,246,Warangal,886,Warangal,91,Ber,91,Common,0.0,10.0,4000.0,4000.0,4000.0,0.0,0.0
2025-01-31 00:00:00+05:30,246,Warangal,886,Warangal,91,Ber,91,Common,0.0,3.0,4000.0,4000.0,4000.0,0.0,0.0
2025-01-27 00:00:00+05:30,246,Warangal,886,Warangal,91,Ber,91,Common,0.0,15.0,3000.0,3000.0,3000.0,0.0,0.0
2025-01-29 00:00:00+05:30,246,Warangal,886,Warangal,91,Ber,91,Common,0.0,10.0,3000.0,3000.0,3000.0,0.0,0.0
2025-01-24 00:00:00+05:30,246,Warangal,886,Warangal,97,Apple,97,Common,0.0,52.0,10000.0,15000.0,12500.0,0.0,0.0
2025-01-23 00:00:00+05:30,246,Warangal,886,Warangal,97,Apple,97,Common,0.0,51.0,9000.0,13000.0,10000.0,0.0,0.0
2025-01-03 00:00:00+05:30,246,Warangal,886,Warangal,97,Apple,97,Common,0.0,53.0,8000.0,20000.0,10000.0,0.0,0.0
2025-01-08 00:00:00+05:30,246,Warangal,886,Warangal,97,Apple,97,Common,0.0,50.0,9000.0,13000.0,10500.0,0.0,0.0
2025-01-09 00:00:00+05:30,246,Warangal,886,Warangal,97,Apple,97,Common,0.0,24.0,9000.0,13000.0,11000.0,0.0,0.0
2025-01-07 00:00:00+05:30,246,Warangal,886,Warangal,97,Apple,97,Common,0.0,61.0,8000.0,12000.0,9000.0,0.0,0.0
2025-01-12 00:00:00+05:30,246,Warangal,886,Warangal,97,Apple,97,Common,0.0,60.0,8000.0,13000.0,9000.0,0.0,0.0
2025-01-17 00:00:00+05:30,246,Warangal,886,Warangal,97,Apple,97,Common,0.0,12.0,9000.0,12000.0,10000.0,0.0,0.0
2025-01-16 00:00:00+05:30,246,Warangal,886,Warangal,97,Apple,97,Common,0.0,50.0,9000.0,12000.0,10000.0,0.0,0.0
2025-01-20 00:00:00+05:30,246,Warangal,886,Warangal,97,Apple,97,Common,0.0,52.0,9000.0,14000.0,10000.0,0.0,0.0
2025-01-18 00:00:00+05:30,246,Warangal,886,Warangal,97,Apple,97,Common,0.0,5.0,12000.0,13000.0,12500.0,0.0,0.0
2025-01-19 00:00:00+05:30,246,Warangal,886,Warangal,97,Apple,97,Common,0.0,94.0,10000.0,14000.0,12000.0,0.0,0.0
2025-01-28 00:00:00+05:30,246,Warangal,886,Warangal,97,Apple,97,Common,0.0,41.0,10000.0,14000.0,12000.0,0.0,0.0
2025-01-30 00:00:00+05:30,246,Warangal,886,Warangal,97,Apple,97,Common,0.0,7.5,12000.0,15000.0,14000.0,0.0,0.0
2025-01-27 00:00:00+05:30,246,Warangal,886,Warangal,97,Apple,97,Common,0.0,20.0,11000.0,13000.0,12000.0,0.0,0.0
2025-01-25 00:00:00+05:30,246,Warangal,886,Warangal,97,Apple,97,Common,0.0,73.0,8000.0,13000.0,10000.0,0.0,0.0
2025-01-31 00:00:00+05:30,246,Warangal,886,Warangal,97,Apple,97,Common,0.0,10.0,10000.0,13000.0,11000.0,0.0,0.0
2025-01-19 00:00:00+05:30,246,Warangal,886,Warangal,98,Cabbage,98,Common,0.0,16.0,1600.0,2000.0,1800.0,0.0,0.0
2025-01-18 00:00:00+05:30,246,Warangal,886,Warangal,98,Cabbage,98,Common,0.0,41.0,1200.0,1600.0,1400.0,0.0,0.0
2025-01-20 00:00:00+05:30,246,Warangal,886,Warangal,98,Cabbage,98,Common,0.0,28.0,2500.0,3000.0,2750.0,0.0,0.0
2025-01-16 00:00:00+05:30,246,Warangal,886,Warangal,98,Cabbage,98,Common,0.0,44.0,2000.0,2500.0,2250.0,0.0,0.0
2025-01-17 00:00:00+05:30,246,Warangal,886,Warangal,98,Cabbage,98,Common,0.0,40.0,1000.0,1200.0,1100.0,0.0,0.0
2025-01-12 00:00:00+05:30,246,Warangal,886,Warangal,98,Cabbage,98,Common,0.0,28.0,1200.0,1600.0,1400.0,0.0,0.0
2025-01-13 00:00:00+05:30,246,Warangal,886,Warangal,98,Cabbage,98,Common,0.0,41.0,1000.0,1200.0,1100.0,0.0,0.0
2025-01-14 00:00:00+05:30,246,Warangal,886,Warangal,98,Cabbage,98,Common,0.0,33.0,2000.0,2400.0,2200.0,0.0,0.0
2025-01-11 00:00:00+05:30,246,Warangal,886,Warangal,98,Cabbage,98,Common,0.0,40.0,800.0,1000.0,900.0,0.0,0.0
2025-01-10 00:00:00+05:30,246,Warangal,886,Warangal,98,Cabbage,98,Common,0.0,61.0,1200.0,1600.0,1400.0,0.0,0.0
2025-01-07 00:00:00+05:30,246,Warangal,886,Warangal,98,Cabbage,98,Common,0.0,86.0,1200.0,1600.0,1400.0,0.0,0.0
2025-01-06 00:00:00+05:30,246,Warangal,886,Warangal,98,Cabbage,98,Common,0.0,82.0,800.0,1000.0,900.0,0.0,0.0
2025-01-09 00:00:00+05:30,246,Warangal,886,Warangal,98,Cabbage,98,Common,0.0,64.0,1200.0,1400.0,1300.0,0.0,0.0
2025-01-08 00:00:00+05:30,246,Warangal,886,Warangal,98,Cabbage,98,Common,0.0,77.0,1200.0,1600.0,1400.0,0.0,0.0
2025-01-03 00:00:00+05:30,246,Warangal,886,Warangal,98,Cabbage,98,Common,0.0,71.0,1000.0,1400.0,1200.0,0.0,0.0
2025-01-02 00:00:00+05:30,246,Warangal,886,Warangal,98,Cabbage,98,Common,0.0,38.0,1200.0,1600.0,1400.0,0.0,0.0
2025-01-01 00:00:00+05:30,246,Warangal,886,Warangal,98,Cabbage,98,Common,0.0,29.0,1000.0,1400.0,1200.0,0.0,0.0
2025-01-05 00:00:00+05:30,246,Warangal,886,Warangal,98,Cabbage,98,Common,0.0,54.0,800.0,1000.0,900.0,0.0,0.0
2025-01-04 00:00:00+05:30,246,Warangal,886,Warangal,98,Cabbage,98,Common,0.0,84.0,2000.0,2500.0,2250.0,0.0,0.0
2025-01-23 00:00:00+05:30,246,Warangal,886,Warangal,98,Cabbage,98,Common,0.0,44.0,1600.0,2000.0,1800.0,0.0,0.0
2025-01-24 00:00:00+05:30,246,Warangal,886,Warangal,98,Cabbage,98,Common,0.0,32.0,1600.0,2000.0,1800.0,0.0,0.0
2025-01-22 00:00:00+05:30,246,Warangal,886,Warangal,98,Cabbage,98,Common,0.0,40.0,2000.0,2500.0,2250.0,0.0,0.0
2025-01-21 00:00:00+05:30,246,Warangal,886,Warangal,98,Cabbage,98,Common,0.0,34.0,1200.0,1600.0,1400.0,0.0,0.0
2025-01-31 00:00:00+05:30,246,Warangal,886,Warangal,98,Cabbage,98,Common,0.0,50.0,0.0,1600.0,1400.0,0.0,0.0
2025-01-25 00:00:00+05:30,246,Warangal,886,Warangal,98,Cabbage,98,Common,0.0,42.0,1200.0,1600.0,1400.0,0.0,0.0
2025-01-26 00:00:00+05:30,246,Warangal,886,Warangal,98,Cabbage,98,Common,0.0,40.0,1200.0,1600.0,1400.0,0.0,0.0
2025-01-27 00:00:00+05:30,246,Warangal,886,Warangal,98,Cabbage,98,Common,0.0,52.0,1200.0,1600.0,1400.0,0.0,0.0
2025-01-30 00:00:00+05:30,246,Warangal,886,Warangal,98,Cabbage,98,Common,0.0,34.0,1500.0,2000.0,1750.0,0.0,0.0
2025-01-28 00:00:00+05:30,246,Warangal,886,Warangal,98,Cabbage,98,Common,0.0,37.0,1200.0,1600.0,1400.0,0.0,0.0
2025-01-29 00:00:00+05:30,246,Warangal,886,Warangal,98,Cabbage,98,Common,0.0,52.0,1600.0,2000.0,1800.0,0.0,0.0
2025-01-24 00:00:00+05:30,246,Warangal,886,Warangal,99,Cauliflower,99,Common,0.0,2.0,1600.0,2000.0,1800.0,0.0,0.0
2025-01-04 00:00:00+05:30,246,Warangal,886,Warangal,99,Cauliflower,99,Common,0.0,2.0,1600.0,2000.0,1800.0,0.0,0.0
2025-01-05 00:00:00+05:30,246,Warangal,886,Warangal,99,Cauliflower,99,Common,0.0,2.0,1600.0,2000.0,1800.0,0.0,0.0
2025-01-01 00:00:00+05:30,246,Warangal,886,Warangal,99,Cauliflower,99,Common,0.0,2.0,1600.0,2000.0,1800.0,0.0,0.0
2025-01-02 00:00:00+05:30,246,Warangal,886,Warangal,99,Cauliflower,99,Common,0.0,4.0,1600.0,2000.0,1800.0,0.0,0.0
2025-01-03 00:00:00+05:30,246,Warangal,886,Warangal,99,Cauliflower,99,Common,0.0,8.0,1200.0,1600.0,1400.0,0.0,0.0
2025-01-09 00:00:00+05:30,246,Warangal,886,Warangal,99,Cauliflower,99,Common,0.0,1.0,1600.0,2000.0,1800.0,0.0,0.0
2025-01-06 00:00:00+05:30,246,Warangal,886,Warangal,99,Cauliflower,99,Common,0.0,2.0,2500.0,3000.0,2750.0,0.0,0.0
2025-01-13 00:00:00+05:30,246,Warangal,886,Warangal,99,Cauliflower,99,Common,0.0,1.0,2500.0,3000.0,2750.0,0.0,0.0
2025-01-16 00:00:00+05:30,246,Warangal,886,Warangal,99,Cauliflower,99,Common,0.0,2.0,1000.0,1500.0,1250.0,0.0,0.0
2025-01-20 00:00:00+05:30,246,Warangal,886,Warangal,99,Cauliflower,99,Common,0.0,3.0,1600.0,2000.0,1800.0,0.0,0.0
2025-01-30 00:00:00+05:30,246,Warangal,886,Warangal,99,Cauliflower,99,Common,0.0,2.0,1500.0,2000.0,1750.0,0.0,0.0
2025-01-27 00:00:00+05:30,246,Warangal,886,Warangal,99,Cauliflower,99,Common,0.0,2.0,1600.0,2000.0,1800.0,0.0,0.0
2025-01-26 00:00:00+05:30,246,Warangal,886,Warangal,99,Cauliflower,99,Common,0.0,1.0,1600.0,2000.0,1800.0,0.0,0.0
2025-01-31 00:00:00+05:30,246,Warangal,886,Warangal,99,Cauliflower,99,Common,0.0,2.0,1500.0,2000.0,1750.0,0.0,0.0
2025-01-20 00:00:00+05:30,246,Warangal,886,Warangal,101,Beet Root,101,Common,0.0,9.0,2500.0,3000.0,2750.0,0.0,0.0
2025-01-18 00:00:00+05:30,246,Warangal,886,Warangal,101,Beet Root,101,Common,0.0,7.0,2500.0,3000.0,2750.0,0.0,0.0
2025-01-19 00:00:00+05:30,246,Warangal,886,Warangal,101,Beet Root,101,Common,0.0,13.0,2500.0,3000.0,2750.0,0.0,0.0
2025-01-16 00:00:00+05:30,246,Warangal,886,Warangal,101,Beet Root,101,Common,0.0,3.0,2500.0,3000.0,2750.0,0.0,0.0
2025-01-17 00:00:00+05:30,246,Warangal,886,Warangal,101,Beet Root,101,Common,0.0,10.0,2500.0,3000.0,2750.0,0.0,0.0
2025-01-13 00:00:00+05:30,246,Warangal,886,Warangal,101,Beet Root,101,Common,0.0,10.0,3000.0,3400.0,3200.0,0.0,0.0
2025-01-12 00:00:00+05:30,246,Warangal,886,Warangal,101,Beet Root,101,Common,0.0,9.0,2500.0,3000.0,2750.0,0.0,0.0
2025-01-14 00:00:00+05:30,246,Warangal,886,Warangal,101,Beet Root,101,Common,0.0,13.0,3000.0,3500.0,3250.0,0.0,0.0
2025-01-10 00:00:00+05:30,246,Warangal,886,Warangal,101,Beet Root,101,Common,0.0,12.0,2500.0,3000.0,2750.0,0.0,0.0
2025-01-11 00:00:00+05:30,246,Warangal,886,Warangal,101,Beet Root,101,Common,0.0,13.0,2600.0,3000.0,2800.0,0.0,0.0
2025-01-06 00:00:00+05:30,246,Warangal,886,Warangal,101,Beet Root,101,Common,0.0,13.0,1600.0,2000.0,1800.0,0.0,0.0
2025-01-07 00:00:00+05:30,246,Warangal,886,Warangal,101,Beet Root,101,Common,0.0,13.0,2500.0,3000.0,2750.0,0.0,0.0
2025-01-09 00:00:00+05:30,246,Warangal,886,Warangal,101,Beet Root,101,Common,0.0,14.0,3000.0,3400.0,3200.0,0.0,0.0
2025-01-08 00:00:00+05:30,246,Warangal,886,Warangal,101,Beet Root,101,Common,0.0,12.0,2000.0,2500.0,2250.0,0.0,0.0
2025-01-03 00:00:00+05:30,246,Warangal,886,Warangal,101,Beet Root,101,Common,0.0,15.0,3000.0,3500.0,3250.0,0.0,0.0
2025-01-02 00:00:00+05:30,246,Warangal,886,Warangal,101,Beet Root,101,Common,0.0,11.0,2500.0,3000.0,2750.0,0.0,0.0
2025-01-01 00:00:00+05:30,246,Warangal,886,Warangal,101,Beet Root,101,Common,0.0,17.0,2500.0,3000.0,2750.0,0.0,0.0
2025-01-05 00:00:00+05:30,246,Warangal,886,Warangal,101,Beet Root,101,Common,0.0,8.0,2000.0,2400.0,2200.0,0.0,0.0
2025-01-04 00:00:00+05:30,246,Warangal,886,Warangal,101,Beet Root,101,Common,0.0,16.0,2500.0,3000.0,2750.0,0.0,0.0
2025-01-24 00:00:00+05:30,246,Warangal,886,Warangal,101,Beet Root,101,Common,0.0,13.0,2500.0,3000.0,2750.0,0.0,0.0
2025-01-23 00:00:00+05:30,246,Warangal,886,Warangal,101,Beet Root,101,Common,0.0,10.0,2500.0,3000.0,2750.0,0.0,0.0
2025-01-21 00:00:00+05:30,246,Warangal,886,Warangal,101,Beet Root,101,Common,0.0,11.0,2500.0,3000.0,2750.0,0.0,0.0
2025-01-22 00:00:00+05:30,246,Warangal,886,Warangal,101,Beet Root,101,Common,0.0,13.0,2500.0,3000.0,2750.0,0.0,0.0
2025-01-31 00:00:00+05:30,246,Warangal,886,Warangal,101,Beet Root,101,Common,0.0,17.0,2500.0,3000.0,2750.0,0.0,0.0
2025-01-26 00:00:00+05:30,246,Warangal,886,Warangal,101,Beet Root,101,Common,0.0,13.0,2500.0,3000.0,2750.0,0.0,0.0
2025-01-25 00:00:00+05:30,246,Warangal,886,Warangal,101,Beet Root,101,Common,0.0,11.0,2500.0,3000.0,2750.0,0.0,0.0
2025-01-27 00:00:00+05:30,246,Warangal,886,Warangal,101,Beet Root,101,Common,0.0,16.0,2500.0,3000.0,2750.0,0.0,0.0
2025-01-30 00:00:00+05:30,246,Warangal,886,Warangal,101,Beet Root,101,Common,0.0,10.0,2500.0,3000.0,2750.0,0.0,0.0
2025-01-29 00:00:00+05:30,246,Warangal,886,Warangal,101,Beet Root,101,Common,0.0,21.0,3000.0,3200.0,3100.0,0.0,0.0
2025-01-22 00:00:00+05:30,246,Warangal,886,Warangal,103,Carrot,103,Common,0.0,37.0,3500.0,4000.0,3750.0,0.0,0.0
2025-01-21 00:00:00+05:30,246,Warangal,886,Warangal,103,Carrot,103,Common,0.0,41.0,2500.0,3000.0,2750.0,0.0,0.0
2025-01-23 00:00:00+05:30,246,Warangal,886,Warangal,103,Carrot,103,Common,0.0,35.0,2500.0,3000.0,2750.0,0.0,0.0
2025-01-24 00:00:00+05:30,246,Warangal,886,Warangal,103,Carrot,103,Common,0.0,34.0,2500.0,3000.0,2750.0,0.0,0.0
2025-01-04 00:00:00+05:30,246,Warangal,886,Warangal,103,Carrot,103,Common,0.0,52.0,3000.0,3500.0,3250.0,0.0,0.0
2025-01-05 00:00:00+05:30,246,Warangal,886,Warangal,103,Carrot,103,Common,0.0,37.0,3500.0,4000.0,3750.0,0.0,0.0
2025-01-01 00:00:00+05:30,246,Warangal,886,Warangal,103,Carrot,103,Common,0.0,60.0,3750.0,3500.0,4000.0,0.0,0.0
2025-01-02 00:00:00+05:30,246,Warangal,886,Warangal,103,Carrot,103,Common,0.0,49.0,3500.0,4000.0,3750.0,0.0,0.0
2025-01-03 00:00:00+05:30,246,Warangal,886,Warangal,103,Carrot,103,Common,0.0,59.0,3200.0,3600.0,3400.0,0.0,0.0
2025-01-08 00:00:00+05:30,246,Warangal,886,Warangal,103,Carrot,103,Common,0.0,42.0,3000.0,3500.0,3250.0,0.0,0.0
2025-01-09 00:00:00+05:30,246,Warangal,886,Warangal,103,Carrot,103,Common,0.0,40.0,3500.0,4000.0,3750.0,0.0,0.0
2025-01-07 00:00:00+05:30,246,Warangal,886,Warangal,103,Carrot,103,Common,0.0,32.0,2500.0,3000.0,2750.0,0.0,0.0
2025-01-06 00:00:00+05:30,246,Warangal,886,Warangal,103,Carrot,103,Common,0.0,62.0,3500.0,4000.0,3750.0,0.0,0.0
2025-01-11 00:00:00+05:30,246,Warangal,886,Warangal,103,Carrot,103,Common,0.0,46.0,2500.0,3000.0,2750.0,0.0,0.0
2025-01-10 00:00:00+05:30,246,Warangal,886,Warangal,103,Carrot,103,Common,0.0,42.0,3000.0,3500.0,3250.0,0.0,0.0
2025-01-14 00:00:00+05:30,246,Warangal,886,Warangal,103,Carrot,103,Common,0.0,57.0,3500.0,4000.0,3750.0,0.0,0.0
2025-01-12 00:00:00+05:30,246,Warangal,886,Warangal,103,Carrot,103,Common,0.0,34.0,3500.0,4000.0,3750.0,0.0,0.0
2025-01-13 00:00:00+05:30,246,Warangal,886,Warangal,103,Carrot,103,Common,0.0,38.0,3500.0,4000.0,3750.0,0.0,0.0
2025-01-17 00:00:00+05:30,246,Warangal,886,Warangal,103,Carrot,103,Common,0.0,30.0,3000.0,3500.0,3250.0,0.0,0.0
2025-01-16 00:00:00+05:30,246,Warangal,886,Warangal,103,Carrot,103,Common,0.0,16.0,3500.0,4000.0,3750.0,0.0,0.0
2025-01-19 00:00:00+05:30,246,Warangal,886,Warangal,103,Carrot,103,Common,0.0,37.0,4000.0,4500.0,4250.0,0.0,0.0
2025-01-18 00:00:00+05:30,246,Warangal,886,Warangal,103,Carrot,103,Common,0.0,39.0,2000.0,2500.0,2250.0,0.0,0.0
2025-01-20 00:00:00+05:30,246,Warangal,886,Warangal,103,Carrot,103,Common,0.0,23.0,3500.0,4000.0,3750.0,0.0,0.0
2025-01-29 00:00:00+05:30,246,Warangal,886,Warangal,103,Carrot,103,Common,0.0,52.0,3000.0,3400.0,3200.0,0.0,0.0
2025-01-28 00:00:00+05:30,246,Warangal,886,Warangal,103,Carrot,103,Common,0.0,4.0,2500.0,3000.0,2750.0,0.0,0.0
2025-01-30 00:00:00+05:30,246,Warangal,886,Warangal,103,Carrot,103,Common,0.0,12.0,2500.0,3000.0,2750.0,0.0,0.0
2025-01-27 00:00:00+05:30,246,Warangal,886,Warangal,103,Carrot,103,Common,0.0,46.0,2000.0,2400.0,2200.0,0.0,0.0
2025-01-25 00:00:00+05:30,246,Warangal,886,Warangal,103,Carrot,103,Common,0.0,45.0,2500.0,3000.0,2750.0,0.0,0.0
2025-01-26 00:00:00+05:30,246,Warangal,886,Warangal,103,Carrot,103,Common,0.0,31.0,3200.0,3600.0,3400.0,0.0,0.0
2025-01-31 00:00:00+05:30,246,Warangal,886,Warangal,103,Carrot,103,Common,0.0,46.0,3000.0,3400.0,3200.0,0.0,0.0
2025-01-20 00:00:00+05:30,246,Warangal,886,Warangal,105,Potato,105,Common,0.0,32.0,3000.0,3500.0,3250.0,0.0,0.0
2025-01-18 00:00:00+05:30,246,Warangal,886,Warangal,105,Potato,105,Common,0.0,32.0,2500.0,3000.0,2750.0,0.0,0.0
2025-01-19 00:00:00+05:30,246,Warangal,886,Warangal,105,Potato,105,Common,0.0,34.0,3000.0,3500.0,3250.0,0.0,0.0
2025-01-16 00:00:00+05:30,246,Warangal,886,Warangal,105,Potato,105,Common,0.0,32.0,3000.0,3500.0,3250.0,0.0,0.0
2025-01-17 00:00:00+05:30,246,Warangal,886,Warangal,105,Potato,105,Common,0.0,30.0,2500.0,3000.0,2750.0,0.0,0.0
2025-01-13 00:00:00+05:30,246,Warangal,886,Warangal,105,Potato,105,Common,0.0,30.0,2500.0,3000.0,2750.0,0.0,0.0
2025-01-12 00:00:00+05:30,246,Warangal,886,Warangal,105,Potato,105,Common,0.0,34.0,3200.0,3600.0,3400.0,0.0,0.0
2025-01-14 00:00:00+05:30,246,Warangal,886,Warangal,105,Potato,105,Common,0.0,30.0,2500.0,3000.0,2750.0,0.0,0.0
2025-01-15 00:00:00+05:30,246,Warangal,886,Warangal,105,Potato,105,Common,0.0,30.0,2500.0,3000.0,2750.0,0.0,0.0
2025-01-10 00:00:00+05:30,246,Warangal,886,Warangal,105,Potato,105,Common,0.0,36.0,3200.0,3600.0,3400.0,0.0,0.0
2025-01-11 00:00:00+05:30,246,Warangal,886,Warangal,105,Potato,105,Common,0.0,34.0,2600.0,3000.0,2800.0,0.0,0.0
2025-01-06 00:00:00+05:30,246,Warangal,886,Warangal,105,Potato,105,Common,0.0,40.0,2500.0,3000.0,2750.0,0.0,0.0
2025-01-07 00:00:00+05:30,246,Warangal,886,Warangal,105,Potato,105,Common,0.0,34.0,3200.0,3600.0,3400.0,0.0,0.0
2025-01-09 00:00:00+05:30,246,Warangal,886,Warangal,105,Potato,105,Common,0.0,34.0,3200.0,3600.0,3400.0,0.0,0.0
2025-01-08 00:00:00+05:30,246,Warangal,886,Warangal,105,Potato,105,Common,0.0,34.0,3200.0,3600.0,3400.0,0.0,0.0
2025-01-03 00:00:00+05:30,246,Warangal,886,Warangal,105,Potato,105,Common,0.0,34.0,3000.0,3500.0,3250.0,0.0,0.0
2025-01-02 00:00:00+05:30,246,Warangal,886,Warangal,105,Potato,105,Common,0.0,32.0,3200.0,3600.0,3400.0,0.0,0.0
2025-01-01 00:00:00+05:30,246,Warangal,886,Warangal,105,Potato,105,Common,0.0,30.0,3600.0,3200.0,3400.0,0.0,0.0
2025-01-05 00:00:00+05:30,246,Warangal,886,Warangal,105,Potato,105,Common,0.0,30.0,2500.0,3000.0,2750.0,0.0,0.0
2025-01-04 00:00:00+05:30,246,Warangal,886,Warangal,105,Potato,105,Common,0.0,34.0,3000.0,3500.0,3250.0,0.0,0.0
2025-01-24 00:00:00+05:30,246,Warangal,886,Warangal,105,Potato,105,Common,0.0,32.0,3200.0,3600.0,3400.0,0.0,0.0
2025-01-23 00:00:00+05:30,246,Warangal,886,Warangal,105,Potato,105,Common,0.0,30.0,3000.0,3500.0,3250.0,0.0,0.0
2025-01-21 00:00:00+05:30,246,Warangal,886,Warangal,105,Potato,105,Common,0.0,30.0,3000.0,3500.0,3250.0,0.0,0.0
2025-01-22 00:00:00+05:30,246,Warangal,886,Warangal,105,Potato,105,Common,0.0,34.0,3000.0,3500.0,3250.0,0.0,0.0
2025-01-31 00:00:00+05:30,246,Warangal,886,Warangal,105,Potato,105,Common,0.0,32.0,3200.0,3600.0,3400.0,0.0,0.0
2025-01-26 00:00:00+05:30,246,Warangal,886,Warangal,105,Potato,105,Common,0.0,34.0,3200.0,3600.0,3400.0,0.0,0.0
2025-01-25 00:00:00+05:30,246,Warangal,886,Warangal,105,Potato,105,Common,0.0,32.0,3200.0,3600.0,3400.0,0.0,0.0
2025-01-27 00:00:00+05:30,246,Warangal,886,Warangal,105,Potato,105,Common,0.0,30.0,3000.0,3500.0,3250.0,0.0,0.0
2025-01-30 00:00:00+05:30,246,Warangal,886,Warangal,105,Potato,105,Common,0.0,36.0,3200.0,3600.0,3400.0,0.0,0.0
2025-01-28 00:00:00+05:30,246,Warangal,886,Warangal,105,Potato,105,Common,0.0,34.0,3200.0,3600.0,3400.0,0.0,0.0
2025-01-29 00:00:00+05:30,246,Warangal,886,Warangal,105,Potato,105,Common,0.0,34.0,3200.0,3600.0,3400.0,0.0,0.0
2025-01-22 00:00:00+05:30,246,Warangal,886,Warangal,106,ColaCasio(Arvi),106,Common,0.0,7.0,3500.0,4000.0,3750.0,0.0,0.0
2025-01-21 00:00:00+05:30,246,Warangal,886,Warangal,106,ColaCasio(Arvi),106,Common,0.0,5.0,3500.0,4000.0,3750.0,0.0,0.0
2025-01-23 00:00:00+05:30,246,Warangal,886,Warangal,106,ColaCasio(Arvi),106,Common,0.0,2.0,3000.0,3500.0,3250.0,0.0,0.0
2025-01-24 00:00:00+05:30,246,Warangal,886,Warangal,106,ColaCasio(Arvi),106,Common,0.0,5.0,3500.0,3800.0,3750.0,0.0,0.0
2025-01-04 00:00:00+05:30,246,Warangal,886,Warangal,106,ColaCasio(Arvi),106,Common,0.0,12.0,3500.0,4000.0,3750.0,0.0,0.0
2025-01-05 00:00:00+05:30,246,Warangal,886,Warangal,106,ColaCasio(Arvi),106,Common,0.0,4.0,3000.0,3400.0,3200.0,0.0,0.0
2025-01-01 00:00:00+05:30,246,Warangal,886,Warangal,106,ColaCasio(Arvi),106,Common,0.0,7.0,2500.0,3000.0,2750.0,0.0,0.0
2025-01-02 00:00:00+05:30,246,Warangal,886,Warangal,106,ColaCasio(Arvi),106,Common,0.0,4.0,2500.0,3000.0,2750.0,0.0,0.0
2025-01-03 00:00:00+05:30,246,Warangal,886,Warangal,106,ColaCasio(Arvi),106,Common,0.0,10.0,2500.0,3000.0,2750.0,0.0,0.0
2025-01-08 00:00:00+05:30,246,Warangal,886,Warangal,106,ColaCasio(Arvi),106,Common,0.0,6.0,2500.0,3000.0,2750.0,0.0,0.0
2025-01-09 00:00:00+05:30,246,Warangal,886,Warangal,106,ColaCasio(Arvi),106,Common,0.0,4.0,2500.0,3000.0,2750.0,0.0,0.0
2025-01-07 00:00:00+05:30,246,Warangal,886,Warangal,106,ColaCasio(Arvi),106,Common,0.0,5.0,3000.0,3500.0,3250.0,0.0,0.0
2025-01-06 00:00:00+05:30,246,Warangal,886,Warangal,106,ColaCasio(Arvi),106,Common,0.0,6.0,3200.0,3600.0,3400.0,0.0,0.0
2025-01-11 00:00:00+05:30,246,Warangal,886,Warangal,106,ColaCasio(Arvi),106,Common,0.0,4.0,3000.0,3200.0,3100.0,0.0,0.0
2025-01-10 00:00:00+05:30,246,Warangal,886,Warangal,106,ColaCasio(Arvi),106,Common,0.0,4.0,3000.0,3500.0,3250.0,0.0,0.0
2025-01-14 00:00:00+05:30,246,Warangal,886,Warangal,106,ColaCasio(Arvi),106,Common,0.0,7.0,3000.0,3500.0,3250.0,0.0,0.0
2025-01-12 00:00:00+05:30,246,Warangal,886,Warangal,106,ColaCasio(Arvi),106,Common,0.0,5.0,3500.0,4000.0,3750.0,0.0,0.0
2025-01-13 00:00:00+05:30,246,Warangal,886,Warangal,106,ColaCasio(Arvi),106,Common,0.0,4.0,3200.0,3600.0,3400.0,0.0,0.0
2025-01-17 00:00:00+05:30,246,Warangal,886,Warangal,106,ColaCasio(Arvi),106,Common,0.0,5.0,3200.0,3600.0,3400.0,0.0,0.0
2025-01-16 00:00:00+05:30,246,Warangal,886,Warangal,106,ColaCasio(Arvi),106,Common,0.0,2.0,3500.0,4000.0,3750.0,0.0,0.0
2025-01-19 00:00:00+05:30,246,Warangal,886,Warangal,106,ColaCasio(Arvi),106,Common,0.0,4.0,3500.0,4000.0,3750.0,0.0,0.0
2025-01-18 00:00:00+05:30,246,Warangal,886,Warangal,106,ColaCasio(Arvi),106,Common,0.0,2.0,3000.0,3500.0,3250.0,0.0,0.0
2025-01-20 00:00:00+05:30,246,Warangal,886,Warangal,106,ColaCasio(Arvi),106,Common,0.0,3.0,3500.0,4000.0,3750.0,0.0,0.0
2025-01-29 00:00:00+05:30,246,Warangal,886,Warangal,106,ColaCasio(Arvi),106,Common,0.0,9.0,3200.0,3600.0,3400.0,0.0,0.0
2025-01-27 00:00:00+05:30,246,Warangal,886,Warangal,106,ColaCasio(Arvi),106,Common,0.0,6.0,3500.0,4000.0,3750.0,0.0,0.0
2025-01-25 00:00:00+05:30,246,Warangal,886,Warangal,106,ColaCasio(Arvi),106,Common,0.0,5.0,3000.0,3500.0,3250.0,0.0,0.0
2025-01-26 00:00:00+05:30,246,Warangal,886,Warangal,106,ColaCasio(Arvi),106,Common,0.0,5.0,3500.0,4000.0,3750.0,0.0,0.0
2025-01-31 00:00:00+05:30,246,Warangal,886,Warangal,106,ColaCasio(Arvi),106,Common,0.0,7.0,3500.0,4000.0,3750.0,0.0,0.0
2025-01-20 00:00:00+05:30,246,Warangal,886,Warangal,108,Yam,108,Common,0.0,1.0,3500.0,4000.0,3750.0,0.0,0.0
2025-01-19 00:00:00+05:30,246,Warangal,886,Warangal,108,Yam,108,Common,0.0,1.0,3500.0,4000.0,3750.0,0.0,0.0
2025-01-12 00:00:00+05:30,246,Warangal,886,Warangal,108,Yam,108,Common,0.0,1.0,6500.0,7000.0,6750.0,0.0,0.0
2025-01-08 00:00:00+05:30,246,Warangal,886,Warangal,108,Yam,108,Common,0.0,1.0,6500.0,7000.0,6750.0,0.0,0.0
2025-01-03 00:00:00+05:30,246,Warangal,886,Warangal,108,Yam,108,Common,0.0,2.0,6500.0,7000.0,6750.0,0.0,0.0
2025-01-04 00:00:00+05:30,246,Warangal,886,Warangal,108,Yam,108,Common,0.0,1.0,4500.0,5000.0,4750.0,0.0,0.0
2025-01-24 00:00:00+05:30,246,Warangal,886,Warangal,108,Yam,108,Common,0.0,1.0,5500.0,6000.0,5750.0,0.0,0.0
2025-01-21 00:00:00+05:30,246,Warangal,886,Warangal,108,Yam,108,Common,0.0,1.0,5500.0,6000.0,5750.0,0.0,0.0
2025-01-27 00:00:00+05:30,246,Warangal,886,Warangal,108,Yam,108,Common,0.0,1.0,5500.0,6000.0,5750.0,0.0,0.0
2025-01-21 00:00:00+05:30,246,Warangal,886,Warangal,111,Brinjal,111,Common,0.0,8.0,2500.0,3000.0,2750.0,0.0,0.0
2025-01-22 00:00:00+05:30,246,Warangal,886,Warangal,111,Brinjal,111,Common,0.0,9.0,2000.0,2500.0,2250.0,0.0,0.0
2025-01-24 00:00:00+05:30,246,Warangal,886,Warangal,111,Brinjal,111,Common,0.0,3.0,2500.0,3000.0,2750.0,0.0,0.0
2025-01-23 00:00:00+05:30,246,Warangal,886,Warangal,111,Brinjal,111,Common,0.0,12.0,2000.0,2500.0,2250.0,0.0,0.0
2025-01-04 00:00:00+05:30,246,Warangal,886,Warangal,111,Brinjal,111,Common,0.0,34.0,1600.0,2000.0,1800.0,0.0,0.0
2025-01-05 00:00:00+05:30,246,Warangal,886,Warangal,111,Brinjal,111,Common,0.0,16.0,2000.0,2400.0,2200.0,0.0,0.0
2025-01-03 00:00:00+05:30,246,Warangal,886,Warangal,111,Brinjal,111,Common,0.0,31.0,1600.0,2000.0,1800.0,0.0,0.0
2025-01-02 00:00:00+05:30,246,Warangal,886,Warangal,111,Brinjal,111,Common,0.0,16.0,1600.0,2000.0,1800.0,0.0,0.0
2025-01-01 00:00:00+05:30,246,Warangal,886,Warangal,111,Brinjal,111,Common,0.0,2.0,2000.0,2500.0,2250.0,0.0,0.0
2025-01-08 00:00:00+05:30,246,Warangal,886,Warangal,111,Brinjal,111,Common,0.0,9.0,3500.0,4000.0,3750.0,0.0,0.0
2025-01-09 00:00:00+05:30,246,Warangal,886,Warangal,111,Brinjal,111,Common,0.0,11.0,2500.0,3000.0,2750.0,0.0,0.0
2025-01-06 00:00:00+05:30,246,Warangal,886,Warangal,111,Brinjal,111,Common,0.0,14.0,2500.0,3000.0,2750.0,0.0,0.0
2025-01-07 00:00:00+05:30,246,Warangal,886,Warangal,111,Brinjal,111,Common,0.0,11.0,1600.0,2000.0,1800.0,0.0,0.0
2025-01-12 00:00:00+05:30,246,Warangal,886,Warangal,111,Brinjal,111,Common,0.0,17.0,3500.0,4000.0,3750.0,0.0,0.0
2025-01-13 00:00:00+05:30,246,Warangal,886,Warangal,111,Brinjal,111,Common,0.0,7.0,4000.0,4500.0,4250.0,0.0,0.0
2025-01-14 00:00:00+05:30,246,Warangal,886,Warangal,111,Brinjal,111,Common,0.0,7.0,4500.0,5000.0,4750.0,0.0,0.0
2025-01-10 00:00:00+05:30,246,Warangal,886,Warangal,111,Brinjal,111,Common,0.0,8.0,2500.0,3000.0,2750.0,0.0,0.0
2025-01-11 00:00:00+05:30,246,Warangal,886,Warangal,111,Brinjal,111,Common,0.0,12.0,2500.0,3000.0,2750.0,0.0,0.0
2025-01-19 00:00:00+05:30,246,Warangal,886,Warangal,111,Brinjal,111,Common,0.0,9.0,1600.0,2000.0,1800.0,0.0,0.0
2025-01-18 00:00:00+05:30,246,Warangal,886,Warangal,111,Brinjal,111,Common,0.0,24.0,2500.0,3000.0,2750.0,0.0,0.0
2025-01-20 00:00:00+05:30,246,Warangal,886,Warangal,111,Brinjal,111,Common,0.0,12.0,2500.0,3000.0,2750.0,0.0,0.0
2025-01-16 00:00:00+05:30,246,Warangal,886,Warangal,111,Brinjal,111,Common,0.0,9.0,2000.0,2500.0,2250.0,0.0,0.0
2025-01-17 00:00:00+05:30,246,Warangal,886,Warangal,111,Brinjal,111,Common,0.0,18.0,2500.0,3000.0,2750.0,0.0,0.0
2025-01-27 00:00:00+05:30,246,Warangal,886,Warangal,111,Brinjal,111,Common,0.0,11.0,2500.0,3000.0,2750.0,0.0,0.0
2025-01-26 00:00:00+05:30,246,Warangal,886,Warangal,111,Brinjal,111,Common,0.0,9.0,2500.0,3000.0,2750.0,0.0,0.0
2025-01-25 00:00:00+05:30,246,Warangal,886,Warangal,111,Brinjal,111,Common,0.0,13.0,2500.0,3000.0,2750.0,0.0,0.0
2025-01-29 00:00:00+05:30,246,Warangal,886,Warangal,111,Brinjal,111,Common,0.0,20.0,2000.0,2400.0,2200.0,0.0,0.0
2025-01-28 00:00:00+05:30,246,Warangal,886,Warangal,111,Brinjal,111,Common,0.0,42.0,2000.0,2400.0,2200.0,0.0,0.0
2025-01-30 00:00:00+05:30,246,Warangal,886,Warangal,111,Brinjal,111,Common,0.0,26.0,2000.0,2400.0,2200.0,0.0,0.0
2025-01-31 00:00:00+05:30,246,Warangal,886,Warangal,111,Brinjal,111,Common,0.0,8.0,2500.0,3000.0,2750.0,0.0,0.0
2025-01-17 00:00:00+05:30,246,Warangal,886,Warangal,112,Ladys Finger,112,Common,0.0,16.0,1600.0,2000.0,1800.0,0.0,0.0
2025-01-16 00:00:00+05:30,246,Warangal,886,Warangal,112,Ladys Finger,112,Common,0.0,20.0,1000.0,1500.0,1250.0,0.0,0.0
2025-01-20 00:00:00+05:30,246,Warangal,886,Warangal,112,Ladys Finger,112,Common,0.0,7.0,2500.0,3000.0,2750.0,0.0,0.0
2025-01-18 00:00:00+05:30,246,Warangal,886,Warangal,112,Ladys Finger,112,Common,0.0,22.0,1600.0,2000.0,1800.0,0.0,0.0
2025-01-11 00:00:00+05:30,246,Warangal,886,Warangal,112,Ladys Finger,112,Common,0.0,16.0,3600.0,4000.0,3800.0,0.0,0.0
2025-01-10 00:00:00+05:30,246,Warangal,886,Warangal,112,Ladys Finger,112,Common,0.0,5.0,4500.0,5000.0,4750.0,0.0,0.0
2025-01-14 00:00:00+05:30,246,Warangal,886,Warangal,112,Ladys Finger,112,Common,0.0,12.0,2500.0,3000.0,2750.0,0.0,0.0
2025-01-15 00:00:00+05:30,246,Warangal,886,Warangal,112,Ladys Finger,112,Common,0.0,10.0,1500.0,2000.0,1750.0,0.0,0.0
2025-01-13 00:00:00+05:30,246,Warangal,886,Warangal,112,Ladys Finger,112,Common,0.0,5.0,3500.0,4000.0,3750.0,0.0,0.0
2025-01-12 00:00:00+05:30,246,Warangal,886,Warangal,112,Ladys Finger,112,Common,0.0,13.0,4500.0,5000.0,4750.0,0.0,0.0
2025-01-07 00:00:00+05:30,246,Warangal,886,Warangal,112,Ladys Finger,112,Common,0.0,5.0,4500.0,5000.0,4750.0,0.0,0.0
2025-01-06 00:00:00+05:30,246,Warangal,886,Warangal,112,Ladys Finger,112,Common,0.0,9.0,3500.0,4000.0,3750.0,0.0,0.0
2025-01-09 00:00:00+05:30,246,Warangal,886,Warangal,112,Ladys Finger,112,Common,0.0,9.0,4500.0,5000.0,4750.0,0.0,0.0
2025-01-08 00:00:00+05:30,246,Warangal,886,Warangal,112,Ladys Finger,112,Common,0.0,9.0,4500.0,5000.0,4750.0,0.0,0.0
2025-01-01 00:00:00+05:30,246,Warangal,886,Warangal,112,Ladys Finger,112,Common,0.0,13.0,1600.0,2000.0,1800.0,0.0,0.0
2025-01-02 00:00:00+05:30,246,Warangal,886,Warangal,112,Ladys Finger,112,Common,0.0,13.0,1600.0,2000.0,1800.0,0.0,0.0
2025-01-03 00:00:00+05:30,246,Warangal,886,Warangal,112,Ladys Finger,112,Common,0.0,10.0,2000.0,2400.0,2200.0,0.0,0.0
2025-01-05 00:00:00+05:30,246,Warangal,886,Warangal,112,Ladys Finger,112,Common,0.0,6.0,2500.0,3000.0,2750.0,0.0,0.0
2025-01-04 00:00:00+05:30,246,Warangal,886,Warangal,112,Ladys Finger,112,Common,0.0,8.0,2500.0,3000.0,2750.0,0.0,0.0
2025-01-23 00:00:00+05:30,246,Warangal,886,Warangal,112,Ladys Finger,112,Common,0.0,7.0,3000.0,3500.0,3250.0,0.0,0.0
2025-01-24 00:00:00+05:30,246,Warangal,886,Warangal,112,Ladys Finger,112,Common,0.0,12.0,3500.0,4000.0,3750.0,0.0,0.0
2025-01-22 00:00:00+05:30,246,Warangal,886,Warangal,112,Ladys Finger,112,Common,0.0,9.0,2000.0,2500.0,2250.0,0.0,0.0
2025-01-21 00:00:00+05:30,246,Warangal,886,Warangal,112,Ladys Finger,112,Common,0.0,6.0,3500.0,4000.0,3750.0,0.0,0.0
2025-01-31 00:00:00+05:30,246,Warangal,886,Warangal,112,Ladys Finger,112,Common,0.0,12.0,3500.0,4000.0,3750.0,0.0,0.0
2025-01-30 00:00:00+05:30,246,Warangal,886,Warangal,112,Ladys Finger,112,Common,0.0,9.0,3500.0,4000.0,3750.0,0.0,0.0
2025-01-28 00:00:00+05:30,246,Warangal,886,Warangal,112,Ladys Finger,112,Common,0.0,14.0,2500.0,3000.0,2750.0,0.0,0.0
2025-01-29 00:00:00+05:30,246,Warangal,886,Warangal,112,Ladys Finger,112,Common,0.0,11.0,3500.0,4000.0,3750.0,0.0,0.0
2025-01-25 00:00:00+05:30,246,Warangal,886,Warangal,112,Ladys Finger,112,Common,0.0,4.0,3500.0,4000.0,3750.0,0.0,0.0
2025-01-26 00:00:00+05:30,246,Warangal,886,Warangal,112,Ladys Finger,112,Common,0.0,15.0,3500.0,4000.0,3750.0,0.0,0.0
2025-01-27 00:00:00+05:30,246,Warangal,886,Warangal,112,Ladys Finger,112,Common,0.0,6.0,3000.0,3500.0,3250.0,0.0,0.0
2025-01-21 00:00:00+05:30,246,Warangal,886,Warangal,113,Green Chillies,113,Common,0.0,168.0,2500.0,3000.0,2750.0,0.0,0.0
2025-01-22 00:00:00+05:30,246,Warangal,886,Warangal,113,Green Chillies,113,Common,0.0,152.0,2000.0,2500.0,2250.0,0.0,0.0
2025-01-24 00:00:00+05:30,246,Warangal,886,Warangal,113,Green Chillies,113,Common,0.0,164.0,2500.0,3000.0,2750.0,0.0,0.0
2025-01-23 00:00:00+05:30,246,Warangal,886,Warangal,113,Green Chillies,113,Common,0.0,148.0,2400.0,2600.0,2550.0,0.0,0.0
2025-01-04 00:00:00+05:30,246,Warangal,886,Warangal,113,Green Chillies,113,Common,0.0,200.0,2000.0,2500.0,2250.0,0.0,0.0
2025-01-05 00:00:00+05:30,246,Warangal,886,Warangal,113,Green Chillies,113,Common,0.0,180.0,2200.0,2600.0,2400.0,0.0,0.0
2025-01-03 00:00:00+05:30,246,Warangal,886,Warangal,113,Green Chillies,113,Common,0.0,162.0,2500.0,3000.0,2750.0,0.0,0.0
2025-01-02 00:00:00+05:30,246,Warangal,886,Warangal,113,Green Chillies,113,Common,0.0,125.0,2500.0,3000.0,2750.0,0.0,0.0
2025-01-01 00:00:00+05:30,246,Warangal,886,Warangal,113,Green Chillies,113,Common,0.0,60.0,2000.0,2500.0,2250.0,0.0,0.0
2025-01-08 00:00:00+05:30,246,Warangal,886,Warangal,113,Green Chillies,113,Common,0.0,160.0,2500.0,3000.0,2750.0,0.0,0.0
2025-01-09 00:00:00+05:30,246,Warangal,886,Warangal,113,Green Chillies,113,Common,0.0,144.0,2000.0,2500.0,2250.0,0.0,0.0
2025-01-06 00:00:00+05:30,246,Warangal,886,Warangal,113,Green Chillies,113,Common,0.0,204.0,2200.0,2600.0,2400.0,0.0,0.0
2025-01-07 00:00:00+05:30,246,Warangal,886,Warangal,113,Green Chillies,113,Common,0.0,166.0,2500.0,3000.0,2750.0,0.0,0.0
2025-01-12 00:00:00+05:30,246,Warangal,886,Warangal,113,Green Chillies,113,Common,0.0,240.0,2500.0,3000.0,2750.0,0.0,0.0
2025-01-13 00:00:00+05:30,246,Warangal,886,Warangal,113,Green Chillies,113,Common,0.0,122.0,2500.0,3000.0,2750.0,0.0,0.0
2025-01-15 00:00:00+05:30,246,Warangal,886,Warangal,113,Green Chillies,113,Common,0.0,60.0,2200.0,2600.0,2400.0,0.0,0.0
2025-01-14 00:00:00+05:30,246,Warangal,886,Warangal,113,Green Chillies,113,Common,0.0,165.0,2600.0,2800.0,2700.0,0.0,0.0
2025-01-10 00:00:00+05:30,246,Warangal,886,Warangal,113,Green Chillies,113,Common,0.0,124.0,2500.0,3000.0,2750.0,0.0,0.0
2025-01-11 00:00:00+05:30,246,Warangal,886,Warangal,113,Green Chillies,113,Common,0.0,156.0,2000.0,2500.0,2250.0,0.0,0.0
2025-01-18 00:00:00+05:30,246,Warangal,886,Warangal,113,Green Chillies,113,Common,0.0,100.0,2400.0,2800.0,2600.0,0.0,0.0
2025-01-19 00:00:00+05:30,246,Warangal,886,Warangal,113,Green Chillies,113,Common,0.0,136.0,2000.0,2400.0,2200.0,0.0,0.0
2025-01-20 00:00:00+05:30,246,Warangal,886,Warangal,113,Green Chillies,113,Common,0.0,138.0,2500.0,3000.0,2750.0,0.0,0.0
2025-01-16 00:00:00+05:30,246,Warangal,886,Warangal,113,Green Chillies,113,Common,0.0,164.0,2000.0,2400.0,2200.0,0.0,0.0
2025-01-17 00:00:00+05:30,246,Warangal,886,Warangal,113,Green Chillies,113,Common,0.0,140.0,2600.0,2800.0,2700.0,0.0,0.0
2025-01-27 00:00:00+05:30,246,Warangal,886,Warangal,113,Green Chillies,113,Common,0.0,146.0,2500.0,3000.0,2750.0,0.0,0.0
2025-01-26 00:00:00+05:30,246,Warangal,886,Warangal,113,Green Chillies,113,Common,0.0,128.0,2000.0,2500.0,2250.0,0.0,0.0
2025-01-25 00:00:00+05:30,246,Warangal,886,Warangal,113,Green Chillies,113,Common,0.0,142.0,2000.0,2400.0,2200.0,0.0,0.0
2025-01-29 00:00:00+05:30,246,Warangal,886,Warangal,113,Green Chillies,113,Common,0.0,116.0,2500.0,3000.0,2750.0,0.0,0.0
2025-01-28 00:00:00+05:30,246,Warangal,886,Warangal,113,Green Chillies,113,Common,0.0,104.0,2000.0,2500.0,2250.0,0.0,0.0
2025-01-30 00:00:00+05:30,246,Warangal,886,Warangal,113,Green Chillies,113,Common,0.0,132.0,2500.0,3000.0,2750.0,0.0,0.0
2025-01-31 00:00:00+05:30,246,Warangal,886,Warangal,113,Green Chillies,113,Common,0.0,132.0,2500.0,3000.0,2750.0,0.0,0.0
2025-01-17 00:00:00+05:30,246,Warangal,886,Warangal,114,Tomato,197,Local,0.0,110.0,800.0,1000.0,900.0,0.0,0.0
2025-01-16 00:00:00+05:30,246,Warangal,886,Warangal,114,Tomato,197,Local,0.0,32.0,1000.0,1500.0,1250.0,0.0,0.0
2025-01-20 00:00:00+05:30,246,Warangal,886,Warangal,114,Tomato,197,Local,0.0,40.0,800.0,1000.0,900.0,0.0,0.0
2025-01-19 00:00:00+05:30,246,Warangal,886,Warangal,114,Tomato,197,Local,0.0,80.0,800.0,1000.0,900.0,0.0,0.0
2025-01-18 00:00:00+05:30,246,Warangal,886,Warangal,114,Tomato,197,Local,0.0,20.0,1000.0,1200.0,1100.0,0.0,0.0
2025-01-11 00:00:00+05:30,246,Warangal,886,Warangal,114,Tomato,197,Local,0.0,50.0,800.0,1000.0,900.0,0.0,0.0
2025-01-10 00:00:00+05:30,246,Warangal,886,Warangal,114,Tomato,197,Local,0.0,160.0,800.0,1000.0,900.0,0.0,0.0
2025-01-14 00:00:00+05:30,246,Warangal,886,Warangal,114,Tomato,197,Local,0.0,20.0,1000.0,1200.0,1100.0,0.0,0.0
2025-01-15 00:00:00+05:30,246,Warangal,886,Warangal,114,Tomato,197,Local,0.0,20.0,1000.0,1200.0,1100.0,0.0,0.0
2025-01-13 00:00:00+05:30,246,Warangal,886,Warangal,114,Tomato,197,Local,0.0,120.0,1000.0,1200.0,1100.0,0.0,0.0
2025-01-12 00:00:00+05:30,246,Warangal,886,Warangal,114,Tomato,197,Local,0.0,200.0,1200.0,1600.0,1400.0,0.0,0.0
2025-01-07 00:00:00+05:30,246,Warangal,886,Warangal,114,Tomato,197,Local,0.0,120.0,1000.0,1500.0,1250.0,0.0,0.0
2025-01-06 00:00:00+05:30,246,Warangal,886,Warangal,114,Tomato,197,Local,0.0,200.0,1000.0,1200.0,1100.0,0.0,0.0
2025-01-09 00:00:00+05:30,246,Warangal,886,Warangal,114,Tomato,197,Local,0.0,120.0,1000.0,1500.0,1250.0,0.0,0.0
2025-01-08 00:00:00+05:30,246,Warangal,886,Warangal,114,Tomato,197,Local,0.0,160.0,1000.0,1500.0,1250.0,0.0,0.0
2025-01-01 00:00:00+05:30,246,Warangal,886,Warangal,114,Tomato,197,Local,0.0,240.0,1000.0,1400.0,1200.0,0.0,0.0
2025-01-02 00:00:00+05:30,246,Warangal,886,Warangal,114,Tomato,197,Local,0.0,70.0,800.0,1000.0,900.0,0.0,0.0
2025-01-03 00:00:00+05:30,246,Warangal,886,Warangal,114,Tomato,197,Local,0.0,200.0,800.0,1000.0,900.0,0.0,0.0
2025-01-05 00:00:00+05:30,246,Warangal,886,Warangal,114,Tomato,197,Local,0.0,160.0,1000.0,1200.0,1100.0,0.0,0.0
2025-01-04 00:00:00+05:30,246,Warangal,886,Warangal,114,Tomato,197,Local,0.0,180.0,1000.0,1500.0,1250.0,0.0,0.0
2025-01-23 00:00:00+05:30,246,Warangal,886,Warangal,114,Tomato,197,Local,0.0,64.0,1000.0,1200.0,1100.0,0.0,0.0
2025-01-24 00:00:00+05:30,246,Warangal,886,Warangal,114,Tomato,197,Local,0.0,96.0,1000.0,1200.0,1100.0,0.0,0.0
2025-01-22 00:00:00+05:30,246,Warangal,886,Warangal,114,Tomato,197,Local,0.0,96.0,1000.0,1400.0,1200.0,0.0,0.0
2025-01-21 00:00:00+05:30,246,Warangal,886,Warangal,114,Tomato,197,Local,0.0,40.0,1500.0,2000.0,1750.0,0.0,0.0
2025-01-31 00:00:00+05:30,246,Warangal,886,Warangal,114,Tomato,197,Local,0.0,20.0,800.0,1000.0,900.0,0.0,0.0
2025-01-30 00:00:00+05:30,246,Warangal,886,Warangal,114,Tomato,197,Local,0.0,20.0,1000.0,1400.0,1200.0,0.0,0.0
2025-01-28 00:00:00+05:30,246,Warangal,886,Warangal,114,Tomato,197,Local,0.0,38.0,1000.0,1400.0,1200.0,0.0,0.0
2025-01-29 00:00:00+05:30,246,Warangal,886,Warangal,114,Tomato,197,Local,0.0,20.0,1000.0,1200.0,1100.0,0.0,0.0
2025-01-25 00:00:00+05:30,246,Warangal,886,Warangal,114,Tomato,197,Local,0.0,80.0,1000.0,1200.0,1100.0,0.0,0.0
2025-01-26 00:00:00+05:30,246,Warangal,886,Warangal,114,Tomato,197,Local,0.0,16.0,1000.0,1200.0,1100.0,0.0,0.0
2025-01-27 00:00:00+05:30,246,Warangal,886,Warangal,114,Tomato,197,Local,0.0,20.0,1000.0,1400.0,1200.0,0.0,0.0
2025-01-21 00:00:00+05:30,246,Warangal,886,Warangal,116,French Beans,116,Common,0.0,3.0,3000.0,3500.0,3250.0,0.0,0.0
2025-01-22 00:00:00+05:30,246,Warangal,886,Warangal,116,French Beans,116,Common,0.0,2.0,3500.0,4000.0,3750.0,0.0,0.0
2025-01-24 00:00:00+05:30,246,Warangal,886,Warangal,116,French Beans,116,Common,0.0,10.0,1600.0,2000.0,1800.0,0.0,0.0
2025-01-04 00:00:00+05:30,246,Warangal,886,Warangal,116,French Beans,116,Common,0.0,6.0,3500.0,4000.0,3750.0,0.0,0.0
2025-01-05 00:00:00+05:30,246,Warangal,886,Warangal,116,French Beans,116,Common,0.0,4.0,4500.0,5000.0,4750.0,0.0,0.0
2025-01-03 00:00:00+05:30,246,Warangal,886,Warangal,116,French Beans,116,Common,0.0,5.0,3500.0,4000.0,3750.0,0.0,0.0
2025-01-02 00:00:00+05:30,246,Warangal,886,Warangal,116,French Beans,116,Common,0.0,2.0,4500.0,5000.0,4750.0,0.0,0.0
2025-01-01 00:00:00+05:30,246,Warangal,886,Warangal,116,French Beans,116,Common,0.0,6.0,3500.0,4000.0,3750.0,0.0,0.0
2025-01-08 00:00:00+05:30,246,Warangal,886,Warangal,116,French Beans,116,Common,0.0,3.0,3500.0,4000.0,3750.0,0.0,0.0
2025-01-09 00:00:00+05:30,246,Warangal,886,Warangal,116,French Beans,116,Common,0.0,4.0,3200.0,3600.0,3400.0,0.0,0.0
2025-01-06 00:00:00+05:30,246,Warangal,886,Warangal,116,French Beans,116,Common,0.0,6.0,4500.0,5000.0,4750.0,0.0,0.0
2025-01-07 00:00:00+05:30,246,Warangal,886,Warangal,116,French Beans,116,Common,0.0,4.0,3500.0,4000.0,3750.0,0.0,0.0
2025-01-12 00:00:00+05:30,246,Warangal,886,Warangal,116,French Beans,116,Common,0.0,2.0,2500.0,3000.0,2750.0,0.0,0.0
2025-01-13 00:00:00+05:30,246,Warangal,886,Warangal,116,French Beans,116,Common,0.0,2.0,4500.0,5000.0,4750.0,0.0,0.0
2025-01-14 00:00:00+05:30,246,Warangal,886,Warangal,116,French Beans,116,Common,0.0,3.0,4000.0,4500.0,4250.0,0.0,0.0
2025-01-10 00:00:00+05:30,246,Warangal,886,Warangal,116,French Beans,116,Common,0.0,4.0,3500.0,4000.0,3750.0,0.0,0.0
2025-01-11 00:00:00+05:30,246,Warangal,886,Warangal,116,French Beans,116,Common,0.0,7.0,3600.0,4000.0,3800.0,0.0,0.0
2025-01-18 00:00:00+05:30,246,Warangal,886,Warangal,116,French Beans,116,Common,0.0,3.0,2500.0,3000.0,2750.0,0.0,0.0
2025-01-19 00:00:00+05:30,246,Warangal,886,Warangal,116,French Beans,116,Common,0.0,2.0,3500.0,4000.0,3750.0,0.0,0.0
2025-01-16 00:00:00+05:30,246,Warangal,886,Warangal,116,French Beans,116,Common,0.0,2.0,3500.0,4000.0,3750.0,0.0,0.0
2025-01-17 00:00:00+05:30,246,Warangal,886,Warangal,116,French Beans,116,Common,0.0,4.0,4500.0,5000.0,4750.0,0.0,0.0
2025-01-26 00:00:00+05:30,246,Warangal,886,Warangal,116,French Beans,116,Common,0.0,2.0,2500.0,3000.0,2750.0,0.0,0.0
2025-01-25 00:00:00+05:30,246,Warangal,886,Warangal,116,French Beans,116,Common,0.0,2.0,2000.0,2400.0,2200.0,0.0,0.0
2025-01-29 00:00:00+05:30,246,Warangal,886,Warangal,116,French Beans,116,Common,0.0,1.0,2500.0,3000.0,2750.0,0.0,0.0
2025-01-31 00:00:00+05:30,246,Warangal,886,Warangal,116,French Beans,116,Common,0.0,1.0,2500.0,3000.0,2750.0,0.0,0.0
2025-01-17 00:00:00+05:30,246,Warangal,886,Warangal,117,Cluster Beans,117,Common,0.0,20.0,3000.0,3500.0,3250.0,0.0,0.0
2025-01-16 00:00:00+05:30,246,Warangal,886,Warangal,117,Cluster Beans,117,Common,0.0,10.0,3000.0,3500.0,3250.0,0.0,0.0
2025-01-19 00:00:00+05:30,246,Warangal,886,Warangal,117,Cluster Beans,117,Common,0.0,27.0,3000.0,3500.0,3250.0,0.0,0.0
2025-01-18 00:00:00+05:30,246,Warangal,886,Warangal,117,Cluster Beans,117,Common,0.0,1.0,3000.0,3500.0,3250.0,0.0,0.0
2025-01-20 00:00:00+05:30,246,Warangal,886,Warangal,117,Cluster Beans,117,Common,0.0,16.0,3500.0,4000.0,3750.0,0.0,0.0
2025-01-11 00:00:00+05:30,246,Warangal,886,Warangal,117,Cluster Beans,117,Common,0.0,6.0,3200.0,3600.0,3400.0,0.0,0.0
2025-01-10 00:00:00+05:30,246,Warangal,886,Warangal,117,Cluster Beans,117,Common,0.0,7.0,3500.0,4000.0,3750.0,0.0,0.0
2025-01-14 00:00:00+05:30,246,Warangal,886,Warangal,117,Cluster Beans,117,Common,0.0,7.0,3000.0,3500.0,3250.0,0.0,0.0
2025-01-13 00:00:00+05:30,246,Warangal,886,Warangal,117,Cluster Beans,117,Common,0.0,7.0,3200.0,3600.0,3400.0,0.0,0.0
2025-01-12 00:00:00+05:30,246,Warangal,886,Warangal,117,Cluster Beans,117,Common,0.0,8.0,3500.0,4000.0,3750.0,0.0,0.0
2025-01-07 00:00:00+05:30,246,Warangal,886,Warangal,117,Cluster Beans,117,Common,0.0,17.0,3500.0,4000.0,3750.0,0.0,0.0
2025-01-06 00:00:00+05:30,246,Warangal,886,Warangal,117,Cluster Beans,117,Common,0.0,9.0,3000.0,3600.0,3300.0,0.0,0.0
2025-01-09 00:00:00+05:30,246,Warangal,886,Warangal,117,Cluster Beans,117,Common,0.0,23.0,3500.0,4000.0,3750.0,0.0,0.0
2025-01-08 00:00:00+05:30,246,Warangal,886,Warangal,117,Cluster Beans,117,Common,0.0,20.0,3500.0,4000.0,3750.0,0.0,0.0
2025-01-02 00:00:00+05:30,246,Warangal,886,Warangal,117,Cluster Beans,117,Common,0.0,3.0,4000.0,4400.0,4200.0,0.0,0.0
2025-01-03 00:00:00+05:30,246,Warangal,886,Warangal,117,Cluster Beans,117,Common,0.0,4.0,3500.0,4000.0,3750.0,0.0,0.0
2025-01-05 00:00:00+05:30,246,Warangal,886,Warangal,117,Cluster Beans,117,Common,0.0,8.0,3200.0,3600.0,3400.0,0.0,0.0
2025-01-04 00:00:00+05:30,246,Warangal,886,Warangal,117,Cluster Beans,117,Common,0.0,12.0,3500.0,4000.0,3750.0,0.0,0.0
2025-01-24 00:00:00+05:30,246,Warangal,886,Warangal,117,Cluster Beans,117,Common,0.0,26.0,3500.0,4000.0,3750.0,0.0,0.0
2025-01-23 00:00:00+05:30,246,Warangal,886,Warangal,117,Cluster Beans,117,Common,0.0,6.0,3500.0,4000.0,3750.0,0.0,0.0
2025-01-22 00:00:00+05:30,246,Warangal,886,Warangal,117,Cluster Beans,117,Common,0.0,10.0,3500.0,4000.0,3750.0,0.0,0.0
2025-01-21 00:00:00+05:30,246,Warangal,886,Warangal,117,Cluster Beans,117,Common,0.0,4.0,3500.0,4000.0,3750.0,0.0,0.0
2025-01-29 00:00:00+05:30,246,Warangal,886,Warangal,117,Cluster Beans,117,Common,0.0,4.0,4000.0,4200.0,4100.0,0.0,0.0
2025-01-30 00:00:00+05:30,246,Warangal,886,Warangal,117,Cluster Beans,117,Common,0.0,18.0,4000.0,4200.0,4100.0,0.0,0.0
2025-01-25 00:00:00+05:30,246,Warangal,886,Warangal,117,Cluster Beans,117,Common,0.0,2.0,4000.0,4200.0,4100.0,0.0,0.0
2025-01-26 00:00:00+05:30,246,Warangal,886,Warangal,117,Cluster Beans,117,Common,0.0,5.0,4000.0,4500.0,4250.0,0.0,0.0
2025-01-27 00:00:00+05:30,246,Warangal,886,Warangal,117,Cluster Beans,117,Common,0.0,6.0,3000.0,3500.0,3250.0,0.0,0.0
2025-01-21 00:00:00+05:30,246,Warangal,886,Warangal,118,Field Beans,118,Common,0.0,42.0,3500.0,4000.0,3750.0,0.0,0.0
2025-01-22 00:00:00+05:30,246,Warangal,886,Warangal,118,Field Beans,118,Common,0.0,45.0,3500.0,4000.0,3750.0,0.0,0.0
2025-01-23 00:00:00+05:30,246,Warangal,886,Warangal,118,Field Beans,118,Common,0.0,22.0,4000.0,4500.0,4250.0,0.0,0.0
2025-01-24 00:00:00+05:30,246,Warangal,886,Warangal,118,Field Beans,118,Common,0.0,48.0,3500.0,4000.0,3750.0,0.0,0.0
2025-01-04 00:00:00+05:30,246,Warangal,886,Warangal,118,Field Beans,118,Common,0.0,22.0,3500.0,4000.0,3750.0,0.0,0.0
2025-01-05 00:00:00+05:30,246,Warangal,886,Warangal,118,Field Beans,118,Common,0.0,30.0,3500.0,4000.0,3750.0,0.0,0.0
2025-01-03 00:00:00+05:30,246,Warangal,886,Warangal,118,Field Beans,118,Common,0.0,12.0,3500.0,4000.0,3750.0,0.0,0.0
2025-01-02 00:00:00+05:30,246,Warangal,886,Warangal,118,Field Beans,118,Common,0.0,12.0,3500.0,4000.0,3750.0,0.0,0.0
2025-01-01 00:00:00+05:30,246,Warangal,886,Warangal,118,Field Beans,118,Common,0.0,5.0,3500.0,4000.0,3750.0,0.0,0.0
2025-01-08 00:00:00+05:30,246,Warangal,886,Warangal,118,Field Beans,118,Common,0.0,18.0,4500.0,5000.0,4750.0,0.0,0.0
2025-01-09 00:00:00+05:30,246,Warangal,886,Warangal,118,Field Beans,118,Common,0.0,50.0,5000.0,5500.0,5250.0,0.0,0.0
2025-01-06 00:00:00+05:30,246,Warangal,886,Warangal,118,Field Beans,118,Common,0.0,21.0,3500.0,4000.0,3750.0,0.0,0.0
2025-01-07 00:00:00+05:30,246,Warangal,886,Warangal,118,Field Beans,118,Common,0.0,30.0,4500.0,5000.0,4750.0,0.0,0.0
2025-01-12 00:00:00+05:30,246,Warangal,886,Warangal,118,Field Beans,118,Common,0.0,44.0,4500.0,5000.0,4750.0,0.0,0.0
2025-01-13 00:00:00+05:30,246,Warangal,886,Warangal,118,Field Beans,118,Common,0.0,29.0,4000.0,4500.0,4250.0,0.0,0.0
2025-01-14 00:00:00+05:30,246,Warangal,886,Warangal,118,Field Beans,118,Common,0.0,12.0,4500.0,5000.0,4750.0,0.0,0.0
2025-01-10 00:00:00+05:30,246,Warangal,886,Warangal,118,Field Beans,118,Common,0.0,31.0,3500.0,4000.0,3750.0,0.0,0.0
2025-01-11 00:00:00+05:30,246,Warangal,886,Warangal,118,Field Beans,118,Common,0.0,20.0,3600.0,4000.0,3800.0,0.0,0.0
2025-01-20 00:00:00+05:30,246,Warangal,886,Warangal,118,Field Beans,118,Common,0.0,25.0,4000.0,4500.0,4250.0,0.0,0.0
2025-01-18 00:00:00+05:30,246,Warangal,886,Warangal,118,Field Beans,118,Common,0.0,17.0,3500.0,4000.0,3750.0,0.0,0.0
2025-01-19 00:00:00+05:30,246,Warangal,886,Warangal,118,Field Beans,118,Common,0.0,34.0,3500.0,4000.0,3750.0,0.0,0.0
2025-01-16 00:00:00+05:30,246,Warangal,886,Warangal,118,Field Beans,118,Common,0.0,48.0,3500.0,4000.0,3750.0,0.0,0.0
2025-01-17 00:00:00+05:30,246,Warangal,886,Warangal,118,Field Beans,118,Common,0.0,30.0,5000.0,5500.0,5250.0,0.0,0.0
2025-01-27 00:00:00+05:30,246,Warangal,886,Warangal,118,Field Beans,118,Common,0.0,18.0,3500.0,4000.0,3750.0,0.0,0.0
2025-01-26 00:00:00+05:30,246,Warangal,886,Warangal,118,Field Beans,118,Common,0.0,19.0,3500.0,4000.0,3750.0,0.0,0.0
2025-01-25 00:00:00+05:30,246,Warangal,886,Warangal,118,Field Beans,118,Common,0.0,35.0,3500.0,4000.0,3750.0,0.0,0.0
2025-01-30 00:00:00+05:30,246,Warangal,886,Warangal,118,Field Beans,118,Common,0.0,29.0,3500.0,4000.0,3750.0,0.0,0.0
2025-01-29 00:00:00+05:30,246,Warangal,886,Warangal,118,Field Beans,118,Common,0.0,25.0,3500.0,4000.0,3750.0,0.0,0.0
2025-01-28 00:00:00+05:30,246,Warangal,886,Warangal,118,Field Beans,118,Common,0.0,27.0,4000.0,4500.0,4250.0,0.0,0.0
2025-01-31 00:00:00+05:30,246,Warangal,886,Warangal,118,Field Beans,118,Common,0.0,25.0,3500.0,4000.0,3750.0,0.0,0.0
2025-01-17 00:00:00+05:30,246,Warangal,886,Warangal,123,Ribbed Gourd,123,Common,0.0,6.0,4500.0,5000.0,4750.0,0.0,0.0
2025-01-16 00:00:00+05:30,246,Warangal,886,Warangal,123,Ribbed Gourd,123,Common,0.0,12.0,4000.0,4500.0,4250.0,0.0,0.0
2025-01-19 00:00:00+05:30,246,Warangal,886,Warangal,123,Ribbed Gourd,123,Common,0.0,8.0,3500.0,4000.0,3750.0,0.0,0.0
2025-01-20 00:00:00+05:30,246,Warangal,886,Warangal,123,Ribbed Gourd,123,Common,0.0,14.0,4000.0,4500.0,4250.0,0.0,0.0
2025-01-11 00:00:00+05:30,246,Warangal,886,Warangal,123,Ribbed Gourd,123,Common,0.0,14.0,4500.0,5000.0,4750.0,0.0,0.0
2025-01-10 00:00:00+05:30,246,Warangal,886,Warangal,123,Ribbed Gourd,123,Common,0.0,32.0,5500.0,6000.0,5750.0,0.0,0.0
2025-01-14 00:00:00+05:30,246,Warangal,886,Warangal,123,Ribbed Gourd,123,Common,0.0,11.0,4000.0,4500.0,4250.0,0.0,0.0
2025-01-13 00:00:00+05:30,246,Warangal,886,Warangal,123,Ribbed Gourd,123,Common,0.0,53.0,4500.0,5000.0,4750.0,0.0,0.0
2025-01-12 00:00:00+05:30,246,Warangal,886,Warangal,123,Ribbed Gourd,123,Common,0.0,16.0,5500.0,6000.0,5750.0,0.0,0.0
2025-01-07 00:00:00+05:30,246,Warangal,886,Warangal,123,Ribbed Gourd,123,Common,0.0,6.0,4500.0,5000.0,4750.0,0.0,0.0
2025-01-06 00:00:00+05:30,246,Warangal,886,Warangal,123,Ribbed Gourd,123,Common,0.0,29.0,4500.0,5000.0,4750.0,0.0,0.0
2025-01-09 00:00:00+05:30,246,Warangal,886,Warangal,123,Ribbed Gourd,123,Common,0.0,4.0,4500.0,5000.0,4750.0,0.0,0.0
2025-01-08 00:00:00+05:30,246,Warangal,886,Warangal,123,Ribbed Gourd,123,Common,0.0,36.0,4500.0,5000.0,4750.0,0.0,0.0
2025-01-03 00:00:00+05:30,246,Warangal,886,Warangal,123,Ribbed Gourd,123,Common,0.0,19.0,3500.0,4000.0,3750.0,0.0,0.0
2025-01-05 00:00:00+05:30,246,Warangal,886,Warangal,123,Ribbed Gourd,123,Common,0.0,24.0,4500.0,5000.0,4750.0,0.0,0.0
2025-01-04 00:00:00+05:30,246,Warangal,886,Warangal,123,Ribbed Gourd,123,Common,0.0,16.0,4000.0,4500.0,4250.0,0.0,0.0
2025-01-24 00:00:00+05:30,246,Warangal,886,Warangal,123,Ribbed Gourd,123,Common,0.0,10.0,4500.0,5000.0,4750.0,0.0,0.0
2025-01-23 00:00:00+05:30,246,Warangal,886,Warangal,123,Ribbed Gourd,123,Common,0.0,36.0,4500.0,5000.0,4750.0,0.0,0.0
2025-01-22 00:00:00+05:30,246,Warangal,886,Warangal,123,Ribbed Gourd,123,Common,0.0,20.0,3500.0,4000.0,3750.0,0.0,0.0
2025-01-21 00:00:00+05:30,246,Warangal,886,Warangal,123,Ribbed Gourd,123,Common,0.0,21.0,5500.0,6000.0,5750.0,0.0,0.0
2025-01-31 00:00:00+05:30,246,Warangal,886,Warangal,123,Ribbed Gourd,123,Common,0.0,26.0,4500.0,5000.0,4750.0,0.0,0.0
2025-01-28 00:00:00+05:30,246,Warangal,886,Warangal,123,Ribbed Gourd,123,Common,0.0,26.0,4500.0,5000.0,4750.0,0.0,0.0
2025-01-29 00:00:00+05:30,246,Warangal,886,Warangal,123,Ribbed Gourd,123,Common,0.0,40.0,4500.0,5000.0,4750.0,0.0,0.0
2025-01-30 00:00:00+05:30,246,Warangal,886,Warangal,123,Ribbed Gourd,123,Common,0.0,3.0,4500.0,5000.0,4750.0,0.0,0.0
2025-01-25 00:00:00+05:30,246,Warangal,886,Warangal,123,Ribbed Gourd,123,Common,0.0,39.0,4500.0,5000.0,4750.0,0.0,0.0
2025-01-26 00:00:00+05:30,246,Warangal,886,Warangal,123,Ribbed Gourd,123,Common,0.0,26.0,4500.0,5000.0,4750.0,0.0,0.0
2025-01-27 00:00:00+05:30,246,Warangal,886,Warangal,123,Ribbed Gourd,123,Common,0.0,8.0,4500.0,5000.0,4750.0,0.0,0.0
2025-01-21 00:00:00+05:30,246,Warangal,886,Warangal,125,Bitter Gourd,125,Common,0.0,21.0,3500.0,4000.0,3750.0,0.0,0.0
2025-01-22 00:00:00+05:30,246,Warangal,886,Warangal,125,Bitter Gourd,125,Common,0.0,29.0,3500.0,4000.0,3750.0,0.0,0.0
2025-01-24 00:00:00+05:30,246,Warangal,886,Warangal,125,Bitter Gourd,125,Common,0.0,3.0,3000.0,3500.0,3250.0,0.0,0.0
2025-01-04 00:00:00+05:30,246,Warangal,886,Warangal,125,Bitter Gourd,125,Common,0.0,19.0,3000.0,3500.0,3250.0,0.0,0.0
2025-01-05 00:00:00+05:30,246,Warangal,886,Warangal,125,Bitter Gourd,125,Common,0.0,26.0,3500.0,4000.0,3750.0,0.0,0.0
2025-01-03 00:00:00+05:30,246,Warangal,886,Warangal,125,Bitter Gourd,125,Common,0.0,22.0,3500.0,4000.0,3750.0,0.0,0.0
2025-01-02 00:00:00+05:30,246,Warangal,886,Warangal,125,Bitter Gourd,125,Common,0.0,6.0,3500.0,4000.0,3750.0,0.0,0.0
2025-01-08 00:00:00+05:30,246,Warangal,886,Warangal,125,Bitter Gourd,125,Common,0.0,29.0,3500.0,4000.0,3750.0,0.0,0.0
2025-01-09 00:00:00+05:30,246,Warangal,886,Warangal,125,Bitter Gourd,125,Common,0.0,38.0,4000.0,4500.0,4250.0,0.0,0.0
2025-01-06 00:00:00+05:30,246,Warangal,886,Warangal,125,Bitter Gourd,125,Common,0.0,46.0,3500.0,4000.0,3750.0,0.0,0.0
2025-01-07 00:00:00+05:30,246,Warangal,886,Warangal,125,Bitter Gourd,125,Common,0.0,16.0,3500.0,4000.0,3750.0,0.0,0.0
2025-01-12 00:00:00+05:30,246,Warangal,886,Warangal,125,Bitter Gourd,125,Common,0.0,20.0,3500.0,4000.0,3750.0,0.0,0.0
2025-01-13 00:00:00+05:30,246,Warangal,886,Warangal,125,Bitter Gourd,125,Common,0.0,15.0,3500.0,4000.0,3750.0,0.0,0.0
2025-01-14 00:00:00+05:30,246,Warangal,886,Warangal,125,Bitter Gourd,125,Common,0.0,5.0,4000.0,4500.0,4250.0,0.0,0.0
2025-01-10 00:00:00+05:30,246,Warangal,886,Warangal,125,Bitter Gourd,125,Common,0.0,18.0,3500.0,4000.0,3750.0,0.0,0.0
2025-01-11 00:00:00+05:30,246,Warangal,886,Warangal,125,Bitter Gourd,125,Common,0.0,15.0,3600.0,4000.0,3800.0,0.0,0.0
2025-01-20 00:00:00+05:30,246,Warangal,886,Warangal,125,Bitter Gourd,125,Common,0.0,18.0,3500.0,4000.0,3750.0,0.0,0.0
2025-01-19 00:00:00+05:30,246,Warangal,886,Warangal,125,Bitter Gourd,125,Common,0.0,38.0,3500.0,4000.0,3750.0,0.0,0.0
2025-01-18 00:00:00+05:30,246,Warangal,886,Warangal,125,Bitter Gourd,125,Common,0.0,41.0,3500.0,4000.0,3750.0,0.0,0.0
2025-01-16 00:00:00+05:30,246,Warangal,886,Warangal,125,Bitter Gourd,125,Common,0.0,25.0,3500.0,4000.0,3750.0,0.0,0.0
2025-01-17 00:00:00+05:30,246,Warangal,886,Warangal,125,Bitter Gourd,125,Common,0.0,18.0,3500.0,4000.0,3750.0,0.0,0.0
2025-01-27 00:00:00+05:30,246,Warangal,886,Warangal,125,Bitter Gourd,125,Common,0.0,9.0,3500.0,4000.0,3750.0,0.0,0.0
2025-01-26 00:00:00+05:30,246,Warangal,886,Warangal,125,Bitter Gourd,125,Common,0.0,26.0,4500.0,5000.0,4750.0,0.0,0.0
2025-01-25 00:00:00+05:30,246,Warangal,886,Warangal,125,Bitter Gourd,125,Common,0.0,31.0,3500.0,4000.0,3750.0,0.0,0.0
2025-01-30 00:00:00+05:30,246,Warangal,886,Warangal,125,Bitter Gourd,125,Common,0.0,13.0,4500.0,5000.0,4750.0,0.0,0.0
2025-01-29 00:00:00+05:30,246,Warangal,886,Warangal,125,Bitter Gourd,125,Common,0.0,39.0,3500.0,4000.0,3750.0,0.0,0.0
2025-01-31 00:00:00+05:30,246,Warangal,886,Warangal,125,Bitter Gourd,125,Common,0.0,28.0,3500.0,4000.0,3750.0,0.0,0.0
2025-01-17 00:00:00+05:30,246,Warangal,886,Warangal,127,Kheera,127,Common,0.0,8.0,2200.0,2600.0,2400.0,0.0,0.0
2025-01-16 00:00:00+05:30,246,Warangal,886,Warangal,127,Kheera,127,Common,0.0,8.0,1600.0,2000.0,1800.0,0.0,0.0
2025-01-18 00:00:00+05:30,246,Warangal,886,Warangal,127,Kheera,127,Common,0.0,4.0,2200.0,2600.0,2400.0,0.0,0.0
2025-01-19 00:00:00+05:30,246,Warangal,886,Warangal,127,Kheera,127,Common,0.0,3.0,1600.0,2000.0,1800.0,0.0,0.0
2025-01-20 00:00:00+05:30,246,Warangal,886,Warangal,127,Kheera,127,Common,0.0,6.0,1000.0,1500.0,1250.0,0.0,0.0
2025-01-11 00:00:00+05:30,246,Warangal,886,Warangal,127,Kheera,127,Common,0.0,10.0,2400.0,2600.0,2500.0,0.0,0.0
2025-01-10 00:00:00+05:30,246,Warangal,886,Warangal,127,Kheera,127,Common,0.0,6.0,2500.0,3000.0,2750.0,0.0,0.0
2025-01-14 00:00:00+05:30,246,Warangal,886,Warangal,127,Kheera,127,Common,0.0,9.0,2000.0,2500.0,2250.0,0.0,0.0
2025-01-15 00:00:00+05:30,246,Warangal,886,Warangal,127,Kheera,127,Common,0.0,4.0,2000.0,2500.0,2250.0,0.0,0.0
2025-01-13 00:00:00+05:30,246,Warangal,886,Warangal,127,Kheera,127,Common,0.0,3.0,2200.0,2600.0,2400.0,0.0,0.0
2025-01-12 00:00:00+05:30,246,Warangal,886,Warangal,127,Kheera,127,Common,0.0,4.0,2500.0,3000.0,2750.0,0.0,0.0
2025-01-07 00:00:00+05:30,246,Warangal,886,Warangal,127,Kheera,127,Common,0.0,4.0,1600.0,2000.0,1800.0,0.0,0.0
2025-01-06 00:00:00+05:30,246,Warangal,886,Warangal,127,Kheera,127,Common,0.0,10.0,2500.0,3000.0,2750.0,0.0,0.0
2025-01-09 00:00:00+05:30,246,Warangal,886,Warangal,127,Kheera,127,Common,0.0,15.0,2500.0,3000.0,2750.0,0.0,0.0
2025-01-08 00:00:00+05:30,246,Warangal,886,Warangal,127,Kheera,127,Common,0.0,7.0,2500.0,3000.0,2750.0,0.0,0.0
2025-01-02 00:00:00+05:30,246,Warangal,886,Warangal,127,Kheera,127,Common,0.0,2.0,1600.0,2000.0,1800.0,0.0,0.0
2025-01-01 00:00:00+05:30,246,Warangal,886,Warangal,127,Kheera,127,Common,0.0,3.0,1600.0,2000.0,1800.0,0.0,0.0
2025-01-03 00:00:00+05:30,246,Warangal,886,Warangal,127,Kheera,127,Common,0.0,11.0,1000.0,1500.0,1250.0,0.0,0.0
2025-01-05 00:00:00+05:30,246,Warangal,886,Warangal,127,Kheera,127,Common,0.0,10.0,2500.0,3000.0,2750.0,0.0,0.0
2025-01-04 00:00:00+05:30,246,Warangal,886,Warangal,127,Kheera,127,Common,0.0,8.0,2000.0,2500.0,2250.0,0.0,0.0
2025-01-24 00:00:00+05:30,246,Warangal,886,Warangal,127,Kheera,127,Common,0.0,3.0,2000.0,2400.0,2200.0,0.0,0.0
2025-01-23 00:00:00+05:30,246,Warangal,886,Warangal,127,Kheera,127,Common,0.0,4.0,2000.0,2500.0,2250.0,0.0,0.0
2025-01-22 00:00:00+05:30,246,Warangal,886,Warangal,127,Kheera,127,Common,0.0,6.0,1000.0,1500.0,1250.0,0.0,0.0
2025-01-21 00:00:00+05:30,246,Warangal,886,Warangal,127,Kheera,127,Common,0.0,6.0,1600.0,2000.0,1800.0,0.0,0.0
2025-01-31 00:00:00+05:30,246,Warangal,886,Warangal,127,Kheera,127,Common,0.0,7.0,2000.0,2500.0,2250.0,0.0,0.0
2025-01-29 00:00:00+05:30,246,Warangal,886,Warangal,127,Kheera,127,Common,0.0,13.0,2000.0,2500.0,2250.0,0.0,0.0
2025-01-28 00:00:00+05:30,246,Warangal,886,Warangal,127,Kheera,127,Common,0.0,2.0,3000.0,3500.0,3250.0,0.0,0.0
2025-01-25 00:00:00+05:30,246,Warangal,886,Warangal,127,Kheera,127,Common,0.0,3.0,2000.0,2500.0,2250.0,0.0,0.0
2025-01-26 00:00:00+05:30,246,Warangal,886,Warangal,127,Kheera,127,Common,0.0,4.0,3500.0,4000.0,3750.0,0.0,0.0
2025-01-27 00:00:00+05:30,246,Warangal,886,Warangal,127,Kheera,127,Common,0.0,11.0,2500.0,3000.0,2750.0,0.0,0.0
2025-01-21 00:00:00+05:30,246,Warangal,886,Warangal,129,Cucumber,129,Common,0.0,50.0,2500.0,3000.0,2750.0,0.0,0.0
2025-01-04 00:00:00+05:30,246,Warangal,886,Warangal,129,Cucumber,129,Common,0.0,40.0,2000.0,2500.0,2250.0,0.0,0.0
2025-01-05 00:00:00+05:30,246,Warangal,886,Warangal,129,Cucumber,129,Common,0.0,34.0,2000.0,2500.0,2250.0,0.0,0.0
2025-01-01 00:00:00+05:30,246,Warangal,886,Warangal,129,Cucumber,129,Common,0.0,11.0,2500.0,3000.0,2750.0,0.0,0.0
2025-01-02 00:00:00+05:30,246,Warangal,886,Warangal,129,Cucumber,129,Common,0.0,4.0,2500.0,3000.0,2750.0,0.0,0.0
2025-01-08 00:00:00+05:30,246,Warangal,886,Warangal,129,Cucumber,129,Common,0.0,6.0,2000.0,2500.0,2250.0,0.0,0.0
2025-01-09 00:00:00+05:30,246,Warangal,886,Warangal,129,Cucumber,129,Common,0.0,37.0,2500.0,3000.0,2750.0,0.0,0.0
2025-01-06 00:00:00+05:30,246,Warangal,886,Warangal,129,Cucumber,129,Common,0.0,28.0,1600.0,2000.0,1800.0,0.0,0.0
2025-01-07 00:00:00+05:30,246,Warangal,886,Warangal,129,Cucumber,129,Common,0.0,40.0,2500.0,3000.0,2750.0,0.0,0.0
2025-01-12 00:00:00+05:30,246,Warangal,886,Warangal,129,Cucumber,129,Common,0.0,8.0,2500.0,3000.0,2750.0,0.0,0.0
2025-01-13 00:00:00+05:30,246,Warangal,886,Warangal,129,Cucumber,129,Common,0.0,31.0,2000.0,2400.0,2200.0,0.0,0.0
2025-01-10 00:00:00+05:30,246,Warangal,886,Warangal,129,Cucumber,129,Common,0.0,13.0,2500.0,3000.0,2750.0,0.0,0.0
2025-01-11 00:00:00+05:30,246,Warangal,886,Warangal,129,Cucumber,129,Common,0.0,8.0,1800.0,2000.0,1900.0,0.0,0.0
2025-01-20 00:00:00+05:30,246,Warangal,886,Warangal,129,Cucumber,129,Common,0.0,30.0,1000.0,1500.0,1250.0,0.0,0.0
2025-01-18 00:00:00+05:30,246,Warangal,886,Warangal,129,Cucumber,129,Common,0.0,30.0,2500.0,3000.0,2750.0,0.0,0.0
2025-01-16 00:00:00+05:30,246,Warangal,886,Warangal,129,Cucumber,129,Common,0.0,30.0,2000.0,2500.0,2250.0,0.0,0.0
2025-01-17 00:00:00+05:30,246,Warangal,886,Warangal,129,Cucumber,129,Common,0.0,20.0,1600.0,2000.0,1800.0,0.0,0.0
2025-01-27 00:00:00+05:30,246,Warangal,886,Warangal,129,Cucumber,129,Common,0.0,7.0,2500.0,3000.0,2750.0,0.0,0.0
2025-01-25 00:00:00+05:30,246,Warangal,886,Warangal,129,Cucumber,129,Common,0.0,30.0,3200.0,3600.0,3400.0,0.0,0.0
2025-01-29 00:00:00+05:30,246,Warangal,886,Warangal,129,Cucumber,129,Common,0.0,30.0,2500.0,3000.0,2750.0,0.0,0.0
2025-01-17 00:00:00+05:30,246,Warangal,886,Warangal,155,Donda,155,Common,0.0,22.0,3500.0,4000.0,3750.0,0.0,0.0
2025-01-16 00:00:00+05:30,246,Warangal,886,Warangal,155,Donda,155,Common,0.0,4.0,3500.0,4000.0,3750.0,0.0,0.0
2025-01-18 00:00:00+05:30,246,Warangal,886,Warangal,155,Donda,155,Common,0.0,36.0,3500.0,4000.0,3750.0,0.0,0.0
2025-01-19 00:00:00+05:30,246,Warangal,886,Warangal,155,Donda,155,Common,0.0,53.0,3500.0,4000.0,3750.0,0.0,0.0
2025-01-20 00:00:00+05:30,246,Warangal,886,Warangal,155,Donda,155,Common,0.0,36.0,4000.0,4500.0,4250.0,0.0,0.0
2025-01-11 00:00:00+05:30,246,Warangal,886,Warangal,155,Donda,155,Common,0.0,17.0,3200.0,3600.0,3400.0,0.0,0.0
2025-01-10 00:00:00+05:30,246,Warangal,886,Warangal,155,Donda,155,Common,0.0,27.0,4500.0,5000.0,4750.0,0.0,0.0
2025-01-13 00:00:00+05:30,246,Warangal,886,Warangal,155,Donda,155,Common,0.0,20.0,3500.0,4000.0,3750.0,0.0,0.0
2025-01-12 00:00:00+05:30,246,Warangal,886,Warangal,155,Donda,155,Common,0.0,36.0,4500.0,5000.0,4750.0,0.0,0.0
2025-01-07 00:00:00+05:30,246,Warangal,886,Warangal,155,Donda,155,Common,0.0,18.0,4500.0,5000.0,4750.0,0.0,0.0
2025-01-06 00:00:00+05:30,246,Warangal,886,Warangal,155,Donda,155,Common,0.0,27.0,4500.0,5000.0,4750.0,0.0,0.0
2025-01-09 00:00:00+05:30,246,Warangal,886,Warangal,155,Donda,155,Common,0.0,13.0,4500.0,5000.0,4750.0,0.0,0.0
2025-01-08 00:00:00+05:30,246,Warangal,886,Warangal,155,Donda,155,Common,0.0,17.0,4500.0,5000.0,4750.0,0.0,0.0
2025-01-01 00:00:00+05:30,246,Warangal,886,Warangal,155,Donda,155,Common,0.0,6.0,2500.0,3000.0,2750.0,0.0,0.0
2025-01-03 00:00:00+05:30,246,Warangal,886,Warangal,155,Donda,155,Common,0.0,20.0,2500.0,3000.0,2750.0,0.0,0.0
2025-01-04 00:00:00+05:30,246,Warangal,886,Warangal,155,Donda,155,Common,0.0,30.0,3500.0,4000.0,3750.0,0.0,0.0
2025-01-21 00:00:00+05:30,246,Warangal,886,Warangal,155,Donda,155,Common,0.0,52.0,3500.0,4000.0,3750.0,0.0,0.0
2025-01-22 00:00:00+05:30,246,Warangal,886,Warangal,155,Donda,155,Common,0.0,62.0,3500.0,4000.0,3750.0,0.0,0.0
2025-01-23 00:00:00+05:30,246,Warangal,886,Warangal,155,Donda,155,Common,0.0,63.0,4000.0,4500.0,4250.0,0.0,0.0
2025-01-24 00:00:00+05:30,246,Warangal,886,Warangal,155,Donda,155,Common,0.0,44.0,3500.0,4000.0,3750.0,0.0,0.0
2025-01-29 00:00:00+05:30,246,Warangal,886,Warangal,155,Donda,155,Common,0.0,58.0,3500.0,4000.0,3750.0,0.0,0.0
2025-01-28 00:00:00+05:30,246,Warangal,886,Warangal,155,Donda,155,Common,0.0,63.0,3500.0,4000.0,3750.0,0.0,0.0
2025-01-30 00:00:00+05:30,246,Warangal,886,Warangal,155,Donda,155,Common,0.0,45.0,3500.0,4000.0,3750.0,0.0,0.0
2025-01-25 00:00:00+05:30,246,Warangal,886,Warangal,155,Donda,155,Common,0.0,62.0,3500.0,4000.0,3750.0,0.0,0.0
2025-01-26 00:00:00+05:30,246,Warangal,886,Warangal,155,Donda,155,Common,0.0,68.0,3500.0,4000.0,3750.0,0.0,0.0
2025-01-27 00:00:00+05:30,246,Warangal,886,Warangal,155,Donda,155,Common,0.0,56.0,3500.0,4000.0,3750.0,0.0,0.0
2025-01-31 00:00:00+05:30,246,Warangal,886,Warangal,155,Donda,155,Common,0.0,43.0,3500.0,4000.0,3750.0,0.0,0.0
2025-01-24 00:00:00+05:30,246,Warangal,886,Warangal,199,Capsicum,204,Common,0.0,9.0,4000.0,4500.0,4250.0,0.0,0.0
2025-01-23 00:00:00+05:30,246,Warangal,886,Warangal,199,Capsicum,204,Common,0.0,10.0,4500.0,5000.0,4750.0,0.0,0.0
2025-01-22 00:00:00+05:30,246,Warangal,886,Warangal,199,Capsicum,204,Common,0.0,10.0,4500.0,5000.0,4750.0,0.0,0.0
2025-01-21 00:00:00+05:30,246,Warangal,886,Warangal,199,Capsicum,204,Common,0.0,8.0,4500.0,5000.0,4750.0,0.0,0.0
2025-01-04 00:00:00+05:30,246,Warangal,886,Warangal,199,Capsicum,204,Common,0.0,15.0,4500.0,5000.0,4750.0,0.0,0.0
2025-01-05 00:00:00+05:30,246,Warangal,886,Warangal,199,Capsicum,204,Common,0.0,9.0,4500.0,5000.0,4750.0,0.0,0.0
2025-01-03 00:00:00+05:30,246,Warangal,886,Warangal,199,Capsicum,204,Common,0.0,14.0,4500.0,5000.0,4750.0,0.0,0.0
2025-01-01 00:00:00+05:30,246,Warangal,886,Warangal,199,Capsicum,204,Common,0.0,20.0,4000.0,4500.0,4250.0,0.0,0.0
2025-01-02 00:00:00+05:30,246,Warangal,886,Warangal,199,Capsicum,204,Common,0.0,12.0,4500.0,5000.0,4750.0,0.0,0.0
2025-01-08 00:00:00+05:30,246,Warangal,886,Warangal,199,Capsicum,204,Common,0.0,12.0,4500.0,5000.0,4750.0,0.0,0.0
2025-01-09 00:00:00+05:30,246,Warangal,886,Warangal,199,Capsicum,204,Common,0.0,15.0,4500.0,5000.0,4750.0,0.0,0.0
2025-01-06 00:00:00+05:30,246,Warangal,886,Warangal,199,Capsicum,204,Common,0.0,14.0,4500.0,5000.0,4750.0,0.0,0.0
2025-01-07 00:00:00+05:30,246,Warangal,886,Warangal,199,Capsicum,204,Common,0.0,12.0,4500.0,5000.0,4750.0,0.0,0.0
2025-01-12 00:00:00+05:30,246,Warangal,886,Warangal,199,Capsicum,204,Common,0.0,11.0,4500.0,5000.0,4750.0,0.0,0.0
2025-01-13 00:00:00+05:30,246,Warangal,886,Warangal,199,Capsicum,204,Common,0.0,10.0,4500.0,5000.0,4750.0,0.0,0.0
2025-01-14 00:00:00+05:30,246,Warangal,886,Warangal,199,Capsicum,204,Common,0.0,12.0,4500.0,5000.0,4750.0,0.0,0.0
2025-01-10 00:00:00+05:30,246,Warangal,886,Warangal,199,Capsicum,204,Common,0.0,11.0,4500.0,5000.0,4750.0,0.0,0.0
2025-01-11 00:00:00+05:30,246,Warangal,886,Warangal,199,Capsicum,204,Common,0.0,9.0,4500.0,5000.0,4750.0,0.0,0.0
2025-01-20 00:00:00+05:30,246,Warangal,886,Warangal,199,Capsicum,204,Common,0.0,7.0,4500.0,5000.0,4750.0,0.0,0.0
2025-01-19 00:00:00+05:30,246,Warangal,886,Warangal,199,Capsicum,204,Common,0.0,14.0,4000.0,4500.0,4250.0,0.0,0.0
2025-01-18 00:00:00+05:30,246,Warangal,886,Warangal,199,Capsicum,204,Common,0.0,11.0,3500.0,4000.0,3750.0,0.0,0.0
2025-01-16 00:00:00+05:30,246,Warangal,886,Warangal,199,Capsicum,204,Common,0.0,2.0,4500.0,5000.0,4750.0,0.0,0.0
2025-01-17 00:00:00+05:30,246,Warangal,886,Warangal,199,Capsicum,204,Common,0.0,9.0,4500.0,5000.0,4750.0,0.0,0.0
2025-01-31 00:00:00+05:30,246,Warangal,886,Warangal,199,Capsicum,204,Common,0.0,13.0,4000.0,4500.0,4250.0,0.0,0.0
2025-01-27 00:00:00+05:30,246,Warangal,886,Warangal,199,Capsicum,204,Common,0.0,12.0,4500.0,5000.0,4750.0,0.0,0.0
2025-01-26 00:00:00+05:30,246,Warangal,886,Warangal,199,Capsicum,204,Common,0.0,10.0,4500.0,5000.0,4750.0,0.0,0.0
2025-01-25 00:00:00+05:30,246,Warangal,886,Warangal,199,Capsicum,204,Common,0.0,8.0,4500.0,5000.0,4750.0,0.0,0.0
2025-01-29 00:00:00+05:30,246,Warangal,886,Warangal,199,Capsicum,204,Common,0.0,13.0,4500.0,5000.0,4750.0,0.0,0.0
